date,open,high,low,close,volume,turnover,transactions,price_change
20100104,67.3,67.4,66.6,67.0,5963453,399570338,1955,-0.30
20100105,67.8,67.8,67.2,67.8,9028828,610088328,3186,+0.80
20100106,67.8,71.4,67.6,70.0,26792651,1865910579,8922,+2.20
20100107,70.5,70.5,69.5,70.0,16549682,1159565663,5653, 0.00
20100108,71.2,72.5,70.5,70.6,19806160,1415408127,6254,+0.60
20100111,70.9,71.3,70.7,71.3,6745039,479393947,2663,+0.70
20100112,71.4,71.5,70.3,71.0,6640352,470626390,3062,-0.30
20100113,70.5,70.5,69.3,70.0,7008275,488761030,3064,-1.00
20100114,70.0,70.9,69.9,70.8,6358709,447305035,2714,+0.80
20100115,70.7,70.7,70.1,70.5,4918029,346256530,2146,-0.30
20100118,70.0,70.1,69.6,69.8,4517299,315405473,1839,-0.70
20100119,69.5,69.6,67.9,68.3,10395328,711646518,4326,-1.50
20100120,68.3,68.3,67.7,68.0,8410661,571740815,2542,-0.30
20100121,67.9,67.9,67.1,67.9,6258748,422892192,2106,-0.10
20100122,67.2,67.4,66.5,66.8,11909441,796088905,4617,-1.10
20100125,66.0,66.5,65.9,66.4,9187699,608488868,3049,-0.40
20100126,66.5,66.5,64.2,64.2,14650292,956377380,5215,-2.20
20100127,64.4,66.4,64.1,65.6,8248059,541095827,3834,+1.40
20100128,66.0,67.0,65.7,66.5,7853624,522290066,3078,+0.90
20100129,65.6,66.6,65.3,66.6,10167647,669397259,3130,+0.10
20100201,67.4,67.4,66.0,67.3,10370615,691326896,2903,+0.70
20100202,67.8,68.0,65.0,66.2,17287319,1154808824,5080,-1.10
20100203,66.2,67.0,65.6,67.0,6423579,425716184,2100,+0.80
20100204,67.0,67.9,66.2,66.5,10127726,679120498,3021,-0.50
20100205,65.3,65.8,64.5,65.0,15583906,1013504927,5327,-1.50
20100206,65.0,66.3,64.8,66.0,5421064,356228124,2294,+1.00
20100208,65.2,65.9,65.0,65.9,8525374,556713084,3345,-0.10
20100209,65.8,66.7,65.2,65.7,12115177,800164734,4250,-0.20
20100210,66.0,66.1,65.2,65.9,9012753,592111373,3444,+0.20
20100222,67.0,67.7,66.6,67.4,8713014,585375298,3173,+1.50
20100223,67.5,68.9,67.0,68.9,9253976,629421427,3686,+1.50
20100224,68.4,69.0,67.7,68.3,12935215,887627941,3791,-0.60
20100225,68.5,69.3,67.5,68.6,15715002,1081565200,4896,+0.30
20100226,68.6,69.5,68.1,69.2,8847213,608896397,3513,+0.60
20100301,69.5,70.0,68.5,68.8,11354365,789886459,4072,-0.40
20100302,69.2,69.3,68.4,68.7,11267261,778252585,3043,-0.10
20100303,68.9,69.5,68.6,69.1,7635989,527041141,2378,+0.40
20100304,69.2,69.4,68.3,69.4,11204346,773774174,3275,+0.30
20100305,69.8,70.2,69.2,70.0,10467388,730065194,3349,+0.60
20100308,70.2,70.4,69.7,70.0,5741640,402352560,2035, 0.00
20100309,70.0,70.0,69.7,70.0,4501461,314440691,1963, 0.00
20100310,70.0,70.0,69.5,70.0,6194388,432859698,2299, 0.00
20100311,70.0,70.2,69.7,69.9,3647507,254793154,1599,-0.10
20100312,69.9,69.9,69.5,69.9,7811412,544994281,1914, 0.00
20100315,70.0,70.3,69.5,69.9,8636784,603281597,1779, 0.00
20100316,70.0,70.2,69.5,70.2,5937330,414914520,1677,+0.30
20100317,70.2,70.7,69.8,70.6,12806800,900574192,4393,+0.40
20100318,70.7,71.2,70.5,71.0,10926204,774908440,2794,+0.40
20100319,71.0,71.0,69.9,71.0,12094895,855097922,2817, 0.00
20100322,70.0,70.2,69.3,70.2,8255947,575596144,2812,-0.80
20100323,69.6,70.2,69.0,69.8,7482391,519405749,2259,-0.40
20100324,69.7,69.8,69.2,69.8,8319235,578454909,2400, 0.00
20100325,69.8,69.9,68.5,69.7,13118707,911351706,2929,-0.10
20100326,69.5,70.8,68.2,70.8,12744306,891532790,4170,+1.10
20100329,70.8,70.9,70.5,70.5,6706018,474318423,2240,-0.30
20100330,70.8,70.9,70.4,70.7,6857841,484115762,1976,+0.20
20100331,71.0,71.0,70.0,70.0,6013618,423894198,2006,-0.70
20100401,70.0,71.4,70.0,71.3,12152070,861531270,4210,+1.30
20100402,71.5,71.5,70.9,71.2,4384386,311979808,2001,-0.10
20100406,71.0,71.4,70.9,71.1,9459414,673363141,2438,-0.10
20100407,71.2,71.3,70.9,71.1,8486209,602685822,2799, 0.00
20100408,70.5,71.0,69.5,69.8,13480167,947280476,5162,-1.30
20100409,70.1,70.3,69.6,69.7,7066835,493369245,2839,-0.10
20100412,70.1,70.3,69.5,70.0,8836730,616671625,1986,+0.30
20100413,70.0,70.1,69.7,70.0,4826384,337636291,1357, 0.00
20100414,70.3,71.0,69.9,70.8,6266850,441030991,1902,+0.80
20100415,71.0,71.3,70.6,71.3,11169168,791920639,2292,+0.50
20100416,71.2,71.3,70.5,70.5,6834784,484949858,1944,-0.80
20100419,69.9,70.3,69.4,69.4,11482926,802458120,3395,-1.10
20100420,69.6,69.6,69.0,69.2,7034551,486877045,2512,-0.20
20100421,69.2,69.7,68.9,69.6,9081361,628368147,2793,+0.40
20100422,69.4,69.4,68.5,68.7,10118026,695779045,3483,-0.90
20100423,68.9,68.9,68.3,68.7,11929170,816967628,2567, 0.00
20100426,68.9,70.5,68.9,70.5,12834608,898014748,4581,+1.80
20100427,70.5,70.6,70.0,70.4,8146122,573504747,1715,-0.10
20100428,69.0,70.0,69.0,69.4,5127585,356276063,2255,-1.00
20100429,69.5,69.5,69.0,69.2,5699814,394881688,1765,-0.20
20100430,69.2,70.6,69.2,70.0,9177654,642014936,3268,+0.80
20100503,70.0,70.0,69.2,70.0,4682129,326575056,1254, 0.00
20100504,70.0,70.0,69.1,69.3,7955075,552393185,2556,-0.70
20100505,68.0,68.2,67.6,67.6,10079215,683283006,4471,-1.70
20100506,67.1,67.4,66.5,67.0,12334602,825512519,4403,-0.60
20100507,65.7,66.9,65.4,66.5,13072990,868959803,3913,-0.50
20100510,66.4,67.6,66.3,67.5,6502052,434089192,2494,+1.00
20100511,67.9,67.9,66.4,66.4,9008050,602472718,3318,-1.10
20100512,66.5,66.5,66.0,66.0,5942075,393468526,2012,-0.40
20100513,66.2,67.6,66.1,67.5,7077018,472297377,2292,+1.50
20100514,67.5,68.0,67.2,67.9,8684359,587108336,3525,+0.40
20100517,67.4,67.5,66.5,67.2,5689170,380303916,2493,-0.70
20100518,67.6,67.6,66.7,66.9,5770182,386931194,2419,-0.30
20100519,66.4,66.5,65.8,66.2,8960185,591783746,3219,-0.70
20100520,66.0,66.3,65.1,65.2,7838944,514277991,2893,-1.00
20100521,64.0,65.3,63.7,64.5,9006306,582412890,2937,-0.70
20100524,64.7,66.0,64.6,65.2,6419032,419922852,2001,+0.70
20100525,64.5,64.8,64.0,64.0,11000152,706597426,3190,-1.20
20100526,64.5,64.9,63.4,64.0,15290709,977309576,4140, 0.00
20100527,64.0,64.7,63.6,63.9,10607404,678530808,3176,-0.10
20100528,64.8,64.8,63.6,64.2,11922446,762777445,3450,+0.30
20100531,64.0,64.6,64.0,64.6,7633542,490589240,2053,+0.40
20100601,64.2,64.2,63.0,63.2,7846040,498542620,2502,-1.40
20100602,63.2,63.4,61.8,63.0,14051410,881956689,3783,-0.20
20100603,63.9,64.0,63.2,64.0,7210608,458551214,2215,+1.00
20100604,64.5,64.5,63.8,64.2,7822928,501574175,2316,+0.20
20100607,63.1,64.1,62.6,63.7,8907033,564540083,2298,-0.50
20100608,63.7,64.8,63.6,64.4,3922872,252456138,1529,+0.70
20100609,64.4,64.4,63.5,63.6,6436570,410855830,1843,-0.80
20100610,64.2,64.3,63.6,64.0,4077613,260565832,1014,+0.40
20100611,65.0,65.0,63.9,64.9,11489571,738999601,2539,+0.90
20100614,65.0,66.5,65.0,66.4,9396915,618747942,3319,+1.50
20100615,66.0,68.0,65.8,67.2,8675049,583224783,3179,+0.80
20100617,67.4,69.0,67.2,68.5,17608489,1201831705,5542,+1.30
20100618,68.0,68.3,66.8,67.7,4913130,331596528,2209,-0.80
20100621,68.0,68.9,68.0,68.9,11458484,785544526,3702,+1.20
20100622,68.9,68.9,68.3,68.3,5343188,366040081,2347,-0.60
20100623,68.2,68.2,67.5,68.1,3778272,256673812,1486,-0.20
20100624,68.3,68.5,67.3,67.4,5039968,341472214,1660,-0.70
20100625,67.2,67.4,66.1,66.2,6198938,413034657,2700,-1.20
20100628,66.6,67.5,66.6,67.5,3215083,216041154,1655,+1.30
20100629,68.0,68.5,66.9,66.9,7194974,488576711,2465,-0.60
20100630,65.8,68.2,65.8,68.0,9115994,613272570,3156,+1.10
20100701,67.8,67.8,66.2,66.2,8026487,535163412,2819,-1.80
20100702,65.8,67.8,65.8,66.4,7842275,526527776,2459,+0.20
20100705,66.5,68.0,66.5,67.7,8203435,552491328,2241,+1.30
20100706,67.5,69.7,67.5,69.7,12837002,885652578,4323,+2.00
20100707,69.7,70.0,69.4,70.0,10735372,749587041,3273,+0.30
20100708,70.2,71.4,70.0,71.3,15674918,1108411491,5155,+1.30
20100709,71.3,72.4,70.9,72.3,16782137,1203711630,5173,+1.00
20100712,72.3,72.7,71.7,72.5,16161463,1170884177,5013,+0.20
20100713,72.5,72.5,71.4,71.6,8725674,626269353,2579,-0.90
20100714,71.8,72.4,71.8,72.2,23640329,1705253488,6931,+0.60
20100715,69.0,69.3,68.5,69.1,16947287,1168613586,4336,X0.00
20100716,68.6,68.9,68.2,68.6,7238814,496859262,2209,-0.50
20100719,68.2,68.2,67.2,67.6,11152740,754304333,2897,-1.00
20100720,67.5,67.9,66.9,67.8,7533763,507745333,2625,+0.20
20100721,67.8,68.5,67.8,68.5,6989293,477356912,2194,+0.70
20100722,68.5,69.0,67.9,67.9,9073004,621613947,2674,-0.60
20100723,68.7,69.2,68.2,69.0,8297660,572317732,2897,+1.10
20100726,66.8,68.3,66.3,68.0,8625161,582805438,3478,-1.00
20100727,67.2,67.4,66.4,66.7,10148923,677014245,4450,-1.30
20100728,66.3,67.4,66.2,67.1,7914412,530355054,3327,+0.40
20100729,67.4,67.8,66.6,67.8,6671287,448350892,2633,+0.70
20100730,67.6,67.6,66.7,66.9,4233371,283316667,1724,-0.90
20100802,66.5,67.9,66.5,67.8,12001987,806387645,3547,+0.90
20100803,67.9,68.4,67.5,68.4,6999799,476000732,2058,+0.60
20100804,68.4,68.8,67.8,68.8,7691096,526094409,1762,+0.40
20100805,68.8,69.0,67.8,68.3,6740117,457987525,2132,-0.50
20100806,68.3,68.9,67.9,68.8,6865928,470157135,2269,+0.50
20100809,68.1,69.2,68.1,69.2,9265836,632392728,2913,+0.40
20100810,69.2,69.3,68.6,69.3,4835462,334179878,1888,+0.10
20100811,69.3,69.6,68.8,69.6,5640815,390701744,2172,+0.30
20100812,69.2,70.1,68.9,70.0,10290470,717860655,3110,+0.40
20100813,70.0,70.5,69.3,70.4,9861176,690805320,2621,+0.40
20100816,70.0,70.4,69.5,70.4,7706908,539933560,1685, 0.00
20100817,70.0,70.3,69.5,70.0,10451281,732043391,2464,-0.40
20100818,70.0,70.0,69.0,69.9,8131156,566423606,2605,-0.10
20100819,70.0,71.2,69.5,71.2,9128989,643632326,3875,+1.30
20100820,71.0,71.0,69.8,70.5,15545446,1052522421,1998,-0.70
20100823,70.5,71.1,69.9,70.9,5357075,378701251,1838,+0.40
20100824,70.8,71.2,70.2,70.5,15490551,1048783820,2250,-0.40
20100825,70.2,70.2,69.0,69.1,9049635,628079932,2659,-1.40
20100826,68.9,70.1,68.5,69.5,5171025,358804795,1723,+0.40
20100827,69.4,69.9,69.0,69.7,3195047,221836625,1297,+0.20
20100830,70.0,71.0,69.6,71.0,5970475,420171710,2141,+1.30
20100831,70.8,71.0,70.2,71.0,7423883,525308895,2180, 0.00
20100901,71.0,71.3,70.5,71.2,5351954,380036788,2001,+0.20
20100902,71.4,72.2,71.4,72.0,12597521,905841222,3830,+0.80
20100903,72.0,72.3,71.7,71.9,8043991,579790714,2417,-0.10
20100906,71.9,72.0,71.5,71.8,7975946,572496895,2150,-0.10
20100907,71.8,72.2,71.4,72.0,8232935,591357878,1944,+0.20
20100908,71.8,72.1,71.5,71.9,7194698,517423194,1726,-0.10
20100909,72.0,72.1,71.5,71.7,3306186,237355781,1226,-0.20
20100910,71.7,72.5,71.7,72.5,8454706,610817513,2738,+0.80
20100913,72.5,75.0,72.5,75.0,13959587,1033230734,4834,+2.50
20100914,75.0,75.0,74.0,74.9,10605901,792082967,2197,-0.10
20100915,75.5,75.5,74.5,75.5,12771181,959044175,2674,+0.60
20100916,75.4,75.5,74.8,74.8,7108724,533681102,1539,-0.70
20100917,74.9,76.0,74.9,74.9,17129818,1292073036,3255,+0.10
20100920,74.8,75.8,74.3,75.3,7239447,543417625,1863,+0.40
20100921,75.4,75.5,75.1,75.3,8497315,640158025,1310, 0.00
20100923,75.3,76.1,75.0,76.1,10935720,826360005,2198,+0.80
20100924,76.1,76.5,75.7,76.5,10229560,779143886,2803,+0.40
20100927,76.5,77.8,76.5,77.4,16676584,1288140308,3712,+0.90
20100928,77.3,77.5,76.9,77.5,10236727,790920480,2205,+0.10
20100929,77.5,77.7,76.8,76.8,10346184,799293789,2604,-0.70
20100930,76.5,77.1,75.5,76.7,10371535,792291250,2674,-0.10
20101001,76.4,77.2,76.2,77.0,4049852,311294071,1743,+0.30
20101004,76.3,77.9,76.0,77.7,7937078,613037221,3298,+0.70
20101005,77.5,78.0,75.8,77.6,14871096,1144989674,2972,-0.10
20101006,78.0,78.0,77.0,77.5,13160692,1017943755,2516,-0.10
20101007,77.5,77.9,77.4,77.7,5642119,437642871,1568,+0.20
20101008,77.7,77.8,76.7,77.5,8397467,648181941,2677,-0.20
20101011,77.5,77.7,75.9,76.2,5941595,457701120,1850,-1.30
20101012,76.3,76.3,75.0,75.7,7462174,564624550,3077,-0.50
20101013,76.1,78.0,76.0,77.7,13215586,1022283316,5876,+2.00
20101014,78.2,83.1,78.2,82.0,31380108,2558985362,9792,+4.30
20101015,82.2,82.6,81.2,82.0,17390212,1427146654,5825, 0.00
20101018,82.0,82.3,79.0,80.0,12697295,1019680974,4971,-2.00
20101019,80.0,80.0,79.0,79.5,15764578,1252010371,4086,-0.50
20101020,79.4,82.0,79.2,81.5,11044257,892070153,4269,+2.00
20101021,82.0,83.5,81.7,83.2,24783070,2054721366,6633,+1.70
20101022,84.5,85.2,83.7,84.5,22445391,1902553355,7933,+1.30
20101025,84.8,88.0,84.1,86.9,21849237,1897089579,7116,+2.40
20101026,87.2,90.3,87.2,90.0,25574342,2291542989,10557,+3.10
20101027,90.3,92.0,90.0,91.4,32371114,2947969964,11468,+1.40
20101028,90.4,91.0,87.9,90.3,19605946,1754912110,7955,-1.10
20101029,90.0,90.0,87.5,87.8,13974884,1233332578,5379,-2.50
20101101,88.0,90.0,88.0,89.5,11825775,1057029576,3967,+1.70
20101102,89.4,90.0,88.0,89.0,11095288,987502612,3246,-0.50
20101103,89.0,90.3,88.9,89.5,13440615,1204850159,4382,+0.50
20101104,89.5,91.0,89.1,90.6,12932065,1167618645,5024,+1.10
20101105,91.0,93.0,90.7,92.9,20861701,1925351310,9819,+2.30
20101108,93.0,95.0,92.7,94.5,16448269,1552248666,7543,+1.60
20101109,94.4,94.9,94.3,94.6,13655363,1291052182,5100,+0.10
20101110,94.5,94.5,93.5,94.0,10050442,944263739,3818,-0.60
20101111,94.0,94.0,91.5,92.3,13362229,1232295268,4915,-1.70
20101112,92.0,92.0,89.0,89.6,11885793,1073756235,4908,-2.70
20101115,89.6,90.0,87.6,88.1,12484139,1101506933,4717,-1.50
20101116,88.5,91.2,88.2,90.5,12474359,1126261564,5078,+2.40
20101117,90.0,90.0,89.0,89.3,9912059,885499203,3938,-1.20
20101118,90.0,91.4,89.5,90.7,16792054,1518438945,5134,+1.40
20101119,91.5,91.9,89.9,90.6,13440982,1219564318,4449,-0.10
20101122,90.7,91.3,90.0,90.0,8116514,737613937,2896,-0.60
20101123,90.7,91.3,89.8,90.1,9580122,867480890,2775,+0.10
20101124,89.8,91.2,89.8,90.5,11131311,1009577736,3804,+0.40
20101125,91.0,91.3,90.3,90.7,10422273,946068547,2857,+0.20
20101126,91.0,91.3,90.5,90.7,7658817,696622422,2940, 0.00
20101129,91.0,91.8,90.8,91.5,6480960,592812780,2941,+0.80
20101130,92.0,92.0,90.6,90.7,14438328,1319888430,3575,-0.80
20101201,91.1,94.2,91.1,93.9,14529478,1352704062,6147,+3.20
20101202,94.5,95.0,93.5,94.0,9292929,875159949,4194,+0.10
20101203,94.0,95.0,93.8,93.8,7330633,692402377,3161,-0.20
20101206,94.0,95.0,94.0,95.0,14265974,1353905530,4860,+1.20
20101207,95.0,95.7,94.9,95.3,7963917,759119215,3142,+0.30
20101208,95.5,95.8,94.4,95.7,9105383,864319145,3153,+0.40
20101209,95.7,96.8,95.1,95.2,9691114,929100201,3489,-0.50
20101210,94.8,94.9,91.9,93.0,8822997,819679532,3631,-2.20
20101213,93.6,94.4,93.5,93.6,3531957,331417308,1663,+0.60
20101214,94.3,95.0,93.6,94.2,7684495,725534860,2477,+0.60
20101215,94.6,96.0,94.6,96.0,13197471,1260793053,5764,+1.80
20101216,96.3,96.7,95.4,96.0,9628494,924744894,3391, 0.00
20101217,96.1,97.9,96.0,97.3,15358317,1493856936,5319,+1.30
20101220,97.3,97.4,94.6,96.6,9082577,873012757,3248,-0.70
20101221,96.6,96.6,95.1,96.1,9563153,913589481,1991,-0.50
20101222,95.7,96.2,95.5,96.2,4488585,430757760,1711,+0.10
20101223,96.2,96.7,95.6,96.7,5205071,501671595,2715,+0.50
20101224,96.7,96.7,95.7,96.3,8185139,785886244,1460,-0.40
20101227,95.8,96.6,94.8,96.3,4245107,406819481,1509, 0.00
20101228,96.4,96.7,95.8,96.7,4572662,440387156,2024,+0.40
20101229,96.5,96.7,96.0,96.6,5105079,491685013,2093,-0.10
20101230,96.3,97.1,95.4,97.1,7673428,741133454,2685,+0.50
20101231,97.1,97.5,96.5,97.5,5617779,545392763,1935,+0.40
20110103,97.4,97.5,96.5,97.0,5965901,578203504,1839,-0.50
20110104,97.0,97.0,96.1,96.7,6991023,674418940,2008,-0.30
20110105,96.6,96.6,94.5,95.7,10221925,978674775,3664,-1.00
20110106,95.8,96.0,94.3,95.1,10872406,1032398932,2886,-0.60
20110107,94.1,94.5,91.3,91.8,15353101,1419996095,6424,-3.30
20110110,91.8,91.8,90.8,91.6,11881617,1084409755,3753,-0.20
20110111,91.6,92.3,91.1,92.2,13265485,1219059895,3707,+0.60
20110112,92.2,92.8,92.0,92.6,7853550,725708708,2741,+0.40
20110113,92.8,93.8,92.6,93.7,8176200,761917784,2607,+1.10
20110114,93.8,94.0,93.1,94.0,4652285,435987472,2235,+0.30
20110117,93.2,94.3,93.2,94.2,4879619,457113516,1767,+0.20
20110118,93.0,96.0,93.0,95.5,8097127,768637165,3765,+1.30
20110119,95.5,97.0,94.6,96.7,19423194,1873882534,5506,+1.20
20110120,96.0,96.7,95.6,95.7,5296080,510177161,2631,-1.00
20110121,94.7,97.0,94.1,96.9,7852060,752056850,3567,+1.20
20110124,96.5,96.5,95.4,96.1,5277045,505804653,1963,-0.80
20110125,96.1,97.0,95.8,95.8,8226359,793439739,2656,-0.30
20110126,95.5,96.5,95.5,96.3,3774706,363046665,1892,+0.50
20110127,96.3,97.2,95.8,97.1,9113200,881777196,3134,+0.80
20110128,97.0,100.5,96.5,99.3,29884577,2956072711,10353,+2.20
20110208,99.9,105.0,99.7,102.0,34111007,3485116807,9907,+2.70
20110209,102.0,102.5,100.0,101.5,16314648,1650718448,5304,-0.50
20110210,100.0,103.5,99.5,101.0,27261147,2751056288,5494,-0.50
20110211,101.5,103.5,100.0,101.0,23583036,2405114676,9877, 0.00
20110214,100.0,100.5,98.0,98.0,17868622,1766080656,6289,-3.00
20110215,97.9,101.5,96.8,100.0,16685957,1654370700,5754,+2.00
20110216,100.0,100.5,98.3,98.6,12762124,1262811661,4504,-1.40
20110217,98.8,102.0,98.6,99.5,15661720,1570833759,6372,+0.90
20110218,101.0,103.5,100.5,103.0,17838322,1835047360,6851,+3.50
20110221,103.0,105.0,102.0,105.0,10877997,1130322525,4818,+2.00
20110222,104.0,105.0,101.5,103.0,15459522,1593406266,5324,-2.00
20110223,102.0,102.5,98.5,98.8,12803783,1277107191,4247,-4.20
20110224,98.0,101.0,98.0,99.3,10741335,1073711699,3498,+0.50
20110225,99.5,100.5,97.8,99.5,10962335,1089837096,4205,+0.20
20110301,98.0,100.5,98.0,99.4,4726015,469550741,2367,-0.10
20110302,98.3,99.0,94.8,94.8,11531089,1113201955,5503,-4.60
20110303,94.8,96.3,93.5,95.3,13291200,1261786387,6768,+0.50
20110304,96.4,97.5,96.0,97.5,6043132,585224480,2787,+2.20
20110307,97.1,98.2,96.7,97.0,3748409,365072182,1537,-0.50
20110308,95.8,96.7,95.8,96.7,6340154,610143734,3092,-0.30
20110309,96.7,97.3,94.5,94.9,9104907,867322197,4122,-1.80
20110310,95.2,95.2,92.2,92.2,9985899,928695510,4250,-2.70
20110311,91.0,93.9,91.0,92.8,8181180,751712353,3976,+0.60
20110314,99.2,99.2,96.0,98.2,15827601,1550551356,6382,+5.40
20110315,98.7,98.8,93.0,98.0,13543932,1310049736,5605,-0.20
20110316,99.0,99.6,97.4,98.2,7500821,739198735,3716,+0.20
20110317,97.8,99.5,97.6,99.4,9411800,932177209,3905,+1.20
20110318,98.5,100.5,98.3,99.0,12379208,1232852702,4653,-0.40
20110321,99.5,104.5,99.0,101.5,15439724,1584585024,5601,+2.50
20110322,102.0,102.5,100.0,100.5,9860593,1000069552,4009,-1.00
20110323,100.5,102.0,99.5,101.5,11150274,1127377874,3226,+1.00
20110324,102.0,102.0,100.0,100.5,4988790,504675362,1938,-1.00
20110325,102.0,102.0,100.0,100.5,8488191,858241100,2803, 0.00
20110328,99.5,100.5,99.5,100.0,6593250,659067800,2501,-0.50
20110329,100.5,103.0,100.0,103.0,10260741,1047249383,3756,+3.00
20110330,103.0,105.0,103.0,104.5,20065197,2097163488,6684,+1.50
20110331,105.0,105.0,100.5,103.5,14272419,1454021657,4595,-1.00
20110401,103.5,104.0,101.5,104.0,5693427,585324660,2329,+0.50
20110406,105.0,107.0,104.5,106.0,15908476,1686011099,6278,+2.00
20110407,107.0,107.5,102.5,106.0,16457580,1721564635,4447, 0.00
20110408,106.0,106.0,104.0,104.5,9096899,953458996,3040,-1.50
20110411,105.0,105.0,104.0,105.0,5354492,560404376,2528,+0.50
20110412,105.0,105.0,102.0,104.0,12350712,1272521548,5572,-1.00
20110413,103.5,106.0,102.5,106.0,13265486,1390371712,4577,+2.00
20110414,106.0,106.0,104.5,105.0,10607944,1117921112,4073,-1.00
20110415,105.5,105.5,103.0,104.0,8091234,843058693,3493,-1.00
20110418,105.5,106.0,104.0,105.5,8694791,915795055,2155,+1.50
20110419,103.5,106.0,102.5,105.0,8228994,855932851,3600,-0.50
20110420,106.0,107.0,105.0,107.0,8662722,919985822,4111,+2.00
20110421,107.0,114.0,106.5,114.0,40127920,4495358460,13376,+7.00
20110422,112.5,113.5,111.0,112.5,11714176,1317568052,4582,-1.50
20110425,113.5,113.5,110.5,110.5,7259341,807961010,2972,-2.00
20110426,110.0,111.5,109.0,111.0,9574079,1058224769,3193,+0.50
20110427,112.5,116.5,112.5,114.5,17486217,2001648738,7061,+3.50
20110428,114.5,115.5,113.0,115.5,11995781,1375400815,3746,+1.00
20110429,115.5,117.0,112.0,117.0,18697827,2154395260,5127,+1.50
20110503,117.0,117.0,114.0,116.0,5931831,682569896,3210,-1.00
20110504,115.0,115.0,112.0,113.5,8314176,939736921,3228,-2.50
20110505,110.5,113.5,110.5,112.5,6397946,718696878,2495,-1.00
20110506,112.0,113.0,110.0,111.5,6110953,682529273,2172,-1.00
20110509,111.5,112.5,108.5,112.0,13799261,1522898971,4253,+0.50
20110510,112.5,115.0,112.0,114.5,8274434,945101976,3577,+2.50
20110511,115.5,116.5,114.5,116.5,8126721,942529136,3604,+2.00
20110512,114.0,116.5,114.0,115.0,6027462,694866859,2452,-1.50
20110513,113.0,115.5,112.5,114.0,7566492,862548293,2987,-1.00
20110516,113.5,114.5,112.5,112.5,5295742,599855104,2056,-1.50
20110517,113.0,116.5,112.5,115.0,7495850,856759250,2825,+2.50
20110518,115.0,116.0,114.5,116.0,4019524,463691260,2048,+1.00
20110519,115.5,116.5,114.5,115.5,6308766,730462659,2347,-0.50
20110520,116.5,116.5,114.0,114.5,4197213,481769782,1917,-1.00
20110523,112.5,116.0,112.5,116.0,7408829,844518699,2982,+1.50
20110524,115.0,115.0,112.5,114.5,9135100,1040297900,2193,-1.50
20110525,114.0,114.5,112.5,113.0,6297508,713206404,2549,-1.50
20110526,113.0,114.0,113.0,113.0,4362395,494478635,1768, 0.00
20110527,113.5,114.0,113.0,113.0,6903916,765806513,1907, 0.00
20110530,108.0,111.0,108.0,109.0,16243484,1776463272,5626,-4.00
20110531,108.0,112.5,106.5,110.0,20063038,2169865073,4361,+1.00
20110601,110.0,114.5,110.0,113.5,11659743,1323745979,3833,+3.50
20110602,113.5,114.5,113.0,113.5,9840801,1120494313,3006, 0.00
20110603,113.5,115.5,113.5,115.0,7622617,850738090,2437,+1.50
20110607,113.5,114.5,111.0,113.5,5797457,652106375,2385,-1.50
20110608,113.0,114.5,112.5,112.5,6003652,679426024,2040,-1.00
20110609,113.0,113.0,112.0,112.0,7033713,792257246,2215,-0.50
20110610,113.5,113.5,109.0,109.0,7744042,858508578,2863,-3.00
20110613,107.5,107.5,105.5,106.0,9703052,1034195862,3090,-3.00
20110614,106.0,107.5,106.0,107.0,8204180,875928170,2653,+1.00
20110615,107.0,111.5,106.5,110.5,12630133,1382558250,3258,+3.50
20110616,108.5,110.0,106.0,109.5,9324553,1009482777,3239,-1.00
20110617,108.5,109.5,106.5,108.5,13889339,1490296773,3069,-1.00
20110620,107.5,109.0,106.0,106.0,8342839,894197595,2503,-2.50
20110621,106.0,107.0,103.0,103.0,12058933,1259123136,3966,-3.00
20110622,103.5,104.0,101.0,101.0,14780642,1484016700,4523,-2.00
20110623,100.5,100.5,97.8,98.4,17904239,1766572120,6830,-2.60
20110624,98.0,98.0,96.2,96.5,18150075,1756469282,6556,-1.90
20110627,94.5,96.4,92.9,95.7,28867692,2731859176,7117,-0.80
20110628,96.5,98.1,96.3,97.0,16630888,1616390536,4024,+1.30
20110629,98.5,100.5,97.9,100.0,12344593,1228586900,4698,+3.00
20110630,100.0,104.0,100.0,103.5,18325349,1850946187,4617,+3.50
20110701,103.5,106.0,102.5,106.0,10195227,1069786918,4022,+2.50
20110704,106.5,108.5,106.0,108.0,13250948,1430549348,4208,+2.00
20110705,108.0,111.0,106.5,110.5,16701133,1824707998,5591,+2.50
20110706,111.0,112.0,109.5,111.5,9827119,1094850209,3178,+1.00
20110707,111.5,111.5,108.0,109.0,12949565,1413210262,4304,-2.50
20110708,109.0,110.5,108.5,110.0,18569721,2041663871,5571,+1.00
20110711,104.0,104.0,102.0,103.5,11081845,1144925924,2985,X0.00
20110712,103.5,103.5,101.5,101.5,7822863,798978579,2839,-2.00
20110713,101.5,108.0,101.5,107.0,9111982,955586901,3571,+5.50
20110714,107.0,110.0,107.0,109.5,10972051,1193680059,4392,+2.50
20110715,109.5,109.5,107.5,109.5,7704084,839255706,2605, 0.00
20110718,109.5,110.5,107.5,110.0,6972311,761823529,2804,+0.50
20110719,110.0,110.0,108.0,109.0,4259413,465055285,1959,-1.00
20110720,109.0,110.5,108.5,110.5,5193583,569579809,2204,+1.50
20110721,111.0,111.0,108.0,109.0,5313967,579968893,1776,-1.50
20110722,110.0,111.0,109.5,111.0,7067092,780930132,2937,+2.00
20110725,111.5,111.5,109.0,110.0,5501284,605319740,1365,-1.00
20110726,110.0,112.0,109.5,111.0,7781666,863114557,2235,+1.00
20110727,109.0,109.5,107.5,107.5,11079500,1200485724,3130,-3.50
20110728,105.5,110.0,105.5,109.5,8000918,869127562,3240,+2.00
20110729,108.5,110.0,107.5,108.5,3825249,415285392,1683,-1.00
20110801,101.0,101.0,101.0,101.0,5221249,527346149,1543,-7.50
20110802,94.0,94.0,94.0,94.0,19244285,1808962790,3266,-7.00
20110803,94.0,95.2,93.4,94.1,32984945,3108819171,12494,+0.10
20110804,94.8,94.8,91.0,91.4,22363377,2058390837,8255,-2.70
20110805,88.0,90.0,87.1,89.5,20337936,1813186473,6066,-1.90
20110808,89.5,89.5,83.4,84.3,20380441,1753279485,6699,-5.20
20110809,80.0,89.3,79.0,83.6,26639250,2187416823,7880,-0.70
20110810,86.8,89.0,83.0,86.2,22198970,1891465783,7822,+2.60
20110811,83.7,87.8,83.6,85.8,12241686,1049525643,4475,-0.40
20110812,87.0,87.0,84.7,84.7,11977652,1021509148,4829,-1.10
20110815,86.0,86.0,84.9,85.7,6008095,513762894,2667,+1.00
20110816,87.0,87.0,85.2,85.5,5543049,476136248,2558,-0.20
20110817,86.0,87.0,84.7,85.8,6003791,514974926,3028,+0.30
20110818,87.1,87.1,84.4,86.0,9770401,831966286,3289,+0.20
20110819,82.6,84.0,82.6,83.4,15356447,1276523317,4467,-2.60
20110822,82.9,85.5,82.8,84.7,8451793,712686644,2597,+1.30
20110823,85.8,88.0,85.2,87.9,8513981,738086004,2731,+3.20
20110824,89.0,89.0,85.2,88.5,10073524,881031436,3783,+0.60
20110825,89.0,90.2,88.3,88.8,7665465,683465268,3210,+0.30
20110826,89.2,90.7,89.0,90.1,10026642,904863580,3261,+1.30
20110829,89.2,92.0,89.2,90.1,8699507,791927339,3786, 0.00
20110830,90.7,90.7,88.2,89.4,6776204,604861534,3128,-0.70
20110831,90.3,90.7,89.2,90.1,4835863,434129415,2488,+0.70
20110901,91.4,94.5,90.1,90.5,16221360,1495296861,5441,+0.40
20110902,91.4,92.9,90.1,91.9,7206314,656826818,3066,+1.40
20110905,90.5,90.5,87.6,88.1,8516485,754837665,3964,-3.80
20110906,86.2,87.2,84.1,85.0,10638104,908862448,4849,-3.10
20110907,85.0,86.0,84.6,85.4,7650156,651756627,3055,+0.40
20110908,86.2,86.9,84.1,84.6,16974836,1443395795,4893,-0.80
20110909,84.6,85.5,84.0,84.5,10615206,898529654,3852,-0.10
20110913,83.2,83.7,80.6,81.4,13503079,1109311971,4961,-3.10
20110914,81.0,84.1,80.3,81.0,21430236,1759528705,6952,-0.40
20110915,82.5,82.5,81.6,81.7,12980514,1064074748,4521,+0.70
20110916,82.9,84.8,82.5,83.0,13311363,1116623651,4123,+1.30
20110919,83.1,83.7,82.4,83.2,4622704,384155048,1662,+0.20
20110920,83.3,84.5,81.9,83.0,9725266,805715767,3081,-0.20
20110921,83.0,83.3,82.1,82.5,5597164,463060520,1879,-0.50
20110922,80.6,80.6,79.3,79.8,17819333,1424744045,5603,-2.70
20110923,78.0,78.0,76.1,77.3,20035647,1542868366,6602,-2.50
20110926,76.0,77.9,76.0,77.2,9449241,727966228,3730,-0.10
20110927,78.8,81.0,78.8,80.9,8507224,680958784,3875,+3.70
20110928,82.5,82.5,79.4,80.0,10695250,854118600,4348,-0.90
20110929,79.9,81.3,79.4,80.0,8329234,669410344,3703, 0.00
20110930,80.9,81.7,79.6,81.7,8021920,645077438,3077,+1.70
20111003,80.1,80.1,76.5,77.3,10600913,824685586,5383,-4.40
20111004,77.3,78.0,76.2,77.3,12377861,957401191,4431, 0.00
20111005,77.2,78.2,77.0,77.1,10294441,796769000,4294,-0.20
20111006,78.0,82.4,78.0,82.4,14445762,1174100551,6150,+5.30
20111007,84.8,87.5,84.1,86.2,17664415,1519585542,7569,+3.80
20111011,88.0,88.5,87.0,88.0,12200987,1072966333,4907,+1.80
20111012,88.0,88.0,85.9,86.5,7304281,630599587,2885,-1.50
20111013,86.9,87.5,86.3,86.9,4465902,388150676,1702,+0.40
20111014,87.8,87.8,83.5,83.5,9342386,787444225,4376,-3.40
20111017,83.5,85.3,83.5,85.1,6379466,539494996,2597,+1.60
20111018,83.7,84.7,83.5,84.1,4842468,406241334,2645,-1.00
20111019,84.5,84.9,83.6,84.9,4671408,393297280,1792,+0.80
20111020,84.9,84.9,84.0,84.8,7124318,600726685,2766,-0.10
20111021,84.8,85.7,84.0,85.5,11351068,966068698,2883,+0.70
20111024,86.0,88.0,86.0,87.9,13532661,1179994276,4929,+2.40
20111025,88.1,88.2,87.6,88.0,8837985,777564062,3626,+0.10
20111026,88.0,88.0,87.0,88.0,6126769,537542694,2465, 0.00
20111027,87.1,88.5,87.1,88.1,4271538,376079644,2151,+0.10
20111028,88.9,90.0,88.7,89.3,11760417,1053958113,4555,+1.20
20111031,88.8,90.0,88.8,89.0,5706040,510270726,2487,-0.30
20111101,88.8,90.2,88.1,89.1,10369469,926567741,3359,+0.10
20111102,88.1,89.1,87.0,88.9,8595700,758609501,2979,-0.20
20111103,88.7,88.7,86.5,86.6,8492899,737784931,3325,-2.30
20111104,87.5,89.0,87.1,88.1,10522817,931036547,4082,+1.50
20111107,88.9,88.9,87.7,88.7,6419407,568755281,1482,+0.60
20111108,89.0,89.3,87.3,87.4,6922208,609275254,2928,-1.30
20111109,87.4,88.4,87.4,88.0,4664109,410877250,2024,+0.60
20111110,87.2,87.7,86.2,86.9,5139668,446188427,2448,-1.10
20111111,86.9,87.0,86.0,86.4,5653972,489275450,2497,-0.50
20111114,88.5,90.0,88.0,89.9,11386615,1017540520,4006,+3.50
20111115,89.2,90.2,89.0,89.8,8088910,726964588,3345,-0.10
20111116,90.0,90.0,87.5,87.5,7825776,692971936,3723,-2.30
20111117,85.5,86.0,83.3,85.2,11127423,939710601,5169,-2.30
20111118,83.2,83.5,80.3,80.3,25491311,2073424396,9676,-4.90
20111121,78.0,78.6,76.5,78.2,25723400,1999234970,7484,-2.10
20111122,78.6,79.8,77.8,79.1,12077935,952527926,4555,+0.90
20111123,79.0,79.1,77.5,78.7,10734989,839104011,3985,-0.40
20111124,77.7,80.5,77.7,79.8,9625334,766979220,3288,+1.10
20111125,80.0,81.0,78.3,78.3,11448057,905976078,4649,-1.50
20111128,79.6,81.3,79.0,80.6,8392342,676440530,3895,+2.30
20111129,81.4,82.0,80.5,81.5,5130970,415925041,2533,+0.90
20111130,81.8,81.8,78.9,79.4,13232638,1057506458,3762,-2.10
20111201,83.0,83.0,81.6,82.2,13790920,1136465037,5627,+2.80
20111202,82.0,82.6,81.9,82.4,8773279,721825815,2126,+0.20
20111205,83.0,84.5,82.4,84.4,8260325,691631100,3734,+2.00
20111206,83.9,83.9,82.0,82.2,10228602,848169363,3538,-2.20
20111207,83.0,85.0,83.0,85.0,10172895,857133378,4018,+2.80
20111208,85.0,85.0,83.5,85.0,7597663,640208532,2102, 0.00
20111209,84.9,85.2,83.5,85.0,7124333,604235350,2399, 0.00
20111212,85.9,86.3,85.0,85.6,6275865,537543866,2065,+0.60
20111213,85.0,85.2,83.9,84.9,5824482,492429293,1708,-0.70
20111214,86.0,86.0,84.5,85.2,3298561,280840717,1508,+0.30
20111215,84.1,84.1,82.5,82.6,5568233,462106574,2457,-2.60
20111216,83.5,83.8,82.4,82.9,1997897,166164534,1017,+0.30
20111219,84.0,84.0,81.8,83.4,5831764,481966212,2326,+0.50
20111220,83.8,83.8,80.9,81.8,8553648,701475091,3286,-1.60
20111221,83.4,85.0,83.0,83.9,11581398,973954768,3912,+2.10
20111222,84.0,84.7,84.0,84.4,4120525,347654593,2063,+0.50
20111223,84.9,85.5,84.7,85.1,6360883,541006636,3185,+0.70
20111226,85.1,85.6,84.4,85.0,8292317,704995289,1585,-0.10
20111227,84.5,85.2,84.5,85.2,4637276,394047690,1783,+0.20
20111228,85.6,85.6,81.2,82.8,14751673,1221878972,5638,-2.40
20111229,81.4,81.9,80.4,80.8,10043757,812305117,4447,-2.00
20111230,81.3,81.6,80.4,80.8,8178839,662011154,3487, 0.00
20120102,80.8,80.8,78.3,79.2,13805526,1095247657,5045,-1.60
20120103,80.0,80.8,79.3,79.4,14790846,1183998347,5117,+0.20
20120104,77.5,79.5,77.5,79.4,23568044,1856305469,6645, 0.00
20120105,79.5,80.8,79.4,80.2,14131211,1133082697,3685,+0.80
20120106,80.8,81.9,80.2,81.9,9543478,773554582,3792,+1.70
20120109,81.9,82.1,81.1,82.1,7788406,636314817,2607,+0.20
20120110,82.2,83.0,82.1,82.9,8348630,690539302,2916,+0.80
20120111,82.9,83.3,82.0,82.1,12871979,1064073848,3216,-0.80
20120112,82.2,83.5,82.2,83.3,10910163,906726782,3955,+1.20
20120113,84.0,84.5,83.4,84.0,15620858,1313138144,4339,+0.70
20120116,85.0,85.0,82.4,84.1,8450049,704928579,3179,+0.10
20120117,84.2,84.4,83.6,84.2,6557078,551472216,2270,+0.10
20120118,84.4,84.7,82.8,84.7,7372817,619563670,2387,+0.50
20120130,85.2,88.3,85.2,86.1,18711593,1622424281,6113,+1.40
20120131,86.1,86.2,84.9,86.2,11187432,956439452,3271,+0.10
20120201,86.2,86.2,84.2,84.3,10186171,865106777,3563,-1.90
20120202,84.4,86.0,84.4,85.6,14224756,1212677176,3937,+1.30
20120203,85.6,85.7,85.0,85.3,8986161,766486185,3395,-0.30
20120204,86.0,88.3,85.9,87.5,12692443,1111620348,4156,+2.20
20120206,87.2,88.0,86.5,87.2,9521605,829860635,4067,-0.30
20120207,87.2,87.2,85.4,86.0,10580104,912719544,4479,-1.20
20120208,87.0,87.0,86.0,87.0,6126965,530056123,2759,+1.00
20120209,87.0,87.1,85.9,87.0,9748656,843383772,4184, 0.00
20120210,86.8,87.0,86.1,86.3,7990352,690600340,2506,-0.70
20120213,86.3,87.1,86.3,87.1,6145934,533396458,2165,+0.80
20120214,87.2,88.0,86.6,88.0,7356994,642162072,2873,+0.90
20120215,88.1,88.7,87.5,88.6,9374891,825560729,3390,+0.60
20120216,88.0,88.9,87.0,87.6,10917245,959291922,3858,-1.00
20120217,88.4,90.1,88.1,89.6,20219756,1801222799,5868,+2.00
20120220,90.9,93.9,90.9,92.0,22975635,2120136951,6201,+2.40
20120221,92.1,92.3,91.0,91.3,16446080,1507737982,4005,-0.70
20120222,90.1,91.0,90.1,91.0,8363764,760024160,3046,-0.30
20120223,90.8,91.0,90.2,91.0,7962043,722737980,3765, 0.00
20120224,91.8,91.8,89.7,91.3,6125091,555320743,2624,+0.30
20120229,91.5,92.2,91.0,92.0,11938103,1095077191,3780,+0.70
20120301,92.0,92.0,90.2,90.5,6742512,614891011,3009,-1.50
20120302,90.5,91.4,90.5,91.0,7153771,650504211,2256,+0.50
20120303,90.8,91.2,90.2,91.0,2265300,205529513,813, 0.00
20120305,91.0,91.5,90.2,91.1,5463877,495581207,2641,+0.10
20120306,91.1,92.2,90.7,92.0,7378157,675157266,3076,+0.90
20120307,91.4,91.5,90.2,90.5,10516260,953194807,3844,-1.50
20120308,90.5,90.7,90.0,90.0,7137749,643703997,2873,-0.50
20120309,90.5,90.5,90.0,90.3,5922680,533825746,2552,+0.30
20120312,90.5,90.5,90.0,90.0,2952773,266093237,1333,-0.30
20120313,90.6,91.3,90.4,90.9,5462870,496253416,2652,+0.90
20120314,91.9,92.3,91.5,91.9,4986647,457996996,2536,+1.00
20120315,92.0,92.0,90.7,91.5,2889906,263542302,1502,-0.40
20120316,90.6,90.7,89.9,90.0,7948003,716546070,3092,-1.50
20120319,90.1,90.3,88.1,89.5,11435953,1020313577,3278,-0.50
20120320,89.4,89.5,88.7,88.9,5877884,522962371,2060,-0.60
20120321,88.4,88.5,86.3,87.1,12570264,1099166448,4283,-1.80
20120322,87.1,89.7,86.4,89.1,9249350,817624550,4145,+2.00
20120323,89.1,89.1,87.4,87.7,5282718,464250527,2233,-1.40
20120326,88.1,88.1,84.4,84.7,14441463,1233341997,6309,-3.00
20120327,85.3,85.3,84.7,85.1,6307178,536334919,2772,+0.40
20120328,86.0,86.1,85.4,85.6,6477649,555521431,2216,+0.50
20120329,85.2,86.2,84.4,86.1,7245035,617564791,2952,+0.50
20120330,84.5,86.9,84.5,86.9,8854577,761020063,2965,+0.80
20120402,86.9,86.9,85.2,85.2,5100968,437884353,2129,-1.70
20120403,86.4,87.2,86.0,86.7,6525962,564815684,2841,+1.50
20120405,85.4,85.7,84.8,84.8,10575357,901440040,5357,-1.90
20120406,85.0,85.0,83.6,84.4,7857295,660931990,4042,-0.40
20120409,83.4,85.7,83.1,85.0,8319745,707117225,3075,+0.60
20120410,85.4,85.7,84.8,85.5,4508526,384082795,2192,+0.50
20120411,85.0,85.6,84.8,85.0,3965464,337502740,1948,-0.50
20120412,85.0,85.6,83.4,85.5,6520597,552732033,2944,+0.50
20120413,85.8,86.4,85.6,86.4,5768630,496008324,2692,+0.90
20120416,85.9,85.9,84.5,84.5,6267426,532006810,2660,-1.90
20120417,84.4,84.5,83.4,83.4,6915291,581116499,3316,-1.10
20120418,84.9,84.9,83.8,84.4,4646046,392403454,2315,+1.00
20120419,84.2,85.0,83.9,85.0,3174218,268777330,1667,+0.60
20120420,85.1,85.1,84.2,84.2,3981065,336500142,1762,-0.80
20120423,84.0,84.5,83.7,84.0,5094369,428188496,1947,-0.20
20120424,83.6,83.6,81.4,81.9,21755345,1786039601,6322,-2.10
20120425,82.3,83.4,81.4,83.4,7125806,588290359,3198,+1.50
20120426,83.8,83.9,82.5,83.9,7639449,635388348,3180,+0.50
20120427,84.1,84.4,82.5,84.4,8452382,704182829,3780,+0.50
20120430,83.3,84.1,82.1,83.0,7864967,652991061,3579,-1.40
20120502,83.4,83.9,82.4,83.0,10058685,834322555,4489, 0.00
20120503,83.0,83.5,83.0,83.5,4682394,389701784,1845,+0.50
20120504,83.3,83.7,82.0,83.3,13802939,1139792485,4388,-0.20
20120507,82.2,82.4,80.4,80.4,15810336,1284482016,5716,-2.90
20120508,80.4,81.0,79.6,80.0,16975682,1357247682,5465,-0.40
20120509,79.6,80.1,78.9,79.4,9432129,750400574,3234,-0.60
20120510,79.0,80.0,79.0,79.5,9634932,766617043,2349,+0.10
20120511,79.5,79.7,77.8,78.3,9521541,747129397,4347,-1.20
20120514,78.0,78.6,77.8,78.0,3885378,303348677,1409,-0.30
20120515,77.8,78.3,77.7,78.0,6556565,511554362,2595, 0.00
20120516,78.0,79.2,77.0,77.0,8905671,696143850,3238,-1.00
20120517,77.8,78.5,77.0,78.4,7784564,606244796,3338,+1.40
20120518,77.3,78.0,77.0,77.6,8591533,665714149,3476,-0.80
20120521,77.1,78.8,77.1,78.6,5601125,437272600,2887,+1.00
20120522,79.4,79.5,78.6,79.2,3810787,301209790,2286,+0.60
20120523,78.4,79.1,78.0,79.0,5003522,393286272,2374,-0.20
20120524,78.9,79.2,78.0,78.9,5425405,425712635,2699,-0.10
20120525,78.0,78.7,77.7,78.6,4114245,322806130,2190,-0.30
20120528,77.8,79.6,77.8,79.2,4924205,389063095,1881,+0.60
20120529,79.5,81.2,78.9,81.0,7053186,566661866,2895,+1.80
20120530,80.5,80.5,78.0,78.3,14907631,1176276178,5333,-2.70
20120531,78.0,78.3,77.0,78.1,13341299,1035830188,4546,-0.20
20120601,77.4,78.0,77.0,77.1,6084804,471364888,2963,-1.00
20120604,75.7,77.3,75.6,77.0,8992643,690869656,3397,-0.10
20120605,77.3,77.3,75.8,76.4,8088427,618239430,3493,-0.60
20120606,77.2,77.9,76.3,76.9,5445319,419896982,2558,+0.50
20120607,76.9,77.5,75.7,76.5,6938477,529885968,2636,-0.40
20120608,75.3,76.2,74.0,74.3,8662847,650771695,3213,-2.20
20120611,74.6,75.5,74.3,75.5,7257206,543227150,2891,+1.20
20120612,74.3,75.5,74.3,75.3,4763000,357249200,2150,-0.20
20120613,75.3,75.3,74.8,75.0,6818851,511704325,2647,-0.30
20120614,74.9,74.9,73.7,73.7,8686750,644216308,3887,-1.30
20120615,73.6,78.8,73.6,78.8,18037237,1387685786,4312,+5.10
20120618,79.0,79.7,77.4,77.8,7385327,579159609,3694,-1.00
20120619,77.5,79.4,77.2,79.4,7958686,621795939,2895,+1.60
20120620,79.4,80.1,78.9,80.1,7049936,560073982,3283,+0.70
20120621,79.5,79.8,79.1,79.8,3609397,286683708,1825,-0.30
20120622,78.7,78.7,77.3,77.3,7878869,612561373,3575,-2.50
20120625,77.0,77.0,75.5,75.6,6779625,514145242,3178,-1.70
20120626,75.0,76.0,74.9,76.0,4919382,370663332,2525,+0.40
20120627,76.0,77.0,75.4,76.8,4169712,319321164,2002,+0.80
20120628,77.5,78.2,77.0,77.5,6514553,506145523,2415,+0.70
20120629,77.9,79.8,77.6,79.8,8341486,660556441,3605,+2.30
20120702,80.2,80.2,79.2,80.2,4848940,386653575,2438,+0.40
20120703,80.2,80.9,80.0,80.5,9823677,791091735,2991,+0.30
20120704,80.9,81.4,80.7,81.1,8871343,717132108,2120,+0.60
20120705,80.5,80.8,79.9,80.4,10126447,814902669,2802,-0.70
20120706,80.4,81.0,80.1,80.4,12979775,1044391074,3459, 0.00
20120709,76.7,77.5,76.5,77.2,14537619,1120650460,3846,X0.00
20120710,77.5,77.9,76.7,77.9,5749455,444706695,2270,+0.70
20120711,77.5,77.7,76.3,77.0,4597163,354218401,2119,-0.90
20120712,77.0,77.0,75.2,75.2,7630437,578623280,3026,-1.80
20120713,75.3,75.9,74.6,75.0,5467056,410420500,2843,-0.20
20120716,75.9,77.3,75.6,77.2,4391231,336075644,2221,+2.20
20120717,77.6,80.0,77.3,80.0,10808127,857132460,5052,+2.80
20120718,79.1,79.7,78.1,78.5,9179277,722991873,4059,-1.50
20120719,78.6,80.2,78.2,79.6,6536812,519528969,2838,+1.10
20120720,80.0,80.4,79.4,80.4,5989494,479435820,2816,+0.80
20120723,80.0,80.0,77.9,78.8,4557680,358194675,2384,-1.60
20120724,78.2,79.3,77.6,78.8,5041380,396099387,1804, 0.00
20120725,77.6,79.8,77.3,79.0,7476158,589427906,2770,+0.20
20120726,80.0,80.0,78.0,78.0,5133090,404334620,2508,-1.00
20120727,79.8,81.0,79.1,80.9,7706704,619700118,3609,+2.90
20120730,81.0,81.5,80.9,81.4,5750241,467582725,2708,+0.50
20120731,80.7,83.0,80.5,83.0,9556325,782978216,3777,+1.60
20120801,82.2,83.3,81.4,83.0,8592860,709778997,3950, 0.00
20120803,81.6,82.6,81.5,82.4,6632805,544158510,3406,-0.60
20120806,83.4,85.2,83.4,85.0,17166790,1454650807,5319,+2.60
20120807,85.2,85.2,83.8,84.9,9806913,832362111,2793,-0.10
20120808,85.2,85.4,84.2,84.9,5115863,433908887,2052, 0.00
20120809,85.0,85.7,84.3,84.5,10001393,849638786,3685,-0.40
20120810,84.5,84.7,83.8,84.0,5207941,437568411,2203,-0.50
20120813,84.7,84.7,83.4,83.9,4005388,335351683,1741,-0.10
20120814,84.0,85.0,84.0,84.3,6000846,507384464,2585,+0.40
20120815,84.9,84.9,84.1,84.6,7241219,611274457,2826,+0.30
20120816,84.1,84.5,83.5,83.5,4499904,378237673,2193,-1.10
20120817,83.9,83.9,82.7,82.7,3633471,301599625,1835,-0.80
20120820,82.7,83.0,82.3,82.5,1830560,151055123,1185,-0.20
20120821,83.0,84.5,83.0,84.1,7037024,591147116,2200,+1.60
20120822,83.6,83.7,83.2,83.7,1912758,159648048,992,-0.40
20120823,83.1,83.8,82.8,83.2,2754722,229228448,1318,-0.50
20120824,83.2,83.2,82.0,82.2,3167863,260990014,1631,-1.00
20120827,82.5,82.9,81.6,81.6,4140529,339352801,1636,-0.60
20120828,81.5,81.6,80.7,80.9,4166370,337287970,1596,-0.70
20120829,82.0,82.0,80.6,81.0,4058380,329291580,2077,+0.10
20120830,80.7,81.2,80.2,80.5,8195044,660251727,2987,-0.50
20120831,80.5,81.0,80.2,80.7,2500630,201756710,827,+0.20
20120903,80.5,81.0,80.1,80.6,4577037,368907151,1938,-0.10
20120904,80.9,81.1,80.5,80.9,5154297,416843643,2172,+0.30
20120905,80.8,80.9,80.1,80.2,8156064,655422213,2157,-0.70
20120906,80.0,80.4,79.7,80.3,6494648,519760410,2383,+0.10
20120907,80.9,81.8,80.9,81.5,4018750,327434082,1736,+1.20
20120910,82.2,82.7,81.6,82.7,4124934,339967837,2101,+1.20
20120911,82.7,82.7,81.6,82.0,2965370,243068508,1551,-0.70
20120912,81.5,82.5,81.5,82.4,5007572,411281937,2475,+0.40
20120913,82.6,82.8,82.3,82.6,3202255,264229070,1605,+0.20
20120914,83.5,85.0,83.5,85.0,13504989,1140222132,6561,+2.40
20120917,85.0,85.1,84.2,85.1,7305082,619545129,3126,+0.10
20120918,85.0,85.0,84.2,84.8,4309324,364258629,1884,-0.30
20120919,84.8,85.4,84.5,85.4,8011730,681127350,4282,+0.60
20120920,85.0,85.0,83.2,83.7,5823234,487683236,2759,-1.70
20120921,84.3,84.3,83.3,83.7,4957615,415101838,2224, 0.00
20120924,83.3,84.0,82.5,84.0,2393683,199637010,1371,+0.30
20120925,84.0,84.4,83.4,84.0,4213753,354012781,1955, 0.00
20120926,83.9,84.0,83.2,84.0,3044436,254668123,1426, 0.00
20120927,84.0,84.0,83.1,83.8,3911777,326781967,1736,-0.20
20120928,83.8,83.8,83.2,83.8,5674087,474438053,1837, 0.00
20121001,84.0,84.3,83.4,83.5,2127384,178063965,939,-0.30
20121002,84.0,84.1,83.8,83.9,4234076,355571033,1872,+0.40
20121003,83.5,84.0,82.2,82.7,3783055,314047016,1784,-1.20
20121004,79.0,81.4,79.0,80.9,9378761,754867541,3509,-1.80
20121005,80.9,81.2,80.5,81.2,8849720,714423720,3122,+0.30
20121008,81.0,81.3,80.5,81.0,3882364,314380212,1886,-0.20
20121009,81.0,81.7,80.7,81.0,5601822,455155295,2326, 0.00
20121011,80.0,80.3,79.5,79.6,11853161,947174498,3775,-1.40
20121012,79.6,80.3,79.6,80.0,6226115,497855763,1769,+0.40
20121015,80.0,80.2,79.6,80.1,4082746,326583032,1367,+0.10
20121016,80.0,80.0,79.8,80.0,6815151,545022802,1753,-0.10
20121017,80.0,80.2,79.6,80.0,10828399,866287280,3384, 0.00
20121018,80.1,80.6,80.1,80.1,5567370,447243300,1325,+0.10
20121019,80.7,80.7,79.2,79.3,8507430,676217476,2422,-0.80
20121022,79.0,79.0,77.6,77.6,11851104,924527612,3720,-1.70
20121023,77.8,78.6,77.7,78.4,4083799,319060121,2087,+0.80
20121024,77.7,78.7,77.0,78.1,3772583,294111215,1854,-0.30
20121025,78.5,78.5,77.7,78.5,4071623,317930238,1700,+0.40
20121026,78.6,78.6,78.0,78.2,5707640,446653376,1977,-0.30
20121029,78.8,78.8,77.5,78.3,4005914,312497159,1532,+0.10
20121030,78.7,79.4,78.1,78.9,5938137,466509651,2308,+0.60
20121031,79.0,79.6,78.5,79.6,4292567,339132014,1861,+0.70
20121101,79.0,79.0,76.7,77.2,8528023,659023894,3880,-2.40
20121102,78.0,78.1,76.1,76.9,9513251,730744686,3744,-0.30
20121105,76.8,76.9,75.8,76.0,6070329,461994813,2662,-0.90
20121106,77.0,77.0,76.3,77.0,4243845,326143665,1989,+1.00
20121107,77.4,77.4,76.6,77.3,4824332,372215144,2143,+0.30
20121108,77.3,77.3,76.0,76.9,7283898,556484822,2616,-0.40
20121109,76.0,76.0,75.2,75.9,8095281,613122496,3870,-1.00
20121112,75.5,75.9,75.1,75.2,6045087,455093516,2370,-0.70
20121113,75.0,75.1,72.1,72.3,11559062,844620623,5615,-2.90
20121114,72.0,72.0,69.5,70.0,18897439,1326094255,7875,-2.30
20121115,70.0,70.0,67.4,67.7,21289220,1450745271,9553,-2.30
20121116,67.5,69.6,67.5,68.6,29034330,1982162570,11490,+0.90
20121119,69.0,71.3,68.9,71.0,15533265,1091361915,7746,+2.40
20121120,72.0,72.9,71.3,72.9,16596054,1199589694,7546,+1.90
20121121,72.9,72.9,71.0,71.6,9933996,711611483,5204,-1.30
20121122,71.7,72.0,70.3,70.5,8702539,616116542,4416,-1.10
20121123,70.9,72.6,70.9,72.4,11792549,851031809,5299,+1.90
20121126,72.8,73.5,72.5,73.0,7811142,569482966,3717,+0.60
20121127,73.0,73.6,72.5,73.5,6800625,498243931,3120,+0.50
20121128,74.0,74.0,72.4,73.3,6523623,475944032,2944,-0.20
20121129,73.9,76.0,73.5,76.0,13235361,995144694,6234,+2.70
20121130,76.0,77.6,75.6,76.5,12590795,966826122,4756,+0.50
20121203,76.0,76.5,76.0,76.3,5476830,417425810,2599,-0.20
20121204,75.8,75.8,74.0,74.6,11219182,837069552,3873,-1.70
20121205,74.8,75.4,74.7,75.2,7337091,551002580,3265,+0.60
20121206,75.0,75.5,74.3,75.5,5096129,381829579,2560,+0.30
20121207,75.8,76.5,75.8,76.1,4036781,307272874,2200,+0.60
20121210,76.6,77.1,76.5,77.0,6554646,504002453,2548,+0.90
20121211,77.0,77.0,76.4,77.0,5737841,440142797,2653, 0.00
20121212,77.4,78.0,77.4,78.0,9001257,699902122,3921,+1.00
20121213,78.2,78.8,78.2,78.8,6756575,531450318,3535,+0.80
20121214,78.8,78.8,78.0,78.5,5205578,408395919,2623,-0.30
20121217,78.5,78.8,77.5,77.8,4730543,369007273,2527,-0.70
20121218,77.6,78.1,77.3,77.5,4034290,312864590,1745,-0.30
20121219,78.1,78.3,77.5,78.3,4018618,313079416,1885,+0.80
20121220,77.8,77.8,76.6,77.3,5062629,389928077,1926,-1.00
20121221,77.2,77.2,75.4,76.5,6127756,465461022,2719,-0.80
20121222,76.5,76.7,75.4,75.6,1793548,135987065,991,-0.90
20121224,75.5,76.2,75.1,75.7,2930401,221309915,1621,+0.10
20121225,75.7,77.9,75.3,77.5,4090319,313243167,2051,+1.80
20121226,77.8,78.0,77.2,77.6,3574492,277261950,1639,+0.10
20121227,77.8,77.9,76.9,77.9,4645321,359572884,2132,+0.30
20121228,78.2,78.8,78.2,78.6,6043596,474367082,2492,+0.70
20130102,78.6,79.4,78.2,79.0,5239202,413741890,2006,+0.40
20130103,79.6,79.8,79.1,79.8,5879076,467377600,2634,+0.80
20130104,79.5,80.3,78.6,80.3,8202936,654516280,3227,+0.50
20130107,80.0,80.0,79.2,80.0,4973683,396680183,2306,-0.30
20130108,79.5,80.1,79.2,80.1,3664857,292624267,1385,+0.10
20130109,80.3,80.3,79.6,80.0,2757603,220524779,1239,-0.10
20130110,80.5,82.1,79.9,81.9,13084908,1064064884,4610,+1.90
20130111,82.0,82.0,80.9,81.0,4007035,325865405,1499,-0.90
20130114,80.5,80.5,79.0,79.8,4504430,359191748,2098,-1.20
20130115,80.4,80.5,79.5,80.2,4492767,359927590,2323,+0.40
20130116,80.2,80.2,79.3,79.3,4709042,375069618,2778,-0.90
20130117,80.0,80.0,78.6,78.8,3746025,296722138,1737,-0.50
20130118,80.0,80.2,78.8,80.2,3528738,281135443,1728,+1.40
20130121,80.2,80.2,78.9,79.9,2835544,225362388,1328,-0.30
20130122,80.1,80.1,79.3,80.0,2280158,181922574,1047,+0.10
20130123,80.0,80.0,79.2,79.8,2343221,186467030,1253,-0.20
20130124,79.9,80.0,78.6,78.8,3590036,284066613,1578,-1.00
20130125,78.6,78.8,76.8,78.8,8340656,649085543,4047, 0.00
20130128,78.9,79.2,78.1,78.5,3153760,247599286,1306,-0.30
20130129,79.0,79.1,78.4,79.0,3919575,309147922,1678,+0.50
20130130,79.3,80.0,78.8,80.0,4805485,381706388,2395,+1.00
20130131,79.2,80.2,79.2,80.2,6355928,507604521,1744,+0.20
20130201,80.1,80.1,79.6,80.1,3895375,311635806,1676,-0.10
20130204,80.1,81.0,79.7,81.0,7311927,588582182,3285,+0.90
20130205,80.9,81.0,80.0,80.9,5153217,414911051,2430,-0.10
20130206,80.9,81.0,79.9,80.0,7597826,608814357,2336,-0.90
20130218,80.8,80.8,79.0,79.0,9887940,787127477,2971,-1.00
20130219,79.0,79.5,78.1,78.9,5445622,427501483,2513,-0.10
20130220,79.0,79.0,78.2,78.6,10518071,824158448,3263,-0.30
20130221,78.9,78.9,77.9,78.2,7917588,619093064,2488,-0.40
20130222,78.2,78.7,77.6,77.6,6673758,519981746,2380,-0.60
20130223,78.0,78.2,77.7,78.1,2001433,156066690,694,+0.50
20130225,77.8,77.9,77.3,77.3,5670014,439392449,2467,-0.80
20130226,77.0,77.3,76.5,76.5,10148471,778836147,2646,-0.80
20130227,76.5,76.8,75.0,75.0,10978379,832035197,4522,-1.50
20130301,75.3,76.8,75.3,76.8,7514631,572624943,4025,+1.80
20130304,76.5,76.5,74.6,74.6,12253973,919026475,5778,-2.20
20130305,74.6,75.3,74.2,74.3,7768921,579165694,3530,-0.30
20130306,74.4,75.2,74.4,74.7,6646073,496831923,2966,+0.40
20130307,75.4,75.5,74.7,75.5,2480365,186483542,1762,+0.80
20130308,75.5,75.9,75.1,75.6,8760512,662162928,2245,+0.10
20130311,75.8,76.1,75.3,75.6,7506513,568005651,2380, 0.00
20130312,76.0,76.4,75.5,75.5,3753962,284849014,1927,-0.10
20130313,75.5,75.8,73.3,73.5,11404706,845059526,5462,-2.00
20130314,73.5,73.5,72.2,72.2,10220266,742430818,4148,-1.30
20130315,72.5,75.1,71.4,74.5,27449030,2005555894,7455,+2.30
20130318,73.0,73.6,72.3,72.7,5593156,406523588,3079,-1.80
20130319,73.0,73.1,72.5,72.5,6105531,444142429,2960,-0.20
20130320,72.5,72.5,71.5,71.5,7494293,538056936,3958,-1.00
20130321,72.0,72.1,71.3,71.3,5223661,374293538,2579,-0.20
20130322,71.3,71.8,71.1,71.5,5369162,383855769,2418,+0.20
20130325,71.5,72.1,71.5,71.9,2856951,205152348,1529,+0.40
20130326,71.6,71.6,70.7,70.7,7172771,508630645,3945,-1.20
20130327,70.7,70.8,70.0,70.8,6530556,459039309,3008,+0.10
20130328,70.8,71.0,70.4,70.6,7190849,508330630,3206,-0.20
20130329,70.8,71.9,70.6,71.9,3937042,280810076,2040,+1.30
20130401,72.1,72.1,71.1,71.2,2965701,212301681,1840,-0.70
20130402,71.1,72.0,70.8,71.5,5784602,413141125,2855,+0.30
20130403,71.9,71.9,70.8,71.1,2755791,195785307,1731,-0.40
20130408,70.5,70.8,69.6,70.0,10095634,706881780,4228,-1.10
20130409,70.0,70.2,69.8,69.9,5381101,376670770,2412,-0.10
20130410,69.9,69.9,68.5,68.5,12316177,849699626,4793,-1.40
20130411,68.6,70.0,68.6,70.0,5895066,409976420,2735,+1.50
20130412,69.5,70.4,69.4,70.0,5049239,353851063,2151, 0.00
20130415,69.7,70.4,69.6,70.0,3330755,233447350,1504, 0.00
20130416,69.4,69.7,69.0,69.0,6581223,455601355,3303,-1.00
20130417,69.0,69.0,68.0,68.0,11977250,817507646,5108,-1.00
20130418,68.0,68.5,67.7,67.8,6046529,412009872,3119,-0.20
20130419,67.8,68.5,67.6,68.4,5731463,390353541,2642,+0.60
20130422,68.5,69.3,68.4,69.0,5058826,348741183,2431,+0.60
20130423,69.1,69.4,69.0,69.0,3683426,254503594,1942, 0.00
20130424,69.4,72.3,69.4,72.3,12802793,913142096,5505,+3.30
20130425,72.3,72.5,71.1,72.2,10847608,781819876,4436,-0.10
20130426,71.5,72.7,71.5,72.2,10095587,728794364,3639, 0.00
20130429,72.2,72.2,71.0,71.0,4810142,344425231,2392,-1.20
20130430,71.4,72.6,71.4,71.6,9113190,656422229,3024,+0.60
20130502,71.9,72.0,71.3,71.8,8455192,605798248,2625,+0.20
20130503,72.2,72.2,70.7,70.8,5789217,412459303,2548,-1.00
20130506,71.6,72.1,71.5,71.6,6470261,464444069,2655,+0.80
20130507,71.6,72.2,71.2,71.8,7963112,572745481,2914,+0.20
20130508,71.8,73.6,71.8,73.3,10777378,788395494,4622,+1.50
20130509,73.6,74.3,73.1,73.5,8939568,659124836,3587,+0.20
20130510,73.5,74.2,73.4,74.0,5845584,431917075,2913,+0.50
20130513,74.0,74.1,73.0,73.0,2824846,207122361,1767,-1.00
20130514,73.0,74.0,73.0,73.1,5292770,388464103,2690,+0.10
20130515,73.7,74.0,73.2,73.9,5471550,402620949,2409,+0.80
20130516,73.9,74.8,73.6,74.6,9298103,691007113,3753,+0.70
20130517,74.2,74.6,73.6,73.6,3753949,278126834,1628,-1.00
20130520,73.7,74.1,73.3,73.3,4704163,347120399,1868,-0.30
20130521,73.6,73.9,73.3,73.9,3858074,284158122,1557,+0.60
20130522,73.6,74.0,73.3,73.3,4875179,358510496,2417,-0.60
20130523,73.2,73.2,71.2,71.2,9445233,679730379,4708,-2.10
20130524,71.2,71.8,69.9,70.0,10959908,772728804,4804,-1.20
20130527,70.0,70.7,70.0,70.4,4312586,303331009,2323,+0.40
20130528,70.5,71.1,70.2,71.0,3735618,264749778,1839,+0.60
20130529,70.8,71.5,70.6,71.1,4486413,319539223,2092,+0.10
20130530,71.1,71.1,70.0,70.0,9505615,669095706,3750,-1.10
20130531,71.3,71.4,69.5,69.5,10067060,704856060,3013,-0.50
20130603,69.5,70.3,69.0,69.5,5747439,400492810,2771, 0.00
20130604,69.6,70.0,69.5,69.9,7257197,505547390,3008,+0.40
20130605,69.8,69.8,69.2,69.6,5534644,384992825,2090,-0.30
20130606,69.4,69.7,69.1,69.4,6308707,437426225,2486,-0.20
20130607,69.8,70.3,69.2,69.9,6104339,426008673,2598,+0.50
20130610,70.0,70.7,70.0,70.0,4985744,350323480,2345,+0.10
20130611,70.1,70.1,69.5,69.5,9078018,633075860,2686,-0.50
20130613,69.1,69.1,68.3,68.4,12796547,877387060,4396,-1.10
20130614,68.4,68.8,68.2,68.5,8318423,569571698,2833,+0.10
20130617,68.5,69.9,68.5,69.7,5257646,363980681,3046,+1.20
20130618,69.4,69.4,68.8,69.0,6166905,426034096,2491,-0.70
20130619,68.9,70.0,68.9,69.6,6209996,431855397,2498,+0.60
20130620,68.5,69.0,68.5,68.6,7815221,536609785,2825,-1.00
20130621,68.0,68.7,67.3,67.8,24222541,1645196449,4013,-0.80
20130624,67.8,69.1,67.3,68.4,8703470,595240219,3162,+0.60
20130625,68.0,69.6,68.0,68.2,6756457,465655049,3322,-0.20
20130626,69.4,69.5,68.1,68.8,7657690,527476651,2676,+0.60
20130627,68.8,70.2,68.8,70.2,5431903,379170910,2276,+1.40
20130628,70.5,72.5,69.6,72.5,9040260,645731939,2890,+2.30
20130701,71.8,71.9,70.7,71.0,5293076,377246596,2283,-1.50
20130702,71.0,71.5,69.7,69.7,5422407,381187434,2570,-1.30
20130703,70.8,70.8,69.0,69.0,4529904,314515747,1992,-0.70
20130704,70.0,70.4,69.4,69.7,3024381,211273530,1497,+0.70
20130705,70.5,71.3,70.1,70.9,4856443,344594654,2252,+1.20
20130708,71.5,71.6,70.1,70.5,7552848,532750972,3018,-0.40
20130709,70.4,73.1,70.4,72.3,15353386,1109189999,5461,+1.80
20130710,72.8,72.9,71.9,72.7,9294507,674291679,2915,+0.40
20130711,73.0,74.4,73.0,74.4,15339069,1130598370,5809,+1.70
20130712,74.4,75.0,74.0,75.0,9486000,706430700,3772,+0.60
20130715,75.0,76.3,74.8,76.3,13015266,987377116,4844,+1.30
20130716,76.4,77.3,76.2,76.4,17124006,1312880388,6215,+0.10
20130717,73.1,76.0,73.1,75.0,22991089,1711017017,7285,X0.00
20130718,75.0,75.4,74.4,74.9,9774446,731363052,3536,-0.10
20130719,74.8,75.0,74.3,74.3,6862691,512442712,2497,-0.60
20130722,75.0,76.4,74.6,76.4,10981984,833593684,4500,+2.10
20130723,76.9,78.0,76.4,78.0,14937865,1156267584,5850,+1.60
20130724,78.0,78.0,76.7,77.5,6253539,482971183,2868,-0.50
20130725,76.8,77.0,76.1,76.7,5853441,448071657,2318,-0.80
20130726,77.0,77.5,75.5,75.5,5660499,432112655,2634,-1.20
20130729,76.0,77.0,75.5,75.8,5839428,444673046,2491,+0.30
20130730,76.2,77.0,75.6,76.4,6226249,475756376,2353,+0.60
20130731,77.0,77.1,75.4,75.4,8066502,613350965,2716,-1.00
20130801,75.4,76.0,75.1,75.1,4944702,372796401,2216,-0.30
20130802,76.7,78.0,76.0,77.8,12656761,977426264,4704,+2.70
20130805,78.0,78.2,77.1,78.0,7400633,576166527,2882,+0.20
20130806,77.7,77.7,75.5,75.8,7362156,559461803,3499,-2.20
20130807,75.5,75.5,74.6,74.8,6625537,496723274,3155,-1.00
20130808,75.0,75.6,74.5,74.7,6577508,492328728,2802,-0.10
20130809,75.0,75.0,73.2,73.4,8120406,599786044,3557,-1.30
20130812,73.4,74.6,73.4,74.4,3398515,252794889,1806,+1.00
20130813,74.5,74.7,74.0,74.4,3743958,278311949,1615, 0.00
20130814,74.0,74.0,72.8,73.8,8407385,616235014,3093,-0.60
20130815,73.1,73.5,72.2,73.0,8101807,590400518,3359,-0.80
20130816,72.8,74.5,72.5,73.6,5929815,437755010,2570,+0.60
20130819,74.5,74.5,72.5,72.5,7610630,554726891,3357,-1.10
20130820,72.5,73.3,72.3,72.5,6648297,484040081,2414, 0.00
20130822,72.1,72.1,70.5,71.0,13422429,954092511,5482,-1.50
20130823,71.8,73.3,71.4,72.5,7939578,576140064,3672,+1.50
20130826,72.8,73.4,72.0,72.8,5045362,368232131,2265,+0.30
20130827,72.1,72.6,72.0,72.2,4460656,322431047,2206,-0.60
20130828,71.4,72.2,71.3,72.0,3467580,248863263,1753,-0.20
20130829,72.8,74.0,72.8,74.0,6699364,493936398,3060,+2.00
20130830,74.0,74.6,73.4,74.6,5482902,406382712,2258,+0.60
20130902,74.1,75.0,74.0,75.0,3653512,272862464,1936,+0.40
20130903,75.4,75.6,74.2,75.5,4706704,354200338,2051,+0.50
20130904,74.9,76.2,74.7,76.0,5707833,431700129,2515,+0.50
20130905,76.2,77.0,76.0,76.9,7892961,603985497,3479,+0.90
20130906,76.8,76.9,76.0,76.0,4136053,315572610,2390,-0.90
20130909,76.0,77.1,75.8,77.0,7416573,568612741,3820,+1.00
20130910,77.0,77.0,76.1,77.0,5818194,446397291,2950, 0.00
20130911,76.5,76.8,75.9,76.5,8081319,615768610,3234,-0.50
20130912,76.0,77.1,76.0,77.0,4836070,371526389,2697,+0.50
20130913,76.3,76.9,75.9,76.2,3309648,252184848,1671,-0.80
20130914,75.6,76.5,75.6,76.1,1054086,80347036,869,-0.10
20130916,76.5,77.8,76.5,77.7,15768170,1222049721,4665,+1.60
20130917,77.0,77.5,76.8,77.5,8850100,683899037,2461,-0.20
20130918,77.4,77.5,76.6,76.6,7608373,587185735,2846,-0.90
20130923,76.2,77.4,76.2,77.0,6135992,472174223,2651,+0.40
20130924,77.0,77.2,76.6,77.2,6133778,472568608,2170,+0.20
20130925,76.6,77.5,76.5,77.5,4388212,339262778,1542,+0.30
20130926,77.5,77.8,76.5,76.8,3607567,278310654,1380,-0.70
20130927,77.0,77.5,76.8,77.5,5406030,416842852,1927,+0.70
20130930,76.3,77.0,75.8,76.3,6695896,511055204,2227,-1.20
20131001,76.2,77.0,75.7,77.0,5033556,386065051,2143,+0.70
20131002,77.0,77.9,76.8,77.6,8412272,652083930,3015,+0.60
20131003,77.5,80.2,77.4,79.6,18259898,1445154642,7466,+2.00
20131004,79.1,79.3,78.6,79.0,7755526,612248171,3184,-0.60
20131007,78.4,78.4,77.4,77.6,5147784,400870687,2199,-1.40
20131008,77.6,78.5,77.5,78.0,5348655,417325884,1804,+0.40
20131009,78.0,78.2,77.6,78.0,6571790,512369569,1889, 0.00
20131011,78.0,78.2,77.2,77.5,7540535,587823200,3021,-0.50
20131014,77.0,77.2,76.6,76.6,2838887,218070097,1613,-0.90
20131015,76.8,77.9,76.8,77.7,5191350,403067247,1961,+1.10
20131016,77.1,78.0,77.0,77.8,5283851,411140025,1764,+0.10
20131017,78.2,79.4,78.1,79.2,9448401,744981742,3842,+1.40
20131018,79.4,79.5,78.4,79.2,5704367,451449904,2385, 0.00
20131021,79.2,79.5,78.5,79.5,2546870,201413151,1133,+0.30
20131022,79.0,79.8,78.4,79.8,5025390,399327307,2112,+0.30
20131023,79.5,79.8,79.2,79.6,3412614,271408222,1463,-0.20
20131024,79.1,79.8,78.8,79.6,2202511,174865063,1334, 0.00
20131025,79.1,79.4,78.1,79.0,5444580,429791005,2072,-0.60
20131028,78.4,78.9,78.2,78.9,4267786,335480064,2529,-0.10
20131029,78.8,79.4,78.3,79.4,4870171,384476008,2148,+0.50
20131030,79.4,79.6,79.0,79.5,3273230,259469478,1414,+0.10
20131031,78.8,79.8,78.7,79.8,3982081,316639282,1643,+0.30
20131101,79.8,79.8,79.0,79.0,1696063,134385235,724,-0.80
20131104,78.4,78.4,77.3,77.3,4190447,325496000,2118,-1.70
20131105,77.3,77.3,76.0,76.0,5131307,392338260,2581,-1.30
20131106,76.0,76.7,75.8,76.0,3019171,229443599,1869, 0.00
20131107,76.2,76.6,75.9,76.4,3483228,265459686,2096,+0.40
20131108,75.6,76.3,75.5,75.9,3035601,230454506,1607,-0.50
20131111,75.9,76.3,74.9,75.7,3737451,281593501,1690,-0.20
20131112,76.3,76.9,75.6,76.7,2710788,207517263,1460,+1.00
20131113,77.0,77.0,75.0,75.0,6186675,466062529,3117,-1.70
20131114,75.0,75.2,74.1,74.2,6888560,513376700,3361,-0.80
20131115,74.9,76.4,74.3,75.8,5545488,420810952,2864,+1.60
20131118,75.7,75.9,75.1,75.9,2778134,209962003,1396,+0.10
20131119,76.2,76.4,75.3,76.1,3012818,228805769,1701,+0.20
20131120,75.8,76.2,75.0,75.1,3733579,281531939,2150,-1.00
20131121,75.0,75.0,74.0,74.1,5347333,397031383,2587,-1.00
20131122,74.1,75.4,74.0,75.1,3426909,256249769,1918,+1.00
20131125,75.9,76.5,75.7,75.8,4703540,357761795,2028,+0.70
20131126,75.8,76.1,75.2,75.4,6287019,474893802,1692,-0.40
20131127,75.8,76.5,75.5,76.0,2617052,199399914,1447,+0.60
20131128,76.3,77.4,76.3,77.4,5829506,449518362,2863,+1.40
20131129,77.3,78.1,77.0,77.8,5161387,401997269,2469,+0.40
20131202,77.8,78.1,77.5,78.0,2766962,215529414,1470,+0.20
20131203,78.0,78.0,77.3,77.4,2501249,194356598,1404,-0.60
20131204,77.0,78.2,77.0,78.0,3579746,278427122,1931,+0.60
20131205,78.0,78.2,77.4,78.1,3762079,293324317,1853,+0.10
20131206,78.0,78.2,77.1,77.1,4582270,356345290,2595,-1.00
20131209,78.4,79.1,78.0,78.9,7299853,575183920,3703,+1.80
20131210,79.0,79.2,78.4,79.0,3765293,297394642,1931,+0.10
20131211,79.1,79.9,79.1,79.7,6246404,496969074,2732,+0.70
20131212,79.1,79.6,78.6,78.9,3863604,305870298,1521,-0.80
20131213,78.7,79.5,78.6,79.1,3847444,304906284,1885,+0.20
20131216,78.9,79.3,78.2,78.2,3571097,281369466,1648,-0.90
20131217,78.2,78.9,78.2,78.2,3231672,253833511,1245, 0.00
20131218,78.0,78.7,77.7,78.1,4334258,338951424,1826,-0.10
20131219,78.3,78.9,77.9,78.1,2895257,226995446,1759, 0.00
20131220,78.0,78.2,77.6,77.6,7130840,555053743,2291,-0.50
20131223,78.1,79.2,77.8,78.8,5934302,467807286,2178,+1.20
20131224,78.8,79.5,78.4,79.0,3652971,289470169,1359,+0.20
20131225,79.0,79.7,79.0,79.5,2938724,233643194,1194,+0.50
20131226,79.5,79.6,78.4,79.1,2201096,173602433,1018,-0.40
20131227,78.9,79.5,78.8,79.2,3340970,264813230,1463,+0.10
20131230,79.4,80.2,78.9,80.0,8736258,696295379,3113,+0.80
20131231,79.8,80.7,79.7,80.5,6971223,560012481,2910,+0.50
20140102,80.3,80.5,79.6,79.8,3594781,287373607,1254,-0.70
20140103,79.4,80.0,79.0,79.5,4997943,396621954,1551,-0.30
20140106,79.2,79.4,78.3,79.0,4237735,334102488,1636,-0.50
20140107,79.0,79.4,78.4,78.4,3689087,290816388,1440,-0.60
20140108,78.5,79.0,78.0,78.0,3512200,275260900,1912,-0.40
20140109,78.6,79.4,78.0,78.8,4894136,385254760,1941,+0.80
20140110,79.0,79.0,78.1,78.8,3298124,259765326,1120, 0.00
20140113,79.2,79.7,78.9,79.0,3822034,302170148,1548,+0.20
20140114,78.5,78.8,78.3,78.6,3334674,261897091,1355,-0.40
20140115,78.3,79.4,78.3,79.0,4494597,354749902,1448,+0.40
20140116,79.6,79.7,78.9,79.2,4919028,390349263,1816,+0.20
20140117,79.2,79.2,78.6,78.7,1671246,131754163,775,-0.50
20140120,78.9,79.5,78.4,79.0,2508761,198364752,1190,+0.30
20140121,79.2,79.6,78.7,79.5,3144185,248700096,1366,+0.50
20140122,79.5,80.0,79.0,80.0,5265144,419996709,2423,+0.50
20140123,80.0,80.2,79.4,79.9,3609617,288357729,2102,-0.10
20140124,79.5,80.2,79.5,80.1,3769052,301404908,1659,+0.20
20140127,79.6,79.8,78.0,78.0,8554945,669612966,4251,-2.10
20140205,76.8,76.8,74.0,75.3,16863753,1270404591,7967,-2.70
20140206,75.3,75.6,75.0,75.2,10552368,793905566,5135,-0.10
20140207,75.9,76.2,75.2,75.4,9175238,694595408,4955,+0.20
20140210,76.0,76.3,75.4,75.6,3260349,247085555,2120,+0.20
20140211,75.3,76.3,74.8,76.3,3597330,272403680,1603,+0.70
20140212,76.3,76.9,76.3,76.9,3831628,293456465,1987,+0.60
20140213,76.7,77.0,76.1,76.5,2265636,173408525,936,-0.40
20140214,77.0,77.8,76.6,77.0,4456371,344543067,2164,+0.50
20140217,77.0,77.7,76.7,76.7,2066063,159132497,1302,-0.30
20140218,76.7,77.0,75.6,76.7,4780794,364100465,2070, 0.00
20140219,76.5,77.3,76.4,77.3,2753451,211422748,1291,+0.60
20140220,76.8,77.0,76.2,76.4,3183478,243542683,1611,-0.90
20140221,77.0,77.8,76.7,77.0,4025916,310536310,1765,+0.60
20140224,77.2,77.4,76.3,76.8,2372328,181777330,1062,-0.20
20140225,76.8,77.3,76.8,77.2,4515312,347714024,1506,+0.40
20140226,77.1,78.0,76.8,77.5,5549194,429263645,2502,+0.30
20140227,77.7,77.7,76.7,77.0,4339388,334217476,1402,-0.50
20140303,77.0,77.0,75.1,76.0,7473179,566414204,3548,-1.00
20140304,75.5,75.8,75.3,75.3,3006608,227131394,1901,-0.70
20140305,76.2,76.5,75.5,75.5,2627278,199083363,1611,+0.20
20140306,76.0,76.0,75.2,75.5,4525567,341638313,1932, 0.00
20140307,75.5,76.4,75.5,76.3,4209086,320017692,1718,+0.80
20140310,75.9,76.0,75.3,75.4,3736932,281956342,1643,-0.90
20140311,75.5,76.0,75.5,76.0,3091469,234270473,1151,+0.60
20140312,75.5,75.6,74.8,75.0,4310295,323252020,2167,-1.00
20140313,75.0,75.0,74.5,75.0,5545543,414456325,2016, 0.00
20140314,74.5,74.5,73.5,73.5,9666714,713298280,4841,-1.50
20140317,73.5,73.6,72.7,73.0,5327145,389032882,2801,-0.50
20140318,73.3,74.0,73.2,74.0,6048218,444416832,2120,+1.00
20140319,74.2,74.2,73.3,73.3,2834254,208480053,1208,-0.70
20140320,73.0,73.8,72.0,73.8,9565829,694562846,3350,+0.50
20140321,73.7,73.7,72.8,73.0,8231889,602472837,2004,-0.80
20140324,72.8,73.7,72.8,73.4,5658149,413518287,2469,+0.40
20140325,73.0,74.6,72.8,74.6,6052094,446041061,1987,+1.20
20140326,74.6,74.6,73.3,74.0,3978681,294711494,1581,-0.60
20140327,74.0,75.9,73.5,75.9,8365166,626516910,3143,+1.90
20140328,75.8,76.0,75.1,76.0,4682335,354594792,2425,+0.10
20140331,76.0,76.2,75.2,76.2,3902842,296286898,1434,+0.20
20140401,75.3,76.4,75.3,76.3,5031629,382984898,2145,+0.10
20140402,76.4,76.8,76.0,76.8,4247252,325216920,2079,+0.50
20140403,76.8,77.1,76.5,77.1,6325534,486231730,2380,+0.30
20140407,76.3,77.1,76.1,77.1,4880121,374273750,1832, 0.00
20140408,76.9,77.5,76.5,77.5,5942550,458208772,2572,+0.40
20140409,77.5,77.7,76.3,77.5,4033272,310876636,1629, 0.00
20140410,77.6,77.7,76.4,77.5,4939982,380563172,1778, 0.00
20140411,77.5,77.5,76.8,77.5,2860134,220939923,993, 0.00
20140414,77.2,77.5,76.9,77.5,3170333,244877579,1351, 0.00
20140415,77.4,77.8,77.1,77.8,6052043,468982598,1714,+0.30
20140416,77.6,78.0,77.2,77.4,5437048,422635896,2426,-0.40
20140417,77.6,77.7,77.0,77.6,2636931,204104542,1603,+0.20
20140418,77.6,77.8,77.3,77.8,1326294,102899860,823,+0.20
20140421,77.7,77.7,77.3,77.6,932812,72353461,496,-0.20
20140422,77.2,77.6,77.1,77.1,1595612,123369611,870,-0.50
20140423,77.1,77.1,75.8,75.8,3952935,301546652,2068,-1.30
20140424,75.6,76.8,75.6,76.8,2626223,200768606,1569,+1.00
20140425,76.8,77.1,75.6,75.7,5712927,436103946,1751,-1.10
20140428,74.9,76.8,74.7,76.1,3741014,284225521,1583,+0.40
20140429,76.2,77.8,76.0,76.9,3888330,298914425,1745,+0.80
20140430,77.2,79.0,77.1,77.8,12449981,971321098,4009,+0.90
20140502,77.9,78.6,77.3,77.8,5515802,429947033,2647, 0.00
20140505,77.8,78.0,77.1,78.0,2648632,205890617,1345,+0.20
20140506,78.2,78.2,77.2,77.7,3586023,278890552,1747,-0.30
20140507,77.7,78.2,76.7,78.2,5160218,399508933,2257,+0.50
20140508,77.2,77.9,77.0,77.4,2763022,213906664,1540,-0.80
20140509,77.3,77.9,76.9,77.8,3102471,240441430,1578,+0.40
20140512,77.2,77.4,76.6,77.0,2091339,161238409,1128,-0.80
20140513,77.1,77.6,76.9,76.9,3194931,246587012,1728,-0.10
20140514,77.0,77.8,76.8,77.3,4260701,329648077,1935,+0.40
20140515,76.9,76.9,76.1,76.6,2650392,202601470,1321,-0.70
20140516,75.9,76.8,75.7,76.4,2999214,228258662,1519,-0.20
20140519,76.4,77.2,76.4,77.2,2189430,168554229,985,+0.80
20140520,77.3,77.3,76.3,76.3,2275965,174370801,1187,-0.90
20140521,76.3,77.3,76.3,76.9,2064761,158511560,1096,+0.60
20140522,76.6,77.6,76.6,77.6,2594520,200667209,1545,+0.70
20140523,77.0,77.7,76.8,77.5,3006389,232134088,1570,-0.10
20140526,77.0,77.9,77.0,77.9,2275294,176538260,1140,+0.40
20140527,77.7,77.9,77.5,77.8,1035016,80457899,696,-0.10
20140528,78.0,78.2,77.6,77.7,5660642,441114178,2565,-0.10
20140529,77.2,78.1,77.2,78.1,2569442,200035685,1636,+0.40
20140530,78.1,78.2,76.7,76.7,6416433,494094024,1893,-1.40
20140603,76.7,78.0,76.5,78.0,4378735,339246495,2465,+1.30
20140604,77.3,78.0,77.3,77.5,1879630,145951804,1153,-0.50
20140605,77.4,77.5,76.8,77.5,2982896,229889139,1705, 0.00
20140606,77.4,77.4,76.6,77.1,2622725,201438868,1806,-0.40
20140609,77.1,77.1,76.6,77.1,1649440,126868109,1032, 0.00
20140610,77.0,77.1,76.7,77.0,3330083,255975925,1460,-0.10
20140611,77.0,77.0,76.2,76.7,5304900,406510218,1823,-0.30
20140612,76.8,77.0,76.5,76.5,4961633,380957810,1932,-0.20
20140613,76.2,76.7,76.1,76.7,5478047,418576232,2200,+0.20
20140616,76.9,77.0,76.1,76.4,4791365,366145420,1486,-0.30
20140617,76.6,77.2,76.4,76.8,4350134,333505633,1533,+0.40
20140618,77.0,78.4,77.0,78.0,10071980,783421994,4158,+1.20
20140619,78.6,79.4,78.1,79.3,9243097,729317563,3847,+1.30
20140620,79.3,79.4,78.5,78.5,5636796,444004322,2009,-0.80
20140623,78.5,79.5,78.5,79.3,4775517,378173543,2370,+0.80
20140624,79.2,80.0,79.2,79.9,7094208,565600606,2869,+0.60
20140625,79.9,79.9,79.1,79.1,2230620,177196717,1138,-0.80
20140626,79.0,79.8,78.8,79.8,2372728,188732753,1356,+0.70
20140627,79.8,80.0,79.3,79.8,4438076,353503711,1152, 0.00
20140630,79.8,79.9,79.5,79.8,4895250,390469605,1422, 0.00
20140701,79.8,80.1,79.6,80.0,6560824,524299206,2836,+0.20
20140702,80.0,80.6,79.8,80.2,10542868,845785864,3357,+0.20
20140703,78.3,78.6,77.6,77.6,10442467,816607493,2846,X0.00
20140704,78.0,78.1,77.5,77.5,4786481,372153039,2279,-0.10
20140707,77.3,77.3,76.6,77.0,4039113,310623527,1688,-0.50
20140708,77.0,77.4,76.8,77.4,3119782,240573314,1478,+0.40
20140709,77.2,77.3,76.8,76.9,2287441,176013788,845,-0.50
20140710,77.6,77.6,76.9,77.5,4072164,314825923,2291,+0.60
20140711,77.2,77.7,76.8,77.3,4729728,364863557,2006,-0.20
20140714,77.3,77.3,76.8,77.2,6390485,493099054,1487,-0.10
20140715,77.3,77.8,76.9,77.8,7160822,555394582,1620,+0.60
20140716,77.6,77.6,76.3,76.7,8723236,669874822,2500,-1.10
20140717,76.6,77.6,76.3,76.6,4945093,378820573,1895,-0.10
20140718,76.3,77.1,76.3,76.6,5695262,437368663,1644, 0.00
20140721,77.1,77.1,76.2,77.1,3747360,287399816,1772,+0.50
20140722,77.1,77.2,76.3,77.2,5110538,393275746,2046,+0.10
20140724,76.3,77.0,76.3,77.0,4877627,373668189,1578,-0.20
20140725,77.0,77.1,76.5,77.0,3800168,292297865,1559, 0.00
20140728,76.6,78.2,76.5,77.7,7195245,559659768,2424,+0.70
20140729,77.4,78.0,77.2,77.7,5881429,456629276,2762, 0.00
20140730,78.0,78.9,77.8,78.7,6120701,479961624,2229,+1.00
20140731,78.4,78.5,77.1,77.3,4541054,351817825,1686,-1.40
20140801,77.0,77.9,76.6,76.7,3434640,264018929,1521,-0.60
20140804,77.0,77.2,74.7,75.2,8615964,648238144,3339,-1.50
20140805,75.5,75.5,73.6,74.3,9666368,716225197,4122,-0.90
20140806,74.3,76.2,74.3,76.2,5006698,377154473,2309,+1.90
20140807,75.8,75.8,75.0,75.3,2638926,198305291,1380,-0.90
20140808,75.2,75.2,74.5,75.0,1690207,126436825,983,-0.30
20140811,75.6,75.8,75.1,75.5,2042077,154379900,708,+0.50
20140812,75.5,75.7,74.5,75.7,2709758,203490915,1396,+0.20
20140813,75.1,75.9,75.0,75.9,2411692,182246888,1814,+0.20
20140814,76.2,76.2,75.1,75.5,1735720,131048043,865,-0.40
20140815,75.6,76.3,74.7,76.3,2549003,193252228,1279,+0.80
20140818,76.3,76.3,75.4,75.4,1518211,114974989,908,-0.90
20140819,75.7,76.8,75.6,76.8,2551327,194863645,1561,+1.40
20140820,76.8,77.3,76.1,77.3,3592536,276105276,1857,+0.50
20140821,76.9,77.2,76.4,76.9,1812925,139403449,1011,-0.40
20140822,76.9,78.3,76.8,78.1,5114742,398572512,2796,+1.20
20140825,78.0,78.1,77.1,78.0,1828924,142214682,901,-0.10
20140826,78.0,78.0,77.5,78.0,2149974,167508960,1270, 0.00
20140827,78.0,78.6,78.0,78.6,4797847,376139992,2752,+0.60
20140828,77.7,78.5,77.7,78.5,3011152,235421943,1136,-0.10
20140829,77.8,78.1,77.5,77.5,4079617,316789497,1505,-1.00
20140901,77.4,78.3,77.4,77.5,2655811,207012072,1413, 0.00
20140902,77.5,77.9,76.9,77.4,2243055,173348035,1131,-0.10
20140903,77.7,77.7,76.9,77.5,2165660,167400931,1043,+0.10
20140904,77.5,78.1,76.8,78.1,2264237,175775887,1118,+0.60
20140905,78.0,78.1,77.6,78.0,1289336,100464252,671,-0.10
20140909,78.1,78.2,77.3,77.3,1296399,100605233,932,-0.70
20140910,77.0,77.0,75.6,75.8,3652493,277593330,2191,-1.50
20140911,75.8,75.9,75.5,75.5,1606068,121451717,743,-0.30
20140912,76.0,76.0,75.4,75.4,1602328,121146074,897,-0.10
20140915,75.4,76.0,75.1,75.3,2407503,181650748,1017,-0.10
20140916,75.3,75.3,75.0,75.0,2102663,157802125,1078,-0.30
20140917,75.2,75.5,74.6,75.2,4677472,351277100,2169,+0.20
20140918,75.2,75.3,74.9,75.1,2547855,191180815,922,-0.10
20140919,75.2,75.5,74.8,74.8,3325596,249170260,796,-0.30
20140922,74.7,74.7,73.3,73.5,7605875,560514750,3377,-1.30
20140923,73.5,74.0,73.2,73.5,3984105,292482505,1373, 0.00
20140924,73.3,73.9,73.2,73.3,2295156,168389322,1292,-0.20
20140925,73.4,73.5,72.8,73.0,4890401,357114738,1952,-0.30
20140926,72.9,73.5,72.7,73.5,4871264,355712932,1972,+0.50
20140929,73.1,73.1,71.6,72.0,9547357,687796286,4601,-1.50
20140930,71.6,72.5,71.0,72.1,8074577,577982135,4243,+0.10
20141001,72.0,72.0,71.0,71.4,4411305,314831113,2448,-0.70
20141002,71.2,71.2,70.6,70.9,5821591,412685681,2672,-0.50
20141003,71.0,71.6,70.7,71.5,4518933,321372778,2415,+0.60
20141006,71.5,71.5,70.6,70.9,5971788,423253048,3006,-0.60
20141007,70.6,70.8,70.0,70.8,6706076,472395468,3572,-0.10
20141008,70.4,71.1,70.3,71.1,5247157,371944538,2373,+0.30
20141009,71.4,72.6,71.0,71.0,7343483,526052169,2671,-0.10
20141013,70.0,70.2,69.5,69.5,8537709,596654028,3379,-1.50
20141014,68.6,69.5,68.0,69.4,5988742,412739416,2591,-0.10
20141015,68.7,68.7,67.5,68.0,9802012,666999296,4351,-1.40
20141016,67.1,68.4,67.1,67.7,7052511,478006436,3471,-0.30
20141017,68.0,68.0,65.4,65.4,27097333,1785697111,7201,-2.30
20141020,67.2,67.4,66.2,66.2,6599317,439563265,3229,+0.80
20141021,66.2,66.4,66.0,66.3,5717599,378341137,2493,+0.10
20141022,67.0,67.9,66.6,67.9,7562204,509911172,2940,+1.60
20141023,67.9,68.1,67.6,68.0,3818425,259368200,2220,+0.10
20141024,68.0,68.1,67.1,67.6,4977498,335565564,2402,-0.40
20141027,67.6,68.3,67.3,68.0,3747679,254269572,1824,+0.40
20141028,68.6,69.8,68.6,68.6,5821662,402915592,3403,+0.60
20141029,69.4,69.8,69.0,69.8,5177227,359462129,2395,+1.20
20141030,69.7,70.3,69.4,70.3,3885315,271567394,1289,+0.50
20141031,70.3,70.4,69.8,70.2,3551735,249082374,1686,-0.10
20141103,70.7,70.8,69.8,70.5,2664093,187368503,1363,+0.30
20141104,70.5,71.2,69.8,70.4,2998171,211964779,2023,-0.10
20141105,69.8,70.5,69.8,69.8,2235953,156588792,983,-0.60
20141106,69.8,70.9,69.8,70.0,2399349,168876006,1527,+0.20
20141107,69.5,70.0,69.3,69.3,1408223,97863332,927,-0.70
20141110,69.3,71.2,69.3,70.0,5237977,369055964,2796,+0.70
20141111,70.0,70.6,69.5,69.6,3502171,244683278,2154,-0.40
20141112,69.5,69.5,67.8,68.5,6022893,412279147,3180,-1.10
20141113,68.6,68.8,67.8,68.3,2543124,173874354,1204,-0.20
20141114,68.3,68.3,67.6,68.0,3328725,226242900,1564,-0.30
20141117,68.4,68.5,67.1,67.7,3025152,204666183,1800,-0.30
20141118,68.0,69.2,67.8,69.1,3298993,227094298,1880,+1.40
20141119,69.3,70.0,68.7,69.8,6741592,469978827,2416,+0.70
20141120,69.8,70.2,69.7,70.2,3393756,237503505,1890,+0.40
20141121,70.2,70.2,69.8,70.0,2554924,178867469,1337,-0.20
20141124,71.0,71.2,70.1,71.2,5746413,408079612,2015,+1.20
20141125,70.9,71.1,70.4,70.4,5714780,403245428,1475,-0.80
20141126,70.4,71.1,69.9,70.4,2421694,170617515,1141, 0.00
20141127,70.0,71.1,70.0,70.6,2391996,169385696,1228,+0.20
20141128,70.1,71.0,70.1,71.0,3145759,222471450,1347,+0.40
20141201,69.5,70.3,69.1,69.7,4705088,328265913,2118,-1.30
20141202,70.0,70.0,68.5,69.7,5450384,377078508,2619, 0.00
20141203,70.0,70.7,68.8,70.7,3429394,239855172,2160,+1.00
20141204,70.0,71.3,70.0,71.0,3909057,277552100,1759,+0.30
20141205,70.1,71.2,70.1,71.0,2200813,155945362,1602, 0.00
20141208,70.5,70.6,69.8,70.6,1731927,121540353,952,-0.40
20141209,69.1,70.0,69.1,69.8,3106319,216061580,1761,-0.80
20141210,69.2,69.4,68.0,68.8,5077895,347761448,3217,-1.00
20141211,68.4,68.5,67.8,68.0,2571882,175144028,1412,-0.80
20141212,68.0,68.3,67.2,67.3,4631149,313192334,2690,-0.70
20141215,67.1,67.1,66.0,66.0,4954000,327927765,2800,-1.30
20141216,65.6,67.3,65.6,66.4,7064481,470575467,3653,+0.40
20141217,66.6,66.8,65.0,65.1,8974758,588221730,4436,-1.30
20141218,65.9,66.2,65.4,66.0,4541960,298537060,2737,+0.90
20141219,67.0,67.4,66.3,66.7,5733019,383316249,2493,+0.70
20141222,68.0,68.2,67.5,68.0,4189801,284468796,1977,+1.30
20141223,68.2,68.7,67.9,68.7,4315175,294961395,2041,+0.70
20141224,68.8,71.7,68.4,71.7,16701310,1179995562,6418,+3.00
20141225,71.7,71.7,70.8,71.0,4118035,293016652,1593,-0.70
20141226,71.0,71.6,71.0,71.3,4563700,324765800,1928,+0.30
20141227,71.3,71.3,70.8,71.0,1788015,127018365,713,-0.30
20141229,70.7,72.1,70.7,72.1,6491786,466653507,3406,+1.10
20141230,72.1,72.5,71.8,72.1,5687861,410737206,2200, 0.00
20141231,72.1,72.3,71.2,72.3,4599176,331196729,1812,+0.20
20150105,71.6,72.0,70.0,71.5,4541651,322023763,2659,-0.80
20150106,70.0,71.1,69.0,69.0,8843281,618269597,4467,-2.50
20150107,68.5,69.5,68.5,68.5,5759971,396709273,3506,-0.50
20150108,69.8,73.0,68.9,72.0,12082018,870514158,5987,+3.50
20150109,72.5,72.9,71.8,71.8,4826530,349518428,2339,-0.20
20150112,71.7,74.0,71.5,74.0,9723350,713645230,5057,+2.20
20150113,73.9,75.0,73.3,74.5,11121918,829536783,5045,+0.50
20150114,75.0,75.0,72.8,73.2,7017114,516139122,3664,-1.30
20150115,73.3,74.0,72.7,74.0,3241359,238548130,1704,+0.80
20150116,73.9,74.5,72.2,72.8,5155118,376364264,2755,-1.20
20150119,73.6,75.1,73.6,74.6,7053467,526807671,3931,+1.80
20150120,74.6,75.5,74.4,75.5,7489236,563756788,2893,+0.90
20150121,75.5,76.0,74.8,76.0,7509759,569039447,3971,+0.50
20150122,76.0,76.5,75.7,76.2,6266035,477295126,2673,+0.20
20150123,76.5,76.7,75.9,76.4,5764204,440072247,2937,+0.20
20150126,76.3,76.7,76.1,76.5,6502405,497056890,1909,+0.10
20150127,76.6,76.6,75.9,76.5,4105358,313449916,1788, 0.00
20150128,76.1,77.0,76.0,77.0,5003248,384128960,2017,+0.50
20150129,76.4,77.2,76.2,77.2,5986090,459956080,2108,+0.20
20150130,77.1,77.2,76.5,76.5,4927194,377699278,2109,-0.70
20150202,76.9,77.5,76.6,77.3,3972118,306511742,2299,+0.80
20150203,77.3,77.8,77.2,77.5,4953787,383771542,2794,+0.20
20150204,77.8,78.6,77.8,78.5,10281782,805602121,4673,+1.00
20150205,78.5,78.5,77.6,78.0,3943833,307458009,2043,-0.50
20150206,78.6,79.0,78.0,78.3,5796278,453713284,2246,+0.30
20150209,78.6,78.6,77.8,77.8,5230308,409281251,2298,-0.50
20150210,77.6,78.0,76.9,77.4,3832069,296282889,1818,-0.40
20150211,77.4,77.5,76.4,77.1,5420553,417331749,2766,-0.30
20150212,76.8,77.0,75.2,77.0,7095551,539823476,3172,-0.10
20150213,76.4,77.3,76.2,76.7,5681260,435052812,2417,-0.30
20150224,78.2,78.5,77.2,78.1,9554735,743675061,4175,+1.40
20150225,78.3,78.5,77.3,77.9,4931629,383144936,2363,-0.20
20150226,77.9,78.0,77.1,77.5,7854153,609280985,2041,-0.40
20150302,78.5,78.5,75.9,76.1,5958570,457755420,3212,-1.40
20150303,76.5,76.9,75.6,76.0,4278787,324620133,2399,-0.10
20150304,75.5,77.0,75.4,75.9,4827743,366303445,2952,-0.10
20150305,76.4,76.5,75.0,75.0,5271471,396230825,2852,-0.90
20150306,75.4,76.7,75.0,76.2,8419041,638997116,2989,+1.20
20150309,76.0,76.5,75.0,75.0,7045412,531181900,3566,-1.20
20150310,75.1,75.2,74.2,74.2,6023198,449521607,2807,-0.80
20150311,73.7,74.0,73.4,73.5,7700924,566592671,3916,-0.70
20150312,73.5,74.8,73.4,74.8,3700823,275060598,1678,+1.30
20150313,74.5,74.9,73.6,73.6,5076280,375238239,2596,-1.20
20150316,73.6,73.9,73.4,73.5,5048200,371396897,2010,-0.10
20150317,73.7,74.6,73.4,74.0,4737464,350127266,2156,+0.50
20150318,73.5,75.0,73.5,74.5,6572089,490315177,3498,+0.50
20150319,75.0,75.6,74.5,75.6,4086877,307695321,2322,+1.10
20150320,75.6,75.8,75.0,75.8,6436265,486857194,2068,+0.20
20150323,75.8,75.8,74.5,75.3,3020652,226508402,1722,-0.50
20150324,75.3,75.7,74.8,75.7,3233354,243898066,1638,+0.40
20150325,74.8,75.2,74.0,74.0,5171386,384340764,2077,-1.70
20150326,73.5,75.1,73.4,75.1,4671970,348371632,2033,+1.10
20150327,74.5,75.6,74.5,74.9,4754011,357368508,1715,-0.20
20150330,74.9,75.5,74.3,74.9,3103580,232713447,1885, 0.00
20150331,75.6,75.9,74.8,75.9,4375963,331195889,2310,+1.00
20150401,75.2,75.2,74.5,74.5,3815214,284897701,2392,-1.40
20150402,75.0,76.0,74.7,74.8,3776913,284487088,2413,+0.30
20150407,75.2,75.9,75.2,75.6,4302874,325931771,2044,+0.80
20150408,76.0,76.0,75.0,75.6,4824641,365393580,2222, 0.00
20150409,75.6,76.5,75.2,76.0,4922170,373604332,2071,+0.40
20150410,76.2,76.5,75.9,76.5,4139908,315756256,1938,+0.50
20150413,76.9,77.8,76.9,77.7,8510398,659004055,3253,+1.20
20150414,77.5,77.9,77.3,77.9,7688795,597250792,2484,+0.20
20150415,77.9,77.9,76.2,77.0,7884257,605201610,3642,-0.90
20150416,77.1,78.0,77.0,78.0,7231742,562094097,2891,+1.00
20150417,78.0,78.3,77.6,77.7,5369152,418419835,2325,-0.30
20150420,77.0,77.7,77.0,77.1,2871323,222158715,1313,-0.60
20150421,77.6,78.5,77.4,78.5,6916338,540283449,3287,+1.40
20150422,78.5,78.6,77.5,78.6,8341123,654582484,2830,+0.10
20150423,78.7,79.4,78.5,79.1,8330585,658391148,3970,+0.50
20150424,79.5,81.3,78.8,80.5,15859884,1277019786,6522,+1.40
20150427,80.6,81.0,80.0,80.8,8031503,648599301,4213,+0.30
20150428,80.6,80.9,80.3,80.8,6176604,497873904,3511, 0.00
20150429,80.8,81.7,80.2,80.5,6696836,542672380,3651,-0.30
20150430,81.0,81.1,78.9,78.9,7090058,564731725,3194,-1.60
20150504,79.4,80.2,78.5,79.9,3804863,301672949,2360,+1.00
20150505,79.9,80.3,79.2,80.3,3474950,277879200,1927,+0.40
20150506,80.3,80.3,79.4,80.0,4174081,333801122,2111,-0.30
20150507,79.2,79.9,77.8,77.8,4880765,381917789,2519,-2.20
20150508,78.8,79.2,77.8,78.6,2561637,201642253,1492,+0.80
20150511,79.1,79.1,78.3,78.3,2896075,228185231,1552,-0.30
20150512,78.3,79.2,78.3,78.6,3748466,295441304,1998,+0.30
20150513,78.2,79.0,78.2,78.5,1925271,151274798,1388,-0.10
20150514,78.5,78.6,76.6,77.7,5771201,445952865,3144,-0.80
20150515,77.7,78.0,76.8,77.8,3703185,287425925,1782,+0.10
20150518,78.1,78.7,77.5,78.5,4654816,364185051,1900,+0.70
20150519,78.8,79.7,78.5,79.1,6150435,488068171,2903,+0.60
20150520,79.1,79.3,78.0,78.7,6905113,544144436,3317,-0.40
20150521,77.5,77.5,75.0,75.1,14413230,1091555458,6540,-3.60
20150522,75.3,77.5,75.3,77.4,8401678,645232741,3984,+2.30
20150525,76.2,76.8,75.8,76.2,4834995,368835087,3181,-1.20
20150526,76.7,77.1,75.6,76.0,4797537,364572380,2405,-0.20
20150527,76.0,76.1,75.5,75.5,5823395,441621003,3017,-0.50
20150528,75.5,76.0,74.8,75.1,7773728,584539300,3454,-0.40
20150529,75.1,75.8,74.8,75.3,7395352,557115509,1680,+0.20
20150601,75.3,75.8,74.5,74.7,3691194,276552766,1919,-0.60
20150602,74.9,76.0,74.7,75.7,4679924,352954146,2421,+1.00
20150603,75.7,75.9,74.9,74.9,3277933,246656355,1674,-0.80
20150604,74.9,75.0,71.0,73.2,9404592,688368136,4365,-1.70
20150605,73.1,73.5,72.5,72.6,5596830,408506021,2800,-0.60
20150608,72.2,74.5,72.0,73.8,3925831,288005819,2190,+1.20
20150609,73.7,73.7,72.6,73.0,2852842,208381462,1715,-0.80
20150610,73.7,74.7,73.2,73.7,2994088,221543659,1749,+0.70
20150611,73.7,73.9,73.0,73.9,4142088,303994890,1928,+0.20
20150612,73.8,73.8,72.4,72.8,5049538,367407987,2901,-1.10
20150615,72.8,72.8,72.3,72.5,3235743,234706350,1687,-0.30
20150616,72.5,72.5,71.7,72.0,3914826,281881372,2180,-0.50
20150617,73.0,73.0,70.8,70.9,6142221,438234827,3384,-1.10
20150618,70.9,72.4,70.7,72.0,7304956,522181027,3227,+1.10
20150622,72.0,73.5,72.0,72.5,4117216,299464416,2391,+0.50
20150623,72.8,73.0,72.0,72.1,2547970,184407919,1379,-0.40
20150624,72.1,73.3,71.8,73.3,3300881,240063513,1865,+1.20
20150625,73.0,74.2,73.0,73.7,5192788,382235106,2434,+0.40
20150626,73.7,73.9,73.0,73.9,3066127,225721425,1771,+0.20
20150629,72.3,72.8,71.6,71.7,3721181,268024154,2306,-2.20
20150630,71.7,72.6,71.7,72.6,4254563,307363246,2191,+0.90
20150701,72.5,73.4,71.8,72.8,3867140,282467338,1959,+0.20
20150702,73.3,73.3,72.2,72.6,3518893,255472733,1821,-0.20
20150703,72.6,72.6,71.7,72.5,3355916,241510669,1531,-0.10
20150706,71.9,72.9,71.7,72.2,2464944,177732951,1076,-0.30
20150707,72.2,72.7,71.8,72.0,3883866,279891745,1665,-0.20
20150708,71.3,72.0,70.0,70.0,7080656,499244134,3005,-2.00
20150709,70.0,70.5,69.1,69.8,4996347,347842406,2498,-0.20
20150713,71.0,71.0,69.9,70.0,5935710,415843700,2948,+0.20
20150714,70.7,70.9,70.2,70.5,8199905,577845786,3549,+0.50
20150715,69.6,72.3,69.5,72.3,7957074,561188387,4380,X0.00
20150716,71.9,72.0,70.8,71.9,4267643,305470146,2529,-0.40
20150717,71.8,72.0,71.1,71.9,2458605,176066228,1716, 0.00
20150720,72.3,72.5,70.1,70.8,3049468,217554815,1912,-1.10
20150721,70.5,71.5,70.5,71.3,1269754,90294296,699,+0.50
20150722,71.0,71.3,70.6,71.3,3243186,230340606,1658, 0.00
20150723,71.0,71.4,70.7,71.1,2736706,194522426,1170,-0.20
20150724,71.5,71.5,70.4,71.0,2287183,161758464,1081,-0.10
20150727,70.4,70.6,69.8,69.9,3133770,219661101,1564,-1.10
20150728,69.8,70.6,69.5,69.6,5474580,383071595,2849,-0.30
20150729,69.2,70.1,68.6,70.0,4576629,316918924,2224,+0.40
20150730,69.2,70.0,68.9,69.6,3658575,253973121,1808,-0.40
20150731,69.1,70.0,68.5,70.0,6622455,457156850,3219,+0.40
20150803,69.4,69.8,68.8,69.8,3728975,258405453,1946,-0.20
20150804,70.6,70.6,69.0,69.5,5370435,374326723,2627,-0.30
20150805,70.0,71.4,69.9,71.0,5078162,360496343,2753,+1.50
20150806,71.2,71.6,70.4,71.5,3750887,267379842,2335,+0.50
20150807,71.2,71.7,70.7,71.3,3486075,248903222,1869,-0.20
20150810,70.5,71.3,70.5,70.6,1538990,109300682,1035,-0.70
20150811,70.6,71.5,68.7,68.9,5748986,400642834,3305,-1.70
20150812,69.0,69.7,68.5,68.7,5940587,409069871,2941,-0.20
20150813,69.2,69.5,68.5,68.5,4629087,318574748,2520,-0.20
20150814,68.5,69.1,68.3,68.5,3989216,273320598,1593, 0.00
20150817,68.9,69.5,68.5,68.5,3020613,208186258,1497, 0.00
20150818,68.5,68.9,67.7,67.9,7565771,515216888,3335,-0.60
20150819,67.9,68.3,67.8,68.0,6158989,418951152,3019,+0.10
20150820,67.0,67.1,66.3,66.3,7544838,503262112,4244,-1.70
20150821,66.3,66.4,65.9,66.0,7558164,499748937,3309,-0.30
20150824,66.0,66.0,59.5,62.0,11171088,695213789,5162,-4.00
20150825,62.0,64.0,61.4,63.6,7106194,448929199,3312,+1.60
20150826,63.6,64.5,62.2,64.0,7624517,484522524,2382,+0.40
20150827,64.0,65.0,63.7,65.0,6776986,435912490,2570,+1.00
20150828,65.9,68.8,65.2,68.5,8068243,545640358,4185,+3.50
20150831,68.5,71.7,66.8,71.7,10888789,759680858,3491,+3.20
20150901,70.0,70.3,68.8,68.9,8302979,577109730,3977,-2.80
20150902,68.2,70.2,67.2,68.9,5372636,370153843,2500, 0.00
20150903,69.2,69.2,68.0,68.3,3347023,229043652,1828,-0.60
20150904,67.6,68.7,67.6,68.3,3411134,232541013,1769, 0.00
20150907,68.3,69.6,68.3,68.4,4303357,296591493,2030,+0.10
20150908,68.0,68.4,67.2,68.0,2911489,197130252,1537,-0.40
20150909,69.3,70.1,68.9,70.0,7276167,506823305,3614,+2.00
20150910,69.8,70.2,69.5,69.7,2675324,186676267,1327,-0.30
20150911,69.3,70.2,69.0,70.2,1875123,130682773,1094,+0.50
20150914,69.9,70.7,69.2,70.4,4224886,295633298,1688,+0.20
20150915,70.0,70.4,69.8,70.4,2484987,174537290,1384, 0.00
20150916,70.5,70.7,69.4,70.4,4473393,313549810,1999, 0.00
20150917,70.6,72.0,70.5,71.9,8895204,634921173,3973,+1.50
20150918,71.7,71.7,70.8,71.0,4541031,322661101,1528,-0.90
20150921,69.8,70.1,69.0,70.0,5567618,387131383,3314,-1.00
20150922,69.5,70.6,69.3,70.6,4280761,298630111,2767,+0.60
20150923,69.4,70.2,68.6,70.1,7535966,521758309,3506,-0.50
20150924,69.5,69.9,68.6,69.0,4537491,313826613,2873,-1.10
20150925,69.2,69.2,68.1,68.4,4229949,290438798,1818,-0.60
20150930,67.9,69.5,67.6,69.4,9435898,649355434,3590,+1.00
20151001,68.5,71.0,68.3,70.5,6061483,426099994,3445,+1.10
20151002,71.4,71.5,69.7,70.8,6210313,438316084,3256,+0.30
20151005,70.8,71.2,70.0,70.6,3823822,269758650,1887,-0.20
20151006,70.6,72.0,70.6,72.0,7243547,520037545,3401,+1.40
20151007,72.2,74.9,72.0,74.9,11766914,868740870,5539,+2.90
20151008,74.9,75.8,74.1,75.6,11393356,857976341,4649,+0.70
20151012,76.0,78.4,75.4,77.9,15045466,1165593890,5981,+2.30
20151013,77.6,78.1,76.7,77.2,11106318,856989932,5567,-0.70
20151014,77.2,77.2,75.4,75.5,7127140,541093722,3742,-1.70
20151015,76.8,77.0,76.1,76.1,7294447,559675358,3909,+0.60
20151016,76.2,76.5,75.4,75.4,5138802,389377905,2670,-0.70
20151019,76.1,77.7,76.1,77.0,8613085,662921484,4524,+1.60
20151020,77.4,77.4,76.5,76.8,6794422,522162512,3489,-0.20
20151021,77.0,77.2,76.0,76.1,5358721,410072396,3950,-0.70
20151022,75.6,75.8,74.7,75.1,4237986,318041450,2071,-1.00
20151023,76.8,77.0,75.9,77.0,5921770,454902259,3319,+1.90
20151026,77.5,78.5,77.4,78.5,13950770,1091102168,6830,+1.50
20151027,78.5,78.5,77.6,78.5,5577960,436639053,2502, 0.00
20151028,78.4,78.4,77.4,78.3,5788023,450866075,3149,-0.20
20151029,78.1,78.1,76.4,77.2,5364852,413408721,2826,-1.10
20151030,76.6,77.0,75.5,75.5,8097330,615192399,3618,-1.70
20151102,75.0,76.5,74.7,76.5,3691283,279649748,2271,+1.00
20151103,76.9,78.2,76.9,77.9,5078629,395191733,2998,+1.40
20151104,78.5,79.5,77.9,78.7,11473668,903464162,4777,+0.80
20151105,78.8,78.9,77.8,77.8,3247032,253555569,1368,-0.90
20151106,77.2,77.5,75.2,75.7,8279135,628954181,4187,-2.10
20151109,75.5,76.2,74.6,75.0,4475956,336374400,2241,-0.70
20151110,74.5,74.5,73.7,74.1,5061299,375093239,2610,-0.90
20151111,74.0,75.2,73.0,75.2,7454668,552899440,3616,+1.10
20151112,74.4,75.8,74.3,75.6,4692049,352967192,2269,+0.40
20151113,75.0,75.3,73.3,73.3,5576892,412355654,2664,-2.30
20151116,73.3,74.6,72.8,72.9,4664490,341035660,2490,-0.40
20151117,73.9,74.6,73.8,74.0,5009953,371414418,2287,+1.10
20151118,74.8,74.8,73.0,73.0,4717980,347425023,2997,-1.00
20151119,73.3,75.1,73.2,75.1,4784268,355109151,2369,+2.10
20151120,75.0,75.3,74.2,74.9,3066111,229034989,1851,-0.20
20151123,75.5,76.0,75.3,76.0,6468773,489588028,3976,+1.10
20151124,75.6,75.7,74.6,75.0,3488226,261361472,1769,-1.00
20151125,75.3,75.9,74.9,75.5,3866437,291468814,2098,+0.50
20151126,75.9,76.8,75.8,76.5,5252418,401131229,3244,+1.00
20151127,76.5,76.7,74.7,74.9,3772253,284171130,2540,-1.60
20151130,73.8,74.0,72.8,73.7,16764621,1231848941,3997,-1.20
20151201,74.4,75.6,74.1,75.6,6733343,505176481,3424,+1.90
20151202,75.0,76.2,75.0,75.3,5446780,412670439,2995,-0.30
20151203,74.8,76.2,74.6,75.8,6371927,482563183,3694,+0.50
20151204,74.9,75.1,74.1,74.8,5019977,374314275,3130,-1.00
20151207,75.3,77.0,74.2,74.5,6556885,493708229,3206,-0.30
20151208,74.2,74.5,72.9,72.9,7564385,554451740,3768,-1.60
20151209,72.9,73.5,72.7,72.9,6527315,475891449,2746, 0.00
20151210,72.1,72.8,71.5,72.2,9112594,658410168,3252,-0.70
20151211,72.5,72.5,71.6,72.0,7855932,565884504,2492,-0.20
20151214,71.1,71.3,69.8,71.3,4149617,294295451,1767,-0.70
20151215,71.9,72.7,70.1,70.5,8724548,618710275,4229,-0.80
20151216,71.8,71.8,70.7,71.1,4856167,345507157,2614,+0.60
20151217,71.4,72.8,71.3,72.8,6701650,483697316,3243,+1.70
20151218,72.3,72.8,71.8,72.8,8100980,586199735,2435, 0.00
20151221,71.3,72.4,71.3,72.4,3556136,256105405,1768,-0.40
20151222,72.5,73.2,72.1,73.0,4004978,291872390,2147,+0.60
20151223,73.2,73.3,72.4,72.8,2568582,186817888,1213,-0.20
20151224,73.5,73.8,73.0,73.4,4199892,307956989,1922,+0.60
20151225,73.8,74.0,73.0,73.1,2926835,214627346,1193,-0.30
20151228,73.5,74.2,73.2,74.0,3476491,256760218,1747,+0.90
20151229,73.5,74.0,72.8,72.9,3192185,233143474,1731,-1.10
20151230,73.3,73.5,72.3,73.5,3893033,284758497,1111,+0.60
20151231,73.0,77.0,71.8,77.0,9875030,738547939,2527,+3.50
20160104,74.1,74.2,71.8,72.4,8719871,633474021,4573,-4.60
20160105,72.4,73.5,72.4,72.9,5648250,411689362,3289,+0.50
20160106,72.6,73.5,72.5,73.0,7168049,522204857,3295,+0.10
20160107,72.9,73.0,70.7,73.0,12631392,906245848,5026, 0.00
20160108,72.3,72.3,71.2,71.4,5179793,370879991,2524,-1.60
20160111,70.3,71.8,70.1,71.7,8198743,583152253,2933,+0.30
20160112,72.6,72.9,71.7,72.9,5846394,423209855,2692,+1.20
20160113,73.2,74.9,73.0,74.9,10454122,776595475,4658,+2.00
20160114,73.6,75.2,73.1,75.2,9929484,736622235,3239,+0.30
20160115,74.9,75.5,74.1,75.5,12710851,951326944,5207,+0.30
20160118,74.1,75.6,74.0,75.5,9789710,734485172,3811, 0.00
20160119,75.4,75.7,74.8,75.5,4507006,339342338,1694, 0.00
20160120,74.8,76.0,74.6,76.0,7733053,581755481,2585,+0.50
20160121,76.1,76.1,73.9,73.9,5446209,405970332,2652,-2.10
20160122,74.6,74.8,73.7,74.4,3814249,282985835,2305,+0.50
20160125,75.0,76.0,74.7,76.0,6021280,455948874,2768,+1.60
20160126,74.2,75.4,74.2,75.4,4293580,321400900,2524,-0.60
20160127,75.8,76.0,74.8,74.9,2214148,166233859,1049,-0.50
20160128,75.4,76.3,75.0,75.6,5042935,381439993,2435,+0.70
20160129,75.0,77.3,75.0,77.0,8047090,615574675,3069,+1.40
20160130,77.4,77.4,76.5,76.5,2828164,217162916,1706,-0.50
20160201,76.5,76.8,75.5,76.2,4030656,306394256,2080,-0.30
20160202,75.9,76.7,75.8,76.5,5889124,450139430,2888,+0.30
20160203,75.7,76.4,75.1,75.3,4726598,356919255,2513,-1.20
20160215,74.4,75.8,74.3,75.8,6258418,469430975,2821,+0.50
20160216,76.0,77.0,75.8,76.4,4099894,313787394,2149,+0.60
20160217,76.5,76.8,75.9,76.8,3889555,297078746,1886,+0.40
20160218,77.0,78.0,76.7,77.7,5771846,447266559,3018,+0.90
20160219,77.7,78.1,77.1,78.1,4807419,374339933,2557,+0.40
20160222,78.2,78.5,77.2,77.8,3056437,237880409,1832,-0.30
20160223,78.0,78.1,77.2,77.4,2795081,216469339,1492,-0.40
20160224,77.4,78.5,76.9,77.0,3219217,249642951,1887,-0.40
20160225,77.7,78.3,77.3,78.2,3641561,284098527,2039,+1.20
20160226,78.6,79.0,78.4,79.0,8494469,669050424,3189,+0.80
20160301,78.2,79.6,78.2,79.5,8223276,651713588,3420,+0.50
20160302,80.0,80.5,79.7,80.0,6054634,484335727,2734,+0.50
20160303,80.0,80.2,79.6,80.0,7034734,562542000,3505, 0.00
20160304,80.0,80.1,79.6,80.0,5843351,466948507,2567, 0.00
20160307,80.1,81.0,79.8,80.0,9410667,754487761,4835, 0.00
20160308,80.2,80.5,79.5,80.0,9726149,777290064,4785, 0.00
20160309,79.5,79.8,78.3,78.4,7111143,559714563,3109,-1.60
20160310,78.5,79.2,78.0,79.0,7703110,606880040,3183,+0.60
20160311,78.8,79.1,78.4,79.0,4708138,371072526,2754, 0.00
20160314,79.3,79.7,78.4,78.8,3671705,290129087,2287,-0.20
20160315,78.7,79.4,77.9,78.5,4472497,351251999,2411,-0.30
20160316,79.0,79.0,77.6,77.9,5409759,421888317,3180,-0.60
20160317,78.9,79.9,78.7,79.0,7272595,576907844,4536,+1.10
20160318,79.4,80.5,79.3,80.5,14470873,1161006339,4379,+1.50
20160321,80.5,80.6,79.8,79.9,5272935,422167991,2512,-0.60
20160322,79.5,79.7,78.4,79.6,6945436,549517015,2447,-0.30
20160323,79.6,79.9,78.8,79.9,4199344,334251335,2059,+0.30
20160324,80.1,80.3,79.2,80.2,4968672,397942404,2612,+0.30
20160325,80.2,80.2,79.1,79.2,1581346,125659236,930,-1.00
20160328,79.7,80.0,79.3,80.0,3887503,310696918,1798,+0.80
20160329,79.7,80.0,79.3,79.6,3768541,300021184,1774,-0.40
20160330,80.0,80.8,79.7,80.8,10106484,813341903,3760,+1.20
20160331,81.1,81.5,79.2,79.8,10016010,802231984,4534,-1.00
20160401,79.0,80.2,79.0,79.5,7819313,621756862,3324,-0.30
20160406,78.5,79.3,77.5,77.7,8899018,692243970,4196,-1.80
20160407,77.6,78.3,77.1,78.3,4797149,372315193,2424,+0.60
20160408,77.5,79.0,77.2,78.9,6030490,471188095,2955,+0.60
20160411,78.5,79.0,77.6,79.0,2960603,232578034,1863,+0.10
20160412,79.4,79.7,78.8,79.5,4254952,337573084,2559,+0.50
20160413,79.5,81.0,79.2,80.7,9401249,758184551,3754,+1.20
20160414,81.2,81.9,81.1,81.4,7243183,589875423,3611,+0.70
20160415,81.5,82.4,81.1,82.0,5516133,451852010,2807,+0.60
20160418,81.7,81.7,80.8,81.2,3500029,284226712,2098,-0.80
20160419,81.5,82.1,81.4,81.6,8077955,659984517,3355,+0.40
20160420,82.2,82.5,80.0,80.8,7505795,609246784,4046,-0.80
20160421,80.6,80.6,79.5,80.2,5950076,475209148,2941,-0.60
20160422,80.2,81.0,79.7,81.0,4831453,387579093,2183,+0.80
20160425,81.3,82.1,80.5,81.9,6824913,554743680,3407,+0.90
20160426,82.0,82.0,80.8,80.8,7063475,572477040,2890,-1.10
20160427,81.0,82.0,81.0,81.7,6156078,503541631,2497,+0.90
20160428,82.0,82.0,81.0,81.5,8972150,732291266,3412,-0.20
20160429,80.9,81.2,80.1,80.3,6365088,513701655,2314,-1.20
20160503,80.4,80.7,79.0,79.0,5531986,439902427,2714,-1.30
20160504,79.8,79.8,77.1,77.6,8933375,696009648,2948,-1.40
20160505,77.3,78.1,76.7,77.2,6438222,497355421,3202,-0.40
20160506,76.6,77.9,76.5,77.8,5375959,415197400,2832,+0.60
20160509,77.4,77.7,77.0,77.6,3981236,307810702,1825,-0.20
20160510,77.3,77.8,76.8,77.1,5010880,386757234,2378,-0.50
20160511,77.2,77.8,76.5,77.0,5469831,420666997,2531,-0.10
20160512,77.0,77.4,76.8,77.1,3896203,300815138,2088,+0.10
20160513,77.1,77.4,76.3,76.5,7181254,551227867,3694,-0.60
20160516,76.5,77.4,76.5,77.2,5339542,411592134,2511,+0.70
20160517,77.2,77.4,75.5,77.1,5061318,387221105,2488,-0.10
20160518,77.1,77.8,76.6,77.7,5185584,400576689,2674,+0.60
20160519,77.1,77.6,75.7,75.9,7906365,601907975,3504,-1.80
20160520,76.2,76.8,76.0,76.3,5177192,395059198,2166,+0.40
20160523,75.7,77.8,75.0,77.0,5531038,424139498,2593,+0.70
20160524,77.1,78.5,77.1,78.3,3566457,279032484,2186,+1.30
20160525,79.0,79.0,77.6,79.0,4705630,369916093,2573,+0.70
20160526,78.6,79.2,78.0,78.1,3323032,260475380,1784,-0.90
20160527,78.6,79.0,78.2,78.4,3071649,240978767,1940,+0.30
20160530,78.4,79.5,78.3,79.1,4180174,329594773,1866,+0.70
20160531,78.7,79.2,77.8,79.0,11867596,934330319,2610,-0.10
20160601,78.5,79.5,78.3,79.0,3692688,291962393,2163, 0.00
20160602,79.1,79.5,78.8,78.9,2885571,228026980,1795,-0.10
20160603,79.0,79.3,78.4,79.0,3493992,275417957,1908,+0.10
20160604,78.5,79.0,78.5,78.8,765619,60246145,568,-0.20
20160606,79.0,79.8,78.0,78.5,3840522,302062048,2480,-0.30
20160607,78.9,79.9,78.7,79.9,7251584,576527707,3357,+1.40
20160608,79.9,81.5,79.9,81.3,10220694,827658908,4752,+1.40
20160613,81.2,81.2,78.6,79.0,5628076,447360964,3383,-2.30
20160614,79.0,79.3,78.1,78.6,4814684,377903085,2955,-0.40
20160615,78.1,79.8,78.1,78.7,4878131,384006774,2741,+0.10
20160616,78.7,78.7,76.7,77.0,6103814,471455537,3212,-1.70
20160617,77.9,78.0,76.7,76.7,5958686,459886782,2709,-0.30
20160620,77.8,77.9,77.0,77.5,4063652,314519545,1922,+0.80
20160621,77.5,78.2,77.2,78.2,4484280,349296486,1623,+0.70
20160622,77.9,78.5,77.7,78.4,3449134,269715669,1835,+0.20
20160623,78.1,78.1,77.0,77.1,4152349,321038686,2284,-1.30
20160624,77.6,78.4,75.5,75.7,9420690,719778188,4606,-1.40
20160627,75.7,76.6,75.7,76.2,3603033,274853994,1854,+0.50
20160628,76.2,76.6,75.8,76.0,7452178,567488528,4122,-0.20
20160629,76.3,77.2,76.3,76.9,5661030,434900380,3167,+0.90
20160630,77.3,77.8,76.8,77.8,9188275,711205168,4597,+0.90
20160701,76.8,79.2,76.4,78.8,15014607,1172458634,7377,+1.00
20160704,78.8,79.3,78.5,78.8,5522987,435727564,3271, 0.00
20160705,78.2,79.0,77.7,78.8,5039960,395342339,3320, 0.00
20160706,78.4,78.4,77.0,77.5,6953439,539362595,4118,-1.30
20160707,77.7,78.3,77.7,78.1,2996520,234085888,977,+0.60
20160711,78.8,79.7,78.5,79.4,9034733,716156707,4444,+1.30
20160712,79.3,80.8,79.1,80.6,20006664,1602904401,7869,+1.20
20160713,78.2,78.3,77.5,78.0,11079622,862425797,4649,X0.00
20160714,77.8,78.3,77.6,77.9,4757371,370786978,2631,-0.10
20160715,78.0,78.7,77.8,78.4,5668009,443734780,3147,+0.50
20160718,79.6,80.0,78.8,79.2,6916132,548001652,3361,+0.80
20160719,79.5,79.8,79.1,79.8,7396230,586698420,3374,+0.60
20160720,79.7,79.9,79.0,79.9,6319579,502266812,3501,+0.10
20160721,80.0,80.0,79.3,79.8,6632219,529561571,3678,-0.10
20160722,79.8,80.2,79.4,80.0,4258246,340083263,2337,+0.20
20160725,80.1,80.5,78.1,80.0,6981854,553985277,2827, 0.00
20160726,79.8,79.9,79.1,79.9,4633658,368737513,2191,-0.10
20160727,79.3,79.8,78.5,79.0,6032588,475354790,3784,-0.90
20160728,78.5,79.1,78.5,78.9,6432351,506821737,3162,-0.10
20160729,78.5,78.9,77.8,77.8,6706317,523807736,3091,-1.10
20160801,77.8,78.6,77.5,78.2,5396658,420712524,3286,+0.40
20160802,77.8,77.8,77.1,77.1,5095471,394099073,2913,-1.10
20160803,76.2,77.9,76.0,77.6,5668608,437347017,3337,+0.50
20160804,77.3,77.6,76.5,77.4,4067209,314119493,2639,-0.20
20160805,77.0,78.7,77.0,78.6,9638467,755682696,3327,+1.20
20160808,78.6,78.7,77.6,78.6,5396231,422265063,2182, 0.00
20160809,78.5,79.0,78.3,78.8,5899965,463869291,2454,+0.20
20160810,78.8,79.6,78.5,79.6,7861560,623880401,3521,+0.80
20160811,79.0,80.1,78.7,80.0,9246535,736869044,3761,+0.40
20160812,79.5,80.0,79.3,80.0,7400446,591495818,3088, 0.00
20160815,80.0,80.1,79.8,80.0,3754795,300212563,1740, 0.00
20160816,80.0,80.0,79.1,79.8,4426208,352862196,1793,-0.20
20160817,79.5,80.0,79.0,79.5,4045520,321775703,2663,-0.30
20160818,79.6,80.0,79.3,79.9,3100605,247731380,2072,+0.40
20160819,80.0,80.0,78.1,78.1,3765990,296135780,2095,-1.80
20160822,78.1,78.6,77.6,78.1,3280181,255770218,2076, 0.00
20160823,78.1,79.5,78.0,79.3,3079036,243415094,1791,+1.20
20160824,79.3,79.5,78.6,78.8,1435875,113679357,1069,-0.50
20160825,79.0,79.8,78.6,79.0,2520806,200144584,1611,+0.20
20160826,79.2,79.5,78.9,79.2,1356198,107386795,856,+0.20
20160829,78.9,79.6,77.7,79.6,2773101,218703368,1710,+0.40
20160830,79.6,79.8,78.6,79.3,2621288,207308004,1285,-0.30
20160831,78.7,79.2,77.8,78.3,5595712,438369965,1730,-1.00
20160901,77.8,78.0,76.9,77.0,5655800,436473200,2893,-1.30
20160902,77.0,78.1,77.0,78.0,2611620,203176689,1800,+1.00
20160905,78.4,79.0,78.3,78.7,2591608,204268646,1653,+0.70
20160906,78.9,79.7,78.5,79.7,3805497,301976763,1882,+1.00
20160907,79.6,80.1,79.6,80.1,6471399,517381656,3115,+0.40
20160908,79.8,79.8,79.3,79.6,2502566,199105713,1348,-0.50
20160909,78.6,78.7,77.8,77.9,5829220,454988896,3607,-1.70
20160910,77.1,78.0,77.1,77.5,2555604,197794100,1251,-0.40
20160912,77.0,77.1,76.5,76.6,6006988,460652359,2983,-0.90
20160913,76.7,76.8,76.0,76.5,6635788,506996573,3410,-0.10
20160914,76.0,76.5,75.9,75.9,7565604,574926353,2677,-0.60
20160919,76.2,77.5,76.2,77.4,2620989,202230925,1508,+1.50
20160920,77.4,77.5,77.0,77.3,1746792,134885418,944,-0.10
20160921,77.7,78.1,77.1,78.1,3273308,254808440,1916,+0.80
20160922,78.3,78.5,77.8,78.3,2175050,169975973,1407,+0.20
20160923,78.3,78.7,78.1,78.7,3792814,297219997,2072,+0.40
20160926,78.1,78.4,77.6,78.4,1796858,140436958,1012,-0.30
20160929,78.6,79.0,78.3,78.7,6453709,508416570,3027,+0.30
20160930,78.0,78.9,77.4,77.8,5323064,415578242,2524,-0.90
20161003,77.5,78.3,77.5,78.2,2598433,202630957,1260,+0.40
20161004,78.3,78.9,77.9,78.9,3745105,294305994,2242,+0.70
20161005,77.6,78.6,77.6,78.5,2929498,229808374,1399,-0.40
20161006,78.9,79.1,78.6,79.1,4216643,332768573,2114,+0.60
20161007,78.8,79.5,78.8,79.5,4405506,349685295,2565,+0.40
20161011,79.3,79.9,79.0,79.8,5652059,450110262,2761,+0.30
20161012,79.5,80.0,79.2,79.9,4309364,344352520,2238,+0.10
20161013,80.0,80.1,79.2,79.4,7229449,576386192,3741,-0.50
20161014,79.2,80.0,79.2,79.7,2648139,211289711,1471,+0.30
20161017,79.5,80.0,78.2,80.0,4566993,362637019,2770,+0.30
20161018,80.0,80.5,79.8,80.5,6977325,560203374,2971,+0.50
20161019,80.5,83.0,80.4,82.2,13434600,1099221968,6801,+1.70
20161020,82.2,86.0,82.2,85.0,17346184,1472995349,9220,+2.80
20161021,84.0,86.0,84.0,84.7,14796481,1254827174,4665,-0.30
20161024,84.7,85.2,84.1,84.1,5992610,508345517,2874,-0.60
20161025,83.9,85.2,83.9,85.0,4528355,384589968,2107,+0.90
20161026,85.0,85.5,84.5,85.0,4572635,388930338,2401, 0.00
20161027,84.4,85.2,83.5,84.9,7482780,631801990,3423,-0.10
20161028,84.9,85.9,84.7,85.6,7145911,611092773,3298,+0.70
20161031,84.5,85.7,83.6,85.4,5558980,472272900,2779,-0.20
20161101,84.1,85.5,84.1,85.0,5891318,501115876,2919,-0.40
20161102,84.1,85.0,84.1,84.6,5418064,457660256,2302,-0.40
20161103,84.2,85.1,84.2,84.9,8214401,697608386,2231,+0.30
20161104,84.5,85.2,84.4,85.2,6201812,527517949,2907,+0.30
20161107,85.1,85.5,84.9,85.5,5776137,493262212,2876,+0.30
20161108,85.9,86.3,85.5,86.3,11134922,955855138,4140,+0.80
20161109,86.5,87.0,83.4,84.2,11080340,937283600,4603,-2.10
20161110,85.8,87.0,85.7,86.4,17521738,1511146368,5606,+2.20
20161111,85.2,85.9,84.5,85.0,11360731,966543096,4585,-1.40
20161114,84.6,85.3,83.1,85.1,9332018,789285605,3831,+0.10
20161115,84.1,85.2,83.8,85.0,7848435,666250876,3524,-0.10
20161116,85.2,86.0,85.2,85.5,5936585,508420753,3182,+0.50
20161117,85.5,86.2,84.4,86.2,5051207,432577104,2137,+0.70
20161118,85.3,86.2,85.0,85.7,6996818,588406839,2767,-0.50
20161121,85.7,86.4,85.2,86.4,3359440,289138020,1653,+0.70
20161122,86.5,88.3,86.0,88.0,8938836,781811613,3575,+1.60
20161123,88.2,88.6,87.8,88.6,5825273,513473224,3066,+0.60
20161124,88.2,88.6,88.1,88.5,3013467,266245497,1745,-0.10
20161125,88.4,88.4,87.8,88.0,2911376,256500944,1631,-0.50
20161128,88.0,89.6,87.7,88.8,7270675,646314130,4468,+0.80
20161129,88.9,90.0,88.6,89.9,6406292,574024265,3339,+1.10
20161130,90.0,91.0,89.8,90.8,11408560,1035089387,3864,+0.90
20161201,91.0,91.5,90.8,91.1,7186619,655152229,3688,+0.30
20161202,90.5,91.5,90.2,91.4,6224940,567291492,2585,+0.30
20161205,91.0,91.1,89.8,90.3,5796411,524989490,2719,-1.10
20161206,91.1,91.1,90.0,90.3,6083887,550218330,2674, 0.00
20161207,90.8,91.0,90.4,90.9,5421533,492258030,3190,+0.60
20161208,91.2,92.0,91.1,91.5,10058071,920094061,5451,+0.60
20161209,91.2,91.9,91.1,91.9,6034903,554011885,3209,+0.40
20161212,92.1,92.5,91.7,91.9,4787122,441028827,2626, 0.00
20161213,91.8,91.8,90.7,90.9,4176232,379687422,2618,-1.00
20161214,90.9,90.9,90.0,90.0,6472877,584372766,2727,-0.90
20161215,89.9,89.9,88.6,88.8,7079836,629776729,3223,-1.20
20161216,89.4,90.5,89.2,89.4,9190748,825669572,4078,+0.60
20161219,89.3,89.4,88.1,88.4,4471082,395709785,2581,-1.00
20161220,88.0,89.1,88.0,88.7,3314828,294141456,1998,+0.30
20161221,88.8,89.6,88.4,89.0,3993044,355190679,2050,+0.30
20161222,88.7,88.7,87.1,87.1,6334434,555221067,3671,-1.90
20161223,86.8,87.1,86.1,86.1,6214748,537429769,2892,-1.00
20161226,86.5,86.9,86.3,86.4,2822306,244171414,1094,+0.30
20161227,86.4,87.0,86.3,86.4,2096960,181411936,912, 0.00
20161228,86.4,89.4,86.4,88.5,6322412,559854720,2234,+2.10
20161229,88.2,88.4,87.0,87.4,5337462,469282155,2097,-1.10
20161230,88.8,89.2,88.2,89.2,5826659,518721894,2424,+1.80
20170103,88.6,90.2,88.4,90.1,4769484,427671040,2472,+0.90
20170104,90.1,90.4,89.6,90.3,5752225,518617003,2534,+0.20
20170105,90.3,90.6,89.7,90.4,6506635,587405560,2778,+0.10
20170106,90.0,90.6,90.0,90.5,5939416,536778830,2452,+0.10
20170109,90.2,90.5,90.1,90.2,3018741,272454996,1576,-0.30
20170110,90.0,90.2,89.4,89.5,6069689,544130066,3175,-0.70
20170111,89.8,90.0,89.1,89.3,3784137,338967993,2545,-0.20
20170112,90.0,91.3,89.9,90.8,7967479,724232367,3600,+1.50
20170113,90.7,91.0,90.3,91.0,4466719,404433853,2437,+0.20
20170116,90.5,90.8,89.0,89.4,2958102,264965994,1785,-1.60
20170117,89.4,90.2,89.3,90.0,3937938,354476529,2184,+0.60
20170118,89.1,89.3,87.0,87.6,8215235,723621059,4591,-2.40
20170119,87.2,88.0,86.5,88.0,5048483,441548029,2882,+0.40
20170120,88.0,88.8,87.8,88.5,3331521,294741029,1681,+0.50
20170123,89.0,90.0,89.0,89.7,6537386,587060343,2964,+1.20
20170124,89.5,90.4,88.5,90.2,7537728,678185500,3176,+0.50
20170202,90.8,91.1,88.6,89.0,11917767,1071002463,4782,-1.20
20170203,89.5,90.4,88.6,89.0,7272855,647674095,2924, 0.00
20170206,88.8,90.0,88.8,89.8,8293844,743969024,3633,+0.80
20170207,89.0,90.7,89.0,90.7,8479176,766266444,3394,+0.90
20170208,89.7,90.6,89.0,90.2,12166725,1095185281,5604,-0.50
20170209,90.3,91.0,90.2,90.2,8932116,809702697,3591, 0.00
20170210,90.8,92.7,90.5,92.5,16007479,1468749124,6402,+2.30
20170213,92.4,93.0,92.0,93.0,7751951,718114983,3153,+0.50
20170214,93.0,93.0,91.9,92.5,8662092,800459264,3618,-0.50
20170215,92.5,96.5,92.3,96.5,17958323,1707249022,7347,+4.00
20170216,97.0,98.1,93.0,94.0,16299015,1545654253,7879,-2.50
20170217,94.2,94.3,93.1,93.5,4986674,466550303,2452,-0.50
20170218,93.5,94.0,93.5,93.8,2297379,215321912,687,+0.30
20170220,93.9,94.0,92.7,93.5,3987361,373044079,2341,-0.30
20170221,93.1,93.5,92.9,93.3,4081966,380431108,1686,-0.20
20170222,93.9,93.9,92.3,92.5,4273813,396919023,2205,-0.80
20170223,92.5,92.8,92.1,92.5,4895623,452355816,2751, 0.00
20170224,92.5,93.1,92.0,92.6,4843961,449468478,2637,+0.10
20170301,92.6,92.6,91.0,91.0,6506723,595670158,2779,-1.60
20170302,91.9,92.4,89.3,90.4,7525106,680388128,3088,-0.60
20170303,89.8,90.2,89.2,89.7,7949411,711250857,3502,-0.70
20170306,89.5,91.1,89.3,89.6,6130752,549682585,3714,-0.10
20170307,90.2,91.0,89.6,90.9,5571163,504319837,3285,+1.30
20170308,91.0,91.3,90.3,90.3,6128510,555131910,3312,-0.60
20170309,89.9,89.9,88.5,88.5,11378011,1013052437,5574,-1.80
20170310,89.0,89.1,87.6,88.0,7614679,670119865,4223,-0.50
20170313,88.2,88.7,87.7,87.9,3629014,319297032,2024,-0.10
20170314,88.5,89.3,88.3,89.1,4843988,431119506,2336,+1.20
20170315,89.0,89.7,88.1,89.4,3419410,304709106,1916,+0.30
20170316,89.8,91.0,89.6,90.7,7797778,705795793,3842,+1.30
20170317,90.9,91.3,90.5,91.3,8436792,768324780,2595,+0.60
20170320,91.3,91.8,91.0,91.8,3054663,279196055,1925,+0.50
20170321,92.0,93.0,91.8,93.0,7765265,719086081,4024,+1.20
20170322,92.7,92.7,91.4,92.2,4532595,416421329,2571,-0.80
20170323,92.4,92.5,91.6,92.5,2972239,274192475,1489,+0.30
20170324,92.5,92.9,92.3,92.9,4248103,393695910,2415,+0.40
20170327,92.7,93.0,91.9,92.9,3246851,300953311,1552, 0.00
20170328,93.0,93.1,92.1,93.1,6259668,581083687,3324,+0.20
20170329,93.0,93.0,92.3,92.6,4393771,407057662,2275,-0.50
20170330,92.6,92.6,91.6,91.6,4664101,428161377,2283,-1.00
20170331,91.6,92.0,90.4,90.5,7131651,647772946,3096,-1.10
20170405,91.0,92.7,90.5,92.7,10333164,944414216,4859,+2.20
20170406,92.0,92.5,91.6,92.1,4728184,434366442,2255,-0.60
20170407,91.2,91.5,90.7,91.5,5929194,540037247,2801,-0.60
20170410,91.9,92.8,91.7,92.8,5909077,545893433,3316,+1.30
20170411,92.9,93.9,92.6,93.3,11917139,1113055861,7247,+0.50
20170412,93.3,93.8,91.8,92.5,7262781,675284698,4029,-0.80
20170413,92.5,93.3,92.2,93.2,5916546,549682127,3774,+0.70
20170414,93.0,93.0,90.9,92.6,6029686,553889282,3554,-0.60
20170417,92.8,93.0,91.3,92.7,6678807,613971753,4014,+0.10
20170418,93.1,93.5,92.7,93.5,6429639,599091441,3380,+0.80
20170419,92.2,92.4,91.2,91.4,7771004,712911325,4000,-2.10
20170420,91.4,91.5,90.8,91.0,5405491,491640564,2571,-0.40
20170421,91.1,92.0,91.1,91.7,2851650,261381305,1473,+0.70
20170424,92.2,92.3,90.7,91.1,3402470,310140070,1776,-0.60
20170425,91.6,92.0,90.7,92.0,5319445,486022691,2588,+0.90
20170426,92.8,92.8,90.7,92.0,10615664,972649812,3550, 0.00
20170427,91.5,92.0,90.9,91.2,5318645,484807695,2212,-0.80
20170428,91.0,91.3,90.6,90.7,6628134,602221029,2722,-0.50
20170502,90.8,91.7,90.8,91.4,3546062,323735042,1960,+0.70
20170503,91.3,91.6,90.8,91.3,3165361,288645679,1568,-0.10
20170504,91.5,91.6,90.7,91.0,3714781,337734098,2279,-0.30
20170505,90.6,90.7,90.0,90.0,7011077,632688130,3531,-1.00
20170508,90.9,90.9,89.9,90.5,5171519,466538627,2046,+0.50
20170509,90.1,90.3,88.2,88.5,8235050,733164295,4674,-2.00
20170510,89.0,89.1,87.8,88.2,8073271,712084778,3713,-0.30
20170511,89.1,89.8,88.5,88.9,6976998,620345182,2996,+0.70
20170512,89.3,89.3,88.7,88.9,6594127,586385555,2197, 0.00
20170515,89.0,89.3,88.8,89.0,6155448,547528272,2865,+0.10
20170516,89.1,89.1,88.5,89.0,7950614,706216846,3360, 0.00
20170517,89.0,89.2,88.5,89.0,6625017,588643113,3687, 0.00
20170518,88.2,88.9,88.1,88.5,6671168,589969756,2598,-0.50
20170519,88.5,88.7,87.8,88.0,7379622,649783136,4151,-0.50
20170522,88.0,88.5,87.6,88.0,9667205,850734240,3930, 0.00
20170523,87.6,88.3,87.6,88.0,8887523,781787424,4373, 0.00
20170524,88.4,89.0,88.0,89.0,7077352,627145435,3499,+1.00
20170525,89.2,90.2,88.6,90.2,8220835,736828067,3543,+1.20
20170526,90.1,90.1,89.5,89.9,6286025,564603617,2747,-0.30
20170531,90.1,90.1,89.4,89.7,12591365,1128979464,3398,-0.20
20170601,90.0,90.5,89.3,89.4,5486448,492746333,2479,-0.30
20170602,89.8,90.0,88.6,89.3,4565554,407181806,2153,-0.10
20170603,89.3,89.7,89.1,89.4,1911776,170797304,1236,+0.10
20170605,89.1,90.0,89.1,89.5,4752067,425690253,2249,+0.10
20170606,89.9,90.2,89.3,90.2,4801662,431491222,2490,+0.70
20170607,90.2,91.3,90.1,90.7,7020223,637846336,3317,+0.50
20170608,90.5,90.8,89.3,89.3,5922573,533309340,2311,-1.40
20170609,89.3,90.1,89.3,90.0,6685134,600786598,2194,+0.70
20170612,90.1,90.2,89.3,89.3,6145221,551264197,2632,-0.70
20170613,89.5,90.1,89.5,89.8,3243144,291718775,1451,+0.50
20170614,89.8,90.4,89.6,90.4,3416964,307961460,1492,+0.60
20170615,90.1,90.4,89.5,90.1,3902691,350997232,1282,-0.30
20170616,89.9,90.0,89.5,89.6,5717671,512658998,1402,-0.50
20170619,89.7,90.7,89.7,90.7,2316507,209721291,1505,+1.10
20170620,90.6,91.2,90.5,91.0,2444765,222384281,1260,+0.30
20170621,90.6,91.4,90.5,90.7,7313678,664930245,2601,-0.30
20170622,90.8,91.4,90.8,91.0,3651838,333102176,1921,+0.30
20170623,91.0,92.0,91.0,91.5,5479529,502912114,2631,+0.50
20170626,91.4,93.3,91.3,93.3,20216994,1882151461,3826,+1.80
20170627,93.4,93.7,93.0,93.3,5371374,501175682,2361, 0.00
20170628,93.2,93.3,92.1,92.4,4853421,449336932,2626,-0.90
20170629,92.5,92.6,92.2,92.4,3283350,303426600,1661, 0.00
20170630,92.4,92.7,92.0,92.7,4946399,457261152,2090,+0.30
20170703,92.1,93.0,92.1,92.9,4405784,407774199,1824,+0.20
20170704,92.7,93.3,92.5,93.0,5234928,487054404,3105,+0.10
20170705,93.0,93.9,92.8,93.9,6100262,569241566,3272,+0.90
20170706,93.9,94.0,92.8,93.9,5883360,549325539,2553, 0.00
20170707,93.4,93.7,92.9,93.4,3438662,321228406,1432,-0.50
20170710,92.8,93.0,92.2,92.2,7127878,658933401,2802,-1.20
20170711,92.0,93.4,92.0,93.0,14092355,1310332939,5427,+0.80
20170712,89.0,90.1,88.7,89.7,8085515,721539059,3964,X0.00
20170713,90.1,91.6,90.1,91.4,7026711,640710201,4500,+1.70
20170714,91.4,91.4,90.3,90.5,3880443,351601065,2227,-0.90
20170717,91.1,91.3,90.8,91.0,1930780,175702560,1348,+0.50
20170718,91.0,91.1,90.2,91.1,2291011,207768601,1335,+0.10
20170719,91.3,92.0,91.0,92.0,4192708,384755666,2309,+0.90
20170720,92.0,92.1,91.3,91.7,2693133,246909810,1337,-0.30
20170721,91.5,91.6,90.6,91.5,2064292,188378325,1001,-0.20
20170724,91.4,92.0,91.0,92.0,2816834,258068119,1458,+0.50
20170725,92.0,92.0,91.2,91.2,2187148,200175555,1093,-0.80
20170726,91.2,91.4,90.0,90.0,2977684,269629960,1453,-1.20
20170727,90.5,91.5,90.4,91.5,3545937,323418467,1815,+1.50
20170728,90.8,91.6,90.8,91.5,3463972,316860718,1387, 0.00
20170731,91.5,91.5,90.0,90.6,8775868,793910017,3020,-0.90
20170801,90.6,91.4,90.5,91.3,6092547,554956177,3696,+0.70
20170802,91.3,91.4,90.8,91.0,2161482,196779788,772,-0.30
20170803,90.1,91.9,90.1,91.9,4602727,419866518,1652,+0.90
20170804,91.9,92.5,91.7,92.4,5034662,464398004,2169,+0.50
20170807,92.5,93.4,92.0,93.0,5459700,507858473,2172,+0.60
20170808,92.5,93.5,92.5,93.2,5491089,511602534,1995,+0.20
20170809,92.0,93.2,92.0,92.8,6575172,609685395,2278,-0.40
20170810,92.8,93.0,91.9,92.6,4565834,421260969,2480,-0.20
20170811,92.5,92.5,91.9,92.0,3893793,358875964,1567,-0.60
20170814,92.1,92.7,92.1,92.3,2972207,274521444,1786,+0.30
20170815,92.3,92.5,91.9,92.3,2926820,269629818,1328, 0.00
20170816,92.3,92.4,91.4,91.5,4782765,439949072,2493,-0.80
20170817,92.0,93.3,92.0,92.9,3785661,351901815,2027,+1.40
20170818,92.0,92.9,91.5,92.8,3369422,311675067,2248,-0.10
20170821,92.1,92.8,92.0,92.5,2769425,256216694,1199,-0.30
20170822,92.1,93.1,92.1,93.0,3985340,370378560,2032,+0.50
20170823,93.0,93.4,92.4,93.0,5121450,476769228,2886, 0.00
20170824,93.0,93.5,93.0,93.5,3630671,338853224,1809,+0.50
20170825,93.6,94.0,93.2,93.9,3934343,369035032,2023,+0.40
20170828,93.6,94.5,93.6,94.5,4497702,423798217,2306,+0.60
20170829,94.2,94.2,93.2,93.7,4091707,382864042,1918,-0.80
20170830,93.9,94.3,93.4,94.0,4470520,419370546,1686,+0.30
20170831,93.9,94.1,93.5,93.9,4460038,418366537,1968,-0.10
20170901,93.8,94.2,93.4,93.7,3610877,338602683,1717,-0.20
20170904,94.0,94.5,93.8,94.5,2698503,254164482,1536,+0.80
20170905,94.5,95.3,94.1,95.3,8095502,766144476,3620,+0.80
20170906,95.2,95.4,94.3,95.4,9395070,893486000,3269,+0.10
20170907,95.5,96.7,95.0,95.8,7167923,688645008,3812,+0.40
20170908,95.8,97.0,95.4,97.0,5878086,566312063,2899,+1.20
20170911,96.8,96.9,95.9,95.9,3353724,322374901,2161,-1.10
20170912,96.0,96.0,95.5,95.8,2760282,264434912,1278,-0.10
20170913,96.0,96.0,95.0,95.0,2415778,230286119,1451,-0.80
20170914,94.2,94.9,94.2,94.6,4004696,378512357,1662,-0.40
20170915,94.6,95.5,94.5,95.4,10587177,1008804922,1640,+0.80
20170918,95.4,96.0,95.2,96.0,3681982,352020943,1584,+0.60
20170919,95.6,95.8,94.6,94.8,3297716,313163247,1799,-1.20
20170920,93.9,94.5,93.6,94.1,3456165,324581610,1485,-0.70
20170921,94.0,94.2,93.4,93.8,2547209,238788227,1357,-0.30
20170922,93.6,93.8,93.0,93.0,2213404,206247772,1343,-0.80
20170925,93.5,93.6,92.2,92.3,3619626,334722949,1661,-0.70
20170926,92.3,93.0,92.1,92.8,2701160,250551185,1566,+0.50
20170927,93.0,93.6,92.7,92.7,1814796,168817914,1104,-0.10
20170928,92.4,92.4,91.2,91.5,5054708,464151264,2003,-1.20
20170929,91.0,92.2,91.0,91.8,4647750,426531476,1757,+0.30
20170930,92.0,92.4,91.7,91.8,1191990,109474950,592, 0.00
20171002,92.2,92.4,91.6,91.8,3302359,303142527,2042, 0.00
20171003,92.1,92.2,91.1,91.2,5522989,504053269,2708,-0.60
20171005,92.0,92.0,91.2,91.2,3625390,331510594,1901, 0.00
20171006,91.5,92.2,91.4,92.0,3374640,310352380,1286,+0.80
20171011,92.9,94.4,92.9,94.4,9828850,922950700,4433,+2.40
20171012,93.9,95.0,93.9,94.6,7579945,716539290,3275,+0.20
20171013,94.5,94.5,93.4,93.5,5044845,472783190,2178,-1.10
20171016,93.5,93.9,93.2,93.2,4088809,381772086,1693,-0.30
20171017,93.6,93.8,93.1,93.5,5801207,542137952,2116,+0.30
20171018,93.9,93.9,92.8,93.0,4945464,460317641,1821,-0.50
20171019,93.1,93.5,92.8,92.8,2605572,242342845,1576,-0.20
20171020,92.7,93.0,92.5,92.8,4885657,453095017,1728, 0.00
20171023,92.8,93.1,91.2,91.7,3507091,322332913,1913,-1.10
20171024,92.0,92.3,91.7,92.0,3962262,364252896,1850,+0.30
20171025,92.2,92.2,91.8,92.0,2460787,226233404,1013, 0.00
20171026,91.7,92.0,91.5,92.0,2692466,247058052,1518, 0.00
20171027,92.8,92.8,91.7,91.9,1802753,165868808,1008,-0.10
20171030,92.1,92.3,91.6,91.6,2394696,219886022,1055,-0.30
20171031,91.5,92.4,91.2,91.9,4120436,378154721,2015,+0.30
20171101,92.0,92.1,91.3,91.4,3410931,312154566,1819,-0.50
20171102,91.2,91.9,91.2,91.5,1997507,183019777,1124,+0.10
20171103,91.6,92.5,91.6,92.5,1991518,183351980,1103,+1.00
20171106,91.8,92.2,91.5,91.8,2568233,235794859,1615,-0.70
20171107,91.9,92.7,91.9,92.7,3564214,329457425,1818,+0.90
20171108,92.7,92.8,91.9,92.3,2695041,248645452,1638,-0.40
20171109,92.6,92.6,91.8,92.1,3783314,348534296,2070,-0.20
20171110,92.0,92.3,91.5,92.1,4132354,377820501,1308, 0.00
20171113,92.1,93.5,91.8,93.0,4733295,439868197,2288,+0.90
20171114,92.5,93.5,92.5,92.6,3128311,290459476,1625,-0.40
20171115,93.0,93.3,92.7,92.7,7014076,651920416,4180,+0.10
20171116,92.3,92.8,92.1,92.3,2964804,273963883,1548,-0.40
20171117,92.3,92.7,92.0,92.1,3982123,367497688,1956,-0.20
20171120,92.0,92.6,92.0,92.5,2632293,243348897,1744,+0.40
20171121,92.3,92.8,92.1,92.1,5023284,464044528,2785,-0.40
20171122,92.6,93.5,92.4,92.5,7911452,735337836,3176,+0.40
20171123,93.0,93.4,92.6,93.4,6534056,608153608,2881,+0.90
20171124,93.6,93.6,92.5,92.5,4811782,447717014,1942,-0.90
20171127,92.6,93.3,92.5,93.3,6011485,559345660,2183,+0.80
20171128,93.3,93.5,93.0,93.4,5841496,544940209,2297,+0.10
20171129,93.4,93.7,93.4,93.6,6139465,574133217,1581,+0.20
20171130,93.6,93.8,90.6,90.6,17032427,1554920957,2811,-3.00
20171201,91.5,93.2,91.5,92.8,7625912,704887645,3439,+2.20
20171204,92.8,93.6,92.4,93.3,4721151,440204743,2977,+0.50
20171205,92.9,93.8,92.9,93.6,6271908,586602558,3208,+0.30
20171206,93.5,93.5,92.5,93.0,5130656,476549326,2875,-0.60
20171207,93.0,93.8,92.7,93.0,6570650,612327877,2490, 0.00
20171208,93.0,93.5,92.8,93.0,6343520,591152660,2048, 0.00
20171211,93.4,94.0,92.9,92.9,4343412,405577104,1769,-0.10
20171212,92.5,93.4,92.5,93.3,4189213,389850009,2000,+0.40
20171213,93.3,93.6,92.9,93.5,3776144,352456804,2051,+0.20
20171214,93.7,94.2,93.5,93.9,5820689,546794767,2367,+0.40
20171215,93.8,93.9,93.3,93.3,8448534,789336991,1812,-0.60
20171218,94.1,95.2,93.9,94.7,7429342,703814216,3067,+1.40
20171219,94.3,95.4,94.3,94.8,6183364,586805343,2206,+0.10
20171220,94.9,95.2,94.6,94.8,2974398,282311453,1531, 0.00
20171221,94.9,95.5,94.3,94.9,3603020,342839774,1421,+0.10
20171222,95.1,96.0,95.0,95.4,6583169,628514005,1997,+0.50
20171225,95.5,96.1,95.2,96.0,2370999,227241782,1585,+0.60
20171226,95.9,96.3,95.6,96.0,3163803,303606118,1643, 0.00
20171227,95.8,98.7,95.8,98.5,10769918,1051498364,5754,+2.50
20171228,98.4,98.8,96.8,96.9,8999759,876615626,4558,-1.60
20171229,97.2,98.7,97.0,98.7,11516397,1130932233,5136,+1.80
20180102,98.6,98.6,97.2,98.1,5407964,528887150,3402,-0.60
20180103,98.1,98.5,97.7,98.5,6459420,633537060,4058,+0.40
20180104,98.5,98.6,98.0,98.5,6986409,687262891,3706, 0.00
20180105,98.6,98.9,98.3,98.4,5955166,586058168,2165,-0.10
20180108,98.5,99.5,98.4,99.5,11285468,1116173732,4958,+1.10
20180109,100.0,102.5,99.7,102.5,12461880,1259020460,5976,+3.00
20180110,102.5,103.0,100.5,101.0,11932854,1210224283,5269,-1.50
20180111,101.0,101.0,99.9,101.0,8914169,894924952,4248, 0.00
20180112,101.5,102.5,101.0,101.5,8389184,853410084,4165,+0.50
20180115,102.0,102.5,101.0,102.0,5556338,564750771,2581,+0.50
20180116,102.0,102.0,101.0,102.0,4222104,428988034,2288, 0.00
20180117,102.0,102.0,101.0,102.0,6013639,611708831,2991, 0.00
20180118,102.5,102.5,101.5,101.5,6107542,622969242,2216,-0.50
20180119,101.5,102.0,99.6,100.5,9174676,920398100,3354,-1.00
20180122,100.0,101.5,100.0,101.5,5928323,598295123,2101,+1.00
20180123,101.5,101.5,99.7,100.0,7400715,740098518,3953,-1.50
20180124,100.0,100.0,99.1,99.2,5319042,529043730,2896,-0.80
20180125,99.8,101.5,99.8,101.5,8247459,830594559,4207,+2.30
20180126,102.5,103.5,101.5,103.5,11595624,1188858772,4601,+2.00
20180129,104.0,104.5,103.0,104.5,5874749,609489396,2640,+1.00
20180130,104.0,104.0,102.5,103.0,7071554,729046275,2736,-1.50
20180131,101.5,104.5,100.5,103.5,9843041,1014482303,3194,+0.50
20180201,103.5,104.5,102.0,103.0,6629228,683334849,3740,-0.50
20180202,102.0,102.5,99.9,100.0,9482105,955141800,5189,-3.00
20180205,98.0,101.0,98.0,100.5,8092788,806957800,4180,+0.50
20180206,97.8,98.5,95.5,96.7,13388745,1300179249,6017,-3.80
20180207,98.7,102.0,98.7,101.0,15188424,1530016793,5834,+4.30
20180208,100.5,101.0,99.2,100.0,7319637,733254900,3450,-1.00
20180209,98.0,99.1,97.1,97.8,14136932,1384997039,6718,-2.20
20180212,99.0,102.5,98.9,101.0,11698080,1180804200,5062,+3.20
20180221,103.5,104.5,102.5,104.0,12949645,1342091213,6312,+3.00
20180222,102.5,103.0,101.0,102.5,8043397,819304494,4628,-1.50
20180223,103.0,104.0,102.5,104.0,5546374,572815022,2743,+1.50
20180226,104.0,104.5,103.5,103.5,5961635,620740405,2720,-0.50
20180227,104.0,104.0,103.0,103.5,6175277,639783531,2603, 0.00
20180301,101.5,103.0,101.5,102.0,8005672,817816044,4592,-1.50
20180302,100.5,101.5,100.0,100.5,6901619,693839189,2867,-1.50
20180305,101.5,102.0,101.0,101.0,6323089,640953989,2084,+0.50
20180306,101.5,102.0,101.0,101.5,3035161,307740761,1438,+0.50
20180307,101.5,102.0,101.0,101.5,6297219,640538719,2940, 0.00
20180308,101.5,102.0,101.0,101.5,3936734,399386634,2140, 0.00
20180309,101.5,102.0,100.5,101.5,4052036,409577636,2490, 0.00
20180312,102.0,103.5,102.0,103.5,4017408,413661795,2070,+2.00
20180313,103.0,103.5,102.0,103.0,4958418,509224824,2350,-0.50
20180314,101.5,103.0,101.5,102.0,9619803,982638806,1960,-1.00
20180315,102.0,103.0,102.0,102.0,2079018,212806336,920, 0.00
20180316,101.5,103.0,100.5,102.0,14426484,1466816108,5010, 0.00
20180319,102.0,103.0,102.0,103.0,2730782,280176134,1605,+1.00
20180320,103.0,106.0,102.5,105.0,10131377,1061391208,4653,+2.00
20180321,105.5,107.0,104.5,106.5,9481523,1008226650,3957,+1.50
20180322,107.0,108.0,103.5,104.0,15997422,1689003888,5028,-2.50
20180323,103.0,104.5,102.0,104.5,9129141,942024164,4330,+0.50
20180326,104.0,105.0,103.0,103.5,4293123,444215711,3020,-1.00
20180327,104.0,105.0,103.5,105.0,4117006,429169124,2205,+1.50
20180328,104.0,105.0,103.0,103.0,3673021,380612663,2502,-2.00
20180329,103.0,104.0,102.5,103.0,5704137,588448111,2762, 0.00
20180330,104.0,104.0,102.5,103.5,5408535,558410605,2501,+0.50
20180331,103.5,104.0,103.5,104.0,1419374,147130199,976,+0.50
20180402,104.0,104.0,102.5,102.5,4305063,443262943,2631,-1.50
20180403,102.5,103.0,101.5,102.0,6155163,626600126,4635,-0.50
20180409,103.5,105.0,103.0,105.0,6874298,713987492,4309,+3.00
20180410,105.5,105.5,104.0,105.5,5144973,540252165,3039,+0.50
20180411,105.5,106.0,104.5,105.5,4165952,438358960,2268, 0.00
20180412,105.5,106.5,105.0,106.5,4719478,498792407,2518,+1.00
20180413,106.5,107.0,106.0,106.5,6443152,686829112,3241, 0.00
20180416,106.0,108.0,105.0,107.5,6573590,701649130,2873,+1.00
20180417,107.5,107.5,105.0,106.0,7230505,766212430,3336,-1.50
20180418,106.0,107.0,105.5,106.0,4491930,476372080,2008, 0.00
20180419,105.0,106.5,105.0,105.5,8085060,854311300,2848,-0.50
20180420,105.5,106.5,105.5,106.5,6013248,637480788,2665,+1.00
20180423,106.5,106.5,105.0,105.5,4598371,486547455,2113,-1.00
20180424,105.5,105.5,103.5,104.0,7080016,736632164,3223,-1.50
20180425,103.0,103.0,101.5,103.0,7722581,789194843,4632,-1.00
20180426,103.0,104.5,103.0,104.0,5393699,560560833,2951,+1.00
20180427,104.5,105.0,103.5,104.5,4604564,480757156,2439,+0.50
20180430,105.5,106.0,104.0,104.5,6042021,633271277,2895, 0.00
20180502,104.0,106.0,104.0,105.5,3830653,403739565,1919,+1.00
20180503,105.0,105.5,104.0,104.5,4754570,498060280,2678,-1.00
20180504,104.5,106.5,104.5,105.0,6177324,654553020,3322,+0.50
20180507,105.5,106.0,105.0,105.5,3121908,329272779,1727,+0.50
20180508,105.0,106.0,105.0,105.5,4950698,521482790,2669, 0.00
20180509,105.5,106.5,105.0,105.5,4880716,516677680,2580, 0.00
20180510,106.0,106.5,105.5,106.0,5361742,567793652,2553,+0.50
20180511,106.5,108.5,106.0,108.5,8643455,928977887,4491,+2.50
20180514,108.5,111.0,108.0,111.0,11890971,1310201310,5025,+2.50
20180515,112.0,112.5,110.0,110.5,13939319,1551044372,5352,-0.50
20180516,111.0,111.5,110.0,111.0,10022250,1111753860,2836,+0.50
20180517,111.5,113.5,110.5,111.5,8633032,967717552,2867,+0.50
20180518,112.0,113.5,111.5,112.0,7124197,799336940,4181,+0.50
20180521,112.0,113.0,111.5,112.5,5285794,592796928,2349,+0.50
20180522,112.0,112.5,109.5,109.5,8132291,899010841,3649,-3.00
20180523,110.0,111.0,108.5,110.0,5968585,654986850,3141,+0.50
20180524,110.5,111.0,109.0,111.0,4828420,530417896,2668,+1.00
20180525,110.0,111.0,108.5,108.5,6144110,672653409,2579,-2.50
20180528,108.5,110.0,108.5,110.0,6353279,695032525,3233,+1.50
20180529,109.5,110.0,109.0,110.0,6127574,672837835,3504, 0.00
20180530,109.5,109.5,107.5,108.5,12668712,1372039993,6124,-1.50
20180531,109.5,111.0,107.5,107.5,26004884,2816539972,5086,-1.00
20180601,108.0,109.5,108.0,109.5,5936759,646073731,4101,+2.00
20180604,110.0,111.0,109.0,110.5,6788420,746326700,3544,+1.00
20180605,110.5,110.5,109.0,109.5,4693707,515260563,1791,-1.00
20180606,109.0,110.0,108.5,109.5,6243650,682092651,3042, 0.00
20180607,110.5,111.0,109.0,110.0,7830254,859362793,2811,+0.50
20180608,109.5,110.0,107.5,108.5,8887873,964562202,4071,-1.50
20180611,108.5,109.0,107.5,109.0,7051287,764375623,3021,+0.50
20180612,108.0,108.5,107.5,107.5,10121569,1092457650,3592,-1.50
20180613,108.0,108.0,106.0,107.5,11520074,1232904940,4401, 0.00
20180614,107.0,108.0,106.5,106.5,9957621,1066593122,3107,-1.00
20180615,107.0,107.0,105.0,106.0,18897718,1999653608,4066,-0.50
20180619,105.0,106.0,104.0,105.5,11423872,1201078979,5157,-0.50
20180620,105.5,108.5,105.0,107.5,9645514,1034099235,4906,+2.00
20180621,108.5,110.0,108.0,108.5,9120933,993571264,3623,+1.00
20180622,108.0,110.0,108.0,109.5,7287453,796577377,3454,+1.00
20180625,108.5,110.5,108.5,110.0,9023297,992156502,3311,+0.50
20180626,109.0,111.0,109.0,110.0,7878823,869056530,2591, 0.00
20180627,110.0,111.5,110.0,110.0,7086373,783179332,2608, 0.00
20180628,110.0,111.0,109.0,109.0,8481843,931499452,3390,-1.00
20180629,109.0,113.5,108.0,112.5,15678500,1747323225,4947,+3.50
20180702,111.0,114.0,111.0,112.5,10009886,1129018732,2829, 0.00
20180703,112.0,114.0,112.0,113.0,9506792,1078152583,3198,+0.50
20180704,113.0,114.0,111.5,114.0,9461476,1067544288,2767,+1.00
20180705,114.0,114.0,112.5,113.5,10667032,1208759616,4970,-0.50
20180706,113.0,113.5,109.0,109.5,17268500,1905135727,3914,-4.00
20180709,110.5,112.0,110.0,111.0,12261366,1359319626,2757,+1.50
20180710,113.0,113.0,111.5,112.0,12991952,1458434124,4167,+1.00
20180711,107.0,107.5,105.0,106.0,16300977,1731063034,5106,X0.00
20180712,106.5,107.5,105.5,106.0,10798844,1147433964,3164, 0.00
20180713,107.0,110.0,107.0,110.0,8386377,911488593,4207,+4.00
20180716,110.0,111.0,108.0,108.5,7460446,812877870,3049,-1.50
20180717,108.5,108.5,106.5,107.0,7088049,759103743,2950,-1.50
20180718,108.0,109.0,106.5,108.5,7840804,844162332,3959,+1.50
20180719,109.5,110.0,107.0,107.5,5291225,571154672,2477,-1.00
20180720,108.0,108.0,106.5,107.5,5261121,562613947,2717, 0.00
20180723,107.5,109.0,107.0,108.5,7287977,787418516,2812,+1.00
20180724,108.5,109.5,108.0,109.5,6746395,734101555,3341,+1.00
20180725,109.5,111.0,108.0,108.5,9524132,1041563306,3059,-1.00
20180726,109.0,111.0,108.5,111.0,9345189,1027122865,4010,+2.50
20180727,111.0,111.0,109.5,110.5,9126942,1007010120,4247,-0.50
20180730,110.5,112.0,110.0,111.5,6160354,684445794,2192,+1.00
20180731,111.5,112.5,111.0,112.5,9153499,1023823888,3456,+1.00
20180801,112.5,113.0,112.0,113.0,9331317,1051162644,3099,+0.50
20180802,113.5,114.0,110.5,112.0,9948194,1116644113,3463,-1.00
20180803,112.5,113.0,111.0,111.5,5277175,589771503,2501,-0.50
20180806,112.0,112.5,111.0,112.5,5017544,560684928,2727,+1.00
20180807,112.0,112.0,110.5,111.0,5763041,639542051,2644,-1.50
20180808,111.5,112.0,111.0,112.0,3895453,434801283,2025,+1.00
20180809,111.5,111.5,111.0,111.5,2384759,265400249,972,-0.50
20180810,111.0,111.5,109.5,110.5,5655001,624479110,1848,-1.00
20180813,110.5,110.5,107.5,108.0,5878664,638323521,3024,-2.50
20180814,108.0,110.0,108.0,109.5,5555225,605727025,2636,+1.50
20180815,109.5,109.5,108.0,109.0,3932951,427083159,2808,-0.50
20180816,108.0,109.0,107.5,108.5,3888432,420762656,2075,-0.50
20180817,109.0,109.5,108.5,109.0,3016155,329226395,2155,+0.50
20180820,109.0,110.0,108.5,109.0,7322461,798929079,2910, 0.00
20180821,109.5,110.0,108.5,109.0,4856152,530369378,2389, 0.00
20180822,109.0,110.0,109.0,110.0,2816546,308814771,1483,+1.00
20180823,110.0,113.5,109.5,113.5,9111037,1021496681,3981,+3.50
20180824,113.0,114.0,111.5,112.5,7565508,850175135,3501,-1.00
20180827,113.0,114.0,112.5,113.5,3742948,423529764,1906,+1.00
20180828,113.5,114.0,113.0,114.0,4179683,475572544,2086,+0.50
20180829,114.0,114.0,113.0,113.5,3175339,360033307,1664,-0.50
20180830,113.5,114.0,112.0,112.0,5675449,639241288,3340,-1.50
20180831,112.5,112.5,111.5,112.5,8221541,922524092,2583,+0.50
20180903,112.5,113.0,110.5,111.0,5143706,573381866,2832,-1.50
20180904,111.0,112.5,110.5,112.5,2975406,332631972,1843,+1.50
20180905,111.5,112.5,110.5,110.5,4689948,521381237,2498,-2.00
20180906,110.0,112.0,110.0,111.5,3928405,436042647,1787,+1.00
20180907,110.5,112.0,110.5,111.5,4762089,529111879,2209, 0.00
20180910,112.0,113.0,111.0,111.5,8328448,931420933,4087, 0.00
20180911,112.0,112.0,110.5,111.0,5416899,600384289,2307,-0.50
20180912,111.5,112.0,109.5,111.0,6799456,752710375,2704, 0.00
20180913,111.5,113.0,111.0,112.5,8279162,926468814,3092,+1.50
20180914,113.0,113.0,111.5,112.0,5636394,631116128,2665,-0.50
20180917,112.0,112.5,111.0,112.5,6728564,752788668,2442,+0.50
20180918,112.0,113.0,111.0,112.5,13557781,1520413847,4061, 0.00
20180919,113.0,113.0,112.0,113.0,14849116,1670489033,4393,+0.50
20180920,113.5,114.0,112.5,113.5,10116905,1145688265,4376,+0.50
20180921,114.0,119.5,114.0,117.5,28819931,3384553297,9228,+4.00
20180925,117.5,119.0,114.5,115.5,16950921,1970112834,5406,-2.00
20180926,115.5,116.5,113.5,114.5,11559378,1325905265,3910,-1.00
20180927,114.5,117.0,114.5,117.0,17522825,2031583087,4351,+2.50
20180928,117.0,117.5,116.0,117.0,12567562,1469095453,3839, 0.00
20181001,116.5,117.5,116.5,117.5,7666378,897950226,2474,+0.50
20181002,117.5,118.0,115.0,115.0,9376060,1087715915,5192,-2.50
20181003,115.0,115.0,112.5,113.0,10502754,1192568253,4222,-2.00
20181004,112.5,113.0,111.5,113.0,9190065,1033014845,3599, 0.00
20181005,112.0,114.0,109.0,111.0,12009812,1336333944,4384,-2.00
20181008,111.0,112.5,110.5,111.5,6167762,688651941,2700,+0.50
20181009,112.0,113.5,111.5,113.5,4644601,523188913,2407,+2.00
20181011,109.0,109.0,102.5,103.0,26948347,2822426640,11403,-10.50
20181012,101.5,106.0,101.0,106.0,16040860,1664375660,6501,+3.00
20181015,104.0,104.5,103.0,103.5,10992144,1137221976,3623,-2.50
20181016,103.0,104.0,103.0,104.0,6821501,705312504,2971,+0.50
20181017,104.5,105.5,102.5,103.0,9455597,980503310,3708,-1.00
20181018,103.0,104.0,102.5,103.0,5818033,598978399,2895, 0.00
20181019,102.0,103.0,100.0,103.0,8658438,878941114,2711, 0.00
20181022,102.0,103.5,101.5,103.0,3786548,388488208,1625, 0.00
20181023,101.5,102.5,101.0,101.5,5753608,584889516,2440,-1.50
20181024,101.5,102.0,100.0,101.0,7474962,752619162,3329,-0.50
20181025,96.5,99.9,96.4,98.6,9683063,955660773,4883,-2.40
20181026,98.9,100.0,97.3,98.2,10381866,1023842380,3493,-0.40
20181029,99.3,99.4,97.8,98.8,5034811,495684198,2039,+0.60
20181030,99.0,100.5,98.0,98.6,9759112,967259949,4243,-0.20
20181031,99.0,101.0,99.0,101.0,8267369,829503900,3035,+2.40
20181101,100.5,102.0,100.0,101.5,5608340,566936995,2179,+0.50
20181102,102.0,102.0,99.5,101.0,6344281,636739281,3262,-0.50
20181105,100.5,103.0,100.0,103.0,5577386,567219872,2577,+2.00
20181106,102.5,103.5,100.0,103.0,11499933,1170292166,2530, 0.00
20181107,102.0,103.0,102.0,102.5,7020844,718666588,2238,-0.50
20181108,103.0,103.0,101.5,102.0,7342773,749665846,2835,-0.50
20181109,101.5,101.5,100.0,101.0,8097263,815980403,3035,-1.00
20181112,100.5,101.5,100.0,101.0,3476212,351573788,1192, 0.00
20181113,99.1,101.0,98.9,100.0,4106578,410837276,1896,-1.00
20181114,99.9,100.5,99.4,100.0,3668815,366388500,1982, 0.00
20181115,100.5,101.5,100.0,101.0,2604529,262229929,1629,+1.00
20181116,102.5,102.5,100.0,101.0,3911592,395614292,2013, 0.00
20181119,102.0,103.0,101.0,102.0,6087871,619368342,3199,+1.00
20181120,102.0,102.0,100.5,100.5,4754579,481013174,2549,-1.50
20181121,100.0,100.5,99.5,99.8,5000521,499379323,2460,-0.70
20181122,100.0,101.0,99.9,101.0,2388077,239937177,1172,+1.20
20181123,101.0,101.5,100.0,100.5,3715350,373400163,1758,-0.50
20181126,100.5,102.5,100.0,101.0,5668908,571989208,2757,+0.50
20181127,101.0,101.0,99.0,99.0,6671810,663270143,3348,-2.00
20181128,99.2,100.0,99.2,100.0,5280394,526403600,2735,+1.00
20181129,100.5,101.5,99.5,99.5,7996063,799579757,4664,-0.50
20181130,100.5,101.0,99.5,100.0,9971188,998913600,3703,+0.50
20181203,101.5,103.0,101.0,102.0,7409629,757195329,3588,+2.00
20181204,101.0,102.0,101.0,101.5,6466381,656865537,2834,-0.50
20181205,101.0,102.5,99.4,101.0,5545972,560045272,2470,-0.50
20181206,100.5,101.0,99.7,100.0,6725347,674481100,2994,-1.00
20181207,100.0,100.5,100.0,100.5,4505484,451867625,3105,+0.50
20181210,99.3,100.0,99.3,99.5,4071081,405542577,2088,-1.00
20181211,99.3,99.5,98.5,98.5,7565009,747770791,3773,-1.00
20181212,99.0,99.3,98.1,99.0,7251611,715170589,3242,+0.50
20181213,98.4,99.4,98.4,99.1,6204087,613664750,2923,+0.10
20181214,98.7,99.5,98.7,99.2,6779424,672198046,3528,+0.10
20181217,99.4,99.8,98.9,99.3,3879629,385244180,2063,+0.10
20181218,98.8,99.4,97.8,98.0,7866177,773379224,4002,-1.30
20181219,98.3,99.5,97.9,99.3,4942832,488783117,2269,+1.30
20181220,98.2,100.0,98.2,99.6,6470551,643892754,3070,+0.30
20181221,99.5,99.7,98.6,98.6,4984833,492644367,1230,-1.00
20181222,98.9,98.9,98.3,98.3,806295,79371882,398,-0.30
20181224,98.2,98.4,98.1,98.3,2634318,258746933,1212, 0.00
20181225,96.0,97.2,96.0,96.7,3859550,373126968,2190,-1.60
20181226,96.7,97.6,96.0,96.3,3572278,344646766,2244,-0.40
20181227,97.4,99.0,96.6,97.8,3828222,374716582,2564,+1.50
20181228,98.0,101.0,98.0,101.0,7228094,722315300,2924,+3.20
20190102,100.0,100.5,97.6,97.6,7092649,701726819,3168,-3.40
20190103,97.6,97.9,96.0,96.0,6817026,659794497,3390,-1.60
20190104,95.5,96.3,94.8,95.3,9573274,912719873,4696,-0.70
20190107,96.7,99.5,96.7,99.5,7558441,744409579,4064,+4.20
20190108,99.9,102.5,99.4,102.0,12744229,1295347622,4576,+2.50
20190109,102.0,103.5,99.8,102.5,17073063,1742665126,5681,+0.50
20190110,100.5,101.5,100.0,100.5,12150789,1222734780,4315,-2.00
20190111,101.0,101.5,100.5,101.5,7005486,707800586,2959,+1.00
20190114,101.0,102.0,100.5,101.5,5241911,529800011,2010, 0.00
20190115,102.0,102.5,101.0,101.5,7329424,745773519,2999, 0.00
20190116,101.5,102.0,101.0,101.0,5541046,560822146,3028,-0.50
20190117,101.0,102.5,101.0,101.5,6713953,682478513,3104,+0.50
20190118,102.0,103.0,101.5,102.5,5372356,550753978,2732,+1.00
20190121,103.0,103.5,102.0,102.5,6273578,643784956,3034, 0.00
20190122,102.5,103.0,102.0,103.0,3884632,398582771,1843,+0.50
20190123,102.5,103.0,101.0,101.0,4427465,451157465,2304,-2.00
20190124,100.0,101.5,100.0,100.0,7558367,759388200,3689,-1.00
20190125,101.0,102.0,100.0,102.0,6775430,687668131,3053,+2.00
20190128,102.0,102.5,101.0,101.5,5830259,592532274,3277,-0.50
20190129,101.5,102.0,100.5,101.0,7209119,729217509,3316,-0.50
20190130,101.5,102.5,101.0,102.0,12080065,1228830630,5552,+1.00
20190211,103.0,103.5,100.0,100.0,9950495,1008816722,5098,-2.00
20190212,100.5,102.0,100.5,101.5,4969594,502853494,3121,+1.50
20190213,102.0,102.0,101.0,101.5,6565796,667096279,3349, 0.00
20190214,101.5,102.5,101.0,101.5,6908580,704396362,3077, 0.00
20190215,101.5,102.5,101.5,101.5,7316556,744259425,3368, 0.00
20190218,102.0,103.0,101.5,102.5,6245036,638068662,3172,+1.00
20190219,102.5,103.0,101.5,102.5,6686112,682916961,3987, 0.00
20190220,102.5,103.0,102.0,103.0,7497058,769116936,3364,+0.50
20190221,102.5,104.0,102.5,103.5,7134145,737547490,3149,+0.50
20190222,103.5,104.5,103.0,104.0,5824703,604857112,3499,+0.50
20190225,104.0,104.5,103.0,103.5,5276755,546599624,2283,-0.50
20190226,103.5,103.5,102.5,103.0,8956977,922507631,3248,-0.50
20190227,103.0,103.5,102.5,102.5,7114783,731041649,2480,-0.50
20190304,102.5,103.0,101.5,101.5,11058151,1127590902,4961,-1.00
20190305,101.5,102.5,101.0,102.0,6816610,694863220,3166,+0.50
20190306,102.0,103.5,101.5,103.0,8825577,907427041,2818,+1.00
20190307,102.5,106.0,102.5,105.5,10436620,1093289820,6072,+2.50
20190308,104.5,105.0,103.5,104.0,9190596,958680268,5018,-1.50
20190311,104.0,104.5,103.0,103.0,6338659,655823685,2354,-1.00
20190312,104.0,105.0,103.5,104.5,6311930,659028220,2954,+1.50
20190313,104.0,104.5,103.5,104.5,4273849,445593203,2179, 0.00
20190314,104.0,104.5,103.5,104.0,4584011,476819144,1907,-0.50
20190315,104.0,105.5,103.5,105.5,10749077,1125861585,3122,+1.50
20190318,105.0,106.5,105.0,106.5,6035709,638940987,2228,+1.00
20190319,106.5,107.0,106.0,106.0,4273585,454397704,2669,-0.50
20190320,106.5,106.5,106.0,106.5,4067264,432724984,2247,+0.50
20190321,107.0,107.0,106.0,106.5,4070862,433237288,1811, 0.00
20190322,106.5,107.5,106.5,107.5,5875301,629443147,2794,+1.00
20190325,106.5,107.0,106.0,106.5,6286199,669827672,2747,-1.00
20190326,107.0,108.0,106.5,108.0,4260110,458199801,2341,+1.50
20190327,108.0,109.0,107.5,109.0,4919289,533920332,2246,+1.00
20190328,108.5,109.0,108.0,109.0,5180637,563574593,2258, 0.00
20190329,109.0,109.5,108.5,109.5,8193404,894399036,3263,+0.50
20190401,109.5,110.0,107.5,107.5,7498598,813607269,4513,-2.00
20190402,108.5,108.5,107.5,108.0,4318244,466708208,1712,+0.50
20190403,108.0,108.0,107.5,108.0,4024917,434121536,2045, 0.00
20190408,108.0,108.5,107.5,108.0,8197539,886879212,4197, 0.00
20190409,108.0,109.5,107.5,109.5,7286487,791355083,2842,+1.50
20190410,108.5,110.0,108.5,110.0,4477175,489851644,2378,+0.50
20190411,109.5,110.5,109.0,110.0,3584719,393179710,1365, 0.00
20190412,110.0,110.0,108.0,108.5,6567097,713271504,2761,-1.50
20190415,108.5,109.0,108.0,108.5,4122706,447660577,2337, 0.00
20190416,108.5,109.0,108.0,109.0,6422748,695850141,2222,+0.50
20190417,108.5,109.5,108.0,109.0,8004651,868309121,2625, 0.00
20190418,108.5,109.0,107.0,108.0,10330429,1114573832,2409,-1.00
20190419,108.5,109.0,107.5,108.5,2786210,302166680,1367,+0.50
20190422,108.5,109.0,108.5,108.5,2191978,237878624,1329, 0.00
20190423,108.5,109.5,108.0,109.5,3096151,337132459,1442,+1.00
20190424,109.5,110.5,109.0,109.5,5438366,596218394,2959, 0.00
20190425,109.5,110.5,109.0,110.5,4117346,453388060,2003,+1.00
20190426,110.0,111.5,109.5,111.5,4668544,518161884,2017,+1.00
20190429,111.0,112.5,111.0,112.5,4732464,529719968,1730,+1.00
20190430,112.5,113.0,112.0,112.0,6441223,722856976,2059,-0.50
20190502,112.0,113.5,111.5,112.0,8516105,959371760,3226, 0.00
20190503,112.0,112.5,110.5,111.0,7675404,856153844,1935,-1.00
20190506,110.5,111.0,109.5,111.0,7648257,843367379,2658, 0.00
20190507,111.0,111.5,110.0,110.5,4955903,548273263,1988,-0.50
20190508,110.0,110.0,109.5,109.5,6101418,668883256,2732,-1.00
20190509,109.0,109.5,107.5,108.5,9290960,1008767645,3825,-1.00
20190510,108.5,110.5,108.0,109.5,7054081,771813853,3218,+1.00
20190513,109.5,110.0,108.5,108.5,5107575,555902870,1937,-1.00
20190514,107.5,109.0,107.5,108.0,5766686,623883415,2556,-0.50
20190515,107.5,109.5,107.5,109.0,4779185,520107665,1955,+1.00
20190516,109.0,110.0,108.5,108.5,4666861,509011897,2149,-0.50
20190517,109.0,109.5,108.5,108.5,3636961,395377753,2019, 0.00
20190520,109.5,110.0,109.0,110.0,4614229,505153059,2116,+1.50
20190521,110.0,111.0,109.5,111.0,7000600,772462785,3224,+1.00
20190522,110.0,110.5,109.5,110.0,4063163,446501331,2107,-1.00
20190523,109.5,110.0,108.5,109.0,6230424,677929216,2971,-1.00
20190524,107.5,108.5,107.5,108.5,5782632,624458559,2736,-0.50
20190527,108.5,109.5,108.5,109.5,2586670,281613030,1406,+1.00
20190528,109.5,110.5,109.0,110.0,12643810,1389437790,2180,+0.50
20190529,110.0,110.5,108.5,109.0,5111320,558061880,3183,-1.00
20190530,109.0,110.0,108.5,110.0,6298873,688662085,3407,+1.00
20190531,109.5,111.0,109.5,110.5,6121476,674767360,3043,+0.50
20190603,110.0,110.5,109.0,109.5,4599089,502940701,2166,-1.00
20190604,109.0,109.5,108.5,109.0,5706453,622338377,2724,-0.50
20190605,109.5,110.0,109.0,110.0,3635404,398099220,1896,+1.00
20190606,110.0,110.5,109.5,110.0,3763913,413653465,1409, 0.00
20190610,109.5,111.0,109.5,111.0,5372394,592608011,2185,+1.00
20190611,110.5,112.0,110.5,111.5,5408105,601004155,1869,+0.50
20190612,111.5,112.0,111.0,112.0,5362618,598389716,2453,+0.50
20190613,111.5,112.5,111.0,112.0,3983120,445234367,1630, 0.00
20190614,112.0,112.0,111.5,112.0,3563731,398179641,1409, 0.00
20190617,112.0,112.5,111.5,112.5,4310463,483210356,1845,+0.50
20190618,112.0,112.5,111.5,112.5,4436034,497755808,2061, 0.00
20190619,112.0,113.5,112.0,113.0,8513523,957846823,3646,+0.50
20190620,113.5,114.0,112.0,112.5,10615991,1198595967,2950,-0.50
20190621,112.5,113.0,112.0,113.0,13307910,1499738021,3112,+0.50
20190624,113.0,114.5,112.5,114.5,6029817,686358638,2954,+1.50
20190625,114.5,115.0,114.0,114.5,7706345,882849370,2494, 0.00
20190626,114.5,114.5,114.0,114.5,5602878,640795092,2511, 0.00
20190627,114.5,115.0,114.0,114.5,10478528,1199811792,3769, 0.00
20190628,114.5,114.5,113.5,114.5,7185879,821194624,2628, 0.00
20190701,115.0,115.5,115.0,115.0,12740384,1468635866,4831,+0.50
20190702,108.5,108.5,105.5,105.5,27724176,2960499156,9009,X0.00
20190703,105.5,106.0,104.5,105.0,5931691,622758746,3019,-0.50
20190704,105.0,105.0,104.0,104.5,3874065,404951325,2293,-0.50
20190705,105.0,105.5,104.0,104.5,2937701,307005605,1829, 0.00
20190708,104.0,104.5,103.0,104.0,4690024,486032996,2568,-0.50
20190709,103.5,103.5,101.0,102.0,9397077,955811366,4452,-2.00
20190710,102.0,103.5,102.0,103.0,5094540,521903620,2735,+1.00
20190711,103.5,103.5,102.5,102.5,4781778,491935634,2233,-0.50
20190712,103.0,104.5,103.0,104.0,7875161,818013423,3197,+1.50
20190715,104.5,106.0,103.5,105.5,9873466,1034850072,3088,+1.50
20190716,105.5,105.5,104.0,104.0,3965076,414625248,1968,-1.50
20190717,104.0,104.0,101.5,102.0,12239238,1247437527,5208,-2.00
20190718,101.5,102.0,101.0,101.5,3858734,391226868,2421,-0.50
20190719,101.5,102.0,100.5,101.0,6222919,629828218,3181,-0.50
20190722,101.5,102.5,101.0,102.0,6771731,688352062,3039,+1.00
20190723,102.0,103.5,102.0,103.5,6510942,668314473,3259,+1.50
20190724,103.0,103.0,101.0,101.0,6200179,630252650,3730,-2.50
20190725,101.0,101.5,100.5,101.5,6318674,638942248,2652,+0.50
20190726,101.0,101.0,100.5,101.0,4107177,413892194,2049,-0.50
20190729,100.5,101.5,100.0,101.0,5697919,573004754,2858, 0.00
20190730,101.0,101.5,101.0,101.5,4105900,416016826,1916,+0.50
20190731,101.5,101.5,100.5,100.5,10790128,1085573428,3268,-1.00
20190801,100.0,100.5,99.1,99.5,7374494,733641718,4301,-1.00
20190802,98.9,98.9,97.5,97.5,11966723,1172571290,6511,-2.00
20190805,97.0,97.3,95.6,96.5,11679711,1124522340,6749,-1.00
20190806,95.1,96.2,94.8,95.8,8372984,798031626,4719,-0.70
20190807,96.0,96.2,95.0,95.3,6457254,615418422,4323,-0.50
20190808,95.3,96.0,94.9,95.2,4504086,428876185,3092,-0.10
20190812,94.8,95.1,93.9,93.9,6035892,569061155,3770,-1.30
20190813,93.7,93.7,91.9,92.5,10460614,966668602,5839,-1.40
20190814,93.0,94.4,92.8,93.6,6191895,579113630,3280,+1.10
20190815,92.2,92.2,90.0,90.3,13904055,1263281805,7068,-3.30
20190816,90.3,91.5,90.1,91.1,9474293,860304340,4594,+0.80
20190819,91.5,92.1,91.2,92.0,6105040,560094174,3495,+0.90
20190820,92.0,93.3,91.9,93.1,5648576,524522259,3094,+1.10
20190821,93.2,93.6,92.8,92.9,5129039,478198423,3194,-0.20
20190822,93.9,93.9,92.3,92.3,4821383,447942620,2464,-0.60
20190823,92.4,93.4,92.4,93.4,2985240,277636340,1866,+1.10
20190826,92.4,92.4,90.9,91.7,6036911,553081323,3343,-1.70
20190827,92.3,92.4,90.6,90.6,13740466,1250227495,3706,-1.10
20190828,91.2,91.5,90.9,91.5,3923300,358292400,1980,+0.90
20190829,91.2,91.5,90.8,91.4,3950523,360210678,1887,-0.10
20190830,92.0,94.2,91.7,94.1,8693554,812793255,4543,+2.70
20190902,93.6,94.8,93.2,94.0,4399836,413736894,2370,-0.10
20190903,94.0,94.5,93.5,93.7,4410407,414227423,1972,-0.30
20190904,94.0,95.3,93.6,94.7,8079849,765011555,3841,+1.00
20190905,95.1,96.6,95.1,96.0,7529473,722186421,3802,+1.30
20190906,96.0,96.1,95.1,95.2,5001307,477772874,2209,-0.80
20190909,95.2,95.8,94.6,95.2,2560012,243533913,1873, 0.00
20190910,95.8,95.8,94.7,95.5,3948192,375970820,2577,+0.30
20190911,95.0,95.7,94.8,95.4,5455798,520031995,1898,-0.10
20190912,96.4,96.5,95.9,96.1,4671403,449831831,2002,+0.70
20190916,98.0,100.5,97.5,98.0,16810361,1663379668,8791,+1.90
20190917,98.9,98.9,97.4,97.8,6261623,612676903,3953,-0.20
20190918,97.4,98.2,96.8,97.6,6737479,658905387,3811,-0.20
20190919,97.6,97.9,96.6,97.3,2982790,289866938,1792,-0.30
20190920,97.5,97.6,97.3,97.6,8263253,805832569,2238,+0.30
20190923,97.8,98.0,96.5,96.8,5065377,492187136,2504,-0.80
20190924,96.6,96.8,95.9,96.7,5802833,558497112,2606,-0.10
20190925,96.1,96.5,95.0,95.5,6687903,637912271,3704,-1.20
20190926,96.0,96.2,95.6,96.2,4905863,470939199,2626,+0.70
20190927,95.3,96.2,94.5,94.5,4995618,475592449,2938,-1.70
20191001,95.6,95.6,94.0,94.8,7116037,673718815,4411,+0.30
20191002,94.1,94.8,93.7,93.8,5428607,511172764,2983,-1.00
20191003,92.3,93.7,92.3,93.1,4621443,429755101,2617,-0.70
20191004,92.8,93.5,92.7,93.3,4751744,441967952,2699,+0.20
20191007,93.3,94.1,93.1,94.1,2241597,210361944,1667,+0.80
20191008,93.7,94.9,93.7,94.3,3507484,330840310,2054,+0.20
20191009,94.3,94.5,93.1,93.1,3607184,337843584,2072,-1.20
20191014,93.7,93.8,93.2,93.3,7737554,722792369,4095,+0.20
20191015,93.5,94.6,93.3,94.6,4682139,439799824,2009,+1.30
20191016,94.9,95.9,94.6,95.9,6746383,644106778,3982,+1.30
20191017,95.9,96.9,95.5,96.6,5752689,554602926,2907,+0.70
20191018,96.2,97.0,96.0,96.0,4387998,423291683,2733,-0.60
20191021,96.1,96.8,95.2,95.4,4925948,470785719,2316,-0.60
20191022,95.7,96.8,95.4,96.8,5207492,501073197,3443,+1.40
20191023,96.3,96.8,95.6,95.8,4393733,421885891,2496,-1.00
20191024,95.8,97.5,95.8,97.5,5966402,578108694,3432,+1.70
20191025,97.5,97.7,96.7,97.3,3730332,362596163,2217,-0.20
20191028,97.4,97.4,96.4,97.2,3145919,304977503,1740,-0.10
20191029,97.9,97.9,97.3,97.7,3503154,341888058,2091,+0.50
20191030,96.3,98.3,96.3,98.3,6457634,630677032,3306,+0.60
20191031,98.6,98.6,97.5,97.8,5622172,550106411,2627,-0.50
20191101,97.8,98.1,97.5,98.1,1695283,165881351,1009,+0.30
20191104,98.2,98.9,98.2,98.9,4609817,454037952,2789,+0.80
20191105,98.5,99.4,98.1,98.9,6330649,624820318,2871, 0.00
20191106,99.1,99.1,97.9,98.7,5534677,543733126,2399,-0.20
20191107,98.7,98.7,97.5,98.2,4370672,428400874,1839,-0.50
20191108,98.2,98.2,97.0,97.4,5374906,523349812,2844,-0.80
20191111,97.2,97.2,96.3,97.0,5654417,547176049,2806,-0.40
20191112,97.2,97.3,96.4,96.9,4000635,386952900,2703,-0.10
20191113,96.5,96.8,96.0,96.3,3831604,369162836,1763,-0.60
20191114,95.6,96.7,95.6,96.6,2301521,221466105,1298,+0.30
20191115,97.9,97.9,96.3,96.8,2951955,286042827,1872,+0.20
20191118,96.8,97.4,96.4,97.4,2261505,219119062,1119,+0.60
20191119,96.6,97.4,96.5,97.4,3758476,364813436,1832, 0.00
20191120,97.0,97.0,96.3,96.5,5470345,528134573,2343,-0.90
20191121,95.6,96.3,95.5,96.2,3508295,336745157,1546,-0.30
20191122,96.5,96.8,96.0,96.8,2946335,284318903,1127,+0.60
20191125,96.9,97.3,96.6,97.0,3053736,295935992,1490,+0.20
20191126,97.0,98.5,96.8,98.0,19827607,1942258286,4001,+1.00
20191127,97.4,98.5,97.4,98.4,3970932,389114008,2159,+0.40
20191128,98.4,98.7,98.0,98.3,4111980,404373904,2160,-0.10
20191129,98.3,98.5,97.0,97.2,5642337,551169065,2216,-1.10
20191202,98.0,98.2,97.5,98.1,2977666,291423744,1564,+0.90
20191203,97.7,97.8,97.0,97.5,4268370,415158046,1832,-0.60
20191204,97.5,97.5,96.3,97.5,4012461,388775229,2502, 0.00
20191205,97.6,97.7,96.4,96.4,4246489,410548563,2259,-1.10
20191206,96.3,97.2,96.2,97.2,2242719,217150443,1379,+0.80
20191209,96.7,96.8,96.3,96.7,4712515,455196371,1874,-0.50
20191210,96.5,96.5,96.1,96.5,4327674,417036258,1386,-0.20
20191211,96.5,96.5,96.0,96.5,3331091,320787260,1445, 0.00
20191212,96.5,97.2,96.5,96.9,5144310,498767095,2424,+0.40
20191213,97.3,97.5,96.8,96.8,6450550,626324109,2773,-0.10
20191216,96.8,97.9,96.7,96.8,5091926,495443899,2421, 0.00
20191217,97.0,99.1,97.0,99.1,7410035,728098526,3757,+2.30
20191218,99.1,101.5,98.6,101.5,10884002,1091530165,6171,+2.40
20191219,101.5,101.5,99.5,99.9,8202923,820860676,3891,-1.60
20191220,99.5,101.0,99.3,101.0,8174619,822094500,2193,+1.10
20191223,101.0,101.0,100.0,101.0,3050652,307277496,1541, 0.00
20191224,101.0,101.5,100.0,100.5,2389013,240123300,1544,-0.50
20191225,100.0,100.5,99.6,100.0,2616164,261512859,1661,-0.50
20191226,100.0,100.5,99.3,99.8,2672016,266434068,1404,-0.20
20191227,100.5,101.5,99.9,101.0,4874494,491680030,1801,+1.20
20191230,100.5,101.5,99.9,99.9,4266138,428078852,1553,-1.10
20191231,100.0,100.5,99.8,99.8,2592133,259119644,1279,-0.10
20200102,100.0,100.0,99.3,99.6,3326184,331327798,1680,-0.20
20200103,99.6,101.5,99.3,101.5,5636265,565500265,2607,+1.90
20200106,101.5,102.0,101.0,102.0,6514815,661951192,3129,+0.50
20200107,101.5,102.0,101.0,101.5,6945442,704670642,2555,-0.50
20200108,101.5,101.5,100.0,100.0,4670180,468682500,2163,-1.50
20200109,100.0,101.0,99.3,100.0,3764115,375748966,1690, 0.00
20200110,99.6,100.5,99.6,99.8,1771225,176813425,903,-0.20
20200113,99.8,100.0,99.1,99.7,3901996,388115563,2014,-0.10
20200114,99.3,99.5,98.5,98.8,8346931,824682469,3996,-0.90
20200115,98.8,98.8,98.0,98.5,5092736,500899044,2569,-0.30
20200116,98.0,98.1,97.8,97.9,3519448,344709404,1947,-0.60
20200117,98.3,99.0,98.1,99.0,2773386,273633514,1520,+1.10
20200120,98.7,99.4,98.7,99.0,2212807,219355493,1464, 0.00
20200130,95.4,95.6,91.4,91.6,18763647,1758482718,8838,-7.40
20200131,92.2,94.1,92.2,93.4,7374210,688993340,3661,+1.80
20200203,92.0,94.3,91.1,93.0,7610581,708132498,3895,-0.40
20200204,92.9,93.9,92.3,93.5,4797825,447895750,2477,+0.50
20200205,93.0,93.0,91.8,92.7,5458431,505280883,3012,-0.80
20200206,93.4,94.7,93.0,94.5,4602623,433446243,1966,+1.80
20200207,93.3,94.2,93.3,93.7,3776264,354102156,1770,-0.80
20200210,93.0,94.0,92.1,94.0,3487178,325600332,1784,+0.30
20200211,93.8,94.0,93.3,93.7,2993810,280460140,1749,-0.30
20200212,93.5,94.3,93.5,94.0,3709189,348752257,2179,+0.30
20200213,93.8,95.0,93.8,94.8,4425809,419392469,2366,+0.80
20200214,94.6,95.3,94.6,95.2,4111365,390557328,2116,+0.40
20200217,94.3,94.8,93.6,94.8,4204922,396379490,2409,-0.40
20200218,94.4,94.9,93.9,94.8,3612597,341182570,1917, 0.00
20200219,95.4,96.5,95.1,96.2,4207394,404121070,2341,+1.40
20200220,96.2,96.4,94.7,94.7,5097002,485918673,2281,-1.50
20200221,94.6,95.6,94.5,94.6,3810385,361105182,1902,-0.10
20200224,93.0,94.0,93.0,93.3,6602369,617587987,2849,-1.30
20200225,93.1,93.2,92.4,93.1,10882880,1009116975,5699,-0.20
20200226,91.6,92.0,91.5,91.5,13300382,1219060344,6764,-1.60
20200227,91.1,91.5,90.7,91.0,11741327,1070013148,4408,-0.50
20200302,90.0,90.5,89.0,90.0,10056015,904345600,5714,-1.00
20200303,90.5,92.2,90.4,91.6,6652079,607547397,3499,+1.60
20200304,91.4,92.6,91.3,92.5,4954906,457082393,2101,+0.90
20200305,92.5,93.4,92.3,93.3,4159076,386459761,1957,+0.80
20200306,93.0,93.0,91.1,91.4,6610017,605902442,3920,-1.90
20200309,89.0,90.0,89.0,89.3,15180384,1355146536,7924,-2.10
20200310,89.2,89.7,88.1,89.0,9498287,843308991,4995,-0.30
20200311,88.9,90.2,88.3,88.9,8459290,753327200,4570,-0.10
20200312,88.0,88.0,83.7,84.0,17004759,1446539102,9071,-4.90
20200313,78.0,82.1,77.2,80.6,21022278,1656439518,10097,-3.40
20200316,80.7,81.0,78.0,78.2,11464248,909920137,6300,-2.40
20200317,77.2,77.5,74.1,74.6,16959562,1275816650,8366,-3.60
20200318,74.4,74.4,70.0,70.0,24594228,1764474498,13287,-4.60
20200319,67.0,67.4,64.8,66.6,27553547,1826246249,12951,-3.40
20200320,67.3,69.7,67.3,68.8,27420856,1883672010,10586,+2.20
20200323,65.5,68.0,65.0,66.7,17033927,1140367344,8329,-2.10
20200324,69.5,71.0,69.1,70.5,12773263,898591720,6383,+3.80
20200325,72.6,75.3,72.6,74.9,14694236,1095185870,8267,+4.40
20200326,76.0,76.0,73.2,74.1,10096363,749658757,4987,-0.80
20200327,75.4,75.8,74.5,74.7,10394418,779641150,5308,+0.60
20200330,73.2,76.0,71.6,75.2,11356529,844729222,5546,+0.50
20200331,75.4,76.2,75.0,75.1,10645383,804619830,5157,-0.10
20200401,75.2,75.6,74.4,74.4,8158138,611075140,4293,-0.70
20200406,78.4,79.0,75.8,77.6,14843479,1143446678,7435,+3.20
20200407,79.1,80.0,79.0,79.8,14167920,1128604000,6708,+2.20
20200408,79.6,80.9,79.0,80.4,10810004,867718442,5298,+0.60
20200409,80.6,81.0,80.1,80.6,8487986,684636066,4344,+0.20
20200410,80.5,83.2,80.5,81.9,7685743,628607881,4464,+1.30
20200413,81.1,82.0,80.7,80.7,6968203,565117328,4109,-1.20
20200414,80.7,82.8,80.7,82.2,9733832,799625812,4783,+1.50
20200415,82.7,83.4,82.6,83.1,8529766,708448370,4696,+0.90
20200416,81.8,83.0,81.5,82.1,8351347,686876271,4388,-1.00
20200417,83.2,84.7,83.1,83.2,8984434,753248687,5127,+1.10
20200420,82.8,83.0,81.7,82.4,11640571,956087287,6124,-0.80
20200421,81.5,81.6,80.0,80.1,13382653,1076683438,8562,-2.30
20200422,79.6,80.2,78.6,80.2,10182344,808425502,7054,+0.10
20200423,80.6,81.5,80.1,80.4,7311066,589347646,4019,+0.20
20200424,80.4,80.9,80.0,80.0,4599765,369035297,2989,-0.40
20200427,81.4,82.4,80.7,82.0,7579371,620900161,4023,+2.00
20200428,82.7,82.7,82.0,82.7,5111272,420809476,2619,+0.70
20200429,83.0,84.3,83.0,83.8,8766547,733711348,4752,+1.10
20200430,85.0,88.0,84.5,87.9,16349434,1423897992,9045,+4.10
20200504,83.6,86.7,83.6,85.5,12297808,1047905719,6865,-2.40
20200505,86.4,87.1,85.1,85.8,5736789,492916583,3375,+0.30
20200506,85.8,86.7,85.0,85.3,7289209,625296174,3898,-0.50
20200507,85.3,86.1,85.1,85.3,6107377,522189245,3465, 0.00
20200508,86.7,87.2,86.0,86.4,6407175,554017125,3680,+1.10
20200511,87.5,87.9,87.0,87.5,5707057,499561552,3653,+1.10
20200512,87.0,87.2,86.2,86.5,6454715,558555905,3473,-1.00
20200513,85.8,85.9,84.0,85.1,15932450,1354166625,9280,-1.40
20200514,83.8,84.4,83.5,83.5,13424766,1123827244,8170,-1.60
20200515,84.0,84.3,83.0,83.6,7819003,653427752,4388,+0.10
20200518,83.1,85.5,82.5,85.0,8185536,692879189,4105,+1.40
20200519,86.6,87.8,86.0,86.2,19084022,1658383189,10480,+1.20
20200520,86.8,86.9,85.4,86.4,6018660,519206662,3458,+0.20
20200521,86.0,86.7,85.8,86.5,6359310,548378717,3375,+0.10
20200522,86.1,86.2,85.0,85.0,8336697,711384582,4658,-1.50
20200525,85.0,85.3,83.2,84.3,6865207,577063522,4256,-0.70
20200526,84.9,86.3,84.6,85.7,8869865,761508379,4410,+1.40
20200527,85.6,86.1,85.0,85.2,6288692,536659876,3397,-0.50
20200528,85.3,85.7,83.5,83.8,12712233,1074039137,6301,-1.40
20200529,83.4,84.6,83.0,83.0,69623419,5787390430,8778,-0.80
20200601,83.4,84.5,83.2,83.8,11063191,927627252,4835,+0.80
20200602,84.2,84.5,84.0,84.3,5399308,454895405,3334,+0.50
20200603,85.9,86.4,85.4,86.1,11542197,991568437,6782,+1.80
20200604,87.0,87.0,86.1,86.8,9121594,790659320,5222,+0.70
20200605,87.0,87.6,86.6,87.6,8290499,723291164,4616,+0.80
20200608,88.2,89.3,87.7,89.2,11075553,981650169,6386,+1.60
20200609,89.0,89.5,88.3,89.5,6933175,617980833,3811,+0.30
20200610,89.5,89.8,89.0,89.4,7237968,647753499,3653,-0.10
20200611,89.3,89.3,87.4,88.0,10038435,887824280,5273,-1.40
20200612,85.5,86.9,85.5,86.4,9396385,811996295,5118,-1.60
20200615,86.4,87.1,85.6,86.0,7930932,683790493,3963,-0.40
20200616,86.3,86.9,86.0,86.1,11128020,961375008,5100,+0.10
20200617,86.1,87.1,86.1,86.2,8446686,729590317,4515,+0.10
20200618,86.3,86.6,85.8,86.2,7632835,657931311,3400, 0.00
20200619,86.3,87.2,85.8,85.8,13908173,1198614182,3970,-0.40
20200622,86.0,87.6,86.0,86.8,9261908,804032196,3801,+1.00
20200623,87.0,87.5,86.5,86.9,7802954,678538065,3935,+0.10
20200624,87.1,87.7,87.0,87.4,8483435,741692676,4050,+0.50
20200629,86.7,87.2,86.5,86.6,10214303,886600732,4997,-0.80
20200630,87.0,87.7,86.9,87.6,14889625,1300548504,4082,+1.00
20200701,87.6,88.2,87.4,87.6,21516545,1887880408,7253, 0.00
20200702,83.2,84.9,83.2,83.8,25404826,2127374172,9243,X0.00
20200703,84.6,84.7,84.2,84.3,5090732,429642689,3117,+0.50
20200706,84.5,84.8,84.4,84.4,7815980,660803761,3536,+0.10
20200707,84.7,84.8,83.6,83.7,9299477,780883968,4794,-0.70
20200708,83.7,84.0,83.2,83.2,7838377,653770675,4468,-0.50
20200709,83.5,83.7,83.0,83.0,7358407,612199760,4361,-0.20
20200710,82.8,82.8,82.0,82.0,8422659,691906400,4732,-1.00
20200713,82.0,82.5,81.9,82.0,7260204,595624005,3813, 0.00
20200714,82.0,82.0,81.0,81.0,10503731,853453846,5912,-1.00
20200715,81.3,81.4,80.0,80.4,14697334,1181299830,7632,-0.60
20200716,81.0,81.2,80.6,81.0,8437803,683679826,3749,+0.60
20200717,81.8,81.8,81.0,81.0,4780364,388546356,2582, 0.00
20200720,81.0,81.0,80.2,80.5,3568746,287213826,1847,-0.50
20200721,80.9,81.1,80.5,80.5,6208029,501604005,3353, 0.00
20200722,80.5,81.2,80.2,80.5,7030672,566530475,3374, 0.00
20200723,80.4,80.9,80.1,80.1,4345195,348846366,2990,-0.40
20200724,79.9,80.4,79.7,79.7,9196555,734484500,5051,-0.40
20200727,79.5,79.5,77.8,78.1,13527205,1061537953,7188,-1.60
20200728,77.5,77.6,77.0,77.3,13680028,1057090915,8947,-0.80
20200729,77.3,79.6,77.2,77.9,5872856,461562324,3793,+0.60
20200730,79.2,79.2,78.2,78.5,5746834,450972086,3240,+0.60
20200731,78.5,79.1,78.3,78.5,4007654,315146766,1913, 0.00
20200803,78.5,78.5,77.3,77.4,7811199,606044300,4822,-1.10
20200804,77.5,78.0,77.4,77.6,4969523,385590394,2923,+0.20
20200805,77.7,78.3,77.7,78.1,3181007,248322827,2095,+0.50
20200806,78.6,79.5,78.5,79.1,5637607,445166733,3457,+1.00
20200807,79.6,80.4,79.6,79.6,6965602,556758260,4240,+0.50
20200810,80.0,81.1,79.7,81.1,6045551,486449877,3904,+1.50
20200811,81.5,82.2,81.4,81.5,8342796,683134967,5005,+0.40
20200812,81.5,81.7,80.4,80.7,4543848,367239838,2602,-0.80
20200813,81.4,81.4,80.5,80.9,2862998,231227494,1543,+0.20
20200814,80.2,80.8,80.0,80.8,2780428,223794568,1726,-0.10
20200817,80.9,81.7,80.8,81.5,3828700,311608041,2238,+0.70
20200818,81.7,81.7,80.8,81.4,3498896,283987984,1836,-0.10
20200819,81.4,81.4,80.5,80.5,4540528,367088868,2924,-0.90
20200820,80.0,80.5,78.2,79.0,8217518,650139053,5124,-1.50
20200821,79.8,80.1,79.4,79.8,3340144,266491028,2341,+0.80
20200824,79.7,79.7,79.0,79.2,2361903,187202639,1289,-0.60
20200825,79.2,80.0,79.2,79.2,3314528,263361953,1913, 0.00
20200826,79.3,79.7,79.0,79.6,3310861,262660167,1991,+0.40
20200827,79.8,79.8,78.7,78.9,4445017,351154435,2411,-0.70
20200828,78.9,79.4,78.6,78.9,5059080,399273418,2515, 0.00
20200831,79.0,79.3,78.0,78.2,8254788,646944866,3099,-0.70
20200901,78.0,78.0,77.1,77.9,9240393,718062493,3509,-0.30
20200902,77.7,78.5,77.5,78.0,5467879,425349792,2744,+0.10
20200903,78.2,80.0,78.0,78.4,5315631,417568203,2685,+0.40
20200904,77.9,78.5,77.6,78.5,5506077,429954644,2594,+0.10
20200907,78.7,79.8,78.7,79.6,6116388,486262031,3334,+1.10
20200908,79.8,79.8,79.0,79.6,3870535,307200351,2151, 0.00
20200909,79.0,79.2,78.3,79.2,4124409,324529802,2130,-0.40
20200910,79.2,79.4,78.7,78.7,2738104,216035516,1612,-0.50
20200911,78.8,79.1,78.1,79.0,4324874,339753746,2260,+0.30
20200914,79.5,79.5,78.7,79.2,2830084,223812864,1356,+0.20
20200915,79.0,79.3,78.6,79.2,2796146,220631441,1423, 0.00
20200916,79.2,79.3,78.8,78.9,4017518,317403037,2100,-0.30
20200917,79.2,79.2,78.3,78.6,4652128,365931772,2185,-0.30
20200918,79.5,82.3,79.4,81.6,31488447,2570615807,13109,+3.00
20200921,81.9,83.4,81.9,83.3,20734957,1717973931,10009,+1.70
20200922,82.7,82.8,81.0,81.4,10823429,883902367,5035,-1.90
20200923,81.4,81.6,80.0,80.1,7134644,573382856,3572,-1.30
20200924,79.0,79.5,77.6,78.0,17089274,1337309688,8423,-2.10
20200925,78.9,79.3,78.3,79.0,7051070,555657920,3384,+1.00
20200928,79.3,79.7,79.0,79.4,4240332,336319508,2052,+0.40
20200929,79.9,79.9,78.9,78.9,6191696,489660784,2114,-0.50
20200930,79.6,79.6,78.6,78.6,5597014,441530706,2240,-0.30
20201005,79.6,80.2,79.1,80.0,7443940,594379448,3231,+1.40
20201006,80.7,81.4,80.6,81.2,5456942,442177338,3237,+1.20
20201007,80.8,81.0,80.3,80.8,3928719,317503839,2037,-0.40
20201008,81.0,81.0,80.2,81.0,3948999,319272519,1808,+0.20
20201012,81.2,81.6,80.6,81.2,4155788,336737448,2379,+0.20
20201013,80.9,80.9,80.1,80.9,2812322,226390082,1428,-0.30
20201014,80.9,81.1,80.0,80.0,6214030,498624385,2086,-0.90
20201015,79.8,80.5,79.0,79.2,6822543,542179750,3065,-0.80
20201016,79.3,79.8,79.0,79.0,4611489,365358849,2590,-0.20
20201019,79.1,79.8,79.0,79.1,3265835,259238983,1948,+0.10
20201020,79.1,79.5,79.0,79.5,2426165,192388000,1216,+0.40
20201021,79.6,79.7,79.0,79.0,4306026,340759641,2476,-0.50
20201022,78.9,79.8,78.9,79.8,4008081,319250929,1149,+0.80
20201023,79.6,79.8,79.2,79.8,2247120,178859056,1147, 0.00
20201026,79.8,80.4,79.8,80.2,3573898,286484542,1551,+0.40
20201027,79.5,80.3,79.5,80.3,4556122,364736708,1382,+0.10
20201028,80.2,80.3,79.5,79.5,2823277,225141111,1697,-0.80
20201029,78.7,79.3,78.5,78.9,5074441,400477085,2632,-0.60
20201030,78.8,79.2,78.2,79.1,6533809,515350747,2254,+0.20
20201102,79.1,79.7,78.9,79.7,2932688,232405552,1318,+0.60
20201103,80.0,81.2,79.9,81.0,8205677,662803160,4505,+1.30
20201104,80.0,81.4,79.8,81.3,6608132,535937999,4327,+0.30
20201105,81.4,81.8,81.0,81.5,4719094,384245637,2664,+0.20
20201106,81.5,81.7,81.2,81.5,5239837,426899826,2970, 0.00
20201109,82.0,82.4,81.3,81.8,6074927,496982216,2946,+0.30
20201110,82.5,85.0,82.5,84.9,28460334,2389734443,14797,+3.10
20201111,85.3,89.0,85.2,89.0,43015428,3779983615,22581,+4.10
20201112,89.0,89.0,87.1,88.0,15205992,1337083078,7711,-1.00
20201113,87.5,87.6,86.5,87.0,10203177,887020390,5102,-1.00
20201116,87.4,88.7,87.1,88.1,19481670,1714543255,8853,+1.10
20201117,88.4,88.4,87.2,88.0,12164823,1068816009,6588,-0.10
20201118,88.0,88.0,87.2,88.0,10683419,938337007,4382, 0.00
20201119,87.6,88.3,87.2,88.1,9006415,791905011,3691,+0.10
20201120,88.0,88.3,87.5,88.3,6108240,537861850,3175,+0.20
20201123,88.4,89.0,88.3,88.8,8931845,791897076,4568,+0.50
20201124,88.7,88.8,87.2,87.6,7908178,694064348,4549,-1.20
20201125,88.0,88.4,87.7,87.8,5922073,521400153,3254,+0.20
20201126,87.6,88.0,87.3,87.6,4379793,383684208,2252,-0.20
20201127,87.1,87.5,86.6,87.2,10680928,928964251,4062,-0.40
20201130,87.5,88.0,85.2,85.2,20289439,1741216181,4910,-2.00
20201201,85.7,87.6,85.7,87.6,7187901,625891861,3859,+2.40
20201202,86.4,88.0,86.4,87.7,9639627,842234495,3127,+0.10
20201203,87.4,88.5,87.4,88.5,10814114,954037431,4408,+0.80
20201204,88.6,90.0,88.6,89.3,16703084,1494722153,8292,+0.80
20201207,89.6,90.3,89.3,89.5,9793251,877917885,4894,+0.20
20201208,89.2,90.2,89.1,89.5,9352624,840202286,4189, 0.00
20201209,89.5,90.1,89.3,90.0,7769594,698347822,3777,+0.50
20201210,89.7,90.1,89.3,89.9,7378414,662940208,3306,-0.10
20201211,90.0,90.3,88.9,89.8,6629885,594277555,3130,-0.10
20201214,90.0,90.2,89.8,89.8,3888977,349637767,2265, 0.00
20201215,89.5,89.8,88.0,89.2,6690815,594579672,3314,-0.60
20201216,89.4,90.2,89.2,90.2,6206201,557571108,3909,+1.00
20201217,90.1,90.2,88.9,89.8,3975651,355593112,2220,-0.40
20201218,89.5,90.0,88.2,88.2,7435589,659966170,2768,-1.60
20201221,88.7,92.5,88.7,92.3,16726090,1527341723,9471,+4.10
20201222,92.3,94.3,91.8,92.1,16924561,1578913431,10188,-0.20
20201223,91.8,92.5,91.1,91.5,5291204,485439883,3495,-0.60
20201224,91.9,93.0,91.9,92.6,3564738,329861488,2163,+1.10
20201225,92.5,93.1,92.5,92.8,4338064,403034055,1999,+0.20
20201228,93.1,94.0,92.9,93.8,5696343,532172566,3193,+1.00
20201229,93.8,94.2,92.6,94.0,7044302,658283071,4348,+0.20
20201230,94.0,96.9,94.0,96.7,16435157,1568933001,8535,+2.70
20201231,96.7,98.0,96.1,96.4,11844647,1145132212,4781,-0.30
20210104,95.1,97.9,94.9,96.7,12981766,1254320563,6606,+0.30
20210105,96.8,96.8,94.5,95.0,9412937,896805263,6209,-1.70
20210106,94.8,95.9,93.2,94.4,9496683,896855851,5903,-0.60
20210107,94.5,97.3,94.5,97.1,14328854,1379745481,7958,+2.70
20210108,98.0,98.0,96.3,98.0,14599902,1424798277,6567,+0.90
20210111,98.0,99.0,97.6,99.0,13389573,1318675820,6049,+1.00
20210112,99.1,99.2,97.0,97.6,9010631,882420258,4116,-1.40
20210113,97.9,98.9,97.5,98.0,9819956,963831764,4213,+0.40
20210114,98.3,98.3,96.6,97.4,7800936,757745394,5271,-0.60
20210115,97.0,97.4,93.9,94.5,13352139,1271860998,8549,-2.90
20210118,94.5,94.6,91.7,93.1,10180453,944023959,6542,-1.40
20210119,92.7,93.4,92.5,93.2,6086064,566472315,3531,+0.10
20210120,92.7,92.8,91.0,91.6,13986435,1281945097,8245,-1.60
20210121,91.4,92.6,91.1,91.4,6705951,613753734,3640,-0.20
20210122,91.6,91.6,90.3,90.6,9706758,879645507,4337,-0.80
20210125,90.5,92.6,90.4,92.4,8044116,738370299,3978,+1.80
20210126,92.4,92.5,90.5,91.1,9331481,849671099,5302,-1.30
20210127,91.7,91.8,90.8,90.8,8107667,738347989,3205,-0.30
20210128,90.0,90.5,88.1,89.1,11914575,1061916045,7027,-1.70
20210129,88.3,89.1,87.0,87.0,13085379,1148193625,6577,-2.10
20210201,87.0,88.7,87.0,88.1,5562906,489927634,2857,+1.10
20210202,88.0,90.5,86.6,90.1,7957271,712431802,4336,+2.00
20210203,90.1,90.6,89.0,90.5,7682177,693607375,3076,+0.40
20210204,89.2,91.0,89.2,90.5,5082355,459974064,2439, 0.00
20210205,90.2,91.2,89.5,89.8,14882996,1344161417,5733,-0.70
20210217,91.7,96.9,91.2,96.2,25774495,2446162453,14677,+6.40
20210218,97.0,97.6,95.4,95.9,12166671,1173305288,7284,-0.30
20210219,96.0,96.8,95.1,95.3,10383017,996837144,5550,-0.60
20210222,96.8,98.4,96.3,97.1,13617930,1325529475,7455,+1.80
20210223,97.5,100.5,97.1,99.7,25238412,2496018603,12856,+2.60
20210224,100.5,101.0,99.7,100.0,19306576,1931250407,7607,+0.30
20210225,100.5,101.0,99.9,100.0,12384604,1240779226,6150, 0.00
20210226,98.5,99.0,96.0,97.5,19408049,1893902627,7793,-2.50
20210302,98.4,99.9,98.2,98.2,10837929,1073879417,5179,+0.70
20210303,99.2,102.0,98.5,101.0,25004293,2518584449,11407,+2.80
20210304,101.0,103.0,100.5,101.5,16467903,1673828761,7152,+0.50
20210305,101.5,102.5,100.5,101.5,9559183,970017978,4971, 0.00
20210308,102.5,103.0,101.0,101.5,10041762,1024776286,4259, 0.00
20210309,102.0,103.0,101.5,102.5,9439108,966837156,4093,+1.00
20210310,103.0,106.0,102.5,104.5,20501530,2142106165,10492,+2.00
20210311,105.0,107.5,104.5,105.0,16363404,1735174333,8579,+0.50
20210312,105.5,106.0,103.5,105.0,6810734,712636800,3532, 0.00
20210315,104.0,105.0,102.0,103.0,10135673,1046953197,4176,-2.00
20210316,102.5,103.0,100.5,101.0,12709463,1283273262,5742,-2.00
20210317,100.5,102.0,100.5,101.0,10291758,1042670112,4394, 0.00
20210318,100.5,101.5,100.0,100.5,10730261,1079616136,5718,-0.50
20210319,99.1,99.6,97.0,97.1,25628014,2501697557,10105,-3.40
20210322,96.6,100.5,96.1,100.0,13255179,1310103489,6435,+2.90
20210323,100.0,101.0,99.1,99.6,6432497,642642035,2726,-0.40
20210324,99.4,99.9,98.4,98.9,7219101,714383033,3381,-0.70
20210325,98.5,100.5,98.5,100.0,5153803,513898021,2475,+1.10
20210326,100.5,101.0,99.5,101.0,7728307,776509279,3749,+1.00
20210329,101.5,101.5,100.5,101.5,5529285,559834549,2599,+0.50
20210330,101.5,101.5,100.0,100.5,6746222,678042738,3630,-1.00
20210331,100.5,101.0,100.0,101.0,6482456,651897807,3286,+0.50
20210401,101.5,101.5,100.0,100.5,3645713,367493676,2114,-0.50
20210406,101.5,102.0,100.5,101.0,5493399,554808038,2899,+0.50
20210407,100.5,101.0,99.7,100.5,6520379,653588134,3283,-0.50
20210408,100.0,101.0,99.7,100.5,7072118,708810102,2742, 0.00
20210409,101.5,104.5,101.0,103.0,16457513,1689241961,7693,+2.50
20210412,103.5,104.5,102.0,103.0,14556019,1500841405,5272, 0.00
20210413,103.5,104.5,102.0,102.0,13302588,1367295116,4744,-1.00
20210414,102.0,104.5,102.0,104.0,18835082,1952402882,8083,+2.00
20210415,105.0,109.0,105.0,108.0,28985008,3118059778,13884,+4.00
20210416,107.5,110.5,106.5,109.0,22562318,2459798674,9880,+1.00
20210419,110.5,112.0,110.0,111.5,16092006,1786338219,8041,+2.50
20210420,111.5,111.5,108.5,109.5,13686705,1500385542,6162,-2.00
20210421,108.5,109.0,107.0,108.5,15066733,1629734322,7353,-1.00
20210422,109.0,110.5,106.5,108.0,20378486,2210524245,7087,-0.50
20210423,106.5,108.0,104.0,107.0,15186889,1603613033,5773,-1.00
20210426,106.5,107.5,105.5,107.5,9187051,979879353,4321,+0.50
20210427,107.0,108.5,106.0,108.5,8702990,936984458,4111,+1.00
20210428,107.5,108.5,105.5,106.0,9961355,1059143828,4227,-2.50
20210429,105.5,108.0,105.5,106.0,12289497,1310475250,4497, 0.00
20210503,106.0,109.0,106.0,107.5,13719216,1477143958,6358,+1.50
20210504,109.0,110.5,106.0,107.0,23705224,2566340729,7270,-0.50
20210505,107.5,109.5,107.0,108.0,11285638,1224154903,4677,+1.00
20210506,108.0,113.0,108.0,113.0,30557688,3418657673,14215,+5.00
20210507,112.0,112.5,103.0,105.0,44451123,4726059179,18068,-8.00
20210510,105.5,107.0,104.5,106.0,13212401,1395074495,6496,+1.00
20210511,104.0,105.0,100.5,102.5,19849073,2034378903,8696,-3.50
20210512,102.5,102.5,92.3,95.7,28087089,2723447343,13010,-6.80
20210513,94.0,96.3,91.2,94.3,15177247,1436804318,9057,-1.40
20210514,94.5,97.7,93.4,95.5,12224197,1157304067,5512,+1.20
20210517,93.3,94.9,92.5,93.4,15165527,1421697718,5851,-2.10
20210518,92.9,98.4,92.8,97.9,10335620,1002143075,5229,+4.50
20210519,96.3,99.7,96.0,98.5,7989198,787579471,5101,+0.60
20210520,97.1,98.4,96.0,96.8,9756450,944460994,5398,-1.70
20210521,97.3,99.5,96.5,98.1,6506952,638064046,3574,+1.30
20210524,97.9,99.5,97.0,98.9,5699516,564097772,2945,+0.80
20210525,99.2,103.5,99.1,102.5,12470874,1274282462,6094,+3.60
20210526,102.0,102.5,100.0,101.5,4855261,490628643,3359,-1.00
20210527,102.0,102.0,100.0,101.0,11128321,1122609076,2578,-0.50
20210528,101.5,102.0,100.5,101.5,8138225,823565269,3740,+0.50
20210531,101.5,104.5,101.5,103.5,10860933,1117889210,7236,+2.00
20210601,103.0,104.0,102.5,103.0,3781676,390421355,2202,-0.50
20210602,104.0,106.5,103.0,106.0,11191479,1178775733,5913,+3.00
20210603,106.0,106.5,105.0,106.0,6601619,697533668,3071, 0.00
20210604,104.5,106.5,104.5,106.0,6562692,693588193,2696, 0.00
20210607,106.0,107.0,105.5,106.5,6460332,685960787,3355,+0.50
20210608,107.0,107.0,104.0,104.0,6781572,711050986,3225,-2.50
20210609,104.0,104.5,102.5,103.0,7130781,736451054,3380,-1.00
20210610,103.0,105.5,103.0,105.5,6731839,703921218,2672,+2.50
20210611,105.0,105.0,103.5,103.5,2973202,309590156,1947,-2.00
20210615,104.5,105.0,103.5,104.0,3928704,408606704,2321,+0.50
20210616,103.0,105.0,103.0,104.5,5415705,564091556,3420,+0.50
20210617,103.0,104.0,103.0,103.5,3680466,380472871,2512,-1.00
20210618,102.5,103.0,101.0,102.0,13397548,1362537957,4584,-1.50
20210621,100.0,101.5,99.6,100.0,7711757,771673687,3549,-2.00
20210622,101.5,103.0,100.5,102.0,7291379,742198003,3373,+2.00
20210623,101.5,104.0,101.5,103.5,5119678,526962472,3321,+1.50
20210624,103.5,104.0,102.0,103.0,3053714,313959017,1291,-0.50
20210625,102.5,105.0,102.5,104.0,7489823,778559119,3754,+1.00
20210628,104.5,105.0,102.5,103.0,5603970,578866155,2642,-1.00
20210629,102.5,104.5,102.0,104.0,6171445,637993748,3159,+1.00
20210630,104.0,104.5,102.5,103.0,7765794,803110570,4433,-1.00
20210701,102.5,105.0,102.5,104.0,10200328,1057549905,3333,+1.00
20210702,105.0,108.0,104.0,105.0,14812128,1573813433,6009,+1.00
20210705,106.5,108.0,106.0,107.5,12978815,1388347779,5981,+2.50
20210706,108.0,108.0,105.5,106.0,6863318,729280401,3574,-1.50
20210707,105.0,106.0,104.0,105.0,6959097,729506210,3843,-1.00
20210708,105.5,105.5,103.0,103.5,7456612,772850492,3600,-1.50
20210709,102.5,104.0,101.0,103.5,13918270,1423414372,6137, 0.00
20210712,105.0,105.5,102.5,103.0,6967892,722374448,3287,-0.50
20210713,103.5,104.0,101.5,103.0,7887928,808897630,3248, 0.00
20210714,103.0,104.0,102.0,103.5,6474931,666990960,2663,+0.50
20210715,103.5,104.5,102.5,104.0,4740102,490379097,1991,+0.50
20210716,103.5,104.5,103.0,104.5,5171743,536879678,2418,+0.50
20210719,103.5,104.0,101.5,102.5,6312547,646317747,2775,-2.00
20210720,101.5,102.5,101.0,101.5,5934019,602642575,3353,-1.00
20210721,101.5,102.0,99.7,100.0,10778710,1079996022,6233,-1.50
20210722,101.0,102.0,100.0,102.0,7187131,726425977,2437,+2.00
20210723,101.5,102.5,101.0,101.5,3280515,333591478,1567,-0.50
20210726,101.0,101.5,99.3,99.4,8328077,831236218,5108,-2.10
20210727,99.3,100.0,99.1,99.7,5857413,582663724,3055,+0.30
20210728,99.7,100.5,98.5,100.0,7862482,782402393,3506,+0.30
20210729,99.5,102.0,99.5,102.0,8045514,813095186,3097,+2.00
20210730,100.0,101.0,99.7,99.8,13082136,1307971623,3908,X0.00
20210802,101.0,102.0,100.5,102.0,6379388,646504488,2594,+2.20
20210803,100.5,101.0,100.0,101.0,4593366,462314336,1980,-1.00
20210804,100.5,101.5,100.0,101.5,3376292,340983223,1521,+0.50
20210805,101.5,102.0,101.0,101.0,4397216,446793008,2068,-0.50
20210806,101.0,103.0,100.5,102.5,5214682,531635400,2321,+1.50
20210809,101.5,102.0,100.5,101.5,4892646,495261099,1656,-1.00
20210810,101.5,101.5,99.2,99.5,7356127,734336179,3690,-2.00
20210811,99.8,100.5,99.4,100.5,4173088,416874989,2417,+1.00
20210812,100.5,101.0,100.0,100.5,1662394,166820658,899, 0.00
20210813,100.0,100.0,98.5,99.8,4163251,413395092,2320,-0.70
20210816,98.5,100.5,98.5,99.3,5432135,539926912,2587,-0.50
20210817,99.5,99.9,98.9,98.9,4786854,474877498,2218,-0.40
20210818,98.5,99.5,98.0,99.5,5813264,574198986,3019,+0.60
20210819,99.3,99.4,96.6,96.7,8149450,795954682,4472,-2.80
20210820,98.2,98.2,95.6,95.8,5298777,510205615,2646,-0.90
20210823,96.7,98.3,96.4,98.0,2895525,282998356,1546,+2.20
20210824,98.7,99.2,98.3,99.1,3055796,302257578,1577,+1.10
20210825,99.3,99.8,98.0,99.5,3679501,364271153,1843,+0.40
20210826,98.7,99.1,98.3,98.9,3147870,310625868,1422,-0.60
20210827,98.9,100.5,98.5,100.5,3969080,396932617,2236,+1.60
20210830,101.5,102.5,101.0,102.5,7165569,729959667,3541,+2.00
20210831,101.5,102.5,100.0,102.5,6695773,681979263,2328, 0.00
20210901,101.0,101.5,99.6,100.0,7034716,705243324,3216,-2.50
20210902,100.0,100.5,98.8,98.8,5682717,564305589,3108,-1.20
20210903,99.7,101.5,99.0,100.5,6940202,696549735,2595,+1.70
20210906,100.0,100.5,99.2,99.3,3581584,357094135,1973,-1.20
20210907,99.6,101.0,99.4,100.5,3961380,397206015,2200,+1.20
20210908,100.5,101.0,99.3,100.5,4277157,428479556,2357, 0.00
20210909,99.7,99.7,98.5,99.1,6264385,620707758,3252,-1.40
20210910,99.0,99.6,98.7,99.2,6699199,664655981,3075,+0.10
20210913,99.7,101.5,99.3,100.5,9065859,910404849,3241,+1.30
20210914,101.0,102.5,100.5,102.0,11463824,1167908958,6996,+1.50
20210915,102.0,103.0,101.0,102.0,6660515,680623500,2840, 0.00
20210916,103.0,104.0,102.5,103.0,10705571,1107544675,5934,+1.00
20210917,104.0,104.0,102.0,102.0,10733366,1099808494,4334,-1.00
20210922,100.5,101.5,100.0,100.0,7924608,796354911,4056,-2.00
20210923,101.5,103.5,100.5,102.5,7179214,731706393,3571,+2.50
20210924,103.5,106.5,102.5,106.0,18972027,2000099453,8702,+3.50
20210927,107.5,112.0,107.0,111.5,33942810,3755918682,16891,+5.50
20210928,111.5,114.0,109.0,114.0,29592842,3325825731,13685,+2.50
20210929,111.5,117.0,111.0,113.5,36457031,4162454277,16235,-0.50
20210930,114.5,115.0,110.5,113.5,19937854,2251355471,8130, 0.00
20211001,112.5,113.5,108.0,110.0,17417906,1913863482,7668,-3.50
20211004,112.0,112.0,108.5,111.0,14837130,1639891396,6695,+1.00
20211005,110.5,116.0,110.5,115.0,29483439,3377541193,12619,+4.00
20211006,115.5,119.0,115.0,118.0,30274997,3569166700,15026,+3.00
20211007,117.5,118.0,116.0,118.0,19579435,2295255022,8003, 0.00
20211008,119.0,119.0,116.0,118.0,12084983,1425939314,6025, 0.00
20211012,117.0,119.0,115.0,117.5,15818245,1853367171,7613,-0.50
20211013,118.0,121.0,114.5,115.5,19518382,2288873469,8838,-2.00
20211014,115.5,116.0,113.0,114.0,13216013,1507206663,5959,-1.50
20211015,114.5,115.0,111.0,114.5,12026671,1359924554,5714,+0.50
20211018,114.0,116.0,113.0,115.0,10869937,1242037047,3939,+0.50
20211019,115.0,115.5,113.0,114.0,8149706,927572971,3490,-1.00
20211020,113.5,114.0,110.0,113.5,16808993,1884185232,6985,-0.50
20211021,112.5,113.5,111.5,113.5,20358286,2298244787,5738, 0.00
20211022,112.0,113.0,109.5,110.0,12672320,1396301477,5896,-3.50
20211025,109.0,111.5,109.0,111.5,7536549,831251951,2867,+1.50
20211026,111.5,111.5,110.0,110.0,10956847,1207979728,2972,-1.50
20211027,110.0,111.0,109.5,111.0,9337261,1028598074,4154,+1.00
20211028,110.0,110.0,107.5,108.0,10759239,1164809341,5603,-3.00
20211029,107.5,108.0,106.5,107.5,12942914,1388031584,5261,-0.50
20211101,108.5,108.5,105.5,107.0,9623983,1030483549,4497,-0.50
20211102,107.5,108.5,106.0,106.5,12273575,1308774802,4587,-0.50
20211103,106.0,107.5,106.0,107.5,9018534,963563264,3276,+1.00
20211104,108.0,108.0,105.0,106.0,9188763,977191728,5880,-1.50
20211105,106.0,108.0,105.5,107.0,8764724,938839121,4119,+1.00
20211108,107.5,110.0,107.0,110.0,12785472,1398517845,6839,+3.00
20211109,109.0,109.5,107.0,107.5,12042986,1298944856,4201,-2.50
20211110,108.0,108.5,106.0,107.0,10160992,1084969847,4142,-0.50
20211111,106.5,106.5,104.5,105.5,15043985,1584289514,6909,-1.50
20211112,106.0,108.0,105.5,107.5,8078870,865241780,3083,+2.00
20211115,107.5,107.5,106.0,107.0,7921770,845066279,3107,-0.50
20211116,107.0,107.0,105.5,106.5,7196492,763277715,3318,-0.50
20211117,105.5,106.0,105.0,106.0,14528281,1529299743,8585,-0.50
20211118,105.5,107.5,105.0,107.0,8803083,938803971,3315,+1.00
20211119,107.0,107.0,103.5,103.5,16230763,1695242358,8474,-3.50
20211122,102.5,105.5,102.5,104.5,9243922,963782071,4676,+1.00
20211123,104.5,105.5,104.0,105.0,4986491,522351326,2427,+0.50
20211124,105.0,106.5,104.5,106.0,7441903,787194529,3087,+1.00
20211125,106.0,106.0,104.5,105.0,3858307,406233273,2052,-1.00
20211126,104.0,104.5,103.5,103.5,6125404,635450379,3439,-1.50
20211129,102.0,104.5,101.5,103.0,8172492,842220445,4065,-0.50
20211130,102.5,104.0,102.0,102.5,17880875,1839713922,4386,-0.50
20211201,102.0,104.0,102.0,104.0,4446629,459358510,2226,+1.50
20211202,103.0,104.5,103.0,103.5,4641796,480947634,2521,-0.50
20211203,103.5,104.5,103.0,103.5,4796854,496978685,2258, 0.00
20211206,103.0,104.5,102.5,104.0,5748429,595651905,2810,+0.50
20211207,104.0,105.0,103.0,103.5,6852032,709222420,3279,-0.50
20211208,104.5,106.0,104.0,104.5,8583066,899362781,3049,+1.00
20211209,105.0,105.5,104.0,105.0,5408799,565862863,2075,+0.50
20211210,104.5,105.0,104.0,104.0,3744951,390438711,1659,-1.00
20211213,104.0,105.0,103.0,103.0,7776859,805438022,2834,-1.00
20211214,102.5,104.0,102.5,103.5,7452638,769265836,3023,+0.50
20211215,103.0,103.5,101.5,102.0,10093491,1032930158,4958,-1.50
20211216,102.5,103.0,101.0,101.5,10799638,1099101430,4762,-0.50
20211217,101.5,103.5,101.5,103.0,9074436,933620833,2479,+1.50
20211220,102.0,103.0,101.5,102.0,4164225,425524147,2146,-1.00
20211221,102.5,104.0,102.5,103.5,4845940,500894681,1969,+1.50
20211222,103.5,104.0,103.0,103.0,3571598,369903192,2703,-0.50
20211223,103.5,104.5,103.0,104.5,3910565,406963232,1697,+1.50
20211224,104.5,104.5,104.0,104.0,3492538,363981239,1830,-0.50
20211227,104.0,104.5,103.5,104.5,1554628,162255574,937,+0.50
20211228,104.5,105.0,103.0,105.0,6073563,632198863,2686,+0.50
20211229,105.5,106.0,104.5,105.5,5180888,545880280,2337,+0.50
20211230,105.0,105.5,104.0,104.0,4652020,486575164,2148,-1.50
20220103,105.0,106.0,104.5,105.5,5840396,615088633,2498,+1.50
20220104,105.5,106.0,104.5,105.0,5489087,575198247,2754,-0.50
20220105,104.5,105.5,104.0,105.5,5882459,615986416,2591,+0.50
20220106,105.5,106.5,105.0,106.5,6381700,676459288,3280,+1.00
20220107,106.5,107.0,105.0,105.5,5028344,531411929,2343,-1.00
20220110,105.0,106.0,104.5,105.5,5784268,610025902,2798, 0.00
20220111,105.5,106.5,105.0,106.0,6489928,686501251,2609,+0.50
20220112,106.5,109.5,106.0,109.0,13004154,1404423898,7402,+3.00
20220113,109.5,110.5,108.0,108.5,9946165,1084298826,8395,-0.50
20220114,108.5,108.5,107.0,107.0,5396552,579583167,2656,-1.50
20220117,107.0,107.5,105.5,106.0,4387767,465118395,2560,-1.00
20220118,106.5,107.5,106.0,106.5,3614233,384781397,2244,+0.50
20220119,107.0,108.0,106.0,106.0,6190412,661915339,3557,-0.50
20220120,106.0,108.5,106.0,107.5,6412084,689154527,2480,+1.50
20220121,106.5,107.0,104.5,105.0,9887552,1042507121,4654,-2.50
20220124,105.0,106.0,104.5,105.5,4670984,491672410,2306,+0.50
20220125,104.5,104.5,103.0,104.5,10024842,1039487170,5343,-1.00
20220126,104.0,105.5,103.5,105.0,6975200,730469138,3150,+0.50
20220207,104.5,108.5,104.5,107.0,8975278,956420827,4349,+2.00
20220208,106.5,107.5,105.0,105.5,6642685,704403743,3371,-1.50
20220209,105.0,106.5,104.5,105.5,8856559,931767645,2914, 0.00
20220210,105.5,106.5,105.0,106.5,6371811,673556395,2198,+1.00
20220211,106.0,106.5,105.0,106.0,6334235,668925034,2413,-0.50
20220214,106.5,107.0,104.5,105.0,7838908,826419476,3061,-1.00
20220215,105.0,105.5,104.0,104.0,5760610,603530487,3449,-1.00
20220216,104.5,107.0,104.0,106.5,11597446,1222191160,4665,+2.50
20220217,106.5,107.5,105.0,105.5,11498198,1221153754,3248,-1.00
20220218,105.0,106.5,105.0,106.0,7412406,783207537,2713,+0.50
20220221,105.5,106.5,105.0,105.0,7478981,786892737,3459,-1.00
20220222,105.5,105.5,104.0,104.0,9567202,997929765,4266,-1.00
20220223,105.0,105.5,104.0,105.0,3112836,327030530,1708,+1.00
20220224,104.5,105.5,104.0,104.0,11022227,1151791364,3643,-1.00
20220225,104.0,105.0,103.5,105.0,8224346,858637945,2954,+1.00
20220301,106.0,108.5,105.5,108.0,11180971,1202864729,5318,+3.00
20220302,109.0,110.0,107.5,108.5,14353793,1559878093,5868,+0.50
20220303,109.0,109.5,108.0,109.0,9766690,1063727029,3473,+0.50
20220304,108.0,108.5,107.0,108.0,8159552,879669190,3740,-1.00
20220307,107.0,107.5,105.5,106.0,13858290,1470585298,6418,-2.00
20220308,106.0,106.0,103.0,104.0,15334261,1600293666,6202,-2.00
20220309,105.0,106.0,104.5,105.5,7165705,754342134,3354,+1.50
20220310,106.0,107.0,104.5,105.0,12840053,1354124130,5320,-0.50
20220311,107.0,108.0,105.5,106.5,18272415,1948424501,8830,+1.50
20220314,107.0,107.5,105.5,106.5,10914394,1162845383,4778, 0.00
20220315,106.5,106.5,105.0,106.0,8420184,890504431,4067,-0.50
20220316,105.5,106.5,104.5,106.0,12956332,1364358058,6224, 0.00
20220317,107.5,108.0,106.0,107.0,12167125,1300366726,4751,+1.00
20220318,107.5,107.5,105.5,106.0,13251075,1405892415,5362,-1.00
20220321,106.0,108.0,106.0,107.5,9270494,994803974,4251,+1.50
20220322,107.0,107.5,106.5,107.5,7084138,757837318,3493, 0.00
20220323,107.5,107.5,107.0,107.5,7521242,807104597,3357, 0.00
20220324,106.5,107.5,106.5,107.0,6341741,677732930,2953,-0.50
20220325,106.5,107.0,106.0,106.5,6596352,702398762,2979,-0.50
20220328,106.5,106.5,105.5,105.5,7018456,742472847,3243,-1.00
20220329,106.0,106.5,105.0,105.5,7886313,832720706,3304, 0.00
20220330,106.0,107.0,105.5,106.5,7758942,825894260,3874,+1.00
20220331,106.5,107.0,106.0,106.5,4570075,486255960,1661, 0.00
20220401,105.5,107.0,105.5,107.0,7676720,816146472,2529,+0.50
20220406,106.0,107.5,105.5,107.0,9417018,1002842742,3694, 0.00
20220407,106.5,107.0,106.0,106.5,7659603,816464324,3048,-0.50
20220408,107.0,107.5,105.5,106.5,7289844,773119530,3831, 0.00
20220411,106.0,106.5,105.0,105.5,7255423,764982782,4333,-1.00
20220412,106.0,106.0,104.5,105.0,9853004,1033260092,4907,-0.50
20220413,105.0,106.0,104.5,105.5,6581505,692455648,3240,+0.50
20220414,106.0,106.0,105.0,105.5,4026288,425361662,2222, 0.00
20220415,105.0,106.0,105.0,105.0,3818361,402332053,2427,-0.50
20220418,105.0,105.5,104.5,104.5,4285000,449447027,2719,-0.50
20220419,105.0,105.5,105.0,105.5,5204833,547633640,2805,+1.00
20220420,105.5,106.5,105.0,106.5,9049125,960412442,3624,+1.00
20220421,107.0,107.0,106.0,107.0,8027555,856152861,3134,+0.50
20220422,106.0,107.0,106.0,107.0,10571644,1128133589,3685, 0.00
20220425,106.0,106.5,105.0,106.0,9250957,976858687,3851,-1.00
20220426,105.5,106.0,105.0,105.5,6960444,733644379,2777,-0.50
20220427,105.0,105.0,104.0,104.5,8809533,920538610,4110,-1.00
20220428,104.5,105.0,104.0,104.5,7822252,817701207,3968, 0.00
20220429,105.0,105.5,104.5,105.5,6265473,658990555,3204,+1.00
20220503,106.0,106.0,105.0,106.0,3522259,371518670,3083,+0.50
20220504,106.0,106.5,105.5,106.5,3890224,412379472,2915,+0.50
20220505,106.5,107.0,105.5,106.0,6135891,651636694,3183,-0.50
20220506,105.5,106.0,105.0,105.5,4754741,500677834,3059,-0.50
20220509,104.5,105.0,103.5,103.5,7509349,780045554,4401,-2.00
20220510,102.5,103.5,101.5,103.5,8055927,827562083,4126, 0.00
20220511,102.5,103.0,102.0,102.0,6178441,632924016,3513,-1.50
20220512,102.0,103.0,100.5,100.5,8945597,907630883,5762,-1.50
20220513,102.0,104.0,101.5,102.5,16031757,1637809814,6370,+2.00
20220516,103.5,103.5,102.5,102.5,5857869,602169755,3303, 0.00
20220517,103.0,103.5,102.0,103.0,9511905,978966470,2862,+0.50
20220518,103.0,104.5,103.0,104.5,9867476,1023379530,5119,+1.50
20220519,103.0,103.5,102.5,103.0,5656102,583075224,3367,-1.50
20220520,103.5,104.5,103.0,104.5,7264342,755595654,3346,+1.50
20220523,105.0,105.5,104.0,105.0,4505076,472172895,1985,+0.50
20220524,104.5,105.0,104.5,105.0,3603684,378064995,2262, 0.00
20220525,105.0,106.0,104.5,105.5,6661617,701919151,2572,+0.50
20220526,106.0,106.5,104.5,105.0,6810623,716900027,2768,-0.50
20220527,106.0,106.5,105.5,106.5,9392163,996731071,3743,+1.50
20220530,107.0,107.5,106.5,106.5,9828848,1049975398,4057, 0.00
20220531,106.5,107.5,105.0,105.0,36012743,3801926101,5106,-1.50
20220601,106.0,107.5,106.0,106.5,13463984,1435409987,4378,+1.50
20220602,106.0,107.0,105.5,107.0,5674777,605428762,2809,+0.50
20220606,108.0,109.0,107.0,108.5,9943661,1074094022,4954,+1.50
20220607,108.0,108.5,107.0,107.0,6700589,720099837,3867,-1.50
20220608,107.5,108.0,107.0,107.5,5347018,575059548,2801,+0.50
20220609,107.5,108.0,107.0,108.0,6381272,688057298,2770,+0.50
20220610,107.0,108.0,106.5,107.5,5487054,590007911,2822,-0.50
20220613,106.5,107.0,105.5,106.5,8471409,900134165,3738,-1.00
20220614,106.0,107.0,105.5,106.5,6188761,657693768,2618, 0.00
20220615,106.5,107.5,106.0,106.5,9259896,987134602,5144, 0.00
20220616,107.5,107.5,106.0,106.5,6459978,689281136,2742, 0.00
20220617,105.5,106.5,105.0,106.5,13576269,1443062351,3288, 0.00
20220620,106.0,108.0,106.0,107.5,10711339,1147933374,4328,+1.00
20220621,108.0,108.5,107.0,108.5,13139903,1417227740,4842,+1.00
20220622,108.5,109.0,107.5,108.0,7543456,814482915,3667,-0.50
20220623,108.5,109.5,107.5,108.0,8910751,965265421,3462, 0.00
20220624,108.5,109.0,108.0,109.0,10491279,1139729708,4783,+1.00
20220627,109.5,110.0,109.0,109.5,6533791,716266197,3305,+0.50
20220628,109.0,110.0,108.5,109.5,7615330,831840999,2546, 0.00
20220629,109.0,110.5,109.0,109.5,11948710,1311941488,5624, 0.00
20220630,110.0,110.0,108.5,108.5,12266070,1339361289,3841,-1.00
20220701,109.0,109.5,107.0,108.0,15484660,1675723044,4929,-0.50
20220704,108.0,108.5,106.0,107.5,20063169,2152931551,5853,-0.50
20220705,99.0,99.1,93.0,94.0,45017430,4339528031,20943,X0.00
20220706,94.0,94.0,87.0,87.0,30591441,2727985190,19649,-7.00
20220707,86.5,86.6,84.2,84.6,33110561,2814354615,20790,-2.40
20220708,85.1,86.1,84.3,85.0,21813673,1852486141,12387,+0.40
20220711,86.0,86.0,84.8,84.9,11068277,943264796,6239,-0.10
20220712,85.0,85.7,84.7,85.4,12513487,1066377644,6128,+0.50
20220713,87.5,87.8,85.5,85.7,17867091,1538712236,9961,+0.30
20220714,85.7,87.4,84.9,87.0,10398769,898434039,5974,+1.30
20220715,87.0,87.2,86.1,86.6,9844209,853766302,5527,-0.40
20220718,86.5,88.2,86.4,88.0,9783949,856258554,6061,+1.40
20220719,87.8,89.5,87.2,88.6,13098399,1158002647,6454,+0.60
20220720,89.5,89.6,87.8,87.8,13898961,1229612526,9064,-0.80
20220721,88.5,89.4,87.3,88.8,12818532,1134161042,6520,+1.00
20220722,88.3,88.8,87.6,87.9,11966835,1054279259,7808,-0.90
20220725,88.0,90.5,87.9,90.3,8101719,726680189,4995,+2.40
20220726,90.0,91.2,89.9,90.3,7732557,699475159,5246, 0.00
20220727,90.7,90.9,89.5,90.2,6247433,562131183,3676,-0.10
20220728,90.8,91.1,90.1,91.1,4014623,364027730,2512,+0.90
20220729,92.0,92.0,91.5,92.0,6482695,594978330,3367,+0.90
20220801,92.0,93.0,91.7,92.5,6661449,615185372,3554,+0.50
20220802,91.8,91.8,90.3,91.6,12063781,1096922456,6122,-0.90
20220803,91.0,91.7,90.7,91.7,8239624,751767616,3488,+0.10
20220804,91.2,91.7,89.4,90.9,15075004,1366176551,7200,-0.80
20220805,91.8,91.8,90.9,91.0,7456553,680260032,3993,+0.10
20220808,91.0,91.1,90.1,91.0,3541674,321211559,2351, 0.00
20220809,90.7,91.0,90.0,90.9,4876839,441808119,3096,-0.10
20220810,90.5,91.3,90.1,91.3,6183733,561900991,3013,+0.40
20220811,91.8,92.8,91.6,92.6,7778965,717227451,3838,+1.30
20220812,93.0,94.0,92.8,93.8,5636437,527614923,4157,+1.20
20220815,94.2,94.7,93.9,94.5,3991838,376747279,3021,+0.70
20220816,94.5,94.6,93.6,94.4,4283456,403787571,2585,-0.10
20220817,94.4,94.6,93.8,94.2,5642012,530829614,3364,-0.20
20220818,94.0,94.4,93.3,94.2,3093846,290826808,2168, 0.00
20220819,93.6,94.4,93.6,94.3,3535223,332436717,2126,+0.10
20220822,93.5,94.9,93.4,94.9,5058013,477208990,2835,+0.60
20220823,94.3,94.4,93.6,93.6,4103013,385211719,2852,-1.30
20220824,94.2,94.5,93.5,93.6,3028201,284050262,1873, 0.00
20220825,93.7,94.4,93.7,93.9,2940278,276622337,1704,+0.30
20220826,94.0,94.4,93.0,93.2,6545760,611507405,4239,-0.70
20220829,92.1,92.2,91.0,91.3,7913934,724378869,5517,-1.90
20220830,91.0,91.8,90.8,91.3,7409999,675800749,4219, 0.00
20220831,90.5,91.6,90.5,91.1,6922363,630374858,3095,-0.20
20220901,90.1,90.7,89.5,90.0,10535033,946946601,6643,-1.10
20220902,90.0,90.1,88.6,88.8,12405313,1104608434,7766,-1.20
20220905,88.9,89.5,88.0,89.3,7686732,682539370,3828,+0.50
20220906,89.3,89.8,88.6,89.8,7275347,648439339,4037,+0.50
20220907,89.0,89.0,88.1,88.3,8683342,767873784,5874,-1.50
20220908,88.4,88.6,87.5,88.3,7480125,658129553,5123, 0.00
20220912,88.8,89.6,88.4,89.4,5874875,523741796,3447,+1.10
20220913,89.8,90.3,88.8,90.3,7620636,682548010,4133,+0.90
20220914,88.3,88.7,87.7,88.1,12709719,1121482386,7814,-2.20
20220915,88.1,88.4,87.1,88.1,11789639,1035415344,6369, 0.00
20220916,87.2,88.0,86.5,86.5,78642885,6814370589,13254,-1.60
20220919,86.5,86.7,85.3,85.5,15400004,1320543388,10360,-1.00
20220920,86.0,86.6,85.8,86.1,5873019,506111015,3613,+0.60
20220921,86.1,86.6,86.0,86.2,5878796,506827425,3850,+0.10
20220922,85.9,86.3,85.1,85.9,5910736,506197262,3892,-0.30
20220923,85.9,87.1,85.9,86.6,5873571,509050913,3906,+0.70
20220926,85.8,86.7,85.3,86.0,10574388,907540235,5115,-0.60
20220927,86.2,86.8,85.2,85.2,7936754,680091897,5109,-0.80
20220928,85.5,86.1,84.3,84.8,10239719,869252157,5260,-0.40
20220929,85.3,85.7,85.0,85.7,8269677,706128650,4411,+0.90
20220930,85.5,86.9,85.2,86.6,10334050,892576954,4478,+0.90
20221003,85.6,87.4,85.6,86.5,5216328,451633974,3957,-0.10
20221004,87.4,87.9,86.8,87.8,5827963,509585991,4154,+1.30
20221005,87.6,88.2,87.4,87.7,6418147,562999255,5132,-0.10
20221006,87.7,87.7,85.8,86.1,10250385,884672352,6296,-1.60
20221007,85.7,86.0,85.1,85.1,8753279,747877878,5573,-1.00
20221011,85.0,85.4,84.2,84.5,10815704,917510472,5971,-0.60
20221012,84.3,84.4,80.6,80.8,25633825,2089088143,18452,-3.70
20221013,80.2,80.3,78.1,78.9,24394717,1919140256,14770,-1.90
20221014,79.5,80.9,79.3,79.9,11125181,890994727,5841,+1.00
20221017,79.6,80.6,78.7,80.6,8307661,664448218,4359,+0.70
20221018,80.9,81.0,80.0,80.9,10407875,838941130,6297,+0.30
20221019,80.7,81.3,80.2,80.2,11694570,943429599,4888,-0.70
20221020,78.8,82.2,78.6,80.8,28899615,2329556002,7564,+0.60
20221021,80.9,82.8,80.6,81.8,10678981,876535428,6036,+1.00
20221024,82.6,83.0,81.7,82.0,5898472,485321245,5634,+0.20
20221025,82.7,82.9,81.8,82.3,6780689,558838922,3117,+0.30
20221026,82.8,83.0,82.2,82.6,5914915,489361378,3818,+0.30
20221027,83.0,83.9,82.5,82.5,7446118,618214454,4528,-0.10
20221028,83.1,83.4,82.6,82.9,4099874,340134024,2881,+0.40
20221031,83.0,83.3,82.6,83.1,4971443,412758287,2754,+0.20
20221101,83.1,83.8,82.4,83.3,4375388,364238177,2308,+0.20
20221102,83.4,84.0,82.6,82.8,6669954,554354134,3650,-0.50
20221103,82.1,82.9,81.9,82.8,6604173,544460376,3469, 0.00
20221104,82.1,83.1,82.1,82.9,5123411,423064581,2822,+0.10
20221107,83.0,84.6,82.9,84.6,7984599,670900633,3756,+1.70
20221108,84.9,85.5,84.7,85.5,5139523,437972694,4223,+0.90
20221109,85.5,86.0,85.0,86.0,5107160,437659745,3310,+0.50
20221110,86.0,86.3,85.5,86.0,3735221,320714260,2482, 0.00
20221111,86.8,87.8,86.8,87.7,9572664,836769177,5492,+1.70
20221114,88.3,89.2,88.1,89.1,12199916,1084297012,8925,+1.40
20221115,88.8,89.0,87.8,88.6,7306590,646332670,6931,-0.50
20221116,88.4,88.9,87.0,87.4,10198554,894259216,7074,-1.20
20221117,87.0,87.7,87.0,87.4,4113219,359469322,3226, 0.00
20221118,87.0,88.0,86.8,87.7,4470748,391419730,2390,+0.30
20221121,87.8,88.0,87.3,88.0,4447702,389917990,2784,+0.30
20221122,88.5,88.7,88.1,88.7,5973709,528716280,3547,+0.70
20221123,88.9,89.0,88.2,88.9,3940824,349529794,3504,+0.20
20221124,89.2,89.7,89.0,89.7,6173288,551400519,3700,+0.80
20221125,89.8,90.1,89.2,89.9,6644731,596985852,4212,+0.20
20221128,89.5,89.6,88.0,89.1,8413182,747991860,5938,-0.80
20221129,89.5,89.5,88.3,88.9,4762226,422730607,4502,-0.20
20221130,89.2,90.2,89.0,90.2,9376561,843450756,3525,+1.30
20221201,90.9,91.5,90.0,90.7,6962843,631266555,4829,+0.50
20221202,90.0,90.3,89.1,89.1,7153206,640624830,5655,-1.60
20221205,88.9,90.0,88.8,89.1,7193923,643602676,4514, 0.00
20221206,88.8,89.1,87.1,87.3,9635128,847213099,5568,-1.80
20221207,87.4,89.2,87.3,88.1,7958199,703480884,4004,+0.80
20221208,87.6,87.6,87.2,87.3,4818484,420785555,5294,-0.80
20221209,87.3,88.4,87.2,87.9,7245312,636745012,3279,+0.60
20221212,87.1,87.2,86.2,86.7,10499654,910262132,5233,-1.20
20221213,86.7,87.3,86.1,86.3,9334390,806928328,4985,-0.40
20221214,86.9,87.7,86.8,87.2,7718880,673553562,3442,+0.90
20221215,87.5,89.1,87.2,88.9,12596532,1115347851,6488,+1.70
20221216,88.0,88.8,87.6,87.6,20933216,1841151143,8473,-1.30
20221219,86.8,87.6,86.2,86.3,16368577,1417613528,7846,-1.30
20221220,86.0,86.7,85.2,85.3,14572387,1246494456,6060,-1.00
20221221,85.3,85.9,85.1,85.4,12852445,1098077565,4330,+0.10
20221222,85.8,87.2,85.7,87.2,14050664,1219340436,4341,+1.80
20221223,85.9,86.8,85.5,86.8,6046495,521361077,4031,-0.40
20221226,86.8,86.9,86.5,86.9,2542286,220428493,1951,+0.10
20221227,86.9,87.2,86.5,87.2,3118638,271512556,1967,+0.30
20221228,86.4,87.0,86.1,86.9,5900955,511813600,2963,-0.30
20221229,86.1,86.4,85.9,86.1,4060562,349592611,2718,-0.80
20221230,86.7,87.2,86.6,86.8,3159102,274555204,1880,+0.70
20230103,86.2,87.0,85.6,87.0,6448672,556804419,4112,+0.20
20230104,86.8,87.0,86.4,86.6,3223446,279224517,2242,-0.40
20230105,86.5,87.6,86.4,87.5,5787397,504976089,3075,+0.90
20230106,87.4,88.0,87.2,88.0,4049195,355365906,3461,+0.50
20230109,88.3,88.9,88.1,88.9,7454707,661078248,4224,+0.90
20230110,89.2,89.3,88.4,88.9,4488485,398498852,3945, 0.00
20230111,88.0,88.4,87.5,87.9,6920532,609123236,3837,-1.00
20230112,88.3,88.3,87.5,87.7,4786846,420407227,2880,-0.20
20230113,87.6,88.4,87.6,88.2,5262189,463319064,2794,+0.50
20230116,88.1,88.9,88.0,88.3,5391980,477122406,3532,+0.10
20230117,88.5,88.9,88.3,88.6,5036061,446477821,3144,+0.30
20230130,88.9,90.0,88.8,90.0,14524817,1301500673,7055,+1.40
20230131,90.0,90.4,89.1,89.3,11742387,1053819512,5660,-0.70
20230201,89.4,89.5,88.1,88.9,7124632,632243691,4841,-0.40
20230202,88.9,89.0,88.1,89.0,6035195,534948031,4614,+0.10
20230203,88.7,88.8,88.1,88.6,3617416,320182532,3142,-0.40
20230206,88.5,89.5,88.4,88.4,4949393,438643573,4008,-0.20
20230207,88.4,89.5,88.4,89.0,3677831,327387108,2588,+0.60
20230208,88.9,89.6,88.7,89.4,4354551,388781326,3961,+0.40
20230209,89.0,89.8,88.9,89.5,2782602,248966296,2277,+0.10
20230210,88.9,89.5,88.7,89.1,2808707,250318241,2284,-0.40
20230213,88.8,89.5,88.7,89.3,2798138,249381197,1549,+0.20
20230214,89.7,90.9,89.6,90.6,6925817,626015606,4913,+1.30
20230215,90.7,90.8,89.2,89.6,5803051,521534756,4773,-1.00
20230216,89.8,90.0,89.2,89.7,2703368,242542646,2213,+0.10
20230217,89.4,90.1,89.3,90.1,2521883,226818461,2010,+0.40
20230220,89.9,90.7,89.9,90.7,3293583,297892984,2240,+0.60
20230221,90.7,91.4,90.3,91.3,4979693,453450177,3524,+0.60
20230222,90.7,91.7,90.2,91.7,6217307,566263808,4901,+0.40
20230223,91.7,91.7,91.3,91.3,5294261,483906954,4023,-0.40
20230224,91.3,91.4,90.7,90.9,6609050,601013424,2563,-0.40
20230301,89.8,90.6,89.7,90.2,7378422,665212660,4283,-0.70
20230302,90.2,90.3,89.7,90.2,4152628,373830371,2761, 0.00
20230303,90.2,90.7,90.2,90.7,2339426,211760999,1487,+0.50
20230306,91.1,91.5,90.7,91.5,5436562,496113240,4202,+0.80
20230307,91.3,91.5,91.0,91.4,4650644,424449542,3592,-0.10
20230308,90.9,91.9,90.8,91.8,5058424,462921965,3376,+0.40
20230309,91.8,91.9,90.4,90.6,4806209,436440454,4335,-1.20
20230310,89.8,90.3,89.7,89.8,5755038,517273147,4689,-0.80
20230313,89.8,90.5,89.1,90.1,5184813,466311854,3914,+0.30
20230314,89.2,89.9,89.1,89.4,5221604,466913816,3667,-0.70
20230315,89.4,90.1,89.0,89.0,6376328,569343759,4712,-0.40
20230316,88.5,88.8,88.0,88.5,7890893,698457288,5196,-0.50
20230317,88.6,90.7,88.5,90.7,9860792,888477424,3901,+2.20
20230320,90.5,90.5,89.8,90.0,3736111,336323490,3494,-0.70
20230321,90.2,91.1,90.1,90.5,4443606,402509485,2927,+0.50
20230322,90.7,91.0,90.5,90.9,3918534,355989295,2384,+0.40
20230323,91.0,91.4,90.8,91.4,4443395,404899699,2868,+0.50
20230324,91.3,91.5,90.9,91.4,4432582,404513381,2881, 0.00
20230327,91.4,91.8,91.4,91.8,3838621,351919758,2953,+0.40
20230328,91.8,92.5,91.5,92.3,5726123,527542675,3872,+0.50
20230329,92.3,92.6,92.0,92.3,3880770,357859158,3683, 0.00
20230330,92.5,92.5,91.8,92.4,4017569,370150832,2983,+0.10
20230331,92.3,92.6,91.8,91.8,4734338,436230026,3477,-0.60
20230406,91.9,92.2,91.0,91.4,5839499,533477845,4322,-0.40
20230407,91.4,91.4,90.8,90.8,4596343,418333427,3675,-0.60
20230410,90.9,92.2,90.8,92.1,4878617,447900207,3796,+1.30
20230411,92.3,92.6,91.9,92.6,5021710,463781834,3504,+0.50
20230412,92.4,92.8,91.8,92.6,4698031,434559682,4602, 0.00
20230413,92.8,93.4,92.4,93.1,5821283,541717286,4418,+0.50
20230414,93.0,93.8,92.6,93.3,5699299,532383213,4714,+0.20
20230417,93.3,94.3,93.1,94.0,5685656,534017481,4570,+0.70
20230418,93.8,93.8,93.0,93.0,4766158,444693594,7082,-1.00
20230419,93.5,93.9,92.3,92.5,6850521,637255712,4863,-0.50
20230420,92.3,92.7,91.6,92.1,5089189,469039064,3866,-0.40
20230421,92.5,93.1,91.9,92.5,7081720,656177313,4326,+0.40
20230424,92.6,93.4,91.9,93.0,7241293,673556120,5384,+0.50
20230425,93.1,93.6,92.0,92.0,9180900,848751208,5537,-1.00
20230426,92.0,93.6,92.0,93.6,8574730,796809195,5774,+1.60
20230427,93.1,93.8,92.8,93.7,8053524,752662665,4998,+0.10
20230428,94.0,94.4,93.3,93.9,6265582,587712713,5357,+0.20
20230502,93.7,94.2,93.1,93.9,6964481,651456214,6380, 0.00
20230503,93.8,94.0,93.2,93.6,4362011,408816918,3205,-0.30
20230504,93.6,93.8,93.3,93.7,3035609,284210704,2375,+0.10
20230505,93.9,94.0,93.6,93.8,2450479,229855238,1695,+0.10
20230508,94.1,94.1,93.4,93.8,2972011,278752347,2497, 0.00
20230509,93.7,94.0,93.2,94.0,4943242,463229145,3305,+0.20
20230510,93.6,93.8,92.8,93.8,5553260,517824704,4130,-0.20
20230511,93.4,93.6,92.8,93.4,4682023,435973074,3394,-0.40
20230512,92.8,92.9,91.8,92.5,6267338,578153879,4907,-0.90
20230515,91.8,92.9,91.3,92.9,4676497,430097104,3219,+0.40
20230516,92.9,93.2,92.1,93.1,6949868,644992039,4477,+0.20
20230517,92.9,94.3,92.5,94.3,18747911,1761219328,7073,+1.20
20230518,93.5,94.3,93.5,94.3,7647398,717929924,5438, 0.00
20230519,94.3,94.3,93.4,94.0,8962918,839414728,4914,-0.30
20230522,94.0,94.2,93.1,93.5,6079143,568613271,3822,-0.50
20230523,93.7,93.8,93.2,93.5,6382191,596728013,3573, 0.00
20230524,93.3,93.9,93.0,93.9,5648651,527315390,3912,+0.40
20230525,93.3,94.1,93.2,93.2,4585063,428429382,2708,-0.70
20230526,92.6,93.6,92.5,93.5,5694075,530035713,3734,+0.30
20230529,93.5,94.1,93.3,93.3,5424135,507718258,3969,-0.20
20230530,93.3,93.6,92.8,93.5,8188868,763846049,4899,+0.20
20230531,93.1,94.1,93.1,94.1,37603324,3537023658,4420,+0.60
20230601,94.1,94.1,93.2,93.3,6302155,590147737,4484,-0.80
20230602,93.6,93.9,93.4,93.7,7026791,658317946,3760,+0.40
20230605,93.5,94.4,93.5,94.0,8080372,760299505,3202,+0.30
20230606,94.2,94.8,94.0,94.4,10406373,983304084,5202,+0.40
20230607,94.0,94.5,93.9,94.0,8404365,791675910,6078,-0.40
20230608,94.1,94.3,93.7,93.8,6889494,647709679,4411,-0.20
20230609,94.4,94.4,94.0,94.1,4399462,414527579,3031,+0.30
20230612,94.5,94.5,93.9,93.9,3751267,352741810,2962,-0.20
20230613,93.9,94.1,93.3,93.7,7306402,685472900,4439,-0.20
20230614,93.8,94.2,93.5,93.8,5545193,521058357,3289,+0.10
20230615,94.1,94.2,93.6,94.1,5207690,489439515,3147,+0.30
20230616,94.1,94.1,92.5,92.5,20812209,1933530413,8306,-1.60
20230619,92.8,93.0,91.6,91.6,16491041,1515879752,7849,-0.90
20230620,92.5,92.6,91.9,92.6,10790061,996528964,4332,+1.00
20230621,92.4,92.8,91.8,92.8,7411796,685809162,4444,+0.20
20230626,92.3,92.7,92.0,92.0,11794524,1087560381,5727,-0.80
20230627,88.0,88.4,87.0,87.0,18862116,1651179597,13028,X0.00
20230628,87.0,87.2,86.0,86.2,11279609,973324908,9242,-0.80
20230629,86.7,87.0,86.2,86.2,8227239,710588070,5710, 0.00
20230630,86.2,86.3,85.7,85.7,9723797,835825715,6737,-0.50
20230703,86.1,86.3,85.6,85.6,7117746,610819456,5726,-0.10
20230704,85.7,85.7,84.6,84.7,11985410,1018536841,10658,-0.90
20230705,84.9,85.1,84.7,84.7,6582311,558282731,5040, 0.00
20230706,84.5,84.7,83.2,83.2,16215573,1356223734,14169,-1.50
20230707,83.0,83.1,82.0,82.0,16019483,1317464466,13169,-1.20
20230710,82.3,83.0,82.3,82.3,10818843,893476882,7258,+0.30
20230711,82.5,83.5,82.3,82.4,9349925,772765154,7181,+0.10
20230712,83.2,83.3,82.2,82.4,8948483,738074613,6369, 0.00
20230713,82.5,83.2,82.5,82.7,8392449,694396380,4991,+0.30
20230714,83.0,84.2,83.0,83.7,8795144,736136836,4921,+1.00
20230717,84.0,84.1,83.0,83.1,8395499,698742775,5468,-0.60
20230718,83.0,83.7,82.9,82.9,10221139,848902067,5823,-0.20
20230719,83.1,83.6,82.8,82.8,9795735,813234444,6445,-0.10
20230720,82.9,83.4,82.9,83.2,8179063,679820952,5321,+0.40
20230721,83.2,83.6,82.6,82.6,11301428,936119270,6587,-0.60
20230724,82.6,82.7,82.2,82.2,13350926,1099031773,6872,-0.40
20230725,82.5,82.5,82.0,82.1,10015734,822788829,5775,-0.10
20230726,82.2,83.0,82.1,83.0,7426757,614527718,4361,+0.90
20230727,83.0,83.6,83.0,83.3,7376811,614272881,4508,+0.30
20230728,83.3,83.6,83.0,83.0,5404894,449430320,4062,-0.30
20230731,83.1,83.8,83.1,83.2,6522075,544239233,4113,+0.20
20230801,83.6,84.3,83.6,84.2,7106361,597707784,4941,+1.00
20230802,84.0,84.2,83.4,83.5,7939198,664132625,5265,-0.70
20230804,83.6,84.3,83.5,84.0,5440966,456939641,3725,+0.50
20230807,84.0,84.7,84.0,84.2,4257564,359163410,2875,+0.20
20230808,84.3,84.4,83.6,83.7,5157152,432648661,3655,-0.50
20230809,83.9,84.3,83.7,84.3,3575383,300783111,2441,+0.60
20230810,84.5,84.7,84.0,84.5,5508212,465423144,3628,+0.20
20230811,84.4,84.5,84.0,84.0,4012764,338078394,2730,-0.50
20230814,84.0,84.0,82.8,83.0,6944782,577388645,4676,-1.00
20230815,83.0,83.1,82.4,82.4,6078771,502090877,4647,-0.60
20230816,81.9,82.0,80.6,80.9,14404021,1166994615,11761,-1.50
20230817,80.5,80.5,79.0,79.8,12799200,1019357151,10675,-1.10
20230818,79.8,80.6,79.2,80.3,9074898,726973606,5558,+0.50
20230821,80.3,80.3,79.6,80.1,8268032,660967231,6050,-0.20
20230822,80.2,80.2,79.5,79.9,7234302,576667128,6581,-0.20
20230823,79.9,79.9,79.2,79.4,6918727,549864031,5422,-0.50
20230824,79.4,79.8,79.1,79.7,8128574,644996388,5269,+0.30
20230825,79.6,79.7,79.2,79.3,7221957,573144520,4838,-0.40
20230828,79.0,79.8,79.0,79.6,6262328,497492458,3645,+0.30
20230829,79.6,80.4,79.5,80.3,3287184,262368635,2586,+0.70
20230830,80.3,80.8,79.9,80.3,5647687,453330087,4104, 0.00
20230831,80.3,80.3,79.5,79.5,12815714,1021122628,5613,-0.80
20230901,79.6,80.4,79.5,80.2,3120985,250061422,2204,+0.70
20230904,80.0,81.7,80.0,81.5,7802700,633016682,4529,+1.30
20230905,81.5,82.1,81.5,82.0,3538724,289673170,4194,+0.50
20230906,81.9,81.9,81.2,81.2,6049657,492632873,3566,-0.80
20230907,81.0,81.6,80.8,81.3,5136733,417044331,2717,+0.10
20230908,81.7,82.2,81.5,82.1,4812851,394629662,3009,+0.80
20230911,82.3,82.5,82.2,82.4,4254920,350315330,2892,+0.30
20230912,82.6,82.6,82.1,82.4,6130506,504533484,2822, 0.00
20230913,82.5,82.7,82.1,82.5,6253174,516229884,2261,+0.10
20230914,83.0,83.3,82.5,83.1,7125694,591055963,3278,+0.60
20230915,83.2,83.3,82.2,83.3,11833956,981921001,5649,+0.20
20230918,82.6,82.8,82.0,82.3,4165616,342523168,3472,-1.00
20230919,82.2,82.7,82.1,82.4,2314802,190825063,1566,+0.10
20230920,82.4,82.6,82.0,82.4,2206374,181722205,1540, 0.00
20230921,82.1,82.2,81.2,81.2,5132657,418195999,4359,-1.20
20230922,81.0,81.5,80.6,81.1,3051052,247047751,2363,-0.10
20230925,81.1,81.6,81.0,81.6,1810882,147229878,1508,+0.50
20230926,81.1,81.1,80.4,80.4,4255737,343059241,4556,-1.20
20230927,80.1,80.3,79.7,79.8,6603364,527364308,5872,-0.60
20230928,80.0,80.4,79.6,79.8,6543598,521739412,5419, 0.00
20231002,79.9,80.0,79.5,79.6,6506714,518039752,5596,-0.20
20231003,79.6,79.6,79.1,79.1,6936238,550050615,6584,-0.50
20231004,78.9,78.9,78.2,78.4,9655137,757025951,8314,-0.70
20231005,78.7,78.9,78.4,78.7,5354521,421316095,4078,+0.30
20231006,78.8,79.3,78.4,78.8,3891827,307071251,3178,+0.10
20231011,79.9,79.9,79.1,79.6,9412036,748382315,5048,+0.80
20231012,80.1,80.7,79.8,80.7,7802898,627330538,4424,+1.10
20231013,80.4,80.5,79.9,80.5,5414074,433865346,3672,-0.20
20231016,80.0,80.4,79.8,80.3,4194903,336194448,2615,-0.20
20231017,80.0,80.3,79.7,79.9,6857206,547434300,4654,-0.40
20231018,80.2,80.2,79.2,80.1,12528567,1000050865,4663,+0.20
20231019,79.6,79.9,79.3,79.3,5667953,450590266,3708,-0.80
20231020,79.0,79.2,78.5,78.6,6401298,503776792,4530,-0.70
20231023,78.5,78.6,78.1,78.1,5771125,451684467,5353,-0.50
20231024,78.1,78.3,77.8,77.8,7465892,582018972,7366,-0.30
20231025,78.0,78.2,77.8,77.8,4792780,373384956,4381, 0.00
20231026,77.6,77.6,77.0,77.1,7065303,545506687,6299,-0.70
20231027,77.1,77.5,77.1,77.2,4118802,318276017,2849,+0.10
20231030,77.4,77.8,77.1,77.2,4721334,364766823,3749, 0.00
20231031,77.2,77.4,77.0,77.0,7075751,545298433,4590,-0.20
20231101,77.0,77.1,76.8,76.8,5050128,388213038,3858,-0.20
20231102,76.7,77.4,76.7,77.2,4592827,354287363,3289,+0.40
20231103,77.9,77.9,77.4,77.9,4910666,381664877,3135,+0.70
20231106,78.4,79.0,78.0,78.6,6377441,501094476,3691,+0.70
20231107,78.5,78.5,77.7,78.1,4726557,368433794,3165,-0.50
20231108,78.0,78.0,77.6,77.9,3671349,285703864,3097,-0.20
20231109,78.0,78.6,77.8,78.3,3472887,271741580,2071,+0.40
20231110,78.0,78.1,77.6,77.7,3367578,261988787,2718,-0.60
20231113,77.7,77.8,77.3,77.5,5953688,461253128,3843,-0.20
20231114,77.6,78.0,77.3,77.8,6288904,488691536,3364,+0.30
20231115,78.6,79.9,78.3,79.9,12244192,970117586,6428,+2.10
20231116,80.4,81.2,80.2,81.2,10246205,826572479,5817,+1.30
20231117,81.4,81.7,80.6,80.8,6225924,503977820,4490,-0.40
20231120,80.9,81.0,80.1,80.8,5013542,403599043,3218, 0.00
20231121,81.0,81.9,80.8,81.9,8855190,722109702,5274,+1.10
20231122,81.8,81.8,81.1,81.3,3375435,274493382,2703,-0.60
20231123,81.2,81.2,80.5,80.9,2636099,212885940,2320,-0.40
20231124,81.5,81.9,81.2,81.6,4251350,346512389,2451,+0.70
20231127,81.7,81.9,81.0,81.4,4076852,331681527,3140,-0.20
20231128,81.8,82.0,81.4,82.0,6989824,572121910,3924,+0.60
20231129,81.9,81.9,81.3,81.4,4338856,353522445,2831,-0.60
20231130,81.1,81.2,80.7,80.8,11416642,922900585,3173,-0.60
20231201,80.8,81.0,80.5,80.7,2450616,197881144,1989,-0.10
20231204,80.9,81.2,80.7,80.9,3948947,319264867,2451,+0.20
20231205,80.6,80.9,80.2,80.7,4125314,331859710,2811,-0.20
20231206,80.9,81.0,80.4,80.4,3094153,249160305,2040,-0.30
20231207,80.3,80.4,79.9,79.9,3799431,304216763,3569,-0.50
20231208,79.9,80.1,79.7,80.0,4358346,348123031,3667,+0.10
20231211,80.1,80.1,79.6,79.9,2306930,184208778,2120,-0.10
20231212,79.9,80.0,79.4,79.6,3978206,316689032,3438,-0.30
20231213,79.7,79.7,78.9,78.9,5463117,432040250,5057,-0.70
20231214,79.4,80.0,78.8,79.8,4671538,372080010,2871,+0.90
20231215,79.9,80.4,79.7,79.7,11065567,883784059,3594,-0.10
20231218,79.7,80.5,79.7,80.5,2988406,239800827,2279,+0.80
20231219,80.2,80.3,79.7,79.8,3110326,248420001,2126,-0.70
20231220,80.0,80.3,79.7,79.9,4168145,333429010,2166,+0.10
20231221,79.8,79.9,79.3,79.5,3435913,273267591,2728,-0.40
20231222,79.3,79.3,78.7,78.8,4475816,353029225,3760,-0.70
20231225,78.5,78.8,78.3,78.7,3329691,261656944,2990,-0.10
20231226,79.1,79.1,78.7,78.8,4664369,367826797,2716,+0.10
20231227,78.9,79.7,78.8,79.6,5613751,446003622,3001,+0.80
20231228,79.4,79.8,79.2,79.8,4404237,350151996,3052,+0.20
20231229,79.7,79.7,79.0,79.2,4531189,359120954,2853,-0.60
20240102,79.1,79.3,78.8,79.2,3137659,247884226,3105, 0.00
20240103,78.6,78.8,78.0,78.1,7140518,558453155,6197,-1.10
20240104,78.1,78.4,78.1,78.3,2698380,211029359,2116,+0.20
20240105,78.3,78.4,78.1,78.1,2394318,187156301,2096,-0.20
20240108,78.1,78.7,78.1,78.1,3038745,237715162,2301, 0.00
20240109,78.2,78.2,77.6,77.6,5606020,436282556,6517,-0.50
20240110,77.6,77.7,77.0,77.0,5677225,438087818,5676,-0.60
20240111,76.7,76.9,75.5,75.9,12754464,968555892,11589,-1.10
20240112,75.9,76.4,75.7,76.0,5619374,426936154,3846,+0.10
20240115,76.0,76.3,75.5,75.5,7295552,551979055,5417,-0.50
20240116,75.1,75.3,73.3,73.6,19751020,1457485904,20143,-1.90
20240117,73.0,73.1,71.3,71.8,16992058,1222998091,13148,-1.80
20240118,71.7,71.7,70.8,71.1,11070991,788520595,8817,-0.70
20240119,70.9,71.6,70.8,71.2,9710883,691762974,6189,+0.10
20240122,71.4,71.4,70.6,70.6,8222507,582667004,7402,-0.60
20240123,70.7,71.4,70.7,71.1,5813021,413022758,4362,+0.50
20240124,71.1,72.3,71.1,72.1,6306830,453901359,4616,+1.00
20240125,72.2,72.3,71.5,71.7,4392152,315079083,3898,-0.40
20240126,71.5,72.9,71.3,72.7,5699554,412605474,4265,+1.00
20240129,72.9,73.7,72.8,73.6,5958717,437623526,4684,+0.90
20240130,73.6,73.7,72.0,72.0,7284522,528468276,6013,-1.60
20240131,72.0,72.5,71.8,72.1,6789084,489176964,3661,+0.10
20240201,72.5,73.5,72.4,73.5,4816534,352286706,3605,+1.40
20240202,73.2,73.5,72.8,73.5,4175838,305634523,3514, 0.00
20240205,72.4,72.9,72.2,72.4,5264202,381438544,3803,-1.10
20240215,72.3,72.5,71.4,72.4,9010452,648666688,6734, 0.00
20240216,72.5,73.3,72.5,73.0,4605788,335744926,3446,+0.60
20240219,73.6,74.4,73.6,73.8,5051185,372953121,3838,+0.80
20240220,73.8,73.9,73.2,73.7,3887122,285773739,2939,-0.10
20240221,73.7,73.8,73.2,73.5,4359602,320090516,3177,-0.20
20240222,73.5,73.5,73.0,73.2,2984799,218471868,2720,-0.30
20240223,72.5,72.7,72.0,72.0,6420640,464127829,6400,-1.20
20240226,71.8,72.2,71.7,72.1,4072176,292718869,3429,+0.10
20240227,71.9,71.9,71.5,71.8,5341058,382736105,5213,-0.30
20240229,71.8,72.2,71.5,71.7,9951120,713790786,4472,-0.10
20240301,71.7,71.8,71.3,71.6,3751133,268426976,3106,-0.10
20240304,71.1,71.2,70.8,70.8,9830016,697076110,8248,-0.80
20240305,70.8,71.2,70.4,70.4,10390455,733787199,9214,-0.40
20240306,70.4,71.0,70.4,70.5,5911721,417255667,4480,+0.10
20240307,70.3,70.4,69.7,69.8,10977469,766982312,10121,-0.70
20240308,69.5,69.6,68.6,68.6,16187078,1113773011,12950,-1.20
20240311,68.0,69.3,67.8,68.9,10343891,709279477,7745,+0.30
20240312,69.0,69.6,69.0,69.3,6413563,444192325,5137,+0.40
20240313,69.3,69.3,68.1,68.4,9107708,622845639,7486,-0.90
20240314,68.5,69.3,68.4,69.3,7326614,505417417,5010,+0.90
20240315,69.4,69.4,68.6,68.6,10717701,736676452,4206,-0.70
20240318,68.8,68.9,68.2,68.4,5049955,345489252,4193,-0.20
20240319,68.0,68.0,67.8,67.8,7827471,531267230,6045,-0.60
20240320,67.8,67.8,66.5,66.8,15195830,1015381018,12851,-1.00
20240321,66.6,67.9,66.4,67.4,11328801,761048325,7554,+0.60
20240322,67.4,67.4,66.7,67.0,6866549,460081224,6047,-0.40
20240325,66.9,68.0,66.8,67.8,4664584,315016574,3394,+0.80
20240326,67.9,69.4,67.8,69.3,10253572,707060614,6952,+1.50
20240327,69.2,69.2,68.5,68.5,5009202,344052722,4741,-0.80
20240328,68.5,68.6,68.0,68.1,4341456,296111319,3285,-0.40
20240329,68.5,69.3,68.3,68.9,7041830,486176421,4489,+0.80
20240401,69.4,71.3,69.4,70.9,13211788,933932524,8936,+2.00
20240402,70.9,71.0,69.9,70.8,5500640,388113552,5774,-0.10
20240403,70.3,70.7,69.8,70.0,6577465,461563971,4171,-0.80
20240408,69.9,70.6,69.4,70.4,7084895,496283537,5111,+0.40
20240409,70.8,71.7,70.7,71.5,7687751,548916409,5761,+1.10
20240410,71.8,72.4,71.5,72.0,7614473,548336628,6017,+0.50
20240411,71.6,71.8,70.7,70.9,6322386,449315052,5480,-1.10
20240412,70.1,70.2,69.6,69.7,9751827,681010186,7165,-1.20
20240415,69.7,70.4,69.5,69.6,8137599,568115088,4394,-0.10
20240416,69.5,69.5,68.0,68.0,9995956,682897372,8989,-1.60
20240417,68.0,68.2,67.6,67.8,7339727,498186181,6315,-0.20
20240418,67.6,68.3,67.2,68.1,9175546,621118811,6477,+0.30
20240419,67.6,68.3,66.8,67.1,13000806,873927534,9771,-1.00
20240422,67.9,69.9,67.6,69.7,11046485,763376289,6601,+2.60
20240423,69.7,69.8,68.9,69.1,5988110,414560274,8457,-0.60
20240424,69.4,69.8,68.7,68.8,4862391,335734671,3867,-0.30
20240425,68.5,68.5,67.5,67.9,7511758,509292099,6196,-0.90
20240426,67.7,68.5,67.6,67.7,6593810,448205480,3501,-0.20
20240429,68.1,69.4,68.1,69.3,7474166,515533607,4496,+1.60
20240430,69.0,69.1,68.5,68.5,6015380,413322982,4235,-0.80
20240502,68.5,68.9,68.0,68.8,4074994,278948951,3406,+0.30
20240503,69.0,69.7,68.2,68.3,8806516,607092598,5195,-0.50
20240506,68.4,69.2,68.4,69.0,8749835,602602593,5085,+0.70
20240507,69.0,69.1,68.1,68.3,6837263,467725803,4644,-0.70
20240508,68.3,68.7,68.1,68.3,4985857,340607985,3589, 0.00
20240509,68.2,68.2,67.7,67.7,6064968,411596318,4590,-0.60
20240510,67.9,68.7,67.7,68.6,3734972,254936749,2927,+0.90
20240513,68.7,69.2,68.4,68.7,5169695,355132181,4446,+0.10
20240514,68.7,69.0,68.2,68.4,5007186,343184002,3728,-0.30
20240515,68.8,69.0,68.1,68.1,7042445,482448635,4906,-0.30
20240516,68.8,68.8,68.0,68.4,8643630,591288956,5457,+0.30
20240517,67.9,68.6,67.9,68.3,5645016,385002087,3667,-0.10
20240520,68.6,68.7,68.0,68.1,6128687,418335565,4431,-0.20
20240521,68.1,68.2,67.0,67.4,10402367,700620322,8473,-0.70
20240522,67.4,67.6,67.0,67.5,7657792,514760009,5345,+0.10
20240523,67.0,67.3,66.8,67.0,7619164,510094558,6467,-0.50
20240524,67.0,67.0,66.1,66.3,9549860,633643960,7895,-0.70
20240527,66.2,66.5,65.4,66.5,11432331,751932531,8256,+0.20
20240528,66.4,67.4,66.3,67.1,9978662,667903542,5658,+0.60
20240529,67.0,67.0,66.1,66.1,7405666,492031033,5797,-1.00
20240530,65.8,65.9,65.5,65.6,8476565,556734399,6852,-0.50
20240531,66.2,66.3,65.3,65.3,20882133,1366605648,6822,-0.30
20240603,65.5,65.7,64.6,64.9,9826962,638746883,8253,-0.40
20240604,64.5,64.7,63.6,63.7,14004166,894942217,12405,-1.20
20240605,63.7,63.7,62.6,62.6,14291569,898411282,11055,-1.10
20240606,62.6,63.0,62.1,62.4,11547330,719518970,8858,-0.20
20240607,62.1,63.0,61.6,62.7,13858886,864743589,8179,+0.30
20240611,62.5,62.6,61.5,61.5,20905653,1291616314,13333,-1.20
20240612,61.2,61.4,60.6,60.9,13487604,821061088,9925,-0.60
20240613,60.9,61.4,60.6,60.6,13455859,818635892,8158,-0.30
20240614,60.7,61.3,60.1,61.0,13739804,833382594,8107,+0.40
20240617,61.0,61.0,60.2,60.2,13134125,793728681,9972,-0.80
20240618,60.3,60.7,59.8,60.5,20180093,1213176754,11545,+0.30
20240619,60.5,60.6,60.0,60.0,16609774,998291599,9876,-0.50
20240620,60.2,60.6,60.0,60.5,17748565,1071040688,8108,+0.50
20240621,61.0,61.6,60.2,60.2,49545253,2999487813,15281,-0.30
20240624,60.4,60.5,59.5,59.5,26220032,1564877907,15062,-0.70
20240625,59.8,59.8,58.3,58.4,27153859,1589582729,15585,-1.10
20240626,58.4,58.6,57.0,57.2,31397099,1802189344,20724,-1.20
20240627,56.8,57.6,56.4,57.0,24907402,1418979949,11553,-0.20
20240628,57.1,58.4,57.0,57.5,14202773,820598933,8115,+0.50
20240701,58.0,58.0,57.0,57.2,7806892,447256759,6019,-0.30
20240702,57.0,57.0,55.8,55.9,18660659,1050192820,13914,-1.30
20240703,56.0,56.6,55.7,56.5,7781779,437352019,5094,+0.60
20240704,56.9,57.9,56.9,57.6,10800908,620729163,6816,+1.10
20240705,58.0,58.0,57.2,57.3,5663855,325350801,4131,-0.30
20240708,57.4,58.4,57.3,58.0,9988096,579440264,6106,+0.70
20240709,58.1,58.2,56.9,57.0,9046465,517803830,6635,-1.00
20240710,57.0,57.0,56.3,56.5,7597686,430172613,6547,-0.50
20240711,57.0,57.0,56.3,57.0,10537387,596480049,5749,+0.50
20240712,56.9,58.6,56.6,57.9,18118389,1051027817,9400,+0.90
20240715,58.3,58.3,57.2,57.3,11961962,689936969,6969,-0.60
20240716,57.5,57.5,57.0,57.2,7793450,446129490,4703,-0.10
20240717,57.5,60.5,57.4,60.1,32228939,1919609811,16459,+2.90
20240718,60.5,61.7,60.1,60.8,33522337,2042251575,19501,+0.70
20240719,60.8,61.2,59.8,60.1,19226057,1158880728,11539,-0.70
20240722,60.1,60.3,59.1,60.2,16554659,990355844,9003,+0.10
20240723,59.7,59.9,58.5,58.8,14165165,835476139,8816,X0.00
20240726,58.8,59.2,58.2,58.8,9428772,552898447,6560, 0.00
20240729,59.0,59.2,58.5,58.8,7998668,470606977,4245, 0.00
20240730,58.9,58.9,57.6,57.9,7449237,431652407,5534,-0.90
20240731,57.8,58.2,57.5,57.9,7655632,442895541,3480, 0.00
20240801,58.3,58.7,57.6,58.5,8749263,509450988,4760,+0.60
20240802,57.8,58.0,57.1,57.3,9807974,563304537,7097,-1.20
20240805,56.1,56.1,53.6,54.8,26746080,1460011683,14079,-2.50
20240806,55.0,55.8,53.1,55.2,15684629,857540216,10084,+0.40
20240807,54.5,55.5,54.5,55.0,8680462,477867363,6898,-0.20
20240808,54.3,54.4,53.2,53.3,16783763,900902924,9863,-1.70
20240809,53.6,55.2,53.6,54.8,13927742,758360305,6874,+1.50
20240812,54.2,54.6,53.8,54.0,9063624,489723588,6887,-0.80
20240813,53.9,53.9,52.7,52.8,15971668,847878413,12253,-1.20
20240814,52.8,54.1,52.8,53.4,15326181,818591344,6564,+0.60
20240815,53.9,53.9,52.5,52.5,11466935,605430969,8047,-0.90
20240816,53.1,53.3,52.3,52.4,13469310,708868226,7055,-0.10
20240819,52.6,52.7,52.1,52.2,7874591,411693138,5202,-0.20
20240820,52.5,52.6,51.2,51.7,16787382,867475254,9822,-0.50
20240821,51.7,52.2,51.3,52.0,8561490,444203934,4951,+0.30
20240822,52.0,52.9,51.6,52.3,8678653,454374173,4953,+0.30
20240823,52.1,52.3,51.3,51.9,8087970,418182762,5493,-0.40
20240826,51.8,52.6,51.7,52.3,8591632,448813849,4593,+0.40
20240827,52.0,52.1,51.4,51.9,6130244,316941870,4369,-0.40
20240828,51.7,51.9,51.3,51.7,7369041,379516904,4820,-0.20
20240829,51.5,51.9,51.3,51.5,4679847,241350175,3377,-0.20
20240830,51.6,52.2,51.4,51.6,11016264,568805394,3880,+0.10
20240902,51.9,51.9,50.5,50.5,11388505,579634241,9291,-1.10
20240903,50.5,50.6,49.8,49.8,15070848,753315663,12885,-0.70
20240904,48.35,48.35,47.0,47.0,28988163,1376151386,24356,-2.80
20240905,47.25,47.6,46.2,46.2,17306433,808710926,13497,-0.80
20240906,46.2,46.75,45.6,46.25,15371743,710498085,10524,+0.05
20240909,45.1,45.2,44.65,45.0,17705101,796070298,12874,-1.25
20240910,45.0,45.1,44.15,44.2,16754907,743846418,12299,-0.80
20240911,44.2,45.0,44.15,44.4,11673535,519300266,7101,+0.20
20240912,45.3,45.4,44.4,45.0,13169592,590462340,7375,+0.60
20240913,45.05,47.4,44.9,46.95,19946038,928028369,10531,+1.95
20240916,47.2,49.25,46.5,48.25,26355478,1272520154,14899,+1.30
20240918,48.3,49.7,47.9,48.25,19714807,963500539,14584, 0.00
20240919,48.2,48.75,47.35,48.55,16107129,774808290,8348,+0.30
20240920,48.7,49.5,48.4,48.75,15561903,760242636,6731,+0.20
20240923,49.1,49.45,48.5,48.75,8762398,428554572,6001, 0.00
20240924,48.7,48.7,47.9,48.5,10535923,507775481,6186,-0.25
20240925,49.25,50.6,49.0,50.6,24526651,1229150120,11802,+2.10
20240926,51.0,51.1,50.0,50.1,10267367,516860527,8049,-0.50
20240927,50.4,53.7,50.2,53.5,32996604,1736802333,18176,+3.40
20240930,53.2,54.7,52.2,53.5,37097057,1994424889,23743, 0.00
20241001,53.5,53.7,52.7,53.0,13555032,719719916,8744,-0.50
20241004,53.0,55.1,52.8,53.0,21297812,1148361934,12167, 0.00
20241007,53.1,53.4,51.3,52.2,16687690,867591913,11165,-0.80
20241008,51.7,52.1,50.6,50.8,13142435,670395621,7438,-1.40
20241009,51.1,51.2,49.4,49.55,12625882,629730640,8333,-1.25
20241011,49.95,50.4,49.45,49.6,7806934,389168014,4957,+0.05
20241014,49.6,50.4,48.45,50.0,13123082,648971096,7392,+0.40
20241015,50.2,50.2,48.35,48.35,17349516,845690718,12226,-1.65
20241016,48.0,48.45,47.6,47.95,19923301,954848512,8216,-0.40
20241017,48.0,49.2,47.95,48.4,9292283,451840770,5154,+0.45
20241018,48.75,49.05,48.1,48.2,8557399,414809588,5079,-0.20
20241021,48.6,48.65,47.3,47.3,11461231,547108086,7825,-0.90
20241022,47.5,47.5,46.4,46.7,13792672,643753968,9983,-0.60
20241023,46.75,47.15,46.2,46.2,9733208,452413256,6782,-0.50
20241024,46.3,46.85,45.8,46.2,11850743,549833172,6427, 0.00
20241025,46.3,47.0,46.3,46.85,7725543,360914801,4555,+0.65
20241028,47.0,48.9,46.7,48.55,17301379,829349933,9567,+1.70
20241029,48.45,48.65,47.15,47.7,11947340,569383459,7549,-0.85
20241030,47.9,47.95,47.25,47.3,8634436,410153098,4063,-0.40
20241101,46.75,47.25,46.15,47.1,13165842,613330730,8206,-0.20
20241104,47.1,47.3,46.55,46.8,5934065,277535542,3722,-0.30
20241105,46.65,47.3,46.45,47.2,7933857,371525299,4420,+0.40
20241106,46.95,47.75,46.8,47.2,8745867,412400204,4042, 0.00
20241107,47.6,49.45,47.55,48.75,19400363,942574868,9478,+1.55
20241108,48.9,49.25,47.6,47.7,12734310,613968685,8444,-1.05
20241111,46.7,47.2,45.85,46.5,13471243,624195941,8968,-1.20
20241112,45.9,46.15,45.0,45.0,17577907,796532823,12249,-1.50
20241113,44.85,45.2,44.4,44.8,13934774,623040319,8165,-0.20
20241114,44.6,44.7,43.2,43.3,21313789,931344734,15710,-1.50
20241115,43.35,45.35,43.35,44.35,15473493,685599127,8171,+1.05
20241118,45.5,47.2,45.3,47.0,33327839,1553424315,15456,+2.65
20241119,47.3,47.35,45.4,45.75,20412897,938799743,16767,-1.25
20241120,45.6,45.6,45.1,45.3,9813177,444212484,5688,-0.45
20241121,45.0,45.0,44.05,44.1,15609686,691695842,9340,-1.20
20241122,44.4,44.55,43.8,43.95,13208167,582485347,6871,-0.15
20241125,44.3,44.35,43.8,43.95,20174263,887132076,6395, 0.00
20241126,44.05,45.05,43.55,43.85,12021544,531184565,6518,-0.10
20241127,44.05,44.05,43.3,43.3,11639519,507417812,7316,-0.55
20241128,43.6,43.7,42.4,42.7,13059640,558911470,8029,-0.60
20241129,42.5,42.5,41.25,41.35,31060654,1291648240,20004,-1.35
20241202,41.45,42.1,40.8,41.2,23207861,954484909,12828,-0.15
20241203,41.5,42.0,41.25,41.8,14288946,593885805,8575,+0.60
20241204,42.15,42.25,41.05,41.4,14302589,591822278,7910,-0.40
20241205,41.4,41.5,40.5,40.5,13249538,540137325,9733,-0.90
20241206,40.4,40.7,40.0,40.15,17814253,717204183,10523,-0.35
20241209,40.8,41.3,39.8,40.2,22220951,899028494,11706,+0.05
20241210,40.75,41.9,40.4,40.7,21351215,876050107,10290,+0.50
20241211,40.75,40.75,39.9,40.0,15958483,640166106,10348,-0.70
20241212,40.05,40.15,38.85,38.85,28840496,1133248090,19527,-1.15
20241213,38.7,38.7,38.0,38.0,20891212,798692862,12685,-0.85
20241216,37.75,38.4,37.0,37.1,26267102,984808670,15010,-0.90
20241217,37.35,38.0,36.8,36.8,23733346,883133795,15146,-0.30
20241218,37.0,38.65,36.8,38.15,35494571,1338882655,15658,+1.35
20241219,37.8,38.7,37.45,38.25,28526645,1085291336,18134,+0.10
20241220,38.1,38.2,36.6,36.7,30568490,1132919474,14191,-1.55
20241223,36.95,37.85,36.95,37.25,19043137,710843338,8013,+0.55
20241224,37.45,38.1,37.35,37.55,15584773,587617281,8551,+0.30
20241225,38.1,38.25,37.2,37.4,12983747,488056623,8684,-0.15
20241226,37.55,37.9,36.9,36.9,11004540,409293603,6364,-0.50
20241227,37.0,37.05,36.25,37.0,15479542,566589049,8166,+0.10
20241230,37.0,37.0,35.5,35.5,19108983,689644200,11718,-1.50
20241231,35.6,36.0,35.1,35.5,20327957,719956179,9274, 0.00
20250102,35.3,35.45,34.7,34.9,20774520,727348821,11035,-0.60
20250103,35.2,36.0,34.5,34.5,18349537,644412284,12410,-0.40
20250106,34.7,36.7,34.45,36.25,28064787,1002733898,14189,+1.75
20250107,36.25,36.25,34.55,34.55,22394872,785688735,17036,-1.70
20250108,34.5,34.5,33.0,33.25,30296625,1015823464,17079,-1.30
20250109,32.8,33.0,32.0,32.0,32742563,1058600676,17045,-1.25
20250110,31.8,32.45,31.35,31.45,37113316,1175847002,13114,-0.55
20250113,31.7,32.6,31.25,32.35,40181875,1282440969,16684,+0.90
20250114,32.4,35.25,32.4,34.95,58552808,1997599201,28706,+2.60
20250115,34.8,36.6,34.55,35.55,70338369,2512026394,37247,+0.60
20250116,35.5,36.5,34.9,35.4,50220229,1786082337,21069,-0.15
20250117,35.4,37.8,34.85,37.2,53862602,1964875529,22752,+1.80
20250120,36.65,37.5,36.0,36.9,41017613,1506420749,20063,-0.30
20250121,36.6,37.05,36.0,36.0,26605885,966703116,12710,-0.90
20250122,36.0,36.35,35.45,36.25,19889848,715625498,9101,+0.25
20250203,36.05,37.15,34.3,34.45,42219336,1483456108,20203,-1.80
20250204,34.55,34.9,33.8,34.0,20065212,685828193,10307,-0.45
20250205,34.1,34.95,33.8,33.95,19951378,682732201,8746,-0.05
20250206,33.9,34.6,33.75,34.5,11227949,383371578,6218,+0.55
20250207,34.35,34.5,33.35,33.5,21004507,706732792,11877,-1.00
20250210,33.45,34.35,33.45,33.55,19250194,650783802,8351,+0.05
20250211,33.75,34.5,33.75,34.0,15976731,544811039,7547,+0.45
20250212,34.2,36.5,34.1,35.65,45152022,1611914506,23473,+1.65
20250213,35.8,37.5,35.4,37.45,48445142,1782125893,24772,+1.80
20250214,37.6,38.45,36.95,38.4,46593359,1760055483,22139,+0.95
20250217,38.65,39.7,37.9,39.45,52518520,2049869399,27543,+1.05
20250218,39.45,39.45,38.0,38.35,38413028,1479206631,20975,-1.10
20250219,38.3,39.6,38.3,39.0,25733690,1000537218,12339,+0.65
20250220,39.2,39.5,38.5,38.85,15516126,603634685,8212,-0.15
20250221,39.0,39.4,38.5,39.2,16723671,653090856,8340,+0.35
20250224,39.0,39.75,38.7,39.7,19949955,784879276,9270,+0.50
20250225,39.6,40.8,39.4,40.35,43822920,1763378066,18463,+0.65
20250226,40.4,40.6,39.2,39.65,26581391,1056297690,16315,-0.70
20250227,39.3,39.9,38.45,38.8,54405333,2115933815,13595,-0.85
20250303,38.1,38.6,37.4,37.8,27406604,1038828111,12777,-1.00
20250304,37.25,37.8,36.9,37.35,20501384,763266077,10265,-0.45
20250305,37.65,39.5,37.6,39.1,35330604,1370230799,15189,+1.75
20250306,39.2,39.3,38.5,38.6,21053299,817075367,14270,-0.50
20250307,38.6,39.1,38.2,38.65,15466093,597458936,7166,+0.05
20250310,38.9,39.6,38.35,39.05,20935691,816333308,8344,+0.40
20250311,38.4,39.05,37.0,39.0,29482627,1123569841,12150,-0.05
20250312,38.9,38.95,38.0,38.2,25130752,961804100,10624,-0.80
20250313,38.4,38.55,37.15,37.25,18102472,681716356,9956,-0.95
20250314,37.7,40.05,37.7,39.95,54887075,2161573632,23385,+2.70
20250317,40.2,41.0,39.5,40.5,37456205,1515381439,21427,+0.55
20250318,40.8,41.55,40.25,40.75,29853101,1220961826,13535,+0.25
20250319,40.65,40.85,39.95,40.15,17763198,715180372,9704,-0.60
20250320,40.15,41.55,40.15,40.8,19833461,811637086,11790,+0.65
20250321,40.5,40.55,39.0,39.05,41024935,1617283225,18022,-1.75
20250324,39.25,39.4,38.5,38.65,18576465,720683712,9106,-0.40
20250325,39.0,39.5,38.2,38.25,15929111,616666425,8378,-0.40
20250326,38.5,38.75,38.15,38.55,9312189,357694509,5457,+0.30
20250327,38.2,38.95,37.8,38.95,15047265,580092925,7318,+0.40
20250328,38.7,38.75,37.4,37.5,23974451,906537263,12545,-1.45
20250331,37.0,37.45,36.3,36.6,22686430,832209561,10924,-0.90
20250401,36.85,38.2,36.85,37.85,13434448,506953350,7160,+1.25
20250402,38.0,38.2,37.15,38.2,11546515,437538269,6072,+0.35
20250407,34.4,34.4,34.4,34.4,5669657,195035796,4426,-3.80
20250408,33.8,35.45,33.7,35.05,32693157,1131991865,13999,+0.65
20250409,34.55,34.95,31.55,31.65,34334180,1127304753,18035,-3.40
20250410,34.8,34.8,34.4,34.8,8596949,299112488,4480,+3.15
20250411,34.35,35.3,33.75,34.8,19589375,681413771,8964, 0.00
20250414,34.8,35.95,34.45,35.35,18169665,640761038,8364,+0.55
20250415,35.55,36.55,35.45,36.55,14240759,515195373,6411,+1.20
20250416,36.3,36.45,35.05,35.8,14924205,531639534,10983,-0.75
20250417,35.9,36.0,35.05,35.5,10208303,361814048,4754,-0.30
20250418,35.6,35.65,35.2,35.45,5581695,197531801,3288,-0.05
20250421,35.7,35.7,34.6,34.6,7831766,272786450,4183,-0.85
20250422,34.4,34.8,34.0,34.65,7127375,245994413,3806,+0.05
20250423,35.15,35.85,35.1,35.65,9824745,348888559,4822,+1.00
20250424,35.6,35.65,34.05,34.05,20870456,720055525,11938,-1.60
20250425,34.55,34.8,34.1,34.1,13395452,460050856,6131,+0.05
20250428,34.2,34.35,33.7,33.85,10713106,362868167,5711,-0.25
20250429,34.0,34.7,33.7,34.55,9140763,313656044,5003,+0.70
20250430,34.45,34.45,33.9,34.0,7649243,260869385,4598,-0.55
20250502,34.35,34.85,33.9,34.8,11565984,398259623,5706,+0.80
20250505,34.85,36.35,34.8,36.1,27277921,979517631,12262,+1.30
20250506,36.3,36.9,35.65,36.2,17828148,646333008,9468,+0.10
20250507,36.5,37.15,36.15,36.7,20256404,746211440,9191,+0.50
20250508,36.25,36.35,35.6,35.65,15634700,560902174,11322,-1.05
20250509,35.8,36.4,35.4,36.35,11824300,425938036,5626,+0.70
20250512,36.7,37.25,36.6,36.7,10191027,376229028,5047,+0.35
20250513,37.1,37.1,35.8,36.0,15654216,565714541,7250,-0.70
20250514,36.25,37.2,36.2,36.9,16065848,590213155,6974,+0.90
20250515,36.9,36.95,36.45,36.7,7147552,262335542,3863,-0.20
20250516,36.8,37.2,36.55,37.0,9498338,350695085,4391,+0.30
20250519,37.15,37.25,36.4,36.85,8888721,327381978,4459,-0.15
20250520,37.05,37.1,36.6,36.9,5719163,210686494,2728,+0.05
20250521,37.0,37.1,36.45,36.85,7517320,276798756,3923,-0.05
20250522,36.6,36.6,35.95,36.0,8964818,323739023,4465,-0.85
20250523,36.0,36.6,36.0,36.35,6806695,247100059,3043,+0.35
20250526,36.5,36.85,35.95,36.05,9300919,337109836,5190,-0.30
20250527,36.05,36.65,35.5,35.5,11697294,420873346,5645,-0.55
20250528,35.9,36.05,35.35,35.65,9037841,321654807,4557,+0.15
20250529,35.9,35.9,34.7,34.7,17799900,621557096,7139,-0.95
20250602,34.5,34.5,32.95,33.2,22690470,755186090,11855,-1.50
20250603,33.5,33.95,33.2,33.35,8654807,290077771,4584,+0.15
20250604,33.6,34.1,33.55,33.65,9343520,315900573,4970,+0.30
20250605,33.65,34.45,33.35,34.3,8882724,303365537,5051,+0.65
20250606,34.3,35.4,34.1,35.3,10696691,374212746,6040,+1.00
20250609,35.6,35.6,34.75,35.3,6104094,214433927,3951, 0.00
20250610,35.05,36.5,35.05,35.75,14668277,527562319,6940,+0.45
20250611,35.9,36.15,35.4,35.95,6137636,219144424,4424,+0.20
20250612,35.95,36.7,35.9,36.35,10403317,377933227,5272,+0.40
20250613,36.65,36.9,35.75,36.75,19079654,697039599,8285,+0.40
20250616,37.0,38.35,36.05,37.5,35235141,1323135360,17430,+0.75
20250617,37.55,37.6,35.9,36.0,23948251,871465103,12017,-1.50
20250618,36.25,36.35,35.4,35.55,12634708,451604201,7742,-0.45
20250619,35.5,35.7,34.4,34.4,15424679,536984752,8667,-1.15
20250620,34.45,35.0,34.15,34.2,35495759,1217204466,6707,-0.20
20250623,34.5,34.8,33.55,34.75,15680913,536145718,8358,+0.55
20250624,34.6,35.35,34.35,35.2,15060576,527280816,7177,+0.45
20250625,35.3,35.6,34.85,35.05,8868176,312161711,4528,-0.15
20250626,35.1,36.3,35.1,35.5,15508571,554675479,8543,+0.45
20250627,35.75,36.0,34.85,35.25,13630795,480468521,7530,-0.25
20250630,35.0,35.2,34.35,34.85,11783762,411057046,6516,-0.40
20250701,34.85,36.0,34.85,35.6,12450327,443236202,6596,+0.75
20250702,35.35,36.05,35.35,36.0,7401495,265164044,4210,+0.40
20250703,35.9,36.55,35.9,36.3,10292315,373106025,4871,+0.30
20250704,36.3,36.55,36.05,36.3,5328501,193141999,3170, 0.00
20250707,36.15,36.2,35.0,35.2,10463098,370786811,6310,-1.10
20250708,35.4,35.7,34.55,34.6,8343659,290820859,4331,-0.60
20250709,34.55,34.7,34.2,34.2,8471603,290985402,5080,-0.40
20250710,34.55,34.8,34.2,34.5,5757413,198771686,3057,+0.30
20250711,34.1,34.3,33.4,34.0,13194758,446840377,6441,-0.50
20250714,34.2,36.0,34.2,35.7,25896441,916622134,12230,+1.70
20250715,35.75,37.2,35.6,35.95,40038161,1450713361,17454,X0.00
20250716,36.0,36.35,35.3,35.4,20952424,749864580,9946,-0.55
20250717,35.7,37.9,35.55,37.75,46587626,1737192930,21469,+2.35
20250718,38.0,39.45,37.85,38.8,57976110,2243643207,28072,+1.05
20250721,38.5,39.5,38.45,38.9,29939732,1168676693,16240,+0.10
20250722,39.1,39.8,38.5,38.95,29253640,1144506838,13643,+0.05
20250723,39.0,40.4,38.8,40.2,34691734,1381215562,15922,+1.25
20250724,40.6,40.6,38.65,39.3,37297728,1469537258,22187,-0.90
20250725,39.3,39.75,38.85,39.25,20061956,787590252,8848,-0.05
20250728,39.3,40.9,38.75,40.05,42302496,1690708997,18238,+0.80
20250729,40.15,40.15,38.75,38.8,26820072,1052083558,13073,-1.25
20250730,39.05,42.65,39.05,42.65,64585068,2676362648,27123,+3.85
20250731,43.15,43.2,41.95,42.65,73833930,3145310298,39518, 0.00
20250801,41.8,42.25,40.6,40.7,50445289,2076702924,27806,-1.95
20250804,39.55,39.55,37.05,37.85,64385687,2435916421,28013,-2.85
20250805,38.25,38.4,37.25,37.45,33104093,1244733351,14264,-0.40
20250806,37.45,39.1,37.3,38.4,38982864,1501285822,17785,+0.95
20250807,38.4,38.95,38.05,38.2,18649785,716351985,9839,-0.20
20250808,38.15,38.25,37.4,37.55,18591299,701305499,9484,-0.65
20250811,36.95,38.5,36.4,38.45,27771683,1050169797,12655,+0.90
20250812,39.0,40.85,38.8,39.7,51012045,2035634392,22517,+1.25
20250813,39.9,40.75,39.15,39.3,31909866,1272217177,17818,-0.40
20250814,39.7,40.2,39.25,39.3,19569103,777207396,10837, 0.00
20250815,39.5,40.0,38.5,39.75,20725433,816180404,10744,+0.45
20250818,39.9,40.95,39.75,40.4,28624633,1157586510,14236,+0.65
20250819,40.8,41.1,39.15,39.2,22673096,899863531,12537,-1.20
20250820,39.05,39.65,38.1,38.1,24476792,943203198,12959,-1.10
20250821,38.55,41.2,38.5,40.55,50834821,2061400168,21824,+2.45
20250822,40.9,41.15,40.3,40.3,23742019,964820062,14448,-0.25
20250825,40.8,40.9,39.9,40.0,18503625,743526247,13012,-0.30
20250826,40.3,41.15,39.95,40.75,43913087,1782556332,11827,+0.75
20250827,40.45,40.95,40.0,40.0,22344027,901962577,12952,-0.75
20250828,40.2,40.2,39.05,39.1,19148548,753856524,9916,-0.90
20250829,39.2,39.6,38.55,38.95,19058434,741035809,8772,-0.15
20250901,38.55,38.9,38.1,38.8,17819658,686785637,8180,-0.15
20250902,38.9,39.25,38.0,38.05,15787094,605150535,8520,-0.75
20250903,38.05,38.4,37.7,37.75,12719679,482739450,6817,-0.30
20250904,38.1,38.65,37.8,38.25,9460712,361659953,4823,+0.50
20250905,38.25,38.7,37.4,37.8,15253376,578223749,8610,-0.45
20250908,38.0,38.5,37.8,38.15,8511465,325438334,4417,+0.35
20250909,38.0,38.7,37.85,38.15,12049421,460226137,5934, 0.00
20250910,38.4,38.4,37.8,38.15,10126612,385894096,5904, 0.00
20250911,38.05,38.1,37.45,37.45,14080074,530844955,7250,-0.70
20250912,37.45,37.95,37.45,37.7,8213001,309711457,4226,+0.25
20250915,38.2,38.3,37.7,37.75,6395396,242539396,3668,+0.05
20250916,38.35,38.45,37.5,37.5,10513665,397721901,5772,-0.25
20250917,37.5,38.2,37.4,37.4,10382357,390916266,5348,-0.10
20250918,37.45,37.65,37.35,37.35,7478369,279961911,4145,-0.05
20250919,37.5,38.5,37.45,38.4,17177970,656726921,6721,+1.05
20250922,38.6,38.7,38.05,38.65,10578931,407103242,6371,+0.25
20250923,38.75,39.2,38.5,38.6,11586075,449526521,7374,-0.05
20250924,38.85,38.85,37.9,38.05,8837544,336817860,7004,-0.55
20250925,38.05,39.0,38.0,38.9,15648611,607398354,7055,+0.85
20250926,38.9,38.95,38.0,38.4,8355317,320490600,6878,-0.50
20250930,38.85,39.2,38.5,38.55,10088827,390997174,5052,+0.15
20251001,38.6,38.95,38.25,38.25,6379986,245750512,4653,-0.30
20251002,38.55,38.55,37.5,37.5,12248374,462630580,7912,-0.75
20251003,37.55,37.55,36.4,36.65,20022608,734860426,10649,-0.85
20251007,36.55,38.15,36.25,37.5,22810779,857912462,10735,+0.85
20251008,37.6,38.75,37.6,38.75,17672890,677671337,8867,+1.25
20251009,38.75,39.4,38.55,39.15,24201936,945805310,11768,+0.40
20251013,38.4,38.45,37.55,38.2,16846304,640672661,11244,-0.95
20251014,38.3,38.65,37.35,37.35,17304140,654531376,9216,-0.85
20251015,37.5,37.6,36.7,37.0,13406020,497596730,6658,-0.35
20251016,37.0,37.85,37.0,37.45,8544930,320595456,4088,+0.45
20251017,37.4,39.65,37.35,38.9,29097863,1132437212,13472,+1.45
20251020,39.05,39.7,38.6,38.85,12653240,493699982,9055,-0.05
20251021,39.1,39.35,38.35,38.45,9358944,361120044,9435,-0.40
20251022,38.45,39.45,38.45,38.95,11221441,438030432,6125,+0.50
20251023,39.25,40.8,38.85,40.2,38882640,1559826286,18840,+1.25
20251027,40.8,41.25,39.9,40.0,22892855,924264471,13950,-0.20
20251028,40.0,40.2,39.15,39.7,17149362,678206442,11108,-0.30
20251029,39.8,39.85,39.15,39.15,9282843,364701205,5743,-0.55
20251030,39.5,39.65,38.7,39.2,10955854,427444460,6046,+0.05
20251031,39.3,39.3,38.05,38.1,19292807,742995677,9584,-1.10
20251103,38.1,38.35,37.65,37.7,14406227,545880260,7760,-0.40
20251104,38.05,38.5,37.6,37.65,15366610,581534540,8335,-0.05
20251105,37.4,37.45,36.5,36.85,32716634,1206675185,14162,-0.80
20251106,36.95,37.55,36.7,37.35,17403450,645263118,8975,+0.50
20251107,37.35,39.1,37.1,38.6,25432935,977864629,13166,+1.25
20251110,38.6,39.25,38.0,39.0,16588523,643499968,9162,+0.40
20251111,39.25,41.0,39.05,39.9,42194951,1694963357,21922,+0.90
20251112,40.2,41.9,39.6,41.35,55869588,2299825630,27214,+1.45
20251113,41.4,44.1,41.1,42.65,87838792,3750979780,57223,+1.30
20251114,42.0,43.1,41.6,42.55,39072371,1657655883,30614,-0.10
20251117,42.5,43.95,42.0,43.1,42125209,1814313857,23367,+0.55
20251118,42.7,43.1,41.3,41.5,37900395,1593429169,24392,-1.60
20251119,41.0,41.25,40.05,40.05,31862818,1291551216,15273,-1.45
20251120,40.85,42.25,40.4,41.3,22670010,937459181,12068,+1.25
20251121,40.6,41.15,39.8,40.0,20567995,827539453,12117,-1.30
20251124,40.35,40.85,39.6,40.5,18819471,757743633,7774,+0.50
20251125,41.0,41.0,38.4,38.9,30337777,1191410722,14737,-1.60
20251126,39.05,39.7,38.9,39.5,12828376,504202980,5944,+0.60
20251127,39.45,41.75,39.45,41.55,29933639,1218625532,14510,+2.05
20251128,41.6,42.25,41.15,41.65,22553224,939704070,13080,+0.10
20251201,41.65,42.6,41.65,41.9,23016544,967953577,11058,+0.25
20251202,42.2,44.4,42.05,43.45,45852419,1993870327,22364,+1.55
20251203,43.8,44.6,43.05,43.85,43170094,1899920728,23490,+0.40
20251204,44.5,44.8,42.25,42.8,32873909,1418361903,18096,-1.05
20251205,42.6,42.6,41.6,42.15,17922413,751743892,8629,-0.65
20251208,42.15,42.3,41.5,41.9,11731744,490883032,6367,-0.25
20251209,41.45,41.5,40.25,40.3,26127834,1058189285,13810,-1.60
20251210,40.3,40.6,39.8,39.8,16033863,641976440,8487,-0.50
20251211,40.0,40.2,39.45,39.85,14845130,590739432,7420,+0.05
20251212,40.25,40.4,39.7,39.9,14108850,563757379,6008,+0.05
20251215,39.75,41.4,39.55,40.9,23248271,948062707,11424,+1.00
20251216,40.75,41.15,40.1,40.15,16846031,681602215,8051,-0.75
20251217,40.8,41.15,39.7,39.9,16954278,679836799,8174,-0.25
20251218,40.35,40.65,39.65,39.65,12630239,504521595,6745,-0.25
20251219,40.0,40.25,39.8,40.0,10353201,414097552,4603,+0.35
20251222,40.2,40.55,40.1,40.15,8356579,336297945,3972,+0.15
20251223,40.3,40.5,39.65,40.1,9438719,378630855,5824,-0.05
20251224,40.35,40.45,39.7,39.75,9272137,370629102,4980,-0.35
20251226,40.05,40.05,39.65,39.75,5343576,212449651,3459, 0.00
20251229,39.85,40.35,39.4,39.5,14655829,583679679,7084,-0.25
20251230,39.6,39.65,38.7,39.1,15982802,624161771,8589,-0.40
20251231,39.2,39.4,38.8,39.0,10619995,413715218,5372,-0.10
20260102,39.3,39.3,38.2,38.45,20388290,784647790,11338,-0.55
20260105,38.45,38.65,37.9,38.0,16752075,639314478,9206,-0.45
20260106,38.0,38.8,38.0,38.2,18619258,712860910,9309,+0.20
20260107,38.55,41.1,38.55,40.65,53964617,2172822382,21127,+2.45
20260108,41.4,43.5,41.3,41.7,65083157,2757183011,30944,+1.05
20260109,42.55,43.7,40.5,41.0,48332377,2029803817,25283,-0.70
20260112,41.85,42.45,40.95,41.5,26875389,1119039729,13847,+0.50
20260113,40.75,40.8,39.65,40.2,41366639,1654482355,18361,-1.30
20260114,40.2,41.15,40.05,41.05,24551530,1000078406,9559,+0.85
20260115,40.95,42.8,40.9,42.6,57892469,2447182518,23738,+1.55
20260116,42.9,43.4,42.6,43.0,42821742,1841304496,17968,+0.40
20260119,43.0,43.95,42.35,43.7,34318610,1484681155,18447,+0.70
20260120,43.0,43.6,42.25,42.4,25957300,1109999750,24285,-1.30
20260121,42.0,42.7,41.6,41.85,16197168,678690334,12158,-0.55
20260122,42.3,43.7,42.25,43.6,36162422,1559815784,15500,+1.75
20260123,43.8,45.0,43.5,44.4,46245828,2046528669,23535,+0.80
20260126,44.9,48.8,44.85,48.8,89416465,4262339613,36979,+4.40
20260127,51.2,52.1,48.85,51.0,191580149,9665155242,87382,+2.20
20260128,51.3,52.8,50.5,51.3,95054642,4922683051,50409,+0.30
20260129,51.7,52.4,49.1,49.3,65858594,3310578533,36068,-2.00
20260130,49.6,50.1,47.15,47.3,48871528,2352964704,25601,-2.00
20260202,46.55,46.9,43.7,44.3,47493988,2123200342,24582,-3.00
20260203,45.0,45.85,44.7,44.95,27804793,1257188459,12488,+0.65
20260204,44.95,47.45,44.85,46.85,27533367,1278984031,14139,+1.90
20260205,47.2,47.95,46.8,47.2,26193865,1237454924,11993,+0.35
20260206,46.95,47.55,45.3,45.75,37569047,1736187970,17550,-1.45
20260209,46.2,47.4,45.65,46.65,27638769,1286313821,14165,+0.90
20260210,46.9,46.95,45.0,45.4,22830688,1041085859,12882,-1.25
20260211,45.55,46.9,45.4,46.5,22737416,1055881150,11311,+1.10
20260223,47.1,47.4,46.4,47.05,25903622,1216459186,15185,+0.55
20260224,47.65,48.95,46.9,48.6,34160318,1649418313,17598,+1.55
20260225,49.25,53.4,49.0,53.4,106167338,5521795840,48295,+4.80
20260226,53.0,53.2,50.9,51.6,68859027,3565331901,42300,-1.80
20260302,53.7,54.5,50.6,50.7,87866805,4591399580,38111,-0.90
20260303,51.0,52.5,49.3,49.95,37573111,1900363563,20811,-0.75
20260304,49.25,49.95,46.7,46.95,39385153,1884964145,21838,-3.00
20260305,48.4,48.4,46.3,47.4,30914896,1462846997,14260,+0.45
20260306,46.75,50.3,46.75,50.2,38820011,1915465020,21743,+2.80
20260309,53.4,54.8,46.1,47.35,151865647,7469349812,62576,-2.85
20260310,47.2,48.3,46.2,46.5,42865000,2006403504,21706,-0.85
20260311,47.0,47.3,46.0,47.15,22657440,1056255697,12625,+0.65
20260312,47.7,48.0,45.05,46.25,46224591,2119591335,23680,-0.90
20260313,45.2,46.6,45.1,45.5,26565686,1209402268,13503,-0.75
20260316,46.1,47.4,45.85,46.85,36741588,1719652916,16555,+1.35
20260317,47.05,47.65,46.4,46.45,23562577,1105828266,11837,-0.40
20260318,46.7,47.85,46.65,47.3,31246252,1477097092,13756,+0.85
20260319,47.95,50.5,46.9,48.6,66981087,3267577730,33289,+1.30
20260320,49.0,49.7,47.35,47.6,44047194,2118391208,21000,-1.00
20260323,47.25,48.0,44.75,44.75,47616296,2182623264,26474,-2.85
20260324,45.35,45.65,44.65,45.05,15443975,697789739,8780,+0.30
20260325,45.95,46.4,45.0,45.65,16758109,763552235,8752,+0.60
20260326,46.0,48.75,46.0,47.45,39961779,1910380867,20655,+1.80
20260327,48.0,48.15,46.75,46.9,19772835,934010561,14418,-0.55
20260330,46.6,49.3,46.5,48.25,59280258,2869861893,30377,+1.35
20260331,48.3,48.8,45.5,45.9,47148891,2199766237,21199,-2.35
20260401,46.5,47.2,46.2,46.65,21906880,1023554155,9396,+0.75
20260402,46.6,46.85,45.75,45.9,17355217,799950996,9838,-0.75
20260407,46.6,48.4,46.35,47.5,30536590,1456929517,14389,+1.60
20260408,47.2,47.25,46.05,47.2,29815490,1391823456,15727,-0.30
20260409,47.1,47.95,46.8,47.4,21133182,1000764141,10938,+0.20
20260410,47.9,47.9,46.4,46.95,15739912,737128421,10607,-0.45
20260413,47.5,51.6,47.15,51.4,90011341,4497143317,40732,+4.45
20260414,51.2,55.5,50.6,54.3,113652609,6106421223,47760,+2.90
20260415,54.3,54.4,51.9,52.3,45995685,2427573452,31960,-2.00
20260416,53.0,54.5,51.7,54.5,40659384,2183229967,20386,+2.20
20260417,54.8,56.3,52.8,53.4,34349730,1857337961,34228,-1.10
20260420,54.0,54.5,51.9,52.6,22296453,1174375901,16936,-0.80
20260421,52.7,53.0,51.6,51.8,21150277,1102364140,10635,-0.80
20260422,52.0,52.5,51.2,51.9,15113000,782871800,6073,+0.10
20260423,51.9,52.1,49.85,51.0,28885805,1461507792,14520,-0.90
20260424,51.0,51.3,49.2,50.2,26002768,1296070742,11650,-0.80
20260427,49.7,51.1,49.45,50.3,16159637,814780514,7494,+0.10
20260428,50.5,52.2,50.5,51.1,17598425,902246443,8582,+0.80
20260429,51.7,52.4,51.0,51.0,20097411,1036597681,10536,-0.10
20260430,51.2,52.1,50.6,51.5,20701677,1065907887,9049,+0.50
20260504,51.8,52.2,50.8,50.8,12753712,651945344,9477,-0.70
20260505,50.8,51.9,50.5,51.3,17212268,882223735,8201,+0.50
20260506,51.8,52.0,50.6,50.7,20753172,1059470775,11975,-0.60
20260507,50.7,50.8,49.35,49.55,27679070,1377642896,14305,-1.15
20260508,51.0,51.3,48.15,48.55,38566032,1889146798,17891,-1.00
20260511,48.0,51.0,47.95,49.25,18754378,928583810,9490,+0.70
20260512,49.55,49.55,47.6,47.65,25928865,1245349028,15040,-1.60
20260513,47.65,47.7,46.85,46.9,15755779,741107670,9182,-0.75
20260514,46.85,47.1,46.0,46.1,18540747,859735393,10649,-0.80
20260515,46.2,46.5,45.35,45.7,17188990,788367005,10272,-0.40
20260518,45.7,46.2,45.5,45.9,12003801,549917336,6887,+0.20
20260519,46.2,46.7,45.9,45.95,12463581,576764080,6476,+0.05
20260520,45.95,46.1,45.0,45.4,18859105,855494392,8865,-0.55
20260521,45.75,46.3,45.35,45.75,14628541,668350142,6778,+0.35
20260522,45.85,45.95,45.2,45.25,12293483,557733405,7920,-0.50
20260525,45.45,45.5,44.2,44.8,21422060,954161945,11690,-0.45
20260526,44.7,45.7,44.2,44.75,22123420,987403004,10460,-0.05
20260527,44.95,46.1,44.9,45.45,21747971,991573591,10792,+0.70
20260528,45.8,45.85,44.8,45.05,16825189,760959075,9088,-0.40
20260529,45.45,47.9,45.45,47.45,45838760,2158997525,17639,+2.40
20260601,47.9,50.3,46.4,50.0,65949814,3235026665,31917,+2.55
20260602,49.75,51.1,49.15,50.9,52270283,2633710053,24348,+0.90
20260603,51.4,53.4,50.7,52.0,49981521,2611865437,22191,+1.10
20260604,52.0,53.1,50.6,50.8,50546348,2605165784,27146,-1.20
20260605,51.0,51.0,48.6,48.9,27307999,1343475914,15513,-1.90
20260608,45.5,46.1,45.15,45.85,32845136,1496249710,16799,-3.05
20260609,45.5,45.95,45.15,45.55,24879279,1131234070,12487,-0.30
20260610,45.3,45.5,44.4,44.4,32304605,1448841133,16236,-1.15
20260611,44.4,44.85,43.1,43.8,30552058,1335159121,16854,-0.60
20260612,44.55,45.45,44.55,45.25,21498179,970029113,9176,+1.45
20260615,45.8,47.35,45.45,47.25,36177136,1687410553,13469,+2.00
20260616,47.3,48.65,46.65,46.75,26097670,1242507353,12736,-0.50
20260617,46.7,48.0,46.35,47.95,18656628,886147966,9615,+1.20
20260618,48.4,51.8,48.4,51.7,188508912,9689626723,29567,+3.75
20260622,52.7,53.5,51.7,52.4,51915785,2738975449,21971,+0.70
20260623,52.8,53.2,49.25,49.55,36737370,1865163184,29381,-2.85
20260624,49.1,54.5,48.15,54.5,79265972,4183526338,32847,+4.95
20260625,55.0,59.8,54.3,58.0,146735751,8419040215,55602,+3.50
20260626,57.5,57.5,52.2,52.2,62630829,3366993098,33667,-5.80
20260629,52.7,53.5,52.1,53.2,21674448,1148168078,9846,+1.00
20260630,53.5,55.0,53.0,54.5,36485840,1976592642,15559,X0.00
20260701,54.9,55.4,52.8,54.3,44833315,2427128772,20582,-0.20
20260702,53.2,59.7,52.8,59.7,112956008,6568856495,49805,+5.40
20260703,60.6,64.0,59.0,62.1,190058976,11771403332,86136,+2.40
20260706,63.2,63.3,60.0,60.4,75892637,4654512061,37611,-1.70
20260707,60.1,60.2,57.0,57.3,47904642,2794357017,25511,-3.10
20260708,57.0,58.5,56.5,58.0,44630328,2569799655,20342,+0.70
20260709,58.4,58.4,54.7,54.8,56581393,3141759078,24901,-3.20
20260713,56.0,60.2,56.0,60.2,52147050,3105960053,18418,+5.40
