date,open,high,low,close,volume,turnover,transactions,price_change
20100104,9.75,9.75,9.29,9.41,60124363,569018976,9628,-0.36
20100105,9.5,9.99,9.4,9.6,74946959,726848035,11267,0.19
20100106,9.65,9.72,9.41,9.47,56579143,538889646,8707,-0.13
20100107,9.5,9.65,9.3,9.33,45067000,427501857,7440,-0.14
20100108,9.29,9.4,8.9,9.2,48899227,446816922,8075,-0.13
20100111,9.24,9.35,9.06,9.07,32070879,294878724,5281,-0.13
20100112,9.03,9.34,9.03,9.17,30377261,279559211,5402,0.1
20100113,9.08,9.35,9.03,9.18,40584774,373875197,6015,0.01
20100114,9.2,9.36,9.16,9.23,27094079,250858354,4547,0.05
20100115,9.25,9.36,9.16,9.3,36131752,334460546,5663,0.07
20100118,9.2,9.22,9.1,9.11,23692993,216551392,4618,-0.19
20100119,9.12,9.2,8.6,8.83,35444796,316594566,6336,-0.28
20100120,8.88,9.09,8.65,8.9,22135050,197072410,4366,0.07
20100121,8.98,8.98,8.5,8.52,27157719,235525338,5244,-0.38
20100122,8.3,8.38,8.12,8.16,28385032,233252785,5199,-0.36
20100125,8.2,8.48,8.16,8.34,20133457,167898370,3879,0.18
20100126,8.4,8.4,7.76,7.85,28758964,233875349,4912,-0.49
20100127,7.9,8.16,7.81,7.97,18663973,149109987,3671,0.12
20100128,8.0,8.38,8.0,8.3,22467045,183665571,3659,0.33
20100129,8.1,8.19,7.72,7.9,40022317,317069193,6294,-0.4
20100201,7.95,8.0,7.76,7.78,16261136,128308754,3657,-0.12
20100202,8.0,8.0,7.3,7.35,26203185,199822998,4122,-0.43
20100203,7.52,7.58,7.4,7.51,15632844,117017504,2910,0.16
20100204,7.52,7.76,7.51,7.7,12684829,96830154,2527,0.19
20100205,7.4,7.45,7.17,7.17,30604355,221254499,4759,-0.53
20100206,7.17,7.17,6.67,6.86,18045044,124031725,3381,-0.31
20100208,6.88,7.0,6.84,6.92,8825238,61042773,2091,0.06
20100209,6.95,7.39,6.95,7.34,13194264,94996996,2882,0.42
20100210,7.6,7.6,7.35,7.48,16823453,126105589,3000,0.14
20100222,7.68,7.68,7.55,7.61,10866487,82744894,1989,0.13
20100223,7.67,7.81,7.63,7.78,11354402,87786128,2733,0.17
20100224,7.75,7.75,7.51,7.57,13644378,104008183,2833,-0.21
20100225,7.6,7.65,7.25,7.25,15840762,117289582,3319,-0.32
20100226,7.26,7.35,7.16,7.24,8097379,58814510,1966,-0.01
20100301,7.4,7.74,7.36,7.74,13267484,100957170,2640,0.5
20100302,7.95,7.98,7.75,7.83,18810660,148142815,3357,0.09
20100303,7.83,7.87,7.68,7.69,8780898,68058346,1912,-0.14
20100304,7.71,7.84,7.62,7.66,10566616,81666373,2193,-0.03
20100305,7.8,7.82,7.69,7.76,8024841,62260135,1636,0.1
20100308,7.84,8.29,7.76,8.17,36083849,290520848,5541,0.41
20100309,8.01,8.07,7.98,8.0,24850728,199187377,3502,-0.17
20100310,8.11,8.11,7.97,8.01,8831995,70898965,1914,0.01
20100311,8.11,8.19,8.02,8.02,15820521,128221200,2934,0.01
20100312,8.05,8.08,7.98,8.0,7758395,62096144,1654,-0.02
20100315,8.0,8.14,7.95,7.95,12738167,102551579,2146,-0.05
20100316,7.95,8.12,7.95,8.05,9988167,80429860,1843,0.1
20100317,8.15,8.61,8.12,8.6,41606081,349991650,7272,0.55
20100318,8.61,9.05,8.5,8.72,32879505,287612489,6113,0.12
20100319,8.75,8.82,8.65,8.7,15846804,138291363,3200,-0.02
20100322,8.7,8.87,8.7,8.8,18562949,162952071,3121,0.1
20100323,9.01,9.12,8.9,8.96,36295975,327823770,5518,0.16
20100324,9.1,9.13,8.73,8.74,34696050,311294997,6166,-0.22
20100325,8.78,8.98,8.66,8.81,25628430,226193215,4439,0.07
20100326,8.85,8.98,8.79,8.81,33033153,292923436,5063,0.0
20100329,8.9,9.1,8.85,8.99,29491864,265163071,4541,0.18
20100330,9.1,9.14,9.0,9.02,28722097,260444895,4658,0.03
20100331,9.1,9.15,8.9,8.94,24848616,224754453,3788,-0.08
20100401,9.0,9.09,8.92,8.94,19028179,171257474,4044,0.0
20100402,9.06,9.1,9.0,9.02,18466482,167013967,2871,0.08
20100406,9.65,9.65,9.61,9.65,62502841,603136283,7240,0.63
20100407,9.65,9.68,9.5,9.54,68441482,657251855,10393,-0.11
20100408,9.49,9.68,9.25,9.3,51449695,488559918,7989,-0.24
20100409,9.31,9.44,9.16,9.35,37642278,349411926,6184,0.05
20100412,9.5,9.65,9.38,9.55,50195702,477528351,7917,0.2
20100413,9.6,9.6,9.25,9.28,39160540,368456195,6228,-0.27
20100414,9.3,9.4,9.25,9.34,27473467,255896661,4868,0.06
20100415,9.41,9.6,9.41,9.44,39513878,375450617,5709,0.1
20100416,9.44,9.5,9.28,9.28,26810932,250953969,4739,-0.16
20100419,9.1,9.2,8.7,8.8,35054414,315041141,7175,-0.48
20100420,9.01,9.16,8.93,9.1,22159121,200521876,4082,0.3
20100421,9.15,9.29,9.1,9.14,15646989,143470064,3256,0.04
20100422,9.1,9.12,9.0,9.05,16739146,151348169,2900,-0.09
20100423,9.11,9.29,9.07,9.15,19285459,177085635,3499,0.1
20100426,9.28,9.35,9.22,9.23,17957531,166817394,3299,0.08
20100427,9.25,9.25,9.05,9.1,16446419,149780595,2803,-0.13
20100428,8.55,9.38,8.55,9.31,34962614,317415132,5363,0.21
20100429,9.38,9.6,9.34,9.34,43112008,408114172,6098,0.03
20100430,9.39,9.49,9.11,9.11,21495751,200070657,4329,-0.23
20100503,9.1,9.17,9.01,9.06,13273122,120371840,3102,-0.05
20100504,9.19,9.19,9.0,9.07,12424728,112931711,2676,0.01
20100505,8.7,8.94,8.66,8.75,24286735,213645056,4512,-0.32
20100506,8.75,8.81,8.5,8.52,30131626,260164129,4639,-0.23
20100507,8.0,8.36,8.0,8.24,26359172,215088739,4372,-0.28
20100510,8.34,8.69,8.26,8.62,36360318,307298383,5367,0.38
20100511,8.7,8.75,8.32,8.32,29607319,252399804,4924,-0.3
20100512,8.35,8.49,8.29,8.32,13720755,114675280,2388,0.0
20100513,8.55,8.55,8.41,8.51,11815391,100253137,2338,0.19
20100514,8.5,8.5,8.35,8.5,9085969,76524206,1651,-0.01
20100517,8.31,8.4,8.05,8.1,15449770,126849116,2943,-0.4
20100518,8.1,8.25,7.85,7.92,21008175,167371947,4298,-0.18
20100519,7.7,7.75,7.37,7.42,40588112,304449640,6495,-0.5
20100520,7.42,7.64,7.41,7.42,24357782,182547165,4122,0.0
20100521,7.14,7.25,6.92,7.15,20100814,142617315,3689,-0.27
20100524,7.23,7.34,7.21,7.28,11106477,80910237,2209,0.13
20100525,7.3,7.78,7.1,7.63,27728410,206007824,5487,0.35
20100526,7.63,7.85,7.4,7.85,23775938,181566473,4185,0.22
20100527,7.78,8.13,7.65,7.98,19505906,154828325,3732,0.13
20100528,8.37,8.38,8.11,8.12,25116441,206331593,3910,0.14
20100531,8.2,8.21,8.05,8.12,9455823,76920606,1735,0.0
20100601,8.18,8.28,8.13,8.21,11141410,91341925,2498,0.09
20100602,8.22,8.22,8.01,8.02,8529006,69140805,1804,-0.19
20100603,8.27,8.29,8.2,8.25,11615765,95750032,2196,0.23
20100604,8.25,8.38,8.2,8.31,11225966,93115168,2690,0.06
20100607,8.0,8.31,7.97,8.31,15820338,128269567,2463,0.0
20100608,8.3,8.33,8.19,8.19,10600739,87739412,1771,-0.12
20100609,8.25,8.36,8.0,8.03,11590991,94684468,2536,-0.16
20100610,8.2,8.21,8.09,8.18,6636237,54112927,1571,0.15
20100611,8.3,8.37,8.18,8.19,8302308,68616955,1862,0.01
20100614,8.24,8.31,8.2,8.21,6659837,55028741,1620,0.02
20100615,8.22,8.34,8.22,8.34,11013231,91374336,2410,0.13
20100617,8.45,8.58,8.42,8.5,16552549,140846135,3953,0.16
20100618,8.56,8.56,8.42,8.56,9483184,80777323,2298,0.06
20100621,8.7,9.0,8.66,8.84,18379639,162498379,4024,0.28
20100622,8.94,8.94,8.7,8.7,14806247,130573783,2818,-0.14
20100623,8.7,8.89,8.68,8.74,13260806,115935738,2389,0.04
20100624,8.74,8.82,8.69,8.69,7729096,67566489,1919,-0.05
20100625,8.61,8.61,8.4,8.43,12356568,105007774,2833,-0.26
20100628,8.43,8.55,8.38,8.38,6141243,51979854,1538,-0.05
20100629,8.43,8.53,8.27,8.28,8708134,72887106,2438,-0.1
20100630,8.0,8.17,8.0,8.15,10616837,85837158,2457,-0.13
20100701,8.12,8.14,8.01,8.01,18165004,142602442,2150,-0.14
20100702,8.02,8.14,8.02,8.03,6966638,56240702,1696,0.02
20100705,8.04,8.15,8.03,8.08,10255885,82889620,1734,0.05
20100706,8.07,8.25,8.04,8.21,8855905,72184797,1615,0.13
20100707,8.5,8.56,8.31,8.32,9265721,77864611,2186,0.11
20100708,8.52,8.52,8.35,8.35,8418043,70771861,1658,0.03
20100709,8.49,8.49,8.35,8.38,7735732,65006429,1635,0.03
20100712,8.4,8.48,8.31,8.31,7409738,62139512,1549,-0.07
20100713,8.35,8.39,8.11,8.13,14167230,116275323,2190,-0.18
20100714,8.29,8.29,8.17,8.25,11344459,93484053,2175,0.12
20100715,8.29,8.36,8.23,8.35,10223394,84846386,2394,0.1
20100716,8.41,8.46,8.28,8.28,11716771,98240940,2114,-0.07
20100719,8.18,8.24,8.11,8.18,7597590,62151527,1538,-0.1
20100720,8.26,8.3,8.21,8.22,8026228,66291089,1740,0.04
20100721,8.31,8.55,8.29,8.48,18696733,157830493,3211,0.26
20100722,8.47,8.48,8.32,8.35,9839157,82439658,1515,-0.13
20100723,8.4,8.45,8.3,8.3,13581418,113640098,2401,-0.05
20100726,8.37,8.37,8.26,8.28,7775208,64495961,1454,-0.02
20100727,8.32,8.33,8.19,8.21,8319506,68519946,1639,-0.07
20100728,8.23,8.36,8.23,8.29,7944794,66006629,1922,0.08
20100729,8.34,8.38,8.22,8.24,8006397,66325465,1681,-0.05
20100730,8.22,8.22,8.14,8.16,7993134,65305455,2090,-0.08
20100802,8.3,8.35,8.23,8.28,9121499,75613426,2061,0.12
20100803,8.35,8.35,8.25,8.3,9340217,77543211,1639,0.02
20100804,8.32,8.32,8.23,8.24,8413347,69563911,1294,-0.06
20100805,8.24,8.3,8.17,8.18,10106210,83115026,1972,-0.06
20100806,8.19,8.23,8.16,8.2,6732597,55214404,1440,0.02
20100809,8.43,8.77,8.35,8.77,57183549,494801306,8011,0.57
20100810,8.89,8.9,8.66,8.68,33964293,298206607,5132,-0.09
20100811,8.7,8.87,8.66,8.84,30735106,269862158,6188,0.16
20100812,8.76,8.83,8.7,8.72,16197502,141877101,2926,-0.12
20100813,8.82,8.98,8.7,8.92,22307151,197900019,3994,0.2
20100816,8.9,9.01,8.77,8.85,19846500,176459701,3805,-0.07
20100817,8.85,8.93,8.8,8.8,15432900,136645476,2391,-0.05
20100818,8.8,8.83,8.5,8.55,26889133,232688675,5587,-0.25
20100819,8.52,8.53,8.39,8.43,13276918,112239442,2480,-0.12
20100820,8.38,8.48,8.35,8.41,7798762,65643391,1639,-0.02
20100823,8.41,8.46,8.34,8.34,11409961,95820913,2012,-0.07
20100824,8.35,8.4,8.09,8.14,32951376,270788376,5480,-0.2
20100825,8.12,8.12,7.9,7.9,25598301,205106758,5779,-0.24
20100826,7.9,7.95,7.76,7.81,18683461,147004161,3187,-0.09
20100827,7.81,7.91,7.76,7.9,8550638,67084306,1733,0.09
20100830,8.05,8.05,7.9,7.91,7140136,56904134,1538,0.01
20100831,7.9,8.07,7.51,8.07,16460093,127754624,2532,0.16
20100901,8.0,8.0,7.8,7.84,9336388,73656151,2294,-0.23
20100902,7.96,7.96,7.81,7.82,7529413,59335836,1436,-0.02
20100903,7.87,8.03,7.82,7.96,15713171,124846879,3465,0.14
20100906,8.0,8.08,7.96,7.97,9846035,78984777,1954,0.01
20100907,7.92,7.98,7.83,7.85,6891437,54314379,1544,-0.12
20100908,7.8,7.9,7.78,7.83,6743780,52753990,1731,-0.02
20100909,7.9,7.94,7.81,7.83,6389603,50286562,1502,0.0
20100910,7.9,8.16,7.9,8.08,15125099,121586040,3303,0.25
20100913,8.15,8.23,8.1,8.22,16027438,131050379,3480,0.14
20100914,8.35,8.4,8.26,8.28,13525550,112491217,3103,0.06
20100915,8.3,8.3,8.13,8.26,13913910,114281198,3260,-0.02
20100916,8.26,8.26,8.16,8.16,7109702,58320848,2003,-0.1
20100917,8.16,8.25,8.14,8.18,9167902,75118398,2298,0.02
20100920,8.18,8.3,8.18,8.21,10198280,83937863,1815,0.03
20100921,8.24,8.29,8.21,8.25,7272317,59996106,1710,0.04
20100923,8.29,8.3,8.23,8.27,6475286,53465744,1379,0.02
20100924,8.27,8.46,8.22,8.37,18046975,150714864,3239,0.1
20100927,8.5,8.52,8.28,8.3,14808795,124228097,2436,-0.07
20100928,8.3,8.3,8.16,8.18,9349410,76754139,1882,-0.12
20100929,8.25,8.37,8.25,8.26,9435020,78175056,2060,0.08
20100930,8.29,8.34,8.25,8.29,8951699,74247530,1694,0.03
20101001,8.3,8.3,8.19,8.23,9479774,77924414,1561,-0.06
20101004,8.21,8.25,8.16,8.16,8701019,71207529,1816,-0.07
20101005,8.1,8.1,8.01,8.09,10324199,83286722,1979,-0.07
20101006,8.13,8.13,8.0,8.03,13606393,109420032,2496,-0.06
20101007,8.03,8.08,8.03,8.05,6465586,52070189,1406,0.02
20101008,8.09,8.19,8.06,8.19,11220233,91293076,2227,0.14
20101011,8.2,8.25,8.06,8.08,6637459,54107414,1241,-0.11
20101012,8.14,8.15,8.01,8.06,6119571,49444190,1336,-0.02
20101013,8.06,8.1,8.02,8.06,6369884,51308555,1459,0.0
20101014,8.14,8.19,8.12,8.15,10088495,82260427,1816,0.09
20101015,8.15,8.15,8.02,8.03,7262623,58588061,1863,-0.12
20101018,8.03,8.1,7.9,7.9,7481837,59508101,1806,-0.13
20101019,7.95,7.97,7.9,7.95,5354998,42508327,1419,0.05
20101020,7.9,8.04,7.85,7.91,6193537,49124016,1629,-0.04
20101021,7.95,8.0,7.9,7.91,5443262,43161997,1319,0.0
20101022,7.91,7.96,7.87,7.87,5611845,44274054,1572,-0.04
20101025,7.96,7.98,7.92,7.98,5953370,47394020,1436,0.11
20101026,8.03,8.03,7.94,7.97,4809935,38357383,966,-0.01
20101027,8.0,8.01,7.83,7.85,8554558,67467602,1849,-0.12
20101028,7.98,8.02,7.9,8.0,10310435,82089143,2045,0.15
20101029,8.02,8.02,7.95,8.0,5320775,42545833,1008,0.0
20101101,8.18,8.18,8.06,8.1,11453413,92908705,2508,0.1
20101102,8.1,8.1,7.95,7.95,6917531,55382788,1938,-0.15
20101103,8.0,8.05,7.89,7.9,6506481,51686337,1759,-0.05
20101104,7.91,8.05,7.91,7.97,7120825,56759679,1437,0.07
20101105,8.01,8.04,7.95,7.96,8122608,64892396,1712,-0.01
20101108,7.96,8.02,7.81,7.86,7883437,62083991,1567,-0.1
20101109,7.8,7.94,7.8,7.84,8052250,63072381,1702,-0.02
20101110,7.84,7.88,7.78,7.8,9060921,70741181,1691,-0.04
20101111,7.8,7.9,7.8,7.84,7978379,62592216,1643,0.04
20101112,7.84,7.84,7.64,7.65,12970633,99717111,2582,-0.19
20101115,7.68,7.71,7.58,7.65,5152925,39423556,1302,0.0
20101116,7.65,7.65,7.52,7.56,7318224,55433850,1531,-0.09
20101117,7.53,7.61,7.51,7.53,6332074,47773388,1504,-0.03
20101118,7.58,7.6,7.53,7.57,3209243,24287844,738,0.04
20101119,7.61,7.66,7.5,7.57,6032916,45767751,1586,0.0
20101122,7.57,7.61,7.53,7.6,3755043,28460607,854,0.03
20101123,7.6,7.79,7.6,7.69,6688816,51509758,1732,0.09
20101124,7.74,8.0,7.71,7.87,16300671,128024625,3285,0.18
20101125,7.88,7.91,7.77,7.78,8224778,64510895,1743,-0.09
20101126,7.79,7.84,7.76,7.78,6122201,47757843,1191,0.0
20101129,7.8,7.84,7.73,7.83,6672396,51938161,1300,0.05
20101130,7.83,7.87,7.8,7.85,9436831,73925861,1305,0.02
20101201,7.96,8.12,7.95,8.1,21385580,172441016,3713,0.25
20101202,8.2,8.29,8.16,8.17,18432231,151693504,3382,0.07
20101203,8.24,8.33,8.19,8.27,18678231,154165236,3329,0.1
20101206,8.36,8.4,8.1,8.1,20596335,170036544,3433,-0.17
20101207,8.15,8.5,8.11,8.36,34814262,290964734,5501,0.26
20101208,8.45,8.5,8.3,8.3,18122436,152257020,3461,-0.06
20101209,8.4,8.87,8.32,8.83,72909857,630076073,11187,0.53
20101210,8.95,9.37,8.88,9.18,87696988,803965527,13382,0.35
20101213,9.28,9.33,8.98,9.0,42835020,390848455,7110,-0.18
20101214,9.0,9.06,8.76,8.81,37569101,333229399,6372,-0.19
20101215,8.85,9.03,8.81,8.82,25292680,224994342,4500,0.01
20101216,8.8,9.1,8.74,8.95,39761366,356080870,6740,0.13
20101217,9.0,9.08,8.86,8.86,28564558,256885048,5161,-0.09
20101220,8.85,8.94,8.7,8.73,19847282,174367517,3330,-0.13
20101221,8.78,8.89,8.73,8.78,13124974,115372740,2535,0.05
20101222,8.81,8.93,8.67,8.93,31745389,280238468,5297,0.15
20101223,9.15,9.31,9.07,9.09,84845293,781150549,12158,0.16
20101224,9.09,9.1,8.94,8.95,22590101,203080282,3942,-0.14
20101227,8.9,8.9,8.75,8.79,23480520,206966588,3730,-0.16
20101228,8.79,8.85,8.74,8.77,12217361,107448949,2223,-0.02
20101229,8.84,8.84,8.6,8.61,22857092,198744821,4432,-0.16
20101230,8.61,8.75,8.6,8.61,14698311,127111810,2771,0.0
20101231,8.65,8.75,8.6,8.61,18410465,159298277,2950,0.0
20110103,8.61,8.66,8.46,8.47,20761141,177183412,3890,-0.14
20110104,8.48,8.8,8.48,8.7,30672592,267085519,4847,0.23
20110105,8.78,8.78,8.56,8.61,18360739,158807680,3011,-0.09
20110106,8.74,9.11,8.68,8.9,60841192,543798145,8336,0.29
20110107,9.19,9.3,9.01,9.05,75538757,691720358,10523,0.15
20110110,9.1,9.16,8.96,9.05,22321178,202205592,3370,0.0
20110111,9.06,9.29,9.0,9.23,64502035,594711121,8823,0.18
20110112,9.3,9.44,9.25,9.27,45758585,426609012,6407,0.04
20110113,9.45,9.87,9.38,9.87,119991278,1166824692,16424,0.6
20110114,9.95,9.95,9.65,9.72,56322579,550015065,8356,-0.15
20110117,9.82,10.35,9.75,10.2,114986025,1164286945,14873,0.48
20110118,10.2,10.6,10.15,10.4,95882412,998824961,14351,0.2
20110119,10.5,10.55,10.15,10.2,72153548,744876087,10479,-0.2
20110120,10.2,10.8,10.2,10.5,78893481,833493471,11886,0.3
20110121,10.5,10.75,10.3,10.55,63650866,673086214,9395,0.05
20110124,10.75,11.15,10.75,11.1,73476106,807430262,11234,0.55
20110125,11.1,11.15,10.8,11.0,59493556,652593798,9261,-0.1
20110126,11.0,11.05,10.6,10.65,68875375,739045993,10064,-0.35
20110127,10.7,10.8,10.55,10.55,37111721,396226695,5819,-0.1
20110128,10.6,10.9,10.6,10.8,40308904,433431779,6310,0.25
20110208,10.9,10.95,10.2,10.3,42265513,442836534,7301,-0.5
20110209,10.3,10.5,10.0,10.1,34733669,357137134,6239,-0.2
20110210,10.3,10.75,10.25,10.6,49676289,525484114,8897,0.5
20110211,10.6,10.7,9.87,10.05,48218737,494020700,8161,-0.55
20110214,10.2,10.35,10.1,10.15,26235929,268068305,5171,0.1
20110215,10.15,10.25,9.8,10.1,35600836,357622653,5637,-0.05
20110216,10.35,10.65,10.25,10.55,73023350,765865005,10411,0.45
20110217,10.6,10.7,10.15,10.15,32614876,339626316,5625,-0.4
20110218,10.35,10.5,10.25,10.35,24709124,255988103,3737,0.2
20110221,10.45,10.6,10.3,10.35,44163629,461986780,6121,0.0
20110222,10.1,10.25,9.8,9.99,49280936,493179666,9180,-0.36
20110223,9.85,10.0,9.5,9.53,33653870,329249811,5957,-0.46
20110224,9.55,9.8,9.54,9.66,28457562,275254248,6312,0.13
20110225,9.9,9.98,9.75,9.82,42273369,417377764,6816,0.16
20110301,9.9,10.1,9.85,9.86,25544913,253686408,4863,0.04
20110302,9.85,10.05,9.83,9.88,29212718,290884750,6484,0.02
20110303,10.0,10.05,9.92,9.92,16657119,166327797,3344,0.04
20110304,10.05,10.25,10.0,10.0,29038090,293403226,5713,0.08
20110307,10.0,10.1,9.95,9.95,14750570,147631776,2286,-0.05
20110308,9.85,9.98,9.78,9.8,20351651,200253708,4638,-0.15
20110309,9.86,9.95,9.67,9.67,19687601,192588130,3772,-0.13
20110310,9.6,9.66,9.05,9.15,32249559,299657605,6276,-0.52
20110311,9.05,9.05,8.9,9.02,19426944,174619841,3514,-0.13
20110314,9.5,9.5,9.1,9.29,31178903,289004793,5633,0.27
20110315,9.36,9.43,8.64,8.74,37412045,331403662,6571,-0.55
20110316,8.85,8.95,8.7,8.75,17143186,150876423,3639,0.01
20110317,8.51,8.63,8.25,8.37,25184333,212583379,5143,-0.38
20110318,8.4,8.75,8.4,8.7,23144999,199162751,4750,0.33
20110321,8.72,8.96,8.65,8.91,20502662,181723875,5163,0.21
20110322,8.99,9.05,8.81,8.92,21284274,189992422,4941,0.01
20110323,8.98,9.1,8.93,9.07,19137007,172539410,3563,0.15
20110324,9.2,9.63,9.2,9.52,62459144,589660859,9663,0.45
20110325,9.64,9.77,9.35,9.37,38314991,367905781,7202,-0.15
20110328,9.35,9.47,9.22,9.22,14367145,133897000,3176,-0.15
20110329,9.3,9.38,9.27,9.3,8643527,80542026,2016,0.08
20110330,9.38,9.5,9.27,9.47,19805179,186507859,4202,0.17
20110331,9.49,9.51,9.31,9.37,11273305,105849954,2486,-0.1
20110401,9.42,9.45,9.25,9.27,9693813,90305419,2155,-0.1
20110406,9.36,9.5,9.35,9.44,17347966,163850469,4349,0.17
20110407,9.6,9.65,9.44,9.44,13466829,128378046,2628,0.0
20110408,9.46,9.58,9.42,9.53,12915275,122810598,2719,0.09
20110411,9.53,9.54,9.27,9.3,11912891,111090224,2444,-0.23
20110412,9.35,9.39,9.2,9.2,10677523,98901995,2950,-0.1
20110413,9.2,9.3,9.19,9.21,7561141,69721686,1727,0.01
20110414,9.24,9.3,9.21,9.21,5502162,50797956,1488,0.0
20110415,9.28,9.34,9.18,9.18,8852404,81965548,2054,-0.03
20110418,9.16,9.2,8.98,8.99,7706324,69816430,3735,-0.19
20110419,8.85,8.95,8.68,8.72,15117569,132589196,4025,-0.27
20110420,8.8,8.98,8.8,8.98,10549826,93929655,4772,0.26
20110421,9.2,9.2,9.05,9.11,11959191,109138457,3566,0.13
20110422,9.12,9.16,9.06,9.09,6862290,62444569,1609,-0.02
20110425,9.12,9.15,8.97,8.98,8445112,76109749,2897,-0.11
20110426,8.95,9.13,8.95,9.12,8730445,79417825,1727,0.14
20110427,9.27,9.32,9.17,9.17,13403347,123988388,2453,0.05
20110428,9.2,9.26,9.06,9.12,9181626,84045835,1833,-0.05
20110429,9.12,9.15,8.93,9.03,8757835,79100885,1916,-0.09
20110503,9.15,9.17,8.86,8.9,12704844,113834309,3264,-0.13
20110504,8.95,9.15,8.92,9.15,13018273,117845168,2806,0.25
20110505,9.02,9.11,9.02,9.03,5522064,50015265,1329,-0.12
20110506,9.0,9.08,8.92,8.94,6030280,54062246,2392,-0.09
20110509,9.05,9.12,8.98,9.07,9357713,84894013,2516,0.13
20110510,9.07,9.1,8.98,8.99,6892737,62131720,4697,-0.08
20110511,9.06,9.06,8.89,8.9,7449450,66758773,1990,-0.09
20110512,8.9,9.08,8.9,8.97,9230940,83079533,2933,0.07
20110513,9.03,9.07,9.0,9.01,7095839,64037427,3631,0.04
20110516,9.1,9.1,8.95,8.95,7805939,70210436,4394,-0.06
20110517,9.0,9.03,8.88,8.88,6576355,58727921,1625,-0.07
20110518,8.88,8.98,8.88,8.91,5008317,44677534,3218,0.03
20110519,8.93,9.05,8.88,8.9,6563916,58766145,5354,-0.01
20110520,8.91,8.94,8.82,8.92,6309538,56108850,4111,0.02
20110523,8.8,8.9,8.56,8.6,9483442,82394750,2465,-0.32
20110524,8.55,8.61,8.28,8.47,6665183,56320002,1582,-0.13
20110525,8.47,8.47,8.31,8.36,7733063,64798391,1996,-0.11
20110526,8.4,8.5,8.4,8.45,4053793,34214784,1193,0.09
20110527,8.45,8.77,8.45,8.69,8210273,71184555,1982,0.24
20110530,8.69,8.74,8.56,8.59,5030836,43580270,1196,-0.1
20110531,8.7,9.19,8.61,9.19,18055965,161388788,3629,0.6
20110601,9.2,9.48,9.17,9.41,29993810,280998393,5474,0.22
20110602,9.21,9.39,9.19,9.25,15352481,142670457,3637,-0.16
20110603,9.27,9.33,9.18,9.2,6949408,64157068,1535,-0.05
20110607,9.15,9.2,9.09,9.11,5848512,53357562,1393,-0.09
20110608,9.17,9.26,9.12,9.21,11579427,106515247,2167,0.1
20110609,9.2,9.23,9.13,9.15,4143083,37969509,1330,-0.06
20110610,9.06,9.25,8.98,9.02,10891679,99431441,2021,-0.13
20110613,8.98,9.01,8.75,8.77,8630584,76587665,2042,-0.25
20110614,8.8,8.94,8.78,8.8,6276582,55554701,1419,0.03
20110615,8.85,8.89,8.64,8.73,9406358,82459940,1698,-0.07
20110616,8.66,8.71,8.5,8.51,6954612,59738695,1722,-0.22
20110617,8.55,8.62,8.4,8.44,5814444,49467648,1496,-0.07
20110620,8.51,8.55,8.31,8.33,5203734,43687935,1281,-0.11
20110621,8.43,8.53,8.4,8.5,5480670,46423069,1479,0.17
20110622,8.6,8.6,8.35,8.37,10694523,90417452,2433,-0.13
20110623,8.38,8.5,8.38,8.4,5937144,49991428,1387,0.03
20110624,8.45,8.54,8.3,8.54,10172192,85584815,2080,0.14
20110627,8.46,8.5,8.39,8.48,3889154,32864595,1475,-0.06
20110628,8.5,8.76,8.48,8.5,11770751,101613337,2529,0.02
20110629,8.58,8.59,8.45,8.45,7040871,59858582,1710,-0.05
20110630,8.5,8.54,8.45,8.5,4451816,37815651,1398,0.05
20110701,8.56,8.57,8.45,8.45,4456033,37909699,1011,-0.05
20110704,8.5,8.78,8.48,8.55,13256746,114682437,2475,0.1
20110705,8.6,8.62,8.47,8.47,5392920,45847204,1146,-0.08
20110706,8.45,8.6,8.43,8.46,4942646,42033239,1151,-0.01
20110707,8.5,8.52,8.45,8.46,4598322,38992584,1159,0.0
20110708,8.48,8.57,8.4,8.41,5881467,49889679,1323,-0.05
20110711,8.41,8.41,8.06,8.08,10369434,85100055,2403,-0.33
20110712,8.0,8.04,7.52,7.55,15370706,118795408,2835,-0.53
20110713,7.55,7.83,7.55,7.77,10141171,78688874,2035,0.22
20110714,7.8,7.85,7.36,7.56,11381556,86702620,2217,-0.21
20110715,7.72,7.83,7.59,7.83,7899971,60894827,1570,0.27
20110718,7.8,7.8,7.65,7.7,4236766,32642774,1055,-0.13
20110719,7.71,7.79,7.55,7.7,6799975,52155170,1736,0.0
20110720,7.8,7.89,7.58,7.7,14206973,109496441,2568,0.0
20110721,7.71,7.73,7.66,7.67,5945049,45734052,1169,-0.03
20110722,7.72,7.99,7.7,7.82,13405226,105187551,2715,0.15
20110725,7.84,7.85,7.68,7.7,3875964,30015540,907,-0.12
20110726,7.73,7.95,7.7,7.82,8828243,69072582,1699,0.12
20110727,7.89,8.09,7.86,8.04,12408525,99184450,2758,0.22
20110728,7.94,8.03,7.9,7.9,5467475,43485637,1525,-0.14
20110729,7.97,7.99,7.7,7.7,6676796,52059830,1785,-0.2
20110801,7.82,7.94,7.74,7.88,6389911,50218854,2073,0.18
20110802,7.75,7.8,7.71,7.74,3129990,24274251,972,-0.14
20110803,7.58,7.8,7.45,7.67,6665155,50743485,1737,-0.07
20110804,7.67,7.74,7.61,7.61,4175659,32051257,1498,-0.06
20110805,7.08,7.21,7.08,7.08,9916858,70315872,1555,-0.53
20110808,6.81,7.0,6.59,6.59,13377136,88955716,2390,-0.49
20110809,6.13,6.13,6.13,6.13,5714384,35029163,799,-0.46
20110810,6.25,6.4,6.21,6.33,26302089,166071042,4776,0.2
20110811,5.89,6.44,5.89,6.44,23344410,144057979,4354,0.11
20110812,6.6,6.64,6.33,6.33,13874614,90117075,3059,-0.11
20110815,6.46,6.55,6.4,6.46,7442188,48200238,1687,0.13
20110816,6.58,6.59,6.28,6.28,9203410,58915251,1950,-0.18
20110817,6.28,6.33,6.18,6.18,7377632,46139948,1840,-0.1
20110818,6.18,6.18,5.9,5.94,14921139,89102912,4748,-0.24
20110819,5.68,5.69,5.53,5.53,14647106,81490425,2404,-0.41
20110822,5.59,5.78,5.18,5.47,20415854,112390058,3338,-0.06
20110823,5.54,5.85,5.54,5.85,17348298,99424104,3313,0.38
20110824,5.93,6.06,5.76,5.77,15485921,91547660,4525,-0.08
20110825,5.88,5.97,5.65,5.65,12912628,75204937,2446,-0.12
20110826,5.72,5.75,5.52,5.6,6061715,34056655,1694,-0.05
20110829,5.67,5.99,5.67,5.99,24047098,142640059,2401,0.39
20110830,6.14,6.29,6.1,6.13,20508368,126963075,3300,0.14
20110831,6.1,6.14,5.93,6.14,10624500,64143248,1967,0.01
20110901,6.21,6.29,6.0,6.0,17107688,104899733,4280,-0.14
20110902,6.0,6.1,5.9,6.08,12455983,75109330,2315,0.08
20110905,5.9,5.94,5.85,5.9,7444667,43822669,4099,-0.18
20110906,5.87,6.01,5.7,5.79,10759909,63190827,2279,-0.11
20110907,5.9,5.97,5.88,5.97,5351808,31727674,4369,0.18
20110908,6.05,6.13,5.96,5.97,8077470,48747934,4694,0.0
20110909,6.12,6.23,6.08,6.15,19306806,118909053,3091,0.18
20110913,6.15,6.36,6.06,6.09,24115030,150117344,3983,-0.06
20110914,6.18,6.26,6.0,6.0,16222264,99215964,3195,-0.09
20110915,6.26,6.35,6.18,6.26,22055254,138320783,3380,0.26
20110916,6.39,6.43,6.29,6.3,14559635,92542547,2735,0.04
20110919,6.3,6.45,6.28,6.28,8857902,56183707,1723,-0.02
20110920,6.38,6.58,6.38,6.48,16198590,104983091,2997,0.2
20110921,6.48,6.53,6.36,6.46,10776059,69485744,2121,-0.02
20110922,6.35,6.35,6.14,6.18,11561995,72216860,2381,-0.28
20110923,5.86,6.06,5.8,6.0,11101768,65807821,2403,-0.18
20110926,6.05,6.09,5.8,5.8,6430493,38114529,3268,-0.2
20110927,5.93,6.2,5.93,6.09,15626364,95504941,3157,0.29
20110928,6.14,6.16,6.03,6.05,7006681,42769723,1548,-0.04
20110929,6.05,6.19,6.01,6.14,6684196,41013725,1727,0.09
20110930,6.17,6.18,6.05,6.12,5151098,31427671,1378,-0.02
20111003,6.02,6.02,5.74,5.74,12930349,75295460,3164,-0.38
20111004,5.61,5.8,5.57,5.73,13506248,76993212,3231,-0.01
20111005,5.82,5.83,5.62,5.66,12665489,72204389,2136,-0.07
20111006,5.8,5.89,5.76,5.76,11488940,66832384,2640,0.1
20111007,5.85,5.89,5.81,5.82,4788188,27953639,1366,0.06
20111011,5.98,5.99,5.9,5.93,7762028,46166687,3969,0.11
20111012,5.93,6.03,5.88,5.96,8147285,48608250,3862,0.03
20111013,6.0,6.03,5.91,5.94,5599534,33323596,3305,-0.02
20111014,5.96,6.06,5.88,5.9,12536979,75050593,4528,-0.04
20111017,5.97,6.04,5.93,5.95,6221907,37269028,4431,0.05
20111018,5.9,5.94,5.85,5.92,3750737,22096185,3845,-0.03
20111019,5.99,6.02,5.9,5.95,4177860,24889765,4003,0.03
20111020,5.9,5.92,5.75,5.75,5644510,32894074,1578,-0.2
20111021,5.86,5.86,5.76,5.85,6265537,36481328,4251,0.1
20111024,5.95,6.0,5.92,5.95,19011968,113436427,6267,0.1
20111025,5.98,6.02,5.95,5.95,12832023,76838594,4483,0.0
20111026,5.85,5.91,5.83,5.87,5691612,33399519,1450,-0.08
20111027,5.86,5.96,5.85,5.89,5964593,35223340,3306,0.02
20111028,6.0,6.03,5.81,5.83,9604481,57012599,2370,-0.06
20111031,5.8,5.84,5.65,5.67,7923391,45445389,2078,-0.16
20111101,5.6,5.79,5.58,5.72,5913070,33564454,1823,0.05
20111102,5.58,5.8,5.56,5.8,5806178,33117625,1712,0.08
20111103,5.81,5.81,5.61,5.61,7457826,42371933,2344,-0.19
20111104,5.78,5.85,5.72,5.77,8470084,49063360,2248,0.16
20111107,5.77,5.78,5.63,5.63,6452866,36724208,1679,-0.14
20111108,5.63,5.69,5.59,5.59,6275648,35269383,1783,-0.04
20111109,5.61,5.74,5.61,5.61,5023800,28452423,1437,0.02
20111110,5.5,5.5,5.22,5.22,13698776,72468621,2971,-0.39
20111111,5.18,5.26,4.99,5.03,13721759,69602612,3209,-0.19
20111114,5.1,5.23,5.1,5.14,8850515,45735828,1959,0.11
20111115,5.17,5.19,5.05,5.07,5778919,29427240,1630,-0.07
20111116,5.1,5.3,4.98,5.0,40980930,210853031,7871,-0.07
20111117,5.1,5.13,4.65,4.65,51401490,248349633,9622,-0.35
20111118,4.53,4.53,4.33,4.33,43581498,191896965,7345,-0.32
20111121,4.15,4.24,4.03,4.03,27842094,113486024,3628,-0.3
20111122,3.93,4.14,3.8,4.08,48918085,194913263,7684,0.05
20111123,4.05,4.22,3.9,3.9,30495250,124309490,5521,-0.18
20111124,3.92,4.08,3.9,4.01,17125506,68327864,2878,0.11
20111125,4.04,4.11,3.95,3.97,13101827,52798863,2513,-0.04
20111128,4.15,4.15,4.01,4.01,14274188,57885542,3514,0.04
20111129,4.08,4.14,4.05,4.05,24307449,99293228,4490,0.04
20111130,4.05,4.17,3.77,3.77,184567904,711522699,14665,-0.28
20111201,3.98,3.99,3.83,3.97,62723669,246455004,8709,0.2
20111202,3.97,4.08,3.93,3.99,22706352,91265010,4341,0.02
20111205,4.01,4.14,4.0,4.12,25001609,102396132,3645,0.13
20111206,4.12,4.19,3.98,3.98,26190515,106558567,3808,-0.14
20111207,4.04,4.07,3.96,3.97,12661708,50735775,2421,-0.01
20111208,3.98,4.0,3.76,3.77,26755144,102392901,4300,-0.2
20111209,3.66,3.66,3.51,3.51,38785698,138544508,5188,-0.26
20111212,3.59,3.68,3.57,3.6,16196608,58686329,2644,0.09
20111213,3.52,3.6,3.52,3.55,9858366,35063296,1953,-0.05
20111214,3.58,3.79,3.56,3.79,24161828,89689019,3522,0.24
20111215,3.79,3.79,3.66,3.66,15564277,57796160,3064,-0.13
20111216,3.66,3.71,3.59,3.62,11804034,42989604,1761,-0.04
20111219,3.62,3.64,3.55,3.55,11967602,42878608,1719,-0.07
20111220,3.64,3.79,3.62,3.69,22349166,83234307,2833,0.14
20111221,3.93,3.94,3.86,3.94,20909227,81956975,2508,0.25
20111222,3.94,4.02,3.87,3.9,11324601,44534774,2077,-0.04
20111223,4.09,4.17,4.06,4.17,22077875,91086754,2910,0.27
20111226,4.21,4.23,4.06,4.08,13467011,55810077,1906,-0.09
20111227,4.08,4.29,4.06,4.28,25140834,105935346,3430,0.2
20111228,4.28,4.53,4.23,4.36,47640503,209580876,6448,0.08
20111229,4.36,4.41,4.3,4.39,21279683,92975100,2993,0.03
20111230,4.47,4.51,4.17,4.2,27858137,120613169,3681,-0.19
20120102,4.2,4.23,4.07,4.07,12443079,51606827,2037,-0.13
20120103,4.15,4.22,4.1,4.18,13849091,57831154,2109,0.11
20120104,4.23,4.38,4.2,4.33,25691606,110908699,3295,0.15
20120105,4.35,4.38,4.28,4.3,15256420,65970906,2072,-0.03
20120106,4.33,4.39,4.15,4.21,14693521,62730671,2623,-0.09
20120109,4.2,4.21,4.1,4.13,7433220,30737875,1344,-0.08
20120110,4.2,4.23,4.17,4.19,7668630,32198656,1487,0.06
20120111,4.21,4.23,4.16,4.18,7376146,30975756,1344,-0.01
20120112,4.23,4.23,4.13,4.16,6707963,27975174,1315,-0.02
20120113,4.19,4.21,4.09,4.1,10875083,44943657,1859,-0.06
20120116,4.16,4.17,4.03,4.03,8966729,36609126,1624,-0.07
20120117,4.07,4.31,4.07,4.3,17371500,73384800,2674,0.27
20120118,4.34,4.39,4.22,4.22,27399151,118067595,3862,-0.08
20120130,4.51,4.51,4.5,4.51,24947136,112498957,2372,0.29
20120131,4.59,4.82,4.51,4.82,50046122,236854958,6087,0.31
20120201,4.97,5.1,4.85,5.02,39741430,198173329,5343,0.2
20120202,5.12,5.13,4.89,5.01,35943087,179997358,4652,-0.01
20120203,5.02,5.36,4.91,5.36,43458696,225742098,5216,0.35
20120204,5.45,5.73,5.45,5.73,34116684,192523402,3190,0.37
20120206,5.73,5.81,5.44,5.49,73884614,414194151,7524,-0.24
20120207,5.49,5.65,5.4,5.48,26909648,148167627,3723,-0.01
20120208,5.51,5.62,5.5,5.62,36083399,201213803,4508,0.14
20120209,5.57,5.57,5.38,5.46,42194646,230545864,5516,-0.16
20120210,5.46,5.84,5.46,5.8,89734213,514745366,9220,0.34
20120213,5.79,6.2,5.65,6.2,72822973,438447283,8774,0.4
20120214,6.37,6.58,6.2,6.52,88614111,573755689,10966,0.32
20120215,6.6,6.87,6.6,6.85,71076423,483225656,9742,0.33
20120216,6.86,6.96,6.38,6.38,89558462,590040889,11267,-0.47
20120217,6.48,6.67,6.09,6.16,73757155,466718201,9860,-0.22
20120220,6.2,6.43,6.18,6.3,31454580,198613000,4621,0.14
20120221,6.35,6.42,6.15,6.15,26741835,167622081,3965,-0.15
20120222,6.15,6.34,6.09,6.19,30962535,192491095,4501,0.04
20120223,6.2,6.36,6.16,6.17,22518189,140709312,3205,-0.02
20120224,6.2,6.27,6.14,6.16,21388792,132292533,3101,-0.01
20120229,6.55,6.59,6.38,6.44,66486756,432527781,7211,0.28
20120301,6.5,6.5,6.3,6.3,29812407,189537368,4718,-0.14
20120302,6.31,6.43,6.27,6.31,28216398,179374088,4847,0.01
20120303,6.2,6.28,6.15,6.19,18352080,113940544,2670,-0.12
20120305,6.19,6.37,6.17,6.28,23147341,145291246,3810,0.09
20120306,6.34,6.35,6.16,6.19,26792885,166934084,3990,-0.09
20120307,6.01,6.25,6.01,6.15,17159472,105415743,3321,-0.04
20120308,6.3,6.33,6.2,6.2,19080971,119581663,3190,0.05
20120309,6.3,6.35,6.21,6.23,19627939,123045330,2992,0.03
20120312,6.29,6.3,6.15,6.15,12389617,77038038,1973,-0.08
20120313,6.2,6.22,6.14,6.14,10090713,62201675,1869,-0.01
20120314,6.29,6.29,6.12,6.14,14426287,89116455,2626,0.0
20120315,6.14,6.17,5.95,5.95,25733536,154959227,3846,-0.19
20120316,5.95,6.15,5.76,6.09,40627863,243868968,6160,0.14
20120319,6.13,6.15,5.97,5.97,14692084,88988291,2616,-0.12
20120320,6.0,6.03,5.77,5.8,14946346,87654437,2757,-0.17
20120321,5.9,5.95,5.83,5.83,12228374,71819765,2211,0.03
20120322,5.85,5.94,5.85,5.9,9074783,53557281,1582,0.07
20120323,5.97,5.97,5.83,5.84,6805687,39937424,1454,-0.06
20120326,5.84,5.89,5.78,5.78,7998055,46429943,1396,-0.06
20120327,5.8,5.87,5.58,5.58,12282939,70184472,2065,-0.2
20120328,5.6,5.65,5.36,5.38,19264757,106136153,3167,-0.2
20120329,5.32,5.35,5.02,5.13,21330479,110674820,3181,-0.25
20120330,5.07,5.45,5.07,5.45,15572683,82235839,2544,0.32
20120402,5.4,5.43,5.27,5.27,9107716,48536364,1736,-0.18
20120403,5.23,5.29,4.92,4.92,21075457,106562144,3679,-0.35
20120405,4.62,4.87,4.6,4.76,19130095,89724675,2932,-0.16
20120406,4.85,5.05,4.82,5.0,11553916,57478312,2258,0.24
20120409,4.9,4.98,4.82,4.91,6924128,33961146,1445,-0.09
20120410,5.0,5.06,4.97,5.02,5018078,25167710,1144,0.11
20120411,5.0,5.02,4.92,4.97,3174469,15797974,1719,-0.05
20120412,4.97,5.05,4.93,4.99,3813570,19044125,1152,0.02
20120413,5.06,5.17,5.06,5.08,9708947,49448260,2452,0.09
20120416,5.08,5.08,4.96,4.98,5403371,27035517,1946,-0.1
20120417,5.0,5.05,4.8,4.82,8796391,43092610,1528,-0.16
20120418,4.95,4.95,4.81,4.81,8310488,40519304,1507,-0.01
20120419,4.84,4.84,4.68,4.74,7414774,35336193,1302,-0.07
20120420,4.74,4.8,4.56,4.57,9198381,42830425,1627,-0.17
20120423,4.52,4.59,4.34,4.41,8134178,36215402,1681,-0.16
20120424,4.43,4.71,4.43,4.71,14263005,66380862,2730,0.3
20120425,4.83,4.98,4.83,4.95,15579723,76586370,3828,0.24
20120426,4.99,5.05,4.77,4.78,15113024,73980793,2461,-0.17
20120427,4.83,4.91,4.8,4.87,10525620,51005239,1671,0.09
20120430,4.83,4.94,4.83,4.89,7437199,36426799,1390,0.02
20120502,4.9,5.23,4.9,5.23,18439835,95214567,2418,0.34
20120503,5.19,5.26,5.13,5.14,13055208,67644150,2297,-0.09
20120504,5.04,5.28,5.04,5.18,12777981,66677330,1909,0.04
20120507,5.1,5.22,5.02,5.14,7808364,39946839,1487,-0.04
20120508,5.23,5.36,5.23,5.29,11791942,62519512,1997,0.15
20120509,5.23,5.23,5.04,5.07,11842564,60617989,2003,-0.22
20120510,5.07,5.18,5.05,5.07,4791955,24492876,825,0.0
20120511,5.07,5.1,4.93,4.95,5037060,25126524,868,-0.12
20120514,4.95,5.0,4.75,4.76,6512746,31316501,1081,-0.19
20120515,4.57,4.82,4.57,4.8,6233441,29443077,1198,0.04
20120516,4.8,4.85,4.62,4.62,4418867,20728687,983,-0.18
20120517,4.63,4.79,4.63,4.74,4194106,19767833,876,0.12
20120518,4.74,4.74,4.59,4.6,5502755,25542844,1199,-0.14
20120521,4.6,4.71,4.6,4.68,2942014,13725652,636,0.08
20120522,4.74,4.78,4.71,4.75,2908383,13801086,755,0.07
20120523,4.7,4.7,4.53,4.57,5338881,24541677,1096,-0.18
20120524,4.57,4.64,4.26,4.34,5222198,22966719,1072,-0.23
20120525,4.35,4.42,4.3,4.33,3906654,16975581,1017,-0.01
20120528,4.35,4.41,4.25,4.33,6440604,27888797,855,0.0
20120529,4.33,4.63,4.33,4.63,5984540,27292369,1100,0.3
20120530,4.63,4.65,4.5,4.56,5135209,23444515,1089,-0.07
20120531,4.49,4.77,4.41,4.77,5654387,25798870,847,0.21
20120601,4.68,4.68,4.45,4.46,6530706,29731122,1367,-0.31
20120604,4.16,4.29,4.15,4.15,10845873,45160434,1897,-0.31
20120605,4.26,4.34,4.23,4.23,6933481,29639876,1468,0.08
20120606,4.27,4.31,4.21,4.25,5288725,22583143,1050,0.02
20120607,4.31,4.38,4.2,4.22,4770403,20423516,1115,-0.03
20120608,4.22,4.26,4.13,4.14,3444030,14400221,788,-0.08
20120611,4.21,4.29,4.2,4.22,5915710,25081406,972,0.08
20120612,4.17,4.2,4.16,4.17,2315000,9660090,619,-0.05
20120613,4.2,4.23,4.16,4.18,2524511,10588666,559,0.01
20120614,4.1,4.14,4.08,4.11,4862720,19988646,863,-0.07
20120615,4.12,4.2,4.12,4.2,5166253,21468695,898,0.09
20120618,4.3,4.39,4.3,4.35,8961020,38937031,1442,0.15
20120619,4.35,4.35,4.25,4.26,2852324,12231328,630,-0.09
20120620,4.3,4.38,4.28,4.37,5950989,25846352,977,0.11
20120621,4.36,4.36,4.24,4.29,5795768,24835342,1698,-0.08
20120622,4.2,4.28,4.16,4.28,2399256,10159720,562,-0.01
20120625,4.26,4.26,4.2,4.25,2476319,10482599,451,-0.03
20120626,4.35,4.54,4.31,4.54,18337179,82886928,3017,0.29
20120627,4.54,4.54,4.41,4.42,10814327,48378332,2038,-0.12
20120628,4.45,4.52,4.39,4.42,5425302,24095482,1061,0.0
20120629,4.49,4.54,4.46,4.48,6515806,29312832,1449,0.06
20120702,4.55,4.55,4.49,4.52,4829061,21823379,795,0.04
20120703,4.53,4.83,4.53,4.81,14949132,70913090,2157,0.29
20120704,4.79,4.8,4.7,4.7,9908520,46935259,1511,-0.11
20120705,4.7,4.8,4.66,4.71,6292795,29824689,1164,0.01
20120706,4.71,4.74,4.64,4.65,3717351,17346002,701,-0.06
20120709,4.61,4.62,4.54,4.54,3678252,16825759,772,-0.11
20120710,4.54,4.64,4.47,4.5,4417919,20104932,858,-0.04
20120711,4.5,4.57,4.48,4.53,2561020,11560475,581,0.03
20120712,4.59,4.59,4.46,4.47,2823624,12700884,537,-0.06
20120713,4.42,4.49,4.4,4.4,2899107,12844179,617,-0.07
20120716,4.41,4.47,4.21,4.22,3891355,16807464,850,-0.18
20120717,4.2,4.35,4.2,4.31,3549626,15166084,812,0.09
20120718,4.33,4.35,4.2,4.21,3174674,13529697,644,-0.1
20120719,4.25,4.29,4.21,4.23,4176175,17749325,665,0.02
20120720,4.23,4.28,4.21,4.25,3510269,14939170,710,0.02
20120723,4.21,4.23,4.1,4.12,4590707,19000084,770,-0.13
20120724,4.12,4.14,4.02,4.05,5331064,21661014,859,-0.07
20120725,4.03,4.13,4.01,4.06,3560913,14527025,749,0.01
20120726,4.1,4.11,4.04,4.04,4320731,17604534,827,-0.02
20120727,4.1,4.19,4.1,4.17,4521999,18727208,719,0.13
20120730,4.19,4.3,4.17,4.17,3758955,15848605,676,0.0
20120731,4.25,4.26,4.18,4.26,4196548,17728266,666,0.09
20120801,4.26,4.34,4.21,4.3,6257469,26815149,1967,0.04
20120803,4.3,4.3,4.15,4.15,5228854,22049701,741,-0.15
20120806,4.21,4.28,4.16,4.17,3103856,13061645,479,0.02
20120807,4.18,4.23,4.13,4.18,2559454,10695111,476,0.01
20120808,4.25,4.43,4.25,4.37,10533471,45671054,1779,0.19
20120809,4.4,4.53,4.34,4.46,7537801,33538715,1241,0.09
20120810,4.48,4.48,4.42,4.44,4085085,18148672,724,-0.02
20120813,4.45,4.48,4.41,4.47,4257334,18908882,605,0.03
20120814,4.47,4.54,4.41,4.43,5718599,25663128,784,-0.04
20120815,4.45,4.51,4.44,4.46,3640548,16234278,760,0.03
20120816,4.46,4.56,4.46,4.56,6609924,29974531,1357,0.1
20120817,4.6,4.7,4.57,4.65,6811729,31657254,1294,0.09
20120820,4.64,4.72,4.6,4.65,7525164,34976506,962,0.0
20120821,4.69,4.71,4.61,4.62,5055823,23585978,803,-0.03
20120822,4.63,4.64,4.56,4.56,4106930,18816974,608,-0.06
20120823,4.58,4.58,4.51,4.56,2912057,13232059,471,0.0
20120824,4.5,4.53,4.42,4.43,5260754,23429753,808,-0.13
20120827,4.43,4.45,4.38,4.4,3425267,15139626,665,-0.03
20120828,4.46,4.49,4.37,4.43,4065847,18100401,671,0.03
20120829,4.46,4.48,4.41,4.41,2170238,9628029,375,-0.02
20120830,4.41,4.45,4.38,4.4,5016610,22167159,1680,-0.01
20120831,4.4,4.45,4.39,4.45,2844061,12555965,386,0.05
20120903,4.46,4.49,4.4,4.44,3110724,13800525,467,-0.01
20120904,4.48,4.75,4.45,4.75,18363975,85798658,2703,0.31
20120905,4.7,4.71,4.55,4.56,10853005,49783394,1735,-0.19
20120906,4.55,4.6,4.46,4.46,5931292,26842721,1113,-0.1
20120907,4.6,4.63,4.52,4.52,6553893,29922820,843,0.06
20120910,4.48,4.54,4.48,4.5,5670902,25554626,805,-0.02
20120911,4.52,4.52,4.44,4.44,3741891,16716353,817,-0.06
20120912,4.46,4.5,4.35,4.36,8225872,36411247,1448,-0.08
20120913,4.36,4.46,4.36,4.4,5365088,23676024,910,0.04
20120914,4.5,4.51,4.41,4.45,7893925,35155514,1351,0.05
20120917,4.5,4.5,4.4,4.43,4035208,17888124,699,-0.02
20120918,4.43,4.43,4.35,4.36,6273641,27473539,1069,-0.07
20120919,4.36,4.51,4.36,4.48,6453379,28710002,1275,0.12
20120920,4.5,4.6,4.44,4.48,9581904,43296768,1564,0.0
20120921,4.55,4.57,4.49,4.52,7004780,31706173,1375,0.04
20120924,4.55,4.6,4.52,4.53,7215634,32848494,1022,0.01
20120925,4.55,4.56,4.47,4.48,3747511,16920212,597,-0.05
20120926,4.43,4.45,4.37,4.37,4171569,18352189,766,-0.11
20120927,4.35,4.43,4.35,4.4,3002686,13211117,592,0.03
20120928,4.4,4.43,4.36,4.4,4011274,17621071,616,0.0
20121001,4.37,4.39,4.27,4.29,5392620,23210932,809,-0.11
20121002,4.3,4.34,4.15,4.22,5387854,22836764,1010,-0.07
20121003,4.22,4.33,4.22,4.3,3685016,15795466,872,0.08
20121004,4.4,4.4,4.26,4.29,3413830,14674622,680,-0.01
20121005,4.29,4.31,4.23,4.25,3433966,14668083,600,-0.04
20121008,4.4,4.48,4.36,4.37,7323382,32305883,1294,0.12
20121009,4.37,4.43,4.31,4.36,6132658,26702035,1042,-0.01
20121011,4.3,4.32,4.23,4.23,5659729,24185744,1086,-0.13
20121012,4.23,4.27,4.12,4.14,4672191,19521497,892,-0.09
20121015,4.1,4.17,4.08,4.09,2300640,9449098,629,-0.05
20121016,4.12,4.15,4.12,4.13,2377965,9822886,475,0.04
20121017,4.2,4.23,4.16,4.18,3653516,15340546,864,0.05
20121018,4.18,4.24,4.18,4.23,2055515,8646244,646,0.05
20121019,4.2,4.23,4.17,4.17,1818177,7628355,495,-0.06
20121022,4.1,4.26,4.09,4.25,3877762,16315940,788,0.08
20121023,4.2,4.24,4.17,4.21,2639903,11108988,472,-0.04
20121024,4.16,4.21,4.14,4.2,2026721,8468918,579,-0.01
20121025,4.19,4.22,4.1,4.1,2819062,11705796,784,-0.1
20121026,4.12,4.15,3.94,3.94,8180251,32857238,1502,-0.16
20121029,3.98,4.06,3.9,3.9,8565596,33998731,1270,-0.04
20121030,3.91,4.05,3.91,3.95,2793588,11103855,655,0.05
20121031,4.0,4.0,3.93,3.94,2558195,10131623,475,-0.01
20121101,3.94,3.98,3.88,3.91,3294490,12902153,1728,-0.03
20121102,4.0,4.03,3.95,3.96,4317347,17222812,1414,0.05
20121105,3.95,3.98,3.88,3.9,3174852,12458117,1214,-0.06
20121106,3.9,3.95,3.83,3.94,5524995,21519207,2331,0.04
20121107,3.9,3.95,3.88,3.95,3836552,15028189,923,0.01
20121108,3.85,4.08,3.85,4.03,4819204,19176736,1181,0.08
20121109,4.03,4.28,3.97,4.28,7286269,30080178,1306,0.25
20121112,4.29,4.51,4.24,4.34,15493340,68359615,2564,0.06
20121113,4.31,4.32,4.14,4.14,8554069,36062397,1757,-0.2
20121114,4.15,4.2,4.11,4.11,3518220,14580955,865,-0.03
20121115,4.06,4.12,4.04,4.08,2578374,10524448,638,-0.03
20121116,4.12,4.17,4.05,4.05,3154987,12871973,960,-0.03
20121119,4.12,4.12,4.02,4.02,2456520,9950342,686,-0.03
20121120,4.1,4.11,4.0,4.0,3170375,12788948,823,-0.02
20121121,4.0,4.04,3.9,3.9,5450793,21520378,994,-0.1
20121122,3.92,3.98,3.91,3.91,2097167,8256917,463,0.01
20121123,3.97,4.05,3.95,4.03,4603408,18484052,973,0.12
20121126,4.09,4.15,4.08,4.12,4321389,17754713,821,0.09
20121127,4.12,4.25,4.12,4.22,7298731,30652474,1269,0.1
20121128,4.17,4.37,4.16,4.37,15545542,66872310,2625,0.15
20121129,4.4,4.44,4.3,4.3,12401224,54033455,2609,-0.07
20121130,4.33,4.38,4.32,4.37,8108507,35281021,1655,0.07
20121203,4.39,4.42,4.3,4.31,6081063,26481433,1183,-0.06
20121204,4.32,4.36,4.26,4.36,5559886,24001820,1176,0.05
20121205,4.37,4.66,4.36,4.66,24983935,114763472,3049,0.3
20121206,4.75,4.9,4.67,4.68,35746270,171023229,4235,0.02
20121207,4.7,4.79,4.52,4.57,15992476,74542778,2286,-0.11
20121210,4.55,4.61,4.46,4.46,9539325,43120787,1253,-0.11
20121211,4.46,4.5,4.32,4.4,7812168,34295313,1263,-0.06
20121212,4.4,4.47,4.4,4.47,4935898,21943526,1068,0.07
20121213,4.69,4.78,4.6,4.78,11625792,55314758,1648,0.31
20121214,4.82,5.08,4.78,5.01,40943775,202720035,6100,0.23
20121217,5.15,5.36,5.06,5.36,42102083,224303048,5447,0.35
20121218,5.36,5.36,5.15,5.16,26061820,136882368,3952,-0.2
20121219,5.2,5.31,5.08,5.1,14674894,75877441,2569,-0.06
20121220,5.1,5.35,5.1,5.15,17990925,93984632,2829,0.05
20121221,5.2,5.27,4.9,5.09,17656601,89543367,2897,-0.06
20121222,5.1,5.17,4.99,5.02,7193625,36354999,1295,-0.07
20121224,5.1,5.37,5.02,5.16,13810917,72435937,2148,0.14
20121225,5.17,5.26,5.1,5.17,7519122,38924037,1534,0.01
20121226,5.17,5.29,5.12,5.17,8724525,45318402,1633,0.0
20121227,5.17,5.21,5.1,5.1,6227733,32053859,1117,-0.07
20121228,5.11,5.16,5.04,5.05,9007235,45858585,1838,-0.05
20130102,5.1,5.2,5.09,5.1,10187668,52420716,2211,0.05
20130103,5.23,5.24,5.15,5.21,11372992,59003714,1926,0.11
20130104,5.21,5.25,5.12,5.13,7060016,36443095,1309,-0.08
20130107,5.15,5.2,5.13,5.16,6233060,32227885,1126,0.03
20130108,5.17,5.3,5.08,5.08,11187711,57987249,1944,-0.08
20130109,5.0,5.09,4.92,4.92,18466824,91698368,3545,-0.16
20130110,4.95,5.02,4.91,4.91,7378005,36588070,2174,-0.01
20130111,5.0,5.25,4.96,5.25,29903830,155306596,4326,0.34
20130114,5.5,5.61,5.41,5.61,51104331,283920441,5526,0.36
20130115,5.61,6.0,5.6,6.0,66746656,393119752,7717,0.39
20130116,6.1,6.26,6.08,6.08,47768681,294034292,7000,0.08
20130117,6.12,6.18,5.66,5.69,37409422,218721132,5504,-0.39
20130118,5.85,5.96,5.75,5.78,21773363,127335309,3433,0.09
20130121,5.75,5.75,5.45,5.55,20258064,113255088,2751,-0.23
20130122,5.55,5.69,5.55,5.61,10018392,56228305,1488,0.06
20130123,5.61,5.68,5.46,5.47,10852604,60158817,1844,-0.14
20130124,5.45,5.85,5.45,5.85,20375480,116916072,3474,0.38
20130125,5.85,5.92,5.66,5.67,19925512,114843416,3095,-0.18
20130128,5.74,5.95,5.72,5.8,13351337,77855691,2009,0.13
20130129,5.82,5.99,5.82,5.86,16465250,97349354,2403,0.06
20130130,5.88,5.93,5.78,5.8,11436700,66713840,1864,-0.06
20130131,5.82,5.85,5.72,5.72,8016948,46232174,1210,-0.08
20130201,5.8,6.0,5.76,5.85,19242500,113667721,3790,0.13
20130204,5.93,6.1,5.9,5.94,20950350,125211591,2559,0.09
20130205,5.89,5.96,5.86,5.88,9528318,56087930,1683,-0.06
20130206,6.05,6.07,5.91,5.92,13754110,82222086,2207,0.04
20130218,5.95,5.95,5.66,5.67,19288283,110860221,2606,-0.25
20130219,5.75,5.86,5.7,5.84,14660718,84962959,2129,0.17
20130220,5.92,5.96,5.78,5.88,15891272,93767052,3787,0.04
20130221,5.88,5.89,5.71,5.73,12955785,74709259,2966,-0.15
20130222,5.7,5.76,5.65,5.67,11641814,66324159,1881,-0.06
20130223,5.8,5.8,5.71,5.76,6648552,38215675,1045,0.09
20130225,5.8,5.84,5.71,5.71,8614644,49712568,1779,-0.05
20130226,5.65,5.69,5.51,5.56,12048996,67451995,2292,-0.15
20130227,5.6,5.69,5.53,5.56,14967972,83810818,2342,0.0
20130301,5.63,5.65,5.53,5.53,10874735,60597513,2372,-0.03
20130304,5.58,5.9,5.54,5.8,26789499,154656859,4509,0.27
20130305,5.89,6.15,5.83,6.01,42552464,255593554,6065,0.21
20130306,6.1,6.13,5.84,5.88,36126048,216916728,5374,-0.13
20130307,5.88,6.05,5.8,6.01,29751565,177387667,4190,0.13
20130308,6.01,6.19,5.95,6.05,30895600,186854465,3807,0.04
20130311,6.11,6.34,6.05,6.15,32333157,200608901,4583,0.1
20130312,6.2,6.23,6.0,6.0,17549826,107128084,2851,-0.15
20130313,6.0,6.08,5.86,5.87,18606794,110260285,2944,-0.13
20130314,5.87,5.98,5.85,5.85,10148098,60029768,1794,-0.02
20130315,5.9,5.97,5.79,5.79,22019155,128774932,2236,-0.06
20130318,5.8,5.83,5.55,5.58,20238954,114218347,2818,-0.21
20130319,5.6,5.73,5.6,5.73,9801189,55698798,2291,0.15
20130320,5.79,5.91,5.78,5.8,16298216,95207480,4235,0.07
20130321,5.79,5.84,5.69,5.7,12664521,72853308,2068,-0.1
20130322,5.68,5.75,5.63,5.69,9906056,56220792,1723,-0.01
20130325,5.8,5.84,5.73,5.73,7551491,43578925,1131,0.04
20130326,5.76,6.03,5.75,5.95,24427492,145031911,4297,0.22
20130327,5.9,6.04,5.86,5.86,14838660,88039633,2280,-0.09
20130328,5.93,5.96,5.78,5.81,7426037,43519715,1349,-0.05
20130329,5.83,6.2,5.83,6.09,35734950,217034758,4557,0.28
20130401,6.15,6.43,6.13,6.3,47248387,298223753,5606,0.21
20130402,6.36,6.5,6.04,6.09,41932646,264120403,5795,-0.21
20130403,6.09,6.5,6.09,6.46,50395983,320215799,6568,0.37
20130408,6.48,6.89,6.25,6.85,76192421,501408971,11102,0.39
20130409,6.85,6.94,6.6,6.8,47339162,321638105,7707,-0.05
20130410,6.8,6.91,6.51,6.85,38960636,262165662,7162,0.05
20130411,7.0,7.32,6.94,7.32,65897897,472878900,8957,0.47
20130412,7.34,7.8,7.25,7.6,67394591,508079549,9858,0.28
20130415,7.63,7.87,7.35,7.46,54357684,415441322,8228,-0.14
20130416,7.22,7.61,7.22,7.43,38586894,287325453,5930,-0.03
20130417,7.6,7.67,7.5,7.64,33719588,256106590,5026,0.21
20130418,7.45,8.15,7.45,8.0,48839640,381349048,7961,0.36
20130419,8.05,8.47,8.05,8.38,55006332,458572031,9005,0.38
20130422,8.55,8.96,8.55,8.96,64498175,572657860,7850,0.58
20130423,9.18,9.58,8.42,8.7,124646912,1128768809,18376,-0.26
20130424,8.94,9.25,8.25,8.48,92811482,812842695,14588,-0.22
20130425,8.3,8.92,8.3,8.89,70971317,614810460,12350,0.41
20130426,8.94,9.1,8.5,8.53,76978631,674640896,11969,-0.36
20130429,8.43,8.43,8.1,8.2,58498651,482468699,8367,-0.33
20130430,8.38,8.44,8.11,8.2,39222898,324329221,7450,0.0
20130502,8.35,8.49,8.25,8.33,30702591,257088761,5648,0.13
20130503,8.39,8.45,8.18,8.21,22232236,184335936,4113,-0.12
20130506,8.25,8.34,8.16,8.19,22851524,187804494,4312,-0.02
20130507,8.23,8.72,8.21,8.6,57227073,489849729,9585,0.41
20130508,8.64,8.9,8.22,8.6,51412146,440849395,9188,0.0
20130509,8.6,8.6,8.25,8.31,34402790,288239844,6784,-0.29
20130510,8.44,8.47,8.23,8.27,21156951,175816578,3881,-0.04
20130513,8.27,8.5,8.27,8.45,22808576,191402583,4131,0.18
20130514,8.45,8.7,8.36,8.54,37610643,322044918,6128,0.09
20130515,8.55,8.67,8.38,8.61,32432562,276812516,5435,0.07
20130516,8.71,8.78,8.54,8.6,38936362,335783112,6020,-0.01
20130517,8.65,8.69,8.45,8.45,26090648,223312766,4466,-0.15
20130520,8.45,8.5,8.25,8.28,27424775,228995427,4955,-0.17
20130521,8.28,8.65,8.28,8.53,37220306,316443568,5962,0.25
20130522,8.53,9.12,8.53,9.12,82523473,734742895,11082,0.59
20130523,9.1,9.1,8.65,8.73,77934736,689960259,11064,-0.39
20130524,8.89,9.03,8.66,8.75,52101627,461901036,7571,0.02
20130527,8.76,9.36,8.76,9.36,90074652,824717963,12494,0.61
20130528,9.43,9.81,9.43,9.76,101182348,975226847,14683,0.4
20130529,9.83,10.1,9.45,9.82,95673100,936166643,14215,0.06
20130530,9.66,9.96,9.54,9.59,66267943,642621382,10285,-0.23
20130531,9.74,9.88,9.46,9.5,63574673,616809285,9931,-0.09
20130603,9.43,9.95,9.43,9.81,62690069,612807014,9398,0.31
20130604,9.83,9.85,9.4,9.43,57318788,549567568,9247,-0.38
20130605,9.45,9.59,9.39,9.39,27779523,262720140,5343,-0.04
20130606,9.36,9.47,9.15,9.16,30388139,281191024,5377,-0.23
20130607,9.2,9.38,8.56,8.61,56161793,500019917,9533,-0.55
20130610,8.83,8.92,8.7,8.8,29369702,258632718,5403,0.19
20130611,8.88,9.07,8.81,8.93,23108211,206367111,4235,0.13
20130613,8.73,8.8,8.32,8.33,37006592,314265189,6341,-0.6
20130614,8.53,8.62,8.36,8.4,24267402,205832449,4749,0.07
20130617,8.42,8.98,8.42,8.98,41194049,363200366,6387,0.58
20130618,8.97,9.15,8.84,8.85,37611827,337956356,7287,-0.13
20130619,9.1,9.39,9.05,9.39,53825522,497619277,9520,0.54
20130620,9.0,9.12,8.86,8.88,40429536,362642144,8508,-0.51
20130621,8.31,8.87,8.31,8.78,33409712,288156067,5795,-0.1
20130624,8.8,9.13,8.8,8.87,21336686,191304992,5120,0.09
20130625,8.9,8.94,8.51,8.54,22440871,194018939,4435,-0.33
20130626,8.8,8.93,8.56,8.61,27423840,238119386,4745,0.07
20130627,8.8,8.85,8.61,8.63,20056936,174541667,3778,0.02
20130628,8.66,8.76,8.47,8.48,25436755,217563705,4563,-0.15
20130701,8.56,8.9,8.53,8.83,25328623,222730712,4765,0.35
20130702,8.8,8.95,8.74,8.75,20960762,185158870,3931,-0.08
20130703,8.82,8.89,8.71,8.81,16873779,148313885,3205,0.06
20130704,8.81,8.81,8.2,8.23,48642407,408328109,8347,-0.58
20130705,8.32,8.39,7.86,8.08,31682773,257042348,5761,-0.15
20130708,8.1,8.1,7.8,7.81,23602597,186390568,4453,-0.27
20130709,7.97,7.97,7.55,7.65,21392369,165219677,4324,-0.16
20130710,7.66,7.66,7.21,7.24,35753562,264360503,6572,-0.41
20130711,7.2,7.68,7.2,7.64,26850588,201554004,5249,0.4
20130712,7.63,7.63,7.35,7.39,20455000,152478950,4088,-0.25
20130715,7.31,7.58,7.31,7.52,11399504,85350939,2243,0.13
20130716,7.6,7.9,7.54,7.76,19798202,152776956,5216,0.24
20130717,7.79,7.93,7.6,7.6,17245839,133510807,3376,-0.16
20130718,7.7,7.73,7.41,7.44,14609825,109896394,2925,-0.16
20130719,7.42,7.52,7.33,7.4,10262223,76074061,2250,-0.04
20130722,7.46,7.51,7.36,7.36,13606657,100706571,2474,-0.04
20130723,7.4,7.46,7.21,7.25,19512673,142732855,4341,-0.11
20130724,7.3,7.33,7.22,7.28,11573231,84215823,2166,0.03
20130725,7.21,7.25,6.85,6.9,35394257,247556517,7476,-0.38
20130726,6.95,7.17,6.95,7.06,20646614,146177863,4245,0.16
20130729,7.06,7.06,6.61,6.78,15268021,103890319,2815,-0.28
20130730,6.78,6.97,6.78,6.95,16004340,110098215,4991,0.17
20130731,6.95,6.95,6.6,6.63,22712629,151819244,4030,-0.32
20130801,6.65,6.78,6.65,6.73,11601627,77879247,2360,0.1
20130802,6.86,6.88,6.57,6.63,14277500,95866970,2850,-0.1
20130805,6.82,7.09,6.72,7.09,22370175,155881216,4215,0.46
20130806,7.11,7.34,7.11,7.18,34273633,247838214,5947,0.09
20130807,7.1,7.11,6.86,6.86,24829558,172798791,4571,-0.32
20130808,6.86,6.86,6.6,6.71,14348089,96698952,3011,-0.15
20130809,6.75,6.82,6.71,6.73,7370645,49711410,1513,0.02
20130812,6.79,7.02,6.76,6.93,12072288,83570334,2700,0.2
20130813,6.98,7.03,6.86,6.92,11076332,76881744,2567,-0.01
20130814,7.25,7.26,7.07,7.11,20748315,148676836,3960,0.19
20130815,6.95,7.12,6.92,7.01,10871456,76513875,2120,-0.1
20130816,7.0,7.09,6.95,6.99,8367116,58581163,2109,-0.02
20130819,6.99,7.08,6.97,6.99,5843495,40930052,2169,0.0
20130820,6.95,7.07,6.76,6.78,10407617,71912118,2011,-0.21
20130822,6.58,6.9,6.58,6.81,7076554,48070768,1430,0.03
20130823,6.9,7.01,6.89,6.99,8626131,60114434,3659,0.18
20130826,7.03,7.04,6.9,6.91,8009556,55788486,2334,-0.08
20130827,6.91,6.95,6.8,6.82,6506138,44717801,1178,-0.09
20130828,6.74,6.81,6.7,6.74,9040918,60988538,1908,-0.08
20130829,6.8,6.85,6.76,6.84,5830965,39697394,1202,0.1
20130830,6.87,6.93,6.87,6.89,6448066,44468430,2295,0.05
20130902,6.91,7.09,6.91,7.02,8502352,59431576,1489,0.13
20130903,7.1,7.1,6.96,7.01,8741165,61429783,1429,-0.01
20130904,7.05,7.08,6.93,6.94,7365765,51412987,3449,-0.07
20130905,7.42,7.42,7.33,7.42,58842447,436127609,6721,0.48
20130906,7.48,7.78,7.45,7.55,57051719,432973871,7790,0.13
20130909,7.55,7.56,7.29,7.3,26977451,199031016,3938,-0.25
20130910,7.43,7.45,7.23,7.25,15697276,115205261,2104,-0.05
20130911,7.3,7.65,7.3,7.56,34082733,255732631,4856,0.31
20130912,7.6,7.94,7.56,7.87,43462444,338241513,5884,0.31
20130913,7.93,8.05,7.71,7.82,26311312,207282186,4526,-0.05
20130914,7.85,7.94,7.8,7.89,14898105,117297238,2184,0.07
20130916,8.04,8.44,8.03,8.44,56545833,469424678,8398,0.55
20130917,8.42,8.44,8.28,8.28,25488672,212942756,4271,-0.16
20130918,8.3,8.38,8.16,8.23,19636468,161851846,3103,-0.05
20130923,8.3,8.35,8.09,8.14,19637553,160130348,3447,-0.09
20130924,8.11,8.19,8.0,8.07,24998790,201705443,3762,-0.07
20130925,8.03,8.07,7.95,7.98,22043716,176196468,4818,-0.09
20130926,8.05,8.11,7.92,7.93,19207228,153463733,4513,-0.05
20130927,7.95,8.06,7.95,8.01,11711386,93876898,2273,0.08
20130930,8.01,8.05,7.97,8.0,8794751,70464721,1558,-0.01
20131001,8.0,8.39,8.0,8.28,21037218,173364807,3967,0.28
20131002,8.35,8.62,8.26,8.53,41547700,350118011,6982,0.25
20131003,8.53,8.57,8.42,8.45,30815145,261368558,5255,-0.08
20131004,8.45,8.52,8.36,8.37,12642233,106636824,2387,-0.08
20131007,8.4,8.48,8.31,8.36,11988367,100627443,2125,-0.01
20131008,8.24,8.24,8.0,8.05,24338403,197011104,4081,-0.31
20131009,7.98,8.02,7.82,7.85,18986828,150396489,3381,-0.2
20131011,8.03,8.05,7.86,7.86,14001825,111377766,2428,0.01
20131014,7.84,7.84,7.48,7.53,19865273,151115421,3719,-0.33
20131015,7.6,7.92,7.6,7.88,12816704,99931919,2922,0.35
20131016,7.88,7.95,7.74,7.87,10610235,83078562,1974,-0.01
20131017,7.92,7.97,7.8,7.8,6490911,51086884,1451,-0.07
20131018,7.82,7.92,7.77,7.87,7632589,59930718,2433,0.07
20131021,8.0,8.18,7.94,7.94,16416697,132407650,4177,0.07
20131022,7.88,7.99,7.86,7.9,5842110,46340690,2441,-0.04
20131023,7.9,8.0,7.73,7.73,10028519,78576488,1864,-0.17
20131024,7.75,7.85,7.75,7.8,8065857,62843891,1756,0.07
20131025,7.76,7.76,7.48,7.5,30637823,231643237,5176,-0.3
20131028,7.53,7.57,7.47,7.47,9317825,70012867,1763,-0.03
20131029,7.47,7.55,7.43,7.43,8678487,64993951,1789,-0.04
20131030,7.63,7.65,7.56,7.56,9828321,74644051,2105,0.13
20131031,7.58,7.62,7.45,7.45,8148018,61500138,1387,-0.11
20131101,7.5,7.53,7.26,7.26,15608620,114365003,2730,-0.19
20131104,7.26,7.31,6.99,7.04,20185955,142877600,3253,-0.22
20131105,7.07,7.17,7.04,7.12,10344113,73551496,2168,0.08
20131106,7.18,7.18,6.91,7.0,11196052,78633534,2071,-0.12
20131107,7.15,7.35,7.08,7.27,16279572,118359240,3328,0.27
20131108,7.25,7.25,7.1,7.12,8092015,57858659,1413,-0.15
20131111,7.18,7.21,6.99,7.0,9824327,69443373,1742,-0.12
20131112,7.1,7.13,6.96,7.04,5911454,41540308,1333,0.04
20131113,7.05,7.1,7.01,7.02,4833777,34035027,898,-0.02
20131114,7.04,7.1,7.0,7.1,6334360,44670310,1152,0.08
20131115,7.14,7.16,7.05,7.05,6984631,49652363,1321,-0.05
20131118,7.11,7.17,7.08,7.11,7317028,52104059,1292,0.06
20131119,7.2,7.31,7.09,7.19,13877219,99710902,2205,0.08
20131120,7.2,7.25,7.17,7.21,7956857,57349341,1726,0.02
20131121,7.22,7.22,7.12,7.17,6915401,49643364,1178,-0.04
20131122,7.2,7.3,7.2,7.26,9419947,68349394,1686,0.09
20131125,7.3,7.35,7.2,7.22,6394549,46499159,1411,-0.04
20131126,7.22,7.31,7.21,7.26,10376789,75445068,2545,0.04
20131127,7.26,7.29,7.2,7.2,8309650,60101378,1452,-0.06
20131128,7.23,7.46,7.23,7.32,15330912,112624182,2593,0.12
20131129,7.35,7.4,7.3,7.31,9606418,70426380,1309,-0.01
20131202,7.35,7.37,7.25,7.25,6712328,48999741,1177,-0.06
20131203,7.25,7.33,7.24,7.3,5664547,41278824,886,0.05
20131204,7.27,7.32,7.21,7.23,5133370,37291173,1004,-0.07
20131205,7.23,7.29,7.16,7.16,7703840,55543492,1269,-0.07
20131206,7.16,7.22,7.13,7.13,7998233,57309825,1269,-0.03
20131209,7.2,7.28,7.1,7.11,7267604,52183087,1467,-0.02
20131210,7.1,7.3,7.1,7.26,11962048,86233339,1821,0.15
20131211,7.26,7.28,7.17,7.25,10511363,75893591,1448,-0.01
20131212,7.28,7.3,7.15,7.15,13158361,95042548,1821,-0.1
20131213,7.11,7.17,7.07,7.15,11666502,83091634,1640,0.0
20131216,7.3,7.65,7.29,7.65,54765811,411829108,8717,0.5
20131217,7.8,7.89,7.55,7.66,35873522,277326709,6100,0.01
20131218,7.71,7.76,7.57,7.58,14013179,107067039,2905,-0.08
20131219,7.58,7.65,7.35,7.4,20795543,154723804,3657,-0.18
20131220,7.43,7.62,7.41,7.42,15834859,118631767,2832,0.02
20131223,7.5,7.53,7.42,7.42,8012740,59920503,1597,0.0
20131224,7.51,7.51,7.43,7.43,6006341,44769751,1368,0.01
20131225,7.45,7.52,7.43,7.44,7103371,53087232,1333,0.01
20131226,7.46,7.46,7.39,7.41,7979918,59229893,1888,-0.03
20131227,7.41,7.46,7.4,7.41,8188918,60789033,1912,0.0
20131230,7.43,7.71,7.43,7.7,21396262,161902109,3958,0.29
20131231,7.85,8.15,7.85,8.0,62043399,495975795,9662,0.3
20140102,8.1,8.15,8.02,8.14,31720753,256240255,5735,0.14
20140103,8.14,8.26,8.06,8.21,28795010,234828538,5239,0.07
20140106,8.29,8.5,8.26,8.33,34266066,286840717,6240,0.12
20140107,8.4,8.45,8.21,8.21,25171274,209395287,4605,-0.12
20140108,8.28,8.4,8.2,8.22,30302156,251560067,4647,0.01
20140109,8.27,8.36,8.06,8.1,25851197,212308335,4670,-0.12
20140110,8.13,8.18,7.98,8.11,23409792,189015429,3879,0.01
20140113,8.2,8.28,8.11,8.11,13980049,114234766,2550,0.0
20140114,8.02,8.11,8.02,8.03,10823266,87165758,2094,-0.08
20140115,8.14,8.25,8.02,8.15,17174334,139505343,2772,0.12
20140116,8.17,8.35,8.09,8.11,39969550,329229925,5668,-0.04
20140117,8.11,8.11,7.71,7.77,46164329,363434145,7621,-0.34
20140120,7.75,7.82,7.71,7.73,15106440,117210254,2582,-0.04
20140121,7.75,7.77,7.52,7.56,23799109,181227479,4106,-0.17
20140122,7.56,7.67,7.56,7.63,11500025,87788595,2557,0.07
20140123,7.63,7.69,7.63,7.64,8401097,64362523,1751,0.01
20140124,7.64,7.66,7.54,7.56,7900377,59967703,1939,-0.08
20140127,7.55,7.55,7.35,7.4,16300041,121338261,3253,-0.16
20140205,7.35,7.74,7.35,7.71,20462417,155927823,4914,0.31
20140206,7.94,8.23,7.88,8.14,53340143,432870468,9685,0.43
20140207,8.15,8.23,8.02,8.03,37375151,303352238,6006,-0.11
20140210,8.16,8.3,8.08,8.1,29881489,245025812,5560,0.07
20140211,8.23,8.3,8.15,8.21,29311386,241643075,4671,0.11
20140212,8.28,8.34,8.21,8.21,24314156,201257940,4700,0.0
20140213,8.26,8.32,8.18,8.28,19199012,158434242,3355,0.07
20140214,8.34,8.35,8.1,8.1,24567089,201948918,4528,-0.18
20140217,8.15,8.16,7.94,8.09,15170165,122209943,3533,-0.01
20140218,8.13,8.15,8.07,8.09,8550673,69280684,2244,0.0
20140219,8.13,8.2,8.08,8.15,11145158,90815108,2548,0.06
20140220,8.19,8.26,8.15,8.16,17991831,147850967,3422,0.01
20140221,8.25,8.27,8.16,8.23,13837372,113747628,2353,0.07
20140224,8.31,8.38,8.25,8.26,18806837,156423177,3386,0.03
20140225,8.3,8.34,8.2,8.22,13913712,115218075,2871,-0.04
20140226,8.25,8.31,8.22,8.3,11907283,98479743,1935,0.08
20140227,8.32,8.78,8.31,8.65,81004873,696730602,9380,0.35
20140303,8.58,8.58,8.36,8.37,24094524,203413705,4933,-0.28
20140304,8.35,8.43,8.18,8.24,16482823,136402757,3398,-0.13
20140305,8.4,8.4,8.24,8.36,12793140,106574683,2342,0.12
20140306,8.4,8.4,8.27,8.28,9048947,75128190,2146,-0.08
20140307,8.3,8.5,8.26,8.3,21606645,180817628,4003,0.02
20140310,8.31,8.37,8.27,8.32,8997077,74768943,1644,0.02
20140311,8.32,8.37,8.29,8.31,5912374,49171556,1302,-0.01
20140312,8.31,8.34,8.23,8.23,8065448,66541469,1695,-0.08
20140313,8.24,8.33,8.19,8.2,12064148,99538106,2177,-0.03
20140314,8.15,8.19,8.06,8.1,10585298,85898108,2488,-0.1
20140317,8.1,8.1,7.99,8.01,10701739,85922683,2212,-0.09
20140318,8.02,8.1,8.02,8.07,5515398,44459873,1465,0.06
20140319,8.1,8.13,8.02,8.03,5516461,44458408,1290,-0.04
20140320,8.0,8.0,7.8,7.83,12870665,101530458,2614,-0.2
20140321,7.83,7.93,7.72,7.73,12419080,96750721,2291,-0.1
20140324,7.73,7.75,7.4,7.72,11110676,84301053,2275,-0.01
20140325,7.7,7.81,7.7,7.78,5104583,39652261,1325,0.06
20140326,7.85,7.97,7.81,7.97,8343258,65880612,2639,0.19
20140327,8.0,8.13,7.94,7.94,15443887,124261918,3611,-0.03
20140328,7.94,8.01,7.75,7.76,8098062,63527521,1741,-0.18
20140331,7.92,7.96,7.82,7.96,6282775,49699011,2986,0.2
20140401,8.0,8.09,8.0,8.0,8249180,66348189,2017,0.04
20140402,8.08,8.08,7.94,7.99,8062363,64540893,2842,-0.01
20140403,8.01,8.03,7.93,7.93,6485860,51734597,2359,-0.06
20140407,8.05,8.14,7.93,8.07,10083821,81287067,1837,0.14
20140408,8.08,8.13,8.01,8.04,5557904,44777532,1133,-0.03
20140409,8.08,8.12,8.05,8.06,6405263,51731034,1496,0.02
20140410,8.12,8.12,7.97,7.98,8639190,69394063,2935,-0.08
20140411,7.9,7.96,7.85,7.88,9925989,78344146,2705,-0.1
20140414,7.88,7.96,7.84,7.84,5761289,45410597,1274,-0.04
20140415,7.94,7.94,7.81,7.89,5658672,44462856,1504,0.05
20140416,7.9,7.99,7.85,7.93,7624388,60527159,1706,0.04
20140417,7.97,8.38,7.97,8.22,39650290,326197679,6328,0.29
20140418,8.4,8.41,8.16,8.16,23319400,192605543,3609,-0.06
20140421,8.16,8.4,8.16,8.38,26674598,222072783,4022,0.22
20140422,8.5,8.59,8.23,8.29,34331054,290025318,6320,-0.09
20140423,8.4,8.49,8.32,8.38,25015098,210161768,4396,0.09
20140424,8.39,8.78,8.39,8.5,48333144,414876479,7589,0.12
20140425,8.5,8.59,8.04,8.5,30680784,253805063,5101,0.0
20140428,8.1,8.4,8.08,8.11,34040109,279624999,5820,-0.39
20140429,8.25,8.5,8.2,8.48,47558402,398549092,7094,0.37
20140430,8.8,9.07,8.8,9.07,108876633,981928854,12089,0.59
20140502,9.1,9.48,9.1,9.39,112601152,1049096754,15064,0.32
20140505,9.63,10.0,9.5,9.96,84634418,832515165,15292,0.57
20140506,10.05,10.2,9.8,9.85,83354305,831482183,13860,-0.11
20140507,9.97,10.3,9.97,10.2,72317279,733884818,12361,0.35
20140508,10.3,10.5,10.05,10.2,67265112,693461299,9966,0.0
20140509,10.25,10.3,9.89,9.91,48544367,484910281,10151,-0.29
20140512,10.0,10.25,9.96,9.96,31550337,316777963,5789,0.05
20140513,10.15,10.25,9.94,9.99,31502901,316641359,5499,0.03
20140514,10.15,10.15,9.83,9.85,32143374,318491050,6251,-0.14
20140515,9.95,10.2,9.89,10.15,40696421,409576086,7850,0.3
20140516,10.15,10.2,10.0,10.0,24687611,248948469,3762,-0.15
20140519,10.05,10.3,10.0,10.05,23525182,239038920,4140,0.05
20140520,10.15,10.2,9.95,9.99,17718859,177660532,3441,-0.06
20140521,9.99,10.05,9.92,9.95,15090190,150396636,3456,-0.04
20140522,10.0,10.2,9.97,10.1,35841739,361957778,5641,0.15
20140523,10.2,10.25,10.1,10.1,34497650,350954349,5910,0.0
20140526,10.2,10.8,10.2,10.8,70193220,747426339,7663,0.7
20140527,10.9,11.5,10.9,10.9,105792283,1174228492,15617,0.1
20140528,11.0,11.15,10.6,10.75,55493999,603503710,9068,-0.15
20140529,11.0,11.5,10.85,11.5,90099909,1015827349,14696,0.75
20140530,11.5,12.0,11.35,11.4,129119030,1509443500,20497,-0.1
20140603,11.6,11.7,11.05,11.45,46940169,534025248,8362,0.05
20140604,11.6,11.6,11.3,11.3,43404224,496572897,7476,-0.15
20140605,11.4,11.75,11.3,11.5,49969191,578491250,8134,0.2
20140606,11.75,12.2,11.5,11.55,74159604,880454589,12848,0.05
20140609,11.6,11.75,11.25,11.25,51483805,587913228,8231,-0.3
20140610,11.35,11.45,10.8,11.0,44147868,489220298,8424,-0.25
20140611,11.1,11.3,11.0,11.1,30501564,339853754,4909,0.1
20140612,11.35,11.45,11.15,11.2,35459622,401943330,5630,0.1
20140613,11.15,11.3,11.05,11.15,21402128,238605052,3486,-0.05
20140616,11.25,11.85,11.1,11.8,73836180,853173622,10223,0.65
20140617,12.0,12.2,11.5,11.7,88001869,1052252845,14778,-0.1
20140618,11.95,12.35,11.75,11.95,70286492,846925006,12969,0.25
20140619,12.1,12.2,11.85,11.9,30565462,366263772,6040,-0.05
20140620,12.0,12.1,11.8,11.8,20019427,237919991,3801,-0.1
20140623,12.0,12.1,11.6,11.75,40263827,478821894,6308,-0.05
20140624,11.85,11.9,11.6,11.7,25151625,295436238,4506,-0.05
20140625,11.7,11.8,11.5,11.5,21811129,253707999,3815,-0.2
20140626,11.55,11.7,11.55,11.65,22751411,264889248,4124,0.15
20140627,11.7,11.75,11.5,11.55,15735273,182598129,2970,-0.1
20140630,11.7,12.1,11.7,12.0,45330797,540808282,6948,0.45
20140701,12.05,12.1,11.7,11.85,39270209,468006941,5430,-0.15
20140702,12.05,12.65,12.0,12.3,98734287,1220119310,14036,0.45
20140703,12.3,12.75,12.15,12.6,67936800,847644059,11101,0.3
20140704,12.7,12.75,12.3,12.35,36006710,449146855,5896,-0.25
20140707,12.35,12.7,12.2,12.55,29715377,370204901,5119,0.2
20140708,12.65,12.75,12.4,12.4,39260498,493281675,5746,-0.15
20140709,12.3,12.4,12.05,12.1,28708770,349965913,4702,-0.3
20140710,12.15,12.4,12.15,12.2,25259261,309362690,3999,0.1
20140711,12.2,12.2,11.4,11.55,47620817,558106578,9102,-0.65
20140714,11.65,11.8,11.55,11.7,18227594,213059636,3594,0.15
20140715,11.9,12.1,11.85,11.85,17880223,213800719,4566,0.15
20140716,11.85,11.9,11.6,11.7,13341565,156299699,3019,-0.15
20140717,11.7,11.85,11.5,11.6,14667774,170651268,2886,-0.1
20140718,11.3,11.55,11.25,11.4,13520853,154331815,2933,-0.2
20140721,11.5,11.6,11.25,11.25,15077173,171569221,3112,-0.15
20140722,11.35,11.85,11.35,11.7,31195831,364061391,5796,0.45
20140724,11.75,11.9,11.65,11.7,15861029,186745767,3086,0.0
20140725,11.8,11.85,11.55,11.55,12260488,142391873,2298,-0.15
20140728,11.55,11.7,11.5,11.55,6767667,78439809,1530,0.0
20140729,11.65,11.7,11.0,11.05,34664339,388677179,6176,-0.5
20140730,11.1,11.25,10.9,11.1,17603785,194444499,3693,0.05
20140731,11.15,11.25,10.8,10.95,21451136,235181285,3891,-0.15
20140801,10.35,10.85,10.3,10.75,17233306,182605607,3315,-0.2
20140804,11.1,11.2,10.9,11.15,18354905,203039175,3540,0.4
20140805,11.15,11.2,10.8,10.8,16291874,178815231,3735,-0.35
20140806,10.8,10.95,10.35,10.6,16186680,171388910,3513,-0.2
20140807,10.7,10.75,10.0,10.2,28942752,297936296,5438,-0.4
20140808,10.0,10.0,9.5,9.65,37870175,366500515,7876,-0.55
20140811,9.85,10.25,9.85,10.25,25676981,258547332,5053,0.6
20140812,10.35,10.4,10.05,10.05,18370765,187683600,4111,-0.2
20140813,10.1,10.25,10.05,10.15,10634589,108198982,2266,0.1
20140814,10.35,10.45,10.2,10.3,20052590,207525964,3906,0.15
20140815,10.6,10.75,10.5,10.6,24735591,262692656,4946,0.3
20140818,10.75,10.75,10.4,10.45,12929507,135929461,2807,-0.15
20140819,10.6,10.9,10.6,10.65,17012871,182479653,3745,0.2
20140820,10.75,10.75,10.45,10.6,13356134,140860546,3007,-0.05
20140821,10.6,10.8,10.4,10.45,14758668,156090240,3053,-0.15
20140822,10.5,10.6,10.4,10.5,17375019,182725581,3352,0.05
20140825,10.5,10.65,10.45,10.55,13861327,146152633,2974,0.05
20140826,10.6,10.6,10.4,10.4,10807610,113103598,2568,-0.15
20140827,10.4,10.65,10.4,10.55,14593988,153531806,3430,0.15
20140828,10.6,10.6,10.4,10.4,11080766,116004150,1869,-0.15
20140829,10.25,10.25,9.7,10.15,29736018,297421411,5929,-0.25
20140901,10.15,10.15,9.96,9.96,15054672,151074392,3095,-0.19
20140902,9.96,10.0,9.92,9.92,10484508,104554773,2461,-0.04
20140903,9.93,9.99,9.6,9.71,20706269,201797751,4422,-0.21
20140904,9.71,9.99,9.71,9.82,9450602,93390187,2463,0.11
20140905,9.95,9.98,9.85,9.95,5198187,51456436,1308,0.13
20140909,9.86,10.0,9.83,9.83,6460237,63982939,1534,-0.12
20140910,9.83,9.9,9.71,9.77,7976217,77882329,2043,-0.06
20140911,9.8,9.83,9.72,9.78,5420084,53061542,1393,0.01
20140912,9.75,9.81,9.47,9.51,15438008,147628596,3559,-0.27
20140915,9.5,9.5,9.2,9.2,14649704,136051967,3122,-0.31
20140916,9.2,9.2,8.94,9.1,16449628,148531675,3451,-0.1
20140917,9.24,9.37,9.22,9.26,9694342,90279910,2844,0.16
20140918,9.35,9.36,9.25,9.3,5030505,46853806,1345,0.04
20140919,9.36,9.42,9.29,9.33,6363362,59518115,1467,0.03
20140922,9.2,9.25,9.05,9.06,7882916,71840282,1872,-0.27
20140923,9.02,9.09,8.93,9.04,5436790,49084910,1395,-0.02
20140924,9.08,9.18,9.06,9.16,4543845,41493425,1809,0.12
20140925,9.26,9.38,9.0,9.02,7225354,66174266,2082,-0.14
20140926,8.95,9.16,8.95,9.11,5715711,51982719,1722,0.09
20140929,9.25,9.26,9.04,9.04,4920003,44953062,1412,-0.07
20140930,9.05,9.36,8.93,9.13,13947557,126974375,3628,0.09
20141001,9.1,9.16,9.03,9.12,10635616,96616410,1989,-0.01
20141002,9.2,9.54,9.17,9.4,29240825,274015716,6397,0.28
20141003,9.39,9.43,9.33,9.35,10050000,94240685,2368,-0.05
20141006,9.3,9.3,9.1,9.11,15861398,145589795,3185,-0.24
20141007,9.0,9.06,8.95,9.0,10026530,90340536,2424,-0.11
20141008,8.95,9.1,8.95,8.98,8820795,79451141,1530,-0.02
20141009,9.05,9.09,8.81,8.81,8436546,75309147,2303,-0.17
20141013,8.4,8.58,8.2,8.2,15495458,129592574,3207,-0.61
20141014,8.22,8.39,8.22,8.27,8578780,71206624,2415,0.07
20141015,8.28,8.42,8.18,8.18,9315706,77089768,2665,-0.09
20141016,8.15,8.4,7.81,8.19,13667088,110614536,3166,0.01
20141017,8.34,8.35,7.97,8.01,7943461,64460138,2180,-0.18
20141020,8.21,8.25,8.11,8.17,7423817,60669176,2465,0.16
20141021,8.17,8.22,8.06,8.06,5570430,45293918,1460,-0.11
20141022,8.23,8.34,8.15,8.3,10894819,89979420,2370,0.24
20141023,8.29,8.34,8.22,8.33,5024279,41642687,1335,0.03
20141024,8.37,8.4,8.2,8.26,9145611,75832599,1880,-0.07
20141027,8.46,8.5,8.29,8.32,14719492,123393228,2659,0.06
20141028,8.5,8.9,8.5,8.9,28047986,247276930,4415,0.58
20141029,9.28,9.52,9.26,9.52,43424519,410182929,7839,0.62
20141030,9.5,9.5,9.2,9.25,32874575,306070056,7605,-0.27
20141031,9.27,9.85,9.26,9.73,42735998,405286196,8465,0.48
20141103,9.65,9.77,9.36,9.38,37744802,361188337,8068,-0.35
20141104,9.45,9.6,9.36,9.39,29660353,280629217,5444,0.01
20141105,9.44,9.5,9.09,9.11,36999438,341376848,7460,-0.28
20141106,9.17,9.25,8.82,8.82,34317284,308838223,6959,-0.29
20141107,8.8,8.99,8.6,8.75,40631594,356051624,7851,-0.07
20141110,8.8,8.87,8.76,8.76,19254260,169543483,4091,0.01
20141111,8.88,8.88,8.68,8.69,14736612,128747286,3380,-0.07
20141112,8.7,9.22,8.66,8.95,37856477,341231097,7976,0.26
20141113,9.02,9.2,8.86,8.89,23900023,214978991,4957,-0.06
20141114,8.9,9.11,8.9,9.02,22928874,206942444,4605,0.13
20141117,9.15,9.15,8.87,8.87,16691190,149770333,3915,-0.15
20141118,8.87,8.87,8.25,8.38,40006882,341297293,7692,-0.49
20141119,8.41,8.72,8.41,8.56,21123122,181431676,4538,0.18
20141120,8.68,8.91,8.57,8.91,22845573,199943895,4271,0.35
20141121,8.9,9.2,8.9,9.09,37066168,336594890,6968,0.18
20141124,9.72,9.72,9.51,9.62,85862660,830589368,11622,0.53
20141125,9.55,9.71,9.52,9.58,37364547,358318478,6146,-0.04
20141126,9.61,9.66,9.44,9.46,49651524,475230939,7978,-0.12
20141127,9.56,9.7,9.56,9.57,42239215,406846312,6949,0.11
20141128,9.66,9.68,9.44,9.46,25579639,243804895,4757,-0.11
20141201,8.8,9.4,8.8,9.31,27663663,254735075,5118,-0.15
20141202,9.3,9.35,9.2,9.24,18313290,169432617,3621,-0.07
20141203,9.29,9.47,9.29,9.32,24014330,225527621,4515,0.08
20141204,9.45,9.56,9.35,9.41,33319762,315635547,5416,0.09
20141205,9.41,9.5,9.35,9.36,16912475,158973081,2980,-0.05
20141208,9.45,9.49,9.32,9.32,10472397,98279294,2182,-0.04
20141209,9.32,9.33,9.14,9.14,15982638,146912832,3215,-0.18
20141210,9.29,9.48,9.19,9.38,29812164,279599716,5891,0.24
20141211,9.38,9.96,9.37,9.83,89942023,876358979,15256,0.45
20141212,9.83,9.83,9.6,9.61,48987621,475017120,8158,-0.22
20141215,9.46,9.55,9.42,9.52,20397719,193312690,3729,-0.09
20141216,9.46,9.58,9.44,9.45,19004724,180575933,3726,-0.07
20141217,9.47,9.6,9.39,9.45,19818635,187966991,4274,0.0
20141218,9.52,9.61,9.4,9.4,17866039,169715838,3774,-0.05
20141219,9.5,9.58,9.23,9.29,20471173,192261769,4118,-0.11
20141222,9.35,9.57,9.35,9.55,21873035,208032197,4059,0.26
20141223,9.67,9.75,9.55,9.55,26676567,257183748,4751,0.0
20141224,9.58,9.82,9.55,9.77,38870745,376950378,6090,0.22
20141225,9.82,10.1,9.78,9.82,86586822,862100514,12445,0.05
20141226,9.92,10.0,9.83,9.87,32826254,325035202,5604,0.05
20141227,9.9,9.95,9.85,9.93,16712446,165345057,2690,0.06
20141229,10.3,10.6,10.3,10.6,80997169,854451562,8740,0.67
20141230,10.85,11.2,10.8,10.9,167259709,1830136757,21492,0.3
20141231,11.0,11.0,10.7,10.85,58642663,634526315,8230,-0.05
20150105,10.85,11.4,10.7,11.25,101052012,1122592165,13814,0.4
20150106,11.05,11.15,10.7,10.75,64541519,705934130,10425,-0.5
20150107,10.7,10.8,10.45,10.65,52755898,561853349,8418,-0.1
20150108,10.8,11.0,10.75,10.9,39775317,432173432,6443,0.25
20150109,11.1,11.3,10.8,10.8,77158966,858190554,11118,-0.1
20150112,10.8,10.85,10.65,10.65,31666472,340230684,5077,-0.15
20150113,10.55,10.6,10.35,10.4,34973486,365423748,6939,-0.25
20150114,10.25,10.35,10.0,10.35,52515101,534884624,9207,-0.05
20150115,10.4,10.7,10.3,10.65,54500660,573748453,9432,0.3
20150116,10.55,10.55,10.2,10.25,32506168,337104000,5880,-0.4
20150119,10.25,10.25,9.81,9.86,50253585,502873388,8837,-0.39
20150120,9.82,10.2,9.82,10.05,33655479,337800918,5836,0.19
20150121,10.2,10.25,9.98,9.98,20785667,209269776,3669,-0.07
20150122,10.15,10.25,10.05,10.25,20893151,212475874,5057,0.27
20150123,10.3,10.35,10.1,10.1,24265212,248097743,4094,-0.15
20150126,10.1,10.25,10.1,10.15,9342789,94913157,2039,0.05
20150127,10.3,10.3,10.1,10.2,11861249,120805507,2250,0.05
20150128,10.15,10.15,10.05,10.05,11103698,112121230,2176,-0.15
20150129,10.05,10.2,10.05,10.1,9376912,94817309,1643,0.05
20150130,10.1,10.25,10.0,10.05,12131899,122270540,2003,-0.05
20150202,10.05,10.15,9.97,9.99,8586299,85968765,1621,-0.06
20150203,10.05,10.25,10.0,10.25,18278521,185994643,3550,0.26
20150204,10.55,10.95,10.5,10.9,124313516,1335779515,16648,0.65
20150205,11.0,11.1,10.75,10.75,54078025,588909848,7825,-0.15
20150206,10.8,10.85,10.55,10.55,34666646,368939750,5426,-0.2
20150209,10.8,10.85,10.55,10.55,21074487,224968169,3900,0.0
20150210,10.55,10.55,10.3,10.4,20699670,215375307,4322,-0.15
20150211,10.6,10.6,10.2,10.3,23403362,242957033,3966,-0.1
20150212,10.5,10.6,10.4,10.5,27735774,291443517,4284,0.2
20150213,10.6,10.6,10.4,10.5,13577021,142025559,2559,0.0
20150224,10.6,10.65,10.5,10.6,20454133,216156317,3611,0.1
20150225,10.75,11.0,10.75,10.8,51924937,564849787,8360,0.2
20150226,10.75,10.75,10.55,10.65,20071740,213664627,4130,-0.15
20150302,10.7,10.7,10.55,10.7,14413075,153040722,3164,0.05
20150303,10.8,10.85,10.7,10.8,14763506,158779172,2952,0.1
20150304,10.7,10.7,10.6,10.6,13923475,148224936,2982,-0.2
20150305,10.7,10.7,10.6,10.6,8488221,90231412,1971,0.0
20150306,10.65,10.75,10.65,10.75,12405595,132840389,2683,0.15
20150309,10.7,10.75,10.65,10.7,12435837,133022323,2565,-0.05
20150310,10.75,10.8,10.55,10.6,13517220,143887603,2625,-0.1
20150311,10.5,10.7,10.5,10.55,13274865,140319392,2763,-0.05
20150312,10.65,10.8,10.55,10.8,28244554,301175351,4772,0.25
20150313,10.8,10.85,10.65,10.7,20438345,219033738,3223,-0.1
20150316,10.65,10.8,10.65,10.7,17270840,185290418,2892,0.0
20150317,10.75,10.8,10.55,10.55,19121476,204056046,3279,-0.15
20150318,10.55,10.65,10.45,10.5,19763041,208444019,3326,-0.05
20150319,10.6,10.9,10.55,10.8,63408218,684475291,8311,0.3
20150320,10.85,10.85,10.65,10.7,20087569,215597457,3670,-0.1
20150323,10.8,10.9,10.5,10.7,31647219,338501279,5749,0.0
20150324,10.7,10.85,10.5,10.5,30709240,327016194,3776,-0.2
20150325,10.6,10.7,10.4,10.6,24298959,256180841,3819,0.1
20150326,10.45,10.65,10.45,10.5,18196327,191726049,2584,-0.1
20150327,10.5,10.55,10.25,10.4,20384631,211262313,3977,-0.1
20150330,10.3,10.45,10.2,10.2,16962434,174271648,3871,-0.2
20150331,10.35,10.45,10.25,10.3,15230636,157448224,3106,0.1
20150401,10.25,10.35,10.2,10.2,8708466,89294059,2255,-0.1
20150402,10.35,10.45,10.25,10.25,11810883,121901782,2154,0.05
20150407,10.35,10.4,10.0,10.1,16717253,169707821,3007,-0.15
20150408,10.15,10.2,10.0,10.05,14969553,150792530,3508,-0.05
20150409,10.1,10.2,9.9,9.9,15686408,157441059,3284,-0.15
20150410,10.0,10.15,9.96,9.96,15575147,156004310,2887,0.06
20150413,10.05,10.15,10.0,10.1,12917235,130281100,2276,0.14
20150414,10.45,10.8,10.45,10.8,109124934,1170582607,12412,0.7
20150415,10.75,10.8,10.55,10.55,47185471,503276986,7410,-0.25
20150416,10.65,10.85,10.6,10.6,35122117,377265620,5454,0.05
20150417,10.65,10.75,10.6,10.65,17680215,188386266,3361,0.05
20150420,10.55,10.65,10.5,10.5,13151617,138726135,2517,-0.15
20150421,10.6,10.6,10.3,10.3,15463355,160700648,2692,-0.2
20150422,10.3,10.45,10.25,10.4,13871282,143543953,2480,0.1
20150423,10.5,10.55,10.45,10.5,13461695,141240503,2411,0.1
20150424,10.6,10.6,10.4,10.5,18119847,189899892,3796,0.0
20150427,10.55,10.6,10.5,10.5,15064261,158792688,3229,0.0
20150428,10.5,10.6,10.5,10.5,13582134,143138723,2372,0.0
20150429,10.5,10.5,10.05,10.1,37285640,379294706,6174,-0.4
20150430,10.15,10.3,10.1,10.2,11605833,118485133,3035,0.1
20150504,10.2,10.3,10.1,10.1,9489421,96712563,2237,-0.1
20150505,10.1,10.15,9.96,10.1,20162033,202056500,3701,0.0
20150506,10.05,10.2,10.0,10.15,14001702,141837232,3426,0.05
20150507,10.1,10.2,10.1,10.1,6616590,67050075,2338,-0.05
20150508,10.2,10.2,10.0,10.05,9138644,92135740,2200,-0.05
20150511,10.1,10.2,9.49,9.62,26454153,258076986,5458,-0.43
20150512,9.6,9.68,9.1,9.4,35248254,329559292,7015,-0.22
20150513,9.4,9.73,9.37,9.55,23924209,228092838,4715,0.15
20150514,9.62,9.65,9.42,9.42,14111595,134388486,3287,-0.13
20150515,9.45,9.48,9.3,9.3,11378982,106695516,2658,-0.12
20150518,9.5,9.61,9.32,9.36,15770764,149513179,3321,0.06
20150519,9.41,9.54,9.41,9.54,10799682,102582719,2690,0.18
20150520,9.65,10.0,9.6,9.84,29283019,286677772,5779,0.3
20150521,9.84,9.87,9.6,9.66,10883816,106239380,2867,-0.18
20150522,9.82,9.99,9.8,9.8,15919477,157354487,4254,0.14
20150525,9.78,9.89,9.73,9.73,7885484,77224716,2294,-0.07
20150526,9.99,10.1,9.89,9.92,15040489,149707497,3529,0.19
20150527,9.92,9.94,9.85,9.87,7190231,71103341,1775,-0.05
20150528,9.95,10.1,9.9,9.9,12411110,123977768,2837,0.03
20150529,10.0,10.0,9.81,9.81,7637504,75520151,2488,-0.09
20150601,9.79,9.8,9.53,9.53,13847377,133137822,3307,-0.28
20150602,9.55,9.72,9.53,9.59,14845712,143251697,7507,0.06
20150603,9.54,9.63,9.41,9.41,11613631,110184155,2963,-0.18
20150604,9.41,9.48,9.22,9.23,13650142,127513270,3364,-0.18
20150605,9.12,9.14,8.88,9.0,25326074,227935536,4943,-0.23
20150608,8.1,8.66,8.1,8.56,25047934,213065343,4836,-0.44
20150609,8.35,8.48,7.91,7.93,37857468,306472416,6587,-0.63
20150610,7.96,8.27,7.96,8.27,11765985,96287469,2720,0.34
20150611,8.45,8.45,8.21,8.25,10494576,87300803,2785,-0.02
20150612,8.45,8.78,8.45,8.71,21171633,183357591,4768,0.46
20150615,8.71,8.71,8.35,8.35,14169287,119903557,4028,-0.36
20150616,8.35,8.35,8.1,8.16,14471495,118034486,2995,-0.19
20150617,8.2,8.33,8.07,8.15,24394099,199920327,6999,-0.01
20150618,8.29,8.53,8.2,8.45,22717735,191245926,5428,0.3
20150622,8.59,8.59,8.35,8.35,11791972,99916918,2806,-0.1
20150623,8.4,8.5,8.39,8.43,8442929,71352710,2330,0.08
20150624,8.45,8.48,8.23,8.25,11159119,92547031,3131,-0.18
20150625,8.26,8.35,8.25,8.28,8501808,70503367,2172,0.03
20150626,8.25,8.4,8.2,8.35,7018696,58431627,2104,0.07
20150629,8.14,8.14,7.95,8.05,12736593,102370677,3176,-0.3
20150630,7.85,8.09,7.85,8.08,8502138,68055192,1854,0.03
20150701,8.09,8.16,8.07,8.16,7042593,57109775,1734,0.08
20150702,8.16,8.22,8.11,8.11,6688601,54562905,1768,-0.05
20150703,8.11,8.11,8.01,8.06,5623995,45380964,2188,-0.05
20150706,8.02,8.06,7.78,7.83,12977718,102269249,3924,-0.23
20150707,7.8,7.95,7.05,7.12,74620897,538576935,11644,-0.71
20150708,7.1,7.16,6.71,6.9,31657581,218875199,5853,-0.22
20150709,6.72,6.87,6.55,6.71,24901542,167527227,4221,-0.19
20150713,6.85,6.85,6.71,6.71,17785911,120362325,3665,0.0
20150714,6.72,7.17,6.72,6.88,31137392,217896455,5740,0.17
20150715,7.0,7.03,6.72,6.73,15452174,105271173,3450,-0.15
20150716,6.73,6.85,6.65,6.75,13277096,89450013,2946,0.02
20150717,6.81,6.9,6.77,6.81,13574026,93001438,3204,0.06
20150720,6.92,6.92,6.78,6.8,7621624,52159742,1820,-0.01
20150721,6.86,6.89,6.66,6.81,11251329,76348412,2398,0.01
20150722,6.74,6.76,6.69,6.7,7332372,49267695,1960,-0.11
20150723,6.61,6.66,6.32,6.43,20401791,131858217,3778,-0.27
20150724,6.48,6.56,6.4,6.41,9972778,64356731,2537,-0.02
20150727,6.23,6.35,5.95,5.97,19526900,119815081,3519,-0.44
20150728,5.95,6.25,5.95,6.13,16063937,98257752,3557,0.16
20150729,6.28,6.28,6.0,6.0,12708193,77519749,3256,-0.13
20150730,6.06,6.38,6.06,6.38,22324304,139342547,4008,0.38
20150731,6.88,6.95,6.72,6.95,36157616,247132433,7160,0.57
20150803,7.2,7.2,7.01,7.15,39741482,283050848,8248,0.2
20150804,7.15,7.15,6.87,6.88,21315449,149046911,5478,-0.27
20150805,6.88,7.08,6.86,7.08,14982730,105108234,3890,0.2
20150806,7.02,7.04,6.83,6.84,16492684,113809051,4551,-0.24
20150807,6.73,6.95,6.7,6.93,10291722,70707797,3373,0.09
20150810,6.88,7.13,6.85,7.11,13371593,93964436,3191,0.18
20150811,7.11,7.16,6.85,6.85,18771796,131097493,5103,-0.26
20150812,6.77,6.9,6.77,6.85,10123053,69305478,2412,0.0
20150813,6.92,7.12,6.88,7.07,13736325,96224512,3654,0.22
20150814,7.0,7.14,6.96,7.05,11848967,83639642,2900,-0.02
20150817,7.0,7.0,6.89,6.91,9529258,66046617,2619,-0.14
20150818,6.92,6.96,6.8,6.81,11116454,76259671,3807,-0.1
20150819,6.71,6.71,6.31,6.35,19299838,124973407,5425,-0.46
20150820,6.27,6.54,6.27,6.42,13605026,87431471,3240,0.07
20150821,6.27,6.41,6.26,6.32,13007191,82287826,3071,-0.1
20150824,6.32,6.47,6.0,6.14,30369716,189648313,6021,-0.18
20150825,6.1,6.32,6.1,6.31,16628527,103845391,3980,0.17
20150826,6.26,6.3,6.2,6.28,12017231,75174456,2576,-0.03
20150827,6.37,6.67,6.31,6.46,34940659,226305144,7094,0.18
20150828,6.66,6.77,6.64,6.64,33915672,227226895,6481,0.18
20150831,6.59,6.79,6.52,6.73,18149433,121493621,4715,0.09
20150901,6.7,6.9,6.69,6.73,20680166,140795647,5227,0.0
20150902,6.68,6.9,6.57,6.81,28416530,191526908,5836,0.08
20150903,6.86,7.39,6.85,7.23,56801908,405578418,10655,0.42
20150904,7.33,7.44,6.99,7.0,40697050,293102620,8406,-0.23
20150907,7.0,7.14,6.91,7.06,15607527,110321631,4144,0.06
20150908,7.16,7.2,7.11,7.14,12485628,89317514,2701,0.08
20150909,7.35,7.42,7.27,7.29,23829453,174706248,4913,0.15
20150910,7.2,7.33,7.19,7.29,14446082,105176333,4585,0.0
20150911,7.27,7.33,7.21,7.24,11828640,85923441,3693,-0.05
20150914,7.29,7.33,7.15,7.23,10477234,75796044,2936,-0.01
20150915,7.28,7.28,7.18,7.25,13877150,100425414,3400,0.02
20150916,7.3,7.33,7.2,7.2,12593873,91540166,3246,-0.05
20150917,7.25,7.3,7.2,7.22,18851360,136817449,3270,0.02
20150918,7.29,7.84,7.19,7.8,52456106,396464473,8423,0.58
20150921,7.6,7.7,7.36,7.38,29597979,220940097,5661,-0.42
20150922,7.45,7.56,7.39,7.52,14474433,108266565,2872,0.14
20150923,7.42,7.52,7.25,7.29,21864020,160722650,3985,-0.23
20150924,7.33,7.34,7.03,7.09,15831565,113079422,3965,-0.2
20150925,6.45,6.98,6.45,6.92,25498150,172645025,5580,-0.17
20150930,6.85,6.88,6.8,6.8,8671140,59258408,2090,-0.12
20151001,6.9,7.05,6.9,6.96,9483966,66199009,2472,0.16
20151002,7.25,7.44,7.24,7.36,31674087,232461147,6461,0.4
20151005,7.6,7.75,7.57,7.61,37198442,284579487,6811,0.25
20151006,7.75,7.77,7.31,7.42,20268067,152819566,4984,-0.19
20151007,7.51,7.62,7.47,7.59,18208179,137656342,4319,0.17
20151008,7.64,7.65,7.45,7.45,14617312,110258734,3183,-0.14
20151012,7.54,7.66,7.49,7.6,16692485,126644353,3067,0.15
20151013,7.6,7.63,7.57,7.61,9399664,71453493,2343,0.01
20151014,7.61,7.83,7.58,7.7,24593314,190056890,4274,0.09
20151015,7.75,7.78,7.66,7.7,18231345,140682316,3634,0.0
20151016,7.71,7.84,7.64,7.72,17176496,132721147,2996,0.02
20151019,7.78,7.92,7.78,7.79,20078084,157170458,3560,0.07
20151020,7.82,7.88,7.79,7.83,13180349,103096228,2472,0.04
20151021,7.78,7.78,7.59,7.65,20072366,153648887,3946,-0.18
20151022,7.64,7.74,7.62,7.73,9948978,76699791,2297,0.08
20151023,7.83,7.88,7.81,7.81,15095787,118431425,2900,0.08
20151026,7.91,8.15,7.9,8.04,24456308,196409294,4539,0.23
20151027,8.01,8.1,7.9,7.97,14575257,116076853,3082,-0.07
20151028,7.95,7.95,7.76,7.76,19701310,154294287,4095,-0.21
20151029,7.84,7.9,7.79,7.8,12206155,95704648,3380,0.04
20151030,7.87,7.89,7.72,7.87,12001602,93959119,2728,0.07
20151102,7.87,8.09,7.84,8.0,16878462,134825893,3718,0.13
20151103,8.08,8.09,7.97,7.98,12518593,100521541,2931,-0.02
20151104,8.02,8.08,8.02,8.07,16694604,134464903,4164,0.09
20151105,8.05,8.09,8.03,8.04,8246748,66436894,1738,-0.03
20151106,8.07,8.07,7.9,7.91,9873681,78389215,1916,-0.13
20151109,7.98,8.01,7.78,7.8,8573820,67426970,1537,-0.11
20151110,7.71,7.83,7.71,7.83,6978203,54245682,1736,0.03
20151111,7.82,7.85,7.7,7.71,8152812,63252352,2294,-0.12
20151112,7.75,7.77,7.57,7.62,10260064,78423081,2478,-0.09
20151113,7.42,7.59,7.42,7.5,8283440,62297750,2071,-0.12
20151116,7.4,7.47,7.29,7.42,8053365,59408209,1976,-0.08
20151117,7.52,7.59,7.5,7.55,7359980,55602943,2184,0.13
20151118,7.59,7.95,7.53,7.81,12533086,96523803,3273,0.26
20151119,7.92,7.94,7.81,7.81,13834819,108918706,2957,0.0
20151120,7.85,7.99,7.76,7.85,15663989,123971409,2832,0.04
20151123,7.9,7.93,7.76,7.77,6711234,52439704,1727,-0.08
20151124,7.77,7.84,7.74,7.8,5206428,40537727,1260,0.03
20151125,7.82,7.93,7.71,7.71,11136859,87107102,2238,-0.09
20151126,7.75,7.81,7.74,7.78,7022194,54592153,1665,0.07
20151127,7.82,7.88,7.71,7.71,11248981,87871620,2116,-0.07
20151130,7.65,7.68,7.54,7.6,9285647,70477738,1886,-0.11
20151201,7.7,7.84,7.68,7.7,9130692,70670921,2276,0.1
20151202,7.74,7.75,7.62,7.63,6645101,51014308,1649,-0.07
20151203,7.61,7.9,7.6,7.88,20482728,160238577,4068,0.25
20151204,7.86,7.91,7.77,7.89,9452913,74134466,2469,0.01
20151207,7.98,8.05,7.9,7.91,12295437,98112075,2819,0.02
20151208,7.96,7.96,7.82,7.87,7768369,61175239,1880,-0.04
20151209,7.87,7.9,7.75,7.75,8053902,62812930,1514,-0.12
20151210,7.74,7.74,7.63,7.64,9374116,71972904,2676,-0.11
20151211,7.71,7.76,7.5,7.55,7053169,53688910,1998,-0.09
20151214,7.49,7.65,7.45,7.49,8511489,64325104,2185,-0.06
20151215,7.7,8.18,7.7,7.85,26859236,213530002,5075,0.36
20151216,8.02,8.05,7.78,7.78,14123134,111426105,3189,-0.07
20151217,7.87,8.06,7.82,7.99,20764877,165436410,3737,0.21
20151218,7.99,8.08,7.93,8.05,17007629,136508241,3565,0.06
20151221,8.03,8.7,7.99,8.65,49945732,423726948,9339,0.6
20151222,8.7,8.71,8.31,8.32,24561387,207248734,5453,-0.33
20151223,8.32,8.48,8.25,8.25,15492905,129429042,3558,-0.07
20151224,8.26,8.31,8.08,8.08,12906592,105644409,2934,-0.17
20151225,8.17,8.28,8.14,8.18,8625126,70739719,1937,0.1
20151228,8.18,8.23,8.03,8.08,8662208,70166528,2282,-0.1
20151229,8.05,8.07,7.97,7.98,8359991,66857745,2172,-0.1
20151230,8.04,8.06,7.91,7.92,7899074,62892380,2080,-0.06
20151231,7.96,7.98,7.85,7.89,5271677,41669683,1358,-0.03
20160104,7.93,7.93,7.66,7.67,10954399,85063221,2476,-0.22
20160105,7.67,7.75,7.5,7.54,13890082,105627524,3656,-0.13
20160106,7.6,7.62,7.34,7.39,13266175,98868501,2988,-0.15
20160107,7.35,7.39,7.04,7.13,11572244,83427744,2583,-0.26
20160108,7.04,7.31,7.03,7.27,6170021,44502979,1387,0.14
20160111,7.25,7.29,7.13,7.15,7951585,57194120,1811,-0.12
20160112,7.2,7.25,7.07,7.1,6630867,47486632,1922,-0.05
20160113,7.16,7.23,7.05,7.11,7409659,52922284,1909,0.01
20160114,7.0,7.07,6.97,7.03,7039159,49355963,1843,-0.08
20160115,7.12,7.17,7.04,7.06,5853538,41514549,1852,0.03
20160118,6.89,7.25,6.89,7.25,7485430,53281644,1796,0.19
20160119,7.3,7.89,7.24,7.89,33700116,260002965,7171,0.64
20160120,8.0,8.14,7.9,7.94,29956633,239955962,6068,0.05
20160121,8.01,8.14,7.96,8.09,18241423,146962754,3793,0.15
20160122,8.28,8.38,8.18,8.2,24443016,202431246,4709,0.11
20160125,8.36,8.6,8.32,8.45,23668408,200619299,5500,0.25
20160126,8.44,8.59,8.31,8.53,15406544,131133526,4347,0.08
20160127,8.6,8.64,8.29,8.29,20925478,177616409,3790,-0.24
20160128,8.3,8.67,8.3,8.65,26361554,225211630,5658,0.36
20160129,8.65,8.85,8.65,8.8,22998019,201450613,4809,0.15
20160130,8.92,9.09,8.56,8.6,27316647,238532207,4712,-0.2
20160201,8.65,8.78,8.57,8.72,19636734,170899922,4118,0.12
20160202,8.75,8.85,8.75,8.79,14268274,125552495,3732,0.07
20160203,8.75,8.83,8.64,8.76,15665426,137177371,3362,-0.03
20160215,8.74,9.3,8.72,9.3,27205984,246920198,5790,0.54
20160216,9.29,9.29,8.93,8.99,21589627,194870912,4336,-0.31
20160217,9.08,9.2,8.92,9.15,23146010,210216595,5444,0.16
20160218,9.32,9.35,9.13,9.15,16004718,147512420,4116,0.0
20160219,9.15,9.24,9.12,9.19,10119718,92907989,2900,0.04
20160222,9.29,9.44,9.23,9.4,17128080,160388205,3900,0.21
20160223,9.38,9.4,9.22,9.34,8966126,83495822,2719,-0.06
20160224,9.36,9.44,9.28,9.44,12866495,120508609,3952,0.1
20160225,9.5,9.55,9.38,9.39,10766211,101866911,3164,-0.05
20160226,9.4,9.54,9.39,9.47,11090659,104961736,3024,0.08
20160301,9.56,9.99,9.51,9.94,25409140,249682982,5418,0.47
20160302,10.0,10.2,9.95,10.0,21514715,215735224,4879,0.06
20160303,10.05,10.05,9.83,9.85,14589120,144868256,3882,-0.15
20160304,9.91,9.94,9.66,9.72,14188191,138845602,3893,-0.13
20160307,9.7,9.83,9.3,9.42,19250768,183406339,4925,-0.3
20160308,9.59,9.87,9.49,9.85,18693117,181021567,4418,0.43
20160309,9.83,9.83,9.61,9.64,11040819,106667508,3084,-0.21
20160310,9.62,9.66,9.52,9.58,8686123,83250391,2742,-0.06
20160311,9.6,9.75,9.56,9.58,10054712,97042886,2803,0.0
20160314,9.64,9.75,9.6,9.69,10875481,105022091,2587,0.11
20160315,9.8,9.86,9.35,9.35,24915464,240103322,5388,-0.34
20160316,9.38,9.6,9.38,9.5,14154416,134737425,3719,0.15
20160317,9.58,9.67,9.46,9.5,10024780,95766953,2692,0.0
20160318,9.51,9.55,9.39,9.45,7287677,68851750,2244,-0.05
20160321,9.46,9.48,9.21,9.35,12057081,112241690,3035,-0.1
20160322,9.39,9.48,9.36,9.42,7467933,70310602,2100,0.07
20160323,9.39,9.46,9.36,9.41,5688674,53464829,1754,-0.01
20160324,9.41,9.44,9.27,9.28,6092603,56810880,1426,-0.13
20160325,9.25,9.27,9.15,9.15,6279974,57750614,1395,-0.13
20160328,9.16,9.22,9.1,9.1,6245296,57175958,1526,-0.05
20160329,9.13,9.18,9.0,9.02,8570304,77863805,1768,-0.08
20160330,9.15,9.44,9.1,9.4,11804456,109858194,3041,0.38
20160331,9.5,9.68,9.37,9.45,19396395,184678211,3980,0.05
20160401,9.51,9.51,9.32,9.33,7829977,73417995,2303,-0.12
20160406,9.28,9.52,9.26,9.46,10248536,96615619,2709,0.13
20160407,9.5,9.54,9.33,9.38,7080639,66721071,1927,-0.08
20160408,9.37,9.53,9.35,9.52,10136118,96144763,2130,0.14
20160411,9.51,9.52,9.39,9.5,6129860,57949096,1688,-0.02
20160412,9.6,9.62,9.4,9.4,7154327,68005632,2003,-0.1
20160413,9.41,9.46,9.4,9.43,4898248,46186886,1442,0.03
20160414,9.47,9.53,9.38,9.42,4498432,42488590,1045,-0.01
20160415,9.36,9.37,9.29,9.3,5790669,53950676,1708,-0.12
20160418,9.27,9.29,9.16,9.19,3717921,34265138,1109,-0.11
20160419,9.18,9.23,9.05,9.15,10928396,99708124,2865,-0.04
20160420,9.17,9.2,8.72,8.81,15546457,140366475,3261,-0.34
20160421,8.89,8.9,8.7,8.73,7001352,61460186,1865,-0.08
20160422,8.7,8.82,8.65,8.68,5667861,49357777,1800,-0.05
20160425,8.66,8.81,8.66,8.71,4389117,38338979,1476,0.03
20160426,8.71,8.8,8.68,8.76,3765876,32930297,1245,0.05
20160427,8.82,8.85,8.72,8.72,5574901,48982021,1698,-0.04
20160428,8.8,8.8,8.53,8.57,6077088,52464627,1845,-0.15
20160429,8.48,8.57,8.31,8.38,6108582,51412648,1529,-0.19
20160503,8.4,8.63,8.27,8.6,7056808,59680801,2495,0.22
20160504,8.57,8.57,8.2,8.23,11930856,99711776,3989,-0.37
20160505,8.2,8.27,8.17,8.19,5030725,41251833,1499,-0.04
20160506,8.19,8.2,8.11,8.13,7136065,58089343,1211,-0.06
20160509,8.25,8.37,8.2,8.23,6000807,49629064,1574,0.1
20160510,8.28,8.33,8.14,8.32,5271161,43485829,1556,0.09
20160511,8.5,8.66,8.43,8.45,13834569,118297862,3627,0.13
20160512,8.4,8.43,8.32,8.32,4062460,34013152,1300,-0.13
20160513,8.31,8.32,8.15,8.2,7532707,61848663,1348,-0.12
20160516,8.21,8.38,8.21,8.32,3855142,32054087,1281,0.12
20160517,8.33,8.49,8.32,8.48,5649661,47510668,1787,0.16
20160518,8.43,8.45,8.33,8.34,3935632,32998835,1439,-0.14
20160519,8.35,8.4,8.27,8.3,3054278,25355975,846,-0.04
20160520,8.3,8.43,8.22,8.32,5876615,48896333,1021,0.02
20160523,8.4,8.56,8.4,8.54,5915708,50273992,1506,0.22
20160524,8.54,8.59,8.51,8.51,4583375,39154390,1650,-0.03
20160525,8.63,8.75,8.62,8.69,8177396,71026843,2275,0.18
20160526,8.7,8.79,8.69,8.7,8202019,71597841,2725,0.01
20160527,8.75,8.8,8.72,8.76,8391440,73502856,1602,0.06
20160530,8.8,8.87,8.74,8.74,4601675,40436362,1196,-0.02
20160531,8.8,8.8,8.6,8.6,7832118,67674643,2247,-0.14
20160601,8.6,8.78,8.6,8.7,4787710,41763211,1379,0.1
20160602,8.7,8.78,8.66,8.72,3343545,29152666,1082,0.02
20160603,8.75,8.75,8.6,8.62,3604982,31173945,1463,-0.1
20160604,8.62,8.69,8.6,8.65,984361,8505216,247,0.03
20160606,8.62,8.71,8.55,8.55,3491480,30011812,1340,-0.1
20160607,8.58,8.65,8.52,8.54,6244702,53542048,2141,-0.01
20160608,8.54,8.57,8.41,8.51,6439434,54607315,2159,-0.03
20160613,8.47,8.47,8.23,8.25,5713828,47524216,2001,-0.26
20160614,8.25,8.31,8.22,8.27,4032893,33329724,1771,0.02
20160615,8.31,8.47,8.27,8.41,5437120,45547496,2238,0.14
20160616,8.45,8.45,8.31,8.39,6092643,50928649,1895,-0.02
20160617,8.41,8.49,8.24,8.24,7020282,58726948,2182,-0.15
20160620,8.35,8.39,8.32,8.36,3264373,27275309,1018,0.12
20160621,8.45,8.49,8.31,8.35,6053370,50905602,2393,-0.01
20160622,8.38,8.43,8.34,8.36,9449721,79202323,2654,0.01
20160623,8.4,8.55,8.37,8.54,8490458,72028124,2331,0.18
20160624,8.64,8.7,8.38,8.51,12207983,104685758,3164,-0.03
20160627,8.5,8.64,8.48,8.62,7479274,64160009,2549,0.11
20160628,8.65,9.08,8.65,9.0,24575222,219575969,5512,0.38
20160629,9.1,9.21,8.92,9.1,15659591,141782994,3552,0.1
20160630,9.09,9.09,8.91,8.92,12382806,111124336,3275,-0.18
20160701,8.94,9.04,8.8,8.9,11239021,100327171,2951,-0.02
20160704,8.92,8.95,8.88,8.88,4507374,40105693,1339,-0.02
20160705,8.91,9.19,8.9,9.16,15269855,138637355,3828,0.28
20160706,9.14,9.14,8.92,8.92,9911341,89303300,2519,-0.24
20160707,9.0,9.07,8.88,8.88,6915715,61932516,1908,-0.04
20160711,9.01,9.08,8.99,9.05,10560501,95441809,2420,0.17
20160712,9.15,9.22,9.08,9.14,16158002,147906422,3638,0.09
20160713,9.14,9.19,9.1,9.16,9469132,86647692,2754,0.02
20160714,9.2,9.28,9.08,9.09,12551190,115285939,3066,-0.07
20160715,9.13,9.17,9.09,9.12,9522822,86923919,2737,0.03
20160718,9.18,9.18,9.08,9.12,6226858,56798730,1673,0.0
20160719,9.13,9.23,9.09,9.23,12948993,118807428,3266,0.11
20160720,9.2,9.27,9.15,9.23,10313835,95007892,3502,0.0
20160721,9.3,9.97,9.28,9.78,35839450,346052892,7233,0.55
20160722,9.76,9.93,9.55,9.62,20832001,202403782,4402,-0.16
20160725,9.66,9.77,9.56,9.69,11468891,110810070,2554,0.07
20160726,9.75,10.1,9.73,9.97,38958090,387933351,6975,0.28
20160727,10.05,10.15,9.86,9.87,17736861,177123832,3928,-0.1
20160728,9.91,10.05,9.89,9.95,13684915,136412214,2675,0.08
20160729,9.99,10.0,9.5,9.59,26827350,261044876,4943,-0.36
20160801,9.67,9.87,9.62,9.76,16331974,159245929,3617,+0.17
20160802,9.76,9.85,9.59,9.6,12775745,124136853,3324,-0.16
20160803,9.59,9.95,9.57,9.89,20137915,197815736,5130,+0.29
20160804,10.05,10.1,9.9,9.91,18841321,188068201,3610,+0.02
20160805,9.97,9.99,9.81,9.82,7848458,77367604,2091,-0.09
20160808,9.92,9.94,9.85,9.86,6843208,67680268,1750,+0.04
20160809,9.95,10.1,9.88,9.97,12896191,128779211,2953,+0.11
20160810,10.0,10.0,9.9,9.9,7813038,77672255,2007,-0.07
20160811,9.89,9.95,9.75,9.79,7765416,76224852,2145,-0.11
20160812,9.87,9.98,9.85,9.97,13245202,131586920,2907,+0.18
20160815,10.0,10.05,9.93,9.93,8005900,79866510,1985,-0.04
20160816,9.97,10.1,9.96,9.99,17733520,177448300,3273,+0.06
20160817,9.96,10.05,9.93,9.93,9270737,92332637,2485,-0.06
20160818,9.94,9.94,9.84,9.87,7875729,77892019,2107,X0.00
20160819,9.9,9.98,9.81,9.81,10080589,99747199,2252,-0.06
20160822,9.94,10.05,9.86,9.98,12610345,125651149,2998,+0.17
20160823,10.15,10.55,10.1,10.45,62733141,652925121,10890,+0.47
20160824,10.35,10.4,10.05,10.05,23958048,244190080,4767,-0.40
20160825,10.1,10.15,10.0,10.05,14218516,143170110,2641, 0.00
20160826,10.15,10.35,10.15,10.25,19502069,200137778,3483,+0.20
20160829,10.3,10.35,10.1,10.1,12730968,129685711,2793,-0.15
20160830,10.2,10.25,10.05,10.1,9233853,93338302,2165, 0.00
20160831,10.2,10.4,10.1,10.35,28904248,296966264,5369,+0.25
20160901,10.25,10.3,10.2,10.3,9591079,98283747,2112,-0.05
20160902,10.45,10.45,10.1,10.1,19802162,203730413,3572,-0.20
20160905,10.2,10.3,10.1,10.15,9245654,94199342,1655,+0.05
20160906,10.2,10.2,10.1,10.15,7341616,74524275,1656, 0.00
20160907,10.25,10.45,10.2,10.35,18545621,192007618,3265,+0.20
20160908,10.4,10.45,10.25,10.25,15552361,160774366,3503,-0.10
20160909,10.25,10.4,10.25,10.3,11947464,123365220,2169,+0.05
20160910,10.05,10.1,9.91,10.0,14268058,142810060,2474,-0.30
20160912,10.15,10.3,10.1,10.1,13284793,135240851,2616,+0.10
20160913,10.2,10.2,9.97,9.98,12319739,123908086,2142,-0.12
20160914,9.99,10.05,9.97,10.0,8785904,87886728,1514,+0.02
20160919,10.15,10.2,10.05,10.1,10825982,109576020,2396,+0.10
20160920,10.1,10.15,10.05,10.05,6201174,62582590,1431,-0.05
20160921,10.1,10.2,10.1,10.2,8045362,81617188,1953,+0.15
20160922,10.35,10.4,10.15,10.15,12660282,130114728,2207,-0.05
20160923,10.25,10.3,10.2,10.3,8811803,90410573,2245,+0.15
20160926,10.25,10.3,10.15,10.2,6408080,65491796,1547,-0.10
20160929,10.35,10.4,10.25,10.25,14922710,153923425,4542,+0.05
20160930,10.2,10.25,10.1,10.1,7058461,71558290,1771,-0.15
20161003,10.15,10.2,10.05,10.1,6517615,65964600,1634, 0.00
20161004,10.2,10.3,10.15,10.2,8366231,85302366,1794,+0.10
20161005,10.2,10.25,10.05,10.1,6536019,66294624,1314,-0.10
20161006,10.15,10.2,10.1,10.15,5179869,52516911,1332,+0.05
20161007,10.15,10.2,10.05,10.05,4869306,49092810,1320,-0.10
20161011,10.1,10.2,9.65,9.84,14073645,140233504,2907,-0.21
20161012,9.85,10.05,9.85,9.98,5580688,55548572,1354,+0.14
20161013,10.0,10.05,9.9,9.92,3937061,39133885,1120,-0.06
20161014,9.9,9.95,9.68,9.71,8773427,85644120,1969,-0.21
20161017,9.95,10.15,9.91,10.0,15072109,151218887,2897,+0.29
20161018,10.0,10.1,9.98,10.05,5994796,60256580,1526,+0.05
20161019,10.05,10.15,10.0,10.0,5737412,57607167,1748,-0.05
20161020,10.05,10.1,10.0,10.05,6269618,63116830,1457,+0.05
20161021,10.1,10.15,10.05,10.15,8441959,85322824,1778,+0.10
20161024,10.15,10.4,10.15,10.2,18903588,194458814,3165,+0.05
20161025,10.25,10.25,10.1,10.2,7131825,72486711,1732, 0.00
20161026,10.1,10.2,10.1,10.1,9262628,93797149,1840,-0.10
20161027,10.2,10.2,10.0,10.05,7807125,78723450,1694,-0.05
20161028,10.05,10.1,9.93,9.97,8660084,86383033,1635,-0.08
20161031,9.99,9.99,9.86,9.92,4109992,40802023,1376,-0.05
20161101,9.9,9.96,9.87,9.88,5140813,50944554,1422,-0.04
20161102,9.84,9.89,9.74,9.77,10679143,104451562,2535,-0.11
20161103,9.95,10.05,9.88,9.88,15770117,157154011,3874,+0.11
20161104,9.9,9.98,9.81,9.83,7104705,70258539,2141,-0.05
20161107,9.9,9.93,9.86,9.9,6568968,64997795,2291,+0.07
20161108,10.0,10.0,9.88,9.9,6533453,64853318,1702, 0.00
20161109,9.95,9.96,9.53,9.54,12369811,119699630,3413,-0.36
20161110,9.75,9.88,9.75,9.84,5545407,54402997,1697,+0.30
20161111,9.76,9.83,9.65,9.67,9046539,88121669,2661,-0.17
20161114,9.74,9.79,9.65,9.69,4856039,47112637,1482,+0.02
20161115,9.73,9.73,9.65,9.65,4335674,41971604,1394,-0.04
20161116,9.69,9.75,9.6,9.61,5576593,53839905,1564,-0.04
20161117,9.68,9.68,9.51,9.53,7171234,68614244,1785,-0.08
20161118,9.68,9.85,9.66,9.83,12521898,122523307,2842,+0.30
20161121,9.83,9.94,9.76,9.9,8883794,87567887,2387,+0.07
20161122,9.94,10.0,9.9,9.9,10593603,105434859,2581, 0.00
20161123,10.05,10.2,10.0,10.05,20689608,208726980,3444,+0.15
20161124,10.05,10.25,10.0,10.0,20535583,208253351,3125,-0.05
20161125,10.1,10.15,10.0,10.05,6739449,67670890,1458,+0.05
20161128,10.1,10.15,10.0,10.0,7251620,72951014,1455,-0.05
20161129,10.0,10.1,9.96,10.0,8677384,86885691,1836, 0.00
20161130,10.0,10.05,9.9,9.9,8038660,80041070,2246,-0.10
20161201,9.94,9.97,9.9,9.96,7147841,71069951,2181,+0.06
20161202,9.94,9.94,9.74,9.76,13510328,132489819,4291,-0.20
20161205,9.76,9.79,9.63,9.69,7971762,77304637,2133,-0.07
20161206,9.76,9.79,9.69,9.69,6541715,63563833,1754, 0.00
20161207,9.72,9.78,9.7,9.74,4246555,41303863,1258,+0.05
20161208,9.84,9.84,9.7,9.72,8488850,82796600,2164,-0.02
20161209,9.76,9.88,9.73,9.86,12099638,118649373,2620,+0.14
20161212,9.9,9.96,9.77,9.8,11587303,114409881,2266,-0.06
20161213,9.8,9.9,9.8,9.87,6387073,62990434,2712,+0.07
20161214,9.95,9.95,9.87,9.88,8357505,82741440,2743,+0.01
20161215,9.91,9.91,9.84,9.87,5173982,51053943,1955,-0.01
20161216,9.9,10.1,9.9,9.99,16404703,163955816,3195,+0.12
20161219,10.0,10.1,9.94,10.05,17263609,173295570,2878,+0.06
20161220,10.1,10.1,9.93,9.96,5533116,55237570,1421,-0.09
20161221,9.96,10.05,9.94,10.0,12850859,128456942,1840,+0.04
20161222,10.2,10.35,10.05,10.05,30228102,308369720,5824,+0.05
20161223,10.15,10.2,9.96,10.0,9814360,98635318,2274,-0.05
20161226,10.05,10.05,9.89,9.93,5356216,53220061,1370,-0.07
20161227,9.93,9.97,9.88,9.89,3681957,36468441,1103,-0.04
20161228,9.87,10.0,9.87,10.0,3854083,38384679,1180,+0.11
20161229,10.0,10.05,9.93,10.0,4031373,40286639,1026, 0.00
20161230,10.05,10.05,9.96,9.97,4153866,41450223,1514,-0.03
20170103,10.0,10.05,9.95,10.05,4185230,41887640,1367,+0.08
20170104,10.1,10.1,10.0,10.1,5318945,53518285,1650,+0.05
20170105,10.15,10.25,10.1,10.2,17102619,174326221,3174,+0.10
20170106,10.2,10.25,10.1,10.1,7083381,71803669,1513,-0.10
20170109,10.1,10.15,10.0,10.0,4672037,46987644,1262,-0.10
20170110,10.0,10.05,9.93,9.95,6751584,67313377,1792,-0.05
20170111,10.05,10.1,9.98,10.05,6167794,61844010,1713,+0.10
20170112,10.1,10.1,9.99,10.0,5543901,55528812,1781,-0.05
20170113,10.0,10.05,9.99,10.0,5663577,56735958,1351, 0.00
20170116,10.1,10.15,10.0,10.05,6611929,66580740,1411,+0.05
20170117,10.05,10.9,10.05,10.85,77756021,819354990,12461,+0.80
20170118,11.0,11.3,11.0,11.15,80330106,896700650,13562,+0.30
20170119,11.25,11.4,11.05,11.1,48379577,543217180,8182,-0.05
20170120,11.3,11.9,11.3,11.7,84371435,984285754,13332,+0.60
20170123,12.1,12.85,12.1,12.85,161866596,2030506129,26268,+1.15
20170124,13.05,13.6,12.8,12.8,144994168,1909124202,24360,-0.05
20170202,13.35,13.45,12.8,12.8,75862712,992646870,12229, 0.00
20170203,12.8,12.8,12.15,12.35,70635894,876588275,11037,-0.45
20170206,12.75,13.05,12.6,12.85,66055918,848376258,10700,+0.50
20170207,12.75,12.9,12.45,12.8,37056118,471105178,6901,-0.05
20170208,12.9,12.9,11.6,11.85,141966971,1718066117,24093,-0.95
20170209,11.7,11.8,11.4,11.65,61601651,715492475,9312,-0.20
20170210,11.8,12.0,11.6,11.65,50977765,601093348,7977, 0.00
20170213,11.95,12.0,11.5,11.9,39551371,466164798,6821,+0.25
20170214,11.85,11.9,11.6,11.6,35574956,417341306,5876,-0.30
20170215,11.7,11.8,11.6,11.65,20310358,237196478,4611,+0.05
20170216,11.7,11.75,11.5,11.5,18151572,209989114,3825,-0.15
20170217,11.6,11.8,11.5,11.75,25734623,300511358,4482,+0.25
20170218,11.75,11.8,11.6,11.75,13496592,157696092,2689, 0.00
20170220,11.75,11.8,11.35,11.35,28150088,324634814,5574,-0.40
20170221,11.3,11.45,11.15,11.2,28112004,316129268,6620,-0.15
20170222,11.3,11.45,11.15,11.2,28984999,327083911,5308, 0.00
20170223,11.25,11.3,11.0,11.05,30266113,335679543,5832,-0.15
20170224,11.15,11.25,11.0,11.15,33966159,378123347,7673,+0.10
20170301,11.25,11.3,11.0,11.05,22197086,246479434,4588,-0.10
20170302,11.3,11.75,11.3,11.6,72799634,842126147,14116,+0.55
20170303,11.6,11.65,11.4,11.5,25473206,293084884,5413,-0.10
20170306,11.6,11.65,11.5,11.55,20707239,239724919,4042,+0.05
20170307,11.6,11.65,11.45,11.5,18930740,218872034,4348,-0.05
20170308,11.55,11.9,11.5,11.9,44809243,524867737,7186,+0.40
20170309,12.4,12.6,12.2,12.25,103853103,1282055235,17862,+0.35
20170310,12.2,12.2,11.8,12.05,48926751,585521162,9691,-0.20
20170313,12.2,12.5,12.05,12.1,48110805,590524569,7778,+0.05
20170314,12.3,12.4,12.1,12.25,36004422,440607501,6576,+0.15
20170315,12.3,12.4,12.0,12.05,39835839,486060318,6961,-0.20
20170316,12.2,12.25,12.0,12.1,24217362,292859483,4626,+0.05
20170317,12.2,12.35,12.05,12.35,34019411,415396315,6699,+0.25
20170320,12.45,13.1,12.4,12.85,135226671,1733107655,19599,+0.50
20170321,13.0,13.05,12.75,12.8,51340623,661740675,7760,-0.05
20170322,12.55,13.15,12.4,13.1,88512650,1144434996,14628,+0.30
20170323,13.4,14.4,13.4,14.4,153422025,2169907936,19614,+1.30
20170324,14.9,15.3,14.1,14.45,284259977,4220192403,40849,+0.05
20170327,14.8,15.7,14.55,15.3,241771075,3640829519,34164,+0.85
20170328,15.3,15.5,14.45,14.85,137034939,2043933735,21389,-0.45
20170329,15.1,16.3,14.8,16.25,196556664,3039217467,29018,+1.40
20170330,16.35,17.4,16.1,16.85,300374455,5071921404,50476,+0.60
20170331,17.0,17.5,16.35,17.0,172036121,2904226957,31680,+0.15
20170405,17.3,17.6,16.65,17.5,164439474,2836114843,26023,+0.50
20170406,17.7,17.7,16.95,17.15,65866685,1139099624,12820,-0.35
20170407,17.2,18.5,16.75,17.95,124719929,2178146987,22566,+0.80
20170410,17.9,18.7,17.5,17.5,123738460,2232590488,25500,-0.45
20170411,17.4,17.95,17.1,17.1,57787818,1009617254,13065,-0.40
20170412,17.25,17.45,16.95,16.95,54541391,936990013,11028,-0.15
20170413,17.05,17.7,17.0,17.15,60397912,1045361904,12374,+0.20
20170414,17.45,17.5,17.0,17.15,56791124,978400048,10766, 0.00
20170417,17.3,17.65,16.6,16.65,105826527,1804522742,21064,-0.50
20170418,17.0,17.4,16.7,17.15,82572729,1408879642,13561,+0.50
20170419,17.05,17.35,16.6,16.6,88567254,1497548043,15259,-0.55
20170420,16.8,16.85,16.05,16.3,59724102,982964690,12648,-0.30
20170421,16.75,17.25,16.65,17.2,86837325,1475679095,15280,+0.90
20170424,17.3,17.3,16.65,16.65,45471385,766461239,8318,-0.55
20170425,16.75,16.9,16.5,16.8,41694120,695840278,8919,+0.15
20170426,16.95,17.75,16.95,17.4,115924718,2024621718,21546,+0.60
20170427,17.25,17.3,17.0,17.2,39622142,679901764,8243,-0.20
20170428,17.3,17.65,17.05,17.05,61775777,1071840409,11101,-0.15
20170502,17.2,17.3,16.25,16.3,89627906,1487918743,17716,-0.75
20170503,16.45,16.6,16.1,16.4,69854382,1139620655,16095,+0.10
20170504,16.8,17.05,16.65,16.95,97558719,1647269948,17305,+0.55
20170505,16.95,16.95,16.7,16.75,29776217,501114717,5851,-0.20
20170508,16.9,17.1,16.45,16.5,45310907,758004795,9123,-0.25
20170509,16.5,16.7,15.8,16.1,60120964,972512294,12198,-0.40
20170510,16.35,16.65,16.3,16.65,50295704,831426577,9879,+0.55
20170511,16.75,16.8,16.35,16.35,31323023,516168550,8678,-0.30
20170512,16.15,16.5,16.15,16.45,21819879,356382256,5151,+0.10
20170515,16.65,17.2,16.6,17.2,79456091,1350045429,13460,+0.75
20170516,17.1,17.1,16.7,16.8,32192553,541645142,6905,-0.40
20170517,16.9,17.05,16.7,16.8,25158666,423791945,5169, 0.00
20170518,16.5,17.4,16.35,17.1,71454149,1218930783,12812,+0.30
20170519,17.2,17.35,17.0,17.05,35156851,603674351,6840,-0.05
20170522,17.2,17.3,17.0,17.1,31706549,543935433,5594,+0.05
20170523,17.1,17.15,16.8,16.9,18042405,306128007,4462,-0.20
20170524,16.95,17.25,16.95,17.0,33125526,567658868,5736,+0.10
20170525,17.1,17.4,17.05,17.35,57165361,987015243,9053,+0.35
20170526,17.35,17.35,17.1,17.1,22349147,384276803,4695,-0.25
20170531,17.25,17.65,17.25,17.5,73606770,1285835731,12484,+0.40
20170601,17.8,19.2,17.75,19.1,219094646,4051031374,38046,+1.60
20170602,19.5,19.7,19.2,19.55,140274569,2735062010,25673,+0.45
20170603,19.25,19.35,18.95,19.3,55189318,1057490294,12045,-0.25
20170605,19.45,19.5,18.8,18.8,65273154,1249373069,14201,-0.50
20170606,18.95,19.3,18.9,18.9,71194272,1359319331,13200,+0.10
20170607,19.0,19.1,18.3,18.35,72173891,1342856426,15813,-0.55
20170608,18.7,19.1,18.65,18.65,54577551,1029711381,11844,+0.30
20170609,18.7,18.7,17.85,18.0,78712295,1425380360,17413,-0.65
20170612,17.7,18.2,17.6,18.1,31524917,565662756,7657,+0.10
20170613,18.45,18.65,17.8,17.8,78357096,1424016530,15482,-0.30
20170614,18.1,18.2,17.45,18.1,76058073,1360789964,15418,+0.30
20170615,18.15,18.2,17.75,18.0,73122770,1317725060,13353,-0.10
20170616,18.1,18.35,17.9,18.1,68349725,1242344099,12671,+0.10
20170619,18.2,18.3,18.0,18.25,25315571,460247142,5699,+0.15
20170620,18.4,18.6,18.1,18.1,52639265,965617120,10270,-0.15
20170621,18.1,18.3,17.95,18.3,32242212,586124583,7704,+0.20
20170622,18.4,18.5,18.15,18.15,26556042,485660480,6127,-0.15
20170623,18.25,18.3,18.0,18.1,18554933,336419794,5145,-0.05
20170626,18.15,18.3,18.05,18.2,16884340,306799031,4492,+0.10
20170627,18.3,19.1,18.3,18.8,97883920,1843017972,18924,+0.60
20170628,18.7,18.75,18.35,18.4,39699624,734212014,8786,-0.40
20170629,18.6,18.8,18.4,18.4,32078834,596943541,6117, 0.00
20170630,18.3,18.3,18.05,18.25,35156867,639079118,6447,-0.15
20170703,18.3,18.45,18.1,18.15,23555474,430006967,4792,-0.10
20170704,18.15,18.4,18.1,18.1,15984842,291053335,4063,-0.05
20170705,18.25,18.25,17.65,18.05,42336274,755459924,9251,-0.05
20170706,18.15,18.45,18.15,18.15,45506501,830959530,7515,+0.10
20170707,18.05,18.25,17.9,17.95,17082799,308126832,4414,-0.20
20170710,18.3,18.35,18.0,18.0,24090145,437958829,5024,+0.05
20170711,18.15,18.25,18.05,18.15,14813824,268699007,3119,+0.15
20170712,18.2,18.3,18.1,18.2,15485189,281592203,3486,+0.05
20170713,18.3,18.55,18.2,18.45,38842938,715458880,7088,+0.25
20170714,18.9,19.05,18.4,18.4,76153013,1428173176,15183,-0.05
20170717,18.5,18.5,18.05,18.1,28625562,520855866,6356,-0.30
20170718,18.15,18.4,18.1,18.2,25730924,468968614,5564,+0.10
20170719,18.25,18.45,18.2,18.25,25115801,460281166,6152,+0.05
20170720,18.35,18.4,18.25,18.25,16174825,295928648,3090, 0.00
20170721,18.3,18.55,18.25,18.55,30880296,570018127,6077,+0.30
20170724,18.4,18.45,18.25,18.45,16656976,306332695,3346,-0.10
20170725,18.6,18.9,18.6,18.8,43937779,824517337,8938,+0.35
20170726,19.0,19.2,18.7,18.7,55860864,1061536198,10771,-0.10
20170727,18.85,18.95,18.55,18.8,26492168,496041022,6091,+0.10
20170728,18.9,19.0,18.6,19.0,23806196,447301047,4760,+0.20
20170731,18.7,18.7,18.05,18.25,74128758,1352128864,14173,-0.75
20170801,18.1,18.2,17.65,17.75,58116521,1038894613,13808,-0.50
20170802,17.9,18.0,17.75,17.85,23583690,421503409,6000,+0.10
20170803,17.9,18.15,17.85,17.85,30043413,540466939,6478, 0.00
20170804,17.9,18.1,17.8,18.1,15799063,283716864,3999,+0.25
20170807,18.2,18.4,18.1,18.35,32755551,596938005,6173,+0.25
20170808,18.5,18.7,18.25,18.4,55336681,1022698475,10490,+0.05
20170809,18.55,18.55,18.25,18.25,21919301,402798012,4881,-0.15
20170810,18.45,18.45,17.7,17.9,35400005,639301720,7675,-0.35
20170811,18.0,18.35,18.0,18.2,89681151,1633540877,11470,+0.30
20170814,17.9,17.95,17.6,17.6,55593092,985473649,10450,X0.00
20170815,17.75,17.8,17.35,17.6,46337330,814281633,9979, 0.00
20170816,17.5,18.1,17.45,18.0,70445347,1258500296,11761,+0.40
20170817,18.5,19.5,18.5,19.2,182112372,3483929149,30745,+1.20
20170818,18.95,20.2,18.85,20.1,157996681,3104725815,28933,+0.90
20170821,20.45,20.7,20.0,20.1,102465954,2086869396,20509, 0.00
20170822,20.2,20.8,20.05,20.8,94379394,1925079144,17112,+0.70
20170823,21.05,21.95,21.05,21.05,121809871,2607151780,26854,+0.25
20170824,21.35,21.65,20.9,21.25,65055217,1383674519,13820,+0.20
20170825,21.55,23.1,21.2,22.6,164915529,3648659274,30996,+1.35
20170828,23.75,24.7,23.3,24.15,217660025,5204431524,42029,+1.55
20170829,23.6,23.8,22.9,22.9,153434663,3571656191,32573,-1.25
20170830,23.7,24.1,23.3,23.3,89714549,2118550094,21113,+0.40
20170831,23.5,23.65,22.9,23.15,71603561,1658904145,16009,-0.15
20170901,23.35,23.75,23.25,23.3,62328120,1466382162,14732,+0.15
20170904,23.2,24.65,23.2,24.4,122496918,2955648962,26972,+1.10
20170905,24.8,25.1,24.25,24.6,87077016,2149379957,18516,+0.20
20170906,24.25,24.45,23.9,24.3,66731685,1611242453,14838,-0.30
20170907,24.55,24.65,23.7,23.7,59037635,1423586054,13032,-0.60
20170908,23.95,24.25,23.9,24.2,52336618,1260567247,11899,+0.50
20170911,24.45,24.5,23.9,24.4,38826904,940072480,9026,+0.20
20170912,24.6,24.9,23.9,23.95,99426288,2427421607,18687,-0.45
20170913,23.9,24.1,23.1,23.3,85156908,2006223123,17412,-0.65
20170914,23.2,23.8,22.55,23.8,57241555,1330605400,14603,+0.50
20170915,24.45,25.2,24.4,25.2,219585325,5443707295,46058,+1.40
20170918,25.7,27.7,25.6,27.0,187934883,5013689991,47102,+1.80
20170919,27.5,27.65,26.25,26.4,109509677,2953588138,29286,-0.60
20170920,26.75,27.2,26.25,26.85,81548466,2183777859,20657,+0.45
20170921,26.85,28.2,26.85,28.2,128067224,3565799959,31452,+1.35
20170922,28.0,28.05,27.4,27.7,79597908,2205129073,19732,-0.50
20170925,28.8,28.85,27.05,27.05,102580447,2854833794,26558,-0.65
20170926,26.8,26.9,24.75,25.15,134828193,3472396066,35228,-1.90
20170927,25.7,26.2,25.7,26.05,60734662,1574203612,16464,+0.90
20170928,26.95,27.1,26.25,26.35,62086593,1651030547,16374,+0.30
20170929,26.0,26.4,25.35,26.4,56968534,1479509728,15976,+0.05
20170930,27.0,27.35,26.8,27.0,52677592,1428563823,14150,+0.60
20171002,27.5,27.6,27.2,27.35,52733830,1444000029,11709,+0.35
20171003,27.4,27.4,26.9,27.1,29972497,813732394,8900,-0.25
20171005,27.3,27.65,27.1,27.2,40020833,1093299587,10127,+0.10
20171006,27.2,27.25,26.65,26.85,41658963,1118307617,11219,-0.35
20171011,27.6,28.4,27.6,27.9,131927668,3694537754,30898,+1.05
20171012,28.35,28.5,27.9,28.0,60370768,1699032304,15210,+0.10
20171013,27.95,29.2,27.7,28.7,106890343,3056884327,26362,+0.70
20171016,29.1,29.3,28.7,29.0,57314950,1659834650,14062,+0.30
20171017,28.95,29.0,28.15,28.15,45007338,1282393576,13807,-0.85
20171018,28.25,28.4,27.2,27.5,60749141,1674388660,17498,-0.65
20171019,27.45,28.0,27.3,27.95,30517763,848677082,8610,+0.45
20171020,27.75,28.35,27.6,27.85,39017959,1093270860,9647,-0.10
20171023,28.15,28.3,27.7,27.75,22399058,625362885,6945,-0.10
20171024,27.8,27.95,27.6,27.9,19501560,542506148,5931,+0.15
20171025,28.05,28.1,25.8,26.05,114962355,3057052535,32779,-1.85
20171026,25.9,26.5,25.6,26.4,29978671,785082700,9633,+0.35
20171027,26.9,26.9,25.6,25.65,44203617,1155355776,13922,-0.75
20171030,26.1,26.3,25.75,26.05,23248469,603712494,8013,+0.40
20171031,25.75,26.25,25.75,26.1,25275021,658193021,7527,X0.00
20171101,26.7,27.1,26.3,26.3,45615809,1217331194,14103,+0.20
20171102,26.3,26.3,25.85,26.0,15707205,409375880,5635,-0.30
20171103,26.15,26.4,25.6,25.75,24316560,630264848,8646,-0.25
20171106,26.0,26.25,25.85,26.05,24155399,628757512,7956,+0.30
20171107,26.5,28.6,26.45,28.2,123821679,3424780242,32847,+2.15
20171108,28.75,29.0,27.55,27.85,88970430,2530487825,25714,-0.35
20171109,28.05,28.25,26.9,27.05,39680866,1095607149,12973,-0.80
20171110,27.45,28.3,26.7,28.15,58256468,1619443731,16830,+1.10
20171113,28.15,28.25,27.2,27.4,61359270,1702023241,16749,-0.75
20171114,27.85,28.65,27.45,27.7,108037659,3033501957,27561,+0.30
20171115,27.9,28.5,27.6,28.15,51079002,1433302443,15022,+0.45
20171116,28.4,28.65,27.9,27.95,49239054,1393660812,15100,-0.20
20171117,28.4,28.6,28.25,28.3,45510198,1292077589,13135,+0.35
20171120,28.65,29.2,28.2,28.25,49200300,1407851124,13781,-0.05
20171121,28.65,28.7,28.3,28.5,35318847,1006925688,9921,+0.25
20171122,29.2,29.55,27.95,28.2,79539434,2295277145,21159,-0.30
20171123,28.45,28.9,28.2,28.5,51457433,1468600713,13249,+0.30
20171124,28.65,29.0,28.3,28.7,39996734,1146618012,10296,+0.20
20171127,29.0,30.0,28.9,30.0,98564541,2894391680,24304,+1.30
20171128,30.15,30.35,28.05,28.05,136715222,3954353337,34601,-1.95
20171129,28.05,28.35,27.1,27.25,90581405,2502187094,27101,-0.80
20171130,26.4,28.6,25.95,28.6,326172578,9066700424,39819,+1.35
20171201,28.05,28.05,26.85,26.9,102077906,2801104002,24194,-1.70
20171204,26.9,27.4,25.8,25.8,80592108,2113196810,22862,-1.10
20171205,24.9,26.4,24.85,25.4,86315093,2208828691,25639,-0.40
20171206,25.85,26.1,24.5,24.5,65728105,1655200966,18646,-0.90
20171207,24.8,25.25,24.2,24.45,66019639,1628724684,18592,-0.05
20171208,24.7,24.95,24.05,24.75,51147307,1260197463,12896,+0.30
20171211,24.8,25.45,24.55,25.0,49066877,1230384925,11938,+0.25
20171212,24.9,25.1,24.4,24.45,38845641,956649393,11703,-0.55
20171213,24.55,25.15,24.4,24.5,31750582,785901297,9299,+0.05
20171214,24.8,25.1,24.6,25.05,30354177,757668755,8648,+0.55
20171215,25.2,25.2,24.8,25.1,19966587,499452702,5935,+0.05
20171218,25.15,25.2,24.65,24.65,14365473,357442130,5389,-0.45
20171219,24.9,25.45,24.7,24.7,29828476,745835578,9430,+0.05
20171220,24.85,25.05,24.65,24.7,46877026,1162537995,25500, 0.00
20171221,24.9,24.9,24.35,24.4,27844840,684751977,10106,-0.30
20171222,24.4,24.45,23.3,23.5,55666514,1319303536,16630,-0.90
20171225,23.6,24.0,23.35,23.75,25302473,597889547,7944,+0.25
20171226,23.95,23.95,23.1,23.1,19618166,459637772,7383,-0.65
20171227,23.05,23.35,23.0,23.0,17546542,405230180,6712,-0.10
20171228,23.2,23.65,23.15,23.35,21614346,503695365,6292,+0.35
20171229,23.5,24.05,23.4,23.45,33980759,805467815,8360,+0.10
20180102,23.45,23.9,23.25,23.85,15442805,365373538,5349,+0.40
20180103,24.4,25.15,24.35,24.8,41978686,1040523527,13608,+0.95
20180104,25.2,25.25,24.45,24.5,38312821,947482901,12833,-0.30
20180105,24.65,24.7,24.4,24.4,12910565,316466477,4691,-0.10
20180108,24.6,24.6,24.0,24.0,13093258,316318492,5351,-0.40
20180109,24.3,25.0,24.25,24.35,36907560,905955762,9266,+0.35
20180110,24.2,24.3,23.9,24.05,56609315,1362640493,10071,-0.30
20180111,24.1,24.1,23.3,23.3,53151620,1254771891,13738,-0.75
20180112,23.3,23.45,23.05,23.1,40190148,931804335,12977,-0.20
20180115,23.4,23.5,23.15,23.45,20379232,475949419,5941,+0.35
20180116,23.5,24.1,23.3,24.0,48497894,1149789556,13133,+0.55
20180117,23.75,23.9,23.3,23.3,47071229,1105379049,12653,-0.70
20180118,23.5,23.65,23.25,23.35,40500321,950702371,10209,+0.05
20180119,23.55,23.9,23.4,23.85,48428680,1145969852,14347,+0.50
20180122,23.7,23.8,23.5,23.55,34689034,818939122,9108,-0.30
20180123,23.6,24.6,23.6,23.8,84286724,2032671764,22369,+0.25
20180124,23.8,23.85,23.45,23.45,41937784,990400546,9689,-0.35
20180125,23.45,23.65,23.3,23.4,33628058,788790057,8486,-0.05
20180126,23.7,24.2,23.65,23.85,70930461,1698042265,18472,+0.45
20180129,24.0,24.1,23.75,24.0,25305839,605781586,7117,+0.15
20180130,24.1,24.1,23.5,23.55,24601402,584246173,6945,-0.45
20180131,23.4,24.15,23.35,23.65,41225338,980773346,9294,+0.10
20180201,23.95,24.35,23.8,24.1,58178359,1401675959,14930,+0.45
20180202,23.9,23.95,23.35,23.4,63277712,1495900690,16324,-0.70
20180205,22.1,22.35,21.75,22.25,69865051,1540472028,18107,-1.15
20180206,20.85,21.25,20.05,20.1,89834646,1838774882,24680,-2.15
20180207,20.8,21.05,19.9,19.9,80004321,1641071672,20315,-0.20
20180208,19.95,20.1,18.85,19.0,94213236,1813497997,23105,-0.90
20180209,17.7,18.85,17.5,18.55,72633524,1318484757,17877,-0.45
20180212,18.9,18.95,18.2,18.2,39440767,729427107,10365,-0.35
20180221,18.7,19.2,18.5,19.1,66786695,1265191215,14647,+0.90
20180222,18.75,18.8,18.45,18.65,54485464,1013217692,12900,-0.45
20180223,18.75,19.2,18.65,18.65,50715640,957417393,12828, 0.00
20180226,19.0,19.1,18.7,18.7,33953167,640037544,9974,+0.05
20180227,19.0,20.25,18.9,19.9,152697099,3009821403,32921,+1.20
20180301,19.6,19.85,19.5,19.55,42495473,836316152,10983,-0.35
20180302,19.25,19.35,18.9,19.15,27456178,525696351,8005,-0.40
20180305,19.4,19.5,18.9,18.9,24180077,463873263,7210,-0.25
20180306,19.35,19.75,19.2,19.3,33359576,649979497,9047,+0.40
20180307,19.3,19.65,19.05,19.05,36768485,711000744,9603,-0.25
20180308,19.3,19.7,19.15,19.6,45828301,893552772,9646,+0.55
20180309,20.1,20.45,20.0,20.05,70320320,1419388276,18710,+0.45
20180312,20.25,20.35,19.8,19.85,34592318,693922743,9816,-0.20
20180313,20.5,21.25,20.4,21.15,106263778,2203911947,26056,+1.30
20180314,20.95,21.2,20.65,20.75,54086505,1131270924,13981,-0.40
20180315,20.6,21.1,20.45,21.1,33077238,686658837,7901,+0.35
20180316,21.4,21.75,21.2,21.2,85586828,1832887978,20788,+0.10
20180319,21.4,21.55,21.0,21.0,36478647,774562697,9276,-0.20
20180320,20.75,20.85,20.55,20.6,27389142,566771972,7450,-0.40
20180321,20.8,21.2,20.7,20.8,27763266,581216347,7556,+0.20
20180322,20.95,21.1,20.15,20.2,43498536,893097204,10785,-0.60
20180323,19.25,19.9,19.0,19.9,44338835,865943691,11469,-0.30
20180326,19.85,20.1,19.7,19.85,25171895,501574976,6811,-0.05
20180327,20.15,20.45,20.15,20.2,34119264,691785072,8521,+0.35
20180328,20.0,20.1,19.7,19.75,17268468,343230809,5560,-0.45
20180329,19.9,19.95,19.55,19.55,15488380,305240782,5090,-0.20
20180330,19.85,19.95,19.55,19.55,19516089,385294603,4692, 0.00
20180331,19.65,19.7,19.4,19.55,10163965,198309396,3172, 0.00
20180402,19.7,20.1,19.65,19.75,19281667,382562691,5222,+0.20
20180403,19.45,19.5,19.25,19.35,18710383,362007802,5798,-0.40
20180409,19.35,19.45,18.75,18.75,28032698,531290109,8514,-0.60
20180410,18.85,19.25,18.8,18.9,20780184,395042259,5830,+0.15
20180411,19.25,19.4,18.85,18.85,24287764,464717737,6850,-0.05
20180412,19.05,19.25,18.9,19.0,21579627,411456263,5509,+0.15
20180413,19.2,19.35,19.1,19.1,21689973,416265963,5101,+0.10
20180416,19.15,19.2,18.9,18.95,13499738,256178772,4105,-0.15
20180417,19.05,19.15,18.5,18.6,19759337,371367210,5887,-0.35
20180418,18.85,19.05,18.6,18.65,26402810,496613674,6189,+0.05
20180419,18.75,18.85,18.55,18.7,22660154,423357295,6801,+0.05
20180420,18.4,18.45,18.15,18.25,24192143,442600054,6785,-0.45
20180423,18.05,18.2,17.8,17.8,25709626,462055376,7219,-0.45
20180424,17.8,17.85,16.9,16.95,37429506,641747902,11184,-0.85
20180425,16.7,18.4,16.6,18.15,62683122,1105031121,17392,+1.20
20180426,18.4,18.45,17.45,17.45,50995187,914309254,12393,-0.70
20180427,17.8,17.95,17.6,17.85,24198716,430612851,5873,+0.40
20180430,18.0,18.35,17.8,18.3,31991772,580740072,6515,+0.45
20180502,18.7,18.9,18.05,18.1,53250098,987488469,12845,-0.20
20180503,17.85,18.05,17.55,17.55,36210379,641806432,9194,-0.55
20180504,17.65,17.75,17.5,17.65,14747060,260223088,4425,+0.10
20180507,17.85,18.1,17.5,18.0,21119828,376517744,6209,+0.35
20180508,18.1,18.3,17.95,18.05,25829003,468560429,6305,+0.05
20180509,18.15,18.25,18.0,18.1,19231268,349065982,6272,+0.05
20180510,18.4,18.6,18.3,18.45,22075986,407111768,5654,+0.35
20180511,18.7,18.85,18.4,18.4,25310925,471934799,6901,-0.05
20180514,18.55,18.75,18.45,18.6,16121772,299857417,3926,+0.20
20180515,18.7,18.8,18.4,18.45,15126548,280678642,4053,-0.15
20180516,18.75,20.25,18.75,20.25,161543494,3178616203,35761,+1.80
20180517,20.8,21.2,20.35,20.4,151301899,3144859950,33868,+0.15
20180518,20.25,20.35,19.75,20.15,56623671,1134574201,15118,-0.25
20180521,20.35,21.05,20.3,20.4,67296847,1390535804,16016,+0.25
20180522,20.6,20.75,19.85,19.85,51826551,1046315465,12924,-0.55
20180523,20.25,20.65,19.95,20.0,58998044,1194429730,14764,+0.15
20180524,20.2,20.75,19.9,20.5,70830113,1447156178,16005,+0.50
20180525,20.85,21.05,20.5,20.5,65999235,1370299098,14974, 0.00
20180528,20.65,20.85,20.35,20.55,47432775,977969075,11442,+0.05
20180529,20.75,21.3,20.6,20.7,87329516,1827622396,19205,+0.15
20180530,20.4,20.45,19.8,19.8,94816053,1901561822,22011,-0.90
20180531,20.15,20.2,19.85,20.05,54837188,1097962135,9276,+0.25
20180601,19.85,19.95,19.75,19.75,27829163,551226301,7199,-0.30
20180604,19.95,20.6,19.9,20.4,60619243,1232420130,11963,+0.65
20180605,20.65,20.9,20.5,20.65,64694215,1339899255,13047,+0.25
20180606,20.9,20.95,20.6,20.65,33152935,687663322,7727, 0.00
20180607,20.75,20.9,20.5,20.6,43033996,891088187,9436,-0.05
20180608,20.8,20.95,20.5,20.5,37150802,770690102,9490,-0.10
20180611,20.8,20.85,20.55,20.65,30529807,630476638,7157,+0.15
20180612,20.7,21.95,20.65,21.1,151938567,3247944454,34123,+0.45
20180613,21.15,21.2,20.6,20.6,53267535,1110168270,13103,-0.50
20180614,20.5,20.6,20.0,20.0,53049157,1070566631,12411,-0.60
20180615,20.05,20.55,19.95,20.1,52520850,1064367761,10426,+0.10
20180619,19.9,20.05,19.5,19.5,89563231,1766350351,18087,-0.60
20180620,19.6,19.65,18.9,19.2,50168651,962590943,12358,-0.30
20180621,19.3,19.75,19.3,19.4,31436213,613716111,8673,+0.20
20180622,19.25,19.3,19.0,19.3,26972442,517410109,6190,-0.10
20180625,19.35,19.55,19.15,19.25,22940817,444076658,5199,-0.05
20180626,19.0,19.1,18.75,18.9,32907269,622412083,8875,-0.35
20180627,19.05,19.2,18.7,18.7,20155472,382186109,5457,-0.20
20180628,18.7,18.95,18.55,18.85,16078357,301929208,4521,+0.15
20180629,19.35,19.65,19.3,19.5,51720473,1007398956,11604,+0.65
20180702,19.5,19.6,19.05,19.1,26954971,520711736,6051,-0.40
20180703,19.3,19.35,18.8,18.8,25739103,489671383,7261,-0.30
20180704,18.85,18.9,18.55,18.8,17288913,323945601,4420, 0.00
20180705,18.9,19.05,18.6,18.65,15828598,297281695,4106,-0.15
20180706,18.75,18.85,17.85,18.0,35083812,641194235,8160,-0.65
20180709,18.3,19.55,18.15,19.5,64836675,1232619271,13886,+1.50
20180710,19.5,19.5,19.05,19.2,29087664,560185180,6837,-0.30
20180711,19.05,19.05,18.8,18.9,16403884,310419791,4531,-0.30
20180712,19.0,19.4,18.9,19.4,26325449,507106289,6432,+0.50
20180713,19.65,20.05,19.65,19.75,82891879,1645267593,16036,+0.35
20180716,19.9,20.1,19.65,19.7,25522625,507000296,6258,-0.05
20180717,19.7,19.8,19.5,19.55,13709283,268739760,4059,-0.15
20180718,19.75,19.9,19.5,19.6,21050779,415200599,5485,+0.05
20180719,19.65,19.85,19.1,19.25,33169306,645494530,7819,-0.35
20180720,19.35,19.5,18.9,19.05,29064525,556376365,7280,-0.20
20180723,19.15,19.15,18.95,19.05,13008132,247533781,3441, 0.00
20180724,19.1,19.4,19.05,19.3,14615536,281707729,3467,+0.25
20180725,19.35,19.65,19.25,19.5,20607054,401439534,4938,+0.20
20180726,19.65,19.95,19.45,19.95,42273545,836040518,9678,+0.45
20180727,20.05,20.2,19.8,19.9,45025367,899332824,9666,-0.05
20180730,20.0,20.1,19.4,19.4,37368884,735884170,9296,-0.50
20180731,19.45,20.2,19.35,19.95,59144456,1178026705,12561,+0.55
20180801,20.1,20.1,19.85,19.95,22500266,449154527,5432, 0.00
20180802,19.95,19.95,19.5,19.65,23979122,471811679,5849,-0.30
20180803,19.75,19.75,19.15,19.25,46630504,903235052,11892,-0.40
20180806,18.85,19.25,18.8,19.2,32726002,621992669,8201,-0.05
20180807,19.1,19.15,18.95,19.05,23665405,450821163,6937,-0.15
20180808,19.25,19.4,19.2,19.35,21551558,416373378,5193,+0.30
20180809,19.4,19.4,19.05,19.2,17523311,336861772,3774,-0.15
20180810,19.1,19.2,19.05,19.1,17844954,341341402,5097,-0.10
20180813,19.05,19.05,18.2,18.5,43339719,807713198,13237,-0.60
20180814,17.65,17.85,17.4,17.65,29073665,512237804,9097,X0.00
20180815,17.6,17.6,16.9,16.9,37646973,643203141,11752,-0.75
20180816,16.5,16.5,16.05,16.4,67661781,1100615053,14656,-0.50
20180817,16.5,16.55,15.95,15.95,51112568,824815062,13454,-0.45
20180820,16.25,16.4,15.9,16.0,40581966,655680633,9489,+0.05
20180821,16.15,16.45,16.05,16.45,28207247,459386968,7099,+0.45
20180822,16.65,16.65,16.3,16.35,21111204,346777377,5931,-0.10
20180823,16.35,16.55,16.3,16.4,12287966,201547823,3467,+0.05
20180824,16.4,16.45,16.05,16.15,15147788,245173853,4241,-0.25
20180827,16.25,16.6,16.2,16.5,25559615,420500232,6090,+0.35
20180828,16.65,17.2,16.6,16.95,40377988,683582866,12782,+0.45
20180829,17.1,17.3,17.05,17.15,22582754,386998453,6498,+0.20
20180830,17.2,17.25,16.85,17.0,20336329,345470843,5257,-0.15
20180831,16.9,17.25,16.9,17.25,22574944,386337919,6603,+0.25
20180903,17.2,17.25,16.85,16.9,15103879,256487387,4096,-0.35
20180904,16.9,17.15,16.9,17.05,13622235,231847688,3836,+0.15
20180905,17.15,17.15,16.9,16.9,8764558,148700708,2841,-0.15
20180906,16.5,16.5,15.9,15.95,63947915,1030932540,16281,-0.95
20180907,15.15,15.35,14.45,14.45,106129301,1576418361,26260,-1.50
20180910,14.5,14.7,14.0,14.05,52382111,748138716,13659,-0.40
20180911,14.15,14.9,14.15,14.9,47141425,688349469,11054,+0.85
20180912,14.65,14.65,14.3,14.35,41539705,598626961,9939,-0.55
20180913,14.35,14.6,14.15,14.2,24788106,355485849,7551,-0.15
20180914,14.6,14.8,14.45,14.65,39307110,574783596,8121,+0.45
20180917,14.6,15.0,14.5,14.75,33901188,501114564,8393,+0.10
20180918,14.5,14.55,14.2,14.3,44026537,631867813,9191,-0.45
20180919,14.55,14.7,14.3,14.3,34752328,502009289,7038, 0.00
20180920,14.4,14.55,14.2,14.25,28034438,403701398,6445,-0.05
20180921,14.35,14.4,14.0,14.2,30359868,430129104,6552,-0.05
20180925,14.2,14.65,14.1,14.55,22020051,318682621,6620,+0.35
20180926,14.4,14.85,14.4,14.75,26395948,386845116,7674,+0.20
20180927,14.65,14.8,14.55,14.7,24843555,365507341,6942,-0.05
20180928,14.75,14.85,14.5,14.5,20833433,304199463,4664,-0.20
20181001,14.6,14.8,14.5,14.7,17678037,259121140,4386,+0.20
20181002,14.85,15.15,14.85,14.95,39768576,596095240,10241,+0.25
20181003,14.95,15.05,14.6,14.65,15984376,236442690,5103,-0.30
20181004,14.55,14.6,14.1,14.1,39087468,557150577,10360,-0.55
20181005,13.85,13.85,13.0,13.2,74492139,995872464,16289,-0.90
20181008,13.05,13.4,13.0,13.2,23595260,311451594,6114, 0.00
20181009,13.3,13.7,13.2,13.35,31052254,417142773,7616,+0.15
20181011,12.5,12.55,12.05,12.05,52861239,644850867,12531,-1.30
20181012,11.9,12.8,11.9,12.65,42679022,529560664,10663,+0.60
20181015,12.45,12.75,12.35,12.45,24664237,308660272,6248,-0.20
20181016,12.5,12.95,12.5,12.75,21694579,277139168,5772,+0.30
20181017,13.05,13.15,12.8,12.85,18760317,242962307,6598,+0.10
20181018,12.8,12.95,12.65,12.7,15017350,191751453,4114,-0.15
20181019,12.45,12.85,12.1,12.6,46820357,586583831,6597,-0.10
20181022,12.6,13.35,12.55,13.3,30572387,398431284,7514,+0.70
20181023,13.05,13.2,12.95,13.0,19833237,258956981,5867,-0.30
20181024,12.9,13.15,12.65,12.85,27311932,353275058,5349,-0.15
20181025,12.0,12.2,11.9,11.95,37156596,446484802,8698,-0.90
20181026,12.3,12.3,11.35,11.45,40458081,475229612,9364,-0.50
20181029,11.45,11.8,11.45,11.75,30326671,352774872,6510,+0.30
20181030,11.8,12.45,11.8,12.45,52456746,642551872,12256,+0.70
20181031,12.85,13.45,12.8,13.4,69075119,907550883,15932,+0.95
20181101,13.4,13.85,13.3,13.7,57064272,779695975,13735,+0.30
20181102,14.3,14.65,13.9,14.2,85924127,1227426242,19540,+0.50
20181105,14.0,14.15,13.8,13.95,29012418,404921852,7217,-0.25
20181106,14.0,14.1,13.25,13.25,34583100,469352217,8231,-0.70
20181107,13.2,13.9,13.2,13.9,31069462,425147450,7745,+0.65
20181108,14.25,14.3,13.55,13.65,29403907,408262858,7486,-0.25
20181109,13.6,13.7,13.4,13.65,13658161,184885382,4325, 0.00
20181112,13.5,13.9,13.5,13.75,19885690,272846292,4321,+0.10
20181113,13.2,13.65,13.05,13.5,28943368,386500373,6777,-0.25
20181114,13.5,13.65,13.4,13.45,15720156,212253633,4287,-0.05
20181115,13.45,13.55,13.25,13.4,16619737,222493213,4373,-0.05
20181116,13.6,13.75,13.45,13.5,18371421,249944425,4605,+0.10
20181119,13.8,14.0,13.75,13.95,21773405,302484231,6064,+0.45
20181120,13.8,13.95,13.75,13.85,12924997,178838596,3468,-0.10
20181121,13.7,14.05,13.65,14.0,20218756,281174684,5912,+0.15
20181122,14.05,14.4,14.0,14.0,32732197,463897808,7488, 0.00
20181123,14.1,14.2,13.85,14.0,19756606,277262134,4509, 0.00
20181126,14.15,14.35,14.1,14.2,17636577,251033331,5074,+0.20
20181127,14.35,14.8,14.2,14.8,33664221,487131502,8047,+0.60
20181128,14.85,15.15,14.8,15.15,44336207,665559161,10589,+0.35
20181129,15.45,15.65,15.05,15.05,50917642,783971579,12507,-0.10
20181130,15.05,15.3,15.0,15.0,30800702,465385039,6469,-0.05
20181203,15.5,16.1,15.4,15.95,65018653,1027908350,14844,+0.95
20181204,16.0,16.0,15.65,15.75,29664335,468395800,7764,-0.20
20181205,14.95,15.0,14.55,14.9,47427142,702253890,11986,-0.85
20181206,14.65,14.65,13.95,14.0,50141463,712949432,12635,-0.90
20181207,14.25,14.4,14.1,14.1,21209349,301910015,5351,+0.10
20181210,13.8,13.95,13.65,13.85,16931627,233311478,4689,-0.25
20181211,13.95,14.1,13.85,13.9,11499057,160455127,2894,+0.05
20181212,14.15,14.3,14.05,14.2,11931618,169161560,3509,+0.30
20181213,14.3,14.4,14.1,14.4,12637979,180609285,3515,+0.20
20181214,14.2,14.25,13.75,13.85,24198230,336641837,5645,-0.55
20181217,13.7,14.1,13.55,13.85,11548873,159744468,3707, 0.00
20181218,13.75,14.25,13.7,13.9,25929463,363475379,6688,+0.05
20181219,14.0,14.0,13.7,14.0,21008081,290788054,7188,+0.10
20181220,13.8,13.95,13.6,13.6,14577876,200288854,4572,-0.40
20181221,13.55,13.7,13.3,13.6,15554379,209926014,4491, 0.00
20181222,13.5,13.55,13.45,13.45,3366120,45380967,1173,-0.15
20181224,13.5,13.8,13.4,13.75,8277773,112750375,2536,+0.30
20181225,13.5,13.6,13.35,13.45,7263127,97815295,2549,-0.30
20181226,13.55,13.8,13.45,13.45,9754283,132906430,2974, 0.00
20181227,13.75,13.9,13.7,13.7,11117387,153220648,3701,+0.25
20181228,13.75,13.75,13.55,13.55,10075576,137339576,2509,-0.15
20190102,13.7,13.7,13.25,13.25,14329436,192138051,3902,-0.30
20190103,13.1,13.15,12.85,12.9,21053783,273642029,5661,-0.35
20190104,12.7,12.9,12.35,12.9,19628240,248683582,5035, 0.00
20190107,13.15,13.35,13.1,13.15,17184476,227328690,4927,+0.25
20190108,13.2,13.2,12.95,13.05,13932824,182372562,3645,-0.10
20190109,13.2,13.5,13.15,13.4,20274129,271525664,5694,+0.35
20190110,13.55,13.65,13.4,13.65,13301808,180199431,3688,+0.25
20190111,13.7,13.75,13.35,13.4,9843003,133091072,3107,-0.25
20190114,13.5,13.6,13.4,13.55,6232315,84199240,2293,+0.15
20190115,13.4,13.75,13.4,13.7,11157756,151941799,3285,+0.15
20190116,13.7,13.9,13.55,13.65,17984339,247243170,4397,-0.05
20190117,13.65,13.8,13.55,13.7,7997149,109283612,2375,+0.05
20190118,13.75,13.95,13.65,13.95,13099331,180923650,3739,+0.25
20190121,14.1,14.2,13.95,14.05,9015721,126575516,2972,+0.10
20190122,13.95,14.1,13.8,13.8,9596835,133583224,2505,-0.25
20190123,13.8,13.95,13.7,13.95,8804560,122102157,2601,+0.15
20190124,13.95,14.1,13.9,14.0,10031723,140414920,3073,+0.05
20190125,14.35,14.95,14.25,14.7,42566554,621511909,11196,+0.70
20190128,14.85,14.95,14.7,14.8,15843209,234514635,4955,+0.10
20190129,14.7,14.7,14.45,14.65,12016888,175124248,3498,-0.15
20190130,14.7,14.8,14.6,14.7,10321008,151708198,3107,+0.05
20190211,14.85,14.9,14.5,14.5,13938255,203762372,4434,-0.20
20190212,14.55,14.75,14.4,14.45,13040272,189173703,4099,-0.05
20190213,14.55,14.75,14.4,14.7,21250168,310188902,5112,+0.25
20190214,14.6,14.75,14.5,14.6,19373224,283496285,4008,-0.10
20190215,14.6,14.75,14.3,14.3,21615046,311406544,4527,-0.30
20190218,14.4,14.55,14.35,14.4,6393618,92288034,1853,+0.10
20190219,14.45,14.6,14.4,14.55,8538345,123835412,2306,+0.15
20190220,14.5,14.55,14.4,14.45,12093867,174913602,3095,-0.10
20190221,14.55,14.95,14.45,14.9,30803867,453948799,7032,+0.45
20190222,15.05,15.5,15.05,15.3,71574733,1097953278,17357,+0.40
20190225,15.4,15.9,15.4,15.65,55377121,868878591,12374,+0.35
20190226,15.75,15.9,15.3,15.3,24201275,375295938,7704,-0.35
20190227,15.35,15.5,15.1,15.35,13304948,202995191,4021,+0.05
20190304,15.45,15.45,15.1,15.1,14182710,215415351,4077,-0.25
20190305,15.0,15.05,14.9,14.95,9445134,141331468,3150,-0.15
20190306,14.95,15.05,14.85,14.95,11895087,177853147,3778, 0.00
20190307,14.95,15.0,14.4,14.4,23500072,343534653,6939,-0.55
20190308,14.25,14.25,13.9,14.2,25814554,363236099,6526,-0.20
20190311,14.2,14.3,14.05,14.1,13669143,193322397,3382,-0.10
20190312,14.25,14.35,14.15,14.2,8299541,118136957,2926,+0.10
20190313,14.2,14.3,14.1,14.15,5538801,78530976,2098,-0.05
20190314,14.2,14.3,14.1,14.2,6708100,95231897,2183,+0.05
20190315,14.3,14.4,14.2,14.2,11531739,164485321,3026, 0.00
20190318,14.3,14.35,14.2,14.3,5808103,82836080,1915,+0.10
20190319,14.35,14.65,14.3,14.6,21272581,309138806,5242,+0.30
20190320,14.5,14.6,14.4,14.55,9798615,142063958,3057,-0.05
20190321,14.55,14.85,14.55,14.8,15292815,225877244,4647,+0.25
20190322,15.2,15.3,14.85,14.9,30018795,436569452,5676,+0.10
20190325,14.5,14.65,14.45,14.65,8591952,125137577,2383,-0.25
20190326,14.8,14.8,14.6,14.6,7345223,107842232,2177,-0.05
20190327,14.7,14.7,14.6,14.65,4851118,71100247,1740,+0.05
20190328,14.65,14.75,14.6,14.7,5573133,81766820,2043,+0.05
20190329,14.8,14.8,14.6,14.75,8486240,124707055,2210,+0.05
20190401,14.8,14.9,14.75,14.85,12142336,180145675,3721,+0.10
20190402,14.95,15.15,14.9,15.05,18885503,284004045,4759,+0.20
20190403,15.1,15.55,14.95,15.5,40690287,623520848,10136,+0.45
20190408,16.0,16.45,15.8,16.35,90388764,1463233504,20002,+0.85
20190409,16.6,16.75,16.35,16.45,55775501,924582392,15311,+0.10
20190410,16.5,16.65,16.35,16.6,28038449,463222391,7590,+0.15
20190411,16.7,17.0,16.1,16.3,41757772,692587055,10872,-0.30
20190412,16.15,16.35,15.85,15.9,23418124,375026180,7363,-0.40
20190415,16.1,16.25,15.95,16.0,14530592,233564364,3894,+0.10
20190416,16.0,16.2,15.9,16.2,12379856,199155404,3968,+0.20
20190417,16.35,16.9,16.2,16.8,52676309,876401601,12882,+0.60
20190418,17.0,17.0,16.15,16.35,32936109,546430381,8424,-0.45
20190419,16.55,16.9,16.55,16.75,43578378,732068443,11017,+0.40
20190422,16.95,17.15,16.7,16.95,34223685,581334322,8419,+0.20
20190423,16.9,16.9,16.5,16.6,16430841,273501236,4331,-0.35
20190424,16.85,16.95,16.5,16.6,16642352,278214301,4069, 0.00
20190425,16.95,17.0,16.6,16.65,39941882,672043063,9363,+0.05
20190426,16.5,16.5,16.15,16.3,25781284,419191257,6796,-0.35
20190429,16.4,16.4,15.8,15.95,19317788,309067444,4890,-0.35
20190430,15.9,16.1,15.9,16.05,10150460,162545819,2687,+0.10
20190502,16.05,16.15,16.0,16.0,6406448,102757718,2249,-0.05
20190503,16.0,16.3,16.0,16.25,10788359,174665721,2955,+0.25
20190506,16.0,16.0,15.8,15.9,13127735,208680618,4125,-0.35
20190507,16.0,16.25,16.0,16.1,13064987,210815978,3292,+0.20
20190508,15.8,16.05,15.7,16.05,11602635,184057110,3527,-0.05
20190509,15.9,16.0,15.2,15.35,26349122,409035718,7908,-0.70
20190510,15.5,15.65,14.8,15.0,29219214,442048905,8440,-0.35
20190513,15.0,15.0,14.3,14.35,21790685,315840224,8090,-0.65
20190514,14.1,14.45,14.0,14.15,30777963,437036112,7073,-0.20
20190515,14.35,14.5,14.2,14.25,23057909,329821924,7551,+0.10
20190516,14.3,14.3,14.0,14.0,13631669,192173516,4697,-0.25
20190517,14.2,14.25,13.85,13.85,16430874,230339128,4223,-0.15
20190520,13.9,14.05,13.9,13.95,7823316,109219692,2589,+0.10
20190521,13.8,14.1,13.6,14.1,14418020,199889466,4103,+0.15
20190522,14.15,14.25,14.05,14.1,8282086,117079849,2612, 0.00
20190523,14.0,14.0,13.6,13.8,13249050,181969979,4751,-0.30
20190524,13.85,13.95,13.75,13.8,9348612,129143533,3429, 0.00
20190527,13.95,13.95,13.6,13.65,9538576,130647378,2889,-0.15
20190528,13.8,13.8,13.65,13.75,13124523,180401432,2375,+0.10
20190529,13.65,13.9,13.55,13.8,8342970,114366576,2619,+0.05
20190530,13.85,14.05,13.8,14.05,13025731,182036408,3310,+0.25
20190531,14.0,14.4,13.95,14.25,14161743,200848925,3573,+0.20
20190603,14.0,14.15,13.85,14.15,12347191,172959837,3363,-0.10
20190604,14.15,14.3,14.0,14.0,10869337,153230876,2761,-0.15
20190605,14.3,14.3,14.1,14.1,6729772,95366273,2175,+0.10
20190606,14.1,14.15,13.9,13.95,5883300,82324217,1473,-0.15
20190610,14.15,14.25,14.05,14.2,9187171,130025049,2551,+0.25
20190611,14.3,14.45,14.2,14.4,10469190,150466358,3135,+0.20
20190612,14.35,14.45,14.25,14.35,6466017,92720678,1941,-0.05
20190613,14.25,14.3,14.1,14.1,6375350,90398267,1893,-0.25
20190614,14.15,14.25,14.1,14.1,4096555,57951252,1524, 0.00
20190617,14.1,14.35,14.1,14.3,6114728,87233842,1858,+0.20
20190618,14.3,14.35,14.2,14.3,7631434,108809802,1853, 0.00
20190619,14.5,14.6,14.35,14.6,20362051,295312724,5003,+0.30
20190620,14.65,14.85,14.55,14.8,14449465,212927562,4467,+0.20
20190621,14.85,14.95,14.7,14.8,10070679,149289466,2698, 0.00
20190624,14.9,15.2,14.75,15.2,15624240,234847212,4300,+0.40
20190625,15.25,15.25,14.95,14.95,17356132,262081526,4671,-0.25
20190626,15.1,15.45,15.05,15.05,18202550,276729962,5157,+0.10
20190627,15.25,15.35,15.15,15.15,14609792,222413891,3635,+0.10
20190628,15.25,15.35,15.05,15.2,8259136,125495849,2409,+0.05
20190701,15.4,15.5,15.35,15.5,17072857,263317867,4411,+0.30
20190702,15.6,15.8,15.3,15.7,20933141,326915095,5292,+0.20
20190703,15.75,15.9,15.55,15.9,19860453,312408244,5007,+0.20
20190704,16.0,16.3,16.0,16.3,32157290,520267645,7700,+0.40
20190705,16.35,16.5,16.15,16.4,23996837,392524057,5831,+0.10
20190708,16.45,16.7,16.4,16.4,20669549,341033278,5183, 0.00
20190709,16.6,16.6,16.4,16.45,32737335,540700921,5854,+0.05
20190710,16.6,16.9,16.5,16.85,63903338,1067290036,13668,+0.40
20190711,16.0,16.6,16.0,16.45,66722348,1085652290,13482,X0.00
20190712,16.65,17.45,16.45,16.7,104174697,1758188360,25830,+0.25
20190715,16.85,17.15,16.6,17.15,65840077,1117582269,15583,+0.45
20190716,17.3,17.4,16.85,16.95,47125671,804559799,11386,-0.20
20190717,16.85,17.0,16.6,16.85,27000641,453139104,7129,-0.10
20190718,17.05,17.1,16.7,16.75,27064754,456228671,6536,-0.10
20190719,16.95,17.1,16.8,16.8,24838591,419871558,5798,+0.05
20190722,16.95,17.3,16.9,17.25,39996987,686885302,9579,+0.45
20190723,17.6,17.8,17.35,17.55,71279385,1254816159,15119,+0.30
20190724,17.4,17.7,16.95,17.5,58637425,1018167026,13760,-0.05
20190725,17.75,18.5,17.6,18.5,114731605,2075358750,23235,+1.00
20190726,18.7,19.5,18.5,19.4,147526675,2816459931,32168,+0.90
20190729,19.8,20.3,19.75,20.05,142675301,2853103570,31458,+0.65
20190730,20.0,20.15,19.4,19.8,85827479,1693141249,19722,-0.25
20190731,19.9,19.9,18.95,19.25,103966789,2012542800,23354,-0.55
20190801,18.6,19.6,18.6,19.45,61307129,1180126285,15271,+0.20
20190802,18.9,19.05,18.15,18.6,87911107,1631266122,21285,-0.85
20190805,18.65,18.95,18.35,18.35,41812227,778342494,11557,-0.25
20190806,17.4,18.3,17.4,18.2,50169194,899864117,12772,-0.15
20190807,18.45,18.65,17.7,17.8,49664063,898530234,11718,-0.40
20190808,18.0,18.05,17.15,17.35,70751628,1238483605,16307,-0.45
20190812,17.35,17.6,17.1,17.25,40223757,696634791,8874,-0.10
20190813,17.3,17.4,16.8,16.9,42085911,717812517,10042,-0.35
20190814,17.25,17.6,17.2,17.55,44511978,777866632,10979,+0.65
20190815,16.95,17.15,16.8,17.05,28733078,487602770,7562,-0.50
20190816,17.0,17.1,16.7,16.9,27431204,463398577,7465,-0.15
20190819,17.1,17.3,17.05,17.2,18838870,323939247,6417,+0.30
20190820,17.45,17.55,16.75,16.75,39448766,672098644,10198,-0.45
20190821,16.9,17.1,16.65,16.9,22606030,380804940,7637,+0.15
20190822,17.05,17.1,16.6,16.6,23064511,387037802,6460,-0.30
20190823,16.7,17.5,16.65,17.5,56341934,970570881,13909,+0.90
20190826,17.05,17.15,16.8,16.85,39600230,671911524,9561,-0.65
20190827,17.05,17.15,16.9,16.9,19021073,323372062,4603,+0.05
20190828,17.05,17.4,16.95,17.4,20769465,356542301,5468,+0.50
20190829,17.45,17.45,16.95,17.1,33748750,577774050,8286,-0.30
20190830,17.25,17.45,16.95,17.05,33604018,576540084,7320,-0.05
20190902,17.15,18.0,17.1,17.9,65872744,1164946419,16089,+0.85
20190903,18.0,18.05,17.5,17.55,40595439,719479926,11163,-0.35
20190904,17.55,17.8,17.55,17.8,17775915,314680520,5455,+0.25
20190905,18.0,18.35,17.8,18.0,44194909,798987912,12132,+0.20
20190906,18.2,18.4,18.1,18.3,33128664,605737794,8975,+0.30
20190909,18.5,18.7,18.1,18.2,29442421,542339498,8439,-0.10
20190910,18.25,18.4,17.9,18.3,19873540,361993564,5422,+0.10
20190911,18.4,18.75,18.25,18.3,35902571,664086075,8960, 0.00
20190912,18.8,19.0,18.55,18.65,50233762,944526881,12319,+0.35
20190916,18.7,18.75,18.35,18.55,18766199,347937265,5628,-0.10
20190917,18.65,19.1,18.6,18.95,44424134,841446652,11070,+0.40
20190918,19.1,19.35,18.8,18.9,39848411,761473921,10754,-0.05
20190919,19.1,19.1,18.75,18.75,18877202,356146721,5487,-0.15
20190920,18.85,19.15,18.65,18.8,41214124,777737106,8265,+0.05
20190923,18.8,18.95,18.6,18.65,15095063,282839792,4273,-0.15
20190924,18.85,19.0,18.6,18.6,20628141,387273193,5562,-0.05
20190925,18.55,18.55,18.1,18.5,27681085,506927301,6841,-0.10
20190926,18.65,18.7,18.15,18.15,18446552,338296297,4873,-0.35
20190927,18.1,18.35,17.8,17.85,29466114,529815024,8096,-0.30
20191001,17.95,18.25,17.9,18.05,19046048,344007864,4353,+0.20
20191002,17.9,18.2,17.8,17.95,13222035,237888963,3741,-0.10
20191003,17.75,17.95,17.65,17.7,15927820,282401995,4714,-0.25
20191004,17.85,17.95,17.7,17.75,15192044,270832767,3848,+0.05
20191007,17.85,18.0,17.8,17.95,9429099,168932657,2530,+0.20
20191008,17.95,18.0,17.6,17.6,18930497,334751503,5082,-0.35
20191009,17.5,17.55,16.9,16.9,42984641,733077342,11185,-0.70
20191014,17.3,17.7,17.25,17.65,18291619,319755018,6289,+0.75
20191015,17.65,17.65,17.25,17.25,11904109,207079706,4062,-0.40
20191016,17.45,17.55,17.3,17.35,9471893,164849226,3738,+0.10
20191017,17.35,17.5,17.2,17.45,7775042,135108512,2888,+0.10
20191018,17.55,17.75,17.5,17.65,27785418,490559685,4875,+0.20
20191021,17.6,17.75,17.5,17.65,7641501,134716604,2560, 0.00
20191022,17.8,17.8,17.6,17.6,7974441,140925748,2556,-0.05
20191023,17.6,17.8,17.6,17.7,10784809,191041613,3359,+0.10
20191024,17.75,17.9,17.65,17.9,12556998,223333243,3772,+0.20
20191025,18.15,18.25,17.75,17.75,21225934,382377912,6067,-0.15
20191028,17.8,17.85,17.35,17.35,18211683,318943479,5581,-0.40
20191029,17.45,17.55,17.2,17.3,12303717,213900431,3771,-0.05
20191030,17.3,17.35,17.1,17.1,13211521,227259041,4413,-0.20
20191031,17.15,17.3,17.1,17.15,12539087,215184576,3490,+0.05
20191101,17.1,17.3,17.0,17.05,12295876,209995324,3808,-0.10
20191104,17.1,17.2,16.8,16.9,19183756,324785396,6126,-0.15
20191105,16.9,17.1,16.85,17.1,15292048,259773266,4138,+0.20
20191106,17.1,17.1,16.7,16.8,14312955,241222325,4722,-0.30
20191107,16.8,16.85,16.55,16.55,14971168,249016187,4765,-0.25
20191108,16.7,16.8,16.5,16.65,11284018,187561818,4020,+0.10
20191111,16.6,16.65,16.15,16.2,17496712,284215772,5446,-0.45
20191112,16.3,16.45,16.15,16.4,10717812,174309189,3686,+0.20
20191113,16.4,16.4,16.1,16.15,13314740,215758374,3746,-0.25
20191114,16.2,16.25,16.0,16.05,9012695,144930423,3093,-0.10
20191115,16.2,16.4,16.1,16.25,8332931,135486911,2748,+0.20
20191118,16.4,17.05,16.35,17.0,45146719,758307473,10686,+0.75
20191119,16.85,17.25,16.75,17.0,28051569,477150796,7757, 0.00
20191120,17.1,17.7,17.0,17.65,58651052,1024922275,14840,+0.65
20191121,17.6,17.75,17.35,17.4,33670463,589690189,9222,-0.25
20191122,17.6,17.65,17.1,17.15,19035205,329459696,5614,-0.25
20191125,17.2,17.35,17.05,17.3,13564815,232894951,4334,+0.15
20191126,17.4,17.45,17.2,17.4,24163515,418876016,4612,+0.10
20191127,17.45,17.8,17.4,17.45,20452881,359821957,6425,+0.05
20191128,17.45,18.1,17.45,17.75,63153832,1129266549,14878,+0.30
20191129,17.65,17.9,17.4,17.45,27942014,492600486,7395,-0.30
20191202,17.45,17.55,16.95,17.2,16070293,275984431,5046,-0.25
20191203,17.1,17.85,17.0,17.7,28625706,503019492,8673,+0.50
20191204,17.5,17.95,17.35,17.8,34700135,614086576,8668,+0.10
20191205,17.95,18.85,17.95,18.7,113089248,2091288790,27302,+0.90
20191206,19.0,19.0,18.5,18.6,48526635,910318503,12828,-0.10
20191209,18.45,19.0,18.2,18.7,50836806,949387220,11880,+0.10
20191210,18.7,19.25,18.55,19.05,65242755,1237289095,13835,+0.35
20191211,19.1,19.55,19.0,19.0,81121693,1562698167,19693,-0.05
20191212,19.05,19.2,18.8,18.85,47583015,902053953,11405,-0.15
20191213,19.3,19.3,18.8,19.0,46203290,881212607,11749,+0.15
20191216,19.3,19.85,19.15,19.5,72438009,1418876101,16540,+0.50
20191217,19.6,19.9,19.5,19.7,58996629,1162822445,13532,+0.20
20191218,19.7,19.8,19.35,19.45,24319630,474193499,6973,-0.25
20191219,19.7,20.0,19.6,19.75,51359142,1015638211,13019,+0.30
20191220,19.95,20.15,19.7,19.8,61117416,1219752311,13562,+0.05
20191223,20.15,20.15,19.65,19.75,29670035,588789902,7296,-0.05
20191224,19.75,19.8,19.35,19.4,27675179,539853445,7025,-0.35
20191225,19.5,19.7,19.35,19.65,17201511,335531565,4538,+0.25
20191226,19.85,19.9,19.45,19.45,13107379,257317795,3798,-0.20
20191227,19.55,19.75,19.35,19.55,28732843,562285226,6956,+0.10
20191230,19.6,19.7,19.45,19.55,14618423,285352154,3952, 0.00
20191231,19.5,19.7,19.35,19.55,15312233,299054386,4209, 0.00
20200102,19.85,20.1,19.65,19.65,59376469,1178523824,13865,+0.10
20200103,20.05,20.05,19.5,19.9,58359658,1159264861,12031,+0.25
20200106,20.0,20.6,19.35,19.45,146676369,2929238739,31736,-0.45
20200107,19.65,19.8,18.8,19.05,45004812,864751028,12152,-0.40
20200108,19.1,19.4,19.05,19.1,28857884,553173016,7181,+0.05
20200109,19.35,19.5,19.2,19.3,21900489,423305822,5411,+0.20
20200110,19.4,19.5,19.05,19.15,11536988,221731002,3428,-0.15
20200113,19.3,19.55,19.2,19.55,15385046,298965333,4802,+0.40
20200114,19.65,19.75,19.5,19.6,17540827,344307392,4780,+0.05
20200115,19.75,19.75,19.15,19.15,17434326,337579368,6318,-0.45
20200116,19.1,19.3,19.05,19.25,11718371,224959351,3255,+0.10
20200117,19.45,19.45,19.0,19.05,18513990,353929681,6471,-0.20
20200120,19.2,19.25,19.05,19.2,12207454,234024018,3361,+0.15
20200130,18.1,18.1,17.3,17.3,51566382,905899985,13379,-1.90
20200131,17.3,17.6,16.45,16.95,53036657,901473869,14211,-0.35
20200203,15.7,16.6,15.3,16.55,43161125,688444703,12351,-0.40
20200204,16.75,17.15,16.5,17.15,33093690,557485651,10251,+0.60
20200205,17.2,18.05,17.0,17.55,52808017,926639689,13131,+0.40
20200206,17.65,17.8,17.55,17.75,21857500,386727853,6056,+0.20
20200207,17.5,17.55,16.9,16.95,53497406,915823979,14638,-0.80
20200210,16.0,16.45,15.9,16.1,53607667,866672255,17705,-0.85
20200211,16.25,16.45,16.2,16.4,34051797,556143088,8584,+0.30
20200212,16.6,16.95,16.55,16.8,38324274,642731240,9989,+0.40
20200213,17.0,17.05,16.65,16.65,31561602,529703271,8036,-0.15
20200214,16.6,16.7,16.4,16.5,26334950,435998787,6539,-0.15
20200217,16.4,16.85,16.3,16.75,26849575,446339891,6468,+0.25
20200218,16.65,16.85,16.5,16.6,16202298,269764047,4354,-0.15
20200219,16.5,16.55,16.15,16.45,30917274,505476508,8367,-0.15
20200220,16.65,17.2,16.65,17.15,49859704,841522930,11609,+0.70
20200221,17.1,17.25,16.8,17.0,48616128,828096419,10957,-0.15
20200224,16.9,17.25,16.75,16.9,34791341,593237858,7930,-0.10
20200225,16.7,17.05,16.6,17.0,22811383,383736661,6968,+0.10
20200226,16.7,17.0,16.55,16.55,36616985,612423389,7913,-0.45
20200227,16.75,16.8,16.0,16.0,36223105,590298430,8684,-0.55
20200302,15.5,16.25,15.15,15.8,37979399,595252712,9922,-0.20
20200303,16.3,16.5,16.2,16.3,26330507,430284841,5571,+0.50
20200304,16.2,16.6,16.1,16.6,17325743,284034364,4927,+0.30
20200305,16.85,16.95,16.65,16.65,18275420,306418366,4928,+0.05
20200306,16.45,16.6,16.2,16.25,16631966,271505287,5416,-0.40
20200309,16.05,16.25,15.6,15.6,35002093,555879839,10209,-0.65
20200310,15.25,16.15,15.25,16.15,27443632,431761275,7225,+0.55
20200311,16.15,16.2,15.65,15.65,24191025,384799256,6678,-0.50
20200312,15.4,15.45,14.15,14.2,55980521,816964174,14797,-1.45
20200313,12.8,13.6,12.8,13.6,56088858,729471310,14487,-0.60
20200316,13.7,13.95,12.45,12.5,46813292,612094294,11991,-1.10
20200317,12.0,12.3,11.5,11.5,55504760,655416167,12682,-1.00
20200318,11.8,11.9,11.25,11.25,38512699,448586151,10318,-0.25
20200319,10.7,11.0,10.15,10.15,47823601,497629127,10923,-1.10
20200320,10.5,11.1,10.5,10.75,44373898,479666443,10280,+0.60
20200323,10.1,10.2,9.8,9.96,28049060,280942399,7584,-0.79
20200324,10.45,10.8,10.35,10.6,27139442,286813819,6780,+0.64
20200325,11.3,11.65,11.2,11.65,43801985,505503104,10298,+1.05
20200326,11.75,11.75,11.1,11.65,30105289,345405843,8331, 0.00
20200327,12.35,12.4,11.65,11.65,36950961,442794268,9348, 0.00
20200330,11.2,11.7,11.1,11.7,20082175,228378029,4921,+0.05
20200331,12.0,12.1,11.35,11.35,27235719,316981207,6530,-0.35
20200401,11.45,11.6,11.2,11.6,16073282,184394402,4324,+0.25
20200406,11.8,12.0,11.5,12.0,29779444,351399978,7750,+0.40
20200407,12.3,12.7,12.3,12.5,43784048,545509080,10056,+0.50
20200408,12.55,12.8,12.35,12.75,32086822,406409149,7600,+0.25
20200409,13.05,13.25,12.7,12.8,35676259,461675535,8257,+0.05
20200410,12.75,12.85,12.6,12.65,16456626,208766058,4836,-0.15
20200413,12.65,12.65,12.35,12.35,17434010,217560518,4814,-0.30
20200414,12.5,13.15,12.35,13.05,45227389,584456745,10189,+0.70
20200415,13.2,13.4,13.0,13.25,34808454,460399816,8500,+0.20
20200416,13.0,13.45,12.9,13.4,29115846,384801870,7010,+0.15
20200417,13.7,13.9,13.25,13.3,52809795,716887196,11734,-0.10
20200420,13.25,13.55,13.1,13.4,17575043,234647006,4242,+0.10
20200421,13.3,13.6,12.8,12.8,35421586,464358015,9282,-0.60
20200422,12.6,13.1,12.5,13.0,25712275,329755975,6373,+0.20
20200423,13.1,13.25,12.9,13.0,21266069,277669747,4959, 0.00
20200424,12.95,13.2,12.85,13.0,30753663,401473569,6701, 0.00
20200427,13.15,13.5,13.1,13.45,31096704,413226639,7098,+0.45
20200428,13.75,13.75,13.3,13.4,25594349,344630213,6246,-0.05
20200429,13.45,13.55,13.4,13.5,22253986,300204247,5310,+0.10
20200430,13.8,14.0,13.65,14.0,52938061,734047254,12448,+0.50
20200504,13.5,13.65,13.3,13.4,38133753,513111378,9580,-0.60
20200505,13.55,13.6,13.25,13.3,24796598,332743520,5788,-0.10
20200506,13.4,13.45,13.2,13.2,22318574,296523410,6080,-0.10
20200507,13.3,13.5,13.25,13.4,20417138,273908987,4853,+0.20
20200508,13.65,13.7,13.5,13.5,18835268,255777610,4362,+0.10
20200511,13.75,13.85,13.55,13.7,20276618,278573364,5453,+0.20
20200512,13.75,13.8,13.4,13.5,22802932,309633520,5270,-0.20
20200513,13.4,13.5,13.2,13.4,21938652,292836223,4462,-0.10
20200514,13.25,13.35,12.8,12.8,35276146,458881874,9792,-0.60
20200515,13.1,13.15,12.75,12.9,17645091,228699249,4800,+0.10
20200518,12.9,13.05,12.65,12.75,13667078,175045183,4022,-0.15
20200519,13.05,13.1,12.8,12.9,13831535,178417532,4409,+0.15
20200520,13.05,13.35,13.0,13.1,22673907,298634468,5691,+0.20
20200521,13.25,13.3,13.1,13.15,12701980,167443416,3458,+0.05
20200522,13.15,13.2,12.7,12.75,27932585,359948728,7842,-0.40
20200525,12.8,12.85,12.4,12.6,20993975,263928115,5932,-0.15
20200526,12.7,13.05,12.6,13.0,28937107,373992191,7668,+0.40
20200527,13.3,14.3,13.2,14.3,140952258,1953256922,29680,+1.30
20200528,14.8,15.15,14.0,14.2,176034938,2581280447,42618,-0.10
20200529,14.0,14.2,13.7,13.75,66990067,930227407,17682,-0.45
20200601,13.95,14.05,13.5,13.55,42214280,580909840,11559,-0.20
20200602,13.45,13.75,13.35,13.5,33496106,452671169,8727,-0.05
20200603,13.65,13.85,13.3,13.7,36619614,497660285,9085,+0.20
20200604,13.85,13.9,13.5,13.55,31738490,433431249,6862,-0.15
20200605,13.65,13.9,13.55,13.85,32771293,451405679,7504,+0.30
20200608,14.05,14.2,13.85,13.9,51170808,716840306,9399,+0.05
20200609,14.05,14.2,13.9,14.05,33288618,467623552,6974,+0.15
20200610,14.2,14.25,14.0,14.1,24344614,343226289,5893,+0.05
20200611,14.05,14.1,13.5,13.5,37529161,516058809,8902,-0.60
20200612,13.05,13.3,12.85,13.25,48727804,637133619,10471,-0.25
20200615,13.35,13.4,13.05,13.05,23334337,308556700,5987,-0.20
20200616,13.3,14.1,13.25,13.95,66411373,916090126,15667,+0.90
20200617,14.05,14.1,13.65,13.7,39767692,548722709,11248,-0.25
20200618,13.65,13.65,13.35,13.45,30260547,407727936,7738,-0.25
20200619,13.5,13.65,13.4,13.4,16909739,228303375,4073,-0.05
20200622,13.4,13.7,13.4,13.45,11140129,150624913,3192,+0.05
20200623,13.65,13.65,13.4,13.6,14999823,203245401,3587,+0.15
20200624,13.55,13.6,13.4,13.4,19294703,259734003,4770,-0.20
20200629,13.2,13.5,13.15,13.2,17298562,228965199,4063,-0.20
20200630,13.35,13.4,13.25,13.35,16456218,219209634,3693,+0.15
20200701,13.45,13.7,13.4,13.55,21946999,297186377,4743,+0.20
20200702,13.45,13.6,13.35,13.55,20257718,273641256,4309,X0.00
20200703,13.65,13.7,13.4,13.45,19306480,260607437,3955,-0.10
20200706,13.5,13.8,13.4,13.8,42234130,576035312,8154,+0.35
20200707,14.0,14.15,13.7,13.8,45729459,636318111,8921, 0.00
20200708,13.8,13.9,13.7,13.9,23885930,329576948,4946,+0.10
20200709,14.0,14.05,13.6,13.6,26365350,363640993,5868,-0.30
20200710,13.6,13.65,13.1,13.1,31110218,413211731,7901,-0.50
20200713,13.25,13.75,13.25,13.65,26816300,362829832,6439,+0.55
20200714,13.6,13.6,13.3,13.4,15404215,206595265,4366,-0.25
20200715,13.55,13.55,13.2,13.2,20300757,270514776,5521,-0.20
20200716,13.3,13.45,13.2,13.2,17434067,231374269,4194, 0.00
20200717,13.35,13.4,13.0,13.0,27821727,365212922,6120,-0.20
20200720,13.1,13.15,12.8,12.95,21087598,272909476,4577,-0.05
20200721,13.1,13.3,13.05,13.2,22262276,293938753,5000,+0.25
20200722,13.4,13.65,13.3,13.55,40318569,545663481,9049,+0.35
20200723,13.65,13.8,13.5,13.7,31613541,431927007,7334,+0.15
20200724,13.75,13.85,13.2,13.2,37861501,509500551,9225,-0.50
20200727,13.25,13.35,13.0,13.0,25432633,333220679,6221,-0.20
20200728,13.0,13.3,12.85,12.85,28088297,365822635,6627,-0.15
20200729,12.75,13.0,12.7,12.8,25063188,321475094,5674,-0.05
20200730,13.1,13.65,13.0,13.55,80794499,1084151623,16357,+0.75
20200731,13.5,13.5,13.05,13.1,58776473,776710852,13063,-0.45
20200803,13.1,13.2,12.95,13.0,30699957,400878341,6769,-0.10
20200804,13.15,13.2,13.0,13.05,18809276,245675975,4798,+0.05
20200805,13.2,13.5,13.1,13.45,48150544,644195657,10628,+0.40
20200806,13.55,13.7,13.35,13.35,41196647,557916953,8609,-0.10
20200807,13.4,13.45,13.1,13.3,21922922,290304736,4672,-0.05
20200810,13.3,13.3,13.15,13.15,14376842,189772200,3367,-0.15
20200811,13.25,13.4,13.1,13.15,16921165,223346647,4048, 0.00
20200812,13.1,13.2,13.0,13.1,15990055,209039804,4330,-0.05
20200813,13.2,13.35,13.1,13.2,18198585,240587123,4040,+0.10
20200814,13.1,13.2,13.0,13.15,12564840,164693631,3213,-0.05
20200817,13.15,13.2,13.05,13.1,17474163,229119409,5210,-0.05
20200818,13.15,13.2,13.0,13.1,16130231,211233108,4415, 0.00
20200819,13.05,13.05,12.35,12.4,94104641,1185090421,23237,-0.70
20200820,12.2,12.2,11.5,11.8,51845989,612974955,12549,-0.60
20200821,11.85,11.95,11.55,11.7,35466360,416091243,9822,-0.10
20200824,11.7,11.95,11.55,11.85,20783333,244557315,5916,+0.15
20200825,11.95,12.25,11.9,12.2,21813142,264110709,6245,+0.35
20200826,12.25,12.35,12.1,12.25,23233104,283915253,6675,+0.05
20200827,12.3,12.6,12.25,12.6,31233015,388717858,7685,+0.35
20200828,12.55,12.6,12.35,12.45,16486144,205708325,4670,-0.15
20200831,12.5,12.6,12.15,12.15,32448499,399018545,5251,-0.30
20200901,12.2,12.35,12.1,12.3,15676643,192280341,3307,+0.15
20200902,12.3,12.3,12.05,12.1,18733394,227360002,4903,-0.20
20200903,12.25,12.9,12.2,12.45,52671349,662488419,11330,+0.35
20200904,12.3,12.95,12.2,12.95,53600331,683319001,12975,+0.50
20200907,13.05,13.7,13.05,13.3,110710685,1490019138,23285,+0.35
20200908,13.65,13.7,13.2,13.3,48775292,655207449,11046, 0.00
20200909,13.25,13.65,13.05,13.6,54797874,734243160,11957,+0.30
20200910,13.65,13.7,13.4,13.5,35468415,479499783,7639,-0.10
20200911,13.5,13.7,13.35,13.5,28691089,388047729,6555, 0.00
20200914,13.65,13.9,13.55,13.6,37366358,511465149,8452,+0.10
20200915,13.7,13.75,13.55,13.6,22810166,310986432,5249, 0.00
20200916,13.75,13.75,13.5,13.55,25698387,350491029,5768,-0.05
20200917,13.5,13.9,13.5,13.8,53426673,733467828,10688,+0.25
20200918,13.9,14.05,13.7,13.7,33707864,466312822,7962,-0.10
20200921,13.7,13.7,13.25,13.25,29017596,388912778,6846,-0.45
20200922,13.2,13.35,13.0,13.3,25490497,335630987,5812,+0.05
20200923,13.35,13.4,12.9,13.0,37381158,489594354,8124,-0.30
20200924,12.85,12.95,12.7,12.75,23181919,297179087,6231,-0.25
20200925,12.9,12.95,12.15,12.25,32196347,400824721,8325,-0.50
20200928,12.75,13.45,12.6,13.45,58852265,780388691,10935,+1.20
20200929,13.75,13.95,13.35,13.7,126164414,1726961209,26284,+0.25
20200930,13.75,14.0,13.5,13.95,68507526,949593122,14725,+0.25
20201005,14.05,14.45,13.85,13.95,118912441,1678215579,20771, 0.00
20201006,14.2,14.25,13.95,14.2,43556819,613638907,9355,+0.25
20201007,14.15,14.6,14.05,14.5,69632155,1002650481,15144,+0.30
20201008,14.5,14.55,14.15,14.4,46157632,662266487,10406,-0.10
20201012,15.0,15.5,14.35,14.4,137477920,2042456118,28081, 0.00
20201013,14.45,15.05,14.0,15.0,96010766,1409139090,22589,+0.60
20201014,15.25,15.4,15.0,15.05,91016093,1381628569,17072,+0.05
20201015,15.0,15.05,14.6,14.65,33365910,492757554,9139,-0.40
20201016,14.7,14.8,14.35,14.5,38265359,555842496,8815,-0.15
20201019,14.65,14.8,14.5,14.55,23504040,343982667,5238,+0.05
20201020,14.55,14.7,14.45,14.65,22044551,321320746,4674,+0.10
20201021,14.9,15.15,14.6,15.15,74868602,1115529626,13750,+0.50
20201022,15.3,15.85,15.0,15.85,293901225,4542472009,49489,+0.70
20201023,16.0,17.4,15.95,17.4,379859991,6386868574,79425,+1.55
20201026,17.5,18.9,17.3,18.6,457258594,8325419446,98348,+1.20
20201027,18.3,18.5,17.5,17.8,265033706,4740103198,61886,-0.80
20201028,17.65,17.7,17.0,17.2,179843837,3111908173,38877,-0.60
20201029,16.85,17.35,16.7,17.2,144544085,2468518023,29548, 0.00
20201030,17.1,17.5,16.9,16.95,97878624,1676866345,22270,-0.25
20201102,17.1,17.25,16.8,16.95,58563212,994643228,13595, 0.00
20201103,17.3,17.9,17.15,17.6,158065171,2779140790,32800,+0.65
20201104,17.8,18.1,17.5,17.75,125189051,2225652529,26981,+0.15
20201105,17.75,17.85,17.3,17.35,65613317,1146520630,15615,-0.40
20201106,17.7,18.1,17.3,17.35,104006316,1837537410,23724, 0.00
20201109,17.65,17.7,17.3,17.4,42772343,746665132,10368,+0.05
20201110,17.5,17.75,17.2,17.5,60080917,1050238728,13101,+0.10
20201111,17.6,17.7,17.35,17.45,42322266,741003041,11268,-0.05
20201112,17.6,17.95,17.4,17.9,74897709,1323904214,18522,+0.45
20201113,17.75,17.75,17.4,17.4,113393251,1988038217,25263,-0.50
20201116,17.25,17.3,17.0,17.05,72411422,1238400841,19467,-0.35
20201117,17.1,17.45,17.1,17.2,46996004,813403996,12267,+0.15
20201118,17.3,17.55,17.3,17.4,35826304,625649985,10003,+0.20
20201119,17.45,17.6,17.3,17.45,27235393,474850835,6915,+0.05
20201120,17.55,17.9,17.5,17.55,75062425,1328416179,18784,+0.10
20201123,17.65,18.3,17.65,18.1,152707318,2748696034,33707,+0.55
20201124,18.65,19.0,18.3,18.5,180539755,3364426874,45363,+0.40
20201125,18.75,18.8,17.6,17.7,149740124,2709215734,39391,-0.80
20201126,17.75,17.8,17.5,17.65,51167542,903085831,13455,-0.05
20201127,17.75,18.3,17.7,18.2,121637515,2202588267,25431,+0.55
20201130,18.35,18.7,18.3,18.3,118188403,2178043154,22178,+0.10
20201201,18.65,20.05,18.35,19.95,349286564,6732665269,78541,+1.65
20201202,20.4,21.9,20.4,21.9,525128522,11283722342,110274,+1.95
20201203,22.2,22.3,21.35,21.55,278588504,6087350718,72236,-0.35
20201204,22.2,23.7,22.2,23.7,317711078,7359079447,82713,+2.15
20201207,25.2,26.05,25.0,26.05,412276465,10651552723,79109,+2.35
20201208,25.8,26.4,25.05,26.35,318986950,8234814825,82174,+0.30
20201209,25.85,26.75,25.6,26.5,175328353,4567914192,48681,+0.15
20201210,25.55,25.75,23.9,24.4,251985575,6272130247,75589,-2.10
20201211,24.95,25.3,23.4,24.0,183060819,4434568878,50002,-0.40
20201214,24.5,25.15,23.85,24.4,125179262,3076341107,33294,+0.40
20201215,24.35,24.4,23.45,23.65,112620644,2690687481,29715,-0.75
20201216,24.7,25.25,24.1,24.15,186089645,4578080458,44060,+0.50
20201217,24.25,24.8,23.7,24.45,107845144,2629565265,27355,+0.30
20201218,24.8,24.95,24.0,24.05,97353661,2380884194,26479,-0.40
20201221,24.05,24.75,23.7,24.4,144705439,3507445162,36658,+0.35
20201222,24.2,24.95,23.75,23.8,128522014,3135352754,35483,-0.60
20201223,24.15,24.7,23.65,24.7,108216835,2631347271,28750,+0.90
20201224,25.0,26.6,24.6,25.8,333847552,8551444893,88702,+1.10
20201225,26.3,27.05,26.0,26.7,280446528,7445481461,79484,+0.90
20201228,27.8,29.35,27.7,29.35,337575919,9675719510,91371,+2.65
20201229,30.1,30.6,28.3,28.4,426541374,12546751933,131365,-0.95
20201230,28.95,30.8,28.25,29.9,401044402,11940340355,115855,+1.50
20201231,30.35,31.15,28.75,29.05,438202690,13100326795,125843,-0.85
20210104,29.4,29.65,27.75,28.0,236685658,6691711526,79750,-1.05
20210105,28.2,28.85,28.1,28.45,146312854,4157863270,46010,+0.45
20210106,28.75,28.9,27.05,27.35,192450388,5377848334,60269,-1.10
20210107,27.8,28.15,26.7,27.6,143571698,3952943285,45814,+0.25
20210108,28.5,29.35,28.3,29.0,264843070,7654812351,81167,+1.40
20210111,28.95,29.0,28.3,28.45,120763873,3453070496,37947,-0.55
20210112,28.45,28.85,27.15,27.3,143160358,3981972641,46234,-1.15
20210113,27.7,28.2,27.45,27.7,75233523,2096326591,23032,+0.40
20210114,27.85,28.75,27.75,28.45,97414271,2762311026,30329,+0.75
20210115,28.75,28.9,27.5,27.5,98096522,2742758181,32582,-0.95
20210118,27.1,27.15,24.9,25.75,173370432,4443937052,54610,-1.75
20210119,26.05,26.85,25.85,26.6,102178584,2700760026,28435,+0.85
20210120,27.1,27.8,25.9,26.25,137052448,3663156636,41452,-0.35
20210121,26.7,27.8,26.65,27.0,145709068,3962907741,39600,+0.75
20210122,27.35,28.0,27.2,28.0,100240616,2768298211,31457,+1.00
20210125,28.25,28.85,27.45,28.8,164540551,4661507369,48167,+0.80
20210126,28.75,28.75,27.65,27.7,130173262,3655550803,38802,-1.10
20210127,27.95,28.25,27.6,27.8,73133152,2040629842,21243,+0.10
20210128,26.9,27.1,26.5,26.5,117174866,3134272621,35994,-1.30
20210129,27.0,27.5,26.45,26.45,87063900,2344577631,27135,-0.05
20210201,26.55,27.5,26.2,27.45,88273604,2376153245,26621,+1.00
20210202,27.75,28.1,27.3,27.35,100513518,2782278523,29044,-0.10
20210203,27.65,28.25,27.45,27.8,116839628,3262924112,29992,+0.45
20210204,27.75,28.2,27.6,27.9,61044039,1704098278,18177,+0.10
20210205,28.5,29.15,28.1,28.3,275458456,7884385249,77201,+0.40
20210217,29.4,30.3,28.8,29.05,204693515,6031662036,63884,+0.75
20210218,29.4,31.5,29.3,31.5,381155469,11593188072,109554,+2.45
20210219,31.1,31.15,29.8,30.45,278662923,8468972475,83794,-1.05
20210222,31.4,32.5,30.9,30.9,237283247,7467568941,74642,+0.45
20210223,30.8,31.9,30.4,31.7,168862909,5264264743,51915,+0.80
20210224,31.95,32.3,30.6,30.7,194411545,6140773585,62357,-1.00
20210225,31.5,31.7,30.75,31.45,123785266,3874946859,36935,+0.75
20210226,30.5,30.95,30.4,30.55,104328127,3199791366,32964,-0.90
20210302,31.3,31.6,29.85,29.95,101485478,3127322034,32656,-0.60
20210303,30.15,30.55,29.05,29.6,108787198,3217629550,34757,-0.35
20210304,29.1,29.2,28.1,28.25,137496622,3924086092,48239,-1.35
20210305,27.2,27.95,26.95,27.4,104413957,2863591348,36463,-0.85
20210308,28.1,28.1,27.0,27.1,73778296,2032441041,24235,-0.30
20210309,27.0,27.3,26.2,26.55,95121309,2531118444,31667,-0.55
20210310,27.1,27.3,26.8,26.85,60169160,1624661777,20105,+0.30
20210311,27.05,28.2,27.05,28.2,75809751,2103671890,26051,+1.35
20210312,28.65,28.85,28.05,28.2,89149787,2532333608,28439, 0.00
20210315,28.2,28.2,27.7,27.9,42601414,1189773586,14798,-0.30
20210316,28.2,28.45,28.0,28.2,39996982,1128180894,13187,+0.30
20210317,28.4,28.5,28.05,28.15,35269809,995915301,12187,-0.05
20210318,28.3,28.75,28.2,28.3,45302108,1289238844,15781,+0.15
20210319,28.0,28.2,27.45,28.2,108651591,3026793017,24781,-0.10
20210322,28.1,28.4,27.7,28.35,52276840,1469638226,17708,+0.15
20210323,28.7,29.2,28.4,28.4,96190949,2774456621,28811,+0.05
20210324,28.2,28.65,27.9,28.0,59148548,1663233014,17399,-0.40
20210325,28.0,28.25,27.6,27.95,38405661,1071993153,13015,-0.05
20210326,28.2,29.15,28.15,29.1,116884173,3372998145,37728,+1.15
20210329,29.35,29.85,29.2,29.8,111468923,3299559333,33353,+0.70
20210330,30.05,30.3,29.25,29.6,74671525,2213179181,24905,-0.20
20210331,29.6,29.8,29.25,29.5,49404909,1456925439,15984,-0.10
20210401,30.1,31.25,29.85,30.6,251281529,7692063594,75280,+1.10
20210406,31.2,31.4,30.1,30.15,138389753,4245197417,43657,-0.45
20210407,30.35,30.4,29.7,30.15,77192124,2319106113,26066, 0.00
20210408,30.3,31.2,30.1,31.2,103267162,3177009640,32794,+1.05
20210409,31.8,34.3,31.8,34.3,459437362,15173450459,123198,+3.10
20210412,34.5,36.8,34.3,34.85,544978308,19296254013,155442,+0.55
20210413,35.8,37.0,33.35,34.05,302798891,10754305948,95374,-0.80
20210414,35.1,35.5,32.3,34.8,257659341,8795911231,81410,+0.75
20210415,34.5,34.5,33.3,34.1,134089922,4557513751,44026,-0.70
20210416,34.55,35.85,34.5,35.8,194149647,6869974203,60183,+1.70
20210419,36.7,37.75,36.0,36.0,204271263,7526916890,66105,+0.20
20210420,36.1,37.25,35.65,36.7,129419070,4756300070,41706,+0.70
20210421,36.8,37.45,36.15,36.45,131737765,4835621414,46042,-0.25
20210422,36.9,36.95,33.05,34.25,206539416,7285243446,76270,-2.20
20210423,34.7,35.95,34.65,35.65,103182290,3650313762,35625,+1.40
20210426,36.9,38.4,36.8,37.4,206067505,7736863236,67155,+1.75
20210427,38.0,38.6,37.5,38.5,171932936,6546612290,57600,+1.10
20210428,38.75,38.9,37.3,37.45,151224781,5745413655,57729,-1.05
20210429,37.45,37.6,35.7,35.7,123741804,4478242747,47267,-1.75
20210503,35.6,35.6,33.5,33.5,117840314,4039034650,41057,-2.20
20210504,34.3,34.75,31.1,33.65,132278953,4388190189,49257,+0.15
20210505,33.85,34.1,31.4,31.4,107313721,3497560828,40912,-2.25
20210506,31.65,32.45,30.65,30.85,101767635,3198118007,33350,-0.55
20210507,32.7,33.9,32.5,33.9,109972508,3666699152,34365,+3.05
20210510,34.3,34.55,32.65,32.8,132823634,4424417308,41639,-1.10
20210511,31.5,31.9,30.0,30.55,111384506,3465959860,38552,-2.25
20210512,30.5,30.85,27.5,28.25,169482590,4891271126,57392,-2.30
20210513,27.5,29.8,26.9,28.85,123098363,3520684212,42924,+0.60
20210514,30.1,30.45,28.05,28.45,92784588,2719037004,35343,-0.40
20210517,25.85,28.05,25.65,25.65,101311621,2672293814,32642,-2.80
20210518,27.0,28.2,26.5,28.2,77331398,2151306755,21075,+2.55
20210519,28.95,29.7,27.75,28.85,130513321,3746697469,43058,+0.65
20210520,28.5,29.35,28.0,28.05,59001922,1686646159,22215,-0.80
20210521,28.95,29.15,28.4,28.9,46755604,1344794396,15587,+0.85
20210524,28.8,30.0,28.4,29.9,76245145,2242790862,26701,+1.00
20210525,30.55,32.85,30.2,31.9,241006416,7693888142,72359,+2.00
20210526,32.15,32.8,31.5,31.55,122445542,3921876032,45250,-0.35
20210527,31.5,31.85,30.8,31.2,79664607,2484912916,26177,-0.35
20210528,32.45,34.3,32.2,33.85,199214639,6694208844,68457,+2.65
20210531,34.25,34.85,33.4,34.15,145203450,4967441182,53586,+0.30
20210601,35.0,36.4,34.4,34.5,180022367,6349215413,62594,+0.35
20210602,35.55,35.8,33.4,33.9,117094786,4035123203,44165,-0.60
20210603,34.4,34.95,34.0,34.75,85289510,2951377347,29732,+0.85
20210604,34.65,34.7,33.65,33.95,77460374,2633091782,27091,-0.80
20210607,34.3,34.45,32.7,34.1,64157082,2178946970,22427,+0.15
20210608,34.8,34.95,33.65,33.7,58263183,1992950791,20770,-0.40
20210609,33.9,33.9,32.85,32.95,58584240,1944695018,20952,-0.75
20210610,33.1,33.9,33.0,33.5,55629695,1864429782,21036,+0.55
20210611,33.95,35.7,33.85,34.2,171971957,5973470539,58805,+0.70
20210615,34.85,35.2,34.45,35.0,87281691,3043660411,29525,+0.80
20210616,34.75,34.85,33.55,33.65,80694799,2754392091,30540,-1.35
20210617,33.3,34.45,32.95,34.45,60649957,2040844770,22768,+0.80
20210618,34.6,35.2,34.3,34.55,89734221,3113917994,32898,+0.10
20210621,34.1,34.2,33.05,33.1,85180393,2841937171,33554,-1.45
20210622,33.6,33.75,32.5,32.5,62475472,2056010997,26433,-0.60
20210623,32.65,33.85,32.3,33.5,81614899,2707791625,28267,+1.00
20210624,33.7,34.7,33.45,34.45,162054300,5533329308,49118,+0.95
20210625,35.0,36.3,34.45,34.6,278683533,9853053049,93200,+0.15
20210628,35.15,35.45,34.5,34.9,89526348,3135809853,30610,+0.30
20210629,35.4,35.55,34.1,34.1,80015785,2781274295,30123,-0.80
20210630,34.25,34.95,34.1,34.85,58212811,2010753751,19185,+0.75
20210701,34.85,34.85,33.9,34.0,58378419,1999245362,22232,-0.85
20210702,34.05,35.1,34.0,34.8,83032982,2880354320,28348,+0.80
20210705,35.1,35.9,35.0,35.2,89293350,3161691371,30934,+0.40
20210706,35.55,35.7,34.55,34.7,43129227,1508388777,17145,-0.50
20210707,34.5,35.1,34.4,35.0,53729699,1871479911,19237,+0.30
20210708,35.4,35.6,34.85,34.85,64681644,2277489286,22418,-0.15
20210709,35.0,36.15,34.9,35.3,195886300,6963602009,60799,+0.45
20210712,36.1,36.35,35.0,35.0,102854798,3667028343,33307,-0.30
20210713,35.7,38.25,35.45,38.05,513860692,19362991405,128140,X0.00
20210714,38.3,38.5,35.1,35.1,295331065,10710320567,105832,-2.95
20210715,35.4,35.9,34.7,35.2,94198566,3313739070,35066,+0.10
20210716,34.75,35.55,34.5,35.0,68199344,2383165753,25399,-0.20
20210719,34.6,34.65,33.6,34.0,107915727,3668596033,40707,-1.00
20210720,33.5,33.8,33.0,33.05,77171515,2569719588,32583,-0.95
20210721,33.55,33.65,31.95,32.1,81726043,2661418321,34752,-0.95
20210722,32.8,33.6,32.4,33.2,75818295,2499548614,28585,+1.10
20210723,33.3,33.75,33.0,33.55,72933219,2434690778,24883,+0.35
20210726,33.95,34.35,33.7,33.75,61695806,2096400452,19299,+0.20
20210727,34.2,34.45,33.6,33.65,50301609,1706528736,17592,-0.10
20210728,33.3,33.45,30.95,32.0,101304478,3229620343,39820,-1.65
20210729,32.55,33.0,31.95,33.0,43303120,1408708836,15287,+1.00
20210730,33.3,35.2,33.2,34.2,161839832,5557303067,55836,+1.20
20210802,34.3,35.4,33.75,35.3,146118724,5096222720,44062,+1.10
20210803,34.3,34.7,33.6,33.95,119756625,4074497114,42805,-1.35
20210804,34.25,35.3,34.0,35.3,121311495,4226187623,39651,+1.35
20210805,35.45,35.85,34.8,35.8,143330724,5072996027,42442,+0.50
20210806,35.0,35.25,34.0,34.1,141733333,4885541658,52122,-1.70
20210809,34.0,34.65,33.55,33.95,63319925,2156990970,21562,-0.15
20210810,34.2,34.5,33.55,33.65,52885322,1795777774,19536,-0.30
20210811,33.25,33.25,31.35,31.85,146626882,4717292466,57625,-1.80
20210812,30.95,31.3,30.35,30.65,125780237,3864457387,46777,-1.20
20210813,29.85,30.0,28.5,28.5,157646482,4590925597,61394,-2.15
20210816,28.5,29.25,28.35,29.1,90267418,2608104413,33980,+0.60
20210817,29.2,29.35,28.35,28.75,59304564,1708636464,19229,-0.35
20210818,28.45,30.1,28.35,30.1,66771965,1956095802,25380,+1.35
20210819,29.65,30.1,28.75,28.9,48546654,1425351458,18680,-1.20
20210820,29.05,29.25,28.35,28.4,38353872,1099743003,15295,-0.50
20210823,28.9,29.8,28.85,29.5,35628180,1045438246,12810,+1.10
20210824,30.0,30.15,28.85,28.9,42608751,1250419731,15742,-0.60
20210825,29.1,29.95,29.05,29.7,38859164,1149910764,13699,+0.80
20210826,29.9,30.1,29.15,29.2,39710433,1170984611,14191,-0.50
20210827,29.2,29.5,28.9,29.15,30182118,879982269,9788,-0.05
20210830,29.4,29.75,29.2,29.65,25183747,743741866,8899,+0.50
20210831,29.65,29.8,29.2,29.5,32256586,952134463,8785,-0.15
20210901,29.6,30.7,29.45,30.55,64293116,1939231385,21521,+1.05
20210902,30.4,30.75,29.95,29.95,51956810,1569531603,18606,-0.60
20210903,30.35,30.95,30.2,30.85,80390956,2463996097,26385,+0.90
20210906,30.85,31.6,30.2,30.3,66439988,2049992029,24321,-0.55
20210907,30.4,30.5,29.8,30.15,28445417,856406226,10230,-0.15
20210908,30.2,30.2,28.7,28.85,51909768,1516620566,22063,-1.30
20210909,28.4,29.65,28.35,29.4,32380207,946961841,10719,+0.55
20210910,29.55,30.2,29.2,30.1,34629330,1032794123,11668,+0.70
20210913,30.0,30.2,29.7,29.7,19104731,571221226,6859,-0.40
20210914,30.0,30.3,29.35,29.4,22512015,670385315,8304,-0.30
20210915,29.4,29.4,28.85,28.9,20028250,580339905,8654,-0.50
20210916,29.05,29.15,28.65,28.7,15469912,445703544,6397,-0.20
20210917,28.4,28.65,27.6,27.7,73655967,2053445372,26232,-1.00
20210922,26.95,27.6,26.2,27.35,52850250,1424697796,16637,-0.35
20210923,27.65,27.8,26.85,26.95,35492149,964648980,13518,-0.40
20210924,27.3,27.5,27.0,27.35,21952619,599105424,7874,+0.40
20210927,27.5,27.9,27.45,27.65,23942673,662059141,7749,+0.30
20210928,27.5,27.5,27.05,27.15,17695885,481079805,6488,-0.50
20210929,26.4,26.5,26.1,26.25,42036454,1104611736,16230,-0.90
20210930,26.4,27.0,26.35,26.5,30762010,819884169,9325,+0.25
20211001,26.35,26.4,25.45,25.6,37631706,973867102,15240,-0.90
20211004,25.8,26.4,25.0,25.05,30771570,784272413,11342,-0.55
20211005,24.55,25.8,24.45,25.7,29923789,754517891,9872,+0.65
20211006,26.0,26.05,24.65,24.75,27318107,685993147,12020,-0.95
20211007,25.0,25.7,24.95,25.5,20121105,510458145,7507,+0.75
20211008,25.8,26.35,25.4,25.55,24801780,641637282,9171,+0.05
20211012,25.2,25.45,24.7,25.05,24456172,614057188,7622,-0.50
20211013,25.1,25.25,23.75,24.0,45573066,1104140833,15384,-1.05
20211014,24.45,25.3,24.45,25.2,43414396,1083211549,14357,+1.20
20211015,25.9,26.0,25.4,25.75,32124779,826576861,12621,+0.55
20211018,25.75,25.95,25.25,25.5,18916110,483717769,6695,-0.25
20211019,24.9,24.95,24.0,24.7,80244654,1962314377,27249,-0.80
20211020,24.6,25.15,24.45,24.9,36102598,897195699,13127,+0.20
20211021,24.7,25.45,24.6,25.0,28152845,708434706,9193,+0.10
20211022,25.0,25.4,24.8,25.1,29535076,742852404,9868,+0.10
20211025,25.05,25.7,24.9,25.7,19086735,484243460,7109,+0.60
20211026,25.95,26.3,25.85,26.1,40007272,1043231624,11996,+0.40
20211027,25.9,26.15,25.5,26.15,30468130,786573942,10846,+0.05
20211028,26.05,26.65,25.9,26.15,33877538,891588599,11808, 0.00
20211029,26.35,26.7,26.1,26.3,29092919,768585631,10347,+0.15
20211101,26.6,26.7,26.2,26.35,20546856,542336399,7658,+0.05
20211102,26.55,27.25,26.2,26.2,44676492,1193122112,15058,-0.15
20211103,26.35,27.25,26.35,27.25,46965385,1266914716,17337,+1.05
20211104,27.35,27.4,26.55,26.55,38989578,1042492856,15693,-0.70
20211105,27.1,27.15,26.7,26.85,27812944,748630222,9541,+0.30
20211108,27.05,27.6,26.95,27.35,31518047,863123196,10583,+0.50
20211109,27.8,28.2,27.75,28.15,37073628,1039817995,14910,+0.80
20211110,28.2,28.4,27.65,28.35,39369225,1107778332,15213,+0.20
20211111,27.9,28.6,27.75,28.35,44659188,1259323657,15431, 0.00
20211112,28.8,29.95,28.75,29.35,90195384,2649684283,32242,+1.00
20211115,30.2,30.5,29.9,30.15,70739448,2136078135,29979,+0.80
20211116,30.15,30.75,30.05,30.6,60523004,1847195279,22655,+0.45
20211117,31.0,31.45,30.05,30.3,67016125,2060275898,29267,-0.30
20211118,30.45,30.9,30.2,30.55,41329790,1263790221,16370,+0.25
20211119,30.9,30.95,29.5,29.7,47564956,1426342300,20819,-0.85
20211122,30.65,31.8,30.55,31.75,144488815,4535920170,52605,+2.05
20211123,31.65,32.2,31.0,31.3,90836071,2860792642,36431,-0.45
20211124,31.4,31.55,30.5,31.25,43936316,1365912920,19978,-0.05
20211125,31.65,31.7,31.0,31.15,35464737,1109039356,11363,-0.10
20211126,31.15,31.15,30.05,30.15,58768236,1790171798,21961,-1.00
20211129,29.45,31.1,29.35,30.9,50285705,1525318613,20379,+0.75
20211130,31.55,32.85,31.45,32.05,133516987,4306322443,53174,+1.15
20211201,31.85,32.65,31.5,32.4,74075518,2392146118,32385,+0.35
20211202,32.5,33.15,31.6,31.75,96462306,3131504474,39823,-0.65
20211203,32.1,32.75,32.05,32.6,48890267,1586737921,19211,+0.85
20211206,32.3,32.3,31.5,31.9,49151117,1564132246,22709,-0.70
20211207,32.0,32.1,31.2,31.5,45625441,1438102657,18704,-0.40
20211208,32.0,32.15,31.4,31.45,33064828,1050984750,12596,-0.05
20211209,31.7,31.9,31.2,31.4,21100144,665416010,9853,-0.05
20211210,31.35,31.4,30.8,30.9,26232889,812573615,11667,-0.50
20211213,30.85,31.3,30.65,30.7,17263377,534503110,7313,-0.20
20211214,30.35,30.6,29.85,29.9,27590734,830915252,12314,-0.80
20211215,30.0,30.95,30.0,30.75,19124525,584664609,8209,+0.85
20211216,31.15,31.35,30.7,30.8,23963693,741712266,10617,+0.05
20211217,30.75,30.95,30.4,30.55,15124691,463507321,6302,-0.25
20211220,30.35,31.1,30.25,30.55,14066166,432384056,5836, 0.00
20211221,31.15,31.6,30.85,30.95,45122979,1408415714,18016,+0.40
20211222,31.8,32.3,31.25,31.25,56408014,1791741989,22354,+0.30
20211223,31.8,31.85,31.3,31.45,20717881,653625174,8290,+0.20
20211224,31.85,32.15,31.6,31.65,47164577,1504320693,15246,+0.20
20211227,31.95,31.95,31.4,31.4,23948434,755365516,11490,-0.25
20211228,31.6,31.9,31.45,31.6,19152019,606561125,7417,+0.20
20211229,31.75,31.85,31.6,31.65,12514196,396704577,5463,+0.05
20211230,32.0,34.05,31.85,34.0,229670545,7623608458,77077,+2.35
20220103,33.7,33.7,31.9,32.1,122121153,3996422895,47465,-1.90
20220104,32.3,32.4,31.6,31.7,47227389,1510086268,23838,-0.40
20220105,31.85,32.2,31.3,31.3,45909021,1451835353,16331,-0.40
20220106,31.05,31.05,30.4,30.65,45004249,1378765895,17677,-0.65
20220107,30.8,31.0,30.15,30.3,32942268,1003302767,11695,-0.35
20220110,30.05,30.8,29.9,30.65,22444167,684439533,7816,+0.35
20220111,30.45,30.7,29.9,30.0,26188595,790217428,10212,-0.65
20220112,30.2,30.4,29.5,30.1,32789028,980744214,12223,+0.10
20220113,30.25,30.4,30.0,30.1,14196346,428397752,6036, 0.00
20220114,30.05,30.1,29.3,29.7,26044771,770771384,10630,-0.40
20220117,29.75,30.65,29.7,30.6,20412429,618299988,8128,+0.90
20220118,30.65,31.05,30.45,30.45,28708868,883449586,11629,-0.15
20220119,30.15,30.75,30.1,30.45,19190471,583985373,6720, 0.00
20220120,30.35,30.85,30.25,30.75,13552830,414978124,6239,+0.30
20220121,30.45,30.65,29.9,30.0,20684620,623273825,9516,-0.75
20220124,29.6,29.7,29.0,29.5,15412735,453263735,7116,-0.50
20220125,29.3,29.85,29.25,29.6,19357536,573841391,7159,+0.10
20220126,29.6,30.7,29.6,29.95,29333727,884103230,12060,+0.35
20220207,30.4,30.5,29.85,30.4,19057271,575633310,6738,+0.45
20220208,30.5,32.3,30.45,31.85,67238829,2136928217,24224,+1.45
20220209,32.3,32.7,32.1,32.55,54113431,1757976297,18797,+0.70
20220210,32.7,33.5,32.7,33.3,91719640,3046654532,30932,+0.75
20220211,33.05,33.45,32.9,33.1,41089969,1364075137,16251,-0.20
20220214,32.6,32.6,31.0,32.1,81846166,2594802730,32051,-1.00
20220215,32.4,32.8,32.0,32.15,33132669,1070947755,12722,+0.05
20220216,33.0,34.0,32.95,33.85,98369276,3305665287,37570,+1.70
20220217,34.05,36.45,34.05,35.0,248093716,8747458762,88635,+1.15
20220218,35.0,36.4,34.75,35.95,160106360,5710431763,60180,+0.95
20220221,35.6,35.65,34.5,34.75,87192232,3046608326,38840,-1.20
20220222,34.2,34.25,33.15,34.15,69695021,2357889018,28523,-0.60
20220223,34.85,35.2,34.2,34.8,58048358,2013332760,20744,+0.65
20220224,33.5,33.9,32.65,32.8,66526360,2208591438,27379,-2.00
20220225,33.5,33.8,32.85,33.0,33890554,1125974383,12503,+0.20
20220301,33.75,34.15,33.5,34.0,31555773,1069900559,11693,+1.00
20220302,33.6,33.9,33.1,33.75,18596041,623701921,9473,-0.25
20220303,34.7,35.0,34.2,34.5,37865122,1312379999,16252,+0.75
20220304,33.95,34.6,33.75,33.85,22290184,760119861,12612,-0.65
20220307,33.2,33.25,32.0,32.35,32276247,1045535308,16173,-1.50
20220308,32.0,32.95,31.3,31.3,32620079,1041640714,16288,-1.05
20220309,32.0,32.1,31.5,31.75,20186063,642388767,10605,+0.45
20220310,33.0,33.65,32.65,33.3,33130369,1100522351,13985,+1.55
20220311,32.8,33.8,32.75,33.65,29274650,980911283,13884,+0.35
20220314,34.25,34.5,33.7,34.2,24208283,824225335,11062,+0.55
20220315,34.15,34.15,33.1,33.25,20990249,702074891,10735,-0.95
20220316,33.8,33.9,32.3,32.65,24389064,802100550,12076,-0.60
20220317,33.95,35.0,33.65,34.9,73188884,2526103359,29885,+2.25
20220318,34.9,36.0,34.55,35.5,89609180,3184828366,30654,+0.60
20220321,36.0,36.2,34.8,34.95,35990236,1270841332,17192,-0.55
20220322,35.0,35.05,33.95,34.3,26539022,912100188,12725,-0.65
20220323,34.9,35.65,34.65,34.9,65759631,2312547970,23177,+0.60
20220324,34.2,34.4,32.05,32.2,165399922,5396533982,71115,-2.70
20220325,32.0,32.3,31.5,32.05,64393362,2055564932,25778,-0.15
20220328,31.75,31.85,31.3,31.55,29038829,914964330,15636,-0.50
20220329,31.75,32.2,31.6,31.85,28208750,899634864,11259,+0.30
20220330,32.4,32.45,31.55,31.6,27734448,883830940,14953,-0.25
20220331,31.8,31.95,31.1,31.2,34079812,1070624712,14164,-0.40
20220401,30.85,30.85,29.85,30.05,88332899,2660104722,42735,-1.15
20220406,29.8,29.85,28.95,29.2,91552831,2673294022,40320,-0.85
20220407,29.3,29.7,28.55,28.6,63027377,1832373379,27852,-0.60
20220408,29.0,29.1,28.5,28.6,30372094,872963861,15055, 0.00
20220411,28.85,28.95,27.9,28.1,36640865,1035094074,17301,-0.50
20220412,28.0,28.1,26.9,27.45,90122366,2462421154,33413,-0.65
20220413,27.85,28.45,27.7,28.45,41192348,1156911943,18487,+1.00
20220414,28.5,28.5,27.15,27.3,79510378,2188118175,33302,-1.15
20220415,27.1,27.55,26.85,27.0,46697536,1264253341,18755,-0.30
20220418,26.8,27.4,26.5,27.25,26364112,714334104,12086,+0.25
20220419,27.6,27.8,27.35,27.4,26185393,722348095,11581,+0.15
20220420,27.85,28.3,27.7,28.25,44603544,1250116399,17359,+0.85
20220421,28.6,28.6,28.0,28.5,37840911,1069570645,13259,+0.25
20220422,27.8,28.4,27.7,28.1,32064698,899186376,11494,-0.40
20220425,27.35,27.45,26.9,27.0,29721190,805522394,13478,-1.10
20220426,27.35,27.35,26.7,26.95,16034631,433322071,7506,-0.05
20220427,26.1,26.5,25.55,26.45,34394885,895432437,14923,-0.50
20220428,26.5,27.2,26.25,27.05,21979044,589075086,9500,+0.60
20220429,27.6,27.9,27.15,27.25,24543412,674944986,8761,+0.20
20220503,27.2,27.5,27.15,27.35,10716230,292858283,4315,+0.10
20220504,27.5,27.7,26.95,27.25,23625048,641591465,9518,-0.10
20220505,27.8,28.35,27.65,28.25,41026817,1148490654,14872,+1.00
20220506,27.75,28.0,27.3,27.85,28393693,787871904,10210,-0.40
20220509,27.45,27.75,27.15,27.2,16923033,464135752,7350,-0.65
20220510,26.65,27.65,26.65,27.6,24266960,662197595,10528,+0.40
20220511,27.6,27.75,27.3,27.6,15931389,438708097,8431, 0.00
20220512,27.4,27.8,27.1,27.25,22138338,606436095,8881,-0.35
20220513,27.65,27.85,27.35,27.8,18718232,517695270,6812,+0.55
20220516,28.25,28.45,27.8,27.9,29104088,818042251,10953,+0.10
20220517,28.15,28.45,28.0,28.45,22505940,637342528,9767,+0.55
20220518,28.75,29.4,28.7,29.2,58260075,1697812231,22077,+0.75
20220519,28.5,29.3,28.35,29.3,36366050,1049436835,14776,+0.10
20220520,29.4,29.45,28.9,28.95,24575276,714588940,9643,-0.35
20220523,29.05,29.2,28.4,28.7,20834252,598825055,8146,-0.25
20220524,28.95,28.95,28.0,28.25,22521535,637822248,9627,-0.45
20220525,28.5,28.7,28.0,28.5,24393056,694347129,8444,+0.25
20220526,28.95,28.95,28.25,28.25,15919357,454497959,6707,-0.25
20220527,28.6,28.75,28.45,28.5,11592150,331025437,4814,+0.25
20220530,29.0,29.15,28.85,29.1,20483850,594165398,8472,+0.60
20220531,29.0,29.3,28.8,29.3,24873743,724847321,6152,+0.20
20220601,29.1,29.2,28.9,28.95,15711381,456373194,6203,-0.35
20220602,28.85,29.2,28.65,28.9,16513474,478563220,6137,-0.05
20220606,28.95,29.2,28.5,29.1,18400531,532262161,5930,+0.20
20220607,29.1,29.2,28.85,29.0,12342600,357900632,4980,-0.10
20220608,29.1,29.2,28.8,28.8,11870065,343586054,5109,-0.20
20220609,28.65,28.8,28.5,28.5,9809007,280546519,4837,-0.30
20220610,28.25,28.25,27.75,27.85,23591245,660152186,9716,-0.65
20220613,27.2,27.2,26.7,26.75,25767375,692951908,11895,-1.10
20220614,26.45,27.35,26.4,27.2,16863461,454478451,7628,+0.45
20220615,27.3,27.3,26.8,26.85,21775378,587237343,11581,-0.35
20220616,26.45,26.5,25.4,25.45,38881777,988908473,10969,X0.00
20220617,25.0,25.15,24.25,24.75,29576496,727549758,11917,-0.70
20220620,24.9,24.9,23.6,23.65,23961864,574537550,9642,-1.10
20220621,23.95,24.3,23.5,24.3,19956608,479175888,7965,+0.65
20220622,24.2,24.2,22.8,22.8,23780010,553960324,10361,-1.50
20220623,23.05,23.7,22.7,23.0,22759236,526930949,8924,+0.20
20220624,23.5,23.55,23.0,23.05,14000560,325682074,6281,+0.05
20220627,23.55,23.8,23.4,23.75,12544547,296652291,5483,+0.70
20220628,23.7,23.7,23.05,23.2,11092118,257833859,4764,-0.55
20220629,22.9,23.35,22.8,23.15,10116810,233493738,4816,-0.05
20220630,22.8,22.8,21.4,21.7,47045636,1029064131,14164,-1.45
20220701,21.4,21.9,19.9,20.05,57741993,1200446350,18645,-1.65
20220704,20.0,20.65,19.65,20.05,40945787,821968497,13715, 0.00
20220705,20.1,20.35,19.15,19.6,54729941,1069197681,18471,-0.45
20220706,19.25,19.65,18.7,18.7,54072465,1029632344,18122,-0.90
20220707,18.85,19.8,18.75,19.75,43603058,844712341,13717,+1.05
20220708,19.95,20.5,19.65,20.25,29724777,599357134,10492,+0.50
20220711,20.35,20.5,19.95,20.4,16431992,333212363,5268,+0.15
20220712,20.05,20.05,19.55,19.7,19840475,392371856,9224,-0.70
20220713,20.45,20.8,20.3,20.55,23104477,474513840,7925,+0.85
20220714,20.25,21.0,20.0,21.0,19287653,399704140,8336,+0.45
20220715,21.0,21.3,20.7,21.2,15699917,330785198,6324,+0.20
20220718,21.25,21.8,21.1,21.55,24094388,518650299,7289,+0.35
20220719,21.35,22.0,21.25,21.95,17249609,376047288,6185,+0.40
20220720,22.45,22.7,22.15,22.25,22512699,504220455,9261,+0.30
20220721,22.3,22.9,22.2,22.9,17324000,391792357,6028,+0.65
20220722,22.9,23.4,22.65,23.25,25625578,592054164,8924,+0.35
20220725,23.2,23.3,22.8,22.95,13135253,303010463,7493,-0.30
20220726,22.75,22.9,22.4,22.55,16253943,367346844,6874,-0.40
20220727,22.7,23.2,22.25,22.85,20024971,454209813,7465,+0.30
20220728,23.05,23.1,22.6,22.7,11180021,254906168,5284,-0.15
20220729,22.95,23.2,22.85,23.15,15660595,361049140,4633,+0.45
20220801,23.1,23.1,22.55,22.85,10131683,231212883,4191,-0.30
20220802,22.5,22.5,21.95,22.15,16784126,372326866,6869,-0.70
20220803,22.2,22.5,22.1,22.3,9062160,201771268,4251,+0.15
20220804,22.3,22.5,22.0,22.25,9319089,207355554,3498,-0.05
20220805,22.8,23.4,22.8,23.1,26460475,611456888,8996,+0.85
20220808,22.85,22.9,22.25,22.45,19399116,436278811,8294,-0.65
20220809,22.1,22.15,21.05,21.45,35717468,765510072,14852,-1.00
20220810,20.95,21.1,20.75,20.75,27344957,570803255,11961,-0.70
20220811,21.2,21.55,21.0,21.3,21092480,448673233,6970,+0.55
20220812,21.25,21.85,21.25,21.8,14549594,315146787,5582,+0.50
20220815,22.05,22.45,22.05,22.45,14429919,320944404,5699,+0.65
20220816,22.45,22.6,22.2,22.2,13862868,309396632,6701,-0.25
20220817,22.1,22.45,21.95,22.45,11828081,263661468,5220,+0.25
20220818,22.3,22.35,22.0,22.35,10618465,235631024,4108,-0.10
20220819,22.4,22.95,22.35,22.75,14230759,323417398,5584,+0.40
20220822,22.4,22.55,22.2,22.25,10275923,229620985,3933,-0.50
20220823,22.2,22.3,21.95,22.15,7363504,162988630,2873,-0.10
20220824,22.25,22.3,21.65,21.75,14482224,317293859,5755,-0.40
20220825,21.9,22.5,21.8,22.35,11279602,250762605,4104,+0.60
20220826,22.7,22.9,22.5,22.6,14507690,329231259,5551,+0.25
20220829,21.9,21.95,21.6,21.75,15222801,331578591,5852,-0.85
20220830,21.75,21.9,21.65,21.85,11017406,239744275,4466,+0.10
20220831,21.75,22.2,21.7,22.2,9967129,219757015,3485,+0.35
20220901,21.9,21.9,21.65,21.7,12382390,269475995,4734,-0.50
20220902,21.85,21.85,21.2,21.2,14024611,300922269,5693,-0.50
20220905,21.2,21.25,20.85,21.0,8243521,173086366,3714,-0.20
20220906,21.2,21.25,20.4,20.5,16143595,333078975,6731,-0.50
20220907,20.35,20.7,20.2,20.4,9778702,200009540,4323,-0.10
20220908,20.7,21.3,20.5,21.2,13636960,286293943,5897,+0.80
20220912,21.45,21.85,21.45,21.6,11217072,243225641,4596,+0.40
20220913,21.7,21.8,21.45,21.55,6991343,151026208,3026,-0.05
20220914,20.9,21.35,20.75,21.25,10872378,229528634,5478,-0.30
20220915,21.3,21.6,21.1,21.3,8671322,185243046,3525,+0.05
20220916,21.05,21.05,20.7,20.7,17754138,369131381,5948,-0.60
20220919,20.85,20.85,20.4,20.55,5526689,113810106,2774,-0.15
20220920,20.7,20.9,20.4,20.5,8017298,164999661,3320,-0.05
20220921,20.45,20.6,20.3,20.35,7015132,143033220,3308,-0.15
20220922,20.2,20.3,19.95,20.15,7675026,154317863,3346,-0.20
20220923,20.2,20.4,20.05,20.1,6769241,136719624,2859,-0.05
20220926,19.9,19.9,19.0,19.1,16891826,326174312,7004,-1.00
20220927,19.0,19.6,19.0,19.5,12104116,233858201,4511,+0.40
20220928,19.7,19.8,18.6,18.6,19173823,363313030,7279,-0.90
20220929,19.1,20.15,18.9,19.35,30191515,584082996,10016,+0.75
20220930,19.0,19.75,19.0,19.75,17759777,346091807,6313,+0.40
20221003,19.5,19.9,19.35,19.7,8000521,157090433,3476,-0.05
20221004,20.2,20.5,20.05,20.45,13632332,276542414,5533,+0.75
20221005,20.8,20.9,20.35,20.6,19086614,393760152,6857,+0.15
20221006,20.65,20.65,20.2,20.45,12448451,254005111,4880,-0.15
20221007,20.25,20.45,20.05,20.2,8347150,168789055,3652,-0.25
20221011,19.6,19.75,19.0,19.0,16684289,320803503,6910,-1.20
20221012,19.4,19.65,19.05,19.5,18573276,360192485,5622,+0.50
20221013,19.2,19.3,18.5,18.55,17177823,323302205,6733,-0.95
20221014,19.15,19.7,18.95,19.55,16263138,315959853,6718,+1.00
20221017,19.1,19.95,19.0,19.9,14164819,275795104,5844,+0.35
20221018,20.1,20.8,19.9,20.8,24872800,508764185,9238,+0.90
20221019,20.65,20.75,20.25,20.25,17139395,350364156,7056,-0.55
20221020,19.8,20.5,19.35,20.5,25958324,521898782,6654,+0.25
20221021,20.25,20.5,19.95,20.05,8715488,176208479,3894,-0.45
20221024,20.65,20.9,20.3,20.3,12657083,259954032,4376,+0.25
20221025,20.3,20.45,19.8,19.85,15609026,312545667,5359,-0.45
20221026,20.05,20.05,19.25,19.35,16552390,323079688,6977,-0.50
20221027,19.4,19.95,19.4,19.8,12122258,239783933,4596,+0.45
20221028,19.5,19.65,19.15,19.2,9467371,182969484,4106,-0.60
20221031,19.6,19.75,19.4,19.5,10157810,198924265,3595,+0.30
20221101,19.45,20.0,19.4,19.85,7008882,138820704,2681,+0.35
20221102,19.9,20.25,19.75,20.1,8213719,164859823,3448,+0.25
20221103,19.75,20.2,19.7,20.15,5946738,119053875,2395,+0.05
20221104,19.9,20.2,19.8,20.2,10267925,205182864,3599,+0.05
20221107,20.3,20.7,20.2,20.55,18145106,372159054,6215,+0.35
20221108,20.9,20.95,20.35,20.4,14767158,304267936,5514,-0.15
20221109,20.7,21.0,20.5,21.0,21675355,451047170,7309,+0.60
20221110,20.7,21.15,20.65,21.1,12979053,271496563,4923,+0.10
20221111,22.5,22.55,21.75,21.85,42617553,939977622,14417,+0.75
20221114,21.85,21.95,21.3,21.75,28226571,610193521,9816,-0.10
20221115,21.7,22.2,21.65,22.1,22099063,486083422,8143,+0.35
20221116,22.15,22.6,21.95,22.3,28540823,636480322,10104,+0.20
20221117,22.0,22.15,21.55,21.85,22295034,486355159,7979,-0.45
20221118,21.85,22.25,21.7,21.9,21897204,482212299,6812,+0.05
20221121,22.05,22.05,21.4,21.45,13054775,282703390,5098,-0.45
20221122,21.5,21.55,21.15,21.5,9704098,207434087,3537,+0.05
20221123,21.7,21.8,21.5,21.55,7487730,161804053,2972,+0.05
20221124,21.7,21.9,21.6,21.9,8888683,193247851,3995,+0.35
20221125,21.85,22.0,21.6,21.65,8324064,181044056,3438,-0.25
20221128,21.5,21.6,21.3,21.35,9299180,199003442,3829,-0.30
20221129,21.4,21.4,20.9,21.25,14181449,299252817,5266,-0.10
20221130,21.15,21.3,21.05,21.2,19050399,403686873,4914,-0.05
20221201,21.6,22.35,21.6,21.95,36574923,804854602,12630,+0.75
20221202,21.85,22.2,21.85,22.0,15615973,343373960,5247,+0.05
20221205,22.05,22.45,22.0,22.1,14260387,317158393,5221,+0.10
20221206,22.0,22.0,21.2,21.2,25304638,543761025,8895,-0.90
20221207,21.15,21.4,21.0,21.1,18377500,388647339,5134,-0.10
20221208,21.05,21.05,20.65,20.8,16359710,340186690,5886,-0.30
20221209,20.95,21.0,20.7,20.7,13510090,281291464,5101,-0.10
20221212,20.6,20.95,20.45,20.95,7370366,153037857,2845,+0.25
20221213,20.95,21.1,20.55,20.65,12433296,258366463,3675,-0.30
20221214,20.8,21.25,20.8,21.15,14383293,303628429,4827,+0.50
20221215,21.0,21.25,21.0,21.1,6192456,130850109,2674,-0.05
20221216,20.9,21.05,20.75,20.85,13957907,291101414,3708,-0.25
20221219,20.7,21.1,20.55,21.0,8921537,186391107,3844,+0.15
20221220,21.2,21.2,20.3,20.35,13807743,284987728,5530,-0.65
20221221,20.5,20.55,20.0,20.05,11330207,229026980,4711,-0.30
20221222,20.3,20.4,20.2,20.3,6660004,135087954,2501,+0.25
20221223,20.0,20.1,19.75,20.1,9528326,190080453,3385,-0.20
20221226,20.15,20.15,20.0,20.0,4385547,87901501,2116,-0.10
20221227,20.05,20.25,20.0,20.05,4845527,97477279,1821,+0.05
20221228,20.0,20.0,19.4,19.45,17909605,351113283,7163,-0.60
20221229,19.25,19.6,19.1,19.45,8466762,163941777,3934, 0.00
20221230,19.65,19.75,19.55,19.6,6720610,132183577,3193,+0.15
20230103,19.45,19.75,19.35,19.75,6210194,121662214,2141,+0.15
20230104,19.75,19.85,19.6,19.75,6645549,131227101,2394, 0.00
20230105,20.2,20.5,19.9,20.0,22037202,444620996,6678,+0.25
20230106,20.0,20.2,19.9,20.2,6740427,135559818,2593,+0.20
20230109,20.4,20.5,20.2,20.5,14879784,303376587,4620,+0.30
20230110,20.55,21.0,20.5,20.9,25795971,537086275,7940,+0.40
20230111,21.0,21.1,20.75,20.95,10520380,220381090,3855,+0.05
20230112,20.95,21.0,20.7,20.85,8425739,175533617,3179,-0.10
20230113,20.95,21.15,20.65,20.7,8434142,175727771,3249,-0.15
20230116,20.7,20.95,20.7,20.8,6018670,125423208,2554,+0.10
20230117,20.8,21.0,20.75,21.0,8218883,171922754,3011,+0.20
20230130,21.35,21.85,21.35,21.8,32960808,714319051,11797,+0.80
20230131,21.7,21.85,21.5,21.55,16238701,350975237,5309,-0.25
20230201,21.65,22.35,21.35,22.1,35157563,768779556,10778,+0.55
20230202,22.25,23.75,22.2,23.6,90269986,2089727930,27937,+1.50
20230203,23.35,23.75,23.1,23.25,32762160,766797767,10651,-0.35
20230206,23.0,23.2,22.4,22.5,24430852,554482178,9060,-0.75
20230207,22.5,22.7,22.05,22.2,24777641,550944315,8025,-0.30
20230208,22.5,22.85,22.3,22.7,24969674,564889662,8294,+0.50
20230209,23.1,23.3,22.55,22.9,50264971,1155951681,17615,+0.20
20230210,22.85,22.85,22.25,22.35,33301987,748187461,11509,-0.55
20230213,22.2,22.45,22.0,22.35,13481087,299973923,5220, 0.00
20230214,22.6,22.7,22.45,22.5,16077845,362834311,5778,+0.15
20230215,22.5,22.65,22.3,22.35,20302320,455423953,8473,-0.15
20230216,22.6,23.5,22.55,23.4,47159717,1092331488,16549,+1.05
20230217,23.4,23.6,22.9,23.15,33788918,786240458,13887,-0.25
20230220,23.3,23.9,23.05,23.85,38533271,909949874,16704,+0.70
20230221,23.75,24.1,23.5,23.65,31954510,759213181,11285,-0.20
20230222,23.4,23.45,23.0,23.05,31937443,740660351,12662,-0.60
20230223,23.3,23.35,23.0,23.05,22153894,513462694,6901, 0.00
20230224,23.2,23.4,23.05,23.05,28157232,653847925,10653, 0.00
20230301,23.0,23.05,22.35,22.5,29978063,676932155,10659,-0.55
20230302,23.65,24.45,23.45,24.0,121057495,2891255603,32974,+1.50
20230303,24.4,26.1,24.2,25.6,161118434,4065992159,51000,+1.60
20230306,25.3,25.75,25.0,25.15,73278230,1854061664,23147,-0.45
20230307,25.0,25.05,24.55,24.9,42625839,1055656227,14201,-0.25
20230308,24.65,25.15,24.55,25.1,35424187,880523206,12343,+0.20
20230309,25.65,25.7,25.1,25.1,44225197,1122582480,17651, 0.00
20230310,24.8,24.8,24.0,24.1,55252902,1344999559,19160,-1.00
20230313,23.75,24.55,23.75,24.45,31588288,765410026,9946,+0.35
20230314,24.2,24.4,23.85,23.85,23076861,555462321,8983,-0.60
20230315,24.25,24.35,23.95,23.95,15581679,375720120,6082,+0.10
20230316,23.8,24.15,23.65,24.0,16778349,400634201,6412,+0.05
20230317,24.3,24.35,23.9,23.9,23657878,568662367,5420,-0.10
20230320,24.1,24.45,24.0,24.4,19484288,473863756,6124,+0.50
20230321,24.6,24.85,24.35,24.6,24673439,608021600,8885,+0.20
20230322,24.7,24.8,24.45,24.5,14340653,353041792,7155,-0.10
20230323,24.5,24.8,24.4,24.7,10271675,253157524,3963,+0.20
20230324,25.1,25.75,24.9,25.55,75567788,1920981623,26577,+0.85
20230327,25.75,25.95,25.1,25.1,39372628,1001009617,13069,-0.45
20230328,25.15,25.25,24.6,24.65,16675092,414527978,6301,-0.45
20230329,24.8,24.85,24.35,24.5,12213481,299943429,5250,-0.15
20230330,25.7,25.75,25.1,25.25,57262792,1453906611,18602,+0.75
20230331,25.9,27.35,25.7,26.5,137729489,3668838642,46874,+1.25
20230406,26.05,26.25,25.5,25.6,70748299,1822212742,26017,-0.90
20230407,25.9,26.8,25.85,26.5,65330671,1730439831,25063,+0.90
20230410,26.9,27.3,26.2,26.4,70548215,1879207506,26933,-0.10
20230411,27.15,27.5,26.75,26.9,75580085,2049610884,26111,+0.50
20230412,27.1,27.1,26.6,26.9,34846806,936042653,14144, 0.00
20230413,26.85,26.9,26.4,26.4,34221502,908328255,12557,-0.50
20230414,26.5,26.55,26.05,26.25,25395224,666438035,10711,-0.15
20230417,26.25,26.6,26.05,26.55,19595473,516254965,7792,+0.30
20230418,26.55,26.55,25.9,26.0,22041003,576156402,9646,-0.55
20230419,26.05,26.1,25.8,25.8,14748776,382430372,5993,-0.20
20230420,26.0,26.0,25.25,25.5,21229065,541599594,9429,-0.30
20230421,25.6,25.75,25.0,25.05,24306856,613658974,9661,-0.45
20230424,25.0,25.55,24.9,25.25,16926089,427854083,6869,+0.20
20230425,25.4,25.45,24.5,24.6,27278523,678496877,9146,-0.65
20230426,24.7,24.75,24.3,24.75,22096109,541585275,7918,+0.15
20230427,25.1,25.5,25.05,25.5,31621373,799783457,11603,+0.75
20230428,26.15,26.5,25.8,25.95,58135815,1519582998,20075,+0.45
20230502,26.05,26.05,25.3,25.55,31055821,793749900,12305,-0.40
20230503,25.3,25.4,25.1,25.25,19191521,484165154,7411,-0.30
20230504,25.1,25.35,24.9,25.05,16905317,424187349,6309,-0.20
20230505,24.65,24.8,24.3,24.65,26778056,657700385,10327,-0.40
20230508,24.9,24.95,24.45,24.5,18806827,463024903,7036,-0.15
20230509,24.55,24.8,24.35,24.5,13205971,323865605,5646, 0.00
20230510,24.35,24.35,23.75,24.25,20607649,496299876,8312,-0.25
20230511,24.25,24.35,23.75,23.75,12764080,305891255,5780,-0.50
20230512,23.9,24.05,23.6,23.9,12372491,295311344,4898,+0.15
20230515,23.8,23.8,23.25,23.5,15110313,355757306,6379,-0.40
20230516,24.0,24.3,23.9,24.1,15299565,368873195,6585,+0.60
20230517,24.3,24.85,23.95,24.65,25723726,632368942,12660,+0.55
20230518,25.0,25.8,25.0,25.8,47769219,1216444497,19938,+1.15
20230519,25.7,26.2,25.65,26.0,44531411,1153917557,13655,+0.20
20230522,26.55,26.8,25.75,25.8,38297433,1000266118,11676,-0.20
20230523,25.85,26.1,25.35,25.5,28917734,741517095,9110,-0.30
20230524,25.6,26.15,25.25,26.0,27039419,699309126,9144,+0.50
20230525,26.4,26.5,26.0,26.05,34170578,893504620,11215,+0.05
20230526,26.3,26.45,26.0,26.05,17211531,450432245,6954, 0.00
20230529,26.35,27.3,26.35,26.9,73576665,1976922905,20524,+0.85
20230530,26.9,27.0,26.3,26.7,28332584,754634214,11487,-0.20
20230531,26.5,27.3,26.45,26.65,39586952,1062381689,12022,-0.05
20230601,26.65,26.7,26.2,26.6,20813664,550115064,7946,-0.05
20230602,26.85,28.85,26.8,28.5,111268577,3119783837,37253,+1.90
20230605,28.9,29.0,28.15,28.15,46269703,1322462980,19460,-0.35
20230606,28.65,29.0,28.3,28.7,34661424,993361096,13859,+0.55
20230607,28.85,28.95,28.35,28.6,21907855,624871590,8514,-0.10
20230608,28.45,28.5,26.85,27.2,62638676,1716637194,21790,-1.40
20230609,27.65,28.2,27.6,28.1,37599994,1052872858,14101,+0.90
20230612,28.3,29.0,28.05,28.6,38581927,1104100585,14575,+0.50
20230613,28.95,29.45,28.7,28.95,43126398,1254711391,16094,+0.35
20230614,29.0,29.5,28.7,29.25,37334210,1091818308,12483,+0.30
20230615,29.6,29.7,29.05,29.1,25899083,760319212,11166,-0.15
20230616,29.1,29.5,28.5,29.2,33352043,968490175,12120,+0.10
20230619,29.0,29.05,28.45,28.55,34424264,986205715,11616,-0.65
20230620,28.7,29.1,28.55,28.85,18484472,532689030,6444,+0.30
20230621,28.85,29.05,28.2,28.95,34741719,995846122,14813,+0.10
20230626,28.4,28.45,27.5,28.0,54958292,1536205753,18897,-0.95
20230627,27.8,27.85,26.65,26.95,56439042,1526608624,22597,-1.05
20230628,27.3,27.65,27.1,27.2,17193255,469423431,6786,+0.25
20230629,27.75,29.6,27.75,28.5,97017570,2790042477,32507,+1.30
20230630,27.85,27.85,27.4,27.45,60422507,1662252468,21643,-1.05
20230703,27.6,27.7,27.35,27.4,15922075,438135219,6685,-0.05
20230704,27.5,27.65,27.15,27.5,15765927,432431402,7002,+0.10
20230705,27.5,27.75,27.3,27.45,16148137,444300633,6719,-0.05
20230706,27.2,27.55,27.05,27.25,14263926,389102916,6027,-0.20
20230707,27.1,27.1,26.35,26.4,38945974,1034951547,14937,-0.85
20230710,26.5,27.0,26.5,26.7,14395081,385489067,5541,+0.30
20230711,27.2,27.5,27.15,27.5,18776627,514152597,7281,+0.80
20230712,27.95,28.45,27.8,27.9,42115364,1183050643,15863,+0.40
20230713,28.35,29.2,28.15,28.6,77723319,2247110216,25698,+0.70
20230714,29.1,29.15,28.35,28.35,25489212,727238344,11665,-0.25
20230717,28.25,29.25,27.9,28.8,34593897,995713251,11818,+0.45
20230718,29.05,29.05,28.2,28.25,23972570,683153395,8689,-0.55
20230719,28.4,28.5,27.85,27.95,18237599,512550134,6294,-0.30
20230720,28.0,28.25,27.65,27.8,12342072,344069738,4907,-0.15
20230721,27.2,27.6,26.8,27.45,43246486,1173154124,13188,-0.35
20230724,27.3,27.4,27.05,27.25,11824727,321646747,4766,-0.20
20230725,27.45,27.5,27.1,27.15,11050662,301436561,4620,-0.10
20230726,27.2,27.3,26.8,26.8,17671295,475284043,7535,-0.35
20230727,27.25,28.2,27.2,28.2,35114477,980214682,14053,+1.40
20230728,28.5,28.9,28.2,28.6,41758230,1191706329,15307,+0.40
20230731,29.0,30.25,29.0,29.35,114785284,3409939146,36905,+0.75
20230801,29.95,30.1,29.25,29.3,39797135,1176456015,17719,-0.05
20230802,29.1,29.1,28.0,28.1,32421187,920402148,14717,-1.20
20230804,27.85,27.85,26.35,27.25,107595436,2896054869,35858,-0.85
20230807,27.3,27.75,27.1,27.7,20548397,565673908,7965,+0.45
20230808,27.8,27.8,27.05,27.1,19454017,529291118,8044,-0.60
20230809,26.95,27.3,26.6,27.05,30335652,816307785,9521,-0.05
20230810,27.05,27.15,26.65,26.8,20272864,542987113,6806,-0.25
20230811,27.1,27.1,26.6,26.8,10883485,292087391,4940, 0.00
20230814,26.55,26.6,25.3,25.45,40231924,1034069157,16536,-1.35
20230815,26.2,26.45,26.0,26.15,18444730,483172518,7668,+0.70
20230816,25.7,25.8,25.45,25.65,17322562,443642288,8235,-0.50
20230817,25.35,25.9,25.05,25.9,20767752,530163799,9302,+0.25
20230818,25.95,26.2,25.45,25.65,15750902,405832671,6930,-0.25
20230821,25.8,25.85,25.15,25.5,18746956,475741248,6629,-0.15
20230822,25.55,25.9,25.25,25.25,17027003,433125448,6036,-0.25
20230823,25.25,25.75,25.1,25.7,15205459,388188113,6951,+0.45
20230824,26.15,26.4,25.8,26.25,21771291,569438388,9004,+0.55
20230825,26.05,26.1,25.7,25.75,11328599,292795701,4849,-0.50
20230828,25.85,25.85,25.35,25.45,9961739,254718398,3563,-0.30
20230829,25.75,26.2,25.55,26.2,15448187,400944402,4893,+0.75
20230830,26.8,26.8,26.0,26.3,31085697,821543057,11289,+0.10
20230831,26.45,26.8,26.3,26.35,20027197,530796909,6906,+0.05
20230901,26.7,27.25,26.6,27.1,37122144,1003467303,13774,+0.75
20230904,26.8,27.2,26.7,27.15,16264767,439141867,6906,+0.05
20230905,27.3,27.6,27.0,27.2,26147357,712741727,9726,+0.05
20230906,27.2,27.2,26.7,26.85,14402481,386807182,6005,-0.35
20230907,26.75,27.25,26.7,26.9,14240672,384766086,5563,+0.05
20230908,27.0,27.15,26.65,26.7,10439885,279758460,4367,-0.20
20230911,26.95,26.95,26.4,26.45,10159168,270057961,4088,-0.25
20230912,26.7,27.0,26.5,26.9,8363365,224402159,3142,+0.45
20230913,26.95,27.0,26.65,26.95,9027873,242530295,3441,+0.05
20230914,27.1,27.3,27.05,27.3,16462162,447977247,5996,+0.35
20230915,27.55,28.15,27.35,28.15,47298449,1319521565,17500,+0.85
20230918,28.0,28.3,27.7,27.8,23103903,646990618,9272,-0.35
20230919,28.15,28.3,27.7,27.85,24611265,689232082,8991,+0.05
20230920,27.6,27.6,26.5,26.5,29458525,793734552,11814,X0.00
20230921,26.45,26.7,26.15,26.5,11768204,311730669,5784, 0.00
20230922,26.45,26.65,26.1,26.35,9376783,247575770,4476,-0.15
20230925,26.7,26.7,26.1,26.2,11604259,305073841,4784,-0.15
20230926,26.15,26.25,25.7,25.7,16968879,439010946,7431,-0.50
20230927,25.65,26.25,25.45,25.75,13473414,348076547,6085,+0.05
20230928,26.0,26.0,25.3,25.3,24187931,616870635,10496,-0.45
20231002,25.5,26.0,25.4,25.6,11170622,286885949,5139,+0.30
20231003,25.6,26.35,25.5,25.85,19376051,503342522,7673,+0.25
20231004,25.65,25.65,25.3,25.5,14182872,361613349,7039,-0.35
20231005,25.7,26.85,25.65,26.75,35368910,938425727,14352,+1.25
20231006,27.0,27.65,26.75,27.45,50996307,1390379536,20146,+0.70
20231011,28.0,28.15,27.35,27.95,78229348,2182918665,22893,+0.50
20231012,28.1,29.1,27.6,28.9,87928374,2517119899,27351,+0.95
20231013,28.85,28.9,28.2,28.35,26227616,747501101,13667,-0.55
20231016,27.7,27.75,25.85,26.05,96601421,2538738393,33256,X0.00
20231017,26.25,26.9,26.1,26.6,35989072,955737191,12483,+0.55
20231018,26.8,26.8,25.9,25.95,36854523,960087373,12367,-0.65
20231019,25.85,26.45,25.7,26.4,29512820,769094007,8400,+0.45
20231020,26.05,26.25,25.9,26.05,13700939,356871095,5525,-0.35
20231023,26.0,26.35,25.85,25.85,10088024,262268578,4518,-0.20
20231024,26.0,26.2,25.75,26.05,10750072,278747135,4652,+0.20
20231025,26.05,26.25,25.8,25.8,14407974,373932612,7154,-0.25
20231026,25.4,25.4,24.6,24.65,46314541,1153778562,20902,-1.15
20231027,24.7,24.9,24.6,24.6,13134497,324443358,5871,-0.05
20231030,24.85,25.45,24.75,25.35,21310935,535961292,7844,+0.75
20231031,25.65,26.0,24.95,24.95,36011657,917615235,15062,-0.40
20231101,25.35,25.4,24.95,24.95,11558378,290212535,4603, 0.00
20231102,25.4,25.7,25.25,25.55,17040248,434558144,6329,+0.60
20231103,25.75,25.75,25.2,25.35,18581506,471942453,7035,-0.20
20231106,25.45,26.1,25.45,25.85,29011549,747011668,10665,+0.50
20231107,25.6,25.6,25.3,25.4,14930769,379581430,6193,-0.45
20231108,25.6,25.75,25.25,25.4,11830935,301051774,4569, 0.00
20231109,25.5,25.5,24.95,25.1,12551297,315354156,5275,-0.30
20231110,25.1,25.2,25.0,25.0,6937962,173802346,3474,-0.10
20231113,25.4,25.5,25.1,25.5,13743155,347970587,4900,+0.50
20231114,25.55,26.3,25.5,26.2,55616494,1441989421,22431,+0.70
20231115,26.65,28.8,26.65,28.6,223100297,6295027013,68314,+2.40
20231116,28.6,28.75,27.55,27.65,107192792,3027191804,32775,-0.95
20231117,27.8,28.0,27.3,27.65,40739643,1125963202,14639, 0.00
20231120,27.95,28.2,27.75,27.85,33304275,931129963,11409,+0.20
20231121,28.1,28.1,27.55,27.8,23637616,656000951,9165,-0.05
20231122,27.7,27.75,27.4,27.6,18116808,499843261,7107,-0.20
20231123,27.75,27.95,27.4,27.5,14308848,394978115,6087,-0.10
20231124,27.7,27.85,27.15,27.4,20109201,550706068,7521,-0.10
20231127,27.55,27.7,26.8,26.8,20292736,549856011,8242,-0.60
20231128,27.1,27.85,26.85,27.85,26425788,727290692,10314,+1.05
20231129,28.0,28.6,27.7,28.45,46592150,1314745653,17754,+0.60
20231130,28.7,29.3,28.05,28.35,63939488,1831092083,23533,-0.10
20231201,28.2,28.25,27.85,28.1,15076237,422744331,6719,-0.25
20231204,28.2,28.6,28.05,28.1,14396226,406410125,5986, 0.00
20231205,27.85,27.85,27.35,27.45,24208185,665244925,9042,-0.65
20231206,27.7,27.7,27.15,27.2,19290314,527027497,7572,-0.25
20231207,27.4,27.4,26.95,27.0,22411211,607444083,7069,-0.20
20231208,27.35,27.55,27.15,27.4,16859494,461326730,6342,+0.40
20231211,27.55,27.9,27.4,27.8,21914728,607221549,7647,+0.40
20231212,28.1,28.2,27.35,27.45,22577938,625498846,9513,-0.35
20231213,27.6,27.75,27.35,27.55,14255114,392659077,5178,+0.10
20231214,27.95,28.4,27.45,27.55,29462091,820122010,11862, 0.00
20231215,28.0,28.95,27.95,28.55,103692284,2965683888,31871,+1.00
20231218,28.55,29.5,27.95,28.55,101809013,2935810611,31736, 0.00
20231219,28.5,28.55,27.7,27.85,41553134,1162037766,16966,-0.70
20231220,27.85,28.1,27.8,27.9,25103258,701445249,9123,+0.05
20231221,27.75,28.75,27.6,28.4,48209086,1365508280,17566,+0.50
20231222,29.2,29.9,28.4,28.5,121352191,3536079748,42660,+0.10
20231225,28.6,28.65,28.15,28.2,22837345,647494054,9595,-0.30
20231226,28.4,29.1,28.35,28.95,40713511,1174623327,14404,+0.75
20231227,29.0,30.2,28.9,29.75,101704108,3030085767,35540,+0.80
20231228,30.2,31.8,29.75,30.75,165408751,5096349555,61089,+1.00
20231229,31.3,31.6,30.2,30.45,104287120,3222519516,41357,-0.30
20240102,30.55,30.95,29.9,30.0,49293294,1495210449,20901,-0.45
20240103,29.55,29.65,29.0,29.35,41503724,1217391174,17041,-0.65
20240104,29.45,29.6,28.95,29.1,22673720,661030010,8914,-0.25
20240105,29.1,29.3,28.7,28.85,29522776,854731308,10551,-0.25
20240108,29.05,29.2,28.25,28.55,26727773,765798344,10546,-0.30
20240109,28.8,28.8,28.1,28.1,25679310,728382440,9043,-0.45
20240110,28.1,28.2,27.8,28.1,12674338,355778301,4895, 0.00
20240111,28.3,28.3,27.7,27.85,24245714,675857674,9468,-0.25
20240112,27.8,28.05,27.7,27.95,18832670,525027685,6515,+0.10
20240115,28.15,29.3,28.05,29.0,49024865,1409679886,17269,+1.05
20240116,28.7,28.7,28.0,28.1,37061470,1046917008,15695,-0.90
20240117,28.0,28.05,26.8,26.85,76848281,2093910191,26933,-1.25
20240118,27.0,27.65,26.9,27.5,45818769,1250563668,11579,+0.65
20240119,27.75,27.9,27.5,27.65,18943599,524914792,7915,+0.15
20240122,27.85,28.2,27.55,27.9,23764711,661484876,9166,+0.25
20240123,28.1,28.75,27.85,28.15,53378245,1507345413,16378,+0.25
20240124,28.35,28.9,27.9,27.9,46010573,1305164255,16250,-0.25
20240125,28.5,28.6,27.75,27.85,34607930,972401849,12031,-0.05
20240126,27.95,28.45,27.7,28.0,36694297,1027845500,12328,+0.15
20240129,28.0,28.0,27.6,27.9,14660480,407380774,6306,-0.10
20240130,27.85,27.9,27.3,27.35,22508978,618921166,9587,-0.55
20240131,27.25,27.55,27.05,27.2,19969735,543138156,7441,-0.15
20240201,27.2,27.4,27.1,27.35,9016822,245872776,3925,+0.15
20240202,27.45,27.5,27.05,27.05,12743591,346381660,6121,-0.30
20240205,27.0,27.2,26.9,27.1,11503666,311211873,4848,+0.05
20240215,27.25,27.25,26.2,26.35,56230557,1486826144,21682,-0.75
20240216,26.5,27.3,26.45,27.15,32131382,866738169,10818,+0.80
20240219,27.65,27.8,27.35,27.7,29343145,810340083,10317,+0.55
20240220,27.85,27.85,27.2,27.3,21029678,576142921,8834,-0.40
20240221,27.3,27.8,27.3,27.7,22635013,626593629,8716,+0.40
20240222,27.8,28.1,27.6,27.9,21101176,587413738,8173,+0.20
20240223,28.15,28.2,27.65,27.65,28929644,806595889,10654,-0.25
20240226,27.65,27.7,27.35,27.55,15506381,426807849,6340,-0.10
20240227,28.0,28.1,27.4,27.45,22978679,637508547,9487,-0.10
20240229,27.5,27.95,27.2,27.95,21806148,604084150,7878,+0.50
20240301,27.95,27.95,27.6,27.7,14134938,392471275,7031,-0.25
20240304,28.15,28.5,27.75,27.75,30862852,866092875,12763,+0.05
20240305,27.8,28.0,27.3,27.55,13647819,376450600,7185,-0.20
20240306,27.5,27.7,27.2,27.2,15987526,436867660,7063,-0.35
20240307,27.7,28.7,27.6,27.65,74686645,2099591360,26114,+0.45
20240308,28.05,28.45,27.1,27.6,49209189,1364740791,19741,-0.05
20240311,27.7,28.1,27.3,27.45,29514908,817562872,9994,-0.15
20240312,27.55,27.65,27.3,27.5,19075877,523689299,7308,+0.05
20240313,27.6,27.7,26.8,26.8,43003077,1163125186,16141,-0.70
20240314,26.75,27.1,26.6,26.8,14865068,398412533,6548, 0.00
20240315,26.9,26.9,26.5,26.5,19818174,527555924,7238,-0.30
20240318,26.5,26.95,26.3,26.9,11220775,298573340,5408,+0.40
20240319,26.9,27.0,26.6,26.6,15641007,417738567,5673,-0.30
20240320,26.65,26.7,26.05,26.05,30015081,788371663,13604,-0.55
20240321,27.2,27.9,27.1,27.7,90405765,2485464895,28252,+1.65
20240322,28.0,28.15,27.2,27.5,61481110,1700282529,21606,-0.20
20240325,27.4,27.8,27.1,27.45,24019324,657326209,8061,-0.05
20240326,27.85,28.1,27.05,27.1,44492252,1224808429,16155,-0.35
20240327,27.05,27.15,26.8,26.95,16942130,456924996,7356,-0.15
20240328,27.05,27.4,26.85,27.0,13348095,361402091,5771,+0.05
20240329,27.1,27.35,27.0,27.2,15150832,411744803,6196,+0.20
20240401,27.4,27.75,27.2,27.45,18664871,513920163,7781,+0.25
20240402,27.7,27.8,27.0,27.05,23176091,632044690,9110,-0.40
20240403,26.8,26.9,26.55,26.7,16271264,434563391,6841,-0.35
20240408,26.9,27.15,26.7,26.8,9175816,246365060,4189,+0.10
20240409,27.2,27.2,26.8,27.0,21818063,588648510,7082,+0.20
20240410,27.05,28.2,26.9,27.55,71326940,1978006345,23114,+0.55
20240411,27.5,27.6,27.15,27.3,30685149,840940735,10079,-0.25
20240412,27.25,27.35,26.85,26.9,42209786,1142436418,12872,-0.40
20240415,26.6,26.85,26.25,26.65,41148380,1089924233,14919,-0.25
20240416,26.35,26.5,25.3,25.5,59380965,1533101150,23545,-1.15
20240417,25.75,26.05,25.65,26.05,24888465,643503218,8926,+0.55
20240418,25.75,26.0,25.55,25.9,18055990,465208798,6959,-0.15
20240419,25.75,25.85,24.95,25.4,37329485,949823738,13435,-0.50
20240422,25.35,25.35,24.55,24.7,29753534,740624184,12918,-0.70
20240423,24.95,25.2,24.65,24.9,26401403,655621122,6539,+0.20
20240424,25.1,25.65,25.05,25.65,18671205,474646244,6814,+0.75
20240425,25.3,25.65,25.2,25.2,20524114,521092094,5927,-0.45
20240426,25.2,25.55,25.1,25.15,33360102,842926247,9336,-0.05
20240429,25.5,26.05,25.5,26.0,23731595,612182747,8120,+0.85
20240430,26.05,26.15,25.85,26.0,12632599,328562154,5013, 0.00
20240502,25.9,26.0,25.7,25.9,8616926,222848343,3402,-0.10
20240503,25.7,25.75,25.2,25.2,29638328,753846873,12175,-0.70
20240506,25.25,26.05,25.25,25.45,31261148,801089462,9946,+0.25
20240507,25.7,26.2,25.15,25.25,37032399,945049309,13308,-0.20
20240508,25.35,25.5,25.1,25.35,13992169,353981095,4776,+0.10
20240509,25.4,25.45,24.9,24.9,21186511,530349436,8548,-0.45
20240510,25.0,25.3,24.8,25.3,14604485,365527494,5282,+0.40
20240513,25.5,25.7,25.2,25.45,16102931,409250664,6625,+0.15
20240514,25.6,25.65,25.25,25.6,12749788,324008547,4890,+0.15
20240515,25.75,25.95,25.35,25.5,23737312,609187166,8621,-0.10
20240516,25.8,25.8,25.5,25.6,20775240,532776687,6733,+0.10
20240517,25.55,25.7,25.35,25.35,11894036,302931798,4881,-0.25
20240520,25.5,25.7,25.3,25.5,8512431,217393662,3562,+0.15
20240521,25.7,25.7,25.3,25.45,8060868,205387709,3726,-0.05
20240522,25.7,25.95,25.55,25.85,21274894,547648212,6806,+0.40
20240523,25.9,25.95,25.6,25.7,15436048,397670959,5410,-0.15
20240524,25.7,26.3,25.65,25.85,28902357,750033343,8423,+0.15
20240527,26.1,26.15,25.8,26.0,15888822,412783373,5864,+0.15
20240528,26.05,26.55,25.7,26.45,35419215,930304238,12251,+0.45
20240529,26.55,26.55,26.05,26.05,16792235,440468727,7514,-0.40
20240530,25.9,25.9,25.4,25.4,22486073,575823361,9340,-0.65
20240531,25.5,25.55,25.0,25.0,32589209,820852228,12249,-0.40
20240603,25.3,25.35,25.1,25.2,7999273,201706778,3959,+0.20
20240604,24.85,24.85,24.0,24.1,61350921,1487891972,23840,-1.10
20240605,24.05,24.4,23.9,23.9,39711154,953638489,13189,-0.20
20240606,24.2,24.35,23.9,23.9,25636604,616132418,8147, 0.00
20240607,24.05,24.55,24.0,24.45,19975948,486865323,7578,+0.55
20240611,24.6,24.6,24.0,24.05,24594554,595793498,8966,-0.40
20240612,24.25,24.5,24.0,24.0,24887576,602003931,7511,-0.05
20240613,24.3,24.85,24.2,24.65,30169143,742564900,10893,+0.65
20240614,24.85,24.85,24.35,24.65,15852167,388748481,6584, 0.00
20240617,24.65,25.5,24.55,25.5,36679254,924098143,11737,+0.85
20240618,25.95,26.85,25.5,26.8,115729482,3041966233,35918,+1.30
20240619,26.95,27.25,26.25,26.3,72788722,1943094833,24999,-0.50
20240620,26.4,27.3,26.2,26.7,61376042,1649491323,20197,+0.40
20240621,26.55,27.2,26.35,26.95,37822842,1015376705,12152,+0.25
20240624,26.95,26.95,26.15,26.3,60279089,1608453329,12615,-0.65
20240625,26.2,26.25,25.7,25.95,19529108,505456903,7383,-0.35
20240626,25.85,25.95,25.35,25.4,27211455,695040802,10682,-0.55
20240627,25.3,25.3,25.0,25.05,20309750,509541070,7481,-0.35
20240628,25.05,26.0,25.05,25.7,23750311,608871698,7323,+0.65
20240701,25.7,25.8,25.35,25.5,18215520,466665779,5936,-0.20
20240702,25.4,25.5,25.15,25.4,20532919,518867916,6362,X0.00
20240703,25.5,26.65,25.25,26.3,53377945,1392225932,16103,+0.90
20240704,26.5,26.7,26.0,26.3,26264190,690818527,11168, 0.00
20240705,26.3,26.35,25.95,25.95,21430113,557929300,9281,-0.35
20240708,26.1,26.25,25.75,25.95,37759932,980835518,11061, 0.00
20240709,26.05,26.05,25.2,25.55,29748333,759854959,10356,-0.40
20240710,25.6,25.7,25.3,25.4,16841553,428046330,5890,-0.15
20240711,25.5,25.85,25.15,25.8,20056526,512512583,7306,+0.40
20240712,25.6,26.1,25.45,25.8,21244054,549449865,6859, 0.00
20240715,25.85,25.85,25.25,25.35,22139177,562209955,8206,-0.45
20240716,25.4,25.7,25.3,25.35,14714777,375460215,5140, 0.00
20240717,25.45,25.6,25.2,25.25,20872999,529398831,8875,-0.10
20240718,25.2,25.35,24.7,25.25,26976706,675025856,9244, 0.00
20240719,25.05,25.2,24.35,24.4,33686007,828682300,13430,-0.85
20240722,24.4,24.5,23.55,23.85,33913528,810054406,11818,-0.55
20240723,24.1,24.4,23.9,23.9,21197799,509980719,6742,+0.05
20240726,23.6,23.65,23.2,23.45,26962518,630495404,10003,-0.45
20240729,23.6,23.85,23.2,23.2,16224575,379543204,7105,-0.25
20240730,22.85,23.05,22.1,22.7,49792633,1120542972,19532,-0.50
20240731,22.5,23.35,22.3,23.15,34345948,790059882,11364,+0.45
20240801,23.5,23.7,23.2,23.3,26338604,616229304,9278,+0.15
20240802,23.55,24.1,23.2,23.2,54141463,1275319043,17154,-0.10
20240805,22.3,22.4,21.4,22.0,57982952,1273727638,19417,-1.20
20240806,22.8,23.5,22.0,23.1,53418750,1222514573,16759,+1.10
20240807,23.0,23.7,22.9,23.55,30205099,707228791,11981,+0.45
20240808,23.1,23.25,22.65,22.65,26024938,596357959,10574,-0.90
20240809,23.15,23.55,22.9,22.9,31165390,723500536,9671,+0.25
20240812,23.1,23.7,23.1,23.35,26234565,614465732,9876,+0.45
20240813,23.5,23.6,23.25,23.6,12979297,304644010,5203,+0.25
20240814,23.85,24.35,23.7,24.2,26202678,630740614,9484,+0.60
20240815,24.4,24.4,23.8,23.8,15401519,369627744,6368,-0.40
20240816,24.2,24.35,23.9,23.95,17683112,426799762,6188,+0.15
20240819,23.95,24.15,23.7,24.0,22395225,536967278,7911,+0.05
20240820,23.9,24.15,23.65,23.75,39962265,954098795,18827,-0.25
20240821,23.8,23.85,23.35,23.35,24669010,580900648,11276,-0.40
20240822,23.4,23.85,23.35,23.75,15313895,362997819,6785,+0.40
20240823,23.5,23.55,23.2,23.4,17649804,411695228,7654,-0.35
20240826,23.5,23.95,23.4,23.55,23093425,547691126,6637,+0.15
20240827,23.5,23.55,23.3,23.4,13621633,318752242,4316,-0.15
20240828,23.5,23.6,23.25,23.45,11412946,267843497,3968,+0.05
20240829,23.25,23.6,23.15,23.55,11788654,275767378,4946,+0.10
20240830,23.55,24.3,23.55,24.05,42990730,1035112217,12465,+0.50
20240902,24.15,24.2,23.55,23.7,15471358,369872003,6616,-0.35
20240903,23.7,23.75,23.2,23.2,13601074,317685425,5805,-0.50
20240904,22.05,22.25,21.6,22.1,39559631,872326167,13892,-1.10
20240905,22.2,22.35,21.4,21.4,34563421,752085551,14843,-0.70
20240906,21.5,21.65,21.25,21.4,20427442,437018704,6380, 0.00
20240909,20.9,21.3,20.8,21.2,17149726,361348900,6287,-0.20
20240910,21.3,21.35,20.45,20.45,23832601,494981508,10303,-0.75
20240911,20.5,21.0,20.5,20.8,11163834,232286967,4105,+0.35
20240912,21.25,21.3,20.95,21.05,8974299,189556318,4007,+0.25
20240913,21.05,21.15,20.95,21.05,7046078,148264229,3328, 0.00
20240916,20.65,21.05,20.55,21.05,17856921,371422574,6430, 0.00
20240918,21.05,21.1,20.4,20.4,22833233,472425050,10207,-0.65
20240919,20.4,20.7,20.1,20.4,26813220,544170589,10186, 0.00
20240920,20.6,20.95,20.45,20.45,42691297,879221452,9511,+0.05
20240923,20.75,20.95,20.55,20.65,15277143,316425947,6005,+0.20
20240924,20.6,20.6,20.1,20.4,28032310,568695702,10358,-0.25
20240925,20.5,20.85,20.5,20.75,29449596,610769454,8201,+0.35
20240926,21.5,21.75,20.9,20.9,48246898,1028130007,16479,+0.15
20240927,21.3,21.55,21.25,21.45,36237098,776436932,9810,+0.55
20240930,21.2,21.75,21.15,21.35,31467127,675846173,12044,-0.10
20241001,21.35,21.45,20.9,21.0,20264517,426642897,8003,-0.35
20241004,21.0,21.25,20.7,20.85,18097053,377884756,6453,-0.15
20241007,20.95,21.0,20.55,20.7,14652859,303325706,5572,-0.15
20241008,20.7,20.8,20.3,20.35,19308868,394719640,7039,-0.35
20241009,20.6,20.65,20.25,20.25,15487211,315559281,6081,-0.10
20241011,20.35,20.35,20.05,20.05,23298189,468662828,8788,-0.20
20241014,20.15,20.2,20.0,20.1,14643005,293962733,5132,+0.05
20241015,20.15,20.5,20.15,20.35,16267249,331554564,5412,+0.25
20241016,20.2,20.2,19.95,20.0,21547430,431666795,8643,-0.35
20241017,20.15,20.5,20.1,20.25,18284388,370706455,5672,+0.25
20241018,20.35,20.4,20.0,20.1,15031649,302765284,5724,-0.15
20241021,20.2,20.4,19.95,20.25,21090197,425005841,6929,+0.15
20241022,20.25,20.25,20.0,20.2,18903181,379584322,6409,-0.05
20241023,20.15,20.45,20.1,20.2,13777424,278648418,4213, 0.00
20241024,20.15,20.15,19.9,19.95,21649671,432646502,8222,-0.25
20241025,20.0,20.05,19.6,19.8,30323157,598769929,12374,-0.15
20241028,19.9,19.9,19.5,19.75,17759014,349321378,6471,-0.05
20241029,19.75,19.75,19.2,19.2,21531070,416179079,8659,-0.55
20241030,19.3,19.5,19.05,19.25,17989671,345592403,6834,+0.05
20241101,19.0,19.4,18.8,19.35,23906503,454609960,8540,+0.10
20241104,19.35,19.35,19.05,19.2,14356133,275261350,5772,-0.15
20241105,19.1,19.25,18.9,19.0,21436015,407786982,7242,-0.20
20241106,19.15,19.3,18.85,18.9,23060512,438752780,8196,-0.10
20241107,18.95,19.85,18.9,19.8,43093064,836105725,13279,+0.90
20241108,19.9,20.05,19.35,19.5,28514082,560442865,9602,-0.30
20241111,19.4,19.4,19.0,19.2,21350299,407811560,7502,-0.30
20241112,18.95,19.1,18.7,18.7,27810051,523607823,10991,-0.50
20241113,18.7,18.75,18.3,18.35,24679537,455333582,9598,-0.35
20241114,18.35,18.35,17.7,17.7,28467962,511165261,14452,-0.65
20241115,17.75,18.15,17.75,18.0,30810137,551594628,9434,+0.30
20241118,18.0,18.05,17.7,17.8,28736986,511628397,9682,-0.20
20241119,17.95,18.15,17.8,18.0,20249114,364801384,6063,+0.20
20241120,18.05,18.25,17.8,17.8,24850865,447074851,9510,-0.20
20241121,17.8,18.0,17.5,17.8,31627381,563009850,7986, 0.00
20241122,17.9,18.1,17.9,18.05,18363361,330908993,4987,+0.25
20241125,18.1,18.15,17.6,17.6,312132640,5508005990,12726,-0.45
20241126,17.8,17.85,17.45,17.45,31222537,550063790,10180,-0.15
20241127,17.5,17.5,16.6,16.6,48650408,823066072,16915,-0.85
20241128,16.5,16.6,16.05,16.05,49759782,806792931,12553,-0.55
20241129,16.05,16.25,15.9,16.05,24366264,391995554,6944, 0.00
20241202,16.15,16.3,15.85,15.85,26838570,428312400,8829,-0.20
20241203,16.0,16.2,15.85,15.9,21683288,346227381,7821,+0.05
20241204,16.05,16.2,15.95,16.0,19310500,310215684,6296,+0.10
20241205,16.1,16.25,15.85,15.85,19176579,307346577,6611,-0.15
20241206,15.8,16.45,15.75,16.15,38952455,630212882,10666,+0.30
20241209,16.2,16.25,15.9,15.9,20267255,324408173,5686,-0.25
20241210,15.95,16.2,15.8,15.8,19934571,318311464,7229,-0.10
20241211,15.8,15.8,15.2,15.25,42931970,660700940,14394,-0.55
20241212,15.4,15.8,15.1,15.1,30754603,471854617,10613,-0.15
20241213,15.2,15.2,14.8,15.0,27050800,405203819,7719,-0.10
20241216,15.1,15.1,14.4,14.45,37018131,542195093,11658,-0.55
20241217,14.75,15.25,14.75,14.9,41605290,625133755,12013,+0.45
20241218,15.1,15.9,15.05,15.6,50801156,786664717,15254,+0.70
20241219,15.2,15.9,15.15,15.7,40089775,624352141,11741,+0.10
20241220,15.4,15.4,15.0,15.0,31371865,476161920,10355,-0.70
20241223,15.25,15.55,15.2,15.2,18653400,285822730,6254,+0.20
20241224,15.35,16.0,15.35,15.6,37017764,581214401,9398,+0.40
20241225,15.75,15.8,15.45,15.6,12583542,195922548,4602, 0.00
20241226,15.6,15.75,15.4,15.45,9089144,140982794,3198,-0.15
20241227,15.5,15.5,15.15,15.25,10305531,157532699,3644,-0.20
20241230,15.25,15.25,15.0,15.0,7541437,113787720,3028,-0.25
20241231,14.9,14.95,14.65,14.8,11531195,170223326,4657,-0.20
20250102,14.6,14.8,14.5,14.5,13306570,194378614,5000,-0.30
20250103,14.6,14.85,14.4,14.4,13874556,201668624,4659,-0.10
20250106,14.6,14.9,14.4,14.8,17197624,253656017,5772,+0.40
20250107,15.1,15.55,14.65,14.65,29967650,450479884,10204,-0.15
20250108,14.75,14.75,14.45,14.5,13039614,189869846,4556,-0.15
20250109,14.5,14.55,13.7,13.7,29387188,412904246,10594,-0.80
20250110,13.8,14.15,13.75,13.8,19544519,271827134,6034,+0.10
20250113,13.65,13.7,13.2,13.35,26912495,359025618,7696,-0.45
20250114,13.45,13.7,13.4,13.55,16707467,226280035,4271,+0.20
20250115,13.55,13.85,13.3,13.65,24724036,336469779,6986,+0.10
20250116,13.9,14.4,13.75,14.0,39053784,550486626,10227,+0.35
20250117,13.95,14.15,13.85,14.05,17721969,248268865,4358,+0.05
20250120,14.3,14.3,13.95,14.1,17943530,252739838,5274,+0.05
20250121,14.05,14.3,14.0,14.15,12979948,183811102,3784,+0.05
20250122,14.25,14.35,14.05,14.35,16678956,236789986,5274,+0.20
20250203,14.6,14.6,14.0,14.3,36910553,526010630,9017,-0.05
20250204,14.3,14.4,13.9,14.05,21229080,299557475,5577,-0.25
20250205,14.2,14.6,14.15,14.2,24652618,353366483,5719,+0.15
20250206,14.25,14.55,14.2,14.5,19749707,284290177,4631,+0.30
20250207,14.45,14.5,14.25,14.35,10070904,144550596,3420,-0.15
20250210,14.2,14.3,14.05,14.25,12608336,178642922,3757,-0.10
20250211,14.35,14.55,14.25,14.25,11378247,163465118,3188, 0.00
20250212,14.3,14.7,14.25,14.55,18169797,264070227,5064,+0.30
20250213,14.6,16.0,14.45,16.0,48179865,754278035,10958,+1.45
20250214,16.5,17.5,15.55,17.15,244449142,4062176246,60558,+1.15
20250217,17.15,18.7,16.85,18.55,230697903,4136651890,62038,+1.40
20250218,18.45,19.35,18.1,18.75,236343661,4427143882,64996,+0.20
20250219,19.0,19.65,18.65,19.2,248588557,4745693683,62030,+0.45
20250220,19.2,19.25,17.7,18.95,257895659,4761726671,65870,-0.25
20250221,18.7,19.5,18.3,18.85,198981888,3769367631,46545,-0.10
20250224,18.65,18.95,18.4,18.85,79710839,1490526748,21880, 0.00
20250225,18.3,19.5,18.05,19.1,159098519,2999115337,41851,+0.25
20250226,18.9,19.65,18.55,18.6,113971129,2161967795,30430,-0.50
20250227,18.7,19.05,18.45,18.7,88172776,1654271047,20078,+0.10
20250303,18.4,18.95,18.15,18.7,83024136,1543795433,19923, 0.00
20250304,18.3,18.55,18.15,18.55,65027097,1193382333,16887,-0.15
20250305,18.5,19.1,18.35,18.8,54459398,1022215321,15348,+0.25
20250306,18.9,18.95,18.15,18.15,49687269,919785810,16253,-0.65
20250307,18.15,18.7,18.05,18.25,67951855,1251379744,18314,+0.10
20250310,18.95,19.55,18.9,19.0,189602867,3651168850,39936,+0.75
20250311,18.65,19.15,18.35,19.1,110052956,2053922092,27366,+0.10
20250312,19.05,21.0,18.8,21.0,269346439,5453229862,68863,+1.90
20250313,21.4,22.1,20.4,20.7,397786178,8516206387,105493,-0.30
20250314,21.0,21.15,20.35,20.95,174956425,3633832520,48979,+0.25
20250317,21.15,21.55,20.3,20.45,154185527,3213302191,41907,-0.50
20250318,20.65,20.95,20.1,20.35,92009193,1886915072,25967,-0.10
20250319,20.45,21.1,20.3,20.5,124984770,2575564912,34350,+0.15
20250320,20.7,21.2,20.55,21.1,125389286,2622975355,33646,+0.60
20250321,21.1,21.6,20.5,21.05,138217530,2891676507,34070,-0.05
20250324,20.9,21.0,19.95,19.95,103485841,2110606867,31331,-1.10
20250325,20.2,20.4,19.2,19.35,71785562,1417248050,22116,-0.60
20250326,19.55,19.95,19.35,19.45,55571215,1087150788,15250,+0.10
20250327,19.1,19.85,19.1,19.25,47714729,927524477,14507,-0.20
20250328,19.3,19.4,18.5,18.7,58260040,1097242743,17155,-0.55
20250331,17.8,18.35,17.35,17.55,74509246,1323314194,20095,-1.15
20250401,17.95,18.2,17.8,18.1,50379839,908555100,14400,+0.55
20250402,18.15,18.85,17.8,18.7,53016793,974794868,16933,+0.60
20250407,16.85,16.85,16.85,16.85,4724750,79611731,2320,-1.85
20250408,15.35,16.05,15.2,15.2,87274331,1340582589,18856,-1.65
20250409,14.55,14.8,13.7,13.7,89217079,1253908119,24348,-1.50
20250410,15.05,15.05,15.05,15.05,34689275,522073499,5888,+1.35
20250411,14.2,15.45,13.6,15.3,106332724,1576880630,26843,+0.25
20250414,15.7,16.3,15.7,15.9,82043219,1316242621,23121,+0.60
20250415,16.25,16.5,16.0,16.3,42259159,687593899,12372,+0.40
20250416,16.2,16.2,15.5,15.55,51900815,819731719,17360,-0.75
20250417,15.5,15.75,15.2,15.4,40747467,629041922,11405,-0.15
20250418,15.45,16.4,15.4,15.9,103498411,1661191186,27799,+0.50
20250421,15.9,16.05,15.3,15.35,125178716,1956674455,31484,-0.55
20250422,15.4,16.25,15.25,15.4,130117621,2039241075,34412,+0.05
20250423,16.1,16.15,15.6,15.6,76889430,1216720299,18412,+0.20
20250424,15.7,15.85,15.4,15.4,48819766,759416643,12315,-0.20
20250425,15.75,15.95,15.6,15.8,49605719,782619800,11649,+0.40
20250428,15.9,16.0,15.6,15.7,30098324,473566883,9447,-0.10
20250429,15.75,16.0,15.7,15.95,33876612,537847233,8435,+0.25
20250430,16.05,16.15,15.7,15.75,45950742,731376355,12112,-0.20
20250502,16.0,16.25,15.9,15.95,33786124,540991005,8817,+0.20
20250505,16.1,16.1,15.25,15.45,39294355,613525185,10242,-0.50
20250506,15.3,15.8,15.25,15.7,24682554,384500853,7483,+0.25
20250507,15.75,15.8,15.45,15.55,17189397,267921276,4839,-0.15
20250508,15.85,16.2,15.6,15.6,44805514,709095451,12467,+0.05
20250509,15.8,15.85,15.4,15.55,18271060,284607408,6587,-0.05
20250512,15.8,16.65,15.75,16.55,76003127,1233043832,22117,+1.00
20250513,17.1,18.2,16.8,17.9,206408288,3641098587,50190,+1.35
20250514,17.85,18.35,17.7,18.15,151885981,2746777191,38678,+0.25
20250515,18.45,18.9,17.9,18.1,134611568,2468870683,33782,-0.05
20250516,18.1,18.2,17.8,17.95,49038144,881834077,13887,-0.15
20250519,17.95,18.15,17.7,17.75,38023884,679193789,10381,-0.20
20250520,18.15,18.8,17.95,18.55,120117574,2214382485,30837,+0.80
20250521,18.6,18.7,18.1,18.15,76924224,1412658768,20757,-0.40
20250522,18.1,18.15,17.7,17.85,49671190,886788594,15194,-0.30
20250523,17.95,18.1,17.75,17.75,25656051,459197761,7703,-0.10
20250526,17.75,17.8,17.3,17.45,35231583,616599141,10122,-0.30
20250527,17.45,17.65,17.2,17.35,26947034,470070644,7999,-0.10
20250528,17.8,18.05,17.3,17.4,48953278,865614407,14300,+0.05
20250529,17.6,17.9,17.4,17.7,48955342,865736017,12314,+0.30
20250602,17.5,17.55,16.85,16.9,36253384,617822035,12264,-0.80
20250603,17.1,17.2,16.7,16.7,26626284,448273940,7378,-0.20
20250604,17.0,18.0,16.95,17.65,69082667,1216120964,20138,+0.95
20250605,17.85,18.6,17.7,18.1,106061105,1930424593,27290,+0.45
20250606,18.1,18.4,18.0,18.35,52663870,958911221,15907,+0.25
20250609,18.45,18.8,18.3,18.4,66163437,1226127849,19389,+0.05
20250610,18.6,19.3,18.45,18.8,99914095,1891211041,25688,+0.40
20250611,19.1,19.25,18.65,18.8,61674853,1165634517,16184, 0.00
20250612,18.8,18.9,18.6,18.8,28613369,537190672,7810, 0.00
20250613,18.7,18.7,18.2,18.45,41139315,757094612,11585,-0.35
20250616,18.5,18.65,18.15,18.4,45754464,842061387,11688,-0.05
20250617,18.55,19.0,18.55,18.75,56800723,1068588001,14017,+0.35
20250618,18.9,19.85,18.85,19.65,194706566,3800763784,50168,+0.90
20250619,20.0,20.3,19.15,19.6,152054342,2980207487,38189,-0.05
20250620,19.6,19.75,18.8,18.95,83338972,1591725682,19650,-0.65
20250623,18.55,19.65,18.5,19.6,81776761,1579451492,22182,+0.65
20250624,20.1,21.25,19.85,20.05,243057485,4990652389,62348,+0.45
20250625,20.2,21.0,20.05,20.25,147333284,3014632999,40914,+0.20
20250626,20.75,21.5,20.5,20.85,216038224,4533744462,53135,+0.60
20250627,21.2,21.7,20.7,21.15,169640197,3590424030,45152,+0.30
20250630,21.25,21.3,20.15,20.15,104406100,2132274832,25612,-1.00
20250701,20.15,20.45,19.8,19.85,76615219,1533562939,21197,-0.30
20250702,19.9,20.1,19.5,19.55,68749472,1355484432,17072,-0.30
20250703,19.55,19.85,19.5,19.75,32903370,647767093,10236,+0.20
20250704,19.9,19.9,18.95,19.15,56810889,1092728642,15962,-0.60
20250707,19.05,19.3,18.85,19.1,29315240,557565164,8942,-0.05
20250708,19.1,19.3,18.8,18.9,41871220,795027201,11699,-0.20
20250709,18.85,19.15,18.8,18.95,19011959,360213373,5992,+0.05
20250710,19.0,19.0,18.4,18.5,28479063,529657749,9367,-0.45
20250711,18.4,18.6,18.0,18.45,41944222,768607723,12406,-0.05
20250714,18.4,18.55,18.2,18.25,23622207,433202152,7041,-0.20
20250715,18.3,18.4,17.7,17.9,43454344,782189758,13450,-0.35
20250716,18.15,18.15,17.6,17.65,37378601,664049581,13259,-0.25
20250717,17.65,18.1,17.55,17.9,39526107,706275943,12156,+0.25
20250718,18.0,18.05,17.65,17.65,22013689,391484699,8079,-0.25
20250721,17.7,17.75,17.4,17.4,24053411,420883920,8052,-0.25
20250722,17.45,17.65,17.15,17.15,24786033,431628283,8767,-0.25
20250723,17.25,17.75,17.25,17.6,28303309,496790568,8880,+0.45
20250724,17.7,17.75,17.15,17.35,31091690,540749302,9675,-0.25
20250725,17.35,17.6,17.3,17.45,13129389,229270729,4596,+0.10
20250728,17.5,17.75,17.35,17.5,17696014,310293270,6376,+0.05
20250729,17.7,18.0,17.4,17.4,37870147,668597992,10966,-0.10
20250730,17.4,17.9,17.25,17.85,29781548,526771651,8983,+0.45
20250731,17.7,17.8,17.35,17.35,25462564,445191523,7730,-0.50
20250801,17.25,17.8,16.85,17.6,29365200,514654219,9036,+0.25
20250804,17.4,17.45,17.1,17.35,24658786,425928354,7604,-0.25
20250805,17.55,17.95,17.45,17.6,23155920,409499234,7316,+0.25
20250806,17.5,17.55,17.05,17.05,46773462,802880014,14733,-0.55
20250807,17.15,17.25,16.5,16.5,46331780,776057233,16679,-0.55
20250808,16.75,18.05,16.75,17.45,103047565,1807394705,30081,+0.95
20250811,17.6,17.65,17.35,17.4,30565323,533609529,8946,-0.05
20250812,17.7,18.6,17.7,18.45,104374238,1915641197,30104,+1.05
20250813,18.75,18.85,18.1,18.1,62899063,1159117048,18085,-0.35
20250814,18.15,18.4,18.0,18.0,34601779,627730319,11066,-0.10
20250815,18.1,18.45,17.75,18.4,39510470,714541752,11816,+0.40
20250818,18.55,19.35,18.15,19.1,107922757,2033949871,28916,+0.70
20250819,19.15,19.25,18.55,18.6,49210243,923660646,15747,-0.50
20250820,18.45,18.6,17.95,18.0,47050322,855649676,13928,-0.60
20250821,18.1,18.5,18.05,18.4,35344254,645489438,10219,+0.40
20250822,18.3,18.45,18.05,18.2,18456912,335722102,5754,-0.20
20250825,18.45,18.75,18.4,18.4,29323268,544227922,8670,+0.20
20250826,18.45,18.9,18.3,18.75,30607131,570046615,8767,+0.35
20250827,19.05,20.0,19.0,19.8,95355606,1875290404,29614,+1.05
20250828,19.9,20.05,19.6,19.6,54451676,1076849978,16402,-0.20
20250829,19.8,20.55,19.7,19.7,82516634,1659037339,23604,+0.10
20250901,19.7,20.35,19.6,20.3,79269429,1590942508,23880,+0.60
20250902,20.5,20.65,19.8,19.95,100967634,2035398991,28982,-0.35
20250903,19.95,20.55,19.9,20.1,65368703,1322465466,18065,+0.15
20250904,20.4,20.8,20.3,20.5,65653280,1347946204,18539,+0.40
20250905,20.65,22.55,20.6,22.55,227254069,4992131427,60412,+2.05
20250908,24.65,24.8,22.75,24.6,436611844,10572092448,109218,+2.05
20250909,24.4,24.9,23.7,24.55,237839246,5764269263,71135,-0.05
20250910,24.85,25.7,24.5,24.95,285159030,7189180523,83227,+0.40
20250911,25.7,26.6,24.7,25.0,311904444,7978439289,99894,+0.05
20250912,26.15,26.55,24.9,25.45,275412454,7125219924,81588,+0.45
20250915,26.95,27.1,25.7,26.8,468174930,12476488075,132731,+1.35
20250916,26.5,28.9,25.75,27.95,640413710,17564153526,182621,+1.15
20250917,28.1,29.8,27.3,29.4,444180445,12614230787,137246,+1.45
20250918,30.25,32.3,30.25,32.3,446562113,14081142879,129346,+2.90
20250919,34.0,34.3,32.5,33.5,581855348,19455476266,193129,+1.20
20250922,33.8,35.3,33.4,34.25,378938823,12962425448,125749,+0.75
20250923,35.0,36.85,34.9,36.45,534413768,19178872328,195728,+2.20
20250924,36.0,36.05,34.3,35.2,399525349,14014459828,131678,-1.25
20250925,34.2,35.7,33.2,33.4,453055706,15500096747,172069,-1.80
20250926,32.95,33.2,31.2,31.4,311944386,9917713566,112303,-2.00
20250930,34.0,34.15,32.95,34.05,281479643,9502442731,105091,+2.65
20251001,33.4,35.2,33.2,33.8,333619796,11437384590,112244,-0.25
20251002,36.0,36.5,35.05,36.0,466423745,16725946610,156007,+2.20
20251003,35.8,39.25,35.35,38.8,579286537,21742182968,218332,+2.80
20251007,40.75,42.65,40.75,42.65,272729643,11465121331,82470,+3.85
20251008,41.95,42.15,39.35,41.25,467415817,19001264528,173698,-1.40
20251009,42.9,44.35,41.7,43.45,546683937,23568242474,194682,+2.20
20251013,40.35,43.8,40.35,43.0,399484526,17057755380,146645,-0.45
20251014,44.9,45.55,40.15,40.7,598421210,25505773372,245917,-2.30
20251015,41.45,41.65,39.3,40.0,309479559,12500046385,131307,-0.70
20251016,41.1,44.0,41.1,44.0,437429618,19028495936,136149,+4.00
20251017,44.0,44.95,43.55,43.95,456669445,20183100140,153802,-0.05
20251020,45.6,48.0,44.05,46.35,578807421,26476039502,219949,+2.40
20251021,45.7,45.75,44.6,44.6,77971629,3513569071,42870,-1.75
20251022,43.7,45.45,43.7,45.45,55912233,2493420205,26139,+0.85
20251023,44.95,46.5,44.7,46.3,45232386,2076401905,24044,+0.85
20251027,50.9,50.9,50.2,50.9,85726404,4347507686,48498,+4.60
20251028,50.9,54.5,50.9,54.0,98212499,5201218600,50620,+3.10
20251029,54.4,54.5,51.9,54.0,70726750,3805166699,37877, 0.00
20251030,55.7,57.0,53.4,55.2,74032183,4096659139,38697,+1.20
20251031,55.2,55.2,53.5,54.2,57761731,3132185778,29710,-1.00
20251103,55.5,57.5,55.1,56.6,68487857,3877155535,36197,+2.40
20251104,56.8,56.8,53.0,53.3,41115669,2242607013,15037,-3.30
20251105,48.6,56.0,48.6,56.0,47931403,2477465768,14206,+2.70
20251106,58.6,59.0,58.0,59.0,40871416,2396862270,17483,+3.00
20251107,58.5,59.2,57.6,58.1,22850042,1335189993,9722,-0.90
20251110,61.4,63.9,60.8,63.9,32006484,2006047657,15848,+5.80
20251111,64.9,66.1,64.5,64.5,43521354,2838761748,17052,+0.60
20251112,63.1,65.9,63.0,64.8,23237650,1500955259,10188,+0.30
20251113,66.0,69.1,61.7,64.2,32553424,2113654634,15914,-0.60
20251114,60.0,62.2,59.1,60.3,34688969,2099875179,16297,-3.90
20251117,66.3,66.3,65.1,66.2,45241959,2983977970,14036,+5.90
20251118,66.5,66.7,59.6,61.4,466709594,28952084904,189370,-4.80
20251119,59.5,61.4,58.1,59.4,262846110,15660460911,120158,-2.00
20251120,63.4,63.9,53.5,58.0,433182309,25128387540,207906,-1.40
20251121,52.2,53.2,52.2,52.2,153645404,8053968413,85092,-5.80
20251124,53.0,55.5,52.3,54.6,233767269,12670145724,92626,+2.40
20251125,59.1,59.4,55.9,57.5,219802494,12648467241,102898,+2.90
20251126,57.0,57.8,52.7,53.6,194948799,10647881355,104377,-3.90
20251127,55.2,57.0,54.7,56.9,161180525,9005994366,79901,+3.30
20251128,57.3,59.5,55.8,58.0,184303003,10672260748,96018,+1.10
20251201,57.9,59.0,56.3,57.6,113248893,6548802262,54059,-0.40
20251202,58.9,58.9,56.1,56.6,116743624,6655660299,50547,-1.00
20251203,57.3,58.5,55.5,55.8,142553494,8127717526,60762,-0.80
20251204,55.0,58.9,53.7,57.8,244918744,13984372374,107075,+2.00
20251205,58.1,62.8,56.4,61.8,343693196,20477805446,157574,+4.00
20251208,63.5,67.9,63.5,67.9,312825078,20721297096,156916,+6.10
20251209,71.0,71.6,66.9,71.3,595084386,41469304634,245923,+3.40
20251210,71.0,73.4,67.3,67.5,408320544,28596450870,202542,-3.80
20251211,69.6,70.5,67.5,68.4,288345883,19907000334,130071,+0.90
20251212,69.2,75.2,68.5,74.6,543798403,39822052994,216661,+6.20
20251215,72.0,72.8,69.0,71.1,427984064,30470732777,188689,-3.50
20251216,70.0,71.9,68.8,70.6,347382553,24444703161,190491,-0.50
20251217,71.3,74.4,70.2,73.9,454004106,32964599251,206122,+3.30
20251218,75.0,77.8,73.9,74.5,531280423,40316342264,237292,+0.60
20251219,76.9,77.5,71.2,71.3,495025660,36615273023,220957,-3.20
20251222,73.9,75.0,72.8,73.1,238544600,17595898019,102563,+1.80
20251223,74.0,74.4,72.4,73.0,155196257,11397199497,88042,-0.10
20251224,73.6,77.2,72.5,76.9,321347803,24324612265,156105,+3.90
20251226,78.0,79.1,76.0,76.5,274963547,21273569725,158763,-0.40
20251229,76.9,77.9,75.6,76.9,166636334,12782144022,88443,+0.40
20251230,77.2,84.4,77.2,83.7,405326803,32990782774,197872,+6.80
20251231,84.1,86.5,82.2,82.6,340682906,28631841016,171695,-1.10
20260102,83.1,90.8,82.1,90.8,414793767,36674571197,196629,+8.20
20260105,95.0,96.8,91.6,95.5,435516103,41228393344,208796,+4.70
20260106,95.8,104.5,95.0,104.0,403567044,40534258779,190783,+8.50
20260107,109.0,110.5,104.5,106.5,351786974,37741386652,160207,+2.50
20260108,105.5,109.5,104.0,108.5,200419065,21500856137,87913,+2.00
20260109,103.5,103.5,97.7,97.8,83406112,8303634228,78828,-10.70
20260112,98.1,102.5,96.5,102.0,56471038,5640623149,41501,+4.20
20260113,104.5,104.5,98.5,99.8,42978779,4313617107,35471,-2.20
20260114,99.0,100.5,99.0,99.8,23626210,2357082052,18993, 0.00
20260115,99.8,100.0,99.1,99.2,22752094,2262451840,20208,-0.60
20260116,102.0,108.0,100.5,106.5,51171187,5365873544,39375,+7.30
20260119,115.0,117.0,115.0,116.5,54995554,6399375690,46013,+10.00
20260120,105.5,114.5,105.5,113.0,52267677,5808516823,46895,-3.50
20260121,112.0,112.0,103.0,105.5,65297844,6924443479,56283,-7.50
20260122,113.5,113.5,104.5,104.5,57616942,6298714218,41621,-1.00
20260123,107.0,107.0,99.4,103.0,49825240,5137803373,38639,-1.50
20260126,107.0,113.0,107.0,113.0,59539991,6652906621,38999,+10.00
20260127,113.5,120.5,110.0,115.5,280726529,32506947868,187377,+2.50
20260128,120.5,127.0,120.0,127.0,183205546,22925295243,96048,+11.50
20260129,133.0,136.0,124.0,130.0,391188412,51107878682,215266,+3.00
20260130,132.5,136.0,128.5,128.5,250735126,33104122630,130854,-1.50
20260202,121.5,122.5,116.0,116.0,166067918,19559579377,118024,-12.50
20260203,123.5,123.5,104.5,105.5,450168931,50112102829,211478,-10.50
20260204,105.0,111.5,104.5,108.5,210454359,22711574099,115182,+3.00
20260205,102.5,107.5,101.0,102.5,147383712,15228873497,90435,-6.00
20260206,100.0,102.0,95.0,97.8,234055621,22942958988,139139,-4.70
20260209,106.0,107.5,101.0,107.5,155358413,16426279024,89363,+9.70
20260210,108.0,109.0,102.5,103.5,199667829,21008050117,106735,-4.00
20260211,101.5,109.0,101.5,105.5,203300198,21573724183,97017,+2.00
20260223,114.5,116.0,112.5,115.0,172618558,19899076592,77801,+9.50
20260224,115.0,123.5,113.0,122.0,249188364,29659415675,126145,+7.00
20260225,122.0,124.0,115.0,118.0,171060627,20196705975,103286,-4.00
20260226,119.5,124.0,116.0,122.5,180884833,21860028123,99041,+4.50
20260302,115.0,127.0,115.0,124.5,155981725,19105980385,92253,+2.00
20260303,125.0,125.0,112.5,112.5,191958703,22267665404,133127,-12.00
20260304,106.0,109.5,102.0,104.0,182140240,19099257343,96230,-8.50
20260305,113.5,114.0,109.0,112.0,165823126,18669812732,74388,+8.00
20260306,110.0,113.0,105.5,106.5,122902263,13409986692,68500,-5.50
20260309,95.9,101.0,95.9,101.0,168056845,16532920069,92676,-5.50
20260310,108.0,109.0,101.5,105.5,164291467,17357012857,86675,+4.50
20260311,109.0,115.0,107.5,114.0,182016851,20489627630,95318,+8.50
20260312,114.5,117.5,109.0,109.0,167667839,18974827176,94822,-5.00
20260313,109.0,114.5,108.0,109.0,172609285,19126191407,91940, 0.00
20260316,113.5,118.0,113.0,117.0,201277340,23380450602,102187,+8.00
20260317,121.5,126.0,119.5,123.5,236549367,29113431118,130786,+6.50
20260318,129.0,129.5,120.5,128.0,296360065,37357758161,158674,+4.50
20260319,123.5,125.5,120.0,122.0,198121897,24351328578,124174,-6.00
20260320,124.0,124.5,110.0,110.0,338024724,38511029603,174059,-12.00
20260323,103.5,109.5,103.5,107.5,148725825,15752298942,85009,-2.50
20260324,109.5,109.5,97.0,99.5,226815033,23043426996,142018,-8.00
20260325,99.0,103.0,98.1,98.2,204010523,20370287738,122936,-1.30
20260326,100.0,104.5,96.0,96.0,190169312,19056552248,124456,-2.20
20260327,90.2,92.4,87.2,92.4,159719227,14319399468,110690,X0.00
20260330,91.2,96.8,90.6,93.0,152254475,14327438317,92269,+0.60
20260331,88.0,95.5,85.2,90.2,248002672,22302547521,138047,-2.80
20260401,97.1,97.2,91.3,93.1,205567931,19253182752,111777,+2.90
20260402,96.0,97.6,91.8,91.8,183485734,17299197617,99525,-1.30
20260407,95.0,95.8,89.1,89.4,169816458,15503207239,107795,-2.40
20260408,93.1,95.8,92.2,95.6,171450402,16118863428,93651,+6.20
20260409,96.0,96.2,90.3,91.0,135311587,12580381019,94997,-4.60
20260410,93.0,97.5,92.3,93.5,166460245,15749496362,92459,+2.50
20260413,93.8,95.2,91.5,94.4,95826273,8982591357,63186,+0.90
20260414,96.8,98.0,93.5,93.5,167859423,16124385330,101387,-0.90
20260415,95.6,96.6,90.1,90.2,128417146,11871721447,108701,-3.30
20260416,90.6,90.9,88.3,89.6,112136484,10027164339,85705,-0.60
20260417,90.0,90.7,86.8,87.8,121007219,10629813145,87458,-1.80
20260420,87.5,88.4,83.8,85.7,164660840,14070617007,98848,-2.10
20260421,88.1,92.8,88.0,91.1,185988550,16870561789,110555,+5.40
20260422,91.5,91.5,88.9,90.6,94692275,8534488531,74565,-0.50
20260423,93.0,93.4,84.3,87.8,171220047,15264306910,103226,-2.80
20260424,88.6,88.9,84.0,88.2,122540288,10657166576,68127,+0.40
20260427,89.8,95.6,89.1,93.9,270349710,25151332869,141005,+5.70
20260428,95.3,96.9,93.5,95.5,219580752,20927556094,131853,+1.60
20260429,94.5,96.0,92.1,92.7,129993397,12171390440,88249,-2.80
20260430,94.2,94.6,88.8,89.8,116065273,10532859195,70768,-2.90
20260504,91.9,98.4,91.1,95.4,198798052,18840449075,103984,+5.60
20260505,96.8,100.5,96.6,98.8,196655974,19389778322,115022,+3.40
