date,open,high,low,close,volume,turnover,transactions,price_change
20100104,124.5,124.5,121.5,122.0,5615019,689308281,3106,-2.0
20100105,122.5,124.0,121.0,122.0,4739771,580350661,2768,0.0
20100106,122.5,123.0,121.5,122.0,4311929,525913350,2334,0.0
20100107,122.0,122.5,120.0,120.0,5500611,667387992,2814,-2.0
20100108,120.0,121.0,118.0,120.0,4038443,481473923,2271,0.0
20100111,120.0,120.0,118.5,119.5,2330477,278013263,1330,-0.5
20100112,120.0,123.5,119.0,122.5,5392752,658417744,3240,3.0
20100113,122.0,122.0,120.0,120.0,2412417,291243540,1609,-2.5
20100114,121.0,123.0,121.0,121.5,3735624,455348004,2129,1.5
20100115,124.0,130.0,122.5,129.5,17798850,2271671680,8268,8.0
20100118,129.0,138.5,128.0,138.5,18168381,2466507670,8552,9.0
20100119,140.5,144.0,136.5,136.5,15480196,2179644201,8277,-2.0
20100120,139.0,140.0,134.0,139.0,8575037,1183551643,4633,2.5
20100121,139.0,139.5,134.0,134.0,6539819,886459246,3792,-5.0
20100122,130.5,132.0,125.0,125.0,11137245,1425205625,6131,-9.0
20100125,122.0,133.5,122.0,133.0,13161637,1702156221,7061,8.0
20100126,138.0,139.0,126.5,127.5,18278427,2437997415,10325,-5.5
20100127,130.0,133.0,128.0,131.0,11363144,1485764220,6388,3.5
20100128,133.0,134.5,128.5,130.0,13204336,1729250180,6597,-1.0
20100129,127.5,128.5,124.0,126.5,9358816,1180954132,5397,-3.5
20100201,126.0,126.0,122.5,122.5,9855021,1217947583,4316,-4.0
20100202,125.0,127.0,123.5,124.0,7312452,913760048,4261,1.5
20100203,127.0,127.5,125.0,127.5,4430487,561517087,2684,3.5
20100204,127.5,128.0,124.5,125.0,3686417,462598326,2249,-2.5
20100205,120.0,122.0,116.5,118.0,8534684,1015605896,5103,-7.0
20100206,118.0,121.5,117.0,121.0,6567104,787159084,3743,3.0
20100208,121.0,123.0,119.5,121.0,3403116,413645536,2263,0.0
20100209,120.0,123.0,119.5,122.0,5429363,659344461,3122,1.0
20100210,124.0,127.0,123.0,124.0,8087600,1015211900,4147,2.0
20100222,127.0,127.0,125.0,126.5,4397837,554351371,2256,2.5
20100223,128.0,128.0,124.0,125.0,2157042,269817750,1492,-1.5
20100224,124.0,125.0,122.5,122.5,1852417,229014791,1389,-2.5
20100225,123.0,124.0,119.0,119.5,4336644,523734780,2688,-3.0
20100226,119.5,121.0,112.0,113.5,11532407,1320549712,6214,-6.0
20100301,113.5,118.0,113.0,117.5,7645357,884928626,3831,4.0
20100302,118.0,121.0,117.0,117.5,6375829,756268822,3616,0.0
20100303,118.5,119.0,116.0,116.5,3148730,368337034,1914,-1.0
20100304,118.0,118.0,114.0,115.0,4083545,471208938,2656,-1.5
20100305,116.0,116.5,115.0,116.0,4260468,493149788,2456,1.0
20100308,117.5,119.0,116.5,119.0,8897102,1048569638,3971,3.0
20100309,118.0,119.0,117.5,117.5,4617062,544853816,2278,-1.5
20100310,118.0,118.0,115.0,116.0,5085018,590308106,2984,-1.5
20100311,116.0,117.0,115.0,115.0,5320962,615766600,3071,-1.0
20100312,116.0,116.5,114.0,115.0,6275608,721618716,3046,0.0
20100315,115.0,115.5,113.0,113.0,3757823,426990145,2606,-2.0
20100316,112.0,114.0,112.0,114.0,5559924,629510792,2716,1.0
20100317,115.0,118.5,114.0,118.5,9946635,1160075740,5661,4.5
20100318,119.0,119.5,117.5,118.0,6955903,823956502,3177,-0.5
20100319,118.0,118.5,115.5,117.5,4958594,579289286,2725,-0.5
20100322,116.5,117.0,115.0,115.0,2657387,307042005,1870,-2.5
20100323,115.5,116.5,114.0,114.0,5033121,579631294,2522,-1.0
20100324,115.0,116.0,114.0,114.0,5567050,637960880,2365,0.0
20100325,115.0,118.5,114.5,118.0,11186694,1305745892,5498,4.0
20100326,117.5,118.0,116.0,117.0,5111746,598422282,2935,-1.0
20100329,118.0,119.0,117.0,118.5,6988518,825050381,3471,1.5
20100330,119.0,119.5,116.5,117.0,4536964,534722788,2124,-1.5
20100331,117.5,118.0,116.5,116.5,2840769,332680085,1489,-0.5
20100401,117.0,124.5,117.0,124.5,17610118,2156248658,9908,8.0
20100402,125.0,128.5,122.0,126.5,13658901,1716989463,6747,2.0
20100406,128.0,132.0,128.0,130.0,11034771,1440100822,6069,3.5
20100407,132.0,132.5,128.0,130.0,10103330,1311810719,4955,0.0
20100408,130.0,130.0,125.0,126.0,9338788,1190266788,5285,-4.0
20100409,126.0,132.0,125.5,130.5,12573180,1628875900,6763,4.5
20100412,132.5,133.0,129.0,129.0,5912503,771107887,3199,-1.5
20100413,128.5,130.5,127.5,128.0,4005307,514648796,2604,-1.0
20100414,128.0,129.0,127.0,129.0,4067130,521089270,2506,1.0
20100415,130.0,131.0,129.0,129.0,5204194,674827026,2681,0.0
20100416,129.5,130.0,127.0,129.0,4639721,597227009,2400,0.0
20100419,127.0,128.5,126.0,128.0,7386628,941889884,3422,-1.0
20100420,129.0,131.0,128.0,130.0,7589758,984338655,4697,2.0
20100421,131.5,136.5,131.5,135.5,19540574,2628734990,9730,5.5
20100422,135.0,137.0,133.0,135.5,8338483,1127400705,4726,0.0
20100423,136.5,137.0,134.0,134.0,6087687,823845697,2934,-1.5
20100426,135.5,137.0,135.0,135.0,6222205,845307051,3136,1.0
20100427,136.5,137.5,134.5,134.5,4334548,587426966,2207,-0.5
20100428,130.5,136.0,130.0,136.0,5358573,714189622,3399,1.5
20100429,136.0,136.5,134.0,134.0,3279238,442249259,2072,-2.0
20100430,136.0,136.0,130.0,131.0,6230194,824864720,3606,-3.0
20100503,130.0,132.0,128.5,129.0,3056570,396032030,2071,-2.0
20100504,130.0,131.5,128.5,130.0,3403927,441387010,2123,1.0
20100505,127.5,127.5,125.0,125.0,7737119,969290759,4101,-5.0
20100506,124.0,126.0,123.0,124.0,3776281,470626625,2291,-1.0
20100507,120.0,125.5,120.0,125.5,6633550,814144510,3421,1.5
20100510,128.0,130.0,126.5,130.0,5863309,753883170,3150,4.5
20100511,130.0,131.0,126.5,127.0,6839769,880629663,3386,-3.0
20100512,129.0,129.0,127.0,127.5,1907992,243893975,1297,0.5
20100513,129.0,130.0,128.0,130.0,2383215,308125823,1758,2.5
20100514,130.0,130.0,128.5,129.0,1493234,192733563,864,-1.0
20100517,127.0,128.0,124.5,124.5,4072700,511929000,2235,-4.5
20100518,126.0,126.0,123.0,124.0,4086499,506607376,2389,-0.5
20100519,122.5,123.5,120.5,123.0,4465505,543700858,2669,-1.0
20100520,122.0,123.0,120.0,120.5,2912041,352989429,1686,-2.5
20100521,117.0,119.0,116.5,117.5,6108233,718121494,2868,-3.0
20100524,120.0,120.0,118.5,119.0,2298237,273371319,1440,1.5
20100525,118.0,118.0,111.0,112.0,8825501,992724113,4488,-7.0
20100526,112.0,115.5,112.0,114.5,7568061,859409015,3392,2.5
20100527,114.0,116.5,111.0,116.0,5961671,678363507,2820,1.5
20100528,118.0,120.0,117.0,118.0,4267012,503892416,2420,2.0
20100531,118.5,118.5,114.0,116.5,4070331,471190557,2256,-1.5
20100601,115.5,118.5,115.0,115.0,3750352,436980655,2289,-1.5
20100602,114.0,116.0,111.5,112.5,6649220,753591734,3092,-2.5
20100603,115.0,117.0,114.5,116.0,4183155,484470980,2365,3.5
20100604,116.0,116.0,114.0,114.5,2449084,281029160,1485,-1.5
20100607,109.0,110.0,106.5,106.5,10805776,1155884808,4893,-8.0
20100608,106.5,107.5,104.0,106.0,10344350,1092000761,5173,-0.5
20100609,105.0,109.0,101.0,102.0,10798635,1136302040,5593,-4.0
20100610,101.0,107.5,101.0,107.5,9264979,965161214,4884,5.5
20100611,109.5,110.0,108.0,108.0,6742085,735818217,3939,0.5
20100614,109.0,110.0,108.0,110.0,3957793,432737230,2539,2.0
20100615,110.0,110.5,108.0,110.0,5858281,641518910,2802,0.0
20100617,111.0,111.5,109.5,110.5,4529073,500339057,2560,0.5
20100618,111.0,111.5,109.5,110.5,1976306,218156810,1231,0.0
20100621,112.0,118.0,111.5,118.0,9181713,1062192634,4827,7.5
20100622,118.0,119.0,116.5,118.0,3994892,470336756,2433,0.0
20100623,117.0,117.0,114.5,115.5,4418026,510316542,2427,-2.5
20100624,115.0,117.0,114.5,115.0,2767804,319724354,1770,-0.5
20100625,113.5,114.0,111.5,112.5,2703239,304609507,1732,-2.5
20100628,113.0,113.0,111.5,113.0,1387216,156099408,1032,0.5
20100629,114.5,115.0,110.5,111.0,3087915,348007065,2230,-2.0
20100630,108.0,108.5,106.0,107.5,4884962,523697396,2671,-3.5
20100701,107.5,108.0,105.0,105.0,3442070,364246850,2092,-2.5
20100702,107.5,108.5,105.5,106.0,2528780,270991180,1799,1.0
20100705,106.5,109.0,106.5,108.0,2412104,259912232,1620,2.0
20100706,108.0,111.0,107.0,111.0,3241824,355051964,1888,3.0
20100707,111.0,112.5,110.0,112.5,2617772,291305574,1538,1.5
20100708,113.5,114.5,113.0,113.0,3471405,394672053,1983,0.5
20100709,113.5,114.0,113.0,113.5,3148267,357375171,2096,0.5
20100712,113.5,114.0,111.0,111.0,3350744,375003705,2322,-2.5
20100713,112.0,112.5,110.0,110.5,1837784,204402240,1300,-0.5
20100714,112.0,113.5,112.0,112.5,3192313,359648201,1881,2.0
20100715,112.5,113.0,111.5,111.5,2316834,259670987,1491,-1.0
20100716,111.0,112.0,108.0,108.0,5400042,587741078,3453,-3.5
20100719,106.0,106.5,105.0,106.5,2753195,292043757,1952,-1.5
20100720,105.5,109.0,105.0,109.0,4417517,473097088,2696,2.5
20100721,109.0,109.5,106.0,106.5,3126507,335092983,2017,-2.5
20100722,106.5,107.0,105.5,106.0,2073882,220149422,1454,-0.5
20100723,107.0,108.5,107.0,107.0,4653762,500866034,2567,1.0
20100726,108.5,111.0,108.0,110.5,7831181,858669910,4272,3.5
20100727,111.5,112.0,109.0,109.5,3100089,340797239,2137,-1.0
20100728,109.0,110.5,108.5,110.0,2614928,286633580,1579,0.5
20100729,109.0,110.0,108.5,109.5,1800687,196774883,1294,-0.5
20100730,109.5,110.0,108.5,109.0,1809483,197554147,1159,-0.5
20100802,110.5,116.5,110.0,116.0,14896990,1713625840,7021,7.0
20100803,116.0,117.5,114.5,117.5,8702664,1008127508,4101,1.5
20100804,117.5,118.0,116.0,116.5,5372827,628466932,2688,-1.0
20100805,117.5,121.5,117.0,119.0,9798559,1174183227,5273,2.5
20100806,120.0,122.0,119.5,122.0,7494979,909092938,3989,3.0
20100809,122.0,124.0,120.0,120.0,5186625,634120500,3068,-2.0
20100810,121.0,122.0,118.5,118.5,2872003,344144849,1669,-1.5
20100811,115.0,117.0,112.0,113.5,9504604,1084774040,5569,-5.0
20100812,112.0,113.0,110.0,111.5,7058345,784177806,3902,-2.0
20100813,112.0,113.0,111.0,112.0,5111521,572768852,3032,0.5
20100816,111.0,111.5,109.0,111.5,3959928,436713457,2274,-0.5
20100817,111.5,113.0,111.5,112.0,2024819,227397228,1434,0.5
20100818,114.0,114.0,112.0,112.5,2053685,231741554,1526,0.5
20100819,111.5,114.5,111.0,114.0,3962104,449260856,2189,1.5
20100820,114.0,115.0,112.5,113.5,2539457,287274141,1577,-0.5
20100823,114.0,114.5,111.0,111.0,5422615,608903765,3160,-2.5
20100824,111.0,112.0,109.5,109.5,7590143,835753136,3723,-1.5
20100825,96.5,101.0,96.5,98.8,11608528,1142795678,6759,0.0
20100826,101.0,101.0,99.0,99.0,4292066,429218966,2928,0.2
20100827,99.0,99.8,96.9,98.0,4374553,427620964,3014,-1.0
20100830,99.5,99.8,98.5,98.5,1698292,168318608,1337,0.5
20100831,96.0,96.0,91.7,91.8,8555053,793389129,4665,-6.7
20100901,92.0,93.4,91.9,93.0,3888828,361693832,2098,1.2
20100902,95.9,95.9,94.2,94.3,3670714,347566530,2451,1.3
20100903,94.3,96.4,94.3,95.7,2308798,220889144,1715,1.4
20100906,95.2,95.5,92.4,94.0,3260084,304601390,2320,-1.7
20100907,93.1,94.0,92.5,92.6,2500590,232643870,1650,-1.4
20100908,92.1,94.4,92.1,92.4,3165271,294550803,2151,-0.2
20100909,94.0,94.0,91.5,91.7,3084987,284625684,2033,-0.7
20100910,92.5,93.3,92.0,92.2,2014428,186190304,1460,0.5
20100913,95.0,98.6,94.8,98.6,6521926,631203989,3829,6.4
20100914,99.9,102.0,99.5,100.0,9162384,921524884,4803,1.4
20100915,101.5,102.5,100.0,102.5,7642520,774531580,3433,2.5
20100916,102.5,103.0,100.5,102.0,4098912,417101469,2298,-0.5
20100917,102.0,103.0,101.0,101.0,3381886,344397910,2125,-1.0
20100920,100.0,101.5,99.5,99.8,2883598,288108200,1603,-1.2
20100921,100.5,101.5,100.0,100.5,4098660,412677316,2145,0.7
20100923,100.5,102.0,99.6,100.0,6097128,612617228,3198,-0.5
20100924,100.0,100.5,98.8,99.6,3363252,334837900,1737,-0.4
20100927,101.0,101.5,98.8,98.8,4216071,421666726,1918,-0.8
20100928,99.0,99.8,98.9,98.9,2081207,204291897,1134,0.1
20100929,99.5,100.5,99.2,99.2,3106048,309821176,1883,0.3
20100930,100.5,100.5,98.8,99.0,2383679,236275649,1611,-0.2
20101001,99.1,99.1,97.0,97.6,3573112,348637200,2242,-1.4
20101004,98.0,98.8,97.1,97.3,2655998,259472992,1724,-0.3
20101005,97.2,97.4,96.8,97.1,1391960,135150170,882,-0.2
20101006,98.5,98.7,97.0,97.6,3605059,351769352,2111,0.5
20101007,98.0,98.0,97.0,97.1,1657539,161258994,1114,-0.5
20101008,98.3,98.6,97.5,97.6,3821153,374708494,2244,0.5
20101011,99.5,99.5,97.3,97.3,2297589,225015322,1342,-0.3
20101012,97.4,97.5,95.0,95.3,3026518,290000546,1959,-2.0
20101013,96.0,96.8,96.0,96.5,1445553,139278113,987,1.2
20101014,97.8,97.9,96.5,96.6,1560515,151516155,1137,0.1
20101015,96.6,96.6,95.9,96.4,1445267,138979072,1504,-0.2
20101018,97.0,97.0,93.0,93.3,3947292,370653148,2843,-3.1
20101019,93.5,94.1,92.5,93.0,2647209,246532446,1947,-0.3
20101020,92.6,94.8,92.5,94.6,2542250,238848162,1836,1.6
20101021,95.3,95.3,93.8,93.8,1588350,149681600,1161,-0.8
20101022,94.0,94.8,93.5,94.3,2044392,192613980,1490,0.5
20101025,94.5,97.1,94.5,96.7,4941738,476274113,3282,2.4
20101026,96.8,96.9,95.4,96.2,2410690,231450940,1760,-0.5
20101027,96.3,97.8,96.0,96.0,4414091,428483936,2585,-0.2
20101028,96.3,97.5,96.1,97.1,3246815,314533941,1907,1.1
20101029,97.1,97.1,95.4,95.6,2824498,271191017,1448,-1.5
20101101,97.0,97.0,95.7,95.7,2778624,267951952,1748,0.1
20101102,95.8,97.7,95.7,96.2,2846965,275692540,1842,0.5
20101103,96.3,97.1,95.2,95.3,2356170,226183730,1576,-0.9
20101104,95.4,96.3,95.4,96.0,1715376,164532314,1177,0.7
20101105,98.0,102.0,98.0,99.9,15814307,1576666667,8361,3.9
20101108,100.5,101.0,98.6,99.5,4921805,490140395,2883,-0.4
20101109,100.0,103.5,100.0,100.5,10498168,1069101800,6238,1.0
20101110,101.5,103.0,101.0,102.0,8802173,897081426,4920,1.5
20101111,102.0,102.5,101.0,101.0,4568014,465273414,2651,-1.0
20101112,101.0,101.0,98.6,98.7,4630505,459668963,2799,-2.3
20101115,98.7,98.7,97.2,97.9,2578376,251899303,1614,-0.8
20101116,98.2,102.0,98.0,100.5,5866855,587842482,3190,2.6
20101117,100.5,101.5,99.7,100.0,4473299,449601800,2506,-0.5
20101118,100.5,101.0,99.1,100.0,1952238,195207500,1304,0.0
20101119,101.0,103.0,99.5,99.5,6740215,683911866,3885,-0.5
20101122,100.0,101.5,100.0,101.0,2744152,276354251,1463,1.5
20101123,100.0,101.0,99.6,99.6,3204457,321666779,1735,-1.4
20101124,99.1,99.5,99.0,99.0,2461677,243954523,1576,-0.6
20101125,99.4,103.0,99.4,100.5,6581498,667861500,3494,1.5
20101126,101.0,103.0,100.5,100.5,7530252,767857700,3823,0.0
20101129,102.0,102.0,99.9,100.0,2454484,246462100,1648,-0.5
20101130,101.0,102.5,100.0,100.0,5605621,569035600,2903,0.0
20101201,100.0,102.0,100.0,102.0,4072839,412392119,2253,2.0
20101202,103.0,103.0,100.5,101.0,3686372,374639700,2395,-1.0
20101203,102.0,104.0,101.5,103.5,10637099,1097104197,5841,2.5
20101206,104.0,107.5,103.0,106.0,14034043,1483927467,7810,2.5
20101207,106.5,106.5,104.5,105.0,4523748,476678540,2890,-1.0
20101208,106.0,106.5,103.0,103.0,5464238,569594014,3108,-2.0
20101209,103.5,106.5,103.5,104.5,7916195,833957332,4402,1.5
20101210,105.0,105.5,103.5,105.0,3473296,363631395,2081,0.5
20101213,104.5,105.5,104.0,104.0,3563253,371942812,1968,-1.0
20101214,107.0,111.0,107.0,111.0,27140035,3002473385,10613,7.0
20101215,111.5,113.5,111.0,111.5,23853530,2671488994,10021,0.5
20101216,113.0,116.0,113.0,115.0,14984777,1725352844,7635,3.5
20101217,117.0,123.0,116.0,116.5,20750161,2476896176,10625,1.5
20101220,117.5,119.5,116.5,118.0,8693399,1026339794,4994,1.5
20101221,119.5,121.0,118.5,118.5,8880816,1063945101,4717,0.5
20101222,119.0,120.5,117.0,119.0,11208428,1336663432,4989,0.5
20101223,119.5,121.5,118.5,120.5,9495011,1142130820,5115,1.5
20101224,121.0,123.0,120.0,120.0,8231699,1000594880,4249,-0.5
20101227,120.5,123.0,120.0,120.0,4590202,556679740,2607,0.0
20101228,121.0,121.5,116.0,116.5,6748048,793883054,3706,-3.5
20101229,116.0,117.0,113.5,113.5,6228182,712774126,3563,-3.0
20101230,114.5,116.5,114.5,116.5,4109159,474581994,2498,3.0
20101231,118.0,118.0,116.5,117.0,3894099,455669010,2084,0.5
20110103,117.5,118.0,115.0,115.5,2977832,346130065,1734,-1.5
20110104,117.0,117.0,114.5,116.0,4711410,543171560,2626,0.5
20110105,116.5,116.5,112.5,113.0,6916977,784504901,3606,-3.0
20110106,113.0,114.0,110.5,113.0,3272149,366654337,1852,0.0
20110107,113.0,115.0,112.5,113.5,4444927,504845193,2188,0.5
20110110,113.5,114.0,110.5,112.5,3489743,389652567,1864,-1.0
20110111,110.0,116.0,110.0,115.5,10385343,1183758445,5633,3.0
20110112,116.5,117.0,114.0,114.5,6249504,719031680,3261,-1.0
20110113,115.0,116.0,114.0,114.0,2558132,293255048,1536,-0.5
20110114,113.0,115.0,113.0,114.0,1620200,185058300,1103,0.0
20110117,115.0,116.5,113.5,115.5,6108654,704937210,3034,1.5
20110118,114.5,115.0,113.0,114.0,4909299,559846916,2154,-1.5
20110119,114.5,119.0,114.0,118.5,12982644,1528229492,6441,4.5
20110120,118.0,121.0,117.0,119.0,11194520,1327018070,4593,0.5
20110121,118.0,119.5,117.0,118.0,5088386,601366048,2305,-1.0
20110124,118.0,118.5,115.5,116.0,3456093,403523788,1615,-2.0
20110125,116.5,117.5,115.5,115.5,2693488,312411620,1363,-0.5
20110126,116.5,119.0,116.0,118.5,5922254,696383472,3191,3.0
20110127,118.5,120.5,115.5,116.5,10053371,1192284688,4738,-2.0
20110128,117.5,118.5,116.5,117.5,5717775,671128175,3097,1.0
20110208,118.5,118.5,115.5,116.5,5294637,620451692,2069,-1.0
20110209,117.0,117.5,112.0,112.5,6409143,729568574,3763,-4.0
20110210,112.0,113.5,111.0,111.0,8345511,933007960,4532,-1.5
20110211,110.0,111.0,107.5,108.0,6826539,746218790,3507,-3.0
20110214,108.5,110.0,108.0,108.0,6173622,670413473,3301,0.0
20110215,108.0,111.5,106.5,111.0,4398366,484585626,2943,3.0
20110216,112.0,112.0,110.0,111.5,2587991,287963480,1725,0.5
20110217,111.5,111.5,109.0,109.5,3212086,352596406,1805,-2.0
20110218,110.5,113.0,110.5,112.0,3270102,366334424,1960,2.5
20110221,112.0,112.5,110.0,110.5,2468789,273428672,1532,-1.5
20110222,108.5,110.0,106.5,108.0,4872791,525344719,2920,-2.5
20110223,107.0,108.0,103.5,104.0,5887151,621621855,3171,-4.0
20110224,104.5,106.5,104.5,104.5,4908379,516251295,2290,0.5
20110225,106.0,106.5,103.5,106.0,5434193,570986958,2484,1.5
20110301,106.0,113.0,105.5,112.5,8934352,993020080,5121,6.5
20110302,112.0,114.0,111.0,112.0,8899221,1004156752,4122,-0.5
20110303,115.0,119.0,114.0,118.0,16150209,1886290508,8032,6.0
20110304,119.5,120.5,116.5,116.5,12298030,1459927957,5994,-1.5
20110307,116.0,118.0,116.0,116.0,3630628,423340848,2058,-0.5
20110308,117.5,117.5,114.0,115.0,3483943,401731945,2095,-1.0
20110309,116.5,120.0,116.0,117.5,12554686,1485828762,6019,2.5
20110310,117.0,117.5,114.0,115.0,4391410,507125150,2680,-2.5
20110311,114.0,115.0,112.5,114.0,4812727,547040378,2658,-1.0
20110314,113.0,113.0,108.0,110.0,9579567,1051327870,5030,-4.0
20110315,110.0,111.0,102.5,105.0,12692325,1335390762,7208,-5.0
20110316,106.5,108.0,104.0,107.5,5632216,598155703,3289,2.5
20110317,104.0,107.0,103.0,106.5,6510365,680806357,3096,-1.0
20110318,108.0,108.0,104.0,105.0,6688510,708828060,2933,-1.5
20110321,105.0,107.5,105.0,106.5,3145215,334299387,1964,1.5
20110322,108.0,109.5,108.0,108.5,4210252,456959826,2200,2.0
20110323,109.5,109.5,107.0,108.5,1892816,204631527,1145,0.0
20110324,109.5,111.5,108.5,110.5,5850848,643783192,3199,2.0
20110325,112.5,112.5,108.0,108.5,3094905,340635145,1953,-2.0
20110328,108.0,109.5,105.0,106.0,3919822,415916434,2200,-2.5
20110329,106.0,108.0,105.0,108.0,2312591,247191828,1499,2.0
20110330,108.0,111.0,107.5,110.0,6081406,669102944,3475,2.0
20110331,110.0,112.0,109.0,112.0,8456878,940152876,4129,2.0
20110401,112.0,113.0,111.0,113.0,4630681,520145453,2731,1.0
20110406,113.0,115.5,113.0,115.0,4996620,572007474,2721,2.0
20110407,116.0,116.5,114.0,116.0,4120282,475389542,2079,1.0
20110408,116.0,117.0,114.5,115.5,5042821,583246415,2242,-0.5
20110411,116.5,118.0,115.5,117.0,6339073,740540979,2884,1.5
20110412,116.0,116.5,113.5,115.0,4593161,525683764,2105,-2.0
20110413,115.0,118.5,114.5,118.5,9913167,1162863706,5077,3.5
20110414,119.5,122.0,118.5,120.0,19161208,2306828252,8755,1.5
20110415,120.0,121.0,118.5,119.0,8492021,1018399456,3990,-1.0
20110418,119.5,127.0,119.5,127.0,19185625,2412817875,8913,8.0
20110419,130.0,131.5,128.0,128.0,28164502,3659321254,12505,1.0
20110420,130.0,136.5,128.5,136.5,27510243,3697246359,11882,8.5
20110421,140.0,142.0,134.0,134.0,27898542,3874115586,12839,-2.5
20110422,135.0,137.0,132.5,134.0,10212658,1374172172,5395,0.0
20110425,135.0,135.5,132.5,134.0,6473732,868299088,3240,0.0
20110426,133.5,139.0,133.0,136.0,10226177,1400169072,5100,2.0
20110427,137.0,138.0,134.0,135.0,7108541,966048535,3850,-1.0
20110428,136.0,138.5,134.0,134.5,7767469,1055892531,3867,-0.5
20110429,135.5,141.0,134.0,137.0,19909239,2746727544,9217,2.5
20110503,139.5,140.0,137.0,139.5,12054057,1669416923,6074,2.5
20110504,140.0,149.0,137.0,148.0,25171366,3629216802,13320,8.5
20110505,148.0,154.0,145.0,145.0,30341735,4549152340,14811,-3.0
20110506,145.0,148.0,143.0,147.5,13240091,1935775377,6475,2.5
20110509,148.5,149.5,146.0,146.5,8218314,1212183844,4381,-1.0
20110510,147.0,147.0,143.0,144.5,6365156,922474964,3681,-2.0
20110511,143.5,143.5,134.5,134.5,20537838,2820883189,9181,-10.0
20110512,131.5,140.0,130.5,139.5,20316251,2750545207,10015,5.0
20110513,142.0,144.0,135.0,137.0,11088806,1547041616,5802,-2.5
20110516,135.0,136.5,132.0,132.5,10142018,1352426351,5563,-4.5
20110517,132.0,134.5,132.0,132.5,9454857,1256762027,4432,0.0
20110518,132.5,133.5,127.5,129.5,9574908,1239108063,4935,-3.0
20110519,128.0,133.5,128.0,131.0,10399235,1366898785,4932,1.5
20110520,132.5,136.0,132.5,134.5,8213499,1103501087,4484,3.5
20110523,132.0,137.0,128.5,136.5,10311256,1374818421,5430,2.0
20110524,136.0,136.0,132.5,133.0,4983283,666909639,3076,-3.5
20110525,132.0,133.5,130.0,130.0,5904644,773423220,3185,-3.0
20110526,130.5,133.5,130.0,131.5,7727449,1017876442,4482,1.5
20110527,131.5,133.0,130.0,130.0,5474232,719000160,3367,-1.5
20110530,128.5,131.5,128.5,131.5,3612843,471459839,1938,1.5
20110531,131.5,140.5,131.5,138.5,17863817,2472939246,8215,7.0
20110601,139.5,144.0,137.5,143.0,22035655,3115920210,9638,4.5
20110602,141.0,141.5,138.5,140.0,8290825,1159128175,4422,-3.0
20110603,140.0,143.0,140.0,141.0,6602682,934460788,3588,1.0
20110607,142.0,143.0,140.5,142.0,3948743,559671609,2256,1.0
20110608,142.5,143.0,137.0,138.0,6639626,929878888,3665,-4.0
20110609,139.0,141.0,138.5,139.0,6265786,875810254,3180,1.0
20110610,139.0,140.0,130.0,130.5,16149729,2134911853,7953,-8.5
20110613,127.0,127.5,121.5,121.5,18653355,2296798310,9023,-9.0
20110614,121.0,122.5,117.5,122.0,20527776,2461867672,8893,0.5
20110615,122.0,124.5,119.0,123.5,16844390,2047473649,7574,1.5
20110616,122.0,122.5,120.0,122.0,8355007,1014406854,4198,-1.5
20110617,123.5,123.5,120.0,120.0,5649392,685731225,2810,-2.0
20110620,121.5,122.5,113.5,116.0,7822953,924873548,3923,-4.0
20110621,117.0,120.0,116.5,119.0,5244807,619893033,3129,3.0
20110622,122.0,123.0,120.0,120.5,6694246,813734636,3144,1.5
20110623,120.5,121.5,117.0,117.5,4760755,563139203,2718,-3.0
20110624,118.5,118.5,117.0,118.5,2958084,349041949,1762,1.0
20110627,118.0,119.5,116.0,117.5,3454203,406666349,2196,-1.0
20110628,119.0,120.5,118.0,118.0,2444646,291092228,1523,0.5
20110629,120.0,120.0,118.0,119.5,2922712,349021077,1729,1.5
20110630,120.5,120.5,118.0,119.0,3990255,474684845,1788,-0.5
20110701,120.5,127.0,120.5,127.0,11972729,1497938583,5562,8.0
20110704,127.5,128.5,124.5,124.5,10894362,1380684052,5113,-2.5
20110705,124.0,127.0,123.0,124.0,6747812,847148688,3850,-0.5
20110706,124.0,126.5,123.0,126.5,23400122,2913866865,8656,2.5
20110707,127.0,127.0,118.0,120.0,15849884,1930842511,7650,-6.5
20110708,120.0,121.5,117.0,119.5,11399680,1357780748,6115,-0.5
20110711,119.0,122.0,117.0,122.0,9037114,1089429408,4501,2.5
20110712,121.0,123.5,120.5,122.0,8636933,1054318326,4436,0.0
20110713,123.0,125.5,121.5,125.0,13257649,1650581125,6820,3.0
20110714,126.0,126.0,121.0,124.0,7059855,872216520,4305,-1.0
20110715,123.5,124.5,118.0,119.0,14454615,1730016486,7034,-5.0
20110718,119.0,121.5,117.5,121.0,6445217,772136757,3685,2.0
20110719,121.0,128.5,121.0,126.0,22169251,2795900126,9699,5.0
20110720,128.0,134.0,128.0,134.0,23350279,3055051220,11279,8.0
20110721,135.0,136.5,133.0,133.5,11666240,1572777420,6658,-0.5
20110722,135.0,136.5,132.0,133.0,9849569,1326289871,4620,-0.5
20110725,134.0,141.5,134.0,140.5,18591615,2594723767,9221,7.5
20110726,142.0,146.0,142.0,144.5,18366865,2650366560,9916,4.0
20110727,145.5,149.0,142.0,142.5,17786404,2598231002,9014,-2.0
20110728,140.0,144.0,139.0,139.5,11569634,1630719910,5764,-3.0
20110729,137.5,139.5,133.0,133.0,15735402,2139283966,7095,-6.5
20110801,136.0,142.0,134.0,142.0,11716623,1632158624,5994,9.0
20110802,142.0,143.0,139.5,141.0,7734905,1093497105,4114,-1.0
20110803,137.0,139.0,131.5,137.0,7930587,1074575419,3815,-4.0
20110804,138.0,138.0,127.5,132.0,7917028,1043969696,4612,-5.0
20110805,123.0,123.0,123.0,123.0,3247850,399485550,1550,-9.0
20110808,119.0,119.0,114.5,114.5,14170987,1640851997,5563,-8.5
20110809,106.5,115.5,106.5,110.5,16957409,1842493899,5893,-4.0
20110810,110.5,111.5,109.0,111.5,9511328,1053377064,4103,0.0
20110811,109.0,110.0,104.0,107.5,21262043,2268894273,9804,-4.0
20110812,109.5,112.5,107.0,107.0,12547426,1378275781,7112,-0.5
20110815,110.5,114.0,110.0,114.0,11055884,1242987776,5885,7.0
20110816,116.0,116.0,111.5,112.0,10526879,1194700448,6102,-2.0
20110817,112.5,113.5,106.0,108.0,14787103,1614392772,8183,-4.0
20110818,106.0,110.0,106.0,108.5,11905867,1280658928,7170,0.5
20110819,105.0,106.0,101.0,101.5,12256514,1259500171,6066,-7.0
20110822,101.5,103.0,94.4,94.4,18518759,1795469907,8581,-7.1
20110823,94.4,95.4,88.0,93.0,22789797,2094380515,11862,-1.4
20110824,94.6,98.8,93.0,95.0,17279284,1659333120,9360,2.0
20110825,96.5,96.5,88.4,88.4,16839436,1542849581,8663,-6.6
20110826,89.0,93.0,87.4,89.7,22552905,2023293259,11126,1.3
20110829,90.5,91.6,88.5,90.6,10814615,975022489,6263,0.9
20110830,94.0,96.9,93.6,96.9,7936736,763307816,3345,6.3
20110831,99.0,103.5,97.5,103.0,26853569,2707874279,13037,6.1
20110901,105.0,106.0,102.0,102.5,15932120,1653773360,7643,-0.5
20110902,103.0,104.0,100.0,102.0,10656176,1084263532,5807,-0.5
20110905,100.0,102.0,99.0,101.0,9423773,947982146,4366,-1.0
20110906,101.0,103.5,100.0,100.5,7814863,792882163,4478,-0.5
20110907,106.5,106.5,103.0,105.5,9959462,1041094472,5207,5.0
20110908,105.5,105.5,103.0,104.0,8159486,850583030,4424,-1.5
20110909,105.0,111.0,103.5,110.0,16029109,1744026386,8834,6.0
20110913,108.0,108.0,102.5,103.0,12588699,1310465497,7006,-7.0
20110914,105.0,105.5,98.0,98.3,14070552,1415731307,8265,-4.7
20110915,102.0,104.5,100.0,103.0,10094924,1030477172,5932,4.7
20110916,105.0,105.0,101.0,103.5,9209510,947370752,5251,0.5
20110919,103.5,104.0,100.5,100.5,5398267,553210311,3429,-3.0
20110920,101.0,103.0,99.5,102.5,7480034,756435872,4546,2.0
20110921,103.0,103.5,101.5,102.0,6440808,659517916,3487,-0.5
20110922,100.0,100.5,98.0,99.0,7065918,701492900,4223,-3.0
20110923,96.8,97.0,92.5,93.5,12622152,1189575099,6777,-5.5
20110926,93.5,94.0,90.0,90.3,8592969,786583266,4883,-3.2
20110927,93.1,96.6,92.7,94.0,13047971,1247800947,5437,3.7
20110928,94.9,98.0,93.9,94.6,10906104,1041249509,6315,0.6
20110929,93.7,97.5,92.6,95.7,8196235,782536965,5066,1.1
20110930,97.1,99.5,96.9,99.0,9326662,914906438,5592,3.3
20111003,98.2,98.6,97.1,97.4,4786463,467737735,2867,-1.6
20111004,97.1,104.0,97.1,104.0,14715248,1485335192,7813,6.6
20111005,103.0,103.5,96.8,96.8,12700282,1263615154,7712,-7.2
20111006,97.7,100.0,97.7,99.5,11025768,1091936299,6176,2.7
20111007,100.5,101.0,99.2,99.8,7835194,783031040,3999,0.3
20111011,104.0,106.0,100.0,100.5,16575611,1711091383,7706,0.7
20111012,100.0,100.0,97.0,98.5,13288658,1305291124,7544,-2.0
20111013,99.5,100.5,98.9,99.9,6437722,642075398,4117,1.4
20111014,99.9,102.0,99.0,100.0,5050266,509100100,3068,0.1
20111017,102.5,107.0,102.5,107.0,24077818,2553870526,11925,7.0
20111018,108.0,110.5,106.5,110.5,28278347,3075228813,13951,3.5
20111019,110.5,110.5,103.0,104.0,16729680,1757937900,8987,-6.5
20111020,105.0,106.0,103.0,103.0,7393213,770737939,4508,-1.0
20111021,103.0,104.0,101.0,102.5,6419483,654476249,3661,-0.5
20111024,104.5,106.0,104.5,105.0,6017567,632100535,3785,2.5
20111025,106.0,109.0,105.5,108.0,12809410,1380298780,7173,3.0
20111026,107.0,109.5,106.0,107.0,10123329,1090028703,5692,-1.0
20111027,108.0,110.0,107.0,108.0,12117421,1315832468,6648,1.0
20111028,110.0,111.0,106.5,106.5,11722404,1269562013,5949,-1.5
20111031,107.5,107.5,105.0,106.0,5269932,557768792,2973,-0.5
20111101,106.0,108.0,105.0,107.5,6860135,734817000,3802,1.5
20111102,105.0,107.5,104.5,107.5,6073771,643867872,3492,0.0
20111103,107.5,108.0,105.0,105.0,5008391,533118555,2866,-2.5
20111104,107.0,108.5,106.0,106.5,3948410,423449653,2465,1.5
20111107,108.5,108.5,107.0,108.0,3324612,358743596,2091,1.5
20111108,108.5,113.5,108.0,111.5,18483838,2064810413,9397,3.5
20111109,112.5,112.5,109.0,110.0,8795498,969866280,4990,-1.5
20111110,108.0,108.0,102.5,104.0,11755618,1227923390,5675,-6.0
20111111,105.0,106.5,101.5,102.5,10573528,1092944384,5403,-1.5
20111114,104.5,106.0,103.0,104.5,7424993,774777753,3894,2.0
20111115,104.5,104.5,101.0,102.0,9620831,984143093,5039,-2.5
20111116,102.0,104.0,101.0,101.5,6019288,616562876,3566,-0.5
20111117,100.5,102.0,99.0,102.0,6739574,678664348,3896,0.5
20111118,100.0,100.5,99.3,99.5,5115349,509891578,3149,-2.5
20111121,98.0,99.5,93.4,94.0,8566220,815690584,5428,-5.5
20111122,93.5,94.2,90.5,91.5,9509919,876043848,5458,-2.5
20111123,91.0,93.9,88.5,89.8,7660646,698648713,4773,-1.7
20111124,89.8,90.0,84.7,89.4,8995993,786751741,5383,-0.4
20111125,90.0,91.5,85.6,85.8,9146235,802545008,5257,-3.6
20111128,88.0,90.3,87.0,90.0,7281071,643176123,4297,4.2
20111129,91.5,91.6,89.0,90.0,6940635,626856860,4526,0.0
20111130,90.6,90.6,86.9,87.6,5564595,492128060,3514,-2.4
20111201,92.0,93.7,90.0,93.7,11416698,1051313483,6245,6.1
20111202,92.7,93.7,91.4,91.8,5228680,482596911,3088,-1.9
20111205,91.1,91.5,90.0,90.7,3175346,287869068,2018,-1.1
20111206,90.2,91.4,88.3,88.3,4104739,368516967,2502,-2.4
20111207,89.3,91.1,89.1,90.6,4679227,422066054,2871,2.3
20111208,90.0,90.1,88.0,89.6,5943775,529874231,3185,-1.0
20111209,87.7,89.5,86.6,88.5,4059875,357641184,2664,-1.1
20111212,90.7,92.6,90.6,91.3,7666658,703884560,4322,2.8
20111213,90.3,92.7,90.2,92.2,5213671,478735660,3352,0.9
20111214,92.2,92.7,90.6,92.2,4174391,383308781,2776,0.0
20111215,90.8,91.6,90.0,90.0,3807106,345512840,2496,-2.2
20111216,90.6,91.6,90.3,90.4,2502830,227388327,1662,0.4
20111219,90.0,90.0,88.2,88.2,4696654,417106371,2775,-2.2
20111220,89.2,90.3,88.7,89.0,4037915,360846235,2414,0.8
20111221,92.7,95.2,92.5,95.2,8577777,811012754,5025,6.2
20111222,95.5,96.0,94.2,95.1,4294609,407979255,2730,-0.1
20111223,96.8,98.5,95.5,95.5,7505914,727019089,4378,0.4
20111226,95.5,98.0,95.5,97.2,6769480,656054275,3457,1.7
20111227,96.1,97.3,96.0,97.2,3416662,331038936,1871,0.0
20111228,97.2,97.8,96.3,97.2,2860526,277713213,1584,0.0
20111229,97.0,97.5,96.0,96.9,2886374,279710380,1795,-0.3
20111230,97.5,97.8,96.5,96.6,3196132,310095215,1633,-0.3
20120102,96.6,96.8,95.0,95.7,3330750,320333071,1618,-0.9
20120103,96.2,97.1,96.0,96.7,3208713,309935361,1843,1.0
20120104,97.5,98.1,96.7,97.2,3904098,380296506,2243,0.5
20120105,97.8,97.8,96.1,97.2,3649560,353329795,1940,0.0
20120106,96.6,101.5,96.6,99.5,12306004,1226823575,7159,2.3
20120109,99.3,100.5,98.8,99.5,4399528,438250426,2517,0.0
20120110,100.0,101.5,99.7,100.0,6204615,622612700,3049,0.5
20120111,101.0,101.5,98.6,98.6,6854560,687051866,3225,-1.4
20120112,98.9,99.3,97.5,98.6,6524215,641164789,2907,0.0
20120113,99.0,99.7,97.6,97.8,12185133,1201472408,4202,-0.8
20120116,99.5,99.5,97.2,97.2,3011368,295479158,1779,-0.6
20120117,97.3,102.0,97.3,101.0,7500463,753643516,4250,3.8
20120118,101.0,103.5,100.5,101.5,7636855,782811855,4081,0.5
20120130,106.0,108.5,105.0,108.5,11722366,1268753673,4511,7.0
20120131,116.0,116.0,112.5,116.0,23030857,2665831412,6684,7.5
20120201,117.0,120.0,115.0,117.0,39512659,4652065444,13148,1.0
20120202,119.0,123.5,118.0,122.5,33252651,4003135031,11587,5.5
20120203,122.5,128.5,121.0,124.5,32441813,4066380847,11509,2.0
20120204,127.0,128.0,121.0,122.0,16051226,2001094932,6080,-2.5
20120206,123.0,125.0,120.5,123.0,14910185,1834881627,6086,1.0
20120207,122.0,124.5,120.0,121.5,15964775,1944723775,6384,-1.5
20120208,124.0,130.0,123.0,130.0,24444057,3137351410,8375,8.5
20120209,131.0,139.0,131.0,136.0,43849421,5922014835,16110,6.0
20120210,136.0,139.0,130.0,131.0,28990061,3849607914,11032,-5.0
20120213,128.0,134.5,126.5,134.5,29202147,3795870698,10771,3.5
20120214,133.0,135.0,129.5,134.0,22408255,2973113415,9757,-0.5
20120215,135.0,140.5,133.5,137.5,32323136,4437250632,13641,3.5
20120216,137.0,138.5,128.5,129.0,24226709,3239792461,10791,-8.5
20120217,132.5,134.5,126.0,129.5,20802335,2724464361,9301,0.5
20120220,131.0,132.5,128.0,131.0,9701111,1264645541,4724,1.5
20120221,130.5,131.5,126.0,127.5,14596881,1868478307,6611,-3.5
20120222,128.0,136.0,127.0,136.0,30558210,4067820560,13542,8.5
20120223,136.0,139.0,134.5,134.5,20744087,2834032672,8515,-1.5
20120224,134.5,136.0,132.0,133.0,10570773,1412951309,4825,-1.5
20120229,136.0,137.5,135.0,135.5,15326527,2089043967,6945,2.5
20120301,135.5,141.5,135.0,139.0,19406305,2692168175,9876,3.5
20120302,142.0,144.5,138.5,139.5,15066408,2122660212,7455,0.5
20120303,139.0,139.5,136.5,137.0,7560473,1039052801,4158,-2.5
20120305,136.0,137.0,133.0,133.5,8579790,1153416445,4931,-3.5
20120306,133.0,133.5,127.0,130.0,18140339,2337290570,9064,-3.5
20120307,127.5,132.0,127.0,130.0,9511130,1232794400,5082,0.0
20120308,131.0,131.5,128.0,128.5,12312820,1591162280,6278,-1.5
20120309,129.5,131.5,128.0,129.0,11516446,1494437034,5765,0.5
20120312,128.0,130.5,127.0,127.0,7761420,997851041,4185,-2.0
20120313,128.0,129.5,126.5,127.0,7143059,911526993,3983,0.0
20120314,130.0,131.5,129.0,130.0,8505772,1106242860,4418,3.0
20120315,130.0,135.0,130.0,131.5,11264796,1495097151,6245,1.5
20120316,132.0,133.0,129.0,129.0,11113721,1454021509,5119,-2.5
20120319,129.5,130.0,125.0,125.5,10706267,1352939909,6312,-3.5
20120320,125.5,126.5,121.0,122.0,14945998,1838531739,7951,-3.5
20120321,122.0,124.0,121.0,124.0,11152803,1367634572,5487,2.0
20120322,124.0,127.0,123.5,124.0,10647964,1332316007,5672,0.0
20120323,124.5,125.0,123.0,125.0,3553849,441500625,2191,1.0
20120326,123.5,125.0,122.0,122.5,4657137,572145273,2974,-2.5
20120327,124.5,125.5,122.0,124.5,6683361,829088428,3529,2.0
20120328,124.0,128.0,122.5,122.5,16438612,2059210276,8662,-2.0
20120329,122.0,123.0,119.0,120.5,12817810,1549378510,7034,-2.0
20120330,120.5,122.0,118.5,122.0,5660706,683443132,3346,1.5
20120402,121.0,121.5,117.5,117.5,5829012,694733428,3452,-4.5
20120403,119.0,119.5,109.5,112.5,16523669,1861819097,8180,-5.0
20120405,109.0,109.0,105.0,107.5,24386506,2593587402,10660,-5.0
20120406,108.0,114.0,108.0,113.0,14286523,1594170350,7617,5.5
20120409,110.0,111.0,108.5,110.0,7515311,825466710,4009,-3.0
20120410,112.0,113.5,109.5,110.5,7428227,828354197,3853,0.5
20120411,107.0,108.5,103.5,108.5,14716242,1566540878,7300,-2.0
20120412,108.5,112.0,107.5,110.0,9745764,1074772910,4896,1.5
20120413,112.0,112.5,110.0,111.5,9356817,1039749085,4397,1.5
20120416,109.5,110.0,108.0,109.0,5133234,557735613,2705,-2.5
20120417,109.0,110.0,102.0,103.5,11046283,1159072932,6299,-5.5
20120418,105.5,105.5,99.7,100.5,20944572,2131660366,10945,-3.0
20120419,101.0,101.0,97.9,99.1,15258454,1511088200,7975,-1.4
20120420,98.0,98.0,95.3,95.5,15786891,1521018636,8423,-3.6
20120423,95.5,98.4,95.4,98.4,13023969,1264603829,7004,2.9
20120424,99.8,102.5,99.8,101.0,13934267,1403462694,7704,2.6
20120425,104.0,104.0,102.0,103.5,12521580,1291265022,6237,2.5
20120426,104.0,104.5,100.0,100.0,8478580,862076281,5046,-3.5
20120427,100.0,101.0,96.0,97.9,12721645,1244476910,7445,-2.1
20120430,98.5,104.0,97.6,103.0,18409363,1870092889,9120,5.1
20120502,104.0,108.0,102.0,107.0,21664285,2290444626,10624,4.0
20120503,107.0,107.0,105.0,105.5,7590111,802902266,4254,-1.5
20120504,105.0,108.0,104.5,107.5,11703671,1248855617,6185,2.0
20120507,105.0,105.0,103.0,104.5,8480703,883389815,4655,-3.0
20120508,105.5,106.0,104.5,104.5,4213605,442803525,2500,0.0
20120509,103.5,104.0,101.5,103.5,4802205,493698709,3275,-1.0
20120510,103.0,104.5,102.0,102.5,4077052,419787827,2608,-1.0
20120511,100.0,100.0,96.1,97.5,16756955,1634586090,9264,-5.0
20120514,97.5,98.5,95.3,96.0,9882483,954005601,5457,-1.5
20120515,95.0,95.3,91.0,94.7,20242358,1892105743,10050,-1.3
20120516,95.0,96.9,95.0,95.1,13614397,1302660015,7438,0.4
20120517,96.8,101.0,96.3,100.5,15510234,1531624205,8906,5.4
20120518,98.5,99.7,96.5,97.0,10899787,1065529903,6748,-3.5
20120521,97.5,99.8,97.3,98.0,6938937,685245609,4487,1.0
20120522,101.0,102.0,99.8,100.0,11027096,1109107500,6165,2.0
20120523,99.1,101.0,97.1,100.5,10540972,1049655872,6455,0.5
20120524,101.5,102.0,98.1,98.1,7864373,785727812,4872,-2.4
20120525,99.3,99.8,97.3,97.4,3592943,353652634,2680,-0.7
20120528,98.0,100.0,97.0,100.0,4951806,490543500,3316,2.6
20120529,101.0,107.0,101.0,107.0,21633771,2289019997,10509,7.0
20120530,107.0,109.0,106.0,106.0,18653733,2002824698,9472,-1.0
20120531,104.0,109.0,104.0,107.5,17498633,1873371032,8339,1.5
20120601,106.0,107.0,101.0,102.0,16686244,1745468888,8266,-5.5
20120604,97.0,98.3,94.9,95.5,18943326,1817059044,10082,-6.5
20120605,98.0,99.6,96.0,97.4,10965679,1076388493,6938,1.9
20120606,99.0,104.0,97.4,101.5,18816777,1916254461,9618,4.1
20120607,103.0,104.5,101.0,101.5,12285931,1263977986,5929,0.0
20120608,101.5,102.0,100.0,102.0,6385753,647967306,3893,0.5
20120611,105.0,108.0,105.0,107.0,12981939,1380417473,7309,5.0
20120612,105.0,106.0,104.0,105.5,6641000,697581000,3818,-1.5
20120613,106.5,106.5,104.0,105.0,5714851,602099855,3609,-0.5
20120614,106.0,106.5,105.0,105.5,4104688,433273077,2418,0.5
20120615,106.5,110.0,105.5,108.0,17729131,1920615148,9207,2.5
20120618,111.0,113.0,109.0,109.0,16095621,1783827689,7958,1.0
20120619,109.5,110.0,107.0,107.5,7964660,859632943,4147,-1.5
20120620,108.5,109.5,107.0,108.0,6921042,746235536,3994,0.5
20120621,107.0,110.0,107.0,109.5,8240389,897211790,4712,1.5
20120622,108.0,111.0,107.5,111.0,11865713,1303138490,7167,1.5
20120625,109.0,109.5,106.5,107.0,10783207,1165607744,6251,-4.0
20120626,105.5,106.0,103.0,104.0,9068851,945949272,5406,-3.0
20120627,104.0,106.0,104.0,104.5,5276828,554377012,3326,0.5
20120628,106.0,106.0,103.0,103.5,5363706,559498424,3074,-1.0
20120629,104.0,107.5,104.0,107.5,7103247,753020929,4369,4.0
20120702,109.0,109.5,107.5,108.0,9112098,990058584,4586,0.5
20120703,109.5,111.5,108.0,110.5,13647818,1502314377,7115,2.5
20120704,111.5,113.5,110.5,112.5,16793472,1887260364,8149,2.0
20120705,113.0,113.0,111.5,112.0,6296139,705945068,3556,-0.5
20120706,112.5,115.0,110.0,112.0,15219594,1717254720,7254,0.0
20120709,112.5,114.5,111.5,114.0,12009920,1361700380,6293,2.0
20120710,114.0,115.5,109.0,111.5,20965361,2369810571,10001,-2.5
20120711,113.0,114.5,110.5,113.0,17238574,1945378362,8335,1.5
20120712,113.5,113.5,111.0,113.5,13075094,1473502655,6110,0.5
20120713,112.0,113.0,109.0,109.5,11683141,1293753931,6231,-4.0
20120716,110.5,111.0,107.5,109.5,8838351,963853425,4329,0.0
20120717,108.5,110.0,104.5,106.0,16111647,1716114229,8121,-3.5
20120718,106.0,108.0,105.0,107.0,7919640,843771980,4611,1.0
20120719,109.0,111.0,108.0,111.0,9737071,1064280881,5679,4.0
20120720,110.0,111.5,110.0,111.0,5526404,611347844,3153,0.0
20120723,108.5,109.0,105.0,105.5,9189722,980432164,4898,-5.5
20120724,105.0,105.5,102.5,105.5,10595362,1103559372,5902,0.0
20120725,102.0,105.5,101.0,102.5,9615812,989166136,5147,-3.0
20120726,104.5,104.5,99.8,100.5,15671587,1583325673,7470,-2.0
20120727,103.5,107.0,102.5,106.5,16419335,1722155163,7610,6.0
20120730,107.0,107.5,104.5,105.5,7732288,816214881,3769,-1.0
20120731,105.5,106.5,103.0,106.5,11098656,1162613354,5998,1.0
20120801,106.0,107.5,105.5,107.5,8569753,913226437,4787,1.0
20120803,103.5,104.0,100.0,100.0,18419359,1868381900,9281,-7.5
20120806,107.0,107.0,106.0,106.0,35180691,3759915387,12446,6.0
20120807,103.0,104.0,101.5,103.5,15029535,1542639859,7775,-2.5
20120808,104.0,105.5,103.0,105.0,9186796,962833080,4664,1.5
20120809,106.0,112.0,106.0,111.5,29885115,3280525265,13008,6.5
20120810,112.0,117.0,112.0,116.0,30259622,3465840652,13484,4.5
20120813,117.0,119.0,115.0,115.0,16561797,1937338155,7482,-1.0
20120814,116.0,117.0,114.0,117.0,12736459,1476531203,6262,2.0
20120815,117.0,120.0,116.0,119.0,18939547,2242525795,8260,2.0
20120816,119.0,119.5,116.5,119.5,12613749,1494138131,5026,0.5
20120817,119.5,120.0,117.0,117.5,10688394,1261593279,4826,-2.0
20120820,117.5,119.0,115.5,119.0,16085868,1893012792,6203,1.5
20120821,113.5,117.0,113.5,114.5,29146486,3347386626,11293,0.0
20120822,113.5,115.5,113.5,115.0,8712333,1000188795,4129,0.5
20120823,115.0,115.5,113.0,114.0,9692985,1105692274,4713,-1.0
20120824,113.5,114.0,111.5,112.5,11242601,1267233706,5418,-1.5
20120827,114.0,116.0,114.0,114.5,10840282,1246311778,5294,2.0
20120828,114.0,114.0,111.5,111.5,9860989,1107391768,5396,-3.0
20120829,111.0,112.5,110.0,111.5,6650027,740147524,3771,0.0
20120830,111.5,116.0,111.0,115.5,14127399,1613121073,7065,4.0
20120831,111.0,115.0,111.0,114.0,15082882,1706682548,6394,-1.5
20120903,116.0,118.5,115.5,117.0,19082141,2233065997,8801,3.0
20120904,117.0,118.5,116.5,116.5,8282553,969991916,3699,-0.5
20120905,116.5,117.5,115.5,116.5,8291120,965617973,4047,0.0
20120906,117.0,119.0,116.0,118.0,12001853,1412365654,5751,1.5
20120907,120.0,120.5,116.5,118.5,16452508,1947859183,7125,0.5
20120910,119.0,119.5,117.0,118.5,8816932,1042651436,3641,0.0
20120911,119.0,119.0,115.5,116.0,16166335,1889668695,7538,-2.5
20120912,117.0,118.5,116.5,118.5,13102599,1542366962,5653,2.5
20120913,118.5,118.5,116.5,117.0,8226635,965553462,3728,-1.5
20120914,119.5,123.0,118.5,120.0,30876616,3739196532,13453,3.0
20120917,121.5,121.5,119.0,120.5,13691823,1650060545,6014,0.5
20120918,120.0,121.5,119.0,119.5,10296132,1239397257,4697,-1.0
20120919,120.0,122.0,118.5,121.5,13182289,1590947093,5836,2.0
20120920,121.5,121.5,119.0,119.0,7838576,940490544,3831,-2.5
20120921,119.5,120.5,119.0,119.5,5077726,608006120,2463,0.5
20120924,120.0,121.0,119.0,119.5,4785312,574227774,2538,0.0
20120925,120.0,120.5,116.0,116.0,10214407,1202321712,5050,-3.5
20120926,115.0,115.0,111.5,112.0,14142662,1594147806,7483,-4.0
20120927,111.0,113.5,111.0,112.0,7170870,805407810,4063,0.0
20120928,113.0,114.0,112.0,114.0,6036845,683945830,2979,2.0
20121001,114.0,114.0,112.0,113.0,3654639,412087020,1921,-1.0
20121002,113.0,115.0,113.0,115.0,5484844,627212560,3004,2.0
20121003,115.0,115.5,113.0,113.5,3038502,347043228,1806,-1.5
20121004,113.5,114.0,112.5,112.5,4421906,499561823,2372,-1.0
20121005,112.5,115.0,112.5,114.0,6316729,719663647,3606,1.5
20121008,114.5,114.5,110.5,110.5,10996188,1225656700,5812,-3.5
20121009,110.5,114.0,110.5,114.0,13302529,1489806277,6403,3.5
20121011,112.0,113.0,110.5,112.0,10345627,1157855724,5195,-2.0
20121012,112.0,114.5,112.0,113.5,8250844,933968872,4037,1.5
20121015,114.0,114.0,112.5,114.0,4144283,470235100,2389,0.5
20121016,114.5,114.5,111.5,112.0,11755783,1323730696,5015,-2.0
20121017,113.0,113.5,111.0,111.0,10002571,1122527881,4603,-1.0
20121018,112.0,113.0,104.5,105.5,21348578,2309747023,9841,-5.5
20121019,105.0,106.5,105.0,105.5,10680836,1129429616,5484,0.0
20121022,103.0,104.5,103.0,104.0,8435891,874740555,4231,-1.5
20121023,105.0,105.5,103.0,104.0,6840458,712602132,3904,0.0
20121024,103.0,105.0,102.5,104.0,6725222,698119588,3359,0.0
20121025,104.5,105.0,99.5,99.5,14400824,1462078600,7611,-4.5
20121026,100.0,102.0,99.4,100.0,14671366,1471001500,7317,0.5
20121029,101.0,101.0,95.1,97.1,14227514,1391122258,6909,-2.9
20121030,98.5,101.0,98.2,100.0,10781424,1079387500,5475,2.9
20121031,101.5,102.5,99.2,101.5,11119616,1123772397,5516,1.5
20121101,101.0,103.5,99.5,103.0,8167727,827575681,4829,1.5
20121102,103.0,103.5,99.3,99.3,7742141,779975700,4368,-3.7
20121105,99.1,100.0,98.0,98.5,5653545,558662700,3367,-0.8
20121106,99.0,101.0,99.0,101.0,4939398,494882598,2856,2.5
20121107,101.0,103.0,100.0,102.0,6261980,637166960,3554,1.0
20121108,100.0,103.0,100.0,103.0,5998755,611562265,3312,1.0
20121109,101.5,104.5,100.0,104.5,16288064,1668256173,7707,1.5
20121112,100.0,101.0,98.3,98.6,21585518,2145918675,11342,-5.9
20121113,98.6,98.6,94.5,94.8,23339310,2242362645,12188,-3.8
20121114,96.3,97.5,96.2,96.8,10517875,1019808013,6413,2.0
20121115,96.9,98.2,96.9,97.5,5308656,518271005,3648,0.7
20121116,98.0,98.9,97.0,97.0,4891788,477705493,3191,-0.5
20121119,97.5,98.0,95.5,96.0,5665641,546313236,3228,-1.0
20121120,98.0,98.0,95.5,95.5,8339806,803467838,4598,-0.5
20121121,95.1,96.0,94.0,94.6,8791690,834565511,4998,-0.9
20121122,95.0,95.6,93.6,93.6,6475324,610941856,3976,-1.0
20121123,94.5,98.3,94.5,98.1,20110554,1942790992,10757,4.5
20121126,98.5,99.9,98.2,99.5,11406761,1130370404,6791,1.4
20121127,99.5,100.5,98.6,98.8,9413356,937035359,5412,-0.7
20121128,98.8,100.5,98.7,99.8,8460886,842020195,4838,1.0
20121129,100.5,101.5,99.9,100.0,12453099,1251768200,7267,0.2
20121130,100.5,102.5,100.5,101.5,11435380,1164550046,6968,1.5
20121203,102.0,103.0,100.5,100.5,7964522,808806944,4523,-1.0
20121204,100.5,102.0,100.0,102.0,10295073,1041234946,5872,1.5
20121205,102.0,102.0,100.5,101.0,6845936,692970536,3949,-1.0
20121206,101.0,103.0,100.5,102.0,12206626,1242404352,6520,1.0
20121207,102.0,102.5,100.0,100.0,10626667,1073780200,5831,-2.0
20121210,101.0,101.0,97.5,98.0,13361418,1316655964,7831,-2.0
20121211,98.0,98.0,95.4,96.1,12143523,1168692781,7380,-1.9
20121212,97.5,97.8,96.8,96.9,7530358,731607839,4556,0.8
20121213,97.5,97.8,97.0,97.2,7256626,706339472,4327,0.3
20121214,95.2,95.6,93.9,94.1,23315764,2206222071,12989,-3.1
20121217,93.0,93.0,89.0,89.7,23515765,2133003698,13192,-4.4
20121218,89.7,90.3,89.1,89.8,14857991,1334795868,8243,0.1
20121219,90.0,91.3,90.0,90.0,11771941,1064413831,6776,0.2
20121220,90.0,90.5,89.5,90.0,7803735,702384269,4092,0.0
20121221,90.1,90.2,88.1,88.9,10626744,943534968,5749,-1.1
20121222,88.9,90.8,88.9,90.8,6413718,576537162,3525,1.9
20121224,90.0,90.7,89.8,89.8,6359087,572972244,3051,-1.0
20121225,89.8,90.8,89.6,90.5,6813570,614855966,3402,0.7
20121226,90.5,90.6,89.6,90.0,5475120,492895000,2928,-0.5
20121227,90.0,92.3,89.9,91.6,11643114,1064593724,6703,1.6
20121228,92.8,92.8,90.6,90.9,8846737,808458967,4581,-0.7
20130102,90.9,92.3,90.9,90.9,6996263,641045633,3776,0.0
20130103,91.2,91.9,90.4,90.5,8447517,768228015,4913,-0.4
20130104,90.5,90.5,89.2,89.5,8054106,722579598,4781,-1.0
20130107,89.5,89.5,88.2,88.2,7488044,662638475,4384,-1.3
20130108,88.2,88.6,87.4,87.7,8142233,714622004,4801,-0.5
20130109,87.7,89.5,87.5,88.3,7095798,628772505,4023,0.6
20130110,88.4,88.7,86.3,86.9,16290547,1417843205,8619,-1.4
20130111,87.6,89.6,87.6,89.4,15326345,1361132850,8576,2.5
20130114,89.3,89.4,88.2,88.6,7585124,672709589,4539,-0.8
20130115,88.4,88.4,85.0,85.8,14159952,1222435928,8796,-2.8
20130116,85.0,87.3,84.8,86.9,14820926,1276619504,8506,1.1
20130117,87.2,88.4,84.8,85.0,9705419,840123164,6203,-1.9
20130118,85.5,86.6,85.5,86.3,6475096,556768790,3646,1.3
20130121,85.8,85.8,84.4,85.0,5582525,475042298,3617,-1.3
20130122,85.3,86.7,85.0,86.2,6125079,526444789,3789,1.2
20130123,86.3,86.5,84.8,85.1,7343061,626804386,4005,-1.1
20130124,84.0,84.6,83.0,83.7,9093180,762231820,4862,-1.4
20130125,83.5,84.2,83.4,83.8,4692099,393228916,2915,0.1
20130128,84.6,86.0,84.6,85.6,7787534,665501880,4242,1.8
20130129,86.5,87.7,86.5,87.7,8652278,753602864,5507,2.1
20130130,88.0,88.1,86.2,86.9,10959929,954008777,5682,-0.8
20130131,86.9,86.9,86.1,86.3,6127650,529136600,3156,-0.6
20130201,86.3,87.5,86.3,86.5,5422288,470436917,3121,0.2
20130204,86.9,87.0,85.8,86.1,5426705,468127430,3041,-0.4
20130205,85.8,85.8,84.4,84.8,5266249,446832202,3072,-1.3
20130206,85.1,85.4,84.5,84.5,6214332,527845762,3687,-0.3
20130218,84.6,84.7,83.2,83.3,7345847,613867794,4052,-1.2
20130219,83.3,86.7,83.3,85.5,10837708,923733615,5978,2.2
20130220,85.7,86.1,85.1,85.6,6547156,560236623,3680,0.1
20130221,85.6,85.6,84.2,84.3,5290251,447806641,2726,-1.3
20130222,84.0,84.6,83.6,84.1,3959684,332932236,2360,-0.2
20130223,84.3,84.7,83.9,84.2,2202680,185505520,1377,0.1
20130225,84.2,85.5,84.0,84.1,3720728,314696681,2210,-0.1
20130226,83.6,83.9,82.4,82.4,8134198,676073965,4640,-1.7
20130227,82.5,83.0,81.3,81.5,11648646,954043202,6382,-0.9
20130301,81.8,82.5,81.4,81.5,5404488,442643596,3275,0.0
20130304,81.8,81.9,80.2,80.6,6378659,515535979,3868,-0.9
20130305,80.6,80.9,79.6,80.4,6857197,550054505,4259,-0.2
20130306,81.1,82.4,80.9,81.5,7234500,590979237,4245,1.1
20130307,81.9,82.6,81.2,81.2,4209312,344348975,2731,-0.3
20130308,81.6,82.6,81.1,81.2,5619519,459498738,3015,0.0
20130311,81.0,81.6,80.4,81.2,4048675,327785386,2355,0.0
20130312,81.0,82.3,80.5,81.8,8346271,680855440,4494,0.6
20130313,81.9,82.3,80.9,81.0,4598416,374827896,2840,-0.8
20130314,81.1,82.0,80.8,81.1,4071822,331950913,2382,0.1
20130315,81.2,81.9,80.0,80.0,8053947,650373518,4414,-1.1
20130318,79.8,81.4,79.8,80.2,5487178,442285460,3272,0.2
20130319,80.6,82.8,80.6,82.3,9141508,748242704,5450,2.1
20130320,82.0,82.2,81.1,81.3,6327747,516098670,3608,-1.0
20130321,81.6,82.1,80.9,80.9,4853479,394853880,2606,-0.4
20130322,80.9,82.2,80.9,81.4,6730593,550692950,3522,0.5
20130325,82.1,82.3,81.1,81.2,3460684,282815154,2008,-0.2
20130326,81.9,84.0,81.9,83.2,14091692,1167617614,7945,2.0
20130327,83.5,83.6,82.4,82.8,7363657,611150931,4194,-0.4
20130328,83.8,83.8,82.3,82.4,5114118,423691473,2803,-0.4
20130329,83.2,83.5,82.5,83.2,4783362,397283668,2703,0.8
20130401,83.2,83.6,82.4,83.2,4082564,338656501,2377,0.0
20130402,83.2,83.3,82.5,82.5,3661868,303334086,2206,-0.7
20130403,82.6,82.9,81.8,82.0,4162208,341762059,2630,-0.5
20130408,80.2,80.7,79.4,79.9,8674281,693508080,4897,-2.1
20130409,80.0,80.6,79.6,79.7,5086115,406803060,2811,-0.2
20130410,80.1,80.4,79.8,79.8,2889039,231303120,1732,0.1
20130411,79.7,80.3,79.0,80.3,5311791,423512979,3192,0.5
20130412,80.5,80.5,78.7,78.8,6267695,496671205,3784,-1.5
20130415,78.5,79.4,77.1,77.9,6792941,529608198,3544,-0.9
20130416,77.1,78.4,77.1,78.4,4480890,348215133,2597,0.5
20130417,78.4,79.0,78.3,78.3,4326447,340311075,2604,-0.1
20130418,77.3,78.7,77.3,78.0,3535690,275847969,2012,-0.3
20130419,78.3,79.7,78.1,78.6,4674529,368664665,2620,0.6
20130422,78.3,78.5,77.4,77.7,3631396,282479440,2266,-0.9
20130423,77.8,78.5,77.6,78.3,2215039,172930534,1433,0.6
20130424,78.7,79.2,78.4,79.2,3305129,260746498,2033,0.9
20130425,78.9,78.9,77.9,78.2,3723803,291756482,2063,-1.0
20130426,78.3,78.5,77.4,77.4,3716440,289029087,2352,-0.8
20130429,77.9,78.0,77.0,77.1,2578989,199463232,1669,-0.3
20130430,77.5,78.7,77.5,77.9,3698860,288772880,2048,0.8
20130502,77.9,80.0,77.5,79.4,7130488,566040579,4246,1.5
20130503,80.0,81.4,79.7,80.6,8002982,644989021,5054,1.2
20130506,81.2,81.7,80.9,80.9,6962155,565319914,3602,0.3
20130507,81.6,81.6,80.5,80.5,3629531,293721735,2061,-0.4
20130508,80.6,82.0,80.6,81.9,8412771,686693701,4719,1.4
20130509,82.9,83.0,82.0,82.0,8390589,692688198,4889,0.1
20130510,82.0,82.4,80.6,80.8,4845961,394819241,2693,-1.2
20130513,80.1,81.3,80.1,80.3,3571899,287784061,1934,-0.5
20130514,80.6,81.1,79.9,79.9,3719791,298638680,1998,-0.4
20130515,80.2,80.4,79.3,80.4,4019298,321599910,2103,0.5
20130516,81.1,81.8,81.0,81.3,4995989,406747893,2760,0.9
20130517,81.5,81.8,80.5,80.5,4500503,364180475,2375,-0.8
20130520,81.3,81.4,80.2,80.4,3156656,254840925,1566,-0.1
20130521,80.9,81.6,80.7,81.5,4493773,365239649,2642,1.1
20130522,81.9,82.8,81.8,82.1,6714552,552502045,3610,0.6
20130523,82.1,82.3,80.6,80.8,5233683,425169575,2869,-1.3
20130524,81.4,81.4,79.5,79.9,4812601,386464380,2584,-0.9
20130527,79.5,80.5,79.5,80.5,1851677,148253585,1151,0.6
20130528,80.5,80.5,79.8,80.0,2350896,188270380,1306,-0.5
20130529,80.4,81.5,80.4,81.3,3876492,314636529,2424,1.3
20130530,81.0,81.2,80.1,80.1,3688137,296690344,2192,-1.2
20130531,81.2,81.2,80.0,81.0,6164808,497263694,2738,0.9
20130603,80.1,80.9,80.0,80.4,2536130,204295034,1516,-0.6
20130604,80.7,81.1,80.5,80.7,3045161,246144175,1859,0.3
20130605,81.1,81.1,80.0,80.0,4208475,337575483,1788,-0.7
20130606,80.0,80.0,78.5,78.5,5273646,417955823,2621,-1.5
20130607,78.9,79.4,78.5,79.0,3926575,309895325,1878,0.5
20130610,80.1,80.3,79.0,79.4,2962824,236108881,1475,0.4
20130611,79.9,79.9,78.5,78.5,2527081,199718957,1411,-0.9
20130613,77.5,78.0,74.8,75.2,8160399,622113016,4697,-3.3
20130614,75.4,76.0,74.8,75.0,3684616,276882844,2292,-0.2
20130617,75.2,75.6,73.5,73.8,3923501,291570774,2339,-1.2
20130618,74.0,74.8,73.8,73.8,2788770,206976780,1765,0.0
20130619,74.4,75.2,74.2,74.2,2640646,197150185,1656,0.4
20130620,73.5,73.8,72.1,72.2,3601256,261391888,2379,-2.0
20130621,70.3,71.5,70.0,71.2,5252884,370608198,3088,-1.0
20130624,71.2,71.8,71.0,71.0,3578523,255244328,2094,-0.2
20130625,71.2,71.6,70.3,70.3,3702931,262301527,2203,-0.7
20130626,71.5,72.3,70.9,72.2,5229281,374456473,2974,1.9
20130627,72.5,72.8,71.4,71.4,4133539,297255077,2466,-0.8
20130628,72.0,72.8,71.8,72.8,4161241,301418593,2496,1.4
20130701,72.8,73.9,72.5,73.5,2343023,171807784,1490,0.7
20130702,74.3,74.3,73.0,73.0,2565915,188753470,1663,-0.5
20130703,73.5,73.9,71.8,71.9,3064949,222457628,1789,-1.1
20130704,72.0,72.5,71.5,71.7,2013646,144725437,1176,-0.2
20130705,72.5,73.4,72.0,72.8,2268796,165341040,1501,1.1
20130708,73.1,73.2,71.2,71.5,3389140,243211404,1825,-1.3
20130709,71.8,72.5,71.5,72.0,2921592,210059724,1875,0.5
20130710,72.2,73.6,71.9,72.2,6298210,457628218,3340,0.2
20130711,73.0,74.6,73.0,74.6,7129400,527032621,4432,2.4
20130712,75.0,75.0,74.1,74.9,3773000,281158700,2239,0.3
20130715,74.9,76.0,74.5,75.6,3387828,255833579,2255,0.7
20130716,75.9,75.9,75.1,75.9,2475515,186876768,1631,0.3
20130717,75.8,75.9,74.8,75.5,2820652,212303419,1837,-0.4
20130718,75.4,75.8,74.6,75.1,2641663,198038550,1723,-0.4
20130719,74.6,75.5,74.0,74.1,3808202,284510155,2212,-1.0
20130722,74.8,75.4,74.5,75.0,2900958,217739244,1695,0.9
20130723,75.8,76.5,75.3,76.3,3616268,275143304,2225,1.3
20130724,77.0,77.4,76.4,76.6,3270753,251476956,2213,0.3
20130725,76.6,77.4,76.2,76.3,2232034,171232378,1433,-0.3
20130726,76.7,77.0,76.0,76.0,1726263,131714288,1127,-0.3
20130729,76.7,76.7,75.5,75.7,1455685,110519170,940,-0.3
20130730,76.0,76.3,75.5,76.2,1704359,129500604,1158,0.5
20130731,76.3,76.4,74.5,74.5,3241805,243417464,1787,-1.7
20130801,74.5,75.0,73.0,73.1,2756493,202440727,1776,-1.4
20130802,74.0,74.6,73.5,73.9,2588386,191302897,1401,0.8
20130805,74.3,78.5,74.0,78.4,8562141,659945110,5015,4.5
20130806,78.1,78.1,76.6,77.7,4501444,348420085,2892,-0.7
20130807,76.0,78.4,76.0,78.0,6285788,488573964,3711,0.3
20130808,77.8,78.4,77.5,77.6,3569642,277962904,2317,-0.4
20130809,77.6,77.7,76.5,77.2,3294190,254076153,2162,-0.4
20130812,77.2,78.3,77.1,78.3,3342261,260416223,2020,1.1
20130813,79.1,80.8,79.0,79.5,7313265,584081925,3843,1.2
20130814,80.4,80.4,77.8,78.2,6802847,534874204,3981,-1.3
20130815,78.2,79.0,77.7,78.6,3973503,312303622,2411,0.4
20130816,77.8,79.4,77.8,78.7,3189166,251521438,1915,0.1
20130819,78.7,79.7,78.2,79.3,3140272,248716488,1796,0.6
20130820,79.0,80.1,78.8,79.1,3801825,302312544,2201,-0.2
20130822,79.1,79.8,78.3,79.4,5294896,418516826,2851,0.3
20130823,79.5,80.0,79.2,79.5,10077470,800909280,4457,0.1
20130826,75.5,76.4,75.1,76.2,10294589,780344144,4930,0.0
20130827,75.8,76.2,75.4,75.4,4023140,304790801,2450,-0.8
20130828,74.9,75.4,74.3,75.0,3494397,261657502,2062,-0.4
20130829,75.2,76.9,75.2,76.5,5159517,393810003,2719,1.5
20130830,76.6,77.0,76.3,76.3,4275720,327586640,2411,-0.2
20130902,76.6,77.3,76.3,76.7,2874163,220620923,1772,0.4
20130903,77.0,77.4,76.8,77.1,3028244,233249094,1858,0.4
20130904,77.3,77.4,76.5,76.8,2922843,224548393,1846,-0.3
20130905,78.0,78.0,77.1,77.2,3503899,271477798,2006,0.4
20130906,77.3,78.2,77.2,77.7,5178809,402772446,3294,0.5
20130909,77.7,78.2,77.0,77.4,3263461,252345694,2026,-0.3
20130910,78.0,78.1,76.5,76.6,3331752,256507204,1962,-0.8
20130911,76.8,77.0,75.3,76.5,3861238,293356058,2308,-0.1
20130912,76.0,76.3,75.6,76.0,2392480,181446199,1518,-0.5
20130913,76.5,76.5,75.9,76.0,1780897,135537072,1126,0.0
20130914,76.0,76.3,75.6,75.7,794349,60201138,589,-0.3
20130916,76.5,76.6,76.1,76.5,1753151,133881044,1144,0.8
20130917,76.2,76.8,75.7,76.8,2298225,175722463,1347,0.3
20130918,76.9,77.0,76.1,76.7,3438567,263118188,2049,-0.1
20130923,76.7,76.8,76.2,76.7,2427642,185730312,1537,0.0
20130924,77.1,77.9,77.0,77.2,3175038,245772116,2061,0.5
20130925,77.7,77.7,77.0,77.4,2309187,178343288,1285,0.2
20130926,77.0,77.4,76.0,76.5,2408693,184299016,1200,-0.9
20130927,76.5,77.7,76.2,77.0,3199953,246203381,1599,0.5
20130930,77.0,77.3,76.2,76.8,4059766,312015282,2252,-0.2
20131001,77.0,77.4,76.5,76.8,2624716,202260732,1709,0.0
20131002,77.4,77.4,76.1,76.1,2069716,158461210,1398,-0.7
20131003,76.1,77.3,76.1,77.1,3188687,245600508,1971,1.0
20131004,77.0,77.5,76.6,76.6,1940332,149351837,1245,-0.5
20131007,76.3,76.9,76.0,76.1,2101662,160349058,1279,-0.5
20131008,76.1,76.6,75.6,76.6,1765347,134599059,1149,0.5
20131009,76.3,76.5,75.8,76.4,1540362,117581836,953,-0.2
20131011,76.8,77.0,75.2,75.5,4428413,336531860,3003,-0.9
20131014,75.2,75.5,73.1,73.2,4201382,309450211,3039,-2.3
20131015,73.3,74.2,73.1,73.4,2402114,176737792,1816,0.2
20131016,73.4,73.9,73.4,73.6,1186917,87439688,1185,0.2
20131017,74.5,74.5,73.5,74.0,1641419,121336206,1441,0.4
20131018,74.3,74.7,73.5,74.6,1568430,116609884,1343,0.6
20131021,75.3,75.6,74.7,75.2,1584874,119041466,1222,0.6
20131022,75.4,75.5,74.5,75.0,1907720,143003600,1422,-0.2
20131023,75.0,75.7,74.5,74.7,2083453,156039970,1548,-0.3
20131024,74.5,75.1,74.5,74.8,1477158,110497781,1161,0.1
20131025,74.8,75.0,74.1,74.3,2280762,169591850,1581,-0.5
20131028,74.3,74.6,73.8,74.0,2077994,153934100,1373,-0.3
20131029,74.0,74.5,73.1,73.8,2060304,151760892,1504,-0.2
20131030,74.2,74.2,73.2,73.7,2296885,168883565,1547,-0.1
20131031,74.0,74.6,73.2,73.8,3204089,236786410,1945,0.1
20131101,73.9,74.3,73.3,73.6,2826188,208677614,1643,-0.2
20131104,74.0,74.0,73.1,73.2,2632435,193319335,1816,-0.4
20131105,73.2,74.0,71.3,71.5,3718437,269818464,2391,-1.7
20131106,71.5,72.4,71.3,71.7,3029746,217398520,2033,0.2
20131107,72.0,72.2,71.6,72.2,1669765,120077291,1210,0.5
20131108,72.0,72.1,71.6,72.1,1372503,98616119,1008,-0.1
20131111,72.1,72.3,71.2,71.5,2598831,186203270,1744,-0.6
20131112,71.8,71.9,70.0,70.2,4245326,299131346,2662,-1.3
20131113,69.3,69.3,67.3,67.9,6798441,463063062,4204,-2.3
20131114,68.0,69.0,68.0,68.7,3095877,212549869,2195,0.8
20131115,68.7,69.0,68.1,68.2,2538402,173658652,1649,-0.5
20131118,68.2,68.6,68.0,68.0,1728353,118041136,1197,-0.2
20131119,68.0,68.7,68.0,68.5,2770361,189319531,1683,0.5
20131120,68.1,68.4,66.4,66.6,5458244,366050520,3689,-1.9
20131121,66.4,66.4,64.0,64.1,8479805,547928717,5099,-2.5
20131122,64.1,65.1,64.1,64.3,3044226,196571013,2193,0.2
20131125,65.0,65.2,64.7,65.2,2065987,134241021,1493,0.9
20131126,65.2,66.5,65.1,66.3,3783284,249779887,2207,1.1
20131127,66.5,67.2,66.4,66.8,2686582,179600698,1796,0.5
20131128,67.1,67.3,66.5,66.9,2042957,136510178,1241,0.1
20131129,66.9,71.0,66.9,70.2,10035346,698693733,6371,3.3
20131202,71.0,72.2,70.8,71.3,5966742,426609681,3659,1.1
20131203,71.3,71.3,70.3,70.5,3430113,242331345,2148,-0.8
20131204,70.0,71.5,70.0,70.1,4576622,322835157,2747,-0.4
20131205,70.7,70.7,69.9,70.0,2826411,198282870,1810,-0.1
20131206,70.0,71.1,70.0,70.1,3116176,219878796,2065,0.1
20131209,71.0,71.2,69.0,69.4,4520984,316978155,2661,-0.7
20131210,69.5,70.3,69.5,69.7,2100320,146542465,1491,0.3
20131211,71.0,71.2,69.0,69.0,4425338,309464622,2594,-0.7
20131212,68.5,69.4,68.4,69.1,1398884,96617154,1013,0.1
20131213,69.0,69.5,68.8,69.3,1526176,105506158,1163,0.2
20131216,69.3,69.5,68.3,68.3,1797494,123300421,1301,-1.0
20131217,68.5,68.8,68.0,68.0,2654908,181279944,1680,-0.3
20131218,68.0,68.7,68.0,68.1,2159879,147622809,1558,0.1
20131219,68.8,69.2,68.5,68.8,1724119,118535556,1305,0.7
20131220,68.8,69.1,68.1,68.7,1859197,127633601,1285,-0.1
20131223,69.6,69.6,69.0,69.1,2013415,139393535,1447,0.4
20131224,69.6,70.6,69.3,70.4,4077871,285706056,2671,1.3
20131225,70.8,70.9,70.4,70.5,2958627,208912278,1867,0.1
20131226,70.5,70.7,70.0,70.4,1567629,110323952,1146,-0.1
20131227,70.4,70.9,70.3,70.3,3470216,244587827,2188,-0.1
20131230,70.4,70.9,70.2,70.3,3229597,227377618,1896,0.0
20131231,70.3,70.6,69.5,69.6,3670775,256454108,2032,-0.7
20140102,69.7,70.3,69.7,70.2,2190414,153366980,1507,0.6
20140103,70.0,70.0,69.3,69.5,1978967,137615191,1338,-0.7
20140106,69.6,70.1,68.7,68.7,1790484,123980668,1243,-0.8
20140107,68.9,69.7,68.9,69.0,1588764,110000816,1222,0.3
20140108,69.5,69.8,69.1,69.6,2389960,165847094,1763,0.6
20140109,69.8,71.1,69.4,70.4,6236650,438943213,4082,0.8
20140110,70.9,71.1,70.2,70.2,3199829,226087977,2059,-0.2
20140113,69.5,69.6,68.0,68.2,6878658,471359460,4283,-2.0
20140114,68.0,68.9,68.0,68.4,2550746,174551590,1844,0.2
20140115,68.8,69.9,68.6,69.7,5249121,364398086,3341,1.3
20140116,70.1,70.8,70.0,70.6,5577387,392827224,3282,0.9
20140117,70.6,70.8,70.0,70.0,2851928,200072860,1815,-0.6
20140120,70.2,70.3,69.8,70.1,3892115,272631450,2533,0.1
20140121,70.1,70.5,69.8,69.8,2616094,183324314,1606,-0.3
20140122,69.8,70.5,69.5,69.5,2730082,191078274,1864,-0.3
20140123,69.7,70.2,69.0,69.0,2261821,156890249,1489,-0.5
20140124,69.0,69.6,68.8,69.1,1614925,111742525,1145,0.1
20140127,68.1,68.8,67.9,68.2,4233908,289201094,2454,-0.9
20140205,67.0,67.3,66.0,66.2,5388598,358318354,3704,-2.0
20140206,66.3,66.9,66.3,66.5,2761347,183973962,1971,0.3
20140207,67.8,67.8,67.0,67.3,2728458,183670591,2030,0.8
20140210,67.5,68.2,67.4,67.4,2206279,149244776,1471,0.1
20140211,65.4,67.4,64.6,67.4,5193999,343279184,3296,0.0
20140212,68.0,68.1,67.5,67.7,2299634,155904785,1718,0.3
20140213,67.7,68.2,67.6,67.8,1607693,109114756,1143,0.1
20140214,68.4,68.5,67.4,67.4,2609961,177546853,1885,-0.4
20140217,67.5,67.8,66.8,66.8,1898158,127625523,1378,-0.6
20140218,66.8,67.8,66.7,67.8,2033735,136716900,1333,1.0
20140219,67.5,68.3,67.5,68.3,2800671,190742828,1770,0.5
20140220,68.3,68.6,67.6,68.2,1725445,117420160,1178,-0.1
20140221,68.5,68.8,68.2,68.5,2334690,159928420,1629,0.3
20140224,68.6,68.9,68.1,68.4,1566232,107172676,954,-0.1
20140225,68.7,68.8,68.0,68.0,1707192,116742569,1108,-0.4
20140226,67.9,68.5,67.8,67.9,2358494,160588362,1636,-0.1
20140227,67.9,68.3,67.9,68.1,1935421,131808419,1203,0.2
20140303,67.5,68.1,67.5,67.7,2227009,150862076,1620,-0.4
20140304,67.9,68.0,67.7,67.8,1802751,122371811,1301,0.1
20140305,68.3,68.5,67.9,68.1,2568619,175177137,1670,0.3
20140306,68.4,71.0,68.4,71.0,10787551,757643179,6549,2.9
20140307,71.8,72.4,71.0,71.5,12502037,897594762,7016,0.5
20140310,71.5,72.3,71.5,71.8,5930675,426051263,3328,0.3
20140311,71.3,71.4,69.6,70.2,7802482,548660540,4529,-1.6
20140312,70.1,70.9,70.1,70.9,3073223,217033096,1803,0.7
20140313,71.1,73.2,71.1,72.2,11891947,861455837,6138,1.3
20140314,71.8,72.9,71.4,72.2,4915422,354944784,2836,0.0
20140317,72.2,72.5,71.5,71.9,2833067,203909980,1679,-0.3
20140318,72.2,72.4,71.3,71.8,4200027,300964900,2329,-0.1
20140319,72.0,72.0,71.1,71.2,2402447,171425237,1537,-0.6
20140320,70.9,70.9,70.1,70.1,3439787,242109235,2004,-1.1
20140321,70.2,71.2,70.2,70.7,3055700,215563663,1561,0.6
20140324,70.2,71.0,69.8,70.9,2190547,154284601,1410,0.2
20140325,70.9,71.4,70.7,71.0,2802741,199048038,1744,0.1
20140326,71.0,71.5,70.6,70.6,2509063,177903424,1681,-0.4
20140327,70.6,71.1,70.4,70.5,2033178,143662378,1315,-0.1
20140328,70.6,72.4,70.6,70.9,4824200,344859793,2853,0.4
20140331,71.6,71.9,71.0,71.8,2360218,168790734,1492,0.9
20140401,71.8,72.0,71.3,71.7,2165077,155038758,1325,-0.1
20140402,72.2,72.2,71.7,72.0,3026375,217740543,2081,0.3
20140403,72.3,72.3,71.7,71.9,2216223,159294839,1575,-0.1
20140407,71.8,72.5,71.5,72.5,5074612,366846094,3176,0.6
20140408,72.5,74.8,72.4,74.0,10744656,796404901,6140,1.5
20140409,74.8,75.0,74.2,74.6,5370250,400392121,3339,0.6
20140410,75.0,75.2,73.8,74.3,4864551,361686374,3068,-0.3
20140411,74.0,74.0,73.1,74.0,4584599,337644914,2851,-0.3
20140414,74.0,75.4,74.0,75.1,8571299,642008320,4972,1.1
20140415,76.0,76.8,75.6,75.7,10350194,788889692,5395,0.6
20140416,76.0,76.2,75.2,75.7,5361995,406292590,3493,0.0
20140417,76.1,76.2,75.7,76.1,4084256,310338356,2657,0.4
20140418,76.7,76.8,75.7,75.9,3785810,288445672,2208,-0.2
20140421,76.0,76.1,75.3,75.5,2090299,158124614,1401,-0.4
20140422,75.6,76.4,75.5,76.2,3571702,272006539,2227,0.7
20140423,76.5,76.7,75.8,76.4,4336013,331197288,2759,0.2
20140424,76.8,77.3,76.3,76.5,6429806,494345336,3696,0.1
20140425,76.5,76.6,73.4,74.5,7648772,572284793,4113,-2.0
20140428,73.0,74.5,72.8,74.1,3880437,286275761,2417,-0.4
20140429,74.4,76.0,74.4,75.9,3773056,284003399,2421,1.8
20140430,76.0,76.1,74.8,75.0,3402834,256023753,1831,-0.9
20140502,75.9,76.2,75.3,75.5,2814382,213355730,1762,0.5
20140505,76.2,76.2,75.1,75.4,1442619,109016021,964,-0.1
20140506,75.5,75.8,74.5,74.7,3363633,252112942,1964,-0.7
20140507,74.5,74.8,74.2,74.5,2671292,199012035,1529,-0.2
20140508,74.8,75.2,74.7,74.7,2549223,191065291,1539,0.2
20140509,75.0,75.0,74.4,74.5,1974195,147412529,1088,-0.2
20140512,74.5,74.5,73.3,73.3,2644885,194526939,1574,-1.2
20140513,73.8,74.2,73.0,73.2,2359792,173301616,1525,-0.1
20140514,73.9,74.1,73.1,74.1,2172474,159940260,1329,0.9
20140515,73.0,73.3,69.5,70.8,13341894,947401474,7123,-3.3
20140516,69.7,70.4,68.5,69.9,9367686,648274393,5395,-0.9
20140519,70.5,70.5,68.9,68.9,5269314,365214793,3077,-1.0
20140520,68.9,69.8,68.9,69.8,3278275,227786916,2027,0.9
20140521,69.2,69.6,68.9,69.0,3048475,210778275,2002,-0.8
20140522,69.5,69.8,69.3,69.5,3244932,225610358,2259,0.5
20140523,69.0,69.9,69.0,69.8,3059688,212966050,1994,0.3
20140526,69.7,70.3,69.7,70.0,2763344,193675280,1881,0.2
20140527,70.3,70.3,69.8,70.2,2289553,160452477,1435,0.2
20140528,70.3,70.4,70.0,70.4,2555118,179435244,1797,0.2
20140529,70.7,70.7,70.2,70.2,1919258,135166083,1342,-0.2
20140530,70.2,70.4,69.2,69.2,6387758,443386419,2013,-1.0
20140603,69.7,69.9,69.0,69.3,4164566,288380484,2365,0.1
20140604,69.3,69.8,69.1,69.2,2346460,162987752,1421,-0.1
20140605,69.8,70.2,69.2,70.2,3570831,249111270,1792,1.0
20140606,70.5,70.6,69.8,69.9,2143289,150341146,1275,-0.3
20140609,70.0,70.1,69.6,69.7,1176889,82156964,817,-0.2
20140610,69.8,70.3,69.8,70.2,1719868,120473960,1136,0.5
20140611,70.2,70.2,69.5,69.7,1701934,118622879,1043,-0.5
20140612,69.7,70.2,69.4,70.1,1636907,114468583,1183,0.4
20140613,70.0,70.5,69.9,70.0,1410569,98886900,981,-0.1
20140616,70.3,70.3,69.8,69.8,1324381,92696679,924,-0.2
20140617,69.8,70.2,69.8,69.8,1979536,138462635,1343,0.0
20140618,70.0,70.5,69.8,70.3,2903861,203486770,1971,0.5
20140619,70.4,70.9,70.0,70.0,2368446,166688220,1587,-0.3
20140620,70.1,70.4,70.0,70.3,1837348,129021460,1035,0.3
20140623,70.3,72.2,70.3,70.5,5610431,399732724,3568,0.2
20140624,71.0,71.5,70.6,70.7,1927188,136634837,1366,0.2
20140625,71.0,71.3,70.2,70.2,2888379,204306668,1850,-0.5
20140626,70.3,73.7,70.3,72.8,11349024,826258206,6202,2.6
20140627,73.0,73.3,72.0,72.1,3636052,263339106,2323,-0.7
20140630,72.1,73.2,72.1,72.4,2653459,192810213,1744,0.3
20140701,72.7,74.5,72.6,73.9,6371172,469288033,3617,1.5
20140702,74.0,77.5,74.0,75.2,18252624,1387481474,9402,1.3
20140703,75.5,76.4,75.4,75.4,5640592,427571359,3364,0.2
20140704,76.3,76.3,74.2,74.5,4971402,371806962,2941,-0.9
20140707,74.5,74.8,73.5,73.6,3464552,255977846,2196,-0.9
20140708,73.7,74.5,73.6,73.8,2099320,155409445,1470,0.2
20140709,74.0,75.7,74.0,74.8,5629976,421914467,2854,1.0
20140710,75.5,76.0,75.0,75.0,4241075,320113425,2574,0.2
20140711,75.1,75.6,73.7,74.0,4606499,343904026,2804,-1.0
20140714,74.9,75.0,74.2,74.5,3192384,238735338,1738,0.5
20140715,75.6,77.4,75.0,76.9,13217523,1013425408,6905,2.4
20140716,77.1,77.8,75.5,75.5,7222382,552749815,4091,-1.4
20140717,75.6,76.2,74.9,75.5,3659183,275532310,2127,0.0
20140718,74.5,76.0,74.5,75.5,2554541,192637607,1692,0.0
20140721,76.0,77.0,75.7,76.1,3207160,244567603,1935,0.6
20140722,76.3,76.5,75.5,76.0,3484090,264831894,1844,-0.1
20140724,76.5,77.9,76.4,76.6,6865114,529212692,3544,0.6
20140725,76.9,76.9,75.7,76.1,2752143,209704968,1655,-0.5
20140728,76.0,76.5,75.2,75.5,2583411,195609782,1447,-0.6
20140729,76.1,76.5,74.7,75.0,3628255,273420649,2132,-0.5
20140730,75.6,76.1,74.8,75.1,3064810,230916950,1728,0.1
20140731,75.1,75.5,74.7,74.8,3289841,246657417,1463,-0.3
20140801,74.0,74.6,73.5,74.0,3369397,249331513,1866,-0.8
20140804,74.0,74.6,74.0,74.1,1702952,126394816,1119,0.1
20140805,74.1,74.1,72.0,72.4,4705630,342361082,3147,-1.7
20140806,72.5,72.9,71.1,72.0,2353615,169452280,1468,-0.4
20140807,73.0,73.4,72.0,72.4,1405041,101672749,936,0.4
20140808,72.5,72.5,71.2,72.0,1547681,111020032,1017,-0.4
20140811,71.1,72.2,70.5,71.8,1512114,108382166,1011,-0.2
20140812,72.9,73.2,71.8,72.4,2011773,146079942,1445,0.6
20140813,73.0,75.4,73.0,75.1,6448913,481036566,3717,2.7
20140814,75.6,76.4,75.3,75.6,6925172,525704270,3431,0.5
20140815,76.4,76.4,75.6,76.1,4618576,350910729,2658,0.5
20140818,77.5,77.8,76.4,77.3,9626455,743705129,5602,1.2
20140819,78.0,78.1,76.7,76.9,7285345,564025375,4140,-0.4
20140820,77.7,77.7,76.7,76.7,3953638,304538602,2580,-0.2
20140821,76.7,77.2,76.4,76.5,3255294,249669182,1658,-0.2
20140822,76.9,77.9,76.8,77.1,6690201,517413514,3505,0.6
20140825,77.5,77.5,77.0,77.1,3922094,302593638,2214,0.0
20140826,77.1,77.2,76.5,76.8,4408514,338550340,2680,-0.3
20140827,77.0,77.4,76.8,77.0,9703727,746809270,4800,0.2
20140828,74.0,75.1,74.0,74.8,10569961,787499840,5470,0.0
20140829,75.0,76.0,74.5,75.0,5963650,449883788,3247,0.2
20140901,75.9,76.0,75.2,75.4,1968582,148507057,1318,0.4
20140902,75.5,75.5,74.6,74.9,3276420,245334732,1712,-0.5
20140903,75.5,76.7,75.0,75.0,5957995,452016625,3358,0.1
20140904,75.0,75.4,74.2,74.5,3220139,239859848,1910,-0.5
20140905,75.0,75.0,73.1,74.2,3081678,228140700,1863,-0.3
20140909,74.8,75.8,74.6,75.1,2581262,193941348,1441,0.9
20140910,75.1,75.1,73.7,74.2,3014699,223515582,1806,-0.9
20140911,74.7,74.8,73.5,73.7,2699102,199352755,1638,-0.5
20140912,74.3,74.3,73.1,73.1,2136311,156576067,1398,-0.6
20140915,73.3,73.6,72.9,73.3,1636224,119943649,1022,0.2
20140916,73.6,73.6,72.1,72.3,2849731,206954096,1681,-1.0
20140917,72.5,73.3,72.5,73.0,2063494,150503991,1352,0.7
20140918,74.0,75.2,74.0,74.6,3721300,277487350,2216,1.6
20140919,75.2,75.2,74.3,74.6,2678421,200025392,1474,0.0
20140922,74.5,74.5,73.4,74.3,2311075,170565753,1459,-0.3
20140923,73.9,74.8,73.8,74.6,2089817,155535256,1397,0.3
20140924,75.5,77.0,75.3,76.0,10921443,834005268,6144,1.4
20140925,76.5,76.6,74.8,74.8,6593725,497648775,3633,-1.2
20140926,74.5,75.7,74.0,74.8,3692959,276087218,1871,0.0
20140929,75.9,75.9,75.2,75.2,3665829,276617022,2081,0.4
20140930,75.6,75.6,74.0,75.2,4888951,366081796,2219,0.0
20141001,75.2,76.8,75.1,75.8,6759100,513887147,3380,0.6
20141002,75.8,76.3,75.5,75.8,5891084,447601045,3168,0.0
20141003,76.3,76.9,75.9,76.3,5012554,382441976,2656,0.5
20141006,76.8,77.7,76.4,77.0,9783649,755022173,5502,0.7
20141007,77.0,77.4,76.4,76.9,6626021,510238577,3588,-0.1
20141008,76.9,77.4,76.3,76.6,4846962,372451366,2296,-0.3
20141009,77.4,78.0,76.5,76.5,5458743,420104112,2741,-0.1
20141013,75.0,75.0,72.8,74.1,5473321,406843104,2861,-2.4
20141014,74.5,76.2,74.5,75.9,4990603,376936233,2819,1.8
20141015,76.0,76.1,73.6,74.5,7190000,537856475,3925,-1.4
20141016,74.5,75.5,73.2,74.5,5410955,402710339,2828,0.0
20141017,75.7,75.7,72.1,72.1,8027253,589264827,4208,-2.4
20141020,74.9,75.0,73.8,74.6,5261743,392592009,3476,2.5
20141021,75.0,75.4,74.4,74.5,2599979,194457030,1490,-0.1
20141022,76.0,76.0,75.0,75.0,4378916,330293700,2229,0.5
20141023,75.0,75.5,74.9,75.4,2557473,192716475,1864,0.4
20141024,75.8,75.8,74.8,74.8,3106409,233718982,1544,-0.6
20141027,75.4,75.7,74.6,74.8,2575764,193126730,1424,0.0
20141028,75.7,77.1,75.6,77.0,10840094,829735070,5404,2.2
20141029,77.3,77.4,76.6,77.0,6172115,474745598,3077,0.0
20141030,77.4,79.9,77.0,79.7,20856016,1643126890,10245,2.7
20141031,80.1,81.5,79.7,81.0,18173875,1465672029,8856,1.3
20141103,82.0,82.8,81.2,81.5,14336305,1175849934,7302,0.5
20141104,81.9,82.5,81.5,81.5,8108327,663471247,4587,0.0
20141105,81.5,83.5,81.4,81.6,10198983,839686691,5491,0.1
20141106,81.6,82.4,79.5,79.8,8128350,655072596,4260,-1.8
20141107,80.0,81.4,79.9,81.4,7240513,585584802,4398,1.6
20141110,82.4,83.0,81.5,81.9,8209813,674623871,5186,0.5
20141111,82.5,83.3,82.3,82.5,10898112,901943984,6108,0.6
20141112,82.5,83.8,81.6,82.0,12518242,1035726528,6183,-0.5
20141113,82.3,83.8,82.2,83.8,11346080,942511571,6582,1.8
20141114,84.1,84.8,83.0,83.0,14560386,1218542787,7124,-0.8
20141117,84.0,84.3,82.6,83.3,14006116,1169512003,7122,0.3
20141118,83.8,84.1,83.2,83.5,9990295,834058944,5228,0.2
20141119,84.0,86.5,83.9,85.0,25553383,2174682466,13011,1.5
20141120,85.6,87.4,85.1,86.5,17251461,1491642546,9099,1.5
20141121,87.0,87.6,86.6,87.6,15739970,1371747686,7976,1.1
20141124,88.0,88.2,86.2,86.4,10074086,875488225,5826,-1.2
20141125,87.4,88.5,86.4,88.0,15787299,1385655838,8176,1.6
20141126,88.0,88.1,86.6,87.0,8041003,701911626,4611,-1.0
20141127,87.2,87.9,86.4,87.0,7451285,648168367,3869,0.0
20141128,87.2,87.5,86.5,86.5,6041313,525066218,3340,-0.5
20141201,85.5,88.4,85.1,88.0,11761900,1022838516,6265,1.5
20141202,87.9,88.0,86.5,87.8,9979546,871979189,4724,-0.2
20141203,88.2,90.4,87.7,89.6,14455005,1295206923,7616,1.8
20141204,90.2,92.7,89.8,92.0,14381720,1311221140,8461,2.4
20141205,91.8,91.8,89.6,90.7,9704730,878380209,5696,-1.3
20141208,90.7,90.7,85.8,86.2,16653302,1458484959,9635,-4.5
20141209,86.2,87.8,86.2,87.1,8493849,739308195,4984,0.9
20141210,87.5,88.0,83.8,84.9,13202061,1129258106,7295,-2.2
20141211,85.6,87.9,85.1,87.2,12881417,1117262879,6978,2.3
20141212,88.6,89.2,87.6,88.1,9778301,864983434,5057,0.9
20141215,86.6,87.9,86.6,87.1,5066591,441382278,3047,-1.0
20141216,87.1,87.3,85.4,85.5,8815888,757849264,5110,-1.6
20141217,85.6,86.4,85.5,85.9,5801050,499157232,3554,0.4
20141218,87.2,87.7,86.4,87.2,6536199,568839713,3752,1.3
20141219,88.1,88.5,84.5,85.0,9762076,844589460,5152,-2.2
20141222,86.2,87.8,85.5,87.6,6059063,527034402,3329,2.6
20141223,87.9,88.0,86.6,87.1,2924298,254703026,1806,-0.5
20141224,87.1,87.8,86.8,87.0,2484498,216352626,1775,-0.1
20141225,87.4,87.6,86.5,86.5,1335643,116072677,1041,-0.5
20141226,86.5,86.9,86.2,86.6,1600255,138340823,1161,0.1
20141227,87.2,87.2,86.6,86.8,678421,58933294,588,0.2
20141229,87.0,87.5,85.0,85.7,6238742,535833910,3658,-1.1
20141230,86.2,86.2,84.2,85.9,5072199,432121026,3369,0.2
20141231,86.0,86.3,85.3,85.3,2150060,184047189,1159,-0.6
20150105,85.4,86.8,85.0,85.8,3126478,268462452,2303,0.5
20150106,85.2,85.2,83.6,83.6,7148591,602018974,4687,-2.2
20150107,83.6,84.1,83.2,83.5,4890513,409250988,3063,-0.1
20150108,84.0,84.5,83.7,84.4,5366094,451250758,3096,0.9
20150109,84.5,87.2,84.4,86.9,10690318,921044584,5666,2.5
20150112,85.1,85.6,84.5,84.5,6861699,582747960,4060,-2.4
20150113,85.0,86.5,84.7,86.2,6998879,601908694,3916,1.7
20150114,86.2,86.3,85.2,86.0,5270091,451490768,3106,-0.2
20150115,86.0,86.1,85.1,85.3,4616851,395149952,2474,-0.7
20150116,86.0,86.0,83.7,83.9,5213638,440682292,3607,-1.4
20150119,85.2,85.2,82.1,82.5,5464545,454775184,3085,-1.4
20150120,82.6,83.7,82.5,83.6,4006101,333944698,2448,1.1
20150121,83.6,84.3,83.0,84.3,3025268,253505412,2263,0.7
20150122,84.6,86.0,84.5,85.2,6615357,563444145,3195,0.9
20150123,85.6,86.5,85.2,85.7,6292798,540541987,3711,0.5
20150126,85.7,86.5,85.4,86.3,4242969,365393866,2615,0.6
20150127,86.5,87.2,86.1,86.6,3793378,328222856,2289,0.3
20150128,86.4,86.5,86.0,86.5,2514909,217196030,1573,-0.1
20150129,86.0,86.3,85.0,86.0,2589594,221767683,1555,-0.5
20150130,86.1,86.4,85.6,85.9,2864727,246131246,1713,-0.1
20150202,86.0,86.3,85.2,85.2,2803068,240195568,1668,-0.7
20150203,85.2,85.2,83.9,84.0,6214614,524208776,3706,-1.2
20150204,84.2,84.7,83.5,83.6,4767175,400681691,2921,-0.4
20150205,83.7,84.3,83.2,84.3,3190052,266734637,1951,0.7
20150206,84.3,84.3,82.8,82.9,4588091,381644513,2884,-1.4
20150209,82.8,82.8,81.2,81.5,5313995,434151366,3347,-1.4
20150210,81.8,82.0,81.2,81.7,2723702,222269417,1771,0.2
20150211,81.8,82.0,79.8,80.0,6200427,500021248,3678,-1.7
20150212,80.0,80.5,78.5,80.5,6149667,489065270,4025,0.5
20150213,80.5,81.2,80.3,80.4,3904996,315205821,2833,-0.1
20150224,81.1,81.8,80.1,80.1,3774480,305584869,2426,-0.3
20150225,80.1,80.6,79.8,80.5,2948451,236343170,2098,0.4
20150226,80.5,81.0,79.8,80.8,3023264,243466882,1902,0.3
20150302,80.9,81.0,78.9,79.0,4236649,337753038,2560,-1.8
20150303,79.0,79.3,77.7,78.4,5228077,409262620,3241,-0.6
20150304,78.3,80.3,78.3,79.2,6463587,512827152,3732,0.8
20150305,79.3,81.2,78.6,80.6,6485487,520276821,4221,1.4
20150306,80.7,81.9,79.8,81.5,5889389,477973878,3673,0.9
20150309,81.1,81.1,80.5,80.6,2238353,180712533,1248,-0.9
20150310,80.5,80.7,79.4,79.7,3429623,274274809,2279,-0.9
20150311,79.5,80.8,79.1,80.0,5533183,442825440,3340,0.3
20150312,80.0,81.1,79.8,80.3,5565163,447760425,3037,0.3
20150313,80.4,80.8,79.7,79.7,3461887,277159038,2170,-0.6
20150316,79.7,80.0,79.2,79.2,2248132,178563729,1547,-0.5
20150317,79.5,81.4,79.5,80.0,4370857,351072359,2465,0.8
20150318,80.0,80.4,79.7,80.1,3517588,281486492,2281,0.1
20150319,80.2,81.9,80.1,81.1,7513753,609532259,4333,1.0
20150320,81.3,84.0,81.3,83.7,13547845,1118965087,6467,2.6
20150323,83.9,85.2,83.7,84.0,10441637,882278862,5183,0.3
20150324,84.0,84.0,83.0,83.3,4938105,411723115,2680,-0.7
20150325,83.3,83.6,82.3,82.5,4294350,355412143,2336,-0.8
20150326,82.0,83.6,81.6,83.5,5802334,481530863,2567,1.0
20150327,83.5,83.6,82.1,82.2,5878939,486588663,2625,-1.3
20150330,83.5,85.4,83.2,83.5,14151464,1189246406,6229,1.3
20150331,83.9,84.9,82.9,84.0,11775701,987456660,5331,0.5
20150401,84.5,85.0,84.1,84.5,7699077,650586748,4414,0.5
20150402,84.7,86.4,84.7,86.1,15901475,1364048676,7049,1.6
20150407,86.5,88.5,86.3,88.2,14343276,1258335388,7087,2.1
20150408,88.8,88.9,87.2,87.8,7870795,690936731,4149,-0.4
20150409,88.0,88.5,86.9,87.5,6721088,589546962,3613,-0.3
20150410,87.9,88.5,87.5,88.0,6871753,604221997,3434,0.5
20150413,88.0,88.0,86.0,87.0,5883153,511279650,3499,-1.0
20150414,87.0,87.9,87.0,87.2,4687159,409346733,2646,0.2
20150415,87.2,87.5,86.2,86.2,7369278,639640035,3481,-1.0
20150416,86.7,88.0,86.7,87.8,6429519,562845286,3796,1.6
20150417,87.8,87.9,87.1,87.5,3314266,290075359,2051,-0.3
20150420,87.5,87.5,86.5,87.0,3020817,262342532,1811,-0.5
20150421,87.2,88.5,86.7,87.1,7082596,620911652,3670,0.1
20150422,87.1,87.9,86.2,87.8,5153451,450071062,2763,0.7
20150423,88.0,88.5,87.0,87.9,8283275,728846575,4392,0.1
20150424,88.2,89.8,87.9,88.2,10862719,965161082,5761,0.3
20150427,88.5,90.0,88.4,89.9,10000763,895736686,5633,1.7
20150428,89.9,90.1,89.2,90.0,8215089,737211892,4393,0.1
20150429,89.9,89.9,87.0,87.4,9097958,802115150,5132,-2.6
20150430,87.7,88.1,87.5,87.5,4086551,358872515,2172,0.1
20150504,87.7,88.0,86.5,87.0,4018754,351307887,2203,-0.5
20150505,87.0,87.3,86.2,87.1,3245261,281938707,1841,0.1
20150506,86.8,87.9,86.3,87.2,4085658,355659843,2165,0.1
20150507,87.2,88.6,86.8,88.4,4762961,418972668,2852,1.2
20150508,88.4,88.8,88.1,88.7,4726662,418388852,2620,0.3
20150511,90.0,92.3,90.0,91.1,15549329,1415514463,8429,2.4
20150512,91.1,91.1,89.0,90.4,7476626,674195840,4469,-0.7
20150513,90.5,94.5,90.5,93.9,20179175,1874955194,10817,3.5
20150514,93.9,94.6,93.0,93.9,15760931,1480272833,8062,0.0
20150515,94.5,94.9,92.4,92.6,13283739,1243140984,6203,-1.3
20150518,94.0,97.0,93.8,96.7,21182899,2025640238,11225,4.1
20150519,97.5,99.8,97.1,99.4,20359234,2016396866,10706,2.7
20150520,99.4,99.5,98.2,98.6,10365711,1024891896,6549,-0.8
20150521,98.1,101.0,97.3,98.5,13865219,1379846988,7806,-0.1
20150522,98.5,102.0,98.5,101.0,15203745,1537130359,8500,2.5
20150525,101.5,108.0,101.0,107.0,24884356,2623694663,12498,6.0
20150526,107.0,108.0,105.0,106.0,14453934,1536522570,7761,-1.0
20150527,105.0,107.5,103.5,107.5,12766226,1351013682,7230,1.5
20150528,108.5,110.5,107.0,108.0,15864731,1726222389,8339,0.5
20150529,108.5,109.0,107.0,108.0,10491379,1136750607,5166,0.0
20150601,107.5,107.5,105.0,106.5,6909288,733308609,4270,-1.5
20150602,106.5,114.0,106.0,110.0,18190361,2018756372,9285,3.5
20150603,111.0,114.0,111.0,113.0,13628980,1534614522,7837,3.0
20150604,112.0,113.0,103.5,104.5,20767652,2241997064,9505,-8.5
20150605,104.5,107.5,102.0,107.5,14085236,1482069284,7227,3.0
20150608,107.5,111.0,104.0,109.0,12037113,1297153317,6104,1.5
20150609,109.0,110.0,103.5,104.0,10999171,1171456784,5750,-5.0
20150610,106.5,108.5,105.5,105.5,7902002,842899156,4773,1.5
20150611,105.0,106.5,102.5,104.5,10651983,1113021677,5577,-1.0
20150612,104.5,105.5,103.0,104.0,6275827,654500008,3360,-0.5
20150615,104.5,108.0,104.0,106.0,8538039,907025634,4586,2.0
20150616,105.5,106.0,103.0,103.0,6580279,683201237,3616,-3.0
20150617,104.0,107.0,103.0,104.5,6959458,731452632,3955,1.5
20150618,105.5,107.0,104.0,107.0,6405474,678187932,3753,2.5
20150622,109.5,111.0,109.0,109.5,10460746,1150875814,5772,2.5
20150623,111.5,112.5,109.0,109.0,7516282,831413738,3939,-0.5
20150624,109.0,110.5,109.0,109.5,4276034,468565206,2278,0.5
20150625,111.0,113.5,110.0,110.0,14171819,1583931590,6737,0.5
20150626,112.0,112.5,110.0,110.5,6493047,720503170,3386,0.5
20150629,108.0,108.5,106.0,108.5,8929243,956533845,4676,-2.0
20150630,108.5,112.0,107.5,112.0,9764208,1077961733,4984,3.5
20150701,112.5,120.0,111.5,118.5,25200424,2956845645,13331,6.5
20150702,119.0,119.5,117.0,118.0,11065261,1308928085,6638,-0.5
20150703,118.0,118.5,115.5,118.5,7720587,903704946,4529,0.5
20150706,117.5,121.5,116.5,117.0,9654572,1148042924,5212,-1.5
20150707,118.5,119.5,115.0,117.5,6837598,802374209,3935,0.5
20150708,117.5,117.5,106.0,107.0,18614023,2040605461,9405,-10.5
20150709,103.5,110.0,100.0,110.0,17083820,1798274700,8674,3.0
20150713,104.0,107.0,103.0,106.0,15854412,1669909172,8531,-4.0
20150714,107.5,110.5,107.5,107.5,14413084,1572217992,7450,1.5
20150715,109.5,110.0,108.0,109.5,7237272,789630239,4016,2.0
20150716,109.0,111.5,107.0,110.5,8165563,893557667,4499,1.0
20150717,110.0,110.5,108.0,108.0,4354428,476022493,2487,-2.5
20150720,109.5,110.0,102.5,104.5,10195905,1075248620,5431,-3.5
20150721,105.5,107.0,104.0,107.0,5628469,596679183,3167,2.5
20150722,103.5,104.0,101.0,101.5,13503868,1379917066,7553,-5.5
20150723,100.0,102.0,94.4,97.1,16354356,1602884271,8471,-4.4
20150724,96.0,99.0,96.0,97.1,9372978,913896429,5742,0.0
20150727,96.8,97.8,92.8,93.0,7284929,693833766,4246,-4.1
20150728,93.0,96.9,91.3,96.3,8227875,780046737,4974,3.3
20150729,96.3,96.3,92.8,96.1,7983579,756137919,4645,-0.2
20150730,96.0,97.7,94.1,94.4,5530475,530447227,3639,-1.7
20150731,94.6,96.2,94.2,96.0,6093926,580973384,3252,1.6
20150803,94.6,95.0,93.0,93.0,5222867,489336531,3628,-3.0
20150804,94.3,94.4,84.9,88.8,10679965,954079285,5878,-4.2
20150805,89.8,93.0,89.0,93.0,8941710,813078730,5289,4.2
20150806,94.5,96.2,94.1,94.9,12279892,1164003527,5804,1.9
20150807,94.4,96.0,94.0,94.5,5264800,499240992,3198,-0.4
20150810,95.9,98.0,94.9,97.7,6624941,640667613,4156,3.2
20150811,100.0,102.0,96.2,96.3,10092112,1000736166,6038,-1.4
20150812,96.3,96.4,93.5,93.9,5839180,552072286,3387,-2.4
20150813,96.0,102.5,96.0,101.5,16600426,1662678326,9590,7.6
20150814,100.5,102.0,99.0,101.0,5619775,564589766,3315,-0.5
20150817,100.5,101.0,99.2,99.5,2966233,296016167,2135,-1.5
20150818,100.5,102.5,100.0,102.0,6944773,705222424,4233,2.5
20150819,101.0,101.0,98.6,101.0,8164007,815311786,4839,-1.0
20150820,100.0,101.0,96.6,98.7,7250411,719067805,4678,-2.3
20150821,96.5,97.3,92.8,93.0,8542396,806806019,5422,-5.7
20150824,88.5,89.7,83.7,84.7,15219385,1296651467,8017,-8.3
20150825,82.7,89.9,82.7,89.0,8748150,769309350,5728,4.3
20150826,88.0,92.5,86.1,91.2,11874952,1068382632,6381,2.2
20150827,91.7,91.7,88.7,90.0,11655052,1054152180,6056,0.0
20150828,91.6,93.6,91.6,92.0,8504809,788909428,5328,2.0
20150831,92.1,92.2,90.6,91.5,6478493,590998599,3484,-0.5
20150901,91.7,93.6,91.5,92.3,5294614,489994852,3442,0.8
20150902,91.9,93.8,90.9,93.2,6033657,559993744,4084,0.9
20150903,93.6,94.4,91.7,91.7,6675234,616246536,4084,-1.5
20150904,91.8,92.0,89.0,89.2,5739670,519161747,3811,-2.5
20150907,90.5,91.9,89.7,90.1,5076431,459579014,3057,0.9
20150908,91.0,91.4,90.0,90.1,3062773,277397930,1976,0.0
20150909,92.4,97.4,92.4,96.6,14092564,1338303374,7658,6.5
20150910,95.5,96.2,93.8,96.2,7404072,702278012,4189,-0.4
20150911,96.2,97.7,95.5,95.9,8050476,777868624,4567,-0.3
20150914,97.4,97.4,95.2,95.5,5776683,554628212,3386,-0.4
20150915,96.0,96.4,94.1,94.2,3624622,343617272,2479,-1.3
20150916,95.0,95.8,94.2,95.0,3210671,304506945,2192,0.8
20150917,96.0,97.6,95.9,96.8,5941370,575374622,3907,1.8
20150918,96.7,97.5,96.3,96.3,4806905,464786225,2457,-0.5
20150921,94.7,94.9,92.7,93.6,6145424,575413056,4184,-2.7
20150922,94.4,94.5,92.6,94.1,4710531,440647942,3343,0.5
20150923,93.1,93.5,92.3,92.4,4936006,458724842,3340,-1.7
20150924,93.1,93.6,90.5,90.6,5730772,522485384,3775,-1.8
20150925,91.6,91.6,89.8,90.6,4274834,387250994,2360,0.0
20150930,90.0,94.2,90.0,94.2,8694359,804471194,5763,3.6
20151001,95.0,95.2,93.1,94.4,6059074,572457756,3982,0.2
20151002,94.0,94.6,93.1,94.0,3658668,343503493,2740,-0.4
20151005,94.6,94.6,93.3,93.5,3833857,359762421,2538,-0.5
20151006,94.7,97.3,94.7,95.7,10065605,968104655,5550,2.2
20151007,95.7,98.3,95.0,97.2,11347034,1100144598,5394,1.5
20151008,97.3,97.8,95.7,96.6,7444577,720101216,4049,-0.6
20151012,96.0,96.0,92.0,93.0,14647552,1362158928,7923,-3.6
20151013,93.0,94.0,91.8,92.3,8223999,759630091,5024,-0.7
20151014,92.4,92.4,91.1,91.2,6184250,565264064,4157,-1.1
20151015,92.0,92.5,91.5,91.5,6283876,577767643,3762,0.3
20151016,92.2,93.1,91.5,92.5,5054483,466549050,3242,1.0
20151019,92.2,92.3,89.5,89.5,10348148,932633793,6719,-3.0
20151020,89.6,89.8,87.3,87.7,12299828,1081558264,7613,-1.8
20151021,88.6,88.9,88.1,88.4,5187168,458812580,3490,0.7
20151022,88.4,89.0,88.1,88.3,3385869,299522287,2363,-0.1
20151023,89.5,89.9,87.9,87.9,6734400,598472251,4272,-0.4
20151026,89.0,90.0,89.0,89.9,8232476,736791540,5465,2.0
20151027,89.0,89.6,88.3,88.4,5988776,531091027,4339,-1.5
20151028,89.1,89.2,87.6,87.8,5073963,446813106,3299,-0.6
20151029,88.5,88.6,85.1,85.3,11055085,949790847,7280,-2.5
20151030,86.5,86.5,84.2,85.4,9329443,792539698,6224,0.1
20151102,85.9,87.0,84.6,86.0,4666481,401503638,3283,0.6
20151103,86.3,87.2,86.1,86.2,7193299,622733435,4655,0.2
20151104,86.8,87.2,86.0,86.4,9115141,787846776,5368,0.2
20151105,86.7,88.4,86.5,87.5,8008418,702400934,4828,1.1
20151106,87.6,88.0,86.0,86.0,8105580,701387855,4756,-1.5
20151109,86.0,86.9,85.0,85.2,5630362,481802262,3757,-0.8
20151110,84.8,84.9,83.2,84.0,8195891,689676261,4715,-1.2
20151111,80.0,81.0,77.7,78.6,24181321,1910803774,12767,-5.4
20151112,79.4,79.8,77.5,78.7,10988191,860294369,6427,0.1
20151113,77.7,79.2,77.6,78.2,5141406,402261225,3329,-0.5
20151116,76.5,78.1,76.3,76.6,8528670,655584827,4890,-1.6
20151117,77.7,78.1,77.0,77.0,10550110,816588800,6296,0.4
20151118,77.0,77.2,74.4,74.7,13288287,1000220325,8132,-2.3
20151119,75.6,76.3,74.7,75.1,13477081,1017157398,7614,0.4
20151120,75.1,75.7,74.5,75.2,11176829,837735954,7168,0.1
20151123,75.8,76.9,75.4,76.3,8312892,633972581,5110,1.1
20151124,76.3,76.3,74.6,74.6,8209349,618517575,5226,-1.7
20151125,74.6,74.9,72.0,72.5,21397676,1561451548,11200,-2.1
20151126,72.9,74.3,72.2,74.3,10127755,741305033,6507,1.8
20151127,74.5,75.0,74.0,75.0,7351725,547449875,4126,0.7
20151130,73.6,73.8,72.8,73.2,8478111,621320991,3802,-1.8
20151201,73.3,74.1,72.6,73.7,10568979,776058246,5809,0.5
20151202,73.6,74.8,73.5,73.5,10062241,745018082,5469,-0.2
20151203,73.1,73.6,72.9,73.0,6705463,490638614,4444,-0.5
20151204,72.7,72.9,71.8,72.9,7470778,540809925,4489,-0.1
20151207,73.6,74.1,73.2,73.2,5299649,390688386,3147,0.3
20151208,73.2,73.5,72.0,72.1,5730970,415169008,3427,-1.1
20151209,71.7,71.8,70.6,70.6,10249373,727334183,5986,-1.5
20151210,70.0,70.8,69.6,69.7,11063850,774240256,6884,-0.9
20151211,69.6,71.2,69.1,69.2,9459733,663246855,5359,-0.5
20151214,68.6,68.8,67.2,67.3,9950113,673994431,5797,-1.9
20151215,67.3,68.0,66.3,66.5,13792993,921679031,7796,-0.8
20151216,67.4,67.9,66.6,67.6,8652818,582074924,4606,1.1
20151217,68.3,71.8,68.1,71.7,14538461,1023812819,8624,4.1
20151218,70.1,70.8,69.8,69.8,8687607,610085413,4834,-1.9
20151221,68.5,70.5,68.5,70.1,5002878,349596689,2695,0.3
20151222,71.0,71.5,70.1,70.1,4197602,296426128,2726,0.0
20151223,70.2,71.1,70.1,70.2,4214212,297044837,2716,0.1
20151224,71.2,71.3,70.5,70.5,4225510,299592891,2570,0.3
20151225,71.0,71.2,70.2,71.2,2943737,208441308,1849,0.7
20151228,71.6,72.2,71.2,71.3,6441000,461867881,3950,0.1
20151229,71.3,71.3,70.2,70.2,4113964,289886154,2649,-1.1
20151230,70.6,70.7,69.2,69.4,4929164,343560908,3164,-0.8
20151231,69.4,69.9,68.8,69.6,2694701,187237070,1692,0.2
20160104,69.5,69.7,68.0,68.0,6431043,439756914,4566,-1.6
20160105,67.8,68.0,67.0,67.0,7511534,505742734,4952,-1.0
20160106,66.5,66.6,63.6,64.1,18333667,1186633755,10941,-2.9
20160107,63.5,64.9,63.0,64.0,10559183,671360883,6079,-0.1
20160108,63.2,64.2,63.2,63.8,7426965,473469430,4124,-0.2
20160111,62.6,62.7,61.0,61.0,9122650,562202650,5389,-2.8
20160112,61.5,62.2,59.6,59.7,12637188,766987767,6578,-1.3
20160113,60.5,61.4,58.6,59.4,14629919,876015629,8095,-0.3
20160114,58.4,58.9,57.2,58.5,12081039,702745280,6216,-0.9
20160115,59.8,60.0,58.5,58.7,6752302,399435388,3863,0.2
20160118,57.9,61.6,57.5,61.5,8432596,506739819,5521,2.8
20160119,61.5,62.8,61.0,62.6,6909695,428901685,4329,1.1
20160120,62.4,62.5,60.0,60.0,6539384,398714736,3951,-2.6
20160121,60.3,60.9,59.7,60.0,7365943,443189647,4204,0.0
20160122,60.7,61.3,60.3,60.8,4136427,251260047,2474,0.8
20160125,62.0,62.6,61.6,62.0,5838741,362722751,3239,1.2
20160126,61.3,61.6,61.1,61.1,3454886,211835994,2201,-0.9
20160127,61.9,61.9,60.9,61.5,4360634,267105281,2329,0.4
20160128,60.3,61.5,60.3,60.8,5076849,309051889,2617,-0.7
20160129,60.9,64.5,60.9,63.8,13108113,830645132,7189,3.0
20160130,65.2,65.3,64.5,64.7,5122300,332198000,3058,0.9
20160201,64.6,65.2,64.2,64.7,4730854,306006107,2854,0.0
20160202,64.7,64.7,63.6,64.5,4804152,309313716,2665,-0.2
20160203,64.4,64.6,63.5,63.9,5312017,340078290,3081,-0.6
20160215,62.5,63.0,62.5,62.5,5175586,324694743,3058,-1.4
20160216,63.1,64.5,62.8,64.3,4695084,300385385,2904,1.8
20160217,65.0,65.0,64.1,64.2,4283241,276045235,2736,-0.1
20160218,64.6,65.4,64.6,64.9,5583767,362604064,2918,0.7
20160219,64.4,64.6,63.5,63.8,6127101,391382204,3802,-1.1
20160222,64.3,65.3,63.8,65.0,4801235,311270875,2905,1.2
20160223,65.8,66.2,65.5,66.0,6195379,408604314,3799,1.0
20160224,65.5,65.8,65.0,65.2,4799098,313082983,2896,-0.8
20160225,65.4,66.6,65.3,65.4,7839913,516687385,4592,0.2
20160226,65.4,65.7,65.0,65.5,4847726,316998646,2302,0.1
20160301,66.1,66.5,65.7,66.2,5729704,379325153,3280,0.7
20160302,67.3,69.5,67.2,69.3,15702590,1076964648,8842,3.1
20160303,70.7,71.7,70.6,71.0,24436162,1737919681,12891,1.7
20160304,71.5,72.0,70.6,71.7,14425260,1032668139,7947,0.7
20160307,72.0,72.3,70.5,70.6,9407456,669781986,5583,-1.1
20160308,71.0,72.2,70.1,72.2,8263934,589401711,4911,1.6
20160309,72.1,72.1,71.1,71.8,6344507,454241285,3902,-0.4
20160310,71.8,72.0,71.2,71.5,4687587,335375573,2523,-0.3
20160311,71.2,71.4,70.6,71.0,5308417,376648972,3099,-0.5
20160314,72.0,72.5,71.4,72.5,8270475,595065421,4298,1.5
20160315,72.7,72.8,70.7,70.9,9180983,657140293,5000,-1.6
20160316,71.5,72.7,71.2,72.3,7811840,563838502,4553,1.4
20160317,73.3,73.7,72.1,72.4,9651194,703580325,5311,0.1
20160318,72.7,73.3,72.6,73.0,7363760,537197580,3854,0.6
20160321,73.5,73.6,72.3,72.8,4202392,306162013,2538,-0.2
20160322,72.7,72.7,71.0,71.8,5928723,424451461,3599,-1.0
20160323,72.0,72.4,70.8,71.4,5537540,395131539,3308,-0.4
20160324,71.1,71.9,70.6,71.9,4877750,347582909,2687,0.5
20160325,72.0,72.0,71.1,71.1,1969616,140520238,1309,-0.8
20160328,71.5,72.0,71.1,71.2,3683194,263757301,2077,0.1
20160329,71.4,71.8,69.8,69.8,6604155,464337550,3659,-1.4
20160330,0.0,0.0,0.0,0.0,0,0,0,0.0
20160331,73.8,73.9,71.4,72.2,17073953,1236054383,8611,0.0
20160401,72.4,72.4,71.6,72.4,6423107,463393042,3464,0.2
20160406,71.9,72.4,71.1,72.4,6874179,492789187,3823,0.0
20160407,72.4,72.5,70.8,70.9,5014705,358030912,3335,-1.5
20160408,70.9,71.5,70.4,71.1,3350821,238343991,2410,0.2
20160411,71.0,71.9,70.6,71.6,3532014,252401592,2316,0.5
20160412,71.5,72.3,71.2,71.8,4162128,298713578,2400,0.2
20160413,72.0,72.6,71.9,72.4,6512632,471161374,3803,0.6
20160414,73.0,73.2,72.6,72.8,6374654,464251429,3520,0.4
20160415,72.9,73.0,72.0,72.8,3317611,241213902,2031,0.0
20160418,72.8,72.9,72.2,72.5,2381995,172642327,1692,-0.3
20160419,72.1,72.9,70.6,70.6,6625324,471393484,3727,-1.9
20160420,70.5,71.0,68.6,68.8,8014365,556060044,4658,-1.8
20160421,69.8,70.4,69.0,70.1,3477924,242913680,2357,1.3
20160422,70.1,70.5,69.0,69.7,2934330,204281588,2119,-0.4
20160425,69.6,70.1,69.2,69.7,1472678,102556212,990,0.0
20160426,69.5,70.0,69.2,69.3,2009617,139823838,1478,-0.4
20160427,69.0,69.6,68.5,69.2,3945736,271967384,2335,-0.1
20160428,69.0,69.3,67.2,68.0,5095843,346628924,3264,-1.2
20160429,67.0,67.6,66.5,66.6,5159284,344485926,3043,-1.4
20160503,66.6,67.3,66.1,66.8,3026688,202279575,2063,0.2
20160504,66.8,67.2,66.2,66.8,3606732,240677783,2314,0.0
20160505,66.5,66.7,64.3,64.5,4945724,320989200,3137,-2.3
20160506,63.6,64.0,62.6,62.8,5361027,337972701,3417,-1.7
20160509,63.0,64.5,63.0,64.3,3265129,208694579,2356,1.5
20160510,64.0,65.8,63.4,64.9,3697136,239273660,2496,0.6
20160511,65.6,66.0,65.0,65.6,4418346,289169232,2803,0.7
20160512,65.5,65.8,64.4,64.6,2824366,182868429,1850,-1.0
20160513,65.7,66.2,64.4,65.6,6706353,439689247,4276,1.0
20160516,65.6,67.2,65.5,67.1,4670217,311250039,2894,1.5
20160517,67.7,69.5,67.2,69.4,5595460,383634859,3360,2.3
20160518,69.3,71.2,68.5,71.2,7367058,518039905,4613,1.8
20160519,71.6,71.7,70.0,70.8,5482261,388280213,3539,-0.4
20160520,71.4,71.4,70.3,70.7,4144289,293762591,2962,-0.1
20160523,71.0,73.4,70.8,71.9,7883331,569065176,4851,1.2
20160524,72.4,72.5,71.9,72.4,6596860,477315120,4449,0.5
20160525,73.0,73.9,72.6,72.9,8163345,599179096,4899,0.5
20160526,73.3,73.3,72.3,72.7,3001063,218221451,2035,-0.2
20160527,73.2,73.5,72.6,73.1,3704717,270512983,2268,0.4
20160530,73.5,73.5,73.1,73.4,3456198,253572170,2161,0.3
20160531,73.8,74.5,73.7,74.5,12834323,953040706,4699,1.1
20160601,74.5,74.8,74.2,74.5,3348338,249297293,2226,0.0
20160602,74.7,74.8,73.5,73.8,4169452,308733755,2627,-0.7
20160603,74.0,74.7,73.7,74.5,3716947,276518261,2572,0.7
20160604,74.5,74.6,74.0,74.4,893329,66429146,578,-0.1
20160606,74.4,75.0,73.3,74.4,3202129,237482818,2134,0.0
20160607,74.5,75.0,74.2,75.0,6355871,475252062,3866,0.6
20160608,75.0,75.7,74.9,75.1,6218475,468207125,3814,0.1
20160613,74.8,75.0,73.5,73.8,5671040,420733633,2955,-1.3
20160614,73.8,75.5,73.8,75.4,5601624,419872344,3440,1.6
20160615,75.0,76.1,74.7,76.1,5238484,395398116,3767,0.7
20160616,75.4,75.7,74.7,74.9,3562477,267615863,2219,-1.2
20160617,75.4,75.5,73.4,73.5,4507226,334133901,2746,-1.4
20160620,74.1,74.4,73.8,74.2,2584196,191606504,1630,0.7
20160621,74.3,74.5,73.1,73.8,3661782,270417588,2620,-0.4
20160622,73.9,75.0,73.8,75.0,4179893,311967790,2859,1.2
20160623,75.2,75.8,74.8,75.4,4825039,363191925,3234,0.4
20160624,76.0,76.0,72.8,73.0,5809236,428713754,3362,-2.4
20160627,72.5,73.6,72.3,72.8,2329874,170082907,1408,-0.2
20160628,72.8,73.5,72.1,72.9,2459764,178714884,1874,0.1
20160629,73.8,73.8,73.0,73.4,1949460,143284247,1244,0.5
20160630,74.2,75.4,73.7,75.4,5379553,402909416,3253,2.0
20160701,75.5,75.6,75.0,75.0,2858439,214932225,2021,-0.4
20160704,75.0,75.4,74.5,75.0,2493285,186799177,1915,0.0
20160705,74.7,74.9,74.0,74.2,1423944,105826528,1125,-0.8
20160706,73.8,73.8,73.0,73.0,3856319,282531208,2865,-1.2
20160707,73.4,73.7,73.4,73.4,957186,70349278,741,0.4
20160711,74.2,74.9,74.0,74.1,2641586,196629564,1827,0.7
20160712,74.1,75.5,74.1,75.5,4182402,313472450,2602,1.4
20160713,75.7,76.5,75.2,76.5,6532281,497231456,3690,1.0
20160714,76.7,76.7,76.0,76.5,2798526,213661569,1838,0.0
20160715,76.7,77.8,76.5,77.5,5130523,396956196,3382,1.0
20160718,78.0,78.4,77.3,78.4,3646598,284235278,2422,0.9
20160719,78.7,78.8,77.6,78.3,3880686,302971715,2361,-0.1
20160720,77.8,78.2,77.1,77.5,3899425,302029592,2777,-0.8
20160721,78.0,78.8,77.6,78.6,4751247,372952395,3258,1.1
20160722,78.6,78.6,78.0,78.4,2138295,167265467,1573,-0.2
20160725,78.8,78.9,76.8,77.6,2564915,198716131,1793,-0.8
20160726,77.3,78.3,77.1,78.0,2091044,162713399,1612,0.4
20160727,78.5,78.8,78.1,78.2,3688176,289381828,2437,0.2
20160728,78.3,78.8,77.7,78.8,3241180,254577318,2494,0.6
20160729,78.3,78.8,77.3,77.3,2700657,210174359,1582,-1.5
20160801,77.8,78.3,77.3,77.7,2465754,191982191,1842,0.4
20160802,77.9,77.9,77.5,77.6,1766856,137286838,1254,-0.1
20160803,76.5,78.3,76.5,78.0,2466458,191400956,1696,0.4
20160804,78.4,78.5,77.8,78.2,2007551,156782409,1402,0.2
20160805,78.5,78.5,77.2,78.0,2010042,156661553,1585,-0.2
20160808,78.4,78.8,77.8,78.8,3288790,257844201,2159,0.8
20160809,79.3,79.5,78.8,79.2,3651578,289105562,2223,0.4
20160810,79.4,79.5,78.7,79.5,2519384,199720795,1707,0.3
20160811,79.4,79.4,78.3,79.1,3903790,307738410,2581,-0.4
20160812,79.1,80.0,78.7,79.9,6165870,490299051,3835,0.8
20160815,80.2,84.4,79.4,84.3,11531409,951699130,6755,4.4
20160816,84.3,85.0,83.0,83.5,7565425,633658135,4836,-0.8
20160817,83.3,84.5,83.1,83.5,4918019,411243854,3426,0.0
20160818,84.3,85.0,83.9,84.3,4761825,401462700,2878,0.8
20160819,84.8,85.2,84.0,84.7,6971932,590640635,4216,0.4
20160822,85.0,85.0,82.6,84.4,4939815,414737902,3551,-0.3
20160823,84.6,84.8,83.8,84.2,2425628,204293952,1723,-0.2
20160824,84.7,87.4,84.6,86.7,9319452,806140772,5737,2.5
20160825,87.5,89.0,87.3,89.0,11650299,1026943080,6502,2.3
20160826,89.5,89.5,87.5,89.2,7196437,639754992,4454,0.2
20160829,89.5,90.4,88.5,89.7,6416922,573776500,4190,0.5
20160830,90.0,90.0,88.9,89.4,5734586,512645166,3984,-0.3
20160831,89.4,89.7,88.0,89.0,10760296,957419548,5071,-0.4
20160901,88.9,88.9,87.0,87.1,8913241,781531567,4509,-1.9
20160902,83.9,84.2,80.0,83.4,10642509,882108935,5712,0.0
20160905,84.9,85.9,84.6,85.0,4708882,400633557,2919,1.6
20160906,85.6,87.4,85.3,87.3,6294323,547006601,4007,2.3
20160907,87.1,87.4,86.2,86.6,4458895,387125198,2857,-0.7
20160908,87.2,87.2,86.2,86.6,3549729,307512947,2169,0.0
20160909,85.9,86.0,85.1,86.0,3260427,279067270,2235,-0.6
20160910,83.9,84.9,83.8,84.5,2072461,174818445,1336,-1.5
20160912,84.0,84.3,81.4,81.4,4323990,357804266,2679,-3.1
20160913,82.0,82.5,79.8,80.6,4834455,391015719,2988,-0.8
20160914,80.7,83.9,80.7,83.5,7256357,603233319,4425,2.9
20160919,86.5,89.4,86.3,89.2,13953341,1228569192,8595,5.7
20160920,88.9,89.6,87.8,89.5,7604884,677304176,5065,0.3
20160921,88.8,89.7,88.5,89.7,5015091,447561879,2981,0.2
20160922,90.4,92.5,89.4,89.7,10445274,951713666,6076,0.0
20160923,90.9,91.5,89.7,89.7,5272404,476194971,3199,0.0
20160926,89.0,89.4,88.4,88.8,2593699,230482505,1805,-0.9
20160929,90.3,91.6,90.3,91.6,10938140,997492040,6687,2.8
20160930,91.1,92.5,90.4,91.8,6788690,621912166,4241,0.2
20161003,92.9,93.1,91.0,91.2,4352951,400741121,2672,-0.6
20161004,91.5,93.0,91.2,93.0,7486087,693676290,5364,1.8
20161005,93.0,94.4,92.8,93.5,6707681,627335433,4491,0.5
20161006,93.7,93.7,92.4,93.4,3492015,324629195,2609,-0.1
20161007,93.9,93.9,92.2,92.6,2936946,272000994,1983,-0.8
20161011,93.9,94.3,91.9,93.7,6906405,644187218,4689,1.1
20161012,92.2,93.3,91.4,92.6,6267045,579224573,3388,-1.1
20161013,93.0,93.2,91.0,91.0,5378220,493034460,3398,-1.6
20161014,91.0,91.5,89.8,91.0,6244412,565967966,3240,0.0
20161017,91.0,92.0,90.2,92.0,3227937,294871915,2172,1.0
20161018,92.0,92.9,91.6,92.9,4690994,432984405,2833,0.9
20161019,93.0,95.5,92.9,95.5,14079879,1338921054,8398,2.6
20161020,95.7,96.5,95.0,95.5,4007122,383265490,2875,0.0
20161021,95.5,96.9,95.2,96.4,5487644,529214924,4202,0.9
20161024,95.2,95.9,94.9,94.9,3496252,333011592,2288,-1.5
20161025,95.0,95.8,94.6,94.8,2535389,240980837,1774,-0.1
20161026,94.5,94.5,93.0,93.1,5970285,557076413,3813,-1.7
20161027,93.0,93.8,91.9,92.1,4265797,394083238,2881,-1.0
20161028,92.1,92.1,89.8,91.5,6323438,573073370,3756,-0.6
20161031,90.5,92.0,89.9,91.6,3447107,313274046,2284,0.1
20161101,91.0,92.0,90.7,91.0,1746999,159455290,1298,-0.6
20161102,90.5,90.5,88.2,88.5,4657448,414473625,2893,-2.5
20161103,88.0,89.4,87.8,88.7,2760993,245089466,1885,0.2
20161104,88.7,91.0,88.2,90.2,3805407,342530930,2754,1.5
20161107,90.6,91.2,90.4,90.8,3225056,292878954,2068,0.6
20161108,91.5,92.0,90.5,91.9,3829642,349940850,2847,1.1
20161109,92.5,92.8,87.9,88.4,6277291,564579228,3914,-3.5
20161110,91.0,91.0,89.8,91.0,3382806,305754932,2456,2.6
20161111,88.5,88.5,83.5,83.7,9766119,833210643,6374,-7.3
20161114,83.8,84.6,80.7,81.3,5610894,460545854,3511,-2.4
20161115,80.9,83.0,80.9,81.3,4155242,340778816,3219,0.0
20161116,82.7,84.5,82.5,83.0,4570064,381376512,3399,1.7
20161117,83.2,84.3,82.0,83.0,3641719,301742526,2457,0.0
20161118,83.0,83.9,82.2,83.5,3076302,255607101,2384,0.5
20161121,84.5,84.5,82.5,83.0,2997111,249472913,2487,-0.5
20161122,83.0,84.4,83.0,83.6,3832630,321526896,2923,0.6
20161123,83.9,84.6,83.6,84.6,3775749,317926932,3083,1.0
20161124,84.5,84.5,83.1,83.3,2576546,215487049,1984,-1.3
20161125,83.0,83.5,81.6,81.8,4360214,358350480,3280,-1.5
20161128,82.8,83.2,81.8,82.2,3832778,316063301,2681,0.4
20161129,82.4,84.5,82.4,84.0,4655059,389192194,3277,1.8
20161130,84.0,84.7,82.0,83.6,10141576,845266812,4263,-0.4
20161201,83.4,83.5,82.2,82.3,6250359,515728123,4495,-1.3
20161202,82.4,82.8,81.8,82.8,3070486,253114415,2212,0.5
20161205,82.8,83.3,82.0,82.9,3018809,250022465,2390,0.1
20161206,83.3,83.5,82.5,82.7,3520670,292201580,2581,-0.2
20161207,83.3,83.7,83.0,83.6,3462597,288744362,2510,0.9
20161208,84.4,85.5,84.2,85.5,6671766,566824117,4374,1.9
20161209,86.0,86.2,85.0,86.0,5199411,445652442,3395,0.5
20161212,85.5,86.4,85.2,85.6,3391307,290699907,2346,-0.4
20161213,85.6,86.4,85.4,86.2,3294803,283589445,2359,0.6
20161214,87.0,87.1,86.0,86.7,4420372,382871309,2987,0.5
20161215,86.7,86.7,85.6,86.3,3373662,291030677,2169,-0.4
20161216,86.3,86.7,85.3,85.3,3384889,290610899,1912,-1.0
20161219,85.3,85.9,83.6,83.7,3017700,254072044,1907,-1.6
20161220,83.5,84.3,83.2,83.6,2365989,197613355,1870,-0.1
20161221,84.0,84.5,83.7,83.7,1435363,120471854,1064,0.1
20161222,83.7,83.9,83.0,83.0,1680420,139968328,1253,-0.7
20161223,82.8,83.3,82.6,82.7,1353510,112225861,1000,-0.3
20161226,83.3,83.3,82.7,83.0,778360,64613604,646,0.3
20161227,83.1,84.6,82.8,84.0,1737345,145974932,1274,1.0
20161228,84.4,85.4,84.4,85.0,2314494,196633725,1509,1.0
20161229,84.7,85.5,84.3,85.0,1769540,150530603,1233,0.0
20161230,85.4,85.8,84.9,85.3,1512870,129245993,1147,0.3
20170103,85.5,85.7,84.8,85.5,1153436,98496613,969,0.2
20170104,85.9,86.0,85.2,85.5,1897651,162597945,1475,0.0
20170105,85.3,85.8,84.8,85.3,2484307,212083227,1881,-0.2
20170106,85.1,85.8,85.0,85.0,2247201,191604285,1736,-0.3
20170109,85.8,85.8,85.4,85.6,1644830,140827404,1296,0.6
20170110,85.8,86.0,85.2,85.5,1406040,120370554,1008,-0.1
20170111,85.0,85.8,84.5,85.6,2776811,236970778,2192,0.1
20170112,85.3,85.5,84.0,84.8,3611723,306679016,2507,-0.8
20170113,85.0,85.5,84.7,85.4,1708398,145640430,1307,0.6
20170116,85.0,85.0,83.8,84.7,1193693,100622504,981,-0.7
20170117,84.7,85.5,84.3,85.5,1099357,93739345,902,0.8
20170118,85.5,86.6,85.2,85.7,3279895,282141327,1954,0.2
20170119,85.5,86.0,84.8,85.9,3629350,309345345,1619,0.2
20170120,85.2,85.6,84.6,84.6,1981875,168459401,1323,-1.3
20170123,85.3,88.2,85.2,87.2,7310045,635004261,4606,2.6
20170124,87.5,88.7,87.2,87.9,4346463,382652396,2795,0.7
20170202,89.4,89.9,88.1,88.6,7295327,649541176,4323,0.7
20170203,88.6,89.3,87.3,88.4,5229054,461423431,3388,-0.2
20170206,89.2,89.9,89.0,89.4,4410980,394394282,3115,1.0
20170207,89.5,89.9,88.9,89.8,2118636,189700501,1751,0.4
20170208,89.9,94.9,89.4,94.0,12624378,1169774830,8093,4.2
20170209,93.8,93.8,92.2,92.7,8464413,787044767,5258,-1.3
20170210,93.1,95.0,92.5,92.6,7658820,717005672,4958,-0.1
20170213,95.5,96.0,94.5,94.9,8581067,816668345,5379,2.3
20170214,94.9,97.8,94.9,96.1,11696892,1126489430,6843,1.2
20170215,97.0,97.6,96.5,97.1,7717829,749043460,4755,1.0
20170216,97.1,97.6,94.7,95.3,6013896,574926620,4482,-1.8
20170217,95.5,96.0,94.8,95.1,2071096,197692740,1481,-0.2
20170218,95.5,95.8,94.9,95.0,1119799,106492017,771,-0.1
20170220,95.4,96.7,95.0,95.8,3869629,371272670,2278,0.8
20170221,96.1,96.5,94.7,95.3,2329008,222026560,1611,-0.5
20170222,96.0,96.1,95.1,95.8,3105901,296933106,1986,0.5
20170223,95.8,95.9,92.8,92.9,9523101,895097316,5229,-2.9
20170224,92.6,92.7,90.7,91.7,7376573,676395895,4284,-1.2
20170301,91.7,94.0,91.6,93.1,6844800,637549700,4770,1.4
20170302,94.0,94.0,91.0,91.6,5414261,498120567,3840,-1.5
20170303,91.6,92.2,91.0,91.7,3019981,276831549,2331,0.1
20170306,91.7,93.0,91.6,92.9,3409045,316145645,2501,1.2
20170307,93.0,93.2,92.1,92.5,3374318,312743395,2181,-0.4
20170308,92.6,92.8,92.0,92.2,3640157,335939342,2577,-0.3
20170309,92.5,92.5,91.3,91.4,2902681,265863014,2090,-0.8
20170310,92.0,92.7,90.7,92.0,3738499,342738108,2462,0.6
20170313,92.0,93.0,91.2,91.8,2783344,256686915,1921,-0.2
20170314,92.4,93.4,91.9,93.1,4361816,405387193,2611,1.3
20170315,93.1,93.8,92.7,93.2,3035282,283188580,2107,0.1
20170316,93.8,94.4,92.7,92.9,4216789,394277674,2266,-0.3
20170317,93.5,94.2,93.0,94.0,4034312,378395544,2267,1.1
20170320,93.4,95.5,93.4,94.9,4663398,442046685,2539,0.9
20170321,95.4,95.9,95.0,95.0,4323694,412410955,2648,0.1
20170322,94.0,94.9,93.8,94.9,2276576,214980734,1479,-0.1
20170323,95.2,95.4,94.7,95.1,2530501,240379409,1382,0.2
20170324,95.1,95.1,93.8,93.8,2381215,224377900,1579,-1.3
20170327,93.1,94.3,92.6,93.3,1678104,156598867,1125,-0.5
20170328,93.9,94.4,93.2,94.0,2332625,218898220,1447,0.7
20170329,94.0,94.2,93.3,93.9,1607072,150644403,1132,-0.1
20170330,93.0,93.5,92.9,93.2,2480892,231291556,1702,-0.7
20170331,92.9,93.4,92.5,92.5,3161896,293539969,2089,-0.7
20170405,92.8,96.5,92.8,93.8,10389631,985359417,6445,1.3
20170406,93.6,93.8,92.0,92.0,6571973,607513476,4541,-1.8
20170407,91.8,92.7,90.6,91.0,5318629,485104677,3387,-1.0
20170410,91.0,91.7,91.0,91.5,1324915,121134003,1108,0.5
20170411,91.6,92.0,90.5,90.6,3945117,359414678,2912,-0.9
20170412,90.5,90.6,89.0,89.4,5427665,485483650,3494,-1.2
20170413,89.4,91.5,89.4,90.9,3374590,306268138,2217,1.5
20170414,90.9,90.9,89.5,90.0,2033830,183050000,1370,-0.9
20170417,90.0,90.5,89.0,89.3,3112758,278734673,1565,-0.7
20170418,89.6,90.0,89.0,89.2,3883126,336322079,1716,-0.1
20170419,88.6,88.7,87.2,87.5,5661434,496930122,3952,-1.7
20170420,87.3,89.4,87.0,88.9,7308748,647965075,4272,1.4
20170421,89.3,90.8,89.3,90.0,4872135,439254350,2897,1.1
20170424,90.4,90.8,88.6,89.0,3450345,307695700,2114,-1.0
20170425,89.3,89.8,89.0,89.8,5487948,490533813,3659,0.8
20170426,90.3,90.6,89.8,89.9,6930481,623617749,4149,0.1
20170427,90.3,91.5,90.1,91.4,4735359,431505420,3027,1.5
20170428,91.8,92.4,91.1,92.0,4124311,379221799,2662,0.6
20170502,92.5,94.0,91.5,91.7,8784903,810925769,5438,-0.3
20170503,92.0,92.9,91.9,92.0,3194908,294522539,2229,0.3
20170504,92.4,92.7,91.6,92.1,2153143,198050202,1845,0.1
20170505,91.5,91.7,91.1,91.3,3217346,294027737,2304,-0.8
20170508,91.9,92.1,90.6,90.8,2790670,254259718,2055,-0.5
20170509,91.4,93.6,90.9,92.5,8118960,751967120,5210,1.7
20170510,92.5,92.5,91.6,92.3,4034538,371205569,2464,-0.2
20170511,92.0,92.0,90.3,90.5,6998920,635376543,4051,-1.8
20170512,90.5,90.6,89.5,89.6,5128130,460549968,3180,-0.9
20170515,90.1,90.6,89.9,90.0,2476889,223294610,1543,0.4
20170516,90.3,90.3,88.8,89.4,3111544,277681301,2124,-0.6
20170517,88.9,89.0,88.0,88.3,5387866,475731728,3577,-1.1
20170518,87.5,88.0,86.9,87.6,3468207,303475571,2409,-0.7
20170519,87.6,88.5,87.5,87.5,4276216,375109108,2731,-0.1
20170522,87.6,87.6,87.0,87.0,5488520,478766027,3555,-0.5
20170523,87.0,88.1,87.0,87.2,4495644,393114839,3053,0.2
20170524,87.3,87.5,87.0,87.0,4951916,431365631,2979,-0.2
20170525,87.1,87.8,87.0,87.8,3408718,298349584,2540,0.8
20170526,87.8,87.8,87.0,87.0,5543282,482955604,3076,-0.8
20170531,86.1,86.7,85.2,85.2,9090441,779003302,5108,-1.8
20170601,85.5,86.7,85.5,86.0,3747756,322798560,2575,0.8
20170602,86.5,86.5,85.2,85.2,7643893,652828917,4628,-0.8
20170603,85.7,86.5,85.4,86.1,2307328,198769389,1512,0.9
20170605,86.3,87.7,86.3,87.1,6627721,577920212,3786,1.0
20170606,87.1,87.8,86.7,87.5,5083748,444326529,3305,0.4
20170607,87.1,87.5,87.1,87.3,3853440,336263884,2758,-0.2
20170608,87.1,87.2,86.5,86.6,6644713,576971931,4221,-0.7
20170609,86.4,87.0,86.2,86.2,5595773,484216055,3716,-0.4
20170612,85.2,85.8,85.1,85.3,6115700,521872242,4165,-0.9
20170613,85.4,85.8,85.2,85.2,3017719,257738287,2369,-0.1
20170614,85.2,85.5,83.8,84.3,7349773,620032381,4482,-0.9
20170615,83.5,83.9,83.0,83.1,7733702,643500703,4759,-1.2
20170616,83.0,84.9,83.0,84.6,6831640,573567049,4047,1.5
20170619,86.1,90.3,86.0,89.7,27464070,2447681020,15923,5.1
20170620,90.2,91.8,88.8,89.9,20705896,1863869540,12212,0.2
20170621,89.8,90.3,88.8,89.5,8315950,743567704,5015,-0.4
20170622,90.5,90.9,89.2,89.4,6296936,566480852,4058,-0.1
20170623,90.3,91.6,89.6,89.6,12181398,1103185565,6707,0.2
20170626,90.1,92.4,89.8,92.2,18986179,1738983700,10491,2.6
20170627,93.5,95.9,93.5,95.1,28363833,2694155602,16414,2.9
20170628,95.5,95.5,93.5,93.6,14937961,1406892307,8397,-1.5
20170629,94.5,94.7,92.5,92.8,10151415,949141763,5672,-0.8
20170630,92.0,92.0,91.0,91.8,8728904,798998235,5186,-1.0
20170703,92.0,92.5,91.8,92.1,5205684,479419028,2909,0.3
20170704,92.2,92.5,91.5,91.5,4366989,401276972,3406,-0.6
20170705,91.5,92.0,90.5,92.0,6198684,566717328,3892,0.5
20170706,92.0,92.1,91.0,91.0,5977817,544875499,3249,-1.0
20170707,90.5,91.0,90.3,90.6,4505216,408206092,2615,-0.4
20170710,90.7,91.6,90.7,91.3,5072386,462381226,3315,0.7
20170711,95.5,95.5,94.1,94.8,26245878,2492513726,13220,3.5
20170712,95.5,96.0,95.2,95.5,24604438,2350720137,11592,0.7
20170713,92.6,93.4,92.3,92.5,17030634,1579707208,9787,0.0
20170714,92.9,92.9,92.0,92.0,6821184,629154228,3888,-0.5
20170717,92.1,92.5,91.0,91.0,7180579,656316616,4724,-1.0
20170718,91.4,91.9,91.0,91.8,4526477,413477259,2771,0.8
20170719,92.3,92.5,91.3,91.3,5274506,484921263,3159,-0.5
20170720,91.8,92.2,91.5,91.7,3450886,316938225,2450,0.4
20170721,91.6,91.7,91.0,91.1,4043780,369184813,2666,-0.6
20170724,91.0,91.4,90.5,91.3,2904954,264295784,2183,0.2
20170725,91.5,92.2,90.9,91.9,4606532,422294154,3111,0.6
20170726,92.2,92.2,91.0,91.0,3943721,360307811,2504,-0.9
20170727,91.8,92.3,91.4,91.9,5528964,508691970,3548,0.9
20170728,92.0,92.0,91.1,91.3,2951228,269946593,1956,-0.6
20170731,91.3,91.5,90.5,90.8,3890602,353346008,1974,-0.5
20170801,91.0,91.7,90.9,91.1,2847428,259776461,1899,0.3
20170802,91.9,93.5,91.9,93.1,15480585,1439883993,8397,2.0
20170803,93.9,95.5,93.3,94.5,24548504,2317264101,13133,1.4
20170804,94.5,94.5,93.0,93.8,7034228,660395848,4861,-0.7
20170807,94.4,99.0,94.3,98.0,27574697,2672086596,14471,4.2
20170808,101.0,102.0,98.3,98.5,33071451,3313007902,15956,0.5
20170809,97.8,98.9,95.7,96.5,13826077,1342319701,7708,-2.0
20170810,97.4,98.0,94.6,95.0,13906338,1330030410,8219,-1.5
20170811,93.6,96.3,93.6,95.8,9508431,905432033,5728,0.8
20170814,96.8,96.8,93.1,93.2,10240091,971042064,5766,-2.6
20170815,94.7,95.3,93.6,94.0,7921674,746746256,4697,0.8
20170816,94.1,95.0,93.8,94.2,5038615,475470603,3340,0.2
20170817,94.9,96.5,94.6,95.6,5814760,556596561,3415,1.4
20170818,94.7,94.8,94.1,94.5,5350801,505301330,3153,-1.1
20170821,95.0,95.0,93.7,94.4,3323877,313569860,2131,-0.1
20170822,95.0,96.4,94.8,95.4,4884950,467032925,2976,1.0
20170823,96.3,96.5,95.0,95.0,4935271,471925145,3335,-0.4
20170824,95.0,96.0,94.5,95.5,4310058,410948198,2698,0.5
20170825,96.2,96.2,94.6,95.0,5900385,562724975,3559,-0.5
20170828,95.8,96.5,94.8,94.8,6032181,576557946,3427,-0.2
20170829,95.2,96.2,94.4,94.6,6385094,606751490,3362,-0.2
20170830,95.5,95.8,95.0,95.7,4829805,461115019,3004,1.1
20170831,97.0,97.7,95.8,95.8,10634598,1028174158,5560,0.1
20170901,96.8,97.3,96.0,96.3,7575050,732808877,4253,0.5
20170904,96.1,97.4,95.5,95.8,6051511,583492530,3378,-0.5
20170905,96.5,96.8,95.8,96.0,6056576,582536796,2876,0.2
20170906,96.0,97.7,95.8,95.8,11016926,1064904459,5521,-0.2
20170907,96.9,97.1,93.9,94.0,10136852,964013702,5869,-1.8
20170908,94.0,95.0,93.8,94.3,7070174,666202368,4338,0.3
20170911,95.9,96.3,95.1,95.7,7163084,684906777,4174,1.4
20170912,96.1,96.3,95.3,95.3,5251066,501941361,3044,-0.4
20170913,95.8,95.8,94.0,94.0,6184276,583484875,4187,-1.3
20170914,94.9,95.3,94.0,94.5,5528458,523208763,3291,0.5
20170915,95.1,96.0,94.5,95.6,8961255,854848534,4797,1.1
20170918,96.3,96.6,94.8,95.2,7716168,737752262,4730,-0.4
20170919,95.1,95.2,92.5,93.0,7600895,713773335,4534,-2.2
20170920,93.0,93.0,90.6,90.9,9025535,823744665,5850,-2.1
20170921,90.5,92.4,90.1,91.5,8464753,775010318,4681,0.6
20170922,91.3,91.3,89.0,89.2,10465400,939128404,6031,-2.3
20170925,88.3,88.5,86.1,86.3,10213216,886578692,6380,-2.9
20170926,86.3,88.0,85.9,86.5,5802128,505129036,3692,0.2
20170927,86.9,87.5,86.1,86.6,5440551,472878137,3343,0.1
20170928,87.0,87.4,86.5,86.5,3266591,283669717,2039,-0.1
20170929,86.8,87.5,86.0,87.5,3731185,323790584,2374,1.0
20170930,87.9,88.8,87.8,88.5,2556628,225813092,1562,1.0
20171002,88.6,88.7,87.7,88.1,3884622,342904738,2491,-0.4
20171003,88.5,88.9,87.8,88.6,3499263,309327178,2204,0.5
20171005,89.1,89.8,88.4,89.6,3986114,356161690,2451,1.0
20171006,90.2,90.2,89.6,89.8,4070513,365542743,2043,0.2
20171011,90.3,91.4,90.0,90.7,6675028,605143394,4227,0.9
20171012,92.0,95.0,91.8,95.0,22387778,2099249594,11541,4.3
20171013,94.9,96.0,93.5,94.9,8970993,851006220,4920,-0.1
20171016,94.9,96.6,94.5,94.7,8154812,777756859,4189,-0.2
20171017,95.4,95.7,93.9,93.9,5100105,481265506,3474,-0.8
20171018,94.3,94.8,92.6,93.2,4744309,443053438,2930,-0.7
20171019,94.3,94.7,93.2,93.5,5738452,538583194,2944,0.3
20171020,93.4,94.5,92.6,94.2,7421429,697013226,3809,0.7
20171023,94.2,95.5,93.6,93.6,4405311,415693493,2657,-0.6
20171024,93.6,94.1,92.8,93.0,5159028,480417304,3599,-0.6
20171025,93.8,94.0,92.9,93.0,3681877,343273261,2620,0.0
20171026,93.0,95.5,93.0,94.8,7605528,719798219,4712,1.8
20171027,95.5,95.5,92.0,92.8,5960944,559901783,3492,-2.0
20171030,95.0,95.1,93.3,94.4,7060275,666369698,4582,1.6
20171031,94.7,96.3,94.5,96.1,17187277,1643682875,8591,1.7
20171101,95.5,95.6,94.2,95.0,9057934,859489530,4933,-1.1
20171102,94.2,94.8,94.1,94.4,3832236,361787157,2224,-0.6
20171103,94.5,96.0,94.0,94.4,6933213,657195382,3976,0.0
20171106,94.8,95.3,93.8,94.0,5286271,498101874,2929,-0.4
20171107,94.2,94.8,93.7,94.8,4894072,460618690,2987,0.8
20171108,94.5,95.4,94.0,95.0,6593921,624443410,3524,0.2
20171109,94.3,94.6,92.8,93.0,8708667,813604248,5372,-2.0
20171110,92.6,92.6,91.0,91.9,6689394,613510593,4009,-1.1
20171113,92.3,93.0,91.6,91.8,7182632,661947847,4163,-0.1
20171114,86.1,89.2,86.1,88.5,19867013,1753368157,10050,-3.3
20171115,88.3,88.5,87.0,87.4,10042891,880141199,6045,-1.1
20171116,87.5,88.1,86.7,87.5,6517514,570965432,3815,0.1
20171117,88.2,89.6,88.2,89.0,6146869,546747292,3575,1.5
20171120,89.0,89.2,87.5,87.7,5505038,483828259,3279,-1.3
20171121,87.9,88.4,87.5,88.3,4258476,374970878,2330,0.6
20171122,88.5,88.5,87.6,87.6,5519681,485097628,3589,-0.7
20171123,88.0,88.6,87.6,88.5,3554839,313778417,2295,0.9
20171124,87.6,88.1,87.6,87.7,4634928,406852864,2731,-0.8
20171127,87.8,87.8,86.3,86.6,7552986,656095169,4130,-1.1
20171128,86.5,87.0,85.1,85.5,8234846,706119456,4540,-1.1
20171129,85.6,86.2,84.4,85.2,7344281,625780429,4089,-0.3
20171130,85.2,85.2,83.4,83.4,7471630,628147149,3462,-1.8
20171201,83.8,84.8,81.1,83.9,10008365,829731933,6025,0.5
20171204,83.9,84.4,82.5,83.8,3109503,260142252,2120,-0.1
20171205,83.8,84.3,82.7,83.2,2653927,220940293,1720,-0.6
20171206,83.2,84.6,82.8,84.0,5246894,438394396,3214,0.8
20171207,84.7,86.3,83.8,85.7,6997903,595698666,4145,1.7
20171208,85.9,86.4,84.0,85.4,4116370,349631071,2727,-0.3
20171211,86.1,87.0,85.8,86.5,3808677,329620614,2719,1.1
20171212,86.4,86.4,85.5,85.7,2483608,212853289,1793,-0.8
20171213,85.6,86.3,85.4,85.6,2163447,185932888,1337,-0.1
20171214,86.6,86.8,85.6,86.1,2302370,198466041,1541,0.5
20171215,86.2,86.2,84.5,85.0,4919958,418175203,2076,-1.1
20171218,85.8,85.8,84.9,85.0,1651750,140609150,994,0.0
20171219,85.0,85.5,83.3,84.1,4035741,340481978,2370,-0.9
20171220,83.2,85.1,83.2,85.0,4493279,378348425,2702,0.9
20171221,85.0,85.6,84.5,84.7,5729826,486476610,3418,-0.3
20171222,84.9,85.5,84.2,84.7,2428345,205337625,1415,0.0
20171225,85.1,85.1,83.3,83.7,2847595,239378402,1536,-1.0
20171226,83.8,84.0,82.1,82.7,3399439,281159073,2049,-1.0
20171227,82.8,83.3,82.8,83.0,1193457,99111961,849,0.3
20171228,83.5,84.6,83.4,84.5,1970650,165998817,1327,1.5
20171229,84.9,85.4,84.5,85.2,2104774,178841629,1341,0.7
20180102,84.9,85.1,84.2,85.0,1114092,94471331,786,-0.2
20180103,85.4,85.5,84.7,85.1,2229861,189600545,1718,0.1
20180104,85.2,85.3,84.5,85.1,2621615,222417316,1661,0.0
20180105,85.2,85.3,84.4,85.3,2195899,186491759,1362,0.2
20180108,85.3,85.5,84.9,85.3,1943234,165696839,1338,0.0
20180109,85.7,86.8,85.2,85.5,4108615,352944468,3030,0.2
20180110,85.6,86.0,84.0,84.1,3618511,305734769,2210,-1.4
20180111,84.3,84.9,84.3,84.6,2014796,170496823,1375,0.5
20180112,85.2,85.9,85.0,85.6,3763607,321694332,2488,1.0
20180115,86.5,86.8,85.9,86.2,3575017,308677442,2324,0.6
20180116,86.7,86.7,86.2,86.5,3083853,266759978,1835,0.3
20180117,86.4,87.0,86.0,87.0,3281254,283941398,2180,0.5
20180118,87.5,87.9,86.7,86.7,3786669,330514968,2619,-0.3
20180119,86.9,88.7,86.8,87.4,7029055,616637080,4426,0.7
20180122,87.4,87.4,86.0,86.9,3077159,266683392,2138,-0.5
20180123,86.5,86.7,86.1,86.2,3133636,270561608,1789,-0.7
20180124,86.0,86.5,85.6,86.5,2903690,249799771,1772,0.3
20180125,86.4,87.2,86.2,86.7,2343658,203242908,1445,0.2
20180126,85.9,86.4,85.0,85.6,4193453,359048595,2687,-1.1
20180129,84.8,85.2,84.5,84.5,4836436,409496064,2887,-1.1
20180130,83.6,84.5,83.2,83.5,5671635,475436876,3022,-1.0
20180131,82.7,83.8,82.7,83.4,3641101,303335124,2038,-0.1
20180201,84.0,85.2,83.9,85.0,3593638,304554130,2357,1.6
20180202,84.2,85.0,83.6,84.1,3738279,314677569,2364,-0.9
20180205,82.3,82.9,82.1,82.9,3429706,283090204,2234,-1.2
20180206,80.6,80.7,77.0,78.7,12983019,1028110620,7300,-4.2
20180207,81.4,81.4,79.3,80.3,4635219,372527220,3003,1.6
20180208,80.0,80.6,78.9,79.2,2982399,236548769,1871,-1.1
20180209,77.0,79.0,76.0,78.5,3490382,271109678,2433,-0.7
20180212,78.0,79.4,78.0,78.3,3265456,256710924,1976,-0.2
20180221,78.6,80.3,78.6,80.3,3185080,253953470,2078,2.0
20180222,79.5,79.5,78.3,79.0,4335685,341898542,3263,-1.3
20180223,79.7,80.0,79.3,79.4,2800236,222872017,1977,0.4
20180226,80.1,80.5,79.8,79.9,1589214,127181726,1161,0.5
20180227,80.0,80.3,79.4,79.4,3803019,303362401,1871,-0.5
20180301,80.8,81.0,79.5,79.7,4728642,379275160,2795,0.3
20180302,78.3,79.2,78.3,78.9,2784563,219244454,1898,-0.8
20180305,78.5,79.0,78.1,78.5,2707235,212295582,1725,-0.4
20180306,79.0,79.4,78.6,78.9,2523379,199377900,1789,0.4
20180307,79.0,80.3,78.9,78.9,2052453,163035707,1362,0.0
20180308,78.5,79.8,78.5,79.0,2246458,177414958,1299,0.1
20180309,79.1,80.3,79.1,79.7,3550419,283434620,2335,0.7
20180312,81.3,81.3,80.4,81.2,4233095,342821689,2704,1.5
20180313,81.2,82.0,80.7,81.7,4323917,352891979,2868,0.5
20180314,81.0,81.3,79.9,80.1,4782222,383698508,3141,-1.6
20180315,79.2,80.1,79.2,79.6,3973163,316254391,2608,-0.5
20180316,79.3,79.7,79.1,79.1,5617179,445003220,2784,-0.5
20180319,79.1,79.6,79.1,79.3,1332962,105734261,940,0.2
20180320,79.0,79.1,78.7,79.0,2997652,236571108,1826,-0.3
20180321,79.3,79.9,79.2,79.9,2200081,175224961,1547,0.9
20180322,79.9,80.3,79.2,79.3,3037705,241898268,1986,-0.6
20180323,78.0,78.4,77.7,78.4,3877669,303029505,2612,-0.9
20180326,78.2,78.2,77.8,78.0,2364948,184582818,1615,-0.4
20180327,78.7,78.9,78.2,78.4,2308522,181238167,1535,0.4
20180328,78.2,78.4,78.0,78.4,1599950,125066752,1042,0.0
20180329,78.2,78.5,78.0,78.1,2042582,159786075,1535,-0.3
20180330,79.0,80.4,78.9,80.0,4717965,377039700,2890,1.9
20180331,79.9,79.9,79.1,79.6,1748191,138762312,1115,-0.4
20180402,79.8,80.1,79.0,79.2,1018752,80931844,758,-0.4
20180403,78.2,78.4,78.0,78.2,2874714,224678006,1834,-1.0
20180409,78.7,78.7,77.1,77.8,5037062,390743639,3285,-0.4
20180410,77.8,77.8,77.0,77.7,2827845,219131610,1919,-0.1
20180411,78.5,79.2,78.4,78.8,3053813,240644944,2146,1.1
20180412,78.4,78.7,78.2,78.5,2098219,164673399,1414,-0.3
20180413,78.5,78.9,78.5,78.5,1883356,148177144,1256,0.0
20180416,78.1,78.6,78.1,78.6,1647356,129141866,1203,0.1
20180417,78.5,78.5,77.4,77.5,3307769,257296789,2084,-1.1
20180418,77.4,77.6,76.2,76.3,4143468,318011195,2859,-1.2
20180419,76.3,77.2,75.2,76.9,3719167,282931511,2355,0.6
20180420,75.7,76.4,75.4,76.0,2865385,217476463,2125,-0.9
20180423,75.4,75.8,74.9,74.9,2401569,180520513,1792,-1.1
20180424,74.3,74.4,72.5,72.8,3836911,280695671,2664,-2.1
20180425,71.9,74.9,71.6,74.9,2721875,199431359,1658,2.1
20180426,75.0,75.7,73.9,74.0,3406681,254489513,2379,-0.9
20180427,74.3,74.3,73.7,73.9,2035995,150574930,1458,-0.1
20180430,73.9,74.6,73.5,73.9,2174298,160961972,1341,0.0
20180502,74.0,74.9,74.0,74.4,2072408,154524726,1583,0.5
20180503,73.7,74.2,73.6,73.8,1346320,99450680,927,-0.6
20180504,73.4,74.0,73.2,74.0,1328312,97928869,970,0.2
20180507,74.7,76.0,74.0,76.0,2551548,191945548,1653,2.0
20180508,76.0,76.4,75.5,75.8,2328753,177067328,1551,-0.2
20180509,75.8,76.4,75.2,76.4,1742591,132489740,1169,0.6
20180510,76.7,77.0,76.5,76.6,1262346,96819288,929,0.2
20180511,77.4,77.9,77.1,77.3,2368563,183337760,1558,0.7
20180514,78.5,78.6,77.6,78.0,3135349,244565722,1865,0.7
20180515,76.8,76.8,75.2,75.2,4743471,359416394,2689,-2.8
20180516,75.0,75.5,74.1,74.2,3103091,231131254,2099,-1.0
20180517,74.1,74.7,74.0,74.0,2502582,185705866,1638,-0.2
20180518,74.0,74.4,73.4,73.4,1953714,144081136,1327,-0.6
20180521,73.7,74.4,73.7,74.1,1945189,144095881,1174,0.7
20180522,73.8,74.4,73.5,74.0,1634906,120925214,1099,-0.1
20180523,74.0,74.2,73.2,73.3,1709416,125606488,1331,-0.7
20180524,73.8,74.9,73.5,74.8,2449409,182186575,1567,1.5
20180525,74.5,75.4,74.1,75.1,3042022,228204053,2122,0.3
20180528,76.0,76.1,75.2,75.7,3480914,263248854,2160,0.6
20180529,75.7,75.7,75.2,75.4,1797301,135417183,1234,-0.3
20180530,74.4,74.8,74.2,74.2,3932282,292530600,2241,-1.2
20180531,74.3,74.8,73.8,73.8,6167908,456173557,1827,-0.4
20180601,73.8,74.8,73.8,74.7,1360889,101322493,999,0.9
20180604,74.9,75.8,74.8,75.5,2562822,193452446,1760,0.8
20180605,75.6,76.0,75.3,75.7,2917125,220590537,1897,0.2
20180606,75.9,77.3,75.8,77.0,4413562,338827074,2788,1.3
20180607,78.0,78.2,77.1,78.0,4553456,353829068,2807,1.0
20180608,78.2,78.2,76.9,77.2,3282820,254134773,2122,-0.8
20180611,77.6,77.7,76.7,77.3,1356217,104714555,1071,0.1
20180612,76.8,76.9,76.2,76.7,2402315,183881676,1730,-0.6
20180613,76.8,77.4,76.8,76.9,1417954,109063346,1032,0.2
20180614,76.0,76.5,75.4,75.4,2100212,159396729,1399,-1.5
20180615,75.6,75.8,75.1,75.1,4062949,305687443,1547,-0.3
20180619,74.8,75.2,74.2,74.7,3629705,271171775,2080,-0.4
20180620,74.1,74.5,73.9,74.2,2761713,204909280,1739,-0.5
20180621,74.5,74.5,73.9,74.0,2487733,184342142,1456,-0.2
20180622,73.6,73.7,72.8,73.3,3928656,288162403,2051,-0.7
20180625,72.7,73.1,72.7,72.8,2523678,183837114,1565,-0.5
20180626,72.1,72.9,72.0,72.5,2660527,192192271,1740,-0.3
20180627,72.5,72.7,72.1,72.5,2279963,164943295,1387,0.0
20180628,72.4,72.6,72.0,72.3,2033789,147008493,1243,-0.2
20180629,72.5,74.8,72.5,74.6,4114267,304431599,2568,2.3
20180702,74.6,74.6,73.0,73.2,2236288,164131001,1492,-1.4
20180703,73.3,73.7,73.0,73.0,2010558,147122676,1425,-0.2
20180704,72.9,73.7,72.9,73.2,998249,73157813,725,0.2
20180705,73.2,73.4,72.6,72.7,1668638,121707962,986,-0.5
20180706,73.0,73.0,72.0,72.6,2605340,188690875,1745,-0.1
20180709,73.3,73.7,72.8,72.9,1415274,103576902,1080,0.3
20180710,73.8,73.8,73.2,73.6,1319791,96994586,832,0.7
20180711,72.8,74.3,72.8,73.8,1448154,106666296,1073,0.2
20180712,73.2,74.5,73.2,74.0,2087524,154576976,1237,0.2
20180713,74.1,75.2,74.1,75.2,2401570,179751851,1483,1.2
20180716,75.5,76.0,75.5,75.5,2633143,199369312,1480,0.3
20180717,75.9,76.4,75.5,75.6,4013646,304761923,2494,0.1
20180718,76.8,77.9,76.4,77.5,6476009,500218283,3928,1.9
20180719,77.6,78.8,77.6,78.4,5217898,408268279,2991,0.9
20180720,78.8,78.9,77.3,78.3,3885460,303960693,2364,-0.1
20180723,78.9,79.0,78.3,78.8,4633306,364272693,2688,0.5
20180724,79.0,80.0,78.9,80.0,9577777,761037360,4859,1.2
20180725,76.2,76.4,75.8,75.8,5305908,404079508,3047,0.0
20180726,76.7,76.8,75.6,76.3,2436056,185387078,1439,0.5
20180727,76.1,76.3,75.6,75.6,2673851,202953196,1258,-0.7
20180730,75.8,76.8,75.8,76.4,2257704,172067572,1442,0.8
20180731,76.5,76.6,75.9,75.9,3357279,255582839,1580,-0.5
20180801,76.5,77.2,76.4,77.2,3027591,232881207,1776,1.3
20180802,77.2,77.5,76.4,76.5,2074104,159527346,1370,-0.7
20180803,76.8,77.2,76.6,77.0,1294163,99404406,846,0.5
20180806,77.0,77.8,77.0,77.7,1721506,133457203,1078,0.7
20180807,77.6,78.1,77.4,77.4,1980810,154055923,1214,-0.3
20180808,77.9,78.4,77.8,78.0,2093376,163412578,1268,0.6
20180809,78.0,78.0,77.1,77.1,1981529,153432529,1036,-0.9
20180810,77.2,77.9,77.1,77.6,1864180,144689764,1050,0.5
20180813,77.5,77.5,75.4,75.8,2760690,210281988,1595,-1.8
20180814,75.5,75.8,73.7,74.4,2543989,189913860,1713,-1.4
20180815,74.3,74.3,73.3,73.5,2175439,160341352,1459,-0.9
20180816,73.5,75.5,73.5,75.4,2567886,192107450,1709,1.9
20180817,75.4,75.8,74.9,75.5,2086917,157243226,1339,0.1
20180820,75.5,75.8,75.1,75.5,1838941,138762737,1145,0.0
20180821,76.3,76.8,75.6,76.6,1896839,144734775,1426,1.1
20180822,76.7,77.9,76.7,77.7,4924594,381645026,2985,1.1
20180823,77.7,77.9,77.2,77.7,1922390,149063389,1336,0.0
20180824,77.6,77.6,76.8,77.2,1446848,111623951,947,-0.5
20180827,77.4,77.7,77.3,77.7,1442930,111788865,971,0.5
20180828,78.0,78.1,77.7,78.0,2621132,204293652,1621,0.3
20180829,78.3,79.3,77.8,78.1,3321302,260475456,2045,0.1
20180830,78.4,78.5,77.5,77.9,3007367,234484440,1894,-0.2
20180831,78.1,78.2,77.7,78.0,2518722,196406129,1329,0.1
20180903,78.1,78.5,77.9,77.9,2354324,184046029,1521,-0.1
20180904,78.3,78.4,78.0,78.2,2054529,160573453,1155,0.3
20180905,78.4,78.5,77.0,77.0,2997554,233293833,2048,-1.2
20180906,77.0,77.7,76.2,76.8,2962817,228259709,2005,-0.2
20180907,76.7,77.0,74.9,75.1,3765169,285700889,2363,-1.7
20180910,75.9,75.9,73.5,73.5,3851254,285654058,2379,-1.6
20180911,73.9,74.9,73.3,74.9,2324012,172444281,1796,1.4
20180912,75.0,75.2,73.2,73.2,4206710,310025312,2701,-1.7
20180913,73.5,74.6,73.3,74.3,2298668,170524556,1598,1.1
20180914,74.5,75.3,74.5,74.7,2577780,192954429,1663,0.4
20180917,74.5,74.6,73.5,73.7,2166379,159849846,1645,-1.0
20180918,73.6,74.0,73.0,73.3,2157011,158339901,1344,-0.4
20180919,73.6,73.9,73.5,73.9,1419845,104628726,1025,0.6
20180920,73.9,73.9,72.6,72.6,2253370,164232010,1466,-1.3
20180921,72.9,73.5,72.6,73.0,3123628,228109353,1669,0.4
20180925,73.1,74.9,73.1,74.5,3165719,234723459,1575,1.5
20180926,73.6,74.9,73.6,74.8,1917416,143061401,1119,0.3
20180927,74.5,74.8,74.1,74.5,1594780,118866776,1178,-0.3
20180928,74.7,75.2,74.3,74.5,2692042,201058836,1216,0.0
20181001,74.9,75.5,74.7,75.2,1212705,91170075,887,0.7
20181002,75.4,75.4,73.8,74.0,1439279,106857595,1053,-1.2
20181003,74.0,74.4,73.9,74.0,768137,56830138,557,0.0
20181004,74.0,74.3,73.1,73.2,1553961,113925030,1112,-0.8
20181005,73.3,73.4,71.4,72.1,2538266,183704018,1573,-1.1
20181008,72.1,72.8,71.6,71.8,1932925,139061170,1389,-0.3
20181009,72.7,72.7,70.8,70.8,2660976,190065081,1577,-1.0
20181011,67.5,67.5,63.8,64.0,9913494,645847210,5744,-6.8
20181012,64.0,65.9,64.0,65.6,4850613,315640099,2969,1.6
20181015,65.6,66.0,64.9,65.1,3325748,216992283,2049,-0.5
20181016,65.3,66.1,65.1,65.2,2394776,156613731,1832,0.1
20181017,65.8,66.9,65.5,65.6,2751869,181665365,1933,0.4
20181018,65.9,66.8,65.6,66.3,1971875,130864968,1434,0.7
20181019,66.3,67.1,65.5,67.1,5145843,341655579,2187,0.8
20181022,67.1,68.3,66.2,68.3,2030597,137053763,1297,1.2
20181023,67.6,68.0,65.0,65.0,4056556,268164913,2335,-3.3
20181024,65.0,66.1,65.0,65.0,2888762,188579008,2400,0.0
20181025,64.0,64.7,63.5,63.8,3721783,237855610,2903,-1.2
20181026,64.8,65.4,63.5,64.0,2906754,186278756,1949,0.2
20181029,64.1,64.6,63.5,64.4,1896565,121464278,930,0.4
20181030,64.2,64.7,64.0,64.4,1352456,87031252,869,0.0
20181031,65.1,65.6,64.9,65.6,2104208,137426333,1313,1.2
20181101,65.9,66.5,65.6,66.0,1548900,102257673,1150,0.4
20181102,66.2,66.8,65.6,66.7,1941377,128637933,1230,0.7
20181105,66.0,66.6,65.6,66.3,1312177,86589784,816,-0.4
20181106,66.7,66.7,65.7,66.4,1631179,107796834,1182,0.1
20181107,66.4,67.0,66.4,66.9,1559809,104124032,1099,0.5
20181108,67.0,67.4,66.4,66.6,1492685,99687513,1055,-0.3
20181109,66.8,67.2,66.0,67.2,1241552,82596584,955,0.6
20181112,66.0,66.5,64.0,64.2,3841876,248466893,2662,-3.0
20181113,61.9,65.2,61.6,65.2,3635928,231474191,2519,1.0
20181114,64.7,65.2,63.7,64.1,2120851,135906379,1740,-1.1
20181115,64.3,64.3,62.1,62.9,4451202,279391877,3091,-1.2
20181116,63.2,63.2,62.1,62.5,4294784,268131697,2951,-0.4
20181119,62.8,62.8,62.0,62.5,1978445,123274002,1513,0.0
20181120,62.0,62.3,61.2,61.8,4439464,273768747,2771,-0.7
20181121,61.3,61.3,60.5,61.2,3879496,236626494,2442,-0.6
20181122,61.2,62.1,61.2,61.2,2480269,152330508,1589,0.0
20181123,61.2,61.5,60.5,60.9,2628980,159807760,1650,-0.3
20181126,61.5,62.3,61.1,61.6,2396530,147624837,1745,0.7
20181127,62.0,62.0,60.7,61.2,2710023,165934508,1947,-0.4
20181128,61.5,62.6,61.2,62.1,4119248,256020136,2732,0.9
20181129,62.7,62.9,61.3,61.3,5458566,337861709,3178,-0.8
20181130,61.3,62.2,60.6,62.2,13166336,812773232,4632,0.9
20181203,62.6,63.8,62.6,63.3,5258172,332534468,3325,1.1
20181204,63.6,63.8,62.5,62.8,3760416,237222916,2415,-0.5
20181205,62.0,62.4,61.7,62.0,1910373,118350826,1301,-0.8
20181206,62.0,62.0,60.5,61.5,4696862,286899567,2842,-0.5
20181207,61.8,62.2,61.5,62.2,2051660,126907805,1249,0.7
20181210,61.6,61.6,60.8,61.0,1463666,89449982,973,-1.2
20181211,59.2,60.4,59.2,59.8,6096855,363509500,3436,-1.2
20181212,60.1,61.0,60.0,61.0,3989896,241379821,2613,1.2
20181213,60.5,61.6,60.3,61.3,3481499,211912622,1984,0.3
20181214,61.4,61.4,60.4,60.9,1995450,121200689,1385,-0.4
20181217,60.7,61.3,60.6,60.6,1218666,74114416,907,-0.3
20181218,60.0,60.6,59.8,60.3,1411722,84929624,1047,-0.3
20181219,60.8,61.0,60.3,61.0,2185445,132221293,978,0.7
20181220,60.5,61.4,60.1,60.3,1768788,107357504,1285,-0.7
20181221,60.3,60.7,60.0,60.7,2178131,131744017,921,0.4
20181222,60.5,60.5,60.1,60.2,341247,20557487,262,-0.5
20181224,60.2,60.7,60.1,60.6,850746,51442698,592,0.4
20181225,59.8,60.2,59.8,60.2,1147220,68827633,821,-0.4
20181226,60.3,60.6,59.8,60.0,937721,56355160,740,-0.2
20181227,60.8,60.9,60.2,60.3,1288698,78047878,962,0.3
20181228,60.6,60.6,60.2,60.5,1065473,64415607,718,0.2
20190102,60.7,60.9,59.9,60.1,878380,52949986,634,-0.4
20190103,60.1,60.3,59.7,60.0,1084215,64995738,758,-0.1
20190104,59.0,59.0,58.0,58.9,2065467,121082332,1577,-1.1
20190107,59.8,59.9,58.9,58.9,2647082,157076538,1753,0.0
20190108,59.5,59.5,58.7,58.7,1787215,105510185,1213,-0.2
20190109,59.5,59.9,59.2,59.2,3292005,195847792,1995,0.5
20190110,59.3,59.3,57.7,58.3,3365395,196135005,2340,-0.9
20190111,58.3,58.7,58.1,58.3,2986598,174291132,1847,0.0
20190114,58.0,58.4,57.7,57.8,2205903,127795274,1370,-0.5
20190115,58.1,58.3,57.5,57.8,3678731,213081058,1943,0.0
20190116,58.1,58.2,57.6,57.8,3614643,209413094,1903,0.0
20190117,58.3,58.6,57.6,57.9,4331827,250947396,1783,0.1
20190118,58.0,58.8,57.8,58.6,4061867,237267273,2164,0.7
20190121,59.2,59.4,58.8,59.2,2679668,158552230,1437,0.6
20190122,59.0,59.0,58.2,58.3,1815345,106245580,1241,-0.9
20190123,58.0,58.3,57.9,58.2,905354,52670996,711,-0.1
20190124,58.2,58.6,58.2,58.4,1361506,79446938,934,0.2
20190125,58.6,58.9,58.3,58.5,2378345,139627074,1413,0.1
20190128,59.0,59.3,58.8,59.3,2085342,123309434,1310,0.8
20190129,59.1,59.2,58.4,59.0,1110443,65405837,747,-0.3
20190130,59.3,59.8,58.6,59.2,3495492,206606611,1744,0.2
20190211,59.8,60.0,59.4,59.5,2196080,130973661,1483,0.3
20190212,59.5,60.5,59.3,60.4,2308990,138448682,1770,0.9
20190213,60.7,61.3,60.5,61.2,2710074,165004613,1899,0.8
20190214,61.1,61.4,60.7,61.2,1787274,109052312,1137,0.0
20190215,61.0,61.1,60.3,60.3,1958453,118651933,1359,-0.9
20190218,59.7,60.5,59.6,60.2,2059188,123660143,1372,-0.1
20190219,60.2,60.9,60.2,60.9,1222590,74287490,815,0.7
20190220,61.1,62.3,61.1,62.0,2981780,184226421,1949,1.1
20190221,61.9,62.3,61.7,62.2,2360406,146411739,1492,0.2
20190222,61.9,62.4,61.9,62.3,2071749,128832348,1201,0.1
20190225,62.3,63.5,62.2,63.5,3776060,238402283,2493,1.2
20190226,63.8,64.4,62.6,62.6,3563218,225612329,2187,-0.9
20190227,62.6,63.1,62.2,63.1,2402949,150999187,1399,0.5
20190304,62.1,62.5,61.5,62.2,3874997,240127796,2415,-0.9
20190305,61.6,62.1,61.6,61.9,1302682,80547398,932,-0.3
20190306,61.8,62.3,61.8,62.2,1888880,117176821,1216,0.3
20190307,62.0,62.0,61.5,61.6,1902119,117380034,1072,-0.6
20190308,61.3,61.8,60.9,61.0,1561751,95384523,971,-0.6
20190311,60.8,61.3,60.5,61.1,1853662,112953173,1115,0.1
20190312,61.2,61.8,61.2,61.4,2312170,142117102,1375,0.3
20190313,61.6,62.2,61.2,61.7,1971349,121544556,1342,0.3
20190314,62.0,62.4,61.7,62.0,1668654,103479703,1150,0.3
20190315,62.4,62.4,61.2,62.4,10985831,683374122,2618,0.4
20190318,62.5,62.7,62.2,62.5,2473502,154496567,1392,0.1
20190319,62.5,63.1,62.2,63.0,1586208,99518304,1097,0.5
20190320,63.2,63.4,62.8,63.1,1771040,111677220,1120,0.1
20190321,63.4,63.8,63.1,63.6,1754708,111445018,1195,0.5
20190322,63.7,63.9,62.2,62.6,2693019,169162874,1549,-1.0
20190325,62.1,62.1,61.1,61.8,2337125,143773350,1375,-0.8
20190326,62.2,62.3,61.5,62.3,2259295,140076364,1301,0.5
20190327,62.3,62.5,61.7,61.9,1991238,123512509,1383,-0.4
20190328,61.9,62.6,61.7,62.0,3191560,198294753,1766,0.1
20190329,61.8,62.2,61.2,61.5,4503751,277589474,2536,-0.5
20190401,62.3,64.9,62.3,63.8,9625760,615610761,6249,2.3
20190402,64.6,65.3,64.4,64.8,6227984,403160139,3930,1.0
20190403,65.0,65.1,64.2,65.0,3516307,227483408,2470,0.2
20190408,65.4,67.0,65.0,66.7,7488204,495737177,4559,1.7
20190409,67.0,67.0,66.0,66.8,2515942,167238008,1813,0.1
20190410,66.7,68.3,66.3,67.3,6694094,450806298,3630,0.5
20190411,66.9,68.0,66.9,67.3,3144754,212248625,2450,0.0
20190412,68.0,68.8,67.7,68.5,5009084,342096123,3468,1.2
20190415,69.4,71.3,68.9,71.1,6438016,452928336,4100,2.6
20190416,71.7,71.9,70.2,71.2,5953397,423431441,4392,0.1
20190417,71.7,72.4,71.4,72.0,4687873,337237874,2997,0.8
20190418,73.0,75.1,70.3,71.1,9760655,706168058,5592,-0.9
20190419,71.7,72.0,69.5,70.0,3545291,249595770,2261,-1.1
20190422,69.7,70.3,69.1,69.5,2168665,150957406,1311,-0.5
20190423,69.6,70.4,68.4,70.0,3677825,254791652,2127,0.5
20190424,70.5,70.5,69.3,69.7,1425152,99440066,1088,-0.3
20190425,69.5,70.4,69.3,69.8,1223376,85465558,1021,0.1
20190426,70.0,70.0,68.5,68.9,1968000,135772683,1378,-0.9
20190429,69.9,69.9,68.8,69.4,1333709,92341921,946,0.5
20190430,69.4,69.8,68.4,69.2,1866941,128907205,956,-0.2
20190502,69.8,70.0,68.8,69.4,2152823,149410205,1340,0.2
20190503,69.1,70.0,69.1,70.0,1431916,99898040,1019,0.6
20190506,69.1,69.2,66.9,67.3,3398784,229674527,2414,-2.7
20190507,68.0,69.4,67.8,69.4,3105481,211837389,1243,2.1
20190508,67.8,68.6,67.7,67.7,2175318,147981424,1290,-1.7
20190509,67.4,68.1,65.9,66.1,3572741,237040642,2304,-1.6
20190510,66.8,67.0,65.4,66.2,1551669,102669576,1096,0.1
20190513,66.2,66.2,63.9,64.0,2172465,140204991,1454,-2.2
20190514,62.5,64.3,62.5,63.3,2345592,148791042,1630,-0.7
20190515,63.2,63.3,62.5,62.7,2335902,146804919,1627,-0.6
20190516,62.5,62.9,61.3,61.3,2585396,160530817,1651,-1.4
20190517,61.8,62.3,60.7,60.7,2838665,173591665,1659,-0.6
20190520,60.8,61.5,60.7,61.0,1528829,93304969,1093,0.3
20190521,61.5,61.7,61.0,61.6,1740799,106874587,1198,0.6
20190522,61.2,61.4,60.8,61.0,1716796,104837403,1263,-0.6
20190523,60.8,60.8,60.1,60.7,2581874,156084125,1640,-0.3
20190524,60.9,61.3,60.7,60.7,1082997,65905906,833,0.0
20190527,61.0,61.0,60.5,60.9,1227670,74536892,840,0.2
20190528,60.9,61.0,60.5,60.5,4133454,250211448,1095,-0.4
20190529,60.5,61.0,59.9,60.3,2230518,134585129,1377,-0.2
20190530,60.4,61.2,60.4,60.9,2456400,149501233,1841,0.6
20190531,60.6,61.9,60.6,61.5,2401900,147714907,1528,0.6
20190603,61.5,62.0,61.0,61.9,1333379,82212267,966,0.4
20190604,61.8,62.3,61.3,61.6,1334910,82371132,1012,-0.3
20190605,61.9,62.4,61.5,61.5,1242585,76769644,940,-0.1
20190606,61.1,61.8,60.9,61.1,1182934,72401641,875,-0.4
20190610,61.1,61.9,61.1,61.7,1351259,83159066,1027,0.6
20190611,61.9,62.1,61.4,61.9,1356134,83907208,1043,0.2
20190612,61.9,62.0,61.3,61.8,2017079,124464495,1250,-0.1
20190613,61.7,62.1,61.3,61.9,1784096,110251060,1119,0.1
20190614,62.0,62.7,61.8,62.1,2435630,151370517,1522,0.2
20190617,61.7,62.1,61.4,61.8,2356893,145557266,1520,-0.3
20190618,61.8,62.0,60.8,61.4,2417781,148183438,1736,-0.4
20190619,61.9,62.2,61.6,62.1,2284898,141743872,1541,0.7
20190620,62.5,63.9,62.4,63.6,2933825,185744251,2135,1.5
20190621,64.0,64.4,62.9,64.2,4255001,272043754,1897,0.6
20190624,64.0,64.2,63.1,64.1,1278546,81593925,942,-0.1
20190625,64.1,64.1,63.4,63.6,1370705,87232126,1000,-0.5
20190626,63.4,63.7,63.2,63.2,1177699,74664738,749,-0.4
20190627,63.3,63.9,63.3,63.4,2070378,131775398,1161,0.2
20190628,63.0,63.8,63.0,63.1,1400815,88428301,886,-0.3
20190701,64.1,64.2,63.7,64.1,1622138,103797524,1040,1.0
20190702,64.1,64.2,63.8,64.1,1163456,74495218,790,0.0
20190703,64.4,64.4,63.6,64.1,1288030,82351716,1037,0.0
20190704,64.2,64.5,64.1,64.4,969862,62334025,727,0.3
20190705,64.5,64.8,64.4,64.6,1104618,71366711,627,0.2
20190708,64.6,64.9,64.3,64.4,1387456,89591209,846,-0.2
20190709,64.5,64.5,63.5,63.6,1896187,120913282,939,-0.8
20190710,64.0,64.4,63.8,64.2,1150036,73643304,820,0.6
20190711,65.0,66.7,64.8,65.9,8700892,573679657,4893,1.7
20190712,66.1,67.2,65.8,66.1,4220703,280068298,2564,0.2
20190715,66.4,66.4,65.1,66.1,3455735,227570210,2008,0.0
20190716,66.5,67.3,66.4,67.1,4524501,303319900,2960,1.0
20190717,67.2,67.2,66.3,66.8,2631538,175782625,1740,-0.3
20190718,67.1,67.1,66.6,66.8,2125711,141966985,1195,0.0
20190719,67.0,67.3,66.9,67.0,2767660,185621845,1716,0.2
20190722,67.2,67.8,67.1,67.5,2621255,176788203,1644,0.5
20190723,67.9,68.0,67.1,67.3,3340058,224996785,1888,-0.2
20190724,67.2,67.5,66.7,66.7,5233428,349830673,2817,-0.6
20190725,63.6,64.8,63.6,64.6,4056710,260843096,2493,0.0
20190726,64.4,64.4,63.7,64.3,1914696,122768915,1355,-0.3
20190729,64.0,64.9,63.6,64.8,2341824,151029557,1552,0.5
20190730,65.4,65.4,64.0,64.3,1735943,111844219,1177,-0.5
20190731,64.0,64.5,63.4,64.3,2442268,156310350,1634,0.0
20190801,63.4,64.2,63.3,63.6,4629318,294634877,2560,-0.7
20190802,63.1,63.1,61.3,61.3,4342122,268392499,2720,-2.3
20190805,61.1,61.1,60.3,60.5,2782414,168793602,2210,-0.8
20190806,59.3,61.4,59.3,60.8,3375491,204235091,2401,0.3
20190807,61.5,61.6,60.2,60.2,2680232,162220952,1842,-0.6
20190808,60.5,61.5,60.5,61.2,2193259,134111435,1549,1.0
20190812,60.9,62.2,60.9,61.9,2704659,166971383,1780,0.7
20190813,61.5,61.7,60.9,61.3,1890878,115920190,1305,-0.6
20190814,62.0,62.5,61.2,61.3,2490844,153862123,1542,0.0
20190815,61.0,61.4,60.6,61.4,2588964,157957384,1592,0.1
20190816,61.4,62.9,61.3,62.8,2769916,172641732,1946,1.4
20190819,62.9,63.4,62.3,62.3,2593223,162441684,1462,-0.5
20190820,62.3,62.7,62.0,62.4,1838097,114376945,1304,0.1
20190821,62.5,63.5,62.4,63.3,2401520,151638260,1805,0.9
20190822,63.8,64.0,63.3,63.4,2601460,165253805,1437,0.1
20190823,63.5,64.5,63.5,64.3,3027123,194175277,1957,0.9
20190826,63.0,63.3,62.5,62.7,1897031,119343337,1319,-1.6
20190827,63.6,63.6,62.6,63.2,2715528,171382666,918,0.5
20190828,63.0,63.0,62.1,62.2,2182968,136221092,1476,-1.0
20190829,62.2,62.3,61.7,62.2,1490182,92256622,1151,0.0
20190830,62.3,63.4,62.3,63.4,2738751,172646113,1774,1.2
20190902,63.4,63.6,63.1,63.5,729054,46182108,558,0.1
20190903,63.5,63.5,62.5,62.5,1499434,94235907,1112,-1.0
20190904,62.5,63.5,62.5,63.2,1712794,107940868,1179,0.7
20190905,63.5,64.0,63.0,63.3,2546240,161530177,1683,0.1
20190906,63.8,64.0,63.3,63.4,2350411,149477040,1850,0.1
20190909,63.9,63.9,63.2,63.4,1537625,97523715,970,0.0
20190910,63.6,63.7,63.0,63.4,1610695,101909185,1017,0.0
20190911,63.7,64.0,63.2,63.6,2438577,154904382,1749,0.2
20190912,64.2,64.4,63.6,64.3,3656373,234211072,2454,0.7
20190916,64.7,64.7,64.1,64.7,2598283,167592946,1774,0.4
20190917,64.2,64.4,63.4,63.8,2910081,185541384,1808,-0.9
20190918,63.8,64.9,63.5,64.8,3942886,254183235,2341,1.0
20190919,65.1,65.8,64.8,64.9,3497380,228067345,2262,0.1
20190920,65.6,66.7,65.5,65.6,9804062,646370636,4663,0.7
20190923,65.7,65.9,65.3,65.9,2053421,134922123,1442,0.3
20190924,66.1,66.5,65.8,66.4,4742344,313751660,2695,0.5
20190925,66.1,66.2,65.4,66.0,3549397,233361610,2361,-0.4
20190926,66.0,66.0,65.0,65.3,3299747,216410464,2175,-0.7
20190927,65.7,65.8,64.6,64.7,2769051,180171587,1579,-0.6
20191001,64.7,65.5,64.7,65.5,2812637,183099605,1956,0.8
20191002,65.4,65.7,64.9,65.7,1602648,104755303,1265,0.2
20191003,64.8,65.2,64.7,64.8,1962958,127386360,1339,-0.9
20191004,64.8,65.1,64.0,64.8,2002269,129135213,1319,0.0
20191007,63.8,63.8,63.2,63.5,3607829,229102507,2140,-1.3
20191008,63.8,65.0,63.7,64.5,3745848,241349129,2367,1.0
20191009,63.8,64.2,63.0,63.0,2984069,189208240,1941,-1.5
20191014,63.8,64.2,63.5,63.9,2449646,156499459,1629,0.9
20191015,64.0,64.2,63.8,64.0,1398031,89351673,912,0.1
20191016,64.2,64.5,64.0,64.5,2261140,145388382,1474,0.5
20191017,64.5,65.5,64.2,65.2,3198933,207533509,1864,0.7
20191018,65.3,65.8,65.0,65.1,2892702,188997830,1856,-0.1
20191021,64.7,65.7,64.7,65.6,2554431,167058814,1399,0.5
20191022,65.7,66.6,65.7,65.7,3186105,210279871,2046,0.1
20191023,65.9,66.3,65.0,65.4,3204775,210261891,2069,-0.3
20191024,65.5,65.7,65.1,65.3,1774477,115937529,1229,-0.1
20191025,65.4,65.4,64.5,64.7,2510506,162496021,1854,-0.6
20191028,64.7,65.0,64.7,64.9,1703040,110431273,1056,0.2
20191029,64.9,65.8,64.9,65.4,3550025,232006410,1865,0.5
20191030,65.3,65.8,65.1,65.5,2763730,181054555,1808,0.1
20191031,65.5,65.7,65.0,65.2,3174084,207375938,1473,-0.3
20191101,65.1,67.3,65.0,67.3,9780520,652079502,5483,2.1
20191104,67.5,69.7,67.5,69.3,13025398,898411930,7816,2.0
20191105,69.5,70.0,68.1,68.9,6662383,458256386,3906,-0.4
20191106,68.2,68.4,67.1,67.5,5083312,343870943,3039,-1.4
20191107,67.5,67.5,66.2,66.7,4034565,269079161,2472,-0.8
20191108,66.8,68.2,66.8,67.0,4969119,334314273,3236,0.3
20191111,67.0,67.0,65.5,65.9,3700659,244603410,2422,-1.1
20191112,66.4,67.0,65.7,66.8,3594449,238649974,2160,0.9
20191113,66.4,66.7,65.8,65.9,1941188,128326208,1355,-0.9
20191114,66.0,66.1,64.6,65.0,4144962,270258630,2451,-0.9
20191115,65.7,65.8,65.0,65.4,2606621,170399996,1761,0.4
20191118,65.5,66.8,65.5,66.7,3206962,212598658,1951,1.3
20191119,66.7,67.3,66.2,67.2,4031361,270051997,2339,0.5
20191120,67.1,67.2,66.5,67.2,2981812,199539570,1770,0.0
20191121,66.5,67.2,66.1,67.2,2930292,195756381,1733,0.0
20191122,67.4,67.7,66.9,67.4,2659832,178799301,1584,0.2
20191125,67.5,67.7,67.0,67.2,2184636,146865657,1266,-0.2
20191126,67.3,68.5,67.1,68.5,6542785,445515180,2246,1.3
20191127,68.5,68.5,68.0,68.1,2466184,168192612,1767,-0.4
20191128,68.1,68.3,67.8,68.0,1433766,97454326,1029,-0.1
20191129,68.0,68.1,66.5,66.6,2225275,149074302,1393,-1.4
20191202,66.6,67.0,66.0,66.8,2408761,160511572,1502,0.2
20191203,66.8,67.3,66.8,67.0,1677204,112469368,1068,0.2
20191204,67.0,67.2,66.6,67.1,2421234,162197842,1472,0.1
20191205,67.2,67.8,67.2,67.5,3532155,238496528,1877,0.4
20191206,66.0,67.3,65.9,67.3,3135979,208974076,1906,-0.2
20191209,67.4,68.2,67.2,67.9,3163758,214599297,1695,0.6
20191210,67.8,68.0,67.6,67.9,1922055,130356811,1034,0.0
20191211,67.9,69.0,67.7,68.8,5131030,352318140,2950,0.9
20191212,69.9,70.6,68.7,68.8,8758953,608239748,4731,0.0
20191213,69.2,69.7,68.7,68.8,5401799,373748621,3079,0.0
20191216,68.8,69.9,68.7,69.2,3679547,255184343,2150,0.4
20191217,69.2,69.2,68.3,68.8,4569923,313476288,2729,-0.4
20191218,68.8,69.3,68.2,69.1,6730875,464271498,3008,0.3
20191219,69.1,69.1,68.6,68.6,2952220,202947880,1648,-0.5
20191220,68.6,68.7,67.6,67.6,4412831,299578357,1827,-1.0
20191223,67.6,67.8,67.0,67.6,1851552,124934297,1153,0.0
20191224,67.5,67.5,66.9,67.0,2255004,151286368,1304,-0.6
20191225,67.2,67.7,67.0,67.5,2131291,143264768,1453,0.5
20191226,67.7,67.8,66.8,67.0,2268021,152064007,1275,-0.5
20191227,67.1,67.5,66.8,67.0,3041464,204011888,2038,0.0
20191230,67.0,67.1,66.6,66.6,1976283,131960458,1206,-0.4
20191231,66.5,66.5,66.1,66.2,2250133,149060700,1387,-0.4
20200102,66.5,66.7,66.2,66.3,1846627,122605844,1197,0.1
20200103,66.4,67.0,66.3,66.6,2495154,166227809,1630,0.3
20200106,66.0,66.0,65.0,65.3,2654779,173708327,1761,-1.3
20200107,65.3,65.8,64.7,65.0,2748998,178663970,1727,-0.3
20200108,64.5,64.8,64.1,64.3,2631638,169437366,1576,-0.7
20200109,64.6,64.9,64.3,64.8,1810533,117133972,1101,0.5
20200110,64.9,65.0,64.6,64.9,2651958,172057458,1110,0.1
20200113,65.1,65.3,64.8,65.0,1898552,123393880,1339,0.1
20200114,65.4,65.7,65.2,65.6,2264593,148250234,1350,0.6
20200115,65.7,65.7,65.1,65.4,1890929,123649285,1107,-0.2
20200116,65.1,65.4,65.0,65.2,1790251,116695252,1052,-0.2
20200117,65.3,66.2,65.3,66.0,3025201,199203828,1693,0.8
20200120,66.3,66.6,65.8,65.9,1975373,130641355,1135,-0.1
20200130,60.1,61.9,59.8,59.8,8392880,506198143,4991,-6.1
20200131,60.0,61.1,60.0,60.5,4403791,267121956,2468,0.7
20200203,59.6,59.6,58.0,59.3,5306158,312327980,3177,-1.2
20200204,59.4,61.0,59.4,61.0,2619404,158041468,1689,1.7
20200205,61.1,61.3,60.2,61.0,2776370,169087487,1690,0.0
20200206,61.5,62.0,61.2,61.6,2560778,157498088,1282,0.6
20200207,61.2,61.4,60.6,61.4,1981806,120996078,1020,-0.2
20200210,60.2,60.8,59.7,60.4,1454659,87733762,954,-1.0
20200211,60.6,60.9,60.4,60.6,2226426,135002386,1274,0.2
20200212,60.7,61.4,60.7,61.2,3712937,226872332,1764,0.6
20200213,61.3,61.8,61.0,61.3,2730584,167501084,1291,0.1
20200214,61.3,61.6,61.1,61.2,2012648,123466208,1128,-0.1
20200217,60.8,61.1,60.6,60.6,1503804,91333144,784,-0.6
20200218,60.5,60.8,60.2,60.4,1208483,73030313,739,-0.2
20200219,60.4,61.4,60.3,61.1,1923871,117125405,1237,0.7
20200220,61.1,61.3,60.3,60.7,1778928,108059816,1177,-0.4
20200221,60.6,60.9,60.4,60.5,1305415,79029779,858,-0.2
20200224,60.2,60.4,60.0,60.1,2557970,153741081,1554,-0.4
20200225,59.2,60.2,59.1,59.9,1847282,110534807,1322,-0.2
20200226,59.3,59.8,59.3,59.6,2247008,133952180,1493,-0.3
20200227,59.5,59.9,59.3,59.5,3474589,206927649,1566,-0.1
20200302,58.3,59.5,58.3,58.7,4481391,263619512,2511,-0.8
20200303,59.7,59.9,59.2,59.2,2032670,120879655,1475,0.5
20200304,59.1,59.4,58.6,59.0,2461299,145217520,1394,-0.2
20200305,59.6,59.9,59.6,59.9,1304127,77923320,939,0.9
20200306,59.3,59.3,58.5,58.5,3620282,212620188,2265,-1.4
20200309,58.0,58.6,57.7,58.5,4304981,250148374,2474,0.0
20200310,58.1,58.8,57.9,58.1,2594421,150981719,1533,-0.4
20200311,58.1,58.5,58.0,58.1,2612765,151908569,1595,0.0
20200312,57.9,57.9,54.3,55.2,8086292,448003018,4678,-2.9
20200313,50.3,53.8,50.2,53.3,9191915,470320119,4012,-1.9
20200316,53.3,53.3,51.4,52.0,4949042,257627253,2618,-1.3
20200317,50.2,51.2,50.0,51.0,7753028,391839128,3933,-1.0
20200318,50.6,50.9,49.95,50.0,5265550,264382846,3121,-1.0
20200319,48.6,49.2,45.85,46.2,8554703,405431891,4309,-3.8
20200320,46.9,50.3,46.9,49.5,6552885,321094293,3185,3.3
20200323,46.5,47.85,46.5,46.95,3501699,164724602,1451,-2.55
20200324,47.4,49.95,47.4,48.75,3701755,181077833,1970,1.8
20200325,50.0,50.6,49.75,49.95,3662411,183496154,1994,1.2
20200326,50.2,50.5,49.3,49.65,2604906,129828398,1521,-0.3
20200327,50.5,51.0,49.1,49.55,2959184,148085830,1905,-0.1
20200330,48.8,49.75,48.0,49.25,1658654,81378518,1004,-0.3
20200331,49.65,49.95,49.05,49.5,3174869,156903133,1577,0.25
20200401,49.6,49.8,49.0,49.0,2506281,123409203,1652,-0.5
20200406,49.8,50.1,49.2,49.95,3194464,158754032,2102,0.95
20200407,50.8,51.5,50.6,51.2,3308621,168720284,2239,1.25
20200408,51.2,53.5,50.7,53.4,5218102,275564747,2833,2.2
20200409,56.7,56.8,54.1,54.8,8786295,488362925,4971,1.4
20200410,54.7,54.8,53.4,54.3,3262439,176478919,2084,-0.5
20200413,54.1,54.2,53.5,53.5,1822608,97920232,1262,-0.8
20200414,53.9,54.7,53.9,54.3,3558976,193193381,1961,0.8
20200415,54.5,55.0,54.2,54.5,4094520,223244400,2116,0.2
20200416,53.9,54.5,53.7,54.0,3486815,188742415,1989,-0.5
20200417,54.8,55.5,54.1,54.5,4682144,256515978,2509,0.5
20200420,54.5,54.6,54.1,54.4,2284413,124093898,1265,-0.1
20200421,54.0,54.0,52.4,52.4,3842102,203731785,2607,-2.0
20200422,51.6,53.4,51.3,53.1,2460390,128780134,1711,0.7
20200423,53.2,54.3,53.2,53.8,2191779,117844788,1389,0.7
20200424,53.8,54.4,53.6,53.6,2010104,108275288,1287,-0.2
20200427,54.3,55.0,54.3,54.6,2975069,162524653,1654,1.0
20200428,54.7,55.0,54.5,54.6,2621229,143297285,1651,0.0
20200429,54.9,55.1,54.7,54.9,3703000,203406880,1856,0.3
20200430,57.4,58.5,57.2,57.6,15348371,887711937,8061,2.7
20200504,55.5,56.3,55.2,56.3,5348601,298228248,3712,-1.3
20200505,56.4,56.9,55.6,55.9,3183883,178532648,2070,-0.4
20200506,56.4,56.5,55.4,55.5,4360201,243714207,2952,-0.4
20200507,55.6,56.3,55.5,56.0,2930900,163954181,1944,0.5
20200508,56.4,56.8,56.1,56.2,3566976,201050036,2003,0.2
20200511,56.4,57.9,56.4,57.4,3895443,223055711,2440,1.2
20200512,57.0,57.2,56.1,56.5,3767209,213377913,2346,-0.9
20200513,56.2,56.9,56.2,56.8,2494311,141312027,1636,0.3
20200514,55.5,56.2,55.5,55.5,4356326,242723786,2821,-1.3
20200515,55.6,56.0,54.0,54.8,3737483,205107665,2383,-0.7
20200518,53.7,54.3,53.3,53.7,2991095,160971327,1981,-1.1
20200519,55.0,55.0,54.0,54.5,1784253,97087596,1200,0.8
20200520,54.5,55.0,54.5,54.7,1853305,101405495,1209,0.2
20200521,54.7,55.4,54.5,55.1,2037853,111990868,1324,0.4
20200522,55.0,55.0,53.6,53.6,2798988,151327140,2026,-1.5
20200525,53.9,54.0,52.4,53.2,1800103,95425831,1246,-0.4
20200526,53.8,54.7,53.5,54.0,1881043,101953922,1271,0.8
20200527,54.0,54.5,53.8,54.3,2055491,111448136,1574,0.3
20200528,54.5,54.8,53.6,53.7,2165559,117274083,1391,-0.6
20200529,53.3,53.9,53.1,53.9,3951951,212192423,1484,0.2
20200601,54.5,54.5,53.8,54.0,2456539,133009038,1748,0.1
20200602,54.0,54.7,54.0,54.3,2031139,110457034,1304,0.3
20200603,55.0,55.4,54.7,55.2,3543709,195012511,2257,0.9
20200604,55.5,55.7,54.8,55.2,3509216,193593909,1861,0.0
20200605,55.2,56.0,54.9,55.5,3290537,182775995,1648,0.3
20200608,55.7,55.9,55.1,55.8,3388700,188287100,1916,0.3
20200609,55.8,55.8,55.2,55.4,1927415,106888823,1275,-0.4
20200610,55.1,55.9,55.0,55.7,2242045,124709687,1351,0.3
20200611,55.4,55.7,54.4,54.5,3283959,180749840,2076,-1.2
20200612,53.2,54.1,52.8,53.8,3082716,165169000,1839,-0.7
20200615,53.9,54.1,53.1,53.1,2981982,159576116,2032,-0.7
20200616,53.8,54.7,53.7,54.1,2225932,120724486,1549,1.0
20200617,54.2,55.1,54.2,54.5,2565066,140356481,1774,0.4
20200618,54.8,55.2,54.1,55.2,2889690,158253867,1714,0.7
20200619,55.4,55.4,54.1,54.1,6667925,362529702,2874,-1.1
20200622,54.3,54.5,53.9,54.4,2043071,110795562,1180,0.3
20200623,55.0,55.2,54.3,54.7,2394357,131155951,1433,0.3
20200624,55.3,56.0,55.2,55.9,6435750,359025099,3754,1.2
20200629,55.3,55.7,55.0,55.2,3237431,179084618,2025,-0.7
20200630,55.9,56.5,55.6,56.5,5335084,299198337,2850,1.3
20200701,57.1,58.0,56.6,57.0,7711858,443016274,4586,0.5
20200702,57.2,57.4,56.4,57.4,3411802,194583515,1897,0.4
20200703,57.6,58.0,56.8,57.0,3698535,211103295,2276,-0.4
20200706,57.2,58.2,57.2,57.8,4696985,271693806,2685,0.8
20200707,58.7,59.2,57.4,57.9,6120970,355437848,3412,0.1
20200708,58.0,58.2,57.6,58.2,3796547,220204753,1992,0.3
20200709,58.5,58.9,57.9,58.0,4072175,237200950,2344,-0.2
20200710,58.0,58.2,57.0,57.1,3099532,177803756,1873,-0.9
20200713,57.7,58.3,57.4,58.0,3703336,214256734,2063,0.9
20200714,58.1,58.5,57.6,57.7,3994530,231577158,2036,-0.3
20200715,58.4,58.7,57.1,57.2,5988573,345271951,3357,-0.5
20200716,57.9,58.0,57.3,58.0,3956870,228252760,2337,0.8
20200717,58.6,58.8,57.5,57.7,6982498,404535612,3383,-0.3
20200720,58.2,58.2,56.7,56.9,6252631,356865467,3321,-0.8
20200721,57.4,57.9,56.7,57.6,5891927,339009371,4086,0.7
20200722,57.8,58.0,57.4,58.0,7285025,421189450,3581,0.4
20200723,56.0,56.4,55.1,55.3,5135223,285927535,3075,0.0
20200724,55.1,55.2,54.0,54.2,4500269,245503553,2205,-1.1
20200727,54.1,54.7,53.5,53.6,4351611,234305388,2173,-0.6
20200728,53.5,55.4,53.4,53.6,3998010,216553621,2443,0.0
20200729,53.7,54.2,53.5,53.7,1901612,102268539,1388,0.1
20200730,54.0,54.8,53.7,54.8,2738221,148444754,1469,1.1
20200731,54.5,55.0,54.2,54.2,2622176,142779123,1594,-0.6
20200803,54.3,54.5,53.8,53.9,2967736,160378653,1789,-0.3
20200804,54.1,54.7,53.8,54.5,2022420,109640078,1320,0.6
20200805,54.9,54.9,54.4,54.5,2546814,139138753,1667,0.0
20200806,54.9,55.2,54.5,54.8,2255683,123542313,1502,0.3
20200807,54.9,54.9,54.1,54.3,2147555,116718418,1549,-0.5
20200810,54.4,54.7,54.1,54.4,2041310,110990142,1370,0.1
20200811,54.7,54.7,53.7,53.7,2460000,132689995,1509,-0.7
20200812,53.7,53.9,53.2,53.6,2065091,110556214,1394,-0.1
20200813,54.0,54.0,52.8,53.1,3826692,203519715,2479,-0.5
20200814,53.1,53.7,53.0,53.6,1964636,104919379,1412,0.5
20200817,53.7,54.3,53.5,54.3,2008673,108585530,1433,0.7
20200818,54.2,54.3,53.5,54.0,2218491,119392814,1415,-0.3
20200819,54.1,54.6,53.5,53.5,2552364,137711697,1673,-0.5
20200820,53.7,53.7,50.5,51.2,5341845,275298540,3442,-2.3
20200821,51.5,52.4,51.2,51.8,2609577,135079821,1967,0.6
20200824,51.8,52.4,51.7,52.1,2009900,104606843,1288,0.3
20200825,52.3,53.5,52.3,53.1,2222374,117699533,1539,1.0
20200826,53.0,53.3,52.7,53.3,1376766,73035012,989,0.2
20200827,53.3,53.5,52.8,53.1,1334345,70861976,843,-0.2
20200828,52.9,53.4,52.6,53.0,1471031,77769127,1117,-0.1
20200831,53.4,53.4,52.2,52.2,4606008,241727324,1479,-0.8
20200901,52.4,53.4,51.9,53.0,2672124,140981272,1339,0.8
20200902,53.0,53.4,53.0,53.4,1614035,85979954,951,0.4
20200903,53.9,54.2,53.3,53.3,2374733,127686510,1400,-0.1
20200904,52.8,52.9,52.2,52.5,2549647,133939681,1435,-0.8
20200907,52.6,53.2,52.3,52.7,1231406,64983079,798,0.2
20200908,52.7,52.8,52.2,52.3,1830306,95896212,1295,-0.4
20200909,52.2,52.5,51.6,52.1,1972787,102534723,1195,-0.2
20200910,52.3,52.5,52.2,52.3,984974,51562519,787,0.2
20200911,52.3,52.7,52.0,52.7,1570627,82243023,892,0.4
20200914,52.9,52.9,52.4,52.8,1320425,69650761,896,0.1
20200915,52.9,53.2,52.8,53.2,1617428,85750347,1117,0.4
20200916,53.4,53.4,53.0,53.0,1722073,91500048,1121,-0.2
20200917,53.0,53.2,52.7,52.9,1030427,54540672,810,-0.1
20200918,53.0,53.4,52.6,52.6,3539855,187135244,1519,-0.3
20200921,53.1,53.9,53.0,53.0,2004556,106957268,1261,0.4
20200922,52.4,52.6,51.6,52.0,3515164,182864464,1829,-1.0
20200923,51.8,51.8,51.1,51.4,3900024,200167519,2193,-0.6
20200924,51.0,51.1,50.0,50.3,5463447,275181551,3071,-1.1
20200925,50.6,50.7,50.0,50.4,2181894,109661490,1367,0.1
20200928,50.8,51.5,50.7,51.0,1833793,93759181,1222,0.6
20200929,51.3,51.8,51.0,51.3,1944109,99916893,997,0.3
20200930,51.7,51.8,51.3,51.5,1666047,85853599,962,0.2
20201005,51.4,52.1,51.0,51.0,1662179,85263976,1229,-0.5
20201006,52.3,52.3,51.6,51.9,1786776,92660049,1183,0.9
20201007,51.3,51.7,51.3,51.4,1347867,69387292,1040,-0.5
20201008,51.6,52.2,51.4,52.1,1900210,98480228,1314,0.7
20201012,52.4,52.5,51.6,52.0,1928368,100247044,1263,-0.1
20201013,52.0,52.1,51.5,52.0,892781,46193212,642,0.0
20201014,52.3,52.3,51.8,51.8,1911261,99277772,843,-0.2
20201015,51.7,51.9,51.4,51.4,1125590,58034770,807,-0.4
20201016,51.4,52.1,51.2,51.2,1428810,73663192,1049,-0.2
20201019,51.5,52.3,51.5,51.9,1883694,97951088,1186,0.7
20201020,51.8,52.2,51.4,51.6,1669465,86205380,1223,-0.3
20201021,52.0,52.0,51.4,51.4,1433561,73968330,1076,-0.2
20201022,51.4,51.6,51.2,51.3,985478,50580697,704,-0.1
20201023,51.3,51.7,51.2,51.7,1182253,60793359,769,0.4
20201026,51.7,51.7,51.4,51.4,685579,35300239,555,-0.3
20201027,51.1,51.4,51.1,51.2,1457030,74611135,724,-0.2
20201028,51.2,51.4,50.8,51.0,1553955,79303709,1196,-0.2
20201029,50.7,50.7,50.0,50.4,2017519,101556121,1412,-0.6
20201030,50.2,50.3,50.0,50.1,2530176,126903354,1479,-0.3
20201102,50.3,50.5,50.2,50.3,1310523,65943372,873,0.2
20201103,50.7,51.2,50.6,51.1,1515721,77177265,965,0.8
20201104,51.4,51.4,51.0,51.1,1136856,58217291,715,0.0
20201105,51.3,51.7,51.1,51.2,1372377,70383546,805,0.1
20201106,51.5,51.6,51.1,51.3,1464312,75211388,874,0.1
20201109,51.8,52.0,51.4,51.7,1981076,102438623,1253,0.4
20201110,51.8,52.0,51.4,51.6,1933038,99974813,1122,-0.1
20201111,51.6,52.4,51.5,52.3,3034962,157990079,1869,0.7
20201112,52.4,52.5,51.9,52.3,2057042,107376760,1034,0.0
20201113,51.8,51.8,51.0,51.0,4750134,243211478,3129,-1.3
20201116,51.5,51.7,51.0,51.5,2470441,126974834,1753,0.5
20201117,51.6,51.7,51.2,51.3,2455611,126121104,1771,-0.2
20201118,51.3,51.8,51.3,51.8,3179898,164211893,1865,0.5
20201119,51.8,51.8,51.5,51.5,1909204,98560934,1257,-0.3
20201120,51.6,52.2,51.5,52.1,3054654,158739193,1894,0.6
20201123,52.4,52.7,52.1,52.4,3943581,206440078,2406,0.3
20201124,52.6,52.6,51.6,51.6,2830725,146985385,1869,-0.8
20201125,52.0,52.1,51.5,51.6,2160720,111832562,1413,0.0
20201126,51.9,52.3,51.9,52.2,2285374,119053282,1563,0.6
20201127,52.3,52.4,52.0,52.1,2353489,122748582,1607,-0.1
20201130,52.2,52.6,51.8,52.6,8184177,429201874,3079,0.5
20201201,52.7,52.7,52.1,52.4,3064182,160455554,1910,-0.2
20201202,52.4,52.6,52.2,52.2,2752820,143913840,1533,-0.2
20201203,52.2,52.3,51.6,51.6,4552295,236148168,2618,-0.6
20201204,52.0,52.6,52.0,52.5,4929337,258122559,2925,0.9
20201207,53.1,56.6,52.9,56.3,26345179,1446063368,14394,3.8
20201208,56.0,56.3,54.6,54.7,15677975,867003022,9135,-1.6
20201209,54.9,55.5,54.7,54.7,8843499,486260155,5007,0.0
20201210,54.5,54.5,53.2,53.2,9132419,489688569,5364,-1.5
20201211,53.4,53.8,52.3,53.0,6250502,330727010,3895,-0.2
20201214,53.2,53.6,52.7,52.7,6173140,327996098,2972,-0.3
20201215,52.7,53.0,52.0,52.0,4740583,248112621,2577,-0.7
20201216,52.5,53.0,52.3,52.9,4570970,240547429,2975,0.9
20201217,52.9,53.0,52.4,52.6,2363750,124317140,1487,-0.3
20201218,52.6,52.6,51.9,51.9,6137440,319979506,3137,-0.7
20201221,52.3,52.5,51.4,52.2,4488304,233558554,2805,0.3
20201222,52.1,53.2,51.8,52.0,6916187,362852952,4278,-0.2
20201223,52.3,52.5,51.9,52.1,3184274,166017373,2037,0.1
20201224,52.4,53.4,52.2,52.7,5904274,312491113,3240,0.6
20201225,53.1,54.2,53.1,53.7,7815184,419464780,4307,1.0
20201228,54.4,54.6,53.8,54.0,5124154,277424447,3453,0.3
20201229,54.3,54.3,53.3,53.4,4075172,218064724,2192,-0.6
20201230,53.5,53.9,53.1,53.6,3911754,209217975,2249,0.2
20201231,53.8,54.4,52.9,53.4,6403817,343754028,2958,-0.2
20210104,54.0,55.9,53.9,55.6,15543263,857468527,9101,2.2
20210105,55.6,56.7,55.6,56.1,16232779,911419506,9606,0.5
20210106,56.5,57.9,54.7,55.7,19182539,1079723550,10562,-0.4
20210107,56.0,56.3,55.1,55.6,7434879,412447880,4028,-0.1
20210108,55.8,56.1,54.1,56.0,11784165,649830389,6303,0.4
20210111,61.6,61.6,61.6,61.6,16580780,1021375978,5561,5.6
20210112,67.7,67.7,67.7,67.7,48822309,3305270164,14384,6.1
20210113,70.2,73.8,67.7,72.8,145332945,10198643476,68137,5.1
20210114,72.0,79.4,71.1,76.9,124043426,9409105699,66792,4.1
20210115,78.0,78.8,74.0,75.6,95218017,7294830405,51737,-1.3
20210118,76.0,78.8,72.3,77.3,63850610,4837964452,34196,1.7
20210119,76.8,77.4,75.0,76.0,21056347,1606451652,13099,-1.3
20210120,75.6,76.1,71.8,72.1,21960536,1615607913,13944,-3.9
20210121,73.0,74.0,71.8,72.5,13886016,1013681009,8600,0.4
20210122,72.5,75.9,72.5,75.6,16265768,1209460727,9857,3.1
20210125,77.0,77.0,74.4,75.3,21019259,1598269140,11296,-0.3
20210126,75.3,75.9,74.1,74.4,11398758,853606447,6664,-0.9
20210127,76.0,78.2,75.3,78.2,32554812,2508389476,17618,3.8
20210128,74.9,78.5,74.9,77.2,24357941,1871956932,12987,-1.0
20210129,78.7,78.8,74.8,74.8,19331372,1480411527,11404,-2.4
20210201,74.5,74.9,72.8,74.9,13243996,975401067,7817,0.1
20210202,74.2,76.9,73.2,73.6,45192180,3374098577,24307,-1.3
20210203,73.6,74.2,72.2,72.5,24394830,1780889046,12928,-1.1
20210204,71.8,71.8,69.6,70.4,28170316,1985175435,16743,-2.1
20210205,71.7,72.0,70.1,70.4,16726797,1184132859,9827,0.0
20210217,71.0,71.6,68.5,69.9,21263991,1484933680,13001,-0.5
20210218,70.0,70.9,69.6,70.2,16344704,1147672688,8343,0.3
20210219,70.2,70.2,68.6,69.4,15135089,1047084342,8946,-0.8
20210222,70.0,70.7,69.4,69.7,18840761,1318812523,10759,0.3
20210223,69.4,70.5,68.5,69.7,11449108,796290934,6599,0.0
20210224,70.0,73.0,69.9,70.6,42239944,3026241720,23013,0.9
20210225,73.4,73.8,71.0,71.3,30497479,2200553903,16495,0.7
20210226,69.7,71.1,69.6,70.0,16811957,1181501416,9456,-1.3
20210302,71.5,71.5,69.2,69.3,10606861,745148333,7193,-0.7
20210303,69.6,71.0,68.7,70.8,10313310,723871528,6203,1.5
20210304,71.4,71.9,70.1,70.5,16131117,1146070488,9509,-0.3
20210305,70.2,71.2,69.5,70.0,9904090,697704669,6597,-0.5
20210308,70.9,71.0,69.0,69.0,8889266,620238352,5804,-1.0
20210309,69.0,69.5,67.3,69.0,11204312,765726814,7225,0.0
20210310,69.9,70.5,69.2,69.6,6232562,435050889,3885,0.6
20210311,70.1,71.7,70.0,71.3,14541775,1034117372,8402,1.7
20210312,72.5,73.4,72.4,73.3,30673246,2236956024,18472,2.0
20210315,73.4,73.4,71.9,72.8,13176107,957446235,8061,-0.5
20210316,73.2,73.5,72.1,72.5,11887853,865746993,7543,-0.3
20210317,73.0,75.8,72.8,73.4,43072403,3202340950,26348,0.9
20210318,74.7,75.6,74.2,74.8,26708939,2000192072,16925,1.4
20210319,74.2,74.2,73.0,73.0,18438065,1352949098,11331,-1.8
20210322,72.6,74.3,72.2,74.0,14195960,1041367259,8788,1.0
20210323,76.0,79.6,75.6,76.1,70341227,5430954909,40684,2.1
20210324,76.5,77.0,75.2,75.4,18703432,1417585289,11697,-0.7
20210325,75.5,75.9,74.0,74.1,16795009,1253893319,11054,-1.3
20210326,74.6,74.8,73.4,73.8,10211298,755703100,6559,-0.3
20210329,74.4,74.8,73.8,74.1,7691988,570928439,4991,0.3
20210330,74.4,75.0,74.0,74.8,7450713,554473293,4758,0.7
20210331,73.6,74.0,72.5,72.6,19461071,1419702336,12452,-2.2
20210401,73.0,73.1,71.6,71.9,12561126,904257052,8002,-0.7
20210406,72.1,72.8,72.0,72.1,6962002,503114727,4353,0.2
20210407,72.3,73.3,72.3,73.1,8739709,636675666,5149,1.0
20210408,73.0,73.0,72.0,72.3,8989225,650406111,6014,-0.8
20210409,72.8,72.9,71.9,72.0,8201411,591470224,5084,-0.3
20210412,72.3,72.8,71.7,72.1,7162978,517746140,4591,0.1
20210413,72.1,73.4,72.0,72.1,10003465,726746860,6418,0.0
20210414,72.3,72.8,69.7,71.1,11759152,836595510,7683,-1.0
20210415,70.6,71.0,70.0,70.8,8258166,581769925,5686,-0.3
20210416,71.4,72.5,71.2,71.7,7666226,549249810,4922,0.9
20210419,71.9,72.0,70.9,71.1,6872419,489177981,4324,-0.6
20210420,71.1,71.6,70.6,71.0,6477658,460862259,3610,-0.1
20210421,71.5,72.4,70.8,70.8,10155490,723028433,6296,-0.2
20210422,71.2,71.4,69.0,69.3,15159067,1061922629,9699,-1.5
20210423,69.3,70.3,68.6,69.6,6917387,481172964,4140,0.3
20210426,70.8,70.8,69.6,69.6,5115056,357192826,3661,0.0
20210427,69.7,71.3,69.7,70.7,8269525,584971162,5121,1.1
20210428,70.4,70.9,69.5,69.7,7104260,496756554,4182,-1.0
20210429,69.9,70.0,69.0,69.0,6861823,475172952,4228,-0.7
20210503,68.9,69.0,66.0,66.7,15025614,1005592613,9374,-2.3
20210504,65.9,66.3,62.3,64.2,16875525,1084392245,9533,-2.5
20210505,63.5,65.6,63.3,63.6,9406156,607986481,5485,-0.6
20210506,64.1,64.9,63.5,64.4,5934351,380671697,3497,0.8
20210507,65.1,66.2,64.9,66.2,6158247,405420299,4112,1.8
20210510,66.2,66.2,64.9,65.4,4367599,283424696,2574,-0.8
20210511,64.3,64.3,61.5,62.0,9096125,572189728,5751,-3.4
20210512,61.3,62.9,56.5,59.8,16750320,1001127785,9626,-2.2
20210513,59.0,62.0,58.1,61.2,10632059,645931016,6230,1.4
20210514,62.2,62.6,60.5,60.9,6301314,388210160,4004,-0.3
20210517,55.8,60.3,55.8,57.8,10408816,605272550,5818,-3.1
20210518,59.3,62.8,59.3,62.7,9865396,606621893,5699,4.9
20210519,62.1,63.4,61.4,62.1,5328909,330955007,2916,-0.6
20210520,62.4,63.0,61.7,62.2,4745431,295764354,2474,0.1
20210521,63.5,64.1,62.7,63.1,4509892,285332359,2755,0.9
20210524,62.9,63.7,62.5,63.5,2835017,179154198,1864,0.4
20210525,64.1,64.7,63.8,64.3,5888392,377986431,3685,0.8
20210526,64.3,64.6,63.5,64.0,3206948,204874608,2137,-0.3
20210527,63.7,64.4,63.1,64.0,6840866,437373193,3052,0.0
20210528,65.4,65.5,64.6,64.6,4930063,320353583,3046,0.6
20210531,65.1,65.9,64.5,65.3,6284344,409531830,4163,0.7
20210601,65.8,66.7,65.4,66.4,5745855,379966555,3156,1.1
20210602,68.2,68.6,65.4,65.9,11984929,800338061,6702,-0.5
20210603,66.1,66.3,64.9,65.1,6264660,409353781,4785,-0.8
20210604,64.5,64.6,63.7,64.0,6144418,393215382,4301,-1.1
20210607,63.8,64.2,62.6,63.5,3908127,248160640,2127,-0.5
20210608,64.3,64.8,64.0,64.4,2903477,186904016,1788,0.9
20210609,64.0,64.3,63.3,63.4,2520145,160428816,1629,-1.0
20210610,63.8,64.4,63.4,64.2,2684223,171787990,1618,0.8
20210611,64.5,65.4,64.4,64.9,4088841,265492132,2455,0.7
20210615,65.6,65.7,64.8,65.0,2796195,181926755,1770,0.1
20210616,64.6,65.0,64.4,64.6,2457675,159064260,1704,-0.4
20210617,64.3,65.2,64.2,65.0,2415042,156677112,1764,0.4
20210618,65.3,66.4,65.2,65.7,9004376,591664103,4215,0.7
20210621,65.2,66.1,64.1,64.2,4338698,281047524,2901,-1.5
20210622,65.0,65.1,63.8,63.9,3187607,204323806,2132,-0.3
20210623,64.1,65.5,63.8,65.1,4126702,267525175,2801,1.2
20210624,65.2,65.8,64.9,65.4,2946503,192714808,1985,0.3
20210625,66.0,66.2,65.5,65.6,3839783,252755083,2446,0.2
20210628,65.9,66.0,65.0,65.3,2623968,171323183,1705,-0.3
20210629,65.7,65.7,64.8,65.3,4224790,275881644,2811,0.0
20210630,65.3,66.2,65.2,65.7,3843101,252989357,2615,0.4
20210701,65.9,66.2,64.8,65.1,3900711,254826951,2417,-0.6
20210702,65.1,65.1,64.6,65.0,2623699,170094596,1847,-0.1
20210705,65.6,67.4,65.2,67.0,10233854,680342543,6185,2.0
20210706,66.4,66.5,65.8,66.0,4540158,300126199,3163,-1.0
20210707,65.8,66.5,65.3,65.5,2883708,189410188,2109,-0.5
20210708,65.4,66.5,65.0,65.5,3854918,252551062,2336,0.0
20210709,65.0,65.5,64.6,65.0,2966488,192659321,1875,-0.5
20210712,65.8,66.0,65.2,65.8,3251887,213569752,1925,0.8
20210713,66.2,67.1,65.8,66.1,6652734,442484824,3861,0.3
20210714,66.5,66.7,65.7,65.8,3662825,242030399,2342,-0.3
20210715,66.5,67.2,66.0,66.7,5631995,375980849,3302,0.9
20210716,66.6,66.6,65.6,66.5,3024816,200446486,2107,-0.2
20210719,66.5,66.5,65.5,65.8,3710713,244215065,2476,-0.7
20210720,65.1,65.4,64.2,64.2,5607488,362467323,3650,-1.6
20210721,64.6,64.8,62.7,63.0,7521882,476657597,4939,-1.2
20210722,62.4,62.9,61.9,62.4,3128471,195271811,2350,0.0
20210723,62.4,62.8,62.0,62.6,2972684,185321014,1919,0.2
20210726,62.8,64.6,61.9,63.1,9282253,585520112,5730,0.5
20210727,63.5,63.7,62.4,62.5,4098908,257147703,2549,-0.6
20210728,62.7,62.9,61.3,62.2,5294995,328143276,3038,-0.3
20210729,62.8,63.2,62.3,62.7,2746263,172133640,1601,0.5
20210730,62.2,62.3,61.5,61.6,4511489,278783583,2995,-1.1
20210802,62.0,62.2,61.5,62.2,2052625,127142237,1459,0.6
20210803,62.0,62.3,61.7,62.3,1895352,117397166,1194,0.1
20210804,62.2,62.5,61.9,62.1,3188435,197911340,1707,-0.2
20210805,62.3,63.4,62.2,63.2,4720792,297208883,2908,1.1
20210806,63.2,63.8,62.8,63.7,4167320,264636737,2556,0.5
20210809,63.6,63.6,62.5,62.8,2868759,180664443,1627,-0.9
20210810,62.8,63.0,62.0,62.2,2665687,165977358,1379,-0.6
20210811,62.5,63.4,62.2,63.3,5342621,336160568,3187,1.1
20210812,63.8,64.4,63.4,63.8,5420348,345959130,3150,0.5
20210813,64.0,64.6,63.5,64.0,6224486,398749461,3509,0.2
20210816,64.0,64.7,63.1,63.9,4953046,316017190,2775,-0.1
20210817,64.7,64.7,64.0,64.4,5343270,343495663,3096,0.5
20210818,64.3,67.2,63.3,66.8,13585145,887030452,7783,2.4
20210819,65.7,65.7,63.5,64.5,14113804,911783515,8026,-2.3
20210820,65.0,66.5,63.9,65.9,11608491,760169091,6844,1.4
20210823,66.8,67.5,66.3,67.3,13116515,878230717,7612,1.4
20210824,67.6,67.6,65.5,65.7,8899378,591988687,5581,-1.6
20210825,66.3,66.6,65.2,65.7,5854349,385309010,3534,0.0
20210826,66.0,66.0,64.8,65.7,4041736,263811427,2510,0.0
20210827,65.9,66.6,65.6,66.2,5112321,338315930,3272,0.5
20210830,66.4,66.4,65.5,66.2,3318402,218453303,2223,0.0
20210831,66.3,66.3,65.4,66.3,3410786,224713612,1914,0.1
20210901,66.0,66.3,65.5,65.6,3278415,215974361,2177,-0.7
20210902,65.6,65.9,64.2,64.2,6038490,391966474,3876,-1.4
20210903,64.6,64.9,63.5,64.9,5248006,336958992,3595,0.7
20210906,65.0,65.3,63.9,64.0,3776128,243420274,2116,-0.9
20210907,64.2,64.6,63.7,64.3,3104387,199200274,1860,0.3
20210908,64.5,64.5,62.7,62.9,5533857,351002826,3003,-1.4
20210909,62.9,63.6,62.7,63.5,2503692,158331394,1662,0.6
20210910,63.6,63.6,62.9,63.5,2102869,133221172,1225,0.0
20210913,63.6,63.6,62.8,63.0,2651331,167383456,1589,-0.5
20210914,63.6,63.6,62.7,62.8,2406073,151527732,1792,-0.2
20210915,63.3,67.4,63.1,65.0,17560074,1150659599,10552,2.2
20210916,65.4,65.4,64.2,64.4,5356131,346428100,3610,-0.6
20210917,64.4,66.5,64.4,66.5,11516969,759326414,6698,2.1
20210922,65.3,66.2,64.6,66.2,8012049,523130156,4869,-0.3
20210923,66.6,68.2,65.6,68.0,23155991,1562078392,13359,1.8
20210924,68.5,69.8,68.3,68.7,22881005,1577497952,13486,0.7
20210927,69.2,69.4,68.0,68.8,9718420,666572141,6087,0.1
20210928,68.6,69.7,67.6,69.4,11673054,803661153,6703,0.6
20210929,68.7,69.2,67.9,68.7,10770353,738170429,6433,-0.7
20210930,69.7,71.8,69.5,70.3,27496166,1940341293,15528,1.6
20211001,70.0,70.1,66.7,67.6,17442186,1196350506,10949,-2.7
20211004,68.8,71.2,68.3,70.9,38282228,2688616164,22165,3.3
20211005,70.3,71.2,68.2,71.2,24511085,1714761303,14834,0.3
20211006,71.6,71.6,68.1,68.3,21598533,1500633816,12423,-2.9
20211007,69.3,70.1,68.7,69.4,11015715,765088258,6629,1.1
20211008,70.0,71.1,69.4,70.1,12944177,908785620,8141,0.7
20211012,69.5,69.6,67.8,67.9,11171997,763843100,6891,-2.2
20211013,68.6,69.3,67.9,69.0,7220193,495319505,4295,1.1
20211014,69.9,70.2,68.2,68.5,7277313,502398339,4360,-0.5
20211015,69.8,71.2,69.2,70.8,17721370,1248365380,10909,2.3
20211018,71.6,71.8,68.5,68.7,18508296,1289271846,10976,-2.1
20211019,69.0,69.5,68.0,68.0,10550686,720959850,6308,-0.7
20211020,68.7,68.7,67.1,67.9,10045859,680613252,5482,-0.1
20211021,68.4,68.5,66.5,66.5,14688966,983545181,6921,-1.4
20211022,66.9,68.0,66.6,67.9,6897756,465985081,4271,1.4
20211025,67.7,68.8,67.6,68.3,6479285,442857154,4361,0.4
20211026,68.6,68.7,67.8,68.0,5323284,362419774,3180,-0.3
20211027,68.1,68.2,67.2,67.7,4851732,328418457,3075,-0.3
20211028,67.7,69.1,67.7,68.6,6638618,455510511,4000,0.9
20211029,68.6,69.0,68.0,68.8,6705933,459924951,3556,0.2
20211101,69.2,69.2,68.3,68.6,4303816,295292230,2880,-0.2
20211102,68.9,70.3,68.8,69.1,12808332,890864957,7391,0.5
20211103,69.3,70.0,69.0,69.8,6227125,433367361,5021,0.7
20211104,70.9,71.2,69.6,70.0,11217623,790965148,7341,0.2
20211105,70.5,70.5,69.2,70.0,6507992,453788275,4422,0.0
20211108,69.7,70.3,69.0,69.6,5428325,377152244,4933,-0.4
20211109,70.0,70.3,69.2,69.6,5790723,403552664,3901,0.0
20211110,70.0,70.3,69.6,70.2,6118061,428648429,3861,0.6
20211111,70.4,71.2,69.2,69.3,9721250,681983961,6464,-0.9
20211112,69.7,69.7,68.8,68.9,5219570,360320433,3021,-0.4
20211115,69.0,69.1,68.0,68.0,8031960,548354777,4994,-0.9
20211116,68.1,68.1,66.7,67.3,10741954,722215043,7066,-0.7
20211117,67.4,67.8,66.8,66.9,5745177,385543161,3733,-0.4
20211118,67.4,67.5,66.7,67.1,5044096,338258253,3074,0.2
20211119,67.6,67.6,66.6,66.7,5160541,344932233,3427,-0.4
20211122,66.8,67.4,66.5,67.1,3233592,216572001,2100,0.4
20211123,67.0,67.0,66.3,66.6,5152798,343198804,3544,-0.5
20211124,67.0,67.3,66.6,67.1,3142415,210262682,2207,0.5
20211125,67.3,67.3,66.6,66.6,2397034,160137232,1718,-0.5
20211126,66.6,66.9,65.0,65.1,6829777,447258042,4818,-1.5
20211129,64.7,65.6,63.5,65.0,4957534,320678905,3243,-0.1
20211130,65.3,65.7,64.7,65.2,7495083,489019677,2842,0.2
20211201,65.0,65.1,64.3,64.9,3480182,225351081,2334,-0.3
20211202,64.9,65.1,64.2,64.3,3715808,239971357,2634,-0.6
20211203,64.7,65.0,64.3,64.4,3201056,206622910,1822,0.1
20211206,64.3,65.7,64.0,65.5,3806409,247794189,2201,1.1
20211207,64.8,64.9,64.2,64.3,5636221,362993388,3575,-1.2
20211208,64.5,64.7,64.2,64.3,3049688,196494312,2107,0.0
20211209,64.6,65.2,64.4,65.2,3989346,258785267,2248,0.9
20211210,65.4,65.7,65.0,65.3,4407090,288452616,2540,0.1
20211213,65.4,65.8,64.6,64.8,2868951,186658945,2430,-0.5
20211214,64.8,64.8,64.0,64.2,2995940,192476961,2316,-0.6
20211215,64.2,64.4,63.8,63.9,2919401,186813266,2155,-0.3
20211216,64.5,64.6,63.9,64.0,1637820,104971263,1242,0.1
20211217,63.8,64.7,63.6,63.9,3967849,253569623,1849,-0.1
20211220,63.8,64.4,63.6,63.6,2047092,130581219,1423,-0.3
20211221,63.6,64.2,63.6,64.1,1964456,125570590,996,0.5
20211222,64.2,64.5,64.1,64.1,1325501,85142177,973,0.0
20211223,64.4,64.8,64.2,64.6,1828445,117985880,1183,0.5
20211224,64.7,65.0,64.6,64.6,1320655,85541482,1164,0.0
20211227,64.8,65.1,64.5,65.0,1650577,107115293,1285,0.4
20211228,65.1,65.2,64.7,65.0,1494858,97016168,1025,0.0
20211229,65.1,65.4,64.9,64.9,1934390,125827866,1187,-0.1
20211230,65.0,65.3,64.7,64.9,2132534,138586681,1411,0.0
20220103,65.0,65.2,64.0,64.2,2492779,160408216,1722,-0.7
20220104,64.4,64.7,64.0,64.5,2105511,135600518,2862,0.3
20220105,64.2,66.9,64.2,66.2,14140975,938074154,8613,1.7
20220106,66.0,66.2,65.2,65.7,4275572,280264331,2995,-0.5
20220107,66.0,66.0,64.0,64.2,5229369,338271511,3910,-1.5
20220110,64.0,64.6,63.7,64.0,2414257,154496089,1699,-0.2
20220111,64.1,64.4,63.2,63.4,3442271,218897779,2380,-0.6
20220112,63.7,63.7,62.7,63.3,3476900,219019648,2601,-0.1
20220113,63.4,63.5,62.8,63.3,2298242,145012965,1755,0.0
20220114,63.0,63.3,62.3,62.4,3200265,200149227,2428,-0.9
20220117,62.2,62.6,62.0,62.4,1925423,119939334,2293,0.0
20220118,62.7,63.3,62.6,62.6,2442898,153582888,1818,0.2
20220119,62.2,62.8,62.0,62.0,3320291,206300013,2606,-0.6
20220120,62.0,62.3,61.2,62.0,3232539,199683558,2294,0.0
20220121,61.5,62.7,61.3,62.0,4272001,264633377,2709,0.0
20220124,61.8,62.0,61.2,61.5,2808287,173106602,2081,-0.5
20220125,61.1,61.2,60.3,60.4,4636975,280936330,3799,-1.1
20220126,60.5,60.6,60.0,60.0,3455773,208188648,2838,-0.4
20220207,60.1,61.0,59.7,60.2,4951800,298363742,3543,0.2
20220208,60.2,61.3,59.8,61.1,4637409,281091658,3163,0.9
20220209,61.1,61.5,60.5,61.4,3206064,196203773,2775,0.3
20220210,61.8,63.7,61.6,63.6,9767217,616612489,6191,2.2
20220211,62.8,63.4,62.6,63.3,3672492,231265924,2842,-0.3
20220214,62.4,62.6,61.8,62.3,3112212,193515834,1908,-1.0
20220215,62.4,62.6,61.9,62.0,2307996,143570582,2152,-0.3
20220216,62.7,63.0,62.4,62.9,2479857,155546950,1982,0.9
20220217,63.3,63.9,63.0,63.1,3934190,249403568,2740,0.2
20220218,62.8,63.2,62.5,63.0,1813202,114192266,1351,-0.1
20220221,63.3,64.2,63.0,64.0,6266890,399952479,3654,1.0
20220222,63.7,64.0,63.0,63.9,4573909,290892197,3295,-0.1
20220223,64.1,64.8,64.0,64.6,8708633,561354299,5063,0.7
20220224,64.1,64.7,63.5,63.7,8195239,525235805,5615,-0.9
20220225,64.1,64.3,63.1,63.8,8569595,546465961,4231,0.1
20220301,64.2,65.6,63.8,64.8,7442456,483339903,4264,1.0
20220302,64.5,65.3,64.4,64.8,3850605,249590183,2410,0.0
20220303,65.0,65.2,64.5,64.7,2712945,175769456,2316,-0.1
20220304,64.0,64.4,63.5,63.7,2914206,185865892,2630,-1.0
20220307,63.0,63.5,61.6,62.6,5755071,358445768,4499,-1.1
20220308,62.5,63.2,61.7,61.9,3803329,236737976,2568,-0.7
20220309,62.3,62.5,61.9,61.9,2308170,143369314,1745,0.0
20220310,62.5,63.1,62.5,63.0,2641180,165949260,1565,1.1
20220311,62.9,62.9,62.2,62.4,1227365,76685487,917,-0.6
20220314,62.5,62.6,61.8,62.1,1950591,121196607,1250,-0.3
20220315,62.0,62.1,61.1,61.2,2436009,149489761,1787,-0.9
20220316,61.7,61.9,60.8,61.4,3163297,193622412,2140,0.2
20220317,61.9,63.2,61.9,62.9,4388061,275121844,2636,1.5
20220318,62.9,63.2,62.0,62.7,5170076,323961385,1937,-0.2
20220321,62.9,63.3,62.2,62.3,2490761,156157575,1692,-0.4
20220322,62.6,63.0,62.5,62.8,1963422,123303572,1281,0.5
20220323,62.8,63.1,62.5,62.7,2127617,133506519,1558,-0.1
20220324,62.4,63.3,62.2,63.3,2889165,181818980,2461,0.6
20220325,63.1,63.3,62.6,62.8,1685014,106047454,1255,-0.5
20220328,62.3,63.2,62.1,63.2,1959420,122774728,1268,0.4
20220329,63.2,63.3,62.6,62.7,1224065,76958023,1278,-0.5
20220330,62.8,63.2,62.5,62.6,2672034,167835580,2053,-0.1
20220331,62.6,63.5,62.6,62.8,2805977,177049062,1795,0.2
20220401,62.6,62.7,62.0,62.1,2692704,167320505,2090,-0.7
20220406,62.1,62.3,61.6,61.8,3448896,213391970,2055,-0.3
20220407,61.7,62.0,60.8,60.8,4103061,251449332,3182,-1.0
20220408,61.2,61.4,60.7,60.8,2783672,169458015,1888,0.0
20220411,60.8,61.1,60.0,60.2,2667296,160749514,2765,-0.6
20220412,60.1,60.5,60.0,60.2,2181164,131296706,2611,0.0
20220413,60.7,61.5,60.6,61.4,2337731,142912124,2244,1.2
20220414,61.6,61.6,61.0,61.1,1182297,72327372,1343,-0.3
20220415,60.6,61.0,60.4,60.6,1570277,95285540,2117,-0.5
20220418,60.1,61.2,60.0,60.6,2000650,121184415,2323,0.0
20220419,61.1,61.8,60.1,60.1,3499503,211969393,2202,-0.5
20220420,60.4,60.9,60.1,60.5,2689058,162601602,2779,0.4
20220421,60.9,61.0,60.2,60.7,2760779,167133987,2846,0.2
20220422,60.1,60.6,59.3,60.6,4837310,289864228,3865,-0.1
20220425,59.9,59.9,59.0,59.5,3921287,232961041,3769,-1.1
20220426,59.4,59.7,59.0,59.4,2692075,159661919,2659,-0.1
20220427,58.6,58.9,57.6,58.5,3461910,201252777,2872,-0.9
20220428,58.5,59.0,58.1,59.0,2365352,138375064,2575,0.5
20220429,59.1,59.3,58.4,59.0,2655728,156114767,2063,0.0
20220503,58.8,60.1,58.6,59.9,3043068,181021852,2298,0.9
20220504,60.1,61.0,59.9,60.8,3696333,223761872,2793,0.9
20220505,61.3,61.5,60.7,61.3,2531926,154855674,2834,0.5
20220506,60.0,60.9,60.0,60.5,2294463,138757897,2611,-0.8
20220509,60.1,60.8,59.9,60.5,2854373,172310725,2096,0.0
20220510,60.2,61.5,59.7,61.5,3574991,217588726,3257,1.0
20220511,61.0,61.8,60.6,61.3,3353304,205424138,3029,-0.2
20220512,61.5,61.6,60.8,61.0,3103803,189792908,3445,-0.3
20220513,59.0,59.8,58.1,58.5,9137577,536641951,6983,-2.5
20220516,58.4,58.4,55.9,55.9,9068396,513751634,6866,-2.6
20220517,55.9,56.4,54.5,54.9,7399553,407845420,5409,-1.0
20220518,55.0,55.9,54.8,55.6,5491645,303718943,4239,0.7
20220519,54.7,54.7,53.8,54.0,6891844,373538772,4539,-1.6
20220520,54.1,54.8,54.1,54.5,3538586,192380973,3027,0.5
20220523,54.8,55.4,53.8,53.8,7870563,426707396,4271,-0.7
20220524,54.0,54.1,53.2,53.2,7953443,425467346,4197,-0.6
20220525,53.3,54.7,53.1,54.4,7866891,425744791,4518,1.2
20220526,54.8,55.1,53.9,54.4,6321127,343932347,3595,0.0
20220527,54.6,54.9,54.0,54.6,10582575,577566377,5245,0.2
20220530,54.7,54.7,53.8,54.3,12208240,660488667,6415,-0.3
20220531,54.3,56.1,53.7,54.6,98430744,5380483815,12706,0.3
20220601,54.8,56.6,54.7,56.0,23717732,1323065396,13003,1.4
20220602,55.7,57.4,55.7,56.5,22968282,1302739154,13640,0.5
20220606,56.6,56.7,55.6,56.3,9653387,542931047,6373,-0.2
20220607,56.4,56.8,56.1,56.2,6197001,349905770,3747,-0.1
20220608,56.5,56.9,56.2,56.4,6120603,346293859,3620,0.2
20220609,56.5,56.9,56.1,56.4,7056245,398681544,4395,0.0
20220610,56.1,56.8,56.0,56.4,4542707,256636828,2618,0.0
20220613,55.8,56.1,55.3,55.5,7414152,412816723,4304,-0.9
20220614,55.5,56.5,55.2,56.4,6125515,342464481,3720,0.9
20220615,56.6,57.1,56.2,56.2,6139135,347330709,4266,-0.2
20220616,56.8,56.9,55.2,55.2,6087040,340547964,3563,-1.0
20220617,54.5,55.5,54.0,55.5,12045940,662542258,3978,0.3
20220620,55.1,55.1,52.8,52.9,8883455,477477374,4712,-2.6
20220621,53.5,54.7,53.4,54.6,4196109,227175886,2525,1.7
20220622,54.6,54.7,53.0,53.2,3764213,201436449,2801,-1.4
20220623,53.7,53.7,52.1,52.5,3781491,199457232,2738,-0.7
20220624,53.2,53.4,52.6,52.7,3034824,160730821,2159,0.2
20220627,53.3,53.8,52.8,53.6,2669373,142855379,2048,0.9
20220628,53.8,53.8,52.8,53.1,1648680,87624163,1637,-0.5
20220629,52.5,52.7,52.0,52.2,3889198,203543269,3038,-0.9
20220630,51.9,52.0,49.25,49.3,9889523,493644077,7307,-2.9
20220701,49.5,49.55,47.0,47.0,8360652,400954982,5634,-2.3
20220704,46.0,46.6,45.5,45.7,4880578,224519591,3511,0.0
20220705,46.8,47.0,45.7,46.55,2996639,138874910,2723,0.85
20220706,46.6,46.65,45.1,45.1,4240313,193850740,3716,-1.45
20220707,45.25,46.25,45.1,46.25,3471652,158989744,2305,1.15
20220708,46.4,46.8,46.0,46.05,2721104,126280328,2241,-0.2
20220711,46.4,46.45,45.9,46.25,1562672,72202750,1511,0.2
20220712,45.6,45.95,45.4,45.7,2451004,111919188,2241,-0.55
20220713,46.4,47.65,46.4,47.05,4161297,196046097,2817,1.35
20220714,46.85,47.25,46.2,46.8,3091692,144797100,2877,-0.25
20220715,46.8,46.8,46.25,46.6,2568723,119465300,1869,-0.2
20220718,46.95,47.25,46.7,47.0,2121873,99711483,1541,0.4
20220719,46.95,47.1,46.6,46.9,1829452,85805323,1347,-0.1
20220720,47.4,48.05,47.25,47.5,4571451,217465412,2812,0.6
20220721,47.7,48.75,47.4,48.75,3392574,163832639,2580,1.25
20220722,49.0,49.85,48.7,49.2,4951050,244327140,3549,0.45
20220725,48.9,49.45,48.5,49.2,2231943,109528642,1928,0.0
20220726,49.1,49.1,48.7,48.7,1810553,88445970,1530,-0.5
20220727,49.15,49.25,48.6,49.0,1825620,89264489,1265,0.3
20220728,49.3,49.4,49.15,49.3,2212364,109035879,1649,0.3
20220729,49.8,49.95,49.1,49.25,1725896,85318172,1625,-0.05
20220801,49.3,49.75,48.8,49.5,2087070,103215295,1569,0.25
20220802,48.85,49.0,48.1,48.3,3120423,151154272,2448,-1.2
20220803,48.35,48.5,48.0,48.1,2161183,104151843,1717,-0.2
20220804,48.1,48.45,47.5,47.95,2466327,118212619,1664,-0.15
20220805,48.25,48.95,48.25,48.85,2003445,97548231,1549,0.9
20220808,48.25,48.85,48.1,48.6,1573064,76329701,1366,-0.25
20220809,48.3,49.2,48.3,49.1,1820479,89174327,1303,0.5
20220810,48.95,50.0,48.85,49.8,3332766,165631442,2378,0.7
20220811,50.2,50.9,50.0,50.6,4627909,233549229,2877,0.8
20220812,50.5,51.2,50.5,51.1,4683519,238732904,3263,0.5
20220815,51.2,51.2,50.3,50.4,3306301,167259905,2306,-0.7
20220816,50.4,50.8,50.2,50.4,2225510,112328615,1569,0.0
20220817,50.4,50.8,50.0,50.4,2977097,149905114,2052,0.0
20220818,50.4,50.4,49.8,50.2,1260315,63099491,1165,-0.2
20220819,50.1,50.8,50.0,50.6,1305536,65879760,1033,0.4
20220822,50.2,50.6,49.95,50.2,1460072,73323172,1135,-0.4
20220823,50.0,50.2,49.85,50.0,1281406,64090013,1014,-0.2
20220824,50.0,50.6,50.0,50.3,1697705,85358440,1064,0.3
20220825,50.7,50.9,50.4,50.7,1808173,91582078,1398,0.4
20220826,51.0,51.8,50.7,51.6,3645348,186858027,2471,0.9
20220829,50.4,50.6,50.1,50.2,2945316,148185621,2179,-1.4
20220830,50.4,50.7,50.2,50.6,2332044,117689598,1467,0.4
20220831,50.3,51.0,50.3,50.6,1761788,89267412,1098,0.0
20220901,50.5,50.6,50.0,50.2,2376952,119412323,1707,-0.4
20220902,50.3,50.7,50.1,50.1,1509818,75966607,1108,-0.1
20220905,50.2,50.6,50.0,50.1,1890655,94873841,1307,0.0
20220906,50.2,50.2,48.15,48.15,5287265,258218458,4658,-1.95
20220907,47.7,48.0,47.1,47.15,3274352,155250198,3056,-1.0
20220908,47.9,48.2,47.4,48.1,1483764,70882774,1222,0.95
20220912,49.05,49.2,48.35,49.0,1837713,89813866,1435,0.9
20220913,49.2,50.3,49.05,49.8,2266124,112591134,1728,0.8
20220914,48.9,49.15,48.5,48.85,2114361,103363227,1956,-0.95
20220915,48.75,49.3,48.7,48.9,1444132,70774521,1259,0.05
20220916,48.6,48.85,48.0,48.0,3995682,192504879,2407,-0.9
20220919,48.5,48.5,47.8,48.0,1274201,61186014,1068,0.0
20220920,48.3,48.45,48.0,48.3,738404,35583078,696,0.3
20220921,48.25,48.3,47.2,47.35,1987768,94559136,1835,-0.95
20220922,46.95,47.4,46.65,47.2,1409604,66195560,1424,-0.15
20220923,47.2,47.55,46.7,46.75,1791454,84079110,1570,-0.45
20220926,46.5,46.55,45.7,45.8,3164717,145429870,2679,-0.95
20220927,46.15,46.55,45.9,46.4,1596655,73861770,1197,0.6
20220928,46.3,46.5,45.15,45.15,2564296,116465427,2406,-1.25
20220929,45.35,46.3,45.25,45.95,2784518,127480685,1934,0.8
20220930,45.3,45.95,45.25,45.85,1837132,83808763,1356,-0.1
20221003,45.35,45.85,45.3,45.3,1365640,62019731,1219,-0.55
20221004,45.9,46.25,45.7,46.05,1100334,50580273,893,0.75
20221005,46.5,46.95,46.35,46.55,2014013,93999117,1384,0.5
20221006,46.8,47.1,46.5,47.0,1425887,66837892,1107,0.45
20221007,46.9,47.55,46.8,47.4,1719677,81322803,1742,0.4
20221011,46.65,46.9,46.05,46.35,2009676,93306921,1790,-1.05
20221012,46.25,46.75,45.65,46.15,1187908,54800636,1082,-0.2
20221013,45.85,46.15,45.25,45.25,3289876,150041583,1999,-0.9
20221014,46.2,46.5,45.8,46.1,2535359,117029499,1601,0.85
20221017,46.2,46.95,45.5,46.45,2843398,131918202,1778,0.35
20221018,47.55,47.55,46.25,46.3,2329522,108625650,1527,-0.15
20221019,46.8,47.0,46.0,46.0,2012156,93420970,1526,-0.3
20221020,46.05,46.15,45.25,45.95,2603376,118953002,1747,-0.05
20221021,46.5,46.5,45.5,45.6,2724757,125281470,1230,-0.35
20221024,46.5,46.5,45.7,45.95,2163752,99902283,1250,0.35
20221025,46.45,46.45,45.5,45.75,1949858,89574867,1470,-0.2
20221026,46.0,46.0,45.25,45.5,1978854,90102354,1266,-0.25
20221027,46.2,46.2,45.6,45.85,1658860,76118896,1049,0.35
20221028,46.1,46.1,45.35,45.5,2037764,92879412,1333,-0.35
20221031,45.9,45.9,45.2,45.2,2161602,98131097,1500,-0.3
20221101,45.45,45.65,44.8,45.45,1931268,87264517,2132,0.25
20221102,45.65,45.9,45.4,45.7,1255120,57373582,1405,0.25
20221103,45.8,45.8,45.35,45.55,1373674,62607777,1214,-0.15
20221104,45.8,45.8,45.15,45.65,1715489,78101424,1259,0.1
20221107,45.95,46.3,45.75,46.3,1869023,86204218,1234,0.65
20221108,46.5,47.0,46.45,46.85,2565469,119977909,1501,0.55
20221109,47.3,48.45,47.15,48.2,4470283,214471081,3393,1.35
20221110,47.95,48.1,47.4,47.55,3248385,154944424,2158,-0.65
20221111,48.7,48.9,48.0,48.85,6726528,326436996,3861,1.3
20221114,49.1,49.8,48.55,49.5,4647682,229250754,3241,0.65
20221115,49.95,50.0,49.4,49.6,3676345,182494444,2807,0.1
20221116,49.7,50.8,49.3,50.1,5476778,274216607,3854,0.5
20221117,50.5,50.5,49.8,49.9,2152925,107618053,1501,-0.2
20221118,50.3,50.3,49.5,49.65,2253743,112131429,1435,-0.25
20221121,49.7,49.8,49.35,49.55,1294302,64140358,987,-0.1
20221122,49.8,50.1,49.5,50.0,1791668,89411316,1419,0.45
20221123,50.2,50.2,49.7,49.75,1412692,70460575,1106,-0.25
20221124,49.5,50.0,49.5,49.85,1434485,71484141,1031,0.1
20221125,50.0,50.1,49.6,49.95,1939605,96837093,1183,0.1
20221128,49.95,50.0,49.0,49.95,1952289,96779806,1186,0.0
20221129,50.2,50.2,49.45,50.1,2311220,115529587,1299,0.15
20221130,50.5,52.2,50.3,52.1,7468335,385467014,4493,2.0
20221201,52.8,52.8,51.8,51.9,4778996,249528493,3213,-0.2
20221202,51.8,54.6,51.8,54.0,12951738,696826630,7989,2.1
20221205,54.8,54.9,53.8,54.2,7293769,396663756,5129,0.2
20221206,54.0,54.0,52.8,53.2,4773970,254356532,3166,-1.0
20221207,53.0,53.2,52.1,52.8,3838465,202139531,2564,-0.4
20221208,53.2,53.2,52.5,52.7,2544481,134595720,1613,-0.1
20221209,53.3,53.3,52.7,53.2,2413123,127919074,1684,0.5
20221212,52.9,53.1,52.6,52.8,1358723,71731999,929,-0.4
20221213,53.4,54.3,53.1,53.7,6047289,325232428,3423,0.9
20221214,53.9,53.9,52.9,53.7,2694232,144148157,2510,0.0
20221215,54.2,54.2,53.4,53.8,1923992,103234597,1318,0.1
20221216,52.8,53.0,52.3,52.6,3657244,192665471,1984,-1.2
20221219,52.3,52.5,51.7,51.9,1908207,99319442,1220,-0.7
20221220,52.3,52.3,50.9,51.0,2290224,117926633,1494,-0.9
20221221,51.2,51.7,50.6,50.6,1973905,100536275,1294,-0.4
20221222,51.2,52.2,50.9,52.0,2611296,135158233,1722,1.4
20221223,51.1,51.8,51.0,51.4,1091941,56128432,921,-0.6
20221226,52.2,52.2,51.0,51.1,947545,48748406,770,-0.3
20221227,51.2,52.0,51.2,52.0,1095521,56755230,792,0.9
20221228,51.8,52.7,51.6,52.3,3628636,189748614,2573,0.3
20221229,52.0,52.1,51.0,51.0,2768864,142118083,2066,-1.3
20221230,51.8,52.3,51.4,51.9,3056858,158706480,1713,0.9
20230103,52.2,52.2,50.3,51.3,2551899,130279712,1888,-0.6
20230104,51.0,51.8,51.0,51.4,1226139,62985023,926,0.1
20230105,51.6,51.9,50.9,51.0,1317908,67691407,944,-0.4
20230106,51.6,52.4,51.3,52.4,4400509,229340258,2856,1.4
20230109,52.9,53.5,52.4,53.2,4533949,240759370,2928,0.8
20230110,53.2,53.8,53.0,53.4,2589523,138028895,1862,0.2
20230111,53.5,53.9,53.3,53.8,3475409,186505783,2303,0.4
20230112,54.0,54.0,52.7,52.7,2685449,142852830,1940,-1.1
20230113,53.2,53.5,52.6,52.6,1735322,91735055,1144,-0.1
20230116,53.1,53.1,52.2,52.4,1203764,63450597,982,-0.2
20230117,52.4,52.7,52.0,52.2,1414550,73888115,982,-0.2
20230130,53.4,56.0,52.7,55.4,16710471,916276520,8152,3.2
20230131,55.2,55.4,54.0,54.2,8356097,455659184,5439,-1.2
20230201,54.7,55.3,54.3,55.0,5271925,288957307,3056,0.8
20230202,55.3,56.8,55.1,56.4,13129331,735444186,6937,1.4
20230203,56.4,56.9,56.1,56.3,7525756,424801445,4518,-0.1
20230206,56.5,57.0,56.1,56.5,4919362,278139273,2852,0.2
20230207,56.1,56.6,55.7,56.2,2898004,162627908,1944,-0.3
20230208,56.6,56.7,55.8,55.8,3746390,210032149,2229,-0.4
20230209,55.5,55.9,55.3,55.5,3057726,169706790,1775,-0.3
20230210,55.3,55.5,54.5,54.6,5207262,285604847,2868,-0.9
20230213,54.8,55.2,54.4,54.9,1988150,109066546,1316,0.3
20230214,55.4,55.5,54.9,55.1,1433962,79151674,1072,0.2
20230215,55.2,55.3,54.2,54.5,4140225,226426659,2505,-0.6
20230216,54.9,55.3,54.5,55.1,2361308,129890967,1560,0.6
20230217,55.1,55.5,54.5,55.3,1934403,106612252,1331,0.2
20230220,55.8,56.2,55.4,56.0,3182987,177753205,1989,0.7
20230221,56.0,56.1,55.5,55.7,2099875,117126139,1539,-0.3
20230222,55.4,55.4,54.7,55.2,2337231,128790883,1520,-0.5
20230223,55.6,56.4,55.3,56.0,3953997,221712898,2626,0.8
20230224,56.5,56.6,55.5,55.5,2988472,167269546,1764,-0.5
20230301,55.0,55.4,54.8,55.3,2206114,121687609,1505,-0.2
20230302,55.9,55.9,55.0,55.2,1786975,98871764,1246,-0.1
20230303,55.6,55.6,55.0,55.2,1527159,84396379,1188,0.0
20230306,55.3,56.1,55.1,55.9,3071739,170895288,1913,0.7
20230307,55.9,56.8,55.8,56.0,4043588,227363274,2546,0.1
20230308,55.8,56.0,54.8,55.2,5766721,318308222,3638,-0.8
20230309,55.5,55.5,54.7,54.9,2629273,144552799,1953,-0.3
20230310,54.4,54.5,53.4,53.6,4684549,252554857,3486,-1.3
20230313,53.0,53.6,52.6,53.6,2168612,115359379,1570,0.0
20230314,52.7,53.2,52.5,52.9,1726099,91236677,1335,-0.7
20230315,53.2,53.2,52.6,52.7,1829943,96709427,1501,-0.2
20230316,52.4,52.5,51.6,51.9,2633598,136949430,2276,-0.8
20230317,52.1,52.7,52.1,52.2,3413244,178413595,1118,0.3
20230320,52.2,53.2,52.1,53.0,1888951,99734198,1577,0.8
20230321,53.3,53.6,53.0,53.3,1564515,83370923,1417,0.3
20230322,53.4,53.6,53.1,53.3,1420041,75707324,1269,0.0
20230323,53.4,54.0,53.1,53.9,2483416,133337345,1754,0.6
20230324,54.1,55.0,53.9,54.7,3168808,172386896,1889,0.8
20230327,54.7,54.9,53.8,54.0,2901624,157536304,1865,-0.7
20230328,54.2,54.4,53.4,53.5,1357086,72911443,1168,-0.5
20230329,53.9,55.7,53.9,55.5,7685381,424147453,4977,2.0
20230330,55.8,56.1,55.3,55.6,4542508,252711168,2682,0.1
20230331,55.9,56.3,55.6,55.9,4447278,248609926,2826,0.3
20230406,56.3,56.5,55.6,56.1,4297101,240860289,2851,0.2
20230407,56.3,56.4,55.5,55.5,2549034,142517096,1869,-0.6
20230410,55.7,55.8,55.2,55.5,1494140,82870982,1195,0.0
20230411,55.5,55.7,55.3,55.7,1252438,69580168,916,0.2
20230412,55.5,55.7,55.1,55.3,1716838,95021393,1578,-0.4
20230413,55.3,55.3,54.6,54.7,1758385,96627848,1338,-0.6
20230414,54.8,55.4,54.8,54.8,1714320,94423539,1264,0.1
20230417,55.2,55.5,55.0,55.0,1252251,69031488,985,0.2
20230418,55.3,55.4,54.8,54.8,1289514,71065410,1252,-0.2
20230419,55.3,56.2,55.0,55.0,3777119,209789501,2867,0.2
20230420,55.1,55.3,54.4,54.4,1848061,100973566,1845,-0.6
20230421,54.3,54.7,53.8,53.8,1985609,107321708,1530,-0.6
20230424,53.3,53.9,53.2,53.4,1132722,60609872,1026,-0.4
20230425,53.6,53.7,52.5,52.6,2131003,112682827,1476,-0.8
20230426,52.7,53.2,52.7,52.9,1287843,68216590,1180,0.3
20230427,52.9,53.5,52.5,53.4,1315581,69883711,861,0.5
20230428,54.0,54.0,53.5,53.9,1144173,61533188,898,0.5
20230502,53.9,54.3,53.5,53.8,1125538,60664480,868,-0.1
20230503,53.6,54.0,53.4,53.8,926224,49735849,892,0.0
20230504,53.5,54.0,53.5,53.8,942722,50721012,611,0.0
20230505,53.9,54.0,53.4,53.8,1383989,74284920,942,0.0
20230508,53.4,53.6,53.2,53.5,1394950,74468197,1106,-0.3
20230509,53.8,54.0,53.3,53.8,1391506,74744102,939,0.3
20230510,53.8,53.8,52.8,53.1,1633519,86831480,1279,-0.7
20230511,53.2,53.2,52.2,52.4,1878845,98826267,1527,-0.7
20230512,52.0,52.6,51.7,52.2,2203550,114789232,1567,-0.2
20230515,52.2,52.7,51.6,52.7,1344480,70234147,911,0.5
20230516,52.9,53.2,52.7,52.8,1195526,63331240,1163,0.1
20230517,53.2,53.7,53.0,53.5,1749111,93460082,1559,0.7
20230518,53.6,54.0,53.5,53.7,1460557,78606881,1167,0.2
20230519,53.9,54.1,53.6,53.9,1635042,88091650,1299,0.2
20230522,53.8,54.1,53.7,54.0,783295,42206950,771,0.1
20230523,54.2,54.3,53.8,53.9,1037323,56020904,770,-0.1
20230524,54.0,54.0,53.6,54.0,982316,52873056,1203,0.1
20230525,53.7,54.0,53.5,53.6,1183051,63417966,1162,-0.4
20230526,53.5,53.6,53.2,53.2,1076452,57400469,1157,-0.4
20230529,53.5,54.3,53.5,54.2,1669499,90192913,1185,1.0
20230530,54.3,54.9,54.1,54.5,2741123,149432636,2164,0.3
20230531,54.9,55.1,54.3,54.3,4375203,239006781,3025,-0.2
20230601,54.4,55.8,54.3,55.8,5254324,290441322,3375,1.5
20230602,56.2,56.3,55.6,55.9,4604969,257477710,2856,0.1
20230605,56.2,56.2,55.5,55.8,1953537,108865847,2328,-0.1
20230606,55.8,55.9,55.3,55.7,2469288,137444042,1811,-0.1
20230607,55.7,55.8,55.3,55.3,1724399,95650490,2934,-0.4
20230608,55.3,55.3,54.8,55.0,1872088,102968294,1808,-0.3
20230609,55.1,55.2,54.6,54.6,1505700,82489791,1322,-0.4
20230612,54.5,56.0,54.5,55.4,2551741,141319979,1833,0.8
20230613,56.0,56.2,55.6,55.8,4275604,239203542,2893,0.4
20230614,56.2,57.4,56.1,56.5,7967940,452842380,5392,0.7
20230615,56.8,57.2,56.2,56.5,3903478,221062011,2923,0.0
20230616,57.0,57.1,56.0,56.0,5185452,292219867,2257,-0.5
20230619,56.1,56.6,55.6,56.5,2590558,145208127,2179,0.5
20230620,56.7,56.7,55.9,56.1,1515472,85295208,1208,-0.4
20230621,56.1,56.2,55.6,55.6,2140124,119601041,1633,-0.5
20230626,56.0,58.4,55.5,57.6,8287310,476642942,5260,2.0
20230627,57.6,57.6,55.7,55.8,4542804,256460157,3335,-1.8
20230628,56.1,56.5,55.8,56.0,2022767,113568160,1233,0.2
20230629,56.5,56.5,55.8,55.8,2357501,132173308,1614,-0.2
20230630,55.6,56.0,55.1,55.6,2965581,164737990,1798,-0.2
20230703,56.0,56.7,55.9,56.0,4303573,241668699,2240,0.4
20230704,54.8,55.0,54.6,54.7,2112348,115760706,1497,0.0
20230705,54.7,54.7,53.7,53.7,3538949,191015312,2442,-1.0
20230706,53.7,53.7,52.7,53.0,3682442,195661245,2693,-0.7
20230707,52.5,53.4,52.4,52.9,2309077,121925025,1694,-0.1
20230710,52.9,53.6,52.8,52.9,1790207,95170277,1296,0.0
20230711,53.5,53.8,53.3,53.6,1308925,70126906,1020,0.7
20230712,53.9,54.4,53.7,54.0,1987557,107486620,1487,0.4
20230713,54.5,56.2,54.5,54.9,6160860,341513600,4037,0.9
20230714,55.5,56.2,55.2,56.2,5170808,288614029,3206,1.3
20230717,56.3,57.5,56.2,57.2,7614377,434508609,5630,1.0
20230718,57.4,59.0,57.0,57.4,9838788,568534979,6927,0.2
20230719,57.5,57.9,55.6,55.9,4707370,265278546,3629,-1.5
20230720,55.7,55.9,55.2,55.2,1842225,102186243,1464,-0.7
20230721,54.9,55.0,53.9,54.3,3112924,169215758,2145,-0.9
20230724,54.4,55.7,53.6,55.0,3073066,167372755,1732,0.7
20230725,55.2,60.5,55.2,59.5,37627109,2225718930,19046,4.5
20230726,60.0,60.4,56.9,57.0,17152011,1001840383,12248,-2.5
20230727,57.0,58.0,56.5,56.9,5165484,294867395,3674,-0.1
20230728,56.7,56.9,55.9,56.3,3886241,218349563,2783,-0.6
20230731,56.8,56.9,55.5,55.7,3703030,207725288,2405,-0.6
20230801,55.8,56.4,55.7,55.7,2424659,135446309,1542,0.0
20230802,55.3,55.8,54.4,54.5,5149623,283002783,3571,-1.2
20230804,54.5,55.1,54.5,54.8,1774384,97195749,1371,0.3
20230807,56.1,57.2,56.0,56.2,3564045,201045102,2612,1.4
20230808,56.6,57.1,56.1,56.6,3250499,183779679,2126,0.4
20230809,56.6,57.3,56.4,56.9,3550228,202152827,2471,0.3
20230810,57.1,57.6,56.1,56.2,3467879,196361695,2431,-0.7
20230811,56.9,56.9,55.8,56.1,1883049,105707874,1232,-0.1
20230814,56.3,56.3,54.7,55.7,2935514,162358313,1903,-0.4
20230815,55.6,55.9,55.2,55.5,1508071,83740559,1171,-0.2
20230816,55.0,55.2,54.5,54.8,2575949,141160968,1808,-0.7
20230817,54.2,55.5,53.8,54.9,2467162,134819899,1644,0.1
20230818,54.6,55.5,54.6,55.0,1759080,96646258,1168,0.1
20230821,55.2,55.2,54.3,54.3,1234344,67370573,1022,-0.7
20230822,54.5,54.6,54.1,54.3,1488800,80779067,1102,0.0
20230823,54.1,54.9,54.0,54.8,1094086,59760189,875,0.5
20230824,55.4,56.2,55.2,55.5,2188237,121803010,1579,0.7
20230825,55.1,55.6,54.7,54.8,1369900,75443123,1390,-0.7
20230828,55.1,55.6,54.6,54.7,1337036,73658694,1059,-0.1
20230829,55.0,55.0,54.0,54.8,1881097,102346164,1387,0.1
20230830,55.0,55.5,54.8,55.3,1582098,87303865,1162,0.5
20230831,55.3,56.1,54.9,55.7,2810156,156501247,2214,0.4
20230901,56.0,57.2,55.8,57.0,5217393,295675680,3534,1.3
20230904,57.4,57.4,55.5,55.9,3153937,177009701,3059,-1.1
20230905,55.8,56.5,55.7,56.3,1531959,86024628,1084,0.4
20230906,56.7,57.4,56.5,57.1,5205167,296956095,3294,0.8
20230907,56.7,57.3,56.4,56.5,2785869,158078067,2286,-0.6
20230908,56.6,57.2,56.5,57.1,2891723,164723262,2381,0.6
20230911,57.5,57.8,56.0,56.2,3544245,200520056,3131,-0.9
20230912,56.7,57.5,56.5,57.3,4208901,240616692,2574,1.1
20230913,57.5,57.6,56.4,56.5,3059707,173700319,3575,-0.8
20230914,57.2,57.7,57.1,57.5,4301958,246946951,2936,1.0
20230915,57.9,59.0,57.1,59.0,10050042,585663390,5058,1.5
20230918,59.0,59.0,57.1,57.1,10835412,627528213,6024,-1.9
20230919,57.9,62.8,57.5,60.7,46369696,2842959265,23657,3.6
20230920,61.3,61.4,58.7,58.9,20947762,1252468419,11462,-1.8
20230921,58.8,59.3,57.6,58.0,10022212,583992552,6205,-0.9
20230922,57.6,58.3,57.4,57.5,5845278,337271363,3929,-0.5
20230925,57.7,58.1,57.0,57.6,4229563,243112562,2464,0.1
20230926,57.4,57.5,56.2,56.3,4506986,255670844,3057,-1.3
20230927,55.9,56.4,55.5,55.9,4722538,263902352,2861,-0.4
20230928,56.3,58.1,55.9,57.7,6046093,345117589,3295,1.8
20231002,57.6,58.2,56.9,57.6,5499124,316364363,3397,-0.1
20231003,57.9,58.4,57.4,57.4,4404735,254793266,2829,-0.2
20231004,56.8,57.1,56.1,57.1,3342724,189491752,2546,-0.3
20231005,57.4,58.3,57.2,58.2,3872570,224458349,2412,1.1
20231006,57.4,57.4,55.8,56.5,8625318,488255879,6371,-1.7
20231011,57.4,57.5,56.8,57.4,4516312,258617375,2788,0.9
20231012,57.6,58.0,57.2,58.0,3891526,224732331,2456,0.6
20231013,57.4,57.8,57.0,57.2,2693492,154410027,2003,-0.8
20231016,56.9,56.9,56.3,56.6,2398069,135643371,1829,-0.6
20231017,57.1,57.1,56.3,56.4,2442474,138076748,1412,-0.2
20231018,56.8,56.8,55.2,55.5,4483359,249547339,2777,-0.9
20231019,55.8,55.8,54.6,55.1,3087955,170157816,2275,-0.4
20231020,54.5,54.9,54.2,54.7,2341440,127590830,1678,-0.4
20231023,54.1,54.1,52.0,53.5,4939059,262751264,3400,-1.2
20231024,53.6,53.6,52.4,53.1,2710990,143388303,2106,-0.4
20231025,53.4,53.8,53.3,53.3,1496120,80082071,1136,0.2
20231026,52.8,52.8,52.3,52.3,2677137,140503946,2253,-1.0
20231027,52.6,53.3,52.6,52.9,1433818,75819575,1089,0.6
20231030,53.1,53.3,51.8,51.8,4028025,209744317,3163,-1.1
20231031,51.8,52.9,51.8,52.4,4311405,226145378,2611,0.6
20231101,52.2,52.7,52.0,52.2,2567760,134324334,1738,-0.2
20231102,52.8,53.2,52.7,53.0,1439757,76199545,1054,0.8
20231103,53.3,53.3,52.6,52.7,1381268,72945273,1189,-0.3
20231106,52.1,53.1,52.0,52.5,3371450,177090716,2311,-0.2
20231107,52.6,52.6,52.1,52.2,1936861,101150600,1450,-0.3
20231108,52.6,53.0,52.2,52.2,2349816,123413221,1513,0.0
20231109,52.3,52.7,52.2,52.3,1686786,88378232,1216,0.1
20231110,52.1,52.3,51.9,52.2,1136020,59244424,1043,-0.1
20231113,52.5,52.7,52.2,52.3,1024836,53657963,842,0.1
20231114,52.3,52.9,52.0,52.3,2606141,136702051,1616,0.0
20231115,53.0,53.4,52.4,52.9,3769414,199100235,2672,0.6
20231116,52.9,53.0,52.4,52.8,2279645,120153759,1594,-0.1
20231117,52.8,53.5,52.8,53.2,2825610,150163661,1818,0.4
20231120,53.3,53.4,52.8,53.0,1946126,103167903,1391,-0.2
20231121,53.3,53.6,53.0,53.5,2492421,132914179,1690,0.5
20231122,53.9,53.9,53.0,53.3,1950898,104048272,1524,-0.2
20231123,53.4,53.5,52.9,53.3,2013942,107054039,1238,0.0
20231124,53.4,53.7,53.2,53.3,1079129,57554385,816,0.0
20231127,53.4,53.8,52.9,53.0,2053069,109397633,1376,-0.3
20231128,53.1,53.6,53.0,53.4,1462771,78058892,1152,0.4
20231129,53.3,53.6,53.3,53.4,1645349,87991289,1260,0.0
20231130,53.5,53.6,53.1,53.3,1829189,97576461,1438,-0.1
20231201,53.2,53.3,53.0,53.2,1944865,103373303,1512,-0.1
20231204,53.2,53.6,53.2,53.2,1774450,94575987,1260,0.0
20231205,53.2,53.8,53.0,53.1,2045539,108970191,1548,-0.1
20231206,52.6,52.6,51.7,52.0,6553954,341134398,4703,-1.1
20231207,51.9,52.2,51.5,51.5,3687587,190825899,2715,-0.5
20231208,51.6,51.8,51.5,51.6,1775755,91711269,1366,0.1
20231211,52.0,52.0,51.2,51.3,2619472,134429102,2171,-0.3
20231212,51.9,51.9,51.2,51.3,2074213,106523618,1521,0.0
20231213,51.4,52.2,51.4,52.0,2179836,113159005,1658,0.7
20231214,52.2,52.3,51.7,52.0,2783331,144435724,2050,0.0
20231215,52.2,52.3,52.0,52.0,5361774,279078265,2227,0.0
20231218,51.9,52.1,51.7,52.0,1694044,87985109,1251,0.0
20231219,51.9,51.9,51.4,51.6,1747378,90081261,1572,-0.4
20231220,51.7,52.3,51.6,52.3,1691313,87940248,1314,0.7
20231221,51.5,52.0,51.5,51.7,1218507,62963832,1052,-0.6
20231222,51.5,51.8,51.4,51.7,2146124,110709687,1876,0.0
20231225,51.7,52.1,51.7,51.9,1053995,54718897,744,0.2
20231226,52.2,52.3,52.0,52.2,1424177,74294367,1021,0.3
20231227,52.2,52.4,52.1,52.4,1687122,88233548,1389,0.2
20231228,52.1,52.9,52.1,52.7,2537848,132826570,1715,0.3
20231229,52.8,53.6,52.5,53.1,4025113,213926540,2356,0.4
20240102,53.1,53.3,52.5,52.8,1502417,79386308,1203,-0.3
20240103,52.4,52.5,51.9,52.1,1909266,99552685,1700,-0.7
20240104,52.1,52.1,51.8,51.9,1144641,59448389,1032,-0.2
20240105,51.9,52.2,51.6,51.8,1386253,71833391,1179,-0.1
20240108,51.6,52.0,51.5,51.6,2100471,108486706,1675,-0.2
20240109,51.8,52.0,51.5,51.5,1454279,75103416,1224,-0.1
20240110,51.5,51.5,50.9,51.2,2196194,112327313,1583,-0.3
20240111,51.6,51.6,51.2,51.3,895855,46005101,913,0.1
20240112,51.3,51.5,51.2,51.4,1002022,51456270,988,0.1
20240115,51.4,51.5,51.2,51.3,986770,50659381,821,-0.1
20240116,51.1,51.2,50.2,50.8,2936812,148770292,2123,-0.5
20240117,50.3,50.6,49.65,49.65,4582246,229068312,3473,-1.15
20240118,49.6,50.1,49.6,49.6,2167800,107693394,1604,-0.05
20240119,49.5,49.85,49.45,49.7,2100354,104301381,1742,0.1
20240122,50.0,50.5,49.9,50.2,1202553,60237014,1214,0.5
20240123,50.2,50.5,50.0,50.2,1094571,55003343,1020,0.0
20240124,50.3,50.6,50.2,50.4,972033,48952470,868,0.2
20240125,50.4,50.8,50.2,50.6,1326280,66945231,1069,0.2
20240126,50.3,50.7,50.2,50.5,1224267,61759807,1178,-0.1
20240129,50.2,50.7,50.2,50.7,1061637,53651399,942,0.2
20240130,50.7,50.9,50.0,50.4,1630330,82139646,1263,-0.3
20240131,50.2,50.5,50.0,50.5,1685145,84753306,1022,0.1
20240201,50.7,50.9,50.2,50.8,1257670,63686702,1021,0.3
20240202,51.0,51.0,50.5,50.9,1238014,62830370,1107,0.1
20240205,50.3,50.5,50.1,50.2,1678318,84272010,1417,-0.7
20240215,49.7,49.8,49.05,49.4,3097903,152694361,2693,-0.8
20240216,49.4,49.6,49.25,49.4,2044172,101070235,1754,0.0
20240219,49.75,50.5,49.7,50.3,1576100,79010263,1618,0.9
20240220,50.3,50.5,50.1,50.3,1101704,55348440,1112,0.0
20240221,50.4,50.5,50.0,50.1,1645793,82520366,1384,-0.2
20240222,50.5,51.0,50.4,50.7,2438842,123754415,1709,0.6
20240223,50.6,50.8,50.0,50.1,1400230,70438893,1506,-0.6
20240226,49.85,50.2,49.85,50.0,1477678,73911817,1474,-0.1
20240227,50.0,50.2,49.6,49.7,2222174,110774882,1810,-0.3
20240229,49.95,49.95,49.6,49.7,2328727,115802369,1306,0.0
20240301,49.7,49.9,49.2,49.3,2165782,107135550,2129,-0.4
20240304,49.3,50.5,49.3,50.0,2423094,120838240,1814,0.7
20240305,50.4,50.9,50.0,50.5,3298484,166453478,2301,0.5
20240306,50.0,50.0,49.7,49.8,2203014,109758168,2056,-0.7
20240307,49.6,50.3,49.15,50.1,4257179,211220685,2912,0.3
20240308,50.3,50.3,49.15,49.2,3686042,182237021,2773,-0.9
20240311,49.2,51.0,48.8,50.3,5276341,263119549,3720,1.1
20240312,50.6,55.3,50.6,55.3,27897587,1510604552,11737,5.0
20240313,60.8,60.8,56.3,58.9,109493788,6480066397,48921,3.6
20240314,58.9,58.9,53.6,53.7,46468654,2553191628,24962,-5.2
20240315,55.5,58.0,55.0,55.6,67796573,3833762599,37437,1.9
20240318,56.5,56.5,54.1,55.4,23792244,1307635629,15770,-0.2
20240319,54.4,58.9,54.1,58.1,31091194,1742366650,17531,2.7
20240320,57.7,60.0,57.3,58.2,72896031,4286208833,40200,0.1
20240321,58.9,60.2,57.9,59.1,42086857,2483874286,25842,0.9
20240322,59.1,60.4,58.6,59.0,34228738,2032364634,20250,-0.1
20240325,59.2,59.3,57.9,58.7,17614029,1033915025,11560,-0.3
20240326,59.1,59.5,57.3,57.9,19101854,1117169771,12266,-0.8
20240327,58.0,63.6,58.0,63.6,68988636,4297579597,34161,5.7
20240328,64.5,68.7,64.1,65.1,144985571,9586458980,78223,1.5
20240329,65.1,65.2,62.1,63.0,53600823,3399277070,32523,-2.1
20240401,63.5,65.7,63.2,63.8,35207067,2269912825,21751,0.8
20240402,63.9,65.2,63.1,64.9,35299989,2273151189,23108,1.1
20240403,63.6,64.2,63.0,64.0,26865299,1708679089,16259,-0.9
20240408,63.6,63.7,62.5,63.5,22685756,1431732407,13450,-0.5
20240409,63.9,64.6,62.8,63.0,23822425,1516430007,13844,-0.5
20240410,63.3,63.5,61.1,61.2,24767033,1536382203,14865,-1.8
20240411,61.0,61.0,58.2,59.1,31131796,1848524757,19227,-2.1
20240412,59.1,59.4,58.3,58.5,13934346,819698799,9011,-0.6
20240415,58.0,58.3,57.1,57.5,11868465,683749543,7117,-1.0
20240416,57.0,57.1,54.5,55.0,15901351,882568249,10269,-2.5
20240417,55.8,56.2,55.0,55.6,11279745,627906167,7382,0.6
20240418,55.0,56.5,54.7,56.5,8052791,450201367,4192,0.9
20240419,56.0,56.1,54.2,55.8,11397518,631292958,6234,-0.7
20240422,56.1,57.2,55.6,57.0,10580352,597643005,6094,1.2
20240423,57.6,61.5,57.2,60.3,31188102,1852900518,18948,3.3
20240424,61.4,63.0,60.9,62.0,45797254,2838704229,28569,1.7
20240425,61.3,62.2,60.7,60.9,14320126,876967850,11342,-1.1
20240426,61.3,62.5,61.1,61.4,14315759,884399866,8796,0.5
20240429,62.0,64.4,61.9,62.4,27736217,1747340733,19647,1.0
20240430,62.5,63.2,61.6,61.6,10083778,626229473,8057,-0.8
20240502,61.3,61.3,60.4,60.7,6470998,393412534,4856,-0.9
20240503,61.3,62.5,60.5,60.7,10739996,659296854,6551,0.0
20240506,61.5,62.9,61.1,62.1,20202911,1254953246,12269,1.4
20240507,62.6,63.0,60.7,61.7,13707783,845281324,9918,-0.4
20240508,62.0,62.1,61.1,61.3,7149274,439189981,4514,-0.4
20240509,61.5,62.8,60.8,60.8,12153396,750644584,7617,-0.5
20240510,61.2,61.2,60.0,60.6,6543072,395170610,4233,-0.2
20240513,60.8,61.1,59.8,60.1,5417118,326333665,3831,-0.5
20240514,60.1,61.4,59.9,60.9,8129474,492653865,4900,0.8
20240515,60.4,61.2,59.3,60.1,8758358,529213484,6618,-0.8
20240516,60.6,62.3,60.6,61.1,11537328,708712959,7061,1.0
20240517,61.3,61.5,60.5,61.2,4578927,279412578,3414,0.1
20240520,61.6,63.0,61.0,62.1,16631281,1033425880,9435,0.9
20240521,62.2,65.8,62.2,64.8,46210613,2954551182,26917,2.7
20240522,64.0,64.5,63.2,63.6,29779787,1901919328,24841,-1.2
20240523,63.8,67.9,62.5,65.3,71275751,4652888307,39196,1.7
20240524,64.1,65.2,63.1,65.0,26705334,1723680514,16335,-0.3
20240527,68.0,71.5,67.9,71.5,92964757,6602077544,33246,6.5
20240528,73.9,76.9,71.7,72.7,207675202,15348464704,112387,1.2
20240529,73.7,76.5,73.0,74.6,132372446,9933763115,75183,1.9
20240530,73.3,74.9,71.3,72.1,66808178,4876581118,47382,-2.5
20240531,73.0,78.4,72.8,73.1,174066511,13178893678,88427,1.0
20240603,75.5,75.8,71.9,72.2,76757879,5636252784,54428,-0.9
20240604,72.2,72.4,67.9,68.1,58763030,4091626411,37326,-4.1
20240605,68.2,71.1,66.8,69.3,58505553,4061186683,34667,1.2
20240606,71.2,71.9,68.0,68.5,58710115,4108497264,37941,-0.8
20240607,68.0,69.2,67.6,67.8,18656025,1271968413,14685,-0.7
20240611,67.8,68.1,66.0,66.2,21590529,1443928218,14246,-1.6
20240612,66.6,68.0,66.2,67.8,17120286,1147379582,11120,1.6
20240613,67.9,69.0,67.6,68.2,21884162,1493634215,14077,0.4
20240614,68.5,69.3,67.6,68.7,18430914,1264057171,11836,0.5
20240617,69.0,69.4,67.9,68.1,15772296,1078792931,11384,-0.6
20240618,68.8,69.5,68.1,68.2,12956271,890087325,8684,0.1
20240619,68.6,69.8,68.0,68.0,19749184,1357325650,12594,-0.2
20240620,68.2,72.5,68.2,72.2,60382314,4287887235,35958,4.2
20240621,71.5,71.9,70.6,71.8,27581391,1965781055,17601,-0.4
20240624,71.5,71.8,69.9,70.3,16620119,1170559479,11534,-1.5
20240625,70.7,74.0,69.6,73.4,41625067,2993913980,24015,3.1
20240626,73.9,74.0,71.8,72.3,31741502,2308048571,19406,-1.1
20240627,71.6,72.1,70.4,70.6,19012455,1349552478,12900,-1.7
20240628,71.4,72.9,70.6,71.3,24172915,1735464411,15339,0.7
20240701,71.4,71.5,70.2,70.4,16168338,1144054717,10236,-0.9
20240702,69.5,69.5,67.6,67.6,17265497,1181421975,12318,0.0
20240703,67.8,68.8,67.5,67.5,13163756,894221551,8566,-0.1
20240704,67.9,70.7,67.8,70.1,36339726,2531544213,20599,2.6
20240705,70.4,71.7,69.9,71.5,26172700,1855459377,15484,1.4
20240708,72.3,74.0,71.5,71.6,47119368,3420919856,31670,0.1
20240709,71.7,73.8,70.5,72.0,42452775,3067702162,28654,0.4
20240710,72.0,73.7,71.4,73.1,26815009,1949209353,15895,1.1
20240711,74.5,74.8,72.7,73.0,36443072,2682312942,22555,-0.1
20240712,72.4,72.7,71.5,71.5,17423625,1254282797,12291,-1.5
20240715,71.8,71.9,70.5,70.6,11457516,813850694,7729,-0.9
20240716,70.9,71.2,69.5,69.5,12336130,865997095,7813,-1.1
20240717,69.8,71.4,69.5,70.4,13537005,954887158,8594,0.9
20240718,69.5,69.7,68.5,68.9,13216323,912324257,10436,-1.5
20240719,68.6,68.9,67.5,67.5,12403283,842973228,8529,-1.4
20240722,67.6,67.9,64.3,64.3,18643363,1219677364,11675,-3.2
20240723,65.2,65.5,64.8,65.1,9775626,637311515,7251,0.8
20240726,62.1,64.9,62.1,64.4,7455360,475496166,5504,-0.7
20240729,65.0,65.6,63.6,63.7,7259658,467182991,5080,-0.7
20240730,63.5,65.3,62.8,64.9,6666861,428158027,5304,1.2
20240731,64.4,66.1,64.3,65.3,4960729,324799256,4655,0.4
20240801,65.9,67.0,65.8,66.8,7606813,505800437,5060,1.5
20240802,65.1,65.8,64.1,64.3,7900786,512233882,5781,-2.5
20240805,62.0,62.0,57.9,57.9,14083892,827207410,9737,-6.4
20240806,58.5,59.7,55.0,57.6,13389934,769562594,8004,-0.3
20240807,58.0,61.2,58.0,60.7,10363398,622203186,7267,3.1
20240808,59.5,60.7,58.8,59.7,5745885,343053985,4581,-1.0
20240809,61.0,62.0,60.8,61.0,8063228,494456329,5384,1.3
20240812,61.0,62.3,61.0,61.7,6707420,413833762,4476,0.7
20240813,61.9,62.7,61.5,62.6,5810036,361610723,3965,0.9
20240814,63.1,63.5,62.2,62.6,7041013,442097591,4658,0.0
20240815,62.8,63.4,62.2,62.8,4098525,257571073,2677,0.2
20240816,63.2,65.0,63.1,64.4,11337540,725349910,6566,1.6
20240819,67.9,68.0,65.0,65.4,30186500,1989533844,17715,1.0
20240820,65.6,71.4,65.6,69.7,61843375,4292462286,35955,4.3
20240821,69.7,69.8,68.5,68.6,21464674,1479980459,17086,-1.1
20240822,68.7,69.5,67.6,67.6,11291732,770364232,7951,-1.0
20240823,67.0,68.2,66.4,68.0,8879295,596322266,7014,0.4
20240826,68.5,69.4,67.9,68.1,9798912,672216475,7296,0.1
20240827,67.7,68.6,67.5,68.4,5700623,388383779,4968,0.3
20240828,68.5,69.2,67.9,69.0,9866623,678629224,7957,0.6
20240829,68.3,68.7,67.8,68.5,5680201,387965053,4189,-0.5
20240830,68.8,69.3,68.2,68.4,5269884,361656099,3700,-0.1
20240902,68.6,68.8,67.6,67.6,5310599,361685805,3881,-0.8
20240903,67.7,68.3,66.9,67.0,4637250,313001381,3612,-0.6
20240904,63.7,64.6,61.7,63.6,9812213,623428446,7306,-3.4
20240905,63.9,64.7,63.0,63.0,5262174,335725295,3884,-0.6
20240906,63.0,63.6,62.2,63.1,3424366,215871492,2723,0.1
20240909,61.7,63.1,61.4,63.0,3343261,207951717,2469,-0.1
20240910,63.4,63.7,61.1,61.6,4884773,303921861,3957,-1.4
20240911,61.8,62.5,61.7,61.9,2328441,144574488,1843,0.3
20240912,62.8,63.9,62.8,63.5,3708110,235212423,2986,1.6
20240913,64.1,64.3,63.4,64.3,2818914,180317256,2555,0.8
20240916,64.5,65.5,64.2,65.3,3362755,218302906,2694,1.0
20240918,65.3,65.3,63.5,63.6,3755103,241079371,4976,-1.7
20240919,64.0,64.8,63.8,64.7,3351658,215663123,2393,1.1
20240920,65.2,66.0,65.0,65.0,6730110,440075256,4263,0.3
20240923,65.6,66.0,65.0,65.0,3261988,213515465,3231,0.0
20240924,65.7,65.7,64.5,65.3,3705201,241222524,3803,0.3
20240925,66.0,66.7,65.8,66.4,6708826,444860097,5707,1.1
20240926,67.4,68.3,66.5,66.6,11481561,773837355,7970,0.2
20240927,67.0,67.3,66.5,66.6,5978947,399787722,4692,0.0
20240930,66.7,66.9,66.1,66.4,4666113,310253392,3746,-0.2
20241001,66.7,66.9,65.5,65.9,4033657,266467140,3285,-0.5
20241004,65.9,67.4,65.7,66.2,6012168,399771711,4253,0.3
20241007,66.2,66.5,65.3,65.7,6557484,431399133,4952,-0.5
20241008,65.4,65.5,64.4,64.6,4897864,317564334,3531,-1.1
20241009,65.0,67.3,64.6,66.7,9138254,602679162,5190,2.1
20241011,66.7,67.1,65.7,66.3,7537135,500152013,7359,-0.4
20241014,65.8,66.0,65.2,65.6,2885674,189423865,2189,-0.7
20241015,66.3,67.4,66.2,67.0,8675441,580737025,5963,1.4
20241016,66.4,67.7,66.3,67.4,7581270,509364683,8589,0.4
20241017,67.6,68.3,67.3,67.7,5795617,392177243,4996,0.3
20241018,68.2,68.2,66.7,67.0,4778933,321866297,4344,-0.7
20241021,67.3,68.0,67.0,67.9,6198550,419534477,4279,0.9
20241022,68.0,68.4,67.4,68.1,5998042,408043973,5221,0.2
20241023,68.3,70.5,67.8,68.3,14198266,979226766,10045,0.2
20241024,68.5,73.3,68.5,69.8,118442144,8456326543,61736,1.5
20241025,71.5,73.3,70.8,72.7,92580887,6693038877,56196,2.9
20241028,73.6,75.9,71.8,71.8,84097250,6182671397,63654,-0.9
20241029,71.4,73.6,69.0,73.3,46733038,3348728239,30738,1.5
20241030,75.7,80.6,75.2,80.6,267534986,21185712633,111457,7.3
20241101,79.2,82.0,77.5,81.5,246062947,19678375354,111125,0.9
20241104,81.5,88.6,79.2,86.9,169179631,14109836063,83900,5.4
20241105,86.5,90.4,85.0,85.0,200967195,17654323078,120564,-1.9
20241106,85.4,89.0,85.0,87.2,141425453,12294314098,77415,2.2
20241107,89.5,95.9,89.2,95.9,187725307,17735979317,72536,8.7
20241108,98.0,99.0,95.9,97.3,195298193,19064362114,96109,1.4
20241111,97.3,97.9,94.2,96.5,98234021,9442067218,52277,-0.8
20241112,95.7,96.3,91.4,93.5,90216461,8464494150,47126,-3.0
20241113,94.5,95.7,93.2,93.6,75973648,7169624657,40741,0.1
20241114,93.6,95.5,91.5,92.0,70322763,6546643830,35895,-1.6
20241115,95.9,99.9,94.7,96.6,213829816,20851942666,101819,4.6
20241118,95.4,97.2,87.9,88.4,140679360,12928574455,73301,-8.2
20241119,91.2,95.2,89.5,93.8,131244301,12122977358,65449,5.4
20241120,88.0,89.7,84.5,84.5,178326554,15429029891,113075,-9.3
20241121,82.5,84.5,80.2,80.9,117053384,9601756885,63890,-3.6
20241122,83.0,84.5,82.2,82.2,85317724,7109374284,49222,1.3
20241125,83.2,86.5,82.8,83.7,67492072,5717161310,39113,1.5
20241126,82.9,84.6,81.7,82.8,35756577,2973102032,20829,-0.9
20241127,83.0,83.5,80.2,80.3,40814607,3332629846,23247,-2.5
20241128,81.0,81.9,77.4,78.0,64146592,5059071578,30106,-2.3
20241129,78.3,81.7,76.8,80.4,54339628,4339863397,29643,2.4
20241202,81.2,82.3,79.4,79.7,41615765,3355344516,23394,-0.7
20241203,80.1,81.7,80.0,80.4,23237516,1876189844,13602,0.7
20241204,81.0,82.4,80.5,81.3,32972477,2685527648,18294,0.9
20241205,84.6,89.3,84.1,86.5,157725503,13684297402,79475,5.2
20241206,88.4,91.1,86.0,87.2,190091013,16761415955,111140,0.7
20241209,87.5,89.2,85.7,85.8,77038493,6707435165,42263,-1.4
20241210,85.8,86.4,82.5,82.9,53292417,4468092373,30304,-2.9
20241211,82.1,84.4,81.7,83.8,34743424,2897897134,19792,0.9
20241212,84.2,85.4,82.0,82.3,46486834,3890866461,25554,-1.5
20241213,82.1,82.8,79.5,80.0,39115492,3155230482,23824,-2.3
20241216,80.5,80.7,76.5,76.6,38385322,2993459378,25009,-3.4
20241217,77.1,79.0,76.6,78.0,23132042,1801026151,15288,1.4
20241218,77.8,78.6,76.9,77.3,18145759,1407182291,14047,-0.7
20241219,75.3,76.2,75.0,76.1,19220225,1453846116,13344,-1.2
20241220,75.9,77.4,75.5,76.7,17455392,1336071097,11089,0.6
20241223,77.7,78.8,77.2,77.4,16790614,1306791660,11065,0.7
20241224,77.9,78.8,76.5,76.5,16984293,1315687916,12311,-0.9
20241225,77.1,78.5,77.1,78.2,13029884,1012651921,8084,1.7
20241226,78.3,78.7,77.2,77.4,15093077,1174821839,9788,-0.8
20241227,77.4,77.7,76.1,76.3,13735755,1051886310,8503,-1.1
20241230,76.5,76.7,75.0,75.0,9953214,752446623,7705,-1.3
20241231,75.0,75.1,74.0,74.4,10278664,765446708,7840,-0.6
20250102,74.7,77.8,74.3,76.3,25838340,1974645410,14685,1.9
20250103,76.6,77.2,75.3,75.7,13051385,993102158,8891,-0.6
20250106,79.6,80.1,77.1,77.7,57026440,4458200791,31007,2.0
20250107,78.6,79.5,77.4,77.7,36187579,2842187315,22733,0.0
20250108,77.7,78.5,77.3,77.7,11217904,873448144,8102,0.0
20250109,78.0,78.0,76.6,77.1,15938940,1229959613,9648,-0.6
20250110,77.1,77.8,75.7,77.5,14406892,1109222518,8897,0.4
20250113,76.5,76.9,73.5,74.1,26476876,1976392440,17223,-3.4
20250114,74.8,75.4,74.1,74.7,9726643,726201322,6843,0.6
20250115,74.7,75.3,73.7,73.9,9220815,685679768,6597,-0.8
20250116,75.5,77.4,75.3,77.2,21573036,1652516957,13603,3.3
20250117,77.6,78.1,76.7,76.8,13813866,1068511492,9694,-0.4
20250120,77.5,79.0,76.7,78.4,14049997,1094747385,8980,1.6
20250121,77.8,78.3,77.2,77.5,10924293,848960364,7443,-0.9
20250122,78.1,78.4,77.4,78.2,12367802,963786547,7735,0.7
20250203,75.5,75.8,74.0,75.6,15176372,1135545730,11869,-2.6
20250204,76.0,76.3,71.3,71.7,22899126,1672036503,16650,-3.9
20250205,72.3,72.9,72.0,72.4,9044480,654914621,6143,0.7
20250206,72.8,74.5,72.8,74.4,10548637,779545434,7577,2.0
20250207,74.0,75.0,73.6,75.0,9468320,704532305,8215,0.6
20250210,74.4,74.4,72.4,73.2,12329591,903008417,8547,-1.8
20250211,73.7,76.0,73.7,75.5,15641636,1176642516,10776,2.3
20250212,76.1,76.2,74.3,74.3,10565937,794825076,9363,-1.2
20250213,74.6,75.2,74.2,74.8,5137355,383467322,4458,0.5
20250214,74.9,74.9,74.1,74.6,5227341,389292675,3675,-0.2
20250217,74.8,76.3,74.8,75.3,7603948,573296076,5145,0.7
20250218,75.5,75.7,74.5,75.5,7085904,532331067,5029,0.2
20250219,75.6,78.6,75.2,77.8,39328913,3061243131,23768,2.3
20250220,77.8,78.2,77.4,78.0,13782545,1072293702,9540,0.2
20250221,77.9,78.9,77.5,78.9,12451032,977269312,8766,0.9
20250224,78.0,78.8,77.8,78.1,7365171,576095188,9301,-0.8
20250225,77.5,78.0,76.8,76.8,9214419,709981513,7922,-1.3
20250226,76.5,78.4,76.2,78.2,10179122,790192398,7239,1.4
20250227,78.3,78.6,76.2,76.3,10875922,837466870,11040,-1.9
20250303,75.8,76.3,74.5,74.7,8823672,662200183,7038,-1.6
20250304,73.5,74.7,72.4,74.6,7786835,573414083,6393,-0.1
20250305,74.9,75.4,74.3,75.3,6212919,466015162,4604,0.7
20250306,76.9,77.3,75.3,75.3,14769844,1124616667,10225,0.0
20250307,74.9,75.7,74.3,74.3,6643985,497037084,5100,-1.0
20250310,74.5,74.9,73.4,74.3,7121355,528010062,5218,0.0
20250311,72.1,72.5,70.5,72.2,12940943,928965721,9222,-2.1
20250312,72.3,73.7,72.3,73.1,6161646,449379125,4258,0.9
20250313,72.0,72.2,68.6,68.6,32320358,2280000545,22919,-4.5
20250314,68.7,70.3,68.7,70.1,10075411,701096970,6165,1.5
20250317,70.9,72.3,70.3,70.8,8880438,631803120,7781,0.7
20250318,71.4,71.8,70.6,70.7,6219500,442104775,6403,-0.1
20250319,71.0,71.2,69.6,69.8,6168106,433278364,5668,-0.9
20250320,70.4,70.9,69.8,70.2,5768220,405143087,4316,0.4
20250321,70.5,70.6,69.5,69.6,8171065,570720076,4173,-0.6
20250324,70.2,70.6,68.6,68.6,6013372,416382179,5691,-1.0
20250325,69.6,69.8,68.4,68.5,4449508,306676533,3843,-0.1
20250326,69.0,69.6,68.7,69.1,3245070,224313164,2964,0.6
20250327,68.2,68.2,67.1,67.1,8459796,571512714,6798,-2.0
20250328,66.7,66.9,64.7,65.3,10164192,666947319,7252,-1.8
20250331,62.5,63.5,61.4,61.8,12690893,790198163,8940,-3.5
20250401,62.8,64.2,62.3,64.0,6140699,389626271,4545,2.2
20250402,64.2,64.4,63.3,64.0,4731555,302223323,3078,0.0
20250407,57.6,57.6,57.6,57.6,3145323,181170379,1721,-6.4
20250408,51.9,53.5,51.9,51.9,18978903,989922175,11526,-5.7
20250409,49.05,51.3,46.75,47.8,28909150,1406086853,16598,-4.1
20250410,52.5,52.5,52.5,52.5,1759711,92384785,1262,4.7
20250411,51.4,54.6,50.1,54.5,19442064,1032642955,13277,2.0
20250414,56.8,58.6,55.5,56.3,17664741,1003433836,12759,1.8
20250415,56.7,58.4,56.4,58.3,9704562,559731904,7609,2.0
20250416,57.3,58.5,56.9,57.1,8375495,481359706,6636,-1.2
20250417,56.7,58.0,56.3,57.5,6813256,389255593,4806,0.4
20250418,57.6,57.8,56.9,57.4,5175088,296450884,4218,-0.1
20250421,57.5,58.0,56.0,56.0,4897741,278436366,4207,-1.4
20250422,55.6,56.6,55.0,55.3,3854645,214623510,3063,-0.7
20250423,57.0,58.0,56.8,57.9,5576754,320754554,4076,2.6
20250424,56.8,57.0,55.8,56.2,12528161,705524866,8153,-1.7
20250425,57.5,59.0,57.5,57.8,14277434,829192474,9212,1.6
20250428,58.8,59.0,58.2,58.6,7051058,413807520,5397,0.8
20250429,58.2,59.2,58.1,59.2,6390915,376139445,4618,0.6
20250430,59.2,60.5,59.0,59.0,10585747,631234833,7206,-0.2
20250502,60.0,60.9,59.5,60.6,7682974,462730899,5264,1.6
20250505,61.0,61.0,57.1,58.9,13417336,785986444,9331,-1.7
20250506,59.4,60.3,59.3,60.1,8829522,529372965,6204,1.2
20250507,60.5,60.5,59.3,59.6,5722589,342116282,4372,-0.5
20250508,60.1,60.4,59.6,59.8,4722597,283330677,2955,0.2
20250509,59.4,59.8,58.3,59.2,8828447,521182183,5938,-0.6
20250512,59.9,61.0,59.9,61.0,8625667,522786309,5730,1.8
20250513,62.6,62.8,60.7,60.8,10382044,638166251,6873,-0.2
20250514,61.2,64.7,61.2,62.4,19925594,1233800656,10609,1.6
20250515,62.4,62.4,60.8,60.9,8732632,535473516,6607,-1.5
20250516,61.0,61.5,60.6,61.0,4434541,270688695,3355,0.1
20250519,61.0,61.0,59.2,59.2,6515323,390215042,5222,-1.8
20250520,60.5,60.5,59.1,59.3,3722862,221817801,3049,0.1
20250521,59.5,60.2,59.3,60.2,3839170,229602699,2853,0.9
20250522,59.1,59.6,59.0,59.2,3912680,231626547,3253,-1.0
20250523,59.5,60.1,59.0,59.0,3783180,224475117,2692,-0.2
20250526,59.0,60.2,59.0,59.8,3753453,224491051,2866,0.8
20250527,61.0,61.4,60.0,60.1,13032769,789400591,8714,0.3
20250528,60.9,60.9,59.2,59.5,7606378,455895471,5396,-0.6
20250529,60.1,60.9,59.8,60.6,7379729,445385414,4533,1.1
20250602,59.9,60.2,57.8,58.0,9331337,547286095,7002,-2.6
20250603,58.3,58.7,57.5,57.6,4815126,279052660,3636,-0.4
20250604,58.4,59.8,58.3,59.6,8164523,485015537,4851,2.0
20250605,60.0,60.8,59.6,60.3,6930715,417570335,5033,0.7
20250606,62.0,63.6,61.5,61.7,39962415,2482431053,24220,1.4
20250609,62.2,62.2,61.0,61.0,11587125,711142323,8313,-0.7
20250610,61.3,62.1,61.2,62.0,9420112,582757865,6368,1.0
20250611,62.5,62.9,62.1,62.8,9838546,614839615,6465,0.8
20250612,63.0,65.5,62.7,65.0,28132335,1810329260,19181,2.2
20250613,64.3,65.3,63.7,64.3,16353114,1055279643,11500,-0.7
20250616,63.9,64.7,63.6,64.4,8063655,517140458,5459,0.1
20250617,64.6,64.9,63.4,63.6,9156678,587378182,6549,-0.8
20250618,63.2,64.2,63.1,63.5,5364314,341539734,4170,-0.1
20250619,63.8,64.0,62.4,62.5,6935792,435937826,5033,-1.0
20250620,62.4,63.2,61.5,62.7,14322072,895887977,5331,0.2
20250623,61.3,62.6,61.0,62.6,4795963,296786139,4019,-0.1
20250624,63.8,64.8,63.2,64.6,8225397,529404680,5904,2.0
20250625,65.2,65.5,64.2,64.7,7781031,503858361,5280,0.1
20250626,65.0,65.7,64.5,64.5,6445278,418921390,4830,-0.2
20250627,65.1,65.2,64.5,64.6,5926433,383756348,4115,0.1
20250630,64.7,64.9,63.5,63.5,5789822,369767304,4251,-1.1
20250701,63.7,65.4,63.6,65.0,10030948,649993232,6254,1.5
20250702,64.0,64.3,63.4,63.4,8439361,538064171,5511,0.0
20250703,64.0,64.6,63.9,64.5,5743111,369057668,3829,1.1
20250704,64.5,64.6,63.0,63.1,5348506,340220929,4306,-1.4
20250707,63.1,63.6,62.3,63.0,5181663,326824877,3747,-0.1
20250708,62.8,64.3,62.4,63.8,7237709,459699862,5159,0.8
20250709,64.0,64.4,63.6,63.9,4770358,305561404,3481,0.1
20250710,64.1,64.3,63.5,63.7,4049455,258606421,2975,-0.2
20250711,64.0,65.2,64.0,64.3,8504243,548673016,5672,0.6
20250714,64.5,64.6,63.2,63.2,4466396,283585574,3596,-1.1
20250715,63.0,64.0,63.0,63.9,3929156,250433692,2827,0.7
20250716,63.9,64.6,63.6,63.6,5571305,357208801,4096,-0.3
20250717,64.0,65.1,64.0,64.6,7100878,458801130,5180,1.0
20250718,65.0,67.8,64.6,65.4,25320022,1671693815,16674,0.8
20250721,65.4,65.9,64.4,64.4,8638265,560656696,6128,-1.0
20250722,64.5,64.5,62.4,62.4,10638510,672998904,7784,-2.0
20250723,63.0,63.8,62.6,63.4,6420153,405780223,4285,1.0
20250724,63.8,64.8,63.7,64.6,8631965,555528211,6073,1.2
20250725,65.2,65.9,64.5,64.6,11405238,742146867,7356,0.0
20250728,65.0,65.4,64.4,64.6,5988992,389273478,4326,0.0
20250729,64.7,65.0,63.5,63.8,5127673,328991723,4077,-0.8
20250730,64.4,64.8,63.5,64.7,3898123,250665956,3529,0.9
20250731,64.7,65.5,64.5,64.9,8053992,524280129,5170,0.2
20250801,63.9,66.6,63.1,66.1,12170121,798259067,9330,1.2
20250804,65.1,66.4,64.3,66.1,9719434,636146287,7099,0.0
20250805,67.0,72.5,66.9,70.1,55737565,3903907594,35764,4.0
20250806,71.0,72.1,69.2,69.6,44812647,3156881848,38672,-0.5
20250807,70.3,71.7,69.0,69.2,26698166,1870530135,18527,-0.4
20250808,69.6,70.2,68.2,69.4,18855137,1304903411,13183,0.2
20250811,74.1,76.3,73.3,76.3,90155812,6828984560,39243,6.9
20250812,77.2,77.7,71.6,71.7,123937191,9214981075,82369,-4.6
20250813,71.9,72.4,69.5,70.2,50850834,3594936778,33344,-1.5
20250814,70.3,72.2,69.7,71.9,37219357,2645087321,22128,1.7
20250815,73.1,74.0,71.7,71.8,50978769,3700427203,28885,-0.1
20250818,72.1,74.0,71.7,72.8,37498758,2737566054,22980,1.0
20250819,73.8,74.2,71.5,71.6,30086152,2187134239,25583,-1.2
20250820,70.9,71.1,69.0,69.2,23068508,1608289567,17091,-2.4
20250821,69.8,71.2,69.4,70.0,25006123,1755166666,12875,0.8
20250822,70.3,71.2,69.3,69.3,13785648,966409859,9602,-0.7
20250825,70.8,74.7,70.6,73.0,50762676,3709846613,29958,3.7
20250826,73.5,73.6,72.5,72.8,20289933,1481639904,18126,-0.2
20250827,73.3,73.4,71.7,71.8,17024100,1229494492,15300,-1.0
20250828,71.9,72.7,71.0,71.7,12820791,922362583,8635,-0.1
20250829,72.7,73.0,71.1,71.1,14620251,1049529764,8915,-0.6
20250901,71.3,71.3,69.0,69.2,13653549,952660771,10164,-1.9
20250902,69.7,70.2,66.5,67.7,16305541,1108911384,11819,-1.5
20250903,67.7,69.8,67.1,69.4,12615334,865187956,9402,1.7
20250904,71.0,73.0,69.4,69.7,24964401,1778191700,16514,0.3
20250905,70.3,70.6,68.5,68.7,13902652,959406479,12110,-1.0
20250908,69.0,69.5,67.9,68.6,11569158,791981193,7678,-0.1
20250909,69.0,69.9,68.6,69.5,8807630,610781987,6368,0.9
20250910,70.0,72.8,69.6,71.8,32721888,2344776727,21411,2.3
20250911,72.6,72.7,70.6,70.8,17439205,1246405546,19481,-1.0
20250912,71.5,72.3,70.9,71.4,11524081,824148550,9930,0.6
20250915,72.0,72.4,70.2,70.8,10397650,739156024,14528,-0.6
20250916,70.9,70.9,69.6,70.0,9747715,682322274,8119,-0.8
20250917,69.8,70.4,68.7,68.8,9224425,639306134,7191,-1.2
20250918,69.2,70.1,68.4,70.1,9448236,655898229,6907,1.3
20250919,70.4,70.5,69.7,69.9,9588890,671164742,5616,-0.2
20250922,70.5,71.6,70.2,70.6,8962197,634824127,5440,0.7
20250923,71.3,71.9,70.7,70.7,12283479,875689236,7966,0.1
20250924,71.0,71.5,68.8,69.7,13145203,916498898,9787,-1.0
20250925,70.2,72.7,70.0,71.9,33141069,2376493893,19720,2.2
20250926,71.0,72.1,68.6,70.1,33922062,2367310168,27333,-1.8
20250930,70.5,71.1,70.2,70.3,11670774,823137436,8549,0.2
20251001,70.6,71.4,70.0,70.1,11959567,845752428,8579,-0.2
20251002,70.9,71.3,70.3,71.0,11330060,803469280,7808,0.9
20251003,71.0,71.3,70.4,70.6,7586824,536142357,6575,-0.4
20251007,71.1,72.2,70.9,71.1,12672614,903695129,7488,0.5
20251008,70.9,70.9,69.8,70.1,9404576,659741867,8775,-1.0
20251009,70.4,70.4,69.5,69.5,10450504,729791593,8031,-0.6
20251013,66.1,67.7,65.6,67.6,14214541,948255485,11316,-1.9
20251014,68.0,68.4,65.1,65.3,18147482,1206885927,14485,-2.3
20251015,65.7,66.0,64.6,64.7,11412268,740945495,9803,-0.6
20251016,65.6,67.5,65.6,66.9,12139034,809560629,9052,2.2
20251017,66.8,67.5,66.2,66.8,6800834,455264338,5474,-0.1
20251020,67.8,69.4,67.7,68.7,12593908,863077036,8716,1.9
20251021,69.1,69.7,68.6,68.9,9642678,666580881,7757,0.2
20251022,68.9,69.7,68.3,69.5,6415127,443672163,5487,0.6
20251023,69.1,69.2,68.5,69.1,4978947,342839285,4223,-0.4
20251027,70.1,70.5,69.3,69.7,7989690,557063071,5738,0.6
20251028,70.3,71.5,70.2,70.8,16633144,1178158633,10726,1.1
20251029,71.5,74.6,71.5,73.2,42941195,3150046134,31885,2.4
20251030,74.0,75.4,71.4,72.2,52961952,3893373377,53056,-1.0
20251031,72.6,72.7,70.9,71.5,15000251,1075232909,19988,-0.7
20251103,71.3,71.7,70.3,70.9,9801849,695034346,7779,-0.6
20251104,70.9,71.4,69.0,69.0,10291071,719999107,8690,-1.9
20251105,67.4,68.5,66.6,68.4,11695072,791046970,9316,-0.6
20251106,70.1,70.9,69.5,70.1,9015081,632884369,6232,1.7
20251107,69.9,70.8,69.2,69.2,7040720,491312758,9885,-0.9
20251110,69.7,70.0,69.0,69.9,5440659,377908937,5763,0.7
20251111,70.2,72.3,70.2,70.7,12284630,874503161,9539,0.8
20251112,71.0,72.2,70.4,70.9,9573695,682330264,9461,0.2
20251113,70.9,71.1,68.4,68.7,24944797,1719667251,24054,-2.2
20251114,67.5,68.1,66.8,66.8,13501638,908576785,10971,-1.9
20251117,67.3,67.4,66.1,66.4,7109336,474252888,5382,-0.4
20251118,65.7,66.3,64.3,64.4,11441945,744773745,10817,-2.0
20251119,64.5,65.2,63.5,64.2,5724642,368423554,4518,-0.2
20251120,65.8,66.8,65.2,66.5,7118832,469947019,5216,2.3
20251121,64.9,65.0,63.8,64.1,7971019,512360606,6408,-2.4
20251124,64.3,64.4,62.7,63.0,8294710,524686973,5592,-1.1
20251125,63.9,64.1,62.8,63.1,6370557,403101912,3955,0.1
20251126,63.7,64.4,63.7,64.4,4519955,289896269,3260,1.3
20251127,64.7,65.1,64.1,64.9,4383421,282871387,3306,0.5
20251128,65.0,65.3,64.1,65.2,3458469,224146783,2996,0.3
20251201,65.1,65.4,64.6,64.8,2632561,171007372,1945,-0.4
20251202,64.9,65.8,64.7,65.3,3161034,206380407,3031,0.5
20251203,65.7,66.6,65.7,66.0,4294305,283901094,3766,0.7
20251204,66.4,66.9,66.0,66.3,3235146,214561517,2603,0.3
20251205,66.5,66.7,65.7,66.0,3715354,245987316,2835,-0.3
20251208,66.0,66.2,65.3,65.7,4239646,278276374,3317,-0.3
20251209,65.6,66.0,65.2,65.2,3368528,220442901,2528,-0.5
20251210,65.3,65.6,64.6,64.7,3183849,206772232,2686,-0.5
20251211,65.0,65.2,63.0,63.6,5845041,373038923,4961,-1.1
20251212,63.9,64.4,63.7,63.7,3537033,226128876,2515,0.1
20251215,62.5,63.0,62.3,62.4,5461753,341715252,5145,-1.3
20251216,61.9,62.0,60.2,61.2,9398864,572854247,7281,-1.2
20251217,61.4,62.0,60.7,60.9,5115183,313559072,3803,-0.3
20251218,60.9,61.3,60.6,60.9,2544794,155059308,2294,0.0
20251219,61.5,61.7,61.1,61.3,4672830,286764984,2669,0.4
20251222,61.7,62.4,61.7,62.2,3234191,201026759,2755,0.9
20251223,62.4,62.4,61.6,61.7,2877802,178155619,2424,-0.5
20251224,61.8,62.4,61.1,61.4,2955077,182138862,2516,-0.3
20251226,61.8,62.0,61.1,61.3,2532050,155597793,2025,-0.1
20251229,61.6,62.4,61.4,62.2,3947557,244896133,2640,0.9
20251230,62.0,62.0,60.8,61.5,3759811,230093524,3735,-0.7
20251231,61.5,61.9,61.2,61.7,3037609,187073576,2366,0.2
20260102,61.7,62.0,61.0,61.5,4404500,270860091,3501,-0.2
20260105,61.5,61.9,60.5,60.8,7117628,433708179,5507,-0.7
20260106,60.8,61.3,60.2,60.3,9321970,563206303,6912,-0.5
20260107,60.7,61.3,60.2,60.8,6938514,421721213,4790,0.5
20260108,60.9,60.9,59.2,59.2,11583842,690883005,10204,-1.6
20260109,59.1,59.4,58.3,58.9,5563594,327316463,4382,-0.3
20260112,59.1,59.8,59.1,59.6,3826698,227718108,2883,0.7
20260113,60.0,60.1,58.5,58.5,6034736,355283110,5132,-1.1
20260114,58.8,60.0,58.7,60.0,5171132,308666420,3771,1.5
20260115,60.0,60.9,59.2,59.5,5110160,304949349,3890,-0.5
20260116,60.0,60.2,59.5,59.8,5284636,316103080,3776,0.3
20260119,59.6,60.2,58.9,59.4,5690517,338933282,4181,-0.4
20260120,60.0,60.3,58.9,59.0,7369104,437254529,5506,-0.4
20260121,59.0,60.5,58.5,59.3,9704109,578183010,5862,0.3
20260122,60.1,60.7,59.8,59.8,7344095,441707580,4497,0.5
20260123,60.3,60.6,59.1,59.3,6287359,375261304,4674,-0.5
20260126,59.5,60.0,59.0,60.0,4309222,257003456,2827,0.7
20260127,60.2,60.7,59.5,59.5,6566747,394185025,4314,-0.5
20260128,59.7,60.7,59.4,59.6,6095131,365091478,3934,0.1
20260129,59.7,59.9,58.6,58.8,5675002,334640588,4207,-0.8
20260130,58.7,58.7,56.9,57.4,8187128,470500611,5952,-1.4
20260202,56.8,57.2,56.2,56.5,4328696,244927813,3728,-0.9
20260203,57.5,57.7,56.2,56.7,3431256,194870902,2548,0.2
20260204,56.9,58.0,56.8,57.8,3034753,174280103,2382,1.1
20260205,57.9,58.3,56.8,56.8,3661735,210096109,3249,-1.0
20260206,56.5,56.7,55.0,56.3,4797364,268446884,3676,-0.5
20260209,57.5,57.9,57.0,57.9,4148097,238603518,2925,1.6
20260210,58.0,58.0,57.2,57.9,2484044,143399713,2589,0.0
20260211,58.2,58.7,57.7,58.7,4248961,247694066,3111,0.8
20260223,59.2,59.5,58.3,58.7,6907776,406432712,5618,0.0
20260224,58.7,59.5,58.7,58.9,4485952,264771004,3028,0.2
20260225,59.4,60.5,59.4,60.0,9375695,563043731,6254,1.1
20260226,60.7,60.7,59.3,59.5,4693731,280583355,4031,-0.5
20260302,58.0,59.2,57.5,58.9,4093665,239927103,3388,-0.6
20260303,58.8,59.2,56.8,57.0,7600100,437103466,6151,-1.9
20260304,56.0,56.2,53.8,54.0,8872856,483100666,7037,-3.0
20260305,55.1,55.8,54.7,55.6,4520142,250072528,3448,1.6
20260306,54.7,55.3,54.1,55.2,4356178,238506809,3318,-0.4
20260309,52.1,52.8,51.5,52.2,7441042,386931907,5770,-3.0
20260310,53.5,53.9,52.3,52.8,4714014,249267484,3415,0.6
20260311,53.2,54.5,53.2,54.4,3700148,199724421,3170,1.6
20260312,53.7,54.3,53.2,53.9,3411359,183030001,2921,-0.5
20260313,53.0,54.2,52.6,53.7,3256626,174478680,2371,-0.2
20260316,54.0,55.9,53.8,55.0,4533901,248073880,3300,1.3
20260317,55.7,55.7,54.9,55.3,4130117,227834550,2892,0.3
20260318,55.7,55.8,54.5,55.0,3811802,209526701,3237,-0.3
20260319,54.4,54.4,53.0,53.2,4870971,261026533,4459,-1.8
20260320,53.2,53.6,52.7,53.1,4748564,251712570,3193,-0.1
20260323,51.0,52.4,50.4,51.4,3890365,200702916,3578,-1.7
20260324,52.5,52.6,51.1,51.4,2943379,152139486,2395,0.0
20260325,52.5,52.6,51.7,52.4,2497166,130374543,2357,1.0
20260326,52.4,53.4,52.4,52.7,2258784,119346658,2317,0.3
20260327,52.0,52.3,51.3,52.2,2411186,124985671,2497,-0.5
20260330,51.2,51.9,51.1,51.4,3002144,154174121,2590,-0.8
20260331,50.6,51.3,50.2,50.5,5036041,254620988,3806,-0.9
20260401,51.6,52.5,51.6,52.5,4246875,220187463,2724,2.0
20260402,52.8,52.9,51.3,51.4,2455708,127069420,2239,-1.1
20260407,50.6,50.9,50.0,50.0,6730563,338202775,5453,-1.4
20260408,50.9,51.6,50.7,50.9,7188119,367609252,4431,0.9
20260409,50.9,51.1,50.1,50.6,5657379,285236587,4130,-0.3
20260410,50.9,51.2,50.1,50.1,5210113,262913549,4233,-0.5
20260413,50.0,50.6,49.7,50.6,5072207,254471722,3425,0.5
20260414,51.1,51.7,50.9,51.2,4858243,249016007,3737,0.6
20260415,51.6,52.7,51.4,51.9,10141421,528409964,6934,0.7
20260416,52.2,52.6,51.8,52.6,6889083,360321699,4730,0.7
20260417,52.7,52.8,51.6,51.6,5367837,280245440,3863,-1.0
20260420,52.2,52.4,51.5,51.6,3673205,190228997,3174,0.0
20260421,51.9,53.0,51.7,52.8,10090645,530989636,6746,1.2
20260422,52.8,54.5,52.1,54.2,13453117,723808935,9181,1.4
20260423,54.2,54.5,51.5,52.3,10937573,575903556,7280,-1.9
20260424,52.7,52.7,50.7,51.4,5997515,308428086,4606,-0.9
20260427,51.2,51.4,50.4,51.1,5287668,268790193,4022,-0.3
20260428,51.1,51.5,50.7,50.9,3188722,162542499,2702,-0.2
20260429,51.0,51.5,50.8,51.0,2945631,150440932,2189,0.1
20260430,50.8,52.8,50.8,51.8,8679752,451981450,6439,0.8
20260504,52.0,54.0,52.0,53.2,8872488,470846365,5880,1.4
20260505,56.5,58.5,55.7,58.5,36260363,2088267197,17942,5.3
20260506,62.0,64.3,60.2,64.3,83280910,5237891324,47017,5.8
20260507,64.8,65.3,62.5,63.3,63752113,4071250990,37640,-1.0
20260508,63.0,63.0,60.2,61.4,25532398,1562936034,18306,-1.9
20260511,61.4,62.1,59.5,61.6,21682955,1322151387,14151,0.2
20260512,62.6,63.5,60.8,62.5,26967778,1674283599,16582,0.9
20260513,61.7,61.7,60.1,60.7,15745549,953699902,11427,-1.8
20260514,61.0,61.4,58.8,59.0,16228574,971234963,11697,-1.70
