date,open,high,low,close,volume,turnover,transactions,price_change
20100326,55.3,55.3,52.0,53.8,4047000,217240600,2462,X0.00
20100329,54.0,58.0,54.0,57.0,2969565,167440331,1866,+3.20
20100330,57.3,57.5,54.5,54.5,1887209,105148457,1243,-2.50
20100331,54.3,55.5,53.5,53.9,1391052,75555760,794,-0.60
20100401,54.0,55.5,54.0,55.1,1339160,73361400,824,+1.20
20100402,55.5,55.5,54.1,54.2,959102,52356448,573,-0.90
20100406,55.0,55.3,54.5,55.2,1131284,62248975,615,+1.00
20100407,55.5,55.5,54.9,55.3,902001,49686556,492,+0.10
20100408,55.3,58.2,54.8,56.8,2220135,126020954,1215,+1.50
20100409,57.2,57.2,56.0,56.0,1088025,61326202,566,-0.80
20100412,56.5,57.0,56.1,56.2,631204,35704624,370,+0.20
20100413,56.0,56.5,55.6,55.6,474001,26520557,313,-0.60
20100414,55.6,56.4,55.6,55.7,290256,16223084,214,+0.10
20100415,56.4,57.5,55.7,56.5,1047565,59291222,603,+0.80
20100416,56.5,57.0,55.9,56.0,589200,33200200,363,-0.50
20100419,56.0,56.9,54.3,54.5,1044100,58111100,597,-1.50
20100420,55.0,55.4,54.1,54.7,390023,21396101,271,+0.20
20100421,55.0,55.6,54.7,55.2,330000,18273700,213,+0.50
20100422,55.0,55.0,54.3,55.0,331220,18134409,174,-0.20
20100423,54.7,55.4,54.7,54.8,337173,18550701,194,-0.20
20100426,55.4,55.7,55.0,55.0,318045,17552402,198,+0.20
20100427,55.5,55.5,55.0,55.0,377000,20855300,216, 0.00
20100428,54.5,56.8,54.0,56.4,716173,39859061,462,+1.40
20100429,56.4,56.5,55.6,55.6,575100,32155500,311,-0.80
20100430,56.5,57.5,55.6,55.6,1136073,64287258,576, 0.00
20100503,55.2,57.9,55.0,56.5,1063265,60188472,594,+0.90
20100504,57.0,57.0,55.5,55.7,638000,35763700,346,-0.80
20100505,55.0,55.3,54.3,54.5,589300,32221200,374,-1.20
20100506,54.5,54.7,53.8,53.9,505000,27345000,257,-0.60
20100507,53.0,53.8,51.4,53.1,508101,26729354,309,-0.80
20100510,54.4,54.4,53.1,54.1,163100,8767650,114,+1.00
20100511,54.2,54.5,53.3,53.4,292100,15742680,161,-0.70
20100512,53.8,53.8,53.0,53.0,240062,12763021,136,-0.40
20100513,53.5,55.6,53.1,55.0,986220,53985700,510,+2.00
20100514,54.7,55.4,54.2,55.3,499053,27454229,294,+0.30
20100517,55.0,55.0,54.5,55.0,440000,24109500,235,-0.30
20100518,55.3,55.3,54.3,54.8,286000,15671000,159,-0.20
20100519,54.8,55.8,54.8,55.4,689000,38144500,344,+0.60
20100520,55.0,55.2,54.4,54.9,378600,20694240,183,-0.50
20100521,54.0,54.6,53.2,54.2,543370,29188312,299,-0.70
20100524,54.5,54.7,53.6,54.6,304050,16531445,181,+0.40
20100525,54.4,54.4,53.0,53.5,379000,20305700,229,-1.10
20100526,53.6,54.0,53.0,53.5,322800,17310600,170, 0.00
20100527,53.5,53.5,52.3,53.4,383000,20201200,325,-0.10
20100528,54.0,54.0,52.9,53.1,296050,15764475,199,-0.30
20100531,53.5,54.0,53.0,53.8,243000,13044100,164,+0.70
20100601,53.6,54.0,53.4,53.4,155000,8306500,115,-0.40
20100602,53.8,54.1,53.4,53.7,562100,30239270,224,+0.30
20100603,54.5,54.9,54.2,54.6,634100,34600870,333,+0.90
20100604,55.0,55.0,54.4,54.6,302058,16512690,180, 0.00
20100607,54.0,54.5,53.5,54.5,351200,18945100,218,-0.10
20100608,54.2,54.8,54.2,54.5,273100,14886600,180, 0.00
20100609,55.0,55.2,54.4,54.4,379700,20799100,271,-0.10
20100610,54.5,56.6,54.5,56.1,1205392,67555269,652,+1.70
20100611,56.6,56.6,55.7,56.0,475300,26646689,332,-0.10
20100614,56.5,57.5,56.0,57.0,1101100,62351020,547,+1.00
20100615,57.0,58.0,56.5,57.9,907219,52050323,532,+0.90
20100617,58.3,60.4,58.3,59.8,2305337,137373585,1321,+1.90
20100618,60.0,60.5,59.4,60.5,2725081,163691924,1433,+0.70
20100621,55.4,55.7,54.8,54.8,2014320,111061086,1172,X0.00
20100622,55.7,57.4,55.7,56.0,1750600,98763619,1151,+1.20
20100623,55.4,55.8,54.6,55.0,741501,40837955,525,-1.00
20100624,55.0,55.4,54.0,54.0,723030,39365762,487,-1.00
20100625,54.0,54.0,52.0,52.2,764140,40237346,521,-1.80
20100628,52.2,52.8,51.6,51.6,383100,19994730,248,-0.60
20100629,51.7,52.4,51.1,51.1,383049,19750208,252,-0.50
20100630,48.5,50.4,48.5,49.8,444000,21842350,296,-1.30
20100701,51.5,51.5,48.5,48.85,305000,15015000,195,-0.95
20100702,48.85,49.1,48.5,48.6,434140,21159830,259,-0.25
20100705,48.6,49.4,48.6,48.8,249240,12182460,154,+0.20
20100706,49.0,50.2,49.0,49.9,343000,17014200,217,+1.10
20100707,50.4,50.8,49.35,49.4,290000,14496200,186,-0.50
20100708,50.0,50.0,49.15,49.25,214022,10601078,150,-0.15
20100709,49.5,49.75,49.25,49.25,202310,9995435,137, 0.00
20100712,49.5,49.5,48.5,48.6,312000,15189600,216,-0.65
20100713,49.0,49.0,48.55,48.6,145260,7073236,106, 0.00
20100714,48.6,49.0,48.55,48.6,249000,12119100,158, 0.00
20100715,48.6,49.1,48.6,48.6,155000,7563350,124, 0.00
20100716,48.6,48.7,48.1,48.3,319040,15459242,187,-0.30
20100719,48.0,48.5,48.0,48.2,185000,8929500,115,-0.10
20100720,48.2,48.4,48.0,48.35,271100,13063139,154,+0.15
20100721,48.2,48.2,47.3,47.7,349000,16678750,227,-0.65
20100722,47.7,47.7,47.0,47.05,280207,13203550,185,-0.65
20100723,47.1,47.5,47.05,47.25,249042,11774753,182,+0.20
20100726,47.45,49.0,47.4,48.55,500751,24182272,345,+1.30
20100727,48.8,49.0,48.0,48.0,227236,10983396,173,-0.55
20100728,47.7,48.4,47.7,48.05,134049,6454076,108,+0.05
20100729,48.05,48.25,47.55,47.55,198000,9479400,130,-0.50
20100730,47.65,47.85,47.5,47.5,137100,6527853,103,-0.05
20100802,48.0,48.3,47.8,48.3,250130,12023235,163,+0.80
20100803,48.4,48.8,48.3,48.65,221051,10747712,172,+0.35
20100804,48.65,48.8,48.0,48.15,264000,12807500,140,-0.50
20100805,48.4,48.5,47.8,47.8,218400,10497168,161,-0.35
20100806,49.1,51.0,49.1,50.8,1065000,53574748,672,+3.00
20100809,51.0,51.3,49.75,49.9,513400,25764650,351,-0.90
20100810,50.6,50.8,49.5,49.55,301200,15039610,211,-0.35
20100811,49.55,49.55,48.6,48.75,255000,12471300,175,-0.80
20100812,48.25,48.6,48.2,48.25,178000,8599400,117,-0.50
20100813,48.2,49.5,48.2,49.05,221000,10821000,165,+0.80
20100816,49.05,49.05,48.6,49.0,110000,5367300,87,-0.05
20100817,49.1,49.1,48.6,48.9,152080,7440042,103,-0.10
20100818,49.95,51.4,49.65,50.1,765400,38750310,492,+1.20
20100819,50.8,50.8,49.5,49.5,257150,12809185,178,-0.60
20100820,49.5,49.8,49.05,49.3,189200,9336740,122,-0.20
20100823,49.05,49.9,49.05,49.4,184000,9113800,137,+0.10
20100824,49.3,49.3,49.05,49.05,161000,7912050,114,-0.35
20100825,49.0,49.0,48.3,48.45,289637,14055415,163,-0.60
20100826,48.35,48.6,48.2,48.2,111300,5379415,80,-0.25
20100827,48.1,48.2,48.0,48.1,148402,7137436,103,-0.10
20100830,48.1,48.4,47.8,47.8,101300,4881018,71,-0.30
20100831,47.55,47.8,47.0,47.0,253220,11991072,169,-0.80
20100901,47.5,48.15,47.5,47.8,101250,4851887,68,+0.80
20100902,48.0,48.45,47.8,47.8,138250,6622662,77, 0.00
20100903,48.2,48.2,47.3,47.4,233000,11052750,110,-0.40
20100906,47.4,47.65,47.2,47.3,210000,9957800,124,-0.10
20100907,47.3,47.75,47.3,47.35,102000,4841150,75,+0.05
20100908,47.25,47.3,47.05,47.1,113000,5331600,86,-0.25
20100909,47.1,47.2,46.8,46.8,204300,9603289,141,-0.30
20100910,47.0,47.0,46.6,46.85,99000,4636750,88,+0.05
20100913,47.0,47.2,46.8,47.0,179230,8413682,138,+0.15
20100914,47.1,47.35,47.0,47.05,142100,6695030,84,+0.05
20100915,47.05,47.35,47.0,47.35,97000,4577600,74,+0.30
20100916,47.35,47.35,47.05,47.1,115000,5418850,74,-0.25
20100917,47.2,47.8,47.05,47.35,191000,9050900,85,+0.25
20100920,47.5,47.65,47.4,47.5,139380,6628090,93,+0.15
20100921,47.7,47.75,47.45,47.45,94000,4471150,63,-0.05
20100923,47.45,47.6,47.05,47.05,118471,5599433,68,-0.40
20100924,47.05,47.45,47.05,47.4,94200,4456159,64,+0.35
20100927,47.6,47.6,47.2,47.2,134000,6353850,95,-0.20
20100928,47.2,47.2,46.9,46.95,125000,5879250,83,-0.25
20100929,47.1,47.2,46.8,46.9,95100,4466580,67,-0.05
20100930,47.0,47.2,46.8,47.05,140000,6569450,86,+0.15
20101001,47.0,47.1,46.8,46.95,97200,4558460,87,-0.10
20101004,47.7,48.5,47.5,47.95,609200,29298000,414,+1.00
20101005,48.0,48.0,47.5,47.75,229000,10945000,129,-0.20
20101006,48.0,48.2,47.75,48.1,269800,12962260,173,+0.35
20101007,48.2,48.2,47.6,47.6,139023,6665837,99,-0.50
20101008,47.7,47.9,47.4,47.4,96293,4580614,66,-0.20
20101011,47.1,47.2,46.05,46.05,323024,15019661,251,-1.35
20101012,46.05,46.1,44.7,45.05,277024,12513085,207,-1.00
20101013,44.8,45.0,44.3,44.9,186097,8298518,135,-0.15
20101014,45.1,45.15,44.6,44.9,80153,3600680,65, 0.00
20101015,45.0,45.0,44.4,44.5,98430,4385428,60,-0.40
20101018,44.5,44.5,43.0,43.0,185503,8040231,117,-1.50
20101019,43.0,43.1,42.8,42.8,131000,5621600,64,-0.20
20101020,42.3,43.2,42.3,43.0,67020,2866162,38,+0.20
20101021,43.0,43.4,42.8,43.3,53000,2283300,34,+0.30
20101022,43.0,43.6,43.0,43.15,57025,2459737,42,-0.15
20101025,43.2,44.2,43.15,44.0,76500,3336774,73,+0.85
20101026,44.0,44.6,44.0,44.2,96300,4260934,49,+0.20
20101027,44.2,44.2,43.5,43.5,78999,3463355,45,-0.70
20101028,43.6,43.9,43.2,43.35,66330,2890588,55,-0.15
20101029,43.3,43.3,43.05,43.1,64080,2763964,52,-0.25
20101101,43.1,43.9,43.1,43.7,105100,4584275,52,+0.60
20101102,43.7,44.9,43.6,44.35,106771,4726846,97,+0.65
20101103,44.35,44.75,43.0,43.0,149000,6549700,94,-1.35
20101104,43.0,43.45,43.0,43.25,51000,2208450,32,+0.25
20101105,43.65,44.9,43.65,44.6,222030,9877235,172,+1.35
20101108,44.6,45.2,44.6,44.6,105080,4710518,71, 0.00
20101109,44.6,44.6,43.85,43.95,38639,1704989,32,-0.65
20101110,43.85,44.2,43.75,43.75,45010,1975139,36,-0.20
20101111,43.85,43.95,43.6,43.8,74200,3245019,55,+0.05
20101112,43.9,44.15,43.85,44.1,45101,1984839,38,+0.30
20101115,41.9,43.5,41.9,43.1,65125,2791425,48,-1.00
20101116,43.0,43.5,43.0,43.25,66000,2859500,39,+0.15
20101117,43.2,43.75,43.15,43.5,25000,1085600,18,+0.25
20101118,43.55,43.55,43.1,43.2,16000,693450,13,-0.30
20101119,43.2,43.25,43.0,43.0,93774,4042782,64,-0.20
20101122,43.0,43.55,43.0,43.5,84000,3640850,40,+0.50
20101123,43.5,43.6,43.0,43.05,35200,1524588,26,-0.45
20101124,42.9,42.95,42.5,42.65,79010,3364886,52,-0.40
20101125,42.9,43.0,42.65,42.8,51000,2182150,28,+0.15
20101126,43.0,43.0,42.8,42.8,83000,3555950,48, 0.00
20101129,42.95,43.2,42.9,42.95,51158,2197785,37,+0.15
20101130,43.0,43.5,43.0,43.35,160050,6911607,78,+0.40
20101201,43.35,43.4,43.0,43.05,124000,5347050,77,-0.30
20101202,43.5,43.8,42.95,42.95,374000,16111900,166,-0.10
20101203,43.0,43.0,42.6,42.6,203100,8696480,105,-0.35
20101206,42.6,43.1,42.6,43.1,52000,2232200,41,+0.50
20101207,43.1,43.15,42.8,42.8,74000,3178650,48,-0.30
20101208,42.8,43.3,42.7,43.0,60000,2582700,43,+0.20
20101209,43.2,43.3,43.0,43.15,76100,3279445,63,+0.15
20101210,43.2,44.2,43.2,43.9,250260,10925510,166,+0.75
20101213,44.0,44.7,44.0,44.3,161046,7135306,116,+0.40
20101214,44.5,44.5,43.8,43.8,134003,5893735,77,-0.50
20101215,44.0,44.2,43.25,44.2,172000,7533300,100,+0.40
20101216,44.1,44.2,43.9,44.0,85002,3749090,70,-0.20
20101217,44.0,44.2,43.8,43.8,97000,4260000,53,-0.20
20101220,44.0,44.0,43.8,43.8,48006,2105526,46, 0.00
20101221,44.3,44.3,43.5,43.65,72168,3159025,61,-0.15
20101222,43.65,44.0,43.6,43.7,72001,3148745,44,+0.05
20101223,43.9,44.3,43.8,43.8,110000,4836950,60,+0.10
20101224,43.8,44.0,43.8,43.95,153000,6728300,73,+0.15
20101227,43.95,44.0,43.6,43.95,64000,2802700,48, 0.00
20101228,44.15,44.5,43.95,44.45,161000,7113500,95,+0.50
20101229,44.5,46.0,44.5,45.3,346165,15715124,260,+0.85
20101230,45.4,45.6,44.5,44.5,105100,4707500,79,-0.80
20101231,44.5,45.35,44.3,45.1,247020,11084808,127,+0.60
20110103,45.5,45.6,45.0,45.6,291000,13206100,128,+0.50
20110104,45.8,45.9,45.35,45.45,131100,5966400,74,-0.15
20110105,45.5,45.8,44.5,44.5,197200,8902980,99,-0.95
20110106,44.7,44.7,44.0,44.25,69100,3055690,52,-0.25
20110107,44.4,44.55,44.0,44.1,63000,2785300,49,-0.15
20110110,44.5,44.5,44.05,44.25,75292,3333715,41,+0.15
20110111,44.25,44.25,44.05,44.05,44115,1947927,39,-0.20
20110112,44.1,45.15,44.1,45.05,130593,5862235,105,+1.00
20110113,45.4,45.75,44.5,44.6,213000,9604950,127,-0.45
20110114,44.6,45.2,44.6,44.65,174000,7803100,84,+0.05
20110117,44.65,44.9,43.9,43.9,105100,4650519,71,-0.75
20110118,43.9,44.4,43.9,44.0,112000,4940200,50,+0.10
20110119,44.1,44.4,44.0,44.2,77000,3396450,46,+0.20
20110120,44.2,44.2,43.4,43.65,68300,2987230,54,-0.55
20110121,43.1,43.5,43.1,43.4,79100,3423400,47,-0.25
20110124,43.5,43.7,43.4,43.5,30001,1305295,21,+0.10
20110125,43.75,43.9,43.2,43.3,35001,1521945,28,-0.20
20110126,43.3,43.3,42.8,42.85,116000,4997400,56,-0.45
20110127,42.85,42.85,42.65,42.65,107000,4577850,64,-0.20
20110128,42.65,43.1,42.5,42.5,68000,2899800,45,-0.15
20110208,42.5,42.95,42.5,42.6,45328,1930605,33,+0.10
20110209,42.6,42.95,42.4,42.55,77000,3291250,47,-0.05
20110210,42.5,42.5,42.1,42.25,47000,1987250,25,-0.30
20110211,42.25,42.8,40.0,40.45,113185,4722009,82,-1.80
20110214,40.45,41.45,40.3,40.9,98000,4005100,70,+0.45
20110215,40.9,41.1,40.0,40.05,132012,5346045,84,-0.85
20110216,40.0,40.75,40.0,40.15,90210,3635159,75,+0.10
20110217,40.15,40.35,40.0,40.15,127110,5098803,75, 0.00
20110218,41.1,41.1,40.2,40.45,93012,3760201,68,+0.30
20110221,41.0,41.0,40.5,40.75,104110,4228253,66,+0.30
20110222,40.7,40.7,40.0,40.0,104190,4183652,68,-0.75
20110223,39.85,40.0,39.6,39.7,113012,4493783,71,-0.30
20110224,39.7,39.9,39.3,39.3,88000,3481600,62,-0.40
20110225,39.3,39.95,39.2,39.65,109000,4292600,57,+0.35
20110301,40.5,40.65,39.8,39.8,82250,3313250,59,+0.15
20110302,39.8,40.0,39.35,39.45,69011,2733992,57,-0.35
20110303,39.5,39.6,39.35,39.5,44081,1739846,35,+0.05
20110304,39.5,39.5,39.0,39.05,120010,4709899,70,-0.45
20110307,39.05,39.05,38.25,38.3,96290,3712260,84,-0.75
20110308,38.25,38.7,38.0,38.7,122000,4661700,84,+0.40
20110309,40.0,40.0,39.25,39.4,146104,5779007,107,+0.70
20110310,39.4,40.0,39.1,39.5,73000,2889150,62,+0.10
20110311,39.05,39.25,39.0,39.0,62000,2421350,45,-0.50
20110314,39.0,39.0,38.1,38.5,62011,2380876,44,-0.50
20110315,38.5,38.5,36.05,36.6,225140,8407552,131,-1.90
20110316,36.7,37.2,36.7,37.2,193001,7129989,96,+0.60
20110317,37.0,37.1,36.0,36.7,84001,3067388,61,-0.50
20110318,37.1,37.45,37.0,37.0,68010,2525688,62,+0.30
20110321,37.1,37.5,36.7,36.9,104000,3846250,65,-0.10
20110322,37.3,37.3,36.8,37.0,126010,4668344,65,+0.10
20110323,37.0,37.15,36.8,37.05,82501,3051938,50,+0.05
20110324,37.3,37.5,37.2,37.45,62000,2317000,40,+0.40
20110325,37.6,37.9,37.5,37.65,60000,2256850,44,+0.20
20110328,37.5,37.5,36.5,36.9,52020,1916257,33,-0.75
20110329,37.0,37.0,36.75,36.85,79036,2911456,39,-0.05
20110330,36.85,36.85,36.6,36.6,87010,3197228,64,-0.25
20110331,37.3,37.3,36.5,36.5,109476,4024288,64,-0.10
20110401,36.95,37.4,36.9,37.05,45999,1707862,41,+0.55
20110406,37.05,37.25,36.95,36.95,34000,1259200,29,-0.10
20110407,37.0,37.1,36.95,37.1,43010,1592582,39,+0.15
20110408,37.1,37.3,37.1,37.2,76002,2826575,44,+0.10
20110411,37.8,37.8,37.4,37.7,70001,2635687,52,+0.50
20110412,37.7,38.0,37.5,37.6,59001,2222188,37,-0.10
20110413,37.6,37.8,37.5,37.8,30000,1128100,23,+0.20
20110414,37.9,37.9,37.25,37.25,64723,2420508,53,-0.55
20110415,37.3,37.4,37.0,37.35,72306,2693671,53,+0.10
20110418,37.8,37.8,37.35,37.5,56000,2103150,35,+0.15
20110419,37.0,37.5,37.0,37.1,52100,1935550,34,-0.40
20110420,37.5,37.5,37.1,37.3,66011,2461368,45,+0.20
20110421,37.3,37.55,37.2,37.4,116000,4335000,69,+0.10
20110422,37.3,37.65,37.1,37.5,80031,2998381,50,+0.10
20110425,37.6,37.85,37.2,37.85,101001,3794238,56,+0.35
20110426,37.85,37.85,37.35,37.75,36345,1363987,27,-0.10
20110427,38.0,38.0,37.7,37.7,72042,2730256,46,-0.05
20110428,37.55,38.0,37.55,37.55,27010,1015082,23,-0.15
20110429,37.55,37.9,37.2,37.5,59000,2216050,32,-0.05
20110503,36.9,37.2,36.05,36.3,139021,5058594,94,-1.20
20110504,36.3,36.3,34.8,35.0,291366,10304652,172,-1.30
20110505,34.75,34.75,33.5,33.7,243535,8265868,146,-1.30
20110506,33.7,34.35,33.7,33.7,241100,8168918,115, 0.00
20110509,33.7,35.15,33.7,34.8,260000,8981850,153,+1.10
20110510,35.0,35.15,34.2,34.8,155014,5383604,89, 0.00
20110511,34.8,35.2,34.8,34.85,254001,8883086,108,+0.05
20110512,35.0,35.45,35.0,35.4,152000,5345900,81,+0.55
20110513,35.5,35.5,35.2,35.25,106100,3744050,52,-0.15
20110516,35.5,36.5,35.5,36.0,185810,6726486,117,+0.75
20110517,36.0,36.0,35.6,35.7,81000,2905050,37,-0.30
20110518,35.9,36.0,35.55,35.95,88038,3150525,60,+0.25
20110519,36.0,36.0,35.5,35.5,41500,1482599,33,-0.45
20110520,35.4,35.4,34.25,34.25,97400,3392879,53,-1.25
20110523,34.25,34.25,34.0,34.0,62002,2112121,25,-0.25
20110524,34.0,34.95,34.0,34.95,23102,792152,21,+0.95
20110525,34.95,34.95,34.0,34.5,36000,1234500,25,-0.45
20110526,34.9,35.0,34.0,34.15,42100,1445319,39,-0.35
20110527,34.1,34.7,34.05,34.15,49000,1673100,31, 0.00
20110530,34.15,34.5,34.15,34.5,51000,1750400,26,+0.35
20110531,34.5,35.1,34.5,35.1,63000,2198000,40,+0.60
20110601,35.2,35.2,34.95,35.05,67000,2348500,35,-0.05
20110602,35.0,35.0,34.6,34.75,32000,1113100,22,-0.30
20110603,35.1,35.6,35.1,35.45,72615,2564786,47,+0.70
20110607,35.7,35.75,34.4,34.65,82006,2859604,70,-0.80
20110608,34.5,34.8,34.2,34.8,89011,3069936,45,+0.15
20110609,34.8,34.8,34.3,34.7,43015,1482975,33,-0.10
20110610,35.5,35.7,34.7,34.85,118000,4157900,86,+0.15
20110613,34.5,34.85,34.2,34.35,166101,5709249,61,-0.50
20110614,34.7,34.75,34.25,34.5,65012,2240016,52,+0.15
20110615,34.5,34.5,33.35,33.5,148167,5031643,119,-1.00
20110616,33.5,33.5,32.5,32.5,147118,4827744,111,-1.00
20110617,32.6,32.65,32.15,32.4,100013,3249387,47,-0.10
20110620,32.5,32.85,31.4,31.5,108200,3478300,75,-0.90
20110621,31.55,31.8,31.0,31.8,140006,4397798,69,+0.30
20110622,31.8,32.0,31.5,31.75,74002,2343516,54,-0.05
20110623,31.85,31.85,31.4,31.85,64200,2032018,42,+0.10
20110624,31.9,32.9,31.85,32.9,91000,2922550,44,+1.05
20110627,32.9,32.9,32.05,32.6,50001,1629434,28,-0.30
20110628,32.6,33.45,32.55,33.45,24000,789200,15,+0.85
20110629,33.45,33.75,33.1,33.75,61001,2035184,40,+0.30
20110630,33.9,33.9,33.3,33.45,52030,1741545,34,-0.30
20110701,33.05,33.7,33.05,33.65,117001,3908435,52,+0.20
20110704,33.6,33.95,33.5,33.7,133735,4509229,65,+0.05
20110705,34.15,34.15,33.0,33.45,119004,3965184,72,-0.25
20110706,33.5,33.75,33.4,33.6,226001,7585935,132,+0.15
20110707,31.7,31.7,31.1,31.5,147200,4623246,103,X0.00
20110708,31.55,31.85,31.5,31.7,77101,2441097,58,+0.20
20110711,31.0,31.4,30.85,31.4,63023,1958220,37,-0.30
20110712,31.05,31.05,30.7,30.8,47004,1450532,27,-0.60
20110713,30.7,30.9,30.25,30.35,78010,2382167,49,-0.45
20110714,30.35,30.5,30.2,30.2,92000,2791750,42,-0.15
20110715,30.2,30.45,29.6,30.45,91000,2730200,53,+0.25
20110718,30.45,31.4,30.45,30.8,92010,2847922,62,+0.35
20110719,30.55,31.2,30.55,30.7,49202,1519222,36,-0.10
20110720,30.8,31.4,30.7,31.4,55068,1707421,49,+0.70
20110721,31.15,31.2,30.65,31.05,33038,1023921,30,-0.35
20110722,31.0,31.1,30.8,30.85,56100,1735150,46,-0.20
20110725,30.85,31.15,30.5,30.8,46500,1433595,37,-0.05
20110726,30.4,30.9,30.4,30.9,55209,1693255,36,+0.10
20110727,30.9,30.9,30.6,30.65,62002,1903214,37,-0.25
20110728,30.6,30.6,30.2,30.2,95020,2890922,62,-0.45
20110729,30.45,30.45,30.0,30.1,47000,1416100,36,-0.10
20110801,30.5,31.35,30.5,31.35,77001,2390182,65,+1.25
20110802,31.35,31.4,30.5,30.85,61001,1897033,29,-0.50
20110803,30.6,30.7,30.15,30.3,16190,491780,34,-0.55
20110804,30.5,32.15,30.3,31.5,177001,5550232,122,+1.20
20110805,30.05,30.5,29.5,29.6,194102,5822207,89,-1.90
20110808,30.3,30.3,28.5,28.7,164006,4743036,99,-0.90
20110809,28.1,28.7,26.7,28.5,238007,6502357,128,-0.20
20110810,28.9,28.9,27.55,28.15,129003,3637440,94,-0.35
20110811,26.2,28.0,26.2,27.7,103005,2802750,66,-0.45
20110812,28.0,28.1,27.7,27.95,68001,1899529,53,+0.25
20110815,28.0,28.0,27.7,28.0,39012,1089455,25,+0.05
20110816,28.2,28.2,27.6,28.0,46001,1281979,38, 0.00
20110817,28.0,28.25,27.85,27.9,24000,670700,14,-0.10
20110818,27.9,28.2,27.5,28.2,75000,2077450,43,+0.30
20110819,27.55,27.55,26.9,26.9,76003,2062384,38,-1.30
20110822,27.0,27.0,26.0,26.0,62000,1634300,28,-0.90
20110823,26.2,27.0,26.1,27.0,59016,1564444,49,+1.00
20110824,26.15,26.7,26.1,26.35,28000,734150,22,-0.65
20110825,26.35,26.45,26.15,26.2,48000,1259100,24,-0.15
20110826,26.2,26.3,25.65,25.7,81001,2102128,56,-0.50
20110829,26.0,26.5,26.0,26.5,64100,1680608,30,+0.80
20110830,26.5,26.5,26.3,26.5,65001,1716678,36, 0.00
20110831,26.5,26.5,26.15,26.2,31002,814952,25,-0.30
20110901,26.3,26.75,26.0,26.3,457000,12011500,121,+0.10
20110902,26.65,26.65,26.05,26.3,38000,997100,26, 0.00
20110905,26.3,26.3,25.3,25.65,105000,2729800,51,-0.65
20110906,25.4,25.4,24.5,24.7,131073,3263329,79,-0.95
20110907,25.0,25.35,24.9,25.0,19001,476075,9,+0.30
20110908,25.5,25.65,25.0,25.0,85000,2152500,29, 0.00
20110909,24.85,25.15,24.75,25.15,44001,1094076,26,+0.15
20110913,24.95,24.95,24.9,24.95,15040,374974,7,-0.20
20110914,25.1,25.1,24.2,24.3,82000,2030200,57,-0.65
20110915,24.7,24.9,24.4,24.5,45002,1104501,28,+0.20
20110916,24.5,24.7,24.5,24.7,71002,1741502,33,+0.20
20110919,24.75,24.75,24.5,24.75,34001,837376,22,+0.05
20110920,24.55,24.8,24.4,24.55,23000,564250,14,-0.20
20110921,24.8,25.3,24.8,25.1,27000,673850,14,+0.55
20110922,25.0,25.0,24.1,24.4,73000,1783700,51,-0.70
20110923,24.1,24.1,22.7,22.8,197000,4544350,98,-1.60
20110926,22.8,22.8,21.25,21.25,128434,2772065,68,-1.55
20110927,21.55,21.65,21.3,21.65,50100,1075769,26,+0.40
20110928,21.7,21.7,21.5,21.5,24000,519050,16,-0.15
20110929,21.3,21.7,21.0,21.15,85044,1803068,56,-0.35
20110930,21.65,21.7,21.2,21.25,29300,624323,26,+0.10
20111003,21.0,21.2,21.0,21.1,29002,610044,24,-0.15
20111004,21.0,21.4,21.0,21.2,41004,866140,19,+0.10
20111005,21.25,21.4,21.25,21.25,23000,490650,16,+0.05
20111006,21.8,21.8,21.5,21.65,24000,519600,16,+0.40
20111007,21.85,22.0,21.8,21.8,23000,503650,18,+0.15
20111011,22.1,22.5,22.1,22.5,86002,1926296,35,+0.70
20111012,22.5,22.5,22.5,22.5,15001,337523,14, 0.00
20111013,22.5,22.6,22.45,22.45,59224,1334178,31,-0.05
20111014,22.15,22.2,22.1,22.2,11001,243274,9,-0.25
20111017,22.2,22.4,22.0,22.2,27003,597869,22, 0.00
20111018,22.2,22.2,22.05,22.15,21000,465600,13,-0.05
20111019,22.15,22.5,22.15,22.35,25000,558150,12,+0.20
20111020,22.25,22.35,21.6,22.35,15000,330800,10, 0.00
20111021,22.1,22.2,22.1,22.2,15015,331945,24,-0.15
20111024,22.8,23.15,22.7,23.1,75000,1723600,54,+0.90
20111025,22.5,23.1,22.5,22.9,47407,1086065,36,-0.20
20111026,22.5,23.05,22.5,23.05,15025,344400,36,+0.15
20111027,23.05,23.5,23.0,23.05,38049,881029,63, 0.00
20111028,23.4,24.0,23.2,23.5,54176,1288035,50,+0.45
20111031,23.5,23.65,23.25,23.45,26050,609802,59,-0.05
20111101,23.5,23.8,23.2,23.7,31044,725950,64,+0.25
20111102,23.7,23.75,23.5,23.75,40053,945822,78,+0.05
20111103,23.7,24.0,23.05,23.55,32129,762237,24,-0.20
20111104,23.8,24.35,23.75,24.1,130670,3137295,64,+0.55
20111107,24.0,24.0,23.8,23.85,9042,215504,10,-0.25
20111108,23.85,24.0,23.8,24.0,21023,502145,18,+0.15
20111109,23.95,24.0,23.85,23.85,15100,361445,9,-0.15
20111110,23.55,24.0,23.25,23.4,73006,1706741,44,-0.45
20111111,23.4,23.4,23.3,23.3,18002,419796,13,-0.10
20111114,23.35,24.0,23.35,23.9,31000,732250,21,+0.60
20111115,23.9,23.9,23.7,23.7,16002,380046,5,-0.20
20111116,23.5,24.1,23.3,23.4,32000,752700,27,-0.30
20111117,22.7,22.95,22.7,22.95,59115,1346589,30,-0.45
20111118,22.55,22.95,22.35,22.55,28000,631200,12,-0.40
20111121,22.9,22.9,21.6,21.9,42271,941509,22,-0.65
20111122,21.3,21.9,21.3,21.55,143000,3080500,40,-0.35
20111123,21.55,21.55,21.35,21.4,45001,963522,25,-0.15
20111124,21.4,21.45,21.3,21.3,55001,1173472,27,-0.10
20111125,21.3,21.3,21.0,21.2,47000,997350,23,-0.10
20111128,21.15,21.7,21.15,21.6,72000,1551650,35,+0.40
20111129,22.0,22.4,21.7,22.4,44001,975823,25,+0.80
20111130,22.4,22.7,20.95,21.05,283000,6061650,190,-1.35
20111201,21.8,22.5,21.8,22.5,156712,3485326,88,+1.45
20111202,22.95,23.15,22.6,23.0,94000,2159550,53,+0.50
20111205,23.0,23.4,23.0,23.4,50002,1159896,36,+0.40
20111206,22.4,23.5,22.4,23.4,51200,1196250,32, 0.00
20111207,23.2,24.0,23.2,23.65,65031,1547174,38,+0.25
20111208,23.95,24.5,23.95,24.5,151300,3675039,102,+0.85
20111209,24.6,24.8,24.2,24.4,165321,4055268,82,-0.10
20111212,24.6,25.2,24.55,24.9,104050,2591884,60,+0.50
20111213,24.5,24.5,24.0,24.45,38001,920524,20,-0.45
20111214,24.0,24.25,23.9,24.25,39125,944093,19,-0.20
20111215,24.0,24.0,23.25,24.0,37165,881075,35,-0.25
20111216,23.8,24.0,23.4,23.6,32141,764238,23,-0.40
20111219,23.4,23.4,22.1,23.2,63004,1435442,51,-0.40
20111220,23.05,23.5,22.45,23.2,49000,1133950,24, 0.00
20111221,24.0,24.1,23.5,24.0,48000,1145000,32,+0.80
20111222,24.0,24.0,23.5,23.9,31000,735300,14,-0.10
20111223,24.1,24.2,22.75,24.1,58001,1382073,45,+0.20
20111226,24.1,24.15,23.4,24.15,44001,1053424,30,+0.05
20111227,24.1,24.15,23.65,24.15,28002,671898,21, 0.00
20111228,23.95,24.75,23.9,24.75,81000,1986300,62,+0.60
20111229,24.6,24.8,24.6,24.8,30251,747825,18,+0.05
20111230,24.8,24.95,24.3,24.8,37155,920125,31, 0.00
20120102,24.5,24.75,24.1,24.75,31030,763234,24,-0.05
20120103,24.75,24.75,24.4,24.7,24172,595531,20,-0.05
20120104,24.7,24.95,24.2,24.5,85004,2094446,35,-0.20
20120105,24.5,24.8,24.2,24.7,25004,615596,21,+0.20
20120106,24.7,24.8,24.4,24.8,122006,3013200,58,+0.10
20120109,24.8,25.3,24.8,25.3,71055,1781040,54,+0.50
20120110,25.3,25.85,25.1,25.85,148005,3752830,92,+0.55
20120111,25.85,26.3,25.85,26.25,91003,2379328,59,+0.40
20120112,26.5,26.6,26.15,26.45,68151,1797181,55,+0.20
20120113,26.3,26.5,26.1,26.5,122030,3213135,65,+0.05
20120116,26.5,26.8,25.6,26.6,84001,2209276,63,+0.10
20120117,26.6,27.0,26.6,27.0,86043,2312261,44,+0.40
20120118,27.1,27.3,27.1,27.2,99001,2690627,53,+0.20
20120130,28.0,29.0,28.0,29.0,165306,4734858,103,+1.80
20120131,29.3,29.3,28.6,29.3,146501,4269978,78,+0.30
20120201,29.0,30.0,28.8,30.0,199150,5885408,96,+0.70
20120202,30.0,31.0,30.0,31.0,179100,5479542,118,+1.00
20120203,30.7,31.35,30.1,31.0,170079,5260713,79, 0.00
20120204,31.3,31.5,30.6,31.0,187002,5785162,63, 0.00
20120206,31.0,31.0,30.6,31.0,126058,3901648,52, 0.00
20120207,31.0,31.45,31.0,31.4,157004,4898774,63,+0.40
20120208,31.4,31.8,31.4,31.8,159005,5023611,65,+0.40
20120209,31.9,32.0,31.8,32.0,176106,5628692,67,+0.20
20120210,32.1,32.9,32.0,32.9,256100,8305077,101,+0.90
20120213,32.9,33.5,32.6,33.15,208007,6862188,75,+0.25
20120214,33.5,33.5,32.8,33.25,102100,3368336,51,+0.10
20120215,32.1,34.0,32.1,33.45,275050,9245920,120,+0.20
20120216,33.7,34.3,33.5,34.1,334150,11364032,129,+0.65
20120217,34.3,35.0,34.2,34.85,226246,7843322,113,+0.75
20120220,34.9,37.25,34.9,37.25,553530,20332839,299,+2.40
20120221,37.5,39.2,37.5,39.0,505126,19364769,270,+1.75
20120222,39.0,39.5,38.7,39.15,382141,14933237,198,+0.15
20120223,39.1,39.5,37.8,38.3,444726,17215243,184,-0.85
20120224,38.3,38.3,36.0,36.7,309053,11345392,164,-1.60
20120229,36.7,37.5,36.7,37.5,159001,5881337,94,+0.80
20120301,37.5,37.8,36.8,37.8,152059,5670525,85,+0.30
20120302,37.6,38.0,37.0,38.0,199018,7499425,100,+0.20
20120303,38.0,38.5,37.55,38.5,155002,5895576,82,+0.50
20120305,38.5,38.5,37.5,38.2,156501,5951981,90,-0.30
20120306,37.5,38.0,36.5,37.5,187058,6928373,91,-0.70
20120307,34.9,36.9,34.9,36.9,211505,7617259,126,-0.60
20120308,36.75,37.4,36.6,37.3,131005,4860785,86,+0.40
20120309,37.5,37.8,37.3,37.8,161105,6066571,105,+0.50
20120312,37.95,38.0,37.1,37.3,125111,4706621,71,-0.50
20120313,36.4,38.0,36.4,37.5,132007,4945409,78,+0.20
20120314,37.8,38.4,37.5,37.7,124096,4697396,89,+0.20
20120315,37.6,37.8,37.0,37.7,71002,2664276,60, 0.00
20120316,37.7,37.9,37.05,37.8,80044,3017548,58,+0.10
20120319,37.8,37.8,37.5,37.6,47046,1771210,31,-0.20
20120320,37.5,37.5,36.1,36.9,167005,6126485,85,-0.70
20120321,36.35,36.5,36.0,36.3,137001,4956786,85,-0.60
20120322,36.5,37.0,36.5,36.7,92001,3383387,60,+0.40
20120323,37.0,38.4,37.0,38.0,268022,10168126,150,+1.30
20120326,38.2,38.2,37.0,38.0,140300,5270500,81, 0.00
20120327,37.8,38.5,37.55,38.0,79034,3000077,49, 0.00
20120328,38.0,38.2,37.5,38.0,99005,3753640,48, 0.00
20120329,37.4,37.5,36.7,37.5,149100,5522009,83,-0.50
20120330,37.5,37.5,36.95,37.5,79002,2952474,32, 0.00
20120402,37.0,37.7,37.0,37.7,110005,4128390,70,+0.20
20120403,38.0,38.0,37.05,37.5,90001,3375037,58,-0.20
20120405,36.5,37.5,36.5,37.5,90002,3350024,45, 0.00
20120406,37.8,37.95,37.05,37.95,108004,4073552,81,+0.45
20120409,37.0,37.9,37.0,37.9,149003,5599914,103,-0.05
20120410,37.9,38.0,37.3,37.9,136007,5141767,68, 0.00
20120411,37.95,38.0,37.35,37.35,95006,3595322,44,-0.55
20120412,37.25,37.8,37.25,37.75,98003,3684264,61,+0.40
20120413,37.7,37.8,37.25,37.7,105001,3957288,48,-0.05
20120416,37.5,37.8,37.5,37.7,87003,3280014,36, 0.00
20120417,37.6,37.8,37.6,37.7,148005,5589090,64, 0.00
20120418,37.8,37.8,37.6,37.7,136002,5135224,44, 0.00
20120419,37.65,37.75,36.85,37.5,169002,6316674,58,-0.20
20120420,37.0,37.35,36.95,37.35,14001,518987,12,-0.15
20120423,37.35,37.35,36.5,36.5,14001,516736,13,-0.85
20120424,36.3,36.3,34.5,35.65,94005,3354830,59,-0.85
20120425,35.2,35.2,34.4,34.4,124002,4304918,59,-1.25
20120426,33.5,34.1,32.6,34.0,202011,6765224,107,-0.40
20120427,34.3,34.35,33.5,33.9,108002,3656868,47,-0.10
20120430,33.5,33.8,33.35,33.8,88000,2956850,36,-0.10
20120502,33.8,34.5,33.8,34.2,141000,4803000,70,+0.40
20120503,33.8,34.2,33.8,34.15,155090,5285010,76,-0.05
20120504,34.2,35.5,34.2,35.5,209000,7220350,110,+1.35
20120507,35.1,35.2,34.75,35.1,236000,8267900,128,-0.40
20120508,35.2,35.9,34.6,35.0,244003,8598105,113,-0.10
20120509,34.5,35.0,34.0,35.0,142000,4904300,83, 0.00
20120510,34.7,35.4,34.7,35.0,142002,4973270,78, 0.00
20120511,34.9,34.9,34.0,34.5,181000,6263300,104,-0.50
20120514,34.6,34.6,34.4,34.6,4001,138234,5,+0.10
20120515,34.0,34.7,33.9,34.7,119078,4064530,60,+0.10
20120516,34.7,34.7,33.65,34.5,129004,4426386,62,-0.20
20120517,34.5,34.5,33.55,34.5,167003,5724708,88, 0.00
20120518,34.0,34.0,33.4,33.65,109011,3665768,69,-0.85
20120521,33.75,33.75,33.4,33.7,164014,5522326,94,+0.05
20120522,33.75,34.5,33.4,34.5,199004,6741491,112,+0.80
20120523,34.4,34.4,33.2,33.5,222003,7499302,57,-1.00
20120524,33.5,33.5,32.75,33.3,228001,7601935,53,-0.20
20120525,33.3,33.3,31.0,32.5,148014,4827981,72,-0.80
20120528,32.0,32.1,31.0,31.95,199013,6298383,96,-0.55
20120529,31.95,33.2,31.95,33.2,235002,7672868,120,+1.25
20120530,33.0,33.0,32.3,32.9,105008,3434575,74,-0.30
20120531,32.0,32.9,31.25,32.9,190000,6173250,86, 0.00
20120601,32.8,32.8,31.75,32.6,173003,5627552,53,-0.30
20120604,31.2,31.5,30.4,31.35,194002,6067214,103,-1.25
20120605,31.4,32.2,31.0,32.2,156002,4927566,65,+0.85
20120606,32.2,32.8,32.2,32.5,98002,3195618,61,+0.30
20120607,32.95,32.95,32.45,32.7,50151,1636938,30,+0.20
20120608,32.6,32.8,31.7,32.45,137060,4451258,98,-0.25
20120611,33.0,33.2,32.7,33.1,293028,9682483,179,+0.65
20120612,29.55,30.9,29.55,30.8,149000,4534900,74,X0.00
20120613,31.0,31.5,30.15,31.5,180290,5585297,61,+0.70
20120614,30.7,31.75,30.7,31.5,112042,3529827,39, 0.00
20120615,31.6,31.6,30.9,31.0,188004,5892674,42,-0.50
20120618,31.6,32.15,31.2,31.5,260006,8251236,72,+0.50
20120619,31.0,31.5,31.0,31.25,209021,6552409,35,-0.25
20120620,31.35,31.5,31.3,31.3,227082,7130637,92,+0.05
20120621,31.3,31.3,31.0,31.3,246010,7660560,89, 0.00
20120622,30.8,31.25,30.6,31.25,70005,2151505,47,-0.05
20120625,31.05,31.05,30.0,30.6,85025,2585208,76,-0.65
20120626,30.6,30.9,30.05,30.75,120014,3652634,55,+0.15
20120627,30.85,31.4,30.5,30.6,51121,1562751,48,-0.15
20120628,30.9,31.05,30.8,30.8,20025,619600,38,+0.20
20120629,31.5,31.5,30.7,31.1,47036,1464640,55,+0.30
20120702,31.2,31.65,31.2,31.4,19004,596376,18,+0.30
20120703,31.8,32.6,31.8,32.55,85006,2745345,69,+1.15
20120704,32.3,33.0,32.3,33.0,109002,3543214,51,+0.45
20120705,33.0,35.0,33.0,34.3,114100,3886619,96,+1.30
20120706,34.3,34.5,33.85,34.5,40010,1375843,26,+0.20
20120709,34.6,34.6,33.7,33.7,22095,754023,17,-0.80
20120710,34.0,34.2,33.4,33.85,74427,2508003,62,+0.15
20120711,33.65,34.75,33.65,34.6,66001,2271534,42,+0.75
20120712,34.8,34.8,34.05,34.5,23000,792850,15,-0.10
20120713,34.2,34.4,34.1,34.4,48000,1644500,20,-0.10
20120716,34.5,34.5,34.1,34.5,52001,1787334,33,+0.10
20120717,34.0,34.5,34.0,34.5,41001,1410434,28, 0.00
20120718,34.5,34.6,33.6,34.4,66003,2265652,43,-0.10
20120719,34.3,34.55,34.05,34.5,55001,1888384,29,+0.10
20120720,36.9,36.9,36.4,36.9,480003,17683358,250,+2.40
20120723,36.9,36.9,35.2,35.55,206106,7432204,131,-1.35
20120724,34.2,35.4,34.2,34.8,91001,3155735,62,-0.75
20120725,33.8,35.2,33.8,35.15,67100,2334328,49,+0.35
20120726,35.4,35.75,35.15,35.75,56001,1989185,46,+0.60
20120727,35.9,35.9,35.1,35.8,55008,1954235,45,+0.05
20120730,36.4,36.4,35.7,36.0,55003,1977855,35,+0.20
20120731,36.0,36.2,35.3,36.2,148000,5313150,49,+0.20
20120801,35.5,36.2,35.5,36.2,82000,2958100,37, 0.00
20120803,36.15,36.45,35.95,36.45,42002,1520722,26,+0.25
20120806,36.7,37.2,36.5,36.85,69450,2552554,40,+0.40
20120807,36.9,36.9,36.5,36.85,43000,1581500,31, 0.00
20120808,36.85,36.85,36.5,36.85,89008,3267692,52, 0.00
20120809,36.85,37.0,36.7,36.9,48420,1788172,26,+0.05
20120810,36.9,36.9,36.55,36.8,48000,1760700,23,-0.10
20120813,36.8,37.2,36.6,36.65,84000,3096400,31,-0.15
20120814,37.0,37.2,36.6,36.75,98001,3615186,39,+0.10
20120815,36.75,36.9,36.6,36.9,42753,1575834,29,+0.15
20120816,36.8,37.0,36.7,37.0,72182,2662684,39,+0.10
20120817,37.0,37.0,36.6,36.9,52083,1918207,29,-0.10
20120820,36.9,36.9,36.7,36.85,44001,1620986,19,-0.05
20120821,37.2,37.5,37.0,37.2,80150,2974218,43,+0.35
20120822,37.2,37.65,37.2,37.3,77002,2876824,46,+0.10
20120823,37.25,37.3,37.0,37.3,64001,2386187,35, 0.00
20120824,37.2,37.2,36.65,37.15,66500,2448299,41,-0.15
20120827,37.1,37.15,36.8,37.1,53002,1959524,29,-0.05
20120828,37.0,37.0,36.4,36.9,91000,3339350,48,-0.20
20120829,37.0,37.1,36.8,37.0,44002,1625574,26,+0.10
20120830,37.0,37.0,36.8,37.0,44000,1626000,13, 0.00
20120831,37.0,37.4,36.95,37.4,67015,2481206,36,+0.40
20120903,37.0,37.3,37.0,37.2,32002,1188974,22,-0.20
20120904,37.3,37.3,37.2,37.3,53001,1973587,31,+0.10
20120905,36.8,37.3,36.5,37.3,75000,2778700,36, 0.00
20120906,37.2,37.3,36.8,37.3,57001,2114987,28, 0.00
20120907,37.3,37.4,37.0,37.35,68327,2545799,38,+0.05
20120910,37.1,37.3,37.05,37.3,64009,2384683,44,-0.05
20120911,37.3,37.3,37.05,37.3,52000,1938800,26, 0.00
20120912,37.3,37.4,37.0,37.4,79199,2950971,43,+0.10
20120913,37.45,38.45,37.4,38.3,139190,5292877,90,+0.90
20120914,39.0,39.0,38.05,38.5,132030,5085549,80,+0.20
20120917,38.5,38.5,38.0,38.45,61674,2365212,35,-0.05
20120918,38.45,38.45,37.35,38.45,84003,3198364,63, 0.00
20120919,38.4,38.4,38.0,38.4,92000,3521500,36,-0.05
20120920,38.4,38.4,38.05,38.35,121000,4629500,47,-0.05
20120921,38.15,38.15,38.1,38.1,30000,1144200,18,-0.25
20120924,38.0,38.2,38.0,38.05,38000,1445950,16,-0.05
20120925,38.4,38.45,37.9,38.2,58000,2211900,27,+0.15
20120926,38.2,38.2,38.0,38.05,47070,1793086,24,-0.15
20120927,38.0,38.05,37.9,38.0,121001,4600138,35,-0.05
20120928,38.1,38.1,37.9,38.05,45001,1709038,23,+0.05
20121001,38.0,38.8,38.0,38.5,95310,3671204,52,+0.45
20121002,38.5,38.5,38.0,38.0,45001,1715788,31,-0.50
20121003,38.0,38.0,37.0,38.0,100004,3774452,55, 0.00
20121004,38.0,38.4,38.0,38.0,40001,1524288,29, 0.00
20121005,38.1,38.15,38.0,38.15,33000,1256650,25,+0.15
20121008,38.15,38.15,37.9,38.0,25000,949950,12,-0.15
20121009,38.25,38.3,38.0,38.0,27000,1031450,18, 0.00
20121011,38.0,38.05,37.7,38.0,33002,1251476,23, 0.00
20121012,38.4,38.4,37.8,38.0,31000,1177250,17, 0.00
20121015,38.0,38.0,37.5,38.0,64003,2428214,30, 0.00
20121016,38.0,38.0,37.9,38.0,85000,3228900,25, 0.00
20121017,38.0,38.1,38.0,38.0,40158,1526590,19, 0.00
20121018,38.0,38.05,37.9,37.9,21000,797250,9,-0.10
20121019,37.8,37.8,36.5,37.8,28006,1048026,21,-0.10
20121022,37.5,37.5,37.35,37.5,67080,2513599,34,-0.30
20121023,37.0,37.2,36.8,37.2,42100,1558220,27,-0.30
20121024,36.7,36.85,36.3,36.6,57150,2082990,29,-0.60
20121025,36.2,36.2,35.1,35.4,86090,3062900,46,-1.20
20121026,35.0,35.25,34.5,35.0,80000,2787900,40,-0.40
20121029,35.0,35.6,35.0,35.4,49010,1725103,35,+0.40
20121030,35.55,36.8,35.55,36.15,25001,909036,17,+0.75
20121031,36.1,36.1,36.0,36.0,5000,180350,4,-0.15
20121101,36.0,36.0,36.0,36.0,11000,396000,3, 0.00
20121102,35.5,36.5,35.35,36.0,25000,896800,14, 0.00
20121105,35.4,35.7,35.4,35.7,21009,747917,19,-0.30
20121106,35.2,36.0,35.15,36.0,18001,641536,14,+0.30
20121107,36.5,36.5,36.2,36.4,20000,727400,11,+0.40
20121108,35.65,36.6,35.65,36.6,19000,691800,16,+0.20
20121109,35.65,36.6,35.65,36.6,18002,654322,17, 0.00
20121112,36.1,36.6,36.1,36.6,16002,582572,13, 0.00
20121113,35.85,36.3,35.8,36.3,15000,542400,12,-0.30
20121114,35.85,36.4,35.85,36.4,21000,756700,12,+0.10
20121115,36.0,36.45,35.95,36.45,23000,833600,16,+0.05
20121116,35.9,36.45,35.9,36.45,31070,1123248,26, 0.00
20121119,36.45,36.6,36.1,36.6,14081,513364,14,+0.15
20121120,36.5,36.5,36.2,36.5,16000,582100,8,-0.10
20121121,36.5,36.5,36.0,36.2,32000,1155600,21,-0.30
20121122,36.2,36.3,36.0,36.3,22000,794300,11,+0.10
20121123,36.3,36.5,36.1,36.5,26000,946400,15,+0.20
20121126,36.3,36.9,36.3,36.9,17001,625137,13,+0.40
20121127,37.4,37.4,36.55,37.25,14003,518612,11,+0.35
20121128,37.55,37.55,37.25,37.25,35008,1304396,27, 0.00
20121129,37.25,37.4,37.0,37.4,41003,1530461,29,+0.15
20121130,37.4,37.8,37.3,37.8,39500,1482049,27,+0.40
20121203,38.2,38.2,37.8,38.2,55002,2096626,39,+0.40
20121204,37.5,38.2,37.5,38.2,20010,762582,15, 0.00
20121205,38.2,38.2,38.15,38.2,41000,1565100,29, 0.00
20121206,38.2,38.2,38.15,38.2,29001,1106988,15, 0.00
20121207,38.05,38.1,37.9,38.1,33000,1253650,19,-0.10
20121210,37.8,37.85,37.6,37.85,30000,1131950,28,-0.25
20121211,37.4,37.85,37.4,37.85,28077,1057537,27, 0.00
20121212,37.85,37.9,37.6,37.9,34500,1302249,23,+0.05
20121213,38.0,38.1,37.8,38.1,15000,571000,11,+0.20
20121214,38.1,38.1,37.55,38.1,47000,1779000,27, 0.00
20121217,38.1,38.25,38.0,38.25,42001,1602488,30,+0.15
20121218,38.15,38.5,38.05,38.5,34050,1304130,26,+0.25
20121219,38.55,38.6,38.4,38.6,105000,4043950,38,+0.10
20121220,38.6,38.6,38.05,38.4,38002,1454526,27,-0.20
20121221,38.1,38.5,37.8,38.5,41002,1562077,32,+0.10
20121222,38.5,38.5,38.0,38.5,25001,961188,16, 0.00
20121224,38.2,38.5,38.2,38.5,13001,499888,9, 0.00
20121225,38.35,38.6,38.25,38.6,53000,2038550,39,+0.10
20121226,38.55,38.8,38.55,38.8,54000,2089800,36,+0.20
20121227,38.8,38.8,38.6,38.8,44011,1706325,22, 0.00
20121228,38.5,38.8,38.5,38.7,24000,928800,15,-0.10
20130102,38.7,39.2,38.65,38.8,51003,1979214,26,+0.10
20130103,39.2,41.5,38.8,41.5,420200,17096039,202,+2.70
20130104,42.0,44.15,42.0,43.2,456221,19805897,332,+1.70
20130107,43.7,43.9,40.2,42.25,203174,8534800,152,-0.95
20130108,41.95,41.95,41.3,41.7,101002,4199884,85,-0.55
20130109,41.6,41.95,41.15,41.95,58002,2416284,48,+0.25
20130110,42.0,42.0,41.0,41.4,107186,4422480,79,-0.55
20130111,41.8,41.8,40.0,41.2,193003,7862770,106,-0.20
20130114,41.0,41.0,40.3,40.8,82002,3317032,71,-0.40
20130115,40.3,40.5,40.0,40.35,70005,2813750,57,-0.45
20130116,40.0,40.1,39.65,39.65,57070,2270150,42,-0.70
20130117,39.25,39.6,39.0,39.5,90150,3537464,51,-0.15
20130118,39.25,40.4,39.25,40.4,32005,1273950,26,+0.90
20130121,40.8,40.8,40.15,40.8,22000,894250,18,+0.40
20130122,39.95,41.5,39.95,41.3,68000,2777050,42,+0.50
20130123,41.2,41.5,41.05,41.5,45019,1859637,36,+0.20
20130124,40.6,41.35,40.6,41.35,21001,861491,17,-0.15
20130125,41.15,41.3,40.3,40.65,52001,2116441,36,-0.70
20130128,40.2,41.1,40.2,41.1,21003,853923,16,+0.45
20130129,41.0,41.0,40.7,40.9,22003,899123,14,-0.20
20130130,41.0,41.05,40.8,41.0,37000,1515850,27,+0.10
20130131,40.75,41.0,40.6,41.0,32003,1305773,22, 0.00
20130201,41.5,41.5,40.5,41.3,49003,2011623,43,+0.30
20130204,41.3,41.3,40.8,41.3,37000,1521850,23, 0.00
20130205,41.0,41.3,41.0,41.3,15002,618632,13, 0.00
20130206,41.3,41.5,41.05,41.3,53005,2187105,43, 0.00
20130218,41.3,41.9,41.3,41.9,74500,3098046,50,+0.60
20130219,41.9,42.1,41.55,42.1,74002,3085435,41,+0.20
20130220,42.4,42.4,41.9,42.0,60005,2521510,47,-0.10
20130221,42.0,42.15,41.65,42.15,30302,1272148,28,+0.15
20130222,41.9,42.4,41.9,42.4,19005,801960,20,+0.25
20130223,42.4,42.5,42.0,42.5,76007,3209945,40,+0.10
20130225,42.5,42.5,42.3,42.5,39011,1654063,40, 0.00
20130226,42.5,42.5,42.2,42.5,67004,2836568,42, 0.00
20130227,42.5,42.5,42.4,42.5,47001,1995542,26, 0.00
20130301,42.5,42.95,42.5,42.95,53003,2265929,35,+0.45
20130304,43.0,43.2,42.8,43.0,86000,3695400,56,+0.05
20130305,43.2,43.45,43.1,43.45,55007,2379551,50,+0.45
20130306,44.0,44.1,43.6,44.0,87027,3821223,65,+0.55
20130307,44.1,46.0,44.1,45.1,277133,12572426,198,+1.10
20130308,45.1,45.25,44.8,45.2,177084,7977092,82,+0.10
20130311,45.2,45.2,43.7,44.95,66002,2954538,43,-0.25
20130312,44.85,44.85,44.2,44.75,78003,3474885,45,-0.20
20130313,44.75,45.0,44.3,44.95,47020,2107700,39,+0.20
20130314,44.7,44.95,44.55,44.95,30002,1342040,27, 0.00
20130315,44.65,45.4,44.5,45.1,48002,2156540,29,+0.15
20130318,44.55,44.9,44.55,44.9,34165,1530331,48,-0.20
20130319,44.5,45.0,44.5,45.0,51002,2277940,41,+0.10
20130320,44.7,44.7,43.9,44.6,42040,1863016,52,-0.40
20130321,44.6,45.0,44.6,45.0,21003,941935,22,+0.40
20130322,45.0,45.0,44.7,45.0,18050,810350,35, 0.00
20130325,45.0,45.0,44.8,44.95,24084,1082156,31,-0.05
20130326,44.65,44.95,44.45,44.95,32016,1431470,39, 0.00
20130327,44.9,44.9,44.35,44.5,137092,6101366,40,-0.45
20130328,44.5,44.5,43.8,44.4,155056,6826341,69,-0.10
20130329,44.5,44.5,44.0,44.4,43005,1905620,29, 0.00
20130401,43.9,43.9,43.0,43.85,66014,2872916,59,-0.55
20130402,43.3,43.6,43.3,43.6,32010,1392290,23,-0.25
20130403,43.5,43.5,42.6,42.9,102100,4389650,59,-0.70
20130408,42.8,42.8,40.2,41.9,97010,3989520,87,-1.00
20130409,41.6,41.6,40.9,41.5,32007,1322889,25,-0.40
20130410,41.5,42.0,41.4,42.0,19075,795569,20,+0.50
20130411,42.0,42.7,42.0,42.7,33008,1399937,32,+0.70
20130412,42.7,43.4,42.7,43.3,46000,1982350,34,+0.60
20130415,43.3,43.3,42.6,43.3,29001,1246493,23, 0.00
20130416,43.0,43.15,42.8,43.15,35001,1504593,22,-0.15
20130417,43.6,43.6,42.9,43.55,36000,1555900,27,+0.40
20130418,43.5,43.5,42.9,43.45,44010,1909988,25,-0.10
20130419,43.15,43.65,43.15,43.65,25001,1086394,19,+0.20
20130422,43.7,45.5,43.7,45.3,116001,5216545,71,+1.65
20130423,45.3,45.7,45.3,45.45,152000,6913650,115,+0.15
20130424,45.15,45.5,45.1,45.5,35011,1589554,27,+0.05
20130425,45.1,45.4,44.5,45.3,91012,4080487,38,-0.20
20130426,45.3,45.3,44.9,45.3,28000,1264800,24, 0.00
20130429,45.05,45.6,45.05,45.5,82000,3722600,50,+0.20
20130430,45.5,45.75,45.5,45.75,71111,3244371,50,+0.25
20130502,45.7,45.7,44.6,45.5,107000,4831000,59,-0.25
20130503,45.5,45.5,45.1,45.35,24010,1089957,14,-0.15
20130506,45.1,45.3,44.8,45.3,67010,3014657,42,-0.05
20130507,45.3,45.6,45.2,45.35,66010,2998848,41,+0.05
20130508,45.1,45.35,45.05,45.3,48002,2167840,37,-0.05
20130509,45.3,45.5,45.0,45.5,96002,4332840,65,+0.20
20130510,45.5,45.5,45.25,45.5,76012,3447890,51, 0.00
20130513,45.95,46.0,45.6,45.7,78000,3569800,44,+0.20
20130514,45.7,45.9,45.55,45.9,40010,1833409,28,+0.20
20130515,45.75,46.2,45.5,46.2,125000,5736850,93,+0.30
20130516,48.6,48.6,47.35,47.8,209001,10014397,131,+1.60
20130517,47.8,47.8,47.1,47.55,85001,4046697,59,-0.25
20130520,46.2,47.45,46.2,47.45,50002,2349694,36,-0.10
20130521,47.45,47.45,46.3,47.0,66000,3093850,42,-0.45
20130522,47.4,47.4,46.5,47.0,59020,2759729,41, 0.00
20130523,46.6,46.95,46.05,46.95,104000,4839950,54,-0.05
20130524,46.35,47.0,46.35,47.0,60112,2813929,35,+0.05
20130527,47.0,47.3,46.9,47.0,86000,4043050,27, 0.00
20130528,46.55,47.0,46.55,47.0,42003,1969241,20, 0.00
20130529,47.0,47.0,46.7,47.0,54026,2534565,28, 0.00
20130530,46.8,46.9,46.6,46.9,51001,2385547,29,-0.10
20130531,46.8,47.0,46.75,47.0,61000,2862250,34,+0.10
20130603,47.0,47.95,46.9,47.95,197011,9313472,69,+0.95
20130604,48.0,48.0,47.5,47.9,77002,3677394,47,-0.05
20130605,47.7,47.9,47.45,47.9,48060,2291568,27, 0.00
20130606,47.5,47.75,47.3,47.75,57010,2708181,38,-0.15
20130607,47.4,47.5,47.0,47.5,67000,3166800,35,-0.25
20130610,47.5,47.5,47.2,47.35,42050,1988617,22,-0.15
20130611,47.5,47.95,46.2,47.85,117020,5543748,91,+0.50
20130613,47.7,47.7,46.8,47.6,51006,2407988,45,-0.25
20130614,47.6,47.6,47.0,47.6,95000,4499100,49, 0.00
20130617,47.45,47.45,47.1,47.3,48512,2294638,42,-0.30
20130618,47.3,47.3,47.0,47.0,99059,4668095,88,-0.30
20130619,47.0,47.3,46.9,47.1,137002,6445844,98,+0.10
20130620,47.2,47.2,46.7,47.0,71000,3325850,36,-0.10
20130621,46.8,46.8,45.55,46.8,33013,1530314,25,-0.20
20130624,46.8,46.95,46.5,46.95,37050,1729781,30,+0.15
20130625,46.5,46.85,46.2,46.85,39011,1814761,27,-0.10
20130626,47.0,47.0,46.3,47.0,70002,3269192,37,+0.15
20130627,47.0,47.0,46.6,46.6,46003,2155938,31,-0.40
20130628,46.55,47.25,46.5,47.2,84202,3941844,58,+0.60
20130701,47.2,47.5,46.8,47.5,166898,7887245,96,+0.30
20130702,45.6,46.0,45.6,45.8,94002,4302341,58,X0.00
20130703,46.5,46.5,45.8,46.15,107002,4917242,46,+0.35
20130704,46.2,46.5,46.0,46.5,36002,1666092,26,+0.35
20130705,46.8,47.6,46.75,47.3,132002,6237344,81,+0.80
20130708,47.3,47.5,47.0,47.5,74004,3508240,50,+0.20
20130709,47.5,47.5,47.05,47.5,32000,1516050,24, 0.00
20130710,47.55,47.65,47.3,47.65,38003,1804591,29,+0.15
20130711,47.7,47.8,47.45,47.8,77022,3672200,55,+0.15
20130712,47.7,47.9,47.5,47.5,62000,2956450,36,-0.30
20130715,47.4,47.5,47.3,47.3,47400,2247839,25,-0.20
20130716,47.3,47.75,47.3,47.55,47000,2231150,32,+0.25
20130717,47.55,47.55,47.25,47.4,34001,1609597,22,-0.15
20130718,47.4,47.6,47.4,47.6,116001,5509897,39,+0.20
20130719,47.6,47.6,47.2,47.3,52000,2460150,30,-0.30
20130722,47.25,47.3,47.05,47.15,61006,2875632,29,-0.15
20130723,47.0,47.05,46.8,46.85,48000,2252350,30,-0.30
20130724,46.8,46.8,45.5,46.45,61030,2822480,36,-0.40
20130725,45.6,46.3,45.6,46.3,87003,3997638,53,-0.15
20130726,46.4,46.6,46.2,46.5,69002,3204692,34,+0.20
20130729,46.5,46.7,46.1,46.65,67002,3102992,36,+0.15
20130730,46.7,48.0,46.7,47.95,262102,12496940,162,+1.30
20130731,48.0,51.3,48.0,51.3,818113,41740845,417,+3.35
20130801,53.3,53.6,51.4,51.7,662620,34833550,468,+0.40
20130802,53.0,53.9,52.3,53.0,757581,40209107,435,+1.30
20130805,53.6,54.4,53.1,53.9,432001,23224153,255,+0.90
20130806,53.9,54.0,53.2,53.8,346535,18568368,198,-0.10
20130807,53.5,55.1,53.0,54.1,480002,26125705,294,+0.30
20130808,54.5,54.5,53.0,54.1,413300,22299440,206, 0.00
20130809,54.0,57.8,53.6,57.5,1130401,63896637,550,+3.40
20130812,57.5,61.4,57.5,58.5,721094,42949969,524,+1.00
20130813,58.5,58.5,57.0,57.7,443499,25582688,265,-0.80
20130814,58.0,58.5,55.5,56.1,629416,35695166,371,-1.60
20130815,55.0,57.1,54.3,57.0,455001,25199557,284,+0.90
20130816,57.0,58.3,56.9,58.0,363100,20950090,233,+1.00
20130819,57.8,58.3,57.4,58.2,194720,11280702,136,+0.20
20130820,58.0,58.0,56.8,56.8,276000,15853400,182,-1.40
20130822,55.2,56.8,55.2,56.4,241000,13519800,142,-0.40
20130823,56.4,57.0,56.4,56.9,119415,6786804,95,+0.50
20130826,57.0,57.0,56.1,56.1,157606,8898991,88,-0.80
20130827,56.2,56.5,55.5,55.7,226000,12662500,104,-0.40
20130828,55.2,55.4,54.6,55.4,179019,9846445,112,-0.30
20130829,55.5,58.5,55.5,56.6,345001,19739156,203,+1.20
20130830,56.8,57.4,56.3,56.5,173944,9834157,97,-0.10
20130902,56.5,56.5,55.8,56.1,154003,8657868,79,-0.40
20130903,56.5,56.5,55.7,56.4,147038,8258739,88,+0.30
20130904,56.4,56.9,56.4,56.9,233093,13190891,123,+0.50
20130905,56.9,58.2,56.9,58.0,239001,13797357,134,+1.10
20130906,58.4,58.4,57.6,58.2,377250,21863075,173,+0.20
20130909,57.9,58.0,57.1,57.6,108017,6220074,69,-0.60
20130910,58.0,58.1,57.0,57.6,180000,10318800,97, 0.00
20130911,57.6,57.8,57.0,57.6,108010,6198385,68, 0.00
20130912,58.0,58.3,57.3,58.0,149250,8617649,75,+0.40
20130913,58.0,58.0,57.4,58.0,62017,3579786,43, 0.00
20130914,58.5,58.8,57.8,58.3,147037,8557446,89,+0.30
20130916,58.0,58.6,57.6,57.6,158207,9186660,86,-0.70
20130917,57.9,57.9,56.9,57.8,248017,14181677,98,+0.20
20130918,58.3,58.3,57.6,58.0,91001,5270758,41,+0.20
20130923,58.0,58.0,57.6,57.9,111150,6422894,60,-0.10
20130924,58.0,58.0,57.5,57.5,50118,2897485,32,-0.40
20130925,57.5,57.9,56.8,57.9,108017,6204477,62,+0.40
20130926,57.2,57.9,57.2,57.4,52018,2993526,22,-0.50
20130927,57.1,57.1,55.1,56.4,308050,17282289,186,-1.00
20130930,56.0,57.5,55.1,57.4,161000,9069600,90,+1.00
20131001,57.5,57.9,56.7,57.2,68245,3905366,48,-0.20
20131002,56.8,57.2,56.5,57.2,122210,6928286,57, 0.00
20131003,57.2,57.9,56.7,57.8,94200,5420660,56,+0.60
20131004,57.8,57.8,57.3,57.7,36001,2078657,18,-0.10
20131007,57.5,57.5,57.0,57.1,145000,8306800,70,-0.60
20131008,57.1,57.5,56.7,57.4,55003,3144372,28,+0.30
20131009,57.5,57.5,57.2,57.3,36100,2070969,19,-0.10
20131011,57.5,57.9,57.5,57.9,178223,10290967,89,+0.60
20131014,58.0,58.0,57.1,57.8,75009,4299617,44,-0.10
20131015,57.9,58.1,57.6,57.8,120140,6956892,60, 0.00
20131016,57.9,57.9,57.2,57.6,49000,2811400,36,-0.20
20131017,57.9,57.9,57.3,57.7,37028,2137197,35,+0.10
20131018,57.7,57.7,57.0,57.6,102002,5830217,46,-0.10
20131021,57.5,57.5,57.1,57.2,43085,2471935,36,-0.40
20131022,57.0,57.5,57.0,57.5,36000,2059600,29,+0.30
20131023,57.1,57.1,56.7,57.0,82014,4664598,62,-0.50
20131024,57.0,57.0,56.4,56.9,45527,2577722,37,-0.10
20131025,57.2,57.2,55.9,56.4,103010,5794557,71,-0.50
20131028,56.5,56.5,56.2,56.5,29115,1642640,23,+0.10
20131029,56.5,56.5,55.8,56.4,103056,5775941,66,-0.10
20131030,56.1,56.5,56.0,56.5,34000,1915800,22,+0.10
20131031,56.5,56.9,56.1,56.9,44000,2489800,16,+0.40
20131101,56.6,56.6,56.5,56.6,27099,1532644,20,-0.30
20131104,56.0,56.5,55.6,56.5,52005,2912680,40,-0.10
20131105,56.5,56.5,55.6,56.0,37002,2075712,27,-0.50
20131106,56.0,56.0,55.0,55.2,124002,6852310,70,-0.80
20131107,55.2,55.9,55.1,55.9,51002,2822410,31,+0.70
20131108,56.0,56.8,55.9,56.2,91000,5121800,58,+0.30
20131111,56.5,57.8,56.3,57.8,209107,11958282,136,+1.60
20131112,58.0,61.3,58.0,60.3,578200,34644560,350,+2.50
20131113,61.0,61.0,59.3,60.0,276019,16653628,183,-0.30
20131114,60.0,60.1,59.1,59.9,155064,9236606,111,-0.10
20131115,64.0,64.0,62.9,63.7,1781100,113747139,854,+3.80
20131118,63.0,63.0,60.2,60.2,761180,46541125,532,-3.50
20131119,60.5,61.7,60.3,61.0,341051,20799000,227,+0.80
20131120,61.6,62.4,61.0,61.3,369101,22756988,253,+0.30
20131121,61.3,61.6,60.5,60.5,218101,13281161,138,-0.80
20131122,60.5,60.7,59.6,59.6,142002,8554620,89,-0.90
20131125,59.7,61.3,59.7,60.6,210101,12749461,151,+1.00
20131126,60.6,61.3,60.5,60.8,260350,15853750,149,+0.20
20131127,61.3,61.7,60.8,60.8,197003,12047780,111, 0.00
20131128,60.9,61.4,60.9,61.4,140077,8583026,93,+0.60
20131129,61.0,61.5,60.6,61.5,199000,12173900,131,+0.10
20131202,61.6,61.9,60.7,61.3,154122,9433838,97,-0.20
20131203,61.0,61.2,60.4,61.1,197101,11962081,132,-0.20
20131204,61.0,61.0,60.6,60.9,88000,5353000,52,-0.20
20131205,61.3,61.4,60.2,60.5,150000,9079600,79,-0.40
20131206,60.5,60.8,60.0,60.3,132180,7968289,77,-0.20
20131209,60.5,60.8,60.0,60.1,156000,9419000,105,-0.20
20131210,60.4,60.4,59.5,60.0,97195,5821900,65,-0.10
20131211,60.7,62.9,60.7,62.0,424100,26246948,271,+2.00
20131212,62.0,62.1,61.5,61.8,282451,17451342,167,-0.20
20131213,62.0,63.3,62.0,62.9,415104,26039256,271,+1.10
20131216,62.9,63.4,62.2,62.4,222000,13902500,125,-0.50
20131217,63.2,63.2,62.3,62.8,131300,8235759,74,+0.40
20131218,62.8,63.1,62.4,63.0,182260,11460619,131,+0.20
20131219,63.2,63.2,62.6,62.8,98093,6156984,60,-0.20
20131220,63.0,63.0,60.8,62.0,190001,11747062,103,-0.80
20131223,61.5,62.5,61.5,62.2,78017,4845655,54,+0.20
20131224,62.0,62.0,61.7,61.7,57360,3548910,51,-0.50
20131225,62.0,62.0,61.0,61.4,83001,5075162,58,-0.30
20131226,61.0,61.5,60.8,61.5,99252,6064998,70,+0.10
20131227,61.5,61.5,60.9,61.0,105122,6420704,71,-0.50
20131230,61.0,61.0,60.2,60.5,284232,17246052,163,-0.50
20131231,60.5,61.4,60.3,61.4,114002,6935424,91,+0.90
20140102,60.6,61.5,60.6,61.3,145074,8846289,82,-0.10
20140103,60.8,61.3,60.5,61.1,193001,11756061,79,-0.20
20140106,61.2,61.2,60.5,60.7,151002,9174222,71,-0.40
20140107,60.7,61.9,60.7,61.8,111003,6822784,78,+1.10
20140108,62.0,62.9,61.9,62.2,139002,8662924,93,+0.40
20140109,62.5,62.5,61.6,61.6,140064,8662841,68,-0.60
20140110,62.3,62.3,61.2,61.6,63028,3878008,42, 0.00
20140113,62.0,62.0,61.0,61.3,86023,5269909,50,-0.30
20140114,61.5,61.8,60.5,61.2,87000,5301800,46,-0.10
20140115,61.2,61.4,60.8,61.1,64114,3916596,46,-0.10
20140116,61.2,61.3,60.7,60.7,90010,5489404,50,-0.40
20140117,61.0,61.0,60.6,60.7,75002,4556422,58, 0.00
20140120,60.7,61.0,60.5,60.6,97001,5885361,57,-0.10
20140121,60.6,60.8,60.3,60.6,111009,6716042,79, 0.00
20140122,60.8,62.3,60.8,62.0,252001,15545562,119,+1.40
20140123,62.0,62.0,60.6,60.7,182023,11104809,128,-1.30
20140124,60.7,60.7,60.0,60.4,131000,7903300,75,-0.30
20140127,60.0,60.3,59.5,59.9,151503,9086680,91,-0.50
20140205,59.5,62.3,59.5,60.5,122208,7387508,92,+0.60
20140206,60.9,60.9,60.1,60.2,117001,7063464,81,-0.30
20140207,61.6,62.2,61.5,61.9,245400,15196317,156,+1.70
20140210,63.9,63.9,62.1,62.3,438062,27588872,299,+0.40
20140211,61.9,62.2,61.5,61.8,140106,8671011,99,-0.50
20140212,61.8,62.0,61.5,61.6,118004,7284648,87,-0.20
20140213,61.5,62.0,61.2,62.0,112001,6897262,77,+0.40
20140214,62.0,62.0,61.4,61.8,105002,6470324,65,-0.20
20140217,61.2,62.0,61.2,61.4,111234,6844216,80,-0.40
20140218,61.9,61.9,61.2,61.6,100006,6144472,55,+0.20
20140219,61.8,62.0,61.1,61.3,171004,10534844,116,-0.30
20140220,61.0,61.8,61.0,61.5,96012,5918044,67,+0.20
20140221,61.5,61.8,61.4,61.4,62086,3820792,42,-0.10
20140224,61.5,61.8,61.3,61.3,105051,6459544,82,-0.10
20140225,61.3,61.7,61.0,61.5,90003,5525786,64,+0.20
20140226,61.7,61.9,61.2,61.5,144016,8870593,100, 0.00
20140227,61.5,61.9,61.5,61.8,107012,6600547,75,+0.30
20140303,61.8,61.8,61.2,61.4,69008,4232796,51,-0.40
20140304,61.3,61.7,61.2,61.2,46130,2831222,44,-0.20
20140305,61.5,61.6,61.2,61.5,81004,4968848,58,+0.30
20140306,61.5,61.9,61.3,61.6,69005,4255810,47,+0.10
20140307,61.8,61.9,61.5,61.6,52099,3209437,58, 0.00
20140310,61.6,61.7,61.1,61.2,103250,6330220,93,-0.40
20140311,61.3,61.3,60.5,60.6,204220,12379230,135,-0.60
20140312,60.4,60.6,59.5,60.0,116000,6974900,86,-0.60
20140313,60.0,60.5,60.0,60.2,96245,5784221,72,+0.20
20140314,60.5,60.5,59.8,60.1,104000,6251000,73,-0.10
20140317,62.6,62.6,60.5,61.3,119000,7301300,80,+1.20
20140318,65.5,65.5,65.5,65.5,664051,43495340,334,+4.20
20140319,70.0,70.0,69.1,70.0,2087341,146008370,1026,+4.50
20140320,70.4,74.9,69.0,74.8,2479386,179643307,1423,+4.80
20140321,75.0,78.0,74.5,75.0,1695735,129076825,1025,+0.20
20140324,75.1,75.3,72.1,73.7,819801,60587416,548,-1.30
20140325,73.9,75.0,73.1,73.6,554038,40938326,388,-0.10
20140326,74.0,75.4,73.0,73.1,607109,44844374,409,-0.50
20140327,73.1,73.9,73.0,73.1,262065,19220291,207, 0.00
20140328,73.1,75.0,73.1,73.4,469530,34702753,397,+0.30
20140331,73.5,73.8,73.0,73.5,299293,21961952,223,+0.10
20140401,73.5,73.9,73.3,73.7,239109,17588765,168,+0.20
20140402,73.9,73.9,73.5,73.5,269539,19849912,156,-0.20
20140403,73.5,73.5,72.0,72.6,483210,35063040,321,-0.90
20140407,72.8,73.2,71.8,72.0,251158,18132119,183,-0.60
20140408,72.0,72.5,72.0,72.3,66108,4772384,66,+0.30
20140409,72.3,72.8,72.0,72.4,120017,8679769,94,+0.10
20140410,72.5,73.5,72.5,72.9,232010,16935234,162,+0.50
20140411,72.8,72.8,72.3,72.3,139000,10075100,103,-0.60
20140414,72.3,72.7,71.7,72.6,137559,9927788,112,+0.30
20140415,72.6,73.1,72.2,72.3,105092,7620316,76,-0.30
20140416,72.3,72.5,71.7,72.4,244350,17611640,155,+0.10
20140417,72.4,72.9,72.2,72.4,169100,12248937,100, 0.00
20140418,72.4,72.4,72.0,72.0,111001,7997674,75,-0.40
20140421,72.0,72.3,71.6,72.1,234000,16854100,106,+0.10
20140422,71.8,71.9,71.4,71.4,146127,10459265,103,-0.70
20140423,71.3,71.3,70.7,70.9,221482,15688071,162,-0.50
20140424,70.9,70.9,69.5,70.0,289150,20246659,204,-0.90
20140425,70.0,70.0,69.0,69.4,351600,24391735,182,-0.60
20140428,69.6,71.9,69.5,70.8,105306,7397663,71,+1.40
20140429,71.8,71.8,70.9,71.0,70169,4992365,56,+0.20
20140430,70.5,71.1,69.6,70.0,138000,9715900,89,-1.00
20140502,69.7,70.6,69.1,70.0,312356,21757120,240, 0.00
20140505,70.0,70.0,69.1,69.5,161507,11243132,124,-0.50
20140506,69.5,69.5,69.2,69.3,249214,17279770,156,-0.20
20140507,69.1,70.4,69.0,70.1,196308,13679290,124,+0.80
20140508,70.1,71.6,69.7,71.1,278005,19708170,198,+1.00
20140509,71.4,71.5,70.4,70.8,264043,18766661,152,-0.30
20140512,71.0,71.2,70.5,70.8,150201,10658411,101, 0.00
20140513,71.0,71.0,70.3,70.5,187174,13237971,107,-0.30
20140514,70.8,70.8,70.0,70.2,266088,18704929,131,-0.30
20140515,70.2,70.5,70.0,70.0,158507,11112791,86,-0.20
20140516,70.0,72.0,69.4,72.0,632252,44880148,231,+2.00
20140519,72.3,73.0,72.1,72.5,225200,16340918,147,+0.50
20140520,72.5,72.7,71.9,72.6,324992,23567384,113,+0.10
20140521,72.6,72.8,72.3,72.6,184390,13394061,72, 0.00
20140522,72.6,73.5,72.6,73.1,327000,23874000,151,+0.50
20140523,73.1,73.2,72.2,72.8,104327,7592966,77,-0.30
20140526,72.8,72.9,72.0,72.2,69660,5043980,48,-0.60
20140527,71.9,72.5,71.6,71.8,85003,6117416,61,-0.40
20140528,71.8,71.8,71.3,71.4,64000,4574500,56,-0.40
20140529,71.8,72.0,71.4,71.8,64200,4603520,40,+0.40
20140530,71.8,71.8,71.4,71.5,38210,2734278,23,-0.30
20140603,71.5,71.6,71.0,71.1,96178,6845338,89,-0.40
20140604,71.0,71.3,70.8,71.1,65018,4622079,55, 0.00
20140605,71.0,71.5,70.9,71.5,103000,7322900,67,+0.40
20140606,71.2,71.8,70.8,71.0,70050,4985195,50,-0.50
20140609,71.0,71.5,71.0,71.1,49440,3518540,44,+0.10
20140610,71.3,71.5,71.0,71.0,49845,3550605,34,-0.10
20140611,71.0,71.2,71.0,71.0,63011,4477908,41, 0.00
20140612,71.2,72.5,71.2,72.0,176010,12699240,134,+1.00
20140613,71.5,72.2,71.5,72.2,102300,7370180,66,+0.20
20140616,72.4,73.2,72.4,73.2,254156,18525896,163,+1.00
20140617,73.9,73.9,73.3,73.4,184179,13551689,125,+0.20
20140618,73.4,73.8,73.0,73.8,400366,29386908,236,+0.40
20140619,73.8,73.9,73.1,73.7,396000,29173900,190,-0.10
20140620,73.8,73.8,73.2,73.3,131600,9674880,80,-0.40
20140623,73.3,73.6,73.0,73.3,346002,25365546,210, 0.00
20140624,73.4,73.4,73.1,73.3,226015,16551905,136, 0.00
20140625,73.3,73.4,73.0,73.3,274400,20089259,163, 0.00
20140626,73.3,73.5,73.0,73.3,573267,42011415,350, 0.00
20140627,66.5,68.2,66.5,67.4,622191,41767008,394,X0.00
20140630,67.5,67.7,66.5,67.0,575221,38655036,259,-0.40
20140701,67.0,67.1,65.8,66.2,499850,33161827,172,-0.80
20140702,66.2,66.2,64.0,64.4,330957,21539893,201,-1.80
20140703,64.4,64.4,62.2,62.6,245007,15401341,167,-1.80
20140704,62.6,62.6,61.1,61.6,201321,12401167,145,-1.00
20140707,62.0,62.5,61.6,62.4,533004,32910256,109,+0.80
20140708,62.5,63.7,62.4,63.2,113015,7127972,99,+0.80
20140709,63.2,64.0,63.2,63.5,184050,11709235,148,+0.30
20140710,64.0,64.0,62.2,62.8,93065,5858641,82,-0.70
20140711,63.0,63.0,60.9,61.8,295051,18139095,200,-1.00
20140714,61.8,61.8,61.0,61.0,168140,10298652,92,-0.80
20140715,60.8,61.7,60.2,60.3,157401,9555318,92,-0.70
20140716,60.3,60.8,60.2,60.5,104206,6295504,80,+0.20
20140717,60.5,60.6,60.1,60.1,141003,8499980,97,-0.40
20140718,60.1,60.7,60.0,60.5,92001,5561363,64,+0.40
20140721,60.5,60.9,60.0,60.1,90007,5425841,78,-0.40
20140722,60.1,60.9,60.1,60.2,68021,4108268,62,+0.10
20140724,60.2,60.4,59.5,60.0,147369,8831311,105,-0.20
20140725,60.0,60.0,59.0,59.2,187457,11114590,113,-0.80
20140728,59.2,59.9,59.2,59.6,102458,6114540,91,+0.40
20140729,59.6,60.0,59.1,59.6,128124,7661487,102, 0.00
20140730,59.7,62.0,59.7,61.2,809242,49096582,291,+1.60
20140731,61.2,61.2,59.5,59.7,119300,7197950,100,-1.50
20140801,56.0,59.0,56.0,58.0,152240,8808728,107,-1.70
20140804,58.0,58.0,56.8,57.6,355040,20368120,101,-0.40
20140805,57.6,58.0,56.6,56.6,214200,12276440,92,-1.00
20140806,57.0,58.0,56.8,58.0,207270,11906130,126,+1.40
20140807,57.6,59.8,57.6,59.0,191430,11274614,91,+1.00
20140808,58.6,59.8,58.6,59.5,120305,7129846,81,+0.50
20140811,59.5,60.1,59.1,59.8,122065,7282880,84,+0.30
20140812,59.8,60.0,59.6,59.6,82000,4900100,63,-0.20
20140813,59.9,60.1,59.8,59.9,92071,5518338,63,+0.30
20140814,60.2,60.3,59.6,59.6,103954,6242163,70,-0.30
20140815,59.6,59.8,59.4,59.6,54247,3232696,42, 0.00
20140818,59.6,59.8,59.3,59.6,107406,6389095,53, 0.00
20140819,59.3,60.0,59.0,59.7,185380,11018748,105,+0.10
20140820,59.7,59.9,59.3,59.9,99000,5904800,51,+0.20
20140821,59.8,60.1,59.5,60.0,122050,7303394,81,+0.10
20140822,60.0,61.5,60.0,61.0,158055,9593510,110,+1.00
20140825,61.0,62.3,61.0,62.0,188000,11626300,120,+1.00
20140826,62.2,62.2,61.5,62.0,80001,4958962,43, 0.00
20140827,62.2,62.4,62.0,62.3,91001,5662562,72,+0.30
20140828,62.3,62.4,62.0,62.3,79314,4929829,58, 0.00
20140829,62.1,63.5,62.0,63.1,124134,7778913,105,+0.80
20140901,63.1,63.1,62.7,62.9,48628,3058837,38,-0.20
20140902,62.9,62.9,62.2,62.3,67000,4196400,51,-0.60
20140903,62.3,62.9,62.2,62.6,65000,4067400,49,+0.30
20140904,62.6,62.8,62.5,62.7,78000,4886000,56,+0.10
20140905,62.7,62.9,62.2,62.9,62001,3877662,46,+0.20
20140909,62.6,62.8,62.6,62.8,33121,2077709,30,-0.10
20140910,62.7,62.7,61.3,62.5,97012,6023752,64,-0.30
20140911,62.1,62.5,61.6,62.0,59000,3666300,40,-0.50
20140912,61.6,62.1,61.6,62.0,71000,4391300,45, 0.00
20140915,61.6,61.9,61.2,61.9,70000,4303700,48,-0.10
20140916,61.9,61.9,60.5,61.9,157000,9622800,82, 0.00
20140917,61.2,62.0,61.1,61.9,190000,11724100,121, 0.00
20140918,61.9,62.0,61.5,62.0,126000,7792500,70,+0.10
20140919,62.1,62.3,61.5,62.2,91000,5639000,56,+0.20
20140922,62.3,62.3,61.3,62.2,87000,5384200,52, 0.00
20140923,62.1,62.2,61.5,62.2,98000,6079500,53, 0.00
20140924,62.2,62.3,62.0,62.3,89000,5536000,67,+0.10
20140925,62.3,62.4,61.6,62.4,148000,9196400,95,+0.10
20140926,62.2,62.2,61.2,62.0,257000,15808100,146,-0.40
20140929,62.0,62.2,61.7,62.2,113000,7006400,67,+0.20
20140930,62.2,62.3,61.8,62.3,148000,9195900,95,+0.10
20141001,62.2,63.3,62.1,63.0,199000,12481700,122,+0.70
20141002,63.0,63.2,62.9,63.2,127000,8011700,86,+0.20
20141003,63.2,63.4,63.1,63.4,181000,11458900,96,+0.20
20141006,63.4,65.0,63.4,64.5,162000,10419400,106,+1.10
20141007,65.0,65.0,64.2,64.7,273094,17707581,130,+0.20
20141008,64.7,64.8,64.1,64.8,189000,12204900,113,+0.10
20141009,64.3,64.7,64.0,64.7,182050,11737336,127,-0.10
20141013,64.1,64.4,62.2,63.2,304001,19176763,120,-1.50
20141014,62.6,64.0,62.5,64.0,260000,16382200,103,+0.80
20141015,63.8,63.9,62.9,63.9,294000,18685798,143,-0.10
20141016,63.1,63.8,62.3,63.7,351414,22078271,189,-0.20
20141017,63.1,63.5,62.3,62.6,299031,18805483,173,-1.10
20141020,63.0,63.2,62.5,63.2,159100,10022549,127,+0.60
20141021,62.7,63.0,62.6,62.9,52067,3267947,38,-0.30
20141022,62.8,62.8,62.2,62.3,72030,4495975,56,-0.60
20141023,62.3,62.4,62.1,62.3,76001,4731264,37, 0.00
20141024,62.3,62.4,62.0,62.2,156000,9678300,81,-0.10
20141027,62.1,62.1,62.0,62.0,114600,7105497,64,-0.20
20141028,62.2,62.5,62.0,62.3,66500,4135149,41,+0.30
20141029,62.3,62.3,62.2,62.2,20030,1247054,17,-0.10
20141030,62.2,62.3,62.1,62.3,19001,1181762,16,+0.10
20141031,62.4,62.5,62.0,62.1,86050,5343824,37,-0.20
20141103,62.5,62.5,62.0,62.2,48060,2987456,43,+0.10
20141104,62.1,62.5,62.1,62.1,19001,1180762,18,-0.10
20141105,62.2,62.2,62.0,62.0,18170,1127342,14,-0.10
20141106,62.1,62.3,62.0,62.0,19000,1178700,16, 0.00
20141107,62.0,64.0,62.0,64.0,73230,4616820,60,+2.00
20141110,64.0,64.0,63.0,63.7,40000,2537300,32,-0.30
20141111,63.7,63.9,63.0,63.6,62000,3943000,49,-0.10
20141112,63.6,63.6,63.0,63.5,12001,759863,12,-0.10
20141113,63.0,63.9,63.0,63.9,81250,5168300,62,+0.40
20141114,64.5,64.5,63.3,64.0,115000,7356900,61,+0.10
20141117,64.4,64.4,63.2,63.3,133474,8479762,70,-0.70
20141118,63.4,63.9,63.0,63.9,66700,4223748,50,+0.60
20141119,63.9,63.9,63.4,63.8,32000,2037400,24,-0.10
20141120,63.4,65.0,63.3,65.0,237074,15282710,119,+1.20
20141121,64.8,65.0,64.3,64.4,32000,2062500,23,-0.60
20141124,64.3,64.3,63.3,63.5,51020,3257182,39,-0.90
20141125,63.5,64.6,63.5,64.6,96000,6171900,58,+1.10
20141126,64.0,65.1,64.0,64.7,143005,9285225,73,+0.10
20141127,64.5,64.5,63.8,63.8,23008,1471912,31,-0.90
20141128,63.8,64.7,63.8,64.7,20000,1289400,20,+0.90
20141201,64.6,64.6,63.8,63.8,51013,3269332,56,-0.90
20141202,64.8,65.2,63.9,63.9,147013,9511432,91,+0.10
20141203,64.0,65.0,63.1,64.0,71003,4577792,43,+0.10
20141204,64.1,64.2,63.9,64.2,65001,4159564,25,+0.20
20141205,63.9,64.5,63.8,64.1,70485,4519893,68,-0.10
20141208,64.1,64.8,64.1,64.2,9100,585540,10,+0.10
20141209,64.1,64.1,63.9,64.0,21003,1343592,18,-0.20
20141210,63.7,64.2,63.7,63.9,22052,1411048,21,-0.10
20141211,64.2,64.2,64.0,64.0,4000,256200,4,+0.10
20141212,64.5,64.5,63.8,63.8,12001,768364,12,-0.20
20141215,63.6,63.9,63.4,63.4,47006,2982284,31,-0.40
20141216,63.4,64.0,63.0,63.6,99000,6305000,93,+0.20
20141217,63.6,63.9,63.1,63.2,47004,2984452,42,-0.40
20141218,63.5,63.9,63.2,63.6,62001,3943764,47,+0.40
20141219,64.0,64.0,63.6,63.8,32002,2041328,31,+0.20
20141222,63.5,64.0,63.3,63.9,27020,1723180,23,+0.10
20141223,63.9,63.9,63.8,63.9,16000,1022000,9, 0.00
20141224,63.7,64.2,63.7,64.1,34101,2183683,24,+0.20
20141225,64.0,64.0,63.8,63.8,10304,658456,13,-0.30
20141226,64.0,64.1,64.0,64.0,31001,1986064,21,+0.20
20141227,64.0,64.1,64.0,64.0,17000,1089100,11, 0.00
20141229,64.3,64.3,64.1,64.1,13000,833900,11,+0.10
20141230,64.0,64.3,64.0,64.2,21092,1351406,19,+0.10
20141231,64.2,64.2,64.0,64.2,11111,712226,14, 0.00
20150105,64.2,64.7,63.5,64.7,56002,3590430,39,+0.50
20150106,63.8,64.2,63.5,64.2,20000,1274500,19,-0.50
20150107,63.1,64.2,63.1,63.6,20103,1280949,23,-0.60
20150108,63.6,64.2,63.6,63.8,27000,1723300,21,+0.20
20150109,63.8,64.3,63.7,63.7,20002,1276328,14,-0.10
20150112,63.7,64.2,63.4,63.6,18002,1143728,12,-0.10
20150113,63.6,64.2,63.6,63.7,28008,1792612,25,+0.10
20150114,64.0,64.0,63.6,63.6,18004,1147856,20,-0.10
20150115,64.5,64.5,63.5,63.6,26001,1659964,24, 0.00
20150116,63.5,63.5,63.2,63.3,43001,2722563,33,-0.30
20150119,64.0,64.0,63.0,63.1,49001,3101563,27,-0.20
20150120,63.1,63.6,63.1,63.5,22002,1396026,23,+0.40
20150121,63.8,64.0,63.5,63.5,44051,2801138,38, 0.00
20150122,63.5,63.8,63.3,63.4,37002,2349528,31,-0.10
20150123,63.7,64.2,63.4,64.0,32001,2040564,30,+0.60
20150126,63.5,64.2,63.5,63.5,25004,1594252,20,-0.50
20150127,64.2,64.2,63.5,63.6,13004,828756,16,+0.10
20150128,63.6,64.0,63.4,63.4,17001,1080164,16,-0.20
20150129,63.5,63.7,63.3,63.3,13000,824900,12,-0.10
20150130,63.7,63.7,63.4,63.7,20000,1271200,16,+0.40
20150202,63.8,64.0,63.6,63.8,18002,1148226,20,+0.10
20150203,63.8,63.8,63.6,63.8,16432,1046888,19, 0.00
20150204,63.8,64.6,63.8,64.2,25409,1628315,28,+0.40
20150205,64.1,64.3,63.9,64.2,28000,1794700,26, 0.00
20150206,64.0,64.2,63.7,63.7,22028,1407382,27,-0.50
20150209,64.0,64.0,63.7,63.7,22059,1409262,21, 0.00
20150210,63.9,64.1,63.8,63.8,52000,3325100,42,+0.10
20150211,64.2,64.7,64.1,64.3,49036,3154504,72,+0.50
20150212,64.4,64.5,64.2,64.4,45003,2896495,37,+0.10
20150213,64.4,65.5,64.4,65.1,210500,13668500,138,+0.70
20150224,65.2,65.8,65.1,65.6,52007,3406762,52,+0.50
20150225,65.8,66.0,65.6,65.9,67004,4410264,61,+0.30
20150226,65.7,65.8,65.5,65.8,21217,1392675,23,-0.10
20150302,66.0,66.0,65.7,65.7,50151,3304658,44,-0.10
20150303,65.7,65.7,65.6,65.6,14042,921849,17,-0.10
20150304,65.6,66.2,65.6,65.9,86003,5676398,68,+0.30
20150305,65.9,66.8,65.9,66.7,163007,10851262,118,+0.80
20150306,67.0,68.5,66.7,68.2,246004,16660772,131,+1.50
20150309,68.3,68.3,67.0,67.5,76038,5134686,82,-0.70
20150310,67.8,67.8,67.1,67.1,38306,2584112,38,-0.40
20150311,66.7,67.0,65.5,67.0,66107,4371129,62,-0.10
20150312,67.0,68.1,66.4,68.0,102088,6900944,80,+1.00
20150313,68.0,68.0,66.5,67.0,58700,3930116,51,-1.00
20150316,66.6,67.9,66.6,67.4,37017,2497156,54,+0.40
20150317,67.6,68.4,67.5,68.3,93560,6366564,85,+0.90
20150318,68.3,68.3,67.7,68.1,44016,2997590,42,-0.20
20150319,68.1,68.3,67.1,68.1,174017,11842758,101, 0.00
20150320,68.2,68.3,68.0,68.3,160061,10915639,83,+0.20
20150323,72.8,72.8,68.6,69.1,148024,10287956,114,+0.80
20150324,70.4,70.4,69.5,69.7,80020,5587880,70,+0.60
20150325,70.6,71.5,70.1,70.7,593366,41953623,300,+1.00
20150326,70.7,71.0,70.0,71.0,438793,31020171,308,+0.30
20150327,71.0,71.3,70.3,71.0,226261,16043702,191, 0.00
20150330,71.0,71.4,70.8,71.1,277046,19703373,168,+0.10
20150331,71.1,71.5,70.8,70.8,191317,13615808,145,-0.30
20150401,70.8,70.8,70.3,70.5,103208,7279727,89,-0.30
20150402,70.5,70.6,70.1,70.3,151422,10661962,116,-0.20
20150407,70.5,70.5,70.1,70.3,173269,12186234,106, 0.00
20150408,70.5,70.6,70.3,70.3,139131,9801358,96, 0.00
20150409,70.1,70.8,70.1,70.3,267011,18834671,183, 0.00
20150410,70.7,70.8,70.4,70.4,143202,10105886,88,+0.10
20150413,70.0,70.3,69.6,69.9,232204,16237178,238,-0.50
20150414,69.9,70.1,69.8,69.9,224104,15673950,125, 0.00
20150415,69.9,69.9,68.8,69.2,235040,16285095,169,-0.70
20150416,69.3,69.3,68.5,68.8,392222,27024828,218,-0.40
20150417,68.5,69.3,68.5,68.9,104104,7161666,79,+0.10
20150420,68.9,69.0,68.6,68.9,88952,6125796,83, 0.00
20150421,69.0,69.0,68.4,68.7,104248,7156585,83,-0.20
20150422,68.7,69.1,68.7,69.1,83359,5747606,66,+0.40
20150423,69.1,69.4,69.1,69.2,104101,7200488,81,+0.10
20150424,69.3,69.5,69.1,69.3,166641,11556819,123,+0.10
20150427,69.3,69.6,69.1,69.5,155009,10760421,114,+0.20
20150428,69.6,69.9,69.3,69.6,119001,8287169,83,+0.10
20150429,69.7,70.6,69.7,70.3,245000,17211800,163,+0.70
20150430,70.3,70.9,70.3,70.6,234001,16542871,179,+0.30
20150504,70.6,70.9,70.2,70.4,95102,6703930,67,-0.20
20150505,70.4,70.5,69.7,69.8,118207,8267171,76,-0.60
20150506,70.5,70.5,69.5,70.2,74029,5176344,61,+0.40
20150507,70.2,70.2,69.7,70.2,127080,8897215,89, 0.00
20150508,70.2,70.2,69.5,70.0,71488,4999665,53,-0.20
20150511,70.0,70.0,69.5,69.5,132255,9217221,98,-0.50
20150512,69.0,69.1,68.0,68.3,270102,18461926,179,-1.20
20150513,68.0,68.6,68.0,68.3,74001,5052768,50, 0.00
20150514,68.0,68.4,67.5,67.9,186399,12622483,138,-0.40
20150515,67.8,67.8,65.4,66.5,215919,14314920,160,-1.40
20150518,66.5,66.5,64.9,65.0,262519,17086139,184,-1.50
20150519,64.2,65.0,63.8,65.0,191434,12297621,127, 0.00
20150520,64.2,65.0,64.2,64.5,115421,7456433,99,-0.50
20150521,64.3,65.0,64.1,65.0,66042,4269730,67,+0.50
20150522,65.0,65.4,64.8,65.1,99445,6469570,68,+0.10
20150525,65.5,65.5,64.9,65.0,78200,5082120,66,-0.10
20150526,65.3,65.5,64.9,65.0,74050,4824575,58, 0.00
20150527,65.0,65.4,64.4,64.4,156001,10088267,104,-0.60
20150528,64.5,67.8,64.5,66.3,288100,18988249,182,+1.90
20150529,67.0,68.2,67.0,68.1,454410,30778718,304,+1.80
20150601,69.0,69.7,68.1,69.4,654211,45097169,242,+1.30
20150602,69.4,69.5,68.6,68.6,474500,32835449,133,-0.80
20150603,68.6,69.0,68.5,68.7,213422,14662002,105,+0.10
20150604,68.7,69.0,68.0,68.1,191400,13064139,141,-0.60
20150605,63.7,67.8,63.7,67.5,351100,23456109,181,-0.60
20150608,67.5,68.2,66.0,67.7,177078,11941404,85,+0.20
20150609,67.7,67.7,67.2,67.2,112100,7561100,84,-0.50
20150610,68.0,68.4,67.3,67.5,240050,16257750,133,+0.30
20150611,67.5,67.8,67.0,67.4,330000,22226200,234,-0.10
20150612,67.4,68.0,67.0,67.7,483048,32673608,286,+0.30
20150615,60.2,60.5,58.5,58.5,334193,19790887,254,X0.00
20150616,58.0,59.0,55.8,56.5,400600,22690679,278,-2.00
20150617,55.8,56.5,55.0,55.6,190700,10624080,160,-0.90
20150618,55.6,56.7,55.5,56.7,145050,8107090,107,+1.10
20150622,56.9,56.9,55.1,55.6,234218,13013960,109,-1.10
20150623,55.6,56.1,55.6,56.0,92520,5169024,63,+0.40
20150624,56.4,56.4,55.9,55.9,68000,3810600,53,-0.10
20150625,55.9,56.5,55.8,55.8,99072,5557546,61,-0.10
20150626,56.0,56.0,55.8,55.9,94000,5253400,58,+0.10
20150629,55.9,56.0,55.1,55.1,139210,7722675,109,-0.80
20150630,54.3,55.3,54.3,55.3,88200,4855479,50,+0.20
20150701,55.3,56.0,55.3,56.0,206300,11441800,47,+0.70
20150702,56.0,56.0,55.2,55.3,72000,4007600,40,-0.70
20150703,55.3,55.4,55.0,55.3,76000,4196000,45, 0.00
20150706,55.3,55.4,55.0,55.0,94130,5190415,55,-0.30
20150707,55.8,55.8,55.2,55.6,65600,3638500,45,+0.60
20150708,55.3,55.3,54.4,54.6,136585,7480041,84,-1.00
20150709,54.0,54.5,50.0,53.5,115000,6115700,68,-1.10
20150713,53.7,54.3,53.7,54.0,32259,1737986,18,+0.50
20150714,55.0,55.0,53.2,53.2,63389,3401471,47,-0.80
20150715,53.0,53.2,52.0,52.1,100000,5258700,59,-1.10
20150716,53.5,53.5,52.2,52.5,75222,3957431,51,+0.40
20150717,53.0,53.0,52.0,52.5,67001,3512052,48, 0.00
20150720,52.8,52.8,51.0,51.6,159001,8190351,79,-0.90
20150721,51.6,52.1,51.6,52.1,53000,2750200,35,+0.50
20150722,52.0,52.0,51.7,51.7,45000,2332300,26,-0.40
20150723,51.2,51.8,51.1,51.4,35000,1798700,34,-0.30
20150724,50.8,51.3,50.8,51.1,44500,2270900,35,-0.30
20150727,51.5,52.0,50.1,50.2,56232,2849146,45,-0.90
20150728,50.2,50.2,49.3,49.85,72048,3580158,41,-0.35
20150729,50.3,50.3,48.5,48.7,111250,5463135,77,-1.15
20150730,49.2,49.2,47.05,47.1,137002,6555144,97,-1.60
20150731,46.5,46.5,44.0,44.2,183130,8233198,139,-2.90
20150803,44.2,45.0,42.65,42.9,82100,3546994,67,-1.30
20150804,43.0,43.4,42.65,43.1,36001,1548845,31,+0.20
20150805,42.65,43.3,42.65,43.0,49001,2109646,38,-0.10
20150806,43.8,45.0,43.1,43.2,46001,2003697,36,+0.20
20150807,43.0,44.4,43.0,44.3,43000,1891150,36,+1.10
20150810,44.9,44.9,43.85,44.5,24138,1073640,22,+0.20
20150811,43.9,45.0,43.8,44.35,35000,1544650,34,-0.15
20150812,43.0,44.2,43.0,43.4,38000,1658500,31,-0.95
20150813,43.4,44.35,43.25,44.2,16000,700450,15,+0.80
20150814,44.0,44.3,43.8,44.3,15004,660238,17,+0.10
20150817,44.3,44.95,43.6,43.8,52000,2315550,36,-0.50
20150818,43.8,43.8,43.0,43.2,42010,1812686,35,-0.60
20150819,42.2,43.4,39.5,40.0,65070,2665945,66,-3.20
20150820,40.0,40.0,38.05,38.2,110418,4265364,77,-1.80
20150821,36.65,36.65,35.0,35.05,275100,9755970,152,-3.15
20150824,33.1,34.9,31.55,31.6,192080,6126844,158,-3.45
20150825,30.0,32.0,29.85,30.7,306021,9412801,173,-0.90
20150826,30.7,31.95,30.0,30.1,474070,14356296,240,-0.60
20150827,30.7,33.1,30.7,33.1,281620,9006471,198,+3.00
20150828,36.3,36.4,35.9,36.4,129071,4694684,88,+3.30
20150831,39.0,40.0,37.5,40.0,449311,17702390,294,+3.60
20150901,40.0,40.0,38.0,38.6,166408,6491305,133,-1.40
20150902,37.6,37.6,36.0,36.75,96101,3532188,83,-1.85
20150903,37.3,37.3,36.25,37.3,74000,2725950,56,+0.55
20150904,37.3,37.3,36.4,36.6,52053,1911913,42,-0.70
20150907,36.55,36.6,35.7,35.7,45005,1625443,40,-0.90
20150908,35.7,36.5,35.7,36.35,43007,1555621,32,+0.65
20150909,37.4,37.4,36.6,36.9,105055,3887657,71,+0.55
20150910,36.9,37.65,36.8,37.6,74280,2778072,68,+0.70
20150911,37.5,37.5,36.9,37.0,84000,3112850,62,-0.60
20150914,37.45,37.45,36.25,36.5,93015,3404255,71,-0.50
20150915,36.5,36.5,36.05,36.4,48045,1739543,45,-0.10
20150916,36.4,36.6,36.2,36.6,97000,3534150,56,+0.20
20150917,36.15,36.75,36.15,36.6,61000,2230450,49, 0.00
20150918,36.6,38.35,36.6,38.05,100000,3774050,64,+1.45
20150921,37.5,37.55,36.85,37.55,41205,1529765,47,-0.50
20150922,37.0,37.35,36.8,37.3,90003,3327370,67,-0.25
20150923,37.3,37.3,36.5,37.0,34718,1273456,39,-0.30
20150924,37.0,37.25,36.4,36.5,84002,3087528,62,-0.50
20150925,36.5,36.85,36.35,36.5,14005,512497,14, 0.00
20150930,35.7,36.4,35.1,35.65,49055,1748315,44,-0.85
20151001,35.65,37.5,35.65,37.0,77000,2829500,65,+1.35
20151002,37.2,37.5,37.15,37.45,31011,1158631,36,+0.45
20151005,37.7,38.0,37.35,37.6,50001,1887739,45,+0.15
20151006,38.5,38.5,37.65,38.05,41000,1559600,34,+0.45
20151007,38.0,38.1,37.75,37.75,22250,845037,20,-0.30
20151008,37.75,37.75,36.6,36.95,57027,2114120,52,-0.80
20151012,37.4,37.4,36.9,36.9,23500,869850,29,-0.05
20151013,36.9,37.1,36.65,36.9,32300,1190570,33, 0.00
20151014,36.9,37.3,36.75,37.3,20314,752075,18,+0.40
20151015,37.4,37.45,37.0,37.35,16314,606827,20,+0.05
20151016,37.45,37.45,37.0,37.0,24086,897479,20,-0.35
20151019,37.05,37.5,37.05,37.5,25200,938680,23,+0.50
20151020,37.7,37.8,37.2,37.8,67001,2515139,47,+0.30
20151021,37.95,37.95,37.6,37.75,13401,507329,14,-0.05
20151022,37.75,40.0,37.75,39.0,73015,2815831,66,+1.25
20151023,39.7,39.7,38.7,39.15,43013,1683189,45,+0.15
20151026,39.5,39.5,39.2,39.2,17400,686020,18,+0.05
20151027,39.3,39.4,39.05,39.1,34200,1341759,30,-0.10
20151028,39.85,39.85,38.5,39.2,37400,1456600,33,+0.10
20151029,39.3,39.3,38.35,39.25,11400,443470,12,+0.05
20151030,39.25,39.8,38.0,38.8,44001,1697389,37,-0.45
20151102,39.2,39.2,38.25,38.8,34000,1312950,33, 0.00
20151103,39.35,39.35,38.55,39.2,46273,1799715,38,+0.40
20151104,38.8,38.95,38.5,38.75,117050,4529492,87,-0.45
20151105,38.75,39.0,38.35,38.6,92280,3571992,53,-0.15
20151106,38.95,38.95,38.15,38.3,52000,1996900,33,-0.30
20151109,38.85,38.85,38.05,38.1,32001,1226040,32,-0.20
20151110,38.6,38.6,37.45,37.6,72001,2709840,58,-0.50
20151111,37.8,37.8,37.0,37.55,68002,2528328,50,-0.05
20151112,37.55,37.55,37.0,37.2,22001,817439,23,-0.35
20151113,37.55,38.9,37.05,37.9,61000,2307400,52,+0.70
20151116,37.85,37.85,37.35,37.6,14001,527939,15,-0.30
20151117,38.0,38.6,37.7,37.8,34700,1318950,26,+0.20
20151118,39.1,39.1,38.1,38.35,53000,2042400,41,+0.55
20151119,38.35,38.35,38.0,38.0,53008,2017962,47,-0.35
20151120,38.35,38.45,38.0,38.3,27002,1035880,27,+0.30
20151123,38.3,38.9,37.55,38.6,59014,2259778,52,+0.30
20151124,38.3,38.3,37.55,38.2,66006,2502746,53,-0.40
20151125,38.4,38.4,37.85,38.35,17100,650952,21,+0.15
20151126,38.35,38.55,38.15,38.5,135002,5172832,89,+0.15
20151127,38.5,38.5,37.4,38.0,96003,3637123,72,-0.50
20151130,37.85,38.0,37.3,37.3,212208,7938180,108,-0.70
20151201,37.5,38.85,37.3,38.6,75318,2865841,61,+1.30
20151202,38.8,42.45,38.8,42.45,403382,16717965,301,+3.85
20151203,43.5,46.65,42.55,43.7,544378,24461706,443,+1.25
20151204,43.85,43.85,41.2,42.6,302360,12768193,253,-1.10
20151207,43.1,43.25,42.6,42.85,145003,6228382,105,+0.25
20151208,42.85,42.85,41.5,42.0,94108,3945702,78,-0.85
20151209,41.75,42.4,41.75,42.35,74000,3109900,59,+0.35
20151210,42.1,42.3,41.6,41.8,88600,3709827,71,-0.55
20151211,42.0,42.0,40.35,40.35,48000,1980900,40,-1.45
20151214,40.4,40.4,39.25,39.25,55060,2191308,55,-1.10
20151215,38.8,40.2,38.8,39.5,30000,1186700,22,+0.25
20151216,40.15,40.15,39.6,40.1,17000,676450,15,+0.60
20151217,40.55,40.7,40.0,40.7,39000,1579950,32,+0.60
20151218,40.5,40.5,39.65,39.65,42200,1691557,42,-1.05
20151221,39.5,40.25,39.4,40.0,27000,1071650,21,+0.35
20151222,39.75,40.0,39.75,39.8,21000,837600,20,-0.20
20151223,40.0,40.0,39.7,40.0,51000,2030850,34,+0.20
20151224,40.2,40.35,39.75,40.25,18000,723150,13,+0.25
20151225,40.0,40.2,39.9,40.1,17003,680332,15,-0.15
20151228,39.8,40.3,39.6,40.3,39000,1557750,30,+0.20
20151229,40.3,40.3,39.9,40.05,12018,481974,30,-0.25
20151230,40.05,40.6,40.05,40.2,25000,1007350,22,+0.15
20151231,40.1,40.35,40.1,40.3,7000,281750,7,+0.10
20160104,40.1,40.1,39.3,39.5,29207,1159430,30,-0.80
20160105,39.1,39.4,38.65,39.3,42001,1639292,33,-0.20
20160106,39.2,39.4,39.0,39.1,34001,1329141,21,-0.20
20160107,39.15,39.15,37.0,38.25,70857,2667977,68,-0.85
20160108,37.1,38.25,37.1,38.25,26002,989430,23, 0.00
20160111,42.05,42.05,38.55,39.2,105003,4223173,77,+0.95
20160112,38.8,38.8,38.35,38.8,36001,1392191,30,-0.40
20160113,38.25,38.75,38.25,38.4,24150,928400,28,-0.40
20160114,38.0,38.4,38.0,38.4,15500,591374,19, 0.00
20160115,38.2,38.2,38.05,38.05,31102,1186014,30,-0.35
20160118,38.05,38.4,37.8,38.4,14100,536878,16,+0.35
20160119,38.4,38.65,38.1,38.65,6202,238028,10,+0.25
20160120,38.2,38.6,37.0,38.6,47252,1785001,36,-0.05
20160121,38.0,38.8,38.0,38.4,42101,1617437,38,-0.20
20160122,38.4,38.4,37.8,38.3,36000,1367650,33,-0.10
20160125,38.1,38.85,38.05,38.05,65005,2495590,65,-0.25
20160126,38.1,38.1,37.7,37.7,10448,395932,17,-0.35
20160127,37.8,38.4,37.8,37.9,9280,353109,13,+0.20
20160128,38.0,38.0,38.0,38.0,7207,273841,12,+0.10
20160129,38.4,38.4,37.95,38.35,24000,914450,22,+0.35
20160130,38.4,39.1,38.4,38.8,32026,1243516,29,+0.45
20160201,38.75,39.0,38.55,38.9,44002,1710080,34,+0.10
20160202,39.0,42.75,38.85,42.2,257301,10892060,143,+3.30
20160203,41.8,41.9,40.45,41.0,81005,3345905,67,-1.20
20160215,41.0,41.75,40.7,41.5,80205,3322459,66,+0.50
20160216,40.6,41.5,40.6,41.4,40501,1671890,29,-0.10
20160217,41.4,41.4,40.8,41.4,33000,1359400,26, 0.00
20160218,41.05,41.9,41.05,41.9,40051,1663395,42,+0.50
20160219,41.4,41.9,41.4,41.8,15130,630583,16,-0.10
20160222,41.5,41.5,41.2,41.5,18303,758292,19,-0.30
20160223,41.1,41.75,41.1,41.7,27132,1127379,28,+0.20
20160224,41.9,42.4,41.5,42.1,33406,1401242,27,+0.40
20160225,41.8,42.4,41.8,42.4,71132,2992730,51,+0.30
20160226,42.0,44.0,42.0,43.5,67024,2882336,56,+1.10
20160301,43.5,44.7,43.5,44.1,149105,6559547,82,+0.60
20160302,44.5,44.5,43.65,44.1,53350,2339117,57, 0.00
20160303,44.5,44.6,43.8,44.45,24006,1064514,30,+0.35
20160304,44.9,45.55,44.1,45.5,100003,4488785,78,+1.05
20160307,45.5,48.4,44.6,48.3,132348,6178654,104,+2.80
20160308,48.25,48.25,46.5,46.8,134430,6322340,113,-1.50
20160309,46.3,46.85,45.6,46.85,54098,2499265,48,+0.05
20160310,46.85,46.85,46.05,46.3,96001,4464698,64,-0.55
20160311,46.05,46.5,46.05,46.5,15004,695392,19,+0.20
20160314,46.5,46.8,45.55,46.0,62022,2857022,47,-0.50
20160315,46.0,46.0,44.35,45.45,67000,3045550,50,-0.55
20160316,45.45,46.2,45.4,46.2,76000,3471500,35,+0.75
20160317,46.5,46.55,46.1,46.4,37531,1743688,32,+0.20
20160318,46.4,46.4,46.0,46.05,46006,2120526,33,-0.35
20160321,45.5,46.0,45.5,45.7,23103,1054501,28,-0.35
20160322,45.3,46.5,45.25,46.5,36002,1637192,31,+0.80
20160323,46.5,46.5,45.7,46.35,49002,2255302,33,-0.15
20160324,46.4,46.45,45.8,46.1,77007,3538080,29,-0.25
20160325,46.7,48.2,46.7,47.3,407101,19381548,266,+1.20
20160328,48.1,48.15,47.5,47.6,250100,12001450,118,+0.30
20160329,46.35,47.0,45.25,45.5,306000,14076150,185,-2.10
20160330,45.5,46.2,45.0,45.6,170221,7747316,126,+0.10
20160331,45.25,45.8,45.25,45.7,72002,3274998,53,+0.10
20160401,45.7,45.75,45.05,45.5,119000,5399150,75,-0.20
20160406,45.5,45.6,44.95,45.0,113109,5103400,67,-0.50
20160407,45.0,45.2,44.9,45.2,35404,1592739,33,+0.20
20160408,45.4,45.4,45.15,45.15,19263,870724,20,-0.05
20160411,45.0,45.15,44.9,45.0,34511,1554823,34,-0.15
20160412,45.3,45.3,44.35,44.4,47203,2108183,34,-0.60
20160413,45.0,45.0,44.65,44.8,47680,2138514,26,+0.40
20160414,44.65,45.2,44.4,45.1,73103,3285935,40,+0.30
20160415,45.2,45.3,44.6,44.95,49017,2201067,38,-0.15
20160418,45.45,45.55,45.1,45.45,104100,4730049,55,+0.50
20160419,45.45,45.45,45.1,45.2,54000,2438750,34,-0.25
20160420,45.5,45.5,45.1,45.1,100000,4528250,50,-0.10
20160421,45.1,45.35,44.95,45.0,42000,1896250,36,-0.10
20160422,45.0,45.0,44.6,44.6,49300,2205390,32,-0.40
20160425,44.55,44.8,44.5,44.7,15003,668785,11,+0.10
20160426,44.55,44.55,40.25,43.0,345097,14523469,198,-1.70
20160427,43.1,43.1,42.2,42.35,116073,4923101,71,-0.65
20160428,42.5,42.7,41.35,41.75,143260,6008790,87,-0.60
20160429,41.35,41.95,41.35,41.5,65500,2721850,46,-0.25
20160503,41.9,42.0,41.75,41.9,38751,1624639,22,+0.40
20160504,42.0,42.95,42.0,42.6,76253,3229401,41,+0.70
20160505,42.05,42.7,42.0,42.7,49002,2072136,40,+0.10
20160506,42.7,42.7,41.85,42.7,38003,1609826,26, 0.00
20160509,42.95,43.2,42.75,43.0,60200,2588330,36,+0.30
20160510,42.6,42.7,42.4,42.5,58002,2467984,25,-0.50
20160511,42.5,42.55,42.0,42.2,51000,2158600,30,-0.30
20160512,42.1,42.1,41.8,42.05,38000,1595450,23,-0.15
20160513,41.4,42.0,41.35,41.7,85001,3531692,51,-0.35
20160516,41.0,41.8,41.0,41.3,60130,2491545,37,-0.40
20160517,41.1,41.7,41.1,41.6,12045,500131,12,+0.30
20160518,41.6,41.8,41.5,41.8,14000,582800,14,+0.20
20160520,41.8,41.8,41.3,41.55,11000,456200,8,X0.00
20160523,41.5,42.5,41.1,42.3,41005,1718310,31,+0.75
20160524,42.2,42.9,41.9,42.0,25167,1067862,20,-0.30
20160525,42.0,42.3,42.0,42.3,12600,530930,14,+0.30
20160526,42.3,42.3,42.0,42.1,14005,590761,10,-0.20
20160527,42.1,42.3,42.1,42.3,2140,90350,7,+0.20
20160530,42.3,44.5,42.3,43.7,72400,3154129,49,+1.40
20160531,43.75,44.0,43.0,43.3,53001,2304143,38,-0.40
20160601,43.35,43.7,43.35,43.65,36000,1568200,25,+0.35
20160602,43.65,44.95,43.05,44.1,89210,3962362,54,+0.45
20160603,43.55,44.35,43.45,43.45,58007,2537753,32,-0.65
20160604,43.5,44.3,43.5,43.65,29000,1274050,21,+0.20
20160606,43.7,44.05,43.3,43.5,39189,1707886,28,-0.15
20160607,43.5,43.6,43.45,43.5,19200,835580,17, 0.00
20160608,43.6,43.65,43.5,43.5,21000,914850,17, 0.00
20160613,43.4,43.5,42.7,43.25,56010,2412282,38,-0.25
20160614,43.25,43.25,42.6,42.7,53030,2268893,39,-0.55
20160615,42.65,43.3,42.65,43.1,24165,1038594,25,+0.40
20160616,43.2,43.2,42.95,43.0,127211,5476307,21,-0.10
20160617,43.0,43.4,43.0,43.0,16000,690400,16, 0.00
20160620,43.2,43.55,43.05,43.35,172000,7419350,27,+0.35
20160621,43.5,43.5,43.2,43.2,152000,6575300,15,-0.15
20160622,43.5,43.55,43.1,43.2,60000,2597400,30, 0.00
20160623,43.8,46.0,43.8,45.0,183174,8218530,147,+1.80
20160624,45.0,45.0,42.5,43.1,97350,4264266,87,-1.90
20160627,43.1,44.8,42.75,44.35,72052,3178558,51,+1.25
20160628,44.35,45.5,43.7,44.7,150000,6714700,71,+0.35
20160629,45.2,45.6,44.5,44.7,154196,6929377,85, 0.00
20160630,44.55,45.35,44.1,44.75,94006,4189770,60,+0.05
20160701,45.35,45.35,44.7,44.7,123100,5514065,71,-0.05
20160704,44.9,45.3,44.9,45.05,178108,8031102,102,+0.35
20160705,45.3,45.5,45.05,45.5,226833,10286418,142,+0.45
20160706,45.6,45.6,44.75,45.05,327510,14732607,218,-0.45
20160707,40.0,40.75,39.65,40.05,222310,8904484,139,X0.00
20160711,40.2,40.2,39.5,39.65,226080,9016952,100,-0.40
20160712,39.65,39.7,39.5,39.55,58370,2308046,54,-0.10
20160713,39.8,39.8,39.55,39.55,43002,1704228,29, 0.00
20160714,39.55,40.0,39.5,39.55,33201,1314018,28, 0.00
20160715,39.55,39.55,39.1,39.1,72331,2843392,65,-0.45
20160718,39.1,39.4,39.0,39.3,100000,3916350,46,+0.20
20160719,39.15,39.85,39.15,39.4,18000,709100,12,+0.10
20160720,39.35,39.55,38.8,39.45,63540,2493551,45,+0.05
20160721,39.45,39.45,39.2,39.3,41002,1612378,29,-0.15
20160722,39.45,39.45,38.8,39.0,64003,2505017,44,-0.30
20160725,39.0,39.4,38.9,39.0,80114,3132651,48, 0.00
20160726,39.0,39.6,38.55,39.4,59130,2324435,36,+0.40
20160727,39.1,39.5,39.1,39.35,319050,12487675,34,-0.05
20160728,39.35,39.6,39.25,39.4,59013,2328912,34,+0.05
20160729,39.75,39.75,39.0,39.3,71100,2797719,37,-0.10
20160801,39.1,39.55,39.05,39.35,26000,1023100,13,+0.05
20160802,39.3,39.3,39.0,39.0,104002,4064482,57,-0.35
20160803,39.0,39.2,39.0,39.1,19000,743000,15,+0.10
20160804,39.05,39.2,39.0,39.2,24001,937989,19,+0.10
20160805,39.05,39.35,38.8,39.2,26000,1016400,20, 0.00
20160808,39.05,39.2,38.85,39.1,19700,768878,22,-0.10
20160809,39.05,39.2,38.5,39.1,28380,1107975,33, 0.00
20160810,38.85,39.15,38.6,39.1,24001,935343,17, 0.00
20160811,39.0,39.1,38.9,39.0,38005,1481710,29,-0.10
20160812,39.0,39.0,38.55,38.9,66005,2556260,47,-0.10
20160815,38.75,38.75,38.1,38.3,88200,3377997,67,-0.60
20160816,38.05,38.55,38.05,38.35,41200,1580687,25,+0.05
20160817,38.05,38.75,38.05,38.5,61082,2345204,45,+0.15
20160818,38.35,38.5,38.3,38.5,12070,463505,7, 0.00
20160819,38.7,38.7,38.05,38.05,57012,2173309,44,-0.45
20160822,38.0,38.0,37.0,37.2,120007,4478573,87,-0.85
20160823,37.65,37.65,37.6,37.6,8180,307599,8,+0.40
20160824,37.7,37.7,36.85,37.2,65002,2417428,31,-0.40
20160825,37.6,37.7,37.5,37.7,10162,381696,15,+0.50
20160826,37.7,37.8,37.6,37.6,17200,647917,14,-0.10
20160829,38.0,38.0,37.2,37.4,26048,973632,27,-0.20
20160830,37.4,37.4,37.0,37.2,30000,1114250,19,-0.20
20160831,37.2,37.2,37.0,37.05,50008,1853470,40,-0.15
20160901,36.9,36.9,36.6,36.7,39000,1433050,26,-0.35
20160902,36.6,36.65,36.5,36.5,30008,1098246,18,-0.20
20160905,36.5,37.0,36.5,36.75,38000,1399450,25,+0.25
20160906,37.0,37.1,36.6,36.6,33500,1235950,27,-0.15
20160907,36.8,37.1,36.8,37.0,26000,961700,17,+0.40
20160908,37.0,37.0,36.8,36.8,17001,626238,13,-0.20
20160909,36.8,37.0,36.8,37.0,7000,258400,4,+0.20
20160910,36.6,36.7,36.55,36.7,18000,658600,13,-0.30
20160912,36.7,37.8,36.7,37.7,57000,2132500,39,+1.00
20160913,37.75,37.75,37.0,37.0,6000,223850,6,-0.70
20160914,36.6,37.4,36.6,36.75,21000,774200,15,-0.25
20160919,36.8,37.2,36.5,36.9,38100,1405719,29,+0.15
20160920,37.2,37.2,36.9,37.2,5526,205084,8,+0.30
20160921,37.3,38.9,37.2,38.35,47000,1772950,40,+1.15
20160922,37.9,38.35,37.9,38.0,6000,228150,6,-0.35
20160923,38.4,38.4,38.0,38.0,6000,228400,6, 0.00
20160926,38.0,38.0,37.55,38.0,5000,189350,5, 0.00
20160929,38.0,38.0,38.0,38.0,8000,304000,5, 0.00
20160930,38.0,38.0,37.0,37.7,32000,1197100,27,-0.30
20161003,37.5,37.7,37.45,37.45,25015,938015,14,-0.25
20161004,37.45,38.0,37.2,37.2,20001,748837,18,-0.25
20161005,36.1,37.0,36.1,37.0,70083,2562853,58,-0.20
20161006,37.0,37.5,37.0,37.1,19005,704985,13,+0.10
20161007,36.9,37.1,36.9,36.9,15002,555274,11,-0.20
20161011,37.0,37.5,36.9,37.1,27311,1009474,20,+0.20
20161012,36.4,37.35,36.4,36.9,14001,517037,11,-0.20
20161013,36.9,36.9,36.9,36.9,5006,184721,4, 0.00
20161014,36.9,37.0,36.75,36.75,8018,296213,6,-0.15
20161017,36.5,36.9,36.5,36.5,14008,511888,22,-0.25
20161018,37.35,37.4,36.65,36.65,4400,163339,7,+0.15
20161019,36.7,37.0,36.6,36.6,27023,992942,13,-0.05
20161020,36.7,37.0,36.6,37.0,19000,700800,13,+0.40
20161021,36.8,36.8,36.6,36.6,7001,256836,8,-0.40
20161024,36.6,36.6,36.6,36.6,3002,109872,4, 0.00
20161025,36.6,37.0,36.6,37.0,2001,73637,3,+0.40
20161026,37.0,37.0,36.95,36.95,5000,184950,5,-0.05
20161027,36.95,36.95,36.9,36.9,9001,332337,8,-0.05
20161028,36.9,36.9,36.85,36.85,4002,147624,6,-0.05
20161031,37.0,37.0,36.5,36.5,24000,881150,17,-0.35
20161101,36.55,36.6,36.5,36.5,13002,474872,13, 0.00
20161102,36.6,36.6,36.2,36.2,11000,402100,11,-0.30
20161103,36.2,36.2,36.1,36.2,22050,797105,20, 0.00
20161104,36.2,36.2,35.8,35.8,17050,612450,15,-0.40
20161107,35.9,36.0,35.8,35.85,17375,623493,17,+0.05
20161108,35.85,36.0,35.85,36.0,2000,71850,2,+0.15
20161109,36.0,36.0,35.1,35.1,52000,1846900,31,-0.90
20161110,35.1,35.8,35.1,35.8,6001,212485,7,+0.70
20161111,37.4,37.4,36.0,36.3,24002,872972,26,+0.50
20161114,36.3,36.9,36.15,36.5,16271,595586,16,+0.20
20161115,36.8,37.4,36.8,36.95,59000,2187300,45,+0.45
20161116,36.95,37.5,36.95,37.05,31050,1156120,27,+0.10
20161117,37.45,37.45,37.0,37.0,14000,520900,14,-0.05
20161118,37.0,37.0,36.75,36.75,8000,295350,7,-0.25
20161121,36.8,37.2,36.8,36.8,15001,553037,15,+0.05
20161122,36.8,37.0,36.8,36.9,11001,405536,10,+0.10
20161123,37.0,37.0,36.8,36.85,18000,664800,10,-0.05
20161124,36.85,37.2,36.75,37.05,34150,1262460,27,+0.20
20161125,37.1,37.1,36.4,36.5,66201,2424955,46,-0.55
20161128,36.8,37.4,36.65,37.4,77241,2873309,51,+0.90
20161129,37.4,37.9,37.4,37.4,35101,1316638,31, 0.00
20161130,37.4,37.95,37.4,37.75,33000,1244550,33,+0.35
20161201,37.75,37.75,36.6,36.7,79000,2937700,58,-1.05
20161202,36.7,37.75,36.7,37.7,88100,3302149,59,+1.00
20161205,37.7,37.75,37.5,37.6,44001,1656137,31,-0.10
20161206,37.7,37.85,37.7,37.8,59001,2229388,36,+0.20
20161207,37.9,38.6,37.9,38.5,117001,4495539,70,+0.70
20161208,38.5,39.2,38.5,38.8,30355,1180100,36,+0.30
20161209,38.9,39.0,38.1,38.35,35000,1347200,26,-0.45
20161212,38.35,38.7,37.85,38.0,49095,1881853,37,-0.35
20161213,38.0,38.05,37.7,37.7,15000,568850,12,-0.30
20161214,37.75,37.95,37.75,37.75,6000,226850,5,+0.05
20161215,37.65,37.8,37.6,37.6,15079,568128,15,-0.15
20161216,37.6,37.7,37.5,37.6,9000,338350,9, 0.00
20161219,37.5,37.5,37.05,37.15,15000,559250,13,-0.45
20161220,37.15,38.5,37.1,37.4,52000,1946900,50,+0.25
20161221,37.5,37.6,37.4,37.6,24101,902648,27,+0.20
20161222,37.6,37.9,37.3,37.3,7160,268848,11,-0.30
20161223,37.3,37.6,37.3,37.4,12051,452143,9,+0.10
20161226,37.4,37.5,37.4,37.4,4148,155291,11, 0.00
20161227,37.4,37.4,36.95,37.3,19100,709640,17,-0.10
20161228,37.3,37.7,37.1,37.7,22440,835899,17,+0.40
20161229,37.7,37.8,37.45,37.45,15042,565586,17,-0.25
20161230,37.6,37.6,37.3,37.3,8110,303190,10,-0.15
20170103,37.35,37.35,37.0,37.2,17007,631509,20,-0.10
20170104,37.55,37.6,37.55,37.6,4080,153385,6,+0.40
20170105,37.6,38.5,37.6,37.8,85006,3215378,32,+0.20
20170106,37.8,37.8,37.55,37.55,19101,719618,22,-0.25
20170109,37.65,37.65,37.2,37.65,16002,600232,15,+0.10
20170110,37.65,37.65,37.2,37.6,19000,711200,17,-0.05
20170111,37.7,38.0,37.7,37.9,52000,1971400,27,+0.30
20170112,37.9,38.0,37.8,37.8,52000,1973900,26,-0.10
20170113,37.95,38.1,37.95,38.0,14055,534534,16,+0.20
20170116,37.95,38.05,37.55,37.9,36000,1365200,27,-0.10
20170117,37.9,38.0,37.8,37.8,9000,341000,8,-0.10
20170118,37.8,37.8,37.65,37.65,35362,1334736,42,-0.15
20170119,37.65,37.65,37.4,37.4,25097,942570,23,-0.25
20170120,37.4,37.8,37.4,37.6,40001,1498589,37,+0.20
20170123,37.7,38.0,37.7,37.75,24003,907217,23,+0.15
20170124,37.75,37.95,37.75,37.9,7010,265580,9,+0.15
20170202,37.9,38.6,37.9,38.6,77125,2948375,58,+0.70
20170203,38.95,39.8,38.95,39.65,187050,7396800,105,+1.05
20170206,39.7,40.4,39.4,39.7,313018,12449307,147,+0.05
20170207,39.7,40.1,39.7,39.8,92003,3675420,52,+0.10
20170208,39.8,39.9,39.7,39.85,37022,1472622,32,+0.05
20170209,39.85,40.0,39.5,39.5,57132,2268831,38,-0.35
20170210,39.5,39.5,39.5,39.5,22310,881243,18, 0.00
20170213,39.3,39.4,39.1,39.3,46003,1806717,32,-0.20
20170214,39.4,39.4,38.9,39.0,64758,2529556,45,-0.30
20170215,39.55,39.6,39.25,39.5,61342,2424290,28,+0.50
20170216,39.55,39.75,39.1,39.35,64000,2524550,35,-0.15
20170217,39.15,42.0,39.15,40.55,205200,8320210,118,+1.20
20170218,40.55,41.1,40.2,40.55,70205,2851259,44, 0.00
20170220,40.5,40.5,39.9,39.9,58002,2327630,38,-0.65
20170221,40.5,42.0,40.2,40.3,179000,7356800,96,+0.40
20170222,41.3,41.3,40.05,40.05,26001,1048289,24,-0.25
20170223,40.1,40.2,40.1,40.2,15005,602050,15,+0.15
20170224,40.2,41.0,40.05,40.2,44001,1776640,35, 0.00
20170301,40.15,41.0,39.6,40.35,196015,7892330,124,+0.15
20170302,40.4,41.0,39.9,39.9,146001,5887742,60,-0.45
20170303,39.9,40.6,39.6,40.1,152000,6088950,71,+0.20
20170306,40.05,40.6,39.95,40.1,122005,4908265,73, 0.00
20170307,40.35,40.35,40.05,40.2,57000,2289800,34,+0.10
20170308,40.2,40.4,40.1,40.35,61005,2451351,25,+0.15
20170309,40.35,40.9,40.15,40.35,147050,5958123,69, 0.00
20170310,40.3,40.8,40.1,40.3,111100,4493444,50,-0.05
20170313,40.15,40.8,40.15,40.5,56003,2265726,27,+0.20
20170314,40.25,40.9,40.25,40.65,85003,3449126,54,+0.15
20170315,40.65,40.65,40.3,40.45,42063,1700933,36,-0.20
20170316,40.45,40.7,40.4,40.5,62000,2513950,48,+0.05
20170317,40.45,40.55,40.35,40.4,73002,2953084,46,-0.10
20170320,40.4,40.85,40.35,40.85,83400,3386539,50,+0.45
20170321,40.75,40.95,40.65,40.95,100195,4096384,73,+0.10
20170322,40.95,41.2,40.55,41.1,159075,6520882,75,+0.15
20170323,41.6,43.9,41.5,43.3,419610,17936856,330,+2.20
20170324,44.7,44.95,44.0,44.85,585727,26076195,401,+1.55
20170327,44.95,44.95,43.5,43.5,463514,20414849,358,-1.35
20170328,43.7,44.2,43.55,43.8,224101,9830245,147,+0.30
20170329,43.7,44.0,43.6,43.6,112100,4903760,77,-0.20
20170330,43.6,43.7,43.5,43.5,69004,3004976,58,-0.10
20170331,44.0,44.0,43.7,43.85,84005,3684070,61,+0.35
20170405,43.9,45.0,43.9,44.8,290333,12907834,219,+0.95
20170406,44.8,44.9,44.0,44.55,146003,6485888,82,-0.25
20170407,44.75,44.75,44.15,44.4,86000,3815950,67,-0.15
20170410,44.4,44.4,44.1,44.1,95018,4202810,58,-0.30
20170411,44.5,44.7,44.1,44.35,106022,4717103,88,+0.25
20170412,44.35,44.5,44.15,44.35,60000,2654200,51, 0.00
20170413,44.45,44.65,44.3,44.5,118000,5250250,87,+0.15
20170414,44.4,44.4,43.55,43.55,142445,6232751,107,-0.95
20170417,43.55,43.6,42.1,43.0,115089,4939679,87,-0.55
20170418,43.25,43.3,43.05,43.3,54000,2329200,39,+0.30
20170419,43.2,43.4,42.5,43.05,76002,3266538,48,-0.25
20170420,42.75,43.65,42.7,43.55,116002,5003190,51,+0.50
20170421,43.6,43.85,43.55,43.8,56000,2449850,34,+0.25
20170424,43.85,43.9,43.7,43.75,42000,1841500,34,-0.05
20170425,43.75,44.0,43.75,44.0,44097,1934159,38,+0.25
20170426,44.0,44.2,44.0,44.2,45000,1986100,36,+0.20
20170427,44.05,44.1,43.5,44.0,22000,967600,20,-0.20
20170428,43.65,44.1,43.65,43.95,55184,2429037,37,-0.05
20170502,43.95,44.1,43.95,44.05,61001,2684746,39,+0.10
20170503,44.05,44.1,43.95,43.95,26133,1150252,26,-0.10
20170504,44.0,44.3,43.95,44.1,66101,2917964,54,+0.15
20170505,44.0,44.1,43.45,44.0,69000,3023650,38,-0.10
20170508,44.0,44.15,43.6,44.1,69000,3032050,50,+0.10
20170509,44.0,44.0,43.9,43.9,38000,1670550,32,-0.20
20170510,43.9,44.0,43.8,43.9,30301,1330403,22, 0.00
20170511,44.1,44.1,43.85,43.9,44001,1934344,24, 0.00
20170512,43.85,43.95,43.8,43.8,42580,1867231,33,-0.10
20170515,43.8,44.0,43.5,43.65,71000,3101250,52,-0.15
20170516,43.65,43.65,43.2,43.4,67020,2909629,51,-0.25
20170517,43.3,43.35,43.0,43.3,58300,2519165,41,-0.10
20170518,43.3,43.95,43.05,43.85,73000,3164799,48,+0.55
20170519,43.7,43.8,43.4,43.4,42300,1847475,38,-0.45
20170522,43.4,43.75,43.35,43.65,73200,3192920,49,+0.25
20170523,43.65,44.1,43.35,44.1,173000,7592850,68,+0.45
20170524,44.1,44.1,43.65,43.8,79100,3478600,43,-0.30
20170525,44.05,44.1,43.8,43.8,51013,2240923,25, 0.00
20170526,43.8,43.8,43.5,43.8,31000,1355750,16, 0.00
20170531,44.0,44.0,43.8,43.85,42202,1851205,33,+0.05
20170601,43.85,43.9,43.8,43.9,38000,1666650,25,+0.05
20170602,44.0,44.0,43.85,43.9,21000,922150,16, 0.00
20170603,43.85,44.0,43.75,43.75,85000,3727950,19,-0.15
20170605,43.75,43.95,43.75,43.8,95000,4162650,36,+0.05
20170606,43.85,43.95,43.8,43.8,43301,1898943,32, 0.00
20170607,43.95,44.1,43.95,43.95,66000,2902100,20,+0.15
20170608,44.0,44.6,44.0,44.35,87000,3837100,49,+0.40
20170609,44.4,44.4,43.95,43.95,59000,2609750,40,-0.40
20170612,43.8,44.0,43.7,43.7,23000,1008600,19,-0.25
20170613,43.6,43.75,43.5,43.75,26000,1132750,22,+0.05
20170614,43.75,44.3,43.7,43.7,37000,1625250,23,-0.05
20170615,43.7,43.7,43.6,43.65,27727,1209883,17,-0.05
20170616,43.7,43.75,43.5,43.7,34201,1491094,29,+0.05
20170619,44.05,44.15,43.7,44.0,61091,2686513,51,+0.30
20170620,44.0,44.15,44.0,44.0,65050,2864420,43, 0.00
20170621,44.15,44.2,43.95,43.95,133000,5855700,83,-0.05
20170622,44.0,44.45,44.0,44.45,116240,5141530,91,+0.50
20170623,44.5,45.9,44.5,45.3,329000,14833350,248,+0.85
20170626,45.7,45.7,45.4,45.4,273004,12433730,158,+0.10
20170627,45.6,45.7,45.05,45.05,131000,5930350,100,-0.35
20170628,45.05,45.3,44.85,45.3,128501,5788369,105,+0.25
20170629,45.25,45.5,45.25,45.35,120100,5447989,75,+0.05
20170630,45.4,45.4,44.7,45.2,192170,8662658,114,-0.15
20170703,45.4,45.4,44.8,45.15,190792,8593426,127,-0.05
20170704,45.15,45.4,45.1,45.3,238103,10768264,118,+0.15
20170705,45.3,45.6,45.3,45.45,499988,22705503,306,+0.15
20170706,41.4,41.4,39.8,40.1,299330,12158849,243,X0.00
20170707,40.1,40.1,39.75,39.8,118078,4709820,92,-0.30
20170710,39.7,39.8,39.4,39.4,99100,3924680,71,-0.40
20170711,39.35,39.35,38.8,38.85,138370,5394080,111,-0.55
20170712,38.45,38.8,38.45,38.65,51000,1968250,43,-0.20
20170713,38.65,39.4,38.65,39.2,126370,4941385,68,+0.55
20170714,39.3,39.3,38.8,38.8,48001,1877289,35,-0.40
20170717,39.0,39.05,38.85,38.9,54001,2102889,35,+0.10
20170718,38.9,39.0,38.8,38.8,73200,2843809,47,-0.10
20170719,38.8,39.25,38.8,39.0,92000,3583350,71,+0.20
20170720,39.0,39.1,38.9,39.1,77000,3001750,48,+0.10
20170721,39.2,39.2,39.0,39.1,76565,2990631,52, 0.00
20170724,39.1,39.15,39.0,39.15,45099,1762590,24,+0.05
20170725,38.9,39.0,38.8,38.95,35300,1371924,19,-0.20
20170726,38.9,39.0,38.8,38.85,36000,1398600,29,-0.10
20170727,38.9,39.1,38.85,38.85,41025,1597677,27, 0.00
20170728,38.85,38.95,38.65,38.65,40025,1551075,33,-0.20
20170731,38.65,39.4,38.65,38.9,19192,750918,16,+0.25
20170801,38.9,39.0,38.9,38.95,26580,1035685,22,+0.05
20170802,38.95,39.1,38.95,39.1,17100,667025,12,+0.15
20170803,39.0,39.0,38.8,38.8,49662,1930833,28,-0.30
20170804,38.9,39.0,38.8,38.85,24000,933350,17,+0.05
20170807,39.0,39.0,38.8,38.9,21000,816250,21,+0.05
20170808,38.9,38.9,38.8,38.8,22000,854500,20,-0.10
20170809,38.8,38.8,38.55,38.7,34001,1313741,31,-0.10
20170810,38.7,38.7,38.5,38.5,51100,1969720,33,-0.20
20170811,38.0,39.0,38.0,38.9,48074,1846986,38,+0.40
20170814,38.55,38.8,38.5,38.6,48850,1883137,36,-0.30
20170815,38.9,38.9,38.25,38.3,15000,578600,14,-0.30
20170816,38.3,38.7,38.3,38.45,33000,1268000,32,+0.15
20170817,38.45,38.6,38.45,38.6,38300,1475640,27,+0.15
20170818,38.2,38.5,38.2,38.5,13075,502545,14,-0.10
20170821,38.5,38.6,38.45,38.6,46184,1778802,34,+0.10
20170822,38.6,38.65,38.55,38.55,8101,312687,11,-0.05
20170823,38.6,38.8,38.4,38.5,52274,2016562,39,-0.05
20170824,38.4,38.5,38.4,38.5,28100,1080700,20, 0.00
20170825,38.5,38.5,38.05,38.2,39851,1521413,33,-0.30
20170828,38.15,38.5,38.05,38.4,61150,2334260,46,+0.20
20170829,38.4,38.4,38.2,38.4,28001,1042838,15, 0.00
20170830,38.4,38.4,38.2,38.3,25000,956850,22,-0.10
20170831,38.3,38.4,38.0,38.4,93200,3556260,55,+0.10
20170901,38.3,38.4,38.3,38.4,47260,1811660,27, 0.00
20170904,38.4,38.45,38.25,38.25,37000,1417500,21,-0.15
20170905,38.1,38.15,38.0,38.1,71180,2708543,51,-0.15
20170906,38.1,38.2,38.1,38.1,38350,1462071,26, 0.00
20170907,38.0,38.85,38.0,38.4,53000,2032950,36,+0.30
20170908,38.4,38.7,38.1,38.25,43236,1656574,33,-0.15
20170911,38.5,38.5,38.25,38.4,24220,928970,22,+0.15
20170912,38.4,38.5,38.4,38.4,46300,1779620,31, 0.00
20170913,38.35,38.35,38.1,38.1,14101,538158,14,-0.30
20170914,38.1,38.5,38.1,38.5,36100,1384950,28,+0.40
20170915,38.6,39.0,38.5,38.8,72371,2805031,56,+0.30
20170918,39.0,39.0,38.65,38.7,26285,1019078,27,-0.10
20170919,38.6,38.6,38.35,38.35,18000,692600,16,-0.35
20170920,38.35,38.35,38.3,38.3,22000,843450,20,-0.05
20170921,38.5,38.6,38.3,38.3,21000,806600,14, 0.00
20170922,38.6,38.6,37.95,38.0,80410,3066853,55,-0.30
20170925,38.0,38.1,38.0,38.05,51099,1943821,42,+0.05
20170926,38.0,38.5,38.0,38.4,20178,773035,21,+0.35
20170927,38.5,38.55,38.0,38.3,32000,1224900,18,-0.10
20170928,38.3,38.5,38.2,38.3,27200,1043570,23, 0.00
20170929,38.3,38.5,38.1,38.15,37326,1430719,30,-0.15
20170930,38.15,39.5,38.15,39.45,147000,5745450,100,+1.30
20171002,39.9,42.0,39.2,41.8,414323,16938785,279,+2.35
20171003,41.9,42.4,41.0,41.2,206270,8577970,153,-0.60
20171005,41.2,41.2,40.55,40.85,119090,4858325,79,-0.35
20171006,40.85,40.85,40.2,40.25,48050,1942232,37,-0.60
20171011,40.2,40.2,39.6,39.65,44070,1753800,34,-0.60
20171012,39.0,39.1,38.4,39.0,38300,1490140,35,-0.65
20171013,39.3,40.1,39.05,39.3,32000,1263000,24,+0.30
20171016,39.3,39.3,39.05,39.05,31400,1228668,30,-0.25
20171017,39.1,39.5,39.0,39.1,45000,1758800,27,+0.05
20171018,39.05,39.1,39.0,39.0,32386,1264047,24,-0.10
20171019,38.9,39.1,38.75,38.8,41138,1601432,38,-0.20
20171020,38.8,38.8,38.55,38.65,36001,1391088,28,-0.15
20171023,38.7,38.8,38.6,38.7,35160,1360716,33,+0.05
20171024,38.7,38.8,38.7,38.8,29002,1124227,22,+0.10
20171025,38.8,38.9,38.8,38.9,12446,483197,15,+0.10
20171026,38.9,38.9,38.5,38.8,31000,1196500,23,-0.10
20171027,38.8,39.2,38.8,38.8,31020,1208625,26, 0.00
20171030,39.0,39.1,38.8,38.9,36000,1401900,27,+0.10
20171031,38.9,38.9,38.7,38.8,30000,1162700,25,-0.10
20171101,38.85,38.95,38.8,38.8,34001,1319688,16, 0.00
20171102,38.9,39.0,38.8,39.0,16025,623628,14,+0.20
20171103,39.0,39.0,38.8,38.8,16000,621700,15,-0.20
20171106,38.8,39.1,38.8,39.0,24000,933800,19,+0.20
20171107,39.0,39.0,38.8,38.85,18000,698850,15,-0.15
20171108,38.85,39.1,38.8,38.85,20000,779200,16, 0.00
20171109,38.85,39.0,38.8,38.8,30000,1165650,21,-0.05
20171110,38.7,38.8,38.6,38.8,30025,1161482,24, 0.00
20171113,38.5,39.0,38.2,38.8,131125,5073356,56, 0.00
20171114,38.6,38.95,38.5,38.9,22620,876394,20,+0.10
20171115,38.9,39.0,38.8,39.0,27468,1068857,23,+0.10
20171116,38.95,38.95,38.75,38.8,21000,816500,14,-0.20
20171117,38.8,39.0,38.8,39.0,54200,2108920,23,+0.20
20171120,39.2,39.8,39.2,39.3,45000,1774100,38,+0.30
20171121,39.6,39.6,39.2,39.2,67000,2642550,20,-0.10
20171122,39.2,39.2,38.2,38.9,43000,1660100,37,-0.30
20171123,38.8,38.8,38.4,38.45,55427,2135717,49,-0.45
20171124,38.85,38.85,38.55,38.6,14000,540750,10,+0.15
20171127,38.5,38.6,38.35,38.6,13001,500038,14, 0.00
20171128,38.45,38.65,38.4,38.6,7001,269738,7, 0.00
20171129,38.7,38.7,38.35,38.35,17000,653400,17,-0.25
20171130,38.35,38.35,38.25,38.25,17001,651388,18,-0.10
20171201,38.3,38.6,38.25,38.45,15000,577000,11,+0.20
20171204,38.4,38.5,38.3,38.4,25154,966828,21,-0.05
20171205,38.3,38.6,38.2,38.2,28000,1073550,19,-0.20
20171206,38.0,38.5,37.8,37.85,79500,3017173,63,-0.35
20171207,37.85,38.0,37.8,37.85,23000,871700,20, 0.00
20171208,37.8,37.95,37.5,37.6,31001,1168437,29,-0.25
20171211,37.85,37.85,37.2,37.5,27400,1028639,26,-0.10
20171212,37.6,37.6,37.5,37.6,12000,450600,10,+0.10
20171213,37.55,37.65,37.4,37.4,51001,1913487,40,-0.20
20171214,37.5,37.5,37.3,37.3,59001,2205487,46,-0.10
20171215,37.1,37.5,37.0,37.5,24058,894454,22,+0.20
20171218,37.6,37.9,37.6,37.85,15002,567578,13,+0.35
20171219,37.7,37.7,37.65,37.7,14000,527500,13,-0.15
20171220,37.6,37.6,37.5,37.6,18000,676300,16,-0.10
20171221,37.55,37.55,37.5,37.55,12000,450500,11,-0.05
20171222,37.5,37.55,37.5,37.55,6000,225100,6, 0.00
20171225,37.7,37.75,37.5,37.5,19000,713650,15,-0.05
20171226,37.5,37.55,37.5,37.5,15102,566844,14, 0.00
20171227,37.5,38.2,37.5,37.95,19001,720088,17,+0.45
20171228,37.95,38.05,37.8,37.8,25378,963537,22,-0.15
20171229,37.8,38.0,37.8,38.0,13002,492578,13,+0.20
20180102,38.05,38.2,37.7,37.8,141000,5365050,22,-0.20
20180103,37.85,38.1,37.7,38.05,94001,3563738,22,+0.25
20180104,38.0,38.2,38.0,38.2,29001,1104088,23,+0.15
20180105,38.0,38.1,38.0,38.05,15000,570650,14,-0.15
20180108,38.1,38.5,38.0,38.3,53000,2025600,44,+0.25
20180109,38.45,38.45,38.1,38.1,18100,691900,17,-0.20
20180110,38.15,38.15,38.05,38.15,12240,466403,16,+0.05
20180111,37.8,38.15,37.8,38.15,17000,645300,14, 0.00
20180112,38.15,38.15,38.05,38.05,6001,228688,6,-0.10
20180115,38.15,38.15,37.9,37.95,48550,1846215,30,-0.10
20180116,38.05,38.1,37.9,38.1,47320,1797807,34,+0.15
20180117,38.0,38.6,38.0,38.2,34001,1300588,30,+0.10
20180118,38.6,38.6,38.0,38.3,18000,687000,14,+0.10
20180119,38.3,38.3,38.0,38.05,45000,1714050,30,-0.25
20180122,38.05,38.1,38.05,38.05,19000,723100,10, 0.00
20180123,38.05,38.4,38.05,38.3,25010,956183,21,+0.25
20180124,38.3,38.3,38.2,38.2,9001,344538,10,-0.10
20180125,38.2,38.25,38.1,38.1,13000,496550,12,-0.10
20180126,38.1,38.1,38.0,38.0,48000,1825500,34,-0.10
20180129,38.0,38.0,37.8,37.85,44000,1668350,35,-0.15
20180130,37.85,38.0,37.8,37.9,43002,1630080,26,+0.05
20180131,38.0,38.0,37.6,37.9,28000,1055200,25, 0.00
20180201,37.95,37.95,37.75,37.9,13000,492650,12, 0.00
20180202,37.8,37.85,37.75,37.75,25003,944923,24,-0.15
20180205,37.6,37.75,37.5,37.6,24002,902031,24,-0.15
20180206,37.3,37.3,36.9,37.1,89000,3302950,63,-0.50
20180207,37.4,37.4,37.1,37.1,36400,1353440,25, 0.00
20180208,37.1,37.55,37.1,37.55,29000,1081750,20,+0.45
20180209,37.0,37.4,36.9,37.4,31000,1150500,27,-0.15
20180212,37.5,37.5,36.8,37.4,41160,1528064,30, 0.00
20180221,38.0,38.0,37.1,37.6,66355,2502868,41,+0.20
20180222,37.6,37.6,37.5,37.55,22000,825650,15,-0.05
20180223,37.5,37.75,37.5,37.65,48001,1804740,29,+0.10
20180226,37.7,37.85,37.7,37.85,32259,1218248,32,+0.20
20180227,37.9,37.9,37.75,37.75,13002,491880,12,-0.10
20180301,37.8,37.8,37.5,37.5,56751,2128812,35,-0.25
20180302,37.6,37.7,37.6,37.6,7247,272787,10,+0.10
20180305,37.65,37.8,37.6,37.65,16000,602450,14,+0.05
20180306,37.7,38.2,37.7,37.9,24210,915159,22,+0.25
20180307,37.9,38.4,37.5,38.0,70000,2655500,46,+0.10
20180308,37.95,38.0,37.8,37.8,81020,3068110,43,-0.20
20180309,37.95,38.2,37.85,38.0,80000,3040800,39,+0.20
20180312,38.3,38.35,38.0,38.1,97266,3710127,58,+0.10
20180313,38.1,38.25,38.1,38.15,34150,1304470,24,+0.05
20180314,38.15,38.15,37.95,38.0,41000,1559950,27,-0.15
20180315,38.0,38.25,38.0,38.2,28002,1067426,23,+0.20
20180316,38.15,38.2,37.4,38.2,34000,1287550,27, 0.00
20180319,38.2,38.35,38.0,38.0,14000,535100,12,-0.20
20180320,38.1,38.2,38.1,38.2,23005,877253,13,+0.20
20180321,38.0,38.2,37.85,38.2,9515,362222,12, 0.00
20180322,38.3,38.3,37.95,37.95,19000,723000,16,-0.25
20180323,37.9,37.95,37.7,37.95,29000,1096850,19, 0.00
20180326,38.0,38.1,38.0,38.1,37232,1415302,17,+0.15
20180327,38.4,39.0,38.3,38.5,69031,2656080,56,+0.40
20180328,38.4,38.4,37.8,38.0,52011,1975815,41,-0.50
20180329,38.0,38.35,38.0,38.35,9000,342350,7,+0.35
20180330,38.0,38.3,38.0,38.0,16000,609000,14,-0.35
20180331,38.35,38.35,37.75,37.75,20000,760000,16,-0.25
20180402,37.75,38.0,37.6,37.65,41000,1546800,21,-0.10
20180403,37.7,37.7,37.7,37.7,24000,904800,16,+0.05
20180409,37.7,38.0,37.7,37.85,26040,987125,20,+0.15
20180410,38.0,38.0,37.85,37.85,20011,757813,20, 0.00
20180411,38.0,38.0,37.9,38.0,45000,1708650,35,+0.15
20180412,37.8,38.0,37.7,37.8,23237,880678,22,-0.20
20180413,37.8,37.9,37.0,37.65,44000,1651600,35,-0.15
20180416,37.5,37.8,37.5,37.8,7000,264000,3,+0.15
20180417,37.8,37.8,37.6,37.6,19000,716000,17,-0.20
20180418,37.5,37.6,37.5,37.5,17011,638570,16,-0.10
20180419,37.6,37.9,37.6,37.65,14201,535388,15,+0.15
20180420,37.65,37.75,37.5,37.65,49030,1843192,28, 0.00
20180423,37.65,37.85,37.65,37.8,19108,722058,14,+0.15
20180424,37.95,37.95,37.7,37.7,45000,1699150,27,-0.10
20180425,37.7,40.3,37.7,39.9,469204,18473128,289,+2.20
20180426,41.7,42.2,39.1,39.1,878527,36009801,570,-0.80
20180427,39.2,39.4,38.4,38.8,129050,5001647,107,-0.30
20180430,38.6,39.5,38.6,38.75,110000,4285000,60,-0.05
20180502,38.55,38.55,38.15,38.15,75211,2885703,70,-0.60
20180503,38.2,38.2,37.6,37.7,108036,4086121,64,-0.45
20180504,37.7,37.7,37.5,37.5,75000,2816250,43,-0.20
20180507,37.5,37.85,37.3,37.8,23000,861750,16,+0.30
20180508,37.9,38.2,37.9,38.2,28000,1064050,18,+0.40
20180509,38.0,38.0,37.85,37.85,19005,721689,14,-0.35
20180510,38.0,38.1,37.85,37.85,18002,683675,14, 0.00
20180511,38.0,38.5,37.9,38.2,37000,1412900,24,+0.35
20180514,38.0,38.6,37.8,38.15,69500,2647299,38,-0.05
20180515,38.15,38.15,38.0,38.0,29020,1104567,16,-0.15
20180516,38.0,38.5,38.0,38.3,35000,1337250,27,+0.30
20180517,38.6,38.6,38.05,38.05,30000,1150300,27,-0.25
20180518,38.0,38.0,37.7,37.7,23000,868850,22,-0.35
20180521,37.7,38.0,37.7,37.85,13000,492250,10,+0.15
20180522,37.85,38.25,37.85,38.0,28030,1065484,25,+0.15
20180523,37.85,38.5,37.85,38.0,14360,549380,13, 0.00
20180524,38.4,38.4,37.9,37.95,29000,1102350,22,-0.05
20180525,37.95,38.05,37.95,38.0,28001,1063738,19,+0.05
20180528,38.4,38.4,38.0,38.0,19100,728421,21, 0.00
20180529,38.0,38.25,37.85,37.85,10001,380788,10,-0.15
20180530,37.8,37.8,37.55,37.6,33120,1246203,25,-0.25
20180531,37.7,38.1,37.7,38.0,19092,724196,12,+0.40
20180601,38.0,38.2,38.0,38.0,11300,430100,11, 0.00
20180604,38.1,38.3,38.1,38.2,21130,808284,21,+0.20
20180605,38.2,38.2,38.0,38.1,26000,990350,12,-0.10
20180606,38.7,39.0,38.4,38.4,31000,1200200,21,+0.30
20180607,38.4,38.45,38.1,38.1,30099,1153051,25,-0.30
20180608,38.15,38.55,38.15,38.5,55000,2114900,36,+0.40
20180611,38.5,39.1,38.5,38.9,41278,1606360,33,+0.40
20180612,39.1,39.1,38.8,39.0,17270,672930,17,+0.10
20180613,39.0,39.0,38.8,39.0,48000,1868600,26, 0.00
20180614,39.0,39.0,38.7,38.7,27000,1048350,23,-0.30
20180615,39.0,39.1,38.6,38.65,32070,1244730,21,-0.05
20180619,38.55,39.0,38.4,38.4,19030,733562,19,-0.25
20180620,38.75,38.8,38.55,38.55,8000,309850,8,+0.15
20180621,38.65,38.7,38.6,38.6,11001,424938,9,+0.05
20180622,38.55,38.6,38.25,38.6,32000,1232050,22, 0.00
20180625,39.15,39.2,38.25,38.9,38000,1471950,30,+0.30
20180626,38.8,38.9,38.65,38.9,19000,736750,19, 0.00
20180627,38.9,38.9,38.6,38.6,19000,736600,12,-0.30
20180628,38.4,39.1,38.4,39.0,25000,971050,21,+0.40
20180629,38.85,38.85,38.65,38.65,28000,1084300,18,-0.35
20180702,38.65,38.85,38.65,38.65,42000,1624900,25, 0.00
20180703,38.6,38.6,36.8,37.6,60061,2243030,56,-1.05
20180704,37.75,37.75,37.55,37.55,25401,956277,28,-0.05
20180705,38.5,38.5,37.2,37.65,34000,1277300,27,+0.10
20180706,37.6,38.2,37.4,37.4,81000,3048700,57,-0.25
20180709,36.1,36.2,35.05,36.0,61038,2187355,50,X0.00
20180710,36.3,36.8,36.2,36.4,37000,1350200,26,+0.40
20180711,36.4,36.6,36.4,36.4,14000,510300,12, 0.00
20180713,36.8,36.8,36.5,36.6,24000,878300,9,X0.00
20180716,36.6,36.6,36.5,36.5,10000,365400,7,-0.10
20180717,36.5,36.5,36.45,36.5,7001,255488,7, 0.00
20180718,36.5,37.3,36.5,37.0,49000,1806150,30,+0.50
20180719,37.0,37.0,36.95,37.0,18000,665950,14, 0.00
20180720,37.0,37.2,37.0,37.1,28000,1037450,18,+0.10
20180723,37.0,37.0,36.9,36.9,11000,406550,8,-0.20
20180724,37.0,37.55,37.0,37.55,49000,1834650,28,+0.65
20180725,37.0,37.2,36.95,37.0,56000,2072400,28,-0.55
20180726,36.7,36.85,36.55,36.7,35000,1285400,28,-0.30
20180727,36.7,36.8,36.7,36.7,20002,734174,15, 0.00
20180730,36.9,37.5,36.8,37.5,64000,2383350,37,+0.80
20180731,37.5,37.5,37.05,37.05,12000,446900,8,-0.45
20180801,37.05,37.05,36.8,37.05,12000,443950,11, 0.00
20180802,36.8,37.0,36.5,36.6,33000,1208900,29,-0.45
20180803,36.55,36.55,36.5,36.5,40001,1460489,28,-0.10
20180806,37.5,37.5,36.45,36.5,27052,990450,23, 0.00
20180807,36.5,36.95,36.5,36.75,7000,258000,4,+0.25
20180808,36.75,36.75,36.75,36.75,6000,220500,5, 0.00
20180809,36.75,36.75,36.75,36.75,1000,36750,1, 0.00
20180810,36.85,36.85,36.55,36.55,12000,440950,11,-0.20
20180813,36.55,36.55,36.0,36.1,70000,2531200,48,-0.45
20180814,36.15,36.15,36.15,36.15,1001,36187,2,+0.05
20180815,36.3,36.5,36.15,36.5,25170,914140,25,+0.35
20180816,36.6,36.6,36.2,36.2,23000,833950,17,-0.30
20180817,36.95,36.95,36.35,36.35,4000,146450,4,+0.15
20180820,36.4,36.8,36.4,36.8,22000,807450,21,+0.45
20180821,36.85,36.95,36.2,36.6,29000,1060900,26,-0.20
20180822,36.65,36.85,36.65,36.85,10000,367800,9,+0.25
20180823,36.95,36.95,36.6,36.6,5000,184150,5,-0.25
20180824,36.55,36.55,36.5,36.5,9001,328936,7,-0.10
20180827,36.5,36.75,36.5,36.75,24001,876286,17,+0.25
20180828,36.9,37.1,36.8,36.9,26000,960150,24,+0.15
20180829,36.85,36.95,36.85,36.9,19000,700700,14, 0.00
20180830,37.0,37.0,36.5,36.6,14000,515100,13,-0.30
20180831,36.6,36.7,36.5,36.7,17000,621950,13,+0.10
20180903,36.7,36.85,36.7,36.85,7000,257300,5,+0.15
20180904,36.75,36.9,36.75,36.9,9000,331700,9,+0.05
20180905,36.9,37.0,36.65,36.8,19000,699950,17,-0.10
20180906,36.6,36.8,36.55,36.55,37000,1354000,22,-0.25
20180907,36.55,36.65,36.1,36.6,52000,1902100,31,+0.05
20180910,36.6,36.6,36.3,36.5,36000,1311050,22,-0.10
20180911,37.0,37.0,36.55,36.7,23350,857245,16,+0.20
20180912,36.6,37.1,36.6,37.0,79600,2942200,48,+0.30
20180913,37.0,37.25,37.0,37.2,35001,1298537,28,+0.20
20180914,37.2,37.2,36.85,36.85,19000,704000,15,-0.35
20180917,36.9,36.9,36.8,36.85,22000,810600,15, 0.00
20180918,36.9,37.0,36.9,37.0,20000,738650,13,+0.15
20180919,37.3,37.4,36.9,36.9,36000,1338450,25,-0.10
20180920,36.9,37.0,36.9,37.0,24000,886100,11,+0.10
20180921,37.1,37.2,37.1,37.15,10000,371700,9,+0.15
20180925,37.1,37.65,37.1,37.5,77000,2882750,48,+0.35
20180926,37.4,37.85,37.4,37.45,32000,1199850,23,-0.05
20180927,37.5,37.5,37.5,37.5,10000,375000,8,+0.05
20180928,37.3,37.5,37.3,37.5,7001,261839,8, 0.00
20181001,37.8,38.1,37.8,38.1,48000,1819750,37,+0.60
20181002,38.1,38.1,37.9,38.0,20000,759950,17,-0.10
20181003,38.0,38.0,37.55,37.8,13001,491787,13,-0.20
20181004,37.9,37.9,37.6,37.9,42000,1588200,25,+0.10
20181005,37.95,37.95,37.55,37.55,57000,2148950,41,-0.35
20181008,37.55,37.65,37.45,37.45,28062,1053860,22,-0.10
20181009,37.45,37.9,37.45,37.8,13000,490300,12,+0.35
20181011,37.3,37.3,36.15,37.0,87021,3179450,66,-0.80
20181012,36.3,37.0,36.2,36.6,110001,4011287,63,-0.40
20181015,36.95,37.0,36.6,36.7,33000,1210950,23,+0.10
20181016,36.65,36.7,36.4,36.7,11000,402450,8, 0.00
20181017,36.75,37.15,36.75,36.85,7018,258634,9,+0.15
20181018,36.7,36.7,36.65,36.65,9000,330100,8,-0.20
20181019,36.65,36.65,36.6,36.65,15000,549600,13, 0.00
20181022,36.7,37.15,36.7,37.0,31000,1149000,21,+0.35
20181023,37.0,37.0,36.65,37.0,32000,1178850,24, 0.00
20181024,36.8,37.0,36.75,36.85,34000,1254150,19,-0.15
20181025,36.85,36.85,36.65,36.7,71000,2605250,42,-0.15
20181026,37.0,37.05,36.6,36.85,73000,2694700,49,+0.15
20181029,36.7,37.3,36.5,37.2,216000,7974750,97,+0.35
20181030,37.45,38.2,37.45,38.2,168000,6378550,115,+1.00
20181031,38.65,39.0,38.6,38.7,215257,8341573,106,+0.50
20181101,38.8,39.0,38.3,38.45,51362,1984459,37,-0.25
20181102,39.2,41.55,39.2,40.4,661214,26692001,444,+1.95
20181105,41.5,41.5,40.8,41.0,380001,15603641,229,+0.60
20181106,41.0,41.2,40.2,40.8,231270,9407070,165,-0.20
20181107,40.8,42.75,40.8,41.6,658305,27557057,417,+0.80
20181108,42.05,42.15,41.6,41.7,219485,9179424,157,+0.10
20181109,41.8,42.05,41.5,41.75,210235,8792733,144,+0.05
20181112,42.0,42.7,41.75,42.3,428450,18117875,252,+0.55
20181113,42.0,42.65,41.7,42.5,202116,8556452,101,+0.20
20181114,43.0,43.65,42.35,43.4,580185,25059373,313,+0.90
20181115,43.8,43.9,42.55,42.7,281767,12147671,201,-0.70
20181116,43.1,43.3,42.2,42.45,255054,10869011,137,-0.25
20181119,42.4,42.6,42.3,42.35,185053,7842615,110,-0.10
20181120,42.4,45.0,42.4,44.35,305264,13382130,235,+2.00
20181121,44.65,46.3,44.5,44.7,480200,21830589,328,+0.35
20181122,45.0,45.2,44.15,44.3,168100,7491880,119,-0.40
20181123,44.5,44.9,44.15,44.8,118032,5243749,80,+0.50
20181126,45.5,45.5,44.5,44.65,165099,7420783,124,-0.15
20181127,44.55,44.9,44.4,44.65,106001,4727445,68, 0.00
20181128,44.55,46.0,44.3,45.3,315021,14263361,181,+0.65
20181129,45.45,45.6,45.35,45.45,115200,5234730,85,+0.15
20181130,45.5,45.75,45.4,45.5,125092,5697135,92,+0.05
20181203,45.7,46.8,45.7,46.1,487577,22579263,264,+0.60
20181204,46.1,46.8,46.1,46.4,304000,14117550,172,+0.30
20181205,46.4,49.55,45.9,49.0,1081694,52318527,649,+2.60
20181206,49.1,51.9,47.4,48.9,716181,35500709,515,-0.10
20181207,50.6,50.8,49.4,50.2,259130,12969491,198,+1.30
20181210,50.2,51.4,50.2,50.8,301257,15321052,233,+0.60
20181211,51.0,51.0,49.5,50.9,233500,11775450,164,+0.10
20181212,51.2,53.4,51.0,52.9,367430,19200561,281,+2.00
20181213,53.2,53.2,51.9,52.5,209438,11036663,163,-0.40
20181214,52.7,53.0,51.5,51.8,196181,10194939,147,-0.70
20181217,51.7,52.5,51.1,51.5,192200,9961840,149,-0.30
20181218,51.0,52.3,51.0,51.7,190000,9824800,137,+0.20
20181219,51.6,52.0,51.3,51.5,77270,3984540,57,-0.20
20181220,51.4,51.4,49.3,49.3,267100,13387320,182,-2.20
20181221,49.0,50.2,49.0,49.65,192000,9555450,136,+0.35
20181222,49.5,50.0,49.4,49.8,45121,2250150,34,+0.15
20181224,50.0,50.1,48.6,48.6,188407,9274963,135,-1.20
20181225,49.0,49.0,46.85,47.0,311160,14766871,200,-1.60
20181226,47.0,47.8,46.6,46.6,232188,10935110,151,-0.40
20181227,47.3,49.1,47.3,49.1,201455,9740489,144,+2.50
20181228,49.4,49.9,48.8,49.15,85019,4208583,66,+0.05
20190102,49.15,49.15,47.1,48.1,160057,7706063,124,-1.05
20190103,48.25,48.25,47.15,47.5,58172,2779377,49,-0.60
20190104,47.05,48.9,46.95,48.7,123220,5882640,95,+1.20
20190107,48.9,51.3,48.9,50.6,354349,17762883,228,+1.90
20190108,51.5,51.5,50.1,51.0,315000,16027800,162,+0.40
20190109,51.2,51.6,50.7,51.3,107019,5468231,86,+0.30
20190110,51.3,52.0,50.9,51.8,185000,9538000,115,+0.50
20190111,52.0,52.2,51.2,51.2,95429,4932935,82,-0.60
20190114,51.2,51.4,50.5,50.9,94002,4789100,66,-0.30
20190115,50.9,51.7,50.7,51.4,81293,4149071,65,+0.50
20190116,51.9,51.9,50.7,51.0,69050,3540860,56,-0.40
20190117,51.1,51.1,50.5,50.7,69020,3510413,57,-0.30
20190118,50.7,51.1,50.7,51.1,26200,1330219,26,+0.40
20190121,51.1,51.1,50.7,51.1,35035,1782080,29, 0.00
20190122,50.8,50.9,50.7,50.8,53100,2698890,39,-0.30
20190123,51.0,51.6,50.9,51.3,64001,3287051,61,+0.50
20190124,52.8,52.8,52.2,52.7,324429,17063564,219,+1.40
20190125,52.9,52.9,52.5,52.5,129305,6810843,85,-0.20
20190128,52.5,52.8,52.5,52.5,134100,7057980,73, 0.00
20190129,52.0,52.3,52.0,52.1,85150,4439645,49,-0.40
20190130,52.2,52.3,52.1,52.3,77230,4026875,49,+0.20
20190211,52.3,55.4,52.3,55.3,397695,21623863,224,+3.00
20190212,56.3,57.6,56.3,56.8,335430,19129722,220,+1.50
20190213,57.5,57.5,56.7,56.7,96232,5479429,77,-0.10
20190214,56.7,56.7,55.7,56.4,100161,5635031,80,-0.30
20190215,56.3,56.5,56.0,56.1,94200,5290200,48,-0.30
20190218,55.5,55.5,54.5,54.9,266130,14637350,145,-1.20
20190219,55.0,55.3,54.7,55.3,67025,3680185,42,+0.40
20190220,55.5,55.7,55.0,55.0,72200,4006459,56,-0.30
20190221,55.1,55.3,54.5,54.7,99256,5454451,76,-0.30
20190222,54.8,54.9,54.6,54.8,36500,2000898,34,+0.10
20190225,54.8,55.2,54.6,54.8,73558,4027276,52, 0.00
20190226,55.0,55.1,54.7,54.7,40200,2204579,36,-0.10
20190227,56.0,56.4,54.8,55.3,60000,3308900,40,+0.60
20190304,55.3,55.5,55.3,55.5,64020,3551708,38,+0.20
20190305,55.5,56.4,55.5,56.4,135321,7568902,79,+0.90
20190306,56.6,56.6,56.0,56.1,60040,3371843,48,-0.30
20190307,56.1,56.1,55.4,55.9,64275,3572890,48,-0.20
20190308,55.8,56.5,55.6,56.0,99001,5546156,50,+0.10
20190311,56.0,57.6,56.0,56.9,209400,11961937,150,+0.90
20190312,57.4,57.4,56.7,57.0,154100,8762600,71,+0.10
20190313,57.9,57.9,57.2,57.4,97299,5593811,62,+0.40
20190314,58.0,58.0,57.4,57.5,86000,4959400,49,+0.10
20190315,57.5,57.5,56.9,57.5,49092,2807062,44, 0.00
20190318,57.5,57.7,57.5,57.7,30001,1726657,23,+0.20
20190319,57.6,58.3,57.5,57.9,111000,6426700,85,+0.20
20190320,58.2,58.8,58.2,58.6,174462,10211688,123,+0.70
20190321,58.8,60.1,58.7,60.0,173530,10296632,152,+1.40
20190322,61.9,61.9,58.5,59.6,315002,18885520,169,-0.40
20190325,59.6,59.6,58.1,58.1,329050,19380204,181,-1.50
20190326,60.8,60.8,58.3,58.6,152201,8947596,131,+0.50
20190327,59.6,59.6,58.0,58.6,165000,9634800,84, 0.00
20190328,58.6,58.8,58.6,58.8,44000,2582600,35,+0.20
20190329,58.8,58.9,58.3,58.7,39120,2295204,34,-0.10
20190401,58.7,58.9,58.4,58.9,185002,10845918,116,+0.20
20190402,58.9,59.8,58.9,59.6,104000,6183400,84,+0.70
20190403,59.6,60.0,59.5,59.5,66116,3945636,53,-0.10
20190408,59.8,59.8,59.3,59.5,43039,2561428,41, 0.00
20190409,59.8,59.8,59.2,59.3,95120,5651704,53,-0.20
20190410,59.3,59.3,58.5,58.8,90200,5316139,62,-0.50
20190411,58.4,59.0,58.4,58.8,130000,7648300,64, 0.00
20190412,59.0,59.0,58.5,58.9,88320,5184747,50,+0.10
20190415,58.9,59.0,57.9,58.5,274333,16025178,125,-0.40
20190416,58.2,58.2,57.0,57.9,260650,15024440,151,-0.60
20190417,57.9,58.7,57.9,58.0,111028,6473338,82,+0.10
20190418,58.0,58.2,57.0,57.1,150055,8607708,124,-0.90
20190419,57.1,57.5,56.8,57.5,118000,6730500,72,+0.40
20190422,57.5,57.7,57.3,57.4,104176,5984602,50,-0.10
20190423,57.3,58.6,57.2,57.7,76001,4401858,31,+0.30
20190424,57.5,58.6,57.5,58.3,81000,4728100,56,+0.60
20190425,58.2,58.7,58.2,58.7,112000,6558800,75,+0.40
20190426,58.7,58.8,58.3,58.8,64000,3749400,37,+0.10
20190429,59.2,59.2,58.5,59.0,75006,4412860,47,+0.20
20190430,59.0,59.0,58.5,58.9,38100,2237330,30,-0.10
20190502,59.0,59.2,58.8,58.8,37020,2179282,32,-0.10
20190503,58.8,59.0,58.5,58.9,67003,3942189,37,+0.10
20190506,58.8,58.8,58.2,58.2,70352,4109431,44,-0.70
20190507,58.2,58.9,58.0,58.2,86000,5031600,46, 0.00
20190508,58.2,59.0,58.0,58.9,119003,6977677,54,+0.70
20190509,58.9,58.9,58.3,58.8,55001,3225259,29,-0.10
20190510,58.7,59.0,57.6,58.8,108000,6321500,67, 0.00
20190513,58.8,59.4,58.5,58.7,126030,7416773,75,-0.10
20190514,58.4,58.4,57.5,57.8,154000,8905200,67,-0.90
20190515,57.8,58.0,57.2,57.5,121000,6987700,63,-0.30
20190516,57.5,58.1,57.3,57.5,114001,6560258,56, 0.00
20190517,57.6,57.7,57.3,57.4,102000,5859500,41,-0.10
20190520,57.0,57.4,57.0,57.2,46119,2637077,40,-0.20
20190521,57.1,57.5,56.7,57.3,54000,3071600,44,+0.10
20190522,57.3,57.3,57.0,57.0,12500,715949,14,-0.30
20190523,57.0,57.0,55.4,55.8,102575,5745383,90,-1.20
20190524,55.0,56.0,54.8,56.0,102000,5648500,64,+0.20
20190527,56.2,58.0,56.2,57.5,82000,4713200,68,+1.50
20190528,57.8,58.7,57.8,58.1,86000,5014900,66,+0.60
20190529,58.5,59.1,58.4,58.6,105500,6197100,92,+0.50
20190530,58.6,58.9,58.4,58.7,103000,6047100,83,+0.10
20190531,58.8,59.0,58.7,58.7,99050,5828850,68, 0.00
20190603,58.6,58.9,58.5,58.5,74157,4350184,62,-0.20
20190604,57.6,58.5,57.6,58.5,57000,3325900,37, 0.00
20190605,58.0,58.5,58.0,58.4,41000,2392500,20,-0.10
20190606,58.9,58.9,58.2,58.5,65000,3800700,12,+0.10
20190610,58.7,58.8,58.6,58.7,28000,1644600,18,+0.20
20190611,58.9,58.9,57.0,57.0,124000,7251700,75,-1.70
20190612,57.2,58.4,57.2,58.0,40001,2311758,37,+1.00
20190613,58.2,58.2,57.5,57.5,25200,1458200,23,-0.50
20190614,57.5,58.1,57.5,57.7,34000,1963500,31,+0.20
20190617,57.5,58.0,57.2,58.0,84040,4827320,66,+0.30
20190618,58.0,58.2,57.7,58.0,38131,2210598,32, 0.00
20190619,58.4,58.4,58.2,58.3,90101,5255497,60,+0.30
20190620,58.4,58.5,58.3,58.3,58000,3387000,42, 0.00
20190621,58.3,59.2,58.2,59.0,86010,5060895,63,+0.70
20190624,59.0,60.0,59.0,60.0,300000,17930100,182,+1.00
20190625,60.1,62.0,60.1,61.8,333481,20475322,222,+1.80
20190626,61.7,62.5,61.5,61.5,294430,18213760,148,-0.30
20190627,61.8,61.8,60.4,60.8,232001,14184561,119,-0.70
20190628,60.8,60.8,60.0,60.1,187001,11311061,101,-0.70
20190701,60.6,61.6,60.6,61.6,219200,13398279,164,+1.50
20190702,58.0,58.5,57.2,58.3,340450,19746432,215,X0.00
20190703,58.3,58.5,58.1,58.5,88100,5137850,65,+0.20
20190704,59.0,59.0,57.6,58.0,68045,3955228,58,-0.50
20190705,58.0,58.0,57.5,58.0,89200,5146539,74, 0.00
20190708,58.0,58.3,57.9,58.2,72000,4181300,47,+0.20
20190709,58.2,60.1,58.0,59.9,149391,8891760,114,+1.70
20190710,59.9,60.8,59.9,60.4,73474,4428086,52,+0.50
20190711,60.4,60.4,59.1,59.5,44200,2643740,36,-0.90
20190712,60.4,60.4,58.5,58.5,103060,6082586,65,-1.00
20190715,58.5,58.5,58.1,58.4,24045,1399532,23,-0.10
20190716,58.5,58.5,58.0,58.1,23041,1339602,19,-0.30
20190717,58.0,58.2,57.6,57.8,68055,3936484,52,-0.30
20190718,57.7,57.8,57.5,57.7,55509,3194667,44,-0.10
20190719,57.7,57.8,57.4,57.5,38245,2198912,33,-0.20
20190722,57.4,58.0,57.3,57.6,162000,9357300,87,+0.10
20190723,57.5,57.6,56.7,57.2,99036,5668066,71,-0.40
20190724,57.1,57.1,56.3,56.3,109020,6180734,76,-0.90
20190725,56.3,56.3,55.8,55.8,86105,4820632,62,-0.50
20190726,55.8,55.8,55.3,55.3,70000,3883000,58,-0.50
20190729,55.2,55.3,54.9,55.0,98201,5410235,77,-0.30
20190730,55.0,55.0,54.8,54.8,43001,2361855,35,-0.20
20190731,54.6,55.0,54.5,55.0,43000,2353400,31,+0.20
20190801,55.0,56.3,55.0,55.7,76000,4237800,61,+0.70
20190802,55.7,55.7,55.1,55.5,51000,2827500,42,-0.20
20190805,55.3,55.3,53.5,54.1,116000,6308700,88,-1.40
20190806,54.0,54.7,52.8,54.7,94000,5016200,68,+0.60
20190807,55.2,55.4,55.0,55.0,11000,606700,9,+0.30
20190808,55.0,55.6,55.0,55.3,64005,3529975,37,+0.30
20190812,55.3,55.3,54.9,55.1,64000,3524100,39,-0.20
20190813,54.9,54.9,54.0,54.2,100300,5439918,63,-0.90
20190814,56.9,56.9,54.4,54.8,48000,2648300,38,+0.60
20190815,54.0,54.3,53.7,54.0,48000,2591800,24,-0.80
20190816,54.1,54.3,54.0,54.0,53030,2864944,35, 0.00
20190819,54.0,54.1,53.8,53.8,48000,2590100,33,-0.20
20190820,53.9,54.1,53.8,54.1,25002,1349009,13,+0.30
20190821,54.1,54.7,54.0,54.1,33000,1792400,32, 0.00
20190822,54.5,54.5,53.8,53.9,32001,1727254,28,-0.20
20190823,53.6,53.8,53.6,53.7,14000,751600,13,-0.20
20190826,53.4,53.8,53.4,53.6,31001,1662254,22,-0.10
20190827,53.7,54.2,53.7,54.1,14000,755800,8,+0.50
20190828,54.0,54.0,53.9,53.9,15020,810890,12,-0.20
20190829,53.9,54.5,53.8,54.1,16002,869608,13,+0.20
20190830,54.3,54.3,54.1,54.2,28002,1518808,16,+0.10
20190902,54.0,54.3,54.0,54.3,8000,432900,8,+0.10
20190903,54.4,54.5,54.4,54.4,15000,816100,13,+0.10
20190904,54.2,54.6,54.2,54.2,24000,1305300,20,-0.20
20190905,54.4,54.5,54.2,54.5,30102,1636747,27,+0.30
20190906,54.5,54.5,54.1,54.2,25320,1374440,23,-0.30
20190909,54.1,54.1,53.9,54.0,37000,1998500,24,-0.20
20190910,54.4,55.5,54.2,55.0,71000,3900500,52,+1.00
20190911,55.0,55.0,54.8,54.8,29001,1593454,23,-0.20
20190912,54.9,55.5,54.9,55.5,20000,1102300,16,+0.70
20190916,55.3,55.3,54.9,55.0,49010,2698460,35,-0.50
20190917,55.0,55.0,54.5,54.7,33000,1803200,24,-0.30
20190918,54.3,56.0,54.3,55.9,63011,3498614,64,+1.20
20190919,55.5,55.5,55.3,55.3,11356,629280,11,-0.60
20190920,55.1,55.5,55.1,55.5,23000,1274100,11,+0.20
20190923,55.2,56.1,55.2,56.0,54000,3014800,32,+0.50
20190924,56.3,57.0,56.3,56.9,86050,4882345,54,+0.90
20190925,56.9,56.9,56.1,56.8,37200,2107760,28,-0.10
20190926,56.8,56.8,56.0,56.0,17061,961352,19,-0.80
20190927,56.0,56.4,56.0,56.0,36090,2023940,35, 0.00
20191001,56.0,56.0,55.6,55.6,33010,1841665,27,-0.40
20191002,55.6,55.7,55.5,55.5,23200,1290200,17,-0.10
20191003,55.5,55.5,55.4,55.4,25000,1386800,23,-0.10
20191004,55.4,55.5,55.4,55.5,12000,665600,11,+0.10
20191007,55.5,55.6,55.1,55.6,52001,2883355,40,+0.10
20191008,55.5,55.6,55.5,55.5,7000,388600,6,-0.10
20191009,55.6,55.6,55.4,55.6,20002,1110111,17,+0.10
20191014,55.6,56.8,55.6,56.3,76020,4274914,64,+0.70
20191015,56.0,56.2,55.9,55.9,45000,2520200,30,-0.40
20191016,56.2,58.2,56.2,58.1,137266,7840201,123,+2.20
20191017,58.2,58.9,57.5,58.0,140000,8144700,109,-0.10
20191018,57.6,57.8,57.2,57.2,48000,2764100,34,-0.80
20191021,58.0,58.0,57.3,57.9,46000,2656300,36,+0.70
20191022,58.0,58.5,57.9,58.4,76054,4425053,61,+0.50
20191023,58.5,60.5,58.5,58.8,202000,11948600,125,+0.40
20191024,59.1,59.5,59.1,59.4,64008,3796874,54,+0.60
20191025,59.4,59.4,58.2,59.0,67001,3930459,60,-0.40
20191028,59.0,59.0,58.4,58.6,72926221,4273479647,41,-0.40
20191029,59.0,64.0,58.8,59.0,182273,10967107,135,+0.40
20191030,59.0,59.8,59.0,59.2,48007,2848313,43,+0.20
20191031,59.2,59.2,59.0,59.2,37005,2189990,30, 0.00
20191101,59.4,60.4,59.4,60.3,141007,8479727,110,+1.10
20191104,61.6,61.6,59.8,60.2,134200,8141700,103,-0.10
20191105,60.1,60.2,59.8,59.8,54233,3250732,40,-0.40
20191106,60.8,60.9,60.3,60.9,142474,8645477,93,+1.10
20191107,61.0,61.0,60.2,60.6,66100,3993320,57,-0.30
20191108,60.8,60.8,60.2,60.6,43110,2602922,32, 0.00
20191111,60.8,61.3,60.3,60.3,84010,5087706,59,-0.30
20191112,60.2,60.3,60.0,60.1,31100,1870580,29,-0.20
20191113,60.0,60.4,60.0,60.2,45000,2710100,31,+0.10
20191114,60.4,60.5,59.8,59.9,57438,3450180,52,-0.30
20191115,60.3,60.3,59.4,59.5,97251,5804359,78,-0.40
20191118,59.5,59.5,58.5,58.6,77008,4535372,66,-0.90
20191119,58.6,58.7,58.5,58.6,52151,3055247,45, 0.00
20191120,58.6,58.8,58.3,58.5,30000,1758200,28,-0.10
20191121,58.3,58.3,57.7,57.8,50000,2897900,48,-0.70
20191122,58.2,59.0,58.2,58.9,66200,3892780,47,+1.10
20191125,58.9,59.0,58.8,58.8,18385,1083676,16,-0.10
20191126,59.4,59.4,58.8,59.0,35500,2094698,31,+0.20
20191127,59.0,59.0,58.8,59.0,16200,954999,17, 0.00
20191128,58.9,59.3,58.9,59.2,32000,1889700,22,+0.20
20191129,59.3,59.5,58.7,58.9,51000,3019700,42,-0.30
20191202,59.1,59.1,58.7,58.7,38001,2239758,22,-0.20
20191203,58.7,59.1,58.7,59.1,25501,1505857,18,+0.40
20191204,59.1,59.1,58.5,59.0,26001,1530658,20,-0.10
20191205,59.1,59.4,58.7,59.0,29002,1711218,19, 0.00
20191206,58.8,59.1,58.7,58.7,16001,942258,13,-0.30
20191209,58.6,59.3,58.6,59.3,24001,1416259,17,+0.60
20191210,59.3,59.4,59.2,59.4,20100,1192629,14,+0.10
20191211,59.5,61.0,59.5,60.2,154076,9288473,104,+0.80
20191212,60.3,61.0,60.2,60.6,101001,6128760,76,+0.40
20191213,60.6,60.6,59.9,60.5,44000,2653100,41,-0.10
20191216,60.4,61.1,60.0,60.9,79030,4802324,58,+0.40
20191217,60.5,61.4,60.4,60.4,69216,4208245,55,-0.50
20191218,60.4,61.0,60.1,60.8,56016,3394372,49,+0.40
20191219,60.8,60.9,60.4,60.7,61000,3699900,27,-0.10
20191220,60.6,60.9,60.3,60.8,53000,3210600,28,+0.10
20191223,60.9,61.2,60.7,61.0,92014,5612264,61,+0.20
20191224,61.0,61.5,61.0,61.2,31214,1910896,26,+0.20
20191225,61.5,62.2,61.5,62.0,191096,11855532,127,+0.80
20191226,62.1,65.0,62.1,63.5,345740,21978987,225,+1.50
20191227,64.0,64.0,62.4,63.5,87151,5530903,58, 0.00
20191230,63.5,63.5,62.0,62.4,161000,10065000,101,-1.10
20191231,61.9,62.5,61.9,62.2,89000,5533600,55,-0.20
20200102,62.3,63.3,62.3,63.0,63000,3959300,44,+0.80
20200103,63.0,63.2,62.4,62.8,48004,3013748,43,-0.20
20200106,62.5,63.0,62.5,62.8,38133,2391252,36, 0.00
20200107,62.9,63.3,62.7,63.0,46000,2897800,41,+0.20
20200108,63.0,63.6,63.0,63.3,63200,4001700,52,+0.30
20200109,64.0,64.5,63.3,63.3,66218,4208798,53, 0.00
20200110,64.0,64.0,63.2,63.7,108000,6874300,82,+0.40
20200113,63.7,64.7,63.7,64.5,86189,5543951,62,+0.80
20200114,64.6,64.7,64.3,64.3,74102,4778658,64,-0.20
20200115,64.3,64.3,63.5,64.0,89184,5697602,61,-0.30
20200116,63.9,64.3,63.7,64.2,47001,3012664,35,+0.20
20200117,64.2,64.5,64.0,64.5,26345,1694663,27,+0.30
20200120,64.7,66.4,64.7,66.4,249350,16347502,141,+1.90
20200130,65.6,65.6,61.8,62.7,260365,16499885,192,-3.70
20200131,62.0,63.6,62.0,63.2,138100,8717770,100,+0.50
20200203,63.0,63.0,62.0,62.8,49501,3094462,45,-0.40
20200204,62.8,64.1,62.8,63.2,59000,3737100,49,+0.40
20200205,63.0,63.6,62.8,63.6,53000,3351600,50,+0.40
20200206,64.0,64.8,64.0,64.5,38100,2451509,36,+0.90
20200207,64.2,64.2,62.5,62.7,155020,9766453,123,-1.80
20200210,62.0,62.6,61.7,62.3,62200,3867180,46,-0.40
20200211,62.3,62.6,62.3,62.6,18000,1126200,12,+0.30
20200212,62.6,63.2,62.5,63.1,31001,1951663,27,+0.50
20200213,63.4,63.4,62.8,63.2,48200,3039639,42,+0.10
20200214,62.9,63.5,62.8,63.5,39000,2464700,26,+0.30
20200217,63.0,63.8,62.8,63.3,54150,3426185,43,-0.20
20200218,63.6,63.6,63.0,63.2,27200,1715780,22,-0.10
20200219,63.8,64.0,63.1,64.0,73172,4660741,56,+0.80
20200220,64.0,64.0,63.3,63.5,63205,4018315,47,-0.50
20200221,63.5,63.7,63.4,63.5,22000,1398000,21, 0.00
20200224,63.3,63.3,62.7,63.0,48000,3021400,37,-0.50
20200225,62.6,63.0,62.3,62.6,45240,2835948,37,-0.40
20200226,62.6,62.8,62.6,62.8,23000,1440200,21,+0.20
20200227,62.6,62.6,62.0,62.2,104500,6501950,83,-0.60
20200302,61.3,62.0,61.0,61.4,66500,4089800,53,-0.80
20200303,61.5,62.1,61.5,61.5,55192,3400808,43,+0.10
20200304,61.8,61.8,61.2,61.3,44001,2698161,36,-0.20
20200305,61.3,62.0,61.3,62.0,42000,2591500,31,+0.70
20200306,61.9,61.9,61.1,61.2,66100,4054080,54,-0.80
20200309,61.2,61.2,59.5,59.9,108198,6510999,92,-1.30
20200310,59.5,61.1,59.1,61.0,120294,7191534,94,+1.10
20200311,61.0,61.0,60.2,60.8,82248,4984226,73,-0.20
20200312,60.0,60.1,58.4,58.6,154202,9105237,129,-2.20
20200313,58.0,58.0,54.0,56.5,219053,12114321,152,-2.10
20200316,56.8,56.8,55.5,55.6,86500,4845600,79,-0.90
20200317,55.0,55.0,53.7,54.0,119800,6507000,95,-1.60
20200318,55.0,55.0,50.3,52.1,114001,6068052,96,-1.90
20200319,50.8,50.8,46.9,47.3,196150,9369758,161,-4.80
20200320,48.25,50.0,48.0,49.85,122291,6004205,102,+2.55
20200323,49.85,49.9,48.6,49.6,66060,3250400,51,-0.25
20200324,50.9,52.0,50.1,50.9,48156,2457885,51,+1.30
20200325,52.6,55.0,52.2,54.5,89000,4794500,67,+3.60
20200326,54.5,58.5,54.5,57.5,221010,12559272,130,+3.00
20200327,57.9,59.0,57.7,58.4,173029,10113808,116,+0.90
20200330,58.0,58.0,56.0,57.9,74002,4243216,52,-0.50
20200331,57.9,59.9,57.9,59.2,186843,11048180,119,+1.30
20200401,58.9,58.9,58.1,58.3,47004,2744336,34,-0.90
20200406,58.4,58.4,57.2,57.5,71300,4101340,54,-0.80
20200407,58.0,58.5,57.8,57.8,48000,2785500,39,+0.30
20200408,58.0,58.8,58.0,58.3,72000,4208400,43,+0.50
20200409,58.5,58.8,58.0,58.5,29191,1701514,32,+0.20
20200410,58.5,59.3,58.5,59.1,59200,3481400,42,+0.60
20200413,59.2,60.4,58.7,60.4,105453,6289478,77,+1.30
20200414,60.6,61.7,60.6,61.3,67200,4114920,50,+0.90
20200415,61.7,62.0,60.1,61.6,94100,5771900,62,+0.30
20200416,60.9,61.6,60.9,61.6,64000,3917700,44, 0.00
20200417,62.4,62.4,60.8,61.0,78051,4810011,63,-0.60
20200420,61.0,61.4,60.8,61.4,40250,2460248,35,+0.40
20200421,60.5,60.6,58.6,58.6,149000,8867500,113,-2.80
20200422,58.6,59.4,58.5,58.6,121000,7109100,90, 0.00
20200423,59.0,59.6,59.0,59.2,77500,4599150,50,+0.60
20200424,59.4,59.5,58.6,58.7,103100,6067180,75,-0.50
20200427,59.4,60.0,59.1,60.0,60149,3583989,50,+1.30
20200428,60.0,60.2,59.9,60.0,32000,1921700,25, 0.00
20200429,60.0,61.4,60.0,61.3,61200,3731600,55,+1.30
20200430,61.0,61.8,60.5,61.6,120253,7369934,103,+0.30
20200504,61.6,61.6,60.5,61.4,37002,2255022,30,-0.20
20200505,61.2,61.3,60.4,61.2,91000,5545100,58,-0.20
20200506,61.8,61.8,61.0,61.0,33201,2033463,29,-0.20
20200507,60.5,61.8,60.5,61.2,37100,2275500,30,+0.20
20200508,61.6,62.2,61.6,62.0,70000,4341600,53,+0.80
20200511,62.0,62.6,61.5,62.6,77000,4780100,47,+0.60
20200512,61.7,62.3,61.7,62.3,34000,2111600,23,-0.30
20200513,62.3,62.7,62.3,62.5,34000,2125300,20,+0.20
20200514,62.3,62.6,62.0,62.3,58000,3614700,34,-0.20
20200515,61.7,61.9,61.5,61.8,43001,2653461,36,-0.50
20200518,61.5,62.0,61.3,61.9,34000,2094200,29,+0.10
20200519,62.0,62.0,61.8,61.8,63000,3900600,31,-0.10
20200520,61.9,61.9,60.5,60.9,69000,4244400,45,-0.90
20200521,61.5,61.9,61.2,61.6,49000,3014500,33,+0.70
20200522,61.1,61.5,60.8,61.1,46040,2810056,43,-0.50
20200525,61.1,61.6,60.8,61.5,80000,4903300,49,+0.40
20200526,61.8,61.9,61.5,61.5,71050,4379980,50, 0.00
20200527,61.5,62.0,61.4,61.7,111000,6853400,54,+0.20
20200528,62.0,62.7,61.8,62.3,98000,6105100,78,+0.60
20200529,63.2,64.6,63.1,64.6,785340,50355164,471,+2.30
20200601,65.0,65.7,64.8,65.0,244101,15906165,185,+0.40
20200602,65.6,65.6,64.4,65.0,126848,8228120,98, 0.00
20200603,64.8,65.4,64.6,65.1,84541,5490916,74,+0.10
20200604,65.0,65.1,64.2,64.5,110200,7119420,86,-0.60
20200605,64.4,64.8,64.4,64.6,57000,3678200,46,+0.10
20200608,65.0,65.6,64.5,65.4,307200,20080480,184,+0.80
20200609,65.4,67.0,65.0,66.5,231250,15305050,164,+1.10
20200610,66.5,66.7,65.9,66.5,181150,12022020,104, 0.00
20200611,66.5,66.8,64.5,64.5,180000,11821800,124,-2.00
20200612,62.6,64.5,62.5,64.3,101187,6441161,76,-0.20
20200615,64.4,65.0,64.4,64.5,74000,4787200,47,+0.20
20200616,64.9,65.3,64.7,64.9,50000,3245900,44,+0.40
20200617,64.9,65.1,64.5,65.1,33150,2143885,27,+0.20
20200618,65.2,65.2,64.8,65.0,41300,2685679,39,-0.10
20200619,65.0,65.1,64.7,64.9,70000,4542800,45,-0.10
20200622,65.2,65.4,64.7,64.8,95000,6172900,69,-0.10
20200623,65.2,65.2,64.2,64.5,103000,6653500,73,-0.30
20200624,64.7,64.9,64.3,64.5,105000,6779800,74, 0.00
20200629,64.3,64.5,64.2,64.3,81000,5213300,56,-0.20
20200630,64.3,64.7,64.3,64.4,42800,2758639,31,+0.10
20200701,64.5,64.9,64.4,64.4,180002,11619430,88, 0.00
20200702,64.4,65.0,64.4,64.7,185200,11994359,109,+0.30
20200703,64.8,64.9,64.3,64.5,213088,13760137,131,-0.20
20200706,64.7,65.9,64.7,65.8,369804,24230800,207,+1.30
20200707,66.0,66.7,65.8,66.3,460324,30507381,213,+0.50
20200708,66.9,66.9,66.3,66.8,363202,24200291,179,+0.50
20200709,66.9,67.5,65.5,66.6,857050,57114240,473,-0.20
20200710,61.9,63.0,61.5,62.4,517405,32137778,299,X0.00
20200713,62.5,63.2,61.9,62.0,154081,9606303,100,-0.40
20200714,62.1,62.1,61.0,61.3,121001,7439461,93,-0.70
20200715,61.9,62.1,61.3,61.4,68001,4191661,55,+0.10
20200716,61.2,61.7,61.0,61.0,67000,4095000,51,-0.40
20200717,61.1,61.1,60.1,60.4,89001,5378161,68,-0.60
20200720,60.4,60.4,59.8,60.3,58000,3484700,43,-0.10
20200721,60.5,61.0,60.4,60.8,70090,4255332,66,+0.50
20200722,60.9,61.0,60.8,60.9,31003,1888783,29,+0.10
20200723,60.8,60.8,60.3,60.3,79000,4775000,56,-0.60
20200724,60.6,60.6,59.6,60.1,147094,8819957,90,-0.20
20200727,59.8,60.0,58.6,59.0,172002,10198818,118,-1.10
20200728,59.5,59.5,58.1,58.3,166197,9717501,108,-0.70
20200729,58.1,59.0,58.0,58.8,114200,6678200,62,+0.50
20200730,58.9,59.4,58.8,59.4,68728,4054580,42,+0.60
20200731,59.0,59.4,58.8,59.1,57000,3360900,42,-0.30
20200803,59.1,59.3,58.7,58.8,42000,2472800,39,-0.30
20200804,58.8,59.0,58.7,58.9,29000,1708000,26,+0.10
20200805,59.2,59.2,58.8,59.0,49001,2889158,44,+0.10
20200806,59.1,59.3,58.9,59.1,79000,4667700,58,+0.10
20200807,59.1,59.1,58.8,59.0,47000,2771500,36,-0.10
20200810,59.0,59.8,59.0,59.8,96000,5706000,61,+0.80
20200811,59.7,60.1,59.5,60.0,79000,4730800,58,+0.20
20200812,60.0,60.0,59.7,59.8,31001,1854960,26,-0.20
20200813,60.0,60.0,59.6,59.6,41000,2454100,35,-0.20
20200814,59.9,61.0,59.7,60.5,109079,6572379,76,+0.90
20200817,60.5,61.5,60.5,61.1,59200,3627440,40,+0.60
20200818,61.4,61.4,61.1,61.3,39001,2390361,30,+0.20
20200819,61.3,61.3,60.4,60.6,62156,3767946,45,-0.70
20200820,59.9,60.0,59.1,59.5,106205,6319621,82,-1.10
20200821,60.0,60.0,59.6,59.8,23221,1387915,24,+0.30
20200824,60.0,60.0,59.8,59.9,24001,1438659,22,+0.10
20200825,59.9,60.1,59.9,60.1,59500,3569800,36,+0.20
20200826,60.2,60.2,60.0,60.2,37000,2224300,28,+0.10
20200827,60.1,60.1,59.8,59.9,51000,3056200,40,-0.30
20200828,59.9,60.0,59.8,60.0,24000,1438100,20,+0.10
20200831,60.1,60.9,60.1,60.6,60087,3627470,45,+0.60
20200901,60.6,60.7,60.5,60.6,27113,1643147,22, 0.00
20200902,60.2,60.4,60.0,60.0,22000,1323300,19,-0.60
20200903,60.2,60.2,59.8,60.2,34087,2045136,24,+0.20
20200904,59.7,60.0,59.7,59.9,33000,1975200,20,-0.30
20200907,60.0,60.2,59.7,59.7,70100,4202619,38,-0.20
20200908,59.9,60.0,59.6,59.6,22000,1313800,16,-0.10
20200909,59.6,59.7,59.3,59.5,50136,2984205,34,-0.10
20200910,60.0,60.0,59.6,59.8,28040,1679000,24,+0.30
20200911,60.0,60.5,59.8,59.8,68000,4089600,55, 0.00
20200914,60.1,60.6,59.5,60.1,43239,2600959,35,+0.30
20200915,60.5,60.5,60.0,60.1,22000,1323900,19, 0.00
20200916,60.5,60.5,60.4,60.5,46000,2779800,37,+0.40
20200917,60.4,60.4,60.1,60.2,18200,1096020,16,-0.30
20200918,60.2,60.3,60.0,60.3,19006,1143060,21,+0.10
20200921,60.2,60.2,60.0,60.2,30000,1803100,18,-0.10
20200922,59.9,60.1,59.8,59.8,32001,1917760,25,-0.40
20200923,59.8,60.4,59.7,59.7,44158,2648601,31,-0.10
20200924,59.6,59.7,59.1,59.2,87200,5175319,69,-0.50
20200925,59.2,59.3,59.1,59.3,58020,3433780,42,+0.10
20200928,59.3,59.6,59.3,59.3,127405,7568476,55, 0.00
20200929,59.5,59.6,59.4,59.4,43180,2566191,28,+0.10
20200930,59.5,60.0,59.4,60.0,9001,536063,10,+0.60
20201005,60.2,60.2,59.5,60.0,26040,1558316,20, 0.00
20201006,59.9,60.0,59.6,60.0,25282,1512973,25, 0.00
20201007,59.3,60.4,59.3,60.4,24025,1442915,16,+0.40
20201008,60.4,60.4,60.1,60.4,30001,1810860,26, 0.00
20201012,60.3,60.5,60.2,60.5,48011,2900177,33,+0.10
20201013,60.4,60.7,60.2,60.3,34123,2059541,27,-0.20
20201014,60.3,60.3,60.1,60.2,9200,553479,12,-0.10
20201015,60.0,60.0,59.8,60.0,19013,1139880,16,-0.20
20201016,60.0,60.2,60.0,60.1,20050,1206075,18,+0.10
20201019,60.0,60.5,60.0,60.5,91005,5496205,79,+0.40
20201020,60.5,60.5,60.2,60.2,12000,725400,7,-0.30
20201021,60.4,60.5,60.3,60.5,34000,2051800,21,+0.30
20201022,60.3,60.6,60.3,60.6,37211,2250186,25,+0.10
20201023,60.6,60.7,60.5,60.7,20001,1211861,17,+0.10
20201026,60.7,60.7,60.0,60.0,38000,2297200,31,-0.70
20201027,60.6,60.7,60.6,60.7,20000,1213000,19,+0.70
20201028,60.5,60.7,60.0,60.6,25000,1507900,20,-0.10
20201029,60.3,60.4,60.3,60.4,6000,362000,5,-0.20
20201030,60.1,60.4,59.9,59.9,106000,6371800,56,-0.50
20201102,60.0,60.2,59.9,59.9,23000,1381000,20, 0.00
20201103,60.3,60.4,60.0,60.0,16370,985467,20,+0.10
20201104,60.0,60.3,60.0,60.2,29011,1742161,22,+0.20
20201105,60.2,60.2,60.0,60.1,22001,1320760,14,-0.10
20201106,60.2,60.2,60.1,60.2,20000,1202900,15,+0.10
20201109,60.3,60.7,60.3,60.5,56000,3387100,34,+0.30
20201110,60.5,60.7,60.4,60.5,40046,2422447,31, 0.00
20201111,60.5,61.5,60.5,61.4,75276,4591782,61,+0.90
20201112,61.3,61.4,61.2,61.2,22001,1348165,15,-0.20
20201113,61.4,62.8,61.4,62.4,117406,7298046,81,+1.20
20201116,62.4,63.0,62.4,62.7,116021,7262801,82,+0.30
20201117,62.9,63.0,62.5,63.0,118456,7422445,67,+0.30
20201118,63.0,63.2,62.5,63.1,68050,4283535,55,+0.10
20201119,62.9,62.9,62.5,62.6,49140,3078548,42,-0.50
20201120,62.7,63.0,62.6,63.0,74010,4652326,53,+0.40
20201123,63.5,63.5,62.7,63.0,160124,10083716,104, 0.00
20201124,63.1,63.1,62.7,63.0,87000,5469200,40, 0.00
20201125,63.0,63.1,62.7,62.8,53626,3372238,50,-0.20
20201126,63.0,63.2,62.8,63.2,51000,3215200,46,+0.40
20201127,63.5,63.7,63.2,63.7,67003,4247992,51,+0.50
20201130,63.6,64.2,63.5,64.2,63001,4028664,51,+0.50
20201201,64.2,64.2,63.7,64.0,36000,2301200,29,-0.20
20201202,63.2,64.0,63.2,64.0,37100,2361660,34, 0.00
20201203,63.8,63.9,63.8,63.8,27000,1724400,23,-0.20
20201204,63.8,64.1,63.6,64.0,30827,1969627,30,+0.20
20201207,64.0,64.0,63.6,63.8,48000,3061600,40,-0.20
20201208,63.8,63.9,63.3,63.9,50044,3178894,28,+0.10
20201209,63.6,63.8,63.4,63.7,37030,2355717,34,-0.20
20201210,64.0,64.2,63.7,64.2,107503,6877789,85,+0.50
20201211,65.0,65.0,64.0,64.0,62001,3996170,51,-0.20
20201214,64.0,64.4,63.8,64.4,50013,3208235,40,+0.40
20201215,64.3,64.4,63.9,63.9,84004,5385356,57,-0.50
20201216,64.3,64.8,64.2,64.8,111001,7152063,80,+0.90
20201217,65.3,65.4,65.0,65.2,105052,6846709,72,+0.40
20201218,65.1,65.1,64.5,64.7,18249,1182533,22,-0.50
20201221,64.6,65.0,64.5,65.0,29001,1876865,23,+0.30
20201222,65.5,65.9,64.6,64.8,105000,6871700,72,-0.20
20201223,64.6,65.0,64.6,64.7,38000,2461000,28,-0.10
20201224,64.7,65.0,64.3,64.6,81150,5243719,62,-0.10
20201225,64.9,65.0,64.9,65.0,50528,3282525,43,+0.40
20201228,65.0,65.5,65.0,65.5,71231,4652492,57,+0.50
20201229,65.5,65.5,64.6,65.4,24200,1581000,23,-0.10
20201230,65.4,65.5,65.1,65.3,51137,3338842,40,-0.10
20201231,65.0,65.4,65.0,65.3,44042,2870538,36, 0.00
20210104,65.6,66.3,65.6,66.0,88022,5807748,62,+0.70
20210105,66.0,66.3,65.7,66.3,59040,3898840,44,+0.30
20210106,66.3,66.5,66.0,66.2,83180,5502534,58,-0.10
20210107,66.2,66.5,66.0,66.4,127538,8438208,68,+0.20
20210108,66.6,66.7,66.3,66.7,79000,5248100,60,+0.30
20210111,67.0,69.3,67.0,68.6,172421,11855052,135,+1.90
20210112,68.5,69.1,68.3,68.5,125081,8569360,86,-0.10
20210113,68.3,69.2,68.1,69.1,146664,10107456,98,+0.60
20210114,69.5,69.5,68.7,69.5,101568,7008721,73,+0.40
20210115,70.1,70.2,69.3,69.3,127452,8879717,84,-0.20
20210118,69.4,69.4,68.3,68.7,128316,8830886,80,-0.60
20210119,68.7,69.4,68.7,69.1,58299,4021956,59,+0.40
20210120,69.8,69.8,67.8,68.0,188401,12912677,123,-1.10
20210121,68.6,68.6,67.9,67.9,55044,3755361,48,-0.10
20210122,67.2,67.9,67.2,67.8,61121,4126196,55,-0.10
20210125,67.8,68.4,67.3,68.3,37160,2526420,32,+0.50
20210126,68.3,68.5,68.1,68.2,32100,2194340,22,-0.10
20210127,68.4,68.4,68.1,68.4,52252,3565624,35,+0.20
20210128,68.0,68.4,68.0,68.2,47000,3201300,33,-0.20
20210129,68.0,68.2,68.0,68.0,77012,5241364,62,-0.20
20210201,68.0,68.0,67.4,67.7,66103,4483905,44,-0.30
20210202,67.7,68.1,67.7,67.7,116060,7878349,53, 0.00
20210203,67.7,67.9,67.7,67.8,31015,2103715,24,+0.10
20210204,67.8,68.0,67.5,67.9,54210,3674628,44,+0.10
20210205,68.0,68.9,67.9,68.9,79010,5392882,56,+1.00
20210217,69.3,70.4,69.3,70.3,186275,13039622,124,+1.40
20210218,71.7,73.0,70.5,73.0,192102,13880699,135,+2.70
20210219,72.8,74.2,72.5,74.2,188664,13916023,123,+1.20
20210222,74.5,76.4,74.5,76.4,381680,28900359,197,+2.20
20210223,76.5,82.2,76.5,80.1,434559,34312044,275,+3.70
20210224,80.1,80.8,79.4,80.3,240408,19232606,169,+0.20
20210225,80.4,84.1,80.0,83.5,413471,33928289,288,+3.20
20210226,83.4,83.6,82.4,83.5,209387,17423500,146, 0.00
20210302,85.7,85.7,84.4,84.5,186716,15834188,132,+1.00
20210303,84.5,84.5,81.1,82.1,143811,11821745,142,-2.40
20210304,82.4,82.4,79.2,79.8,221837,17755474,187,-2.30
20210305,79.7,81.8,79.7,81.7,157486,12772160,123,+1.90
20210308,82.0,85.4,82.0,83.1,249547,20925258,213,+1.40
20210309,84.5,91.0,84.0,89.6,757678,66484772,541,+6.50
20210310,89.6,92.5,86.6,87.3,380218,33931700,321,-2.30
20210311,85.6,88.9,85.4,86.6,149259,13037755,122,-0.70
20210312,86.6,87.0,84.2,84.7,339707,28934100,225,-1.90
20210315,85.0,87.0,85.0,86.3,106369,9125390,88,+1.60
20210316,87.4,87.4,86.1,86.3,92425,7982963,93, 0.00
20210317,87.0,87.0,85.2,86.0,126540,10883050,103,-0.30
20210318,86.5,86.7,86.1,86.2,82206,7094566,60,+0.20
20210319,86.2,86.2,85.0,85.2,118108,10100617,104,-1.00
20210322,85.2,85.8,84.9,85.5,126355,10777764,97,+0.30
20210323,86.5,86.5,85.1,85.3,60072,5125965,56,-0.20
20210324,85.9,87.7,85.5,87.5,231129,20085305,173,+2.20
20210325,87.5,88.0,84.9,87.5,263071,22719718,198, 0.00
20210326,89.0,92.0,88.8,89.5,353651,31668063,274,+2.00
20210329,98.4,98.4,98.4,98.4,294889,29017075,98,+8.90
20210330,108.0,108.0,108.0,108.0,402906,43513848,223,+9.60
20210331,118.5,118.5,118.5,118.5,754470,89404691,347,+10.50
20210401,118.5,129.0,113.0,124.5,2925355,355373256,2187,+6.00
20210406,129.5,136.5,126.0,136.5,1685852,222637091,1280,+12.00
20210407,139.0,150.0,139.0,150.0,975629,143275759,877,+13.50
20210408,149.0,160.5,149.0,152.5,1104443,170087933,1089,+2.50
20210409,151.0,151.0,145.0,146.0,738438,107842238,701,-6.50
20210412,150.0,150.0,147.0,148.0,430217,64059208,406,+2.00
20210413,152.0,154.0,145.0,145.0,626872,94569631,545,-3.00
20210414,147.0,147.0,131.0,144.0,482773,67538168,506,-1.00
20210415,143.0,144.0,140.0,142.5,200775,28583385,208,-1.50
20210416,142.5,148.0,142.5,148.0,268774,39510802,283,+5.50
20210419,152.0,153.0,148.0,151.5,448119,67742027,414,+3.50
20210420,147.0,150.0,145.0,145.0,377714,55290680,389,-6.50
20210421,142.5,149.5,141.5,146.5,603451,88039302,500,+1.50
20210422,145.5,148.0,142.0,143.5,381060,55287052,350,-3.00
20210423,142.0,150.0,142.0,149.5,564312,83180015,496,+6.00
20210426,151.0,151.0,147.0,148.5,416737,61874141,364,-1.00
20210427,149.5,149.5,147.0,148.0,226601,33511173,216,-0.50
20210428,147.0,148.0,144.0,145.5,345491,50355286,301,-2.50
20210429,142.5,146.5,142.5,145.5,246920,35562464,248, 0.00
20210503,145.0,147.5,143.0,143.5,341527,49412592,293,-2.00
20210504,144.0,145.5,133.5,139.5,519703,72416578,486,-4.00
20210505,139.5,145.5,139.5,142.5,220525,31675446,204,+3.00
20210506,142.5,153.0,142.5,149.5,783797,116611032,688,+7.00
20210507,151.5,152.0,143.0,145.5,570178,83388392,669,-4.00
20210510,146.0,149.5,143.0,149.0,363157,53584644,382,+3.50
20210511,150.0,153.0,145.0,148.0,759895,114144874,687,-1.00
20210512,147.0,149.0,133.5,139.5,682373,96071965,1260,-8.50
20210513,133.5,141.0,132.0,134.0,621790,84492232,963,-5.50
20210514,134.5,143.0,134.5,139.0,522356,72460790,467,+5.00
20210517,131.0,137.0,127.5,129.0,530087,69537801,526,-10.00
20210518,131.0,141.5,129.5,140.5,485788,67116778,396,+11.50
20210519,140.5,145.0,138.5,145.0,304040,43244182,265,+4.50
20210520,146.5,146.5,140.0,140.5,271562,38630691,235,-4.50
20210521,143.0,146.5,141.5,144.5,485038,69940132,362,+4.00
20210524,144.0,147.0,143.0,144.0,263691,37931845,210,-0.50
20210525,146.0,146.0,140.0,142.0,306174,43429341,256,-2.00
20210526,144.0,144.0,140.0,142.5,185253,26313782,162,+0.50
20210527,143.5,143.5,141.0,143.5,111550,15891923,111,+1.00
20210528,142.5,144.5,142.5,144.0,92103,13227882,98,+0.50
20210531,143.0,144.0,142.0,142.0,131580,18817198,133,-2.00
20210601,142.0,143.0,141.0,141.5,129436,18398083,125,-0.50
20210602,141.5,142.5,140.0,140.5,91699,12931029,98,-1.00
20210603,140.5,142.0,140.5,142.0,61374,8673146,63,+1.50
20210604,142.5,142.5,139.0,140.0,87000,12192029,98,-2.00
20210607,141.5,141.5,137.5,140.0,157828,21943853,153, 0.00
20210608,141.5,141.5,139.0,139.5,44258,6182139,49,-0.50
20210609,139.5,140.0,138.5,140.0,74100,10311217,78,+0.50
20210610,139.5,142.5,138.5,141.0,181868,25522224,169,+1.00
20210611,141.0,141.0,139.0,139.5,125885,17632702,128,-1.50
20210615,139.5,141.0,139.0,140.0,125557,17563794,113,+0.50
20210616,141.0,141.0,138.5,138.5,127444,17746142,117,-1.50
20210617,138.0,140.0,138.0,140.0,68533,9540371,71,+1.50
20210618,139.0,139.5,139.0,139.0,87163,12136744,90,-1.00
20210621,140.5,140.5,138.5,139.0,88612,12356175,102, 0.00
20210622,140.0,140.0,137.5,138.5,183830,25548307,165,-0.50
20210623,139.0,139.5,138.5,139.0,62556,8694247,99,+0.50
20210624,139.5,148.0,139.5,144.5,441766,63358703,370,+5.50
20210625,147.0,148.0,142.0,144.0,198330,28610883,216,-0.50
20210628,144.5,149.0,143.5,149.0,432837,63644882,389,+5.00
20210629,149.5,156.0,146.5,146.5,655959,98860783,567,-2.50
20210630,151.0,155.0,148.5,154.5,665532,101523992,577,+8.00
20210701,151.0,156.0,150.0,150.5,434553,66230868,391,-4.00
20210702,151.5,158.0,151.5,157.5,529954,82575132,460,+7.00
20210705,163.0,173.0,162.0,173.0,908254,155396779,802,+15.50
20210706,178.0,185.5,166.5,169.5,1075028,187175746,1028,-3.50
20210707,169.0,169.0,164.0,165.5,334814,55469050,364,-4.00
20210708,166.5,179.0,166.5,177.5,657382,114507688,579,+12.00
20210709,180.5,182.0,173.0,174.5,555330,98458851,561,-3.00
20210712,178.0,183.0,174.5,181.5,797812,142636155,665,+7.00
20210713,181.5,183.5,168.5,170.0,826592,144001517,808,-11.50
20210714,171.0,174.0,165.0,169.5,450273,76470505,346,-0.50
20210715,170.5,171.0,168.0,170.0,244205,41379141,263,+0.50
20210716,169.0,173.0,168.0,169.0,382972,65145122,376,-1.00
20210719,173.0,176.0,170.0,171.5,714476,122894695,636,+2.50
20210720,162.0,162.0,156.0,157.0,674137,106834248,685,X0.00
20210721,158.5,159.5,150.5,151.0,484060,74288036,462,-6.00
20210722,153.0,153.0,146.0,148.0,462160,68819739,501,-3.00
20210723,148.0,152.0,147.5,148.5,248145,37055180,240,+0.50
20210726,150.5,150.5,145.0,145.5,377014,55339549,333,-3.00
20210727,145.5,147.0,142.0,143.0,253702,36672722,255,-2.50
20210728,143.0,143.5,137.5,140.5,334885,46925792,306,-2.50
20210729,141.0,147.0,141.0,147.0,147062,21174315,164,+6.50
20210730,148.5,149.5,142.0,142.0,250245,36235582,252,-5.00
20210802,142.5,146.0,142.0,146.0,189538,27370603,158,+4.00
20210803,145.0,146.5,145.0,146.0,70842,10323834,79, 0.00
20210804,145.0,148.0,145.0,146.5,100626,14778919,123,+0.50
20210805,146.5,147.0,143.0,143.5,199377,28912768,202,-3.00
20210806,142.0,145.0,142.0,143.0,64661,9325111,76,-0.50
20210809,142.5,146.0,142.0,145.0,98074,14142530,111,+2.00
20210810,144.0,146.5,143.5,143.5,67650,9764957,82,-1.50
20210811,143.5,144.5,142.0,142.5,104194,14926063,111,-1.00
20210812,142.5,144.0,142.0,143.0,59162,8473972,72,+0.50
20210813,146.0,154.5,146.0,151.0,641003,95896055,547,+8.00
20210816,153.5,155.0,144.0,145.0,443056,65502409,409,-6.00
20210817,143.5,144.5,137.0,137.0,504153,70713668,492,-8.00
20210818,141.0,143.0,132.0,141.0,627638,85878299,509,+4.00
20210819,141.0,143.5,138.0,138.5,364657,51185797,245,-2.50
20210820,143.0,148.5,139.0,146.0,358135,51545606,310,+7.50
20210823,150.0,155.0,148.0,154.0,364225,55668679,359,+8.00
20210824,155.5,159.0,153.0,157.0,347596,54327931,354,+3.00
20210825,157.5,161.5,157.5,158.5,373906,59656893,339,+1.50
20210826,160.0,160.0,152.5,155.0,405600,63474838,377,-3.50
20210827,157.0,157.0,148.5,150.0,706303,107656038,592,-5.00
20210830,153.0,153.0,146.0,149.0,1754106,260825132,1325,-1.00
20210831,112.5,119.5,112.0,119.5,706120,82323336,498,X0.00
20210901,125.5,131.0,125.0,131.0,2135512,276258819,1325,+11.50
20210902,133.0,138.5,125.5,128.5,2176587,285549084,1770,-2.50
20210903,129.0,134.5,125.5,126.0,781029,100640836,788,-2.50
20210906,126.0,127.0,123.0,123.5,407143,50586128,464,-2.50
20210907,123.5,123.5,119.5,121.0,352394,42477694,439,-2.50
20210908,120.0,122.0,119.5,121.0,158702,19186358,179, 0.00
20210909,121.5,126.5,120.0,125.0,213524,26412357,217,+4.00
20210910,125.5,128.0,125.5,126.5,278193,35218695,307,+1.50
20210913,128.0,138.0,128.0,132.0,1460360,195296499,1273,+5.50
20210914,132.0,134.5,130.0,132.0,438676,57964692,414, 0.00
20210915,132.5,136.0,130.5,134.5,511465,68299005,430,+2.50
20210916,135.0,136.0,132.5,133.5,275212,36756006,349,-1.00
20210917,132.5,135.0,132.5,135.0,169767,22713257,176,+1.50
20210922,132.0,136.0,128.5,131.0,553516,73022428,531,-4.00
20210923,133.5,137.5,133.0,137.5,513779,69624050,497,+6.50
20210924,137.5,138.5,135.0,138.0,372378,50921125,728,+0.50
20210927,138.0,138.5,133.5,134.0,496796,67239509,430,-4.00
20210928,134.5,136.5,133.0,135.0,209019,28197814,164,+1.00
20210929,134.0,134.0,132.0,133.0,219723,29223975,293,-2.00
20210930,131.5,134.0,131.5,133.0,113879,15160190,121, 0.00
20211001,131.0,132.5,129.0,130.0,323502,42291170,339,-3.00
20211004,130.0,130.0,125.0,126.0,384011,48655955,363,-4.00
20211005,125.5,130.0,123.0,129.5,150194,19154732,213,+3.50
20211006,129.5,131.5,126.5,127.5,147194,18866075,183,-2.00
20211007,128.0,129.5,127.5,129.5,110604,14253846,127,+2.00
20211008,130.0,130.0,127.5,128.5,86384,11115041,108,-1.00
20211012,126.0,128.5,123.0,127.0,211209,26352949,235,-1.50
20211013,125.5,126.0,122.0,124.0,113717,14067915,143,-3.00
20211014,124.5,125.5,122.5,123.5,90043,11172395,109,-0.50
20211015,122.0,122.0,118.5,122.0,496555,59924240,1182,-1.50
20211018,122.0,122.0,119.5,121.0,230519,27780119,348,-1.00
20211019,120.0,122.5,120.0,122.5,210662,25551181,324,+1.50
20211020,122.5,123.0,121.5,123.0,145688,17829386,937,+0.50
20211021,124.0,127.0,123.0,126.0,386441,48233649,853,+3.00
20211022,126.5,126.5,124.0,124.0,165801,20681342,245,-2.00
20211025,123.0,123.5,122.0,122.5,119299,14637343,530,-1.50
20211026,122.0,126.0,121.5,124.5,345177,42858769,288,+2.00
20211027,124.5,128.5,124.5,127.0,338938,43021198,433,+2.50
20211028,126.0,127.0,125.0,127.0,136867,17207705,214, 0.00
20211029,127.0,127.0,123.0,124.0,287277,35675252,2701,-3.00
20211101,125.0,126.5,124.5,125.0,214781,26927164,309,+1.00
20211102,125.0,126.0,123.0,123.5,344338,42622478,2130,-1.50
20211103,124.0,124.0,122.5,123.5,374464,46184158,288, 0.00
20211104,123.0,125.5,123.0,124.5,143387,17865935,139,+1.00
20211105,125.0,125.0,123.0,123.5,109238,13496120,148,-1.00
20211108,123.5,125.0,123.5,125.0,124058,15413744,160,+1.50
20211109,125.0,128.0,124.5,127.5,259053,32787981,316,+2.50
20211110,126.5,131.5,126.0,129.5,406389,52460901,442,+2.00
20211111,128.0,133.5,125.0,133.0,510325,65844929,866,+3.50
20211112,133.0,134.5,127.0,130.0,1053966,137479891,2854,-3.00
20211115,133.5,133.5,122.5,124.5,1312950,165352020,2174,-5.50
20211116,124.5,124.5,121.0,122.5,512431,62726814,598,-2.00
20211117,123.5,124.0,122.0,123.0,258291,31739727,260,+0.50
20211118,123.0,124.5,122.5,123.0,204900,25274823,225, 0.00
20211119,123.0,123.0,120.5,121.0,369520,44970188,422,-2.00
20211122,120.5,124.0,120.5,123.5,227673,27905116,238,+2.50
20211123,123.5,124.0,122.5,123.5,145071,17926857,173, 0.00
20211124,124.0,124.0,122.5,123.0,115520,14245198,382,-0.50
20211125,123.0,123.5,122.0,123.0,102680,12640960,356, 0.00
20211126,122.5,122.5,120.5,122.0,247874,30165027,271,-1.00
20211129,120.0,123.0,119.0,122.0,237162,28779142,328, 0.00
20211130,124.0,124.0,122.0,122.0,120517,14788707,178, 0.00
20211201,123.0,123.0,121.5,122.0,91158,11139314,519, 0.00
20211202,121.5,122.0,120.5,120.5,111215,13448475,356,-1.50
20211203,120.5,123.0,120.5,121.0,98475,11915918,107,+0.50
20211206,120.5,121.0,119.5,120.5,140209,16855736,173,-0.50
20211207,122.0,122.0,120.0,120.5,52941,6397318,85, 0.00
20211208,122.0,122.0,120.0,120.0,119793,14440615,145,-0.50
20211209,120.5,121.0,120.0,120.5,89411,10771624,126,+0.50
20211210,120.5,122.0,119.0,120.0,194865,23335438,266,-0.50
20211213,120.5,120.5,119.0,119.5,113247,13574933,138,-0.50
20211214,120.0,120.0,119.0,119.0,90021,10744708,177,-0.50
20211215,119.0,120.5,118.5,119.5,104001,12432322,119,+0.50
20211216,120.0,120.5,119.0,119.5,98746,11795865,122, 0.00
20211217,119.5,120.0,119.0,119.5,132864,15864483,119, 0.00
20211220,120.0,122.0,119.5,120.5,161737,19525284,131,+1.00
20211221,120.5,123.0,120.0,122.0,149874,18210631,178,+1.50
20211222,122.0,122.0,120.5,121.0,83234,10090188,436,-1.00
20211223,121.0,121.5,121.0,121.0,37725,4571859,74, 0.00
20211224,122.0,122.5,120.5,121.0,81414,9901147,101, 0.00
20211227,121.5,122.0,121.0,121.5,82588,10023403,144,+0.50
20211228,121.5,122.0,121.0,122.0,66848,8130871,219,+0.50
20211229,122.0,123.0,121.5,122.5,121717,14910510,174,+0.50
20211230,123.0,123.0,122.5,122.5,97335,11940288,149, 0.00
20220103,123.5,123.5,121.5,122.5,89460,10947207,124, 0.00
20220104,122.5,123.0,121.5,121.5,133266,16271298,171,-1.00
20220105,121.5,122.5,121.5,122.0,74603,9093044,142,+0.50
20220106,122.0,123.0,122.0,122.5,93759,11483262,175,+0.50
20220107,122.5,123.5,122.0,122.0,99799,12241688,214,-0.50
20220110,122.5,123.0,122.0,122.0,127750,15635250,218, 0.00
20220111,123.0,125.5,123.0,125.0,250092,31049909,324,+3.00
20220112,125.0,127.5,124.5,127.5,335299,42303324,638,+2.50
20220113,128.0,131.0,128.0,129.5,458080,59289170,1092,+2.00
20220114,129.5,129.5,126.0,128.0,181043,23105998,424,-1.50
20220117,127.5,128.5,127.0,128.5,124114,15876130,163,+0.50
20220118,129.0,129.0,127.0,128.0,146583,18745255,791,-0.50
20220119,127.0,127.0,126.0,126.0,148516,18769049,281,-2.00
20220120,126.0,128.0,125.0,126.0,106144,13436134,118, 0.00
20220121,126.0,127.0,124.0,124.0,150216,18857512,693,-2.00
20220124,124.5,124.5,121.0,124.5,130557,16069893,836,+0.50
20220125,122.5,123.5,121.5,122.0,166832,20380139,1299,-2.50
20220126,120.5,123.0,120.5,122.5,166733,20366720,163,+0.50
20220207,123.0,128.5,123.0,127.5,263821,33286027,257,+5.00
20220208,127.5,129.0,127.0,128.5,197092,25232707,611,+1.00
20220209,128.5,129.5,128.5,129.5,163591,21095613,742,+1.00
20220210,129.0,130.0,128.5,129.5,87743,11320470,290, 0.00
20220211,130.0,130.5,128.5,129.5,266869,34656990,265, 0.00
20220214,128.5,128.5,126.0,128.5,156136,19868492,494,-1.00
20220215,128.0,129.0,127.5,128.0,117279,15027610,153,-0.50
20220216,129.0,129.0,128.0,128.5,71652,9217248,147,+0.50
20220217,130.0,133.5,129.5,131.5,449310,59019685,478,+3.00
20220218,130.0,133.0,130.0,132.5,206055,27031259,543,+1.00
20220221,133.0,140.0,132.5,140.0,485048,66387376,637,+7.50
20220222,140.0,144.0,135.5,138.0,462349,64076951,2563,-2.00
20220223,138.5,143.0,138.0,142.5,365150,51627462,503,+4.50
20220224,142.0,145.0,135.0,136.5,599725,83949359,783,-6.00
20220225,140.0,141.5,136.5,138.5,301982,41944484,325,+2.00
20220301,139.0,140.0,138.0,140.0,206450,28706965,267,+1.50
20220302,139.0,141.0,138.5,140.0,196480,27453226,222, 0.00
20220303,142.0,145.0,142.0,144.5,316984,45538016,437,+4.50
20220304,144.0,144.5,141.0,141.0,246534,35210808,531,-3.50
20220307,138.0,138.0,134.0,134.5,299020,40468228,434,-6.50
20220308,131.0,133.5,127.0,128.0,443686,57501783,493,-6.50
20220309,131.0,135.0,129.0,132.0,205314,27059154,230,+4.00
20220310,136.0,136.5,134.5,135.5,167175,22659298,311,+3.50
20220311,134.0,138.0,134.0,136.5,159548,21753557,178,+1.00
20220314,138.0,140.0,137.0,138.5,223371,30899142,211,+2.00
20220315,140.0,140.0,135.0,136.0,208941,28549690,213,-2.50
20220316,139.5,139.5,133.0,135.0,248706,33792535,257,-1.00
20220317,136.0,137.5,135.5,136.5,167613,22877246,173,+1.50
20220318,137.0,142.0,137.0,141.5,459581,64497914,576,+5.00
20220321,143.5,144.0,139.5,140.0,310399,43951504,405,-1.50
20220322,141.5,143.5,140.0,143.0,204242,29122688,283,+3.00
20220323,142.5,146.0,142.5,145.0,260775,37759801,578,+2.00
20220324,145.0,147.5,144.0,145.0,200864,29322045,512, 0.00
20220325,147.0,156.0,145.5,151.5,1119643,169311670,973,+6.50
20220328,153.0,153.0,147.0,149.5,284546,42474384,740,-2.00
20220329,149.5,151.0,147.5,150.0,195833,29223910,246,+0.50
20220330,150.0,151.5,147.0,148.0,301213,44853803,366,-2.00
20220331,147.5,147.5,145.0,145.5,230583,33650619,344,-2.50
20220401,144.5,144.5,142.0,142.5,342208,48857291,762,-3.00
20220406,143.0,146.0,140.5,145.5,141327,20279768,206,+3.00
20220407,145.5,146.0,141.0,141.5,234921,33619224,499,-4.00
20220408,142.0,144.5,141.0,143.0,137148,19620156,218,+1.50
20220411,143.0,144.0,140.5,141.5,208477,29558690,322,-1.50
20220412,132.5,132.5,128.0,129.0,1237937,160307826,1319,-12.50
20220413,131.0,133.0,129.5,132.5,237052,31138597,276,+3.50
20220414,133.0,133.0,131.0,131.0,175570,23123948,189,-1.50
20220415,130.0,130.0,126.5,128.0,247789,31750703,319,-3.00
20220418,127.0,127.0,123.0,124.5,329545,41042746,397,-3.50
20220419,125.0,127.0,124.0,124.0,188039,23529058,207,-0.50
20220420,125.5,127.0,124.0,126.0,170279,21320521,168,+2.00
20220421,127.5,127.5,125.0,125.5,82507,10394228,127,-0.50
20220422,124.0,125.0,123.5,124.0,154745,19243149,149,-1.50
20220425,124.0,124.0,121.0,122.0,162125,19740580,203,-2.00
20220426,123.0,132.5,123.0,128.0,774208,98944293,718,+6.00
20220427,125.0,126.0,122.0,124.5,352858,43566874,461,-3.50
20220428,124.5,124.5,123.0,124.0,132852,16448526,159,-0.50
20220429,125.0,126.0,124.0,124.5,115860,14485486,129,+0.50
20220503,124.0,124.0,121.5,122.5,200643,24557653,239,-2.00
20220504,124.0,128.5,123.0,127.0,227451,28695183,212,+4.50
20220505,126.0,128.0,125.0,126.5,184132,23183564,442,-0.50
20220506,123.5,125.0,123.0,125.0,83511,10361606,121,-1.50
20220509,123.5,123.5,121.0,122.0,146585,17861631,206,-3.00
20220510,116.0,122.5,116.0,122.0,111728,13328946,155, 0.00
20220511,121.5,121.5,120.0,121.0,57690,6956663,90,-1.00
20220512,121.0,121.5,117.5,118.5,219556,26111739,248,-2.50
20220513,118.0,122.0,118.0,121.0,165988,20043018,168,+2.50
20220516,120.0,120.0,112.5,115.0,599018,69059021,644,-6.00
20220517,115.0,117.0,113.0,115.0,259839,30016326,271, 0.00
20220518,118.0,118.0,115.5,116.5,145555,17000753,160,+1.50
20220519,115.0,115.0,113.0,113.0,134656,15344325,186,-3.50
20220520,115.0,117.5,115.0,117.5,144769,16848687,159,+4.50
20220523,117.5,120.5,114.0,114.5,133641,15423170,170,-3.00
20220524,115.0,115.5,112.5,112.5,123418,14023474,134,-2.00
20220525,113.0,116.5,113.0,116.5,128818,14897902,133,+4.00
20220526,117.5,118.0,114.5,114.5,78292,9072854,98,-2.00
20220527,115.5,117.0,114.0,114.5,100661,11617353,120, 0.00
20220530,116.5,117.5,115.5,116.5,162973,18984332,168,+2.00
20220531,117.0,117.5,111.5,111.5,743843,83640154,384,-5.00
20220601,111.5,114.5,111.5,113.0,321175,36359872,310,+1.50
20220602,112.0,114.0,111.5,114.0,96682,10901433,119,+1.00
20220606,113.5,113.5,112.5,112.5,93737,10574704,133,-1.50
20220607,112.5,113.0,112.0,112.5,91889,10329380,116, 0.00
20220608,112.5,114.0,112.0,113.0,76089,8607424,94,+0.50
20220609,113.0,114.0,112.5,114.0,42037,4764879,53,+1.00
20220610,113.0,113.0,112.5,113.0,77527,8741870,93,-1.00
20220613,112.0,112.0,109.0,109.5,203079,22290003,282,-3.50
20220614,109.0,110.0,105.5,109.0,196081,21134887,227,-0.50
20220615,110.0,112.5,110.0,110.5,126347,14104631,150,+1.50
20220616,113.0,113.0,110.5,111.5,108682,12165948,117,+1.00
20220617,110.0,111.5,108.5,110.5,136028,14967553,140,-1.00
20220620,110.5,110.5,104.5,105.0,183388,19512740,397,-5.50
20220621,104.0,108.0,103.0,108.0,154951,16339774,154,+3.00
20220622,107.0,107.0,101.0,102.0,193339,19899173,274,-6.00
20220623,103.5,106.0,102.0,104.5,243468,25225666,220,+2.50
20220624,105.0,109.0,104.5,109.0,196448,21122882,198,+4.50
20220627,109.0,110.0,107.0,108.5,93585,10181133,112,-0.50
20220628,108.5,108.5,105.5,105.5,51526,5484783,81,-3.00
20220629,105.0,106.0,104.0,105.0,50034,5240964,81,-0.50
20220630,103.5,104.5,101.0,103.0,175304,17916237,204,-2.00
20220701,101.5,102.0,99.2,100.0,240033,24065120,276,-3.00
20220704,99.9,102.5,99.2,100.5,145174,14660695,146,+0.50
20220705,103.0,103.0,100.5,102.0,97954,9963054,113,+1.50
20220706,100.0,101.0,96.0,96.8,333980,32635513,340,-5.20
20220707,96.8,97.8,95.8,97.1,220352,21349439,198,+0.30
20220708,97.0,99.0,95.7,96.0,336065,32620408,318,-1.10
20220711,96.4,96.6,92.9,94.0,410988,38635765,414,-2.00
20220712,85.6,88.2,85.0,88.0,300704,25913627,308,X0.00
20220713,90.0,93.0,88.0,92.7,185016,16612572,191,+4.70
20220714,95.0,95.0,90.5,91.8,109473,10031623,456,-0.90
20220715,92.2,92.2,90.0,90.1,102662,9283798,106,-1.70
20220718,90.0,90.7,89.5,89.7,111113,9990289,114,-0.40
20220719,89.7,90.8,89.0,90.8,37905,3417218,103,+1.10
20220720,91.0,92.3,85.0,85.0,606186,52693509,624,-5.80
20220721,83.1,87.5,80.5,87.1,973333,80859156,863,+2.10
20220722,87.2,89.9,87.2,88.3,206835,18348801,405,+1.20
20220725,87.5,88.8,87.0,88.5,55866,4919342,84,+0.20
20220726,88.6,88.9,87.4,87.7,82376,7251122,153,-0.80
20220727,87.8,87.8,87.4,87.8,21904,1919263,56,+0.10
20220728,88.0,88.5,87.4,87.8,55969,4921984,71, 0.00
20220729,85.0,86.0,82.2,83.1,361031,30095661,511,-4.70
20220801,84.0,87.0,84.0,87.0,131836,11247249,147,+3.90
20220802,87.0,87.0,85.2,86.2,55005,4728849,88,-0.80
20220803,86.2,86.2,85.2,85.4,65242,5576916,84,-0.80
20220804,85.5,85.5,84.1,84.8,103043,8750320,100,-0.60
20220805,84.8,86.8,84.7,85.5,93384,7979334,71,+0.70
20220808,87.0,87.0,85.5,86.5,19892,1718356,32,+1.00
20220809,87.5,87.5,86.5,87.5,27528,2399104,42,+1.00
20220810,86.1,88.1,86.1,87.8,29609,2598438,38,+0.30
20220811,88.7,89.0,88.1,88.6,55552,4916826,64,+0.80
20220812,90.8,90.8,88.2,88.2,67522,6018755,77,-0.40
20220815,90.0,91.4,89.3,91.3,90854,8228938,104,+3.10
20220816,91.0,91.5,90.3,90.9,19761,1797480,38,-0.40
20220817,90.1,92.9,90.0,90.0,51573,4672027,68,-0.90
20220818,89.0,89.5,88.7,89.0,33708,3000866,75,-1.00
20220819,91.9,91.9,90.1,90.5,49118,4450998,54,+1.50
20220822,90.5,90.8,90.5,90.7,32687,2960897,44,+0.20
20220823,90.7,90.7,88.5,88.9,27333,2440485,58,-1.80
20220824,88.8,89.0,88.8,89.0,21620,1922813,26,+0.10
20220825,89.0,91.5,89.0,90.8,56812,5160439,70,+1.80
20220826,90.8,91.6,90.2,90.8,32257,2929296,58, 0.00
20220829,89.0,89.1,88.2,89.1,59334,5262498,100,-1.70
20220830,88.7,90.7,88.7,90.5,49626,4444589,58,+1.40
20220831,89.1,91.2,89.1,90.7,38361,3480190,70,+0.20
20220901,89.5,90.0,88.2,90.0,86379,7668105,122,-0.70
20220902,90.3,90.3,88.4,88.6,47412,4207677,74,-1.40
20220905,88.6,88.9,88.3,88.8,24277,2151425,31,+0.20
20220906,89.0,89.0,88.4,88.8,22257,1974473,28, 0.00
20220907,89.1,89.4,88.1,89.4,67276,5954995,84,+0.60
20220908,89.2,90.0,89.0,89.2,42945,3843170,33,-0.20
20220912,89.4,90.2,89.2,90.0,78473,7053705,87,+0.80
20220913,90.9,90.9,89.5,90.0,28432,2556629,195, 0.00
20220914,88.6,89.7,88.6,89.2,31189,2783993,49,-0.80
20220915,89.0,89.6,88.4,89.6,34489,3070933,45,+0.40
20220916,88.0,88.9,87.0,88.8,23918,2113855,34,-0.80
20220919,88.4,88.6,87.8,88.3,31530,2780846,36,-0.50
20220920,88.5,88.8,88.0,88.5,40545,3576725,53,+0.20
20220921,88.0,88.6,86.2,88.0,43828,3845418,68,-0.50
20220922,87.8,87.8,85.9,86.8,57604,4982155,70,-1.20
20220923,86.8,88.5,86.5,88.5,66315,5796310,60,+1.70
20220926,87.6,87.6,83.3,83.5,79611,6785544,96,-5.00
20220927,83.5,85.2,83.5,84.1,35232,2964607,41,+0.60
20220928,84.0,84.0,81.0,81.5,137123,11215212,120,-2.60
20220929,81.5,83.8,81.5,83.8,40677,3357977,56,+2.30
20220930,81.1,82.8,81.0,82.6,37490,3082097,73,-1.20
20221003,82.6,82.6,81.4,81.8,17659,1448919,41,-0.80
20221004,81.9,83.0,81.0,82.2,30603,2503398,43,+0.40
20221005,83.0,83.5,81.2,81.2,92913,7609823,112,-1.00
20221006,81.2,81.6,81.0,81.2,47003,3818436,49, 0.00
20221007,80.9,82.7,80.8,82.1,51484,4219630,52,+0.90
20221011,82.0,82.0,80.0,81.9,45487,3693308,60,-0.20
20221012,81.9,84.1,81.2,82.9,87507,7240430,91,+1.00
20221013,82.2,82.8,80.0,80.3,64391,5215922,99,-2.60
20221014,81.3,83.1,81.3,82.4,56025,4610024,64,+2.10
20221017,82.2,82.4,80.5,82.2,21776,1775570,38,-0.20
20221018,82.2,84.0,81.7,82.3,84636,6978446,185,+0.10
20221019,82.4,83.7,82.1,82.2,43192,3576372,45,-0.10
20221020,82.0,82.7,81.3,82.0,57483,4710226,56,-0.20
20221021,82.0,83.0,82.0,82.5,41243,3402905,37,+0.50
20221024,83.5,85.0,82.0,83.2,94857,7960393,94,+0.70
20221025,83.8,86.5,83.8,85.2,107308,9155758,137,+2.00
20221026,85.9,89.5,85.8,89.0,98153,8614803,128,+3.80
20221027,90.1,90.1,88.3,89.0,77011,6892175,376, 0.00
20221028,88.0,91.0,88.0,89.4,108676,9747108,193,+0.40
20221031,90.0,90.5,89.4,89.6,48836,4386010,167,+0.20
20221101,89.6,93.0,89.0,92.0,154887,14163538,131,+2.40
20221102,93.0,95.5,93.0,94.5,81612,7711846,146,+2.50
20221103,94.5,100.5,94.5,99.2,265861,26159213,374,+4.70
20221104,99.6,101.0,94.0,98.3,107878,10502795,253,-0.90
20221107,100.0,100.0,98.1,98.3,81209,8000910,176, 0.00
20221108,98.0,98.5,97.1,98.3,89144,8751897,86, 0.00
20221109,99.8,99.8,98.0,98.8,80453,7923025,312,+0.50
20221110,99.4,101.0,98.0,99.3,83759,8330170,142,+0.50
20221111,100.5,103.5,100.0,100.0,116725,11848798,160,+0.70
20221114,102.0,104.0,101.0,103.0,113429,11642593,132,+3.00
20221115,104.0,105.0,101.0,102.5,105126,10804744,264,-0.50
20221116,102.0,102.5,100.5,100.5,99030,10022271,278,-2.00
20221117,101.5,101.5,99.5,100.5,44237,4450415,48, 0.00
20221118,100.5,101.5,99.6,101.0,101489,10205283,92,+0.50
20221121,101.0,105.5,101.0,104.5,132358,13735004,157,+3.50
20221122,104.5,105.0,103.0,103.0,71028,7372704,238,-1.50
20221123,104.0,104.0,103.5,103.5,16544,1713617,37,+0.50
20221124,104.0,105.0,103.5,105.0,58914,6153652,288,+1.50
20221125,104.5,107.5,104.0,107.5,202018,21421458,490,+2.50
20221128,107.5,110.5,105.5,110.5,166224,18051864,573,+3.00
20221129,111.0,117.0,110.0,117.0,240261,27506572,302,+6.50
20221130,119.0,119.0,115.5,116.0,197259,23192463,729,-1.00
20221201,117.0,118.0,113.0,115.5,154469,17771731,398,-0.50
20221202,115.5,117.0,114.5,116.0,77015,8889656,413,+0.50
20221205,116.0,118.5,115.5,116.0,141249,16524322,421, 0.00
20221206,117.0,118.5,116.0,116.5,115830,13566821,141,+0.50
20221207,116.0,117.5,115.0,117.0,125246,14548398,198,+0.50
20221208,116.0,118.0,116.0,118.0,85336,9988998,141,+1.00
20221209,118.5,118.5,117.5,118.0,68916,8124607,92, 0.00
20221212,119.0,119.0,115.0,117.0,121152,14033133,191,-1.00
20221213,117.0,118.0,115.5,118.0,86436,10093350,95,+1.00
20221214,118.5,119.0,117.0,119.0,82589,9778990,115,+1.00
20221215,119.0,119.0,117.5,119.0,109148,12935492,103, 0.00
20221216,118.5,123.5,117.0,123.0,597460,72643797,574,+4.00
20221219,124.0,127.0,120.0,123.0,531172,65923845,1114, 0.00
20221220,123.0,125.0,120.0,120.5,230335,28123262,403,-2.50
20221221,122.0,123.5,119.5,121.0,202969,24575963,338,+0.50
20221222,121.5,123.0,121.0,121.5,97782,11938668,103,+0.50
20221223,121.5,122.5,118.5,121.5,132004,15961720,164, 0.00
20221226,122.0,124.0,121.5,123.5,120505,14771049,150,+2.00
20221227,124.0,125.5,123.0,125.5,180314,22454654,224,+2.00
20221228,125.5,127.5,124.5,126.5,278371,35212276,312,+1.00
20221229,126.5,127.0,125.0,126.0,90382,11389974,129,-0.50
20221230,127.0,127.0,125.5,125.5,66932,8433685,78,-0.50
20230103,126.0,127.0,124.0,127.0,102848,12923013,106,+1.50
20230104,126.5,127.0,124.0,125.5,90785,11363705,302,-1.50
20230105,125.0,125.5,121.5,123.0,151917,18756742,153,-2.50
20230106,122.0,123.5,121.0,123.5,67801,8294032,108,+0.50
20230109,124.0,125.0,124.0,124.0,85773,10664865,80,+0.50
20230110,124.0,124.0,122.5,122.5,42286,5208027,215,-1.50
20230111,123.0,126.5,123.0,124.5,183167,22992649,188,+2.00
20230112,125.5,125.5,121.5,121.5,88757,10896203,118,-3.00
20230113,123.0,124.0,122.5,123.0,39448,4851451,62,+1.50
20230116,122.5,124.0,122.5,123.5,81978,10094365,104,+0.50
20230117,123.5,124.0,123.0,123.5,46468,5738301,67, 0.00
20230130,124.0,125.5,122.0,125.0,105137,13055495,149,+1.50
20230131,125.0,125.0,123.0,125.0,75802,9422170,112, 0.00
20230201,124.5,125.0,124.0,124.5,30342,3781198,60,-0.50
20230202,124.5,126.5,124.5,125.5,118909,14957032,143,+1.00
20230203,125.5,130.0,125.5,129.5,273935,35161564,406,+4.00
20230206,128.0,129.5,127.5,127.5,81973,10494346,416,-2.00
20230207,127.0,129.0,127.0,128.0,64837,8295468,159,+0.50
20230208,127.5,128.0,126.0,128.0,117282,14871805,720, 0.00
20230209,126.5,128.0,126.5,127.0,88826,11297677,94,-1.00
20230210,126.5,127.0,125.5,126.5,76037,9609764,145,-0.50
20230213,125.0,125.0,122.5,123.5,215304,26587092,263,-3.00
20230214,124.0,124.0,122.5,124.0,60022,7393742,79,+0.50
20230215,123.5,124.0,123.5,123.5,41624,5149500,69,-0.50
20230216,123.5,124.5,123.5,123.5,51643,6403830,53, 0.00
20230217,123.5,124.5,123.5,123.5,28916,3578791,50, 0.00
20230220,123.5,124.0,122.0,123.5,66924,8239531,97, 0.00
20230221,123.0,124.0,123.0,123.5,20628,2547608,41, 0.00
20230222,123.0,124.0,122.5,123.5,56994,7017481,64, 0.00
20230223,123.0,124.5,122.5,123.0,126257,15598772,112,-0.50
20230224,124.0,124.0,122.5,122.5,63675,7826549,87,-0.50
20230301,123.0,123.0,121.0,121.5,108672,13248075,152,-1.00
20230302,121.5,124.0,121.0,124.0,65346,7987004,71,+2.50
20230303,124.0,126.5,124.0,124.5,134780,16898894,153,+0.50
20230306,125.5,126.5,124.5,124.5,65913,8280964,252, 0.00
20230307,125.5,126.0,124.0,125.0,49786,6212919,107,+0.50
20230308,125.0,125.5,124.5,125.5,100562,12555959,101,+0.50
20230309,125.5,126.5,124.5,124.5,145392,18282739,116,-1.00
20230310,124.5,124.5,122.5,123.5,151321,18703050,136,-1.00
20230313,123.5,126.5,122.5,126.0,190609,23760354,163,+2.50
20230314,126.0,126.5,125.0,126.0,102335,12882271,104, 0.00
20230315,127.5,127.5,123.0,124.0,242719,30331502,282,-2.00
20230316,124.0,125.0,122.5,123.0,129445,15994214,134,-1.00
20230317,124.0,124.5,123.0,123.0,73499,9080113,129, 0.00
20230320,122.5,122.5,120.5,121.0,163268,19842545,203,-2.00
20230321,121.5,122.5,121.5,122.0,105572,12846534,137,+1.00
20230322,122.5,123.0,122.0,122.5,61932,7593861,90,+0.50
20230323,123.0,123.0,121.5,122.5,72779,8881618,87, 0.00
20230324,122.5,123.0,122.0,122.5,64452,7895410,76, 0.00
20230327,123.0,123.5,123.0,123.5,57801,7129885,85,+1.00
20230328,124.0,128.0,124.0,126.5,280197,35535472,299,+3.00
20230329,127.5,127.5,127.0,127.0,86412,10996204,83,+0.50
20230330,126.5,126.5,124.5,124.5,72650,9104122,112,-2.50
20230331,126.0,126.0,124.5,124.5,40821,5104571,64, 0.00
20230406,124.0,124.0,123.0,123.5,79532,9828818,121,-1.00
20230407,123.0,124.5,123.0,123.5,50120,6197162,84, 0.00
20230410,123.5,126.5,123.5,125.0,131140,16419080,121,+1.50
20230411,124.5,125.5,124.5,124.5,83956,10477164,86,-0.50
20230412,124.5,124.5,122.5,123.0,166817,20649069,209,-1.50
20230413,123.0,123.5,122.0,122.0,114602,14064791,140,-1.00
20230414,122.5,123.0,122.0,122.5,81286,9963488,117,+0.50
20230417,123.0,123.0,122.5,122.5,74589,9156633,70, 0.00
20230418,123.0,123.0,122.0,122.0,34863,4267924,82,-0.50
20230419,122.0,122.5,121.0,121.5,95389,11613860,141,-0.50
20230420,122.0,122.0,119.5,119.5,163004,19639037,241,-2.00
20230421,119.5,120.0,117.5,117.5,221913,26252945,327,-2.00
20230424,117.5,120.0,117.5,120.0,65458,7782705,101,+2.50
20230425,120.5,120.5,116.5,118.0,110426,13055099,149,-2.00
20230426,118.0,120.5,118.0,119.5,42685,5082135,57,+1.50
20230427,120.0,120.0,119.0,119.0,20268,2417134,35,-0.50
20230428,119.0,120.0,118.5,120.0,28428,3392994,55,+1.00
20230502,120.0,120.0,119.0,119.0,61697,7359705,95,-1.00
20230503,119.0,119.0,118.0,119.0,75821,8996139,125, 0.00
20230504,118.5,120.0,118.5,119.0,52233,6239101,82, 0.00
20230505,119.0,120.0,119.0,119.5,48995,5864064,68,+0.50
20230508,120.0,120.0,118.5,119.0,30665,3654354,76,-0.50
20230509,118.5,119.0,118.5,119.0,26913,3201463,73, 0.00
20230510,119.0,119.0,118.0,118.0,46391,5501060,105,-1.00
20230511,118.0,118.0,116.0,116.5,136749,15946910,253,-1.50
20230512,116.5,116.5,114.0,114.0,137882,15859763,307,-2.50
20230515,113.0,114.0,113.0,114.0,65867,7477073,112, 0.00
20230516,114.0,118.0,114.0,118.0,89245,10366156,95,+4.00
20230517,117.0,121.0,117.0,121.0,172685,20671248,191,+3.00
20230518,119.5,120.0,118.5,119.0,108947,13001342,125,-2.00
20230519,119.5,120.0,118.5,119.5,27266,3251598,56,+0.50
20230522,119.5,120.0,118.5,119.0,54689,6524516,75,-0.50
20230523,118.5,119.0,118.0,118.0,48661,5765806,66,-1.00
20230524,118.0,120.0,118.0,120.0,80628,9582616,112,+2.00
20230525,119.0,119.0,117.0,117.5,56610,6670784,121,-2.50
20230526,117.0,118.5,116.0,116.5,113583,13251042,215,-1.00
20230529,116.5,117.0,116.5,116.5,53186,6212284,97, 0.00
20230530,117.5,117.5,116.0,116.0,79591,9266785,115,-0.50
20230531,116.0,117.5,116.0,116.0,110174,12855765,122, 0.00
20230601,117.5,117.5,116.5,117.0,64201,7508416,114,+1.00
20230602,117.0,117.5,116.5,117.5,46123,5401790,70,+0.50
20230605,117.5,118.5,117.0,118.0,104993,12392260,128,+0.50
20230606,118.0,118.5,117.0,117.5,72629,8555942,92,-0.50
20230607,117.5,118.5,117.5,118.0,87526,10327323,71,+0.50
20230608,118.5,118.5,117.5,117.5,62924,7430981,75,-0.50
20230609,118.5,118.5,117.5,118.5,74377,8784017,78,+1.00
20230612,117.5,118.5,117.0,118.0,58013,6834291,109,-0.50
20230613,118.0,118.0,116.0,116.5,201592,23525880,316,-1.50
20230614,116.5,116.5,115.0,115.5,220467,25463427,356,-1.00
20230615,115.5,115.5,114.5,114.5,165116,18951723,255,-1.00
20230616,114.5,117.0,114.5,117.0,156988,18176747,182,+2.50
20230619,115.5,118.0,115.5,118.0,177245,20737456,198,+1.00
20230620,118.0,118.0,116.5,118.0,175435,20623749,196, 0.00
20230621,118.0,118.0,116.5,117.5,66251,7768026,86,-0.50
20230626,117.0,118.0,115.5,117.0,136340,15896599,183,-0.50
20230627,116.0,117.0,115.5,116.5,47993,5587668,85,-0.50
20230628,117.0,117.5,114.0,114.5,326245,37670308,341,-2.00
20230629,115.5,116.0,115.0,115.5,80181,9241743,126,+1.00
20230630,116.0,116.5,115.5,116.0,59968,6969263,95,+0.50
20230703,116.5,117.0,116.0,117.0,64693,7562300,90,+1.00
20230704,117.5,118.0,117.0,118.0,77421,9092614,111,+1.00
20230705,117.0,118.5,117.0,117.5,222993,26271884,148,-0.50
20230706,117.5,118.5,117.0,117.5,175322,20633239,168, 0.00
20230707,117.0,119.0,116.0,119.0,410322,48359393,354,+1.50
20230710,109.0,109.0,105.5,106.0,468765,50376981,554,X0.00
20230711,106.0,106.5,105.0,106.0,90419,9565564,152, 0.00
20230712,107.0,107.0,101.5,102.5,255583,26421858,471,-3.50
20230713,103.0,103.0,100.5,101.5,163250,16536268,267,-1.00
20230714,101.0,101.5,100.5,101.0,117449,11848035,217,-0.50
20230717,101.0,101.0,98.9,99.4,198984,19793548,492,-1.60
20230718,99.5,99.5,97.8,98.0,200252,19660681,333,-1.40
20230719,97.9,99.5,97.8,99.2,103384,10235267,178,+1.20
20230720,99.8,101.0,99.2,100.5,49510,4967594,89,+1.30
20230721,100.5,100.5,98.4,98.4,141252,14027459,257,-2.10
20230724,99.5,99.5,98.5,99.2,35462,3510450,95,+0.80
20230725,99.5,99.8,98.0,99.3,87166,8613700,108,+0.10
20230726,99.3,101.5,99.3,101.5,139295,14031626,115,+2.20
20230727,100.5,102.0,100.5,101.0,96801,9813968,497,-0.50
20230728,101.5,104.5,101.5,104.0,115657,11994212,197,+3.00
20230731,103.5,104.5,103.0,103.0,83934,8685534,265,-1.00
20230801,104.0,104.0,103.0,103.0,43173,4464657,90, 0.00
20230802,103.0,104.5,102.5,102.5,100142,10328209,118,-0.50
20230804,103.0,104.0,102.5,103.0,48890,5047790,77,+0.50
20230807,103.0,103.5,102.0,103.5,42050,4326755,104,+0.50
20230808,104.0,104.0,102.5,103.5,56630,5848925,85, 0.00
20230809,104.0,104.0,102.5,103.0,12938,1334364,36,-0.50
20230810,103.0,103.0,102.0,102.0,23053,2365758,54,-1.00
20230811,102.0,104.5,102.0,104.0,38978,4038478,57,+2.00
20230814,104.0,104.0,101.5,102.0,46797,4804439,107,-2.00
20230815,102.5,102.5,101.5,102.0,14592,1489069,59, 0.00
20230816,101.0,102.0,100.5,102.0,24704,2500273,57, 0.00
20230817,102.0,103.0,101.0,102.5,61539,6292342,67,+0.50
20230818,102.5,102.5,102.0,102.5,22241,2274351,43, 0.00
20230821,101.0,102.5,101.0,101.5,24375,2479493,55,-1.00
20230822,101.5,101.5,101.0,101.0,31226,3160343,43,-0.50
20230823,101.5,102.0,101.0,101.5,13709,1391836,39,+0.50
20230824,101.5,102.0,101.5,101.5,34523,3505476,37, 0.00
20230825,101.0,104.0,101.0,102.0,45257,4653372,66,+0.50
20230828,102.5,103.0,102.5,103.0,35835,3685399,52,+1.00
20230829,102.5,103.0,102.5,102.5,23672,2435715,31,-0.50
20230830,102.0,103.0,102.0,102.5,21365,2191828,47, 0.00
20230831,103.0,103.0,102.0,103.0,32682,3358285,59,+0.50
20230901,102.5,104.0,102.5,103.0,60013,6182272,58, 0.00
20230904,103.0,104.0,103.0,103.5,32681,3374654,73,+0.50
20230905,103.5,104.0,103.0,103.5,26812,2768562,59, 0.00
20230906,103.0,103.0,101.5,102.0,64996,6656567,126,-1.50
20230907,101.5,102.5,101.5,101.5,32052,3259561,61,-0.50
20230908,101.5,102.0,101.5,102.0,16966,1729162,37,+0.50
20230911,102.0,102.0,101.5,101.5,31626,3216699,69,-0.50
20230912,102.0,102.5,101.5,101.5,12361,1263818,28, 0.00
20230913,102.5,102.5,102.0,102.0,15751,1607189,44,+0.50
20230914,102.5,102.5,102.0,102.0,16814,1719362,40, 0.00
20230915,102.0,103.0,102.0,103.0,23137,2367562,43,+1.00
20230918,103.0,103.0,102.0,102.5,15522,1588993,55,-0.50
20230919,102.0,102.5,101.0,102.0,45120,4586179,60,-0.50
20230920,102.0,102.5,101.5,102.5,24396,2493199,40,+0.50
20230921,101.5,101.5,101.0,101.0,35564,3601453,41,-1.50
20230922,101.0,101.5,100.5,101.0,16767,1689050,36, 0.00
20230925,100.5,101.0,100.5,100.5,27986,2817826,67,-0.50
20230926,100.5,100.5,100.0,100.0,36066,3623756,57,-0.50
20230927,100.0,100.5,100.0,100.5,39592,3968100,50,+0.50
20230928,101.0,101.0,100.0,100.5,34561,3468738,56, 0.00
20231002,100.5,101.0,100.5,100.5,20235,2037905,66, 0.00
20231003,100.5,101.5,100.5,100.5,26403,2666634,43, 0.00
20231004,100.5,100.5,100.0,100.0,30963,3103666,55,-0.50
20231005,100.0,100.0,99.7,99.9,83433,8333919,88,-0.10
20231006,100.0,100.5,99.9,100.0,26535,2654138,46,+0.10
20231011,100.0,100.5,99.8,100.5,69498,6951132,76,+0.50
20231012,100.5,101.0,100.0,101.0,27912,2800559,50,+0.50
20231013,100.5,100.5,100.0,100.0,12822,1285487,37,-1.00
20231016,100.5,100.5,100.0,100.0,14754,1480888,39, 0.00
20231017,100.5,101.0,100.0,100.0,42536,4258099,47, 0.00
20231018,100.0,100.5,99.8,100.0,44893,4489229,84, 0.00
20231019,100.0,100.0,99.2,99.5,29829,2969299,93,-0.50
20231020,99.5,99.7,99.0,99.5,40112,3983355,59, 0.00
20231023,99.8,99.8,99.5,99.5,6811,678648,43, 0.00
20231024,99.5,99.8,99.3,99.8,12233,1217482,27,+0.30
20231025,99.8,99.9,99.6,99.7,8077,805600,30,-0.10
20231026,99.7,99.7,99.0,99.2,20170,2002600,27,-0.50
20231027,99.9,99.9,99.4,99.6,8361,833898,17,+0.40
20231030,100.0,100.0,99.6,99.8,14215,1420091,34,+0.20
20231031,99.6,99.7,99.5,99.5,8858,881810,29,-0.30
20231101,99.6,99.8,99.6,99.8,12762,1272810,40,+0.30
20231102,100.5,100.5,99.8,99.8,6871,688637,28, 0.00
20231103,99.8,100.0,99.5,99.6,24207,2415730,30,-0.20
20231106,100.0,101.5,100.0,101.0,47395,4782379,71,+1.40
20231107,101.5,102.5,101.5,102.5,50710,5182023,100,+1.50
20231108,103.5,105.5,103.5,105.0,81896,8542469,138,+2.50
20231109,105.0,105.0,104.0,105.0,36938,3858903,76, 0.00
20231110,105.0,105.0,103.5,104.0,43016,4478657,71,-1.00
20231113,104.0,104.0,102.5,102.5,37274,3841955,70,-1.50
20231114,102.5,103.0,102.0,103.0,25047,2572324,45,+0.50
20231115,103.0,105.0,103.0,104.5,143953,15025377,122,+1.50
20231116,105.0,105.0,104.5,104.5,85938,8988564,64, 0.00
20231117,105.0,105.0,103.5,103.5,88376,9196859,99,-1.00
20231120,103.5,104.5,102.5,104.5,74391,7682612,90,+1.00
20231121,104.5,105.5,104.0,105.0,83747,8782651,87,+0.50
20231122,105.0,105.0,104.5,105.0,84957,8908677,89, 0.00
20231123,105.0,105.0,104.5,105.0,48815,5114949,79, 0.00
20231124,105.0,105.5,105.0,105.0,28225,2966778,55, 0.00
20231127,105.0,107.0,105.0,106.0,50668,5378683,92,+1.00
20231128,106.0,107.5,106.0,107.5,96412,10264037,120,+1.50
20231129,107.5,107.5,106.5,107.0,71081,7611971,86,-0.50
20231130,105.5,110.0,104.5,110.0,183434,19737342,211,+3.00
20231201,108.5,114.0,108.5,113.0,182973,20598379,313,+3.00
20231204,114.0,114.5,113.0,113.0,108583,12295404,145, 0.00
20231205,113.0,114.0,112.5,114.0,93149,10550292,118,+1.00
20231206,114.0,114.0,112.5,113.0,61169,6916449,112,-1.00
20231207,112.0,112.5,112.0,112.0,69863,7832644,121,-1.00
20231208,113.0,113.5,112.0,113.0,50559,5699855,84,+1.00
20231211,113.0,113.0,112.5,113.0,46347,5223670,85, 0.00
20231212,113.0,113.0,112.0,112.0,67083,7563867,65,-1.00
20231213,112.0,112.5,112.0,112.0,39900,4473784,67, 0.00
20231214,112.0,114.0,112.0,114.0,89448,10165105,147,+2.00
20231215,114.0,115.5,113.0,115.5,124547,14217898,166,+1.50
20231218,115.5,115.5,114.0,114.5,97533,11156473,114,-1.00
20231219,114.5,118.0,114.5,118.0,262087,30294490,260,+3.50
20231220,118.5,120.0,117.5,118.0,356853,42343329,445, 0.00
20231221,118.0,118.0,116.0,117.0,126027,14741138,180,-1.00
20231222,116.5,116.5,114.0,114.0,180762,20689338,259,-3.00
20231225,114.0,114.0,113.0,113.5,109288,12404391,112,-0.50
20231226,114.0,117.0,113.5,115.5,171869,19794941,167,+2.00
20231227,115.5,115.5,114.5,115.0,56782,6510975,97,-0.50
20231228,114.5,115.0,114.0,115.0,69301,7939837,82, 0.00
20231229,115.0,115.5,114.5,115.0,72012,8282560,97, 0.00
20240102,115.5,117.5,115.0,117.0,100902,11773799,150,+2.00
20240103,116.5,117.5,116.5,117.0,79804,9350763,122, 0.00
20240104,117.0,118.5,117.0,117.5,123285,14566304,203,+0.50
20240105,119.0,120.5,118.5,120.0,389860,46613625,477,+2.50
20240108,120.5,124.0,120.5,123.0,284571,34776570,401,+3.00
20240109,124.0,124.0,119.5,122.0,183476,22269529,840,-1.00
20240110,122.0,122.0,118.5,119.0,140640,16949758,216,-3.00
20240111,120.5,120.5,119.5,120.5,106258,12755955,152,+1.50
20240112,120.5,120.5,119.0,119.0,63975,7655789,109,-1.50
20240115,119.5,119.5,117.5,118.5,110930,13161435,190,-0.50
20240116,117.5,118.0,117.0,117.5,155430,18260834,239,-1.00
20240117,117.0,117.5,115.0,117.0,235878,27395600,276,-0.50
20240118,117.5,117.5,116.0,116.5,40617,4734190,85,-0.50
20240119,115.5,116.5,115.5,116.0,38554,4473693,78,-0.50
20240122,116.0,117.5,116.0,116.5,43966,5142216,83,+0.50
20240123,117.0,117.5,117.0,117.0,36807,4311279,60,+0.50
20240124,117.0,118.0,117.0,117.0,45432,5336932,74, 0.00
20240125,117.0,117.5,116.5,116.5,54764,6408678,70,-0.50
20240126,116.5,118.0,116.5,117.5,44163,5183921,75,+1.00
20240129,117.5,118.5,117.5,118.0,101335,11948299,103,+0.50
20240130,119.0,119.0,117.5,117.5,82555,9753046,99,-0.50
20240131,118.5,118.5,118.0,118.0,73082,8633634,75,+0.50
20240201,119.0,119.0,117.5,118.5,70279,8325004,85,+0.50
20240202,118.0,119.0,118.0,119.0,99013,11740239,120,+0.50
20240205,119.5,119.5,117.5,118.0,72320,8556031,102,-1.00
20240215,118.0,118.0,117.0,118.0,105495,12380007,178, 0.00
20240216,118.0,120.5,118.0,119.5,170570,20393242,157,+1.50
20240219,120.0,121.5,120.0,121.5,154105,18638829,160,+2.00
20240220,121.5,122.5,121.0,121.5,99646,12144675,129, 0.00
20240221,122.0,122.5,121.0,122.0,110279,13412491,127,+0.50
20240222,122.0,122.0,121.0,121.5,87117,10593472,111,-0.50
20240223,121.0,121.5,120.5,121.0,117592,14215969,145,-0.50
20240226,121.0,121.5,120.5,121.5,102876,12449301,118,+0.50
20240227,121.0,123.0,121.0,122.5,182587,22276101,182,+1.00
20240229,123.0,123.0,121.5,122.0,141605,17301924,171,-0.50
20240301,122.0,122.5,121.0,122.5,110139,13410328,171,+0.50
20240304,123.0,123.5,122.5,123.0,118557,14569440,161,+0.50
20240305,123.0,123.0,122.0,122.5,158553,19414097,150,-0.50
20240306,122.5,124.0,122.0,124.0,344382,42488658,284,+1.50
20240307,125.5,132.0,125.0,131.5,982230,126638186,943,+7.50
20240308,132.0,134.0,130.0,134.0,695611,91774390,1063,+2.50
20240311,134.0,147.0,134.0,146.5,1725978,247586972,1709,+12.50
20240312,146.5,150.0,141.0,142.0,1088315,158238808,1725,-4.50
20240313,143.0,149.5,141.0,144.0,549139,79544228,833,+2.00
20240314,158.0,158.0,148.0,150.0,2980657,455171030,2231,+6.00
20240315,151.5,156.0,150.0,150.0,1080160,164506089,1077, 0.00
20240318,149.5,151.0,147.0,148.0,745144,110826023,1139,-2.00
20240319,148.0,150.0,148.0,149.0,561258,83543984,548,+1.00
20240320,150.0,150.0,147.0,147.0,513258,75957990,716,-2.00
20240321,148.5,155.0,147.5,153.5,1066900,162156825,947,+6.50
20240322,153.0,153.0,149.0,150.0,408059,61224610,655,-3.50
20240325,150.5,151.5,149.0,149.5,330381,49466786,433,-0.50
20240326,150.0,153.0,150.0,153.0,554161,84246806,567,+3.50
20240327,156.0,157.0,154.5,156.5,864472,134783195,1025,+3.50
20240328,159.0,159.0,156.0,156.0,444728,69972976,720,-0.50
20240329,156.0,157.0,153.5,154.5,257638,39913117,495,-1.50
20240401,154.5,161.5,154.5,159.0,796692,126557328,1166,+4.50
20240402,159.0,159.5,157.0,158.0,333212,52694645,474,-1.00
20240403,157.0,159.0,156.0,156.0,309633,48633324,443,-2.00
20240408,156.5,159.5,156.5,158.5,350462,55333547,402,+2.50
20240409,158.0,159.5,157.5,158.5,405156,64371382,434, 0.00
20240410,158.5,159.0,154.5,155.0,541913,84563410,867,-3.50
20240411,157.0,166.0,157.0,162.5,1605442,261152003,1755,+7.50
20240412,162.5,165.5,160.5,164.5,667237,108970946,965,+2.00
20240415,165.0,171.0,164.0,166.5,1381923,231845047,1543,+2.00
20240416,166.5,166.5,161.5,163.5,828624,135029853,1427,-3.00
20240417,166.0,174.5,166.0,174.5,1244317,213486912,1330,+11.00
20240418,175.5,176.0,170.5,174.0,964188,166571519,3272,-0.50
20240419,174.5,174.5,165.0,170.5,1317719,223472808,1485,-3.50
20240422,171.0,173.0,165.0,167.5,1049166,177441075,1193,-3.00
20240423,169.0,173.0,169.0,171.0,626009,106828009,605,+3.50
20240424,172.0,172.0,169.0,169.5,540068,91892351,792,-1.50
20240425,170.0,171.5,169.5,170.0,289148,49249450,411,+0.50
20240426,170.0,173.5,168.5,171.0,2606196,445605223,980,+1.00
20240429,175.0,180.0,173.5,176.5,975942,172795287,1108,+5.50
20240430,175.5,176.0,173.0,175.0,338033,58860992,948,-1.50
20240502,176.0,186.5,175.5,184.5,1365515,248679170,1471,+9.50
20240503,186.0,186.5,180.0,186.0,669533,122905664,1227,+1.50
20240506,187.5,187.5,182.0,186.5,670645,124595442,797,+0.50
20240507,187.0,187.5,175.0,176.5,960540,171839596,2176,-10.00
20240508,175.0,175.0,168.5,169.5,996798,170020256,1451,-7.00
20240509,169.5,172.0,167.0,167.5,547543,92701858,726,-2.00
20240510,168.5,171.0,168.0,170.0,415731,70301139,849,+2.50
20240513,169.0,172.5,165.0,172.0,577632,97941733,661,+2.00
20240514,172.0,172.0,165.5,166.0,896968,149977645,1222,-6.00
20240515,167.0,171.0,165.0,169.5,578718,97515266,592,+3.50
20240516,171.0,172.0,168.5,172.0,527837,90096795,659,+2.50
20240517,174.5,180.0,174.5,178.0,1174959,208374538,1333,+6.00
20240520,180.0,182.0,178.0,180.0,782614,140814821,1487,+2.00
20240521,180.0,182.5,177.0,179.5,664966,119814668,4119,-0.50
20240522,179.0,179.5,176.0,177.5,563630,100271769,826,-2.00
20240523,176.5,176.5,170.5,173.5,765614,132242029,1144,-4.00
20240524,172.5,175.0,171.5,173.5,227199,39483560,298, 0.00
20240527,173.5,176.0,172.5,174.5,270833,47204943,337,+1.00
20240528,174.5,175.0,173.5,175.0,241278,42072142,408,+0.50
20240529,175.0,176.5,172.5,175.5,389761,68124745,382,+0.50
20240530,174.0,181.0,174.0,179.0,632852,113380289,749,+3.50
20240531,179.0,185.0,179.0,184.0,854683,156462550,1206,+5.00
20240603,184.0,184.5,180.0,182.5,584970,105931030,874,-1.50
20240604,182.5,185.0,180.5,183.0,348272,63848196,887,+0.50
20240605,183.0,184.5,179.5,181.0,341437,62072724,1978,-2.00
20240606,180.0,181.0,176.5,180.5,404337,72360776,669,-0.50
20240607,179.5,186.5,179.0,185.0,968942,179308291,1135,+4.50
20240611,187.5,189.0,184.5,185.5,717056,134076036,2962,+0.50
20240612,186.5,187.0,182.5,183.0,494234,91089118,4252,-2.50
20240613,184.0,184.5,180.0,183.5,387991,70983783,2705,+0.50
20240614,186.0,196.5,185.5,191.5,1118541,214776614,1274,+8.00
20240617,194.0,194.0,187.0,187.0,425530,80335308,4147,-4.50
20240618,188.0,192.5,187.5,190.5,433742,82586578,526,+3.50
20240619,191.5,192.0,189.0,190.0,426822,81297155,502,-0.50
20240620,191.5,192.5,186.5,188.0,567505,106786766,810,-2.00
20240621,189.0,189.0,179.0,181.0,1638489,298802085,2135,-7.00
20240624,180.0,183.0,179.0,182.0,292358,53155623,447,+1.00
20240625,183.0,184.5,181.5,183.5,221837,40574508,286,+1.50
20240626,182.5,183.5,181.0,181.5,401576,73073009,563,-2.00
20240627,181.0,181.5,179.0,180.5,204772,36901753,414,-1.00
20240628,181.0,183.5,180.5,182.5,740063,135014442,765,+2.00
20240701,178.5,178.5,170.0,174.0,733559,127696771,1089,X0.00
20240702,174.5,174.5,168.5,169.0,795260,135189282,1115,-5.00
20240703,169.0,170.0,166.0,168.5,744883,125183738,910,-0.50
20240704,170.5,173.0,169.5,172.0,342845,58935657,422,+3.50
20240705,173.5,173.5,171.5,171.5,110547,19031608,1067,-0.50
20240708,172.5,175.0,170.5,171.0,329355,56614784,621,-0.50
20240709,174.0,176.5,172.0,175.5,442358,77077391,505,+4.50
20240710,176.5,187.5,176.5,187.0,985422,181530113,1219,+11.50
20240711,185.5,205.0,185.5,198.0,1662669,329889446,3156,+11.00
20240712,198.5,198.5,192.5,196.0,502505,98043657,6603,-2.00
20240715,194.5,198.0,194.5,197.0,186594,36737034,781,+1.00
20240716,197.0,202.5,196.0,202.5,669606,134050058,951,+5.50
20240717,203.0,207.5,199.0,203.5,579479,118222441,4123,+1.00
20240718,204.0,206.0,200.0,203.5,423124,85645056,2108, 0.00
20240719,201.5,202.5,194.5,196.5,535206,105422825,2359,-7.00
20240722,194.0,196.5,185.0,189.5,674709,127724803,1490,-7.00
20240723,192.0,196.0,191.0,194.0,405069,78434086,1676,+4.50
20240726,193.0,197.5,188.5,197.0,327951,63598658,2717,+3.00
20240729,203.5,216.5,201.0,211.5,1918236,409004248,2365,+14.50
20240730,208.0,226.5,201.5,220.0,2120702,462698833,3545,+8.50
20240731,223.5,233.5,222.0,228.0,1243261,282626500,5003,+8.00
20240801,227.5,243.0,224.0,242.5,1226215,290156334,4152,+14.50
20240802,245.0,245.0,218.5,221.5,1965564,444985328,3799,-21.00
20240805,211.0,211.0,199.5,199.5,524976,105956895,1027,-22.00
20240806,203.0,203.0,180.0,186.5,1501656,278417556,3337,-13.00
20240807,186.5,205.0,186.5,205.0,904230,181878864,1705,+18.50
20240808,203.5,207.0,197.0,200.5,587194,118480215,1114,-4.50
20240809,205.0,210.0,200.5,201.5,735180,149771145,1236,+1.00
20240812,199.0,208.0,199.0,205.0,676680,137777812,880,+3.50
20240813,204.0,207.0,198.0,202.0,1115199,224588835,1608,-3.00
20240814,148.5,158.0,148.5,154.0,1932244,296940113,3163,X0.00
20240815,155.0,162.5,153.0,154.5,1721910,270764199,2039,+0.50
20240816,158.0,158.5,154.0,155.0,1058418,165140560,1268,+0.50
20240819,157.0,161.0,154.0,158.0,688995,108760087,741,+3.00
20240820,160.0,160.5,156.0,156.5,672784,106539236,730,-1.50
20240821,156.5,156.5,151.0,155.0,503503,77466876,708,-1.50
20240822,155.0,155.0,149.0,152.5,704886,106727707,969,-2.50
20240823,152.0,154.5,151.0,154.5,296526,45404696,565,+2.00
20240826,155.0,155.0,150.5,150.5,417547,63394846,933,-4.00
20240827,150.0,152.5,150.0,151.5,295190,44672621,418,+1.00
20240828,151.5,153.0,150.0,151.0,179816,27179747,346,-0.50
20240829,151.5,153.5,149.0,149.5,409830,61660174,557,-1.50
20240830,150.0,154.0,150.0,154.0,364386,55712802,863,+4.50
20240902,155.0,155.0,150.5,150.5,271331,41222863,724,-3.50
20240903,151.0,152.0,150.5,151.0,196893,29752442,262,+0.50
20240904,146.0,148.0,142.5,145.0,528495,77188404,903,-6.00
20240905,146.5,149.0,145.0,147.5,272914,40190728,421,+2.50
20240906,147.5,147.5,143.0,143.0,362291,52208741,686,-4.50
20240909,140.0,142.0,138.0,140.5,452717,63237509,761,-2.50
20240910,147.0,147.0,139.5,140.0,427336,60448976,499,-0.50
20240911,139.0,140.0,137.5,139.0,257916,35808824,536,-1.00
20240912,140.5,142.0,139.0,141.0,154835,21744877,370,+2.00
20240913,140.0,144.5,140.0,144.5,183093,26266056,241,+3.50
20240916,144.0,146.5,142.0,146.5,202045,29174212,328,+2.00
20240918,147.0,147.0,143.5,145.0,147221,21344198,322,-1.50
20240919,144.0,149.0,144.0,149.0,208506,30763549,267,+4.00
20240920,146.0,146.0,136.5,142.5,1502818,209889288,1850,-6.50
20240923,141.5,141.5,136.0,140.0,744472,102703508,1089,-2.50
20240924,140.0,142.5,139.0,141.0,329064,46207907,434,+1.00
20240925,141.5,143.0,141.0,143.0,326989,46528259,526,+2.00
20240926,143.0,145.0,143.0,144.0,246385,35450077,312,+1.00
20240927,144.5,147.0,143.5,146.0,345087,50301757,738,+2.00
20240930,146.5,148.0,145.5,146.5,288326,42323835,346,+0.50
20241001,145.0,145.0,140.0,141.0,592196,84011854,1060,-5.50
20241004,140.5,140.5,137.0,138.0,573700,79294678,1725,-3.00
20241007,139.5,140.5,138.5,140.0,270638,37783294,492,+2.00
20241008,139.0,140.5,137.0,140.0,322292,44804684,1242, 0.00
20241009,140.0,140.0,138.0,139.5,203958,28340067,322,-0.50
20241011,140.0,140.0,137.0,137.0,325020,44856387,500,-2.50
20241014,138.0,140.5,135.5,137.5,343253,47130320,1674,+0.50
20241015,138.0,138.0,136.0,138.0,248668,34107250,1114,+0.50
20241016,138.5,140.0,136.0,140.0,331754,45893961,393,+2.00
20241017,137.5,140.0,137.5,140.0,184810,25725721,251, 0.00
20241018,140.0,140.5,138.0,140.5,247853,34593357,393,+0.50
20241021,141.0,141.5,138.5,139.5,214765,29984097,465,-1.00
20241022,139.5,139.5,138.0,138.5,128266,17765276,269,-1.00
20241023,138.5,139.5,137.5,139.5,178908,24759188,562,+1.00
20241024,138.5,138.5,137.0,138.5,230237,31735701,427,-1.00
20241025,138.0,138.0,137.0,137.0,149934,20595203,263,-1.50
20241028,136.5,138.5,136.0,136.0,175502,24014238,276,-1.00
20241029,135.5,136.0,133.5,133.5,310874,41764824,694,-2.50
20241030,134.5,134.5,132.5,133.5,149446,19933900,240, 0.00
20241101,133.5,138.0,132.5,138.0,368679,50235617,371,+4.50
20241104,136.5,137.5,135.5,136.5,108313,14750775,272,-1.50
20241105,136.0,136.5,134.5,135.5,166878,22625829,331,-1.00
20241106,135.0,135.5,134.0,134.0,163213,21964911,343,-1.50
20241107,133.5,136.0,133.5,135.5,110625,14934673,195,+1.50
20241108,137.0,139.0,136.5,137.5,203260,28008489,294,+2.00
20241111,137.5,141.5,137.5,141.5,391734,54757131,790,+4.00
20241112,141.5,145.0,139.5,140.5,555300,78881470,2123,-1.00
20241113,142.0,145.5,139.0,143.0,604716,86596118,789,+2.50
20241114,144.0,145.5,141.5,142.0,374168,53643508,1014,-1.00
20241115,143.0,144.5,141.0,141.5,251465,35908497,494,-0.50
20241118,143.0,143.0,139.0,140.5,164358,23088203,271,-1.00
20241119,140.0,142.5,139.5,142.5,162426,22968977,230,+2.00
20241120,141.5,145.0,140.5,142.0,228900,32591688,550,-0.50
20241121,141.0,143.5,140.5,143.5,186092,26570936,246,+1.50
20241122,143.5,143.5,142.0,143.5,84828,12135308,165, 0.00
20241125,144.0,146.5,143.5,146.0,406631,59015336,515,+2.50
20241126,146.5,146.5,144.0,144.0,138422,20051984,688,-2.00
20241127,144.0,144.5,141.5,142.0,135449,19314089,210,-2.00
20241128,142.0,143.5,140.5,143.5,139422,19752852,225,+1.50
20241129,141.0,144.0,140.5,143.0,121505,17276916,277,-0.50
20241202,144.0,148.5,143.5,145.5,443335,65088732,633,+2.50
20241203,145.5,147.0,145.0,146.0,146122,21294691,656,+0.50
20241204,145.5,146.0,144.5,145.5,155162,22530484,238,-0.50
20241205,144.5,145.5,143.0,143.0,133895,19269614,1127,-2.50
20241206,143.5,145.0,142.5,143.0,170366,24443558,1577, 0.00
20241209,144.0,148.5,144.0,148.0,545172,80119846,960,+5.00
20241210,149.5,151.0,148.0,148.5,250750,37434292,637,+0.50
20241211,149.0,150.0,146.5,146.5,199278,29520739,338,-2.00
20241212,147.0,150.0,147.0,149.5,275246,41120817,421,+3.00
20241213,149.5,149.5,146.5,149.0,268620,39780159,389,-0.50
20241216,150.0,155.0,150.0,152.5,732818,111552963,898,+3.50
20241217,152.5,155.0,152.0,153.5,562732,86419520,946,+1.00
20241218,152.0,153.0,148.5,148.5,762891,115068446,825,-5.00
20241219,147.0,150.0,146.5,147.0,672816,99571536,727,-1.50
20241220,146.0,149.0,141.0,142.5,1586305,227310387,1519,-4.50
20241223,145.0,151.0,144.0,148.5,1172553,174212063,897,+6.00
20241224,150.0,152.5,146.0,152.0,938676,141732362,1275,+3.50
20241225,151.5,155.0,150.0,155.0,664414,101788646,789,+3.00
20241226,153.0,156.0,153.0,155.5,664209,102878105,1525,+0.50
20241227,154.5,154.5,151.5,151.5,407861,62276583,1979,-4.00
20241230,151.5,153.5,151.0,153.0,300878,45923704,1552,+1.50
20241231,153.0,153.0,148.5,149.5,318930,47859589,2299,-3.50
20250102,149.0,151.5,148.0,151.5,271194,40690008,368,+2.00
20250103,151.0,152.0,149.0,151.5,213505,32232072,296, 0.00
20250106,151.0,152.0,149.5,152.0,272165,41126640,382,+0.50
20250107,152.5,152.5,148.5,150.0,345821,51765278,496,-2.00
20250108,149.5,153.0,148.5,153.0,377147,57071461,459,+3.00
20250109,152.5,154.0,149.5,149.5,262064,39803381,349,-3.50
20250110,149.5,150.5,145.5,150.5,567942,84136641,733,+1.00
20250113,149.5,151.0,145.0,151.0,699535,103750158,789,+0.50
20250114,152.5,155.0,151.0,155.0,509758,78342958,617,+4.00
20250115,154.0,155.0,152.0,152.0,412741,63270913,515,-3.00
20250116,154.5,154.5,152.0,152.0,212282,32511353,419, 0.00
20250117,153.0,155.0,153.0,155.0,348166,53734732,422,+3.00
20250120,155.0,157.5,154.5,155.0,286777,44588340,411, 0.00
20250121,156.5,157.0,153.0,153.0,213340,33133352,682,-2.00
20250122,155.0,155.5,152.5,152.5,165047,25340873,422,-0.50
20250203,153.5,158.5,152.5,158.5,735121,115062486,1025,+6.00
20250204,156.5,160.5,156.0,159.5,420046,66845958,2516,+1.00
20250205,159.5,159.5,157.5,157.5,273639,43343383,1269,-2.00
20250206,158.0,160.0,157.0,158.5,186023,29454461,442,+1.00
20250207,158.5,158.5,157.0,158.5,141510,22338170,224, 0.00
20250210,158.0,163.0,157.5,163.0,449627,72442380,605,+4.50
20250211,163.0,163.0,161.0,161.0,222227,35950620,581,-2.00
20250212,159.5,163.5,159.5,162.5,198158,32109834,293,+1.50
20250213,162.5,165.0,162.5,163.5,257972,42184781,900,+1.00
20250214,163.5,167.0,163.0,165.0,275025,45473815,447,+1.50
20250217,166.5,171.5,165.5,171.0,482726,81700659,745,+6.00
20250218,172.0,178.0,171.0,178.0,570466,100289484,960,+7.00
20250219,179.5,182.0,174.0,176.0,491632,87138201,2645,-2.00
20250220,178.5,178.5,175.5,177.5,255978,45271086,884,+1.50
20250221,176.5,180.0,176.5,180.0,313116,56047345,590,+2.50
20250224,180.0,185.5,178.5,185.5,531394,97244921,872,+5.50
20250225,185.5,187.5,182.0,183.0,311602,57334734,1345,-2.50
20250226,183.0,184.5,177.5,178.0,446786,80317956,734,-5.00
20250227,178.0,181.0,175.0,177.5,463817,82542298,580,-0.50
20250303,175.5,177.0,173.0,176.5,476038,83323443,1165,-1.00
20250304,175.0,178.0,171.5,178.0,429463,74856247,2385,+1.50
20250305,178.0,179.5,176.0,179.0,195301,34761566,535,+1.00
20250306,178.0,181.0,177.5,178.5,311159,55724538,2091,-0.50
20250307,177.5,177.5,174.5,176.0,283526,49840725,1257,-2.50
20250310,176.0,177.5,174.0,177.5,247198,43564529,834,+1.50
20250311,176.0,176.0,170.0,175.0,646929,111962329,2428,-2.50
20250312,175.0,177.0,173.0,173.0,412324,71953199,2483,-2.00
20250313,187.0,190.0,183.5,190.0,1785637,338231440,2654,+17.00
20250314,194.0,198.0,182.5,184.5,1768316,334245875,2685,-5.50
20250317,183.5,191.5,183.5,189.0,748939,141013596,1046,+4.50
20250318,189.5,191.0,188.0,189.0,333928,63191011,514, 0.00
20250319,189.0,190.5,186.0,187.5,275938,51918060,445,-1.50
20250320,189.5,190.5,187.0,189.5,216386,40832764,544,+2.00
20250321,188.0,194.0,188.0,192.0,485213,92832530,1207,+2.50
20250324,192.0,192.0,187.0,190.0,424406,80125649,1172,-2.00
20250325,189.5,190.0,186.5,188.0,232005,43563513,420,-2.00
20250326,186.5,188.5,186.5,187.0,148842,27908021,236,-1.00
20250327,186.0,188.0,184.0,187.0,167669,31210739,265, 0.00
20250328,187.0,187.0,182.0,184.5,341375,62780180,514,-2.50
20250331,180.0,181.5,176.5,176.5,588943,104979596,852,-8.00
20250401,185.0,185.0,179.5,183.0,354270,64613177,416,+6.50
20250402,182.0,183.0,180.0,181.5,159024,28842385,305,-1.50
20250407,163.5,163.5,163.5,163.5,231134,37791201,483,-18.00
20250408,148.0,160.5,148.0,160.5,1004161,156774953,1185,-3.00
20250409,149.0,157.5,147.0,147.0,902135,136454501,1577,-13.50
20250410,161.5,161.5,161.5,161.5,121637,19644363,153,+14.50
20250411,157.0,171.5,152.0,166.5,1042899,170257237,1084,+5.00
20250414,171.0,175.0,169.0,173.0,574217,98952231,725,+6.50
20250415,174.5,175.5,171.5,171.5,427178,73733318,4577,-1.50
20250416,169.0,173.0,169.0,170.5,243448,41696104,630,-1.00
20250417,170.0,172.0,169.0,169.5,181335,30868501,686,-1.00
20250418,169.5,177.0,168.5,173.0,362195,62795170,464,+3.50
20250421,171.5,175.5,170.5,170.5,361914,62678933,469,-2.50
20250422,170.5,175.0,168.5,168.5,403270,68836620,572,-2.00
20250423,171.0,172.5,168.0,168.5,473872,80646951,564, 0.00
20250424,169.0,170.5,168.0,168.0,165751,28003338,309,-0.50
20250425,168.5,172.0,168.5,170.5,185638,31738776,231,+2.50
20250428,171.0,171.0,168.0,169.5,209882,35583075,430,-1.00
20250429,169.5,173.0,169.5,171.0,221719,38074722,293,+1.50
20250430,171.0,172.5,169.5,170.0,211727,36182725,317,-1.00
20250502,171.0,175.0,171.0,174.5,251192,43635697,329,+4.50
20250505,176.5,179.0,173.5,175.0,353442,62220195,660,+0.50
20250506,175.0,177.0,175.0,176.0,183830,32361365,261,+1.00
20250507,175.0,176.5,173.0,173.0,119822,20896337,283,-3.00
20250508,173.0,175.0,173.0,173.5,141013,24550594,195,+0.50
20250509,173.0,176.0,171.5,176.0,300544,52205737,403,+2.50
20250512,179.0,180.5,177.5,179.5,299511,53669627,398,+3.50
20250513,181.0,181.5,178.0,179.0,219917,39397919,344,-0.50
20250514,180.5,184.0,179.0,180.5,354101,63986448,672,+1.50
20250515,180.5,183.0,180.0,180.0,227781,41309797,682,-0.50
20250516,180.5,184.0,179.0,184.0,332213,60532728,958,+4.00
20250519,185.5,189.5,184.0,184.5,466699,86958035,920,+0.50
20250520,186.0,187.5,183.5,183.5,352787,65408503,1118,-1.00
20250521,185.5,185.5,183.0,183.5,144783,26600997,1161, 0.00
20250522,183.5,183.5,182.0,182.0,231341,42238054,334,-1.50
20250523,182.0,182.5,179.0,179.5,235393,42511627,438,-2.50
20250526,179.5,182.0,179.0,179.0,321630,58010081,412,-0.50
20250527,178.5,183.5,178.5,180.0,404774,72888283,570,+1.00
20250528,180.5,181.5,177.0,178.0,313935,56257347,547,-2.00
20250529,179.5,182.5,179.5,179.5,384712,69408112,433,+1.50
20250602,179.5,183.0,179.0,181.0,413421,74686823,468,+1.50
20250603,182.0,186.0,181.5,181.5,436166,80120003,530,+0.50
20250604,183.0,183.5,181.5,183.0,186663,34143741,556,+1.50
20250605,182.5,184.0,181.5,182.0,238596,43508381,324,-1.00
20250606,182.5,184.0,182.0,182.0,276404,50545417,407, 0.00
20250609,183.0,183.0,180.5,181.5,618053,112238078,671,-0.50
20250610,181.5,184.5,181.5,183.5,1036439,190071949,1147,+2.00
20250611,176.5,177.0,172.0,173.0,799922,139137062,1329,X0.00
20250612,173.5,174.0,170.0,170.0,564447,96506844,1001,-3.00
20250613,169.0,173.5,168.5,172.0,274053,46824664,449,+2.00
20250616,171.0,171.0,169.0,169.0,406658,69085703,586,-3.00
20250617,171.0,173.5,165.5,168.0,1164858,195979172,1449,-1.00
20250618,167.0,168.5,164.5,166.5,1365690,227436061,1266,-1.50
20250619,167.5,167.5,162.5,164.0,1387167,227503208,1837,-2.50
20250620,164.5,166.0,162.5,164.5,1074823,176374325,879,+0.50
20250623,164.0,169.0,162.5,168.5,930208,155366307,825,+4.00
20250624,170.5,172.5,168.5,172.0,810830,138696430,1029,+3.50
20250625,173.0,173.0,168.0,170.0,672850,114089513,699,-2.00
20250626,170.5,172.5,170.0,171.5,658682,112516814,507,+1.50
20250627,171.0,172.5,170.5,170.5,651014,111321292,571,-1.00
20250630,172.5,176.0,170.5,174.5,653116,113736812,778,+4.00
20250701,176.0,177.0,174.5,175.5,283121,49746844,879,+1.00
20250702,176.5,182.0,176.0,181.5,643943,116048598,745,+6.00
20250703,181.0,184.5,180.5,183.0,593217,108441084,1486,+1.50
20250704,184.5,185.0,178.5,178.5,504353,91012443,1801,-4.50
20250707,182.5,182.5,173.5,174.0,502822,88121101,853,-4.50
20250708,174.0,175.5,170.5,170.5,406119,69816627,604,-3.50
20250709,170.5,172.0,168.5,168.5,472666,80080499,672,-2.00
20250710,171.0,171.5,169.0,170.0,583584,99416596,652,+1.50
20250711,170.5,173.0,170.0,170.5,906001,154996488,929,+0.50
20250714,172.0,172.5,169.5,169.5,689109,117374870,693,-1.00
20250715,170.0,172.0,170.0,171.0,282306,48293799,400,+1.50
20250716,175.5,177.5,173.5,176.0,701823,123576580,680,+5.00
20250717,178.5,183.0,177.5,182.5,737602,133275094,867,+6.50
20250718,185.5,189.5,182.5,189.0,774682,144549093,1553,+6.50
20250721,190.0,191.5,185.0,187.0,689449,129715711,1646,-2.00
20250722,187.0,187.0,182.5,183.0,544076,100325839,2985,-4.00
20250723,185.0,189.0,185.0,188.0,406971,76446905,507,+5.00
20250724,188.0,193.5,186.5,193.5,763539,146107064,1183,+5.50
20250725,193.5,195.0,191.0,192.5,546769,105580403,805,-1.00
20250728,194.0,194.5,191.0,191.5,470614,90499865,1909,-1.00
20250729,192.0,192.0,181.5,186.0,783767,145599822,1201,-5.50
20250730,186.0,189.0,185.0,188.5,439084,82469612,528,+2.50
20250731,187.5,190.0,186.0,186.0,727354,136205358,1141,-2.50
20250801,151.5,161.0,151.5,160.0,1334380,209000891,1766,X0.00
20250804,160.5,169.0,159.5,167.5,871511,144228902,1207,+7.50
20250805,171.0,172.5,169.0,170.0,716439,122124941,780,+2.50
20250806,170.0,170.0,166.0,169.0,533754,89654799,1330,-1.00
20250807,172.0,172.0,165.5,167.0,587671,98222214,939,-2.00
20250808,167.0,168.5,165.0,167.0,413678,69093640,509, 0.00
20250811,167.5,168.5,166.0,167.5,226735,37872975,345,+0.50
20250812,167.5,167.5,161.5,161.5,729804,118956937,1324,-6.00
20250813,162.5,164.0,162.5,163.0,246338,40200617,382,+1.50
20250814,163.0,163.0,155.5,159.0,991580,157263367,1719,-4.00
20250815,157.5,158.5,155.0,156.5,909488,141881513,1257,-2.50
20250818,156.0,157.0,155.0,155.0,594860,92602523,742,-1.50
20250819,155.5,156.0,152.0,153.0,474384,73000152,811,-2.00
20250820,154.0,154.0,151.5,152.5,587616,89541886,848,-0.50
20250821,154.0,154.0,151.5,152.0,374976,57046814,698,-0.50
20250822,152.0,153.5,151.5,153.0,258993,39607584,392,+1.00
20250825,155.0,155.5,151.5,151.5,391006,59638674,701,-1.50
20250826,151.5,153.0,150.5,152.5,315353,47986579,347,+1.00
20250827,152.0,153.0,152.0,152.0,200304,30527818,347,-0.50
20250828,152.0,153.0,152.0,152.0,216918,33081054,380, 0.00
20250829,153.0,153.0,152.5,152.5,142714,21782233,286,+0.50
20250901,152.5,155.0,150.5,150.5,540683,82067626,766,-2.00
20250902,151.0,152.0,150.5,151.0,223719,33803223,337,+0.50
20250903,151.5,152.0,151.0,151.0,128755,19463699,242, 0.00
20250904,152.0,157.0,152.0,156.0,484955,75393219,637,+5.00
20250905,158.5,161.5,153.5,153.5,424781,66228906,837,-2.50
20250908,154.0,155.0,153.5,154.5,140312,21681249,414,+1.00
20250909,155.5,156.5,154.0,156.0,197190,30659594,267,+1.50
20250910,155.0,156.0,153.0,155.5,344834,53427132,429,-0.50
20250911,154.5,154.5,151.5,151.5,398617,60844692,762,-4.00
20250912,152.5,153.5,152.5,153.0,234168,35828772,312,+1.50
20250915,152.5,154.0,152.5,152.5,216150,33063312,256,-0.50
20250916,152.5,154.0,152.5,152.5,178195,27255042,258, 0.00
20250917,152.5,154.0,152.5,153.5,178786,27412302,264,+1.00
20250918,155.0,155.0,153.0,154.0,182831,28082399,248,+0.50
20250919,153.5,154.0,152.0,152.5,259758,39695831,358,-1.50
20250922,153.5,157.0,152.5,153.0,231523,35585489,288,+0.50
20250923,153.5,154.5,153.0,153.5,229535,35282518,383,+0.50
20250924,154.0,157.5,154.0,155.5,476883,74448781,587,+2.00
20250925,156.0,156.5,154.5,155.5,183710,28541041,740, 0.00
20250926,155.5,155.5,154.0,154.5,168257,26005076,248,-1.00
20250930,155.5,155.5,152.0,154.0,283488,43436048,482,-0.50
20251001,154.5,155.0,153.0,154.0,221640,34126741,257, 0.00
20251002,153.5,155.0,152.0,153.5,337747,51625771,552,-0.50
20251003,153.0,153.0,150.0,151.0,850154,128305669,1289,-2.50
20251007,151.5,152.0,146.0,150.5,703065,105352113,894,-0.50
20251008,151.0,152.5,150.5,151.0,326064,49404329,1519,+0.50
20251009,151.0,152.0,150.0,151.5,314010,47393882,1083,+0.50
20251013,150.0,158.0,150.0,157.5,1160765,180556170,1375,+6.00
20251014,158.0,166.5,158.0,164.5,1409168,230947904,2272,+7.00
20251015,163.5,173.0,163.5,173.0,1633018,278193810,2365,+8.50
20251016,173.5,174.0,165.0,167.0,1208382,202592100,28188,-6.00
20251017,167.0,168.0,165.5,167.5,356012,59469694,934,+0.50
20251020,168.5,170.0,167.5,169.0,293806,49504923,483,+1.50
20251021,171.0,172.5,168.5,171.0,484049,82718283,601,+2.00
20251022,171.0,174.5,170.0,174.5,674896,116692485,833,+3.50
20251023,174.5,176.0,173.5,173.5,317647,55500908,468,-1.00
20251027,173.5,173.5,167.0,169.5,613132,103695918,11109,-4.00
20251028,172.5,173.5,170.0,170.5,418522,71773447,735,+1.00
20251029,171.5,171.5,167.0,168.0,456367,76723012,4394,-2.50
20251030,168.0,169.0,166.5,166.5,202099,33877916,369,-1.50
20251031,168.5,169.0,166.5,167.5,248797,41767258,553,+1.00
20251103,169.0,169.0,164.0,165.0,608099,100932887,3813,-2.50
20251104,165.0,165.5,160.0,161.5,525993,85291513,3048,-3.50
20251105,162.5,163.0,159.5,163.0,270284,43679635,627,+1.50
20251106,164.5,166.0,163.5,166.0,233018,38504478,309,+3.00
20251107,166.0,166.0,164.0,164.5,153005,25237156,372,-1.50
20251110,166.0,166.0,162.0,163.0,254204,41542458,959,-1.50
20251111,164.0,168.5,159.5,160.0,682940,111776776,856,-3.00
20251112,160.0,162.0,158.5,158.5,402265,64249018,900,-1.50
20251113,158.5,158.5,155.0,158.0,532442,83659315,814,-0.50
20251114,156.0,158.5,156.0,157.0,233669,36840426,361,-1.00
20251117,156.5,161.0,156.0,161.0,398363,63376756,507,+4.00
20251118,160.0,161.5,158.5,160.5,444046,71221184,914,-0.50
20251119,162.0,163.0,159.0,160.5,240344,38540371,1066, 0.00
20251120,161.5,163.0,160.5,163.0,175834,28492168,271,+2.50
20251121,163.0,164.0,158.5,163.0,373060,60623888,751, 0.00
20251124,163.0,165.5,162.5,165.0,525675,86690785,433,+2.00
20251125,165.0,167.0,164.0,167.0,253751,42057189,1033,+2.00
20251126,167.0,170.0,167.0,170.0,441196,74566654,579,+3.00
20251127,168.5,170.0,165.0,168.5,539560,90048023,4374,-1.50
20251128,168.5,171.5,166.5,171.5,432237,73630563,582,+3.00
20251201,169.5,170.0,165.0,165.5,577729,96379585,5302,-6.00
20251202,165.5,166.5,163.5,165.0,260926,42949737,365,-0.50
20251203,166.0,169.0,165.0,169.0,273600,45651915,354,+4.00
20251204,170.0,170.0,166.5,167.5,168262,28309050,342,-1.50
20251205,166.5,166.5,162.5,164.0,351960,57673277,732,-3.50
20251208,164.5,164.5,162.0,164.0,174116,28370272,339, 0.00
20251209,164.0,165.5,163.0,164.0,124224,20368393,172, 0.00
20251210,164.5,165.0,163.0,164.5,202205,33187043,231,+0.50
20251211,164.5,167.0,163.5,164.0,228352,37727572,310,-0.50
20251212,165.0,167.0,165.0,165.0,274952,45661308,331,+1.00
20251215,165.0,168.5,165.0,167.5,380681,63765941,1012,+2.50
20251216,166.0,166.5,163.0,165.5,439748,72231847,614,-2.00
20251217,165.0,167.5,165.0,165.5,217324,36133305,292, 0.00
20251218,165.0,166.5,164.0,165.5,182966,30233576,246, 0.00
20251219,166.5,170.0,166.0,167.5,938524,157739319,799,+2.00
20251222,169.0,169.5,162.5,165.0,732960,120688564,3880,-2.50
20251223,165.0,167.5,164.0,167.0,361981,60050574,374,+2.00
20251224,168.0,169.0,167.5,168.0,331565,55845311,389,+1.00
20251226,168.0,169.0,167.0,168.0,197263,33170947,526, 0.00
20251229,168.0,168.5,167.0,168.5,196452,32962234,427,+0.50
20251230,168.0,168.5,166.0,168.0,230630,38575203,1584,-0.50
20251231,168.0,168.5,166.0,168.0,197593,33038239,275, 0.00
20260102,168.5,171.0,167.0,167.5,352917,59605794,1697,-0.50
20260105,168.0,170.0,167.0,170.0,530933,89649722,591,+2.50
20260106,170.0,171.0,167.0,171.0,344172,58333509,483,+1.00
20260107,171.0,171.5,168.0,171.5,601159,102422872,1362,+0.50
20260108,172.0,179.0,172.0,177.5,979495,173043455,1285,+6.00
20260109,180.0,184.0,178.0,179.5,666976,120236162,3328,+2.00
20260112,180.0,181.5,178.5,179.5,469122,84475949,2089, 0.00
20260113,182.0,182.0,178.0,180.5,391981,70580401,539,+1.00
20260114,181.5,183.0,180.5,182.0,363577,66118641,441,+1.50
20260115,184.0,185.0,181.0,182.0,296744,54092388,909, 0.00
20260116,182.5,182.5,177.0,180.0,577290,103736308,2065,-2.00
20260119,179.5,179.5,174.0,174.0,556680,97953278,5155,-6.00
20260120,174.0,178.0,174.0,175.5,311240,54834331,441,+1.50
20260121,175.5,175.5,170.5,172.5,462746,79726049,1289,-3.00
20260122,173.0,175.0,172.5,174.5,170701,29612285,525,+2.00
20260123,175.0,175.0,172.0,173.5,195786,33924848,1136,-1.00
20260126,174.5,175.5,170.5,171.5,329975,56769434,443,-2.00
20260127,172.0,173.0,171.0,171.5,218635,37574874,297, 0.00
20260128,171.5,172.0,169.5,171.0,331742,56558726,524,-0.50
20260129,171.0,171.0,168.0,170.5,368004,62437651,433,-0.50
20260130,170.5,170.5,167.0,167.5,480037,80658594,681,-3.00
20260202,167.5,168.5,165.5,166.5,265218,44184609,411,-1.00
20260203,167.0,169.0,167.0,168.0,153473,25739712,251,+1.50
20260204,168.0,169.0,167.5,168.0,119183,20049117,186, 0.00
20260205,168.0,169.0,166.5,166.5,177415,29762443,305,-1.50
20260206,166.5,166.5,163.5,165.5,255715,42255079,394,-1.00
20260209,167.5,169.5,167.5,168.0,182812,30774741,259,+2.50
20260210,169.0,170.0,168.0,169.5,353545,59704570,556,+1.50
20260211,169.5,171.0,168.0,170.5,332508,56305202,425,+1.00
20260223,174.5,181.0,173.0,178.0,858340,152849981,1053,+7.50
20260224,179.0,179.0,172.0,174.0,553211,96098785,2890,-4.00
20260225,174.5,176.0,174.5,174.5,244492,42794897,353,+0.50
20260226,175.0,177.0,173.5,174.0,310237,54274964,404,-0.50
20260302,174.0,174.0,170.0,173.5,373426,64510633,450,-0.50
20260303,173.5,174.0,170.0,170.5,430224,73831235,615,-3.00
20260304,168.5,169.5,165.0,166.0,526546,87673900,850,-4.50
20260305,168.0,170.5,168.0,169.0,242848,41176764,347,+3.00
20260306,167.5,169.5,166.5,168.5,169382,28527929,270,-0.50
20260309,160.0,165.5,160.0,164.0,375797,61609648,660,-4.50
20260310,167.0,168.0,164.5,165.0,254645,42250441,372,+1.00
20260311,165.0,171.0,165.0,168.5,254844,43038562,519,+3.50
20260312,170.0,173.0,169.0,171.0,379959,65034021,1079,+2.50
20260313,169.5,173.0,169.5,170.5,269474,45975698,1397,-0.50
20260316,167.0,167.0,160.0,162.0,2014656,326633681,2487,-8.50
20260317,162.0,162.0,159.0,160.5,950455,152132161,1218,-1.50
20260318,161.0,161.5,154.5,156.0,1539677,242702449,2132,-4.50
20260319,155.0,155.5,152.0,152.0,1181161,180771679,1810,-4.00
20260320,152.0,156.5,152.0,156.5,2903374,452678354,902,+4.50
20260323,150.5,154.0,150.0,152.5,720317,109331823,990,-4.00
20260324,153.0,153.0,150.0,151.5,609762,92194927,774,-1.00
20260325,155.5,155.5,151.0,154.0,535117,81648596,591,+2.50
20260326,155.0,155.0,152.0,152.5,483763,74077831,463,-1.50
20260327,152.5,153.0,150.0,153.0,449221,67932135,657,+0.50
20260330,150.0,151.5,149.0,150.5,490267,73613881,633,-2.50
20260331,150.0,152.5,150.0,150.0,499909,75401031,579,-0.50
20260401,153.0,154.0,151.5,152.0,625779,95628122,932,+2.00
20260402,152.5,154.0,151.5,152.5,259226,39578044,328,+0.50
20260407,153.0,153.5,151.0,151.0,285694,43421852,560,-1.50
20260408,152.5,154.5,151.0,153.5,455447,69838097,523,+2.50
20260409,153.5,153.5,151.5,152.5,421912,64265419,664,-1.00
20260410,152.5,156.5,152.5,156.0,468866,72675424,512,+3.50
20260413,155.5,155.5,151.0,153.0,557696,85168515,680,-3.00
20260414,153.5,153.5,152.0,153.0,501033,76543162,597, 0.00
20260415,153.0,153.0,150.5,151.5,538855,81736480,718,-1.50
20260416,151.5,153.0,150.5,150.5,586058,88609764,728,-1.00
20260417,152.0,165.5,152.0,165.5,1708720,274101457,1583,+15.00
20260420,162.5,164.5,157.0,158.0,1231202,195641878,3861,-7.50
20260421,159.5,159.5,155.0,155.0,736586,115410527,982,-3.00
20260422,154.5,156.5,154.5,154.5,517493,80383794,614,-0.50
20260423,155.0,157.0,152.5,155.0,733812,113783710,769,+0.50
20260424,156.0,156.0,152.5,153.0,363839,55930613,691,-2.00
20260427,153.0,156.5,151.5,151.5,792060,121740648,873,-1.50
20260428,151.5,154.5,151.5,152.5,766943,117420654,528,+1.00
20260429,153.5,158.0,151.5,154.5,2238508,346020381,1306,+2.00
20260430,156.5,157.0,152.0,157.0,809202,124724517,989,+2.50
20260504,154.5,154.5,152.0,153.5,797789,122082301,998,-3.50
20260505,153.5,154.5,152.0,152.5,521081,79772771,552,-1.00
20260506,153.0,157.0,152.5,155.5,1265895,196012987,941,+3.00
20260507,154.5,157.5,153.5,156.0,1073051,167368901,825,+0.50
20260508,157.0,157.5,154.5,156.0,927146,144428312,620, 0.00
20260511,156.0,161.5,156.0,160.0,783756,124646370,860,+4.00
20260512,161.0,164.0,160.5,162.5,924482,150121440,998,+2.50
20260513,163.0,163.5,159.5,161.0,576136,92584349,758,-1.50
20260514,159.5,160.5,158.0,158.0,415887,66103576,669,-3.00
20260515,158.0,164.0,157.0,162.5,952451,153751562,1119,+4.50
20260518,162.0,165.0,161.5,162.5,749778,122641465,835, 0.00
20260519,162.5,165.0,162.5,162.5,628542,102855019,661, 0.00
20260520,162.0,162.5,160.5,160.5,405056,65425438,536,-2.00
20260521,160.5,164.0,160.5,162.5,373228,60440581,478,+2.00
20260522,163.5,165.5,162.0,163.5,835603,137094716,774,+1.00
20260525,165.0,165.0,160.5,161.0,548762,88663541,694,-2.50
20260526,161.0,161.0,156.5,157.5,836017,131674952,2941,-3.50
20260527,157.5,160.0,156.5,157.5,614710,97064595,698, 0.00
20260528,158.0,159.5,155.0,157.0,509683,80072898,702,-0.50
20260529,158.5,166.0,157.0,166.0,1330536,215889242,863,+9.00
20260601,164.5,169.0,163.5,166.5,1026549,170060626,1149,+0.50
20260602,168.0,180.0,166.5,173.5,3924400,684768168,3712,+7.00
20260603,175.0,181.5,174.0,176.0,3640235,647072367,4622,+2.50
20260604,175.5,182.0,172.5,179.5,3319072,595162043,3322,+3.50
20260605,178.0,186.5,178.0,184.5,3810246,702527787,4068,+5.00
20260608,181.0,189.5,178.0,184.5,4267259,791491111,10060, 0.00
20260609,184.0,191.0,184.0,191.0,3285796,621066871,4109,+6.50
20260610,191.5,200.0,188.5,195.0,4273674,835817597,6932,+4.00
20260611,197.0,205.0,196.0,204.0,3833964,774066965,9128,+9.00
20260612,200.0,200.0,187.5,190.5,1809152,351577712,12504,-13.50
20260615,190.5,190.5,181.5,190.5,1485486,277404102,1784, 0.00
20260616,190.0,190.0,184.5,187.5,732907,136492305,1299,-3.00
20260617,185.0,186.5,183.0,183.5,843711,155277093,1260,-4.00
20260618,172.0,178.5,172.0,178.0,794034,139715606,1208,X0.00
20260622,176.5,176.5,173.5,173.5,551366,96313572,935,-4.50
20260623,174.5,175.5,173.0,175.5,445285,77618816,620,+2.00
20260624,173.0,173.0,170.0,171.0,405603,69363888,1216,-4.50
20260625,171.5,172.5,169.0,170.0,338052,57668237,524,-1.00
20260626,169.0,169.0,164.0,164.0,514561,85411987,847,-6.00
20260629,166.5,166.5,163.5,163.5,247154,40634978,406,-0.50
20260630,165.0,165.5,160.5,163.5,403640,65565458,700, 0.00
20260701,165.0,173.0,162.5,171.0,622257,104780635,1050,+7.50
20260702,171.5,172.0,168.5,169.0,228940,38872863,948,-2.00
20260703,168.0,170.0,167.0,170.0,247751,41755754,1429,+1.00
20260706,169.5,171.5,168.0,171.0,423969,71976371,531,+1.00
20260707,171.0,171.5,167.0,167.0,245994,41556624,398,-4.00
20260708,167.5,168.5,166.0,167.0,199573,33315694,276, 0.00
