date,open,high,low,close,volume,turnover,transactions,price_change
20161027,20.6,24.8,20.5,24.05,79716801,1762148850,26176,X0.00
20161028,24.5,24.5,22.05,22.15,49799509,1150206748,20184,-1.90
20161031,21.8,21.8,20.65,20.85,20287411,426853504,7930,-1.30
20161101,20.8,21.2,20.1,20.4,13016520,270558774,5570,-0.45
20161102,20.0,20.05,19.0,19.05,19289510,373167831,7994,-1.35
20161103,19.15,20.0,19.15,19.6,10086548,197745413,4585,+0.55
20161104,19.6,19.6,19.2,19.35,4551205,88126292,2089,-0.25
20161107,19.35,19.4,19.1,19.2,6248331,119784034,2787,-0.15
20161108,19.1,19.45,19.1,19.1,3767780,72278287,1656,-0.10
20161109,19.1,19.2,18.2,18.45,14353745,265831967,5339,-0.65
20161110,18.7,18.95,18.5,18.6,5802598,108427775,2373,+0.15
20161111,18.4,18.5,18.15,18.2,5445900,99165366,2154,-0.40
20161114,18.2,18.6,18.2,18.5,3097917,57007107,1424,+0.30
20161115,18.5,18.65,18.35,18.5,2390376,44298945,1085, 0.00
20161116,18.65,19.2,18.6,18.95,4346156,82464586,2094,+0.45
20161117,19.05,19.05,18.75,18.75,2019568,38045345,1168,-0.20
20161118,18.8,18.95,18.65,18.8,2071003,38996082,1076,+0.05
20161121,18.85,18.9,18.7,18.75,2171960,40820224,981,-0.05
20161122,18.8,18.8,18.7,18.75,2529675,47429707,1082, 0.00
20161123,18.75,18.8,18.6,18.65,2775450,51822828,1313,-0.10
20161124,19.0,19.2,18.9,19.0,6059205,115363795,2853,+0.35
20161125,19.0,19.0,18.8,18.8,2623900,49497920,1428,-0.20
20161128,18.8,18.85,18.65,18.75,2697280,50614913,1182,-0.05
20161129,18.75,19.15,18.7,19.0,3676046,69618602,1433,+0.25
20161130,19.05,19.2,19.0,19.05,2546522,48536318,1020,+0.05
20161201,19.15,19.2,19.0,19.05,2528882,48232746,1380, 0.00
20161202,19.05,19.05,18.85,18.9,1448564,27448570,732,-0.15
20161205,18.9,19.05,18.9,19.0,2111109,40102171,955,+0.10
20161206,19.0,19.0,18.8,18.9,2875700,54308438,1571,-0.10
20161207,18.85,18.95,18.8,18.85,1644037,30996022,707,-0.05
20161208,18.9,19.0,18.85,18.9,2304843,43615887,790,+0.05
20161209,19.1,19.15,18.9,18.95,2128500,40442281,918,+0.05
20161212,18.95,19.0,18.75,18.75,2557718,48151433,953,-0.20
20161213,18.85,18.9,18.7,18.7,2739701,51390329,1168,-0.05
20161214,18.7,18.8,18.65,18.7,1256560,23532010,544, 0.00
20161215,18.65,18.7,18.6,18.65,2351800,43823700,936,-0.05
20161216,18.65,18.65,18.3,18.5,5472521,100874872,2027,-0.15
20161219,18.45,18.5,18.2,18.25,2134350,39061490,1019,-0.25
20161220,18.25,18.4,18.2,18.25,1685955,30806468,770, 0.00
20161221,18.3,18.5,18.3,18.45,1856163,34165444,801,+0.20
20161222,18.4,18.45,18.2,18.2,2620039,47814556,899,-0.25
20161223,18.2,18.3,18.15,18.25,1607880,29322001,719,+0.05
20161226,18.35,18.4,18.25,18.35,1365924,25016893,526,+0.10
20161227,18.35,18.4,18.3,18.35,1098396,20154635,572, 0.00
20161228,18.35,18.4,18.3,18.35,1205900,22121554,523, 0.00
20161229,18.3,18.4,18.3,18.35,1009087,18509297,498, 0.00
20161230,18.3,18.45,18.3,18.4,1839367,33813622,791,+0.05
20170103,18.4,19.0,18.4,18.85,4731840,88870527,1832,+0.45
20170104,18.85,18.85,18.65,18.8,7970370,148774338,925,-0.05
20170105,18.85,19.7,18.85,19.2,13423711,258979728,4794,+0.40
20170106,19.2,19.4,19.2,19.4,5951855,115040984,2021,+0.20
20170109,19.5,19.5,19.15,19.25,8186421,157643033,2024,-0.15
20170110,19.25,19.4,19.25,19.3,4641251,89551812,1309,+0.05
20170111,19.35,19.4,19.2,19.25,2894930,55875299,1162,-0.05
20170112,19.25,19.3,19.15,19.3,3776474,72548913,1226,+0.05
20170113,19.3,19.4,19.3,19.35,7893946,152532645,2011,+0.05
20170116,19.4,19.45,19.25,19.35,3911403,75599762,1232, 0.00
20170117,19.35,19.4,19.25,19.3,3601018,69547191,977,-0.05
20170118,19.3,19.35,19.05,19.15,4844207,92747647,1389,-0.15
20170119,19.2,19.2,19.0,19.0,1967067,37483072,786,-0.15
20170120,19.0,19.05,18.95,19.0,2987952,56748388,913, 0.00
20170123,19.0,19.15,19.0,19.1,3544513,67628247,1000,+0.10
20170124,19.1,19.15,19.05,19.1,3378049,64540129,1125, 0.00
20170202,19.15,19.25,19.0,19.0,4536202,86559888,1631,-0.10
20170203,19.0,19.2,19.0,19.1,4527255,86430660,1448,+0.10
20170206,19.2,19.2,19.05,19.2,4055601,77552767,1332,+0.10
20170207,19.2,19.35,19.1,19.3,6025665,115964432,1990,+0.10
20170208,19.35,19.75,19.3,19.65,11251466,220268758,3578,+0.35
20170209,19.7,19.8,19.55,19.65,7417060,145585580,3337, 0.00
20170210,19.45,19.55,19.15,19.35,8347130,161769374,3031,-0.30
20170213,19.35,19.45,19.25,19.4,3974998,76970473,1524,+0.05
20170214,19.45,19.5,19.35,19.5,4605840,89548973,1656,+0.10
20170215,19.5,19.6,19.4,19.55,4424674,86516262,1987,+0.05
20170216,19.65,19.65,19.5,19.6,3739059,73196120,1739,+0.05
20170217,19.6,20.0,19.6,19.9,8197981,162832830,2995,+0.30
20170218,19.9,19.95,19.8,19.85,2720649,54051992,1069,-0.05
20170220,19.95,20.0,19.85,19.95,4036550,80459008,1522,+0.10
20170221,19.95,20.5,19.95,20.5,14446266,293651989,4900,+0.55
20170222,20.6,21.85,20.6,21.45,27909520,594640238,9654,+0.95
20170223,21.5,21.6,21.0,21.2,10750298,228201036,4437,-0.25
20170224,21.1,21.6,21.0,21.55,10458035,223551102,3619,+0.35
20170301,21.6,21.7,21.2,21.4,6080011,130157442,2488,-0.15
20170302,21.45,21.55,20.7,21.0,10388167,218721807,3738,-0.40
20170303,21.05,21.3,21.0,21.15,4222847,89223088,1913,+0.15
20170306,21.35,21.45,21.2,21.25,4173512,88872942,1928,+0.10
20170307,21.2,21.25,21.0,21.1,3869098,81654296,1798,-0.15
20170308,21.1,21.25,21.05,21.05,3570258,75260156,1486,-0.05
20170309,21.0,21.15,20.8,21.15,5803696,121586889,2273,+0.10
20170310,21.0,21.15,20.6,21.1,4886519,102206099,1740,-0.05
20170313,20.8,21.05,20.8,20.85,3615333,75530942,1814,-0.25
20170314,20.75,20.85,20.65,20.85,4030278,83721996,1644, 0.00
20170315,20.75,20.85,20.65,20.85,3685642,76414907,1548, 0.00
20170316,20.85,21.35,20.8,21.25,8736403,184795538,3012,+0.40
20170317,21.25,21.3,21.05,21.2,3147159,66584089,1456,-0.05
20170320,21.2,21.2,20.95,21.0,2199664,46287147,1032,-0.20
20170321,21.0,21.1,20.95,20.95,3441688,72247998,1450,-0.05
20170322,20.8,21.1,20.7,21.1,4303514,90031618,1652,+0.15
20170323,21.1,21.1,20.9,20.95,2364221,49609480,1078,-0.15
20170324,21.0,21.05,20.85,21.0,2060433,43182155,849,+0.05
20170327,21.0,21.0,20.85,20.85,2079642,43494070,878,-0.15
20170328,20.8,20.95,20.75,20.8,2717644,56600902,1081,-0.05
20170329,20.85,21.25,20.85,21.1,7134642,150820732,2228,+0.30
20170330,21.3,21.5,21.2,21.4,7922846,169338550,2999,+0.30
20170331,21.45,21.5,21.3,21.35,3869172,82720805,1692,-0.05
20170405,21.5,21.6,21.3,21.4,6763542,144986399,2827,+0.05
20170406,21.6,22.0,21.45,21.75,12372370,269397337,3799,+0.35
20170407,21.85,21.85,21.5,21.7,4086240,88522886,1721,-0.05
20170410,21.7,21.75,21.4,21.45,4082401,87770408,1691,-0.25
20170411,21.45,21.7,21.4,21.45,3983209,85669039,1546, 0.00
20170412,21.4,21.5,21.3,21.3,3508492,75058800,1463,-0.15
20170413,21.35,21.8,21.3,21.6,7012243,151186960,2571,+0.30
20170414,21.6,21.6,21.3,21.4,5743831,122945132,1793,-0.20
20170417,21.4,21.45,21.25,21.45,3161562,67647981,1314,+0.05
20170418,21.5,22.2,21.5,22.2,24729964,543923485,6436,+0.75
20170419,22.15,22.35,21.85,22.25,13045787,288975579,3999,+0.05
20170420,22.25,23.15,22.15,23.0,20433228,465125231,6654,+0.75
20170421,23.0,23.1,22.6,22.9,12551523,287458359,3937,-0.10
20170424,22.9,23.0,22.75,22.95,6228340,142246604,2674,+0.05
20170425,23.0,23.15,22.85,22.85,4780005,109672682,2035,-0.10
20170426,22.85,23.0,22.7,22.95,4970531,113645667,2240,+0.10
20170427,22.95,23.0,22.8,23.0,3853380,88295191,1659,+0.05
20170428,23.0,23.5,22.95,23.35,10002810,233302915,3604,+0.35
20170502,23.4,23.9,23.4,23.75,10901864,257997858,3693,+0.40
20170503,23.8,23.9,23.45,23.45,7409234,174693067,2950,-0.30
20170504,23.5,23.6,23.15,23.25,6914453,161255921,2265,-0.20
20170505,23.35,23.4,23.15,23.15,5661000,131552742,2079,-0.10
20170508,23.2,23.35,22.9,23.15,5608636,129400147,2145, 0.00
20170509,23.15,23.6,23.1,23.35,9604046,223878009,2854,+0.20
20170510,23.35,23.65,23.3,23.6,7734929,181783028,1979,+0.25
20170511,23.6,23.8,23.55,23.8,11322338,268261348,2913,+0.20
20170512,23.8,23.95,23.75,23.85,7080561,168726988,2475,+0.05
20170515,23.9,23.9,23.6,23.7,8904501,211195612,3080,-0.15
20170516,23.7,23.95,22.75,22.95,31430816,733029959,7518,-0.75
20170517,22.8,23.4,22.7,23.1,14839510,341791422,5291,+0.15
20170518,22.95,23.85,22.85,23.45,16924235,396020103,5459,+0.35
20170519,23.6,23.8,23.4,23.8,10215216,241474107,4419,+0.35
20170522,23.9,23.95,23.65,23.7,5441689,129366924,2391,-0.10
20170523,23.7,24.55,23.65,24.3,25409637,613535653,7577,+0.60
20170524,24.2,24.4,23.85,23.9,14439025,348094183,4814,-0.40
20170525,23.85,24.0,23.5,23.5,14121989,334282583,4966,-0.40
20170526,23.6,24.2,23.55,23.6,17501752,417344987,5149,+0.10
20170531,23.85,25.4,23.65,25.4,134533870,3376012550,14030,+1.80
20170601,25.2,27.5,25.2,26.35,65951214,1722204171,19132,+0.95
20170602,26.5,27.2,26.1,26.45,26722714,711551222,8938,+0.10
20170603,26.75,26.8,26.2,26.3,7654662,201774502,2871,-0.15
20170605,26.4,26.5,25.85,26.1,16368606,426897706,5474,-0.20
20170606,26.2,26.35,26.05,26.1,8936322,233499572,3022, 0.00
20170607,26.15,26.75,26.15,26.35,14465327,382346727,4737,+0.25
20170608,26.5,26.5,26.05,26.2,9373860,245348325,3265,-0.15
20170609,26.2,26.3,25.8,25.8,10089478,261875558,3711,-0.40
20170612,25.65,25.8,25.2,25.2,12902141,327518346,4315,-0.60
20170613,25.4,26.15,25.4,25.7,12519019,323421725,4036,+0.50
20170614,25.8,25.95,25.2,25.5,11246141,285765289,3903,-0.20
20170615,25.45,25.75,25.25,25.6,7860498,199755445,2684,+0.10
20170616,25.65,26.2,25.4,25.95,20758008,538577988,5585,+0.35
20170619,25.95,26.0,25.55,25.6,9038606,232030515,2724,-0.35
20170620,25.6,25.85,25.5,25.55,6728541,172482798,2123,-0.05
20170621,25.55,25.55,25.3,25.35,9511612,241240488,3527,-0.20
20170622,25.35,25.5,25.25,25.45,6190003,157268166,1645,+0.10
20170623,25.45,25.6,25.1,25.15,8038084,203163198,2541,-0.30
20170626,25.15,25.45,25.15,25.35,6219801,157537898,2394,+0.20
20170627,25.4,25.45,25.25,25.3,4368840,110544497,1397,-0.05
20170628,25.3,25.65,25.2,25.45,6464693,164312524,2212,+0.15
20170629,25.6,25.6,25.3,25.35,4222708,107169487,1524,-0.10
20170630,25.35,25.5,25.25,25.45,3889105,98832559,1258,+0.10
20170703,25.5,25.5,25.3,25.35,3564576,90390336,1011,-0.10
20170704,25.3,25.4,25.2,25.2,4134614,104574871,1437,-0.15
20170705,25.2,25.7,25.2,25.6,9243983,235800456,2769,+0.40
20170706,25.6,25.65,25.2,25.25,8095937,204890245,2998,-0.35
20170707,25.2,25.3,25.15,25.25,3683976,92840432,1829, 0.00
20170710,25.25,25.3,25.0,25.05,4914778,123380722,1736,-0.20
20170711,25.1,25.3,25.1,25.3,3426887,86500039,1232,+0.25
20170712,25.25,25.3,25.15,25.25,3364758,84866249,1155,-0.05
20170713,25.25,25.5,25.2,25.45,5502060,139729763,2093,+0.20
20170714,25.5,25.65,25.35,25.65,7388699,189047166,2602,+0.20
20170717,25.8,26.15,25.75,26.0,9313828,241678778,3517,+0.35
20170718,26.0,26.15,25.75,26.15,9368501,244016393,2816,+0.15
20170719,26.25,26.25,26.0,26.15,7528670,196914721,2668, 0.00
20170720,26.15,26.2,26.0,26.2,5601935,146388589,2500,+0.05
20170721,26.25,26.25,26.0,26.05,4270251,111453247,1495,-0.15
20170724,26.0,26.0,25.85,25.85,3737838,96819951,1632,-0.20
20170725,25.85,26.05,25.85,26.0,3899113,101162572,957,+0.15
20170726,26.0,26.05,25.9,26.0,5689196,147849475,1584, 0.00
20170727,26.0,26.05,25.85,26.0,6863479,178277654,1866, 0.00
20170728,26.0,26.2,25.85,26.0,10103670,263037570,2160, 0.00
20170731,26.0,26.05,25.85,26.05,8226667,213562292,2284,+0.05
20170801,25.4,25.65,25.4,25.6,7999479,204192260,2401,X0.00
20170802,25.6,25.65,25.45,25.55,4893817,125052560,2071,-0.05
20170803,25.45,25.5,25.2,25.4,5965344,151060777,1966,-0.15
20170804,25.3,25.35,25.1,25.2,5011166,126287588,1790,-0.20
20170807,25.35,25.55,25.35,25.5,5853850,149159016,1773,+0.30
20170808,25.5,25.5,25.3,25.35,2692194,68370123,1116,-0.15
20170809,25.25,25.45,25.25,25.4,4524900,114747058,2023,+0.05
20170810,25.3,25.4,24.75,25.0,8833387,220951349,2799,-0.40
20170811,24.6,25.5,24.6,25.0,4978952,124478091,1740, 0.00
20170814,25.0,25.15,24.8,25.0,5534738,138424200,2012, 0.00
20170815,25.1,25.3,25.05,25.1,2963790,74514119,1318,+0.10
20170816,25.05,25.3,25.05,25.2,3934220,99147207,1841,+0.10
20170817,25.25,25.3,25.15,25.3,3922105,99092739,2179,+0.10
20170818,25.2,25.25,25.1,25.15,3803399,95672525,1910,-0.15
20170821,25.2,26.5,25.2,26.45,30045667,783254923,8820,+1.30
20170822,26.6,26.85,26.1,26.1,15285078,401752617,5083,-0.35
20170823,26.15,26.3,25.85,25.9,7647096,198669474,2876,-0.20
20170824,25.9,26.2,25.9,26.15,9725063,253681281,4362,+0.25
20170825,26.2,26.25,25.85,26.0,6464104,168411054,3110,-0.15
20170828,26.0,26.25,25.9,25.95,5435623,141364045,2193,-0.05
20170829,26.0,26.1,25.85,25.9,4374224,113378003,2259,-0.05
20170830,26.05,26.4,25.9,26.3,9666754,253215896,3434,+0.40
20170831,26.45,26.7,26.1,26.6,15958314,421691792,4580,+0.30
20170901,26.6,26.6,26.1,26.4,11948258,314757301,4985,-0.20
20170904,26.25,26.25,26.0,26.05,8242212,215048314,3061,-0.35
20170905,26.1,26.25,25.95,26.05,6821425,177659308,2734, 0.00
20170906,26.05,26.05,25.5,25.6,11201447,288503853,4463,-0.45
20170907,25.6,25.75,25.3,25.3,9777440,249346087,3598,-0.30
20170908,25.5,25.65,25.3,25.65,10915019,277850031,3406,+0.35
20170911,25.75,25.75,25.35,25.45,6445733,164423658,2936,-0.20
20170912,25.5,25.55,25.35,25.4,7569840,192505764,4524,-0.05
20170913,25.45,25.5,25.15,25.15,9956365,251397063,4127,-0.25
20170914,25.1,25.35,25.1,25.35,5693066,143910614,2142,+0.20
20170915,25.3,25.4,25.15,25.35,67348737,1706671998,3715, 0.00
20170918,25.4,25.65,25.35,25.65,5608732,143175892,2798,+0.30
20170919,25.65,25.65,25.2,25.2,3771263,95513097,1436,-0.45
20170920,25.2,25.25,25.05,25.15,3926715,98636571,1181,-0.05
20170921,25.1,25.25,25.1,25.1,2254213,56742261,1022,-0.05
20170922,25.1,25.15,25.0,25.0,3395109,85079220,1602,-0.10
20170925,25.0,25.05,24.2,24.55,6659954,163882909,2697,-0.45
20170926,24.55,25.3,24.35,24.8,4577863,113586197,1738,+0.25
20170927,24.8,24.8,24.5,24.55,3612439,88999264,1895,-0.25
20170928,24.55,24.65,24.05,24.1,6772690,164629650,2474,-0.45
20170929,24.1,24.25,23.55,24.05,8795217,209974019,2995,-0.05
20170930,24.0,24.2,24.0,24.1,1658651,40012834,610,+0.05
20171002,24.25,24.5,24.1,24.2,3104950,75407181,1615,+0.10
20171003,24.2,24.45,24.1,24.35,2257099,54852764,1221,+0.15
20171005,24.35,24.5,24.25,24.35,2196167,53557571,996, 0.00
20171006,24.35,24.9,24.25,24.6,4537461,111753929,1744,+0.25
20171011,24.85,25.0,24.7,24.9,6675618,165975600,2443,+0.30
20171012,24.75,24.8,24.6,24.65,3050510,75207294,1480,-0.25
20171013,24.65,24.65,24.3,24.3,3514680,85719734,1687,-0.35
20171016,24.25,24.75,24.25,24.7,4619575,113538047,1454,+0.40
20171017,24.75,24.8,24.4,24.45,2422787,59421481,878,-0.25
20171018,24.45,24.55,24.35,24.55,1927187,47137826,976,+0.10
20171019,24.45,24.45,24.3,24.3,2093783,50985017,999,-0.25
20171020,24.25,24.4,24.2,24.3,1525026,37072975,626, 0.00
20171023,24.5,24.5,24.3,24.3,1644501,40114669,698, 0.00
20171024,24.3,24.75,24.25,24.6,11265095,277577177,1816,+0.30
20171025,24.6,24.65,24.4,24.4,2174945,53333095,813,-0.20
20171026,24.4,24.5,24.4,24.4,1409451,34451860,573, 0.00
20171027,24.4,24.55,24.3,24.35,1929290,47050216,826,-0.05
20171030,24.3,24.45,24.15,24.15,2363447,57262084,1016,-0.20
20171031,24.15,24.2,24.1,24.1,1977550,47734807,1102,-0.05
20171101,24.15,24.2,24.05,24.1,2078321,50137492,823, 0.00
20171102,24.1,24.15,24.0,24.0,2355064,56608987,1032,-0.10
20171103,24.0,24.2,24.0,24.15,1265321,30473247,519,+0.15
20171106,24.1,24.3,24.05,24.1,1884101,45466246,778,-0.05
20171107,24.1,24.2,24.0,24.0,2487400,59817250,1035,-0.10
20171108,24.0,24.0,23.85,23.85,4309844,103160245,2272,-0.15
20171109,23.85,24.0,23.85,23.95,2473858,59145339,1077,+0.10
20171110,23.95,23.95,23.7,23.8,2660936,63310665,1180,-0.15
20171113,23.8,23.85,23.65,23.65,2156560,51143376,1018,-0.15
20171114,23.65,23.75,23.6,23.65,1941765,45957292,1003, 0.00
20171115,23.65,23.7,23.5,23.55,2507257,59092621,1238,-0.10
20171116,23.55,23.55,23.35,23.35,4616211,108111152,1978,-0.20
20171117,23.4,23.45,23.3,23.35,2494656,58303260,1074, 0.00
20171120,23.3,23.35,23.0,23.0,5843424,134715335,2487,-0.35
20171121,23.0,23.75,23.0,23.5,5873198,137277591,2106,+0.50
20171122,23.6,24.1,23.6,23.85,7107105,169775432,3163,+0.35
20171123,23.95,24.05,23.7,23.75,1992337,47480793,1125,-0.10
20171124,23.7,23.8,23.7,23.7,2155906,51175343,1063,-0.05
20171127,23.7,23.95,23.6,23.6,1792270,42477560,823,-0.10
20171128,23.6,23.7,23.5,23.5,1773793,41790498,924,-0.10
20171129,23.6,23.6,23.45,23.55,1825354,42936377,839,+0.05
20171130,23.6,24.0,23.5,24.0,7435317,177297158,1675,+0.45
20171201,24.05,24.1,23.5,23.65,2859118,67692788,1322,-0.35
20171204,23.65,23.75,23.5,23.65,1384045,32648157,691, 0.00
20171205,23.65,23.7,23.45,23.55,2532850,59625956,1103,-0.10
20171206,23.35,23.55,23.25,23.35,2057609,48063374,972,-0.20
20171207,23.35,23.35,23.15,23.15,1961700,45539494,946,-0.20
20171208,23.15,23.25,23.1,23.25,2621677,60812368,1251,+0.10
20171211,23.25,23.35,23.15,23.15,1913193,44413440,966,-0.10
20171212,23.15,23.25,23.05,23.1,1986677,45958815,1147,-0.05
20171213,23.05,23.55,23.05,23.55,2427318,56647229,1201,+0.45
20171214,23.6,23.6,23.4,23.5,1268904,29817790,618,-0.05
20171215,23.5,23.7,23.3,23.7,3195184,75296366,836,+0.20
20171218,23.75,23.75,23.5,23.5,1558785,36780877,965,-0.20
20171219,23.5,23.55,23.3,23.3,1249531,29170727,644,-0.20
20171220,23.35,23.4,23.3,23.4,791516,18486515,417,+0.10
20171221,23.4,23.4,23.3,23.35,1042550,24368237,433,-0.05
20171222,23.35,23.4,23.25,23.25,1241689,28893702,629,-0.10
20171225,23.25,23.4,23.25,23.35,1048399,24503282,647,+0.10
20171226,23.25,23.35,23.2,23.25,1099285,25568535,467,-0.10
20171227,23.25,23.35,23.25,23.3,2216832,51598228,629,+0.05
20171228,23.3,23.65,23.3,23.6,2879944,67715675,1200,+0.30
20171229,23.6,23.65,23.4,23.5,3475176,81649631,1019,-0.10
20180102,23.55,23.9,23.5,23.65,2396750,56762022,957,+0.15
20180103,23.65,23.8,23.65,23.7,2505721,59381863,900,+0.05
20180104,23.75,23.75,23.6,23.7,1668734,39494566,673, 0.00
20180105,23.8,23.8,23.55,23.65,1915166,45254728,1060,-0.05
20180108,23.65,23.7,23.55,23.6,1789690,42283782,980,-0.05
20180109,23.6,23.7,23.55,23.7,1790124,42304778,804,+0.10
20180110,23.7,23.8,23.6,23.8,2760753,65561764,1134,+0.10
20180111,23.8,23.8,23.6,23.7,2062921,48828412,1013,-0.10
20180112,23.8,23.9,23.7,23.75,3351782,79712315,1468,+0.05
20180115,23.8,23.8,23.7,23.8,1996693,47435331,884,+0.05
20180116,23.8,23.8,23.7,23.8,2189502,52019644,1149, 0.00
20180117,23.8,24.0,23.8,24.0,4642374,111047776,2441,+0.20
20180118,24.0,24.05,23.9,23.95,3367151,80729574,1398,-0.05
20180119,23.95,23.95,23.8,23.85,2253096,53709543,966,-0.10
20180122,23.8,23.85,23.7,23.8,1833981,43578338,850,-0.05
20180123,23.75,23.85,23.7,23.85,1598525,38023908,895,+0.05
20180124,23.85,23.85,23.7,23.85,1867357,44434907,659, 0.00
20180125,23.85,23.9,23.8,23.85,2526500,60261771,1086, 0.00
20180126,23.85,23.95,23.8,23.9,2837849,67711730,1094,+0.05
20180129,23.95,23.95,23.8,23.85,2155230,51440786,1224,-0.05
20180130,23.85,23.85,23.65,23.65,2111900,50059173,1010,-0.20
20180131,23.6,23.85,23.5,23.85,2800456,66494714,1092,+0.20
20180201,23.85,23.85,23.7,23.75,900440,21390212,469,-0.10
20180202,23.6,23.7,23.55,23.55,1711400,40418905,720,-0.20
20180205,23.35,23.45,23.2,23.3,1881387,43871244,1153,-0.25
20180206,23.0,23.05,22.15,22.35,8885290,200293670,3812,-0.95
20180207,22.0,22.75,22.0,22.35,5618473,126222002,2727, 0.00
20180208,22.4,22.55,22.15,22.3,2302201,51272788,1065,-0.05
20180209,21.55,22.0,21.4,21.85,4222775,91639702,1898,-0.45
20180212,21.85,21.95,21.8,21.85,3644859,79752088,1606, 0.00
20180221,22.15,22.65,22.0,22.65,3461132,77737573,1781,+0.80
20180222,22.65,22.9,22.5,22.7,2289302,51883368,1236,+0.05
20180223,22.7,22.8,22.6,22.75,2983601,67626998,1590,+0.05
20180226,22.8,22.9,22.6,22.65,2249750,51212348,1342,-0.10
20180227,22.85,22.85,22.65,22.65,2345791,53313225,867, 0.00
20180301,22.45,22.8,22.4,22.65,2166731,48991336,1263, 0.00
20180302,22.45,22.7,22.35,22.55,2441300,54860121,1379,-0.10
20180305,22.45,22.55,22.2,22.2,3094000,69168391,1551,-0.35
20180306,22.45,22.45,22.25,22.25,1269280,28349112,658,+0.05
20180307,22.25,22.45,22.25,22.35,2270849,50823561,1055,+0.10
20180308,22.35,22.5,22.35,22.45,1669711,37431278,940,+0.10
20180309,22.45,22.55,22.45,22.45,1778359,39991372,648, 0.00
20180312,22.5,22.6,22.45,22.6,2001444,45107568,831,+0.15
20180313,22.55,22.75,22.55,22.75,1869703,42408186,991,+0.15
20180314,22.75,22.9,22.75,22.8,2486171,56741963,997,+0.05
20180315,22.8,22.9,22.75,22.75,1139691,26001665,614,-0.05
20180316,22.75,22.9,22.7,22.9,4051054,92587671,1309,+0.15
20180319,22.9,22.95,22.8,22.85,1458510,33384485,1015,-0.05
20180320,22.75,22.85,22.7,22.8,1478215,33659795,819,-0.05
20180321,22.8,22.85,22.7,22.8,919609,20942485,474, 0.00
20180322,22.8,22.8,22.7,22.75,1994188,45390925,876,-0.05
20180323,22.5,22.55,22.4,22.45,2542228,57152175,1358,-0.30
20180326,22.45,22.6,22.4,22.6,1662569,37408030,915,+0.15
20180327,22.65,22.7,22.55,22.55,1274398,28821607,802,-0.05
20180328,22.55,22.6,22.45,22.45,931637,20960819,574,-0.10
20180329,22.6,22.6,22.3,22.3,2778811,62101417,1592,-0.15
20180330,22.35,22.65,22.35,22.6,1761059,39657167,704,+0.30
20180331,22.6,22.6,22.4,22.4,668950,15003261,339,-0.20
20180402,22.4,22.5,22.35,22.4,1145001,25676668,526, 0.00
20180403,22.35,22.45,22.3,22.45,2835499,63499196,1309,+0.05
20180409,22.45,22.5,22.35,22.5,1691248,37930122,794,+0.05
20180410,22.45,22.65,22.35,22.55,1437232,32374072,894,+0.05
20180411,22.55,22.7,22.55,22.6,1493625,33784237,763,+0.05
20180412,22.7,22.85,22.6,22.85,2230701,50702548,1111,+0.25
20180413,22.85,22.9,22.8,22.85,1926899,44052927,974, 0.00
20180416,22.85,22.9,22.7,22.8,1224558,27879235,597,-0.05
20180417,22.85,23.3,22.85,23.2,5988953,138544793,2287,+0.40
20180418,23.3,23.4,22.95,23.0,2548451,58836460,1285,-0.20
20180419,22.9,23.2,22.9,23.1,2159296,49880184,1270,+0.10
20180420,23.1,23.1,22.95,23.05,1466412,33749939,714,-0.05
20180423,23.0,23.0,22.7,22.7,2141599,48864884,1058,-0.35
20180424,22.75,22.8,22.5,22.55,2954541,66775128,1113,-0.15
20180425,22.5,22.6,22.4,22.6,1704445,38393069,1036,+0.05
20180426,22.65,22.75,22.5,22.5,2273800,51468055,1219,-0.10
20180427,22.5,22.75,22.5,22.7,2553012,57749763,1010,+0.20
20180430,22.7,22.85,22.65,22.8,2926252,66626464,739,+0.10
20180502,22.8,22.85,22.75,22.85,2542185,58039518,1370,+0.05
20180503,22.6,22.7,22.5,22.5,1875915,42406362,1137,-0.35
20180504,22.45,22.55,22.4,22.45,1671400,37547295,872,-0.05
20180507,22.55,22.55,22.35,22.4,1241600,27829096,675,-0.05
20180508,22.35,22.45,22.3,22.35,1728356,38673718,1068,-0.05
20180509,22.35,22.45,22.3,22.4,2152237,48208711,1160,+0.05
20180510,22.4,22.4,22.3,22.3,1868324,41731801,866,-0.10
20180511,22.5,22.85,22.5,22.85,3192076,72645768,1399,+0.55
20180514,23.1,23.35,22.85,23.35,5226877,120816336,1828,+0.50
20180515,23.5,23.65,23.4,23.4,6503776,152860756,2955,+0.05
20180516,23.5,23.5,23.3,23.4,2536330,59268685,1434, 0.00
20180517,23.5,23.5,23.35,23.4,2808723,65835313,1273, 0.00
20180518,23.5,23.6,23.4,23.5,2393948,56317123,1129,+0.10
20180521,23.65,23.8,23.65,23.8,3743490,88916171,1813,+0.30
20180522,23.8,23.85,23.65,23.7,2550745,60614146,1271,-0.10
20180523,23.6,23.9,23.6,23.75,2974903,70679634,1507,+0.05
20180524,23.8,24.0,23.75,23.95,4299745,102782148,1773,+0.20
20180525,23.9,24.0,23.8,23.95,5395817,129099908,2046, 0.00
20180528,23.95,24.0,23.75,23.95,2347553,56146807,1108, 0.00
20180529,23.95,24.0,23.85,23.9,1937805,46296190,1009,-0.05
20180530,23.85,23.85,23.4,23.5,4789814,112882573,2437,-0.40
20180531,23.5,23.85,23.1,23.15,21581269,501608568,3077,-0.35
20180601,23.3,23.7,23.2,23.55,3831847,89526272,1663,+0.40
20180604,23.55,23.95,23.55,23.9,2885410,68481511,1383,+0.35
20180605,23.9,23.9,23.7,23.8,2185513,52031948,1124,-0.10
20180606,23.8,23.85,23.7,23.85,1820863,43307887,1063,+0.05
20180607,23.85,23.85,23.7,23.85,1738141,41322941,880, 0.00
20180608,23.7,23.75,23.6,23.7,1573129,37229743,855,-0.15
20180611,23.6,23.8,23.6,23.7,1086882,25773945,752, 0.00
20180612,23.55,23.65,23.5,23.55,1435570,33833258,784,-0.15
20180613,23.5,23.6,23.5,23.5,1242883,29228956,835,-0.05
20180614,23.4,23.4,23.3,23.3,2013383,46980820,880,-0.20
20180615,23.3,24.1,23.2,24.1,4671719,111724236,961,+0.80
20180619,23.7,23.7,23.3,23.4,3632107,85219059,1731,-0.70
20180620,23.35,23.8,23.25,23.7,2381939,55920642,1255,+0.30
20180621,23.45,23.7,23.35,23.6,2092127,49160767,1285,-0.10
20180622,23.55,23.6,23.4,23.5,1953039,45938715,1069,-0.10
20180625,23.4,23.6,23.35,23.55,2590805,60714130,1489,+0.05
20180626,23.5,23.5,23.3,23.4,1704690,39914939,901,-0.15
20180627,23.5,23.5,23.3,23.4,1802246,42148953,969, 0.00
20180628,23.4,23.8,23.3,23.7,2473929,58282820,1288,+0.30
20180629,23.7,23.95,23.5,23.9,4696971,111971959,2242,+0.20
20180702,23.9,24.0,23.8,23.85,2492683,59555748,1599,-0.05
20180703,23.65,23.8,23.5,23.6,1745220,41201990,1032,-0.25
20180704,23.6,24.1,23.6,24.05,9179800,220104707,2038,+0.45
20180705,24.0,24.3,24.0,24.3,16462472,398490316,3498,+0.25
20180706,24.4,24.45,24.2,24.3,14578032,354642020,3976, 0.00
20180709,24.4,24.45,24.15,24.35,6052810,147124625,1722,+0.05
20180710,24.4,24.45,24.25,24.45,6174148,150419399,2568,+0.10
20180711,24.15,24.4,24.1,24.3,6096631,148284775,1825,-0.15
20180712,24.3,24.45,24.2,24.35,4393349,107102659,1227,+0.05
20180713,24.4,24.5,24.35,24.5,4977816,121497763,2251,+0.15
20180716,24.5,24.85,24.5,24.8,4332634,107105629,2054,+0.30
20180717,24.9,25.2,24.8,25.15,8534228,213585850,3301,+0.35
20180718,25.25,25.3,25.0,25.1,5406905,135873675,2299,-0.05
20180719,25.2,25.25,25.05,25.05,4452653,111841425,1535,-0.05
20180720,25.0,25.15,25.0,25.15,4814594,120738066,1615,+0.10
20180723,25.1,25.2,25.05,25.1,3521413,88346175,1132,-0.05
20180724,25.1,25.1,25.0,25.1,2660555,66697594,842, 0.00
20180725,25.05,25.05,25.0,25.05,3591988,89876090,1333,-0.05
20180726,25.05,25.05,24.95,25.0,3120768,78052400,934,-0.05
20180727,25.0,25.05,25.0,25.0,3300008,82552950,1156, 0.00
20180730,25.0,25.1,25.0,25.1,7591028,190268086,1755,+0.10
20180731,24.4,24.85,24.4,24.85,7560556,186464209,2097,X0.00
20180801,24.85,24.85,24.5,24.6,5782640,142232869,2530,-0.25
20180802,24.5,24.75,24.5,24.65,3057674,75384055,1358,+0.05
20180803,24.55,24.75,24.45,24.7,3704962,91284856,1107,+0.05
20180806,24.7,24.9,24.6,24.6,2012161,49797506,1125,-0.10
20180807,24.6,24.7,24.6,24.6,1718685,42336080,820, 0.00
20180808,24.65,25.05,24.6,25.05,6088497,151823789,1922,+0.45
20180809,24.8,25.0,24.8,25.0,3080401,76759925,1473,-0.05
20180810,25.1,25.25,24.9,25.25,6059165,152078751,1574,+0.25
20180813,25.25,25.65,25.05,25.1,8823682,223851796,2758,-0.15
20180814,25.0,25.3,25.0,25.25,4526744,114185675,1408,+0.15
20180815,25.1,25.35,25.1,25.2,4451228,112334184,1582,-0.05
20180816,25.2,25.2,24.9,25.0,3877195,96861425,1910,-0.20
20180817,25.1,25.25,25.05,25.15,3841167,96751890,1377,+0.15
20180820,25.15,25.3,25.1,25.2,3979895,100438193,1356,+0.05
20180821,25.3,25.5,25.25,25.5,5701812,144737251,1935,+0.30
20180822,25.5,26.1,25.5,26.0,12021132,310422532,3055,+0.50
20180823,26.0,26.1,25.65,26.1,9993141,259506166,2321,+0.10
20180824,26.0,26.15,25.9,26.15,8461232,220381533,1704,+0.05
20180827,26.2,26.2,26.05,26.15,3718113,97091434,1314, 0.00
20180828,26.15,26.15,25.8,26.0,5440269,141152144,1625,-0.15
20180829,26.0,26.0,25.8,25.85,3507843,90716079,1577,-0.15
20180830,25.8,25.85,25.6,25.65,3755144,96460832,1725,-0.20
20180831,25.65,25.9,25.55,25.9,6232626,160770442,1356,+0.25
20180903,25.9,25.9,25.65,25.7,3208507,82597999,1304,-0.20
20180904,25.7,25.9,25.65,25.9,2830563,73138041,787,+0.20
20180905,25.9,25.9,25.8,25.9,3752399,97060577,1419, 0.00
20180906,25.85,25.9,25.5,25.75,6027058,154679831,1870,-0.15
20180907,25.7,25.7,25.45,25.55,5209585,132887586,2194,-0.20
20180910,25.55,25.6,25.2,25.5,3791811,96375922,1417,-0.05
20180911,25.5,25.55,25.4,25.5,2899641,73893338,1635, 0.00
20180912,25.5,25.8,25.5,25.75,7482134,192078842,2794,+0.25
20180913,25.8,25.9,25.8,25.85,3610858,93353713,1717,+0.10
20180914,25.95,25.95,25.7,25.7,2897586,74701599,1530,-0.15
20180917,25.7,25.8,25.65,25.8,1914632,49287320,984,+0.10
20180918,25.8,26.2,25.8,26.1,7683148,200278035,2643,+0.30
20180919,26.2,26.25,26.1,26.15,4873048,127471591,2303,+0.05
20180920,26.2,26.5,26.2,26.5,8624856,227765725,3191,+0.35
20180921,26.8,27.2,26.8,26.95,9334565,251134120,3019,+0.45
20180925,26.95,28.05,26.9,28.05,20546716,571564844,6280,+1.10
20180926,28.0,28.8,27.75,28.55,16548579,467579540,4919,+0.50
20180927,28.3,29.0,28.3,29.0,13155593,377697157,4541,+0.45
20180928,29.15,30.0,29.15,29.9,24831805,740663223,7166,+0.90
20181001,30.2,30.7,29.8,30.25,14179399,429193266,5538,+0.35
20181002,30.25,30.35,29.2,29.5,12807555,379358753,5001,-0.75
20181003,29.6,30.15,29.5,29.8,9107425,272036641,3348,+0.30
20181004,29.8,29.8,28.85,28.95,13528690,393865510,4863,-0.85
20181005,28.5,28.8,27.5,28.35,17712986,497975730,5785,-0.60
20181008,28.15,28.8,28.1,28.55,9160245,260788747,3314,+0.20
20181009,28.55,28.7,28.3,28.5,7383640,210918436,2478,-0.05
20181011,27.2,27.6,26.7,27.05,18246796,495848798,6697,-1.45
20181012,27.25,28.6,27.25,28.4,11897123,333285898,4721,+1.35
20181015,28.1,28.2,27.25,27.4,8294239,228860310,3451,-1.00
20181016,27.1,28.1,27.0,27.85,8476105,235317402,3627,+0.45
20181017,28.0,28.3,27.7,27.7,5049417,141245433,3034,-0.15
20181018,28.1,29.65,27.85,29.6,22103375,644751250,8560,+1.90
20181019,29.1,29.85,28.7,29.05,11541957,338441288,5190,-0.55
20181022,29.5,29.65,29.1,29.15,6818540,200154877,3429,+0.10
20181023,29.45,30.2,29.05,29.05,21337973,633007103,7804,-0.10
20181024,29.1,29.55,28.3,29.25,10095759,293526640,4926,+0.20
20181025,28.55,29.75,28.5,28.85,14521945,424362855,6372,-0.40
20181026,29.3,30.15,29.2,29.5,17574767,521118361,7258,+0.65
20181029,29.8,30.95,29.4,30.9,30687366,930508381,9271,+1.40
20181030,31.25,31.45,29.8,30.35,27003343,823856433,11252,-0.55
20181031,30.7,30.9,30.3,30.7,10491395,320659847,4358,+0.35
20181101,30.7,30.9,29.9,30.0,10852698,327687694,4671,-0.70
20181102,30.25,30.9,30.05,30.55,9600443,292665363,4503,+0.55
20181105,30.55,30.8,30.25,30.55,4866355,148160391,2142, 0.00
20181106,30.55,30.65,30.3,30.3,2979008,90612176,1575,-0.25
20181107,30.55,32.1,30.5,31.15,29457845,927240089,11719,+0.85
20181108,31.4,31.55,30.6,30.95,11031611,341807222,4772,-0.20
20181109,31.05,31.4,30.9,31.1,5837352,181600388,2541,+0.15
20181112,31.1,31.65,30.8,31.35,7491451,235376466,4127,+0.25
20181113,31.05,31.5,30.9,31.3,7950618,248994345,4292,-0.05
20181114,31.5,32.0,31.4,32.0,12316440,391918580,4744,+0.70
20181115,32.35,32.4,31.65,31.9,9035026,288621561,4412,-0.10
20181116,32.35,32.55,32.05,32.55,15337953,497024733,5583,+0.65
20181119,33.0,33.3,32.65,32.85,13030816,429770728,5238,+0.30
20181120,32.85,33.3,32.65,33.1,10720604,354279123,3849,+0.25
20181121,33.1,33.3,32.5,32.6,9949112,326934746,4782,-0.50
20181122,32.6,32.9,31.4,31.7,15853794,505131730,7325,-0.90
20181123,31.7,32.0,31.5,31.85,6903369,219455409,2855,+0.15
20181126,32.05,32.15,30.95,31.2,12545981,393891040,4898,-0.65
20181127,31.4,31.45,30.75,30.85,10833281,335518562,4774,-0.35
20181128,30.9,31.15,30.8,31.1,12489920,386749881,5481,+0.25
20181129,31.35,31.45,30.45,30.85,12859928,396837368,5925,-0.25
20181130,31.05,32.5,30.9,30.9,42309848,1329472748,8385,+0.05
20181203,31.1,31.75,31.1,31.45,22730865,715376393,5848,+0.55
20181204,31.5,31.5,30.9,31.35,9713579,304180669,3298,-0.10
20181205,31.15,31.35,30.7,31.0,10178813,314700503,3056,-0.35
20181206,31.25,31.25,30.5,30.55,7502333,230565982,3102,-0.45
20181207,30.75,30.75,30.55,30.55,5044380,154389898,1978, 0.00
20181210,30.5,30.5,30.05,30.15,7860012,238102852,2210,-0.40
20181211,30.2,30.5,30.15,30.15,11519790,348741837,3200, 0.00
20181212,30.35,30.6,30.3,30.35,10407620,316623639,2443,+0.20
20181213,30.7,30.9,30.6,30.85,10258815,315871317,2835,+0.50
20181214,31.0,31.3,30.75,30.75,5709138,176576096,2278,-0.10
20181217,30.9,30.9,30.65,30.65,5275512,162305187,1577,-0.10
20181218,30.7,31.15,30.55,30.7,8355444,257853039,2286,+0.05
20181219,30.75,30.8,30.55,30.75,5918498,181561877,2260,+0.05
20181220,30.65,30.75,30.4,30.6,6294917,192566848,2417,-0.15
20181221,30.6,30.8,30.45,30.7,8293379,254098484,1867,+0.10
20181222,30.7,30.7,30.5,30.55,1320685,40378226,564,-0.15
20181224,30.6,30.65,30.45,30.55,3925360,120075837,1531, 0.00
20181225,30.4,30.45,29.85,29.9,7016588,210745590,3294,-0.65
20181226,29.65,29.8,29.5,29.6,5709897,169435228,2312,-0.30
20181227,29.9,30.15,29.8,30.15,6524540,196149911,2331,+0.55
20181228,30.15,30.75,30.15,30.55,9935687,302699077,2824,+0.40
20190102,30.7,30.7,30.05,30.2,3913581,118652439,1938,-0.35
20190103,30.05,30.3,29.85,30.2,5321204,160176308,2109, 0.00
20190104,30.0,30.5,29.85,30.4,6817987,206411994,2168,+0.20
20190107,30.6,30.8,30.55,30.65,4632630,142033000,2056,+0.25
20190108,30.65,30.7,30.45,30.5,3062509,93521715,1632,-0.15
20190109,30.55,30.9,30.5,30.8,7713933,237348823,2884,+0.30
20190110,30.8,30.85,30.6,30.85,3798842,116961552,1807,+0.05
20190111,30.85,30.85,30.7,30.75,4221011,129951615,1742,-0.10
20190114,30.75,30.8,30.6,30.65,4832974,148153734,1949,-0.10
20190115,30.65,31.3,30.65,31.05,8942942,277304032,3008,+0.40
20190116,31.05,31.05,30.85,30.9,3801609,117527612,1610,-0.15
20190117,30.9,30.95,30.75,30.85,4539302,139904334,1448,-0.05
20190118,30.9,30.95,30.7,30.95,7033384,216983771,2214,+0.10
20190121,31.0,31.05,30.85,30.95,4855084,150327066,1881, 0.00
20190122,30.95,30.95,30.7,30.9,3867013,119135968,1582,-0.05
20190123,30.85,30.85,30.7,30.8,3700266,113843315,1410,-0.10
20190124,30.8,30.95,30.7,30.9,3411322,105180232,1351,+0.10
20190125,30.9,30.9,30.75,30.85,4386148,135294012,1662,-0.05
20190128,30.85,31.0,30.8,30.95,4760009,147183179,1652,+0.10
20190129,30.9,31.0,30.85,31.0,5505151,170385931,2043,+0.05
20190130,31.0,31.25,30.95,31.15,8575487,266799661,2599,+0.15
20190211,31.15,31.2,30.9,30.9,8203991,254224621,3473,-0.25
20190212,30.85,30.85,30.5,30.6,9930764,304302170,3482,-0.30
20190213,30.7,30.85,30.65,30.7,8604767,264359351,4346,+0.10
20190214,30.75,31.2,30.7,31.05,9573735,297010508,3787,+0.35
20190215,31.05,31.1,30.85,31.1,4939998,153178327,2769,+0.05
20190218,31.1,31.15,31.0,31.05,3718481,115658897,1425,-0.05
20190219,31.05,31.05,30.8,30.95,4330033,134090367,1547,-0.10
20190220,30.95,31.05,30.85,31.0,7280248,225465638,1866,+0.05
20190221,31.0,31.0,30.85,30.95,3402901,105301281,1759,-0.05
20190222,30.9,31.0,30.8,31.0,4221332,130595492,1114,+0.05
20190225,31.0,31.1,30.95,31.0,7508125,232765082,1561, 0.00
20190226,31.15,32.7,31.15,32.2,24269431,779931756,8424,+1.20
20190227,32.25,33.0,32.25,33.0,21395686,700504138,8038,+0.80
20190304,33.1,33.45,33.0,33.25,12954768,430075437,5418,+0.25
20190305,33.2,34.65,33.1,34.45,22741530,774741956,7802,+1.20
20190306,34.55,35.1,34.5,35.0,24014299,835791015,8314,+0.55
20190307,35.0,35.0,34.1,34.75,13514619,468705875,4906,-0.25
20190308,34.65,34.65,33.95,34.35,13707775,469496747,5181,-0.40
20190311,34.35,34.9,34.15,34.35,8217712,283029237,3664, 0.00
20190312,34.55,34.85,34.3,34.65,7254586,250948106,2955,+0.30
20190313,34.65,34.65,34.4,34.45,3803868,131139186,1689,-0.20
20190314,34.45,34.75,34.4,34.55,7434846,256811449,2383,+0.10
20190315,34.55,35.2,34.25,34.9,11567875,402715519,3737,+0.35
20190318,34.95,35.0,34.4,34.95,6866288,239058172,2653,+0.05
20190319,34.95,35.15,34.75,35.1,7189783,252013924,2432,+0.15
20190320,35.15,36.25,35.1,35.85,15533775,556875831,6124,+0.75
20190321,35.7,35.7,34.8,35.05,18175654,637892400,6933,-0.80
20190322,35.15,35.2,34.7,35.05,8587743,299985066,3697, 0.00
20190325,34.5,35.0,34.4,34.9,5200936,181219146,2353,-0.15
20190326,34.95,35.3,34.9,35.2,5174817,181898595,1786,+0.30
20190327,35.2,35.25,35.05,35.2,3275051,115228330,1419, 0.00
20190328,35.25,35.6,35.05,35.6,6025057,212620958,1848,+0.40
20190329,35.8,36.0,35.5,36.0,7622794,273281684,2869,+0.40
20190401,36.0,36.1,35.3,35.45,7428323,264097755,3363,-0.55
20190402,35.4,35.95,35.15,35.85,8672890,308195681,3494,+0.40
20190403,35.9,35.9,35.45,35.45,3951927,140493238,2089,-0.40
20190408,35.45,35.85,35.4,35.7,7316242,260665402,2767,+0.25
20190409,35.7,35.75,35.5,35.7,3879105,138000275,1545, 0.00
20190410,35.6,35.6,35.4,35.6,6388170,226957586,2175,-0.10
20190411,35.6,35.6,35.0,35.1,7780008,274479659,2859,-0.50
20190412,35.05,35.1,34.95,35.1,6722323,235397405,2828, 0.00
20190415,35.1,35.25,35.05,35.15,4512025,158570718,2566,+0.05
20190416,35.15,35.6,35.05,35.6,6697287,237078942,4139,+0.45
20190417,35.6,35.65,35.3,35.6,7628980,270896881,3439, 0.00
20190418,35.6,36.25,35.3,36.0,11038911,396686379,3877,+0.40
20190419,36.0,37.4,35.95,37.0,14195276,522508299,5544,+1.00
20190422,37.3,38.4,37.3,37.55,12563529,474671493,6141,+0.55
20190423,37.25,37.5,36.65,37.25,9253083,344266104,4026,-0.30
20190424,37.25,37.6,37.0,37.5,6130931,229023946,2685,+0.25
20190425,38.0,38.0,37.25,37.5,6083978,227988214,2840, 0.00
20190426,37.45,37.5,37.3,37.5,4057110,151668813,2350, 0.00
20190429,37.5,37.8,37.3,37.55,4117109,154400630,2672,+0.05
20190430,37.55,37.65,37.3,37.6,5207230,194939693,2657,+0.05
20190502,37.6,37.7,37.3,37.4,3204378,119874603,1896,-0.20
20190503,37.5,37.5,37.35,37.5,3280722,122809677,1805,+0.10
20190506,37.4,37.8,37.3,37.4,4188908,156763081,2135,-0.10
20190507,37.5,37.55,37.35,37.35,5305696,198491419,2651,-0.05
20190508,37.3,37.35,37.1,37.35,4976144,185498326,1801, 0.00
20190509,37.2,37.25,36.5,36.55,10387689,382968048,5049,-0.80
20190510,36.55,36.9,36.5,36.6,6616930,242646450,3914,+0.05
20190513,37.0,39.5,36.75,38.95,21507013,829062344,8945,+2.35
20190514,38.8,39.6,38.6,39.2,18394178,717071959,9304,+0.25
20190515,40.0,41.5,39.85,41.25,26760663,1089312259,10212,+2.05
20190516,41.25,41.6,40.3,40.45,14330074,585541621,6882,-0.80
20190517,40.55,41.1,40.1,40.15,9229522,373667043,5043,-0.30
20190520,40.5,41.8,40.2,40.55,13305041,546535484,6090,+0.40
20190521,41.0,41.7,40.85,41.7,13218672,546118460,6869,+1.15
20190522,42.4,43.15,42.05,42.7,17926624,765435263,9043,+1.00
20190523,42.75,43.0,41.9,42.7,13781434,587411552,6941, 0.00
20190524,43.0,43.3,42.35,42.95,10299691,440913063,5880,+0.25
20190527,43.3,43.5,42.85,43.05,6148258,264776042,3338,+0.10
20190528,43.05,43.05,40.55,41.0,27922110,1156908177,10846,-2.05
20190529,40.8,42.0,40.2,42.0,14659461,609512562,6695,+1.00
20190530,42.3,43.2,42.3,43.1,15281943,655405367,6617,+1.10
20190531,43.2,43.5,42.6,43.5,12347807,533520348,5565,+0.40
20190603,43.5,45.45,43.5,45.35,25882787,1163350022,11550,+1.85
20190604,45.0,45.3,44.7,44.85,10236713,459471579,5393,-0.50
20190605,45.0,46.15,44.4,46.15,15650332,711430112,6667,+1.30
20190606,46.5,46.7,45.6,46.65,17210274,796899367,7368,+0.50
20190610,46.45,47.0,46.15,46.95,10527718,491655686,5051,+0.30
20190611,46.8,47.0,46.1,46.6,9925743,462150020,4941,-0.35
20190612,46.4,46.55,45.25,45.25,16214589,741286017,7066,-1.35
20190613,45.3,46.1,45.3,46.05,10769657,494139981,4815,+0.80
20190614,46.6,46.85,45.7,45.85,11545131,534615547,5383,-0.20
20190617,45.75,46.4,45.35,45.4,9179211,419004000,4008,-0.45
20190618,45.45,46.2,45.1,46.0,9741793,445684878,4247,+0.60
20190619,46.15,46.45,45.85,46.35,8818582,407766886,5060,+0.35
20190620,46.7,46.8,45.7,45.8,8353497,384326514,4037,-0.55
20190621,46.0,46.3,45.6,46.0,8929440,409840740,3749,+0.20
20190624,46.0,46.3,45.95,46.25,4946772,228439880,2469,+0.25
20190625,46.5,46.5,45.95,46.25,3841387,177272226,2133, 0.00
20190626,46.3,46.35,45.95,45.95,3366147,154992606,1670,-0.30
20190627,46.0,46.4,45.95,46.2,6034617,278728842,2806,+0.25
20190628,46.0,46.2,45.65,45.7,5321854,243895591,2335,-0.50
20190701,45.5,45.6,44.45,44.75,16184990,725370561,7046,-0.95
20190702,44.1,44.65,43.3,43.65,20217392,885597592,9471,-1.10
20190703,43.75,44.65,43.75,44.15,9299384,412171596,4357,+0.50
20190704,44.2,44.55,44.15,44.2,2750802,121760569,1585,+0.05
20190705,44.25,44.35,43.9,44.2,2032919,89651797,1183, 0.00
20190708,44.2,44.35,44.05,44.25,2675074,118225210,1447,+0.05
20190709,44.25,44.25,44.05,44.1,2502582,110432348,1454,-0.15
20190710,44.45,44.95,44.1,44.75,5483752,245147890,2854,+0.65
20190711,45.0,45.0,43.55,44.0,9145420,403061355,3912,-0.75
20190712,44.0,44.0,43.6,43.7,6240641,272787914,2982,-0.30
20190715,43.7,44.0,43.4,43.85,3827162,166972294,1857,+0.15
20190716,43.9,43.95,43.45,43.5,4557827,198990062,2200,-0.35
20190717,43.5,43.8,43.2,43.35,5699109,247327085,2651,-0.15
20190718,43.35,43.75,43.35,43.7,3736057,162793039,1682,+0.35
20190719,44.0,44.15,43.7,43.8,4509221,197939850,2126,+0.10
20190722,44.0,44.0,43.15,43.15,8226109,356733450,3937,-0.65
20190723,43.15,43.75,42.8,43.45,10507666,454937638,4396,+0.30
20190724,42.5,42.7,42.05,42.15,8343428,354117334,3976,X0.00
20190725,42.2,42.25,41.3,41.85,9227669,386105898,4366,-0.30
20190726,41.8,41.8,41.4,41.45,7451986,309242795,2968,-0.40
20190729,41.45,42.2,41.45,41.65,7609228,317312017,3323,+0.20
20190730,41.7,41.95,41.65,41.75,4051361,169182023,2170,+0.10
20190731,41.75,41.85,41.5,41.6,3562532,148345599,1830,-0.15
20190801,41.0,41.6,41.0,41.5,5772598,238603003,2991,-0.10
20190802,41.0,41.2,40.65,41.0,7422820,303133922,3560,-0.50
20190805,40.75,41.35,40.3,41.25,7496403,304831170,3696,+0.25
20190806,40.4,41.2,40.1,40.8,6993326,284935886,3469,-0.45
20190807,40.8,41.8,40.8,41.1,4680987,192127851,2864,+0.30
20190808,41.3,41.6,41.05,41.35,3867804,159886840,1866,+0.25
20190812,41.05,41.6,40.9,41.0,6412774,263974129,2630,-0.35
20190813,40.95,40.95,39.8,40.1,9717653,390515244,4703,-0.90
20190814,40.2,40.6,39.8,40.1,9443330,378673560,4202, 0.00
20190815,39.9,39.9,37.9,38.0,23983078,924573566,9011,-2.10
20190816,38.0,39.2,38.0,38.4,17260763,667098913,5862,+0.40
20190819,38.6,38.6,37.9,38.3,10525233,401974434,4167,-0.10
20190820,38.2,38.3,37.8,38.3,8411740,320339501,3105, 0.00
20190821,38.1,38.1,37.65,37.65,11963787,452425664,5160,-0.65
20190822,37.5,37.9,37.0,37.0,12580564,468740393,5670,-0.65
20190823,37.0,37.35,36.35,37.25,13208992,486988492,5379,+0.25
20190826,37.05,37.2,36.6,36.75,6459374,237878408,2830,-0.50
20190827,36.75,37.0,36.6,36.95,7623892,280728230,2415,+0.20
20190828,37.0,38.0,36.95,37.45,8275173,309666961,3772,+0.50
20190829,37.3,37.9,37.0,37.85,8171465,305653720,2685,+0.40
20190830,38.1,38.15,37.6,37.9,11515513,436577544,3533,+0.05
20190902,37.95,38.15,37.9,37.95,3471719,132035718,1768,+0.05
20190903,38.0,38.0,37.75,37.8,2873514,108791255,1233,-0.15
20190904,37.85,37.95,37.7,37.9,5166178,195494515,2360,+0.10
20190905,38.1,38.15,37.85,38.15,7334495,278847846,2900,+0.25
20190906,38.1,38.45,37.9,38.35,5841182,222868469,2440,+0.20
20190909,38.3,38.3,37.65,37.9,8677630,328818447,3531,-0.45
20190910,37.7,37.7,36.8,36.9,13811309,510733275,6666,-1.00
20190911,36.6,36.6,35.45,36.3,21766041,783935106,8912,-0.60
20190912,36.5,37.3,36.4,36.6,8585989,316650724,3921,+0.30
20190916,36.6,36.9,36.5,36.75,4757898,174839476,2244,+0.15
20190917,36.75,36.9,36.5,36.85,5201228,191216380,1977,+0.10
20190918,36.75,36.95,36.6,36.6,4080332,150120736,2199,-0.25
20190919,36.45,36.75,36.4,36.75,5210021,190318808,2311,+0.15
20190920,36.8,36.8,36.5,36.6,5695271,208336878,1775,-0.15
20190923,36.65,36.9,36.35,36.4,3913259,143161734,2666,-0.20
20190924,36.4,36.5,36.0,36.05,5964644,215292348,3467,-0.35
20190925,36.0,36.05,35.2,35.45,11459577,406629024,5428,-0.60
20190926,35.45,35.85,35.15,35.35,6037915,214074817,2861,-0.10
20190927,35.25,35.65,35.2,35.3,3482352,123266389,1613,-0.05
20191001,35.6,35.65,34.7,35.0,10064889,351859974,4602,-0.30
20191002,34.9,34.9,34.4,34.4,5695073,196662308,2910,-0.60
20191003,34.0,34.3,33.8,34.15,5329905,181665627,2463,-0.25
20191004,34.1,36.5,34.1,35.55,17142059,610438679,7592,+1.40
20191007,35.75,35.85,34.85,35.05,6750965,237643701,3186,-0.50
20191008,35.0,35.4,34.6,34.6,5863881,204013334,3107,-0.45
20191009,34.55,34.95,34.2,34.7,4159049,144164839,2315,+0.10
20191014,35.35,35.35,34.75,35.05,4323567,151405961,2549,+0.35
20191015,35.15,35.25,34.9,35.25,2694538,94531900,1569,+0.20
20191016,35.35,35.65,35.05,35.65,4709454,166492789,2032,+0.40
20191017,35.65,35.65,35.4,35.45,3026607,107609453,1505,-0.20
20191018,35.5,35.55,34.9,35.0,4178504,146902185,1900,-0.45
20191021,35.05,35.5,35.0,35.35,2596668,91744688,1457,+0.35
20191022,35.35,35.95,35.35,35.7,4191731,149580695,2082,+0.35
20191023,35.7,35.7,35.2,35.25,4182634,147952191,2346,-0.45
20191024,35.35,35.65,35.25,35.65,2564944,91138585,1430,+0.40
20191025,35.65,35.9,35.6,35.85,4499763,161258867,2667,+0.20
20191028,36.05,36.15,35.8,35.85,3326450,119530700,1799, 0.00
20191029,36.0,36.0,35.55,35.85,3976141,142165926,1757, 0.00
20191030,35.8,35.95,35.55,35.95,4479614,160076196,1636,+0.10
20191031,35.95,36.15,35.85,36.05,4623111,166547650,1847,+0.10
20191101,36.05,36.2,35.85,36.0,3104269,111654553,1819,-0.05
20191104,36.0,36.2,35.85,36.2,3114126,112305116,1620,+0.20
20191105,36.05,36.35,36.05,36.35,3100154,112154809,1324,+0.15
20191106,36.35,36.4,36.2,36.3,3249489,117934460,1536,-0.05
20191107,36.35,36.5,36.3,36.4,2945702,107213331,1576,+0.10
20191108,36.45,36.5,35.9,36.5,3831321,139147411,1963,+0.10
20191111,36.5,36.55,36.15,36.3,4536611,164813046,2135,-0.20
20191112,36.45,36.45,36.0,36.4,3187712,115447978,1699,+0.10
20191113,36.25,36.25,35.2,35.2,7844080,278664031,3974,-1.20
20191114,35.2,35.55,35.1,35.3,3423910,121116251,1888,+0.10
20191115,35.5,35.9,35.45,35.7,3177075,113348930,1663,+0.40
20191118,35.8,36.05,35.6,36.05,2768240,99200743,1229,+0.35
20191119,35.75,36.1,35.7,36.0,2315746,83183373,1017,-0.05
20191120,36.0,36.2,35.9,36.2,2828742,102139344,1376,+0.20
20191121,36.15,36.45,35.75,36.4,4919211,177918456,2018,+0.20
20191122,36.4,36.45,36.2,36.45,2044602,74324714,1016,+0.05
20191125,36.5,36.5,36.25,36.35,2254252,81991574,1290,-0.10
20191126,36.4,36.4,36.05,36.05,8669363,313314310,1760,-0.30
20191127,36.3,36.3,36.0,36.15,2059103,74393319,1138,+0.10
20191128,36.15,36.3,36.0,36.2,1506941,54493153,974,+0.05
20191129,36.2,36.2,35.8,35.95,3507608,126146224,1157,-0.25
20191202,36.05,36.15,35.9,36.1,1293732,46653702,765,+0.15
20191203,35.95,36.0,35.7,35.75,2497399,89486414,1233,-0.35
20191204,35.7,35.95,35.65,35.95,1582640,56639090,820,+0.20
20191205,36.0,36.0,35.8,35.85,1042662,37420182,591,-0.10
20191206,36.0,36.0,35.85,35.85,973739,34967906,547, 0.00
20191209,35.9,35.9,35.7,35.7,2267055,81068163,1164,-0.15
20191210,35.7,35.7,35.5,35.65,1764413,62822228,1271,-0.05
20191211,35.6,35.9,35.6,35.9,2065262,73759981,998,+0.25
20191212,35.9,36.5,35.8,36.3,5377862,194419966,2576,+0.40
20191213,36.35,36.4,36.1,36.1,2931153,106204534,1564,-0.20
20191216,36.1,36.25,35.9,36.2,3629826,130996078,1769,+0.10
20191217,36.2,36.35,36.0,36.35,3247773,117490666,1778,+0.15
20191218,36.3,36.4,36.2,36.3,4254664,154538195,1941,-0.05
20191219,36.3,36.4,36.15,36.3,2881567,104568669,1314, 0.00
20191220,36.4,38.15,36.25,38.15,18153718,681984793,7242,+1.85
20191223,38.5,39.7,38.2,39.7,26981392,1054431862,12127,+1.55
20191224,39.8,40.5,39.05,39.2,21208951,844975005,11040,-0.50
20191225,39.2,39.6,38.65,38.8,7852699,306167322,4804,-0.40
20191226,38.85,39.15,38.25,38.45,6271766,241820257,3536,-0.35
20191227,38.65,38.75,38.35,38.6,5477799,210769027,2741,+0.15
20191230,38.65,38.75,38.3,38.6,3746765,144248264,2134, 0.00
20191231,38.5,38.6,38.3,38.4,3521736,135271629,1766,-0.20
20200102,38.45,38.5,38.15,38.25,3847924,147230670,2236,-0.15
20200103,38.25,39.6,38.25,38.85,8640416,335439867,4807,+0.60
20200106,38.35,38.6,37.85,37.9,6157297,234712019,3003,-0.95
20200107,38.0,38.4,37.85,37.9,4448701,169153288,2048, 0.00
20200108,37.6,37.85,37.5,37.5,4789968,180209698,2360,-0.40
20200109,37.6,38.2,37.6,38.15,4008259,152579363,1959,+0.65
20200110,38.2,38.9,38.2,38.25,6409436,246762132,3452,+0.10
20200113,38.5,39.15,38.5,38.8,7394993,287226627,3524,+0.55
20200114,38.9,39.1,38.8,38.8,4115668,160067759,1948, 0.00
20200115,38.85,38.95,38.35,38.55,4471907,172880736,2135,-0.25
20200116,38.85,38.9,38.65,38.8,3091610,119948822,1499,+0.25
20200117,38.9,39.0,38.75,39.0,3638833,141439437,1952,+0.20
20200120,39.05,39.1,38.9,38.95,4037954,157538936,1864,-0.05
20200130,36.2,37.3,36.0,36.05,16730652,610906661,7139,-2.90
20200131,36.05,36.8,36.05,36.15,6400182,232215986,3073,+0.10
20200203,35.8,35.8,34.7,35.55,6780763,239751418,3054,-0.60
20200204,35.45,36.45,35.4,36.2,4885683,176138175,2670,+0.65
20200205,36.2,36.3,35.8,36.05,3268409,117958423,1570,-0.15
20200206,36.6,36.75,36.35,36.55,3924526,143294387,1762,+0.50
20200207,36.5,36.5,36.1,36.15,2747793,99563459,1460,-0.40
20200210,36.1,36.3,35.55,35.8,6552067,234879912,2490,-0.35
20200211,35.95,36.2,35.8,35.9,2075481,74596752,1273,+0.10
20200212,35.8,36.15,35.7,36.0,4795135,172578304,2568,+0.10
20200213,36.0,36.15,35.95,36.0,4067981,146511001,1753, 0.00
20200214,35.9,36.0,35.85,35.9,2739676,98365297,1711,-0.10
20200217,35.8,35.85,35.55,35.6,3696757,131964512,1671,-0.30
20200218,35.55,35.65,35.35,35.65,3581684,127135853,1798,+0.05
20200219,35.6,36.15,35.55,36.05,2822800,101341709,1528,+0.40
20200220,36.0,36.0,35.5,35.55,4587334,163579132,2367,-0.50
20200221,35.55,35.65,35.35,35.5,4892917,173606608,2169,-0.05
20200224,35.1,35.2,34.85,35.1,7921488,277430419,3525,-0.40
20200225,34.75,35.1,34.65,35.0,5342920,186663770,2879,-0.10
20200226,34.6,34.85,34.55,34.55,6809890,236061507,3376,-0.45
20200227,34.5,34.6,34.3,34.5,8092348,278769772,2786,-0.05
20200302,33.6,34.0,33.4,33.7,9188918,310394312,4938,-0.80
20200303,33.95,34.0,33.65,33.65,8152901,275501617,3597,-0.05
20200304,33.65,34.45,33.65,34.25,6719880,228071743,3437,+0.60
20200305,34.3,34.45,34.1,34.35,6128750,209862836,3595,+0.10
20200306,34.35,34.35,33.7,33.7,7873681,266981054,3810,-0.65
20200309,33.3,33.3,33.0,33.0,10389304,344088422,5579,-0.70
20200310,32.1,32.9,32.1,32.65,9798859,318237997,4012,-0.35
20200311,32.6,32.85,32.3,32.4,6994188,228119470,3638,-0.25
20200312,32.0,32.0,31.0,31.1,14870102,465942548,7405,-1.30
20200313,28.2,29.95,28.15,29.7,22914304,665989032,9900,-1.40
20200316,29.7,30.0,29.6,29.6,8876578,264426205,4052,-0.10
20200317,29.0,29.3,28.25,28.4,18430346,528272486,7092,-1.20
20200318,27.5,28.4,27.4,27.8,14398503,401925284,6208,-0.60
20200319,26.95,27.4,25.95,27.05,14642247,390754614,5488,-0.75
20200320,27.1,28.2,27.1,27.55,14026137,388637146,5387,+0.50
20200323,27.45,28.3,26.6,27.8,9463518,263976745,3755,+0.25
20200324,28.5,29.15,28.5,28.9,11058588,319834401,4118,+1.10
20200325,29.4,29.85,29.2,29.55,8252444,243918492,3594,+0.65
20200326,29.55,29.85,29.1,29.4,5471216,161319717,2248,-0.15
20200327,29.9,30.0,29.35,29.45,5595960,165653294,2568,+0.05
20200330,28.5,28.9,28.0,28.7,6310219,180412249,2909,-0.75
20200331,29.0,29.3,28.7,28.75,6706744,194000785,2456,+0.05
20200401,28.7,28.7,28.35,28.35,4773516,135971064,2343,-0.40
20200406,28.5,28.7,28.05,28.4,5340074,151214595,2142,+0.05
20200407,28.6,29.2,28.55,28.85,8397122,242824251,4106,+0.45
20200408,28.85,30.2,28.75,30.0,10392524,309618267,4982,+1.15
20200409,30.85,32.15,30.75,31.65,14470385,454909577,7435,+1.65
20200410,31.55,31.95,31.2,31.65,6305211,199285096,3998, 0.00
20200413,31.65,31.7,31.05,31.05,4481614,140039730,2035,-0.60
20200414,31.5,31.9,31.25,31.85,6389625,202863717,2795,+0.80
20200415,32.0,32.6,32.0,32.45,6531422,211323559,2972,+0.60
20200416,32.3,32.35,31.9,32.15,4848973,155909012,2104,-0.30
20200417,32.45,32.8,32.2,32.25,6291334,204305253,2446,+0.10
20200420,32.0,32.35,31.85,32.35,4021165,129383274,1884,+0.10
20200421,32.0,32.35,31.5,31.5,5512652,174976664,2915,-0.85
20200422,31.3,31.7,30.7,31.6,4737582,148030634,2378,+0.10
20200423,31.7,31.95,31.6,31.75,3096131,98255472,1096,+0.15
20200424,31.8,31.8,31.5,31.5,1796268,56670476,929,-0.25
20200427,31.8,32.35,31.8,32.25,5077661,163189228,2046,+0.75
20200428,32.5,33.05,32.45,33.05,6259269,205587140,2914,+0.80
20200429,33.1,34.3,33.05,34.0,8455338,286240265,3564,+0.95
20200430,34.6,34.65,34.05,34.1,9030380,309363108,3427,+0.10
20200504,33.0,33.7,32.85,33.45,6010634,200409259,3471,-0.65
20200505,33.5,33.65,33.3,33.35,3640535,121775515,2053,-0.10
20200506,33.45,33.5,33.0,33.4,2882157,96167099,1371,+0.05
20200507,33.4,33.6,33.25,33.45,3465367,115690873,1797,+0.05
20200508,33.6,33.75,33.4,33.5,3563251,119449154,2040,+0.05
20200511,33.6,34.4,33.55,33.85,4799015,162866988,2442,+0.35
20200512,33.55,33.75,33.4,33.4,3722701,124688481,2105,-0.45
20200513,33.35,34.3,33.3,33.9,3592281,121095065,1699,+0.50
20200514,33.8,33.9,33.55,33.6,3003226,101172146,1425,-0.30
20200515,33.8,33.8,33.3,33.5,2900978,97253499,1257,-0.10
20200518,33.35,34.0,33.3,33.8,3955241,133255769,1559,+0.30
20200519,34.9,35.0,34.5,34.55,12424364,431054196,5716,+0.75
20200520,34.75,35.35,34.7,35.1,12566246,440600608,5389,+0.55
20200521,35.55,36.2,35.35,36.1,15086537,540455766,6613,+1.00
20200522,36.1,36.1,35.45,35.45,8052545,287441290,4042,-0.65
20200525,35.55,37.5,35.5,37.3,23773708,875286036,9310,+1.85
20200526,38.0,38.5,37.65,38.25,22275263,848198670,10142,+0.95
20200527,38.6,39.9,38.6,39.3,29864997,1174311797,14334,+1.05
20200528,39.95,39.95,38.1,38.45,20923002,814847840,10772,-0.85
20200529,38.4,38.4,37.7,37.7,19808867,750579146,6817,-0.75
20200601,38.2,39.0,38.2,38.3,13808985,530465004,6115,+0.60
20200602,38.4,38.45,38.0,38.15,8527262,325296486,5399,-0.15
20200603,38.5,38.65,38.15,38.4,9242552,354484751,4474,+0.25
20200604,38.6,38.8,38.2,38.4,7392603,283902065,3454, 0.00
20200605,38.4,38.8,38.25,38.65,7368092,284170976,3320,+0.25
20200608,38.7,38.9,38.5,38.75,12818345,496605113,6942,+0.10
20200609,38.75,38.8,38.35,38.5,6857832,263884094,2949,-0.25
20200610,38.55,38.75,38.45,38.5,5782042,223165604,2967, 0.00
20200611,38.5,38.5,37.9,38.0,10904535,416185237,4160,-0.50
20200612,37.1,37.7,37.0,37.5,10086293,377030809,4312,-0.50
20200615,37.5,37.6,37.05,37.05,7282846,271068347,4475,-0.45
20200616,37.4,37.65,37.15,37.55,5786109,216097983,3590,+0.50
20200617,37.6,37.65,37.0,37.2,10718822,397978636,6026,-0.35
20200618,37.2,37.2,36.8,36.8,10540973,388668433,4955,-0.40
20200619,37.0,37.2,36.5,36.5,12262014,450687752,4850,-0.30
20200622,36.55,36.7,36.15,36.15,10745920,390235222,6158,-0.35
20200623,36.15,36.75,36.15,36.55,7414999,270282802,4172,+0.40
20200624,36.7,37.15,36.7,36.85,8210010,303006114,4188,+0.30
20200629,36.75,36.85,36.35,36.5,4167054,152307479,2029,-0.35
20200630,36.6,36.75,36.3,36.5,4982426,181833121,2146, 0.00
20200701,36.7,36.8,36.5,36.5,7759923,284192148,3330, 0.00
20200702,36.6,36.9,36.5,36.75,6462171,237605504,2100,+0.25
20200703,37.1,37.15,36.85,37.05,4580983,169496257,2079,+0.30
20200706,37.15,37.3,37.05,37.15,7081958,262917764,2729,+0.10
20200707,37.25,37.3,36.85,37.15,10326656,382368183,3912, 0.00
20200708,36.2,36.55,36.15,36.55,10511661,382627763,4157,X0.00
20200709,36.65,36.65,36.0,36.05,10210911,369305404,5120,-0.50
20200710,36.0,36.0,35.4,35.4,8855483,315019179,4270,-0.65
20200713,35.4,35.4,35.05,35.2,9159203,321935231,3708,-0.20
20200714,35.2,35.2,34.7,34.7,8485250,295755942,3605,-0.50
20200715,34.75,35.85,34.75,35.25,9001085,318162995,4075,+0.55
20200716,35.25,35.3,34.8,34.8,7431867,260100757,3595,-0.45
20200717,35.3,35.3,34.85,35.0,4100244,143493268,1995,+0.20
20200720,34.9,35.0,34.6,34.9,2619261,91037200,1487,-0.10
20200721,34.9,35.15,34.9,34.95,3483013,121900651,1734,+0.05
20200722,34.95,35.0,34.8,34.8,3322686,115813910,1526,-0.15
20200723,34.8,34.9,34.65,34.8,2664091,92499570,1471, 0.00
20200724,34.6,34.75,34.55,34.6,3963131,137190101,1556,-0.20
20200727,34.55,34.55,34.0,34.05,6575034,224604447,2913,-0.55
20200728,33.75,33.9,33.2,33.8,7347453,247448385,3204,-0.25
20200729,33.7,34.5,33.45,33.55,8022067,271399304,3899,-0.25
20200730,33.7,33.8,33.3,33.35,6721624,224491087,2974,-0.20
20200731,33.3,34.0,33.3,33.3,7290806,244487604,2997,-0.05
20200803,33.3,33.45,32.9,32.95,6657459,220368341,3163,-0.35
20200804,32.95,33.45,32.9,33.3,4026859,133802995,1809,+0.35
20200805,33.3,33.8,33.3,33.3,6843848,229100464,3298, 0.00
20200806,33.4,33.65,32.95,33.0,8239568,273941326,3419,-0.30
20200807,33.0,33.15,32.4,32.45,11510683,375750187,5085,-0.55
20200810,32.45,32.7,32.15,32.6,4054218,131300959,1986,+0.15
20200811,32.6,32.6,32.2,32.2,6084510,196523209,2807,-0.40
20200812,32.2,32.4,32.2,32.25,4266668,137783503,2046,+0.05
20200813,32.3,32.75,32.3,32.7,4197734,137014391,1927,+0.45
20200814,32.7,34.0,32.5,33.95,14084119,473216036,6863,+1.25
20200817,34.1,34.3,33.5,33.95,7158923,243087800,3640, 0.00
20200818,33.75,33.95,33.4,33.45,5682120,190263340,2693,-0.50
20200819,33.5,33.7,33.2,33.2,3953873,131879741,2118,-0.25
20200820,33.05,33.1,32.05,32.35,9504036,308188019,4907,-0.85
20200821,32.4,32.8,32.4,32.6,4107612,133971964,2064,+0.25
20200824,32.55,32.55,32.25,32.35,3037702,98310189,1412,-0.25
20200825,32.4,33.3,32.4,33.0,6281454,207000163,2737,+0.65
20200826,33.1,33.2,32.8,32.85,3157546,103885735,1547,-0.15
20200827,32.85,32.9,32.5,32.6,3037864,99057628,1590,-0.25
20200828,32.6,32.8,32.5,32.6,3153395,102902567,1317, 0.00
20200831,32.6,33.0,32.5,32.5,8056841,263174203,2338,-0.10
20200901,32.5,32.5,32.25,32.35,3830770,123976151,1423,-0.15
20200902,32.55,32.65,32.3,32.45,3577776,115979843,1459,+0.10
20200903,32.5,32.8,32.4,32.55,3384723,110376078,1588,+0.10
20200904,32.4,32.45,32.2,32.35,4781584,154534897,2038,-0.20
20200907,32.45,32.55,32.35,32.4,3379430,109665115,1411,+0.05
20200908,32.4,32.65,32.35,32.4,3381353,109876549,1567, 0.00
20200909,32.25,32.3,31.55,32.15,5587941,178873379,2929,-0.25
20200910,32.3,32.35,32.15,32.2,2598681,83726979,1196,+0.05
20200911,32.15,32.3,31.85,31.95,4082191,130510841,2189,-0.25
20200914,32.0,32.05,31.85,32.05,3122229,99799462,1359,+0.10
20200915,32.05,32.25,32.0,32.15,1970063,63391260,1015,+0.10
20200916,32.3,32.3,32.1,32.15,2380086,76573313,1064, 0.00
20200917,32.1,32.25,31.95,32.0,3286764,105269650,1699,-0.15
20200918,31.85,32.0,31.7,32.0,6113589,194811760,2848, 0.00
20200921,32.0,32.25,31.9,31.9,3388918,108581954,1395,-0.10
20200922,31.85,31.85,31.55,31.6,3326351,105326900,1708,-0.30
20200923,31.65,31.75,31.5,31.55,3265148,103037553,1656,-0.05
20200924,31.4,31.55,30.3,30.35,10083842,309350506,4950,-1.20
20200925,30.45,31.0,30.45,30.75,4674811,143424549,1994,+0.40
20200928,30.95,31.8,30.95,31.35,3226137,101170561,1362,+0.60
20200929,31.45,31.7,31.3,31.4,4275340,134465186,1283,+0.05
20200930,31.6,31.8,31.6,31.65,3793407,120191684,1362,+0.25
20201005,31.8,32.0,31.55,31.55,3020347,95974242,1480,-0.10
20201006,31.7,31.85,31.45,31.6,3279453,103803138,1552,+0.05
20201007,31.65,31.65,31.4,31.45,2280658,71789754,1062,-0.15
20201008,31.6,31.6,31.15,31.25,3941285,123147895,1756,-0.20
20201012,31.25,31.35,31.0,31.1,3610611,112216947,1781,-0.15
20201013,31.05,31.05,30.7,30.85,2722066,83936982,1318,-0.25
20201014,30.85,31.45,30.85,31.2,3065983,95742862,1077,+0.35
20201015,31.15,31.2,30.7,30.75,3450992,106349441,1709,-0.45
20201016,30.75,31.0,30.65,30.65,3616360,111340765,1837,-0.10
20201019,30.65,30.8,30.6,30.7,2477445,76119564,1158,+0.05
20201020,30.7,30.7,30.5,30.55,2729465,83372339,1341,-0.15
20201021,30.55,30.7,30.4,30.55,3987215,121772141,1797, 0.00
20201022,30.5,30.65,30.45,30.6,3255505,99511422,1278,+0.05
20201023,30.5,30.75,30.45,30.5,3775908,115414068,1262,-0.10
20201026,30.55,31.05,30.55,30.9,3212525,99277275,1384,+0.40
20201027,30.85,30.95,30.7,30.8,4963160,152944566,1490,-0.10
20201028,30.75,30.8,30.4,30.5,3321871,101392491,1804,-0.30
20201029,30.35,30.35,30.05,30.25,3515574,106140353,1971,-0.25
20201030,30.1,30.25,30.0,30.25,4487118,135213870,1724, 0.00
20201102,30.2,30.25,30.15,30.25,2484467,75036586,1386, 0.00
20201103,30.25,30.45,30.2,30.3,3737142,113457724,1514,+0.05
20201104,30.4,30.4,30.2,30.2,3501188,106033655,1127,-0.10
20201105,30.35,30.65,30.1,30.2,5352671,162404687,2326, 0.00
20201106,30.2,30.35,30.15,30.3,3682584,111488974,1378,+0.10
20201109,30.5,30.85,30.3,30.8,5321344,163619113,1807,+0.50
20201110,31.3,32.75,31.25,31.6,17389559,552420948,6949,+0.80
20201111,31.75,31.85,31.4,31.7,8724256,276024265,3771,+0.10
20201112,31.9,31.9,31.35,31.45,6182259,194553094,1690,-0.25
20201113,31.4,31.45,31.1,31.3,4719978,147422654,1523,-0.15
20201116,31.4,31.95,31.3,31.65,6967895,220404549,2800,+0.35
20201117,31.65,31.7,31.4,31.55,7028295,221532273,2691,-0.10
20201118,31.55,31.9,31.55,31.8,7340270,233184822,2624,+0.25
20201119,31.8,31.8,31.35,31.45,6781525,214056747,2359,-0.35
20201120,31.5,31.5,31.15,31.4,8068807,252734147,2934,-0.05
20201123,31.45,31.65,31.25,31.4,8023732,252186984,2656, 0.00
20201124,31.45,31.6,31.25,31.35,5727096,179534826,2222,-0.05
20201125,31.5,31.55,31.15,31.3,8012545,250768418,3067,-0.05
20201126,31.4,31.45,31.15,31.2,5741616,179174686,2351,-0.10
20201127,31.25,31.3,31.1,31.25,5824731,181601531,2237,+0.05
20201130,31.3,31.45,30.95,31.45,18127928,566703232,4374,+0.20
20201201,31.5,31.5,31.0,31.1,7331589,228210912,2876,-0.35
20201202,31.1,31.15,31.0,31.05,9183655,285232533,2471,-0.05
20201203,31.1,31.45,31.0,31.3,8542202,267462661,3324,+0.25
20201204,31.4,31.8,31.4,31.6,11333996,358389621,4074,+0.30
20201207,31.7,31.7,31.2,31.25,8056827,252140245,3255,-0.35
20201208,31.1,31.15,30.95,30.95,10025074,311003380,5176,-0.30
20201209,30.95,31.05,30.8,30.85,7514991,232076613,2869,-0.10
20201210,30.85,30.95,30.7,30.8,8314137,256162504,3461,-0.05
20201211,30.75,30.95,30.7,30.75,6764532,208261690,2584,-0.05
20201214,30.75,31.0,30.75,30.8,6063136,187241678,1941,+0.05
20201215,30.75,30.9,30.4,30.4,9529009,291772186,4585,-0.40
20201216,30.6,30.9,30.6,30.7,8091664,248847836,3420,+0.30
20201217,30.75,30.8,30.6,30.7,3805354,116794523,1488, 0.00
20201218,30.7,30.75,30.6,30.65,7475634,229205476,2059,-0.05
20201221,30.6,31.3,30.6,31.2,7993514,248660786,3777,+0.55
20201222,31.3,31.3,30.5,30.5,9588215,295543784,3790,-0.70
20201223,30.5,30.6,30.15,30.55,10978873,332963293,3475,+0.05
20201224,30.6,30.95,30.55,30.75,6258101,192530398,1898,+0.20
20201225,30.8,30.95,30.75,30.9,4565442,140771092,1754,+0.15
20201228,30.95,31.8,30.95,31.3,14180337,445062695,4677,+0.40
20201229,31.5,31.55,31.2,31.3,5620712,176024387,2109, 0.00
20201230,31.35,31.45,31.15,31.4,7001863,219031122,2532,+0.10
20201231,31.45,31.8,31.25,31.7,9126748,288001090,3368,+0.30
20210104,31.7,31.7,31.1,31.1,10135638,316191358,4230,-0.60
20210105,31.1,31.1,30.7,30.75,6678916,205604831,3511,-0.35
20210106,30.75,30.85,30.35,30.55,11088426,338907243,5127,-0.20
20210107,30.65,30.9,30.6,30.75,7219763,222004324,2662,+0.20
20210108,30.75,30.8,30.35,30.7,10257461,313377258,4708,-0.05
20210111,30.7,30.8,30.5,30.7,8719287,267025394,2940, 0.00
20210112,30.7,30.8,30.4,30.65,10256764,313029628,5284,-0.05
20210113,30.65,30.65,30.4,30.5,10047326,306299449,4233,-0.15
20210114,30.5,30.85,30.35,30.6,6831146,209224808,2788,+0.10
20210115,30.6,30.6,30.25,30.3,8265152,250920512,3359,-0.30
20210118,30.25,30.25,29.85,30.05,9699999,291156038,4742,-0.25
20210119,30.0,30.1,29.85,30.0,8648633,259236216,3779,-0.05
20210120,30.0,30.0,29.05,29.05,17838589,524446333,10469,-0.95
20210121,29.05,29.45,29.05,29.1,7060857,206294207,4065,+0.05
20210122,29.1,29.25,29.0,29.15,7958492,231696746,3402,+0.05
20210125,29.0,29.25,28.8,29.2,6198405,179750700,3452,+0.05
20210126,29.1,29.2,29.0,29.2,6422688,186755342,3294, 0.00
20210127,29.25,29.65,29.2,29.25,7365901,216367362,3368,+0.05
20210128,29.2,29.25,28.9,29.05,6482252,188466310,3453,-0.20
20210129,29.0,29.15,28.9,28.9,13389616,388145196,4037,-0.15
20210201,28.8,28.9,28.7,28.8,4713793,135865589,2770,-0.10
20210202,28.7,29.15,28.55,29.15,4473042,129326243,2694,+0.35
20210203,29.15,29.3,28.9,29.1,7060969,205548677,2570,-0.05
20210204,28.95,29.2,28.85,29.2,5903007,171323817,3327,+0.10
20210205,29.2,29.5,29.0,29.4,6972858,204416498,3491,+0.20
20210217,29.4,29.85,29.2,29.8,8949836,264576372,4325,+0.40
20210218,29.8,30.1,29.7,29.85,7693076,230461475,2878,+0.05
20210219,29.8,30.0,29.6,30.0,5325849,158577576,2397,+0.15
20210222,30.0,30.25,30.0,30.05,7465718,224778520,3030,+0.05
20210223,30.05,30.7,30.05,30.7,10609346,323947164,4348,+0.65
20210224,30.8,31.0,30.55,30.65,8963353,275880878,3910,-0.05
20210225,30.9,31.0,30.8,31.0,12407236,383692204,4634,+0.35
20210226,31.0,31.0,30.15,30.15,19266761,586309234,5387,-0.85
20210302,30.55,30.8,30.4,30.5,8213610,251217993,3322,+0.35
20210303,30.7,31.0,30.6,31.0,10309071,317985815,3556,+0.50
20210304,30.85,30.9,30.3,30.4,9871819,301616107,3360,-0.60
20210305,30.15,30.8,30.15,30.6,6917703,211460816,2930,+0.20
20210308,30.9,30.95,30.55,30.55,4436578,136306905,1869,-0.05
20210309,30.85,30.95,30.6,30.75,7113638,218820035,2033,+0.20
20210310,30.9,30.9,30.6,30.75,4009405,123261795,1666, 0.00
20210311,30.9,30.9,30.75,30.85,5865847,180794044,2170,+0.10
20210312,30.9,30.9,30.65,30.8,3751718,115351399,1836,-0.05
20210315,30.7,30.8,30.6,30.7,5238486,160727371,2266,-0.10
20210316,30.7,30.75,30.55,30.65,4873971,149443815,2045,-0.05
20210317,30.6,30.7,30.4,30.5,7004277,213957730,3276,-0.15
20210318,31.0,31.0,30.8,30.8,8841326,273311996,3481,+0.30
20210319,30.8,31.2,30.4,31.2,11611320,356918854,4046,+0.40
20210322,31.0,31.0,30.7,30.75,7579953,233508912,3159,-0.45
20210323,30.75,30.75,30.55,30.55,5590078,171271391,2444,-0.20
20210324,30.65,30.7,30.45,30.7,6338988,193996055,1995,+0.15
20210325,30.6,30.65,30.45,30.6,4479406,136819284,2288,-0.10
20210326,30.6,30.65,30.45,30.5,4236134,129388974,2100,-0.10
20210329,30.55,30.85,30.5,30.85,4655299,142977207,2052,+0.35
20210330,30.9,31.05,30.85,31.0,6785078,209958928,2927,+0.15
20210331,31.1,31.5,31.0,31.45,10190817,319242701,4344,+0.45
20210401,31.5,31.55,31.0,31.1,8000939,249434780,3602,-0.35
20210406,31.25,31.35,30.85,30.85,6040076,187276584,3331,-0.25
20210407,30.85,31.0,30.8,31.0,3976292,122796416,1996,+0.15
20210408,30.95,31.15,30.85,31.0,6636757,205572188,2574, 0.00
20210409,30.95,30.95,30.85,30.9,5708599,176383948,2038,-0.10
20210412,30.8,30.9,30.7,30.85,6856289,211037146,2621,-0.05
20210413,30.85,30.85,30.7,30.7,5565000,171143408,2596,-0.15
20210414,30.7,30.8,30.55,30.65,5175655,158652882,2332,-0.05
20210415,30.65,30.65,30.55,30.6,5953811,182187535,2256,-0.05
20210416,30.65,30.9,30.65,30.9,4705465,144752731,2168,+0.30
20210419,30.95,31.3,30.85,31.25,10449454,325316552,4240,+0.35
20210420,31.25,31.55,31.2,31.55,12453268,391827596,5481,+0.30
20210421,31.55,31.65,31.35,31.35,7870801,247802078,3745,-0.20
20210422,31.5,31.5,31.0,31.25,10524956,329338114,3942,-0.10
20210423,31.25,31.3,31.0,31.2,6391841,198762826,2116,-0.05
20210426,31.15,31.4,31.0,31.35,7375956,230316990,2685,+0.15
20210427,31.35,31.35,31.2,31.35,5576769,174408407,2050, 0.00
20210428,31.3,31.45,31.25,31.4,4567757,143209817,2107,+0.05
20210429,31.35,31.45,31.25,31.45,6079169,190641071,2075,+0.05
20210503,31.3,31.35,30.75,30.75,9081414,280976093,3533,-0.70
20210504,30.8,30.9,30.2,30.35,9611502,292781686,4102,-0.40
20210505,30.3,30.7,30.25,30.55,4039056,123082304,1586,+0.20
20210506,30.5,30.65,30.35,30.6,5865136,178652138,2054,+0.05
20210507,30.6,31.0,30.6,31.0,4682250,144443109,2422,+0.40
20210510,31.15,31.3,31.0,31.25,6709514,207293578,2256,+0.25
20210511,31.0,31.05,30.05,30.1,11753824,358291207,4783,-1.15
20210512,29.6,29.95,28.2,28.65,20489827,595174435,9485,-1.45
20210513,28.4,28.8,27.5,28.3,13285430,375760730,6046,-0.35
20210514,28.35,28.85,28.35,28.85,7222491,206523662,3368,+0.55
20210517,26.8,27.8,26.8,27.0,15071384,410752911,6799,-1.85
20210518,27.1,27.95,27.1,27.85,9594273,265079508,4315,+0.85
20210519,27.9,28.55,27.85,28.5,5348481,151624783,2268,+0.65
20210520,28.05,28.3,28.0,28.15,5298223,149051005,2378,-0.35
20210521,28.15,28.55,27.9,28.1,6351593,178451353,3154,-0.05
20210524,28.0,28.25,28.0,28.1,3680420,103438711,2251, 0.00
20210525,28.15,28.5,28.1,28.3,4154681,117551590,2054,+0.20
20210526,28.3,28.35,28.1,28.25,3417969,96386889,1665,-0.05
20210527,28.2,29.25,28.05,29.25,11788217,340828366,2665,+1.00
20210528,29.15,29.15,28.65,28.9,6382062,184618110,3266,-0.35
20210531,28.9,29.45,28.8,29.45,6460880,188732722,3519,+0.55
20210601,29.45,29.95,29.4,29.95,5584271,166169942,3797,+0.50
20210602,29.95,30.2,29.85,30.2,6203743,186440734,3975,+0.25
20210603,30.1,30.35,29.9,30.15,4064842,122317588,2040,-0.05
20210604,30.0,30.05,29.8,30.0,3060970,91640277,1890,-0.15
20210607,29.6,29.7,29.05,29.2,6038524,176905738,3182,-0.80
20210608,29.2,29.6,29.1,29.15,4623264,135233664,2211,-0.05
20210609,29.15,29.35,29.15,29.35,2277514,66610992,1193,+0.20
20210610,29.35,29.55,29.35,29.4,3289116,96757512,1515,+0.05
20210611,29.55,29.8,29.45,29.65,2928704,86883656,1344,+0.25
20210615,29.8,30.0,29.75,29.75,2982923,89022458,1484,+0.10
20210616,29.8,29.85,29.55,29.55,3033403,90044126,1735,-0.20
20210617,29.4,29.45,29.2,29.4,3646222,106871398,1887,-0.15
20210618,29.35,29.4,29.0,29.0,19029235,552876111,4042,-0.40
20210621,29.05,29.8,29.05,29.45,6874630,202365898,3420,+0.45
20210622,29.6,30.1,29.6,29.7,6982310,208534075,3157,+0.25
20210623,29.9,30.0,29.75,30.0,5889646,176304227,2957,+0.30
20210624,30.0,30.0,29.85,29.95,3020125,90422538,1393,-0.05
20210625,29.95,30.1,29.9,30.05,3567515,107068619,1566,+0.10
20210628,30.0,30.05,29.7,30.05,3668957,109599774,1666, 0.00
20210629,30.0,30.0,29.6,30.0,4340933,129532381,2527,-0.05
20210630,29.95,29.95,29.8,29.9,3490819,104337872,1814,-0.10
20210701,29.8,29.95,29.7,29.9,2885901,86088712,1448, 0.00
20210702,29.8,29.85,29.75,29.8,3061306,91174478,1335,-0.10
20210705,29.8,30.0,29.7,29.95,3102915,92726989,1354,+0.15
20210706,29.95,30.25,29.9,29.95,4828422,145054223,2168, 0.00
20210707,29.9,30.0,29.75,29.9,3848454,115002875,2079,-0.05
20210708,29.95,30.0,29.8,29.95,3945416,117858813,2477,+0.05
20210709,29.85,29.9,29.6,29.85,4299205,127779679,2230,-0.10
20210712,29.95,29.95,29.7,29.7,2275947,67819638,1179,-0.15
20210713,29.8,29.9,29.7,29.8,2512167,74788591,1240,+0.10
20210714,29.85,29.9,29.6,29.7,3205445,95140889,1324,-0.10
20210715,29.8,29.85,29.65,29.85,2568732,76418795,1184,+0.15
20210716,29.8,30.0,29.8,29.9,3948215,118138010,2303,+0.05
20210719,29.9,30.15,29.8,30.15,4446717,133347528,2151,+0.25
20210720,30.1,30.15,29.85,29.95,4075939,122299494,1660,-0.20
20210721,30.0,30.1,29.75,29.85,3768645,112688827,1721,-0.10
20210722,30.0,30.1,29.9,30.1,3392739,101861259,1392,+0.25
20210723,30.1,30.9,30.1,30.9,10618040,325229231,4360,+0.80
20210726,31.1,31.1,30.25,30.55,6322846,193515267,3044,-0.35
20210727,30.4,30.4,30.0,30.15,3830793,115661913,1750,-0.40
20210728,30.15,30.35,29.8,29.9,5200464,155462340,3075,-0.25
20210729,30.0,30.4,29.9,30.4,2528600,76248988,1233,+0.50
20210730,30.3,30.35,30.05,30.35,3135831,94739123,1355,-0.05
20210802,30.2,30.35,30.05,30.35,2991032,90453937,1488, 0.00
20210803,30.15,30.4,30.15,30.4,2259261,68402019,1124,+0.05
20210804,30.25,30.45,30.2,30.35,1693370,51379521,1009,-0.05
20210805,30.3,30.45,30.15,30.45,2355670,71358749,1006,+0.10
20210806,30.45,30.5,30.2,30.25,1824523,55244937,1079,-0.20
20210809,30.05,30.25,29.85,30.1,2985063,89696601,1548,-0.15
20210810,30.2,30.25,29.9,29.95,3892188,116936761,1820,-0.15
20210811,29.95,30.2,29.9,29.95,3436409,103150434,1254, 0.00
20210812,30.0,30.1,29.9,29.9,2619497,78443802,1150,-0.05
20210813,29.9,30.0,29.85,30.0,4234350,126724311,1651,+0.10
20210816,29.3,29.4,29.0,29.1,6880817,200561186,3188,X0.00
20210817,29.15,29.25,29.0,29.1,4455525,129506907,2091, 0.00
20210818,29.05,29.3,28.8,29.3,5700357,165112996,2923,+0.20
20210819,29.3,29.3,28.85,29.05,5453591,157905211,2382,-0.25
20210820,28.85,29.0,28.75,28.8,5023617,144911615,2287,-0.25
20210823,29.0,29.45,28.9,29.4,3402994,99855475,1308,+0.60
20210824,29.55,29.8,29.4,29.8,4299583,127728444,1894,+0.40
20210825,29.9,30.0,29.75,30.0,3107152,92856983,1361,+0.20
20210826,30.0,30.0,29.6,29.9,2429376,72260212,1251,-0.10
20210827,29.9,30.0,29.7,29.9,2080020,62138216,1036, 0.00
20210830,29.9,30.0,29.75,30.0,2365944,70669668,1111,+0.10
20210831,30.0,30.2,29.8,30.2,6567876,197558443,2024,+0.20
20210901,30.2,30.25,30.0,30.15,2180375,65712143,1115,-0.05
20210902,30.1,30.2,29.85,29.85,1477938,44311047,864,-0.30
20210903,30.0,30.1,29.95,30.05,2141004,64274583,1097,+0.20
20210906,30.1,30.1,29.85,29.9,1852964,55421846,1008,-0.15
20210907,29.9,29.95,29.6,29.75,2294894,68182137,1189,-0.15
20210908,29.75,29.75,29.45,29.65,2904459,85801734,1569,-0.10
20210909,29.5,29.6,29.4,29.4,2177138,64137693,1001,-0.25
20210910,29.55,29.75,29.45,29.75,1522799,45110579,862,+0.35
20210913,29.75,29.8,29.5,29.7,1183170,35093421,698,-0.05
20210914,29.85,29.95,29.7,29.9,3373839,100787751,1351,+0.20
20210915,29.9,30.0,29.8,30.0,2733378,81863383,1281,+0.10
20210916,30.0,30.0,29.7,29.95,2779448,83179883,1337,-0.05
20210917,29.95,30.1,29.2,29.2,9126857,268897817,1737,-0.75
20210922,29.2,29.75,28.95,29.35,9768122,285509472,4901,+0.15
20210923,29.6,29.85,29.45,29.85,3356284,99661710,1511,+0.50
20210924,29.9,30.0,29.8,29.95,2018226,60364027,1058,+0.10
20210927,30.0,30.0,29.8,29.85,2200838,65845061,1033,-0.10
20210928,29.85,29.9,29.5,29.9,1922669,57280225,983,+0.05
20210929,29.7,29.7,29.45,29.6,3510276,103725022,2038,-0.30
20210930,29.45,29.8,29.3,29.6,3485440,102852263,1600, 0.00
20211001,29.45,29.55,29.1,29.2,5300497,155087789,2743,-0.40
20211004,29.3,29.4,28.9,29.0,6059478,176073108,2905,-0.20
20211005,29.0,29.25,28.8,29.0,4013202,116367413,2304, 0.00
20211006,29.1,29.15,28.85,28.85,4725602,136640384,2811,-0.15
20211007,29.1,29.3,28.9,29.15,3841849,112059445,2642,+0.30
20211008,29.15,29.25,29.05,29.1,2055470,59881324,1250,-0.05
20211012,28.9,29.05,28.2,28.85,4578773,132115011,2367,-0.25
20211013,29.15,29.15,28.8,28.85,2913345,84303350,1668, 0.00
20211014,29.1,29.25,28.85,28.85,3485734,101134776,2260, 0.00
20211015,29.05,29.35,28.95,29.35,3527367,103146952,1840,+0.50
20211018,29.5,29.6,29.1,29.3,4381987,128777034,1684,-0.05
20211019,29.45,29.55,29.35,29.35,4128264,121475074,2475,+0.05
20211020,29.4,29.5,29.3,29.35,2375027,69816619,1498, 0.00
20211021,29.4,29.5,29.35,29.35,2474582,72756241,1472, 0.00
20211022,29.35,29.4,29.2,29.3,1323771,38762848,905,-0.05
20211025,29.25,29.35,29.15,29.25,1404605,41060243,969,-0.05
20211026,29.25,29.35,29.1,29.25,2658398,77798790,1395, 0.00
20211027,29.15,29.25,29.05,29.1,2471581,71949190,1418,-0.15
20211028,29.1,29.15,29.0,29.05,2757820,80078369,1579,-0.05
20211029,29.05,29.1,28.8,29.05,5399068,156407455,2381, 0.00
20211101,29.15,29.2,29.0,29.0,2657409,77172407,1526,-0.05
20211102,29.0,29.2,28.9,28.95,4806156,139387460,2375,-0.05
20211103,29.0,29.1,28.95,29.0,3269354,94805991,2124,+0.05
20211104,29.0,29.1,28.9,29.0,4157722,120465748,2232, 0.00
20211105,28.95,29.05,28.8,29.05,2886007,83489252,2095,+0.05
20211108,29.05,29.15,28.95,29.15,4336167,126072535,2355,+0.10
20211109,29.15,29.4,29.0,29.35,7774253,227495332,4956,+0.20
20211110,29.2,29.35,29.15,29.25,2938000,85898623,1739,-0.10
20211111,29.25,29.3,29.1,29.2,2681425,78235868,1489,-0.05
20211112,29.2,29.3,29.1,29.2,1967408,57329121,1246, 0.00
20211115,29.2,29.25,29.05,29.15,3820505,111253407,2011,-0.05
20211116,29.1,29.2,29.05,29.15,3594147,104643856,1975, 0.00
20211117,29.15,29.3,29.05,29.2,9405238,274387943,2615,+0.05
20211118,29.25,29.35,29.15,29.35,6365646,186185535,2848,+0.15
20211119,29.5,29.75,29.4,29.4,7206017,212907902,3116,+0.05
20211122,29.5,29.8,29.4,29.7,6452465,191235729,2642,+0.30
20211123,29.8,29.8,29.6,29.6,4747693,141065021,2188,-0.10
20211124,29.7,30.0,29.6,29.95,6512870,194598587,3084,+0.35
20211125,30.1,30.7,30.1,30.6,17721661,538605054,7226,+0.65
20211126,30.6,30.7,29.95,30.05,11626253,351151988,5479,-0.55
20211129,29.6,29.8,29.3,29.5,7689497,227492859,3473,-0.55
20211130,29.6,30.2,29.45,29.65,17187946,512133195,3946,+0.15
20211201,29.5,29.95,29.5,29.9,4259772,126884254,2147,+0.25
20211202,29.65,29.9,29.55,29.9,5158141,153291512,2775, 0.00
20211203,29.9,29.9,29.65,29.65,3529588,104959475,1962,-0.25
20211206,29.65,29.65,29.3,29.55,3846849,113590002,1926,-0.10
20211207,29.55,29.7,29.45,29.65,3179568,93920822,1916,+0.10
20211208,29.85,29.85,29.6,29.75,3374300,100241338,1910,+0.10
20211209,29.85,29.95,29.8,29.9,3757049,112248578,2069,+0.15
20211210,29.9,29.95,29.65,29.75,4044788,120528750,1871,-0.15
20211213,29.8,29.85,29.5,29.5,5015291,148371951,2440,-0.25
20211214,29.45,29.5,29.25,29.3,5096253,149522096,2477,-0.20
20211215,29.25,29.3,29.15,29.15,4371317,127647102,2048,-0.15
20211216,29.2,29.45,29.15,29.45,4631258,135802364,2047,+0.30
20211217,29.4,29.6,29.1,29.15,8450928,247071614,2567,-0.30
20211220,29.2,29.3,29.15,29.3,2512778,73413484,1113,+0.15
20211221,29.3,29.4,29.15,29.35,2166820,63506211,876,+0.05
20211222,29.4,29.45,29.25,29.35,1720847,50543348,779, 0.00
20211223,29.45,29.45,29.3,29.35,1987553,58381311,851, 0.00
20211224,29.45,29.45,29.3,29.4,2094555,61504996,873,+0.05
20211227,29.35,29.45,29.25,29.45,2225493,65329343,941,+0.05
20211228,29.5,29.65,29.4,29.6,4423308,130762564,1675,+0.15
20211229,29.6,29.7,29.4,29.6,2687576,79516049,1185, 0.00
20211230,29.6,29.6,29.5,29.6,2433592,71965971,1127, 0.00
20220103,29.6,29.6,29.25,29.4,2350986,69156692,1282,-0.20
20220104,29.35,29.4,29.25,29.35,2667146,78109554,4732,-0.05
20220105,29.35,29.5,29.25,29.3,2161372,63496044,1091,-0.05
20220106,29.25,29.4,29.25,29.4,2409334,70716457,1429,+0.10
20220107,29.4,29.4,29.2,29.35,2559080,74949922,1405,-0.05
20220110,29.3,29.3,29.1,29.2,2419718,70677599,1320,-0.15
20220111,29.2,29.35,29.1,29.35,2341721,68539301,1289,+0.15
20220112,29.35,29.35,29.2,29.35,1591713,46600565,1184, 0.00
20220113,29.35,29.45,29.3,29.45,2289376,67264939,1368,+0.10
20220114,29.3,29.4,29.15,29.25,2175595,63625294,1403,-0.20
20220117,29.15,29.25,29.05,29.1,3208541,93393010,1579,-0.15
20220118,29.05,29.15,28.95,29.15,3857446,112104409,1772,+0.05
20220119,29.1,29.15,28.65,28.8,10019861,288895030,4920,-0.35
20220120,28.8,28.95,28.7,28.85,4124166,118768686,2157,+0.05
20220121,28.75,28.8,28.45,28.55,7624718,217689680,4120,-0.30
20220124,28.5,28.55,28.2,28.45,4593051,130067633,2505,-0.10
20220125,28.25,28.3,28.0,28.15,7973018,224250276,4243,-0.30
20220126,28.15,28.45,28.15,28.45,3232262,91558759,1666,+0.30
20220207,28.4,28.6,28.15,28.4,6187939,175612721,3366,-0.05
20220208,28.55,28.75,28.45,28.6,4691078,134257291,2469,+0.20
20220209,28.65,29.15,28.6,29.15,4616959,133491417,2678,+0.55
20220210,29.15,29.2,28.9,29.2,2750921,79964064,1437,+0.05
20220211,29.0,29.2,29.0,29.15,1819411,52933665,988,-0.05
20220214,29.1,29.1,28.75,29.0,2281248,65920069,1400,-0.15
20220215,28.85,29.1,28.8,29.0,2651093,76880338,1846, 0.00
20220216,29.15,29.2,29.0,29.05,1878732,54639978,1283,+0.05
20220217,29.2,29.55,29.1,29.5,10304210,303425512,3276,+0.45
20220218,29.25,29.65,29.25,29.45,4553946,134582512,2331,-0.05
20220221,29.45,29.55,29.2,29.3,2625365,77036849,1201,-0.15
20220222,29.3,29.3,28.95,29.2,4024275,116956481,1836,-0.10
20220223,29.05,29.45,29.05,29.15,2581592,75501883,1500,-0.05
20220224,29.2,29.3,28.9,29.0,4819321,140138925,2373,-0.15
20220225,28.95,29.55,28.9,29.55,8903059,260847527,2605,+0.55
20220301,29.5,29.55,29.35,29.5,4287675,126319087,2251,-0.05
20220302,29.5,29.55,29.3,29.55,4342229,127785146,2070,+0.05
20220303,29.5,29.55,29.2,29.35,4728959,138522859,2306,-0.20
20220304,29.05,29.35,28.95,29.2,3647913,106361109,1976,-0.15
20220307,28.9,28.9,28.5,28.5,8443482,241688550,4686,-0.70
20220308,28.35,28.6,28.05,28.05,7222099,203819110,4241,-0.45
20220309,28.3,28.45,28.2,28.2,2688459,75995893,1572,+0.15
20220310,28.45,28.7,28.45,28.65,2274823,65055915,1263,+0.45
20220311,28.65,28.7,28.4,28.4,1942826,55385896,1164,-0.25
20220314,28.5,28.7,28.45,28.7,1993915,56999577,1016,+0.30
20220315,28.7,28.7,28.25,28.45,2369415,67214302,1653,-0.25
20220316,28.4,28.6,28.35,28.45,2346155,66785698,1310, 0.00
20220317,28.85,29.1,28.8,28.9,4576102,132274851,2350,+0.45
20220318,28.9,29.65,28.85,29.65,8224381,241879439,2052,+0.75
20220321,29.35,29.35,28.95,29.1,4089293,118984096,1752,-0.55
20220322,29.15,29.3,29.0,29.2,1704051,49674746,1054,+0.10
20220323,29.25,29.25,29.1,29.2,1755833,51220033,1042, 0.00
20220324,29.1,29.25,28.95,29.0,2512601,72967648,2074,-0.20
20220325,28.9,29.05,28.8,28.8,2113481,60955141,1346,-0.20
20220328,28.6,28.75,28.55,28.75,2326650,66658668,1323,-0.05
20220329,28.8,28.9,28.7,28.9,1491496,43018206,910,+0.15
20220330,28.9,29.2,28.9,29.1,3791754,110147945,2103,+0.20
20220331,29.15,29.15,28.85,28.85,2474943,71647966,1074,-0.25
20220401,28.75,28.8,28.6,28.65,2008255,57619551,1272,-0.20
20220406,28.5,28.8,28.5,28.7,3711881,106303133,2265,+0.05
20220407,28.55,28.7,28.45,28.45,4108273,117129410,2243,-0.25
20220408,28.6,28.7,28.35,28.4,4090309,116426188,2336,-0.05
20220411,28.4,28.45,28.2,28.3,4183581,118307589,3493,-0.10
20220412,28.25,28.35,28.1,28.35,3401742,96022554,2513,+0.05
20220413,28.35,28.65,28.3,28.65,3878046,110592759,3131,+0.30
20220414,28.65,28.7,28.5,28.65,2611134,74753486,1590, 0.00
20220415,28.65,28.65,28.3,28.4,2346631,66738863,2506,-0.25
20220418,28.3,28.4,28.2,28.2,2309556,65289411,2070,-0.20
20220419,28.25,28.45,28.2,28.3,1882543,53295216,1863,+0.10
20220420,28.3,28.6,28.3,28.55,2638299,75037381,2416,+0.25
20220421,28.65,28.65,28.3,28.45,2119478,60282427,1987,-0.10
20220422,28.3,28.55,28.25,28.55,2788001,79196148,2574,+0.10
20220425,28.25,28.4,28.1,28.2,3432182,96681888,3170,-0.35
20220426,28.15,28.35,28.1,28.25,2288267,64573676,1893,+0.05
20220427,28.1,28.15,27.95,28.0,4566881,128030475,2926,-0.25
20220428,28.0,28.1,27.95,28.05,3940687,110364508,3268,+0.05
20220429,28.0,28.15,27.95,28.0,4404811,123408343,3084,-0.05
20220503,28.0,28.05,27.85,27.85,2621355,73178278,2352,-0.15
20220504,27.95,28.05,27.95,27.95,1663101,46545322,1422,+0.10
20220505,28.0,28.1,27.95,28.0,2126258,59552508,2122,+0.05
20220506,27.8,27.9,27.65,27.7,4392631,121789416,3682,-0.30
20220509,27.6,27.6,27.25,27.25,5206566,142524825,3127,-0.45
20220510,27.15,27.4,27.0,27.15,4686302,127258178,2921,-0.10
20220511,27.1,27.2,26.9,26.95,4289551,115742396,2910,-0.20
20220512,26.95,26.95,26.2,26.3,8622213,228603033,5494,-0.65
20220513,26.45,26.75,26.35,26.75,4397216,116948944,3246,+0.45
20220516,27.0,27.1,26.75,27.1,3264226,87946549,2723,+0.35
20220517,27.2,27.35,27.15,27.15,3538078,96368122,2185,+0.05
20220518,27.1,27.6,27.1,27.6,3455073,94711583,2771,+0.45
20220519,27.3,27.55,27.1,27.55,3592989,98250512,2160,-0.05
20220520,27.55,27.85,27.4,27.85,2898849,80167002,2053,+0.30
20220523,27.9,28.2,27.65,28.15,5275383,148091385,2094,+0.30
20220524,28.1,28.15,27.7,27.75,2386002,66474009,1529,-0.40
20220525,27.7,28.15,27.7,28.0,2908599,81443138,1738,+0.25
20220526,28.2,28.25,27.7,27.75,4139032,115236439,2760,-0.25
20220527,27.9,28.3,27.9,28.15,4165813,117225165,2648,+0.40
20220530,28.3,28.35,28.1,28.25,3507907,99096622,2220,+0.10
20220531,28.05,28.25,27.7,27.7,14474333,402476348,2537,-0.55
20220601,27.75,28.1,27.75,27.8,1987900,55434377,1095,+0.10
20220602,28.05,28.15,27.7,28.15,2676402,74897938,1405,+0.35
20220606,28.2,28.25,27.9,28.2,2157382,60632065,1361,+0.05
20220607,28.0,28.2,27.85,27.9,2909445,81267602,1724,-0.30
20220608,27.95,28.2,27.8,27.8,3644110,101709073,1911,-0.10
20220609,27.85,28.0,27.7,27.95,3265930,90933059,1708,+0.15
20220610,27.7,27.9,27.7,27.8,1664939,46245018,1111,-0.15
20220613,27.65,27.75,27.5,27.5,3447643,95006085,2079,-0.30
20220614,27.45,27.7,27.3,27.5,2524938,69368893,1691, 0.00
20220615,27.7,28.0,27.5,27.95,2244035,62405281,1680,+0.45
20220616,28.1,28.1,27.65,27.7,1873436,52295917,1200,-0.25
20220617,27.5,27.75,27.3,27.75,6309380,174426453,1726,+0.05
20220620,27.55,27.75,27.3,27.35,2309101,63365954,1674,-0.40
20220621,27.55,27.75,27.4,27.7,2239848,61898492,1346,+0.35
20220622,27.7,27.8,27.5,27.7,1963688,54313552,1250, 0.00
20220623,27.8,27.9,27.35,27.5,3219165,88710063,1817,-0.20
20220624,27.85,28.2,27.7,28.15,5727269,160533043,3148,+0.65
20220627,28.15,28.35,28.05,28.15,3067873,86659383,1948, 0.00
20220628,27.95,28.15,27.85,28.15,2110082,59141706,1122, 0.00
20220629,28.1,28.45,28.05,28.45,4638403,131176040,2574,+0.30
20220630,28.35,28.45,28.05,28.05,4308393,121304447,2319,-0.40
20220701,28.1,28.1,27.5,27.55,2847713,78940290,1762,-0.50
20220704,27.85,28.1,27.55,27.7,2340002,64955662,1259,+0.15
20220705,28.0,28.1,27.7,28.05,3831530,107001801,1743,+0.35
20220706,27.7,27.9,27.4,27.65,5063189,140066450,2832,X0.00
20220707,27.65,28.35,27.65,28.1,5620297,157935906,2949,+0.45
20220708,28.05,28.8,27.95,28.6,7052695,201106267,3048,+0.50
20220711,28.7,28.75,28.3,28.55,2499939,71343652,1600,-0.05
20220712,28.55,28.65,28.3,28.65,5335775,152367789,2597,+0.10
20220713,28.95,29.0,28.6,28.9,7825904,225985397,3764,+0.25
20220714,29.0,29.7,28.9,29.3,12168199,357224398,4856,+0.40
20220715,29.25,29.45,29.05,29.3,4246888,124376772,2510, 0.00
20220718,29.25,29.45,29.05,29.45,4686149,137091706,2876,+0.15
20220719,29.5,29.7,29.25,29.35,4160115,122639782,2332,-0.10
20220720,29.35,29.45,29.0,29.0,3858003,112273273,2244,-0.35
20220721,29.4,29.4,29.05,29.2,3760062,109943774,1592,+0.20
20220722,29.1,29.35,29.1,29.25,2522869,73710969,1361,+0.05
20220725,29.25,29.35,29.1,29.3,2009809,58824449,1230,+0.05
20220726,29.3,29.35,29.0,29.0,2678947,78045925,1301,-0.30
20220727,29.25,29.3,29.1,29.25,2002278,58479015,1113,+0.25
20220728,29.4,29.4,29.0,29.15,1749994,50933816,1319,-0.10
20220729,29.4,29.4,29.0,29.25,2369904,69138229,1173,+0.10
20220801,29.2,29.2,28.9,29.0,2688089,77969248,1575,-0.25
20220802,28.75,29.1,28.6,28.95,4119626,119164190,2862,-0.05
20220803,28.95,29.15,28.65,28.7,2193778,63104392,1356,-0.25
20220804,28.7,28.7,28.15,28.45,3467258,98451893,1528,-0.25
20220805,28.7,29.05,28.6,28.9,3896595,112665804,1583,+0.45
20220808,28.75,29.0,28.75,28.75,1929233,55639337,913,-0.15
20220809,28.9,29.1,28.8,29.05,2159706,62710639,1275,+0.30
20220810,28.9,29.0,28.7,28.7,1494841,43040986,1180,-0.35
20220811,29.05,29.05,28.8,28.95,1545547,44637038,827,+0.25
20220812,28.95,28.95,28.7,28.85,1556353,44832099,857,-0.10
20220815,28.95,29.0,28.8,28.9,1468114,42385203,906,+0.05
20220816,28.95,29.0,28.75,28.95,1784806,51629399,1001,+0.05
20220817,28.95,29.05,28.8,28.85,1732099,50086545,1189,-0.10
20220818,28.85,29.05,28.7,29.05,1619125,46850834,976,+0.20
20220819,29.0,29.2,28.85,29.2,3104514,90276127,1443,+0.15
20220822,28.95,29.15,28.9,29.0,1918866,55565785,1258,-0.20
20220823,28.95,29.0,28.7,28.95,2276715,65645227,1323,-0.05
20220824,29.0,29.05,28.65,28.85,2153782,61986439,1308,-0.10
20220825,28.85,29.0,28.75,28.75,1774331,51125699,1229,-0.10
20220826,28.95,28.95,28.65,28.95,2773250,79856403,1721,+0.20
20220829,28.5,28.7,28.4,28.55,2663031,75971198,1598,-0.40
20220830,28.5,28.9,28.45,28.85,2991356,85899330,1539,+0.30
20220831,28.75,29.2,28.6,29.2,3912641,113701359,1445,+0.35
20220901,28.65,28.75,28.45,28.7,3061988,87644877,1834,-0.50
20220902,28.7,28.75,28.5,28.5,2133303,60975909,1225,-0.20
20220905,28.65,28.65,28.4,28.4,1795860,51105003,1238,-0.10
20220906,28.6,28.65,28.35,28.45,2315025,65809346,1441,+0.05
20220907,28.4,28.5,28.2,28.45,3111575,88121499,1820, 0.00
20220908,28.45,28.6,28.3,28.6,2680251,76329035,1305,+0.15
20220912,28.85,29.0,28.7,29.0,3176479,91684261,1608,+0.40
20220913,29.0,29.2,28.95,29.2,4129132,120028755,1820,+0.20
20220914,28.85,28.95,28.7,28.9,3612133,104145175,1878,-0.30
20220915,28.85,28.95,28.65,28.75,3373847,97152491,1597,-0.15
20220916,28.6,29.15,28.55,29.15,8717300,251670612,3183,+0.40
20220919,29.1,29.1,28.55,28.6,4188127,120416726,2039,-0.55
20220920,28.65,29.0,28.65,28.95,2676118,77190370,1455,+0.35
20220921,28.95,29.0,28.6,28.8,3485501,100426533,1965,-0.15
20220922,28.65,28.75,28.35,28.5,3415047,97289967,1819,-0.30
20220923,28.6,28.7,28.35,28.35,2284877,65008896,1402,-0.15
20220926,28.35,28.35,27.85,27.9,3966135,110929742,2179,-0.45
20220927,28.05,28.5,27.8,28.5,2998885,84733585,1657,+0.60
20220928,28.45,28.45,27.9,28.0,4579685,128245675,2327,-0.50
20220929,28.35,28.4,27.95,28.25,4503888,126447773,2197,+0.25
20220930,27.95,28.5,27.9,28.5,6259365,177232078,2119,+0.25
20221003,28.4,28.55,28.25,28.45,2642209,75029802,1154,-0.05
20221004,28.4,28.55,28.35,28.55,3969335,113040093,1061,+0.10
20221005,28.5,28.55,28.35,28.55,2884931,82160379,1270, 0.00
20221006,28.5,28.65,28.4,28.6,2960665,84531624,1250,+0.05
20221007,28.35,28.6,28.35,28.55,2028245,57807598,956,-0.05
20221011,28.15,28.4,28.15,28.4,3455213,97773273,1607,-0.15
20221012,28.35,28.45,28.15,28.4,1588533,45005274,911, 0.00
20221013,28.3,28.35,27.55,27.6,4602125,127808394,2641,-0.80
20221014,28.0,28.05,27.75,27.8,3183071,88763218,1253,+0.20
20221017,27.8,27.8,27.3,27.35,2733936,75129591,1430,-0.45
20221018,27.55,28.15,27.5,28.15,4675812,130461761,1458,+0.80
20221019,28.0,28.05,27.55,27.55,3623803,100384279,1739,-0.60
20221020,27.3,27.5,27.0,27.4,4308545,117287035,2236,-0.15
20221021,27.6,27.65,27.15,27.4,2382754,65279454,1114, 0.00
20221024,27.6,27.75,27.35,27.4,2062536,56934758,802, 0.00
20221025,27.6,27.7,27.35,27.55,2262948,62240423,1137,+0.15
20221026,27.7,27.95,27.5,27.8,2664909,73964230,1365,+0.25
20221027,27.85,28.0,27.8,27.95,2267783,63311248,1047,+0.15
20221028,27.95,28.0,27.55,27.8,1657528,46056667,692,-0.15
20221031,27.8,28.1,27.65,28.1,2776115,77804787,859,+0.30
20221101,27.95,28.2,27.8,27.85,1717065,48066709,964,-0.25
20221102,27.95,28.1,27.75,27.8,1450133,40458966,664,-0.05
20221103,27.6,27.8,27.55,27.65,1538355,42516265,942,-0.15
20221104,27.5,27.8,27.35,27.8,1727323,47664908,881,+0.15
20221107,27.85,27.95,27.7,27.95,1473546,41039175,838,+0.15
20221108,28.0,28.05,27.8,28.05,2024715,56616747,1183,+0.10
20221109,28.0,28.2,27.95,28.2,2839183,79760256,1388,+0.15
20221110,28.2,28.2,27.85,27.9,1246304,34871429,678,-0.30
20221111,28.2,28.35,28.0,28.2,4967619,139796810,1911,+0.30
20221114,28.35,28.65,28.2,28.6,6068819,172906242,2540,+0.40
20221115,28.45,28.6,28.35,28.6,4618366,131695918,2034, 0.00
20221116,28.5,28.55,28.1,28.2,4959176,140173658,1865,-0.40
20221117,28.2,28.25,28.0,28.25,2309197,64982491,949,+0.05
20221118,28.15,28.4,27.95,28.0,2733201,76759981,1091,-0.25
20221121,28.0,28.05,27.85,27.9,3152564,88028392,1297,-0.10
20221122,28.1,28.1,27.85,27.95,1721532,48125145,844,+0.05
20221123,28.15,28.15,27.9,28.0,1527218,42725177,792,+0.05
20221124,28.2,28.4,28.1,28.35,3460536,97848839,1497,+0.35
20221125,28.4,28.55,28.25,28.55,4865727,138300233,1498,+0.20
20221128,28.45,28.45,28.05,28.05,4443414,125148744,1484,-0.50
20221129,28.3,28.4,28.05,28.4,3086227,87220415,1124,+0.35
20221130,28.4,28.95,28.2,28.95,9252871,265480773,1918,+0.55
20221201,28.95,28.95,28.55,28.65,5052561,144857334,2187,-0.30
20221202,28.75,28.8,28.55,28.6,3105133,88965162,1235,-0.05
20221205,28.55,28.85,28.55,28.65,4188701,120351305,1643,+0.05
20221206,28.65,28.7,28.3,28.3,3757791,106778269,1303,-0.35
20221207,28.3,28.45,28.2,28.3,3864714,109436157,972, 0.00
20221208,28.25,28.45,28.15,28.3,3208084,90660993,1302, 0.00
20221209,28.3,28.5,28.25,28.5,3854312,109440057,1521,+0.20
20221212,28.55,28.6,28.35,28.6,3461604,98719482,1263,+0.10
20221213,28.6,28.6,28.3,28.45,5899448,167562172,1980,-0.15
20221214,28.6,28.95,28.5,28.95,6900550,198871510,2927,+0.50
20221215,28.85,29.2,28.8,29.15,8399276,244033916,2897,+0.20
20221216,28.95,29.45,28.8,29.45,7977370,233346758,2259,+0.30
20221219,29.5,29.5,28.85,29.05,5722109,166488336,2110,-0.40
20221220,29.05,29.15,28.7,28.7,3421552,98750633,1548,-0.35
20221221,28.85,28.9,28.6,28.75,4219107,121118214,2102,+0.05
20221222,28.8,28.95,28.65,28.9,2803861,80696516,1165,+0.15
20221223,28.6,28.8,28.55,28.75,2417701,69301696,1107,-0.15
20221226,28.9,29.1,28.8,29.0,2290119,66324369,1208,+0.25
20221227,29.15,29.2,28.9,28.95,2325968,67511469,1139,-0.05
20221228,28.8,28.95,28.75,28.95,2015350,58178688,1117, 0.00
20221229,28.75,28.8,28.55,28.6,2612806,74829746,1415,-0.35
20221230,28.8,28.85,28.65,28.75,1546759,44453600,658,+0.15
20230103,28.6,28.8,28.4,28.8,2186219,62605301,1210,+0.05
20230104,28.9,28.95,28.75,28.85,2223410,64137717,997,+0.05
20230105,28.95,28.95,28.7,28.85,1975633,56902307,1064, 0.00
20230106,28.9,29.3,28.85,29.0,4273345,124138513,1839,+0.15
20230109,29.3,29.3,29.1,29.2,3842641,112184669,1814,+0.20
20230110,29.2,29.3,29.1,29.3,3362822,98243658,1650,+0.10
20230111,29.35,29.35,28.9,28.9,3812765,110642332,2187,-0.40
20230112,29.0,29.05,28.6,28.65,4595960,131856643,2834,-0.25
20230113,29.0,29.0,28.65,28.8,4421908,127270625,2427,+0.15
20230116,29.0,29.0,28.8,28.95,2163281,62523146,1222,+0.15
20230117,28.9,29.1,28.9,29.1,4029975,117031544,1665,+0.15
20230130,29.4,29.45,28.95,29.2,9306801,271527935,3733,+0.10
20230131,29.2,29.2,28.95,29.2,6467349,188234281,2034, 0.00
20230201,29.1,29.4,29.05,29.35,4915870,143887383,2081,+0.15
20230202,29.35,29.35,29.1,29.2,4742347,138747424,2735,-0.15
20230203,29.2,29.4,29.15,29.35,3476081,101880604,1587,+0.15
20230206,29.35,29.4,29.1,29.1,3174739,92777171,1564,-0.25
20230207,29.2,29.3,28.9,28.9,3900323,113189066,1749,-0.20
20230208,28.95,29.05,28.9,28.95,1641577,47549835,938,+0.05
20230209,28.95,29.05,28.85,28.9,2083428,60257424,1127,-0.05
20230210,28.8,28.95,28.75,28.9,2016347,58154710,1082, 0.00
20230213,28.9,29.0,28.75,28.95,1461367,42189874,817,+0.05
20230214,29.0,29.2,28.95,29.0,2353037,68407219,1043,+0.05
20230215,29.05,29.2,28.9,28.95,2124603,61639682,1235,-0.05
20230216,28.95,29.1,28.95,29.0,1454902,42208091,868,+0.05
20230217,28.95,29.05,28.95,29.05,1463709,42464803,795,+0.05
20230220,29.1,29.4,29.05,29.3,3884241,113658364,1643,+0.25
20230221,29.25,29.3,29.15,29.25,1502326,43908314,817,-0.05
20230222,29.05,29.3,29.0,29.2,1997796,58265010,1065,-0.05
20230223,29.2,29.45,29.2,29.25,4963638,145594724,1971,+0.05
20230224,29.35,29.45,29.3,29.4,5900374,173445511,1677,+0.15
20230301,29.45,29.55,29.3,29.3,5388539,158393190,2465,-0.10
20230302,29.4,29.4,29.15,29.35,2732187,80080544,1319,+0.05
20230303,29.4,29.5,29.35,29.45,3503985,103151882,1349,+0.10
20230306,29.55,30.2,29.55,30.05,11506427,344405479,5324,+0.60
20230307,30.1,30.5,30.0,30.35,7324433,222008834,3777,+0.30
20230308,30.3,30.5,30.2,30.5,6224032,189381643,3183,+0.15
20230309,30.5,30.55,30.3,30.35,5236720,159153455,2267,-0.15
20230310,30.1,30.25,29.55,29.9,8957727,267630994,4006,-0.45
20230313,29.8,30.0,29.6,29.95,3712484,110811763,1706,+0.05
20230314,29.7,29.9,29.45,29.6,4862677,144138644,2123,-0.35
20230315,29.7,29.75,29.45,29.5,5420625,160152459,3108,-0.10
20230316,29.3,29.45,29.05,29.2,4142585,120984078,2014,-0.30
20230317,29.2,29.7,29.05,29.4,8893799,261958410,2259,+0.20
20230320,29.6,29.65,29.45,29.5,2450137,72447592,1239,+0.10
20230321,29.5,29.7,29.5,29.6,2346966,69526931,1003,+0.10
20230322,29.6,29.75,29.4,29.55,3837295,113405809,1650,-0.05
20230323,29.75,30.0,29.6,30.0,5378513,160752352,2140,+0.45
20230324,30.05,30.1,29.8,30.05,3881834,116343333,1552,+0.05
20230327,30.05,30.2,29.95,30.0,2731722,82096481,1218,-0.05
20230328,30.0,30.05,29.8,29.9,1593370,47665860,976,-0.10
20230329,29.9,30.1,29.9,30.0,3475226,104208117,1279,+0.10
20230330,30.1,30.25,30.0,30.15,3566308,107422020,1494,+0.15
20230331,30.2,30.25,30.15,30.25,3697273,111725309,1458,+0.10
20230406,30.35,30.4,30.2,30.2,3005506,90961079,1735,-0.05
20230407,30.2,30.25,30.1,30.15,2688887,81138066,1227,-0.05
20230410,30.15,30.2,30.1,30.15,1837650,55437326,1014, 0.00
20230411,30.2,30.4,30.15,30.4,5506187,167024617,1900,+0.25
20230412,30.45,30.5,30.35,30.5,3854196,117257962,1566,+0.10
20230413,30.5,31.0,30.4,30.9,9698415,298646303,3743,+0.40
20230414,30.95,31.0,30.75,30.9,3559490,109828449,2083, 0.00
20230417,30.9,31.2,30.9,31.15,6289903,195465829,2801,+0.25
20230418,31.2,31.3,31.05,31.1,3299827,102804547,1687,-0.05
20230419,31.15,31.2,30.5,30.75,5179268,159232686,2632,-0.35
20230420,30.65,30.7,30.45,30.65,2708034,82858086,1565,-0.10
20230421,30.6,30.85,30.55,30.85,3363518,103339831,1522,+0.20
20230424,30.85,31.05,30.75,30.95,2438351,75348707,1184,+0.10
20230425,31.05,31.05,30.65,30.75,3984001,122635196,1894,-0.20
20230426,30.85,30.85,30.6,30.85,2574596,79208771,1502,+0.10
20230427,30.8,30.9,30.7,30.85,1562202,48120090,869, 0.00
20230428,30.8,31.05,30.8,31.05,3756885,116270117,1408,+0.20
20230502,30.95,31.2,30.95,31.2,4010183,124766821,2181,+0.15
20230503,31.2,31.2,30.9,30.9,1826340,56615406,1101,-0.30
20230504,31.0,31.2,30.95,31.2,3742832,116428384,1726,+0.30
20230505,31.2,31.25,31.0,31.0,2174703,67603906,1054,-0.20
20230508,31.2,31.25,31.1,31.25,3442651,107409810,1715,+0.25
20230509,31.25,31.25,31.0,31.15,2022848,62966229,1285,-0.10
20230510,31.1,31.1,30.7,30.95,3779036,116770221,2062,-0.20
20230511,31.05,31.05,30.7,30.75,1730017,53375689,1149,-0.20
20230512,30.75,30.95,30.75,30.9,2161103,66723232,1205,+0.15
20230515,30.9,32.1,30.9,31.8,14823329,469279354,5756,+0.90
20230516,32.1,32.6,31.9,32.25,15058341,485856384,7707,+0.45
20230517,32.35,33.35,32.35,33.3,23050927,758433981,10618,+1.05
20230518,33.65,33.75,32.6,32.7,14899850,491072086,7011,-0.60
20230519,32.75,32.95,32.4,32.6,6759858,220887053,3801,-0.10
20230522,32.65,33.1,32.65,32.95,5337640,175680884,3074,+0.35
20230523,33.0,33.3,32.8,33.3,7245028,239805194,3886,+0.35
20230524,33.3,33.3,33.0,33.2,5018116,166227412,2456,-0.10
20230525,33.0,33.1,32.85,32.9,4259345,140217604,2297,-0.30
20230526,32.85,32.85,32.5,32.6,5556011,181398415,3351,-0.30
20230529,32.6,32.6,32.3,32.4,6093118,197355444,3295,-0.20
20230530,32.45,32.85,32.4,32.75,4106211,134211436,2362,+0.35
20230531,32.5,32.8,32.3,32.55,13695163,445617969,3465,-0.20
20230601,32.55,32.75,32.35,32.65,3410378,110991351,1755,+0.10
20230602,32.65,33.0,32.6,33.0,4683162,153879634,2142,+0.35
20230605,33.0,33.05,32.75,32.8,3534872,116189530,2045,-0.20
20230606,32.9,33.05,32.9,33.0,3327723,109718516,1812,+0.20
20230607,33.05,33.05,32.9,33.0,3974803,131001924,2007, 0.00
20230608,33.0,33.0,32.55,32.7,3921600,128241470,2326,-0.30
20230609,32.85,32.9,32.6,32.9,2782763,91182699,1581,+0.20
20230612,32.9,32.9,32.4,32.5,4729593,153757135,3786,-0.40
20230613,32.55,32.6,32.4,32.6,3459151,112513752,1936,+0.10
20230614,32.55,32.6,32.35,32.35,5360958,173858037,2840,-0.25
20230615,32.4,32.5,32.25,32.5,3202165,103719531,1841,+0.15
20230616,32.5,32.5,32.35,32.45,4010506,129998370,1880,-0.05
20230619,32.45,32.65,32.3,32.35,3140199,101651718,2027,-0.10
20230620,32.35,32.45,32.3,32.4,3305114,106952786,1466,+0.05
20230621,32.55,32.7,32.45,32.6,3548849,115576960,2183,+0.20
20230626,32.6,32.6,32.35,32.35,2263693,73438302,1416,-0.25
20230627,32.3,32.5,32.25,32.25,2400686,77573409,1621,-0.10
20230628,32.25,32.3,32.0,32.15,4109596,132023722,2337,-0.10
20230629,32.45,32.45,32.05,32.1,3178349,102343188,1645,-0.05
20230630,32.05,32.15,31.9,32.15,5540034,177591726,2122,+0.05
20230703,32.05,32.4,32.05,32.4,3302052,106532329,1281,+0.25
20230704,32.45,32.45,32.1,32.25,2773574,89508284,1383,-0.15
20230705,32.2,32.25,32.15,32.15,2744767,88342171,1270,-0.10
20230706,32.1,32.1,31.5,31.55,8579695,272802844,5038,-0.60
20230707,31.45,31.45,31.0,31.05,8537646,265829930,4363,-0.50
20230710,31.25,31.3,31.1,31.2,5107775,159351434,2418,+0.15
20230711,30.9,31.2,30.9,31.2,4421785,137417561,1969,X0.00
20230712,31.0,31.05,30.7,30.8,4037916,124296512,2613,-0.40
20230713,30.85,30.9,30.2,30.25,6429316,195754393,4220,-0.55
20230714,30.3,30.5,30.25,30.25,3871490,117500190,2379, 0.00
20230717,30.25,30.25,30.1,30.15,4077587,122971715,2555,-0.10
20230718,30.1,30.25,30.0,30.25,4755585,143344331,2144,+0.10
20230719,30.3,30.55,30.2,30.25,3576636,108537320,1741, 0.00
20230720,30.25,30.55,30.25,30.5,2218515,67623060,1259,+0.25
20230721,30.5,30.5,30.2,30.2,2338772,70758931,1591,-0.30
20230724,30.15,30.25,30.0,30.05,2466960,74259828,1491,-0.15
20230725,30.05,30.2,30.05,30.05,2682028,80719628,1306, 0.00
20230726,30.05,30.4,30.05,30.15,1873879,56713522,1100,+0.10
20230727,30.35,30.4,30.2,30.3,2470577,74932061,1286,+0.15
20230728,30.4,30.45,30.1,30.15,2860165,86579835,1402,-0.15
20230731,30.2,30.35,30.1,30.15,2526207,76263041,1166, 0.00
20230801,30.2,30.4,30.15,30.2,2416226,73044232,1053,+0.05
20230802,30.2,30.3,29.95,29.95,7370229,221546592,3319,-0.25
20230804,29.95,30.1,29.8,29.8,5393028,161252182,2984,-0.15
20230807,29.8,29.95,29.65,29.9,3487008,103982454,1828,+0.10
20230808,29.95,30.1,29.85,29.95,2700661,80942818,1265,+0.05
20230809,30.0,30.1,29.9,29.9,2110516,63229687,1094,-0.05
20230810,29.9,29.9,29.65,29.7,3907430,116193758,2465,-0.20
20230811,29.7,29.9,29.65,29.8,1729957,51507511,1030,+0.10
20230814,29.7,29.75,29.2,29.25,5210764,152862673,3345,-0.55
20230815,29.25,29.4,29.2,29.2,2173602,63680177,1435,-0.05
20230816,29.15,29.35,29.1,29.15,1814749,52987895,1348,-0.05
20230817,29.05,29.3,29.0,29.15,2595352,75645910,1643, 0.00
20230818,29.05,29.6,29.05,29.35,2693231,79193628,1578,+0.20
20230821,29.55,29.7,29.35,29.4,2397434,70753927,1551,+0.05
20230822,29.4,29.5,29.3,29.4,1177337,34609909,705, 0.00
20230823,29.35,29.55,29.35,29.45,1166322,34355440,684,+0.05
20230824,29.45,29.75,29.45,29.6,1605796,47565237,941,+0.15
20230825,29.65,30.1,29.5,29.85,3474698,103932303,1586,+0.25
20230828,29.95,30.0,29.3,29.5,2095778,62196141,1436,-0.35
20230829,29.55,29.8,29.5,29.8,1449732,42989606,860,+0.30
20230830,29.8,30.0,29.8,29.9,1997335,59696056,1026,+0.10
20230831,29.9,29.95,29.65,29.75,6737795,200719610,2628,-0.15
20230901,29.8,30.0,29.8,29.95,1734580,51919291,1044,+0.20
20230904,29.95,29.95,29.7,29.8,2732708,81487506,1459,-0.15
20230905,29.8,29.8,29.2,29.75,7013787,207050907,2906,-0.05
20230906,29.75,29.8,29.55,29.55,2626159,77808353,1806,-0.20
20230907,29.5,29.7,29.5,29.6,2142944,63434313,1272,+0.05
20230908,29.55,29.55,29.4,29.45,2371358,69930545,1571,-0.15
20230911,29.5,29.9,29.5,29.8,2282564,67993419,1456,+0.35
20230912,29.8,29.9,29.7,29.9,2246336,67001305,1084,+0.10
20230913,29.95,30.35,29.85,30.25,3845729,115919295,2229,+0.35
20230914,30.25,30.55,30.2,30.55,7048705,214253886,2482,+0.30
20230915,30.6,31.2,30.5,30.8,14082378,435075804,4279,+0.25
20230918,30.6,31.1,30.55,30.55,3250084,99922378,2348,-0.25
20230919,30.55,30.6,30.2,30.2,2800498,84919897,1889,-0.35
20230920,30.2,30.35,30.15,30.15,1951200,58952419,1291,-0.05
20230921,30.15,30.15,29.8,29.85,5280293,158035542,3073,-0.30
20230922,29.85,30.1,29.8,30.1,2284047,68586937,1176,+0.25
20230925,30.1,30.25,30.1,30.1,1180549,35585509,823, 0.00
20230926,29.95,30.1,29.9,30.1,1893329,56802860,1271, 0.00
20230927,29.85,30.1,29.85,29.9,1454070,43555790,990,-0.20
20230928,29.95,30.1,29.95,29.95,1409230,42279804,797,+0.05
20231002,30.2,30.4,30.05,30.3,3005245,90795478,1663,+0.35
20231003,30.1,30.25,30.0,30.05,2748553,82764996,1686,-0.25
20231004,29.9,30.0,29.8,29.85,3659406,109330623,2622,-0.20
20231005,29.85,30.05,29.85,29.85,2433652,72875018,1513, 0.00
20231006,29.85,30.1,29.85,30.0,1848615,55472421,952,+0.15
20231011,30.4,30.4,30.0,30.3,5490344,165765334,2194,+0.30
20231012,30.05,30.45,30.0,30.45,4569065,138151040,2237,+0.15
20231013,30.3,30.55,30.25,30.4,2105262,64064187,1463,-0.05
20231016,30.3,30.4,30.2,30.3,2232993,67584769,1163,-0.10
20231017,30.4,30.4,30.2,30.35,2558067,77502915,1291,+0.05
20231018,30.4,30.4,30.05,30.2,2727695,82238271,1475,-0.15
20231019,30.0,30.15,30.0,30.05,2630406,79035544,1271,-0.15
20231020,29.8,29.9,29.6,29.6,5526326,164139897,2786,-0.45
20231023,29.6,29.65,29.5,29.5,3415279,100919407,1704,-0.10
20231024,29.5,29.6,29.4,29.4,3556872,104766829,1412,-0.10
20231025,29.65,29.7,29.5,29.65,3791827,112093680,1106,+0.25
20231026,29.45,29.45,29.1,29.15,8574037,250796891,3653,-0.50
20231027,29.15,29.3,29.1,29.25,6593687,192777639,1284,+0.10
20231030,29.35,29.6,29.1,29.6,6565461,193219663,1769,+0.35
20231031,29.55,29.55,29.35,29.4,2881991,84821718,1202,-0.20
20231101,29.5,29.5,29.4,29.5,1658451,48856909,666,+0.10
20231102,29.7,29.8,29.55,29.7,2586983,76865315,1386,+0.20
20231103,29.8,29.9,29.75,29.9,2107893,62872865,997,+0.20
20231106,30.15,30.3,30.0,30.15,3970218,119812582,2125,+0.25
20231107,30.15,30.25,30.1,30.25,2181370,65859177,1140,+0.10
20231108,30.25,30.3,30.15,30.25,2391688,72252004,926, 0.00
20231109,30.1,30.15,29.85,29.85,3123879,93571541,1290,-0.40
20231110,29.85,29.95,29.85,29.9,1253553,37480217,578,+0.05
20231113,30.0,30.05,29.95,30.0,1489007,44626158,699,+0.10
20231114,30.1,30.15,29.9,29.95,2517217,75501532,1122,-0.05
20231115,30.2,30.2,29.95,30.15,3779984,113663742,2015,+0.20
20231116,30.3,30.3,30.15,30.3,3198187,96630014,1391,+0.15
20231117,30.4,30.4,30.25,30.3,3276910,99424773,1815, 0.00
20231120,30.3,30.4,30.2,30.3,1868853,56605032,1045, 0.00
20231121,30.3,30.45,30.2,30.4,4150250,126034372,2252,+0.10
20231122,30.4,30.4,30.15,30.35,2028850,61409184,1127,-0.05
20231123,30.15,30.25,30.0,30.1,2147994,64697354,1077,-0.25
20231124,30.05,30.1,29.9,29.9,2305114,69030673,1512,-0.20
20231127,29.95,30.1,29.85,29.85,2749499,82249857,2229,-0.05
20231128,30.0,30.3,29.85,30.15,3818284,115007513,1915,+0.30
20231129,30.2,30.2,29.8,29.85,4366400,130757910,2954,-0.30
20231130,29.9,30.15,29.85,30.1,8389901,252079199,1923,+0.25
20231201,29.95,30.05,29.85,29.95,1324975,39686248,1007,-0.15
20231204,30.0,30.15,30.0,30.0,2547115,76510097,1516,+0.05
20231205,30.0,30.15,29.95,30.15,2722666,81926215,1419,+0.15
20231206,30.15,30.25,30.1,30.1,2288986,69034229,1117,-0.05
20231207,30.1,30.2,30.1,30.15,1927187,58096130,808,+0.05
20231208,30.2,30.25,30.15,30.2,2249540,67948704,988,+0.05
20231211,30.3,30.5,30.3,30.45,3002354,91310208,1594,+0.25
20231212,30.55,30.7,30.4,30.6,2764545,84435907,1501,+0.15
20231213,30.6,30.65,30.25,30.4,2007780,61028989,1409,-0.20
20231214,30.55,30.85,30.3,30.4,4061681,123932006,1988, 0.00
20231215,30.55,30.55,30.25,30.4,4396081,133457715,2360, 0.00
20231218,30.35,30.4,30.15,30.15,2563137,77468816,1629,-0.25
20231219,30.15,30.2,30.05,30.15,1903322,57327164,1171, 0.00
20231220,30.2,30.4,30.1,30.3,2526809,76470353,1256,+0.15
20231221,30.1,30.3,30.1,30.2,1266518,38242945,912,-0.10
20231222,30.15,30.25,30.1,30.15,2242606,67565679,1923,-0.05
20231225,30.15,30.4,30.15,30.35,1602080,48482376,749,+0.20
20231226,30.45,30.5,30.3,30.45,2016464,61362229,1046,+0.10
20231227,30.45,30.5,30.35,30.5,3097656,94350745,1568,+0.05
20231228,30.4,30.7,30.4,30.65,4494627,137603638,2204,+0.15
20231229,30.65,30.7,30.55,30.7,3385215,103775890,1318,+0.05
20240102,30.7,30.8,30.55,30.8,1935168,59396810,1413,+0.10
20240103,30.6,30.75,30.35,30.4,2886697,87971660,2257,-0.40
20240104,30.35,30.5,30.3,30.35,2026250,61532285,1042,-0.05
20240105,30.0,30.15,29.95,30.15,5341857,160436899,2605,-0.20
20240108,30.15,30.3,30.1,30.2,1661673,50171381,990,+0.05
20240109,30.35,30.35,30.05,30.05,1306390,39350272,873,-0.15
20240110,30.05,30.15,29.95,30.1,1404465,42185050,818,+0.05
20240111,30.0,30.15,30.0,30.05,1305249,39246714,770,-0.05
20240112,30.0,30.25,30.0,30.25,1112056,33532924,674,+0.20
20240115,30.25,30.3,30.1,30.1,1457340,43934860,770,-0.15
20240116,30.0,30.1,29.85,29.85,3866351,115651787,2361,-0.25
20240117,29.75,29.75,29.3,29.3,7757658,228461273,5154,-0.55
20240118,29.3,29.6,29.25,29.35,3551330,104413250,2280,+0.05
20240119,29.35,29.7,29.3,29.7,2244654,66371304,1408,+0.35
20240122,29.75,29.75,29.5,29.7,2956050,87533478,1680, 0.00
20240123,29.85,29.85,29.65,29.8,1349325,40132154,870,+0.10
20240124,29.75,29.8,29.65,29.75,1490771,44308794,1164,-0.05
20240125,29.85,29.85,29.55,29.6,2430214,71916230,1353,-0.15
20240126,29.55,29.85,29.55,29.85,1438688,42774344,884,+0.25
20240129,29.7,29.85,29.65,29.8,1513699,45044293,1121,-0.05
20240130,29.8,29.8,29.65,29.7,2118514,62952513,1093,-0.10
20240131,29.6,29.6,29.55,29.55,3019235,89240830,1113,-0.15
20240201,29.65,29.85,29.65,29.75,1840908,54778769,1036,+0.20
20240202,29.7,29.85,29.6,29.85,1198544,35700701,839,+0.10
20240205,29.55,29.8,29.55,29.75,1944487,57726092,1067,-0.10
20240215,29.6,29.7,29.3,29.35,6742715,198518901,3861,-0.40
20240216,29.35,29.45,29.3,29.45,3107837,91283079,1667,+0.10
20240219,29.65,29.65,29.4,29.5,1842343,54278483,1249,+0.05
20240220,29.4,29.45,29.3,29.35,2772783,81375905,1863,-0.15
20240221,29.4,29.65,29.4,29.45,2710058,80022439,1514,+0.10
20240222,29.65,29.65,29.3,29.35,4050969,119164979,1958,-0.10
20240223,29.4,29.5,29.4,29.4,2626012,77305668,1334,+0.05
20240226,29.35,29.6,29.35,29.5,1889667,55683063,1155,+0.10
20240227,29.4,29.55,29.35,29.5,2422215,71356244,1442, 0.00
20240229,29.5,30.2,29.45,30.2,10383242,311184174,3479,+0.70
20240301,30.05,30.2,29.8,29.9,5488681,164446670,2058,-0.30
20240304,29.9,29.95,29.65,29.8,3146987,93702510,1602,-0.10
20240305,29.75,29.85,29.7,29.7,2321635,69016338,1099,-0.10
20240306,29.8,30.2,29.7,29.7,4785056,142651489,2028, 0.00
20240307,29.9,29.9,29.7,29.7,3536055,105258887,1639, 0.00
20240308,29.7,29.95,29.65,29.9,3576214,106644547,1509,+0.20
20240311,30.0,30.1,29.9,29.9,2801456,84006666,1435, 0.00
20240312,29.9,30.05,29.85,30.05,3837220,115068995,1504,+0.15
20240313,29.95,30.2,29.95,30.15,5849701,175988272,2402,+0.10
20240314,30.05,30.1,29.9,30.1,3632591,108993269,1987,-0.05
20240315,30.1,30.35,29.65,30.35,13931186,417964836,3362,+0.25
20240318,30.1,30.3,29.95,30.25,3415936,103057358,1727,-0.10
20240319,30.0,30.1,29.8,29.8,5836777,174476965,2717,-0.45
20240320,29.8,29.95,29.7,29.75,3471669,103435770,1198,-0.05
20240321,29.9,30.0,29.8,29.95,2399992,71869779,1294,+0.20
20240322,30.0,30.1,29.9,29.95,3146270,94287179,1440, 0.00
20240325,30.25,30.4,30.1,30.1,3574718,108020675,1724,+0.15
20240326,30.15,30.2,30.0,30.0,3796692,114135074,1396,-0.10
20240327,30.0,30.1,30.0,30.0,2395684,71954651,1146, 0.00
20240328,30.0,30.25,30.0,30.15,4407901,132891321,1673,+0.15
20240329,30.2,30.3,30.1,30.1,2993272,90399369,1225,-0.05
20240401,30.3,30.35,30.15,30.2,1796488,54277964,936,+0.10
20240402,30.25,30.25,30.1,30.15,2605126,78503013,1024,-0.05
20240403,30.1,30.1,29.9,29.95,2627268,78740371,1135,-0.20
20240408,30.0,30.15,29.95,30.1,2130195,63996322,1260,+0.15
20240409,30.1,30.15,30.05,30.1,2264748,68137167,851, 0.00
20240410,30.1,30.2,30.1,30.15,2371770,71447307,947,+0.05
20240411,30.1,30.2,30.0,30.15,2525838,76030076,932, 0.00
20240412,30.05,30.15,29.95,30.15,4227669,127046298,1321, 0.00
20240415,30.1,30.1,30.0,30.0,2430822,72994462,1165,-0.15
20240416,29.95,29.95,29.55,29.55,6997942,207706013,3077,-0.45
20240417,29.6,29.7,29.5,29.6,3643523,107761156,1905,+0.05
20240418,29.6,29.75,29.55,29.6,2942697,87204350,1653, 0.00
20240419,29.55,29.75,29.25,29.3,7862703,231076799,3950,-0.30
20240422,29.6,30.15,29.55,29.95,5352821,159972475,2082,+0.65
20240423,29.95,30.1,29.75,29.75,3491723,104400544,1917,-0.20
20240424,29.95,30.0,29.8,29.85,2397160,71610999,1102,+0.10
20240425,29.9,29.9,29.7,29.75,2566314,76418711,1146,-0.10
20240426,29.75,29.95,29.65,29.95,2635223,78544550,1115,+0.20
20240429,29.95,30.05,29.9,30.05,4223476,126739453,1467,+0.10
20240430,30.0,30.05,29.9,29.9,3362913,100700551,1051,-0.15
20240502,30.0,30.15,29.9,30.05,3162141,95017690,1328,+0.15
20240503,30.1,30.15,30.0,30.05,2094694,63012596,1028, 0.00
20240506,30.15,30.5,30.1,30.5,7504053,227741084,3193,+0.45
20240507,30.55,30.65,30.2,30.35,3191731,96928415,1849,-0.15
20240508,30.35,30.4,30.2,30.35,4277061,129747923,1777, 0.00
20240509,30.35,30.4,30.15,30.25,2695700,81520429,1089,-0.10
20240510,30.25,30.4,30.1,30.35,2749859,83221038,1305,+0.10
20240513,30.35,30.55,30.35,30.5,4646634,141535522,1961,+0.15
20240514,30.5,30.5,30.3,30.4,5462140,166004964,1406,-0.10
20240515,30.4,30.45,30.3,30.35,7433768,225668224,2137,-0.05
20240516,30.45,30.5,30.4,30.45,5727866,174376065,2796,+0.10
20240517,30.45,30.55,30.4,30.4,3798264,115718925,1495,-0.05
20240520,30.55,30.65,30.5,30.55,2886013,88206765,1587,+0.15
20240521,30.6,30.6,30.1,30.15,5264954,159215709,2078,-0.40
20240522,30.2,30.45,30.15,30.4,2916766,88571538,1517,+0.25
20240523,30.2,30.35,30.05,30.1,5194349,156755663,1997,-0.30
20240524,30.2,30.2,30.0,30.05,3677544,110536963,1410,-0.05
20240527,30.05,30.1,29.95,29.95,4164584,124931056,1867,-0.10
20240528,29.95,30.1,29.9,30.0,4712488,141456088,1621,+0.05
20240529,30.0,30.05,29.85,29.85,5705676,170645558,2341,-0.15
20240530,29.8,29.9,29.65,29.65,5875394,174915991,3176,-0.20
20240531,29.7,30.0,29.7,30.0,9820571,294329625,1492,+0.35
20240603,29.95,30.05,29.9,30.0,2822891,84682212,1137, 0.00
20240604,29.8,29.95,29.75,29.8,4132620,123361552,1613,-0.20
20240605,29.8,30.0,29.75,29.8,4496936,134248106,1889, 0.00
20240606,29.8,30.0,29.8,30.0,1936799,57940336,1119,+0.20
20240607,29.9,30.2,29.9,30.15,3653950,109828479,1144,+0.15
20240611,30.2,30.2,29.8,29.8,3684544,110201041,1696,-0.35
20240612,29.85,30.05,29.8,29.8,3317329,99046871,1591, 0.00
20240613,30.0,30.0,29.8,29.8,1944259,58037043,1061, 0.00
20240614,29.8,30.0,29.8,30.0,2143644,64071075,884,+0.20
20240617,30.0,30.0,29.9,29.9,1616423,48386934,974,-0.10
20240618,29.9,30.0,29.85,29.95,2616342,78285611,1504,+0.05
20240619,30.0,30.05,29.85,29.85,5910200,176772833,1855,-0.10
20240620,29.85,30.0,29.8,29.95,3543554,105906029,1440,+0.10
20240621,29.9,30.1,29.9,29.95,5510361,165152178,1640, 0.00
20240624,30.0,30.05,29.85,30.05,3036996,91059172,1343,+0.10
20240625,30.15,30.2,30.0,30.05,3139530,94376058,1343, 0.00
20240626,30.0,30.1,29.9,29.9,4630039,138768401,1740,-0.15
20240627,29.8,30.25,29.8,30.25,7313939,220054350,3126,+0.35
20240628,30.3,30.55,30.15,30.4,9614498,292518265,3068,+0.15
20240701,30.4,30.65,30.25,30.4,6924793,211460228,2495, 0.00
20240702,30.2,30.6,30.2,30.4,5435861,165389808,4082, 0.00
20240703,30.4,30.65,30.35,30.4,6615358,201834589,2235, 0.00
20240704,30.6,30.65,30.5,30.65,3989932,122098493,1854,+0.25
20240705,30.7,30.85,30.65,30.7,3520312,108318881,1731,+0.05
20240708,30.7,30.8,30.55,30.75,3546351,108747356,1423,+0.05
20240709,30.75,30.75,30.45,30.7,4069457,124589032,1363,-0.05
20240710,30.7,30.7,30.35,30.5,4029012,123025841,1331,-0.20
20240711,30.4,30.6,30.35,30.55,3432185,104742633,1241,+0.05
20240712,30.4,30.75,30.4,30.75,6173971,189312700,1998,+0.20
20240715,30.8,31.05,30.6,30.65,8174224,251670778,2757,-0.10
20240716,29.8,29.9,29.7,29.85,7769607,231542559,3004,X0.00
20240717,29.8,29.8,29.6,29.6,6671199,197960569,2830,-0.25
20240718,29.7,29.9,29.5,29.9,7949503,235847895,2821,+0.30
20240719,29.7,29.8,29.5,29.65,6896874,204271694,2229,-0.25
20240722,29.6,29.8,29.45,29.65,6732057,199306530,2268, 0.00
20240723,29.65,29.9,29.65,29.9,3952011,117802977,1554,+0.25
20240726,29.85,29.9,29.45,29.75,4353663,129205371,1857,-0.15
20240729,29.9,29.9,29.7,29.9,4628158,138008173,1463,+0.15
20240730,29.85,29.9,29.55,29.85,3347966,99547974,1398,-0.05
20240731,29.85,29.95,29.65,29.75,4074116,121556997,1427,-0.10
20240801,29.75,29.9,29.75,29.9,2694777,80372701,1384,+0.15
20240802,29.6,29.85,29.6,29.85,5088194,151204094,1863,-0.05
20240805,29.5,29.6,28.7,28.9,9583831,278052433,4573,-0.95
20240806,29.25,29.35,28.6,29.05,6727004,195742834,2710,+0.15
20240807,28.95,29.3,28.95,29.3,5055707,147335235,2171,+0.25
20240808,28.95,29.3,28.95,29.0,3369826,97919067,1417,-0.30
20240809,29.0,29.35,29.0,29.2,4666527,136241995,1835,+0.20
20240812,29.2,29.45,29.2,29.3,3018616,88457634,1210,+0.10
20240813,29.4,29.45,29.2,29.2,2880585,84254481,1142,-0.10
20240814,29.45,29.5,29.25,29.45,3869171,113757276,1431,+0.25
20240815,29.6,29.65,29.15,29.15,2941837,86296247,1533,-0.30
20240816,29.4,30.15,29.25,29.85,12438306,371109092,3255,+0.70
20240819,29.9,30.05,29.8,29.8,6081271,181966672,1924,-0.05
20240820,30.0,30.0,29.65,29.65,4185073,124828630,1607,-0.15
20240821,29.85,29.85,29.45,29.65,3066418,90775865,2617, 0.00
20240822,29.65,29.65,29.45,29.45,2626935,77543784,1376,-0.20
20240823,29.45,29.55,29.35,29.35,1805530,53101583,981,-0.10
20240826,29.45,29.7,29.45,29.65,1877824,55579053,1050,+0.30
20240827,29.45,29.7,29.4,29.7,1592277,47108054,847,+0.05
20240828,29.7,29.75,29.35,29.5,2890166,85087234,1343,-0.20
20240829,29.45,29.55,29.35,29.4,2345752,68990477,1115,-0.10
20240830,29.4,29.9,29.4,29.9,9853155,293629384,1813,+0.50
20240902,29.7,29.75,29.5,29.5,2625316,77632631,1311,-0.40
20240903,29.45,29.5,29.35,29.35,2089808,61423534,1091,-0.15
20240904,28.95,29.2,28.95,29.0,5242948,152339930,3147,-0.35
20240905,29.1,29.35,29.0,29.0,2324728,67663742,1368, 0.00
20240906,29.1,29.45,29.05,29.4,1880662,55041741,1047,+0.40
20240909,29.2,29.25,29.0,29.1,2450859,71326360,1607,-0.30
20240910,29.2,29.35,29.15,29.35,1727296,50573775,988,+0.25
20240911,29.4,29.65,29.3,29.3,4140165,121991264,1693,-0.05
20240912,29.65,29.7,29.4,29.7,3501787,103650408,1832,+0.40
20240913,29.55,29.65,29.45,29.6,2516213,74323607,1160,-0.10
20240916,29.6,29.7,29.5,29.7,2264196,67062398,978,+0.10
20240918,29.7,29.7,29.45,29.65,1598210,47304799,1256,-0.05
20240919,29.65,29.65,29.5,29.5,2073773,61335647,1341,-0.15
20240920,29.55,29.8,29.4,29.8,10013924,297289890,2110,+0.30
20240923,29.8,29.85,29.55,29.8,1530771,45497240,971, 0.00
20240924,29.65,29.7,29.55,29.65,1503524,44524695,1035,-0.15
20240925,29.75,29.75,29.6,29.7,2380373,70668054,1487,+0.05
20240926,29.8,29.8,29.55,29.65,1854872,55000770,1076,-0.05
20240927,29.7,29.7,29.45,29.7,3984234,117911476,1629,+0.05
20240930,29.75,29.8,29.6,29.6,3439655,102078135,1417,-0.10
20241001,29.6,29.7,29.45,29.65,1901163,56172908,1021,+0.05
20241004,29.45,29.5,29.3,29.5,4274845,125683760,2159,-0.15
20241007,29.5,29.5,29.3,29.3,3554664,104348785,2129,-0.20
20241008,29.3,29.4,29.15,29.2,4187012,122306713,1831,-0.10
20241009,29.3,29.3,29.1,29.1,3249736,94705871,1702,-0.10
20241011,29.25,29.35,29.15,29.2,1564204,45739295,873,+0.10
20241014,29.2,29.25,29.1,29.2,1385964,40418338,916, 0.00
20241015,29.2,29.3,29.1,29.25,3697031,108032421,1321,+0.05
20241016,29.1,29.15,29.05,29.05,3642075,105942008,2195,-0.20
20241017,29.05,29.15,29.05,29.05,2503659,72808014,1473, 0.00
20241018,29.25,29.35,29.1,29.35,3221025,94329912,1735,+0.30
20241021,29.4,29.4,29.2,29.25,1195419,34994816,829,-0.10
20241022,29.25,29.25,29.1,29.1,1399912,40808042,783,-0.15
20241023,29.1,29.2,29.05,29.1,1949788,56758925,1068, 0.00
20241024,29.05,29.15,29.0,29.05,2881639,83733129,955,-0.05
20241025,29.1,29.15,29.05,29.15,1225011,35631703,893,+0.10
20241028,29.15,29.15,29.0,29.0,2366085,68702817,1395,-0.15
20241029,29.0,29.15,28.9,29.15,3937953,114194805,2059,+0.15
20241030,29.2,29.2,28.95,29.15,4846918,140973412,1484, 0.00
20241101,29.05,29.05,28.7,28.9,4536324,131009141,2575,-0.25
20241104,29.05,29.2,28.9,29.2,3141130,91304564,1288,+0.30
20241105,29.15,29.2,28.95,29.2,3020893,87791292,1495, 0.00
20241106,29.0,29.15,28.9,29.0,3176038,92060475,1614,-0.20
20241107,28.9,28.95,28.8,28.9,3321702,95905610,2028,-0.10
20241108,28.9,28.9,28.8,28.8,2286486,65913054,1564,-0.10
20241111,28.8,28.8,28.65,28.8,2586562,74283868,1896, 0.00
20241112,28.65,28.8,28.5,28.8,6174393,176861612,3316, 0.00
20241113,28.7,28.7,28.5,28.5,2762513,78855549,2157,-0.30
20241114,28.5,28.65,28.4,28.4,2883277,82127591,1809,-0.10
20241115,28.4,28.7,28.4,28.7,2879510,82297621,1589,+0.30
20241118,28.7,29.0,28.6,28.95,3163281,91172804,1791,+0.25
20241119,28.9,29.05,28.8,28.9,2072042,60052743,1225,-0.05
20241120,28.8,29.0,28.65,28.95,2296204,66151064,1732,+0.05
20241121,28.75,28.75,28.55,28.6,2478436,70938735,1781,-0.35
20241122,28.75,28.8,28.55,28.55,2294046,65585356,1451,-0.05
20241125,28.8,28.85,28.55,28.75,13097249,376384699,1685,+0.20
20241126,28.65,28.75,28.55,28.55,2344412,67041744,1464,-0.20
20241127,28.55,28.75,28.5,28.6,2285755,65341747,1305,+0.05
20241128,28.6,28.6,28.4,28.5,2262957,64434607,1312,-0.10
20241129,28.45,28.45,28.25,28.25,3402277,96285262,1983,-0.25
20241202,28.3,28.4,28.2,28.2,2754312,77833388,1710,-0.05
20241203,28.3,28.55,28.25,28.55,2671074,76008784,1398,+0.35
20241204,28.55,28.55,28.2,28.2,3813453,107844378,2494,-0.35
20241205,28.25,28.3,28.15,28.25,2491057,70314706,1545,+0.05
20241206,28.3,28.35,28.25,28.35,1851859,52433094,1191,+0.10
20241209,28.35,28.5,28.25,28.25,1821622,51601513,1026,-0.10
20241210,28.25,28.6,28.25,28.55,3043674,86648568,875,+0.30
20241211,28.5,28.5,28.25,28.3,1450172,41085976,1087,-0.25
20241212,28.45,28.5,28.25,28.25,1199980,33969153,652,-0.05
20241213,28.2,28.25,28.15,28.15,1681998,47404880,1205,-0.10
20241216,28.15,28.3,28.0,28.05,2240424,62944886,1796,-0.10
20241217,28.05,28.25,27.9,28.25,4210279,118022386,2585,+0.20
20241218,28.15,28.15,27.95,27.95,3000519,83932010,2137,-0.30
20241219,27.9,27.9,27.65,27.65,5051736,139918816,3688,-0.30
20241220,27.65,27.8,27.5,27.5,5709519,157330606,2521,-0.15
20241223,27.75,27.9,27.6,27.75,1818946,50597794,1282,+0.25
20241224,27.75,28.1,27.75,27.95,2287642,64059190,1466,+0.20
20241225,28.15,28.15,27.9,27.95,889834,24888307,878, 0.00
20241226,28.0,28.2,27.95,27.95,1217097,34120901,866, 0.00
20241227,28.0,28.05,27.95,28.05,965846,27029237,649,+0.10
20241230,28.05,28.1,27.9,27.9,1622016,45354315,1165,-0.15
20241231,27.8,27.9,27.55,27.8,4151038,114906431,2490,-0.10
20250102,27.8,27.8,27.5,27.7,5274012,145589364,2632,-0.10
20250103,27.8,27.8,27.3,27.35,5269354,144633392,3279,-0.35
20250106,27.45,27.75,27.35,27.4,6295199,172883021,2975,+0.05
20250107,27.6,27.65,27.25,27.45,6732193,184442815,2688,+0.05
20250108,27.6,27.6,26.95,27.0,9661986,261559354,5444,-0.45
20250109,27.0,27.05,26.7,26.8,7005264,187559066,4285,-0.20
20250110,26.7,26.75,26.5,26.6,5997760,159301320,3591,-0.20
20250113,26.55,26.7,26.0,26.3,8373660,219531306,4078,-0.30
20250114,26.45,26.8,26.45,26.7,4139243,110072124,1913,+0.40
20250115,26.8,26.8,26.5,26.5,2859224,76054368,1886,-0.20
20250116,26.8,26.95,26.7,26.95,2812021,75440717,1550,+0.45
20250117,27.1,27.25,26.85,27.15,3530344,95738907,1989,+0.20
20250120,27.2,27.3,27.1,27.2,2647211,71998827,1536,+0.05
20250121,27.2,27.4,27.2,27.35,2739408,74811700,1415,+0.15
20250122,27.4,27.45,27.25,27.35,3126789,85590973,1477, 0.00
20250203,27.5,27.55,27.0,27.35,4683917,127856203,2821, 0.00
20250204,27.5,27.5,27.0,27.0,3104492,84201816,2074,-0.35
20250205,27.35,27.5,27.05,27.3,3187898,86950590,1814,+0.30
20250206,27.6,28.15,27.6,28.15,7403067,207078167,3571,+0.85
20250207,28.1,28.1,27.75,27.85,2908403,81052491,1895,-0.30
20250210,27.85,27.9,27.55,27.65,3187447,88242973,2121,-0.20
20250211,27.85,27.85,27.55,27.75,2072333,57374453,1259,+0.10
20250212,27.65,28.0,27.65,27.95,4294726,119711221,2011,+0.20
20250213,27.95,28.0,27.8,28.0,2741604,76522350,1256,+0.05
20250214,28.0,28.2,27.95,28.05,3363976,94475413,1834,+0.05
20250217,28.3,28.3,28.05,28.1,1917825,53998943,1338,+0.05
20250218,28.1,28.2,28.05,28.2,1158992,32590619,879,+0.10
20250219,28.2,28.25,28.1,28.25,2448953,69083617,1704,+0.05
20250220,28.15,28.15,27.95,28.1,2562361,71822996,1649,-0.15
20250221,28.1,28.1,27.85,27.9,3386326,94631264,1831,-0.20
20250224,27.9,28.2,27.9,28.2,2140320,60065859,1177,+0.30
20250225,28.0,28.1,27.9,27.95,2153973,60288476,1154,-0.25
20250226,27.9,28.2,27.9,28.15,2142787,60179257,1639,+0.20
20250227,28.0,28.05,27.5,27.5,9368871,259169533,2802,-0.65
20250303,27.65,27.9,27.65,27.8,4956648,137767505,2459,+0.30
20250304,27.6,27.85,27.45,27.65,5050359,139739512,2217,-0.15
20250305,27.8,27.95,27.7,27.9,2714043,75604367,1469,+0.25
20250306,27.8,27.85,27.7,27.7,2238821,62110978,1724,-0.20
20250307,27.7,27.7,27.6,27.6,2190089,60497728,1319,-0.10
20250310,27.6,27.7,27.4,27.45,4505902,123806260,2216,-0.15
20250311,27.2,27.25,26.9,27.2,6109430,165416368,3019,-0.25
20250312,27.0,27.4,27.0,27.4,3019238,82355889,1625,+0.20
20250313,27.4,27.4,27.1,27.15,3116058,84800913,1689,-0.25
20250314,27.35,27.45,27.15,27.3,3144026,85746904,1936,+0.15
20250317,27.2,27.25,27.05,27.1,2836915,76964979,1883,-0.20
20250318,27.25,27.35,27.1,27.35,2569154,70048873,1434,+0.25
20250319,27.35,27.4,27.2,27.35,2739771,74824756,1621, 0.00
20250320,27.3,27.45,27.3,27.45,2508328,68704831,1730,+0.10
20250321,27.4,27.55,27.15,27.15,10407962,283253911,1765,-0.30
20250324,27.2,27.45,27.2,27.3,1842162,50385477,1031,+0.15
20250325,27.3,27.45,27.15,27.35,2340766,63825648,1217,+0.05
20250326,27.2,27.45,27.2,27.3,2218798,60587564,1170,-0.05
20250327,27.25,27.45,27.25,27.45,2987346,81787727,1374,+0.15
20250328,27.4,27.4,27.1,27.2,2424871,65916438,1371,-0.25
20250331,27.0,27.05,26.7,26.7,6958860,186634937,3969,-0.50
20250401,26.7,27.2,26.65,27.05,2550562,68835312,1690,+0.35
20250402,27.0,27.35,26.95,27.2,2951200,80463955,1492,+0.15
20250407,24.75,26.45,24.75,25.9,19739259,510474311,8561,-1.30
20250408,26.2,26.65,25.95,26.15,14773690,387479126,5837,+0.25
20250409,25.95,26.2,25.45,25.45,12999925,334816149,5226,-0.70
20250410,27.25,27.25,26.45,26.5,10737809,286995716,5227,+1.05
20250411,26.35,26.5,25.95,26.45,8775702,230321450,2956,-0.05
20250414,26.35,26.75,26.3,26.7,7615913,202325366,2822,+0.25
20250415,26.8,26.9,26.4,26.5,6458382,171749914,3517,-0.20
20250416,26.35,26.5,26.1,26.2,5567499,145991412,2314,-0.30
20250417,26.2,26.6,26.1,26.6,4678174,123759131,1961,+0.40
20250418,26.55,26.7,26.4,26.5,3002771,79821084,1379,-0.10
20250421,26.5,26.5,26.25,26.25,2034800,53656729,957,-0.25
20250422,26.2,26.95,26.15,26.95,7043806,188415473,3319,+0.70
20250423,26.95,27.0,26.55,26.55,5840053,155812843,2839,-0.40
20250424,26.6,26.7,26.5,26.7,3493250,93040887,1621,+0.15
20250425,26.7,27.0,26.6,26.6,4842836,129373554,2227,-0.10
20250428,26.75,27.0,26.65,26.8,3978401,106931301,1911,+0.20
20250429,26.85,27.05,26.8,26.8,4011088,108005393,1951, 0.00
20250430,26.75,27.2,26.75,27.15,4238619,114614724,1782,+0.35
20250502,27.1,27.2,27.0,27.2,3411093,92568617,1374,+0.05
20250505,27.3,27.45,27.15,27.25,5466846,149544166,2318,+0.05
20250506,27.5,27.9,27.4,27.9,6866635,190363471,2883,+0.65
20250507,28.0,28.0,27.55,27.65,4720455,130780386,1927,-0.25
20250508,27.75,27.75,27.45,27.5,3344423,92175640,1168,-0.15
20250509,27.4,27.6,27.35,27.45,3241449,88942733,1394,-0.05
20250512,27.65,27.75,27.55,27.75,3406473,94362532,1597,+0.30
20250513,27.6,27.95,27.6,27.95,3627973,101023379,1427,+0.20
20250514,28.0,28.0,27.65,27.8,3609955,100227830,1715,-0.15
20250515,27.8,27.85,27.65,27.75,2879640,79884833,1043,-0.05
20250516,27.85,28.0,27.65,28.0,2352210,65505410,1256,+0.25
20250519,28.0,28.0,27.6,27.8,2697497,74846752,1696,-0.20
20250520,27.8,27.8,27.5,27.65,2761842,76324487,1671,-0.15
20250521,27.65,27.85,27.5,27.8,2847778,78840625,1783,+0.15
20250522,27.65,27.75,27.4,27.45,2573774,70722221,1445,-0.35
20250523,27.4,27.6,27.3,27.6,2305444,63389523,1129,+0.15
20250526,27.65,27.75,27.5,27.75,2262116,62570704,1609,+0.15
20250527,27.8,27.8,27.5,27.5,2181724,60258696,1328,-0.25
20250528,27.75,27.75,27.35,27.5,2644308,72814625,1216, 0.00
20250529,27.7,27.7,27.4,27.45,9448812,259527181,1427,-0.05
20250602,27.5,27.5,27.2,27.3,3182437,86816306,1814,-0.15
20250603,27.3,27.4,27.2,27.25,2442023,66621849,1178,-0.05
20250604,27.35,27.8,27.35,27.8,3394570,93965037,1334,+0.55
20250605,27.6,27.65,27.45,27.6,2187313,60241882,966,-0.20
20250606,27.6,27.95,27.55,27.9,2713694,75495315,1342,+0.30
20250609,27.95,28.0,27.85,28.0,2021307,56495483,950,+0.10
20250610,28.0,28.15,27.9,28.1,3614992,101476896,1744,+0.10
20250611,28.1,28.45,28.05,28.4,5461406,154708022,2331,+0.30
20250612,28.45,28.5,28.3,28.5,3228431,91857988,1535,+0.10
20250613,28.4,28.85,28.4,28.85,7208120,206977224,3212,+0.35
20250616,28.75,29.1,28.55,28.55,4068799,117124766,2025,-0.30
20250617,28.65,29.15,28.55,29.0,7686785,222699042,3396,+0.45
20250618,29.05,29.05,28.65,28.7,2874471,82805413,2525,-0.30
20250619,28.7,28.9,28.7,28.85,2257304,65037278,1403,+0.15
20250620,28.9,28.9,28.6,28.85,4995591,144021504,1658, 0.00
20250623,28.55,28.85,28.55,28.75,2675786,76845068,1687,-0.10
20250624,29.0,29.05,28.7,28.8,2293285,66217667,1174,+0.05
20250625,28.9,28.95,28.7,28.7,1501211,43218010,1083,-0.10
20250626,28.7,29.0,28.7,28.85,2810157,81209408,1770,+0.15
20250627,28.85,29.0,28.7,28.75,2785208,80282011,1651,-0.10
20250630,28.75,28.8,28.25,28.25,2727154,77475070,1240,-0.50
20250701,28.4,28.9,28.4,28.75,2631803,75663792,1545,+0.50
20250702,28.65,28.85,28.45,28.5,2241779,64022315,1247,-0.25
20250703,28.4,28.95,28.4,28.95,2168594,62497416,1296,+0.45
20250704,28.95,28.95,28.65,28.85,1161887,33434070,810,-0.10
20250707,28.85,28.85,28.55,28.75,1259284,36138171,840,-0.10
20250708,28.7,28.75,28.55,28.55,2420607,69258140,1077,-0.20
20250709,28.55,28.7,28.45,28.7,2849108,81443077,1218,+0.15
20250710,28.55,28.6,28.45,28.6,2055407,58643215,1117,-0.10
20250711,28.6,28.9,28.6,28.65,3312508,95208149,1590,+0.05
20250714,28.65,28.7,28.3,28.5,6278733,179033564,2252,-0.15
20250715,27.45,27.85,27.45,27.7,4765304,131941339,1839,X0.00
20250716,27.7,28.05,27.55,27.7,3302389,91876318,1798, 0.00
20250717,27.7,27.9,27.65,27.7,2103651,58390637,1264, 0.00
20250718,27.85,27.85,27.4,27.5,3389582,93282579,2226,-0.20
20250721,27.5,27.6,27.3,27.3,2110982,57860240,1396,-0.20
20250722,27.3,27.35,27.15,27.15,2895539,78831844,1686,-0.15
20250723,27.2,27.4,27.2,27.35,2040081,55720000,1174,+0.20
20250724,27.35,27.4,27.2,27.35,1919840,52382900,1312, 0.00
20250725,27.25,27.4,27.2,27.35,1672677,45751376,1263, 0.00
20250728,27.35,27.5,27.25,27.3,1713593,46829604,1126,-0.05
20250729,27.3,27.4,27.2,27.3,1685368,45984035,1150, 0.00
20250730,27.3,27.55,27.3,27.5,1780058,48890211,1046,+0.20
20250731,27.35,27.4,27.2,27.25,1888740,51521188,970,-0.25
20250801,27.2,27.35,27.05,27.25,1357757,36979685,896, 0.00
20250804,27.2,27.6,27.15,27.6,1922836,52787772,956,+0.35
20250805,27.45,27.6,27.45,27.6,1512764,41638333,1040, 0.00
20250806,27.6,27.8,27.55,27.8,2480423,68735057,1107,+0.20
20250807,27.75,27.9,27.7,27.85,2083615,57979632,1173,+0.05
20250808,27.7,27.95,27.7,27.95,1484433,41407252,957,+0.10
20250811,27.95,28.25,27.8,27.8,2472838,69342265,1336,-0.15
20250812,27.8,28.1,27.8,28.0,2076354,58168178,1130,+0.20
20250813,28.15,28.15,27.85,28.05,2352290,65879369,1273,+0.05
20250814,28.1,28.1,27.85,27.85,1808453,50519607,1334,-0.20
20250815,27.8,27.85,27.6,27.6,2819115,77962492,1725,-0.25
20250818,27.6,27.9,27.6,27.9,3065925,85198099,1462,+0.30
20250819,27.8,28.0,27.7,28.0,2789175,77747874,1160,+0.10
20250820,28.1,28.1,27.7,27.7,2214640,61462290,1384,-0.30
20250821,27.9,28.0,27.7,27.9,1283397,35765956,952,+0.20
20250822,27.85,27.85,27.65,27.7,1147545,31804529,855,-0.20
20250825,27.8,27.85,27.75,27.85,1173786,32625044,829,+0.15
20250826,27.75,27.8,27.6,27.65,6340105,175333203,1583,-0.20
20250827,27.6,27.8,27.6,27.65,2563215,70974712,1215, 0.00
20250828,27.65,27.8,27.6,27.6,2443962,67629970,1079,-0.05
20250829,27.7,27.75,27.6,27.6,1657766,45810090,845, 0.00
20250901,27.6,27.8,27.5,27.55,1906786,52593708,1051,-0.05
20250902,27.6,27.9,27.6,27.9,2585420,71945686,1142,+0.35
20250903,27.95,27.95,27.75,27.75,1171934,32611764,878,-0.15
20250904,27.8,27.85,27.7,27.8,1289374,35830117,756,+0.05
20250905,27.8,27.9,27.75,27.9,1214634,33828678,780,+0.10
20250908,27.85,28.0,27.85,28.0,2128983,59504628,1153,+0.10
20250909,28.0,28.35,27.95,28.15,3846934,108165801,1542,+0.15
20250910,28.2,28.3,28.0,28.2,3593301,101282294,1708,+0.05
20250911,28.1,28.2,27.9,27.9,2292883,64171418,1420,-0.30
20250912,27.9,28.1,27.85,28.1,1964989,55096038,1115,+0.20
20250915,28.1,28.15,27.95,28.0,1523233,42701209,1190,-0.10
20250916,28.0,28.1,27.9,27.95,1876367,52496298,1263,-0.05
20250917,27.9,28.0,27.85,27.85,1446040,40365466,1108,-0.10
20250918,27.8,27.9,27.8,27.8,1548471,43068817,947,-0.05
20250919,27.7,27.85,27.65,27.85,6930998,192559015,2108,+0.05
20250922,27.95,27.95,27.8,27.95,1424848,39735009,754,+0.10
20250923,27.9,27.95,27.8,27.9,1643424,45819865,1128,-0.05
20250924,27.9,28.05,27.85,27.9,1402866,39158667,816, 0.00
20250925,28.05,28.05,27.95,28.05,2543902,71294000,1254,+0.15
20250926,28.05,28.1,27.85,27.9,1794280,50166096,1297,-0.15
20250930,28.1,28.15,27.95,28.1,3838228,107714795,1441,+0.20
20251001,28.2,28.25,27.95,28.1,1539304,43207067,899, 0.00
20251002,28.05,28.1,27.95,27.95,1747238,48895021,971,-0.15
20251003,27.95,28.05,27.8,27.8,1811680,50452049,1106,-0.15
20251007,27.8,27.8,27.5,27.55,4855601,133892933,2857,-0.25
20251008,27.65,27.65,27.35,27.35,3963177,108746046,2128,-0.20
20251009,27.6,27.6,27.2,27.25,3881353,105957818,2063,-0.10
20251013,27.25,27.25,26.8,27.0,4130730,111480516,2807,-0.25
20251014,27.0,27.45,27.0,27.15,3449763,93949260,2009,+0.15
20251015,27.1,27.3,27.05,27.3,1443880,39248313,1374,+0.15
20251016,27.35,27.4,27.2,27.2,1428051,38932143,1014,-0.10
20251017,27.25,27.5,27.25,27.35,1865889,51101127,1096,+0.15
20251020,27.35,27.55,27.3,27.3,2606601,71458405,1467,-0.05
20251021,27.45,27.45,27.3,27.35,1290043,35308715,714,+0.05
20251022,27.35,27.55,27.3,27.55,1918659,52660687,900,+0.20
20251023,27.45,27.65,27.35,27.6,1329325,36631471,883,+0.05
20251027,27.75,28.0,27.55,27.8,3554983,98502712,1716,+0.20
20251028,27.8,27.8,27.4,27.4,3043395,83728027,1292,-0.40
20251029,27.4,27.6,27.3,27.5,3919045,107421932,1507,+0.10
20251030,27.35,27.7,27.3,27.65,3728329,102546871,1541,+0.15
20251031,27.7,27.7,27.35,27.35,3172138,87121896,1197,-0.30
20251103,27.35,27.5,27.25,27.25,1975634,54059297,1222,-0.10
20251104,27.25,27.45,27.2,27.3,2018661,55080079,1300,+0.05
20251105,27.2,27.5,27.1,27.5,2836908,77637130,1395,+0.20
20251106,27.7,27.8,27.6,27.65,3540828,98096654,1789,+0.15
20251107,27.65,28.25,27.6,28.0,9600435,269212495,3953,+0.35
20251110,28.4,29.2,28.35,28.7,14625354,420605216,5959,+0.70
20251111,28.7,28.85,28.5,28.6,6573560,188448398,2995,-0.10
20251112,28.8,29.1,28.45,28.45,6666282,191353093,2796,-0.15
20251113,28.45,28.6,28.3,28.35,3328812,94582807,1953,-0.10
20251114,28.25,28.65,28.15,28.35,3501960,99365158,2017, 0.00
20251117,28.2,28.45,28.15,28.45,4176184,116301718,2082,+0.10
20251118,28.25,28.3,27.85,27.9,3578727,100224434,1894,-0.55
20251119,28.1,28.1,27.7,27.8,2611676,72591185,1682,-0.10
20251120,27.95,28.1,27.7,27.9,2069041,57808002,1213,+0.10
20251121,28.0,28.0,27.35,27.35,4865067,133605984,3590,-0.55
20251124,27.4,27.85,27.3,27.85,7337118,203427957,2254,+0.50
20251125,27.8,27.85,27.55,27.85,1958193,54319433,1348, 0.00
20251126,27.85,28.1,27.85,28.05,1877928,52558487,1169,+0.20
20251127,27.9,27.95,27.55,27.85,4488158,124445833,2890,-0.20
20251128,27.85,28.05,27.7,27.95,3730653,104100920,1350,+0.10
20251201,27.75,28.0,27.7,27.95,3893784,108663274,1493, 0.00
20251202,28.0,28.05,27.85,28.0,2808029,78567719,1646,+0.05
20251203,27.9,28.0,27.85,28.0,2768317,77379778,1224, 0.00
20251204,28.0,28.0,27.75,27.9,3664549,101983378,1821,-0.10
20251205,27.8,27.9,27.5,27.55,3509274,96948127,3022,-0.35
20251208,27.55,27.75,27.4,27.65,3889360,107166925,2122,+0.10
20251209,27.55,27.65,27.5,27.55,3431276,94585885,1306,-0.10
20251210,27.55,27.65,27.5,27.6,3555089,98036529,1333,+0.05
20251211,27.5,27.75,27.5,27.7,3503625,96950353,1359,+0.10
20251212,27.8,27.8,27.6,27.7,3413127,94581426,1641, 0.00
20251215,27.65,27.75,27.55,27.6,1543746,42658749,1149,-0.10
20251216,27.45,27.65,27.45,27.45,4220543,115977648,1547,-0.15
20251217,27.55,27.55,27.25,27.4,4528957,124036143,2386,-0.05
20251218,27.3,27.5,27.3,27.4,2452501,67166568,1379, 0.00
20251219,27.3,27.85,27.3,27.85,6895331,191366275,1783,+0.45
20251222,27.8,27.95,27.7,27.95,3331717,92893164,1860,+0.10
20251223,27.9,28.15,27.9,28.05,3369174,94561413,1736,+0.10
20251224,28.05,28.05,27.9,27.95,981846,27430267,632,-0.10
20251226,27.95,27.95,27.75,27.9,1828593,50840370,1235,-0.05
20251229,27.9,28.0,27.85,27.95,1406243,39273884,866,+0.05
20251230,27.9,28.0,27.75,27.95,4813013,134175090,1316, 0.00
20251231,27.85,28.05,27.85,28.0,2381217,66626533,945,+0.05
20260102,28.0,28.15,27.9,28.0,2017774,56536086,1072, 0.00
20260105,27.9,28.05,27.8,27.85,5054998,141219827,2118,-0.15
20260106,27.9,28.0,27.7,28.0,4316047,120299584,1550,+0.15
20260107,28.05,28.05,27.8,27.85,4414942,123274197,1616,-0.15
20260108,27.85,27.95,27.5,27.9,5477091,151873378,2201,+0.05
20260109,27.9,28.0,27.55,28.0,4233754,117677575,1664,+0.10
20260112,27.95,27.95,27.6,27.6,3354348,92855075,1856,-0.40
20260113,27.7,27.75,27.4,27.4,5547657,152546526,3282,-0.20
20260114,27.4,27.5,27.3,27.4,4015777,110020760,2156, 0.00
20260115,27.45,27.5,27.35,27.35,3772737,103325505,1936,-0.05
20260116,27.45,27.6,27.3,27.35,5198994,142287133,2698, 0.00
20260119,27.35,27.4,27.25,27.25,5281081,144152832,2810,-0.10
20260120,27.2,27.25,27.1,27.1,7306610,198283902,3962,-0.15
20260121,27.15,27.15,27.0,27.0,7246306,195912543,3613,-0.10
20260122,27.0,27.1,26.95,27.0,7342941,198223054,3298, 0.00
20260123,27.15,27.3,26.95,26.95,7331244,198158227,3064,-0.05
20260126,26.95,27.25,26.85,27.25,5473107,147965068,3221,+0.30
20260127,27.25,27.35,27.15,27.15,5354211,145688459,1996,-0.10
20260128,27.05,27.2,27.05,27.2,5238823,142202813,1799,+0.05
20260129,27.2,27.6,27.2,27.6,7456085,204399760,2750,+0.40
20260130,27.6,27.65,27.1,27.35,7755494,211177837,2777,-0.25
20260202,27.3,27.3,27.05,27.1,4129026,111897690,1812,-0.25
20260203,27.1,27.25,27.1,27.1,4503832,122121560,1731, 0.00
20260204,27.1,27.2,27.1,27.1,3198764,86769424,1197, 0.00
20260205,27.1,27.35,27.05,27.1,3582446,97306022,1812, 0.00
20260206,27.0,27.15,27.0,27.0,3863501,104490760,1761,-0.10
20260209,27.15,27.25,27.05,27.15,3904238,106041515,1640,+0.15
20260210,27.15,27.35,27.15,27.35,4422506,120504252,2422,+0.20
20260211,27.35,27.35,27.1,27.15,5295432,144000981,2745,-0.20
20260223,27.4,27.45,27.15,27.35,7198365,196681102,3892,+0.20
20260224,27.35,27.4,27.1,27.3,6647206,180928991,2646,-0.05
20260225,27.3,27.3,27.1,27.1,5859366,159029278,2676,-0.20
20260226,27.1,27.2,27.0,27.05,12485925,337627371,3729,-0.05
20260302,27.25,27.25,26.9,27.25,6756514,183228332,3042,+0.20
20260303,26.9,27.0,26.85,26.85,7540715,202728123,4363,-0.40
20260304,26.75,26.75,26.45,26.55,9994887,265408921,4772,-0.30
20260305,26.55,26.75,26.5,26.6,5535486,147177750,2708,+0.05
20260306,26.5,26.65,26.35,26.5,4582950,121574172,2499,-0.10
20260309,26.1,26.3,26.0,26.15,6277398,164277540,3694,-0.35
20260310,26.4,26.45,26.2,26.2,5234981,137433977,2374,+0.05
20260311,26.2,26.35,26.15,26.25,3542985,93138045,2052,+0.05
20260312,26.2,26.25,26.0,26.0,11007074,286648587,4953,-0.25
20260313,25.9,26.0,25.65,25.9,6907077,178484204,3631,-0.10
20260316,25.9,26.25,25.75,26.15,4679345,121702174,2307,+0.25
20260317,26.1,26.3,26.0,26.25,6195018,161932574,2665,+0.10
20260318,26.35,26.35,26.05,26.1,5025821,131226368,2565,-0.15
20260319,26.15,26.3,25.95,26.15,5234830,136879488,2680,+0.05
20260320,26.05,26.35,26.05,26.35,7201679,189114098,2168,+0.20
20260323,26.1,26.1,25.8,25.9,5361690,138985881,3454,-0.45
20260324,25.95,26.1,25.85,26.05,3796172,98476634,2011,+0.15
20260325,26.35,26.45,26.1,26.45,5511798,144747515,2376,+0.40
20260326,26.3,26.5,26.25,26.25,5285469,139273258,2426,-0.20
20260327,26.3,26.4,26.15,26.15,4859830,127465217,2290,-0.10
20260330,25.85,26.5,25.85,26.5,9821399,258789073,2915,+0.35
20260331,26.5,26.5,26.0,26.35,6916488,180868437,2728,-0.15
20260401,26.45,26.9,26.15,26.8,6708029,177767632,2745,+0.45
20260402,26.9,26.9,26.5,26.6,4346180,115700905,1718,-0.20
20260407,26.65,26.65,26.3,26.45,3292931,86953112,1613,-0.15
20260408,26.9,26.9,26.5,26.6,5856509,155776019,2229,+0.15
20260409,26.4,27.0,26.3,27.0,5310011,140996097,2133,+0.40
20260410,26.8,26.95,26.55,26.95,4772974,127389718,2331,-0.05
20260413,26.8,26.9,26.6,26.9,3856401,103059079,1735,-0.05
20260414,26.9,26.9,26.5,26.85,5445734,145239647,2267,-0.05
20260415,26.9,26.95,26.65,26.9,4208222,112764079,2050,+0.05
20260416,26.9,26.95,26.75,26.95,3303269,88688833,1555,+0.05
20260417,27.0,27.0,26.7,27.0,4406262,118287585,1907,+0.05
20260420,26.75,26.9,26.7,26.75,4330346,115820985,1851,-0.25
20260421,26.85,26.85,26.6,26.7,8232209,219499561,1957,-0.05
20260422,26.6,26.65,26.5,26.5,5099400,135419381,2308,-0.20
20260423,26.4,26.5,26.25,26.3,6218951,163709653,2271,-0.20
20260424,26.3,26.7,26.25,26.7,5042999,133298937,2489,+0.40
20260427,26.5,26.7,26.35,26.35,5703101,150643752,2850,-0.35
20260428,26.55,26.6,26.25,26.45,4894671,129007902,2227,+0.10
20260429,26.6,26.7,26.25,26.65,6223781,164708663,2310,+0.20
20260430,26.6,26.6,26.4,26.5,5489391,145431422,2026,-0.15
20260504,26.55,26.55,26.3,26.4,4245041,112062372,1855,-0.10
20260505,26.4,26.45,26.35,26.4,4066789,107323684,2106, 0.00
20260506,26.6,26.6,26.4,26.4,4548833,120471542,2429, 0.00
20260507,26.3,26.6,26.25,26.35,7623777,200974980,3002,-0.05
20260508,26.6,26.65,26.35,26.55,5513444,146174188,2121,+0.20
20260511,26.6,26.9,26.6,26.75,5763093,154249414,2951,+0.20
20260512,26.75,26.85,26.65,26.75,4231619,113195607,2666, 0.00
20260513,26.6,26.6,26.15,26.15,7519180,197481167,3625,-0.60
20260514,26.15,26.25,25.8,25.9,11289460,293246030,5762,-0.25
20260515,25.7,25.85,25.65,25.7,11159917,286917971,5469,-0.20
20260518,25.65,25.7,25.55,25.6,6138784,157357847,3279,-0.10
20260519,25.7,26.1,25.55,25.95,8651823,223501028,3076,+0.35
20260520,25.95,26.05,25.85,25.85,4181220,108341826,1830,-0.10
20260521,25.85,26.05,25.75,25.95,2726565,70770785,1554,+0.10
20260522,25.8,25.95,25.8,25.8,8569002,221481101,2811,-0.15
20260525,25.75,25.8,25.3,25.3,24174212,613750815,9531,-0.50
20260526,25.25,25.3,25.05,25.05,16178625,406959573,7214,-0.25
20260527,25.1,25.55,24.8,25.25,16971023,425978249,7793,+0.20
20260528,25.25,25.25,24.8,24.8,19395430,482975645,7227,-0.45
20260529,25.05,25.3,24.8,24.85,222475014,5532076019,10806,+0.05
20260601,25.2,25.4,25.0,25.1,14497392,364124387,5447,+0.25
20260602,25.0,25.5,25.0,25.3,15381758,389270250,3901,+0.20
