date,open,high,low,close,volume,turnover,transactions,price_change
20100104,62.5,62.8,61.6,62.7,2963358,185013022,911,0.3
20100105,62.8,62.8,62.2,62.8,2054920,128592091,1078,0.1
20100106,62.8,62.8,61.4,62.5,4130891,255823512,1565,-0.3
20100107,61.8,62.0,60.1,60.6,6942051,423607073,3099,-1.9
20100108,60.6,61.6,60.0,60.6,6388499,388114527,2328,0.0
20100111,60.6,61.4,60.5,61.4,2513248,153200928,1202,0.8
20100112,61.4,61.9,60.9,61.9,2913558,178280762,991,0.5
20100113,61.5,61.7,61.1,61.1,4130510,253912846,1333,-0.8
20100114,62.0,62.0,61.3,61.5,2188628,134982614,867,0.4
20100115,61.5,62.3,61.0,62.3,3496782,215551787,1097,0.8
20100118,62.0,62.9,61.8,62.3,3831742,238848704,1060,0.0
20100119,62.8,62.8,61.9,62.5,2672354,166156307,877,0.2
20100120,61.9,62.5,61.8,62.0,3605169,223837438,1244,-0.5
20100121,62.0,62.8,61.8,62.6,4065941,253443211,1140,0.6
20100122,61.7,62.4,61.7,61.9,3956059,245255532,1459,-0.7
20100125,61.5,62.3,61.4,61.8,2861067,176125717,890,-0.1
20100126,62.2,62.2,60.4,61.0,6269383,381530563,2267,-0.8
20100127,60.8,62.5,60.5,61.7,6163188,378463738,1665,0.7
20100128,62.5,62.5,60.7,60.7,4507928,274443613,1883,-1.0
20100129,60.7,62.0,60.3,61.9,9365763,572204395,2339,1.2
20100201,61.8,61.8,60.2,60.9,5107312,309582126,1877,-1.0
20100202,60.9,61.3,60.0,60.3,5889696,357321757,2514,-0.6
20100203,60.5,61.2,60.4,61.0,5256939,319865790,1535,0.7
20100204,60.8,61.9,60.5,61.8,5139744,314359455,1779,0.8
20100205,60.9,61.8,60.6,61.0,7786139,475938639,1849,-0.8
20100206,61.0,62.0,61.0,61.7,4006538,246996685,1445,0.7
20100208,61.7,61.7,60.1,60.3,5449293,330398173,1912,-1.4
20100209,60.2,60.5,59.5,60.0,10420880,624242600,2831,-0.3
20100210,60.0,60.0,59.3,60.0,5813989,347042726,1768,0.0
20100222,60.6,60.6,58.9,59.3,10721494,637860981,3967,-0.7
20100223,59.9,59.9,59.2,59.8,2913333,173491040,1085,0.5
20100224,59.6,60.0,59.4,59.6,3468380,207118081,1435,-0.2
20100225,59.6,60.2,59.5,59.8,5075362,303710204,1444,0.2
20100226,59.5,60.2,59.5,60.1,2288446,137230607,838,0.3
20100301,60.4,61.4,60.2,60.4,6198350,377954124,2013,0.3
20100302,60.7,61.4,60.5,61.4,15527275,946613694,1544,1.0
20100303,61.4,61.4,60.2,60.5,3400106,205655605,1062,-0.9
20100304,60.2,60.3,59.5,59.7,5738507,343487415,1997,-0.8
20100305,60.0,60.6,59.7,60.4,2727568,164309627,654,0.7
20100308,60.7,60.8,59.9,60.1,3275248,196899280,1336,-0.3
20100309,60.7,60.9,60.0,60.6,5283958,319121763,1532,0.5
20100310,60.8,60.8,60.2,60.5,2803455,169438686,744,-0.1
20100311,60.5,60.6,59.9,60.0,4792706,287869560,1447,-0.5
20100312,60.4,60.5,59.9,60.3,4741815,285088753,1751,0.3
20100315,60.3,60.4,60.0,60.4,5753120,346240916,1097,0.1
20100316,60.2,60.2,59.9,60.0,4084583,244940049,992,-0.4
20100317,60.5,60.5,59.9,60.4,7435993,447191272,2190,0.4
20100318,60.0,60.4,59.9,60.3,6649061,399847265,1854,-0.1
20100319,60.3,60.9,60.1,60.8,7738862,467832348,1726,0.5
20100322,60.8,60.8,60.3,60.6,6004956,363262833,1632,-0.2
20100323,60.6,60.6,60.2,60.4,4760015,287789699,1731,-0.2
20100324,60.5,61.1,60.3,61.0,8781592,531863028,2214,0.6
20100325,60.3,60.7,60.2,60.5,4918792,297070951,2021,-0.5
20100326,60.0,60.7,59.8,60.4,6602071,398175766,2086,-0.1
20100329,60.5,60.6,60.2,60.4,4060043,244987971,1814,0.0
20100330,60.4,60.4,60.0,60.2,6685094,402378443,1660,-0.2
20100331,60.6,60.6,59.8,59.8,7827229,470123306,1654,-0.4
20100401,60.3,60.4,59.7,59.9,8673867,520041014,2605,0.1
20100402,60.3,60.3,59.8,60.1,4182974,250866540,818,0.2
20100406,60.4,60.4,60.0,60.0,4251842,255563820,1930,-0.1
20100407,60.0,60.1,59.8,60.0,4418074,264816340,1461,0.0
20100408,60.0,60.3,59.7,60.0,6025188,361220580,1898,0.0
20100409,59.9,60.0,59.7,59.8,2303266,137815794,1027,-0.2
20100412,60.0,60.6,59.7,60.5,7198018,432765476,1275,0.7
20100413,60.3,60.5,60.0,60.5,4988768,301282059,1465,0.0
20100414,60.5,60.5,60.0,60.0,3021442,182278220,1072,-0.5
20100415,60.1,60.5,59.9,60.3,3101626,186309160,674,0.3
20100416,60.3,60.3,60.0,60.3,5195590,312626900,978,0.0
20100419,59.9,60.3,59.9,60.1,3584053,215707880,1387,-0.2
20100420,60.3,60.3,59.8,60.1,2915470,174797100,963,0.0
20100421,60.1,60.1,59.8,60.0,3082129,184660040,920,-0.1
20100422,59.8,59.9,58.7,58.8,11167168,659924712,3829,-1.2
20100423,58.8,58.9,58.5,58.8,7258525,426066360,2142,0.0
20100426,58.8,59.6,58.8,59.6,4415295,262035578,1692,0.8
20100427,59.6,59.7,59.4,59.6,4550985,270948692,856,0.0
20100428,58.9,59.7,58.9,59.3,6272780,371160538,1359,-0.3
20100429,59.4,59.4,59.0,59.2,5430736,321665432,1665,-0.1
20100430,59.5,60.9,59.5,60.2,19684509,1186166082,5535,1.0
20100503,59.8,60.0,59.5,59.7,9305923,555774780,2872,-0.5
20100504,59.7,60.3,59.5,60.1,9147052,548067819,2245,0.4
20100505,59.5,60.2,59.3,60.1,11235922,673444496,3568,0.0
20100506,59.9,60.3,59.6,59.8,13490121,807429290,2960,-0.3
20100507,59.4,59.9,59.4,59.5,10561120,630221110,1976,-0.3
20100510,59.6,60.2,59.5,60.0,7803987,466788320,2514,0.5
20100511,59.8,59.9,59.6,59.6,9517803,568411780,2192,-0.4
20100512,59.6,60.0,59.6,59.6,5275061,314826324,1980,0.0
20100513,60.0,60.3,59.8,60.1,3473290,208653816,1143,0.5
20100514,59.8,60.3,59.7,60.0,5085284,304679180,659,-0.1
20100517,60.0,60.3,59.9,60.2,5881029,353539038,1919,0.2
20100518,60.2,60.5,60.1,60.4,4401120,265392300,2319,0.2
20100519,60.2,60.6,60.0,60.5,3449699,208310582,1112,0.1
20100520,60.5,60.5,60.1,60.2,2829961,170815829,1291,-0.3
20100521,59.9,60.7,59.8,60.4,5249990,316833883,1627,0.2
20100524,60.4,61.0,60.1,60.6,2634635,159785769,1008,0.2
20100525,60.5,61.0,60.2,60.7,5277374,320118923,1735,0.1
20100526,60.7,60.7,60.4,60.5,4917100,297528464,1398,-0.2
20100527,61.2,61.2,60.3,60.4,2603301,157540006,710,-0.1
20100528,60.4,60.9,60.4,60.7,4322761,262034410,1255,0.3
20100531,60.9,61.2,60.6,61.2,4065305,247820158,1221,0.5
20100601,61.2,61.5,60.4,60.6,3694494,224592924,1463,-0.6
20100602,61.1,61.1,60.4,60.6,5253594,319233734,2330,0.0
20100603,61.1,61.5,60.8,61.4,4189768,256922492,1425,0.8
20100604,61.9,62.0,61.5,61.8,2992926,184784735,1261,0.4
20100607,60.8,62.5,60.8,62.1,7780334,481297908,2167,0.3
20100608,62.0,62.3,61.5,62.2,4848455,299468453,1496,0.1
20100609,61.9,61.9,61.6,61.8,6655723,411239969,1409,-0.4
20100610,61.8,62.7,61.7,62.6,5848952,364138141,1543,0.8
20100611,62.6,64.3,62.6,64.2,8120046,516436226,2416,1.6
20100614,64.1,64.3,63.9,64.0,4317523,276517972,1476,-0.2
20100615,64.0,64.2,63.8,63.8,5529995,353891972,1362,-0.2
20100617,64.0,65.2,63.5,64.9,9036781,583433039,3084,1.1
20100618,64.9,65.1,64.6,65.0,5504953,357364950,1817,0.1
20100621,65.4,66.0,65.2,66.0,10673606,699911495,3180,1.0
20100622,66.0,66.0,65.5,65.8,6775016,444852334,2570,-0.2
20100623,65.6,65.6,64.9,65.2,8878112,578031473,2956,-0.6
20100624,65.0,65.0,64.5,65.0,5536871,359091115,1985,-0.2
20100625,64.5,64.6,63.9,64.1,10063392,645799796,2783,-0.9
20100628,64.2,65.6,64.2,65.0,6836802,443513930,2132,0.9
20100629,65.5,66.4,65.0,65.2,7942611,520140490,3384,0.2
20100630,64.9,65.8,64.6,65.7,6561352,429231010,1918,0.5
20100701,65.8,65.9,65.1,65.5,7950625,516286948,2268,-0.20
20100702,65.5,67.8,65.5,67.4,53509121,3522038025,5252,+1.90
20100705,61.3,61.3,60.4,60.7,11766380,715196983,3420,X0.00
20100706,60.4,60.7,59.9,60.7,11909924,717871725,2897, 0.00
20100707,60.7,60.9,60.2,60.9,6968780,420960980,1560,+0.20
20100708,61.0,61.3,60.8,61.0,7522657,459111777,1841,+0.10
20100709,61.3,61.3,60.8,61.0,5462959,332938499,1924, 0.00
20100712,61.0,61.0,60.4,60.8,8339603,506160283,2497,-0.20
20100713,60.8,60.8,60.3,60.4,5235750,317215368,1244,-0.40
20100714,60.5,60.8,60.1,60.5,16485063,997248005,2881,+0.10
20100715,60.4,60.5,60.1,60.3,7027720,423343205,1757,-0.20
20100716,60.6,61.3,60.4,61.0,5822195,354819365,1956,+0.70
20100719,61.0,61.8,60.8,61.8,8162250,502849595,2284,+0.80
20100720,62.3,62.4,61.9,62.0,5318387,330125408,1720,+0.20
20100721,62.2,62.2,61.7,62.1,4345405,269453123,951,+0.10
20100722,62.4,62.4,62.0,62.0,3929388,244004471,865,-0.10
20100723,62.4,62.9,62.0,62.7,7516132,469746341,2239,+0.70
20100726,63.5,64.0,63.0,63.3,10772305,682973559,2399,+0.60
20100727,63.3,63.3,62.4,63.2,6865266,432666997,1150,-0.10
20100728,62.7,63.2,62.7,63.2,1995411,125841162,849, 0.00
20100729,63.5,63.7,63.0,63.4,4433280,281047090,1127,+0.20
20100730,63.1,63.3,62.8,63.2,7341936,462592944,1431,-0.20
20100802,63.5,64.1,63.4,63.6,5982054,380817006,1474,+0.40
20100803,64.0,64.0,62.8,63.0,7272113,459519191,1633,-0.60
20100804,63.3,63.3,62.6,62.8,8083527,507196783,1677,-0.20
20100805,63.0,63.2,62.2,62.8,9263552,579100753,1723, 0.00
20100806,62.8,63.0,62.5,62.8,4547585,285212856,1201, 0.00
20100809,62.5,62.9,62.4,62.7,4986178,312329919,1878,-0.10
20100810,62.5,62.5,61.3,61.7,16578226,1024425257,3028,-1.00
20100811,60.7,61.6,60.7,61.1,9983969,611470487,2403,-0.60
20100812,60.8,61.8,60.8,61.0,10424408,636910984,2126,-0.10
20100813,61.4,62.2,61.1,61.9,3873158,238705272,1106,+0.90
20100816,62.0,62.7,62.0,62.3,5090975,317272437,1151,+0.40
20100817,62.7,62.8,62.1,62.2,4499883,280707214,896,-0.10
20100818,62.3,62.6,62.1,62.6,5190192,323684576,1112,+0.40
20100819,62.1,62.9,62.1,62.9,3329350,207731569,1088,+0.30
20100820,62.9,63.0,62.6,63.0,3284331,206345347,1618,+0.10
20100823,63.0,63.3,62.6,63.2,7883310,498094730,1352,+0.20
20100824,63.5,63.7,62.8,63.7,3545517,224928275,1323,+0.50
20100825,63.5,63.5,63.0,63.2,10220072,645773947,2156,-0.50
20100826,63.1,63.7,62.9,63.2,6786670,429328937,1299, 0.00
20100827,63.6,63.6,63.0,63.2,6401149,404521087,1340, 0.00
20100830,63.0,63.1,62.6,62.7,5505463,345928469,1812,-0.50
20100831,62.7,63.2,62.5,63.0,4452604,280064552,1458,+0.30
20100901,63.5,63.8,63.1,63.6,5710056,362415539,1418,+0.60
20100902,63.8,63.9,63.3,63.5,2776649,176501273,875,-0.10
20100903,63.9,64.0,63.3,63.5,6931558,440745629,2604, 0.00
20100906,63.4,63.8,63.3,63.4,5389253,341828735,1510,-0.10
20100907,63.4,63.8,62.9,62.9,2966322,187120186,832,-0.50
20100908,62.8,63.4,62.6,63.1,5982509,375789911,1254,+0.20
20100909,63.6,63.6,62.9,63.3,5925367,373763021,1410,+0.20
20100910,63.3,63.6,63.1,63.6,5834746,369580313,2055,+0.30
20100913,63.8,64.9,63.6,64.6,9203151,590515096,1768,+1.00
20100914,64.9,64.9,63.9,64.0,9608034,617177376,1278,-0.60
20100915,64.3,64.3,63.4,64.1,14236777,909676928,1362,+0.10
20100916,64.1,64.1,63.4,63.9,5122407,326133796,944,-0.20
20100917,64.2,64.2,63.5,63.6,4154680,265086035,1035,-0.30
20100920,63.6,64.1,63.4,64.1,5235204,333158256,965,+0.50
20100921,64.1,64.3,63.6,63.9,6802564,435078419,997,-0.20
20100923,64.3,64.4,63.5,63.5,8274467,527331642,2412,-0.40
20100924,63.5,64.0,63.4,63.6,6171371,392846656,1880,+0.10
20100927,63.8,64.1,63.6,63.8,8131507,518697637,1442,+0.20
20100928,63.6,63.8,63.5,63.8,3884933,247369211,829, 0.00
20100929,63.8,64.1,63.6,64.1,7729406,493142631,1527,+0.30
20100930,64.0,64.5,64.0,64.5,6872315,440549117,1483,+0.40
20101001,64.2,64.4,63.9,64.2,5758305,369293920,1480,-0.30
20101004,63.9,64.2,63.6,64.1,5335012,341658268,1458,-0.10
20101005,64.0,64.2,64.0,64.0,8285339,530725636,876,-0.10
20101006,64.2,64.2,63.9,64.1,12595051,806969046,1076,+0.10
20101007,64.0,64.5,63.9,64.4,11223894,720131891,1062,+0.30
20101008,64.7,65.2,64.3,65.1,5169694,335097157,2152,+0.70
20101011,65.1,65.1,64.4,64.8,10129339,655966955,997,-0.30
20101012,64.8,64.8,64.1,64.8,4599484,296728161,1375, 0.00
20101013,65.0,65.4,64.3,65.4,5858592,381733390,1659,+0.60
20101014,65.1,66.1,65.1,66.1,7601606,499853522,1462,+0.70
20101015,66.5,67.0,66.2,66.7,8041749,534921618,1410,+0.60
20101018,67.0,67.0,65.8,66.3,5209366,345653756,1452,-0.40
20101019,66.3,66.3,65.6,66.2,4966103,327867298,1594,-0.10
20101020,65.7,66.3,65.4,65.9,4172615,274474618,1436,-0.30
20101021,65.9,66.3,65.4,66.2,3302332,217838139,845,+0.30
20101022,66.5,66.5,65.6,66.3,3948503,260639839,736,+0.10
20101025,66.3,66.8,66.0,66.8,3415458,226766749,1014,+0.50
20101026,67.1,67.3,66.6,67.3,3968381,265767027,907,+0.50
20101027,67.3,67.8,67.0,67.8,3414940,229726042,993,+0.50
20101028,67.7,69.2,67.5,68.6,5391485,367325466,1656,+0.80
20101029,68.5,69.0,67.7,68.1,14184876,970715468,1956,-0.50
20101101,68.5,69.0,68.1,68.5,6274378,429815901,1457,+0.40
20101102,68.5,68.7,67.8,68.5,4910607,334514745,1295, 0.00
20101103,68.5,68.5,67.9,68.3,3550897,242167396,877,-0.20
20101104,68.3,68.4,67.9,68.0,5334660,363170003,1409,-0.30
20101105,68.1,68.5,67.8,68.3,9365865,637287120,1374,+0.30
20101108,68.3,68.8,67.9,68.1,4521072,308648196,1388,-0.20
20101109,68.0,68.3,67.9,68.3,5560775,378469800,1184,+0.20
20101110,68.3,68.9,68.1,68.9,6882655,470092444,2228,+0.60
20101111,68.9,68.9,68.0,68.5,3521900,240986158,1504,-0.40
20101112,68.5,68.7,68.0,68.6,4461761,304699569,1384,+0.10
20101115,68.5,68.5,67.4,67.5,3138373,212943274,1412,-1.10
20101116,67.4,68.4,67.0,68.1,3729350,251949122,1465,+0.60
20101117,68.2,68.3,67.5,67.9,4619330,314193500,1671,-0.20
20101118,68.0,68.0,67.2,67.9,2939497,198498043,944, 0.00
20101119,68.0,69.9,67.9,69.7,7975653,548932607,2443,+1.80
20101122,69.8,69.8,68.3,68.8,4426265,303966924,1904,-0.90
20101123,69.0,69.0,67.6,67.9,5005236,339946148,1641,-0.90
20101124,67.8,68.6,67.7,67.9,4858545,330451996,1504, 0.00
20101125,68.3,68.3,67.3,67.7,3858559,260512097,949,-0.20
20101126,68.0,68.1,67.3,67.8,9450268,641204932,984,+0.10
20101129,68.0,68.2,67.5,68.2,2153578,146261604,790,+0.40
20101130,68.2,68.8,67.8,68.3,24883116,1694945588,1431,+0.10
20101201,69.0,69.0,67.4,68.4,6120098,416254183,1492,+0.10
20101202,68.8,68.8,67.8,68.0,7281181,496492508,1530,-0.40
20101203,67.7,68.0,67.4,67.7,7307567,493820619,1701,-0.30
20101206,68.0,68.0,67.5,68.0,4272550,289352980,1402,+0.30
20101207,68.0,68.0,67.5,67.7,5980954,404712372,2577,-0.30
20101208,68.4,68.5,67.9,68.4,4787823,326706564,2150,+0.70
20101209,68.6,68.7,68.0,68.7,4263392,292352061,1957,+0.30
20101210,68.8,68.8,67.4,68.1,8821013,596198684,2113,-0.60
20101213,68.1,68.1,67.5,67.5,2970874,201382768,1116,-0.60
20101214,67.5,67.9,67.5,67.9,4180575,282777405,1541,+0.40
20101215,67.5,68.0,67.3,67.6,4173854,281640716,1404,-0.30
20101216,67.5,67.8,67.5,67.8,2435463,164843398,991,+0.20
20101217,68.0,68.5,67.8,68.3,4688768,319734534,1424,+0.50
20101220,68.5,68.5,68.0,68.4,6236854,426041036,681,+0.10
20101221,68.6,68.6,68.1,68.3,6901603,471476374,1039,-0.10
20101222,68.0,68.6,67.6,68.2,7364957,500593361,1114,-0.10
20101223,68.0,68.3,67.9,68.3,1589222,108223296,830,+0.10
20101224,68.2,68.3,67.8,68.3,34040991,2323328677,488, 0.00
20101227,68.3,68.5,68.0,68.5,9575989,654170045,746,+0.20
20101228,68.6,68.8,68.4,68.8,2189319,150247274,841,+0.30
20101229,68.8,69.0,68.6,69.0,2474546,170310959,899,+0.20
20101230,69.0,69.9,68.8,69.9,13171800,914286891,2288,+0.90
20101231,69.8,70.0,69.5,69.7,7715341,538340119,907,-0.20
20110103,69.7,69.9,69.2,69.4,1894391,131612208,766,-0.30
20110104,69.0,69.3,68.8,69.0,2796686,192912555,705,-0.40
20110105,68.5,69.1,68.1,68.1,3485516,238820141,1405,-0.90
20110106,68.1,68.9,68.0,68.4,2965401,202666738,1139,+0.30
20110107,68.4,68.5,67.6,68.0,5272974,358892032,1473,-0.40
20110110,68.1,68.1,67.7,67.8,4068502,276042725,1123,-0.20
20110111,68.0,68.6,67.8,68.5,4071757,278035994,987,+0.70
20110112,68.0,68.5,67.9,68.0,4324457,294558376,825,-0.50
20110113,68.0,68.1,67.5,67.8,7959705,539634685,1538,-0.20
20110114,67.9,68.1,67.6,67.8,3268655,221637893,1139, 0.00
20110117,67.7,67.9,67.6,67.6,3087509,209059303,1019,-0.20
20110118,67.6,68.3,67.5,68.3,3332649,226016052,1265,+0.70
20110119,68.1,68.7,68.0,68.7,3433752,234440177,1377,+0.40
20110120,68.5,68.7,67.9,68.5,3996593,272742631,1410,-0.20
20110121,67.8,68.4,67.7,68.4,3984883,270826613,1252,-0.10
20110124,68.3,69.0,68.0,69.0,2340955,160699404,1107,+0.60
20110125,69.0,69.0,68.0,68.5,3421749,234317197,1278,-0.50
20110126,68.0,68.8,67.9,68.7,1812418,124084144,805,+0.20
20110127,68.6,68.7,68.1,68.5,2028010,138975074,1085,-0.20
20110128,68.5,68.6,68.0,68.5,3462144,236950659,1706, 0.00
20110208,68.5,68.9,67.8,68.8,5406788,370321368,2108,+0.30
20110209,68.5,69.6,68.3,69.2,8425854,582315043,2477,+0.40
20110210,69.2,69.3,68.5,68.5,4533381,312132695,1753,-0.70
20110211,68.5,68.5,66.7,66.7,10349396,699383641,3132,-1.80
20110214,67.0,67.0,65.8,66.4,8935158,593691424,3161,-0.30
20110215,66.2,66.6,65.5,66.2,8300379,549571453,2883,-0.20
20110216,66.2,67.4,65.9,66.3,6267991,415319498,2419,+0.10
20110217,66.2,66.2,65.2,65.2,12392465,811474695,4202,-1.10
20110218,65.2,67.1,65.2,66.6,8922583,590458475,3472,+1.40
20110221,66.8,67.5,66.2,67.0,5068936,339699832,2049,+0.40
20110222,67.4,67.5,66.0,67.2,6606964,441669652,2077,+0.20
20110223,67.0,67.4,66.5,66.5,3457647,231261249,1546,-0.70
20110224,67.4,68.2,66.6,67.6,7276391,493214321,2214,+1.10
20110225,67.7,67.9,66.5,66.5,10073668,677526683,2709,-1.10
20110301,66.5,67.2,66.5,67.2,7323883,490338704,1397,+0.70
20110302,67.2,68.0,66.9,67.4,5738571,387876738,2174,+0.20
20110303,68.0,68.7,67.6,68.5,4873831,332902266,1646,+1.10
20110304,68.5,68.6,67.8,68.0,4026134,274102875,1068,-0.50
20110307,68.0,68.4,67.7,68.2,4984030,339056532,832,+0.20
20110308,68.0,68.5,68.0,68.4,5161082,352433284,1571,+0.20
20110309,68.0,68.4,68.0,68.3,2706042,184567059,742,-0.10
20110310,68.3,68.3,67.5,67.5,1796322,121809396,643,-0.80
20110311,67.3,68.0,67.0,67.2,3597616,241668215,1210,-0.30
20110314,67.2,67.8,67.0,67.6,3379917,227519182,1183,+0.40
20110315,67.6,68.2,67.1,68.0,7258221,493015132,2196,+0.40
20110316,68.4,68.5,67.3,67.5,3960892,268953961,1355,-0.50
20110317,67.1,68.1,67.0,68.1,5174341,349504188,1856,+0.60
20110318,68.1,68.1,67.3,67.6,4230706,285782518,1612,-0.50
20110321,67.9,68.0,67.2,67.7,2601537,175780546,988,+0.10
20110322,68.0,68.1,67.5,67.9,2661912,180726813,1304,+0.20
20110323,68.2,68.2,67.8,68.2,2708753,184453304,918,+0.30
20110324,68.3,68.5,68.0,68.1,3670539,250552255,994,-0.10
20110325,68.5,69.0,68.3,68.7,4560734,313102976,2038,+0.60
20110328,69.0,69.2,68.5,69.2,4423585,305265165,1310,+0.50
20110329,68.6,69.3,68.6,69.3,4625014,319538458,1320,+0.10
20110330,68.9,70.0,68.9,69.6,7846779,546090650,2407,+0.30
20110331,69.6,69.8,68.5,69.2,10865656,751518364,2225,-0.40
20110401,69.0,69.5,68.8,69.5,6012339,415859347,1962,+0.30
20110406,69.5,70.0,69.2,69.8,8380413,582926895,2274,+0.30
20110407,69.8,70.0,69.3,69.9,6162605,429046114,2594,+0.10
20110408,70.0,70.2,69.5,69.9,5134711,359191644,1253, 0.00
20110411,69.9,70.4,69.6,70.4,4944573,346240913,1365,+0.50
20110412,70.4,70.4,69.2,69.5,4440532,308533429,1603,-0.90
20110413,69.9,70.6,69.5,70.6,8604456,602402101,1683,+1.10
20110414,70.3,72.3,70.0,71.9,9679228,688869808,2440,+1.30
20110415,72.0,73.1,71.9,73.0,10376397,753872603,1971,+1.10
20110418,72.9,74.0,72.4,73.8,10440259,764491391,2092,+0.80
20110419,73.6,73.6,72.9,73.0,8433909,617430947,1510,-0.80
20110420,73.5,74.4,73.5,74.4,9749435,721210490,2229,+1.40
20110421,75.0,76.3,74.9,75.4,12501337,944217285,2629,+1.00
20110422,75.4,75.7,74.0,74.2,6891712,511672041,1335,-1.20
20110425,74.3,74.5,73.4,73.8,8757811,646549437,1331,-0.40
20110426,73.3,74.3,73.3,74.3,8888440,657653700,1496,+0.50
20110427,74.7,74.8,73.8,74.4,9331770,690635680,2127,+0.10
20110428,74.8,74.9,73.7,74.3,9288196,688722709,1240,-0.10
20110429,74.3,74.3,73.3,73.9,6179695,455642240,2416,-0.40
20110503,74.0,74.0,73.0,73.7,5921437,434420502,1225,-0.20
20110504,73.8,73.8,72.5,73.0,6282424,457937583,1741,-0.70
20110505,73.3,73.8,72.8,73.7,5597239,409795458,1459,+0.70
20110506,73.1,73.7,72.6,73.0,6724808,490597984,1917,-0.70
20110509,72.5,73.8,72.5,73.8,4950099,363944708,1510,+0.80
20110510,74.0,74.2,72.9,73.5,4126283,302188993,1511,-0.30
20110511,73.6,73.9,73.0,73.4,3312284,242873178,1616,-0.10
20110512,73.4,74.8,73.4,74.6,6290071,465968758,2147,+1.20
20110513,74.6,75.2,73.7,74.2,3289079,244185826,1220,-0.40
20110516,74.0,74.5,73.5,74.3,3073734,227808516,957,+0.10
20110517,74.4,74.4,74.0,74.0,4355680,323383678,1308,-0.30
20110518,73.8,75.8,73.8,75.5,3845309,289114786,1300,+1.50
20110519,75.1,75.7,74.5,75.5,7975432,600296934,2383, 0.00
20110520,75.5,75.5,74.0,75.0,5356932,401774111,1547,-0.50
20110523,74.1,75.6,73.5,75.1,4366529,326906517,1449,+0.10
20110524,75.4,75.6,74.9,75.6,2885455,216963106,1100,+0.50
20110525,75.0,75.6,74.6,75.2,3738936,281068380,1320,-0.40
20110526,75.0,75.5,74.9,75.0,4399731,330333425,1116,-0.20
20110527,75.0,75.5,75.0,75.5,4950431,372479205,1635,+0.50
20110530,75.5,75.8,75.2,75.7,4109852,310322549,1433,+0.20
20110531,75.7,77.4,75.6,77.4,9180972,699122044,1899,+1.70
20110601,77.0,77.6,76.7,77.6,4158461,321453017,1874,+0.20
20110602,76.5,78.7,76.5,78.7,4703592,366949697,1789,+1.10
20110603,79.0,82.8,78.7,81.6,7272914,586290398,2623,+2.90
20110607,81.0,81.7,79.7,81.0,11815132,954805312,2886,-0.60
20110608,80.1,81.6,79.9,80.5,5139935,413932564,1686,-0.50
20110609,79.7,80.6,79.7,79.9,4840016,387331464,1956,-0.60
20110610,80.7,80.7,79.0,79.9,4513682,361569181,1193, 0.00
20110613,79.1,81.3,79.0,80.7,5555930,446390570,1652,+0.80
20110614,81.5,81.8,80.7,81.3,4527025,368010113,1742,+0.60
20110615,81.3,85.0,81.0,84.3,8122930,675972609,2659,+3.00
20110616,83.5,84.5,83.0,83.1,6622108,553977464,2087,-1.20
20110617,83.1,83.1,81.6,82.4,4406616,364168849,1369,-0.70
20110620,80.0,82.4,80.0,82.4,15178491,1229930051,2280, 0.00
20110621,79.2,83.5,79.2,83.5,7973151,654719956,3040,+1.10
20110622,84.8,85.1,83.3,84.7,5438450,458003523,2855,+1.20
20110623,83.1,84.4,81.5,82.1,16545671,1362870842,3735,-2.60
20110624,82.1,82.4,80.8,81.7,11017249,900793223,3264,-0.40
20110627,80.5,81.1,79.8,80.5,21134562,1695578702,4666,-1.20
20110628,80.5,80.9,79.9,80.6,9513439,764281975,3074,+0.10
20110629,81.1,82.0,80.4,81.9,15208662,1233641984,5069,+1.30
20110630,78.0,78.6,76.6,77.8,10985053,852754374,3822,X0.00
20110701,78.4,78.4,76.9,77.1,10308577,795579578,3260,-0.70
20110704,77.1,77.4,75.8,75.9,11519386,878923552,2813,-1.20
20110705,76.0,76.1,74.7,75.0,10442432,783259232,3357,-0.90
20110706,75.0,76.3,75.0,76.1,9128624,691077765,2617,+1.10
20110707,76.1,76.4,75.6,76.0,7369904,559878164,1881,-0.10
20110708,76.0,77.3,75.6,76.0,11938879,910362842,3416, 0.00
20110711,76.9,76.9,75.9,76.1,5574863,423947299,1735,+0.10
20110712,76.0,76.0,75.2,75.5,7410160,559431960,2110,-0.60
20110713,75.5,75.5,75.0,75.2,6994412,525866812,1870,-0.30
20110714,75.2,76.0,75.2,75.6,9704404,733259314,1938,+0.40
20110715,75.8,76.2,75.7,76.0,7432930,564938442,1638,+0.40
20110718,76.5,77.6,75.5,77.5,10431708,797765164,2870,+1.50
20110719,77.8,77.8,76.2,76.8,8316462,638860774,2693,-0.70
20110720,77.0,77.2,76.1,77.0,8910798,684553312,2451,+0.20
20110721,77.5,77.9,76.8,77.0,5481313,424447058,2162, 0.00
20110722,77.7,77.7,76.6,77.0,4370242,336368272,2184, 0.00
20110725,77.2,77.2,76.5,76.9,4215030,324038021,1396,-0.10
20110726,76.9,77.0,76.5,76.9,2368746,181876442,1130, 0.00
20110727,77.0,77.2,76.4,76.9,2459667,188878459,1448, 0.00
20110728,76.7,78.5,76.4,77.6,7485728,578860383,2631,+0.70
20110729,78.3,80.0,78.0,79.3,7282637,575190377,3775,+1.70
20110801,80.8,83.2,80.2,83.2,11649394,951261600,3772,+3.90
20110802,83.0,83.0,81.6,81.9,5742883,470768900,2301,-1.30
20110803,81.0,81.9,80.6,81.2,3695528,299705119,1860,-0.70
20110804,81.8,81.8,80.9,81.3,3255011,264477183,1810,+0.10
20110805,78.5,80.0,77.6,78.8,9244527,729447116,3297,-2.50
20110808,78.5,78.5,73.4,74.7,11086583,835811825,3931,-4.10
20110809,70.1,74.9,70.1,74.0,15812802,1153749095,3718,-0.70
20110810,76.0,76.0,73.9,74.6,10675299,794199559,3804,+0.60
20110811,74.1,75.1,73.5,75.0,4664154,346767985,1842,+0.40
20110812,75.4,77.4,74.2,76.7,8726292,666263818,3603,+1.70
20110815,77.0,77.9,76.6,77.9,3404222,263795080,1479,+1.20
20110816,78.4,78.7,76.6,77.1,3086651,238054508,1637,-0.80
20110817,76.0,77.7,76.0,76.7,3518504,270075608,1841,-0.40
20110818,76.0,76.5,74.4,76.1,6553938,492376344,2813,-0.60
20110819,75.1,76.6,75.1,76.6,4758760,361308102,1758,+0.50
20110822,77.0,78.9,76.0,78.5,6260540,489372421,2970,+1.90
20110823,78.9,80.0,78.5,79.7,5390730,426876875,2772,+1.20
20110824,79.9,80.0,78.2,78.7,3831812,302136748,1369,-1.00
20110825,79.3,79.3,78.5,78.7,2894572,227938206,1267, 0.00
20110826,79.7,79.8,78.6,78.6,4710339,373006134,2007,-0.10
20110829,78.0,79.9,78.0,78.6,5076986,399692191,2037, 0.00
20110830,79.0,79.0,77.6,78.6,4283473,334667565,2010, 0.00
20110831,78.9,78.9,77.6,78.6,3591549,280550841,1555, 0.00
20110901,78.6,78.8,77.5,77.5,4699357,366522243,1907,-1.10
20110902,77.5,77.5,76.5,77.0,5418069,416021237,2455,-0.50
20110905,77.2,78.0,75.6,77.5,4298635,328751310,2068,+0.50
20110906,76.1,77.8,75.8,77.3,5059881,388936313,2555,-0.20
20110907,77.5,79.5,77.2,78.8,8042599,633025816,2294,+1.50
20110908,79.5,79.5,78.3,79.0,5621332,443355785,1762,+0.20
20110909,79.0,79.3,78.3,78.8,4985400,393241033,1936,-0.20
20110913,78.3,79.0,78.0,78.1,4918173,385270625,2111,-0.70
20110914,78.6,79.0,77.2,78.4,8081405,633084890,2816,+0.30
20110915,78.7,78.9,78.4,78.7,6785018,533556704,2385,+0.30
20110916,78.8,79.9,78.5,78.5,5313890,421501157,2241,-0.20
20110919,78.7,78.8,78.2,78.5,2356574,184832423,1306, 0.00
20110920,78.5,79.4,77.5,78.0,6501305,509286074,2580,-0.50
20110921,77.5,78.0,76.7,76.8,5434788,418194264,2544,-1.20
20110922,76.8,76.8,74.5,76.0,10458915,792083340,3355,-0.80
20110923,74.3,75.7,74.0,74.0,13904406,1039126876,3378,-2.00
20110926,74.0,75.7,73.0,74.9,8516918,635796776,2633,+0.90
20111013,85.0,86.9,83.2,84.0,11902646,1001963064,4571,X0.00
20111014,85.6,85.6,83.4,83.6,5609165,471812541,3203,-0.40
20111017,84.0,84.6,83.5,84.0,3679259,308529556,1413,+0.40
20111018,84.0,84.1,83.9,84.0,6068824,509928016,2470, 0.00
20111019,84.0,84.1,82.6,83.4,5432173,452417829,1898,-0.60
20111020,82.8,83.8,82.8,83.4,3752577,313430470,1952, 0.00
20111021,83.4,84.0,83.1,83.8,5244261,439217442,2373,+0.40
20111024,84.0,85.8,84.0,85.1,7426532,632415631,3766,+1.30
20111025,85.2,86.7,84.8,86.5,19178687,1637526982,2333,+1.40
20111026,85.0,86.5,85.0,86.5,3494252,299761872,1655, 0.00
20111027,85.9,86.4,85.0,85.5,5230752,447465074,1514,-1.00
20111028,85.0,86.5,85.0,86.2,4907809,422666694,2346,+0.70
20111031,85.1,86.7,85.1,86.2,3394004,292649344,1384, 0.00
20111101,85.4,88.1,85.3,87.5,3874136,337828132,1828,+1.30
20111102,86.5,87.4,86.0,87.4,2437110,211216870,1475,-0.10
20111103,86.5,87.6,86.0,87.4,4433161,385972069,2137, 0.00
20111104,87.8,91.9,87.8,91.7,9892229,896584578,4148,+4.30
20111107,91.7,93.9,91.1,92.1,4872379,450526855,2357,+0.40
20111108,93.4,93.4,91.6,91.8,4567859,420806179,1809,-0.30
20111109,92.6,92.6,90.0,91.8,6082078,555439090,2424, 0.00
20111110,90.5,92.3,90.0,91.5,8096160,737506630,2049,-0.30
20111111,90.1,91.5,90.1,90.8,4920138,446348976,1958,-0.70
20111114,92.0,92.9,90.8,91.4,4026830,370331817,1471,+0.60
20111115,91.4,95.0,91.3,95.0,6591854,615620663,2734,+3.60
20111116,95.0,97.0,94.8,96.9,9317542,893358831,3524,+1.90
20111117,96.6,98.3,96.0,97.5,7787537,757939789,2805,+0.60
20111118,96.5,97.5,95.1,96.0,4292328,413800924,2802,-1.50
20111121,94.0,96.0,92.9,93.8,7129789,669929163,2386,-2.20
20111122,94.0,94.5,92.6,93.3,9590495,898110935,3605,-0.50
20111123,92.3,93.0,91.3,92.0,5996416,551647045,3233,-1.30
20111124,92.0,92.2,91.5,91.5,6384461,586818527,2058,-0.50
20111125,91.5,91.8,89.0,90.3,8680436,785206840,3403,-1.20
20111128,90.3,92.1,90.3,91.3,10213139,934786565,2595,+1.00
20111129,91.3,94.0,91.1,94.0,10785477,996219282,3050,+2.70
20111130,94.4,96.2,93.8,96.2,14045435,1330385322,3219,+2.20
20111201,95.0,97.2,95.0,96.5,8984373,865357908,3027,+0.30
20111202,95.3,96.5,94.2,95.0,4901429,466006830,2048,-1.50
20111205,95.0,95.1,94.1,94.8,3205381,294400112,1059,-0.20
20111206,94.9,95.3,94.4,95.3,3054107,289999725,1197,+0.50
20111207,95.3,95.6,93.8,95.6,5969266,566330780,2277,+0.30
20111208,94.6,94.8,93.7,94.7,4158142,388042982,1676,-0.90
20111209,94.7,94.7,93.0,93.4,4493074,420377589,2061,-1.30
20111212,94.4,94.4,92.7,93.1,2816762,263229074,1389,-0.30
20111213,93.0,94.5,92.5,94.0,3934188,368472070,1338,+0.90
20111214,94.5,94.7,94.0,94.7,3878454,366111648,1083,+0.70
20111215,95.0,96.1,94.0,94.0,7906247,752343481,2769,-0.70
20111216,94.0,95.1,93.9,94.5,3791503,359417116,1884,+0.50
20111219,96.0,96.0,92.4,94.5,4401293,412664842,1625, 0.00
20111220,95.0,95.1,93.7,94.9,5761196,545091027,2164,+0.40
20111221,95.4,95.4,93.8,94.5,5132971,484669149,2000,-0.40
20111222,94.0,94.6,93.7,94.5,5960939,561109256,1562, 0.00
20111223,94.8,94.8,92.8,93.5,8439985,787148476,2381,-1.00
20111226,93.6,93.6,91.9,92.3,5494003,509753748,2274,-1.20
20111227,91.9,92.7,91.9,92.7,4700498,433863846,1424,+0.40
20111228,92.7,93.5,92.3,93.4,1501800,139883771,746,+0.70
20111229,93.4,94.4,93.0,94.4,1766800,165942431,855,+1.00
20111230,95.0,95.0,93.3,94.4,16007106,1510515612,923, 0.00
20120102,94.4,94.5,93.4,94.3,2872150,270751238,810,-0.10
20120103,94.7,95.5,94.0,94.5,6939556,657570163,2454,+0.20
20120104,94.5,94.7,93.8,94.4,6353110,599299373,1586,-0.10
20120105,94.9,95.0,94.1,94.9,5559590,524877985,1731,+0.50
20120106,93.7,94.8,93.0,93.0,7350851,691600899,2306,-1.90
20120109,93.5,93.5,92.3,93.4,6824672,633708246,2189,+0.40
20120110,93.5,94.0,93.2,94.0,7391860,692374800,3042,+0.60
20120111,92.4,94.2,92.4,94.2,6893120,647022627,2653,+0.20
20120112,93.0,94.2,93.0,94.2,6937380,651665093,1599, 0.00
20120113,94.4,95.0,94.2,95.0,6336121,599279574,2115,+0.80
20120116,95.0,95.0,93.1,94.5,4540219,426681752,1543,-0.50
20120117,93.8,94.3,93.8,94.0,10356991,973490386,2581,-0.50
20120118,94.0,94.0,90.0,91.7,13090472,1201652446,3804,-2.30
20120130,93.0,93.0,87.8,89.0,31575195,2811448655,8311,-2.70
20120131,90.0,90.0,88.5,89.5,26110068,2340030374,6670,+0.50
20120201,89.0,89.1,87.0,87.5,21373689,1875130632,5467,-2.00
20120202,87.0,88.2,86.3,87.0,19913500,1730379614,5808,-0.50
20120203,87.5,89.3,86.6,89.3,13406698,1184438572,5062,+2.30
20120204,89.1,89.3,88.1,89.0,4214888,375029396,1690,-0.30
20120206,89.0,90.6,88.4,90.6,11023352,986178039,4268,+1.60
20120207,89.5,90.5,89.4,89.8,8141961,731740990,2200,-0.80
20120208,90.9,90.9,89.7,90.0,7403198,665516173,2772,+0.20
20120209,88.5,89.0,87.6,89.0,13221351,1167300339,4561,-1.00
20120210,88.1,88.3,87.6,87.8,13417029,1180124516,3921,-1.20
20120213,87.0,88.9,87.0,88.7,8264534,727638177,2534,+0.90
20120214,88.7,88.7,87.5,87.5,9647052,847886686,2869,-1.20
20120215,87.5,88.5,87.1,88.2,9877528,864979251,3675,+0.70
20120216,87.5,88.8,87.5,88.5,5609380,495048221,2337,+0.30
20120217,88.6,88.9,86.5,87.4,11239032,985766716,3954,-1.10
20120220,87.0,87.4,86.5,87.0,4644789,403013522,2678,-0.40
20120221,87.0,88.0,86.7,88.0,6807524,594646385,2126,+1.00
20120222,88.2,89.3,87.9,89.0,10570755,937106840,3735,+1.00
20120223,88.7,90.2,88.0,89.1,9894937,881894413,3993,+0.10
20120224,88.7,90.2,88.4,89.2,8567317,764446515,3124,+0.10
20120229,90.0,92.0,89.0,90.4,14019300,1266762046,5764,+1.20
20120301,90.3,90.9,89.5,90.4,6333345,572104330,3000, 0.00
20120302,90.5,91.1,90.2,91.1,4358354,395079754,1724,+0.70
20120303,90.5,90.7,90.0,90.2,2046466,184549940,1190,-0.90
20120305,90.0,90.0,88.6,89.5,4257842,379362459,2278,-0.70
20120306,89.5,89.5,88.3,89.2,4168490,370493594,2318,-0.30
20120307,89.0,90.0,89.0,89.8,6368385,568961123,2463,+0.60
20120308,89.9,89.9,88.0,88.4,10864906,960533334,4103,-1.40
20120309,88.5,88.7,88.0,88.4,3852086,339870377,2163, 0.00
20120312,88.6,88.6,86.4,86.5,8461282,734468934,3968,-1.90
20120313,87.9,87.9,87.0,87.6,6523536,570643535,3024,+1.10
20120314,88.5,89.0,88.2,89.0,7071810,626328276,3687,+1.40
20120315,88.1,88.5,87.4,88.0,5150666,452021926,1894,-1.00
20120316,88.4,88.4,87.0,87.0,3633985,317888664,1753,-1.00
20120319,87.4,87.9,86.9,87.5,4544425,396418774,2272,+0.50
20120320,87.8,88.2,87.4,87.9,4313549,378820081,2197,+0.40
20120321,88.0,88.3,87.8,88.3,4913620,432557433,2030,+0.40
20120322,88.0,88.7,88.0,88.7,7457351,659331250,2559,+0.40
20120323,88.9,88.9,88.2,88.7,4274477,378413857,2196, 0.00
20120326,87.8,88.9,86.8,88.8,5387185,476176620,2837,+0.10
20120327,88.9,89.4,88.2,89.4,6394828,567681192,2203,+0.60
20120328,89.5,90.4,88.9,90.4,6922278,621072534,3358,+1.00
20120329,90.0,90.1,88.9,89.5,10664443,955590299,1926,-0.90
20120330,89.5,89.9,89.1,89.9,7170341,642170909,3456,+0.40
20120402,89.9,91.2,89.1,91.1,5143899,466140039,2335,+1.20
20120403,91.3,91.6,91.0,91.2,5449650,497330836,2131,+0.10
20120405,89.3,90.2,89.0,89.0,4467282,399268080,2892,-2.20
20120406,88.7,89.1,88.1,88.6,4318754,382994240,2832,-0.40
20120409,87.2,90.1,87.2,89.7,4600448,410869989,1709,+1.10
20120410,89.9,90.0,88.0,88.7,11108334,959097084,2860,-1.00
20120411,88.4,89.0,88.2,88.5,7425140,657273464,3063,-0.20
20120412,88.9,89.2,88.5,88.5,6520009,578189287,2778, 0.00
20120413,89.0,90.0,88.5,88.5,8426050,749169323,2473, 0.00
20120416,88.0,89.6,87.9,89.1,3584900,319483200,1634,+0.60
20120417,88.3,89.5,88.3,89.2,4434808,395570942,1380,+0.10
20120418,89.2,90.2,89.2,90.0,10003316,899910473,3537,+0.80
20120419,90.0,91.2,89.7,91.1,8821664,799182943,1953,+1.10
20120420,91.1,91.9,90.5,90.5,7153140,652553000,2262,-0.60
20120423,91.0,91.7,91.0,91.6,7061774,645816193,2054,+1.10
20120424,91.9,94.0,91.7,93.0,8308654,772641578,2460,+1.40
20120425,93.4,93.5,91.9,92.0,4215738,389815292,1773,-1.00
20120426,91.5,93.0,91.1,92.5,2039673,188395816,1231,+0.50
20120427,92.7,94.2,92.7,93.7,7782700,728985518,2938,+1.20
20120430,94.0,94.7,93.8,94.2,7911028,744978811,2918,+0.50
20120502,94.5,95.0,93.4,94.0,5725910,537994272,2532,-0.20
20120503,94.3,94.8,94.0,94.5,4693184,442936696,2298,+0.50
20120504,94.5,94.6,93.6,94.2,5721421,538843574,1895,-0.30
20120507,93.7,93.7,92.2,93.3,5359776,498838581,2590,-0.90
20120508,94.0,94.0,92.9,93.3,5824402,543289886,2245, 0.00
20120509,93.0,94.0,92.6,92.9,13603146,1268069439,3358,-0.40
20120510,93.5,94.1,93.4,94.1,10902742,1021066757,2110,+1.20
20120511,94.7,96.7,94.1,95.9,12640612,1205020040,4442,+1.80
20120514,96.0,97.0,95.1,96.5,6975464,670180744,2438,+0.60
20120515,96.6,98.5,96.0,97.9,9359808,907811862,3631,+1.40
20120516,98.0,98.4,96.8,97.8,7526316,735560793,3126,-0.10
20120517,98.0,98.0,96.6,96.8,5692728,554667588,1985,-1.00
20120518,96.0,97.9,95.3,95.9,7586944,733923440,2894,-0.90
20120521,98.0,98.0,96.4,97.5,7729258,750666926,2626,+1.60
20120522,97.5,97.7,96.8,97.0,5849639,569008816,1545,-0.50
20120523,95.5,96.2,95.5,96.0,4778058,457925949,1734,-1.00
20120524,96.8,97.7,96.6,97.4,9667604,938157288,1942,+1.40
20120525,97.4,97.4,96.6,97.0,12504433,1212879876,1304,-0.40
20120528,96.4,96.4,95.6,96.0,4877091,468232494,1882,-1.00
20120529,95.5,96.0,93.6,94.1,6775001,640173572,2773,-1.90
20120530,94.2,94.2,92.4,93.3,10526764,980435490,4060,-0.80
20120531,93.0,94.5,92.2,94.5,9587247,892561218,3849,+1.20
20120601,93.0,95.0,93.0,94.5,3694681,347239777,1618, 0.00
20120604,93.0,95.0,93.0,94.2,3780510,356414227,1597,-0.30
20120605,95.5,95.5,93.6,94.4,2856911,268665834,1194,+0.20
20120606,94.5,94.8,93.8,94.5,5097441,481740433,1870,+0.10
20120607,95.0,95.0,93.3,94.4,4117288,387382887,1902,-0.10
20120608,93.4,93.8,92.8,93.6,6505877,605504627,1746,-0.80
20120611,93.6,94.8,93.3,93.9,3644789,342269524,1535,+0.30
20120612,94.2,94.2,92.9,93.9,6058000,565304600,2269, 0.00
20120613,94.5,94.9,94.0,94.8,5631579,532217592,2810,+0.90
20120614,94.8,94.8,93.5,93.6,4266603,402031955,1784,-1.20
20120615,94.6,94.7,92.3,92.3,9823539,911419649,2340,-1.30
20120618,92.6,93.4,92.2,93.0,14965244,1385002292,3432,+0.70
20120619,93.0,93.7,92.9,93.5,5675095,528634237,2510,+0.50
20120620,93.5,94.0,92.9,94.0,15857265,1482963010,1593,+0.50
20120621,94.0,94.1,93.3,93.5,14216998,1334356312,1771,-0.50
20120622,94.1,94.7,93.3,93.3,5552749,519405701,2322,-0.20
20120625,93.5,94.1,92.8,93.9,2497147,233411018,1332,+0.60
20120626,93.9,95.1,93.5,94.5,6967400,657995471,2206,+0.60
20120627,95.0,96.2,94.6,95.8,5322606,508841465,2510,+1.30
20120628,96.0,96.6,95.5,96.2,9596879,921840816,2698,+0.40
20120629,96.2,98.5,95.7,98.5,7689038,750081624,2649,+2.30
20120702,98.0,99.8,97.9,99.8,7904082,783313311,3357,+1.30
20120703,99.7,101.5,99.5,101.5,11198451,1124410301,2988,+1.70
20120704,102.0,102.0,99.5,100.0,4222523,423446928,1620,-1.50
20120705,99.5,100.0,99.4,100.0,4179340,417613711,1689, 0.00
20120706,99.0,100.0,98.9,100.0,8274650,825970756,1945, 0.00
20120709,94.0,96.9,94.0,95.9,4747388,452783847,2387,X0.00
20120710,96.4,96.5,94.2,94.4,4180600,397027029,2079,-1.50
20120711,95.0,95.2,94.5,95.0,5967224,566253786,2720,+0.60
20120712,95.5,95.5,94.6,94.8,3793053,360225781,1409,-0.20
20120713,95.1,95.2,94.4,94.5,1997427,189195675,832,-0.30
20120716,94.6,95.7,94.3,95.0,3744094,355413375,2094,+0.50
20120717,95.3,95.9,95.0,95.1,5169003,492474185,2474,+0.10
20120718,98.0,98.9,95.6,97.0,6947271,671705366,3099,+1.90
20120719,98.0,98.0,95.7,96.5,5349106,515698197,2600,-0.50
20120720,96.5,97.0,95.7,96.5,4518101,434691496,1569, 0.00
20120723,97.0,97.4,95.7,96.0,3400074,326455304,1543,-0.50
20120724,96.0,97.0,95.8,97.0,4728276,454706532,1461,+1.00
20120725,96.8,97.0,95.5,96.0,6232816,601355436,2722,-1.00
20120726,96.9,96.9,95.7,96.3,3509749,338100649,1710,+0.30
20120727,96.3,96.6,95.9,96.5,4798196,462524664,1849,+0.20
20120730,96.6,97.8,95.9,97.8,5004036,485043794,2093,+1.30
20120731,98.0,100.5,98.0,99.0,9174820,914523028,3182,+1.20
20120801,99.4,100.5,99.3,100.0,4458511,445272570,1653,+1.00
20120803,99.2,104.5,99.2,104.5,8184178,835654812,3497,+4.50
20120806,104.0,105.0,103.0,104.0,6743176,702479200,2911,-0.50
20120807,104.0,105.0,103.5,104.5,6442401,672332204,2547,+0.50
20120808,105.0,106.0,103.5,105.0,7951511,837546862,2782,+0.50
20120809,104.5,106.5,104.5,105.0,7667923,807133433,3001, 0.00
20120810,104.5,105.0,102.5,103.5,5210534,539823502,2128,-1.50
20120813,105.0,105.0,101.5,103.0,3219267,331223734,1875,-0.50
20120814,104.0,106.0,103.5,106.0,7125417,751870965,3429,+3.00
20120815,106.0,107.0,105.0,107.0,5255010,557631047,1909,+1.00
20120816,107.0,109.0,106.0,109.0,7161242,773146237,2827,+2.00
20120817,109.0,112.0,106.5,111.5,8386631,926893697,3450,+2.50
20120820,111.0,111.5,108.0,109.0,2886158,315213630,1526,-2.50
20120821,110.0,111.0,109.0,109.5,4084143,450104587,1843,+0.50
20120822,109.5,110.0,106.5,108.5,3205003,347165824,1958,-1.00
20120823,108.0,110.0,108.0,110.0,1388589,151635485,823,+1.50
20120824,109.5,109.5,108.0,108.5,1317900,143423700,884,-1.50
20120827,107.5,108.5,106.0,108.0,3250826,348686785,1603,-0.50
20120828,107.0,108.0,106.5,106.5,4029797,432046873,1640,-1.50
20120829,107.5,108.0,106.5,107.0,2476505,265462276,1040,+0.50
20120830,106.5,108.5,106.5,107.0,3444429,370492903,1429, 0.00
20120831,107.0,111.5,107.0,111.0,2918367,321756870,1642,+4.00
20120903,110.0,111.0,108.5,110.5,2065358,228026880,1594,-0.50
20120904,110.5,110.5,106.5,106.5,5932102,638381591,2368,-4.00
20120905,106.0,106.5,102.5,104.5,7441319,775111476,2986,-2.00
20120906,103.0,104.0,101.5,103.0,4453245,458509735,1826,-1.50
20120907,105.0,105.0,103.5,105.0,3085209,322257334,1665,+2.00
20120910,106.0,106.5,103.5,105.0,2606958,274673090,1187, 0.00
20120911,105.0,106.0,104.0,105.5,2138986,224171530,848,+0.50
20120912,106.0,108.0,105.0,108.0,3596352,383953331,1887,+2.50
20120913,107.0,108.0,105.5,107.0,2565402,272873807,1216,-1.00
20120914,107.5,107.5,105.0,107.5,5098191,540842937,2223,+0.50
20120917,106.0,106.5,104.5,105.5,4371675,460098375,1953,-2.00
20120918,105.0,106.0,104.5,106.0,5037974,530755749,2690,+0.50
20120919,104.5,108.5,104.5,108.5,5260947,559505276,2097,+2.50
20120920,108.5,108.5,105.5,106.5,3688734,392373304,1772,-2.00
20120921,107.5,108.0,105.0,105.5,6328746,675847576,3242,-1.00
20120924,106.5,108.5,105.5,108.5,4079521,436090768,1652,+3.00
20120925,108.5,108.5,107.0,108.0,2408563,259926517,1284,-0.50
20120926,108.0,108.5,106.5,107.5,2575783,276106281,1073,-0.50
20120927,108.0,108.5,106.5,106.5,3675011,393381177,1464,-1.00
20120928,108.0,108.0,106.0,107.0,3596604,383704320,1153,+0.50
20121001,108.0,108.0,105.5,107.0,1767822,188230538,1221, 0.00
20121002,107.5,110.0,106.0,108.5,3007752,326086716,1744,+1.50
20121003,109.0,109.0,107.0,109.0,2065806,222680548,1399,+0.50
20121004,109.0,112.0,108.0,112.0,3785569,418048159,1712,+3.00
20121005,112.0,112.0,109.5,110.5,3338860,368917100,1607,-1.50
20121008,111.0,111.0,108.5,111.0,2149103,235726874,1104,+0.50
20121009,110.5,115.5,110.5,115.0,5776398,659913372,2847,+4.00
20121011,112.5,115.0,111.5,113.0,6303673,714797876,3245,-2.00
20121012,112.0,112.0,107.5,109.5,5588380,608533597,3178,-3.50
20121015,108.0,108.5,107.0,107.5,3545851,381838057,987,-2.00
20121016,107.0,108.0,106.5,107.5,4678316,501413424,1446, 0.00
20121017,107.0,108.0,103.5,103.5,9118176,952257804,4460,-4.00
20121018,103.5,105.5,103.5,105.5,6423304,672102564,2707,+2.00
20121019,105.5,106.0,104.5,104.5,4567486,479764282,1349,-1.00
20121022,104.0,106.0,103.5,104.0,4086226,427130879,1503,-0.50
20121023,104.0,105.0,103.5,104.0,3369475,350920400,1437, 0.00
20121024,103.0,105.5,102.0,105.0,5336902,555366254,1934,+1.00
20121025,106.0,107.0,105.0,106.0,3896815,412955979,1839,+1.00
20121026,105.5,105.5,103.5,104.0,3302897,344661788,1621,-2.00
20121029,105.0,105.0,103.0,103.5,4143216,429536248,1116,-0.50
20121030,105.0,105.0,103.0,103.5,6433823,667049097,2201, 0.00
20121031,103.0,104.0,101.5,102.0,7055153,722723276,2547,-1.50
20121101,101.0,101.5,99.0,101.5,4947994,495465888,2712,-0.50
20121102,103.5,103.5,101.5,102.0,4891971,501213302,1661,+0.50
20121105,103.5,103.5,102.0,103.0,6469174,666358950,1704,+1.00
20121106,104.0,104.5,101.5,102.0,4616195,472478481,1846,-1.00
20121107,103.0,103.5,102.5,102.5,3729391,383905773,1478,+0.50
20121108,103.5,103.5,101.0,102.0,3570669,363930569,1432,-0.50
20121109,101.5,102.0,99.9,100.5,5802790,585599390,2949,-1.50
20121112,100.5,100.5,99.0,99.0,4945676,492049053,2472,-1.50
20121113,99.0,101.5,98.6,101.0,3592901,359943401,2025,+2.00
20121114,101.5,104.0,100.0,103.5,4551825,467586402,2334,+2.50
20121115,103.5,104.5,102.0,104.5,4013162,415920348,1655,+1.00
20121116,104.5,105.5,103.5,105.0,4910033,514177946,2073,+0.50
20121119,105.0,106.5,104.5,106.0,3483446,367999049,1117,+1.00
20121120,106.0,106.0,105.0,105.5,3113825,329014125,1219,-0.50
20121121,105.5,105.5,104.5,105.0,3065064,321990682,1488,-0.50
20121122,105.5,105.5,103.5,104.5,4147737,432648148,1518,-0.50
20121123,105.0,106.5,104.5,106.0,4111344,434640785,1221,+1.50
20121126,105.0,106.0,103.5,105.0,4398898,459470790,2185,-1.00
20121127,105.0,105.5,104.5,105.0,4508486,473245786,1568, 0.00
20121128,104.0,104.5,102.0,103.0,6829998,703590294,2495,-2.00
20121129,103.5,105.0,102.5,104.5,9741556,1011363884,2415,+1.50
20121130,104.5,105.0,104.0,104.5,6690202,698796607,2093, 0.00
20121203,104.5,105.0,103.5,104.0,7772892,812405768,2030,-0.50
20121204,104.5,104.5,103.5,104.0,4886377,508983208,2259, 0.00
20121205,104.5,107.0,103.5,107.0,4854525,512869402,2459,+3.00
20121206,107.0,107.0,105.5,107.0,5887523,625345194,3195, 0.00
20121207,107.0,107.0,105.5,106.0,2849953,302575034,1816,-1.00
20121210,107.0,107.5,106.0,107.5,2505768,268011676,1534,+1.50
20121211,108.0,108.5,106.0,107.0,4252818,455801610,2098,-0.50
20121212,108.0,108.5,105.5,106.0,4829923,516146838,2571,-1.00
20121213,107.0,107.0,104.5,106.0,3652060,384657860,1549, 0.00
20121214,105.5,106.0,103.5,104.5,4049607,424122927,1985,-1.50
20121217,104.5,105.5,104.0,105.5,5663611,592537155,2317,+1.00
20121218,105.5,107.0,105.0,107.0,3679814,390772683,1461,+1.50
20121219,107.0,107.0,105.0,106.0,2232595,236632975,1087,-1.00
20121220,106.0,106.0,103.5,104.0,3554234,371617750,1693,-2.00
20121221,104.0,105.0,102.0,102.5,5000265,516593795,1872,-1.50
20121222,102.5,103.5,102.5,103.5,2085752,214317956,669,+1.00
20121224,103.5,103.5,102.0,103.0,6399098,656422094,957,-0.50
20121225,103.0,104.5,103.0,104.0,1630529,169315249,695,+1.00
20121226,104.5,105.0,103.5,104.0,2864182,297871833,1080, 0.00
20121227,104.5,105.5,103.0,105.5,7120325,741827625,1683,+1.50
20121228,106.0,107.0,104.5,107.0,6562545,694041531,1596,+1.50
20130102,106.5,106.5,104.0,105.0,6219368,651241950,2265,-2.00
20130103,105.0,105.0,102.5,103.5,6717097,695827532,2385,-1.50
20130104,103.5,104.0,102.5,103.5,6106525,631144575,1433, 0.00
20130107,104.0,106.0,103.5,105.5,3104498,326175290,1539,+2.00
20130108,105.0,106.5,104.0,106.5,3461309,366054254,1831,+1.00
20130109,106.0,107.0,104.5,106.0,7774140,822285565,2361,-0.50
20130110,106.5,106.5,105.0,106.5,12728905,1351177290,2390,+0.50
20130111,106.0,106.5,105.0,105.0,4205826,443876311,1602,-1.50
20130114,105.0,106.0,104.0,105.5,4696838,493083490,1913,+0.50
20130115,105.5,105.5,104.5,105.0,4108598,430761290,1411,-0.50
20130116,105.0,106.0,104.5,105.0,6256977,658684085,2521, 0.00
20130117,106.0,106.5,104.5,105.0,5273560,555515740,1570, 0.00
20130118,106.0,106.5,105.0,106.5,3144977,333488062,925,+1.50
20130121,107.0,107.5,106.0,107.5,3618633,386087231,1318,+1.00
20130122,107.5,108.0,106.0,108.0,4116258,441330731,1483,+0.50
20130123,108.0,108.5,107.0,108.0,4166065,449712455,1684, 0.00
20130124,108.0,108.0,106.5,108.0,2481691,266959777,1062, 0.00
20130125,108.0,108.5,106.0,107.0,4003158,428082323,1706,-1.00
20130128,107.0,107.0,105.0,105.0,2328381,245327505,1501,-2.00
20130129,106.0,108.5,106.0,107.5,6988388,749596756,2411,+2.50
20130130,108.0,108.0,106.5,106.5,3907862,418992299,2247,-1.00
20130131,107.0,107.0,105.0,105.0,5666647,596540752,2511,-1.50
20130201,105.5,106.0,104.5,105.0,5445965,573277325,1664, 0.00
20130204,105.5,106.5,105.0,106.5,3261146,345586206,1743,+1.50
20130205,105.5,106.0,104.0,105.0,11335746,1189415160,3081,-1.50
20130206,105.0,105.0,104.0,104.0,6913090,720103360,3226,-1.00
20130218,104.0,105.0,103.0,104.5,9327260,970773021,3370,+0.50
20130219,104.0,104.5,103.0,104.0,8867327,917917835,1973,-0.50
20130220,104.0,104.5,103.0,104.0,7476681,775621824,2610, 0.00
20130221,103.0,104.0,103.0,103.5,15197653,1568166582,2049,-0.50
20130222,103.0,104.0,103.0,103.5,10755304,1112631457,2186, 0.00
20130223,104.0,104.5,103.0,104.5,4285970,444627380,831,+1.00
20130225,104.0,105.0,104.0,104.5,4395055,459588716,1665, 0.00
20130226,104.0,105.0,103.0,105.0,6530028,680427423,2093,+0.50
20130227,104.0,105.0,103.5,103.5,4962209,514935736,2272,-1.50
20130301,103.5,104.5,103.5,103.5,4996002,518842208,2447, 0.00
20130304,103.5,104.0,102.5,104.0,8775388,907104654,2609,+0.50
20130305,104.5,104.5,103.0,104.0,4196004,435714916,1454, 0.00
20130306,104.0,105.0,103.5,104.0,2702383,281799635,1294, 0.00
20130307,104.5,105.0,104.0,105.0,5533434,577939148,1214,+1.00
20130308,104.5,105.0,104.0,104.5,4434971,463615484,990,-0.50
20130311,105.0,105.5,104.0,104.5,5653630,592287520,1633, 0.00
20130312,104.0,104.5,103.0,104.0,6099955,631995335,1309,-0.50
20130313,104.5,105.0,103.5,105.0,5568217,581480175,2265,+1.00
20130314,104.5,105.0,103.0,103.5,7452587,773673961,1807,-1.50
20130315,103.5,104.5,103.0,104.5,6747091,700949964,1381,+1.00
20130318,103.5,104.0,102.5,103.0,5042516,520458648,1814,-1.50
20130319,103.5,103.5,102.0,102.0,5009905,513815215,1301,-1.00
20130320,102.0,102.0,100.0,101.0,9030651,912768301,2709,-1.00
20130321,100.5,101.5,100.0,100.5,5151935,518184435,1504,-0.50
20130322,100.0,102.0,100.0,100.5,4424936,446184036,1739, 0.00
20130325,101.0,101.5,100.5,101.0,2758090,278642590,1176,+0.50
20130326,101.0,103.0,100.0,102.0,4459264,450953793,1400,+1.00
20130327,102.5,103.0,100.0,101.0,4977071,501675171,1926,-1.00
20130328,101.5,101.5,100.5,101.0,3906215,394122215,1660, 0.00
20130329,102.0,102.5,101.0,101.5,2989112,303821863,1202,+0.50
20130401,101.5,103.0,101.5,103.0,1004340,102790340,491,+1.50
20130402,103.0,104.0,102.5,104.0,1764025,182566082,930,+1.00
20130403,103.5,104.0,101.0,102.0,3011385,307532270,1364,-2.00
20130408,101.0,102.5,101.0,101.5,2615493,266452534,1399,-0.50
20130409,101.0,101.5,99.6,100.5,6466678,649551713,1983,-1.00
20130410,100.5,100.5,98.3,98.7,7525308,748175460,2657,-1.80
20130411,99.0,100.0,98.7,99.8,3360443,334385619,1899,+1.10
20130412,99.8,101.5,99.8,100.5,2667790,268339391,1332,+0.70
20130415,100.5,102.5,100.5,102.0,3011416,306364219,1097,+1.50
20130416,100.5,103.0,100.5,103.0,7420851,756626721,1913,+1.00
20130417,103.0,103.0,102.0,103.0,3533980,362301426,1252, 0.00
20130418,102.0,103.5,101.5,102.0,2351706,241372912,963,-1.00
20130419,103.0,104.0,102.0,104.0,3774597,390930785,1057,+2.00
20130422,104.0,104.5,103.0,104.0,2367745,246354105,966, 0.00
20130423,104.0,104.5,103.5,104.5,1456279,151825016,621,+0.50
20130424,104.0,105.0,103.5,104.0,1751095,182179830,1010,-0.50
20130425,104.0,104.5,104.0,104.0,1418989,147956859,552, 0.00
20130426,104.5,105.5,103.5,104.0,6699090,702520810,1472, 0.00
20130429,105.0,106.5,105.0,106.5,3963357,419101842,1875,+2.50
20130430,107.0,107.5,106.0,107.5,3688548,393682636,2201,+1.00
20130502,107.5,108.5,106.0,108.5,3886064,418106869,2286,+1.00
20130503,109.0,110.0,108.5,110.0,6976511,761925946,2896,+1.50
20130506,110.0,110.5,108.5,109.5,4067065,445121085,2844,-0.50
20130507,110.0,110.0,108.0,108.0,3522090,383798720,1739,-1.50
20130508,108.5,111.5,108.5,109.5,5657126,621471234,2315,+1.50
20130509,110.0,110.5,109.0,110.0,2987085,327531265,1890,+0.50
20130510,109.5,110.0,109.0,110.0,2607819,285619271,1636, 0.00
20130513,110.0,110.0,109.0,110.0,1946854,213320586,1350, 0.00
20130514,110.0,110.5,109.0,110.0,3706705,406891192,2200, 0.00
20130515,110.5,117.5,110.5,117.5,11296748,1307143016,3872,+7.50
20130516,118.5,121.5,116.5,117.0,8256162,972326792,3649,-0.50
20130517,117.0,117.0,115.5,115.5,3439185,400286275,1698,-1.50
20130520,116.0,116.5,114.0,114.5,2198856,253540584,923,-1.00
20130521,115.5,116.0,113.0,114.0,3373191,385645169,1629,-0.50
20130522,114.0,115.0,113.0,113.5,4469182,508830466,1738,-0.50
20130523,114.5,115.5,113.0,113.5,6120987,698833031,2064, 0.00
20130524,115.5,116.5,112.5,113.0,5400934,614659542,1804,-0.50
20130527,115.0,115.0,113.0,114.0,2373205,269993259,890,+1.00
20130528,115.0,115.5,114.0,115.0,4621738,529757632,1295,+1.00
20130529,116.0,116.0,114.0,115.5,3867889,444909235,1449,+0.50
20130530,114.5,114.5,109.0,109.5,13643365,1512205826,4636,-6.00
20130531,111.5,111.5,108.5,109.5,10797108,1187449316,3905, 0.00
20130603,109.0,110.5,108.0,109.5,6746360,740158913,2235, 0.00
20130604,111.0,111.0,107.0,107.5,7033017,760394320,2245,-2.00
20130605,108.0,108.5,106.5,108.0,7741381,835307951,2082,+0.50
20130606,108.0,109.0,107.0,109.0,4298363,465407377,1471,+1.00
20130607,108.5,111.0,108.0,111.0,6733872,739038850,2656,+2.00
20130610,111.5,111.5,109.0,111.0,5602378,615679858,1996, 0.00
20130611,111.5,112.0,109.5,110.5,10838144,1199658730,3581,-0.50
20130613,109.5,109.5,104.0,104.5,11807739,1267926959,3423,-6.00
20130614,105.5,111.5,105.0,110.0,9338338,1018203097,2669,+5.50
20130617,110.5,111.5,109.0,111.0,4828987,534691570,2554,+1.00
20130618,110.5,112.5,109.0,112.0,7100912,788872184,1929,+1.00
20130619,112.0,113.0,111.0,112.0,5041205,566012960,2161, 0.00
20130620,112.0,112.5,110.0,112.5,7184896,802334452,3282,+0.50
20130621,111.0,112.0,109.0,109.0,7346801,809303610,2024,-3.50
20130624,111.0,112.0,109.0,111.0,4723923,521725953,2755,+2.00
20130625,111.0,113.0,110.0,111.5,7810885,874356235,2862,+0.50
20130626,113.5,113.5,111.0,111.0,7093332,790902352,2480,-0.50
20130627,111.5,112.5,111.0,111.0,7048637,786659497,2091, 0.00
20130628,111.0,118.5,111.0,118.5,7537955,865499325,2342,+7.50
20130701,116.0,116.0,113.0,113.5,4529023,515661099,1604,-5.00
20130702,113.0,115.0,113.0,115.0,4441321,507753748,1741,+1.50
20130703,115.0,116.0,114.5,114.5,8917337,1026690573,3158,-0.50
20130704,114.5,115.5,114.5,114.5,11049733,1267415326,2004, 0.00
20130705,115.0,118.0,115.0,117.0,11000415,1281589337,3047,+2.50
20130708,112.0,112.5,110.0,111.0,10169454,1124145894,1549,X0.00
20130709,110.5,112.5,109.5,109.5,3992626,440494541,1548,-1.50
20130710,110.5,111.5,109.0,109.5,2925323,322068361,1138, 0.00
20130711,110.5,111.5,109.5,111.0,5694912,629941232,2293,+1.50
20130712,111.0,111.5,109.5,110.5,4007000,441665500,1991,-0.50
20130715,109.5,111.0,109.5,111.0,3720166,410879760,1788,+0.50
20130716,111.0,111.0,110.5,111.0,3010047,333468692,1477, 0.00
20130717,110.5,111.0,109.0,110.5,3551398,391258473,1835,-0.50
20130718,110.0,111.0,109.5,111.0,3246957,358782743,1688,+0.50
20130719,111.0,112.5,110.0,110.5,4182013,464266943,1943,-0.50
20130722,111.5,113.0,111.5,112.0,3810061,426832795,1487,+1.50
20130723,113.0,116.0,111.5,116.0,6763451,767146365,2908,+4.00
20130724,116.0,116.0,111.0,112.0,5111146,573679644,2168,-4.00
20130725,111.0,111.5,109.0,109.0,4788840,525891400,2112,-3.00
20130726,110.0,111.0,108.0,110.0,3597690,393225400,1834,+1.00
20130729,110.0,110.0,108.0,108.5,2293220,248673980,985,-1.50
20130730,110.0,110.0,108.0,109.5,2998102,327289165,1461,+1.00
20130731,110.0,110.0,108.0,109.0,3708419,403357671,1651,-0.50
20130801,109.5,110.0,108.0,110.0,2750469,300448590,1342,+1.00
20130802,109.0,110.0,109.0,110.0,3057071,334259910,1837, 0.00
20130805,110.0,110.0,108.0,109.0,2454992,267430621,1176,-1.00
20130806,108.5,109.0,106.5,106.5,3044408,326134353,1772,-2.50
20130807,106.0,107.0,105.5,106.0,2771786,294304316,1552,-0.50
20130808,106.0,107.0,105.0,107.0,1950233,207817931,1207,+1.00
20130809,107.0,107.0,105.5,106.0,2562771,272729226,1629,-1.00
20130812,107.0,108.5,106.5,108.0,1421290,153136820,714,+2.00
20130813,107.5,110.0,107.5,110.0,2362230,257137676,1518,+2.00
20130814,110.0,110.0,108.0,109.0,2917617,317144440,1338,-1.00
20130815,108.0,108.5,107.0,107.5,2995012,323168796,2280,-1.50
20130816,108.0,109.5,107.0,109.5,4397824,478634816,2064,+2.00
20130819,110.0,110.0,107.5,108.0,3027606,328681448,1273,-1.50
20130820,107.5,108.5,107.0,107.0,2030748,218118036,1035,-1.00
20130822,107.0,107.0,105.5,106.0,3612608,383977251,1900,-1.00
20130823,106.0,106.0,105.0,105.0,3722041,392114817,1834,-1.00
20130826,105.0,105.5,104.5,105.0,6645422,697647310,2991, 0.00
20130827,104.5,107.0,104.5,106.0,2426792,257639553,1369,+1.00
20130828,105.5,107.0,105.0,106.5,1212206,128862932,780,+0.50
20130829,106.0,107.0,106.0,107.0,2338498,249493286,849,+0.50
20130830,106.5,108.0,106.5,108.0,3310341,354835828,1415,+1.00
20130902,107.5,108.0,106.5,107.5,2280615,244490305,1020,-0.50
20130903,107.5,107.5,105.0,105.5,4958841,525962646,2412,-2.00
20130904,105.0,106.0,104.0,106.0,5613042,590682926,2472,+0.50
20130905,106.5,107.0,105.5,106.5,3702435,392442110,1825,+0.50
20130906,107.0,107.0,106.0,106.5,3343833,356005298,1549, 0.00
20130909,106.5,106.5,105.0,106.0,4485689,474250314,1898,-0.50
20130910,106.0,106.5,104.5,106.0,3958822,417193218,1407, 0.00
20130911,106.0,106.5,105.0,106.0,3121266,330371696,1448, 0.00
20130912,106.0,106.5,105.0,106.0,3062045,324173740,1341, 0.00
20130913,105.5,106.5,105.5,106.0,2386303,252805618,1225, 0.00
20130914,106.5,107.0,106.0,106.5,627346,66747176,418,+0.50
20130916,107.0,107.0,106.0,107.0,2410593,257027148,925,+0.50
20130917,106.0,107.5,106.0,107.5,2665782,284772674,1173,+0.50
20130918,107.0,107.5,105.0,106.0,4523676,480001536,1479,-1.50
20130923,107.0,107.5,106.0,106.5,3547946,378416776,1585,+0.50
20130924,106.5,107.0,106.0,106.5,2974309,316439754,1504, 0.00
20130925,106.0,106.5,104.5,105.0,6207953,653630065,2234,-1.50
20130926,105.0,105.0,103.0,103.5,7745590,804465360,3353,-1.50
20130927,104.0,105.5,103.5,105.0,3375419,353214781,1460,+1.50
20130930,105.0,105.5,104.5,105.0,3974348,417462040,1181, 0.00
20131001,105.0,105.5,104.0,104.5,3193625,334323810,1296,-0.50
20131002,104.0,104.5,103.5,103.5,4140294,429555921,1642,-1.00
20131003,103.5,104.5,103.0,103.5,6347034,657134011,3191, 0.00
20131004,103.0,104.5,103.0,104.0,7270628,753265493,2490,+0.50
20131007,103.5,104.5,103.5,104.5,4329667,449801868,2370,+0.50
20131008,104.0,104.0,99.2,100.0,9037337,916522237,4269,-4.50
20131009,100.0,100.0,96.9,98.0,14148180,1392329920,6556,-2.00
20131011,98.0,98.0,95.2,95.2,16018993,1550942128,6463,-2.80
20131014,95.0,98.1,94.0,96.9,7261488,701251465,3269,+1.70
20131015,96.9,98.2,96.9,98.0,6007328,586208623,2706,+1.10
20131016,99.0,99.7,98.1,98.8,7453003,736293780,2756,+0.80
20131017,99.0,99.6,96.6,96.6,7646621,750642133,3327,-2.20
20131018,97.0,97.6,94.2,95.4,11972790,1141095740,5453,-1.20
20131021,94.4,94.4,89.6,91.0,19646032,1791202944,9693,-4.40
20131022,90.2,90.2,87.2,88.3,20794606,1837139084,9410,-2.70
20131023,88.3,94.0,87.5,93.7,16166646,1483690892,7088,+5.40
20131024,93.7,93.7,90.1,92.5,9617486,884019132,4606,-1.20
20131025,92.7,94.1,92.5,93.5,11456722,1070249094,3009,+1.00
20131028,94.6,94.6,93.6,94.5,9050036,851997577,2174,+1.00
20131029,94.2,95.0,93.5,94.5,11820926,1116977499,3735, 0.00
20131030,95.3,99.0,95.2,99.0,10201903,991382009,5020,+4.50
20131031,99.2,101.0,99.2,100.5,12098301,1211541800,4303,+1.50
20131101,101.0,101.0,96.5,96.9,11459904,1124943788,4073,-3.60
20131104,99.0,99.0,95.6,95.6,6859250,659892900,2260,-1.30
20131105,96.0,96.1,94.8,95.0,6842057,650410316,1753,-0.60
20131106,96.5,97.8,95.5,97.5,7173682,697483447,1899,+2.50
20131107,97.2,97.6,95.6,97.6,11206300,1087248340,1769,+0.10
20131108,97.6,98.2,96.9,97.9,4021241,392612620,1631,+0.30
20131111,97.5,97.5,96.8,97.0,3032020,294047840,1154,-0.90
20131112,97.0,97.5,96.9,97.0,7208946,699298866,2127, 0.00
20131113,98.2,98.2,95.3,96.0,13138850,1267346300,1888,-1.00
20131114,97.2,97.6,96.2,97.0,4210916,408408887,1766,+1.00
20131115,97.0,97.5,96.1,96.1,3541690,341539197,1397,-0.90
20131118,96.5,97.1,96.0,96.1,4127586,397704116,1187, 0.00
20131119,96.3,96.9,96.1,96.4,6830341,658334562,1403,+0.30
20131120,96.5,97.8,96.3,97.6,3781978,365546760,1595,+1.20
20131121,97.5,97.5,95.2,96.5,3601073,346703692,1698,-1.10
20131122,95.4,96.4,95.0,96.2,2236094,213846024,1353,-0.30
20131125,96.0,96.5,95.7,96.0,4809039,461894911,840,-0.20
20131126,95.6,96.5,95.2,95.2,5351324,511380794,1420,-0.80
20131127,95.0,96.1,95.0,96.0,3031219,290194677,1034,+0.80
20131128,95.1,97.2,95.1,96.1,13549382,1301429402,1398,+0.10
20131129,96.5,97.3,96.2,96.9,3772891,365469955,1504,+0.80
20131202,97.3,97.3,96.5,97.0,2130590,206612530,1188,+0.10
20131203,97.0,97.0,95.0,95.2,3444603,329392918,1921,-1.80
20131204,95.0,96.5,95.0,95.9,2839565,272683755,1551,+0.70
20131205,95.5,96.4,95.0,95.5,1918996,183278910,914,-0.40
20131206,96.1,96.1,94.2,95.0,4983197,473151015,2532,-0.50
20131209,95.9,96.0,94.9,95.8,2990060,285358808,1303,+0.80
20131210,95.9,95.9,94.8,95.5,3135995,299037618,1316,-0.30
20131211,95.7,96.5,95.7,96.2,3942165,379083183,1540,+0.70
20131212,96.2,96.2,95.8,95.8,5963386,572563792,1221,-0.40
20131213,96.0,96.3,95.4,95.8,5626953,540058496,1236, 0.00
20131216,95.1,95.5,93.9,94.0,8247044,775712536,2769,-1.80
20131217,94.0,96.2,93.9,95.2,3705304,352905380,1730,+1.20
20131218,95.0,95.7,95.0,95.5,2866460,272600524,1395,+0.30
20131219,96.0,96.5,95.5,96.0,2892608,277734778,1097,+0.50
20131220,96.0,97.0,95.9,97.0,2043425,197216508,1074,+1.00
20131223,97.0,97.3,96.0,96.5,1467269,141684744,689,-0.50
20131224,96.0,96.8,96.0,96.4,663765,64025781,412,-0.10
20131225,96.4,97.0,96.4,96.9,637368,61732565,461,+0.50
20131226,96.9,97.2,96.5,97.0,378400,36722411,267,+0.10
20131227,97.0,97.6,96.7,97.6,1240721,120827598,773,+0.60
20131230,97.6,98.3,97.3,98.3,1315966,128913568,827,+0.70
20131231,98.3,98.3,96.2,96.3,2494529,241762113,1072,-2.00
20140102,96.9,97.0,96.3,97.0,638740,61767696,457,+0.70
20140103,97.0,97.3,96.3,96.6,1539587,148935592,1175,-0.40
20140106,96.6,96.6,95.2,95.7,1950047,186569112,1329,-0.90
20140107,95.3,95.9,95.1,95.1,1754588,167408184,952,-0.60
20140108,95.1,96.0,94.7,94.9,2214743,210645376,1029,-0.20
20140109,95.6,95.6,93.9,94.2,4032009,379996540,1970,-0.70
20140110,94.8,94.8,93.8,94.0,2954773,278088645,1359,-0.20
20140113,95.0,95.3,94.4,94.9,2225511,211024278,1358,+0.90
20140114,94.2,94.6,93.8,94.0,4704796,442338655,2216,-0.90
20140115,93.8,94.0,93.1,93.5,5317739,497204809,2580,-0.50
20140116,93.8,94.2,93.7,94.0,3526774,331414826,1459,+0.50
20140117,94.4,94.4,93.7,94.4,6207250,584507193,2158,+0.40
20140120,94.5,94.5,92.3,93.0,6575998,611799895,2803,-1.40
20140121,93.0,93.1,92.3,92.5,7061939,653362987,2521,-0.50
20140122,92.1,92.5,91.2,91.5,8380062,768227385,3852,-1.00
20140123,91.7,92.2,90.9,91.1,4200272,383477302,2456,-0.40
20140124,91.0,91.0,89.8,90.0,11352785,1022376858,4895,-1.10
20140127,90.0,90.0,88.0,88.8,12485207,1105852014,5629,-1.20
20140205,88.0,88.0,85.0,85.0,18932634,1627797924,10451,-3.80
20140206,85.5,85.9,85.3,85.3,8193781,701501053,4618,+0.30
20140207,86.5,87.9,86.1,87.0,7131904,622874153,4150,+1.70
20140210,87.5,88.5,87.5,88.3,4899047,431695045,2782,+1.30
20140211,88.0,88.2,86.8,86.8,5731136,501216579,3155,-1.50
20140212,86.8,87.9,86.8,87.9,4203048,366958824,2113,+1.10
20140213,87.9,88.0,87.0,87.0,4759917,415642124,2432,-0.90
20140214,87.9,88.6,87.6,88.5,3743147,330398895,2121,+1.50
20140217,88.0,89.1,88.0,88.9,3489249,309604461,2006,+0.40
20140218,88.6,89.1,88.4,89.1,2596408,230422612,1469,+0.20
20140219,89.2,90.7,89.0,90.7,5945362,533055514,2906,+1.60
20140220,90.5,91.0,90.0,91.0,4691559,424712269,2524,+0.30
20140221,91.3,92.4,91.0,92.4,5766835,528039937,2772,+1.40
20140224,92.4,92.4,91.0,91.7,1645631,150373143,1206,-0.70
20140225,91.0,91.6,89.8,90.0,3062603,277484382,2171,-1.70
20140226,90.0,90.9,89.7,90.1,2962572,267523222,1821,+0.10
20140227,90.1,91.8,90.1,91.1,2812988,256097393,1323,+1.00
20140303,90.8,90.9,88.8,89.5,7547768,674449724,3757,-1.60
20140304,89.5,90.1,89.1,89.1,5178128,463758606,2258,-0.40
20140305,89.6,89.8,89.4,89.4,3658724,327666760,1935,+0.30
20140306,89.3,89.9,89.3,89.7,3480059,311626594,1978,+0.30
20140307,90.4,90.4,89.8,90.1,3978824,358395717,1887,+0.40
20140310,90.0,90.5,89.5,90.4,3962671,356162941,1960,+0.30
20140311,90.5,91.0,90.1,91.0,3019459,273433279,1316,+0.60
20140312,91.0,91.0,90.0,90.8,3197816,289268797,1861,-0.20
20140313,90.9,91.0,90.4,91.0,3501740,317850540,1994,+0.20
20140314,90.5,91.0,90.4,90.8,4187967,380207487,1882,-0.20
20140317,91.0,91.5,90.5,91.5,1767915,160994140,973,+0.70
20140318,91.5,93.4,91.2,93.2,5736821,529875733,2479,+1.70
20140319,93.2,94.2,92.3,94.0,6242054,583509340,3083,+0.80
20140320,92.8,93.3,92.1,93.2,5818702,539425135,2769,-0.80
20140321,93.0,93.0,91.7,91.7,4816045,444335007,1920,-1.50
20140324,91.4,92.9,91.4,92.8,2923308,270159514,1644,+1.10
20140325,91.8,92.9,91.8,92.9,3646584,337177614,1674,+0.10
20140326,92.8,93.3,92.3,92.7,2405454,223471527,1357,-0.20
20140327,92.3,94.6,92.3,94.6,3928362,368403788,2306,+1.90
20140328,94.1,95.3,93.9,95.0,3888038,368649691,2782,+0.40
20140331,94.5,95.4,94.0,95.4,2522610,239436450,1196,+0.40
20140401,94.8,95.4,94.1,95.4,3415409,323741755,2076, 0.00
20140402,94.8,95.0,94.3,94.3,4358704,411857905,2054,-1.10
20140403,93.9,94.7,93.5,94.3,3632842,341529348,1493, 0.00
20140407,94.0,94.3,93.6,94.3,3828594,360081344,1642, 0.00
20140408,94.5,95.0,94.2,94.9,2309071,218212703,1083,+0.60
20140409,94.9,95.6,94.9,95.4,3756134,357910930,1781,+0.50
20140410,95.7,96.0,94.9,96.0,2143267,204801909,1289,+0.60
20140411,96.0,97.0,95.6,97.0,3251244,313654405,1874,+1.00
20140414,96.9,96.9,96.3,96.4,2126391,205171039,983,-0.60
20140415,96.8,97.5,96.5,97.5,3649678,353668566,1805,+1.10
20140416,97.2,98.0,96.7,97.4,3842641,374452728,1684,-0.10
20140417,96.8,97.4,96.3,97.2,2189782,212392654,1120,-0.20
20140418,97.4,97.5,96.9,97.4,1568615,152642355,682,+0.20
20140421,97.4,97.4,96.6,96.6,1129185,109290362,479,-0.80
20140422,96.6,97.0,96.0,96.0,1956537,188462152,975,-0.60
20140423,96.0,96.2,95.6,96.0,3003109,287967644,1931, 0.00
20140424,96.0,96.4,95.9,96.0,1927001,185056396,1096, 0.00
20140425,96.0,96.2,94.0,95.2,2850868,271585693,1450,-0.80
20140428,95.0,97.4,95.0,96.7,1699663,163765375,1105,+1.50
20140429,96.7,97.3,96.3,97.2,2429128,235527032,1419,+0.50
20140430,97.5,98.0,97.3,97.4,6115810,596226817,2030,+0.20
20140502,97.4,97.4,96.5,97.1,2807020,271910340,1555,-0.30
20140505,97.1,97.1,96.4,96.5,1207407,116610679,717,-0.60
20140506,96.5,96.5,95.8,96.0,2060640,197759492,1130,-0.50
20140507,95.8,95.8,95.0,95.2,3267294,310936471,1620,-0.80
20140508,95.0,97.3,94.8,97.3,3414247,330318326,1817,+2.10
20140509,97.5,97.6,96.4,96.5,1199137,115947915,817,-0.80
20140512,96.4,96.4,95.2,95.3,2409104,230212930,1326,-1.20
20140513,95.5,96.0,95.4,95.6,3284529,313977867,1378,+0.30
20140514,95.8,96.1,95.5,95.7,3356894,321264924,1410,+0.10
20140515,96.0,97.0,95.8,97.0,2527499,244467625,1101,+1.30
20140516,95.8,97.0,95.7,97.0,3459649,334515793,1081, 0.00
20140519,97.0,97.2,96.3,97.1,1381188,133999136,542,+0.10
20140520,97.0,98.0,96.9,97.9,4048949,395810378,1582,+0.80
20140521,97.9,99.0,97.8,98.9,4711121,464617111,2405,+1.00
20140522,99.0,100.0,99.0,100.0,4600784,458629871,2343,+1.10
20140523,100.0,100.5,99.1,99.9,3535373,352083874,2196,-0.10
20140526,99.9,99.9,98.5,98.8,1896570,187663702,1224,-1.10
20140527,98.8,99.3,97.7,99.2,2429446,239406054,1352,+0.40
20140528,99.5,99.5,98.4,99.1,2634187,260187313,1554,-0.10
20140529,99.1,99.1,98.4,98.8,9188850,908218112,1979,-0.30
20140530,99.4,99.9,98.6,98.9,5841659,578130562,1603,+0.10
20140603,99.5,99.5,98.8,99.3,4629269,458551631,2184,+0.40
20140604,99.5,99.5,98.6,99.0,4481529,443424571,1575,-0.30
20140605,99.0,99.0,97.8,98.0,3826145,375199810,2324,-1.00
20140606,98.0,98.1,97.6,97.9,3255576,318711980,1411,-0.10
20140609,98.0,98.9,97.9,98.3,3219767,316374910,1264,+0.40
20140610,99.0,99.0,97.9,99.0,4515275,444067634,1880,+0.70
20140611,99.0,99.0,98.0,98.9,3376990,332528307,1457,-0.10
20140612,98.1,98.8,98.0,98.8,2902990,285207806,1396,-0.10
20140613,98.8,98.8,98.1,98.7,3128154,308168492,1901,-0.10
20140616,98.7,99.0,98.5,98.9,3356666,331391529,1454,+0.20
20140617,98.8,98.9,98.5,98.9,2875276,284014080,2032, 0.00
20140618,98.9,99.9,98.5,99.6,6585107,652651915,3334,+0.70
20140619,99.6,100.5,99.5,100.5,5448116,544959800,2078,+0.90
20140620,100.5,100.5,99.3,99.9,5096904,509970493,2047,-0.60
20140623,100.0,100.0,99.3,99.8,5881957,586734793,1749,-0.10
20140624,99.9,100.5,99.8,100.0,7143923,714857300,2464,+0.20
20140625,100.0,100.5,99.4,99.4,10496748,1048667487,3092,-0.60
20140626,99.4,99.4,98.6,99.1,8541727,845783219,3612,-0.30
20140627,93.7,94.2,93.1,93.2,10405215,975128526,2964,X0.00
20140630,93.5,93.6,92.0,92.4,4576819,423849464,2475,-0.80
20140701,92.5,92.7,91.6,91.8,5485359,501481103,2408,-0.60
20140702,91.8,92.4,91.5,92.4,6146227,554565386,2068,+0.60
20140703,92.0,92.0,91.2,91.3,3836324,350822291,1996,-1.10
20140704,91.0,91.2,90.0,90.0,6128128,553599278,2989,-1.30
20140707,90.0,91.0,90.0,91.0,2708092,245620878,1634,+1.00
20140708,91.3,91.4,90.7,90.9,3622105,329432555,2151,-0.10
20140709,91.0,91.5,90.9,91.2,1931816,176183318,1101,+0.30
20140710,91.1,91.2,90.7,90.8,3753943,341043893,1852,-0.40
20140711,90.8,91.0,90.6,90.9,3263226,296300679,1663,+0.10
20140714,90.8,90.8,90.1,90.3,4143193,373903558,1843,-0.60
20140715,90.5,90.9,90.0,90.0,3344415,301868451,1690,-0.30
20140716,90.0,90.4,89.9,90.3,5363237,483009743,2538,+0.30
20140717,90.0,91.0,90.0,90.6,5796748,524775808,2098,+0.30
20140718,90.8,92.2,90.8,91.8,4448320,408747959,1930,+1.20
20140721,91.8,92.4,91.8,92.0,4454127,410035884,1784,+0.20
20140722,92.0,92.2,91.7,92.2,1699496,156339226,1055,+0.20
20140724,92.2,92.5,91.5,92.2,1549892,142407502,893, 0.00
20140725,92.2,92.2,91.7,92.0,1259959,115811614,665,-0.20
20140728,92.3,92.5,91.8,92.0,1815409,167173228,1053, 0.00
20140729,92.0,92.6,91.8,92.6,3388549,312846761,2031,+0.60
20140730,92.6,92.8,92.4,92.6,2198830,203593627,1189, 0.00
20140731,92.4,92.5,91.5,92.0,2854280,262544613,1303,-0.60
20140801,91.1,92.7,91.1,92.2,2952527,272404083,1020,+0.20
20140804,92.2,92.6,91.8,92.5,2241144,206950517,1083,+0.30
20140805,92.5,92.6,91.1,91.1,4185788,382976106,2290,-1.40
20140806,91.5,92.2,91.1,91.2,2829684,259065290,1343,+0.10
20140807,91.5,93.0,91.5,93.0,4597305,424476693,2349,+1.80
20140808,93.3,93.5,92.5,93.2,4270844,397913729,2055,+0.20
20140811,93.2,94.2,93.0,93.9,3647675,342093772,1706,+0.70
20140812,94.0,94.0,92.5,93.3,2364891,220778305,1198,-0.60
20140813,93.5,94.0,93.1,93.5,3240644,303600403,1668,+0.20
20140814,93.9,94.1,93.2,94.0,2958843,277492865,1368,+0.50
20140815,94.0,94.9,94.0,94.5,3039359,287009816,1716,+0.50
20140818,94.5,94.7,94.3,94.5,1438426,135943649,574, 0.00
20140819,94.5,95.2,94.3,94.9,3453439,327160860,1322,+0.40
20140820,95.0,95.2,94.8,95.0,3916934,372032430,1583,+0.10
20140821,95.0,95.8,94.9,95.3,3233333,307837626,1436,+0.30
20140822,95.3,96.1,95.2,95.9,5811586,557281127,1942,+0.60
20140825,95.8,95.8,95.0,95.5,1726130,164779908,944,-0.40
20140826,95.5,96.2,95.5,95.8,3196773,306601265,1117,+0.30
20140827,95.8,96.7,95.8,96.7,3218880,310351349,1894,+0.90
20140828,96.7,96.9,95.9,96.9,2158122,208203769,1121,+0.20
20140829,96.9,96.9,94.5,95.3,5141760,489640155,2379,-1.60
20140901,94.0,94.8,91.8,92.3,12579010,1164613705,5805,-3.00
20140902,92.0,92.0,90.4,90.6,15181924,1378723643,5948,-1.70
20140903,90.6,91.4,90.5,91.1,5802342,528297412,2305,+0.50
20140904,91.1,91.6,91.0,91.6,3168557,289440072,1489,+0.50
20140905,91.3,91.9,91.2,91.2,1988631,181933415,1132,-0.40
20140909,91.8,91.8,91.0,91.0,2301794,209821246,1150,-0.20
20140910,91.0,91.6,90.9,91.0,2977256,271226363,1505, 0.00
20140911,91.0,91.7,90.4,90.4,5211715,473238565,2185,-0.60
20140912,90.6,91.5,90.6,91.0,1493976,136084788,817,+0.60
20140915,91.1,91.1,90.3,90.6,3530151,319941306,1885,-0.40
20140916,90.6,90.6,90.0,90.0,2947339,266026173,1475,-0.60
20140917,90.0,91.2,90.0,90.6,3127215,283484133,1924,+0.60
20140918,90.6,91.3,90.5,90.5,1806350,163803350,951,-0.10
20140919,90.5,90.9,90.3,90.8,3117659,282392269,1017,+0.30
20140922,90.4,90.4,89.0,89.6,5155516,462099140,3024,-1.20
20140923,89.6,89.6,89.0,89.2,3865095,344878116,2034,-0.40
20140924,89.2,91.0,89.2,91.0,3119491,281478181,1651,+1.80
20140925,91.0,91.0,89.3,89.6,3595771,322485590,1839,-1.40
20140926,90.0,92.3,90.0,92.0,8573290,785569026,4198,+2.40
20140929,92.5,92.8,91.5,91.5,5794346,532757912,2905,-0.50
20140930,91.5,92.3,90.5,92.3,4873364,445568153,2216,+0.80
20141001,92.5,92.5,91.0,92.0,4429929,406963968,2261,-0.30
20141002,92.0,92.5,91.2,92.3,4870073,448957136,2837,+0.30
20141003,92.8,93.3,92.0,93.2,4515262,419576630,2230,+0.90
20141006,93.5,93.5,92.0,92.0,34382375,3202112014,1407,-1.20
20141007,92.0,93.1,91.6,93.1,5337068,494434295,2387,+1.10
20141008,92.8,93.1,92.1,92.9,2839898,263844357,1240,-0.20
20141009,92.8,93.6,92.6,93.6,6381354,594374253,1958,+0.70
20141013,93.6,94.5,92.9,94.4,7566134,711143971,3626,+0.80
20141014,94.4,95.2,93.6,95.2,7410514,702540615,3191,+0.80
20141015,95.3,96.1,94.8,95.8,11907944,1139157639,4661,+0.60
20141016,95.8,96.4,95.0,96.0,13290708,1275937605,4992,+0.20
20141017,96.0,97.3,94.8,97.0,11773088,1135989748,4791,+1.00
20141020,96.5,97.2,95.8,96.8,7621775,738225598,2884,-0.20
20141021,96.6,96.6,95.8,96.0,4259892,409062226,2148,-0.80
20141022,96.0,96.0,95.1,95.4,2710704,258836941,1502,-0.60
20141023,96.0,96.2,95.4,95.7,2405960,230380769,1085,+0.30
20141024,96.5,96.6,95.0,96.2,2348728,224892461,1386,+0.50
20141027,96.2,96.3,95.0,95.6,2645669,252324820,1309,-0.60
20141028,96.2,96.5,95.2,95.4,7465920,716434082,2333,-0.20
20141029,93.5,96.5,93.2,96.5,7355012,703090492,2878,+1.10
20141030,96.9,98.8,96.7,98.7,10880182,1066138265,4503,+2.20
20141031,98.7,98.7,98.0,98.7,5146254,507277582,2570, 0.00
20141103,98.7,98.7,97.7,98.3,4679943,459169974,2238,-0.40
20141104,98.3,98.6,98.0,98.4,4718839,464118661,2511,+0.10
20141105,98.5,98.5,97.5,97.9,1807383,176908507,1076,-0.50
20141106,98.5,98.8,98.2,98.7,3425550,337745602,1675,+0.80
20141107,97.2,98.4,97.2,97.2,1803923,176201606,693,-1.50
20141110,97.9,98.5,97.5,98.2,3082862,302808675,1430,+1.00
20141111,98.2,98.4,97.8,98.0,1822409,178773595,1089,-0.20
20141112,97.6,97.6,97.0,97.1,2557155,248563508,1375,-0.90
20141113,98.0,98.4,96.5,98.4,2847840,279009625,955,+1.30
20141114,98.4,98.4,97.3,98.0,2568630,251845081,1355,-0.40
20141117,98.0,98.0,96.1,97.1,1825773,176870347,1136,-0.90
20141118,97.0,98.0,96.8,97.8,2130332,208095798,1078,+0.70
20141119,98.0,98.5,97.2,98.5,4748175,466998750,1985,+0.70
20141120,97.0,98.3,97.0,98.0,5162370,505271769,1069,-0.50
20141121,98.0,98.1,97.6,98.0,2840724,278372071,911, 0.00
20141124,98.4,98.4,97.6,98.1,1397385,137005867,651,+0.10
20141125,98.1,98.1,97.2,97.5,3466659,338852579,1427,-0.60
20141126,98.0,98.3,97.2,97.3,1499438,146419307,755,-0.20
20141127,97.3,98.3,97.2,98.0,1719408,168558374,845,+0.70
20141128,97.2,98.4,97.2,98.4,1758903,172587396,796,+0.40
20141201,97.0,98.4,97.0,98.2,4376974,429279351,1147,-0.20
20141202,98.2,98.2,97.6,98.0,6101986,599233721,1472,-0.20
20141203,98.5,101.0,98.5,100.0,6380217,635353398,3034,+2.00
20141204,100.0,101.0,99.4,100.5,4516460,453332800,1383,+0.50
20141205,100.0,100.0,98.1,99.0,2470512,244942688,1196,-1.50
20141208,100.0,100.5,99.1,99.3,3249617,323738995,1581,+0.30
20141209,100.0,102.0,99.8,100.0,3891557,391905129,1494,+0.70
20141210,100.0,101.0,98.4,99.0,4025558,400360442,1867,-1.00
20141211,99.0,99.1,97.8,98.5,3929324,388196342,1362,-0.50
20141212,98.5,99.0,98.1,98.3,5130128,506036316,1420,-0.20
20141215,97.8,98.1,96.6,97.5,6045911,589416422,1464,-0.80
20141216,97.5,100.0,97.4,99.5,2552281,253975719,1551,+2.00
20141217,97.8,99.0,97.7,97.7,5064915,497788794,2060,-1.80
20141218,99.0,99.1,97.7,99.1,7256866,715167908,1154,+1.40
20141219,99.7,101.0,98.6,101.0,4409542,443391352,2277,+1.90
20141222,100.0,100.5,99.5,99.9,3201599,320114130,1576,-1.10
20141223,101.0,101.0,100.0,100.5,2549016,256257100,1477,+0.60
20141224,100.0,101.0,100.0,100.5,3784962,379881200,1237, 0.00
20141225,101.0,101.0,100.5,101.0,1267440,127714206,530,+0.50
20141226,101.0,101.0,100.5,101.0,716693,72307642,381, 0.00
20141227,100.5,100.5,99.9,100.0,152700,15289416,94,-1.00
20141229,100.5,102.0,100.5,101.0,2358220,239303104,1367,+1.00
20141230,101.5,104.0,101.5,103.0,4816422,497149744,2768,+2.00
20141231,103.0,104.5,103.0,104.5,2831662,294871348,1244,+1.50
20150105,103.5,104.5,102.0,104.0,5265053,546514480,1932,-0.50
20150106,104.0,104.0,101.5,101.5,7120219,729023422,2341,-2.50
20150107,100.5,101.5,100.0,100.5,5099259,513843849,2481,-1.00
20150108,101.5,104.5,100.5,104.5,4180576,431867914,1945,+4.00
20150109,104.5,106.0,104.5,105.5,3491326,367749730,2031,+1.00
20150112,105.0,110.0,104.5,108.0,5539175,597417801,2621,+2.50
20150113,108.5,113.0,108.0,110.5,9760765,1081659254,4577,+2.50
20150114,108.5,110.5,106.5,108.0,7668427,828608295,3656,-2.50
20150115,107.0,107.5,104.0,105.5,6723323,708654787,3248,-2.50
20150116,105.0,108.0,105.0,108.0,4663010,495828570,2722,+2.50
20150119,108.5,108.5,107.0,108.0,4216319,453596284,1426, 0.00
20150120,106.5,107.5,106.0,106.0,3167056,336879436,1558,-2.00
20150121,106.0,108.0,105.5,108.0,9386416,1011335981,2149,+2.00
20150122,106.5,108.0,106.5,108.0,2992772,321861664,1281, 0.00
20150123,108.0,108.5,107.0,108.0,4346782,468125490,2285, 0.00
20150126,107.0,108.0,107.0,108.0,3325611,357066904,1709, 0.00
20150127,108.0,108.0,107.5,108.0,2879538,310584279,1064, 0.00
20150128,107.0,108.5,107.0,108.5,3255711,350723278,1948,+0.50
20150129,108.0,108.5,107.0,107.5,2734700,294439515,1835,-1.00
20150130,106.5,107.0,104.0,104.0,5669653,596311912,2171,-3.50
20150202,104.0,106.5,103.5,106.0,5070535,532966520,2249,+2.00
20150203,104.5,105.5,104.0,104.5,5206605,546444213,2033,-1.50
20150204,104.5,106.0,104.0,105.0,5935672,622516217,1966,+0.50
20150205,104.5,106.5,104.0,106.5,4247176,450038656,1530,+1.50
20150206,105.5,107.0,105.0,107.0,2811688,299027394,1460,+0.50
20150209,107.0,107.5,106.0,107.0,3164674,338642118,1888, 0.00
20150210,106.0,107.0,106.0,107.0,4004695,426737513,1698, 0.00
20150211,107.5,108.0,106.0,107.5,2934601,314925307,1537,+0.50
20150212,107.0,107.5,106.5,107.0,2855911,305350057,1399,-0.50
20150213,106.5,107.5,106.0,107.5,4328715,462825925,2336,+0.50
20150224,108.5,109.0,108.0,109.0,4647102,504664553,2880,+1.50
20150225,110.0,110.5,109.0,110.5,5057860,554930853,2452,+1.50
20150226,110.5,110.5,107.5,107.5,6751176,731616172,1917,-3.00
20150302,108.0,110.0,107.5,110.0,4597630,501611170,2621,+2.50
20150303,110.5,110.5,109.0,110.0,3342643,366693198,2109, 0.00
20150304,110.0,110.0,108.5,109.0,2382538,260349142,1336,-1.00
20150305,110.0,110.0,108.0,108.5,3279452,357128316,1572,-0.50
20150306,109.0,109.0,107.0,108.0,3078155,331300085,1658,-0.50
20150309,107.0,108.0,106.0,106.0,2483472,265193032,1045,-2.00
20150310,106.0,109.0,105.5,108.5,3778141,405993228,1781,+2.50
20150311,107.0,110.0,107.0,108.5,4295044,466315252,2386, 0.00
20150312,108.5,109.0,107.0,108.5,2920540,315495320,1526, 0.00
20150313,108.0,110.0,108.0,110.0,3460499,377834891,1671,+1.50
20150316,108.5,110.0,108.0,108.0,2606533,283188064,1313,-2.00
20150317,108.5,110.0,108.0,109.5,3373489,367756301,1685,+1.50
20150318,108.5,109.5,108.0,108.5,3748995,407960452,2057,-1.00
20150319,109.5,111.0,109.0,109.5,5011260,550550840,1911,+1.00
20150320,109.5,111.5,109.5,111.5,2990384,331249419,1450,+2.00
20150323,111.5,111.5,110.0,110.5,1960798,216561780,900,-1.00
20150324,110.0,111.0,109.5,111.0,3101169,342157090,1839,+0.50
20150325,111.0,111.0,109.5,110.5,3010467,332554870,1350,-0.50
20150326,109.5,110.5,109.0,110.0,3207539,352315519,1556,-0.50
20150327,109.5,110.5,109.5,110.0,3520635,387728029,1100, 0.00
20150330,109.5,110.0,109.5,110.0,2520202,276854614,1595, 0.00
20150331,110.0,110.0,108.0,109.5,5957046,650859034,1955,-0.50
20150401,110.0,110.0,109.0,109.0,2482966,271677274,1284,-0.50
20150402,109.0,111.0,109.0,111.0,3454953,381097330,1250,+2.00
20150407,110.5,111.0,109.0,110.0,3765587,412663570,1267,-1.00
20150408,109.5,110.0,108.0,108.0,2493540,271404085,1380,-2.00
20150409,108.0,110.5,108.0,110.5,1993761,218535210,1038,+2.50
20150410,111.0,111.0,108.0,108.0,3885603,423709227,1339,-2.50
20150413,108.5,110.5,108.5,110.5,2841348,312788780,1310,+2.50
20150414,110.5,111.0,109.0,109.0,6275912,689534820,1599,-1.50
20150415,108.5,109.0,104.0,104.5,14959253,1584799818,4694,-4.50
20150416,104.5,105.5,102.5,104.0,9462692,987068160,3668,-0.50
20150417,104.0,104.5,102.5,103.5,6329578,656326898,2979,-0.50
20150420,103.0,104.5,103.0,103.5,2889443,300029288,1415, 0.00
20150421,103.5,106.0,103.0,106.0,2278368,238323008,1047,+2.50
20150422,106.5,107.5,105.0,106.5,4249177,452986762,1537,+0.50
20150423,107.5,109.0,106.5,108.0,3417262,368699163,2008,+1.50
20150424,108.0,110.0,108.0,109.5,8643382,947929601,2231,+1.50
20150427,108.0,110.0,108.0,109.5,2798491,304704019,1685, 0.00
20150428,109.5,109.5,108.0,109.0,2377427,258559116,1344,-0.50
20150429,108.0,109.5,107.5,108.5,2786526,301980808,1353,-0.50
20150430,109.0,109.5,107.0,108.0,3468009,374533972,1293,-0.50
20150504,108.5,109.0,107.5,108.5,1343569,145359452,838,+0.50
20150505,108.0,108.5,107.0,108.0,2086553,224734724,1386,-0.50
20150506,107.0,110.0,107.0,109.0,2644569,288999732,1516,+1.00
20150507,108.0,109.5,108.0,109.5,2267416,247728344,1617,+0.50
20150508,109.5,110.0,108.5,108.5,1956081,212965169,987,-1.00
20150511,108.5,109.5,108.0,109.5,2304112,250956708,1087,+1.00
20150512,108.5,109.5,107.5,108.0,2870061,310579088,1453,-1.50
20150513,108.0,108.5,106.5,106.5,3799629,407144803,1655,-1.50
20150514,107.5,108.0,106.0,107.5,3059831,326614469,1846,+1.00
20150515,107.5,107.5,106.0,106.0,2585408,275141248,1311,-1.50
20150518,106.5,107.5,106.0,107.0,1699149,181713443,1040,+1.00
20150519,108.0,109.0,107.5,108.5,2366605,256403635,1174,+1.50
20150520,108.5,109.0,107.0,108.5,1891126,204542667,1453, 0.00
20150521,107.5,107.5,106.0,106.0,4773101,507139206,2699,-2.50
20150522,107.0,107.0,106.0,106.5,2350182,250237878,1322,+0.50
20150525,107.0,107.5,106.0,107.5,1319164,140945712,676,+1.00
20150526,107.5,108.0,107.0,107.0,2806328,301614596,1445,-0.50
20150527,106.5,108.0,106.5,107.5,1972814,211817598,1039,+0.50
20150528,107.0,108.0,106.0,106.0,4154483,442200198,2108,-1.50
20150529,106.5,108.0,106.0,108.0,5654402,608283014,1837,+2.00
20150601,108.0,108.0,106.0,106.0,2718827,289662989,1921,-2.00
20150602,106.0,107.0,104.0,105.0,5279989,555365384,2491,-1.00
20150603,105.0,106.0,105.0,105.5,3291985,346873425,2067,+0.50
20150604,104.5,105.5,103.5,104.0,10191182,1064064610,2592,-1.50
20150605,103.5,104.5,103.5,103.5,6984864,726014285,2350,-0.50
20150608,103.5,105.5,103.5,105.0,3561678,373255854,1574,+1.50
20150609,104.0,105.0,104.0,104.5,3594437,376141448,1189,-0.50
20150610,104.5,105.5,104.0,104.5,2554584,267911023,1493, 0.00
20150611,105.5,106.0,105.0,106.0,3336126,351549606,1483,+1.50
20150612,106.0,106.0,104.5,104.5,2262078,237552227,932,-1.50
20150615,105.0,105.5,104.0,104.5,3351180,350239056,1601, 0.00
20150616,105.0,105.0,103.5,104.5,4290977,445728091,1315, 0.00
20150617,104.0,104.0,103.0,103.0,6497907,670749335,3086,-1.50
20150618,103.5,106.0,103.0,105.5,4667241,489460305,1752,+2.50
20150622,106.0,106.5,105.0,106.0,4524176,478149156,1481,+0.50
20150623,106.5,107.0,106.0,107.0,3685075,392771525,1782,+1.00
20150624,107.0,107.5,106.5,107.0,3726294,399065958,1975, 0.00
20150625,107.0,108.5,107.0,107.5,9773490,1053145880,2951,+0.50
20150626,102.0,103.5,102.0,103.0,5306480,546405658,2907,X0.00
20150629,103.5,104.5,102.5,104.5,4334476,448112004,1888,+1.50
20150630,104.5,105.0,102.5,103.0,5920217,610972568,2458,-1.50
20150701,103.5,106.0,103.0,105.0,3437046,360584330,1471,+2.00
20150702,105.5,105.5,103.0,103.0,3113376,322700288,1506,-2.00
20150703,103.0,103.5,102.0,103.0,4589332,471451906,1728, 0.00
20150706,103.5,103.5,102.0,102.0,4800110,491690710,1922,-1.00
20150707,103.0,104.0,101.5,102.0,3850221,393957332,1604, 0.00
20150708,102.0,102.5,101.0,102.0,4249354,431105962,2494, 0.00
20150709,101.0,101.5,100.0,100.0,3650448,366769748,2124,-2.00
20150713,101.0,101.0,100.0,100.5,4814294,483937542,2357,+0.50
20150714,101.5,103.0,101.5,103.0,2688710,275640271,1603,+2.50
20150715,103.5,103.5,101.0,102.0,3421917,348808034,2291,-1.00
20150716,102.5,103.0,102.0,102.5,2891678,295860487,1302,+0.50
20150717,102.5,102.5,101.5,102.0,1598429,162806045,870,-0.50
20150720,102.5,102.5,100.0,100.5,4015134,404767034,1950,-1.50
20150721,101.0,101.5,100.0,100.5,3149327,316273689,1352, 0.00
20150722,100.5,101.5,99.9,101.0,4688064,470665264,2161,+0.50
20150723,100.0,101.5,100.0,101.5,3484875,351729807,1710,+0.50
20150724,100.5,103.5,100.5,103.5,2371167,242983201,1624,+2.00
20150727,102.0,103.5,102.0,102.5,3231946,332395456,1829,-1.00
20150728,103.0,103.5,102.5,102.5,2834249,292166518,1762, 0.00
20150729,102.5,102.5,100.5,102.0,2942551,298207651,1738,-0.50
20150730,102.0,103.0,101.0,103.0,2232734,228464102,1285,+1.00
20150731,102.5,104.5,102.0,104.5,4723083,487858632,1989,+1.50
20150803,104.0,104.0,102.0,103.5,4986692,511916776,2805,-1.00
20150804,103.5,105.0,103.0,105.0,4965859,517278946,2724,+1.50
20150805,105.0,106.0,104.5,105.5,3916560,412639075,2362,+0.50
20150806,105.0,106.0,103.5,103.5,3738353,390120879,1540,-2.00
20150807,103.0,104.5,103.0,104.5,1667042,173108385,1134,+1.00
20150810,103.0,104.0,103.0,103.0,773437,79904948,531,-1.50
20150811,103.0,103.5,102.0,103.0,3077556,315981045,1703, 0.00
20150812,103.0,103.0,101.5,102.0,2275544,232496757,1220,-1.00
20150813,103.0,103.0,102.0,102.5,2120573,217746230,1329,+0.50
20150814,102.0,103.5,102.0,102.5,1735959,177970818,1239, 0.00
20150817,102.5,103.0,101.0,101.0,2868674,291543248,1211,-1.50
20150818,101.0,101.5,100.5,100.5,2613476,263760333,1140,-0.50
20150819,100.5,102.5,100.0,101.5,5377249,543229649,2867,+1.00
20150820,101.5,102.0,100.0,100.5,4739111,478145711,2555,-1.00
20150821,100.5,100.5,99.8,100.0,5346876,535625300,2355,-0.50
20150824,99.8,100.0,95.0,97.4,8413123,822743554,4165,-2.60
20150825,97.4,97.6,96.7,96.9,6983486,678537477,2878,-0.50
20150826,97.0,97.6,96.2,97.0,5583335,540926822,2354,+0.10
20150827,97.0,98.3,96.7,98.3,4933177,479915863,2234,+1.30
20150828,98.6,98.6,97.2,98.2,4039694,395890905,2313,-0.10
20150831,98.9,98.9,97.4,97.8,8186418,801252149,2683,-0.40
20150901,98.3,100.0,97.8,99.5,4078196,403689435,1860,+1.70
20150902,98.7,100.0,97.8,99.8,3843064,381089400,2000,+0.30
20150903,100.5,102.0,100.0,101.5,3063010,309142910,1680,+1.70
20150904,100.5,101.0,99.8,99.8,3003931,300674063,1389,-1.70
20150907,99.5,101.0,99.5,101.0,3758761,378177969,1255,+1.20
20150908,101.0,101.0,99.1,100.0,2665524,267130759,1070,-1.00
20150909,102.0,102.0,99.6,100.0,6072020,609288920,2599, 0.00
20150910,100.5,101.0,99.6,100.0,3737388,373402489,2048, 0.00
20150911,100.0,101.0,99.8,101.0,2180953,219189953,1246,+1.00
20150914,101.5,101.5,100.5,101.0,3521361,355905461,1032, 0.00
20150915,101.0,101.5,100.5,101.5,2477295,250344450,1205,+0.50
20150916,101.0,101.5,100.5,101.0,2531010,255452510,1153,-0.50
20150917,101.5,102.0,100.5,101.0,4500700,455144700,2521, 0.00
20150918,101.5,104.5,101.0,104.0,5188341,535770292,1720,+3.00
20150921,103.0,104.0,101.5,102.5,3823594,392601088,1618,-1.50
20150922,103.5,104.0,102.5,104.0,1914982,197747128,1146,+1.50
20150923,103.0,103.0,100.0,101.0,3545141,358679807,1912,-3.00
20150924,101.5,101.5,100.0,101.0,2263698,228052196,1012, 0.00
20150925,101.0,101.5,100.0,100.0,1814819,181955304,1003,-1.00
20150930,99.5,101.0,99.5,100.5,8353105,835890505,3717,+0.50
20151001,100.0,101.0,99.8,100.0,4106290,411077144,2369,-0.50
20151002,101.0,101.5,100.0,100.5,3269259,329844024,2107,+0.50
20151005,100.5,101.0,99.1,99.6,4975868,496119800,2252,-0.90
20151006,100.0,100.5,99.6,100.0,4061837,405615540,1787,+0.40
20151007,99.5,100.5,99.0,100.5,3779656,377793256,1955,+0.50
20151008,100.5,101.0,100.0,100.5,2494194,250902490,1471, 0.00
20151012,100.5,101.0,100.0,101.0,2097635,211321312,1372,+0.50
20151013,101.0,101.5,100.0,101.5,3124030,315050030,1681,+0.50
20151014,100.5,101.0,100.0,100.5,1829943,184141243,975,-1.00
20151015,101.0,102.0,101.0,101.5,5535499,557375635,1359,+1.00
20151016,102.0,103.5,101.5,103.0,4950076,508582618,2037,+1.50
20151019,103.0,103.5,101.5,102.0,2436155,249070810,1228,-1.00
20151020,102.5,103.0,102.0,103.0,2060739,211802617,1009,+1.00
20151021,103.5,104.0,100.5,101.0,3251196,330376888,1350,-2.00
20151022,101.5,102.5,101.5,102.0,1716124,175113534,642,+1.00
20151023,103.0,103.5,101.5,102.0,2942029,301150458,1811, 0.00
20151026,102.5,104.0,102.0,104.0,2759659,284363036,1683,+2.00
20151027,103.5,103.5,102.0,103.0,2154363,220636389,1438,-1.00
20151028,103.0,103.0,102.0,103.0,2262795,231387885,1531, 0.00
20151029,102.5,103.5,102.0,102.5,2062630,211628070,1159,-0.50
20151030,102.5,103.5,102.0,102.5,2663845,273579190,1176, 0.00
20151102,102.0,102.5,101.0,101.5,2659709,269811669,1711,-1.00
20151103,102.5,103.0,101.5,102.0,3295013,337025326,1305,+0.50
20151104,103.0,103.5,102.0,102.0,3437025,353296550,1867, 0.00
20151105,102.5,103.0,101.5,102.0,1203749,122935898,686, 0.00
20151106,102.0,103.0,101.5,102.5,3532632,360695964,1653,+0.50
20151109,101.5,102.5,101.5,102.0,1616677,164416713,1087,-0.50
20151110,101.5,101.5,100.5,100.5,4822394,484872990,1408,-1.50
20151111,100.5,101.0,100.5,100.5,2188663,220393963,1224, 0.00
20151112,101.0,101.5,100.5,100.5,2113954,212962354,1008, 0.00
20151113,100.5,101.0,100.0,100.0,4138958,414907776,2040,-0.50
20151116,100.5,100.5,99.6,100.0,2435728,243893558,1463, 0.00
20151117,100.5,101.0,100.5,100.5,2019313,203151454,937,+0.50
20151118,100.5,101.5,100.0,101.5,2539144,255804544,1745,+1.00
20151119,101.0,101.0,100.0,101.0,3672015,369088015,1937,-0.50
20151120,101.0,101.0,100.5,101.0,1682900,169545943,947, 0.00
20151123,101.0,101.5,100.5,100.5,1246771,125557483,789,-0.50
20151124,100.5,101.5,100.5,101.0,1794901,180948550,1152,+0.50
20151125,100.5,101.0,99.0,99.3,6780316,675546459,2464,-1.70
20151126,99.5,100.0,98.5,99.2,7945210,788292950,3572,-0.10
20151127,99.5,100.5,99.3,100.0,2378410,237770998,1478,+0.80
20151130,99.0,99.0,97.2,98.6,9186269,905619348,2947,-1.40
20151201,98.7,100.0,98.7,100.0,5640154,561538736,2162,+1.40
20151202,99.5,100.0,99.0,99.3,2673054,265755596,1375,-0.70
20151203,99.0,99.3,98.4,99.0,4295061,424977739,1461,-0.30
20151204,99.0,99.2,98.5,98.8,3804939,375878861,2144,-0.20
20151207,99.1,100.5,98.7,98.7,3693574,366767226,1906,-0.10
20151208,98.9,99.2,98.0,98.0,5123967,503566644,2392,-0.70
20151209,98.0,98.6,97.7,98.0,5274394,517080507,2785, 0.00
20151210,97.9,98.0,97.2,97.5,4945416,482206674,1869,-0.50
20151211,98.0,98.3,97.8,98.0,3757609,368273294,2255,+0.50
20151214,97.8,97.8,97.0,97.3,2349049,228693475,1456,-0.70
20151215,97.3,97.9,96.8,97.0,3519743,341712448,1921,-0.30
20151216,97.7,98.8,97.1,97.1,3720057,363969496,2549,+0.10
20151217,97.8,98.8,97.7,98.6,2245404,221056687,1287,+1.50
20151218,98.1,98.5,97.7,97.7,3595088,351812694,1218,-0.90
20151221,97.3,99.0,97.3,98.8,2320955,228053403,1346,+1.10
20151222,98.8,99.0,97.9,98.1,2470787,243062122,970,-0.70
20151223,98.5,98.9,98.0,98.0,1304905,128275295,707,-0.10
20151224,98.7,98.7,98.2,98.5,583569,57477044,332,+0.50
20151225,98.4,98.7,98.1,98.7,400321,39384376,241,+0.20
20151228,98.9,99.1,98.6,99.1,1394914,138049873,864,+0.40
20151229,98.7,98.8,98.3,98.3,886945,87324856,668,-0.80
20151230,98.5,98.7,98.0,98.0,952690,93519118,591,-0.30
20151231,98.9,100.0,98.7,100.0,2355793,234455898,894,+2.00
20160104,99.1,99.6,97.8,98.0,4460825,438215939,2188,-2.00
20160105,98.0,98.5,97.7,98.4,3650265,358252596,1895,+0.40
20160106,98.1,98.3,97.0,97.5,5978563,582945081,2547,-0.90
20160107,97.5,97.8,97.0,97.5,5042176,490960563,2429, 0.00
20160108,97.7,97.8,96.7,97.5,3446572,335499288,1961, 0.00
20160111,97.0,99.0,97.0,98.3,3135663,307493664,1949,+0.80
20160112,98.6,99.7,97.6,99.5,4575493,454339530,2062,+1.20
20160113,99.6,99.9,99.0,99.5,3499931,348150726,1694, 0.00
20160114,98.5,99.8,98.5,99.4,2518825,250352047,1139,-0.10
20160115,98.6,99.0,97.4,98.0,4417509,433728520,2017,-1.40
20160118,97.1,98.5,96.9,98.0,3708336,361786664,2019, 0.00
20160119,98.0,98.4,97.5,98.0,1669016,163479768,1201, 0.00
20160120,98.0,98.1,96.4,97.0,5725549,556957082,2825,-1.00
20160121,97.0,97.8,96.8,97.0,5672358,551183124,2594, 0.00
20160122,97.8,99.4,97.4,99.3,3964162,390222413,2166,+2.30
20160125,99.3,99.9,99.1,99.9,3272646,326182661,1730,+0.60
20160126,99.5,99.5,98.0,98.3,3750348,368936333,1853,-1.60
20160127,98.3,99.2,98.3,99.2,3496261,345288883,2121,+0.90
20160128,99.1,99.8,98.1,99.6,3835651,380996608,1988,+0.40
20160129,98.5,100.0,98.5,100.0,4513477,449343100,1884,+0.40
20160130,100.0,100.0,99.5,99.9,541372,54013659,364,-0.10
20160201,99.5,99.9,98.5,99.9,3633774,360584509,2177, 0.00
20160202,99.3,99.7,99.1,99.6,2713016,269592287,1849,-0.30
20160203,99.0,99.8,99.0,99.6,4181996,415861397,2722, 0.00
20160215,98.5,100.0,98.5,99.1,5256550,522758580,2686,-0.50
20160216,99.6,101.0,99.6,100.0,3183989,319128790,1623,+0.90
20160217,101.0,102.0,100.5,101.5,4391640,444515957,2040,+1.50
20160218,102.0,102.5,101.5,102.0,4493473,458384500,2307,+0.50
20160219,101.0,101.5,100.5,101.0,4294232,433375432,2115,-1.00
20160222,101.5,102.0,100.5,101.0,1595942,161400142,724, 0.00
20160223,100.5,102.0,100.5,102.0,3479574,352253548,1388,+1.00
20160224,101.0,102.0,100.0,100.0,2864224,288348400,1281,-2.00
20160225,100.5,102.0,100.0,102.0,3827127,388655454,2077,+2.00
20160226,102.5,103.0,102.0,102.5,3710166,380145932,1344,+0.50
20160301,101.5,103.5,101.5,103.5,3202865,328670673,1917,+1.00
20160302,103.5,104.0,103.0,103.5,3313142,342829190,1901, 0.00
20160303,103.0,104.0,102.5,104.0,3974988,412538752,2419,+0.50
20160304,104.0,104.0,102.0,102.0,3786703,389296706,1548,-2.00
20160307,103.0,103.5,102.5,103.5,2735425,281987775,1654,+1.50
20160308,103.5,103.5,102.0,103.0,2466016,252663648,1465,-0.50
20160309,102.0,103.0,102.0,102.0,1892950,193421350,884,-1.00
20160310,102.5,103.0,102.0,102.5,1552199,158804997,989,+0.50
20160311,102.5,103.0,102.0,103.0,2320879,238676537,1191,+0.50
20160314,103.5,103.5,102.5,103.0,2814501,289019766,1896, 0.00
20160315,102.5,103.0,102.0,103.0,3480186,357460158,1447, 0.00
20160316,103.0,103.5,102.5,102.5,2559189,263185967,1644,-0.50
20160317,103.5,104.5,103.0,104.5,6088061,633796872,3641,+2.00
20160318,104.0,105.0,103.0,103.0,7891556,818033324,3042,-1.50
20160321,103.5,104.5,103.0,104.0,3943016,410148664,2108,+1.00
20160322,103.5,105.0,103.5,105.0,3437266,358175430,1941,+1.00
20160323,104.5,105.0,104.0,105.0,2329525,243461625,1096, 0.00
20160324,104.0,105.5,104.0,105.0,2215926,232412230,1066, 0.00
20160325,105.0,105.5,104.5,104.5,1552815,163027575,588,-0.50
20160328,104.5,104.5,104.0,104.5,1688128,176213998,1002, 0.00
20160329,104.0,104.5,103.5,103.5,2130780,221464729,1128,-1.00
20160330,104.0,104.5,103.5,104.5,4095741,426786931,1952,+1.00
20160331,104.5,105.0,104.0,104.5,4699205,491139920,2066, 0.00
20160401,104.0,104.5,104.0,104.5,2662905,277995569,1497, 0.00
20160406,103.5,104.0,102.5,102.5,4885249,504213764,2576,-2.00
20160407,102.5,104.0,102.5,104.0,2874620,296838480,1952,+1.50
20160408,103.0,105.0,102.5,104.0,3720304,387861616,2419, 0.00
20160411,104.0,106.0,104.0,106.0,3500773,367456046,1731,+2.00
20160412,105.0,106.0,105.0,105.5,2293338,242567990,1381,-0.50
20160413,106.0,106.5,105.0,105.5,3798465,401660552,1423, 0.00
20160414,105.5,106.0,105.0,105.0,2759868,290837640,939,-0.50
20160415,106.0,106.5,105.5,106.5,2843361,302217766,1498,+1.50
20160418,106.5,107.0,106.0,106.5,2646357,282361013,1615, 0.00
20160419,106.5,107.5,106.5,106.5,3197272,342266963,1847, 0.00
20160420,107.0,107.5,105.5,106.0,4250726,451398041,1853,-0.50
20160421,105.5,106.0,105.0,106.0,1867501,197299109,959, 0.00
20160422,105.5,106.5,105.0,106.0,1898698,200897988,972, 0.00
20160425,105.5,106.0,105.0,106.0,2192268,231891908,1153, 0.00
20160426,106.5,107.5,106.0,106.5,1982242,211685767,902,+0.50
20160427,106.5,107.0,105.5,106.5,2045342,217467918,937, 0.00
20160428,107.0,107.0,105.5,106.0,2199517,233208302,996,-0.50
20160429,106.0,106.5,105.0,106.5,3025610,320489359,1638,+0.50
20160503,106.5,107.5,106.0,107.5,2829972,302188504,1467,+1.00
20160504,107.5,108.0,106.5,107.5,4205087,451277846,1993, 0.00
20160505,107.0,107.0,106.0,106.5,3017874,321389576,1773,-1.00
20160506,106.0,107.0,105.5,107.0,2792135,296791372,1533,+0.50
20160509,107.0,108.0,106.0,108.0,3822018,410539429,2487,+1.00
20160510,108.0,111.0,107.5,110.5,7041633,772151630,2681,+2.50
20160511,109.5,111.0,109.0,111.0,5477711,603849210,2732,+0.50
20160512,111.0,111.5,110.0,111.0,2988682,331179020,1452, 0.00
20160513,110.5,110.5,109.5,110.5,4347634,478116240,2663,-0.50
20160516,110.0,111.0,110.0,110.5,2092778,231025458,1494, 0.00
20160517,110.5,111.5,110.0,111.5,2898519,321489109,1870,+1.00
20160518,110.5,112.0,110.5,112.0,5357446,597003223,2460,+0.50
20160519,111.5,112.5,110.0,110.5,4460717,494778224,2344,-1.50
20160520,110.5,112.0,110.0,111.0,3564333,396175963,1566,+0.50
20160523,110.5,112.0,109.5,110.5,3739902,414421664,1780,-0.50
20160524,110.0,112.0,110.0,111.0,3531008,392151388,1865,+0.50
20160525,111.0,111.5,110.5,111.5,3200710,355238452,1838,+0.50
20160526,111.5,111.5,108.5,110.0,4177500,457763736,2023,-1.50
20160527,110.5,111.0,109.5,111.0,3617233,399220130,2219,+1.00
20160530,110.0,112.0,110.0,111.5,2198402,244489122,1522,+0.50
20160531,111.5,111.5,110.5,111.5,5490143,611053873,1959, 0.00
20160601,110.5,111.0,110.0,110.5,4104173,453779610,2578,-1.00
20160602,111.5,111.5,110.5,110.5,4256999,472791427,1916, 0.00
20160603,110.5,112.0,110.0,112.0,1639586,182458132,1203,+1.50
20160604,111.5,112.0,111.0,111.5,382380,42536867,286,-0.50
20160606,112.0,112.5,111.0,112.0,1679150,187749722,836,+0.50
20160607,112.0,113.0,111.5,113.0,2847302,319963324,1730,+1.00
20160608,112.5,114.0,112.0,114.0,3199661,362881516,2008,+1.00
20160613,114.0,114.0,112.5,113.5,3478897,393796361,1987,-0.50
20160614,113.0,114.5,112.5,114.5,2235341,254114374,1522,+1.00
20160615,114.0,116.0,113.5,115.5,4034404,462776460,1796,+1.00
20160616,115.0,115.5,112.5,113.5,5264943,597706025,2926,-2.00
20160617,114.0,114.5,113.5,114.5,5475155,623957330,2972,+1.00
20160620,114.5,115.0,113.5,115.0,3556091,406286412,2218,+0.50
20160621,115.0,115.0,113.0,114.0,4199139,477363409,1982,-1.00
20160622,113.5,114.0,113.0,114.0,3558216,404612624,1798, 0.00
20160623,114.0,114.5,113.5,114.0,2858707,325266598,1744, 0.00
20160624,114.0,114.5,111.5,112.5,4753790,535396367,2182,-1.50
20160627,112.0,113.5,111.5,113.0,3534128,398019464,1584,+0.50
20160628,112.5,113.0,112.0,113.0,5952262,669941229,3140, 0.00
20160629,113.0,115.0,113.0,115.0,9009263,1030747645,3821,+2.00
20160630,111.0,112.5,110.0,112.5,7623329,848353003,3515,X0.00
20160701,113.5,114.0,112.0,112.5,4776261,539799852,2782, 0.00
20160704,113.0,113.0,110.5,111.0,3451307,385976720,1482,-1.50
20160705,111.0,111.0,110.0,110.5,2481992,274241111,1652,-0.50
20160706,111.0,111.0,109.0,110.5,3346025,368235258,2203, 0.00
20160707,111.0,112.5,110.5,112.5,5133748,572810639,2539,+2.00
20160711,113.0,114.0,112.5,114.0,7654003,868573419,3768,+1.50
20160712,114.0,114.0,113.0,113.0,7230007,822042291,3462,-1.00
20160713,114.0,114.0,111.0,114.0,10750885,1208895890,5340,+1.00
20160714,113.5,113.5,111.0,111.5,5184091,579596638,3105,-2.50
20160715,112.0,113.0,111.5,112.5,6391460,718864244,3642,+1.00
20160718,113.5,114.0,112.5,114.0,9099890,1033156860,3365,+1.50
20160719,113.5,114.0,112.5,113.5,8594352,973312276,3953,-0.50
20160720,113.5,114.0,112.5,113.0,8926500,1010782000,3869,-0.50
20160721,113.5,114.0,112.5,113.5,6601602,748167526,3772,+0.50
20160722,113.5,113.5,110.5,111.0,6051291,675673092,3451,-2.50
20160725,112.0,112.5,109.0,110.0,4608439,508161999,2247,-1.00
20160726,110.0,110.5,109.5,110.0,4512417,496249590,2070, 0.00
20160727,110.5,111.0,110.0,111.0,4589826,508665186,2283,+1.00
20160728,112.0,112.0,110.5,112.0,6760897,753538806,3324,+1.00
20160729,112.0,112.0,110.0,110.0,3075314,340472688,1673,-2.00
20160801,111.0,112.0,110.0,111.0,4605744,511033584,3040,+1.00
20160802,110.5,111.0,110.0,110.5,2237132,246557652,1263,-0.50
20160803,109.5,111.0,109.5,110.5,2217432,244337730,1650, 0.00
20160804,110.0,110.5,110.0,110.5,2005250,221101124,1033, 0.00
20160805,110.0,111.0,110.0,111.0,2645628,293180208,1806,+0.50
20160808,112.0,113.5,111.5,113.5,4869906,547147878,2733,+2.50
20160809,113.0,115.0,112.5,115.0,4980267,566916938,2253,+1.50
20160810,114.5,115.0,113.5,115.0,3527715,402492360,1720, 0.00
20160811,115.0,116.0,114.0,115.5,4764677,548448355,1726,+0.50
20160812,116.0,116.5,115.0,116.0,4914070,570154573,1702,+0.50
20160815,116.0,116.5,115.0,116.0,1586113,183724044,906, 0.00
20160816,115.0,115.5,114.0,114.5,2399790,274550946,1363,-1.50
20160817,114.5,115.0,113.5,114.0,2783733,317963562,1839,-0.50
20160818,114.0,115.0,113.0,114.0,3711100,422586900,2324, 0.00
20160819,113.5,114.0,111.0,111.5,4498383,503051536,2304,-2.50
20160822,111.0,112.0,111.0,112.0,4958267,553405904,2903,+0.50
20160823,112.0,112.5,111.5,112.0,5062947,566122175,2609, 0.00
20160824,113.0,115.0,112.0,114.0,3816690,433879660,2544,+2.00
20160825,113.5,114.5,113.5,114.5,2365316,269938024,1893,+0.50
20160826,114.5,114.5,113.5,114.5,2221223,253326922,1728, 0.00
20160829,114.5,114.5,113.0,113.5,3246428,368957792,2149,-1.00
20160830,114.0,114.5,112.5,113.5,3024408,342783300,2181, 0.00
20160831,113.0,114.0,111.5,111.5,4595265,515652309,2386,-2.00
20160901,111.5,112.5,110.5,111.5,5352479,596905148,2856, 0.00
20160902,111.5,112.5,111.0,112.0,3999250,445837000,2307,+0.50
20160905,111.5,113.0,111.5,112.5,3142757,353598541,2243,+0.50
20160906,112.0,112.5,111.5,112.5,4522454,506394626,1944, 0.00
20160907,112.5,113.5,112.0,113.5,3048324,344499112,2216,+1.00
20160908,113.5,114.0,112.5,114.0,4050295,458258630,2515,+0.50
20160909,113.5,113.5,112.0,113.0,3194287,360092431,1841,-1.00
20160910,112.0,112.5,111.5,112.5,2055916,230310592,1264,-0.50
20160912,111.5,113.0,111.5,111.5,4355466,487871192,2448,-1.00
20160913,111.5,112.0,111.0,111.0,5053294,562640777,2302,-0.50
20160914,110.5,112.0,110.5,111.0,7089916,789464127,2679, 0.00
20160919,113.5,115.5,113.0,115.5,10666452,1218131738,4326,+4.50
20160920,114.0,114.5,113.0,113.0,3105931,352158660,2093,-2.50
20160921,113.5,114.0,112.5,113.5,3931676,445075388,2397,+0.50
20160922,114.0,114.5,113.0,114.0,3519553,400107760,2359,+0.50
20160923,114.5,115.0,113.5,114.5,4058183,463349862,2209,+0.50
20160926,113.5,114.0,113.0,113.5,3442677,390803333,2078,-1.00
20160929,113.5,114.5,113.0,113.0,6645168,755414034,3826,-0.50
20160930,113.0,114.0,112.5,112.5,5318439,601230884,3063,-0.50
20161003,112.5,114.0,112.5,113.5,2439388,275707532,1331,+1.00
20161004,114.0,114.0,112.5,113.0,3016996,340961048,1970,-0.50
20161005,112.5,113.5,112.5,113.5,3104927,350262210,2598,+0.50
20161006,113.5,113.5,112.0,112.5,1281342,144065467,876,-1.00
20161007,112.0,112.5,111.5,111.5,6266884,700423058,2981,-1.00
20161011,112.0,112.5,111.0,111.5,5154957,576075684,2127, 0.00
20161012,111.5,112.0,111.5,112.0,3981591,444604192,2157,+0.50
20161013,112.0,112.5,112.0,112.5,4068422,456103686,2677,+0.50
20161014,112.0,112.5,111.5,111.5,3827164,427747368,2789,-1.00
20161017,111.0,111.5,110.0,111.0,4732325,523893575,2253,-0.50
20161018,111.0,111.5,110.5,111.5,5242700,582245388,2438,+0.50
20161019,111.0,112.0,111.0,111.0,4422945,492029865,2994,-0.50
20161020,111.5,112.0,111.0,111.0,4765791,530440688,2373, 0.00
20161021,111.0,112.0,111.0,111.5,3605166,401776503,1761,+0.50
20161024,111.5,112.0,111.0,111.5,4039168,450049728,2279, 0.00
20161025,111.5,112.5,111.5,112.0,3544304,396410392,1396,+0.50
20161026,112.0,112.0,111.5,111.5,3298562,368077660,1650,-0.50
20161027,111.5,112.0,110.5,110.5,4676768,520249248,2135,-1.00
20161028,111.0,111.0,109.5,110.5,3544125,390887307,1636, 0.00
20161031,110.0,111.0,109.5,110.5,5165593,569329516,2597, 0.00
20161101,109.5,110.0,108.5,109.0,5063850,552350438,2004,-1.50
20161102,108.0,109.5,108.0,109.0,3615010,392611090,2036, 0.00
20161103,108.5,110.5,108.5,109.0,4633149,507629912,2286, 0.00
20161104,109.0,109.5,108.0,108.0,3709063,403396367,2594,-1.00
20161107,108.5,110.5,108.5,109.5,2978437,326477846,2188,+1.50
20161108,110.0,110.0,108.5,110.0,4460876,488286860,2605,+0.50
20161109,110.5,110.5,108.5,108.5,5019961,548481249,2893,-1.50
20161110,110.0,110.0,108.5,108.5,4193755,458369295,2595, 0.00
20161111,108.5,109.0,105.5,105.5,10195676,1091706984,5371,-3.00
20161114,105.5,106.5,105.0,105.5,9555434,1010302504,4746, 0.00
20161115,105.0,105.5,104.0,104.0,11070198,1157842676,6860,-1.50
20161116,104.0,105.5,104.0,105.0,12371991,1299673640,4814,+1.00
20161117,104.5,106.5,104.5,106.0,6764447,713943597,3649,+1.00
20161118,105.5,107.0,105.0,106.0,4441167,472799202,3189, 0.00
20161121,106.0,107.0,105.0,106.0,4810223,511020038,3012, 0.00
20161122,106.0,106.5,106.0,106.0,5262982,559470992,2488, 0.00
20161123,106.0,108.5,106.0,107.5,4711896,506003313,2550,+1.50
20161124,107.0,108.0,106.5,107.0,5055176,542046832,3479,-0.50
20161125,107.0,108.0,106.5,107.5,1550972,166644481,995,+0.50
20161128,107.5,108.5,107.0,108.0,2541256,273851015,1591,+0.50
20161129,108.0,108.5,107.5,107.5,5091110,548524316,2975,-0.50
20161130,107.5,108.5,107.5,107.5,6194229,667303107,2476, 0.00
20161201,107.5,108.0,105.5,105.5,9170369,979269114,4100,-2.00
20161202,106.0,106.5,105.5,105.5,5917793,626211258,3192, 0.00
20161205,105.5,106.5,105.0,106.0,10028050,1060046680,3568,+0.50
20161206,106.5,107.0,105.5,106.0,9176272,971805532,4189, 0.00
20161207,106.0,106.5,105.5,106.0,4331505,459717030,2466, 0.00
20161208,106.5,107.0,105.5,107.0,7290669,774538243,2980,+1.00
20161209,106.0,106.5,105.5,105.5,8714206,923462944,4166,-1.50
20161212,106.5,106.5,104.5,105.0,7618752,801598329,2617,-0.50
20161213,105.0,105.0,104.0,105.0,7494946,783811080,3006, 0.00
20161214,105.0,105.5,103.5,104.0,10079640,1050280528,3883,-1.00
20161215,104.0,104.0,103.5,104.0,6499104,673657736,3180, 0.00
20161216,104.0,104.0,103.0,103.0,15661492,1619253168,1899,-1.00
20161219,103.0,103.5,102.0,102.5,5238380,536795140,1731,-0.50
20161220,102.0,103.5,102.0,103.5,6471026,663694684,3079,+1.00
20161221,103.0,103.5,102.0,102.0,5357392,551461376,3398,-1.50
20161222,102.5,102.5,102.0,102.5,4693912,480452473,2351,+0.50
20161223,102.0,102.5,102.0,102.0,3087195,316034482,1188,-0.50
20161226,102.5,103.0,102.0,102.0,2228169,227922907,1011, 0.00
20161227,102.0,103.0,101.5,102.0,6424751,655933972,2470, 0.00
20161228,102.0,102.5,101.5,101.5,7688656,784792562,3385,-0.50
20161229,102.0,102.5,101.5,102.0,5971165,609782907,2073,+0.50
20161230,103.0,104.5,102.5,104.0,3977806,413527222,2237,+2.00
20170103,104.0,105.0,104.0,104.5,1591997,166095676,939,+0.50
20170104,104.5,106.5,104.5,106.5,4768659,505341675,2535,+2.00
20170105,106.5,107.5,106.0,107.5,4833045,517920315,2668,+1.00
20170106,107.5,107.5,105.0,106.0,4706064,498259284,2851,-1.50
20170109,105.0,106.0,104.5,105.5,3718965,391553799,1657,-0.50
20170110,106.0,106.0,105.0,105.5,3116355,329289130,1702, 0.00
20170111,105.5,107.5,105.0,107.0,4472856,476848092,2576,+1.50
20170112,107.0,107.5,106.0,106.5,3913752,418297082,1756,-0.50
20170113,106.5,108.0,106.0,107.5,3638416,390904213,2433,+1.00
20170116,107.5,107.5,106.5,107.0,3511935,376089003,2112,-0.50
20170117,107.5,108.0,106.5,107.5,3714443,398901401,2197,+0.50
20170118,107.0,108.0,106.5,107.0,3852404,413168228,2638,-0.50
20170119,107.0,107.5,105.5,105.5,5940634,632419704,3071,-1.50
20170120,105.0,105.5,104.0,105.0,3546279,371846429,1435,-0.50
20170123,106.0,106.0,105.5,105.5,1984187,209771224,797,+0.50
20170124,105.5,106.0,104.5,104.5,4593895,481636975,1696,-1.00
20170202,103.0,103.5,102.0,102.0,12685779,1302693237,5921,-2.50
20170203,102.0,103.0,102.0,102.5,4215350,430920550,1989,+0.50
20170206,103.5,105.0,103.0,105.0,3730529,388960045,2040,+2.50
20170207,103.5,105.0,103.5,104.5,4529143,472997015,1957,-0.50
20170208,104.0,105.5,103.0,104.0,6916656,721865044,2380,-0.50
20170209,104.5,105.0,104.0,105.0,4574773,478510547,2724,+1.00
20170210,105.5,106.0,105.0,105.0,7918505,832527274,2282, 0.00
20170213,105.5,105.5,104.5,105.0,4218990,442990950,2915, 0.00
20170214,104.5,107.0,104.5,106.5,5628848,596276323,2824,+1.50
20170215,105.5,107.0,105.5,106.0,6280297,666660852,3328,-0.50
20170216,105.5,107.5,105.5,106.5,8754508,935432474,3004,+0.50
20170217,106.5,107.0,106.0,106.5,10041886,1070808416,4076, 0.00
20170218,107.0,108.0,106.5,107.5,1492546,160377690,453,+1.00
20170220,107.5,108.0,106.5,107.0,6601009,709858963,2876,-0.50
20170221,107.0,108.0,106.5,108.0,4531125,486747932,1889,+1.00
20170222,108.0,108.5,107.0,107.0,6611256,713536892,2934,-1.00
20170223,107.0,108.0,107.0,108.0,3706973,398827410,1136,+1.00
20170224,107.0,108.5,107.0,108.0,6686432,722647156,2877, 0.00
20170301,107.5,108.5,107.0,108.0,7542172,814528576,3709, 0.00
20170302,108.0,108.5,108.0,108.0,3968093,429557044,1922, 0.00
20170303,108.0,108.5,107.5,108.5,5105546,552657738,2434,+0.50
20170306,108.0,109.0,107.5,108.0,5046192,546925736,2493,-0.50
20170307,108.0,109.0,108.0,109.0,4286813,465005697,2703,+1.00
20170308,108.5,109.0,108.0,108.5,6564657,713136272,2815,-0.50
20170309,108.0,109.5,108.0,108.5,7225721,784974220,2808, 0.00
20170310,108.5,109.5,108.5,109.0,5208976,568500384,2366,+0.50
20170313,109.0,110.0,109.0,109.5,7577591,828921701,3432,+0.50
20170314,109.5,110.0,109.0,109.5,8786631,963155779,3915, 0.00
20170315,109.5,110.0,109.5,110.0,6866233,753710002,2291,+0.50
20170316,110.0,110.5,109.0,109.5,5958768,653909684,2482,-0.50
20170317,109.5,110.5,109.5,110.0,9584314,1053332565,2622,+0.50
20170320,110.0,112.0,110.0,111.5,4080034,453241775,1757,+1.50
20170321,111.0,113.0,111.0,112.0,7423828,833068814,3296,+0.50
20170322,112.0,112.0,110.5,111.5,6503646,724601206,3311,-0.50
20170323,111.5,112.0,110.5,111.5,4363424,487136564,2882, 0.00
20170324,111.0,112.5,111.0,112.0,4635517,518997138,2225,+0.50
20170327,112.5,113.5,112.0,113.5,4303464,486550432,2378,+1.50
20170328,114.0,114.0,111.5,111.5,5781718,650776549,2520,-2.00
20170329,112.0,113.0,111.5,111.5,5894448,660126945,3551, 0.00
20170330,111.5,112.0,110.5,111.5,5833894,648058234,3110, 0.00
20170331,111.5,112.5,111.0,111.5,3870583,432634996,2256, 0.00
20170405,111.5,113.0,111.5,113.0,6665651,750328943,3488,+1.50
20170406,112.5,114.0,112.0,113.5,8178537,927626431,1917,+0.50
20170407,113.0,114.0,113.0,114.0,5050324,574197064,2371,+0.50
20170410,114.0,114.5,113.0,113.0,3914620,445481210,1602,-1.00
20170411,113.0,114.5,112.5,114.0,4592771,522755394,1495,+1.00
20170412,113.0,114.0,113.0,113.0,4497892,510787796,1143,-1.00
20170413,113.0,114.0,113.0,113.5,3913304,444951001,1368,+0.50
20170414,113.0,114.0,113.0,113.0,2643885,300389005,1315,-0.50
20170417,113.0,114.0,112.5,114.0,2581944,293518629,1551,+1.00
20170418,113.5,114.5,113.0,113.5,2835642,322642359,1557,-0.50
20170419,113.0,113.0,110.5,110.5,7821596,877096156,2844,-3.00
20170420,111.0,112.0,110.0,110.0,6872786,761201746,2761,-0.50
20170421,110.5,112.0,110.5,111.0,4959685,552824535,2758,+1.00
20170424,112.0,112.0,110.5,110.5,4945848,549782128,2591,-0.50
20170425,111.5,112.0,111.0,112.0,4708997,525476419,2367,+1.50
20170426,111.5,112.0,111.0,112.0,4842783,541149050,2459, 0.00
20170427,111.0,112.0,111.0,111.0,3690367,411249604,2285,-1.00
20170428,111.0,112.0,111.0,111.5,4539055,507078160,2282,+0.50
20170502,111.5,113.0,111.0,111.5,5046692,565345648,2624, 0.00
20170503,111.5,114.0,111.5,113.0,3189656,360644628,1198,+1.50
20170504,113.0,114.5,112.5,114.5,3843997,437479158,2258,+1.50
20170505,114.5,114.5,112.5,112.5,5284367,598001471,2302,-2.00
20170508,113.0,114.0,112.5,114.0,5503971,622351194,2081,+1.50
20170509,113.5,114.0,112.5,112.5,4616544,522263191,1198,-1.50
20170510,113.0,114.0,112.5,112.5,4798364,542876632,1662, 0.00
20170511,113.5,114.0,112.5,114.0,4905551,554398314,2038,+1.50
20170512,113.5,114.5,113.5,114.5,3032630,345908820,1544,+0.50
20170515,114.0,114.5,113.5,114.0,3614682,411813248,1857,-0.50
20170516,114.0,114.5,113.5,114.0,4490455,511928370,2526, 0.00
20170517,114.0,114.0,112.5,113.5,5398585,610856605,2216,-0.50
20170518,113.0,114.0,112.5,114.0,4227441,479596774,2373,+0.50
20170519,113.5,114.5,113.5,113.5,3640537,414831944,1267,-0.50
20170522,113.5,114.0,113.0,114.0,4830804,549368656,1872,+0.50
20170523,113.5,114.0,113.0,113.5,3245831,368289314,1584,-0.50
20170524,113.5,113.5,112.5,112.5,3152162,355770306,1429,-1.00
20170525,112.5,113.0,112.0,112.5,4480045,504446059,1724, 0.00
20170526,112.5,113.0,112.0,113.0,3696907,415745036,1704,+0.50
20170531,113.5,113.5,112.0,112.0,5171601,581471101,2029,-1.00
20170601,112.5,113.5,112.5,113.0,3147272,355208736,1219,+1.00
20170602,113.0,113.5,112.5,113.0,2613430,294914650,852, 0.00
20170603,113.0,113.5,113.0,113.0,237637,26906161,113, 0.00
20170605,113.0,113.5,113.0,113.5,2065600,233907592,1265,+0.50
20170606,113.0,113.5,112.5,113.0,2028312,229430256,1030,-0.50
20170607,113.0,113.5,113.0,113.0,3548741,401438583,1280, 0.00
20170608,113.0,113.5,113.0,113.0,2010924,227373412,1278, 0.00
20170609,113.0,114.0,113.0,113.0,3011699,341279987,1613, 0.00
20170612,113.0,113.5,112.5,112.5,3376550,380829448,1460,-0.50
20170613,113.0,113.0,112.5,113.0,920589,103808057,471,+0.50
20170614,112.5,113.5,112.5,113.0,1977114,223252382,941, 0.00
20170615,113.0,113.5,112.5,112.5,2959985,334320791,1259,-0.50
20170616,113.0,113.5,112.5,113.0,4556315,514251748,1674,+0.50
20170619,113.0,113.5,113.0,113.5,2382414,269685984,1404,+0.50
20170620,113.5,114.0,113.5,114.0,2744354,312289856,1968,+0.50
20170621,114.0,115.0,113.5,114.5,5029053,574319895,2029,+0.50
20170622,114.5,115.0,114.0,115.0,3266479,374617585,1358,+0.50
20170623,115.0,115.0,114.0,114.5,1946285,222660125,1105,-0.50
20170626,114.5,115.0,114.0,115.0,3398509,389884535,1500,+0.50
20170627,115.0,115.0,114.5,115.0,3119686,357984390,1479, 0.00
20170628,115.0,116.5,114.5,115.0,4565318,526125904,2193, 0.00
20170629,115.0,115.5,113.5,114.0,3443481,394893568,1129,-1.00
20170630,114.0,114.5,113.5,114.5,2578992,294070928,818,+0.50
20170703,115.0,115.0,114.0,115.0,4955338,568184870,1904,+0.50
20170704,114.5,115.0,114.5,114.5,3370396,386807040,1567,-0.50
20170705,114.5,115.0,114.5,115.0,2857877,327865355,1320,+0.50
20170706,114.5,115.0,114.0,115.0,3409174,390686510,1248, 0.00
20170707,115.0,115.0,114.0,114.5,3467613,396737678,2016,-0.50
20170710,114.5,114.5,113.0,113.0,6332318,718500078,2469,-1.50
20170711,107.5,108.0,106.5,107.0,6961074,746013992,3418,X0.00
20170712,107.5,107.5,106.5,107.0,3957619,423685026,2364, 0.00
20170713,107.5,107.5,106.5,107.5,3845249,412230762,2164,+0.50
20170714,107.5,107.5,106.5,106.5,3094104,330308128,1572,-1.00
20170717,107.0,107.0,106.0,106.0,4064865,432949826,2308,-0.50
20170718,106.0,107.0,106.0,107.0,2869890,306320514,1374,+1.00
20170719,107.0,107.0,106.0,106.5,2474478,263493146,1125,-0.50
20170720,107.0,107.5,106.5,107.0,1213533,129883791,772,+0.50
20170721,107.5,107.5,107.0,107.0,1462877,156930768,831, 0.00
20170724,107.5,108.0,107.0,108.0,1765988,190326704,1130,+1.00
20170725,108.0,108.0,107.0,107.0,1978245,212617328,1066,-1.00
20170726,107.0,107.5,106.5,107.0,2352383,251416481,1118, 0.00
20170727,107.0,108.0,106.5,108.0,2341686,251498088,1366,+1.00
20170728,108.0,108.0,107.0,107.5,4427774,460831796,1465,-0.50
20170731,107.0,108.0,107.0,108.0,4223362,455391296,834,+0.50
20170801,108.0,108.0,107.5,108.0,3397134,365888872,1696, 0.00
20170802,108.0,108.5,107.5,108.0,1404645,151680610,471, 0.00
20170803,107.5,108.0,107.0,107.5,3420633,366953137,1469,-0.50
20170804,107.5,108.0,107.0,107.5,1845605,198179340,1075, 0.00
20170807,107.5,108.0,107.5,107.5,1432249,154122754,684, 0.00
20170808,107.5,108.0,107.5,107.5,2022239,217620087,1090, 0.00
20170809,107.5,108.0,107.5,107.5,1449336,155891935,550, 0.00
20170810,107.5,108.0,107.5,108.0,1779747,191822044,865,+0.50
20170811,107.5,107.5,107.0,107.0,1655141,177393138,576,-1.00
20170814,107.5,108.0,107.0,107.5,1794660,192789797,1051,+0.50
20170815,107.5,108.0,107.0,107.5,2859084,307270335,1072, 0.00
20170816,107.5,108.0,107.0,107.5,2392630,256829540,1186, 0.00
20170817,107.5,108.0,107.5,108.0,1262767,136204336,730,+0.50
20170818,107.5,108.0,107.0,107.0,1335919,143315284,794,-1.00
20170821,107.0,108.0,107.0,108.0,1333979,143404716,588,+1.00
20170822,108.0,108.0,107.0,107.0,1016808,109294264,756,-1.00
20170823,107.5,108.0,107.0,107.5,1461266,157080728,1180,+0.50
20170824,107.5,108.0,107.5,107.5,1625130,174884965,851, 0.00
20170825,107.5,108.0,107.0,107.5,1463114,157406812,806, 0.00
20170828,108.0,108.5,107.5,108.5,1983608,214410460,1259,+1.00
20170829,108.5,108.5,107.5,108.0,1280082,138182974,883,-0.50
20170830,108.0,108.0,107.5,107.5,2337627,251764186,1329,-0.50
20170831,108.0,108.0,107.0,108.0,3389098,364793855,1425,+0.50
20170901,108.0,108.0,107.5,108.0,1504256,162028648,1038, 0.00
20170904,107.5,108.0,107.5,108.0,1078997,116260176,766, 0.00
20170905,108.0,108.0,107.5,107.5,2762070,297159060,1343,-0.50
20170906,107.5,108.0,107.0,107.5,2593198,279095884,1265, 0.00
20170907,107.5,108.0,106.5,107.0,1765067,188910192,1238,-0.50
20170908,107.0,107.5,106.5,107.5,2205289,235955060,1180,+0.50
20170911,107.5,107.5,107.0,107.0,1461778,156809123,979,-0.50
20170912,107.5,107.5,107.0,107.0,1652723,177037861,720, 0.00
20170913,107.0,107.5,107.0,107.0,1337720,143246040,793, 0.00
20170914,107.0,107.0,106.5,107.0,1658741,177356787,822, 0.00
20170915,106.5,108.0,106.5,108.0,4975016,534350728,1311,+1.00
20170918,107.5,108.0,107.0,107.0,1650650,176857866,876,-1.00
20170919,107.0,108.0,107.0,108.0,2658936,285615088,1114,+1.00
20170920,107.5,107.5,107.0,107.5,1702482,182773808,1137,-0.50
20170921,107.5,107.5,106.5,107.0,1693181,181223951,929,-0.50
20170922,107.0,107.5,106.5,107.0,4176415,446677905,1101, 0.00
20170925,107.0,107.5,106.5,107.0,2271988,242566716,1287, 0.00
20170926,107.0,108.0,106.5,107.0,4619919,496067833,1146, 0.00
20170927,108.0,108.0,107.0,107.0,1961102,210492958,1080, 0.00
20170928,107.5,108.0,107.0,108.0,2963404,318144632,1079,+1.00
20170929,107.5,108.0,107.5,108.0,3206447,346071045,1272, 0.00
20170930,108.0,108.5,107.5,108.5,553154,59892132,458,+0.50
20171002,108.0,108.5,107.5,108.5,1848694,200214785,884, 0.00
20171003,108.5,108.5,107.0,107.0,2333409,251801672,1433,-1.50
20171005,107.5,108.0,107.5,107.5,1870400,201411490,950,+0.50
20171006,107.5,108.5,107.5,108.0,2408502,260168716,959,+0.50
20171011,108.0,108.5,108.0,108.0,3617563,391357304,1700, 0.00
20171012,108.0,108.0,107.5,107.5,3234527,348463416,2064,-0.50
20171013,108.0,109.0,107.5,109.0,5582377,604120093,1509,+1.50
20171016,108.5,108.5,108.0,108.0,3930717,425167282,2070,-1.00
20171017,108.0,108.5,107.5,108.0,2688202,290346816,1231, 0.00
20171018,108.0,108.5,107.5,108.0,2960587,319427896,1415, 0.00
20171019,108.0,108.0,107.5,107.5,1443668,155629644,867,-0.50
20171020,108.0,108.0,107.5,107.5,3661688,394419449,1246, 0.00
20171023,108.0,108.0,107.0,107.5,3096297,333347576,1362, 0.00
20171024,107.5,108.0,107.0,107.5,2822310,303614314,1118, 0.00
20171025,107.5,108.0,107.0,107.0,2091685,224523632,1043,-0.50
20171026,107.0,107.5,107.0,107.5,1709945,183568082,864,+0.50
20171027,107.5,107.5,107.0,107.5,2062638,221175076,1281, 0.00
20171030,107.5,107.5,107.0,107.0,2326488,249337454,1344,-0.50
20171031,107.0,107.5,106.5,107.5,2600108,278895105,1465,+0.50
20171101,107.0,107.5,106.0,106.5,8010318,855660319,2182,-1.00
20171102,106.5,106.5,106.0,106.0,2770861,294402184,1797,-0.50
20171103,106.0,106.5,105.5,106.0,4370538,462841528,2190, 0.00
20171106,106.0,106.5,106.0,106.5,4293776,456957532,1802,+0.50
20171107,106.5,107.0,106.0,107.0,4479418,479081226,3047,+0.50
20171108,107.0,107.5,107.0,107.0,2257725,242136575,1353, 0.00
20171109,107.5,108.0,107.0,108.0,3725228,400582001,1868,+1.00
20171110,108.0,108.0,107.5,107.5,4081265,439363270,1313,-0.50
20171113,107.5,108.0,107.0,107.0,4336961,465918461,1633,-0.50
20171114,107.0,107.5,106.5,107.0,2168320,232376240,1128, 0.00
20171115,107.5,108.0,107.0,107.0,6133876,658256159,1936, 0.00
20171116,107.0,108.0,107.0,107.0,3180824,341565572,1542, 0.00
20171117,107.5,108.0,107.5,107.5,2594561,279445797,1258,+0.50
20171120,107.5,108.0,107.5,108.0,2347325,253016600,1277,+0.50
20171121,108.0,108.0,107.5,107.5,3024596,325883868,1248,-0.50
20171122,108.0,108.5,108.0,108.5,4201438,454937804,2029,+1.00
20171123,108.5,108.5,108.0,108.5,3538808,383127659,1851, 0.00
20171124,108.5,108.5,108.0,108.5,2982674,322908771,1711, 0.00
20171127,108.5,108.5,108.0,108.5,3546217,384098032,2293, 0.00
20171128,108.5,109.0,108.0,108.5,4913579,532702811,1416, 0.00
20171129,108.5,109.0,108.0,108.0,4229953,457468395,1625,-0.50
20171130,107.5,108.5,107.5,107.5,6128235,659994880,1561,-0.50
20171201,108.0,108.5,107.5,108.5,3892513,421230149,1602,+1.00
20171204,108.5,108.5,108.0,108.0,3079002,332958707,1621,-0.50
20171205,107.5,108.0,107.5,108.0,3897004,420092432,2109, 0.00
20171206,107.5,108.0,106.5,107.5,6877353,737956434,1959,-0.50
20171207,107.0,107.5,106.5,107.0,6562778,703122628,3109,-0.50
20171208,107.5,107.5,106.0,106.5,11248960,1198220720,3764,-0.50
20171211,106.5,107.0,106.0,106.5,11475730,1221213610,3643, 0.00
20171212,106.5,107.0,106.0,106.5,6526961,695115335,3825, 0.00
20171213,106.5,106.5,105.5,106.5,11365810,1206279670,2845, 0.00
20171214,106.5,107.0,106.0,106.5,6710172,714794904,2604, 0.00
20171215,106.5,107.0,106.0,106.0,12597921,1337917068,3604,-0.50
20171218,106.0,107.5,106.0,107.0,4717345,503422577,2306,+1.00
20171219,107.0,107.5,106.0,106.0,11808669,1258751242,1877,-1.00
20171220,106.5,107.0,106.0,106.5,3968107,422596889,1611,+0.50
20171221,107.0,107.0,106.0,106.5,10313282,1096352174,3288, 0.00
20171222,106.5,107.0,106.0,106.5,5512352,587053983,2624, 0.00
20171225,106.5,107.0,106.5,106.5,7182529,765148103,1962, 0.00
20171226,107.0,107.0,106.5,106.5,4267000,454759992,978, 0.00
20171227,107.0,108.0,106.5,108.0,3019105,324269340,1338,+1.50
20171228,108.0,108.5,108.0,108.5,2115635,229133580,1004,+0.50
20171229,108.5,108.5,107.0,107.5,9914906,1067287348,2111,-1.00
20180102,107.0,108.5,107.0,108.0,9607638,1035305404,1583,+0.50
20180103,108.0,108.5,107.5,108.5,6043021,653222261,2066,+0.50
20180104,108.5,109.0,108.0,108.5,8543889,927734946,3303, 0.00
20180105,109.0,110.0,108.0,108.5,11394706,1238707592,2779, 0.00
20180108,108.5,110.0,108.5,110.0,10288775,1123316250,2237,+1.50
20180109,109.5,111.5,109.5,111.0,8589441,950823951,2979,+1.00
20180110,111.0,111.5,110.0,110.0,4597981,508639429,1593,-1.00
20180111,109.5,111.0,109.0,111.0,3413041,376951016,1398,+1.00
20180112,110.5,111.5,110.5,111.0,1958572,217627492,1276, 0.00
20180115,111.0,112.0,111.0,112.0,1789105,199709192,1359,+1.00
20180116,111.5,111.5,110.0,111.0,4388631,486575672,2401,-1.00
20180117,111.0,111.5,110.5,111.0,6256241,694870751,2343, 0.00
20180118,110.5,111.0,108.5,109.5,13470355,1473674377,2901,-1.50
20180119,109.0,109.5,108.5,109.5,6311520,690004428,2779, 0.00
20180122,109.0,110.5,109.0,109.5,3280210,359570490,1140, 0.00
20180123,110.0,110.0,109.0,109.5,5745403,628973617,1497, 0.00
20180124,109.5,110.0,109.0,110.0,3267701,358780832,1147,+0.50
20180125,110.0,110.5,109.5,110.0,3439102,378962220,2066, 0.00
20180126,110.0,111.0,109.5,110.5,3511407,388195462,1638,+0.50
20180129,110.5,112.0,110.5,111.5,3325514,370512803,2071,+1.00
20180130,111.0,112.0,110.5,111.0,5334518,594400498,1931,-0.50
20180131,110.5,111.5,109.5,111.5,4418255,489305805,1673,+0.50
20180201,111.0,112.0,111.0,111.5,3687775,411388900,1782, 0.00
20180202,111.5,111.5,108.5,109.0,7900974,866064640,3526,-2.50
20180205,108.0,110.0,107.5,109.0,6590852,717232781,2365, 0.00
20180206,107.5,108.5,105.5,106.0,12341170,1320519690,4497,-3.00
20180207,107.5,108.5,107.0,108.0,7743359,835458772,4617,+2.00
20180208,108.0,108.5,107.0,107.0,6331926,679642008,2683,-1.00
20180209,105.5,108.0,105.0,107.0,6126045,653100332,3036, 0.00
20180212,107.0,108.0,106.5,107.5,3894679,418409832,1962,+0.50
20180221,108.0,109.0,107.5,108.0,5141976,556195341,2921,+0.50
20180222,107.5,108.0,106.5,107.0,8469519,908648552,4006,-1.00
20180223,107.0,107.5,106.5,107.5,7840684,838535682,2855,+0.50
20180226,107.5,108.5,107.5,107.5,4600202,495969816,1451, 0.00
20180227,108.0,108.0,107.0,107.5,6710170,720831860,2214, 0.00
20180301,107.0,107.5,106.5,106.5,7878120,842500829,2066,-1.00
20180302,106.5,107.5,106.5,107.0,3097304,331088671,1498,+0.50
20180305,107.0,107.5,106.5,106.5,4365945,465822955,1781,-0.50
20180306,107.5,108.0,107.0,107.5,3589912,385941696,1442,+1.00
20180307,107.5,108.0,107.0,107.0,4561275,489629652,1219,-0.50
20180308,107.0,107.5,107.0,107.0,4124801,441831600,1887, 0.00
20180309,107.0,107.0,106.5,106.5,3205269,342202283,1495,-0.50
20180312,106.5,107.0,106.0,106.0,9201463,979398792,4016,-0.50
20180313,106.0,106.5,106.0,106.0,10014416,1063880283,4598, 0.00
20180314,106.5,106.5,106.0,106.0,12673751,1345439464,4977, 0.00
20180315,106.0,106.5,105.5,106.0,10166515,1078437328,3405, 0.00
20180316,106.0,106.5,105.5,105.5,15656928,1654109368,6243,-0.50
20180319,105.5,106.5,105.5,106.0,8301039,878748143,3678,+0.50
20180320,106.0,107.0,106.0,106.0,5354522,569004080,2211, 0.00
20180321,106.5,107.5,106.5,107.0,3898644,417044468,2190,+1.00
20180322,107.0,108.5,107.0,108.0,8664163,934899104,2404,+1.00
20180323,107.5,108.0,107.0,107.0,6337866,681962528,2440,-1.00
20180326,107.5,108.5,107.0,108.0,4991899,538834482,1795,+1.00
20180327,108.0,108.5,108.0,108.5,3976853,430843679,1703,+0.50
20180328,108.5,109.0,108.0,108.5,2322599,252299983,792, 0.00
20180329,109.0,109.0,108.0,109.0,4920004,534159436,1402,+0.50
20180330,108.5,109.5,108.5,109.5,3820338,417456501,2042,+0.50
20180331,109.5,110.0,109.5,110.0,1736504,190855440,1316,+0.50
20180402,110.0,110.5,109.5,110.0,1577967,173565370,840, 0.00
20180403,109.5,110.5,109.5,109.5,3286743,361172730,1856,-0.50
20180409,109.0,110.5,109.0,110.0,3811625,418771250,2466,+0.50
20180410,109.5,110.0,109.0,110.0,3582104,392983940,1549, 0.00
20180411,110.0,110.5,109.5,110.0,3218581,354548910,1586, 0.00
20180412,110.0,110.5,109.5,109.5,4155999,456662881,1405,-0.50
20180413,109.5,110.0,109.0,109.0,3214342,352079120,902,-0.50
20180416,109.0,110.5,109.0,110.5,2204188,241968180,1138,+1.50
20180417,110.0,110.5,109.0,109.5,4635249,507727413,1794,-1.00
20180418,109.0,110.0,109.0,110.0,4647899,509114390,1808,+0.50
20180419,110.0,111.0,109.5,110.0,4454369,492181590,1841, 0.00
20180420,110.0,110.5,109.5,110.0,2267690,250054900,1075, 0.00
20180423,110.0,110.5,110.0,110.0,1380980,152171300,578, 0.00
20180424,110.0,110.0,109.0,109.0,3117767,341130473,773,-1.00
20180425,109.0,109.5,108.5,108.5,3716883,404834507,1186,-0.50
20180426,108.5,109.5,108.5,109.0,2943546,320790283,1295,+0.50
20180427,109.0,110.0,108.5,109.0,2514201,275106504,1272, 0.00
20180430,109.5,110.0,109.5,109.5,2896326,317729186,1046,+0.50
20180502,110.0,112.0,110.0,111.0,8754641,972065651,2015,+1.50
20180503,111.0,111.5,110.0,110.0,6021449,665583850,2196,-1.00
20180504,110.0,110.0,109.5,109.5,3453704,379240440,1548,-0.50
20180507,110.0,110.0,109.0,109.0,2747414,300609540,1195,-0.50
20180508,109.0,110.0,109.0,110.0,3195410,350178910,797,+1.00
20180509,110.0,110.0,108.5,108.5,5186221,565579589,1608,-1.50
20180510,108.5,109.5,107.5,108.0,10950764,1184707512,3232,-0.50
20180511,108.0,108.0,107.0,107.0,7834558,840878839,2933,-1.00
20180514,107.5,108.0,107.0,107.0,3718692,399443236,1786, 0.00
20180515,107.0,108.0,107.0,107.0,3778436,405927088,1665, 0.00
20180516,107.5,108.0,107.0,107.5,4944538,531584104,2753,+0.50
20180517,107.5,108.0,107.0,107.5,4928223,529602584,2416, 0.00
20180518,108.0,108.5,107.5,108.5,3555888,384930339,1954,+1.00
20180521,108.5,109.5,108.0,108.5,3827743,416847487,1420, 0.00
20180522,108.5,109.0,108.5,108.5,3968789,431403501,1959, 0.00
20180523,108.5,109.5,108.0,108.5,6743800,731952700,1741, 0.00
20180524,109.0,109.5,108.0,109.0,5150426,559863434,1812,+0.50
20180525,109.5,110.0,109.0,109.5,3901802,427944307,2324,+0.50
20180528,109.5,110.5,109.5,110.0,6000632,661614020,2817,+0.50
20180529,110.0,110.5,110.0,110.0,3649988,402311179,2043, 0.00
20180530,109.5,110.0,109.0,109.5,3806218,417861063,2576,-0.50
20180531,109.5,110.5,109.5,110.0,7926954,872189986,2528,+0.50
20180601,110.0,110.5,109.5,110.5,2537276,279941860,1425,+0.50
20180604,110.5,110.5,110.0,110.5,3042648,335450780,1407, 0.00
20180605,110.5,110.5,110.0,110.0,4213939,464166246,2032,-0.50
20180606,110.0,110.0,109.5,109.5,3461412,379890320,1902,-0.50
20180607,109.5,110.5,109.5,110.5,2771684,305856069,1314,+1.00
20180608,110.5,111.0,110.0,110.5,5217729,576868048,1749, 0.00
20180611,110.5,111.0,110.0,110.0,4459123,492324030,1640,-0.50
20180612,110.5,110.5,110.0,110.5,3407980,375935276,1706,+0.50
20180613,110.5,111.5,110.5,111.0,5541767,615167637,1627,+0.50
20180614,110.5,111.5,110.0,110.0,3796119,420231709,2103,-1.00
20180615,110.5,111.0,109.5,109.5,7216712,793226204,2212,-0.50
20180619,109.5,111.0,109.5,109.5,9973104,1095662940,4343, 0.00
20180620,110.0,111.0,109.5,110.0,6744292,744269760,2519,+0.50
20180621,110.5,111.5,110.0,111.0,4638366,514380260,2252,+1.00
20180622,110.5,111.5,110.0,111.0,4126975,456852225,1379, 0.00
20180625,110.5,111.5,110.5,110.5,2763595,306372045,854,-0.50
20180626,110.0,111.0,110.0,110.5,3786409,417896186,1751, 0.00
20180627,110.5,111.0,110.0,110.5,5206422,575908622,1663, 0.00
20180628,110.5,111.0,110.0,111.0,4271344,472556184,1588,+0.50
20180629,110.0,111.0,110.0,110.5,4160814,460411886,2460,-0.50
20180702,110.5,111.0,110.0,110.0,2683266,296278526,1093,-0.50
20180703,110.0,111.0,110.0,110.5,3575502,395953222,1639,+0.50
20180704,110.5,111.0,110.5,111.0,2593727,287335819,1179,+0.50
20180705,111.0,111.5,110.5,110.5,3665255,405999672,1359,-0.50
20180706,110.5,111.5,110.5,111.0,5153915,572098565,1652,+0.50
20180709,111.0,112.0,110.5,111.5,7891721,879858031,1782,+0.50
20180710,107.0,107.0,105.0,106.0,13572349,1438637692,4052,X0.00
20180711,106.0,106.5,105.5,106.0,4533833,479868631,1752, 0.00
20180712,105.5,106.0,105.0,105.0,2529431,266486686,1296,-1.00
20180713,105.0,105.5,105.0,105.0,2293834,241703904,886, 0.00
20180716,105.5,106.0,105.0,105.5,983617,103653700,467,+0.50
20180717,105.5,105.5,105.0,105.5,2326809,245045754,1140, 0.00
20180718,105.5,105.5,105.0,105.5,2464491,259864546,1661, 0.00
20180719,105.5,105.5,104.5,105.0,7718665,810599641,2010,-0.50
20180720,105.0,105.5,104.5,105.0,2041742,214322410,1045, 0.00
20180723,105.0,105.5,105.0,105.5,3631858,382845948,1337,+0.50
20180724,105.5,106.0,105.0,106.0,2671740,282222440,780,+0.50
20180725,106.0,106.0,105.0,105.5,1944336,204734930,922,-0.50
20180726,105.5,106.0,105.0,105.5,2558751,269976722,693, 0.00
20180727,105.5,105.5,105.0,105.5,1665850,175362663,1087, 0.00
20180730,105.5,105.5,105.0,105.5,1722391,181403446,895, 0.00
20180731,105.5,106.0,105.5,105.5,2989153,315909218,1698, 0.00
20180801,105.5,106.0,105.5,106.0,1752637,185570022,753,+0.50
20180802,105.5,106.0,105.0,105.0,1585730,167075380,743,-1.00
20180803,105.0,105.5,105.0,105.0,2663124,280216072,1120, 0.00
20180806,105.5,106.0,105.0,105.5,1194468,126082108,522,+0.50
20180807,105.5,106.0,105.0,105.0,2189951,230258315,982,-0.50
20180808,105.0,105.5,105.0,105.0,3188697,335363025,1535, 0.00
20180809,105.5,105.5,105.0,105.0,1319486,138959266,739, 0.00
20180810,105.5,106.0,105.0,106.0,1970056,207837936,1026,+1.00
20180813,106.0,106.0,105.5,105.5,1466943,154984458,717,-0.50
20180814,106.0,106.0,105.5,106.0,2033277,215215862,885,+0.50
20180815,106.0,106.0,105.5,105.5,1381444,146006564,764,-0.50
20180816,105.5,106.0,105.0,105.0,6412511,674175398,1670,-0.50
20180817,105.5,106.0,105.0,106.0,1615331,170574586,798,+1.00
20180820,106.0,106.0,105.5,106.0,3003830,317851980,1064, 0.00
20180821,106.0,106.5,105.5,106.5,2711918,288333252,1316,+0.50
20180822,106.5,107.0,106.5,107.0,2539611,271449877,1158,+0.50
20180823,107.0,107.5,106.5,107.5,2892748,310109901,836,+0.50
20180824,107.0,107.5,106.5,107.0,2855667,305056869,1215,-0.50
20180827,107.0,107.5,107.0,107.5,2425213,260362386,1033,+0.50
20180828,107.5,107.5,107.0,107.5,1875056,201323005,1248, 0.00
20180829,107.0,107.5,107.0,107.5,3700806,397000384,1318, 0.00
20180830,107.5,107.5,106.5,107.0,3815752,407482464,2788,-0.50
20180831,107.0,107.5,106.5,107.0,4349918,465376226,2149, 0.00
20180903,107.5,107.5,106.5,107.5,1264723,135514205,580,+0.50
20180904,107.0,108.0,107.0,107.5,2663043,285934113,1024, 0.00
20180905,107.0,108.0,107.0,107.0,2983697,320464079,988,-0.50
20180906,106.5,107.5,106.5,107.0,2104219,225359433,1043, 0.00
20180907,107.0,107.5,106.5,107.5,2398201,257550097,941,+0.50
20180910,107.5,108.0,107.0,107.5,3780390,407280914,1470, 0.00
20180911,108.0,108.5,107.5,108.5,3219031,348054347,1198,+1.00
20180912,108.0,109.5,108.0,109.0,5574394,606743946,2031,+0.50
20180913,108.5,109.5,108.5,109.0,6174146,674434414,2551, 0.00
20180914,109.0,110.0,109.0,109.5,5089381,557245529,1599,+0.50
20180917,109.5,109.5,108.5,109.0,2845583,309756047,918,-0.50
20180918,109.0,109.5,108.5,109.0,4120617,449428253,1006, 0.00
20180919,109.0,109.5,109.0,109.5,2922535,319863869,1246,+0.50
20180920,109.0,110.0,109.0,109.0,3118376,341071165,1071,-0.50
20180921,109.5,109.5,109.0,109.5,4133534,452117960,1974,+0.50
20180925,109.0,109.5,109.0,109.0,1239515,135426635,490,-0.50
20180926,109.0,110.0,109.0,109.0,1936319,211895424,594, 0.00
20180927,109.0,109.5,109.0,109.5,2191252,239769583,1115,+0.50
20180928,109.0,109.5,109.0,109.5,1977814,216356040,1104, 0.00
20181001,109.5,110.0,109.0,109.5,1521631,167011910,940, 0.00
20181002,109.5,110.0,109.0,109.0,1936195,211488348,946,-0.50
20181003,109.0,109.5,108.5,109.5,1570870,171814261,680,+0.50
20181004,109.5,109.5,108.0,108.0,2389493,259164484,1350,-1.50
20181005,108.0,108.5,107.0,108.5,4620211,497828384,1627,+0.50
20181008,108.5,109.0,108.0,109.0,3440112,373035208,1316,+0.50
20181009,108.5,109.5,108.5,109.0,5139961,560582224,2392, 0.00
20181011,107.5,109.5,107.5,108.0,12649681,1374310048,3691,-1.00
20181012,107.5,108.5,107.0,108.5,7433875,800743931,2844,+0.50
20181015,107.5,108.5,107.0,107.5,5545327,596241316,1873,-1.00
20181016,107.0,108.0,107.0,107.5,3400181,365179950,1367, 0.00
20181017,107.5,108.5,107.5,108.0,2350434,253579872,1077,+0.50
20181018,107.5,108.0,107.5,108.0,2323612,250706596,1168, 0.00
20181019,108.0,108.5,107.5,108.5,1528650,165487518,577,+0.50
20181022,107.5,108.0,107.0,108.0,2009889,216844512,550,-0.50
20181023,107.5,107.5,107.0,107.5,3316009,355672972,1177,-0.50
20181024,107.0,108.5,107.0,108.5,6861254,738508432,2036,+1.00
20181025,108.0,109.5,107.0,109.5,6551818,712178162,2396,+1.00
20181026,108.5,110.0,108.0,110.0,7013234,769189006,2863,+0.50
20181029,110.0,110.0,109.0,110.0,5006799,549894980,1181, 0.00
20181030,110.0,110.5,109.5,110.0,5691162,626341227,1795, 0.00
20181031,109.5,110.5,109.5,110.5,4334180,477846698,1515,+0.50
20181101,109.5,110.0,109.0,109.5,3471905,379129645,1412,-1.00
20181102,109.0,109.0,106.5,108.0,7939638,851583904,2198,-1.50
20181105,107.0,108.5,107.0,108.5,1735340,187601720,910,+0.50
20181106,108.5,109.0,108.0,109.0,1588097,172360573,485,+0.50
20181107,109.0,110.0,109.0,110.0,2609330,285734970,1005,+1.00
20181108,109.5,110.0,109.0,109.5,2747543,300521951,1249,-0.50
20181109,109.5,110.0,109.0,109.0,2236642,244832978,644,-0.50
20181112,109.0,110.0,108.5,109.5,2007363,220097230,809,+0.50
20181113,109.0,110.0,108.5,110.0,3031144,332285840,1306,+0.50
20181114,109.5,110.5,109.5,110.5,3293715,362805650,1007,+0.50
20181115,110.5,110.5,109.5,110.5,3112479,342388690,1326, 0.00
20181116,110.5,110.5,108.5,109.0,4752387,518265183,2132,-1.50
20181119,109.0,109.5,108.5,109.5,4499594,490943246,1775,+0.50
20181120,109.5,110.0,109.0,110.0,2605651,286030779,1762,+0.50
20181121,110.0,110.0,109.0,109.5,2753051,301786559,1774,-0.50
20181122,109.5,109.5,109.0,109.5,2621801,286527809,1077, 0.00
20181123,109.5,110.0,109.0,110.0,3686491,404693010,1214,+0.50
20181126,109.5,110.5,109.0,109.5,3842353,422105644,1423,-0.50
20181127,109.5,109.5,109.0,109.5,2806466,306698015,1617, 0.00
20181128,109.0,110.0,109.0,110.0,2979288,326346180,1655,+0.50
20181129,110.0,110.5,109.0,109.0,2888486,315590211,1784,-1.00
20181130,109.5,109.5,109.0,109.0,8014634,874521606,1967, 0.00
20181203,109.0,109.5,107.0,108.0,11503536,1241185644,4236,-1.00
20181204,107.5,108.0,107.0,107.0,5237298,562892184,2547,-1.00
20181205,107.5,108.0,107.0,107.5,2567545,275873860,1010,+0.50
20181206,107.5,108.0,107.0,107.0,2765224,296292570,1144,-0.50
20181207,107.5,108.0,107.0,108.0,1509993,162756744,945,+1.00
20181210,107.5,108.0,107.5,107.5,755662,81402496,432,-0.50
20181211,107.5,108.0,107.0,108.0,2085328,224702424,680,+0.50
20181212,108.5,108.5,107.0,107.0,4121022,442761659,1339,-1.00
20181213,107.5,108.0,107.0,108.0,5024176,540985008,2147,+1.00
20181214,107.0,107.5,107.0,107.5,4028970,431890771,1837,-0.50
20181217,107.5,108.0,107.0,108.0,5091317,548563389,1807,+0.50
20181218,108.0,108.0,107.0,108.0,4095183,440849764,1183, 0.00
20181219,108.0,108.0,107.0,108.0,6186015,663909107,3488, 0.00
20181220,108.0,108.0,107.0,108.0,1878949,202229492,1214, 0.00
20181221,108.0,108.0,107.0,108.0,3046932,328727683,728, 0.00
20181222,107.5,108.0,107.5,107.5,567561,61236803,284,-0.50
20181224,108.0,108.0,107.0,108.0,1845032,198583456,583,+0.50
20181225,108.0,108.0,107.0,107.5,1821999,195929393,1263,-0.50
20181226,107.5,108.0,106.0,106.5,9536865,1018501055,1396,-1.00
20181227,106.5,107.0,106.0,106.5,4713675,501786380,1674, 0.00
20181228,107.0,107.5,105.0,106.5,25873237,2746343596,3791, 0.00
20190102,107.0,107.0,106.5,107.0,2711453,289360471,1310,+0.50
20190103,107.0,107.0,106.0,106.5,2647126,281819982,1287,-0.50
20190104,106.5,106.5,106.0,106.5,3747029,397917086,1769, 0.00
20190107,107.5,108.0,107.0,108.0,3806832,410475925,1727,+1.50
20190108,107.5,107.5,107.0,107.5,2668931,286433071,1429,-0.50
20190109,107.5,108.0,107.0,108.0,5793849,623478192,2558,+0.50
20190110,107.5,108.0,107.0,108.0,6534794,702899346,1641, 0.00
20190111,107.5,109.0,107.5,108.5,7271812,787403096,1598,+0.50
20190114,108.5,108.5,108.0,108.5,1755504,190275171,499, 0.00
20190115,108.5,109.0,107.0,108.0,3225546,348597732,1225,-0.50
20190116,108.0,108.5,107.5,108.5,1739408,188217259,745,+0.50
20190117,108.5,109.0,108.0,109.0,2708187,294432282,1246,+0.50
20190118,109.0,109.0,108.0,109.0,3584031,390219879,1452, 0.00
20190121,109.0,109.0,108.0,108.0,3259957,353071856,1526,-1.00
20190122,108.5,109.0,108.0,109.0,3665297,397616715,1484,+1.00
20190123,108.5,109.0,108.0,109.0,2698534,293115206,611, 0.00
20190124,109.0,109.0,108.5,109.0,3188044,346658296,1356, 0.00
20190125,108.5,109.5,108.5,109.5,2945757,321641513,1395,+0.50
20190128,109.5,109.5,108.0,108.0,5318086,574867323,1410,-1.50
20190129,108.5,109.0,108.0,109.0,3388428,368351933,1120,+1.00
20190130,109.0,109.5,108.0,109.5,5980038,650582142,1566,+0.50
20190211,109.0,110.0,109.0,109.5,8463744,926145690,3498, 0.00
20190212,109.5,110.0,108.5,108.5,5753296,628290764,2483,-1.00
20190213,108.5,109.0,108.0,108.0,4051852,439293933,1907,-0.50
20190214,108.0,108.5,107.0,107.0,3676446,395738935,1730,-1.00
20190215,107.0,108.5,107.0,108.5,2362229,254948333,1440,+1.50
20190218,108.5,109.0,108.0,109.0,3127511,339907946,1097,+0.50
20190219,109.0,109.0,108.5,108.5,1539884,167109906,577,-0.50
20190220,108.5,108.5,108.0,108.5,3963823,429265707,1469, 0.00
20190221,108.0,110.0,108.0,109.5,5166604,564143620,1571,+1.00
20190222,109.5,110.0,109.0,110.0,3835796,421110156,1933,+0.50
20190225,110.0,110.0,109.5,109.5,2539845,278461017,1433,-0.50
20190226,109.5,110.0,109.0,110.0,5310301,582189590,1649,+0.50
20190227,110.0,110.0,109.5,110.0,3134349,344680390,990, 0.00
20190304,109.5,110.0,109.5,110.0,5326206,585271160,1945, 0.00
20190305,109.5,110.0,109.5,110.0,3142437,345154570,1443, 0.00
20190306,109.5,110.5,109.5,109.5,2819579,310071690,1617,-0.50
20190307,110.0,110.5,109.5,109.5,3963765,435373650,1794, 0.00
20190308,109.5,110.0,109.5,109.5,3531268,387226340,1236, 0.00
20190311,109.5,110.0,109.5,110.0,2424416,266278260,1243,+0.50
20190312,109.5,110.0,109.5,109.5,3343122,366780920,1911,-0.50
20190313,110.0,110.5,109.5,110.0,3528533,388430630,1274,+0.50
20190314,109.5,110.0,109.0,109.0,4016859,439464054,1869,-1.00
20190315,109.0,110.5,109.0,110.5,5037218,555027480,1379,+1.50
20190318,110.0,110.5,109.5,110.0,2770667,304406370,1911,-0.50
20190319,110.0,110.5,109.5,110.5,4461267,491581494,1163,+0.50
20190320,110.0,110.5,109.5,110.5,2374099,261738930,1356, 0.00
20190321,110.5,110.5,110.0,110.5,1664645,183669761,1156, 0.00
20190322,110.5,110.5,110.0,110.0,3441590,379241899,2030,-0.50
20190325,110.0,110.5,110.0,110.5,1177316,129864260,660,+0.50
20190326,110.5,111.5,110.5,111.5,3773920,419021620,1157,+1.00
20190327,111.0,111.5,110.5,111.0,1791249,198966559,561,-0.50
20190328,111.0,112.0,110.5,112.0,2886360,321516460,1416,+1.00
20190329,111.5,112.0,111.0,111.5,2502092,278731752,985,-0.50
20190401,111.5,111.5,111.0,111.0,2898953,322135283,1859,-0.50
20190402,111.0,111.5,110.5,110.5,1195915,132580565,489,-0.50
20190403,111.0,111.0,110.5,111.0,1470502,163052222,874,+0.50
20190408,111.0,111.0,110.0,110.5,2170662,240171634,1057,-0.50
20190409,110.0,111.0,110.0,111.0,1843248,203961280,1170,+0.50
20190410,111.0,111.0,110.5,111.0,1858958,206164838,933, 0.00
20190411,110.5,111.0,110.0,111.0,2829387,313407957,1118, 0.00
20190412,110.5,111.0,110.5,111.0,2407643,267076373,1334, 0.00
20190415,111.0,111.5,111.0,111.0,2303929,255935619,1515, 0.00
20190416,111.0,112.0,111.0,111.5,2469476,275327336,1094,+0.50
20190417,111.5,112.0,111.0,111.5,1535471,171461512,1102, 0.00
20190418,111.5,112.5,111.5,112.0,4341643,486008783,943,+0.50
20190419,112.0,112.0,111.5,111.5,1931838,216104935,943,-0.50
20190422,112.0,112.0,111.5,111.5,632664,70633027,545, 0.00
20190423,112.0,112.5,111.5,112.5,1863116,209037492,1152,+1.00
20190424,112.5,112.5,112.0,112.0,3463098,388824522,1869,-0.50
20190425,112.0,113.0,112.0,112.5,2877215,323183580,1651,+0.50
20190426,112.5,113.0,112.0,113.0,3230377,364256101,1736,+0.50
20190429,112.5,113.0,112.0,113.0,5903209,665055403,1180, 0.00
20190430,113.0,113.0,112.5,113.0,4182064,472182232,2134, 0.00
20190502,113.5,115.0,113.0,114.5,6195338,707358532,1615,+1.50
20190503,114.5,114.5,114.0,114.5,3816579,436556282,1628, 0.00
20190506,114.0,114.0,112.5,113.0,6228208,704111712,1330,-1.50
20190507,113.0,114.0,113.0,114.0,4827935,548415090,1304,+1.00
20190508,114.0,114.0,113.5,113.5,2091500,237868740,1232,-0.50
20190509,113.5,114.0,113.5,114.0,3513668,399918314,2097,+0.50
20190510,114.0,114.5,114.0,114.0,2313503,264042342,721, 0.00
20190513,114.0,114.5,114.0,114.5,1649024,188546736,682,+0.50
20190514,114.0,115.0,113.5,114.0,4604072,526329208,1810,-0.50
20190515,114.0,115.0,114.0,114.5,3775968,432400822,1377,+0.50
20190516,114.5,115.0,114.0,114.0,2316014,265183096,915,-0.50
20190517,114.5,115.0,114.5,115.0,3888578,446722892,1495,+1.00
20190520,115.0,116.0,115.0,115.5,4652741,538137215,2193,+0.50
20190521,115.5,118.0,115.5,118.0,9556665,1119634130,3902,+2.50
20190522,118.0,118.0,116.5,117.0,3291921,386987257,1436,-1.00
20190523,117.0,117.5,116.5,117.5,3060671,358542007,1238,+0.50
20190524,117.5,118.0,117.0,117.5,4077182,478991794,2160, 0.00
20190527,117.5,118.0,117.5,118.0,1798747,211892754,1174,+0.50
20190528,118.0,118.0,116.0,116.0,7298717,848442172,1002,-2.00
20190529,116.0,117.5,116.0,117.5,3709315,433211855,1301,+1.50
20190530,118.0,118.0,117.0,118.0,2966672,349171796,1556,+0.50
20190531,117.0,118.0,117.0,118.0,4715317,554810241,2019, 0.00
20190603,118.0,118.0,117.5,118.0,2184446,257607628,1185, 0.00
20190604,118.0,118.0,117.5,118.0,3215116,379062623,1429, 0.00
20190605,118.0,118.5,117.5,118.5,3847739,454597702,2331,+0.50
20190606,118.5,118.5,118.0,118.5,2009555,237825758,774, 0.00
20190610,118.5,119.5,118.5,119.5,3378773,402320487,1649,+1.00
20190611,119.5,119.5,119.0,119.0,2909595,346890305,1215,-0.50
20190612,119.5,120.0,119.0,120.0,4465201,534643014,1931,+1.00
20190613,120.0,120.5,119.5,120.5,4026876,483993120,1695,+0.50
20190614,120.0,120.5,119.5,120.5,5356085,643572700,1595, 0.00
20190617,120.0,120.5,119.5,119.5,2754550,326775231,1218,-1.00
20190618,119.5,119.5,119.0,119.5,2100452,250680505,1231, 0.00
20190619,119.5,121.0,119.0,121.0,6134932,735549340,3927,+1.50
20190620,121.0,121.0,120.5,121.0,3752231,442099825,1564, 0.00
20190621,121.0,122.0,120.5,122.0,6359097,773073020,1845,+1.00
20190624,121.5,122.5,121.5,122.5,2642999,322697878,1517,+0.50
20190625,122.5,122.5,121.5,122.5,4542006,554851232,1688, 0.00
20190626,122.5,123.0,122.0,122.5,3344256,410629849,2079, 0.00
20190627,122.5,123.0,122.0,122.5,4839978,593063796,2508, 0.00
20190628,122.0,122.5,122.0,122.5,2300324,281290528,1127, 0.00
20190701,122.0,122.0,120.5,121.0,4935463,599361023,2224,-1.50
20190702,121.5,122.5,121.0,122.5,3695966,451214352,1203,+1.50
20190703,122.0,122.5,121.5,122.5,2356511,288012092,1175, 0.00
20190704,122.5,123.0,121.5,122.0,3997935,488678570,1569,-0.50
20190705,122.0,122.5,121.5,122.5,3595079,438453638,1839,+0.50
20190708,122.5,122.5,121.0,122.0,4443427,541732094,1835,-0.50
20190709,115.5,115.5,113.0,113.0,11394730,1296800570,4327,X0.00
20190710,113.0,113.5,113.0,113.5,3762979,425872087,2269,+0.50
20190711,113.5,113.5,111.5,112.0,3344740,374935620,2070,-1.50
20190712,112.0,112.0,111.0,111.5,4747176,528181712,2686,-0.50
20190715,112.0,112.0,110.5,110.5,2492454,275950394,1678,-1.00
20190716,110.5,111.0,108.5,109.5,11655910,1273003600,4939,-1.00
20190717,109.5,111.0,109.0,111.0,4128198,453780064,2262,+1.50
20190718,111.0,111.0,110.0,110.5,1806203,199212033,1235,-0.50
20190719,110.5,111.0,110.0,111.0,3165436,349697896,1696,+0.50
20190722,111.0,111.5,110.5,111.0,4788585,530745721,1828, 0.00
20190723,111.0,111.0,110.5,110.5,5232678,563560958,1705,-0.50
20190724,110.5,111.0,109.5,109.5,5382869,592339090,2501,-1.00
20190725,109.5,110.5,109.0,110.0,6365784,699813625,2108,+0.50
20190726,110.0,110.0,109.0,109.0,4373560,478736299,2234,-1.00
20190729,109.0,110.0,109.0,109.0,3113533,340503347,1812, 0.00
20190730,109.5,110.0,109.0,109.0,5425000,593755490,2002, 0.00
20190731,109.5,110.0,109.0,109.5,8665167,948178870,2143,+0.50
20190801,109.0,109.5,108.5,108.5,6256623,682104907,1939,-1.00
20190802,108.5,110.0,108.0,109.0,4033345,439190769,1918,+0.50
20190805,109.0,110.0,109.0,110.0,2994573,328297805,1405,+1.00
20190806,109.5,110.0,109.0,109.5,3178696,347501699,1546,-0.50
20190807,109.5,109.5,109.0,109.5,6359703,661865993,1687, 0.00
20190808,109.5,110.0,109.0,109.5,2672412,293068820,1505, 0.00
20190812,109.5,110.5,109.5,110.0,4635073,509028559,1090,+0.50
20190813,110.0,111.0,110.0,110.5,2372124,262025682,1630,+0.50
20190814,110.5,111.0,110.5,110.5,2163226,239518586,1195, 0.00
20190815,111.0,111.0,110.0,111.0,2885561,319298771,1162,+0.50
20190816,110.5,110.5,110.0,110.0,2172034,239433248,1053,-1.00
20190819,110.5,111.0,110.0,110.0,1526529,168435690,786, 0.00
20190820,110.5,110.5,110.0,110.0,3606947,396820170,1514, 0.00
20190821,110.0,110.5,110.0,110.0,2100342,231351620,1420, 0.00
20190822,110.0,111.0,110.0,111.0,4940999,544693105,1399,+1.00
20190823,110.5,111.0,110.0,111.0,1919728,212178808,772, 0.00
20190826,110.0,110.5,110.0,110.0,2428291,267342996,1206,-1.00
20190827,110.5,111.0,110.0,110.0,5600018,616873751,1440, 0.00
20190828,110.5,111.0,110.0,111.0,1417948,157000728,965,+1.00
20190829,111.0,111.5,110.5,111.5,3063734,340038974,1525,+0.50
20190830,111.5,112.0,111.0,112.0,3866501,432093612,2040,+0.50
20190902,112.0,112.5,111.5,112.5,1708422,191656965,972,+0.50
20190903,112.5,112.5,111.5,111.5,2313604,258876648,1261,-1.00
20190904,111.5,112.0,111.5,112.0,3015408,337189220,1881,+0.50
20190905,111.5,112.0,111.5,112.0,2670135,298548680,1795, 0.00
20190906,112.0,112.0,111.5,112.0,2349282,262593084,1389, 0.00
20190909,112.0,112.5,111.5,112.5,3226872,361832592,1355,+0.50
20190910,113.0,113.5,112.5,113.5,3780675,427470775,1412,+1.00
20190911,113.5,113.5,113.0,113.5,2686724,304340167,1612, 0.00
20190912,113.5,113.5,113.0,113.5,2565359,290816235,1382, 0.00
20190916,113.5,114.0,113.0,114.0,2768203,314650845,1424,+0.50
20190917,114.0,114.5,113.5,114.0,2913904,331859556,1413, 0.00
20190918,114.0,115.0,114.0,114.5,3440108,393395855,2182,+0.50
20190919,114.5,114.5,114.0,114.5,1068509,122053776,514, 0.00
20190920,114.5,114.5,114.0,114.0,3731807,425613498,871,-0.50
20190923,114.0,114.5,113.5,113.5,1987323,225974152,1171,-0.50
20190924,113.5,114.0,113.0,113.0,3060551,346447763,1267,-0.50
20190925,113.0,113.5,112.5,113.0,2644328,298118064,1486, 0.00
20190926,113.0,113.5,112.5,113.0,2221674,250795662,1246, 0.00
20190927,112.5,113.0,112.0,112.0,2317091,260822231,1352,-1.00
20191001,113.5,113.5,113.0,113.5,2146197,243212351,1327,+1.50
20191002,113.5,114.0,113.0,113.5,2477233,281007438,696, 0.00
20191003,113.0,113.5,112.5,112.5,1634113,184344769,1143,-1.00
20191004,113.0,113.5,112.5,113.5,2663791,300994296,964,+1.00
20191007,113.5,113.5,113.0,113.5,1308422,148189888,768, 0.00
20191008,113.5,113.5,113.0,113.5,1664394,188689204,854, 0.00
20191009,113.0,113.5,112.5,112.5,2231519,251675647,1496,-1.00
20191014,113.0,113.5,112.5,113.5,2529045,286521592,1584,+1.00
20191015,113.5,113.5,113.0,113.5,2547946,288810359,1101, 0.00
20191016,113.5,113.5,113.0,113.5,2940132,333395473,1594, 0.00
20191017,113.5,113.5,113.0,113.5,2563472,290490836,1431, 0.00
20191018,113.5,113.5,113.0,113.0,2228864,252213556,1136,-0.50
20191021,113.0,113.5,113.0,113.5,2942606,333203272,1771,+0.50
20191022,113.5,113.5,113.0,113.5,2611138,295974150,1573, 0.00
20191023,113.0,113.5,113.0,113.0,2452094,277481162,1470,-0.50
20191024,113.5,113.5,113.0,113.0,2201367,249275149,1262, 0.00
20191025,113.5,113.5,113.0,113.5,2609333,296066285,1351,+0.50
20191028,114.0,114.0,113.5,114.0,1662751,189260114,983,+0.50
20191029,114.0,114.0,113.5,113.5,3213658,365429512,1610,-0.50
20191030,113.5,114.0,113.0,114.0,3376341,383666874,1324,+0.50
20191031,114.0,114.5,113.5,113.5,4521996,514426535,1423,-0.50
20191101,114.0,114.0,113.5,114.0,3364376,382896165,1813,+0.50
20191104,113.5,114.0,113.5,114.0,2640056,300629384,1408, 0.00
20191105,114.0,115.0,113.5,115.0,2206352,252372480,1189,+1.00
20191106,115.0,115.5,114.0,115.5,2233896,256849471,1062,+0.50
20191107,116.0,116.0,115.0,116.0,2223751,257505116,1153,+0.50
20191108,116.0,116.5,116.0,116.0,2604295,302714720,1089, 0.00
20191111,116.0,116.5,115.5,116.5,1804972,209593252,1095,+0.50
20191112,116.5,116.5,116.0,116.5,2402238,279677716,1378, 0.00
20191113,116.0,116.0,115.0,115.0,3959676,457540240,1480,-1.50
20191114,115.0,116.0,115.0,116.0,2428321,280266666,1482,+1.00
20191115,116.0,116.0,115.0,115.5,2086646,241367104,821,-0.50
20191118,116.0,116.0,115.0,115.5,3639355,420465838,1535, 0.00
20191119,115.0,115.0,114.5,115.0,2486850,285415750,1218,-0.50
20191120,115.0,116.0,115.0,116.0,3001345,346931520,1288,+1.00
20191121,116.0,116.0,115.5,115.5,2138549,247394898,1270,-0.50
20191122,116.0,116.0,115.5,116.0,1890104,219008064,1176,+0.50
20191125,116.0,116.5,115.5,116.5,2077082,241174546,1004,+0.50
20191126,116.0,116.5,115.5,115.5,7984498,923287009,1805,-1.00
20191127,115.5,115.5,115.0,115.5,2620914,302044110,1274, 0.00
20191128,115.0,116.0,114.5,114.5,7176170,825583550,1421,-1.00
20191129,114.5,115.5,114.5,114.5,1798191,206444861,644, 0.00
20191202,114.5,115.5,114.5,115.0,2346482,270021430,718,+0.50
20191203,115.0,115.5,114.5,115.0,2174246,250025790,525, 0.00
20191204,115.0,115.0,114.5,115.0,1337145,153540765,609, 0.00
20191205,115.5,115.5,115.0,115.5,3084258,355610789,944,+0.50
20191206,115.5,115.5,114.5,114.5,4346654,500039410,857,-1.00
20191209,115.0,115.0,114.0,114.0,4524131,517184492,1207,-0.50
20191210,114.0,114.0,113.5,113.5,2192985,249302790,1063,-0.50
20191211,114.0,114.0,113.5,113.5,1783251,203017614,574, 0.00
20191212,114.0,115.0,113.5,114.5,2590247,295786270,1223,+1.00
20191213,115.0,115.0,114.0,114.5,5492140,629858017,1100, 0.00
20191216,114.0,114.5,113.0,113.0,5466328,621111892,1453,-1.50
20191217,113.0,113.5,112.5,113.0,4189755,473586683,1632, 0.00
20191218,113.0,114.0,113.0,113.5,4018627,455657978,1864,+0.50
20191219,113.0,113.5,112.5,112.5,6701046,754948198,1211,-1.00
20191220,113.0,114.0,112.5,113.5,4388111,497513091,980,+1.00
20191223,113.5,114.0,113.0,114.0,1613012,183127863,668,+0.50
20191224,113.5,113.5,113.0,113.0,1705300,193010042,780,-1.00
20191225,113.0,113.0,112.5,113.0,1704062,192336533,629, 0.00
20191226,113.5,113.5,112.5,113.0,2318815,262091993,370, 0.00
20191227,113.5,113.5,113.0,113.5,1376431,156205907,645,+0.50
20191230,113.5,113.5,113.0,113.0,3989125,451473681,1054,-0.50
20191231,113.5,113.5,112.0,112.0,2697293,303292456,1019,-1.00
20200102,112.5,113.0,111.5,112.5,2797693,313544451,1036,+0.50
20200103,112.5,112.5,112.0,112.5,4297975,482319675,1900, 0.00
20200106,112.0,112.0,110.5,110.5,4203858,467414647,2259,-2.00
20200107,110.5,111.0,109.0,109.5,11932990,1308443900,3839,-1.00
20200108,109.5,110.0,108.5,109.5,6060571,662027810,2877, 0.00
20200109,109.5,110.5,109.0,110.0,5292412,582516997,2625,+0.50
20200110,110.0,110.0,109.5,109.5,3697896,405982560,1564,-0.50
20200113,109.5,110.0,108.0,109.0,13509666,1468769904,4194,-0.50
20200114,108.5,109.0,108.0,108.5,5593979,607050211,3074,-0.50
20200115,108.5,108.5,107.5,108.0,7583824,817435316,3180,-0.50
20200116,108.0,108.5,107.5,108.0,4056168,438316812,2052, 0.00
20200117,108.0,109.0,108.0,109.0,3290668,357388625,1242,+1.00
20200120,109.0,109.0,108.5,108.5,2866907,311929363,1194,-0.50
20200130,108.5,109.0,107.0,107.0,9538226,1025677408,4170,-1.50
20200131,107.0,108.5,107.0,107.0,6893194,742936952,2214, 0.00
20200203,107.0,108.0,107.0,108.0,3786612,407973386,2224,+1.00
20200204,107.5,108.0,107.5,107.5,3209736,345878988,1207,-0.50
20200205,107.5,108.5,107.5,108.0,4594312,496548340,2237,+0.50
20200206,108.5,109.0,108.0,108.5,3477076,377627284,1690,+0.50
20200207,108.5,108.5,107.5,107.5,3251917,350435036,1930,-1.00
20200210,108.0,108.0,107.5,108.0,3426491,369697766,1715,+0.50
20200211,108.0,108.5,107.5,107.5,2712988,292924204,1485,-0.50
20200212,107.5,108.0,107.0,107.0,7132170,766595360,3051,-0.50
20200213,107.5,108.0,107.5,108.0,2611001,281274097,1047,+1.00
20200214,108.0,109.0,107.5,109.0,2201294,238675046,1078,+1.00
20200217,108.5,109.5,108.5,109.5,2302888,251108723,1399,+0.50
20200218,109.5,109.5,108.5,108.5,3847643,419675587,1971,-1.00
20200219,109.0,109.5,108.5,108.5,3114523,338791507,1407, 0.00
20200220,109.0,109.5,108.5,108.5,4392107,478188663,1173, 0.00
20200221,109.0,109.0,108.0,108.5,3985815,432493835,1482, 0.00
20200224,108.0,108.5,106.5,106.5,10409416,1115882699,4716,-2.00
20200225,106.5,107.0,106.0,106.5,4708502,501056214,2495, 0.00
20200226,106.0,106.5,105.0,105.5,7730537,816787922,4195,-1.00
20200227,105.0,105.5,105.0,105.0,5159121,542521246,2425,-0.50
20200302,104.5,104.5,102.5,103.0,11591409,1199298036,6215,-2.00
20200303,103.5,104.5,103.0,104.5,7240224,751259100,2696,+1.50
20200304,104.0,107.0,104.0,107.0,5486465,581564255,2663,+2.50
20200305,107.0,108.5,107.0,108.5,4649568,500020608,2273,+1.50
20200306,107.5,107.5,105.0,106.0,6259884,664234134,2927,-2.50
20200309,104.5,104.5,103.5,104.0,6704491,697867564,4331,-2.00
20200310,103.0,106.5,103.0,106.0,6513824,682886918,3798,+2.00
20200311,105.5,105.5,104.5,105.5,4511865,474207750,2388,-0.50
20200312,104.5,105.5,103.5,105.5,6640280,692242400,3604, 0.00
20200313,103.0,105.0,99.2,105.0,11906875,1215918000,5771,-0.50
20200316,104.5,104.5,103.0,103.5,4853727,501888711,2562,-1.50
20200317,102.0,104.5,101.0,103.0,10298482,1056632146,4372,-0.50
20200318,102.5,102.5,99.8,101.0,11731057,1185341257,5758,-2.00
20200319,98.5,101.0,97.8,100.0,10029881,995226972,4825,-1.00
20200320,100.5,101.5,99.8,99.9,12596060,1262069700,4188,-0.10
20200323,98.3,99.3,98.0,98.0,8860534,870820134,2702,-1.90
20200324,98.1,100.5,98.0,98.7,8145744,808485956,3499,+0.70
20200325,99.3,102.0,99.3,102.0,5358801,540594602,2412,+3.30
20200326,102.0,102.5,100.5,100.5,4218637,426260474,1452,-1.50
20200327,102.0,102.0,100.5,101.5,8286259,836803269,2893,+1.00
20200330,100.0,101.0,99.5,100.0,4391956,439149656,2051,-1.50
20200331,100.5,101.0,99.5,99.9,5206380,520542500,1859,-0.10
20200401,99.7,99.8,98.1,98.1,8405030,829772060,4006,-1.80
20200406,98.4,101.0,98.3,101.0,5379941,538322041,3162,+2.90
20200407,101.5,102.5,101.0,102.5,6732088,686070499,2459,+1.50
20200408,102.0,103.5,101.5,103.5,5399794,555009169,2391,+1.00
20200409,103.5,104.0,103.0,104.0,4527740,468425460,1912,+0.50
20200410,104.0,104.5,103.5,104.5,2295137,238782299,1214,+0.50
20200413,104.5,105.0,104.0,104.0,2257974,235571770,1493,-0.50
20200414,104.0,106.5,104.0,106.0,4659570,492074920,2195,+2.00
20200415,106.0,107.0,106.0,106.5,4164973,442647108,2412,+0.50
20200416,106.0,107.0,105.5,105.5,4452271,471841079,2134,-1.00
20200417,106.0,107.5,106.0,106.0,3853859,410718054,1775,+0.50
20200420,106.0,107.0,106.0,107.0,2694791,287361637,902,+1.00
20200421,106.5,107.0,106.0,106.0,4537835,482667414,2660,-1.00
20200422,105.5,106.0,105.0,106.0,2365386,249657916,961, 0.00
20200423,106.0,106.5,104.5,105.5,3088110,325058660,1140,-0.50
20200424,106.0,106.5,105.5,106.0,2064120,219062720,1054,+0.50
20200427,107.0,108.0,107.0,108.0,3458968,371535544,1597,+2.00
20200428,108.0,108.0,107.0,108.0,2553944,274599452,937, 0.00
20200429,107.0,107.5,106.5,106.5,4875198,522263277,2665,-1.50
20200430,107.0,108.0,106.5,107.5,4142100,445261745,2359,+1.00
20200504,105.5,108.0,105.0,108.0,6103029,651140135,3703,+0.50
20200505,107.5,108.0,107.5,107.5,2665957,287337356,1685,-0.50
20200506,107.5,107.5,107.0,107.0,3716509,398405463,2276,-0.50
20200507,107.5,108.0,107.0,107.5,1259605,135377025,643,+0.50
20200508,107.5,108.5,107.5,107.5,2495770,269107271,1049, 0.00
20200511,108.5,108.5,108.0,108.0,1690471,183027868,1008,+0.50
20200512,107.5,108.0,107.0,107.0,2067017,222228336,1146,-1.00
20200513,108.0,108.0,107.5,107.5,1861116,200501961,831,+0.50
20200514,107.5,107.5,107.0,107.0,1714338,183701330,762,-0.50
20200515,108.0,108.0,107.0,107.5,1802532,193937956,803,+0.50
20200518,107.0,108.0,107.0,107.5,3300171,354666468,1115, 0.00
20200519,108.5,108.5,107.5,108.0,3220001,347724278,1453,+0.50
20200520,108.0,108.5,107.5,107.5,2671887,288078796,1394,-0.50
20200521,108.0,108.0,107.0,107.5,4041182,434782055,1505, 0.00
20200522,107.5,108.0,106.5,106.5,2895207,309934746,1423,-1.00
20200525,107.0,107.5,106.0,107.5,2630375,280368798,1254,+1.00
20200526,107.5,108.0,107.0,107.5,2244451,241512708,1120, 0.00
20200527,107.5,108.0,107.0,107.5,2495650,267796866,1366, 0.00
20200528,107.5,107.5,107.0,107.5,2809452,301337316,1469, 0.00
20200529,107.0,107.5,106.0,107.5,10176301,1089286851,2755, 0.00
20200601,107.5,108.0,106.5,106.5,6019707,644311391,2014,-1.00
20200602,107.0,107.0,106.0,107.0,6177500,658076500,2448,+0.50
20200603,107.0,108.5,107.0,108.5,4476015,483145118,2400,+1.50
20200604,108.0,108.5,107.5,108.0,3027751,326763810,1562,-0.50
20200605,108.0,108.5,107.5,107.5,3137140,337762620,1543,-0.50
20200608,108.0,108.5,107.5,108.5,3071552,331757616,1688,+1.00
20200609,108.0,108.5,107.5,107.5,2728445,294286828,1641,-1.00
20200610,108.0,108.5,107.5,108.5,3046501,329489347,1803,+1.00
20200611,108.0,108.5,107.0,107.5,3932442,424152236,1776,-1.00
20200612,107.0,108.0,107.0,107.5,3548709,381780572,1796, 0.00
20200615,107.5,108.0,106.0,106.0,5426823,580123137,3013,-1.50
20200616,107.0,108.5,107.0,107.5,3999538,430531321,1703,+1.50
20200617,107.5,108.0,107.5,108.0,3384557,364512872,1650,+0.50
20200618,108.0,108.5,107.0,107.5,3396392,365249625,1384,-0.50
20200619,107.5,108.5,106.5,107.0,11072114,1188819246,4281,-0.50
20200622,107.5,108.0,107.0,107.5,2459829,264430032,685,+0.50
20200623,107.5,108.0,107.0,107.0,4203377,451764019,1715,-0.50
20200624,107.5,108.0,107.5,108.0,3891826,419684208,1517,+1.00
20200629,107.5,108.5,107.5,108.5,2670513,289165917,1400,+0.50
20200630,108.5,110.5,108.0,110.5,5751194,632153414,2010,+2.00
20200701,111.0,113.0,111.0,112.0,6410949,719395288,2086,+1.50
20200702,112.5,114.0,112.0,114.0,8763605,990397470,2247,+2.00
20200703,114.5,115.5,114.0,115.0,6697273,769057746,2190,+1.00
20200706,115.0,116.0,114.0,115.5,11195347,1285772709,3113,+0.50
20200707,115.5,116.0,115.0,115.0,7433286,857984229,3054,-0.50
20200708,115.0,116.0,114.5,115.5,5467989,630668735,1725,+0.50
20200709,115.5,116.0,115.0,115.5,5913239,683601485,2154, 0.00
20200710,115.5,116.5,115.0,116.0,8564578,991104970,2807,+0.50
20200713,116.0,116.5,115.5,116.0,7684664,891467665,1925, 0.00
20200714,116.0,116.5,115.5,116.0,6454264,748308476,1695, 0.00
20200715,116.0,116.5,115.5,116.0,10687010,1240745150,3311, 0.00
20200716,116.0,116.0,114.0,114.0,10485791,1209138674,2964,-2.00
20200717,109.0,109.0,107.5,107.5,8904851,962607259,3311,X0.00
20200720,107.5,107.5,106.5,107.5,3709537,397587210,1382, 0.00
20200721,107.5,108.0,106.5,106.5,5189150,555643740,2043,-1.00
20200722,106.5,107.0,106.5,107.0,2511543,268428601,1021,+0.50
20200723,106.5,107.0,106.0,106.5,3426505,364620295,1195,-0.50
20200724,106.0,106.5,106.0,106.0,4411768,467969778,1382,-0.50
20200727,106.0,106.5,105.0,105.0,4314945,454996179,1850,-1.00
20200728,104.0,105.5,104.0,104.5,4373150,457922250,1855,-0.50
20200729,104.5,105.0,104.5,105.0,2098463,219619338,1157,+0.50
20200730,105.0,105.5,104.5,105.0,3596780,377444781,1328, 0.00
20200731,105.5,105.5,104.5,105.0,2370584,248960601,727, 0.00
20200803,105.0,105.0,104.0,104.0,3193065,333600325,1305,-1.00
20200804,104.5,105.0,104.0,104.0,3287446,342314088,1614, 0.00
20200805,104.5,105.0,103.5,104.5,4133372,430647560,1577,+0.50
20200806,104.5,105.0,103.5,104.0,4168198,432797170,1945,-0.50
20200807,103.5,104.0,103.0,103.5,5666381,587252124,1639,-0.50
20200810,103.5,104.0,103.0,103.0,6313168,651499863,1766,-0.50
20200811,103.0,103.5,102.5,102.5,6114545,628270876,3122,-0.50
20200812,103.0,103.0,102.5,103.0,5846554,601200812,2083,+0.50
20200813,103.5,103.5,103.0,103.5,3182836,328727007,1422,+0.50
20200814,103.0,103.5,102.5,103.0,5085673,523957645,1722,-0.50
20200817,103.0,103.5,103.0,103.5,1344613,138925252,726,+0.50
20200818,103.5,103.5,103.0,103.0,3000713,309426776,1443,-0.50
20200819,103.0,104.0,103.0,103.0,3985796,412213875,1842, 0.00
20200820,103.0,103.5,102.5,102.5,3999006,410849118,1626,-0.50
20200821,103.0,103.0,102.0,103.0,7118310,730451930,2108,+0.50
20200824,103.0,103.0,102.5,102.5,1627348,167175344,648,-0.50
20200825,102.5,103.0,102.0,102.0,5021367,514320074,1905,-0.50
20200826,102.0,103.0,102.0,102.5,3262546,334536238,805,+0.50
20200827,102.5,103.0,102.0,102.5,2394321,244832563,949, 0.00
20200828,102.5,103.0,102.0,102.5,1825588,186739755,974, 0.00
20200831,102.5,103.0,101.5,101.5,8829392,899130156,3044,-1.00
20200901,102.0,102.0,101.0,101.5,7233573,732818946,1722, 0.00
20200902,101.5,101.5,100.5,101.5,6116742,618433684,2879, 0.00
20200903,101.5,101.5,100.5,101.0,4170727,421398764,1426,-0.50
20200904,100.5,101.0,100.5,101.0,2128741,214460198,1233, 0.00
20200907,101.0,101.0,100.5,101.0,2150685,216371685,1294, 0.00
20200908,100.5,101.0,100.0,100.5,2174855,218756855,1445,-0.50
20200909,100.5,101.0,99.7,100.0,6413868,641289808,3478,-0.50
20200910,100.0,100.5,99.8,100.0,5484505,548201332,2288, 0.00
20200911,100.0,101.0,99.8,100.5,4166596,417084577,1703,+0.50
20200914,100.5,100.5,100.0,100.5,2793654,280321054,1569, 0.00
20200915,100.0,100.5,99.6,100.0,5608814,560834484,1986,-0.50
20200916,100.0,100.0,99.7,100.0,4298719,429589000,2002, 0.00
20200917,100.0,100.5,99.7,99.7,3872654,386834500,2129,-0.30
20200918,99.7,100.0,99.4,99.5,6828323,679725045,2260,-0.20
20200921,99.5,99.5,98.9,98.9,4553803,451505274,3375,-0.60
20200922,98.9,98.9,98.4,98.6,3790285,373908115,2342,-0.30
20200923,98.3,98.4,97.8,97.8,5816103,569896218,3651,-0.80
20200924,97.7,97.7,96.4,96.4,8621499,833470903,5224,-1.40
20200925,96.5,97.0,96.3,96.7,3468011,335305347,2304,+0.30
20200928,97.1,97.3,96.8,97.1,3354530,325551559,1739,+0.40
20200929,97.5,97.8,96.9,97.0,4422684,429600479,1859,-0.10
20200930,97.2,97.4,96.6,96.6,4206811,407485467,2671,-0.40
20201005,97.0,97.1,96.5,96.5,2306291,222854767,1677,-0.10
20201006,96.8,97.0,96.6,97.0,1897619,183747470,1283,+0.50
20201007,97.2,97.4,96.8,96.8,2806916,272248522,1717,-0.20
20201008,96.8,97.1,96.5,96.9,2806379,271289403,1748,+0.10
20201012,97.0,97.1,96.2,96.6,2804615,270952648,1963,-0.30
20201013,96.6,96.6,95.7,96.0,3562538,341707768,2568,-0.60
20201014,96.2,96.6,96.0,96.4,2364180,227594958,1120,+0.40
20201015,96.4,96.5,95.6,96.0,4052284,388518918,2405,-0.40
20201016,96.0,96.3,95.0,95.0,3260149,311287407,2483,-1.00
20201019,95.6,96.8,95.5,95.5,3790975,364031879,2081,+0.50
20201020,96.1,96.3,95.5,95.6,2076131,198849976,1384,+0.10
20201021,96.2,96.7,96.0,96.4,2590104,249365553,1439,+0.80
20201022,96.4,98.5,96.4,98.5,5084672,497326523,2398,+2.10
20201023,98.5,98.6,97.0,97.6,2788125,271927950,1956,-0.90
20201026,97.7,98.4,97.7,98.4,1666797,163613881,1570,+0.80
20201027,98.3,98.4,97.9,98.0,2247228,220360318,2851,-0.40
20201028,98.0,98.1,97.7,98.1,1762210,172575189,1701,+0.10
20201029,97.9,97.9,97.0,97.0,2100769,204379571,1807,-1.10
20201030,97.5,97.8,96.0,97.7,3797815,369370076,1743,+0.70
20201102,97.7,98.0,97.0,97.8,1216784,118739616,871,+0.10
20201103,98.1,98.4,97.3,97.8,2337524,228796822,4152, 0.00
20201104,97.8,98.3,97.3,97.9,1400252,137008114,786,+0.10
20201105,98.3,98.9,97.9,98.6,2581863,254141243,2529,+0.70
20201106,98.6,100.0,98.2,100.0,4273383,424729601,3114,+1.40
20201109,100.5,101.0,100.0,100.5,2380185,238689898,1664,+0.50
20201110,100.5,101.0,99.7,99.7,3488769,349765514,1947,-0.80
20201111,100.0,100.0,99.3,99.5,4397192,437607375,2381,-0.20
20201112,99.5,100.0,99.3,99.5,3235828,321873452,1504, 0.00
20201113,99.5,99.5,98.9,99.1,3275264,324655357,2128,-0.40
20201116,99.0,100.0,98.9,99.5,4324435,429342512,2731,+0.40
20201117,99.3,99.7,98.4,99.0,5286237,524040187,3286,-0.50
20201118,99.0,99.9,99.0,99.7,3746167,373050867,2203,+0.70
20201119,99.7,100.5,99.4,99.5,4070289,405744173,2436,-0.20
20201120,99.7,100.0,99.2,99.3,2820687,280536991,1705,-0.20
20201123,100.0,100.5,99.3,99.5,3644300,363091782,1998,+0.20
20201124,99.6,99.7,99.0,99.1,2499640,247939461,2017,-0.40
20201125,99.5,99.5,98.5,98.7,4254527,420478680,2594,-0.40
20201126,98.7,99.6,98.6,99.6,2212320,218915346,1592,+0.90
20201127,99.4,99.6,99.0,99.2,3461541,343444562,2382,-0.40
20201130,99.2,99.4,97.1,97.1,14216244,1385671074,2970,-2.10
20201201,97.8,98.3,97.8,98.3,2399837,235434333,1779,+1.20
20201202,97.9,98.2,97.6,97.7,4082211,398999588,2873,-0.60
20201203,97.6,97.6,97.0,97.0,5995791,582321102,4739,-0.70
20201204,97.4,98.2,97.4,97.6,3126294,305717157,2153,+0.60
20201207,98.3,98.3,97.6,97.6,3934912,385170379,2738, 0.00
20201208,97.6,98.0,97.2,97.8,2950546,288188482,2284,+0.20
20201209,97.8,98.3,97.6,97.8,3192126,312568002,1954, 0.00
20201210,97.8,98.5,97.8,97.9,3069806,301332694,1905,+0.10
20201211,98.3,98.8,98.0,98.6,3267213,321606429,2214,+0.70
20201214,98.9,99.6,98.6,99.0,3403805,337440399,2433,+0.40
20201215,98.9,99.0,98.0,98.5,2291005,225551134,1748,-0.50
20201216,98.9,99.4,98.2,99.2,3519820,347846503,2468,+0.70
20201217,99.1,99.2,98.7,99.2,2059874,203972569,1304, 0.00
20201218,99.2,99.6,99.0,99.3,2819797,280041970,1520,+0.10
20201221,99.5,99.5,98.7,99.4,1873425,185807006,1288,+0.10
20201222,99.1,99.3,98.7,99.0,1768177,175133167,1230,-0.40
20201223,98.6,98.8,98.3,98.6,1375348,135519870,887,-0.40
20201224,98.6,99.0,98.4,98.5,1721595,169666759,893,-0.10
20201225,98.6,99.0,98.5,98.8,1349927,133194531,834,+0.30
20201228,98.8,99.5,98.5,99.5,1813906,179516571,1384,+0.70
20201229,99.5,99.5,98.9,99.0,1743564,172703314,1227,-0.50
20201230,99.1,99.9,99.0,99.7,3134733,312014383,2227,+0.70
20201231,99.7,99.7,98.9,98.9,2788537,276625743,1411,-0.80
20210104,98.7,99.2,98.5,98.7,2591839,256136460,1699,-0.20
20210105,99.1,99.4,98.6,99.2,2526754,249935054,1387,+0.50
20210106,98.8,99.1,98.1,98.6,3377226,332856130,2526,-0.60
20210107,98.2,99.0,98.1,98.3,2497819,245790290,1842,-0.30
20210108,98.3,99.5,98.2,99.5,5409766,536057573,3270,+1.20
20210111,99.4,99.4,98.8,99.4,4375651,433467216,2473,-0.10
20210112,99.3,99.5,98.8,99.4,4425863,439233171,2214, 0.00
20210113,99.4,99.7,99.2,99.5,4613645,458562745,2490,+0.10
20210114,99.5,99.7,99.3,99.6,3731328,371275375,2334,+0.10
20210115,99.3,99.5,98.8,99.1,4607473,457165403,1885,-0.50
20210118,99.1,99.4,98.2,98.7,3499537,344904704,1948,-0.40
20210119,98.4,98.6,98.2,98.2,2053324,201940350,1392,-0.50
20210120,98.1,98.3,97.0,97.3,6271960,612229926,3928,-0.90
20210121,97.4,97.7,97.2,97.2,3550811,345628359,2257,-0.10
20210122,97.8,97.9,96.6,96.7,3873726,375050152,2643,-0.50
20210125,96.7,98.1,96.7,97.8,2958812,288141436,1826,+1.10
20210126,97.7,97.7,96.6,97.4,3778026,366376128,2358,-0.40
20210127,97.7,97.9,96.6,96.6,3297281,319939787,1826,-0.80
20210128,96.8,97.6,96.5,97.2,3438414,333073252,2406,+0.60
20210129,96.5,96.8,96.0,96.2,5208826,501840750,2788,-1.00
20210201,96.5,97.3,96.3,96.5,1881617,182000546,1546,+0.30
20210202,96.3,97.1,96.0,96.8,1985326,191846883,1400,+0.30
20210203,96.8,96.9,96.2,96.3,2803517,270425374,1602,-0.50
20210204,96.1,96.8,96.0,96.3,2171526,208980567,1614, 0.00
20210205,95.9,97.7,95.9,97.2,2424304,234481959,1724,+0.90
20210217,96.3,97.0,96.0,96.6,5558685,536376014,4106,-0.60
20210218,96.6,97.7,96.4,96.4,4210467,407188040,2598,-0.20
20210219,96.4,96.6,96.0,96.2,3589450,345294225,2466,-0.20
20210222,96.3,96.8,96.1,96.2,3501011,337342642,2474, 0.00
20210223,96.2,98.1,96.2,98.0,4527634,441263023,2786,+1.80
20210224,98.0,98.9,98.0,98.0,3877860,381032047,2395, 0.00
20210225,98.3,99.0,98.2,99.0,3094566,305736848,2343,+1.00
20210226,99.0,99.0,97.0,97.1,8615916,839207486,4039,-1.90
20210302,97.5,98.0,97.3,97.3,3389196,330922467,2147,+0.20
20210303,98.0,99.0,97.8,98.9,5841381,576736362,3314,+1.60
20210304,98.6,98.8,97.1,98.0,5475971,535667846,3529,-0.90
20210305,97.4,98.3,97.2,97.8,2635862,257617980,1860,-0.20
20210308,98.0,98.7,97.5,97.6,3335073,326222298,1855,-0.20
20210309,98.3,98.7,97.7,98.6,2961448,291336202,1996,+1.00
20210310,98.8,99.2,98.6,99.2,3289110,325328019,2256,+0.60
20210311,99.1,99.5,98.8,98.8,3555685,352383139,1939,-0.40
20210312,99.5,99.5,98.8,98.9,1828695,180973739,1289,+0.10
20210315,98.8,98.9,98.1,98.1,3377758,332153323,2085,-0.80
20210316,98.5,99.2,98.4,98.8,3358081,331951429,2306,+0.70
20210317,99.1,99.2,98.1,98.7,3945811,389239237,2753,-0.10
20210318,98.8,99.3,98.3,98.6,3432713,339315258,2046,-0.10
20210319,99.0,99.0,97.8,97.8,6339281,621548512,2982,-0.80
20210322,97.8,98.0,97.3,97.8,2421852,236615180,1649, 0.00
20210323,97.8,97.9,97.5,97.5,1561322,152364374,1277,-0.30
20210324,97.5,98.0,97.4,97.5,2032700,198248817,1399, 0.00
20210325,97.5,97.9,97.3,97.5,2426613,236720338,1660, 0.00
20210326,97.5,98.5,97.5,98.5,1784596,174957758,1471,+1.00
20210329,98.5,98.8,98.0,98.8,3409425,335380270,2118,+0.30
20210330,98.7,98.9,98.3,98.9,3166214,312212119,1827,+0.10
20210331,98.9,99.0,98.2,98.2,4021474,395696595,1812,-0.70
20210401,98.2,98.9,98.2,98.2,1750292,172228716,1146, 0.00
20210406,98.6,99.0,98.3,98.7,2534967,249776700,1604,+0.50
20210407,98.9,99.0,98.7,99.0,2384661,235656085,1741,+0.30
20210408,98.7,98.9,98.2,98.3,3683053,362579615,2234,-0.70
20210409,98.3,98.7,98.1,98.2,2395341,235509776,1573,-0.10
20210412,98.2,98.2,98.0,98.0,2868736,281231847,2203,-0.20
20210413,98.6,98.6,98.2,98.5,1791758,176338383,1516,+0.50
20210414,98.7,99.0,98.5,98.7,3459803,341819508,2174,+0.20
20210415,98.8,99.0,98.6,98.9,2314312,228580594,1558,+0.20
20210416,99.0,99.2,98.9,99.2,2790531,276316950,1952,+0.30
20210419,99.2,99.8,99.0,99.8,3140527,312010766,2075,+0.60
20210420,100.0,101.5,99.9,101.5,4413365,444263595,2741,+1.70
20210421,101.5,101.5,100.5,100.5,4078075,411185432,1899,-1.00
20210422,101.0,101.5,100.5,101.0,3288389,331204864,1860,+0.50
20210423,101.0,101.5,100.5,101.0,2824929,284562806,1617, 0.00
20210426,101.0,101.5,100.5,101.0,2926130,294971511,2102, 0.00
20210427,101.0,101.0,100.5,101.0,2870551,289250571,1772, 0.00
20210428,101.0,101.0,100.0,100.5,4203222,422377801,1979,-0.50
20210429,100.0,100.5,100.0,100.0,2698321,270361558,1326,-0.50
20210503,100.0,100.5,99.3,99.8,2901445,289150037,1781,-0.20
20210504,100.0,100.5,99.0,99.1,4934300,491635043,2463,-0.70
20210505,99.5,99.6,98.7,99.0,3252873,322501488,1744,-0.10
20210506,99.2,100.5,99.1,100.0,4804101,479747378,2405,+1.00
20210507,100.5,101.0,100.0,100.5,3310814,332968709,1784,+0.50
20210510,101.0,101.0,100.0,100.5,3774957,376967311,1667, 0.00
20210511,100.5,101.0,100.0,100.5,4515844,453560464,2671, 0.00
20210512,100.5,101.0,95.5,98.4,12404063,1227319684,5545,-2.10
20210513,98.4,98.7,97.0,97.3,10122777,990535859,5195,-1.10
20210514,97.6,99.7,97.4,99.7,5335638,525560786,2612,+2.40
20210517,98.0,99.6,98.0,99.6,7524373,744906449,3383,-0.10
20210518,98.8,100.5,98.8,100.5,4765237,475732422,2359,+0.90
20210519,99.1,100.5,99.1,100.5,3014889,301752673,1885, 0.00
20210520,99.6,100.5,99.2,100.5,4035239,403563812,1896, 0.00
20210521,101.0,101.0,100.0,101.0,2506015,252328998,1376,+0.50
20210524,100.5,100.5,99.5,100.0,1618286,161667002,996,-1.00
20210525,99.7,100.5,99.5,100.0,2372136,237449644,1366, 0.00
20210526,99.7,99.9,99.2,99.7,2447720,243656598,1443,-0.30
20210527,99.2,99.2,98.0,98.0,10294351,1011863719,3388,-1.70
20210528,98.8,99.7,98.5,99.7,2823324,280410751,1741,+1.70
20210531,100.0,100.5,99.4,100.5,3286311,328896606,2431,+0.80
20210601,100.0,101.0,99.6,100.0,2453345,245974461,1887,-0.50
20210602,100.0,101.0,99.8,101.0,2261286,227639743,1800,+1.00
20210603,100.5,101.0,100.0,100.5,1810065,182121055,1196,-0.50
20210604,100.5,101.5,100.0,101.0,2582833,260509866,1654,+0.50
20210607,101.0,101.5,100.5,101.0,2065041,209100171,1409, 0.00
20210608,101.5,102.5,101.5,102.5,3166311,323756421,1921,+1.50
20210609,102.5,103.0,102.0,102.5,2185135,224430586,1401, 0.00
20210610,102.5,103.5,102.0,103.5,2636290,271785861,1696,+1.00
20210611,103.5,104.0,103.0,103.5,2614919,270593243,1613, 0.00
20210615,103.5,104.0,102.5,102.5,1700525,175133577,1275,-1.00
20210616,102.5,103.0,102.0,102.5,2967527,304907346,2194, 0.00
20210617,102.5,102.5,102.0,102.5,1276198,130599893,739, 0.00
20210618,102.0,102.5,101.0,101.0,6622574,671441874,2236,-1.50
20210621,101.0,102.0,101.0,101.5,1677208,170051594,1051,+0.50
20210622,101.5,102.5,101.0,101.5,2201265,223679927,1075, 0.00
20210623,102.0,103.0,102.0,102.0,2949081,301632901,1774,+0.50
20210624,102.5,103.0,102.0,102.0,1710281,175069028,1038, 0.00
20210625,102.5,103.0,102.0,102.5,2063559,211461844,1228,+0.50
20210628,102.5,103.0,102.0,102.0,1344126,137536725,998,-0.50
20210629,102.0,102.5,101.5,102.5,2991778,305820082,1972,+0.50
20210630,102.5,102.5,102.0,102.0,2142934,218875184,1201,-0.50
20210701,102.0,103.0,101.5,102.0,3372665,344377389,1994, 0.00
20210702,102.0,103.0,101.5,102.0,2984192,305265783,1575, 0.00
20210705,102.5,103.0,102.0,102.5,1906552,195178559,1232,+0.50
20210706,102.5,103.0,102.0,102.0,1758138,179923159,1053,-0.50
20210707,102.0,102.5,101.5,102.5,1499557,153280020,1097,+0.50
20210708,102.5,103.0,102.0,102.5,2121669,217193218,1311, 0.00
20210709,102.0,103.0,102.0,103.0,2013645,206405783,1127,+0.50
20210712,102.5,103.0,101.5,102.0,2820737,287690873,2266,-1.00
20210713,102.5,103.0,102.0,103.0,2742703,280963476,1750,+1.00
20210714,103.0,103.0,102.0,102.5,1111383,113730072,701,-0.50
20210715,103.0,103.0,102.0,102.5,1737538,177983493,1253, 0.00
20210716,102.5,103.0,102.0,102.0,1958896,200163178,1318,-0.50
20210719,102.0,102.5,102.0,102.5,1627404,166285958,1162,+0.50
20210720,102.5,102.5,102.0,102.0,695133,71037511,639,-0.50
20210721,102.0,102.5,102.0,102.5,1281957,131210457,1158,+0.50
20210722,102.5,103.5,102.0,103.5,3100099,319494230,1753,+1.00
20210723,103.5,104.0,103.5,104.0,1647735,170816888,1054,+0.50
20210726,104.0,104.5,103.5,103.5,1851097,191841638,979,-0.50
20210727,104.0,104.0,103.5,104.0,1429822,148578209,1131,+0.50
20210728,104.0,104.0,103.0,104.0,2701595,280444399,1552, 0.00
20210729,104.0,104.5,103.5,104.5,1803269,187997556,1141,+0.50
20210730,104.5,104.5,104.0,104.0,1716252,178730380,875,-0.50
20210802,104.5,105.0,104.0,105.0,3044914,319147069,1555,+1.00
20210803,105.5,106.0,105.0,106.0,2968984,313806441,1709,+1.00
20210804,106.0,107.0,106.0,107.0,5484937,585765446,2114,+1.00
20210805,107.0,109.5,107.0,108.5,13319981,1442291971,5721,+1.50
20210806,108.5,108.5,107.5,108.0,8324901,899567068,2406,-0.50
20210809,108.0,108.0,106.5,107.0,4533528,485838732,1973,-1.00
20210810,107.5,107.5,106.0,107.0,4048554,432525122,1547, 0.00
20210811,106.5,107.0,106.0,107.0,4817209,515052556,2112, 0.00
20210812,107.0,107.0,106.5,107.0,3491462,372872337,1285, 0.00
20210813,106.5,106.5,105.0,106.0,5777889,611493910,1981,-1.00
20210816,105.0,105.5,104.5,105.0,5217467,546989370,2159,-1.00
20210817,104.5,105.0,103.5,105.0,8277347,862085451,3232, 0.00
20210818,104.5,105.0,104.0,105.0,2988860,312123192,1439, 0.00
20210819,104.0,104.5,103.0,103.0,5740676,594397046,2456,-2.00
20210820,102.5,103.0,101.0,101.5,9126940,927591324,4205,-1.50
20210823,96.1,96.9,96.0,96.9,18142415,1747196686,11573,X0.00
20210824,97.5,98.0,96.9,98.0,8232623,801663665,4811,+1.10
20210825,98.3,98.5,97.3,97.8,5231965,511483970,3938,-0.20
20210826,98.0,98.6,97.7,98.5,3281961,322005801,1897,+0.70
20210827,98.5,99.1,98.2,99.1,3244677,320560968,1593,+0.60
20210830,99.4,99.8,98.6,99.7,3572950,354886042,2140,+0.60
20210831,99.6,101.0,99.1,101.0,4967064,498187634,1758,+1.30
20210901,100.0,100.5,98.4,99.0,4672842,463258161,3183,-2.00
20210902,99.0,99.1,98.0,98.5,3535520,347976194,2645,-0.50
20210903,98.8,99.0,98.2,98.9,2542284,250458948,1391,+0.40
20210906,99.0,99.0,98.3,98.6,2889794,285072067,1591,-0.30
20210907,98.5,98.9,98.4,98.5,2747754,270923432,1335,-0.10
20210908,98.8,99.3,98.5,99.3,3428945,339021665,1755,+0.80
20210909,99.0,99.0,98.4,98.5,2220428,218896955,1152,-0.80
20210910,98.5,99.4,98.5,99.4,2279738,225796265,1335,+0.90
20210913,99.4,99.4,98.7,99.3,1879968,186027084,1357,-0.10
20210914,99.4,99.4,98.8,99.0,1971344,195119016,1514,-0.30
20210915,99.0,99.4,98.9,99.2,1983086,196676635,1683,+0.20
20210916,99.2,99.4,98.7,99.0,2336948,231185624,1559,-0.20
20210917,99.0,100.5,99.0,99.5,6592272,657614533,2535,+0.50
20210922,98.6,98.8,98.0,98.6,4129552,406158401,3070,-0.90
20210923,98.8,99.8,98.6,99.6,2170261,215768157,1528,+1.00
20210924,99.9,100.0,99.3,99.8,1466133,146112540,1008,+0.20
20210927,99.7,99.8,99.1,99.7,2117842,210686438,1173,-0.10
20210928,99.4,99.6,98.5,99.6,1852193,183731991,1237,-0.10
20210929,99.1,99.3,98.5,99.3,3165045,312919687,2193,-0.30
20210930,98.6,99.3,98.5,98.9,2834546,280222539,1148,-0.40
20211001,98.5,98.7,98.1,98.6,4531162,445424021,2574,-0.30
20211004,98.6,99.0,98.1,98.8,2553878,251612081,1667,+0.20
20211005,98.7,99.5,98.3,99.2,3206896,317659062,2092,+0.40
20211006,99.3,99.3,98.3,99.2,3470329,342817398,2706, 0.00
20211007,99.2,99.6,98.8,99.2,3087161,306437049,2048, 0.00
20211008,98.8,99.3,98.7,98.9,2561079,253189850,2035,-0.30
20211012,98.5,99.0,97.6,99.0,4750707,467793131,2222,+0.10
20211013,99.2,99.3,98.2,98.8,2854666,281307127,1790,-0.20
20211014,99.0,99.0,98.3,98.3,1836373,180852306,1168,-0.50
20211015,98.3,98.8,98.3,98.6,1944323,191521435,1262,+0.30
20211018,98.6,98.7,98.1,98.3,2847535,280193993,1666,-0.30
20211019,98.5,98.5,98.0,98.1,3752753,368461967,2300,-0.20
20211020,98.2,98.4,97.8,98.4,4305283,422067965,2031,+0.30
20211021,98.5,98.5,98.0,98.4,5617341,552449803,1321, 0.00
20211022,98.3,98.4,98.0,98.4,2418213,237447951,1442, 0.00
20211025,98.3,98.5,98.1,98.4,936237,92041692,711, 0.00
20211026,98.6,98.6,98.2,98.4,4700177,462571033,1359, 0.00
20211027,98.3,98.4,98.0,98.1,2014397,197781851,1194,-0.30
20211028,98.4,98.4,98.1,98.2,1520445,149386648,1063,+0.10
20211029,98.2,98.4,97.9,98.1,5436065,533445280,1602,-0.10
20211101,98.2,98.4,98.1,98.4,1854235,182172880,1122,+0.30
20211102,98.5,98.5,98.0,98.0,2556019,250769529,1578,-0.40
20211103,98.0,98.4,98.0,98.4,1815299,178154608,1317,+0.40
20211104,98.4,98.5,98.1,98.4,1720723,169218618,1113, 0.00
20211105,98.3,99.1,98.2,99.1,2913774,287583412,1770,+0.70
20211108,98.9,98.9,98.3,98.8,2862699,282399149,3195,-0.30
20211109,98.7,99.0,98.5,98.8,2865390,282965678,1721, 0.00
20211110,98.8,99.1,98.7,99.1,1972897,195205188,1266,+0.30
20211111,99.1,99.6,98.8,99.5,2124768,210782971,1566,+0.40
20211112,99.5,99.7,99.1,99.7,1777959,176893572,1421,+0.20
20211115,99.7,99.9,99.3,99.7,2171481,216379467,2839, 0.00
20211116,99.8,100.0,99.3,100.0,2857455,285114760,2070,+0.30
20211117,100.0,100.5,99.5,100.5,2449523,244955492,1878,+0.50
20211118,100.5,100.5,99.9,100.5,2044118,204982958,1318, 0.00
20211119,100.5,100.5,99.5,100.0,2619607,261749938,1530,-0.50
20211122,100.0,100.0,99.1,99.1,1500186,148985709,1099,-0.90
20211123,99.1,99.6,98.5,99.2,1839809,182142137,1401,+0.10
20211124,99.1,99.4,98.7,98.7,1343172,132729225,1672,-0.50
20211125,98.8,99.0,98.5,98.8,1467597,144726942,1213,+0.10
20211126,98.5,98.8,98.1,98.1,2648119,260247984,1994,-0.70
20211129,98.1,98.6,98.0,98.2,1723931,169357883,1360,+0.10
20211130,98.2,98.5,97.0,97.0,12514260,1219643544,4381,-1.20
20211201,97.4,98.5,97.3,98.3,3059160,299702029,2381,+1.30
20211202,98.1,99.0,98.0,98.8,2758918,272020874,1615,+0.50
20211203,98.3,98.7,98.2,98.3,1627898,160190436,1620,-0.50
20211206,98.0,98.3,97.5,98.0,2003966,196429737,1467,-0.30
20211207,98.0,98.6,98.0,98.6,2350264,230942601,1505,+0.60
20211208,99.0,99.0,98.4,98.6,1708589,168495046,1234, 0.00
20211209,98.6,98.8,98.4,98.8,1475485,145500724,878,+0.20
20211210,98.5,98.6,98.2,98.3,1280650,126060739,837,-0.50
20211213,98.4,98.5,98.0,98.0,2233021,219187906,1822,-0.30
20211214,98.0,98.4,97.9,98.1,1342077,131624739,968,+0.10
20211215,98.0,98.6,97.8,98.1,2781489,273377165,1097, 0.00
20211216,98.3,98.8,98.0,98.6,2882253,283911819,1291,+0.50
20211217,98.6,98.9,98.5,98.9,3397987,335686124,897,+0.30
20211220,98.5,98.8,98.3,98.4,2260932,222745305,1410,-0.50
20211221,98.5,99.1,98.4,98.8,3527812,348640986,1378,+0.40
20211222,99.0,99.5,99.0,99.2,2045635,203009275,1061,+0.40
20211223,99.1,99.6,99.1,99.5,2072358,206184512,1539,+0.30
20211224,99.6,99.8,99.3,99.8,2076958,206915277,1447,+0.30
20211227,99.8,100.5,99.5,99.9,2511347,250799072,2710,+0.10
20211228,99.9,100.5,99.8,100.5,2289701,229352976,1457,+0.60
20211229,100.5,100.5,99.8,100.5,2426234,243265754,1241, 0.00
20211230,100.5,100.5,99.8,100.0,1724228,172611467,1666,-0.50
20220103,101.0,101.5,100.0,100.5,3540736,355951636,3392,+0.50
20220104,100.0,100.5,99.0,99.2,3298089,327902743,5911,-1.30
20220105,99.1,99.7,98.8,99.7,3200396,317942935,1597,+0.50
20220106,99.7,99.7,99.0,99.2,2726691,270456519,1610,-0.50
20220107,99.5,99.5,99.2,99.5,1303114,129501144,1400,+0.30
20220110,99.8,100.0,99.3,99.8,1877589,187060610,1205,+0.30
20220111,99.9,100.0,99.6,100.0,2002640,199959038,1318,+0.20
20220112,100.0,100.5,99.8,100.5,1874358,187524154,1320,+0.50
20220113,100.5,100.5,100.0,100.5,2741631,275022428,1801, 0.00
20220114,100.5,101.0,100.0,101.0,2087242,210069044,1437,+0.50
20220117,100.5,101.0,100.0,100.0,1642338,164727154,1214,-1.00
20220118,100.5,100.5,100.0,100.0,1239852,124259454,1304, 0.00
20220119,100.5,101.0,100.0,101.0,2235589,224558569,1678,+1.00
20220120,100.5,101.0,99.6,99.9,3380288,338112344,4339,-1.10
20220121,99.9,100.5,99.2,100.0,3858775,384128873,3688,+0.10
20220124,99.6,100.5,99.4,100.5,1266581,126991983,978,+0.50
20220125,99.5,100.5,99.0,100.5,3829394,381668256,3170, 0.00
20220126,100.0,100.5,99.7,99.7,1995347,199347309,1813,-0.80
20220207,99.5,101.0,99.5,101.0,3819688,383593388,2263,+1.30
20220208,100.5,101.0,100.0,100.5,2382924,240011820,1441,-0.50
20220209,100.5,102.0,100.5,102.0,3053960,309705095,2107,+1.50
20220210,102.0,103.5,102.0,103.5,3585457,369146624,2420,+1.50
20220211,103.0,103.5,102.5,103.0,2972355,306212128,1615,-0.50
20220214,103.0,104.0,102.0,103.0,2334341,240174885,1655, 0.00
20220215,103.5,104.0,103.0,103.5,3118608,323224140,1883,+0.50
20220216,103.5,105.0,103.5,105.0,3502128,366160083,2354,+1.50
20220217,105.0,106.0,104.5,105.0,4659378,490675334,2606, 0.00
20220218,105.0,105.5,104.5,105.0,2323125,244272787,1492, 0.00
20220221,104.5,106.0,104.0,106.0,2899001,305661747,1414,+1.00
20220222,105.5,106.0,104.5,106.0,4195019,441203802,2080, 0.00
20220223,106.0,107.0,105.5,107.0,3684352,392247252,2379,+1.00
20220224,106.5,107.0,104.0,105.0,6257044,658998208,3857,-2.00
20220225,104.5,106.0,103.5,103.5,11239657,1170286894,3659,-1.50
20220301,104.5,106.5,104.5,105.5,5181947,546586929,3049,+2.00
20220302,106.0,106.5,104.5,106.0,3709062,391925687,1933,+0.50
20220303,106.0,106.0,105.0,106.0,2093295,221476516,1548, 0.00
20220304,105.5,106.0,105.0,105.5,1704206,179504140,1365,-0.50
20220307,104.5,106.0,103.5,105.0,4908753,513171087,3106,-0.50
20220308,104.5,105.5,104.0,105.0,4052819,424544436,3508, 0.00
20220309,105.0,105.5,104.5,105.5,2217586,233205845,1271,+0.50
20220310,105.0,106.5,105.0,106.5,2696610,285563851,1396,+1.00
20220311,106.0,106.0,105.0,106.0,2052386,216928564,1495,-0.50
20220314,105.5,106.0,105.5,106.0,2115079,223868312,1268, 0.00
20220315,106.0,106.0,105.5,106.0,2374609,251264891,1713, 0.00
20220316,106.0,107.0,105.5,107.0,5281749,562926096,3277,+1.00
20220317,107.5,108.5,105.5,106.0,6625697,708722535,4109,-1.00
20220318,106.0,107.0,105.0,105.0,7616845,803250286,2373,-1.00
20220321,106.0,106.0,104.5,105.5,1614043,169874706,1279,+0.50
20220322,105.0,105.5,104.0,105.0,2910512,304147169,1987,-0.50
20220323,105.0,105.5,104.0,105.0,2459712,257535982,1437, 0.00
20220324,104.5,107.0,104.5,106.5,5331840,565961139,3554,+1.50
20220325,106.0,106.0,105.5,106.0,1917017,202839545,1246,-0.50
20220328,105.0,105.5,104.5,105.5,2960489,311314207,1608,-0.50
20220329,105.5,105.5,105.0,105.5,941677,99229301,1168, 0.00
20220330,105.5,106.0,105.0,105.5,1990268,210025296,1411, 0.00
20220331,105.5,106.0,105.0,105.0,1720703,181238575,721,-0.50
20220401,105.0,105.5,104.5,105.5,1798468,189077845,1205,+0.50
20220406,105.5,105.5,104.5,105.5,2635327,277220944,1761, 0.00
20220407,105.0,106.0,105.0,105.5,3025999,319384909,1693, 0.00
20220408,106.0,106.5,105.5,106.0,2364006,250733044,2190,+0.50
20220411,106.0,107.0,106.0,106.5,5387310,574399415,2831,+0.50
20220412,106.5,107.0,106.0,107.0,3280949,349954577,2695,+0.50
20220413,107.0,107.0,106.0,106.5,2410852,256417517,2467,-0.50
20220414,106.5,107.0,106.0,106.0,1331325,141430789,710,-0.50
20220415,106.0,106.5,105.0,105.5,1651095,174566938,2218,-0.50
20220418,105.0,106.5,105.0,106.0,2600461,275357642,2233,+0.50
20220419,106.0,107.0,106.0,106.0,4347606,463207799,2276, 0.00
20220420,106.5,108.5,106.0,108.5,8694172,935696385,5085,+2.50
20220421,108.0,108.5,107.5,108.0,2602940,280659080,2002,-0.50
20220422,107.0,108.5,107.0,108.5,2466805,266076590,2419,+0.50
20220425,107.5,108.0,107.0,107.5,3137644,337201796,2754,-1.00
20220426,107.5,109.0,107.5,109.0,4562492,493993256,2981,+1.50
20220427,108.5,109.0,108.0,108.0,3880869,420966101,2293,-1.00
20220428,108.0,109.0,108.0,109.0,6240090,676775596,3345,+1.00
20220429,108.5,109.0,108.0,108.5,2305107,250490103,2014,-0.50
20220503,108.0,108.5,106.5,107.0,2914805,313032135,2681,-1.50
20220504,107.0,107.0,105.0,105.5,3203236,338614533,1972,-1.50
20220505,106.0,106.5,105.0,105.5,1883908,199121080,1780, 0.00
20220506,105.0,106.5,105.0,106.0,3077105,325371734,2296,+0.50
20220509,105.0,106.0,105.0,105.5,2677943,282377168,2112,-0.50
20220510,105.5,107.5,105.0,107.0,5455580,582044412,3190,+1.50
20220511,106.0,107.5,106.0,107.5,3334671,357195736,2311,+0.50
20220512,107.5,107.5,106.0,106.5,4178870,447040963,2478,-1.00
20220513,106.5,107.0,106.0,106.5,2547035,271410549,2058, 0.00
20220516,107.0,107.0,106.0,106.5,1899052,202701326,1950, 0.00
20220517,107.0,107.0,106.0,106.5,2195951,234051697,1595, 0.00
20220518,106.0,108.0,105.5,107.5,6951653,745973243,3480,+1.00
20220519,107.5,108.0,107.0,108.0,4857354,522397186,2959,+0.50
20220520,108.0,108.0,107.0,108.0,3425739,368756230,2540, 0.00
20220523,108.0,108.0,107.0,107.0,4294639,461319372,1888,-1.00
20220524,107.0,107.5,106.5,107.0,4384384,469808565,1941, 0.00
20220525,107.5,108.0,106.5,107.5,5348818,573157352,2834,+0.50
20220526,107.5,109.0,107.0,108.5,6488175,702066187,3153,+1.00
20220527,108.5,109.0,107.5,108.0,6304044,681479844,3225,-0.50
20220530,108.0,108.0,107.0,108.0,4924800,529548383,2643, 0.00
20220531,107.5,108.0,107.0,108.0,11093043,1195808858,2052, 0.00
20220601,108.0,108.0,107.0,107.0,3099467,332759368,1287,-1.00
20220602,107.0,108.0,106.5,107.5,1557517,167218821,882,+0.50
20220606,108.0,108.0,107.0,108.0,1741714,187691347,1081,+0.50
20220607,107.5,108.0,107.0,107.5,2197258,236049161,1346,-0.50
20220608,107.0,108.0,107.0,108.0,1721476,185669995,1124,+0.50
20220609,107.5,108.0,106.5,107.5,4079983,437238358,1735,-0.50
20220610,106.5,107.5,106.0,106.5,3427166,365405316,1231,-1.00
20220613,106.0,106.5,105.0,106.0,4013213,424809826,2147,-0.50
20220614,106.0,107.0,105.5,106.5,2460400,261888385,1492,+0.50
20220615,106.5,107.5,106.0,107.0,3229305,346066285,2169,+0.50
20220616,107.5,107.5,106.5,107.0,2243935,240006292,1140, 0.00
20220617,106.0,107.5,106.0,106.0,5982176,635115175,1613,-1.00
20220620,106.5,107.5,106.5,107.0,3502908,375029348,1697,+1.00
20220621,107.5,108.5,107.0,108.5,7013011,757084384,3280,+1.50
20220622,108.0,109.0,107.5,108.5,3926687,425456148,2046, 0.00
20220623,109.0,109.5,108.0,109.0,7533540,821465383,2573,+0.50
20220624,109.0,110.5,109.0,110.5,7161494,787028712,3365,+1.50
20220627,110.0,110.5,109.5,109.5,4501310,494603629,2251,-1.00
20220628,109.5,110.0,109.0,110.0,2964144,325282589,1719,+0.50
20220629,109.0,110.5,109.0,110.0,5960970,654836585,3599, 0.00
20220630,109.5,110.0,107.5,108.0,5950083,645434607,2427,-2.00
20220701,108.0,109.0,107.0,109.0,6951662,754682334,3038,+1.00
20220704,109.0,110.5,109.0,109.5,10682731,1173069245,3807,+0.50
20220705,110.0,110.5,108.5,109.0,12524967,1371135700,2678,-0.50
20220706,109.5,110.0,108.5,109.0,14332377,1565930087,4074, 0.00
20220707,109.0,109.5,108.0,108.0,10543129,1144479582,3539,-1.00
20220708,103.5,104.5,102.5,103.0,9439014,977429451,3533,X0.00
20220711,103.0,104.0,103.0,103.5,3367471,348715517,2142,+0.50
20220712,103.5,104.5,103.0,104.0,5746135,596584136,2233,+0.50
20220713,104.0,105.0,103.5,104.0,5074403,528045157,2832, 0.00
20220714,104.0,105.5,104.0,105.5,4887918,513638665,2023,+1.50
20220715,104.5,105.5,104.0,105.0,5114246,535881795,1617,-0.50
20220718,104.0,104.5,103.0,103.5,7718615,801221077,3367,-1.50
20220719,103.0,103.5,99.0,99.1,13728212,1379019928,6665,-4.40
20220720,99.1,99.1,98.1,98.2,9469217,931628511,6651,-0.90
20220721,99.2,99.2,98.1,99.1,4191773,413386916,2532,+0.90
20220722,99.3,99.4,98.4,99.1,3445041,341095068,1606, 0.00
20220725,99.4,100.5,99.3,100.5,2298641,230097790,1500,+1.40
20220726,100.5,101.5,100.0,100.5,4566731,459213766,2183, 0.00
20220727,101.0,103.0,100.5,102.0,7051122,720082022,2921,+1.50
20220728,102.0,102.5,101.0,101.5,2408596,244977560,1274,-0.50
20220729,102.0,102.0,101.0,101.5,2627841,266820258,953, 0.00
20220801,101.5,101.5,101.0,101.5,2555735,259244442,1435, 0.00
20220802,101.0,103.0,100.5,102.0,6010243,613036041,2943,+0.50
20220803,102.0,103.5,101.0,101.5,5648560,576282683,2661,-0.50
20220804,102.0,102.5,100.5,102.0,3375371,342667499,1407,+0.50
20220805,102.0,102.0,101.0,101.5,3137409,318959812,1449,-0.50
20220808,101.5,102.0,100.5,101.5,3300659,334276671,1404, 0.00
20220809,102.0,102.0,101.0,101.0,2027970,205310581,1545,-0.50
20220810,101.0,102.0,100.5,102.0,3337483,338516836,1462,+1.00
20220811,102.0,102.5,101.0,101.5,3623236,368708511,1397,-0.50
20220812,102.0,102.0,101.0,101.5,3033599,307409438,1742, 0.00
20220815,101.5,102.0,101.0,101.5,2238798,227724869,1295, 0.00
20220816,102.0,102.0,101.0,101.5,2912972,296063117,1601, 0.00
20220817,102.0,102.0,101.0,101.5,3964010,401914169,2187, 0.00
20220818,101.5,101.5,100.5,101.0,2414911,243557543,1636,-0.50
20220819,101.0,101.0,100.0,100.0,2677115,268889667,1847,-1.00
20220822,100.5,101.5,100.0,101.0,3143244,316121164,1923,+1.00
20220823,101.0,101.0,100.0,100.0,2491122,249745614,1392,-1.00
20220824,100.5,100.5,99.9,100.5,5909692,592315735,2243,+0.50
20220825,100.5,101.0,99.6,99.9,5151635,515039741,4104,-0.60
20220826,100.5,100.5,99.8,99.9,2376626,237571649,1220, 0.00
20220829,99.7,100.5,99.1,99.8,4334662,432005333,2771,-0.10
20220830,99.8,99.9,99.3,99.8,3449516,343394532,2110, 0.00
20220831,99.9,99.9,99.0,99.6,7161610,711824186,2853,-0.20
20220901,99.1,99.2,98.1,98.3,8291519,816697862,6245,-1.30
20220902,99.2,99.2,98.2,98.2,3044158,299855777,2288,-0.10
20220905,98.7,99.2,98.4,98.5,1417510,139909771,1148,+0.30
20220906,99.1,99.7,98.4,98.7,2730527,269772143,1436,+0.20
20220907,98.7,98.7,98.1,98.2,3349782,329258426,2345,-0.50
20220908,98.7,99.0,98.2,99.0,1952134,192670954,1203,+0.80
20220912,100.0,100.0,98.2,98.4,4355097,429978183,2979,-0.60
20220913,99.0,99.1,98.2,98.3,4054782,399058282,2775,-0.10
20220914,98.0,98.0,97.1,97.2,9488340,924841147,7251,-1.10
20220915,97.7,98.2,97.1,97.5,4126293,402631465,2247,+0.30
20220916,97.4,97.6,97.0,97.0,7373262,716599320,3021,-0.50
20220919,97.8,97.8,96.7,96.7,3882963,376576251,3263,-0.30
20220920,97.4,97.4,96.3,96.8,5114495,494161951,3382,+0.10
20220921,97.0,97.6,96.8,97.2,2802232,272471262,2007,+0.40
20220922,96.7,97.4,96.0,96.0,4847132,466021519,4094,-1.20
20220923,96.4,96.8,96.1,96.5,1492309,143912921,1279,+0.50
20220926,96.4,97.0,95.6,96.5,4156944,400137471,1901, 0.00
20220927,96.7,97.2,96.2,97.0,3807934,368491112,1690,+0.50
20220928,97.1,97.7,96.0,97.4,6203463,601658400,2353,+0.40
20220929,97.5,97.5,95.8,96.9,7152562,690783565,3850,-0.50
20220930,96.6,96.9,95.0,95.6,7540779,721833751,3951,-1.30
20221003,95.5,96.1,95.0,95.6,3692869,352879600,1997, 0.00
20221004,96.0,96.2,95.0,95.0,4768261,453588091,3139,-0.60
20221005,95.0,95.4,94.6,94.7,4261375,404125768,3136,-0.30
20221006,95.3,95.3,94.3,94.4,3855999,364454759,2319,-0.30
20221007,94.3,94.4,92.9,93.2,6331632,590440812,5387,-1.20
20221011,92.7,93.3,92.1,92.9,4857091,450635861,2883,-0.30
20221012,93.0,94.3,93.0,93.7,3081819,288992483,1617,+0.80
20221013,93.8,94.3,92.9,93.2,4295184,401106000,2188,-0.50
20221014,93.8,94.2,91.2,91.5,6500249,599696250,4796,-1.70
20221017,91.5,92.7,91.1,92.1,2319407,213405009,1893,+0.60
20221018,92.5,92.7,92.1,92.2,1686983,155787049,1322,+0.10
20221019,92.3,92.8,91.0,91.0,5006747,458436855,3086,-1.20
20221020,90.5,92.7,90.4,92.5,9773120,898794706,3249,+1.50
20221021,92.1,93.3,92.1,92.9,3171571,293765110,1320,+0.40
20221024,93.5,93.5,91.9,92.5,4673701,432292022,2045,-0.40
20221025,93.4,94.7,92.2,94.6,5744808,536402365,2653,+2.10
20221026,94.6,95.4,94.0,94.6,3772150,356996179,2738, 0.00
20221027,95.3,95.4,93.6,94.3,4446212,419163221,2241,-0.30
20221028,95.3,95.3,94.0,94.3,2603160,245703807,1141, 0.00
20221031,94.4,95.4,94.3,95.1,2768052,263230916,1344,+0.80
20221101,95.3,95.4,94.2,94.4,2014196,190933651,1146,-0.70
20221102,94.9,95.0,93.7,94.1,2224223,209259002,1367,-0.30
20221103,93.6,94.3,92.8,93.3,2690081,251154906,1623,-0.80
20221104,92.8,94.7,92.2,94.7,3338270,311823351,1744,+1.40
20221107,94.0,94.1,92.7,93.0,3570132,331819349,2688,-1.70
20221108,93.6,94.8,93.4,94.3,2807068,264090536,1703,+1.30
20221109,95.2,95.2,94.3,94.9,2414099,228787674,1725,+0.60
20221110,94.9,95.0,94.0,94.0,1438383,135662061,1069,-0.90
20221111,94.9,95.2,94.2,95.0,3643471,345208600,1891,+1.00
20221114,95.3,95.6,94.5,94.9,4539168,431842073,2343,-0.10
20221115,94.9,94.9,93.8,94.0,4135102,389073813,2173,-0.90
20221116,93.7,93.7,92.7,92.7,5399886,502370935,3559,-1.30
20221117,92.9,93.0,92.0,92.1,3846758,354481863,3454,-0.60
20221118,92.5,93.8,91.9,93.8,5333571,494049311,3148,+1.70
20221121,93.5,93.5,91.8,91.9,5105163,470026518,4217,-1.90
20221122,92.2,92.2,91.3,91.8,3284215,300769290,3039,-0.10
20221123,92.0,92.4,91.7,92.0,2228155,205218778,1795,+0.20
20221124,92.7,93.6,92.6,93.3,2568016,239103357,1926,+1.30
20221125,93.4,94.1,93.2,94.1,3425948,320935192,2658,+0.80
20221128,93.5,93.7,92.7,93.0,3173808,295595241,2201,-1.10
20221129,94.0,94.4,93.1,94.0,2332664,218831954,1626,+1.00
20221130,94.0,95.5,93.9,95.5,10531151,1003091015,2330,+1.50
20221201,95.4,95.4,93.8,94.1,3169499,299224714,2436,-1.40
20221202,94.1,94.6,93.5,94.6,1794473,168818323,1166,+0.50
20221205,94.2,94.6,93.9,94.3,2100524,197982896,1384,-0.30
20221206,94.2,94.4,93.5,93.5,2764469,259224544,1699,-0.80
20221207,93.8,95.4,93.6,95.4,3898684,370145727,2225,+1.90
20221208,95.4,95.4,94.3,95.3,2219476,210619942,1560,-0.10
20221209,95.3,95.5,94.9,95.4,1836424,174835912,1192,+0.10
20221212,95.4,95.9,94.6,95.9,1676290,159735214,1126,+0.50
20221213,95.9,95.9,94.1,95.1,3752933,355332168,2229,-0.80
20221214,95.2,95.8,95.0,95.4,2657875,253608107,1340,+0.30
20221215,95.5,96.0,94.6,94.7,2182300,207383361,1423,-0.70
20221216,94.2,95.2,93.9,94.1,5178051,488177150,1864,-0.60
20221219,93.6,94.4,93.6,94.2,1988471,187026695,1166,+0.10
20221220,93.9,94.3,93.6,93.6,3066894,287809198,2062,-0.60
20221221,93.6,94.7,93.6,94.3,1619165,152624982,964,+0.70
20221222,94.7,94.8,94.2,94.8,880337,83340760,599,+0.50
20221223,94.5,94.9,93.6,94.8,2514198,237073025,1489, 0.00
20221226,94.8,94.9,94.3,94.8,935861,88493097,924, 0.00
20221227,94.9,95.0,94.5,94.8,919788,87103420,771, 0.00
20221228,94.5,94.6,93.9,94.2,1922179,181078433,1442,-0.60
20221229,94.1,94.8,94.0,94.5,1788592,168706618,1047,+0.30
20221230,95.0,95.2,94.6,94.7,742114,70436046,611,+0.20
20230103,94.5,95.5,93.8,95.4,1682254,159449463,1446,+0.70
20230104,95.4,96.0,95.2,95.9,1634636,156448105,1006,+0.50
20230105,96.0,96.0,95.6,95.9,1278111,122461896,969, 0.00
20230106,96.0,96.2,95.9,96.2,1128726,108460565,963,+0.30
20230109,97.0,98.2,96.9,98.2,4154173,405498812,2828,+2.00
20230110,98.2,98.4,97.3,98.3,2574865,252387491,1902,+0.10
20230111,98.3,98.5,95.5,95.5,4890790,469608515,6204,-2.80
20230112,95.7,96.0,94.2,94.7,4708001,445221988,3863,-0.80
20230113,95.4,95.9,94.7,95.2,2333858,222358839,1708,+0.50
20230116,95.7,96.5,95.2,95.9,2073680,198649053,1677,+0.70
20230117,96.2,96.2,95.2,95.2,2786371,265822219,1682,-0.70
20230130,97.3,97.4,94.6,96.8,8941647,860584332,4638,+1.60
20230131,96.5,96.5,94.6,94.6,6261018,594473659,3354,-2.20
20230201,94.9,95.2,94.5,95.1,2314264,219581209,1514,+0.50
20230202,95.4,95.5,94.7,95.0,2610570,248162781,1744,-0.10
20230203,95.4,95.6,94.7,95.2,2665313,253425982,1913,+0.20
20230206,95.2,95.6,94.9,94.9,2775083,263932466,1988,-0.30
20230207,95.1,95.6,94.8,95.6,2495994,238100366,1740,+0.70
20230208,95.5,95.8,95.1,95.4,1378467,131652154,1212,-0.20
20230209,95.4,95.8,95.3,95.6,1944198,185708585,1393,+0.20
20230210,95.3,96.3,95.3,95.9,2165161,207516583,1569,+0.30
20230213,95.7,96.7,95.5,96.7,2837528,273473195,1828,+0.80
20230214,96.7,97.0,96.3,96.5,2031838,196179279,1524,-0.20
20230215,96.7,96.8,95.5,95.9,2059284,197538307,1897,-0.60
20230216,96.2,96.7,96.1,96.2,2291597,220778037,1411,+0.30
20230217,96.2,96.7,95.9,96.6,1693711,163415041,1000,+0.40
20230220,96.6,96.9,96.3,96.9,1481038,143264096,1146,+0.30
20230221,97.2,97.2,96.4,96.8,1657210,160227019,971,-0.10
20230222,96.6,97.5,96.0,97.2,2759806,267739208,1860,+0.40
20230223,97.4,97.7,96.9,97.6,1680792,163732883,1195,+0.40
20230224,97.8,97.9,96.6,96.6,4892924,473912582,1769,-1.00
20230301,96.2,96.7,95.5,95.5,4758426,456311732,3335,-1.10
20230302,95.6,97.0,95.5,96.8,2234196,215418606,1406,+1.30
20230303,96.9,97.3,96.5,97.2,1349933,130975193,1097,+0.40
20230306,97.6,98.2,97.4,98.2,2609057,255649221,1700,+1.00
20230307,98.1,98.3,97.7,98.2,1883165,184726912,1425, 0.00
20230308,97.9,98.6,97.8,98.6,2711273,266549459,1666,+0.40
20230309,98.6,98.7,98.2,98.5,2482972,244487479,1670,-0.10
20230310,98.2,98.2,97.1,97.8,3949750,385452568,2662,-0.70
20230313,97.5,98.4,97.3,98.0,3577095,350383068,1902,+0.20
20230314,97.0,98.3,96.8,97.7,4524580,441758080,4031,-0.30
20230315,97.8,98.2,97.6,97.8,3580707,350518776,2277,+0.10
20230316,98.0,98.5,97.5,98.4,2691101,264188595,1795,+0.60
20230317,98.4,99.7,98.1,99.0,8067187,798968686,2813,+0.60
20230320,99.4,99.4,98.3,99.4,1949439,192898022,2889,+0.40
20230321,99.1,99.7,98.5,98.5,2234187,220984487,2309,-0.90
20230322,99.0,99.5,98.7,99.1,2009906,199110964,1354,+0.60
20230323,99.4,99.7,99.0,99.5,2197160,218464609,1341,+0.40
20230324,99.7,100.5,99.0,100.5,2481893,248186202,1610,+1.00
20230327,100.5,100.5,99.9,100.5,1886716,189133393,1497, 0.00
20230328,100.5,100.5,99.8,100.0,3197014,320015636,2458,-0.50
20230329,100.0,100.5,100.0,100.5,2246183,225338245,1348,+0.50
20230330,100.5,101.0,100.0,101.0,2056347,206863091,1257,+0.50
20230331,101.0,101.5,101.0,101.0,1990188,201302152,1211, 0.00
20230406,101.0,101.5,100.0,101.5,3533086,356145198,3448,+0.50
20230407,101.5,102.0,101.5,101.5,1541584,157067951,1511, 0.00
20230410,101.5,103.0,101.5,103.0,3126119,320752264,2209,+1.50
20230411,103.0,104.0,103.0,104.0,3166252,328543968,2187,+1.00
20230412,104.0,104.0,103.0,104.0,3760024,390005488,2003, 0.00
20230413,104.0,104.0,103.0,103.5,2489767,257900373,1623,-0.50
20230414,103.5,105.0,103.0,105.0,2658953,278024440,2015,+1.50
20230417,105.0,105.0,104.0,105.0,2914948,305425743,2132, 0.00
20230418,105.0,105.5,104.5,105.0,2169945,227639369,1602, 0.00
20230419,105.0,105.0,104.0,104.0,2925488,305527631,2135,-1.00
20230420,104.0,104.0,101.5,103.0,6100550,625738724,3555,-1.00
20230421,102.0,103.0,102.0,102.5,3955415,405423186,2837,-0.50
20230424,103.0,103.5,102.5,103.0,1718875,176850947,1036,+0.50
20230425,103.5,104.0,102.5,103.0,2964683,305527525,2198, 0.00
20230426,103.0,104.0,103.0,104.0,4871897,504275207,2753,+1.00
20230427,103.5,104.0,103.0,103.5,2576070,266217871,2137,-0.50
20230428,103.5,104.0,103.0,103.5,1448185,149799105,846, 0.00
20230502,104.0,104.0,102.5,103.0,2138338,220794779,1793,-0.50
20230503,103.5,103.5,102.5,103.0,1723737,177411252,1678, 0.00
20230504,103.5,105.0,102.5,104.5,4682335,484872571,2654,+1.50
20230505,104.0,104.5,103.5,104.5,3492174,362725846,2327, 0.00
20230508,104.5,104.5,103.5,104.0,2160638,224908774,1468,-0.50
20230509,104.0,104.0,103.0,103.5,3105781,320942609,1928,-0.50
20230510,103.5,104.0,103.0,103.5,3102863,320568328,2124, 0.00
20230511,103.5,103.5,103.0,103.5,1424126,147104844,1161, 0.00
20230512,103.0,103.5,102.5,103.0,2348447,241626205,1757,-0.50
20230515,102.5,103.5,102.0,103.5,2214749,228025632,1455,+0.50
20230516,103.5,104.0,103.0,103.5,2870550,297134645,1859, 0.00
20230517,103.5,105.0,103.0,104.5,5948762,621651825,3752,+1.00
20230518,104.5,105.0,104.0,104.0,3138600,327565513,1858,-0.50
20230519,104.0,104.5,103.5,104.0,4374585,455200667,2115, 0.00
20230522,104.0,104.0,103.0,104.0,3768122,390758161,2403, 0.00
20230523,104.0,104.0,102.5,104.0,4364554,450901508,2426, 0.00
20230524,103.5,104.0,102.5,104.0,4011529,414564640,2787, 0.00
20230525,103.5,104.0,102.0,102.5,6910310,709445562,3694,-1.50
20230526,102.0,103.0,102.0,103.0,5150117,527209000,3712,+0.50
20230529,103.0,103.5,102.0,103.0,4359328,446686248,2961, 0.00
20230530,103.0,103.5,102.0,103.5,6572072,675270193,4048,+0.50
20230531,103.5,103.5,102.5,103.5,17146814,1773541571,2792, 0.00
20230601,103.5,103.5,102.5,103.0,3729657,383606901,2510,-0.50
20230602,103.0,104.5,103.0,104.0,4924053,511787391,2355,+1.00
20230605,104.0,104.5,103.0,103.5,2449026,253678610,1798,-0.50
20230606,103.5,104.5,103.5,104.0,4692109,487667555,2423,+0.50
20230607,104.5,104.5,103.5,104.0,3144740,326643027,1917, 0.00
20230608,103.5,104.0,103.0,103.5,2101845,217720907,1220,-0.50
20230609,104.0,104.0,103.0,103.0,1907905,197181752,1195,-0.50
20230612,103.0,103.5,102.5,102.5,3296386,339063604,1733,-0.50
20230613,102.5,103.5,102.5,103.0,4496793,463910346,1893,+0.50
20230614,103.5,103.5,102.5,102.5,2810798,289028506,1698,-0.50
20230615,103.0,103.0,102.5,103.0,5560099,571320258,3464,+0.50
20230616,103.0,103.5,102.5,102.5,6461238,664719243,2869,-0.50
20230619,102.5,103.5,102.5,103.5,3590242,370399197,2045,+1.00
20230620,103.5,103.5,102.5,102.5,4654092,478437571,2405,-1.00
20230621,103.0,103.0,101.5,101.5,5494545,560613992,3135,-1.00
20230626,101.5,101.5,100.5,101.0,4542239,459490938,2417,-0.50
20230627,101.0,101.0,100.0,100.0,5033129,505814400,2713,-1.00
20230628,100.0,100.5,99.9,100.0,4874966,488402717,2431, 0.00
20230629,100.5,101.0,100.0,100.5,6806198,685501085,2683,+0.50
20230630,96.3,97.1,95.6,95.6,10099047,970461475,7903,X0.00
20230703,95.8,96.1,94.9,95.0,7019189,668462634,6958,-0.60
20230704,95.0,95.0,94.4,94.5,5780076,546867868,4940,-0.50
20230705,94.5,95.5,94.0,94.1,4834140,456331262,5120,-0.40
20230706,94.0,94.3,93.5,93.6,5295925,497067969,5528,-0.50
20230707,93.8,94.1,93.1,93.5,3921081,366119249,3634,-0.10
20230710,93.9,94.2,93.3,93.5,3911130,366313246,2794, 0.00
20230711,94.2,94.6,94.1,94.4,2237162,211014069,1975,+0.90
20230712,94.4,94.4,93.8,94.2,3545399,333601684,3453,-0.20
20230713,94.7,94.7,93.8,93.8,3438001,323478084,2945,-0.40
20230714,94.4,95.3,94.1,95.1,4154702,394362769,2705,+1.30
20230717,95.6,95.6,94.4,94.5,2834788,268618415,2778,-0.60
20230718,94.5,95.0,93.9,94.1,3521565,332050501,2632,-0.40
20230719,94.1,94.5,93.8,94.2,3271480,308047606,2312,+0.10
20230720,94.6,94.6,94.1,94.4,2692228,253745681,1719,+0.20
20230721,94.6,94.6,94.1,94.1,2410262,227279987,1810,-0.30
20230724,94.3,94.4,93.9,93.9,2935671,276044890,2056,-0.20
20230725,94.3,94.5,94.0,94.5,1923326,181203515,1668,+0.60
20230726,94.7,94.7,94.2,94.5,2362953,223359380,1560, 0.00
20230727,94.7,95.0,94.6,94.9,1951152,184987213,1676,+0.40
20230728,94.9,95.1,94.7,95.0,2170220,206052302,1740,+0.10
20230731,95.3,95.4,94.4,94.4,5461721,516558796,2300,-0.60
20230801,94.6,95.0,94.5,94.9,2421739,229468961,1628,+0.50
20230802,94.9,94.9,94.0,94.1,4286225,403709131,3628,-0.80
20230804,94.2,94.3,94.0,94.1,2051864,193135417,1840, 0.00
20230807,94.3,94.5,94.1,94.1,2324943,218994057,1656, 0.00
20230808,94.1,94.2,93.8,93.8,4847147,455135835,3244,-0.30
20230809,93.9,94.0,93.6,93.8,3761014,352449868,2691, 0.00
20230810,93.8,94.4,93.6,94.1,3251074,305370621,2263,+0.30
20230811,94.0,94.6,94.0,94.3,1942794,183325455,1344,+0.20
20230814,94.3,94.4,93.8,93.8,2197486,206580012,1860,-0.50
20230815,93.9,94.3,93.7,93.7,1927803,180956537,1385,-0.10
20230816,93.7,94.2,93.5,93.9,2529785,237463766,2329,+0.20
20230817,93.6,93.9,93.6,93.8,3120608,292521066,2316,-0.10
20230818,94.0,94.1,93.8,93.9,1963307,184396829,1404,+0.10
20230821,94.1,94.1,93.8,94.0,2261561,212503078,1535,+0.10
20230822,94.0,94.0,93.2,93.5,3677067,344087704,3251,-0.50
20230823,93.5,93.6,93.3,93.5,2418849,225909936,2478, 0.00
20230824,93.5,93.9,93.4,93.6,2121211,198627591,1431,+0.10
20230825,93.6,94.2,93.3,93.3,2505702,234421627,1946,-0.30
20230828,93.4,93.6,93.3,93.6,1406517,131431264,1095,+0.30
20230829,93.6,94.1,93.5,94.1,1707309,160209083,1130,+0.50
20230830,94.1,94.4,93.7,94.1,2496383,234732903,1692, 0.00
20230831,94.1,94.1,93.2,93.2,7579307,707620919,3247,-0.90
20230901,93.8,94.0,93.5,93.9,1669982,156543886,1084,+0.70
20230904,93.8,94.0,93.6,94.0,2076372,194741767,1273,+0.10
20230905,94.0,94.0,93.6,93.6,1784164,167350750,1670,-0.40
20230906,94.0,94.0,93.4,93.4,2407800,225280100,2042,-0.20
20230907,93.4,93.6,93.2,93.3,2809586,262210740,2207,-0.10
20230908,93.4,93.7,93.1,93.5,2621469,244652697,1914,+0.20
20230911,93.7,94.0,93.4,94.0,2173445,203660064,1357,+0.50
20230912,94.0,94.6,93.9,94.6,2887384,272585353,1873,+0.60
20230913,94.7,94.8,94.4,94.7,1317101,124565589,1351,+0.10
20230914,94.9,95.0,94.7,95.0,2288349,217091048,1806,+0.30
20230915,95.0,96.0,94.7,95.6,6436772,614978593,2643,+0.60
20230918,95.6,95.7,95.0,95.2,1207203,114905694,1376,-0.40
20230919,95.2,95.7,94.8,95.5,1324706,126032083,1102,+0.30
20230920,95.5,95.5,95.0,95.0,1860639,177068931,1456,-0.50
20230921,94.7,94.7,93.6,93.8,4897918,460050969,4048,-1.20
20230922,93.8,94.2,93.7,93.7,2387862,224097317,1878,-0.10
20230925,94.0,94.5,93.9,94.0,1859515,174919447,1304,+0.30
20230926,93.8,94.6,93.8,94.6,2683668,253056678,1439,+0.60
20230927,94.7,94.7,93.8,93.9,1996964,187787718,1786,-0.70
20230928,94.3,94.6,94.1,94.6,1404603,132624808,1076,+0.70
20231002,94.6,94.6,94.0,94.2,1865461,175747770,1709,-0.40
20231003,94.0,94.0,93.8,93.9,1403955,131863030,1415,-0.30
20231004,93.8,93.9,93.5,93.5,2611730,244521828,2482,-0.40
20231005,94.0,94.5,93.8,94.4,2285421,215477372,1636,+0.90
20231006,94.6,94.6,93.9,94.2,1612170,151709728,1406,-0.20
20231011,95.3,95.9,94.6,95.9,6888787,657424051,4431,+1.70
20231012,96.1,96.2,95.3,96.2,3876490,371592442,2800,+0.30
20231013,95.4,95.8,94.8,95.6,4144131,394980278,3566,-0.60
20231016,95.6,96.1,95.0,95.8,4785588,457644644,2701,+0.20
20231017,95.9,96.2,95.1,95.4,6918670,662311912,3418,-0.40
20231018,95.9,96.2,95.2,95.6,10181542,974368981,3498,+0.20
20231019,95.1,95.6,94.6,94.9,5439429,516348151,3303,-0.70
20231020,94.5,95.0,94.2,94.2,5784939,545672442,3299,-0.70
20231023,94.5,94.6,94.1,94.4,2346954,221178720,1656,+0.20
20231024,94.4,95.0,94.3,94.8,2529620,239614574,1909,+0.40
20231025,94.9,95.1,94.6,94.9,3008661,285442946,1803,+0.10
20231026,94.8,95.4,94.4,94.8,3252984,308463275,1859,-0.10
20231027,94.9,95.5,94.9,95.5,3062815,291917454,1894,+0.70
20231030,95.6,95.7,94.7,95.0,3663979,347854446,2574,-0.50
20231031,94.8,95.8,94.8,95.8,3737734,356500391,1815,+0.80
20231101,95.7,96.5,95.6,96.3,4894303,471091536,3269,+0.50
20231102,96.5,97.0,96.2,96.6,4416417,426670168,2647,+0.30
20231103,96.6,97.0,96.5,97.0,3673198,355821406,2311,+0.40
20231106,97.4,97.7,97.1,97.7,5163700,503229336,2880,+0.70
20231107,97.7,97.8,97.1,97.2,3233297,314926025,2084,-0.50
20231108,97.7,98.4,97.3,98.3,3905278,383014326,2163,+1.10
20231109,98.3,98.7,98.0,98.4,3482812,342824179,2355,+0.10
20231110,98.3,98.3,97.8,97.9,2200839,215752572,3670,-0.50
20231113,97.9,98.0,96.7,97.1,3456011,335674398,2239,-0.80
20231114,97.6,97.6,97.1,97.3,2019099,196473343,1216,+0.20
20231115,98.3,98.4,97.2,97.5,4546007,443698223,2525,+0.20
20231116,98.0,98.1,97.4,98.0,3827813,374254675,1831,+0.50
20231117,98.0,98.4,97.4,97.7,3780721,370064331,2323,-0.30
20231120,98.1,98.1,97.3,97.7,2233919,217810933,1429, 0.00
20231121,97.7,98.5,97.5,98.3,4983312,489518564,2915,+0.60
20231122,98.4,98.6,98.1,98.3,3686745,362559542,2802, 0.00
20231123,98.0,98.8,97.9,98.4,3830250,376633602,2161,+0.10
20231124,98.4,99.2,98.2,98.3,7025159,693430875,3525,-0.10
20231127,98.3,99.7,98.3,98.5,7703522,763262482,3585,+0.20
20231128,98.9,99.3,98.4,98.4,7663880,757827165,3547,-0.10
20231129,98.8,99.4,98.8,98.9,7159613,709368193,3308,+0.50
20231130,98.9,99.4,98.4,98.4,9815218,968071231,2796,-0.50
20231201,98.5,99.3,98.4,99.2,5882957,581627137,3759,+0.80
20231204,99.1,101.0,99.1,99.8,9258644,927433187,4586,+0.60
20231205,100.5,101.0,100.0,100.5,6977541,700988973,3361,+0.70
20231206,101.0,101.5,100.0,100.0,4903923,493205037,3749,-0.50
20231207,100.0,100.5,99.2,99.4,2791505,277744766,2361,-0.60
20231208,99.7,99.7,98.8,99.1,2619738,259582914,1862,-0.30
20231211,99.1,99.2,98.1,98.5,2315880,227929194,2307,-0.60
20231212,99.2,99.2,98.5,98.7,2524432,249084981,1615,+0.20
20231213,99.1,99.1,98.3,98.4,1882067,185585244,1465,-0.30
20231214,99.4,99.4,98.3,98.9,2668371,263580869,1984,+0.50
20231215,99.2,99.2,97.8,98.4,5949619,584734076,3748,-0.50
20231218,98.3,98.3,97.8,98.1,2203131,215817519,1876,-0.30
20231219,97.8,98.0,97.6,98.0,2328251,227749623,1922,-0.10
20231220,98.0,98.1,97.6,98.1,3141451,307359092,2164,+0.10
20231221,97.6,97.8,97.3,97.6,3256426,317479350,2637,-0.50
20231222,97.3,97.7,97.2,97.2,2531164,246361913,1592,-0.40
20231225,97.3,97.6,97.0,97.5,1653093,160820934,1324,+0.30
20231226,97.9,98.2,97.5,97.8,1846196,180412446,1266,+0.30
20231227,98.1,98.5,97.7,98.3,2131688,209189724,1670,+0.50
20231228,98.2,98.8,98.1,98.8,1858226,183155871,1556,+0.50
20231229,98.5,98.7,97.9,98.6,2615837,257285338,1843,-0.20
20240102,98.5,99.5,98.4,99.5,2349301,232276763,1518,+0.90
20240103,98.7,99.0,98.4,98.9,1881143,185470006,1689,-0.60
20240104,98.9,98.9,98.2,98.9,1496185,147510757,1215, 0.00
20240105,98.6,98.9,98.2,98.5,1113854,109612479,1055,-0.40
20240108,98.7,99.0,98.4,99.0,1319893,130399346,1165,+0.50
20240109,99.0,99.1,98.8,99.1,1392094,137773962,1227,+0.10
20240110,99.3,99.3,98.5,98.8,1965533,194284277,1344,-0.30
20240111,99.3,99.8,99.0,99.7,2866451,285200283,2153,+0.90
20240112,100.0,100.0,99.2,99.8,1893071,188567439,1568,+0.10
20240115,99.8,99.8,98.9,99.1,2068587,205171448,2992,-0.70
20240116,98.6,98.7,98.0,98.0,3304282,324555796,3462,-1.10
20240117,97.6,98.0,97.1,97.2,4551789,443319856,3616,-0.80
20240118,97.2,97.7,97.2,97.3,2510120,244468280,1819,+0.10
20240119,97.0,97.6,96.9,97.3,3689178,358972225,1748, 0.00
20240122,97.8,98.1,97.3,97.6,1858687,181394902,1190,+0.30
20240123,98.0,98.0,97.2,97.3,2338238,227774203,1420,-0.30
20240124,97.4,98.1,97.2,97.3,2519514,245280991,1342, 0.00
20240125,97.8,98.0,97.3,97.6,2087752,203551494,1339,+0.30
20240126,97.4,98.4,97.4,98.4,1480843,145203398,1085,+0.80
20240129,98.0,98.6,97.8,98.6,1169383,114920178,1001,+0.20
20240130,98.6,98.6,97.9,98.5,2055326,201970668,1346,-0.10
20240131,98.3,98.4,97.9,98.0,2244020,219912447,868,-0.50
20240201,98.5,98.8,98.1,98.7,2819643,278003893,1653,+0.70
20240202,98.7,98.8,98.2,98.3,1620683,159493354,1434,-0.40
20240205,97.9,98.5,97.8,98.5,1786031,175304744,1340,+0.20
20240215,97.8,98.5,97.7,98.0,3304759,323980556,2436,-0.50
20240216,98.0,98.1,97.7,98.0,2920153,285969577,1702, 0.00
20240219,98.0,98.1,97.7,98.0,3103890,303876283,2089, 0.00
20240220,98.0,98.7,98.0,98.6,1716106,169066016,1136,+0.60
20240221,98.9,100.0,98.8,100.0,4458121,443621654,3178,+1.40
20240222,100.0,100.0,99.6,99.9,3139915,313467681,2067,-0.10
20240223,99.7,99.8,99.3,99.4,1900619,189214944,2917,-0.50
20240226,99.1,99.9,99.1,99.9,2588563,258154272,1907,+0.50
20240227,99.5,99.9,99.1,99.1,2870762,285236152,2366,-0.80
20240229,99.1,99.3,98.5,99.0,11205155,1108787535,3640,-0.10
20240301,98.4,98.8,98.2,98.4,3373067,331979879,2402,-0.60
20240304,98.0,98.9,98.0,98.1,2511096,247078110,1827,-0.30
20240305,98.1,98.5,97.8,97.9,2877898,282105739,2208,-0.20
20240306,98.4,98.7,98.0,98.5,2288340,225106555,1798,+0.60
20240307,98.0,98.3,97.9,97.9,4495322,440467109,2883,-0.60
20240308,97.6,98.4,97.6,98.4,2787886,273694874,1989,+0.50
20240311,98.8,99.0,98.5,98.8,2043173,201975272,1534,+0.40
20240312,98.8,99.2,98.6,98.9,3157970,312278298,2272,+0.10
20240313,98.6,99.8,98.6,99.6,4791397,476681661,3078,+0.70
20240314,99.5,99.8,99.2,99.8,3553218,353905616,3758,+0.20
20240315,99.8,100.0,99.3,99.3,9330720,928264034,4017,-0.50
20240318,99.3,100.0,99.3,99.6,3048972,303991792,2091,+0.30
20240319,99.3,99.3,98.5,98.5,5374126,531689156,6259,-1.10
20240320,98.5,99.1,98.5,98.6,4082165,403151757,2791,+0.10
20240321,99.2,99.6,98.7,99.4,3209144,318873048,2107,+0.80
20240322,99.8,99.9,99.4,99.9,4120617,410779281,2768,+0.50
20240325,99.3,99.9,99.3,99.9,1479428,147418115,2925, 0.00
20240326,99.9,101.0,99.6,100.5,5899018,591751170,3115,+0.60
20240327,100.5,102.0,100.5,102.0,4837694,490645205,3515,+1.50
20240328,102.5,103.5,101.5,102.0,6495745,665592774,3000, 0.00
20240329,102.0,103.0,102.0,103.0,4319926,444148611,2505,+1.00
20240401,103.0,104.0,102.5,104.0,5315656,550673832,2881,+1.00
20240402,103.5,104.0,103.5,104.0,5005718,519625692,3239, 0.00
20240403,103.0,104.0,102.5,103.0,5993516,619621935,2369,-1.00
20240408,102.5,104.0,102.5,104.0,5992124,619569766,3636,+1.00
20240409,103.5,104.0,103.5,104.0,3715163,385875633,2190, 0.00
20240410,103.5,104.0,103.5,104.0,4143685,430500039,2396, 0.00
20240411,103.5,104.0,103.0,104.0,4225970,438496235,2275, 0.00
20240412,103.0,104.5,103.0,104.5,5505282,573145219,2540,+0.50
20240415,104.0,104.5,104.0,104.0,4117978,429186224,1970,-0.50
20240416,103.5,104.0,102.0,102.0,5039805,517106104,3278,-2.00
20240417,102.5,103.0,101.5,102.0,4857054,496701126,3001, 0.00
20240418,102.0,103.5,101.0,103.5,8785726,906168951,2891,+1.50
20240419,102.5,102.5,101.5,102.0,9230675,942585892,3554,-1.50
20240422,103.0,105.0,102.5,104.5,12489096,1300332200,5583,+2.50
20240423,103.5,104.5,103.0,103.0,8491292,880183229,2842,-1.50
20240424,103.5,104.0,102.0,102.0,10575720,1086261260,4035,-1.00
20240425,102.0,103.5,102.0,102.5,5053869,518963007,1993,+0.50
20240426,102.5,104.0,102.5,103.5,3839239,397116265,2104,+1.00
20240429,103.5,104.0,103.0,104.0,3622366,376120776,1717,+0.50
20240430,103.5,104.5,103.5,104.0,4677469,486338242,2345, 0.00
20240502,104.0,104.5,103.0,104.0,6768723,704009968,3080, 0.00
20240503,104.0,104.5,104.0,104.5,4836151,504781858,2044,+0.50
20240506,104.5,105.0,104.0,105.0,4912351,514523192,2742,+0.50
20240507,104.5,105.0,104.0,104.5,4827634,505256625,2545,-0.50
20240508,105.0,105.0,104.5,105.0,4710901,493448881,2118,+0.50
20240509,104.5,105.0,104.5,105.0,3570983,374183029,1689, 0.00
20240510,105.0,105.0,104.5,105.0,4476000,469304707,1937, 0.00
20240513,105.0,105.5,105.0,105.5,2379103,250662920,1917,+0.50
20240514,105.5,105.5,104.5,104.5,3164758,332126040,2250,-1.00
20240515,105.0,105.5,105.0,105.0,3898309,410205793,2468,+0.50
20240516,105.5,106.0,105.0,105.5,6274676,663169626,2833,+0.50
20240517,105.5,106.0,105.5,106.0,2872679,304103432,1718,+0.50
20240520,106.0,106.5,105.5,106.0,5559936,589041044,2195, 0.00
20240521,106.0,106.0,105.0,105.5,4113109,433904738,1660,-0.50
20240522,106.0,107.0,105.5,107.0,7443478,792669762,3445,+1.50
20240523,106.0,107.5,106.0,107.0,5662528,605868809,2755, 0.00
20240524,107.0,107.0,106.0,106.5,3697413,394737744,1938,-0.50
20240527,106.0,107.0,105.5,105.5,10138027,1076037693,4108,-1.00
20240528,105.5,106.0,104.5,105.0,7505383,789542440,3697,-0.50
20240529,104.5,105.0,102.5,103.0,12408826,1284895080,3540,-2.00
20240530,102.5,105.5,102.5,104.5,9827163,1026488273,4290,+1.50
20240531,104.5,106.5,104.5,105.5,19514743,2065679993,7742,+1.00
20240603,105.5,107.5,105.0,106.5,13902285,1480990156,7704,+1.00
20240604,106.0,107.5,106.0,106.5,6917043,739121054,3877, 0.00
20240605,106.5,107.5,106.5,107.0,5428558,581080859,2329,+0.50
20240606,106.5,107.0,106.5,106.5,4979191,531568997,2614,-0.50
20240607,106.5,107.5,106.5,107.0,5404234,578050596,2870,+0.50
20240611,106.5,107.5,106.5,107.0,5831167,622815409,2426, 0.00
20240612,106.5,107.0,106.0,106.0,3337922,355077740,2079,-1.00
20240613,106.5,107.0,106.0,106.0,4346727,463251043,1895, 0.00
20240614,106.5,107.5,106.5,107.5,5131176,548779553,2032,+1.50
20240617,106.5,107.5,106.5,107.5,4159970,446111800,2559, 0.00
20240618,107.5,107.5,107.0,107.5,3731463,400584153,1959, 0.00
20240619,107.0,107.5,106.5,106.5,6188922,660951312,3832,-1.00
20240620,106.5,107.0,105.5,106.5,8531315,907093594,3035, 0.00
20240621,106.5,107.0,104.0,106.0,32471114,3433886700,5505,-0.50
20240624,106.0,107.0,105.5,107.0,6256455,667490311,2443,+1.00
20240625,107.0,107.5,105.5,106.5,5583307,591978743,2370,-0.50
20240626,106.0,106.5,105.5,106.0,4483226,475034890,1943,-0.50
20240627,105.5,106.0,105.0,106.0,5692808,601571418,2097, 0.00
20240628,106.0,108.0,105.5,107.0,41716170,4467808250,7992,+1.00
20240701,107.0,110.0,107.0,109.0,38936777,4244914824,7496,+2.00
20240702,108.0,111.5,107.5,111.5,41803062,4615610462,8180,+2.50
20240703,111.5,114.5,108.5,112.5,45032019,5048129977,10053,+1.00
20240704,111.0,112.5,109.0,111.0,40256778,4467834895,16480,-1.50
20240705,111.0,116.0,109.5,116.0,51369653,5846406244,12802,+5.00
20240708,105.0,106.5,102.0,102.5,33784196,3498704368,15485,X0.00
20240709,103.0,103.5,101.0,101.0,14170243,1440979943,8196,-1.50
20240710,101.5,102.0,100.5,102.0,11809215,1193642469,6113,+1.00
20240711,102.0,102.0,100.5,101.0,9468388,957325232,5248,-1.00
20240712,101.0,102.0,100.5,101.0,9507233,961994265,3944, 0.00
20240715,101.5,101.5,100.5,101.0,9026290,910121831,5060, 0.00
20240716,101.5,102.0,100.5,101.0,8327302,841803898,3604, 0.00
20240717,101.0,102.5,101.0,102.0,11738467,1196255458,4259,+1.00
20240718,102.5,104.5,102.0,104.0,25433620,2621387111,5486,+2.00
20240719,102.5,104.0,102.5,103.5,7606022,785959598,2839,-0.50
20240722,103.5,104.5,102.5,103.5,11638660,1203521067,4312, 0.00
20240723,103.5,105.5,103.5,105.5,9132616,955190111,2489,+2.00
20240726,104.5,106.0,104.0,106.0,8806049,925748269,2857,+0.50
20240729,106.0,106.0,104.0,104.5,7295095,763429256,2317,-1.50
20240730,104.5,105.5,103.5,105.5,9161124,958961388,3343,+1.00
20240731,105.0,105.5,104.5,105.5,5332365,560872036,1290, 0.00
20240801,105.0,106.0,104.5,105.5,7387731,777607359,2221, 0.00
20240802,104.5,106.0,104.0,106.0,10049709,1059547839,3518,+0.50
20240805,104.5,106.0,102.0,106.0,26117864,2718869147,6555, 0.00
20240806,106.0,111.0,105.5,110.5,24923272,2706846193,7354,+4.50
20240807,108.0,110.0,106.5,108.0,10213253,1099451790,4377,-2.50
20240808,106.5,108.0,106.0,107.0,8967519,959749739,4239,-1.00
20240809,106.5,107.5,106.0,107.5,7560631,808617345,3169,+0.50
20240812,107.5,108.0,105.5,107.5,6543453,697968790,3620, 0.00
20240813,107.5,107.5,106.0,107.5,5775402,616942356,2712, 0.00
20240814,107.5,109.0,107.0,109.0,7498597,811861095,2882,+1.50
20240815,109.0,109.0,107.0,108.5,7108588,767732422,3338,-0.50
20240816,109.5,109.5,107.0,107.5,7899025,851760493,3252,-1.00
20240819,108.0,109.5,107.5,109.5,6456727,703442367,2259,+2.00
20240820,109.5,110.5,108.0,108.5,5790948,632076779,2929,-1.00
20240821,109.0,110.0,108.5,110.0,5826833,637463692,2788,+1.50
20240822,109.5,110.0,109.0,110.0,4659354,511188743,2329, 0.00
20240823,110.5,111.5,109.5,111.5,6907664,764516699,2840,+1.50
20240826,111.0,111.0,109.0,110.0,4568189,501843383,2564,-1.50
20240827,109.5,112.0,109.0,112.0,5389102,598445610,2689,+2.00
20240828,111.5,112.0,110.5,111.5,4852057,541405324,1987,-0.50
20240829,111.5,112.0,110.5,111.0,5112911,568528098,2409,-0.50
20240830,111.5,112.0,111.0,112.0,6476329,724294090,1671,+1.00
20240902,112.0,113.0,111.5,113.0,4135308,464796345,2103,+1.00
20240903,112.5,112.5,111.0,112.0,4968394,555596742,2015,-1.00
20240904,110.0,113.0,110.0,112.0,12982882,1451264519,4516, 0.00
20240905,112.0,113.5,111.5,113.0,6045862,681659702,2764,+1.00
20240906,112.5,115.0,112.0,115.0,6915223,788973430,2775,+2.00
20240909,113.5,115.0,113.5,115.0,6992639,800304950,3036, 0.00
20240910,114.0,115.0,113.5,115.0,4923553,563654722,2564, 0.00
20240911,115.0,116.0,114.5,115.0,7091966,818385429,3005, 0.00
20240912,116.0,116.0,114.0,115.0,7590974,874686569,3025, 0.00
20240913,115.0,115.5,114.0,115.5,5292673,608422448,1980,+0.50
20240916,115.5,116.0,114.5,116.0,3779963,436568421,2083,+0.50
20240918,115.5,116.5,115.0,116.5,11970618,1391202777,3530,+0.50
20240919,116.0,117.0,115.5,116.0,12984039,1509110990,2915,-0.50
20240920,116.0,116.5,115.0,116.5,13296998,1545665974,2222,+0.50
20240923,116.5,118.5,116.5,118.5,10317926,1213962315,2850,+2.00
20240924,118.0,119.0,117.0,118.5,15209360,1795530402,3430, 0.00
20240925,118.5,119.0,114.0,116.5,18991623,2204523787,6067,-2.00
20240926,116.5,117.5,114.5,117.5,14931352,1735137043,3687,+1.00
20240927,117.5,117.5,115.5,116.5,12569641,1462974219,3338,-1.00
20240930,116.5,116.5,115.0,115.0,6624469,764632708,2237,-1.50
20241001,115.0,115.5,113.5,115.5,9610225,1103185687,3797,+0.50
20241004,114.5,115.0,111.5,112.5,9956843,1123716607,4054,-3.00
20241007,112.5,112.5,110.5,112.5,8287654,925407975,2704, 0.00
20241008,111.5,113.5,110.5,112.5,10264761,1150570054,3106, 0.00
20241009,112.0,113.0,111.5,113.0,4988163,560886768,2087,+0.50
20241011,113.0,113.0,111.5,112.0,2840177,318412730,1454,-1.00
20241014,112.0,112.5,111.0,112.5,5037776,564872302,1618,+0.50
20241015,112.5,113.0,112.0,112.5,4312381,484589975,2173, 0.00
20241016,112.0,112.5,111.0,112.5,5513828,617221531,2534, 0.00
20241017,113.5,115.0,113.0,114.0,5367224,612387446,2109,+1.50
20241018,114.0,115.0,114.0,114.5,3993942,456891875,1709,+0.50
20241021,115.0,115.0,113.5,113.5,3456201,393778315,1807,-1.00
20241022,113.5,114.5,112.0,114.0,4599089,523186707,1989,+0.50
20241023,113.5,114.0,112.0,114.0,7251575,820140053,2915, 0.00
20241024,113.0,114.0,113.0,114.0,3663536,416679290,1103, 0.00
20241025,113.5,114.0,113.0,114.0,1891162,214853438,1061, 0.00
20241028,113.5,114.5,113.0,113.0,2711418,307908207,1277,-1.00
20241029,113.0,115.5,113.0,115.5,5080836,582879619,2067,+2.50
20241030,115.5,115.5,113.5,113.5,5191423,591816739,1472,-2.00
20241101,113.0,115.0,112.5,113.5,7673406,871629603,2399, 0.00
20241104,113.5,115.0,113.5,114.5,4022922,460290701,1787,+1.00
20241105,114.5,115.5,114.0,115.5,3888650,447847627,1589,+1.00
20241106,115.0,115.0,113.5,114.0,3753794,428502921,1962,-1.50
20241107,113.0,114.5,112.5,113.5,3494573,396648688,1656,-0.50
20241108,113.5,114.0,112.0,113.0,3984581,449186085,1850,-0.50
20241111,113.0,114.5,112.5,114.5,4062157,463166374,2173,+1.50
20241112,113.5,115.0,113.5,113.5,6679535,761446609,2084,-1.00
20241113,113.5,115.5,113.0,114.5,5621341,644524073,2143,+1.00
20241114,114.5,115.5,114.0,114.0,5800064,664482355,2246,-0.50
20241115,114.5,116.5,111.0,111.0,12728515,1438081279,5018,-3.00
20241118,111.0,113.0,110.5,111.0,9323014,1036712768,4316, 0.00
20241119,111.5,112.5,109.0,112.5,10237335,1138388059,3643,+1.50
20241120,111.5,112.0,110.5,112.0,7783335,868129465,3997,-0.50
20241121,111.0,113.0,110.5,112.5,6551735,732802331,2626,+0.50
20241122,112.5,114.0,112.5,113.0,5133384,579690187,1953,+0.50
20241125,113.5,115.0,113.0,115.0,9400187,1077529776,2477,+2.00
20241126,114.5,115.0,113.5,113.5,2277285,259641654,1084,-1.50
20241127,113.5,115.0,113.5,115.0,2840600,325487439,1834,+1.50
20241128,114.5,115.0,113.0,113.0,3298856,374651087,2534,-2.00
20241129,112.5,114.0,112.0,113.0,3561438,403257232,1383, 0.00
20241202,113.5,115.0,113.5,114.0,4609315,526612783,1418,+1.00
20241203,114.5,115.0,111.0,112.5,12838838,1441529271,6353,-1.50
20241204,112.0,113.0,110.5,113.0,12315964,1377552198,4704,+0.50
20241205,112.5,113.5,111.5,112.0,6812024,765471529,2765,-1.00
20241206,112.0,114.0,112.0,113.5,6189961,701344646,2646,+1.50
20241209,114.0,114.5,113.0,114.5,2808059,320574523,1347,+1.00
20241210,114.0,115.0,113.0,114.0,5763366,657346793,2247,-0.50
20241211,114.0,115.0,113.5,114.0,3469518,395865214,1690, 0.00
20241212,114.0,115.0,113.5,114.0,3674793,419288986,2003, 0.00
20241213,113.5,115.0,113.5,114.5,5487240,628107215,2532,+0.50
20241216,114.5,117.0,114.5,117.0,8757716,1019439459,3277,+2.50
20241217,116.0,117.5,115.0,116.0,10804355,1253895280,3888,-1.00
20241218,115.5,116.5,115.0,116.0,8084623,936691757,3801, 0.00
20241219,115.0,116.0,114.5,116.0,8936072,1032103109,4199, 0.00
20241220,115.5,115.5,113.0,113.0,12591285,1432142963,4879,-3.00
20241223,114.0,115.5,113.5,115.5,7288654,838674665,2864,+2.50
20241224,115.5,115.5,113.5,114.5,7116054,815145921,2617,-1.00
20241225,115.0,116.0,114.5,115.5,4916584,566750213,1854,+1.00
20241226,115.5,116.0,114.0,114.5,3081981,352635636,2050,-1.00
20241227,114.0,115.0,114.0,114.5,2065817,236792594,1090, 0.00
20241230,114.5,115.0,113.5,113.5,2815854,320844583,1821,-1.00
20241231,113.0,114.0,113.0,113.5,4224736,479070419,1850, 0.00
20250102,113.5,114.0,111.5,112.5,10949769,1229136841,4452,-1.00
20250103,112.5,113.0,111.5,112.0,9793396,1094986911,4000,-0.50
20250106,112.5,113.5,112.0,113.0,10444971,1177245767,3461,+1.00
20250107,113.5,113.5,111.5,111.5,12330430,1380251407,3530,-1.50
20250108,111.5,112.0,110.5,111.0,10899741,1211061499,5440,-0.50
20250109,111.5,112.5,111.0,112.0,2769754,310377104,1554,+1.00
20250110,112.0,112.0,111.0,111.0,3714633,414092183,1750,-1.00
20250113,111.0,112.0,110.5,111.5,5957011,663824384,2687,+0.50
20250114,111.5,113.0,111.0,112.5,4348110,487189735,1617,+1.00
20250115,112.5,112.5,111.0,111.0,4119650,458858077,2377,-1.50
20250116,111.5,112.0,110.5,111.0,5948577,661387740,2571, 0.00
20250117,111.0,112.0,110.5,112.0,5022081,560857672,2124,+1.00
20250120,112.0,112.5,110.5,110.5,4205752,466186159,2254,-1.50
20250121,110.5,111.5,110.0,111.0,3156239,349668792,1763,+0.50
20250122,111.0,111.5,110.0,110.0,4493340,495738204,1954,-1.00
20250203,109.5,112.5,109.5,111.5,6070793,675587452,2865,+1.50
20250204,112.0,113.0,111.5,112.5,4781612,537104084,2025,+1.00
20250205,113.0,113.5,111.5,112.0,4332050,486456068,2366,-0.50
20250206,112.0,113.0,111.5,112.5,3151759,353863139,1808,+0.50
20250207,112.0,112.5,111.5,112.0,3098920,347229772,1604,-0.50
20250210,111.5,112.5,111.5,111.5,3155543,352459748,1795,-0.50
20250211,112.0,112.5,110.5,111.0,4580024,508900898,2298,-0.50
20250212,111.5,113.0,111.5,112.5,5592148,629029007,2593,+1.50
20250213,113.0,113.5,111.5,112.0,4717613,529801816,2431,-0.50
20250214,112.0,113.0,111.5,112.5,4236274,475684355,3812,+0.50
20250217,112.5,113.0,112.0,112.0,4073729,458015622,2775,-0.50
20250218,112.0,113.0,112.0,112.5,3517656,395757717,1893,+0.50
20250219,112.5,113.0,111.5,112.0,5812931,652598043,2970,-0.50
20250220,112.0,113.5,112.0,112.0,4567719,514089664,2094, 0.00
20250221,113.0,114.0,112.5,113.5,4608752,522990738,1861,+1.50
20250224,113.0,114.5,113.0,113.5,3425767,389360368,1375, 0.00
20250225,113.0,114.5,113.0,113.5,6063136,689919639,2253, 0.00
20250226,114.0,114.5,113.5,113.5,6382226,726355393,2903, 0.00
20250227,114.0,115.5,114.0,114.5,10072469,1156901420,3222,+1.00
20250303,115.0,117.0,115.0,116.5,5872966,681902359,3100,+2.00
20250304,115.5,116.0,114.5,115.0,6725533,775235204,3332,-1.50
20250305,115.5,116.0,115.0,115.0,4429528,510763937,1811, 0.00
20250306,115.0,117.0,115.0,116.5,6767050,787438157,2675,+1.50
20250307,117.0,118.0,116.5,117.0,5524671,647332491,2554,+0.50
20250310,117.0,117.5,116.5,116.5,3557532,415702087,13870,-0.50
20250311,115.5,117.5,115.5,116.5,6713817,783219159,2878, 0.00
20250312,117.0,117.5,116.5,117.0,6318951,740765643,2891,+0.50
20250313,117.0,117.5,116.0,117.0,4493564,525766217,2134, 0.00
20250314,117.5,117.5,116.5,117.0,4361627,510732186,1625, 0.00
20250317,117.0,117.5,115.5,116.0,6695701,778778727,2698,-1.00
20250318,116.0,117.0,115.5,117.0,4366208,508825223,1819,+1.00
20250319,117.0,117.0,116.0,116.5,3443575,401215439,2047,-0.50
20250320,116.5,117.5,116.0,117.5,4434445,520085827,2094,+1.00
20250321,117.5,118.5,117.0,118.5,8415598,993904108,2300,+1.00
20250324,118.0,118.5,117.5,118.5,2825823,334308328,1999, 0.00
20250325,118.5,119.0,117.0,117.0,3470254,407960241,2009,-1.50
20250326,117.0,118.0,116.5,118.0,2479320,291454623,1296,+1.00
20250327,117.5,118.0,117.0,118.0,2563362,301851372,1477, 0.00
20250328,117.5,118.0,117.0,117.5,3551183,417624739,1891,-0.50
20250331,116.0,118.0,116.0,116.5,6682347,781276259,2953,-1.00
20250401,116.5,117.5,116.0,116.0,6092652,710216747,2612,-0.50
20250402,116.0,116.5,115.5,116.0,4765477,553446113,1991, 0.00
20250407,109.5,113.5,109.0,113.0,15347869,1720016518,5522,-3.00
20250408,115.0,116.0,110.0,113.0,25110748,2815929117,7395, 0.00
20250409,111.5,119.0,111.0,115.0,34936131,4060243002,10133,+2.00
20250410,116.0,120.5,114.0,119.0,27084097,3199843774,9179,+4.00
20250411,119.0,120.0,116.5,117.0,17095172,2015721102,7327,-2.00
20250414,116.5,118.0,115.0,115.0,10194528,1184207927,3678,-2.00
20250415,115.0,116.0,114.0,114.5,11555766,1325861247,4695,-0.50
20250416,114.5,118.5,114.5,118.0,19602441,2296988890,6574,+3.50
20250417,117.5,117.5,114.5,114.5,12354246,1427661342,3941,-3.50
20250418,115.5,115.5,113.5,113.5,6124399,698241464,2416,-1.00
20250421,113.0,115.5,113.0,113.5,7919342,903309445,2792, 0.00
20250422,113.5,114.5,112.5,113.0,5791542,656636899,2727,-0.50
20250423,113.0,115.5,113.0,114.5,13149751,1499624103,3638,+1.50
20250424,114.0,114.5,113.5,114.0,6493153,739629426,2709,-0.50
20250425,114.5,114.5,113.0,113.0,9390417,1065835983,3908,-1.00
20250428,113.0,113.5,112.5,112.5,4425059,499532750,3222,-0.50
20250429,113.0,114.0,112.5,113.0,5476319,619109400,2992,+0.50
20250430,113.0,114.5,113.0,113.5,3696032,420247773,1773,+0.50
20250502,113.5,114.0,113.5,113.5,3087840,351000767,2141, 0.00
20250505,113.5,115.0,113.5,114.5,5457888,625851550,3255,+1.00
20250506,115.0,116.0,114.5,115.0,6558280,757236696,3917,+0.50
20250507,115.5,117.0,115.0,115.5,8516498,986925754,3882,+0.50
20250508,115.5,116.0,113.5,113.5,13668407,1557428641,5336,-2.00
20250509,113.5,114.5,113.0,113.5,7490478,852183929,2864, 0.00
20250512,114.0,115.5,114.0,114.5,7375381,846736872,3800,+1.00
20250513,114.5,115.0,113.5,113.5,5956495,679264053,2642,-1.00
20250514,114.0,114.5,113.0,113.0,7814921,885685292,4660,-0.50
20250515,113.5,115.0,113.5,114.5,10109540,1155697033,3293,+1.50
20250516,115.0,115.0,114.0,114.0,4274488,488523563,2424,-0.50
20250519,114.0,115.0,113.5,114.0,4896396,558712130,2360, 0.00
20250520,114.5,116.0,114.5,115.0,9185009,1059009415,3823,+1.00
20250521,115.5,116.0,115.0,115.5,6147989,710835572,3527,+0.50
20250522,115.5,117.5,115.5,116.5,8857508,1032753362,4006,+1.00
20250523,116.5,118.0,115.5,117.0,9478289,1108165679,3493,+0.50
20250526,117.0,118.0,116.5,117.0,8414939,986433843,3438, 0.00
20250527,117.0,118.0,115.5,116.0,12148299,1418319433,4051,-1.00
20250528,116.0,117.0,115.5,116.0,11577996,1344770323,3725, 0.00
20250529,116.5,117.0,114.0,114.0,25266910,2892388586,6518,-2.00
20250602,113.5,115.0,113.0,113.5,15754494,1790119517,5717,-0.50
20250603,114.5,114.5,112.5,112.5,28114950,3176459655,5761,-1.00
20250604,113.0,113.5,112.5,112.5,16186702,1825649045,5024, 0.00
20250605,112.5,114.5,112.5,114.0,7459044,850276623,3113,+1.50
20250606,114.0,115.5,114.0,114.5,7974639,914827142,2525,+0.50
20250609,114.5,115.0,114.0,114.5,3105651,355414515,1788, 0.00
20250610,115.0,116.0,114.5,115.5,5420555,626056183,2270,+1.00
20250611,115.0,116.0,115.0,116.0,4870604,563978492,1659,+0.50
20250612,116.0,116.5,115.5,115.5,3043073,352090718,1455,-0.50
20250613,115.5,117.0,115.5,116.0,5661904,657516923,2718,+0.50
20250616,116.5,117.5,116.0,117.0,5287324,617494066,2143,+1.00
20250617,117.5,118.0,116.5,116.5,6546457,765577332,2604,-0.50
20250618,116.5,119.0,116.5,118.5,10024637,1181865353,4626,+2.00
20250619,117.5,118.0,117.0,117.5,5861829,687896658,3339,-1.00
20250620,117.5,118.5,117.0,117.5,12991222,1528031945,3462, 0.00
20250623,117.5,118.0,116.0,116.5,7491668,872143512,3328,-1.00
20250624,117.0,117.0,112.5,112.5,30063376,3427479270,6893,-4.00
20250625,112.5,116.5,112.5,116.0,22453570,2583365468,6233,+3.50
20250626,115.5,116.0,113.5,114.0,30137221,3446483620,6595,-2.00
20250627,114.5,116.0,114.0,116.0,10590057,1221256584,3896,+2.00
20250630,114.5,116.5,114.5,115.0,21612358,2494511934,4794,-1.00
20250701,116.0,116.5,114.5,114.5,22713211,2618461899,5465,-0.50
20250702,115.0,115.5,113.5,114.5,14829425,1695949912,4878, 0.00
20250703,114.5,116.0,114.0,116.0,16823072,1935218662,7212,+1.50
20250704,116.5,117.0,115.5,116.5,13401855,1557095510,4204,+0.50
20250707,116.0,116.5,113.0,113.0,27935573,3182553200,7069,-3.50
20250708,113.5,115.0,113.0,113.0,18438853,2100218325,4846, 0.00
20250709,109.0,109.5,106.0,106.5,50013825,5351315993,13173,X0.00
20250710,107.0,108.0,106.5,107.0,12302825,1319589555,3829,+0.50
20250711,107.5,107.5,106.5,107.0,12354454,1321246924,4892, 0.00
20250714,107.5,109.0,107.0,108.0,13946274,1505892760,6004,+1.00
20250715,108.0,108.5,106.5,107.0,15685396,1679817814,7842,-1.00
20250716,106.5,107.0,106.0,106.5,11162663,1188912236,5425,-0.50
20250717,107.0,107.5,106.0,106.5,7763353,827025814,3479, 0.00
20250718,107.0,107.5,106.0,106.0,9186707,977193752,3205,-0.50
20250721,106.5,106.5,105.0,106.5,11035968,1167762063,5172,+0.50
20250722,106.5,106.5,105.5,106.0,9329252,988655545,3988,-0.50
20250723,106.5,107.5,106.0,107.0,8185206,875417798,2988,+1.00
20250724,107.5,107.5,106.0,107.0,7539511,804509715,2451, 0.00
20250725,107.0,107.5,105.5,105.5,10622967,1125762485,3799,-1.50
20250728,106.0,106.5,105.5,106.0,3738157,396908450,1323,+0.50
20250729,106.0,107.0,105.5,106.0,4508988,478684156,1621, 0.00
20250730,106.5,107.5,106.0,107.5,7260156,776237623,2256,+1.50
20250731,107.0,107.5,105.5,105.5,9876989,1048223652,2938,-2.00
20250801,105.5,106.5,105.5,106.0,3340229,354000232,1804,+0.50
20250804,106.0,107.0,106.0,107.0,3037081,323822476,1407,+1.00
20250805,106.5,107.0,106.5,106.5,2999711,319824941,2345,-0.50
20250806,107.0,107.5,107.0,107.0,2642452,282846676,1456,+0.50
20250807,107.0,107.5,106.0,106.5,5136652,548221825,2371,-0.50
20250808,107.0,108.0,106.5,107.5,4453496,477903025,2450,+1.00
20250811,107.5,108.0,106.5,106.5,5278885,566051682,3280,-1.00
20250812,107.5,108.0,107.0,107.0,9298172,999464144,4112,+0.50
20250813,108.0,108.0,106.5,106.5,6052406,646101683,3220,-0.50
20250814,107.0,107.5,106.0,106.0,7809922,831521359,5228,-0.50
20250815,106.5,107.5,106.0,107.0,4277444,457456450,2705,+1.00
20250818,107.0,108.5,107.0,108.5,7651360,826145725,3344,+1.50
20250819,108.5,109.0,108.0,108.0,4013179,434524967,2033,-0.50
20250820,108.5,109.0,108.0,108.0,6558013,710299617,3499, 0.00
20250821,109.0,109.0,108.0,108.5,6700784,727153544,2965,+0.50
20250822,108.5,109.0,107.5,108.0,6233058,673383408,2837,-0.50
20250825,108.5,108.5,106.5,107.0,8897588,954020999,4199,-1.00
20250826,106.5,107.0,106.5,106.5,4654355,496254932,2001,-0.50
20250827,106.5,107.0,106.0,106.0,5413634,575438091,3303,-0.50
20250828,106.5,107.0,106.0,106.0,5238065,556392046,3096, 0.00
20250829,106.5,106.5,105.5,106.5,7097195,753063724,2848,+0.50
20250901,106.5,107.0,106.0,106.5,3301607,351128756,2155, 0.00
20250902,107.0,107.5,106.5,107.0,3176594,339525858,1999,+0.50
20250903,107.0,107.0,106.0,106.5,2863492,304734867,1819,-0.50
20250904,106.5,106.5,106.0,106.5,2592789,275576172,1906, 0.00
20250905,106.5,107.0,106.0,106.0,3146225,334170968,2215,-0.50
20250908,106.0,107.0,106.0,107.0,4429691,472924328,2142,+1.00
20250909,107.0,108.0,107.0,107.5,3293441,353550267,1887,+0.50
20250910,107.0,107.5,106.5,107.0,5212159,557539599,2895,-0.50
20250911,107.0,107.5,106.5,106.5,3161051,337981673,1924,-0.50
20250912,107.0,107.5,106.5,107.5,3825815,409213783,1919,+1.00
20250915,107.0,107.5,106.5,107.0,4382860,469292502,2374,-0.50
20250916,107.5,107.5,106.0,106.5,6992140,745616310,3430,-0.50
20250917,106.5,107.0,106.0,106.0,5325855,565882090,3303,-0.50
20250918,106.5,106.5,106.0,106.5,5497265,584413055,2665,+0.50
20250919,106.0,106.5,105.5,105.5,14147254,1495926855,5797,-1.00
20250922,106.5,107.0,105.5,106.0,4962692,527199763,2541,+0.50
20250923,106.0,106.5,105.5,106.0,7455960,790851990,4568, 0.00
20250924,106.5,107.0,106.0,106.5,5549010,590623377,3039,+0.50
20250925,107.0,107.0,106.0,106.0,5250017,557415916,3626,-0.50
20250926,106.5,107.0,106.0,107.0,7105290,757883375,2981,+1.00
20250930,107.0,109.0,106.5,109.0,15269777,1649518525,5661,+2.00
20251001,108.5,109.0,107.0,108.5,11212419,1211197543,4164,-0.50
20251002,108.5,109.5,108.0,108.5,11199310,1219601250,3564, 0.00
20251003,109.0,109.0,108.0,109.0,7559617,821801445,3204,+0.50
20251007,108.5,110.0,108.5,110.0,7258549,794983590,3474,+1.00
20251008,110.0,111.0,109.5,110.5,8687328,958958673,3024,+0.50
20251009,111.0,111.0,109.5,110.5,7437451,819511388,3200, 0.00
20251013,110.0,110.5,109.0,110.5,6113099,673181043,2607, 0.00
20251014,110.0,111.5,110.0,110.5,6953267,770020719,2445, 0.00
20251015,110.5,111.0,108.5,109.0,11090112,1213428914,4671,-1.50
20251016,109.5,110.0,109.0,110.0,8599435,942916515,2787,+1.00
20251017,110.0,112.0,110.0,111.5,9193968,1021498648,2774,+1.50
20251020,111.5,112.0,110.5,111.5,6211761,691664509,2361, 0.00
20251021,111.5,111.5,111.0,111.0,2356622,261998085,1584,-0.50
20251022,111.0,112.0,111.0,112.0,5613899,626757890,2294,+1.00
20251023,111.5,112.5,111.0,112.5,2906396,325422641,1694,+0.50
20251027,112.5,112.5,111.0,111.0,6524963,727555966,3084,-1.50
20251028,111.5,112.0,110.5,111.5,5360724,596560291,2681,+0.50
20251029,111.5,111.5,110.0,111.0,4295462,475888706,2858,-0.50
20251030,111.0,111.0,109.0,110.0,8850628,973028942,3703,-1.00
20251031,110.0,110.5,109.5,109.5,6481673,712075009,2294,-0.50
20251103,110.0,111.5,109.5,110.5,6112543,676658222,2633,+1.00
20251104,110.5,111.5,110.0,110.5,8504243,941813256,2812, 0.00
20251105,111.0,111.0,109.0,109.5,5105894,560171099,2554,-1.00
20251106,110.0,110.5,109.0,110.0,6114345,670682570,2787,+0.50
20251107,110.5,111.5,109.5,111.0,7884510,873075216,2741,+1.00
20251110,111.0,111.5,110.0,110.5,5716708,633587651,2245,-0.50
20251111,111.0,111.0,110.0,110.0,3660239,404098938,1626,-0.50
20251112,110.5,112.0,110.5,111.0,7272361,808993597,2483,+1.00
20251113,110.5,111.0,108.5,108.5,12394834,1351460961,5843,-2.50
20251114,108.5,109.5,108.0,108.5,3549182,385935278,1935, 0.00
20251117,109.0,109.5,107.5,108.0,6124601,663413062,2828,-0.50
20251118,108.0,108.5,107.0,107.0,7100603,762574386,3538,-1.00
20251119,108.0,108.0,106.5,106.5,6342585,678665150,3305,-0.50
20251120,107.0,108.5,107.0,108.0,4131616,445959954,1897,+1.50
20251121,107.5,108.5,107.0,107.0,5312556,571604984,2692,-1.00
20251124,107.5,109.0,107.5,108.0,9703592,1048990478,3400,+1.00
20251125,108.0,109.0,107.5,107.5,8515680,921046320,3376,-0.50
20251126,108.5,109.5,108.0,109.0,7069877,770097003,3357,+1.50
20251127,108.5,109.0,107.5,108.5,8336817,902822274,3989,-0.50
20251128,108.0,109.0,108.0,108.0,3716959,402255021,1713,-0.50
20251201,108.0,108.5,107.0,107.0,3651329,392901499,1849,-1.00
20251202,107.5,107.5,106.5,106.5,6206486,663039517,2901,-0.50
20251203,106.5,107.0,106.0,106.0,6934149,737132605,4183,-0.50
20251204,106.0,106.5,105.5,105.5,7611925,804801262,4427,-0.50
20251205,105.5,106.0,105.0,105.0,6674706,704350658,3699,-0.50
20251208,106.0,106.5,105.0,105.0,7469014,787549037,4379, 0.00
20251209,105.0,105.5,104.0,104.5,11204942,1172682257,6452,-0.50
20251210,104.5,106.0,104.5,104.5,9407864,987397375,4281, 0.00
20251211,105.0,106.0,105.0,106.0,8373665,884994895,3032,+1.50
20251212,106.5,106.5,105.5,105.5,6163528,651657075,2667,-0.50
20251215,105.5,106.0,105.0,105.0,6374474,670450848,4086,-0.50
20251216,105.0,106.0,105.0,105.0,7865179,828940275,3662, 0.00
20251217,105.5,105.5,104.0,104.5,8475079,888914344,5543,-0.50
20251218,104.5,106.0,104.0,104.5,15659818,1643653566,6505, 0.00
20251219,104.5,106.5,104.0,106.0,49771303,5264092731,8472,+1.50
20251222,106.5,107.5,106.5,107.0,46503852,4980383834,7615,+1.00
20251223,107.0,107.5,106.0,106.5,39630238,4227841686,7042,-0.50
20251224,106.5,108.5,106.0,108.5,36659780,3937396682,4602,+2.00
20251226,107.5,111.5,107.0,111.5,37964160,4175237903,9174,+3.00
20251229,110.0,111.0,109.5,109.5,8977968,988800789,5222,-2.00
20251230,108.5,110.5,108.5,110.5,8496756,933330177,4465,+1.00
20251231,110.0,110.5,108.5,108.5,8641987,944923498,3944,-2.00
20260102,109.0,109.5,107.0,108.0,8165146,880417613,4020,-0.50
20260105,108.0,108.5,107.0,107.0,7810532,839456160,4243,-1.00
20260106,107.5,108.0,106.5,107.0,7679216,824128394,4269, 0.00
20260107,107.5,107.5,106.5,107.0,6288569,673653663,3598, 0.00
20260108,107.0,107.5,106.5,107.0,5489504,586716953,3299, 0.00
20260109,107.0,108.0,107.0,107.5,6826300,733520678,3052,+0.50
20260112,107.5,108.0,106.5,107.5,7123747,763462608,3451, 0.00
20260113,107.5,108.0,107.0,107.0,6253129,670451006,3056,-0.50
20260114,107.0,108.0,107.0,107.5,6473694,694902907,3187,+0.50
20260115,107.5,108.5,107.5,108.0,5839183,630395563,2940,+0.50
20260116,108.0,108.5,107.0,108.0,4872358,525217730,2567, 0.00
20260119,107.5,108.5,107.5,108.5,4855090,525214250,2312,+0.50
20260120,108.5,108.5,107.5,107.5,4230876,456247553,2226,-1.00
20260121,108.0,108.0,107.0,107.5,6860436,736846333,3505, 0.00
20260122,107.5,108.0,107.0,107.5,5556536,596665169,1990, 0.00
20260123,108.0,108.0,107.0,107.5,6431791,690245042,2876, 0.00
20260126,107.5,108.0,107.0,107.5,5640075,605427233,2161, 0.00
20260127,107.0,107.5,106.5,106.5,8620989,920677640,4098,-1.00
20260128,106.5,107.0,106.0,106.0,6205966,659956197,3234,-0.50
20260129,106.5,107.0,105.5,105.5,7596599,805518877,3549,-0.50
20260130,106.0,106.0,105.5,105.5,6489844,685051945,3049, 0.00
20260202,106.0,106.0,105.0,105.0,5818178,612460741,3475,-0.50
20260203,105.0,105.5,105.0,105.0,3823709,401893932,2565, 0.00
20260204,105.0,105.5,104.5,104.5,3973255,416615914,2892,-0.50
20260205,105.0,105.5,104.5,105.0,4618171,485048961,2122,+0.50
20260206,105.0,105.5,104.5,105.5,3659176,384801226,2261,+0.50
20260209,105.5,106.0,105.0,105.0,5121050,539090315,2361,-0.50
20260210,105.5,106.0,105.0,105.5,5091298,537933363,2754,+0.50
20260211,106.0,107.0,105.5,106.5,6865700,731223834,4056,+1.00
20260223,107.5,108.0,107.0,107.5,10217023,1097450207,5562,+1.00
20260224,107.5,108.0,107.5,108.0,8055045,867982551,4024,+0.50
20260225,108.0,108.5,107.5,108.5,10123860,1094697060,4676,+0.50
20260226,108.5,109.0,107.5,107.5,12478656,1345644897,4585,-1.00
20260302,107.0,108.5,106.5,108.5,16576938,1787869648,6946,+1.00
20260303,108.0,109.0,107.5,108.5,11840390,1280494229,3724, 0.00
20260304,108.0,108.5,107.0,108.0,16243007,1748212999,5029,-0.50
20260305,108.0,108.5,106.5,107.5,10528958,1132064187,4625,-0.50
20260306,107.5,108.5,107.0,108.0,6906820,744982622,3914,+0.50
20260309,106.5,107.5,106.5,107.5,10195264,1091986566,3680,-0.50
20260310,108.0,108.0,106.5,106.5,4370025,467911015,2018,-1.00
20260311,107.0,107.5,106.0,106.0,6501887,692825909,3226,-0.50
20260312,106.0,106.5,105.5,106.0,8983379,952476553,3621, 0.00
20260313,106.0,107.0,106.0,106.5,8753112,933546432,5180,+0.50
20260316,107.0,108.0,107.0,108.0,6231586,670563311,3150,+1.50
20260317,108.5,109.5,108.0,109.5,9826896,1070471155,4093,+1.50
20260318,109.5,110.0,108.5,110.0,12357014,1352773268,4528,+0.50
20260319,109.5,109.5,108.5,109.5,5129561,559765513,2495,-0.50
20260320,109.0,109.5,108.5,109.0,5753047,626936811,1727,-0.50
20260323,108.0,109.5,108.0,109.0,8067689,878630367,3064, 0.00
20260324,109.0,110.0,109.0,109.5,6453818,706730171,2446,+0.50
20260325,109.5,110.0,109.0,109.0,8624445,943501422,3604,-0.50
20260326,109.5,109.5,109.0,109.0,3742610,408460193,1593, 0.00
20260327,109.0,109.5,108.5,109.5,4957883,541136157,1894,+0.50
20260330,108.5,110.0,108.5,109.0,7589944,828757503,2500,-0.50
20260331,109.0,109.5,108.5,109.0,8695326,948520303,2962, 0.00
20260401,109.0,109.5,108.5,109.5,4627575,505168192,1998,+0.50
20260402,109.5,109.5,109.0,109.5,5673613,620395720,2753, 0.00
20260407,109.5,109.5,109.0,109.5,4637689,507099166,2357, 0.00
20260408,109.5,109.5,108.5,109.5,7390361,806440694,2780, 0.00
20260409,109.5,110.0,109.0,110.0,8240555,903223724,2784,+0.50
20260410,110.0,110.0,109.5,110.0,5163546,567259220,1754, 0.00
20260413,110.0,110.0,109.5,110.0,6925622,761072229,3092, 0.00
20260414,110.0,110.0,109.5,110.0,7076354,777442055,3249, 0.00
20260415,110.0,110.0,109.5,110.0,7576249,832291495,3544, 0.00
20260416,110.0,110.0,109.5,110.0,7856615,863400094,3339, 0.00
20260417,110.0,112.5,109.5,112.5,19150988,2130428837,5338,+2.50
20260420,112.5,115.5,112.0,113.5,24297796,2769058467,5474,+1.00
20260421,113.5,114.0,112.0,113.5,18949635,2144250623,5143, 0.00
20260422,113.5,113.5,111.5,113.0,13624309,1533922932,4378,-0.50
20260423,112.0,112.5,111.0,112.0,11129262,1243888994,4243,-1.00
20260424,112.0,113.5,111.5,113.0,22407532,2522853365,2860,+1.00
20260427,112.5,113.0,112.0,112.0,8125273,912497200,2582,-1.00
20260428,112.5,112.5,111.0,111.0,8864913,988259157,2272,-1.00
20260429,111.0,112.0,111.0,112.0,11327069,1263214521,2684,+1.00
20260430,111.5,112.0,111.0,111.5,7770207,867324447,1920,-0.50
20260504,111.5,111.5,110.5,110.5,7422343,823068082,3231,-1.00
20260505,110.5,111.0,110.0,110.5,10665139,1179314172,2984, 0.00
20260506,110.5,110.5,110.0,110.0,5488889,605247297,2443,-0.50
20260507,110.5,110.5,110.0,110.0,6207390,684093233,2826, 0.00
20260508,110.0,110.5,109.5,110.0,7901444,869840758,2922, 0.00
20260511,110.0,110.5,109.5,110.0,7510510,826969818,2954, 0.00
20260512,110.0,110.5,110.0,110.0,5413979,596241171,2360, 0.00
20260513,110.0,113.0,109.5,112.0,20239399,2262067255,4110,+2.00
20260514,111.5,115.0,111.5,115.0,20362934,2322053517,5555,+3.00
20260515,115.0,115.5,114.5,114.5,12738088,1463775419,2966,-0.50
20260518,114.5,115.5,114.0,114.0,12851766,1473428680,2527,-0.50
20260519,114.0,117.5,113.5,116.5,26432009,3062287500,5982,+2.50
20260520,116.5,116.5,115.0,115.0,12474682,1443274310,3251,-1.50
20260521,115.0,115.0,113.0,113.5,16231532,1853883715,6718,-1.50
20260522,113.5,113.5,111.5,112.0,17110847,1922997849,6254,-1.50
20260525,112.0,112.5,111.0,111.5,14632270,1635900708,5035,-0.50
20260526,111.5,112.0,110.0,110.5,22514045,2497126707,6185,-1.00
20260527,111.0,111.5,110.0,110.0,15384142,1700132768,4875,-0.50
20260528,110.0,112.5,110.0,111.0,20078822,2240696210,5761,+1.00
20260529,111.5,112.5,111.5,111.5,21139103,2363289026,4518,+0.50
20260601,112.5,115.0,112.0,114.0,15419123,1755726991,6104,+2.50
20260602,114.0,115.5,114.0,115.5,18437124,2119916091,6332,+1.50
20260603,115.5,116.5,114.5,116.0,13036750,1508494583,5325,+0.50
20260604,116.0,117.0,115.5,116.0,7908357,919176573,3064, 0.00
20260605,116.0,116.5,115.0,116.0,7035808,815623964,2780, 0.00
20260608,115.0,116.0,114.0,115.0,17754292,2040454820,4271,-1.00
20260609,115.0,117.0,115.0,117.0,18645007,2170191872,4387,+2.00
20260610,116.5,118.0,116.0,118.0,12154344,1427717049,4412,+1.00
20260611,118.0,120.5,118.0,119.0,18599088,2219335517,5698,+1.00
20260612,119.0,120.5,118.5,119.5,11457132,1370689699,3490,+0.50
20260615,120.5,120.5,119.0,119.5,7645156,914006253,2379, 0.00
20260616,119.5,121.5,119.5,120.5,10988105,1323149998,4850,+1.00
20260617,120.0,120.5,118.0,119.0,7710655,917441771,3298,-1.50
20260618,119.0,119.5,118.5,119.0,8119704,965496137,2107, 0.00
20260622,119.0,119.5,117.0,118.5,11199373,1324424853,3502,-0.50
20260623,118.5,119.5,118.0,119.0,7657172,909809227,2375,+0.50
20260624,118.5,120.5,118.0,119.5,7767643,928169599,3434,+0.50
20260625,119.5,120.5,119.0,120.0,8439622,1012087370,2751,+0.50
20260626,119.5,120.5,118.5,118.5,9856214,1177149103,4366,-1.50
20260629,119.5,120.0,118.0,118.0,13774394,1634258181,4433,-0.50
20260630,118.0,119.0,116.0,116.5,20275506,2375012569,5599,-1.50
20260701,116.5,120.0,116.5,118.0,20262334,2403127865,4143,+1.50
20260702,118.0,120.0,118.0,118.5,16629109,1981954256,3561,+0.50
20260703,119.0,120.0,116.5,116.5,18180447,2150084814,5588,-2.00
20260706,117.5,119.0,117.0,117.5,12347700,1461803472,3420,+1.00
20260707,118.0,119.5,116.5,116.5,16737200,1972661190,4814,-1.00
20260708,117.5,117.5,113.0,113.0,21669211,2477881880,6654,-3.50
20260709,107.0,108.5,106.0,108.5,50181639,5387190741,9622,X0.00
20260713,111.0,111.5,108.5,109.5,19694998,2152047457,5400,+1.00
20260714,110.0,110.0,107.5,109.0,21872631,2374675643,4874,-0.50
20260715,109.0,110.0,108.5,109.0,6935880,756962195,2839, 0.00
20260716,109.0,111.0,109.0,110.5,17945746,1982703518,3473,+1.50
20260717,110.5,113.0,110.5,111.0,30120065,3353890531,7629,+0.50
20260720,112.0,113.0,110.5,112.0,18734382,2092596735,6038,+1.00
20260721,111.5,113.5,111.5,112.0,16333296,1836504665,4478, 0.00
20260722,112.0,113.5,112.0,112.5,9558783,1078195676,3058,+0.50
20260723,113.0,113.0,111.5,112.0,12123607,1360879331,2794,-0.50
20260724,111.5,113.5,111.5,113.5,13642728,1539374192,2863,+1.50
20260727,113.5,114.0,112.5,113.5,9942576,1128982185,2964, 0.00
20260728,113.0,114.0,112.5,114.0,11952754,1356849589,3811,+0.50
20260729,114.0,115.0,112.5,113.5,16271690,1848962394,4151,-0.50
20260730,114.0,114.0,112.5,114.0,12036320,1365402790,3843,+0.50
20260731,113.5,114.5,112.5,112.5,19880610,2249162735,5057,-1.50
20260803,113.0,114.0,111.5,112.0,10929038,1229632387,3609,-0.50
20260804,111.5,112.0,110.0,111.0,10565568,1171403501,4213,-1.00
20260805,110.5,111.0,110.0,110.5,6505480,718637734,3255,-0.50
20260806,110.5,111.5,110.0,110.5,4693020,518062312,2634, 0.00
20260807,110.5,111.5,110.0,111.5,7046434,780517367,2569,+1.00
20260810,111.5,111.5,109.5,110.5,9703119,1068646025,4670,-1.00
20260811,110.5,110.5,109.0,109.5,14377890,1574249503,5756,-1.00
20260812,109.5,110.0,109.0,109.5,6681107,730506076,3445, 0.00
20260813,109.0,109.5,108.0,108.5,15607342,1690672469,7367,-1.00
20260814,108.5,108.5,107.5,108.0,9531259,1027357870,5123,-0.50
20260817,108.0,111.5,108.0,111.0,18636430,2051976736,4791,+3.00
20260818,110.5,111.5,110.0,111.0,8689461,960753303,3840, 0.00
20260819,112.0,113.5,111.5,113.5,26629390,3004623859,7079,+2.50
20260820,113.5,115.0,113.0,115.0,18540289,2116489172,7530,+1.50
20260821,114.5,115.0,113.5,115.0,13272143,1518422440,2981, 0.00
20260824,115.0,115.0,114.0,115.0,9496643,1090025289,3377, 0.00
20260825,115.0,115.5,114.5,115.5,8753438,1008259805,3511,+0.50
20260826,115.0,115.5,114.5,115.5,9525190,1095928071,2907, 0.00
