date,open,high,low,close,volume,turnover,transactions,price_change
20100104,60.5,60.5,58.8,59.1,8134542,484498410,4333,0.8
20100105,59.9,60.0,58.2,58.2,5687269,336251091,3004,-0.9
20100106,58.2,59.4,58.2,58.6,5200606,305608803,2824,0.4
20100107,58.9,59.2,57.0,57.0,5107894,296048358,2852,-1.6
20100108,57.2,57.7,55.8,56.3,4087210,230426596,2307,-0.7
20100111,56.3,56.7,56.2,56.4,2553766,144220338,1653,0.1
20100112,56.7,58.5,56.7,57.9,5120871,296439068,2958,1.5
20100113,57.7,57.7,57.1,57.1,2375615,136289965,1380,-0.8
20100114,57.2,58.3,57.1,57.5,3225851,186135685,1794,0.4
20100115,58.2,58.3,57.5,57.6,2601207,150178347,1649,0.1
20100118,57.2,57.2,56.6,56.6,2525283,143373367,1613,-1.0
20100119,56.8,57.2,56.0,56.2,2258231,127398738,1413,-0.4
20100120,56.8,57.2,56.1,56.1,2181516,123341591,1312,-0.1
20100121,56.0,56.1,52.8,53.5,4677808,253896576,2811,-2.6
20100122,52.8,53.2,52.2,52.6,2558246,135088163,1592,-0.9
20100125,52.0,53.5,52.0,52.6,1877354,99227695,1297,0.0
20100126,53.2,53.7,48.95,49.2,4085677,209357850,2289,-3.4
20100127,49.3,51.5,49.0,49.7,3650742,183271075,2317,0.5
20100128,50.8,51.9,50.2,51.8,3029689,155763557,1943,2.1
20100129,50.8,51.9,50.8,51.0,2141638,110026030,1298,-0.8
20100201,51.9,51.9,49.5,49.5,1828643,91964033,1062,-1.5
20100202,50.6,51.5,49.2,49.3,2309366,115957759,1421,-0.2
20100203,50.5,50.8,49.6,49.85,1687218,84477750,1045,0.55
20100204,49.85,50.5,49.6,49.8,1581144,78893072,1000,-0.05
20100205,48.3,48.8,46.35,46.35,3690946,173443255,2188,-3.45
20100206,46.35,46.85,43.15,43.5,2945351,129724944,1667,-2.85
20100208,44.0,44.3,42.6,44.1,1334232,58508417,867,0.6
20100209,44.1,46.1,44.1,45.8,2203517,100536934,1374,1.7
20100210,46.85,48.5,46.85,48.3,3674891,176183757,2155,2.5
20100222,49.1,49.8,48.6,48.75,2307363,113293736,1378,0.45
20100223,49.4,49.4,47.8,48.5,1612865,78207141,989,-0.25
20100224,48.0,48.5,47.2,47.4,1074659,51509344,725,-1.1
20100225,47.7,48.45,47.1,47.8,1745512,83383708,1000,0.4
20100226,48.4,50.4,48.4,49.25,7206758,356335962,3868,1.45
20100301,49.45,50.6,49.45,49.6,3973462,198700247,2097,0.35
20100302,51.0,52.5,50.2,50.3,6300667,323534817,3437,0.7
20100303,50.6,51.0,49.3,49.5,2108674,105382245,1326,-0.8
20100304,50.5,50.5,49.0,49.1,1857254,91967555,1189,-0.4
20100305,49.6,50.0,49.0,49.2,1589064,78472472,1068,0.1
20100308,50.0,50.3,49.7,50.0,1901719,95062857,1261,0.8
20100309,50.7,51.8,50.7,51.0,5133974,263700974,2892,1.0
20100310,51.5,51.8,50.2,50.5,2823848,143299032,1602,-0.5
20100311,51.2,51.4,50.3,50.5,2986204,151948085,1760,0.0
20100312,50.8,51.3,50.1,50.5,1622934,82204862,975,0.0
20100315,50.5,50.9,49.4,49.5,1385791,69166915,856,-1.0
20100316,49.6,50.8,49.5,50.5,1484310,74402444,960,1.0
20100317,51.2,51.9,50.8,51.0,3683387,189079628,1983,0.5
20100318,51.5,51.8,50.8,50.9,3266623,167412725,1840,-0.1
20100319,51.0,51.2,50.3,50.5,2055890,104019929,1202,-0.4
20100322,50.1,51.1,50.1,50.4,1398739,70716744,984,-0.1
20100323,50.8,51.1,50.1,50.2,1681696,84993313,941,-0.2
20100324,50.9,50.9,50.1,50.1,1453916,73378081,898,-0.1
20100325,50.8,51.4,50.6,51.2,3666973,187231988,2252,1.1
20100326,51.6,52.0,51.2,51.3,4788480,247173281,2720,0.1
20100329,51.6,52.9,51.5,51.7,6318758,329807247,3313,0.4
20100330,52.4,52.4,50.9,50.9,2748090,141210342,1625,-0.8
20100331,50.9,52.4,50.9,51.4,4969901,257942001,2814,0.5
20100401,52.0,52.0,51.1,51.3,2352951,121026062,1465,-0.1
20100402,51.9,52.5,51.7,51.8,3876647,202001811,2200,0.5
20100406,52.8,52.8,51.4,51.5,2584053,134221109,1586,-0.3
20100407,52.0,52.3,51.4,51.7,2417106,125361640,1472,0.2
20100408,52.0,54.5,51.8,53.5,16341143,873478598,8146,1.8
20100409,54.5,55.6,54.2,54.7,13266117,728524328,6791,1.2
20100412,55.5,55.8,54.4,54.9,5994900,330475965,3355,0.2
20100413,55.3,56.7,54.4,55.2,10059474,560425702,5567,0.3
20100414,55.2,55.8,54.3,55.0,4186330,229762957,2405,-0.2
20100415,55.3,55.6,54.0,54.1,4418043,240981689,2439,-0.9
20100416,54.2,54.5,52.9,52.9,3099903,165668033,1935,-1.2
20100419,51.8,52.3,50.0,50.2,4280010,218771786,2532,-2.7
20100420,50.3,51.9,50.2,51.6,1956707,99595800,1291,1.4
20100421,52.4,53.4,52.0,52.7,2935069,154758309,1858,1.1
20100422,53.0,53.2,51.8,52.4,2042354,107159591,1314,-0.3
20100423,52.9,53.6,52.8,52.8,2696541,143354731,1570,0.4
20100426,53.1,53.5,52.0,52.1,2033786,106461656,1348,-0.7
20100427,52.0,52.6,52.0,52.3,1538039,80493005,955,0.2
20100428,49.2,51.3,49.2,51.3,2418032,122843115,1557,-1.0
20100429,51.3,51.5,50.7,50.9,1827625,93225633,1197,-0.4
20100430,51.4,51.4,49.15,49.3,4354624,217393001,2441,-1.6
20100503,48.8,49.5,48.8,48.8,1661574,81455490,1040,-0.5
20100504,49.2,49.7,48.5,48.95,1083745,53177089,792,0.15
20100505,47.0,48.0,46.0,46.05,2950340,137764405,1694,-2.9
20100506,46.05,46.55,45.0,45.0,1782292,81573986,1155,-1.05
20100507,42.0,44.5,42.0,44.45,2469049,106277929,1454,-0.55
20100510,44.5,46.0,44.45,46.0,1262587,57012302,863,1.55
20100511,47.0,47.1,46.05,46.1,1577833,73610734,976,0.1
20100512,46.7,47.0,45.35,45.35,913460,41932287,638,-0.75
20100513,46.1,46.2,45.6,46.0,924928,42507838,628,0.65
20100514,45.9,46.0,45.5,45.8,488906,22335183,362,-0.2
20100517,45.1,45.2,44.0,44.0,1014240,45186269,654,-1.8
20100518,44.1,44.55,42.8,42.95,1429147,61983771,873,-1.05
20100519,42.5,44.0,42.25,43.65,1533254,66609658,1006,0.7
20100520,43.65,44.0,42.9,43.0,1316648,56938214,689,-0.65
20100521,42.3,42.3,40.5,41.0,2074950,85155983,1257,-2.0
20100524,41.45,41.45,40.0,40.8,1414914,57606377,820,-0.2
20100525,40.5,40.5,37.95,37.95,2581640,99807270,1558,-2.85
20100526,38.25,39.75,38.25,38.65,2295788,89558726,1439,0.7
20100527,38.0,39.5,38.0,39.4,1609184,62620811,1091,0.75
20100528,40.9,40.95,40.1,40.2,1841445,74589578,1202,0.8
20100531,40.2,40.4,39.6,39.8,983653,39297644,602,-0.4
20100601,39.8,40.45,39.5,40.0,1128419,45230933,745,0.2
20100602,39.4,40.4,39.2,39.4,912105,36272061,550,-0.6
20100603,40.0,40.4,39.8,40.1,1011218,40508123,591,0.7
20100604,40.6,42.45,40.5,41.8,3621589,150964631,2113,1.7
20100607,40.4,40.9,40.0,40.6,1357771,55040599,796,-1.2
20100608,40.8,41.1,40.5,40.6,1086947,44234832,647,0.0
20100609,40.85,43.0,40.85,41.6,5306169,223793207,2833,1.0
20100610,42.0,42.55,41.25,42.45,2744877,115673667,1601,0.85
20100611,43.0,43.4,42.0,42.0,2173334,92658450,1314,-0.45
20100614,42.8,42.85,41.9,41.9,949127,39993460,575,-0.1
20100615,42.0,42.5,41.75,41.95,1171693,49380059,725,0.05
20100617,42.4,43.45,42.4,42.7,2424717,104321901,1488,0.75
20100618,43.0,43.0,42.05,42.05,1226194,52061509,718,-0.65
20100621,42.75,42.8,42.0,42.2,1135723,47959716,708,0.15
20100622,42.4,42.45,41.8,41.85,1192041,50048496,685,-0.35
20100623,41.8,41.8,41.25,41.3,890404,36937921,574,-0.55
20100624,41.4,43.05,41.4,43.05,2823363,119797087,1505,1.75
20100625,42.5,42.75,41.85,42.25,1255461,53004491,733,-0.8
20100628,42.6,43.0,41.9,41.9,1644513,70110385,965,-0.35
20100629,42.3,42.35,41.0,41.0,1294270,53979970,758,-0.9
20100630,39.8,41.0,39.6,40.6,1242477,50163758,807,-0.4
20100701,40.8,41.5,40.7,40.7,944314,38685561,616,0.1
20100702,41.0,42.4,41.0,41.7,2081801,87300335,1312,1.0
20100705,41.8,44.6,41.8,44.6,8599078,377584450,3454,2.9
20100706,44.6,44.85,43.5,44.05,6054007,267483589,2993,-0.55
20100707,44.05,44.35,43.3,43.3,2481713,108861439,1458,-0.75
20100708,44.1,45.8,44.1,45.05,7983720,360510255,4233,1.75
20100709,45.7,45.75,44.5,44.6,3717326,167239248,2097,-0.45
20100712,45.3,46.5,44.8,45.55,4748243,217481877,2797,0.95
20100713,45.75,46.4,45.2,45.35,4530488,207994744,2545,-0.2
20100714,46.2,48.4,45.8,48.0,10970928,522998444,5719,2.65
20100715,48.0,48.4,47.2,47.4,5297689,253078090,2965,-0.6
20100716,47.8,49.9,47.2,47.4,11467756,556416477,6133,0.0
20100719,47.4,48.0,46.75,47.05,3177195,150082755,1734,-0.35
20100720,47.05,48.0,46.8,47.05,3169353,150090631,1723,0.0
20100721,47.8,48.25,47.0,47.0,3810274,181112928,2161,-0.05
20100722,47.4,47.45,46.65,46.7,2131697,100191930,1184,-0.3
20100723,47.5,47.8,47.0,47.0,3199784,151726521,2068,0.3
20100726,47.5,49.3,47.5,48.2,8233811,399805601,4188,1.2
20100727,49.0,49.0,47.5,47.75,4005589,193185156,2240,-0.45
20100728,47.85,48.6,47.75,47.95,2361984,113536911,1356,0.2
20100729,48.0,48.25,47.0,47.0,2233191,105880327,1274,-0.95
20100730,47.0,47.7,46.5,46.5,1869218,87595381,1049,-0.5
20100802,47.1,48.2,47.0,48.1,3698736,176427774,2207,1.6
20100803,48.5,48.6,47.35,47.45,2667733,127928393,1401,-0.65
20100804,47.5,48.3,47.25,47.3,2922523,139372159,1612,-0.15
20100805,47.5,48.0,46.0,46.05,3871621,181505366,2027,-1.25
20100806,46.3,46.6,45.75,46.1,1634388,75374448,976,0.05
20100809,46.5,46.6,45.85,46.45,2268292,104526065,1523,0.35
20100810,46.45,47.3,45.8,46.0,3260529,151413334,2018,-0.45
20100811,45.85,47.8,45.85,46.6,5332353,250103380,2970,0.6
20100812,46.3,48.4,46.0,47.95,7713935,367505797,4181,1.35
20100813,48.6,51.3,48.15,51.3,15612139,781877140,7272,3.35
20100816,52.6,54.8,52.6,54.8,22092939,1190099370,9293,3.5
20100817,55.4,56.9,53.8,54.8,29856759,1657439410,13903,0.0
20100818,55.9,56.8,54.8,54.8,13551629,752857818,6868,0.0
20100819,55.5,56.1,54.8,55.0,8805135,487069225,4568,0.2
20100820,54.7,55.3,52.8,53.0,7522644,404700832,3987,-2.0
20100823,53.0,54.9,51.8,54.0,9280436,497481844,4776,1.0
20100824,54.3,57.4,54.3,55.9,24137609,1359965182,10557,1.9
20100825,56.0,58.0,54.1,54.4,21046785,1184616869,9516,-1.5
20100826,54.8,55.4,51.0,51.2,10337702,543326100,5377,-3.2
20100827,51.2,52.7,51.2,52.6,5244249,273433680,3009,1.4
20100830,54.0,54.0,51.4,51.4,5706032,298844222,3097,-1.2
20100831,50.0,51.9,47.85,48.6,6386278,317918128,3523,-2.8
20100901,48.75,51.7,48.75,51.7,6857805,347767290,3663,3.1
20100902,52.5,53.7,50.5,50.5,9068855,474210168,4571,-1.2
20100903,51.0,51.7,50.5,50.8,4759961,242535006,2441,0.3
20100906,51.5,53.7,51.2,53.0,9125209,480754277,4718,2.2
20100907,53.0,53.0,51.4,51.5,4259659,222083482,2259,-1.5
20100908,51.0,52.4,51.0,51.4,4712145,243768098,2525,-0.1
20100909,52.3,52.3,49.2,50.0,6457185,324246350,3382,-1.4
20100910,50.5,50.6,48.1,48.75,3876237,189965401,2238,-1.25
20100913,49.75,49.8,49.0,49.4,2539847,125558812,1531,0.65
20100914,49.6,50.3,49.4,49.5,2768746,137767564,1635,0.1
20100915,50.2,51.9,49.2,51.4,6216052,315411277,3579,1.9
20100916,51.1,51.1,48.1,48.7,4561216,223987076,2757,-2.7
20100917,48.7,49.8,48.2,48.8,3638489,178589983,2241,0.1
20100920,48.85,49.7,48.6,48.85,2158857,105860539,1245,0.05
20100921,49.9,50.2,49.0,49.05,2334064,115328159,1549,0.2
20100923,49.3,50.5,49.3,49.9,3323888,166103182,1909,0.85
20100924,50.5,50.9,49.7,49.7,3490905,175304562,2016,-0.2
20100927,50.4,50.4,47.0,47.25,4700938,225329242,2813,-2.45
20100928,47.0,47.8,46.5,47.3,2361401,111398145,1392,0.05
20100929,47.8,47.9,47.4,47.6,1645538,78357497,1037,0.3
20100930,47.6,48.1,47.4,47.65,1338029,63861662,940,0.05
20101001,47.65,48.8,46.85,47.7,4250580,204017489,2454,0.05
20101004,47.7,48.2,46.0,46.1,2942294,137153774,1747,-1.6
20101005,45.7,46.1,45.0,45.5,1728032,78673490,1117,-0.6
20101006,46.5,46.5,45.3,45.3,1783707,81470298,1136,-0.2
20101007,45.2,46.75,45.2,46.25,2612679,120273530,1627,0.95
20101008,46.45,46.6,45.55,45.6,1145194,52537036,719,-0.65
20101011,45.6,46.0,45.3,45.3,949088,43235905,692,-0.3
20101012,45.5,46.1,45.25,45.25,1349812,61585882,858,-0.05
20101013,45.65,45.75,45.3,45.3,849592,38629846,597,0.05
20101014,45.8,46.0,45.3,45.6,896582,40908448,670,0.3
20101015,45.6,46.0,44.0,44.05,1993762,89489444,1186,-1.55
20101018,44.05,44.6,42.8,42.8,1780014,77382534,1016,-1.25
20101019,42.8,43.35,42.7,42.9,1084771,46682561,694,0.1
20101020,42.6,44.5,42.4,44.2,2190970,96036211,1407,1.3
20101021,44.2,45.3,43.8,43.8,1412455,62785960,959,-0.4
20101022,44.0,44.5,43.8,43.8,878434,38674190,520,0.0
20101025,44.3,44.4,43.8,44.25,819229,36202954,520,0.45
20101026,44.4,45.55,44.4,44.95,1768663,79828574,1123,0.7
20101027,45.4,45.4,44.1,44.1,871282,38934809,572,-0.85
20101028,44.7,45.3,44.1,44.85,964894,43195971,726,0.75
20101029,45.45,45.45,44.25,44.25,1181252,52936793,764,-0.6
20101101,44.5,44.75,43.85,43.9,854353,37671921,553,-0.35
20101102,44.0,44.3,43.0,43.0,1196790,52049893,788,-0.9
20101103,43.25,43.45,41.1,41.15,2463334,102781944,1397,-1.85
20101104,41.1,41.9,41.1,41.85,948364,39426388,616,0.7
20101105,42.0,43.3,42.0,43.0,1827748,77945774,1095,1.15
20101108,43.2,43.3,41.5,41.5,1334519,55912672,837,-1.5
20101109,41.5,42.95,41.5,42.0,1068475,45121550,770,0.5
20101110,42.5,42.5,41.9,42.25,760255,32078705,467,0.25
20101111,42.3,44.65,42.3,44.65,4213712,185073200,2624,2.4
20101112,44.65,44.65,43.4,43.6,1487522,65152047,1038,-1.05
20101115,43.6,43.8,43.0,43.6,1108904,48139858,651,0.0
20101116,43.9,44.4,43.65,43.7,1632706,71862541,1027,0.1
20101117,43.7,44.2,43.15,43.7,1551282,68051660,956,0.0
20101118,44.0,44.0,42.05,42.3,1581573,67317704,1053,-1.4
20101119,42.8,42.8,41.9,42.0,1175259,49672628,727,-0.3
20101122,42.5,42.5,41.7,41.75,911438,38176834,538,-0.25
20101123,42.1,42.6,41.85,42.0,1359272,57355724,745,0.25
20101124,41.1,41.8,41.1,41.45,921513,38237301,559,-0.55
20101125,42.0,42.1,41.6,41.8,786480,32939457,462,0.35
20101126,42.0,42.5,41.5,41.5,1355993,56977746,848,-0.3
20101129,42.0,42.75,41.5,42.2,1437658,60632051,907,0.7
20101130,42.4,42.7,42.05,42.4,1590721,67354111,937,0.2
20101201,42.75,42.75,42.4,42.65,1205291,51265780,712,0.25
20101202,42.85,43.05,42.6,42.6,1690451,72393053,855,-0.05
20101203,42.85,43.25,42.7,42.7,1508981,64774882,815,0.1
20101206,43.0,43.15,42.7,42.7,1198237,51405413,719,0.0
20101207,43.05,44.0,43.0,43.95,3986179,173897408,2002,1.25
20101208,44.0,44.3,43.5,43.5,2056074,90215807,1169,-0.45
20101209,43.8,43.9,43.1,43.1,1587392,68933098,863,-0.4
20101210,43.3,43.9,42.8,43.2,1979550,85779137,1153,0.1
20101213,43.3,43.6,43.05,43.05,1108715,47939991,670,-0.15
20101214,43.1,43.25,42.4,42.4,1373145,58654302,828,-0.65
20101215,42.2,42.4,41.55,41.85,1486635,62182926,895,-0.55
20101216,41.8,42.4,41.55,41.85,858362,36050959,571,0.0
20101217,42.0,42.7,41.85,42.0,1235323,52151027,864,0.15
20101220,42.1,42.5,42.0,42.0,1111846,46882350,567,0.0
20101221,42.5,42.5,42.0,42.3,775849,32817224,533,0.3
20101222,42.5,43.25,42.4,43.15,2300008,98844755,1252,0.85
20101223,43.45,43.65,43.15,43.2,2298240,99818543,1227,0.05
20101224,43.4,44.0,43.1,43.2,1838105,80032415,1052,0.0
20101227,43.1,43.4,42.6,42.6,1119424,47976068,666,-0.6
20101228,42.7,42.75,42.05,42.05,789668,33451276,536,-0.55
20101229,42.0,42.2,41.6,41.65,1347429,56317110,757,-0.4
20101230,41.75,42.45,41.7,42.3,1373707,57759734,721,0.65
20101231,42.5,42.6,42.0,42.0,1150657,48603546,684,-0.3
20110103,42.2,42.3,41.65,41.75,1337781,55979278,686,-0.25
20110104,42.0,42.85,42.0,42.4,2424050,102990335,1290,0.65
20110105,42.5,42.6,41.8,41.85,1650758,69417415,856,-0.55
20110106,42.0,42.45,41.85,41.95,1254221,52798100,646,0.1
20110107,42.0,42.0,41.4,41.6,1581237,65832553,743,-0.35
20110110,41.6,41.9,41.5,41.6,796264,33163219,458,0.0
20110111,41.75,42.15,41.75,42.0,1210390,50789834,774,0.4
20110112,42.4,43.75,42.25,43.6,6135362,265617596,3236,1.6
20110113,44.3,44.3,43.3,43.5,3374386,147683232,1975,-0.1
20110114,43.5,43.6,42.85,43.0,1485428,64101554,898,-0.5
20110117,43.5,46.0,43.3,46.0,13797002,625846442,6232,3.0
20110118,46.5,49.0,46.1,47.5,20635417,989096087,9243,1.5
20110119,47.8,49.5,47.8,48.45,13013542,636698294,6460,0.95
20110120,48.45,48.45,46.6,46.7,6245066,295521888,3161,-1.75
20110121,46.7,49.0,46.0,48.5,11732936,563354525,6160,1.8
20110124,48.65,49.15,47.5,47.5,4468747,214555873,2331,-1.0
20110125,48.5,48.8,48.1,48.1,8261278,400646287,4158,0.6
20110126,48.1,48.3,46.8,46.9,5719779,270749671,2780,-1.2
20110127,46.8,47.15,46.25,46.4,3917749,182595274,1951,-0.5
20110128,46.5,48.25,46.1,47.25,6294512,298005418,3480,0.85
20110208,47.75,47.8,46.3,46.3,2065555,96562173,1354,-0.95
20110209,46.3,46.9,46.1,46.1,2240577,103882625,1234,-0.2
20110210,46.1,47.05,46.1,46.2,3662919,170581289,1843,0.1
20110211,46.2,46.9,44.5,44.8,3814349,175976762,1911,-1.4
20110214,45.2,47.3,45.0,47.15,4893005,227407214,2720,2.35
20110215,47.4,48.9,46.55,48.0,9349957,450410736,4994,0.85
20110216,48.25,48.5,47.0,47.15,4362358,206984402,2212,-0.85
20110217,47.4,48.4,47.4,47.55,5635977,270248275,2717,0.4
20110218,48.4,48.55,47.85,48.0,5333848,256971054,2569,0.45
20110221,48.5,51.3,48.35,51.0,18546687,928998087,8766,3.0
20110222,51.3,53.9,51.0,53.2,32714940,1721380539,15256,2.2
20110223,53.2,53.2,49.6,50.3,12338361,631168894,6256,-2.9
20110224,50.5,52.7,49.9,51.6,13230782,681046115,7136,1.3
20110225,52.5,54.0,51.6,51.8,18143486,958794452,8633,0.2
20110301,52.2,52.2,49.2,50.4,7167722,362573475,3895,-1.4
20110302,50.2,51.5,50.0,50.5,5819448,295040214,3125,0.1
20110303,51.4,52.5,51.0,51.0,7485622,386747322,4041,0.5
20110304,51.1,51.4,50.0,50.0,6931613,350297191,3532,-1.0
20110307,50.6,51.3,50.5,50.7,4273690,217439367,2134,0.7
20110308,50.9,52.4,50.0,51.5,9502336,489749991,4705,0.8
20110309,51.5,53.3,51.3,53.0,17176932,903386196,7232,1.5
20110310,54.5,56.7,53.8,54.3,44272170,2459371280,16951,1.3
20110311,54.0,56.0,53.2,56.0,21996127,1205651512,9924,1.7
20110314,58.1,58.5,53.2,55.0,23187961,1298996455,9959,-1.0
20110315,55.0,56.5,51.2,52.3,19821579,1065363743,9039,-2.7
20110316,54.8,55.9,53.7,55.9,21655669,1193741363,8076,3.6
20110317,55.7,58.5,55.6,56.4,38264404,2179208837,16812,0.5
20110318,56.9,57.0,54.2,55.1,14704260,815471300,6834,-1.3
20110321,55.3,56.9,54.7,56.5,14612653,818416978,6835,1.4
20110322,57.4,57.4,55.7,55.7,9185181,516360160,4457,-0.8
20110323,55.7,56.9,55.2,55.2,8366585,469068275,4381,-0.5
20110324,55.6,56.1,53.6,54.1,9663576,527018747,4908,-1.1
20110325,54.1,54.3,51.7,51.7,9578901,503628751,5027,-2.4
20110328,51.7,53.2,51.7,52.7,6442507,339887157,3672,1.0
20110329,52.8,53.6,51.8,51.9,3747744,196744595,2181,-0.8
20110330,52.5,53.1,52.0,52.7,5302518,279501582,2777,0.8
20110331,53.1,53.2,51.7,51.9,3434513,179522217,1930,-0.8
20110401,52.1,52.8,52.1,52.4,2775403,145572310,1604,0.5
20110406,53.0,53.0,50.9,51.1,6556769,338213184,3492,-1.3
20110407,51.5,52.8,51.3,52.4,6323567,331265185,3552,1.3
20110408,53.2,53.7,52.5,52.6,6638720,351798062,3458,0.2
20110411,52.9,53.5,52.4,52.8,3901140,206669379,2068,0.2
20110412,52.2,52.2,49.15,49.2,9865325,491815328,5268,-3.6
20110413,48.8,48.9,47.45,48.9,5933140,285504130,3440,-0.3
20110414,48.9,51.0,48.9,50.6,6036532,300561654,3559,1.7
20110415,50.8,50.8,48.65,48.65,3919662,193505962,2295,-1.95
20110418,48.9,48.9,46.8,47.1,5023595,238842415,2645,-1.55
20110419,45.9,47.0,45.8,46.9,3620240,168117130,2096,-0.2
20110420,47.5,47.65,46.5,46.6,2537228,118909557,1584,-0.3
20110421,47.3,47.95,47.0,47.4,2880784,136763646,1744,0.8
20110422,47.8,49.8,47.4,49.25,6785698,332243564,3857,1.85
20110425,49.5,49.65,48.3,48.55,2845958,138602147,1685,-0.7
20110426,48.95,50.5,48.95,49.4,5103069,253943206,2946,0.85
20110427,49.95,50.0,49.1,49.25,2524208,124720388,1438,-0.15
20110428,49.0,49.8,47.7,47.85,3477098,168961124,1968,-1.4
20110429,47.85,47.85,45.9,46.2,4339904,202967001,2526,-1.65
20110503,45.9,45.9,43.05,43.2,4326897,188270550,2379,-3.0
20110504,42.8,44.35,42.0,44.3,3500947,153007691,2041,1.1
20110505,44.45,45.45,44.0,44.3,3546168,158326324,2288,0.0
20110506,43.1,45.0,43.1,44.6,2607201,115950439,1494,0.3
20110509,44.9,44.95,43.8,43.8,1827536,80749965,1175,-0.8
20110510,43.8,45.0,43.8,44.35,2941582,131330094,1727,0.55
20110511,44.8,44.85,43.8,43.8,1568995,69231820,941,-0.55
20110512,43.2,44.5,43.2,44.0,1284281,56445914,889,0.2
20110513,44.6,45.9,44.4,45.0,5071973,229688235,2875,1.0
20110516,45.0,45.0,44.05,44.05,1817796,80532787,974,-0.95
20110517,44.2,44.45,43.6,43.6,1422447,62424335,880,-0.45
20110518,43.8,44.1,42.9,43.1,1961554,84900958,1188,-0.5
20110519,43.25,43.85,42.8,42.8,1854571,79930464,1093,-0.3
20110520,42.8,43.1,40.85,41.1,3354216,139737488,1862,-1.7
20110523,40.2,40.6,39.6,40.0,2696912,107772783,1369,-1.1
20110524,39.25,40.3,39.25,40.0,2322678,92188440,1185,0.0
20110525,40.0,40.8,40.0,40.55,1514768,61441034,991,0.55
20110526,41.0,42.0,40.65,42.0,2350808,97137984,1419,1.45
20110527,42.8,42.8,41.5,41.55,1891379,79384322,1235,-0.45
20110530,41.6,42.2,41.3,41.6,1280887,53545313,835,0.05
20110531,42.0,43.2,41.8,42.7,2922295,124953528,1931,1.1
20110601,43.0,43.05,42.5,42.65,1609095,68684419,942,-0.05
20110602,42.2,42.2,41.55,41.55,1088787,45505089,759,-1.1
20110603,41.5,42.2,41.5,41.8,1354183,56674859,877,0.25
20110607,41.5,41.65,41.1,41.3,1078976,44619352,662,-0.5
20110608,41.3,41.85,41.25,41.3,1352714,56108623,795,0.0
20110609,41.45,42.0,41.3,41.7,1579061,65776474,919,0.4
20110610,41.95,42.0,40.9,40.9,1560603,64293357,951,-0.8
20110613,40.5,41.4,40.5,40.6,1285101,52521885,789,-0.3
20110614,41.0,41.65,40.75,41.15,1896038,78343004,1135,0.55
20110615,41.35,42.25,41.35,41.8,3950941,165383075,2108,0.65
20110616,41.5,42.4,41.35,41.5,2769716,116239958,1676,-0.3
20110617,42.2,42.5,41.6,41.6,2227093,93677611,1415,0.1
20110620,42.0,42.35,40.0,40.0,2524915,104261850,1445,-1.6
20110621,40.7,40.7,39.1,40.6,1891589,75669405,1141,0.6
20110622,41.1,41.45,40.65,40.8,1313913,53932444,869,0.2
20110623,40.5,40.9,40.05,40.1,1044295,42246219,667,-0.7
20110624,40.15,40.8,40.1,40.8,806833,32662065,556,0.7
20110627,40.1,42.8,40.1,42.15,3470508,145720050,2121,1.35
20110628,42.8,43.05,42.1,42.55,4273872,182245342,2335,0.4
20110629,43.5,44.3,43.05,43.6,6559578,287372585,3768,1.05
20110630,44.2,45.0,43.65,44.55,6287302,279567335,3503,0.95
20110701,45.0,45.15,43.85,43.85,3383234,150222713,1967,-0.7
20110704,43.9,44.2,42.9,43.0,2358313,102059783,1523,-0.85
20110705,43.0,44.0,42.6,43.1,2012788,87279694,1331,0.1
20110706,43.1,43.45,42.65,42.65,1548125,66604998,959,-0.45
20110707,42.5,44.3,42.5,44.2,4735398,207017532,2605,1.55
20110708,44.7,44.7,43.0,43.1,2290546,99913874,1341,-1.1
20110711,43.5,43.7,42.8,43.1,1432560,61845431,923,0.0
20110712,42.2,42.8,40.2,40.7,3078342,126341972,1754,-2.4
20110713,40.5,40.7,38.0,38.4,3683899,145244942,2042,-2.3
20110714,38.45,39.4,37.6,39.15,2458621,95099998,1479,0.75
20110715,39.2,39.7,38.7,39.5,1363449,53699951,863,0.35
20110718,39.5,39.65,38.9,39.05,1159594,45489186,680,-0.45
20110719,39.1,39.5,39.0,39.3,1209313,47484243,725,0.25
20110720,39.8,40.3,39.6,39.9,1430337,57113019,919,0.6
20110721,40.1,41.3,39.9,40.9,2649264,107992387,1574,1.0
20110722,41.5,41.5,40.3,40.6,1407456,57548702,783,-0.3
20110725,40.5,40.8,39.4,39.5,1388189,55335260,803,-1.1
20110726,39.5,40.5,39.3,40.15,1318814,52739923,854,0.65
20110727,39.9,41.15,39.85,40.9,1768321,71950615,1136,0.75
20110728,40.3,40.7,40.05,40.05,1166700,47042497,669,-0.85
20110729,40.05,40.45,39.5,39.6,1076031,42795070,673,-0.45
20110801,39.7,39.95,39.1,39.2,1412862,55914668,816,-0.4
20110802,39.2,39.8,39.2,39.5,800374,31603769,482,0.3
20110803,39.05,39.35,38.05,39.0,1357385,52467265,781,-0.5
20110804,39.0,39.45,38.25,38.25,1066260,41576782,711,-0.75
20110805,35.6,36.1,35.6,35.6,2444594,87096536,1080,-2.65
20110808,33.8,34.0,33.15,33.15,2001164,66562113,907,-2.45
20110809,29.05,30.2,29.05,29.1,3741690,109105440,1636,0.0
20110810,29.9,31.1,29.9,31.1,3043214,92668096,1587,2.0
20110811,29.2,32.9,29.1,32.3,4018380,125829730,2301,1.2
20110812,32.9,33.25,31.35,31.4,2090955,67380230,1211,-0.9
20110815,31.7,32.0,30.75,30.95,2335368,72728273,1468,-0.45
20110816,31.3,32.3,31.15,32.0,4024164,128287359,2184,1.05
20110817,32.05,32.05,30.9,30.9,1520132,47456793,927,-1.1
20110818,29.0,30.0,28.75,28.8,2744267,79964393,1574,-2.1
20110819,26.8,27.45,26.8,26.8,2380936,63906372,1148,-2.0
20110822,25.2,27.0,24.95,24.95,2784080,70683450,1466,-1.85
20110823,25.4,26.65,25.1,26.65,3152216,82707701,1680,1.7
20110824,26.7,27.7,26.0,26.2,2628856,70747812,1441,-0.45
20110825,26.2,26.3,25.0,25.05,2001634,50601884,1191,-1.15
20110826,24.95,25.3,23.9,24.5,1958611,48181352,1159,-0.55
20110829,25.75,26.2,25.1,26.2,2500988,65095427,1352,1.7
20110830,25.8,26.0,24.75,25.65,2916869,73866294,1587,-0.55
20110831,26.35,27.4,26.1,27.4,5157002,138875447,2370,1.75
20110901,28.5,29.3,28.1,29.3,4297404,123712981,1748,1.9
20110902,29.4,29.6,28.6,29.05,7587225,221785414,2476,-0.25
20110905,27.7,28.9,27.7,28.35,1602219,45345415,947,-0.7
20110906,27.8,28.6,26.8,27.15,1923922,53961448,1010,-1.2
20110907,27.5,28.6,27.5,28.25,2614742,73550105,1314,1.1
20110908,28.75,29.2,28.25,28.5,2317813,66525766,1121,0.25
20110909,28.5,28.7,27.9,28.5,1470063,41778439,696,0.0
20110913,28.0,28.0,27.0,27.0,807093,22246389,492,-1.5
20110914,27.8,27.95,25.85,26.0,1870828,50606778,960,-1.0
20110915,27.0,27.15,26.25,26.85,1985067,52905695,878,0.85
20110916,27.6,28.7,27.5,28.7,3668022,104535824,1704,1.85
20110919,28.6,29.35,28.1,28.9,6473968,187110618,2234,0.2
20110920,28.85,29.2,28.2,29.0,1674477,48170480,987,0.1
20110921,29.3,29.7,29.05,29.05,2424348,70993592,1268,0.05
20110922,28.1,28.5,28.1,28.2,1147130,32391863,608,-0.85
20110923,26.4,27.3,26.4,27.15,1578788,42285788,795,-1.05
20110926,27.1,27.15,25.25,25.25,1832240,47512001,910,-1.9
20110927,25.6,26.15,25.15,25.15,1458746,37450399,790,-0.1
20110928,25.6,26.25,25.15,25.6,1634068,42204635,956,0.45
20110929,25.5,26.65,25.3,26.25,1609927,42263621,926,0.65
20110930,26.3,26.6,25.9,26.0,729530,19067280,538,-0.25
20111003,25.5,27.0,25.5,26.4,1763880,46688052,1125,0.4
20111004,26.0,26.2,25.8,26.0,679389,17626272,469,-0.4
20111005,26.35,26.5,25.8,25.8,708840,18516740,533,-0.2
20111006,26.2,26.45,25.6,25.6,1040621,27059559,664,-0.2
20111007,26.0,26.75,26.0,26.0,1260563,33205972,887,0.4
20111011,26.5,26.75,25.85,26.15,1650874,43217201,1092,0.15
20111012,26.1,26.9,26.05,26.35,2189195,58107959,1407,0.2
20111013,26.7,27.8,26.45,27.45,4114980,112017704,2279,1.1
20111014,27.5,27.65,27.0,27.0,2063087,56364749,1123,-0.45
20111017,27.3,27.85,27.2,27.25,1983845,54617304,1104,0.25
20111018,27.0,27.05,26.3,26.6,994684,26445752,622,-0.65
20111019,26.8,27.15,26.5,26.5,901968,24140134,662,-0.1
20111020,26.6,26.8,25.8,25.95,788415,20554102,468,-0.55
20111021,26.0,26.2,25.6,25.7,688561,17756972,421,-0.25
20111024,26.05,26.15,25.5,25.7,1399003,36009610,853,0.0
20111025,26.0,26.5,25.65,25.75,2226983,58102588,1236,0.05
20111026,25.7,26.0,25.5,25.9,917543,23702768,602,0.15
20111027,25.7,25.7,24.3,24.45,2326249,57396925,1436,-1.45
20111028,25.0,25.2,23.9,23.95,1702733,41540742,1129,-0.5
20111031,23.7,23.7,22.3,22.3,2565827,58245467,1456,-1.65
20111101,21.6,22.55,21.5,22.5,2001943,44332605,1180,0.2
20111102,21.8,22.35,21.6,22.15,1401339,30752414,752,-0.35
20111103,22.2,22.75,21.7,21.7,1374777,30672896,883,-0.45
20111104,22.0,22.3,21.9,22.0,1269636,28009742,721,0.3
20111107,22.2,22.8,21.8,22.5,1416006,31838476,880,0.5
20111108,22.5,22.85,22.25,22.3,1024017,23062210,620,-0.2
20111109,22.3,22.4,21.5,21.5,1889072,41194876,1062,-0.8
20111110,20.9,21.0,20.0,20.0,2072728,41795860,1057,-1.5
20111111,18.7,20.0,18.6,18.7,3261386,61383889,1763,-1.3
20111114,18.2,19.65,18.2,19.65,3194475,61182819,1576,0.95
20111115,19.65,19.65,18.85,19.0,1043136,19991684,651,-0.65
20111116,19.3,19.35,18.85,19.0,1456775,27825725,873,0.0
20111117,19.0,20.1,19.0,20.0,3630736,71425120,1738,1.0
20111118,19.45,19.9,18.65,18.65,2282607,43844237,1233,-1.35
20111121,18.25,18.3,17.35,17.35,1715208,30057536,875,-1.3
20111122,16.3,16.6,16.15,16.15,2323981,37811863,1148,-1.2
20111123,15.9,16.45,15.05,15.05,2273847,35719822,1279,-1.1
20111124,15.0,15.8,14.15,15.4,2783459,42218805,1621,0.35
20111125,15.6,15.95,15.0,15.3,1798691,27922933,1080,-0.1
20111128,15.5,15.75,15.35,15.6,981979,15296108,569,0.3
20111129,16.0,16.65,15.85,16.65,2841571,46816941,1330,1.05
20111130,16.35,17.3,16.3,16.3,4006627,67255202,2065,-0.35
20111201,17.3,17.4,17.0,17.4,2282536,39460459,1061,1.1
20111202,17.4,17.4,16.9,17.2,1951708,33411470,939,-0.2
20111205,17.2,17.2,16.4,16.4,880475,14638418,522,-0.8
20111206,16.5,17.15,16.2,16.2,1928422,32271439,1028,-0.2
20111207,16.6,16.85,16.25,16.3,928145,15346406,573,0.1
20111208,16.5,16.5,15.7,15.8,794339,12687793,503,-0.5
20111209,15.1,16.9,15.1,16.5,2899762,47842569,1580,0.7
20111212,16.7,17.65,16.65,17.5,5098492,89225602,2118,1.0
20111213,17.5,17.65,17.15,17.35,2181558,37966404,1127,-0.15
20111214,17.5,18.3,17.35,18.0,2995296,53619151,1607,0.65
20111215,17.55,18.0,16.75,16.8,2082416,35691154,1108,-1.2
20111216,16.8,17.0,16.35,16.55,1038874,17291904,596,-0.25
20111219,16.55,17.05,15.6,15.8,1703943,28118041,1047,-0.75
20111220,15.8,16.6,15.8,16.05,1926974,31317522,1094,0.25
20111221,17.0,17.15,16.8,17.15,2127945,36356582,1033,1.1
20111222,16.9,18.35,16.9,18.35,4864759,87468815,2163,1.2
20111223,18.9,19.2,18.5,19.0,5736716,108263615,2349,0.65
20111226,19.0,19.0,18.25,18.4,2067672,38330287,1068,-0.6
20111227,18.6,19.25,18.25,18.75,4255221,80623280,2031,0.35
20111228,18.5,19.05,18.2,18.3,2194135,40849611,1101,-0.45
20111229,18.45,19.2,18.2,18.75,4346046,81891251,2059,0.45
20111230,18.85,18.9,18.5,18.55,1653609,30842981,878,-0.2
20120102,18.6,18.95,18.4,18.45,1478083,27539971,767,-0.1
20120103,18.6,18.75,18.45,18.5,1437092,26684943,711,0.05
20120104,18.8,19.6,18.7,19.6,5479000,105335193,2266,1.1
20120105,19.6,19.85,19.35,19.6,5772361,113166133,2208,0.0
20120106,19.8,20.8,19.65,20.4,10073883,203937062,4273,0.8
20120109,20.35,20.35,19.4,19.4,3042877,60251003,1517,-1.0
20120110,19.7,19.8,19.35,19.7,1935924,37827188,1017,0.3
20120111,19.75,20.0,19.65,19.65,1953802,38699650,1045,-0.05
20120112,20.0,20.7,19.65,19.65,4592546,92501302,2058,0.0
20120113,19.95,19.95,18.9,18.95,2342726,45324585,1215,-0.7
20120116,19.2,19.2,18.7,18.75,1560616,29513459,861,-0.2
20120117,19.0,19.35,18.8,19.25,1769621,33925222,961,0.5
20120118,19.25,20.15,19.2,19.75,4898198,96998515,2316,0.5
20120130,20.1,21.0,20.1,20.85,4910457,100940932,2402,1.1
20120131,21.0,22.05,20.8,21.5,6282283,135794894,2944,0.65
20120201,21.5,22.5,21.2,22.3,5949751,130534926,2866,0.8
20120202,22.8,23.85,22.8,23.75,11412468,269147975,3960,1.45
20120203,23.9,24.3,23.0,24.2,8367063,198599649,3625,0.45
20120204,24.5,25.05,23.1,24.0,13741429,334919985,5346,-0.2
20120206,22.6,25.1,22.6,24.05,10124468,245901746,4387,0.05
20120207,24.05,24.8,23.75,24.0,4795135,116146510,2322,-0.05
20120208,24.5,25.35,24.15,25.1,10143754,252498733,4042,1.1
20120209,25.1,26.4,25.0,26.1,10910427,281605869,4720,1.0
20120210,26.7,27.0,25.6,25.8,8699604,228660404,3668,-0.3
20120213,26.8,27.45,26.3,27.15,13258521,357049067,5382,1.35
20120214,27.15,27.3,25.8,26.5,6280281,166609954,2745,-0.65
20120215,26.3,26.9,25.8,26.0,7627543,201599218,3495,-0.5
20120216,26.0,26.75,25.0,25.0,4495921,117359025,2270,-1.0
20120217,25.5,25.95,24.5,24.9,3679867,93094376,1836,-0.1
20120220,25.2,25.9,24.9,25.9,2698832,68817793,1497,1.0
20120221,26.2,27.7,26.2,27.4,12074642,329041878,5019,1.5
20120222,27.8,29.3,27.6,29.3,17382865,500888909,6821,1.9
20120223,29.1,29.5,27.3,27.35,10615211,300933929,5094,-1.95
20120224,27.35,27.8,25.65,26.5,5952195,157499896,2960,-0.85
20120229,26.7,27.1,25.8,27.0,4342031,115479655,2296,0.5
20120301,26.8,27.2,26.4,26.55,2537988,67942194,1477,-0.45
20120302,26.8,27.8,26.6,27.1,5729932,155648635,2528,0.55
20120303,27.2,27.45,26.8,27.1,2646305,71618969,1309,0.0
20120305,28.9,28.95,28.9,28.95,5844731,169166578,2119,1.85
20120306,28.9,28.95,26.95,26.95,7348239,202229201,2862,-2.0
20120307,25.1,27.25,25.1,26.2,5677781,150562823,2619,-0.75
20120308,26.5,27.15,26.2,26.2,3461597,92625179,1673,0.0
20120309,27.2,27.35,26.6,26.8,3334650,89895194,1730,0.6
20120312,27.2,27.3,26.2,26.5,3373759,90706103,1575,-0.3
20120313,26.5,26.9,25.65,25.65,2765185,71989251,1449,-0.85
20120314,26.2,26.8,25.65,26.8,3456273,90895161,1920,1.15
20120315,26.6,27.0,26.0,26.1,2119245,56087915,1182,-0.7
20120316,27.0,27.65,26.5,27.25,7208989,195763027,3266,1.15
20120319,27.35,27.5,26.35,26.35,2782772,74354675,1484,-0.9
20120320,26.5,27.0,26.2,26.35,2081281,55392902,1212,0.0
20120321,26.5,26.8,26.0,26.05,1797597,47124072,1008,-0.3
20120322,26.05,26.4,25.85,26.0,2185455,57039626,1031,-0.05
20120323,26.0,26.4,25.85,25.9,1526627,39858372,829,-0.1
20120326,26.1,26.75,26.0,26.15,1727969,45569494,991,0.25
20120327,26.65,26.65,26.0,26.0,1145707,30016532,713,-0.15
20120328,26.0,26.6,25.8,25.8,1839121,48118836,1031,-0.2
20120329,25.5,25.6,24.0,24.0,3478456,84962544,1621,-1.8
20120330,22.5,23.65,22.4,23.4,2520804,57943368,1415,-0.6
20120402,23.6,24.3,23.5,23.5,1606250,38429933,968,0.1
20120403,24.0,24.3,21.9,22.15,2268156,52034437,1329,-1.35
20120405,20.95,21.85,20.65,21.5,2342257,49492237,1191,-0.65
20120406,21.6,22.95,21.6,22.95,2118726,47280673,1101,1.45
20120409,22.5,23.4,22.0,23.2,1627317,37306193,913,0.25
20120410,23.4,23.8,23.15,23.3,1428134,33611350,830,0.1
20120411,22.5,24.7,22.5,24.6,3348021,80586293,1826,1.3
20120412,24.6,25.2,24.15,24.25,2683990,66517301,1549,-0.35
20120413,24.95,25.5,24.7,24.85,2583019,64816356,1344,0.6
20120416,24.3,24.55,24.05,24.05,750703,18218686,495,-0.8
20120417,24.1,24.5,23.5,23.5,1296401,30865477,727,-0.55
20120418,24.1,24.15,23.25,23.25,882645,20847407,517,-0.25
20120419,23.25,23.25,22.55,22.7,763431,17465070,505,-0.55
20120420,22.7,22.95,21.85,21.9,1056264,23581308,638,-0.8
20120423,21.9,22.15,20.5,20.8,1313372,27737712,730,-1.1
20120424,20.65,21.3,20.6,21.25,1278814,26835689,698,0.45
20120425,21.65,21.9,21.45,21.6,979871,21244320,590,0.35
20120426,22.0,22.5,21.4,21.4,1203295,26404278,800,-0.2
20120427,21.5,21.8,20.2,20.3,906430,18811526,580,-1.1
20120430,20.3,21.2,20.15,21.2,830623,17156481,522,0.9
20120502,21.5,22.1,21.3,22.0,1113133,24232203,691,0.8
20120503,22.0,22.0,21.5,21.55,646879,14052804,384,-0.45
20120504,21.3,22.75,21.3,22.2,1872383,41785213,1164,0.65
20120507,21.6,22.05,21.5,21.5,841453,18256387,499,-0.7
20120508,21.85,22.4,21.6,21.6,1034384,22714053,597,0.1
20120509,21.7,23.1,21.6,23.1,4121915,93911376,1571,1.5
20120510,23.3,23.55,22.75,23.1,6583313,153633249,2638,0.0
20120511,22.75,23.1,21.95,21.95,1996296,44930612,1047,-1.15
20120514,22.3,23.3,22.0,22.35,6136243,139332198,2019,0.4
20120515,21.85,22.5,21.35,22.2,1922619,42329176,911,-0.15
20120516,22.1,22.7,21.7,21.7,3907397,87303445,1748,-0.5
20120517,21.7,22.4,21.55,21.9,2062809,45223798,1163,0.2
20120518,21.6,22.4,21.0,21.0,2379433,51879393,1384,-0.9
20120521,21.5,22.2,21.5,21.8,2081166,45659928,1231,0.8
20120522,22.2,22.4,21.55,22.2,2986030,66077160,1507,0.4
20120523,21.9,22.45,21.9,21.9,1481934,32793504,869,-0.3
20120524,22.1,22.35,21.0,21.0,1446315,31237315,789,-0.9
20120525,21.2,21.8,20.85,21.0,1462529,31062597,855,0.0
20120528,21.2,21.3,20.55,20.95,855092,17840716,536,-0.05
20120529,21.3,22.1,21.25,21.8,1987208,43288021,1047,0.85
20120530,21.8,22.05,21.55,21.8,1254544,27397099,648,0.0
20120531,21.7,22.05,21.6,22.0,1396919,30566366,702,0.2
20120601,22.0,22.1,20.8,20.85,1181811,25378503,650,-1.15
20120604,19.6,20.0,19.4,19.4,1243801,24232483,650,-1.45
20120605,19.5,20.1,19.1,19.1,1107456,21674202,634,-0.3
20120606,19.25,20.1,19.25,19.75,1386112,27393765,760,0.65
20120607,20.5,20.5,19.7,19.75,1405194,28184322,756,0.0
20120608,19.6,20.0,19.4,19.45,680546,13377296,380,-0.3
20120611,19.8,19.9,19.45,19.5,640398,12557707,380,0.05
20120612,19.05,19.75,19.05,19.45,643000,12542100,367,-0.05
20120613,19.8,20.4,19.75,19.8,1667601,33446796,984,0.35
20120614,20.1,20.15,19.8,19.9,616831,12312592,402,0.1
20120615,20.0,20.2,19.85,20.05,787848,15761264,425,0.15
20120618,20.5,20.7,20.3,20.55,1494495,30699692,775,0.5
20120619,20.55,21.1,20.55,20.8,2161181,44983557,989,0.25
20120620,21.2,21.2,20.45,20.55,1449856,30013690,897,-0.25
20120621,20.8,21.3,20.75,21.05,2783154,58545764,1274,0.5
20120622,20.75,20.85,20.6,20.85,765441,15872908,369,-0.2
20120625,20.6,21.0,20.5,20.5,793822,16475545,414,-0.35
20120626,20.4,20.5,20.05,20.05,582582,11798190,322,-0.45
20120627,20.05,20.45,20.05,20.1,417115,8421050,281,0.05
20120628,20.3,20.4,19.8,19.85,711595,14265116,421,-0.25
20120629,20.0,20.85,19.85,20.55,1491406,30512570,888,0.7
20120702,20.9,21.2,20.5,20.6,1218944,25207940,624,0.05
20120703,20.8,20.8,20.6,20.65,729180,15065537,357,0.05
20120704,20.8,21.15,20.8,20.9,1127117,23597875,577,0.25
20120705,20.9,21.3,20.75,20.9,1322982,27894014,602,0.0
20120706,20.9,21.0,20.6,20.9,479873,9969756,276,0.0
20120709,20.6,20.8,20.55,20.55,397361,8211499,220,-0.35
20120710,20.55,21.0,20.35,20.35,786989,16304071,411,-0.2
20120711,20.4,20.55,20.05,20.1,646714,13091780,327,-0.25
20120712,20.15,20.25,19.05,19.2,1147727,22511155,549,-0.9
20120713,18.8,19.2,18.15,18.2,1042863,19471797,602,-1.0
20120716,18.2,18.5,17.65,17.65,774761,13934765,425,-0.55
20120717,17.65,18.2,17.65,17.9,701400,12579113,404,0.25
20120718,17.9,18.05,17.55,17.55,426896,7589011,264,-0.35
20120719,17.9,17.9,17.5,17.7,587413,10393162,345,0.15
20120720,17.7,18.1,17.7,17.9,803427,14426635,447,0.2
20120723,17.8,17.8,17.2,17.2,582609,10184399,255,-0.7
20120724,17.2,17.3,16.0,16.3,1028506,16865794,518,-0.9
20120725,16.3,16.85,16.3,16.4,968422,16007874,489,0.1
20120726,16.5,16.8,16.5,16.65,520018,8666893,264,0.25
20120727,16.75,17.15,16.75,17.05,639726,10869796,334,0.4
20120730,17.6,17.6,17.0,17.15,301302,5175371,192,0.1
20120731,17.25,17.3,16.8,17.2,453673,7756603,275,0.05
20120801,17.0,17.4,17.0,17.25,559294,9668452,292,0.05
20120803,17.35,17.35,16.8,16.9,419457,7140823,248,-0.35
20120806,17.0,17.1,15.75,15.75,1808410,29077346,933,-1.15
20120807,15.15,15.15,14.4,14.45,2166213,31779653,1067,0.0
20120808,14.4,14.85,14.1,14.55,1691496,24518595,912,0.1
20120809,14.55,15.1,14.55,15.0,1364864,20360506,769,0.45
20120810,15.0,15.3,14.9,15.0,872390,13192950,515,0.0
20120813,15.05,15.2,14.9,15.0,481606,7252323,258,0.0
20120814,15.15,15.4,15.05,15.1,758498,11544313,427,0.1
20120815,15.1,15.25,15.0,15.1,457723,6908911,220,0.0
20120816,15.1,15.7,15.05,15.55,1290212,19963878,653,0.45
20120817,15.7,15.85,15.4,15.6,906908,14237769,464,0.05
20120820,15.75,15.95,15.6,15.65,508063,8004525,293,0.05
20120821,15.85,16.7,15.85,16.7,2746731,45438272,1209,1.05
20120822,16.7,17.0,16.5,16.7,2006019,33655106,931,0.0
20120823,16.7,16.7,16.35,16.4,975265,16129116,485,-0.3
20120824,16.25,16.7,16.25,16.35,746688,12291135,434,-0.05
20120827,16.35,16.5,16.2,16.3,454214,7437910,254,-0.05
20120828,16.4,16.5,16.05,16.05,612889,9960471,340,-0.25
20120829,16.05,16.3,15.85,16.05,585183,9400828,324,0.0
20120830,15.8,16.3,15.8,16.05,595244,9604079,313,0.0
20120831,15.8,16.1,15.8,15.8,640935,10178067,282,-0.25
20120903,16.0,16.0,15.85,15.9,439719,7006997,251,0.1
20120904,16.1,17.0,15.9,17.0,2087478,35071976,940,1.1
20120905,17.1,17.5,17.0,17.4,5219760,90230286,2034,0.4
20120906,17.5,18.3,17.3,18.0,4015967,71325156,1938,0.6
20120907,18.45,18.45,17.55,17.9,1934070,34759270,915,-0.1
20120910,18.0,18.0,17.6,17.85,1285787,22952754,701,-0.05
20120911,17.85,19.0,17.85,18.8,3486072,64810887,1787,0.95
20120912,18.8,18.8,18.35,18.45,1549608,28792913,867,-0.35
20120913,18.5,19.2,18.3,18.3,2183446,40920309,1090,-0.15
20120914,18.5,18.75,18.25,18.3,1365868,25264733,750,0.0
20120917,18.5,18.6,17.85,17.9,1133171,20526381,612,-0.4
20120918,17.85,18.4,17.85,18.0,1243539,22613052,652,0.1
20120919,18.35,18.8,18.3,18.3,1696985,31435111,827,0.3
20120920,18.25,18.3,17.45,17.55,1422212,25218357,638,-0.75
20120921,17.55,17.85,17.3,17.3,1369124,23977187,749,-0.25
20120924,17.4,17.5,17.05,17.3,1187347,20559944,638,0.0
20120925,17.45,17.7,17.2,17.25,921481,16032388,446,-0.05
20120926,16.8,17.35,16.8,16.95,851490,14526586,470,-0.3
20120927,16.95,17.2,16.8,16.85,895571,15203486,462,-0.1
20120928,17.0,17.15,16.7,16.8,1182205,19976024,516,-0.05
20121001,16.95,16.95,16.5,16.5,645303,10748374,363,-0.3
20121002,16.5,16.7,16.15,16.25,977552,15933757,533,-0.25
20121003,16.5,16.55,16.2,16.45,956505,15684472,489,0.2
20121004,16.45,16.5,16.0,16.0,744769,12018936,457,-0.45
20121005,16.0,16.2,15.95,15.95,1033289,16560524,592,-0.05
20121008,15.8,15.95,15.4,15.4,757986,11839821,436,-0.55
20121009,15.3,15.6,14.95,15.0,737618,11200528,469,-0.4
20121011,15.0,15.25,14.7,14.85,1044713,15704903,591,-0.15
20121012,15.15,15.15,14.8,14.85,514929,7681866,359,0.0
20121015,15.0,15.0,14.45,14.45,647085,9488619,379,-0.4
20121016,14.65,14.65,14.5,14.5,560082,8146024,441,0.05
20121017,14.7,15.5,14.7,15.5,3110766,47784721,1299,1.0
20121018,15.75,15.75,15.15,15.3,1223204,18877130,586,-0.2
20121019,15.3,15.3,14.7,14.7,1048006,15664516,486,-0.6
20121022,14.3,14.4,14.15,14.2,925408,13207768,451,-0.5
20121023,14.2,14.65,14.2,14.3,1169285,16872755,610,0.1
20121024,14.15,14.3,14.1,14.15,635157,9018544,360,-0.15
20121025,14.4,14.4,13.35,13.4,944942,13084360,521,-0.75
20121026,13.5,13.6,12.5,12.5,1865593,23860401,835,-0.9
20121029,12.5,12.5,11.65,11.65,1750619,20721340,774,-0.85
20121030,11.3,11.85,11.25,11.55,1463114,16988332,926,-0.1
20121031,11.6,11.8,11.5,11.55,1320942,15334560,829,0.0
20121101,11.5,12.3,11.15,12.0,2845455,33578710,1428,0.45
20121102,12.5,12.6,11.9,11.9,1889304,23245950,965,-0.1
20121105,12.05,12.05,11.6,11.65,823885,9715102,462,-0.25
20121106,11.8,12.1,11.55,12.05,1125479,13399548,616,0.4
20121107,12.15,12.75,12.05,12.75,2545624,31910303,1221,0.7
20121108,12.4,13.0,12.4,12.75,2313887,29472181,1076,0.0
20121109,12.8,13.5,12.8,13.4,2922748,38829601,1386,0.65
20121112,13.65,14.25,13.2,14.05,2869314,39451547,1419,0.65
20121113,14.0,14.0,13.1,13.1,1740704,23315119,995,-0.95
20121114,12.9,13.25,12.9,13.05,1018507,13331541,553,-0.05
20121115,12.9,13.5,12.8,13.3,1502715,19978578,834,0.25
20121116,13.3,13.5,12.9,12.9,1143094,15059446,635,-0.4
20121119,12.95,13.1,12.25,12.25,1077224,13601020,570,-0.65
20121120,12.5,12.7,12.25,12.3,836213,10434393,515,0.05
20121121,12.35,12.55,12.0,12.1,715320,8734890,411,-0.2
20121122,12.35,12.45,12.05,12.1,700921,8563002,382,0.0
20121123,12.3,12.85,12.2,12.8,1732986,21825151,758,0.7
20121126,13.0,13.15,12.8,12.8,1704568,22054150,903,0.0
20121127,12.85,13.2,12.7,12.9,1798972,23326778,913,0.1
20121128,12.85,13.25,12.85,13.05,1039396,13605209,531,0.15
20121129,13.3,13.4,12.95,13.0,1190705,15658995,622,-0.05
20121130,13.2,13.75,13.2,13.55,3454844,46831930,1466,0.55
20121203,13.55,13.9,13.55,13.75,2219477,30438294,972,0.2
20121204,13.75,14.6,13.75,14.5,5217429,74803951,2076,0.75
20121205,14.6,14.8,14.4,14.55,2928607,42751713,1356,0.05
20121206,14.65,15.1,14.1,14.2,3037279,44545086,1392,-0.35
20121207,14.35,14.45,13.9,13.95,1583812,22386171,763,-0.25
20121210,14.0,14.2,13.7,13.7,1283671,17875727,569,-0.25
20121211,13.85,14.2,13.6,13.75,1867925,25864708,994,0.05
20121212,13.8,14.25,13.8,13.85,1682207,23575138,774,0.1
20121213,14.1,14.7,14.1,14.6,4268526,61613415,1839,0.75
20121214,14.55,14.6,14.1,14.15,1872263,26797075,805,-0.45
20121217,14.05,14.2,13.6,13.6,1548956,21448049,678,-0.55
20121218,13.85,14.0,13.65,13.8,1154980,15953909,633,0.2
20121219,14.05,14.05,13.8,13.9,808764,11240225,458,0.1
20121220,14.1,14.55,14.1,14.1,3041573,43554813,1265,0.2
20121221,14.1,14.35,13.85,13.9,980498,13740415,453,-0.2
20121222,13.95,14.35,13.95,14.15,1231000,17471450,564,0.25
20121224,14.25,14.4,13.95,14.0,1235626,17484611,548,-0.15
20121225,14.15,14.5,14.15,14.3,1713008,24570046,743,0.3
20121226,14.35,15.25,14.35,14.9,4711215,70496492,1843,0.6
20121227,15.0,15.2,14.7,14.8,2554098,38126172,1040,-0.1
20121228,15.05,15.25,14.7,14.7,2068465,30765770,800,-0.1
20130102,15.0,15.2,14.5,15.1,2490488,36977970,822,0.4
20130103,15.2,16.15,15.15,15.7,8579725,136635879,2575,0.6
20130104,15.7,16.75,15.7,16.5,12216913,200373736,4444,0.8
20130107,16.7,17.65,16.6,17.6,11245000,194376080,4305,1.1
20130108,17.6,17.6,16.45,17.0,7249009,123387453,2904,-0.6
20130109,17.15,17.4,16.65,16.65,3523460,59504484,1575,-0.35
20130110,17.0,17.7,16.7,17.0,10155789,176317799,3920,0.35
20130111,17.0,17.15,16.65,16.9,3278248,55352996,1354,-0.1
20130114,16.9,17.45,16.8,17.45,3556256,61134562,1621,0.55
20130115,17.5,18.35,17.35,17.7,7868709,139620553,3161,0.25
20130116,17.7,17.7,16.5,16.5,4077495,68958702,1666,-1.2
20130117,16.5,16.7,15.35,15.5,4480687,71258192,1979,-1.0
20130118,15.85,16.05,15.45,15.9,2425385,38238683,1254,0.4
20130121,15.9,16.4,15.8,15.9,2102953,33712986,1010,0.0
20130122,16.3,16.4,15.8,15.9,1737026,27958744,897,0.0
20130123,16.2,16.2,15.8,15.9,1237901,19781271,582,0.0
20130124,15.9,16.15,15.7,15.7,1161651,18463890,623,-0.2
20130125,15.8,15.8,15.15,15.15,1545431,23732898,723,-0.55
20130128,15.15,15.3,15.05,15.05,1163518,17615408,530,-0.1
20130129,15.1,15.7,15.1,15.7,1577926,24348972,901,0.65
20130130,15.8,16.6,15.7,16.6,3619577,58556757,1527,0.9
20130131,16.6,16.6,15.95,15.95,2848262,46417059,1109,-0.65
20130201,16.05,16.2,15.75,15.8,1611634,25796000,865,-0.15
20130204,16.1,16.25,15.75,15.8,1525031,24340268,797,0.0
20130205,15.7,16.3,15.65,16.1,2160919,34452254,954,0.3
20130206,16.35,16.35,15.8,15.95,1859770,29846929,833,-0.15
20130218,16.45,17.05,16.45,16.85,5448521,92107777,1778,0.9
20130219,16.85,17.25,16.65,17.2,2872032,48903267,1209,0.35
20130220,17.35,17.35,16.8,17.05,2277485,38901271,1038,-0.15
20130221,16.85,17.15,16.75,16.75,1267728,21489207,649,-0.3
20130222,16.9,16.9,16.5,16.55,1250247,20854168,650,-0.2
20130223,16.6,16.75,16.2,16.25,1496000,24565550,682,-0.3
20130225,16.25,17.25,16.25,16.85,4042780,68242969,1302,0.6
20130226,16.85,17.6,16.8,16.85,5230924,90250299,1842,0.0
20130227,17.1,17.1,16.65,16.65,1501085,25255493,737,-0.2
20130301,16.65,17.25,16.65,17.1,3243862,55404104,1282,0.45
20130304,17.4,17.4,16.95,17.1,1905672,32640074,865,0.0
20130305,17.15,17.45,17.0,17.25,3971100,68483437,1267,0.15
20130306,17.4,18.0,17.35,17.7,11102911,196781989,3829,0.45
20130307,17.85,17.85,17.3,17.3,3856332,67277020,1533,-0.4
20130308,17.6,17.65,17.15,17.2,2461695,42904867,1000,-0.1
20130311,17.4,18.4,17.2,17.8,9077291,163055489,3385,0.6
20130312,18.4,18.4,17.7,17.8,6643225,120332766,2455,0.0
20130313,18.0,18.05,17.4,17.8,2424951,42897163,1059,0.0
20130314,17.8,17.9,17.55,17.7,1595459,28273862,651,-0.1
20130315,17.7,17.95,17.7,17.8,2151498,38309904,918,0.1
20130318,17.8,17.9,16.65,16.75,1880910,32497322,918,-1.05
20130319,16.95,17.4,16.8,17.15,3849685,66125511,1292,0.4
20130320,16.8,17.6,16.8,17.0,2755110,47570170,1021,-0.15
20130321,17.2,17.5,17.1,17.25,2257080,39107812,919,0.25
20130322,17.1,17.45,17.1,17.2,1055596,18186778,475,-0.05
20130325,17.25,17.35,16.9,17.05,1864979,31922122,726,-0.15
20130326,17.05,17.1,16.85,16.85,1312003,22236984,528,-0.2
20130327,16.9,17.35,16.9,16.95,2771379,47366535,1175,0.1
20130328,16.95,17.1,16.4,16.45,1879367,31357117,813,-0.5
20130329,16.5,16.85,16.5,16.55,1549044,25767115,730,0.1
20130401,17.0,17.0,16.6,16.7,1259516,21112294,552,0.15
20130402,16.7,17.1,16.65,16.85,1587616,26830715,771,0.15
20130403,17.1,17.3,16.85,16.85,1368264,23287655,717,0.0
20130408,16.5,16.5,15.7,15.9,2347020,37421393,897,-0.95
20130409,16.1,16.2,15.8,15.9,1140292,18216927,543,0.0
20130410,16.2,16.9,16.2,16.45,3568159,59443138,1474,0.55
20130411,16.6,16.85,16.4,16.4,2026917,33615382,880,-0.05
20130412,16.45,16.6,16.15,16.25,1102662,18138946,499,-0.15
20130415,16.25,16.45,15.9,15.95,798518,12868632,478,-0.3
20130416,15.7,15.95,15.6,15.85,1059149,16721942,503,-0.1
20130417,16.15,16.25,16.0,16.0,927929,14929714,471,0.15
20130418,16.0,16.3,15.9,16.05,808247,13019152,422,0.05
20130419,16.1,16.7,16.1,16.45,1922856,31723071,937,0.4
20130422,16.45,16.45,16.05,16.05,1130011,18287753,597,-0.4
20130423,16.1,16.3,16.0,16.05,591041,9525945,282,0.0
20130424,16.1,16.35,16.05,16.1,841092,13589509,461,0.05
20130425,16.1,16.5,16.1,16.2,841039,13735808,519,0.1
20130426,16.2,16.5,16.2,16.2,2694955,43969057,619,0.0
20130429,16.45,17.2,16.2,16.9,7086783,119456563,1899,0.7
20130430,16.6,17.2,16.6,16.8,8925907,151564478,1441,-0.1
20130502,16.8,16.85,16.4,16.45,1451785,24007214,663,-0.35
20130503,16.7,17.05,16.45,16.9,7852077,132166218,1393,0.45
20130506,17.0,17.4,16.7,16.75,4175709,71158311,876,-0.15
20130507,16.75,16.95,16.55,16.65,3783800,63605825,989,-0.1
20130508,16.9,17.1,16.65,16.85,3457913,58280921,1203,0.2
20130509,17.0,17.55,17.0,17.35,8290850,144191036,2684,0.5
20130510,17.4,17.7,17.05,17.1,2522285,43720586,969,-0.25
20130513,17.3,17.6,17.15,17.15,2971303,51464426,1021,0.05
20130514,17.3,17.3,16.7,16.75,2556381,43320064,909,-0.4
20130515,16.8,17.05,16.8,16.9,2577404,43578126,1027,0.15
20130516,17.15,17.3,16.2,16.45,4151211,69951546,1754,-0.45
20130517,16.45,16.8,16.45,16.55,2756960,45777782,1256,0.1
20130520,16.8,17.0,16.65,16.65,1727828,28994815,711,0.1
20130521,16.95,17.15,16.65,16.7,2606824,44077947,1061,0.05
20130522,16.7,16.9,16.5,16.65,1902335,31694093,770,-0.05
20130523,16.6,16.8,16.3,16.35,1253595,20661585,621,-0.3
20130524,16.35,16.5,16.1,16.25,876540,14262542,416,-0.1
20130527,16.35,16.45,16.25,16.4,535713,8767944,283,0.15
20130528,16.5,16.8,16.45,16.55,1328228,22088405,643,0.15
20130529,16.55,16.55,16.15,16.2,1948846,31686941,775,-0.35
20130530,16.1,16.4,16.1,16.2,817724,13258948,364,0.0
20130531,16.35,16.4,16.15,16.25,649930,10565554,341,0.05
20130603,16.15,16.45,16.1,16.25,1068638,17406223,464,0.0
20130604,16.3,16.4,16.15,16.25,1099903,17888216,538,0.0
20130605,16.35,16.4,15.9,15.9,1227647,19773555,572,-0.35
20130606,16.2,16.2,15.85,15.9,1223283,19551432,481,0.0
20130607,16.1,16.25,15.45,15.5,1573192,24975467,674,-0.4
20130610,15.6,15.8,15.55,15.65,1023300,16003482,347,0.15
20130611,15.7,15.75,15.5,15.55,707113,11046882,358,-0.1
20130613,15.55,15.7,15.4,15.4,699814,10862130,303,-0.15
20130614,15.4,15.55,14.35,14.6,1677461,24949824,720,-0.8
20130617,14.6,14.7,14.45,14.65,807640,11797637,401,0.05
20130618,14.75,14.85,14.65,14.65,628646,9253496,324,0.0
20130619,14.65,14.9,14.6,14.65,759941,11190473,337,0.0
20130620,14.65,14.65,14.05,14.05,904248,12880925,429,-0.6
20130621,13.45,13.65,13.3,13.5,1099720,14842634,469,-0.55
20130624,13.5,13.95,13.5,13.85,1945674,26772242,495,0.35
20130625,13.85,13.85,13.55,13.55,783388,10731980,344,-0.3
20130626,13.65,14.3,13.65,14.05,1992357,28006755,670,0.5
20130627,14.25,14.35,14.05,14.1,1061168,15062552,402,0.05
20130628,14.1,14.3,14.05,14.1,564475,7986813,266,0.0
20130701,14.1,14.7,14.1,14.7,1772745,25534910,556,0.6
20130702,14.7,15.1,14.6,14.6,1266141,18772089,474,-0.1
20130703,14.7,15.0,14.6,14.6,1207660,17792067,378,0.0
20130704,14.7,15.4,14.7,14.95,1627819,24482396,729,0.35
20130705,15.25,15.25,14.75,14.75,867240,12919464,353,-0.2
20130708,14.75,14.9,14.25,14.3,584327,8487987,300,-0.45
20130709,14.3,14.6,14.25,14.3,546371,7870777,298,0.0
20130710,14.3,14.45,14.0,14.2,712836,10131629,310,-0.1
20130711,14.3,14.5,14.15,14.15,842562,12020227,371,-0.05
20130712,14.2,14.3,14.0,14.05,690000,9744200,289,-0.1
20130715,14.05,14.5,14.05,14.45,1084791,15609933,536,0.4
20130716,14.45,14.55,14.25,14.35,567523,8164244,289,-0.1
20130717,14.3,14.45,14.15,14.2,562599,8017932,253,-0.15
20130718,14.2,14.25,13.75,13.75,921831,12852065,416,-0.45
20130719,13.7,14.0,13.55,13.6,910668,12481178,404,-0.15
20130722,13.5,13.7,13.5,13.7,391965,5342815,206,0.1
20130723,13.75,14.2,13.75,14.0,663154,9307123,407,0.3
20130724,14.1,14.15,13.85,13.9,479464,6697344,267,-0.1
20130725,13.9,14.4,13.9,14.0,878319,12431916,391,0.1
20130726,14.05,14.2,13.8,13.85,660694,9199998,299,-0.15
20130729,13.95,13.95,13.6,13.65,455419,6247889,226,-0.2
20130730,13.65,13.8,13.6,13.6,491777,6726981,261,-0.05
20130731,13.7,13.75,13.25,13.25,747681,10010512,338,-0.35
20130801,13.25,13.4,13.25,13.3,535676,7131898,225,0.05
20130802,13.45,13.55,13.4,13.45,556596,7497744,300,0.15
20130805,13.5,13.8,13.5,13.75,1167947,15953303,417,0.3
20130806,13.8,13.85,13.55,13.85,858415,11770193,409,0.1
20130807,13.85,14.1,13.6,13.6,1132379,15700431,573,-0.25
20130808,13.7,13.9,13.6,13.65,892701,12264290,457,0.05
20130809,13.7,13.95,13.15,13.15,2992825,40301186,1001,-0.5
20130812,13.15,13.2,12.25,12.25,5053696,63025045,1679,-0.9
20130813,12.35,12.45,12.15,12.45,3351264,41437489,807,0.2
20130814,12.45,12.45,12.1,12.1,3139243,38364532,1264,-0.35
20130815,12.1,12.6,12.0,12.3,3290816,40679326,972,0.2
20130816,12.3,12.45,12.2,12.4,2916041,36047941,775,0.1
20130819,12.5,12.65,12.4,12.4,2986449,37265129,824,0.0
20130820,12.4,12.45,12.25,12.4,1160446,14328025,426,0.0
20130822,12.2,12.4,12.2,12.3,1040908,12799675,383,-0.1
20130823,11.8,11.85,11.45,11.5,9203409,106831640,2588,-0.8
20130826,11.5,11.65,11.35,11.45,3764448,43240944,1053,-0.05
20130827,11.3,11.4,11.1,11.1,3334005,37467346,978,-0.35
20130828,11.05,11.3,11.0,11.3,2857685,32060131,958,0.2
20130829,11.4,12.05,11.4,12.05,8801984,104267708,2413,0.75
20130830,12.2,12.2,11.75,11.8,4225906,50531479,1531,-0.25
20130902,11.6,12.6,11.55,12.6,25435171,304323984,4321,0.8
20130903,12.9,12.9,12.35,12.6,14222409,179177686,3109,0.0
20130904,12.6,13.1,12.6,13.1,10028045,129241326,2988,0.5
20130905,13.2,13.45,13.0,13.05,7793749,102706205,2318,-0.05
20130906,13.15,13.95,13.15,13.95,18481316,254966630,4498,0.9
20130909,13.9,13.9,13.3,13.75,9854471,133713193,3375,-0.2
20130910,13.85,13.95,13.05,13.2,7971439,107151504,2237,-0.55
20130911,13.25,13.7,13.2,13.45,7750071,104316941,2012,0.25
20130912,13.45,13.55,13.2,13.3,3270635,43724421,1084,-0.15
20130913,13.3,13.7,13.25,13.3,5235458,70560358,1729,0.0
20130914,13.35,13.65,13.25,13.25,4900000,65990900,1450,-0.05
20130916,13.5,13.6,13.3,13.35,3249969,43686676,960,0.1
20130917,13.5,13.55,13.3,13.3,2481538,33309443,781,-0.05
20130918,13.45,14.2,13.45,14.15,14067250,196389995,4075,0.85
20130923,14.7,15.1,14.45,15.1,15964593,236203645,4190,0.95
20130924,15.1,15.7,14.7,15.65,18201225,278744569,5770,0.55
20130925,15.25,16.0,15.25,15.85,14957714,236413957,4617,0.2
20130926,15.85,15.85,14.95,15.0,11332761,173711478,3735,-0.85
20130927,14.85,15.4,14.85,15.15,8143040,123694942,2608,0.15
20130930,15.15,15.75,15.0,15.7,10656913,165739271,3315,0.55
20131001,15.6,16.5,15.35,15.35,19198002,307015510,5866,-0.35
20131002,15.65,15.95,15.45,15.75,11651647,182627749,3435,0.4
20131003,15.7,15.9,15.5,15.65,5980205,94052127,1863,-0.1
20131004,15.85,16.5,15.85,16.2,12155529,197506492,3882,0.55
20131007,16.35,16.45,15.75,16.25,8271307,133471940,2745,0.05
20131008,16.25,17.05,16.1,16.5,11674553,194697759,3790,0.25
20131009,16.3,16.55,15.6,15.7,8948502,143202712,3197,-0.8
20131011,16.0,16.3,15.65,15.7,6830126,109296303,2229,0.0
20131014,16.0,16.05,15.3,15.35,5086806,79147827,1808,-0.35
20131015,15.55,16.4,15.55,16.4,12609383,202673900,4001,1.05
20131016,16.4,16.5,16.0,16.1,6723098,108839218,2372,-0.3
20131017,16.3,16.6,15.75,16.45,8201184,133339178,2787,0.35
20131018,16.55,16.9,16.1,16.1,9722541,160828486,3272,-0.35
20131021,16.2,16.2,15.7,16.1,5638234,90288994,1898,0.0
20131022,16.1,16.45,16.05,16.05,4717864,76461374,1687,-0.05
20131023,16.1,16.2,15.3,15.4,6364021,99936199,2233,-0.65
20131024,15.4,16.1,15.4,15.9,5622046,88386162,2007,0.5
20131025,15.65,16.2,15.65,15.7,5768936,92087285,2040,-0.2
20131028,15.7,15.9,15.5,15.7,2858165,44796407,961,0.0
20131029,15.7,15.9,15.6,15.6,2304645,36263191,855,-0.1
20131030,15.7,16.0,15.7,15.85,4332123,68768180,1393,0.25
20131031,15.85,16.3,15.85,15.9,5498918,88379890,1981,0.05
20131101,16.0,16.45,16.0,16.05,6109908,99146953,2014,0.15
20131104,16.2,16.8,16.1,16.5,8530998,140121858,2913,0.45
20131105,16.7,17.45,15.85,16.2,21389136,362726777,7274,-0.3
20131106,16.3,17.2,15.9,17.2,13512560,225183353,4757,1.0
20131107,17.3,17.35,16.3,16.35,12242185,205348554,4203,-0.85
20131108,16.05,16.6,16.0,16.1,6241791,101200031,2328,-0.25
20131111,16.25,16.8,16.2,16.4,5067972,83454079,1919,0.3
20131112,16.4,16.55,15.3,15.35,9793352,152690835,3475,-1.05
20131113,14.9,15.15,14.3,14.6,10118156,148710464,3396,-0.75
20131114,14.7,14.85,14.2,14.6,6256371,91152659,2114,0.0
20131115,14.7,15.2,14.7,14.95,5553290,83208976,1863,0.35
20131118,15.2,15.2,14.35,14.4,3101361,45501057,1300,-0.55
20131119,14.25,14.65,14.25,14.55,2239609,32537893,921,0.15
20131120,14.6,14.9,14.55,14.55,1824673,26794734,728,0.0
20131121,14.5,14.65,14.3,14.35,1684978,24326173,735,-0.2
20131122,14.4,14.6,14.3,14.3,1588662,22851104,617,-0.05
20131125,14.6,14.65,14.4,14.65,1488865,21678957,625,0.35
20131126,14.6,14.65,14.4,14.5,1447725,20993106,676,-0.15
20131127,14.5,15.35,14.5,15.15,4809902,72877260,1929,0.65
20131128,15.35,15.35,15.0,15.2,3012832,45734245,1189,0.05
20131129,15.25,15.5,15.1,15.1,2459021,37598000,1086,-0.1
20131202,15.25,16.1,14.9,16.1,6953618,108746138,2659,1.0
20131203,16.1,16.65,15.95,15.95,9219618,150686112,3287,-0.15
20131204,15.95,16.25,15.65,15.65,5052251,80700665,1861,-0.3
20131205,15.75,15.9,15.4,15.8,3298549,51527517,1251,0.15
20131206,15.95,16.0,15.5,15.6,2111462,33358404,869,-0.2
20131209,15.95,15.95,14.9,15.15,4606224,70684214,1781,-0.45
20131210,15.15,15.35,15.1,15.15,1956274,29697433,861,0.0
20131211,15.3,15.3,14.8,14.85,1833868,27510570,774,-0.3
20131212,14.8,15.4,14.7,15.3,2512829,38170046,1077,0.45
20131213,15.3,15.95,15.3,15.7,6089107,95854355,2433,0.4
20131216,15.9,16.1,15.6,15.6,4485170,71250792,1723,-0.1
20131217,15.75,16.2,15.75,15.95,8193438,131493600,2720,0.35
20131218,16.05,16.4,15.9,16.25,7137301,115160008,2307,0.3
20131219,16.35,16.4,15.8,15.8,4530289,72428664,1573,-0.45
20131220,15.85,16.05,15.7,15.7,1906000,30223039,810,-0.1
20131223,15.8,15.9,15.65,15.65,1310532,20620337,645,-0.05
20131224,15.8,16.3,15.65,16.2,5408878,86893016,1912,0.55
20131225,16.25,16.4,16.05,16.05,8849404,143640164,2742,-0.15
20131226,16.25,16.6,16.1,16.3,7689082,126173821,2810,0.25
20131227,16.6,16.6,16.15,16.15,4211715,69108626,1657,-0.15
20131230,16.3,16.7,16.25,16.4,6888685,113770244,2393,0.25
20131231,16.5,17.2,16.5,16.65,11073594,186075512,3654,0.25
20140102,16.55,16.6,16.1,16.3,6865347,112195438,2345,-0.35
20140103,16.25,17.35,16.25,17.15,13836077,234676837,4524,0.85
20140106,17.5,18.15,17.45,17.95,17285510,307847008,5350,0.8
20140107,18.2,18.2,17.5,17.55,7533240,133236486,2533,-0.4
20140108,17.8,18.2,17.65,17.9,8795934,157665744,2796,0.35
20140109,17.9,18.5,17.7,17.7,14230874,258395696,4504,-0.2
20140110,18.2,18.9,18.15,18.9,15518858,289239705,4614,1.2
20140113,19.4,19.45,17.9,18.1,21542799,405058536,5785,-0.8
20140114,17.9,18.2,17.6,18.05,8590697,153405096,2676,-0.05
20140115,18.3,18.4,17.8,17.85,3736104,67536783,1582,-0.2
20140116,18.0,18.15,17.55,17.8,8438739,150072682,2710,-0.05
20140117,18.0,18.6,17.9,18.1,8874950,162321369,3289,0.3
20140120,18.15,18.4,17.65,17.7,4961563,88864240,1821,-0.4
20140121,17.7,18.2,17.5,17.75,4283017,76679337,1807,0.05
20140122,17.9,18.05,17.6,17.6,2210158,39244665,976,-0.15
20140123,17.7,18.1,17.7,17.9,7282215,130535217,2328,0.3
20140124,18.0,18.0,17.4,17.4,3482380,61320766,1432,-0.5
20140127,17.0,17.2,16.25,16.25,5275217,87781127,2081,-1.15
20140205,15.7,16.5,15.7,16.5,2792135,44844370,1164,0.25
20140206,16.55,17.35,16.55,17.2,6363748,109220379,2336,0.7
20140207,17.3,17.4,16.85,16.9,2616101,44394984,1111,-0.3
20140210,17.1,17.65,17.0,17.1,5454890,94574180,1984,0.2
20140211,17.1,17.3,17.05,17.1,2040570,35007804,825,0.0
20140212,17.1,17.4,16.85,17.35,3377950,57743228,1446,0.25
20140213,17.4,17.65,17.1,17.2,2843106,49454361,1215,-0.15
20140214,17.3,17.45,17.0,17.0,1567461,26946321,734,-0.2
20140217,16.7,16.8,15.9,16.0,5103428,82880498,2057,-1.0
20140218,16.0,16.35,15.9,16.2,2602672,41968602,1070,0.2
20140219,16.35,16.35,15.9,15.95,2053237,32962015,878,-0.25
20140220,15.95,16.3,15.95,16.0,1618673,26040580,710,0.05
20140221,16.25,16.6,16.15,16.35,3897725,63824964,1591,0.35
20140224,16.5,17.15,16.45,16.7,4020820,67616198,1625,0.35
20140225,16.9,17.1,16.55,16.6,2874628,48222524,1147,-0.1
20140226,16.65,16.8,16.35,16.5,1891511,31307919,803,-0.1
20140227,16.55,16.9,16.4,16.4,2669530,44302169,1069,-0.1
20140303,16.3,16.7,16.25,16.7,1887412,31222019,838,0.3
20140304,16.8,17.45,16.65,17.25,7183035,122947584,2709,0.55
20140305,17.95,18.1,17.7,17.75,11776051,210572669,3786,0.5
20140306,17.75,18.4,17.6,18.15,11834182,214442498,4091,0.4
20140307,18.3,18.3,17.35,17.6,5750363,102234638,2187,-0.55
20140310,17.6,17.9,17.35,17.4,2458289,43301081,1149,-0.2
20140311,17.5,17.65,17.3,17.4,2006741,35021295,956,0.0
20140312,17.4,18.0,17.15,18.0,4742897,83501280,1727,0.6
20140313,18.1,18.35,17.85,17.85,7715922,139496100,2792,-0.15
20140314,17.75,18.05,17.6,17.6,2975639,52860296,1317,-0.25
20140317,17.7,18.2,17.55,18.15,5196235,93556662,1871,0.55
20140318,18.2,18.5,18.05,18.05,7892440,144343822,2547,-0.1
20140319,18.4,18.4,17.6,17.65,6117426,110052929,2091,-0.4
20140320,17.5,17.8,17.15,17.3,3548187,61971570,1361,-0.35
20140321,17.35,17.6,16.9,16.9,2719670,46717490,1135,-0.4
20140324,16.8,17.1,16.6,16.85,1802975,30287701,846,-0.05
20140325,16.7,17.25,16.7,17.15,2126635,36297214,960,0.3
20140326,17.25,17.35,16.85,17.0,2766742,47127314,1066,-0.15
20140327,17.1,17.3,17.0,17.0,1931093,33016706,986,0.0
20140328,17.0,17.15,16.5,16.5,2617096,43729429,1249,-0.5
20140331,16.5,16.8,16.5,16.65,1642677,27281771,729,0.15
20140401,16.65,16.95,16.65,16.95,2084799,35079998,847,0.3
20140402,17.2,17.4,16.95,17.1,5995887,102915644,2199,0.15
20140403,17.1,17.25,16.8,16.8,3631023,61605322,1324,-0.3
20140407,16.5,17.15,16.45,17.0,5787888,96862042,2178,0.2
20140408,16.7,17.2,16.7,16.7,4196045,70849869,1622,-0.3
20140409,16.8,16.9,16.7,16.7,2709880,45489120,974,0.0
20140410,16.85,17.0,16.5,16.5,2981409,49819982,1180,-0.2
20140411,16.5,16.5,15.9,16.25,4910998,79273952,1949,-0.25
20140414,16.05,16.15,15.7,15.7,1560312,24768556,756,-0.55
20140415,15.8,16.0,15.75,15.95,1530809,24269664,602,0.25
20140416,15.95,16.05,15.55,15.8,1790641,28139046,803,-0.15
20140417,15.85,16.0,15.75,15.75,1278600,20313684,620,-0.05
20140418,15.9,16.6,15.9,16.45,4886375,79631046,1944,0.7
20140421,16.5,17.1,16.5,16.85,5975243,100912308,2292,0.4
20140422,16.95,17.0,16.55,16.55,2404635,40116497,1024,-0.3
20140423,16.6,16.7,16.25,16.4,2356277,38724200,1089,-0.15
20140424,16.55,16.8,16.1,16.1,3140199,51870229,1401,-0.3
20140425,16.2,16.3,15.05,15.4,4699074,72606525,1938,-0.7
20140428,15.1,15.9,15.1,15.75,2856388,44672078,1464,0.35
20140429,15.8,15.85,15.55,15.7,1603653,25230824,680,-0.05
20140430,15.8,16.05,15.35,15.4,2278202,35593925,779,-0.3
20140502,15.45,15.75,15.4,15.5,1560560,24248593,682,0.1
20140505,15.6,15.85,15.5,15.75,1652420,25942721,722,0.25
20140506,15.75,16.0,15.7,15.7,1528217,24161026,706,-0.05
20140507,15.6,15.8,15.5,15.55,1490963,23227123,591,-0.15
20140508,15.6,15.7,15.55,15.55,1153804,17986654,495,0.0
20140509,15.5,15.6,15.05,15.05,2931911,44587415,1157,-0.5
20140512,15.0,15.4,15.0,15.05,2319806,35261417,982,0.0
20140513,15.25,15.35,14.9,15.1,2073790,31354078,928,0.05
20140514,15.1,15.45,15.05,15.2,2979473,45452226,1217,0.1
20140515,15.15,15.3,14.9,15.0,1815962,27320080,846,-0.2
20140516,14.95,15.1,14.8,14.9,1631635,24426775,721,-0.1
20140519,15.0,15.2,14.9,15.05,1617512,24365430,688,0.15
20140520,15.1,15.2,14.85,14.9,1237057,18574088,548,-0.15
20140521,14.8,15.1,14.8,14.8,1127721,16825208,559,-0.1
20140522,14.95,15.2,14.95,14.95,1998903,30127845,833,0.15
20140523,15.05,15.15,14.95,15.0,1304840,19617951,549,0.05
20140526,15.05,15.15,15.0,15.0,1324026,19941422,552,0.0
20140527,15.0,15.2,15.0,15.0,1583614,23915310,662,0.0
20140528,15.05,15.2,15.0,15.0,1233441,18599857,546,0.0
20140529,15.0,15.4,15.0,15.2,2919182,44572130,985,0.2
20140530,15.25,15.35,14.5,14.5,3934755,58321803,1206,-0.7
20140603,14.75,14.85,14.55,14.6,3050325,44839002,1098,0.1
20140604,14.65,14.8,14.5,14.55,2072512,30351137,969,-0.05
20140605,14.65,14.7,14.5,14.6,1774239,25883309,769,0.05
20140606,14.7,14.75,14.55,14.55,1823683,26704097,611,-0.05
20140609,14.6,15.55,14.6,15.55,8134374,125048193,2949,1.0
20140610,15.55,15.6,15.05,15.15,4108495,62664106,1573,-0.4
20140611,15.15,15.7,15.15,15.55,5362422,83482885,2249,0.4
20140612,15.55,16.6,15.55,16.4,9709398,158522155,3929,0.85
20140613,16.4,16.6,16.0,16.1,4568450,74117205,1809,-0.3
20140616,16.15,16.4,16.05,16.05,2534895,40958909,1009,-0.05
20140617,16.15,16.5,16.0,16.05,3497098,56732346,1501,0.0
20140618,16.05,16.3,15.5,15.55,3862562,60876952,1688,-0.5
20140619,15.7,15.8,15.6,15.7,1607166,25217724,724,0.15
20140620,15.8,15.85,15.6,15.8,1494985,23518843,648,0.1
20140623,15.75,15.75,14.7,14.8,4401787,66234504,1828,-1.0
20140624,14.8,15.1,14.5,15.1,2183723,32359995,979,0.3
20140625,15.2,15.2,14.9,14.95,1339812,20147844,640,-0.15
20140626,15.0,15.1,14.8,14.8,1568307,23412645,706,-0.15
20140627,14.8,14.95,14.6,14.7,1779271,26206755,848,-0.1
20140630,14.8,14.9,14.75,14.85,1191423,17662517,531,0.15
20140701,14.85,15.25,14.85,15.1,2328835,35218125,1023,0.25
20140702,15.1,15.3,14.8,14.95,1824968,27398455,807,-0.15
20140703,15.0,15.05,14.85,14.85,1589642,23741796,765,-0.1
20140704,14.9,15.7,14.9,15.5,4698639,72084095,1827,0.65
20140707,15.5,15.65,15.05,15.3,4690712,71993325,1486,-0.2
20140708,15.3,15.3,15.15,15.25,1500023,22830083,555,-0.05
20140709,15.15,15.6,15.15,15.15,3208819,49336637,1272,-0.1
20140710,15.1,15.2,14.9,14.9,2078161,31204647,880,-0.25
20140711,14.9,15.0,14.5,14.6,1733199,25473492,748,-0.3
20140714,14.6,14.8,14.6,14.7,951540,13997509,458,0.1
20140715,14.7,15.2,14.7,15.1,2059323,31039345,874,0.4
20140716,15.1,15.2,14.85,14.95,1283428,19248631,636,-0.15
20140717,15.0,15.15,14.95,15.0,800406,12032881,416,0.05
20140718,14.95,15.2,14.95,15.05,1085081,16357989,484,0.05
20140721,15.15,15.15,14.9,14.9,872657,13099156,430,-0.15
20140722,15.05,15.1,14.95,15.05,715939,10757468,358,0.15
20140724,15.15,15.5,15.0,15.35,2920540,44708237,1172,0.3
20140725,15.4,15.45,15.1,15.25,1335537,20415876,622,-0.1
20140728,14.4,14.6,14.2,14.3,3273396,46997144,1273,-0.95
20140729,14.4,14.5,13.95,14.05,1752181,24853480,740,-0.25
20140730,14.05,14.4,14.0,14.25,863089,12288235,499,0.2
20140731,14.4,14.4,14.15,14.2,644583,9178524,296,-0.05
20140801,14.1,14.1,13.85,13.9,1267506,17680941,519,-0.3
20140804,13.9,14.2,13.9,14.15,735661,10345579,375,0.25
20140805,14.3,14.4,14.1,14.2,837882,11915220,375,0.05
20140806,14.3,14.35,13.5,13.8,1570367,21725373,697,-0.4
20140807,13.95,14.1,13.85,13.9,824364,11523001,487,0.1
20140808,13.9,14.0,13.75,13.9,871366,12075279,415,0.0
20140811,14.0,14.15,14.0,14.05,580794,8162515,312,0.15
20140812,14.15,14.15,14.0,14.0,472276,6627978,249,-0.05
20140813,14.0,14.0,13.7,13.75,701183,9683538,359,-0.25
20140814,13.9,14.0,13.75,13.8,444617,6159376,275,0.05
20140815,13.9,13.9,13.65,13.7,541535,7436920,294,-0.1
20140818,13.65,13.7,12.75,12.75,2319994,29796513,957,-0.95
20140819,12.75,13.25,12.75,13.1,1744622,22809186,777,0.35
20140820,13.1,13.25,12.95,12.95,652302,8535405,349,-0.15
20140821,12.95,13.0,12.7,12.9,633335,8135282,298,-0.05
20140822,13.0,13.1,12.95,13.0,755542,9834046,349,0.1
20140825,13.1,13.45,13.1,13.25,1039770,13829668,551,0.25
20140826,13.3,13.35,13.1,13.1,533878,7031140,298,-0.15
20140827,13.3,13.35,13.2,13.2,546023,7233036,310,0.1
20140828,13.2,13.4,13.2,13.2,508202,6735049,285,0.0
20140829,13.3,13.4,13.2,13.2,622610,8279841,330,0.0
20140901,13.25,13.6,13.2,13.5,1072139,14351553,463,0.3
20140902,13.75,14.4,13.75,14.4,4076434,58139288,1193,0.9
20140903,14.5,14.6,14.1,14.3,5287631,75874668,1595,-0.1
20140904,14.4,14.5,14.1,14.1,3727030,53511514,1070,-0.2
20140905,14.2,14.35,14.1,14.2,2128255,30332640,729,0.1
20140909,14.35,14.4,13.9,13.9,1548039,21963582,580,-0.3
20140910,13.95,14.05,13.85,14.0,644415,8991914,327,0.1
20140911,14.1,14.4,14.1,14.1,1442342,20539265,649,0.1
20140912,14.3,14.3,13.95,13.95,644326,9032169,330,-0.15
20140915,13.95,14.1,13.75,13.75,638324,8848632,234,-0.2
20140916,13.75,13.85,13.3,13.3,961457,12967225,486,-0.45
20140917,13.3,13.6,13.3,13.45,569246,7669221,302,0.15
20140918,13.55,14.15,13.5,13.95,1981793,27665708,961,0.5
20140919,14.0,14.15,13.75,13.8,990367,13779255,467,-0.15
20140922,13.8,14.1,13.7,13.8,922773,12817435,428,0.0
20140923,13.9,14.2,13.85,13.85,874791,12242148,465,0.05
20140924,13.9,14.0,13.75,13.85,398470,5509303,245,0.0
20140925,13.9,14.05,13.5,13.5,848530,11616897,452,-0.35
20140926,13.35,13.55,13.35,13.4,598966,8050234,325,-0.1
20140929,13.45,13.7,13.45,13.5,304662,4131932,197,0.1
20140930,13.5,13.6,13.3,13.55,395434,5314805,223,0.05
20141001,13.45,13.65,13.45,13.5,378190,5124941,191,-0.05
20141002,13.45,13.7,13.45,13.6,450590,6136861,284,0.1
20141003,13.65,13.8,13.55,13.55,755915,10322287,311,-0.05
20141006,13.7,13.75,13.6,13.65,475207,6498694,231,0.1
20141007,13.65,13.75,13.55,13.55,480820,6554617,243,-0.1
20141008,13.5,13.6,13.2,13.2,665207,8907858,312,-0.35
20141009,13.4,13.45,12.9,12.9,906664,11885249,453,-0.3
20141013,12.5,12.7,12.0,12.0,1375777,16822347,607,-0.9
20141014,12.0,12.2,11.9,12.2,717553,8656032,383,0.2
20141015,12.2,12.35,11.8,11.8,807215,9729127,465,-0.4
20141016,11.5,11.6,11.0,11.45,1352753,15307861,630,-0.35
20141017,11.55,11.55,11.15,11.15,651472,7398057,324,-0.3
20141020,11.3,11.9,11.3,11.9,1746279,20614915,700,0.75
20141021,11.8,12.1,11.7,12.05,1098016,13064542,551,0.15
20141022,12.15,12.35,12.0,12.15,1020250,12451981,596,0.1
20141023,12.15,12.35,12.1,12.25,712864,8711683,416,0.1
20141024,12.4,12.4,12.1,12.15,465709,5685410,315,-0.1
20141027,12.0,12.2,11.6,11.6,800229,9465624,426,-0.55
20141028,11.6,12.3,11.6,12.25,1787307,21586888,843,0.65
20141029,12.35,12.55,12.25,12.55,1254943,15604530,635,0.3
20141030,12.55,12.55,12.3,12.5,587913,7309867,337,-0.05
20141031,12.65,12.7,12.5,12.6,435130,5481017,298,0.1
20141103,12.7,12.95,12.5,12.85,1048630,13399387,542,0.25
20141104,12.8,12.9,12.6,12.7,512449,6514744,326,-0.15
20141105,12.7,12.7,12.35,12.45,871254,10869144,432,-0.25
20141106,12.5,12.65,12.25,12.25,537949,6678938,306,-0.2
20141107,12.35,12.6,12.3,12.55,658124,8228437,386,0.3
20141110,12.75,12.75,12.55,12.55,361781,4563315,189,0.0
20141111,12.65,12.7,12.35,12.4,441379,5517686,213,-0.15
20141112,12.4,12.5,12.3,12.3,310572,3833824,143,-0.1
20141113,12.3,12.45,12.3,12.3,266340,3291408,148,0.0
20141114,12.35,12.45,12.3,12.35,324732,4005108,165,0.05
20141117,12.3,12.45,12.25,12.25,463199,5703269,243,-0.1
20141118,12.25,12.3,11.5,11.5,1650665,19358488,618,-0.75
20141119,11.65,11.85,11.55,11.7,548727,6422723,260,0.2
20141120,11.7,11.95,11.7,11.9,555838,6575874,272,0.2
20141121,11.9,12.2,11.9,11.95,1057249,12672484,427,0.05
20141124,12.0,12.05,11.8,11.8,300157,3569926,186,-0.15
20141125,11.8,12.0,11.8,11.85,300523,3564278,180,0.05
20141126,11.9,12.1,11.9,11.9,919199,11023036,346,0.05
20141127,11.95,12.1,11.75,11.75,608510,7241482,244,-0.15
20141128,11.8,11.85,11.65,11.7,468212,5484852,217,-0.05
20141201,11.25,11.6,11.2,11.6,724541,8283713,314,-0.1
20141202,11.6,12.0,11.5,11.95,1135478,13438328,418,0.35
20141203,11.95,12.2,11.95,12.1,1188276,14372262,505,0.15
20141204,12.3,12.5,12.1,12.5,2938227,36205042,1089,0.4
20141205,12.5,13.1,12.4,12.8,2792564,35619552,1336,0.3
20141208,12.9,13.2,12.8,13.0,1990134,25920765,843,0.2
20141209,12.9,12.95,12.6,12.7,1230472,15694037,511,-0.3
20141210,12.5,12.6,12.3,12.35,959001,11891653,358,-0.35
20141211,12.15,12.5,12.15,12.4,449142,5544746,208,0.05
20141212,12.4,12.5,12.3,12.4,817493,10153002,249,0.0
20141215,11.6,11.85,11.6,11.85,4689103,55185010,858,0.0
20141216,11.85,12.3,11.8,12.1,5753903,69538936,1534,0.25
20141217,12.4,12.9,12.4,12.9,10610734,136510707,2175,0.8
20141218,13.25,13.8,13.2,13.55,19576545,266104065,4771,0.65
20141219,13.8,14.1,13.5,14.1,12028957,165572148,3086,0.55
20141222,14.2,14.45,14.15,14.2,10454569,149371497,2974,0.1
20141223,14.2,14.2,13.75,13.85,5342093,74281190,1963,-0.35
20141224,13.95,14.25,13.8,14.0,5677506,79902634,2131,0.15
20141225,14.1,14.15,13.7,13.85,4144346,57517624,1844,-0.15
20141226,13.8,14.8,13.8,14.8,18290136,267818956,5395,0.95
20141227,15.25,15.8,15.15,15.8,26354000,408477700,7573,1.0
20141229,16.0,16.1,15.4,15.55,15706530,247133016,5234,-0.25
20141230,15.4,15.85,15.3,15.8,9161596,143191821,3284,0.25
20141231,15.8,16.0,15.45,15.45,6803199,106413952,2351,-0.35
20150105,15.2,15.35,14.9,15.15,11966603,180275987,5153,-0.3
20150106,14.8,14.95,14.15,14.25,11661969,168537220,3847,-0.9
20150107,14.2,14.6,14.15,14.5,6342161,91292628,2339,0.25
20150108,14.6,14.7,14.3,14.4,5327992,77232733,1837,-0.1
20150109,14.6,14.9,14.35,14.65,6026405,88034156,2249,0.25
20150112,14.4,14.6,14.25,14.3,3132511,45037616,1062,-0.35
20150113,14.25,14.5,14.2,14.45,4267389,61341427,1421,0.15
20150114,14.45,14.45,14.15,14.2,4080066,58245615,1249,-0.25
20150115,14.2,14.45,14.15,14.25,3567859,51003973,1119,0.05
20150116,14.25,14.35,13.4,13.45,6377195,88046221,2015,-0.8
20150119,13.65,13.65,13.35,13.35,2857736,38601741,990,-0.1
20150120,13.65,14.25,13.55,14.25,8235784,115028383,2439,0.9
20150121,14.25,14.25,13.75,13.85,5024998,70013245,1692,-0.4
20150122,14.25,14.25,13.7,13.85,2615907,36482877,980,0.0
20150123,13.7,13.9,13.65,13.65,2437545,33460394,948,-0.2
20150126,13.65,13.8,13.6,13.75,1295313,17742440,536,0.1
20150127,13.7,14.1,13.65,13.85,2891784,40202137,1242,0.1
20150128,13.95,14.2,13.85,13.9,2108064,29523676,919,0.05
20150129,13.9,13.9,13.75,13.8,1272218,17584494,491,-0.1
20150130,13.9,14.45,13.85,14.2,8697553,123406175,2850,0.4
20150202,14.4,14.45,14.0,14.05,2494753,35403313,1064,-0.15
20150203,14.25,14.35,13.85,13.9,3017852,42590768,1177,-0.15
20150204,14.05,14.65,13.95,14.45,9061540,129849108,3122,0.55
20150205,14.4,14.6,14.2,14.5,4673481,67325503,1415,0.05
20150206,14.6,14.8,14.4,14.6,9484963,138932797,2591,0.1
20150209,14.65,15.15,14.55,15.0,13367441,199414072,4178,0.4
20150210,15.0,15.05,14.6,14.6,3924771,57944234,1503,-0.4
20150211,14.65,14.85,14.45,14.45,3475125,50921823,1153,-0.15
20150212,14.55,14.6,14.3,14.3,2363956,34002708,785,-0.15
20150213,14.35,14.95,14.3,14.75,8472624,124890863,2657,0.45
20150224,15.0,15.4,14.8,15.4,13165300,199964186,3340,0.65
20150225,15.5,15.65,15.3,15.5,15786632,244406947,4246,0.1
20150226,15.45,15.8,15.25,15.8,9791441,152316634,2571,0.3
20150302,15.85,15.95,15.5,15.5,8767136,137117974,2294,-0.3
20150303,15.65,15.75,15.35,15.6,10104464,156910473,2368,0.1
20150304,15.6,15.85,15.4,15.4,13430617,210257244,3648,-0.2
20150305,15.4,15.55,15.35,15.45,5136115,79372590,1560,0.05
20150306,15.55,15.8,15.35,15.4,6357126,98913861,2181,-0.05
20150309,15.5,16.35,15.4,16.05,17201293,275965715,5308,0.65
20150310,16.1,16.45,15.5,15.5,12631189,201393263,4164,-0.55
20150311,15.3,15.65,15.3,15.4,3765253,58216452,1380,-0.1
20150312,15.5,15.7,15.35,15.35,4486751,69425607,1460,-0.05
20150313,15.4,15.65,15.2,15.25,4252629,65601309,1400,-0.1
20150316,15.25,15.35,14.85,14.95,4266627,64056755,1487,-0.3
20150317,15.0,15.1,14.7,14.75,3607889,53548898,1133,-0.2
20150318,14.9,15.1,14.85,14.9,2594399,38850679,976,0.15
20150319,15.0,15.05,14.7,14.75,3824792,56636487,1285,-0.15
20150320,14.75,15.3,14.75,15.25,6786742,102346000,2356,0.5
20150323,15.35,15.6,15.1,15.1,4627460,71005367,1908,-0.15
20150324,15.2,15.25,15.0,15.15,1727197,26118412,689,0.05
20150325,15.2,15.35,15.05,15.2,5275859,80344503,1735,0.05
20150326,15.0,15.2,14.8,14.8,3028967,45347183,1157,-0.4
20150327,14.95,15.3,14.85,14.9,5258027,79293070,1966,0.1
20150330,14.95,15.1,14.3,14.3,4848251,70593538,1664,-0.6
20150331,14.1,14.15,13.65,13.8,8304069,114982717,2861,-0.5
20150401,13.8,14.2,13.7,13.95,3583925,50234326,1452,0.15
20150402,14.1,14.3,14.0,14.0,3147981,44540118,1130,0.05
20150407,14.0,14.15,13.9,13.95,3266748,45666460,1141,-0.05
20150408,13.8,13.95,13.8,13.85,2037223,28229688,739,-0.1
20150409,13.95,14.0,13.7,13.7,1891097,26117109,763,-0.15
20150410,13.8,14.0,13.6,13.7,2266779,31256240,847,0.0
20150413,13.75,13.95,13.75,13.85,1280795,17778579,588,0.15
20150414,13.85,14.2,13.75,14.1,4218319,59115016,1616,0.25
20150415,14.1,14.35,14.1,14.15,3524371,50124721,1252,0.05
20150416,14.35,14.7,14.3,14.45,4438184,64286980,1647,0.3
20150417,14.5,14.5,14.15,14.2,1764236,25222590,696,-0.25
20150420,14.05,14.3,13.9,13.9,1838135,25749232,729,-0.3
20150421,14.0,14.05,13.3,13.5,3194815,43629937,1067,-0.4
20150422,13.5,13.65,13.05,13.15,3320161,43949704,1233,-0.35
20150423,13.2,13.25,12.8,12.8,4477446,58100540,1622,-0.35
20150424,13.0,13.0,12.0,12.5,8362967,104237808,2975,-0.3
20150427,12.6,12.7,12.4,12.65,2701911,33975156,927,0.15
20150428,12.7,13.0,12.65,12.9,3109542,40085212,1151,0.25
20150429,12.85,12.85,12.45,12.5,2211535,27910143,688,-0.4
20150430,12.6,12.8,12.55,12.8,1308689,16618672,597,0.3
20150504,13.0,13.15,12.7,12.75,2008371,25941011,869,-0.05
20150505,13.0,13.25,12.9,13.0,3121444,40838267,1227,0.25
20150506,13.0,13.4,12.9,13.3,5766771,76572486,1928,0.3
20150507,13.3,13.3,13.05,13.05,1343545,17652603,614,-0.25
20150508,13.05,13.15,12.8,12.8,1445905,18687070,658,-0.25
20150511,13.0,13.0,12.0,12.3,2959797,36533591,1161,-0.5
20150512,12.3,12.45,11.6,12.25,2069395,24868906,894,-0.05
20150513,12.25,12.4,12.05,12.3,1156018,14219060,598,0.05
20150514,12.3,12.45,12.15,12.3,793029,9716091,381,0.0
20150515,12.4,12.4,12.0,12.05,1496416,18110424,654,-0.25
20150518,11.8,12.15,11.35,11.4,3382910,39017189,1141,-0.65
20150519,11.25,11.7,11.25,11.7,2890557,33322369,1049,0.3
20150520,11.7,11.75,11.5,11.6,1181207,13751388,483,-0.1
20150521,11.6,11.7,11.4,11.5,1141225,13231132,552,-0.1
20150522,11.7,12.05,11.6,11.95,2445972,29176347,946,0.45
20150525,11.95,12.3,11.85,12.15,1785384,21621839,765,0.2
20150526,12.15,12.25,11.8,11.85,1424648,16989540,582,-0.3
20150527,11.8,12.05,11.75,11.85,1222479,14568014,549,0.0
20150528,11.9,12.3,11.9,12.1,1931498,23384165,831,0.25
20150529,12.15,12.35,11.9,12.05,2343703,28453186,967,-0.05
20150601,12.05,12.25,11.75,11.75,1814282,21563983,921,-0.3
20150602,11.75,11.95,11.6,11.6,2123222,24950713,797,-0.15
20150603,11.7,11.75,11.4,11.4,1859594,21444962,672,-0.2
20150604,11.45,11.6,11.1,11.15,2190606,24669361,897,-0.25
20150605,11.3,11.4,11.05,11.15,1615105,18092677,615,0.0
20150608,11.1,11.2,10.55,10.85,2223020,24089003,866,-0.3
20150609,10.85,11.15,9.77,9.77,5232193,53925250,1552,-1.08
20150610,9.97,10.45,9.97,10.4,3122727,31930763,1032,0.63
20150611,10.5,10.65,10.2,10.2,1920613,20023210,738,-0.2
20150612,10.2,10.35,10.05,10.25,1081268,11081975,453,0.05
20150615,10.35,10.6,10.35,10.5,1203566,12634679,524,0.25
20150616,10.5,10.6,10.35,10.4,848735,8837329,355,-0.1
20150617,10.5,10.5,10.3,10.35,531960,5529876,256,-0.05
20150618,10.45,10.9,10.45,10.7,1587428,16964503,591,0.35
20150622,10.7,10.8,10.5,10.55,989457,10465845,427,-0.15
20150623,10.8,11.3,10.7,11.0,3801348,42215878,1439,0.45
20150624,11.0,11.1,10.7,10.75,1618917,17508009,525,-0.25
20150625,10.9,11.0,10.8,10.85,1245567,13554983,468,0.1
20150626,11.4,11.9,11.35,11.9,11157104,132024217,3059,1.05
20150629,12.05,12.05,11.7,11.9,5269822,62553064,1715,0.0
20150630,12.0,12.0,11.45,11.65,2929580,34285673,972,-0.25
20150701,11.75,11.95,11.7,11.8,2595395,30630667,810,0.15
20150702,12.0,12.5,12.0,12.0,7453392,91186154,2147,0.2
20150703,12.0,12.15,11.85,11.85,2348218,28056066,819,-0.15
20150706,11.8,12.0,11.5,11.55,2414085,28206929,808,-0.3
20150707,11.7,12.05,11.6,11.6,3013827,35548231,986,0.05
20150708,11.7,11.7,10.7,10.9,3945632,43844502,1262,-0.7
20150709,10.55,11.25,10.3,11.15,3427761,37182145,1245,0.25
20150713,11.35,11.55,11.25,11.35,2893992,33001854,993,0.2
20150714,11.55,11.6,11.2,11.3,1717916,19562706,603,-0.05
20150715,11.3,11.5,11.2,11.3,1753632,19900537,683,0.0
20150716,11.4,11.45,11.25,11.45,1635421,18568319,466,0.15
20150717,11.55,11.55,11.35,11.4,1271190,14571210,506,-0.05
20150720,11.5,11.55,11.0,11.1,1316171,14787881,495,-0.3
20150721,11.1,11.65,11.1,11.3,3965140,45385662,1240,0.2
20150722,11.25,11.4,11.1,11.15,2154015,24129311,816,-0.15
20150723,11.1,11.2,10.7,10.8,1549001,16923006,675,-0.35
20150724,10.75,10.85,10.4,10.4,1907966,20093191,680,-0.4
20150727,10.4,10.55,9.7,9.71,3258994,32871503,1001,-0.69
20150728,9.71,10.1,9.71,10.0,2632133,26048190,876,0.29
20150729,10.8,10.8,10.3,10.35,3812208,40046538,1292,0.35
20150730,10.6,11.1,10.55,10.8,5316253,57836503,1726,0.45
20150731,10.95,10.95,10.5,10.55,1781998,18998375,640,-0.25
20150803,10.55,10.55,10.2,10.25,1288821,13291912,534,-0.3
20150804,10.3,10.35,9.75,9.8,3461431,34405056,1096,-0.45
20150805,9.85,10.1,9.83,10.1,1472360,14726690,634,0.3
20150806,10.1,10.25,9.81,9.94,1655587,16468192,586,-0.16
20150807,9.9,10.7,9.85,10.5,4436727,45791811,1585,0.56
20150810,10.4,10.55,10.25,10.4,1625301,16882746,600,-0.1
20150811,10.5,10.6,10.1,10.1,1396897,14498844,549,-0.3
20150812,10.1,10.45,9.95,10.45,2974902,30465737,1138,0.35
20150813,10.45,10.45,10.3,10.35,1250898,12947930,492,-0.1
20150814,10.45,10.45,10.2,10.2,783247,8076555,313,-0.15
20150817,10.25,10.25,10.0,10.05,1386655,13978300,433,-0.15
20150818,10.15,10.2,9.97,10.05,1057322,10625840,413,0.0
20150819,10.1,10.25,9.96,9.99,1636840,16463840,629,-0.06
20150820,10.0,10.15,9.95,9.97,997460,9984720,391,-0.02
20150821,9.83,9.9,8.98,8.98,5110353,46960607,1557,-0.99
20150824,8.31,8.6,8.09,8.09,4020526,32785316,908,-0.89
20150825,7.3,8.65,7.3,8.45,5418130,43585020,1841,0.36
20150826,8.1,8.8,8.1,8.63,2842411,24126519,1066,0.18
20150827,8.75,8.85,8.65,8.66,2176041,19053803,834,0.03
20150828,8.9,9.26,8.84,9.06,4619788,41978603,1531,0.4
20150831,9.02,9.19,8.95,9.15,2772713,25264278,956,0.09
20150901,9.25,9.88,9.23,9.56,4512277,43364733,1579,0.41
20150902,9.41,9.5,9.1,9.5,1842254,17251188,781,-0.06
20150903,9.6,9.71,9.44,9.54,1966417,18857163,780,0.04
20150904,9.55,9.88,9.55,9.6,5342445,52151638,1871,0.06
20150907,9.65,9.79,9.55,9.63,1450020,14013156,573,0.03
20150908,9.76,9.85,9.68,9.7,1572665,15375673,677,0.07
20150909,10.05,10.15,9.92,10.05,4524980,45406328,1443,0.35
20150910,10.0,10.25,9.9,10.05,2680627,27085280,940,0.0
20150911,10.05,10.15,9.95,9.96,1384203,13885493,571,-0.09
20150914,10.15,10.15,9.86,9.92,1373654,13699581,438,-0.04
20150915,10.0,10.05,9.86,9.86,1142583,11333022,425,-0.06
20150916,9.98,10.1,9.98,9.98,1864496,18691700,687,0.12
20150917,10.25,10.75,10.25,10.45,7465219,78528818,2455,0.47
20150918,10.55,10.85,10.45,10.5,5591440,59576540,1660,0.05
20150921,10.3,10.35,10.15,10.2,2224260,22727769,739,-0.3
20150922,10.3,10.8,10.3,10.6,4998383,53270650,1620,0.4
20150923,10.4,10.8,10.35,10.6,3732182,39701808,1188,0.0
20150924,10.75,10.8,10.25,10.25,3011600,31455546,1018,-0.35
20150925,10.25,10.45,10.15,10.35,1573861,16235665,622,0.1
20150930,10.35,10.45,10.3,10.3,1452934,15039721,542,-0.05
20151001,10.5,10.65,10.35,10.55,3001588,31549835,791,0.25
20151002,10.6,10.75,10.5,10.5,2196725,23331238,724,-0.05
20151005,10.65,10.75,10.6,10.65,2267447,24229001,751,0.15
20151006,10.75,10.8,10.4,10.4,2617900,27665812,723,-0.25
20151007,10.5,10.6,10.45,10.5,1695821,17816368,505,0.1
20151008,10.65,11.0,10.55,10.6,4319423,46437360,1193,0.1
20151012,10.75,10.75,10.5,10.55,1966244,20808606,514,-0.05
20151013,10.6,10.65,10.5,10.65,1305792,13825950,501,0.1
20151014,10.75,11.15,10.7,10.95,7942686,87298414,2298,0.3
20151015,11.05,11.1,10.75,10.85,3343501,36349953,999,-0.1
20151016,10.9,11.6,10.9,11.2,7403242,83487628,2375,0.35
20151019,11.3,11.4,11.1,11.2,2503261,28110466,742,0.0
20151020,11.3,11.7,11.2,11.6,6625638,76550582,1875,0.4
20151021,11.75,11.75,11.3,11.45,5782691,66550703,1675,-0.15
20151022,11.4,11.7,11.35,11.55,3709942,42913927,1095,0.1
20151023,11.85,12.0,11.6,11.6,5251223,61962020,1602,0.05
20151026,11.65,11.85,11.55,11.6,2658070,30983101,707,0.0
20151027,11.65,11.85,11.6,11.6,3316842,38788248,1014,0.0
20151028,11.7,11.75,11.2,11.3,3327415,38083013,1019,-0.3
20151029,11.45,11.45,11.0,11.05,2206307,24671077,784,-0.25
20151030,11.15,11.35,10.9,11.1,3187950,35439936,949,0.05
20151102,11.1,11.3,11.05,11.25,2276561,25501989,1021,0.15
20151103,11.45,11.7,11.3,11.65,4772930,55129331,1684,0.4
20151104,11.7,11.7,11.5,11.5,2291214,26570879,793,-0.15
20151105,11.5,11.7,11.5,11.55,1916622,22232395,655,0.05
20151106,11.5,11.55,11.2,11.2,2675021,30245729,883,-0.35
20151109,11.3,11.3,10.85,10.85,2052039,22594714,702,-0.35
20151110,10.65,10.85,10.6,10.6,1840852,19672011,683,-0.25
20151111,10.7,10.8,10.15,10.15,2500064,26079300,804,-0.45
20151112,10.15,10.4,10.05,10.25,2167101,22150897,649,0.1
20151113,10.1,10.3,10.05,10.15,1085489,11078858,376,-0.1
20151116,10.05,10.25,10.05,10.2,912412,9265857,363,0.05
20151117,10.4,10.45,10.3,10.3,1061855,10986258,420,0.1
20151118,10.35,10.55,10.3,10.35,2069936,21628227,762,0.05
20151119,10.6,10.7,10.4,10.4,1553020,16344000,644,0.05
20151120,10.4,10.5,10.25,10.3,788266,8147836,397,-0.1
20151123,10.45,10.9,10.45,10.75,4320000,46486600,1374,0.45
20151124,10.8,11.1,10.7,10.7,2497161,27133797,874,-0.05
20151125,10.85,10.95,10.7,10.85,2303170,25000229,851,0.15
20151126,10.95,11.05,10.75,10.85,2461704,26823163,957,0.0
20151127,10.9,10.95,10.7,10.7,1358633,14665327,518,-0.15
20151130,10.8,11.75,10.8,11.75,8960540,103139135,2198,1.05
20151201,12.0,12.65,12.0,12.55,27061523,333500574,7048,0.8
20151202,12.6,13.8,12.35,13.7,29508049,386393276,8496,1.15
20151203,13.7,14.2,13.15,13.35,21674122,298882295,7026,-0.35
20151204,13.1,14.4,13.05,14.1,22285273,308973522,6550,0.75
20151207,14.1,14.2,13.35,13.4,14587821,199014135,4565,-0.7
20151208,13.35,13.4,12.7,12.7,10310196,133898118,3255,-0.7
20151209,12.9,13.2,12.3,12.95,12244682,156728550,3610,0.25
20151210,12.95,13.4,12.75,13.05,13670955,178657665,3740,0.1
20151211,12.9,13.0,12.05,12.1,7908190,99004030,2867,-0.95
20151214,11.85,12.5,11.65,12.35,6138493,74625706,2026,0.25
20151215,12.7,13.55,12.65,13.55,16120447,213914086,4469,1.2
20151216,13.75,13.85,13.1,13.1,13838788,185275364,4003,-0.45
20151217,13.35,13.9,13.35,13.6,13371888,182198068,4438,0.5
20151218,13.3,13.8,13.25,13.5,7307693,98653526,2386,-0.1
20151221,13.45,14.0,13.45,13.55,9382710,129359720,3254,0.05
20151222,13.65,13.8,13.35,13.35,6460272,87244271,2058,-0.2
20151223,13.5,13.6,13.25,13.45,5823933,78205845,1807,0.1
20151224,13.55,13.8,12.85,12.85,13929284,186336270,3549,-0.6
20151225,12.85,13.1,12.55,13.0,4295646,55242598,1659,0.15
20151228,13.2,13.45,13.0,13.05,3578195,47316785,1235,0.05
20151229,13.0,13.15,12.8,12.8,2299567,29671496,975,-0.25
20151230,12.95,13.1,12.55,12.6,3491622,44461624,1216,-0.2
20151231,12.8,12.95,12.7,12.8,2993998,38461164,1180,0.0
20160104,13.0,13.05,12.65,12.65,2637523,33818447,960,-0.15
20160105,12.6,12.8,12.4,12.4,2818805,35523234,1070,-0.25
20160106,12.55,12.65,11.9,12.0,3806760,46382620,1572,-0.4
20160107,11.95,12.2,11.1,11.4,4576445,53121815,1748,-0.6
20160108,11.35,12.45,11.35,12.3,5670308,68238581,1995,0.9
20160111,12.15,12.15,11.8,11.85,2470859,29527470,1023,-0.45
20160112,12.05,12.15,11.3,11.4,2957876,34435762,1265,-0.45
20160113,11.65,11.75,11.2,11.5,3471195,39864082,1211,0.1
20160114,11.35,11.7,11.1,11.4,3211106,36699837,1201,-0.1
20160115,11.8,11.9,11.35,11.35,2528395,29233835,945,-0.05
20160118,11.2,12.35,11.2,12.2,7069023,84637769,2570,0.85
20160119,12.2,12.25,11.85,12.0,3171267,38051154,1226,-0.2
20160120,11.9,12.15,11.55,11.55,2458372,28977022,1066,-0.45
20160121,11.65,11.75,11.35,11.5,2400204,27651902,901,-0.05
20160122,11.65,11.75,11.5,11.5,1847523,21408406,679,0.0
20160125,11.6,11.75,11.55,11.55,1306400,15176664,535,0.05
20160126,11.5,11.6,11.35,11.35,1079709,12338259,518,-0.2
20160127,11.5,11.55,11.3,11.35,1300524,14850743,524,0.0
20160128,11.4,11.5,11.35,11.45,928012,10595478,428,0.1
20160129,11.45,11.7,11.45,11.6,2762531,32017604,905,0.15
20160130,11.75,12.15,11.65,11.85,4072000,48382150,1187,0.25
20160201,11.9,11.9,11.55,11.65,2508611,29301505,646,-0.2
20160202,11.75,11.8,11.5,11.55,2087212,24198074,517,-0.1
20160203,11.55,11.9,11.45,11.5,3488295,40684998,1299,-0.05
20160215,11.5,11.9,11.5,11.65,4516015,53071510,1446,0.15
20160216,11.75,12.0,11.7,11.75,5910115,69977975,2080,0.1
20160217,11.85,12.85,11.85,12.75,18469260,229873907,5723,1.0
20160218,12.9,13.05,12.4,12.5,10552531,133576072,3226,-0.25
20160219,12.6,12.8,12.45,12.55,6242318,78970490,2204,0.05
20160222,12.8,13.0,12.2,12.25,7112240,89253602,2405,-0.3
20160223,12.4,12.45,12.15,12.2,3675068,45064466,1579,-0.05
20160224,12.15,12.3,11.8,11.9,3721241,44591461,1543,-0.3
20160225,12.0,12.05,11.7,11.75,3252008,38456110,1340,-0.15
20160226,11.8,11.95,11.65,11.85,2226177,26311214,978,0.1
20160301,11.9,12.0,11.85,11.9,2010377,23918857,818,0.05
20160302,12.05,12.55,12.05,12.4,10329161,127511060,3376,0.5
20160303,12.25,12.35,12.0,12.05,6290411,76435169,2983,-0.35
20160304,12.15,12.35,12.1,12.1,2787997,33984583,1293,0.05
20160307,12.15,12.3,12.05,12.1,3075463,37359127,1160,0.0
20160308,12.1,12.55,12.1,12.3,7281765,89943221,2214,0.2
20160309,12.4,12.5,12.05,12.1,3395751,41418996,1109,-0.2
20160310,12.0,12.2,11.9,11.9,3645037,43770594,1255,-0.2
20160311,12.0,12.2,12.0,12.05,2911256,35226928,1004,0.15
20160314,12.2,12.3,11.95,12.05,3625828,43985108,1311,0.0
20160315,12.1,12.2,11.65,11.65,3267868,38808376,1159,-0.4
20160316,11.7,11.95,11.7,11.8,2087469,24615065,691,0.15
20160317,11.9,12.1,11.7,11.75,2674840,31873631,874,-0.05
20160318,11.8,11.9,11.65,11.8,1993041,23349108,763,0.05
20160321,11.8,11.85,11.65,11.7,1317280,15446235,544,-0.1
20160322,11.7,12.15,11.7,11.85,5071094,60659598,1524,0.15
20160323,11.9,12.05,11.7,11.7,2174396,25737256,738,-0.15
20160324,11.7,11.7,11.45,11.5,1957525,22620887,736,-0.2
20160325,11.55,11.6,11.3,11.3,2172584,24732318,757,-0.2
20160328,11.35,11.35,11.0,11.0,2491004,27651985,903,-0.3
20160329,11.0,11.15,10.55,10.7,3327788,35970298,1052,-0.3
20160330,10.8,10.85,10.65,10.7,1652859,17764603,630,0.0
20160331,10.85,10.95,10.75,10.85,1134964,12303331,589,0.15
20160401,10.85,10.9,10.65,10.75,802530,8608479,398,-0.1
20160406,10.65,10.65,10.4,10.4,1694698,17765146,595,-0.35
20160407,10.5,10.55,10.4,10.5,702143,7358287,388,0.1
20160408,10.4,10.65,10.4,10.65,820791,8686901,434,0.15
20160411,10.55,10.65,10.5,10.5,959389,10142192,431,-0.15
20160412,10.55,10.65,10.25,10.3,1631615,16969499,606,-0.2
20160413,10.4,10.6,10.35,10.6,1551010,16245892,567,0.3
20160414,10.6,10.65,10.35,10.4,1570781,16458404,517,-0.2
20160415,10.5,10.5,10.3,10.35,776491,8062484,381,-0.05
20160418,10.35,10.45,10.3,10.35,580278,6014558,300,0.0
20160419,10.45,10.55,10.35,10.4,1057938,11060851,425,0.05
20160420,10.4,10.5,10.2,10.2,1137990,11732638,429,-0.2
20160421,10.3,10.3,9.96,10.1,2565030,25789780,897,-0.1
20160422,10.0,10.1,9.5,9.68,2687888,26219269,1131,-0.42
20160425,9.56,9.93,9.5,9.7,1686631,16393658,669,0.02
20160426,9.75,10.1,9.75,9.98,2075418,20681402,783,0.28
20160427,10.05,10.05,9.84,9.85,748462,7408194,413,-0.13
20160428,9.9,9.94,9.69,9.69,810105,7893298,381,-0.16
20160429,9.71,9.88,9.63,9.72,922418,9002144,410,0.03
20160503,9.78,9.85,9.68,9.68,648164,6323245,335,-0.04
20160504,9.72,9.77,9.52,9.52,902638,8691353,369,-0.16
20160505,9.53,9.58,9.36,9.46,1090060,10301658,442,-0.06
20160506,9.53,9.53,9.38,9.38,608479,5728657,275,-0.08
20160509,9.47,9.56,9.37,9.37,587405,5558539,316,-0.01
20160510,9.39,9.41,9.28,9.3,768410,7174068,298,-0.07
20160511,9.31,9.45,9.2,9.2,972665,9035798,368,-0.1
20160512,9.18,9.18,8.61,8.61,2728189,24168269,1025,-0.59
20160513,8.48,8.64,8.22,8.64,3238050,27313434,1006,0.03
20160516,8.53,8.75,8.41,8.68,872254,7537979,377,0.04
20160517,8.8,9.12,8.69,9.0,3018527,26808843,1048,0.32
20160518,9.01,9.09,8.92,8.93,910655,8188340,369,-0.07
20160519,9.0,9.05,8.9,8.9,945591,8486435,378,-0.03
20160520,9.0,9.09,8.93,9.0,920012,8297758,377,0.1
20160523,9.0,9.35,9.0,9.22,1122290,10323905,490,0.22
20160524,9.21,9.5,9.21,9.46,2280814,21466634,835,0.24
20160525,9.59,9.59,9.41,9.45,1478450,14012589,647,-0.01
20160526,9.53,10.05,9.53,9.93,4617847,45751903,1776,0.48
20160527,9.95,9.97,9.81,9.85,1208286,11930914,591,-0.08
20160530,9.85,9.97,9.84,9.93,813781,8048881,362,0.08
20160531,10.0,10.2,9.94,9.99,2065850,20710493,844,0.06
20160601,10.0,10.1,9.96,9.99,1098371,10986683,449,0.0
20160602,9.99,9.99,9.64,9.67,2254735,22010202,917,-0.32
20160603,9.69,9.77,9.6,9.67,933028,9035562,464,0.0
20160604,9.71,9.87,9.7,9.73,647000,6323000,255,0.06
20160606,9.7,9.7,9.55,9.56,684532,6562997,348,-0.17
20160607,9.64,9.75,9.64,9.69,771985,7500384,373,0.13
20160608,9.75,9.76,9.61,9.64,467472,4521761,253,-0.05
20160613,9.5,9.53,9.38,9.38,754991,7124708,293,-0.26
20160614,9.48,9.74,9.48,9.65,1125596,10821514,454,0.27
20160615,9.6,9.87,9.59,9.8,1037005,10117161,434,0.15
20160616,9.8,9.85,9.64,9.75,725384,7053445,317,-0.05
20160617,9.79,9.84,9.7,9.79,809403,7911749,281,0.04
20160620,9.85,9.88,9.79,9.85,1515132,14893393,473,0.06
20160621,9.95,9.95,9.85,9.85,1034246,10236976,394,0.0
20160622,9.86,10.1,9.86,10.0,1906132,19045084,726,0.15
20160623,10.1,10.15,9.88,9.9,1497001,14956706,571,-0.1
20160624,9.92,9.95,9.4,9.4,1981240,19058968,694,-0.5
20160627,9.4,9.57,9.4,9.5,914029,8683026,379,0.1
20160628,9.5,9.63,9.5,9.57,872708,8362983,311,0.07
20160629,9.94,9.98,9.76,9.85,1808823,17849703,650,0.28
20160630,9.93,10.15,9.92,9.94,3596137,36034108,1165,0.09
20160701,10.0,10.25,9.95,10.0,2570775,25915622,865,0.06
20160704,9.91,9.95,9.85,9.85,1363698,13492547,474,-0.15
20160705,9.86,9.95,9.86,9.9,586139,5815024,247,0.05
20160706,10.05,10.05,9.85,9.85,1174259,11668982,468,-0.05
20160707,9.99,10.05,9.86,9.86,1082273,10746759,435,0.01
20160711,9.95,9.98,9.85,9.86,921860,9128297,420,0.0
20160712,9.95,10.1,9.91,10.0,2081181,20795615,713,0.14
20160713,10.0,10.05,9.95,10.05,1140213,11410720,449,0.05
20160714,10.1,10.1,9.95,9.95,984145,9837575,478,-0.1
20160715,10.05,10.1,9.98,9.98,1206256,12082435,606,0.03
20160718,10.1,10.15,9.99,10.0,1532326,15404831,506,0.02
20160719,10.05,10.1,9.93,9.94,789569,7878165,297,-0.06
20160720,9.96,9.99,9.9,9.91,922516,9165545,469,-0.03
20160721,9.95,10.05,9.93,9.98,1189094,11863267,485,0.07
20160722,10.05,10.25,10.0,10.1,3701538,37645080,1129,0.12
20160725,10.2,10.2,9.95,9.95,1629060,16341819,508,-0.15
20160726,9.95,10.0,9.93,9.96,398690,3972705,185,0.01
20160727,10.05,10.05,9.94,9.94,675902,6742418,249,-0.02
20160728,9.94,9.95,9.72,9.73,1698334,16710910,609,-0.21
20160729,9.76,9.83,9.67,9.74,1227635,11968599,308,0.01
20160801,10.0,10.2,9.86,10.0,2923083,29329036,814,0.26
20160802,10.25,10.25,9.96,9.96,1509692,15181994,474,-0.04
20160803,9.92,9.92,9.84,9.85,778554,7687388,332,-0.11
20160804,9.9,9.94,9.81,9.81,578778,5691433,335,-0.04
20160805,9.85,9.85,9.76,9.76,851586,8334563,386,-0.05
20160808,9.78,9.87,9.75,9.75,509789,4982687,275,-0.01
20160809,9.77,9.85,9.68,9.68,817280,7956085,375,-0.07
20160810,9.7,9.77,9.62,9.62,758830,7329407,325,-0.06
20160811,9.63,9.73,9.51,9.51,955888,9151389,382,-0.11
20160812,9.54,9.59,9.44,9.44,620078,5879395,294,-0.07
20160815,9.46,9.48,9.14,9.18,1242672,11513021,554,-0.26
20160816,9.18,9.55,9.18,9.44,1485043,13911487,596,0.26
20160817,9.46,9.51,9.25,9.28,855672,7983048,386,-0.16
20160818,9.31,9.46,9.31,9.38,666774,6271637,302,0.1
20160819,9.4,9.46,9.27,9.27,691571,6461514,381,-0.11
20160822,9.25,9.32,9.18,9.19,750271,6911257,336,-0.08
20160823,9.23,9.25,9.16,9.19,237336,2182410,160,0.0
20160824,9.2,9.29,9.18,9.19,513005,4724572,249,0.0
20160825,9.29,9.3,9.19,9.28,1118243,10349455,511,0.09
20160826,9.24,9.29,9.2,9.2,540983,4986604,281,-0.08
20160829,9.2,9.25,9.16,9.19,474114,4359606,298,-0.01
20160830,9.13,9.29,9.13,9.18,885851,8144743,440,-0.01
20160831,9.2,9.24,9.15,9.24,890117,8180766,441,0.06
20160901,9.24,9.29,9.2,9.2,1000552,9253542,381,-0.04
20160902,9.21,9.21,9.01,9.01,1419842,12923681,584,-0.19
20160905,9.07,9.11,9.02,9.02,435160,3935404,186,0.01
20160906,9.03,9.1,9.03,9.05,288909,2618511,131,0.03
20160907,9.03,9.09,9.02,9.04,664267,6011103,365,-0.01
20160908,9.03,9.14,9.03,9.06,1106329,10050671,400,0.02
20160909,9.1,9.16,9.04,9.04,989392,9000328,345,-0.02
20160910,9.04,9.04,8.99,9.0,784000,7061430,252,-0.04
20160912,9.03,9.27,9.03,9.07,1671023,15284738,590,0.07
20160913,9.11,9.17,8.88,8.93,1030506,9248133,390,-0.14
20160914,9.04,9.04,8.91,8.94,701304,6274547,286,0.01
20160919,8.92,8.96,8.9,8.9,611129,5458712,290,-0.04
20160920,8.9,8.9,8.55,8.59,2155684,18650181,893,-0.31
20160921,8.6,8.75,8.6,8.7,1116386,9704921,498,0.11
20160922,8.73,8.83,8.7,8.72,1037721,9102255,508,0.02
20160923,8.79,8.81,8.74,8.74,568514,4982562,258,0.02
20160926,8.84,8.84,8.74,8.75,475845,4176003,203,0.01
20160929,8.82,8.89,8.78,8.78,759852,6700855,288,0.03
20160930,8.75,8.75,8.65,8.65,556163,4840500,229,-0.13
20161003,8.73,8.76,8.69,8.69,380913,3320393,169,0.04
20161004,8.7,8.9,8.69,8.88,1397566,12362196,570,0.19
20161005,8.91,8.99,8.9,8.93,921805,8253193,361,0.05
20161006,9.02,9.25,9.02,9.22,2137870,19610182,870,0.29
20161007,9.23,9.3,9.12,9.12,882006,8104229,372,-0.1
20161011,9.24,9.26,8.93,8.93,1045402,9448104,412,-0.19
20161012,8.95,9.09,8.95,9.04,597125,5391250,268,0.11
20161013,9.06,9.15,9.0,9.0,947363,8581531,427,-0.04
20161014,9.0,9.06,8.88,8.88,796170,7109307,270,-0.12
20161017,8.88,9.0,8.87,8.9,359136,3195787,151,0.02
20161018,8.9,8.9,8.84,8.86,316037,2801212,134,-0.04
20161019,8.88,8.91,8.82,8.83,439903,3900577,204,-0.03
20161020,8.98,9.03,8.91,8.91,820700,7349501,281,0.08
20161021,9.01,9.01,8.91,8.92,366570,3280830,164,0.01
20161024,8.92,8.93,8.83,8.83,481767,4269599,204,-0.09
20161025,8.85,8.93,8.82,8.86,324304,2865951,144,0.03
20161026,8.86,8.95,8.86,8.86,492219,4370260,191,0.0
20161027,8.87,8.9,8.83,8.83,361432,3199227,161,-0.03
20161028,8.85,8.85,8.74,8.74,446101,3920484,195,-0.09
20161031,8.8,8.8,8.72,8.73,297856,2608118,125,-0.01
20161101,8.72,8.78,8.69,8.74,432451,3776084,160,0.01
20161102,8.74,8.88,8.7,8.72,1405534,12399846,560,-0.02
20161103,8.74,8.78,8.57,8.6,750343,6493451,258,-0.12
20161104,8.59,9.4,8.59,9.24,7667895,69207043,2356,0.64
20161107,9.28,9.3,9.08,9.1,2093651,19190759,771,-0.14
20161108,9.15,9.17,9.01,9.05,946090,8579114,388,-0.05
20161109,9.08,9.12,8.5,8.55,1831746,16025979,673,-0.5
20161110,8.8,9.05,8.71,8.92,2018414,17948726,779,0.37
20161111,8.87,8.87,8.65,8.67,1340788,11678855,444,-0.25
20161114,8.65,8.68,8.5,8.58,1104313,9460739,422,-0.09
20161115,8.58,8.66,8.58,8.6,334240,2877088,204,0.02
20161116,8.65,9.08,8.64,9.08,4101917,36635261,1045,0.48
20161117,9.1,9.18,8.94,9.18,7642068,69475172,2031,0.1
20161118,9.25,9.48,9.21,9.35,10826468,101059433,2816,0.17
20161121,9.32,9.36,9.27,9.28,1983744,18439146,718,-0.07
20161122,9.28,9.88,9.28,9.55,7491130,72494806,2463,0.27
20161123,9.6,9.69,9.46,9.46,2153492,20471991,776,-0.09
20161124,9.5,9.68,9.3,9.3,2486243,23444710,917,-0.16
20161125,9.4,9.99,9.36,9.97,12251109,119817278,2939,0.67
20161128,10.0,10.1,9.68,9.7,6365046,63184571,1696,-0.27
20161129,9.7,9.84,9.67,9.69,1460469,14214623,640,-0.01
20161130,9.69,9.83,9.68,9.69,1430952,13930118,503,0.0
20161201,9.77,9.94,9.75,9.78,1925181,18945592,717,0.09
20161202,9.8,9.85,9.48,9.48,2070480,19884248,790,-0.3
20161205,9.45,9.59,9.42,9.42,1229779,11642073,526,-0.06
20161206,9.55,9.66,9.46,9.46,1451801,13873615,572,0.04
20161207,9.48,9.54,9.31,9.39,1597711,15005577,552,-0.07
20161208,9.52,9.85,9.52,9.7,5269633,51253223,1863,0.31
20161209,9.74,9.85,9.65,9.66,1719513,16701168,588,-0.04
20161212,9.7,9.74,9.53,9.53,1062081,10206745,431,-0.13
20161213,9.53,9.65,9.51,9.51,805291,7693684,333,-0.02
20161214,9.53,10.15,9.53,9.95,11027837,109423505,2889,0.44
20161215,9.9,10.35,9.72,10.3,7894603,79325688,2183,0.35
20161216,10.6,11.3,10.5,11.3,31964474,352406243,7126,1.0
20161219,11.4,12.15,11.4,11.45,40208447,471654426,9230,0.15
20161220,11.5,12.55,11.25,12.45,40399145,486748970,9282,1.0
20161221,12.45,13.0,12.0,12.75,34065027,429822509,9126,0.3
20161222,12.7,13.0,12.55,12.8,16193448,206487604,4612,0.05
20161223,12.7,12.75,12.35,12.6,15032488,188370437,3941,-0.2
20161226,12.85,13.25,12.6,12.6,14319712,183704003,3850,0.0
20161227,12.7,12.9,12.2,12.75,13009043,163112230,3850,0.15
20161228,12.6,13.65,12.55,13.4,27637780,363754389,7577,0.65
20161229,13.3,13.6,13.15,13.15,12290839,164708676,3673,-0.25
20161230,13.35,14.45,13.25,14.4,43673484,618851020,9988,1.25
20170103,14.3,14.6,14.1,14.35,21771954,311984066,5814,-0.05
20170104,14.4,14.85,14.25,14.25,35026791,508796312,8429,-0.1
20170105,14.4,14.65,14.15,14.45,13818078,198665981,3796,0.2
20170106,14.6,14.7,14.15,14.15,15988540,230168989,3893,-0.3
20170109,14.25,14.35,13.8,14.1,15648904,219541906,3613,-0.05
20170110,14.2,14.25,13.7,13.8,10697996,148612271,2902,-0.3
20170111,13.9,14.05,13.75,13.8,5007640,69496458,1677,0.0
20170112,14.0,14.65,13.9,13.95,21690621,309826772,6226,0.15
20170113,13.85,14.05,13.55,13.85,10200062,140654541,2831,-0.1
20170116,13.9,14.05,13.75,13.85,5130208,71366838,1812,0.0
20170117,13.9,14.0,13.65,13.75,4752105,65502698,1410,-0.1
20170118,13.75,14.4,13.75,14.05,15282287,216639879,4460,0.3
20170119,14.05,15.1,14.05,14.4,31569097,463319236,9141,0.35
20170120,14.65,14.7,14.05,14.05,10619745,151799480,3351,-0.35
20170123,14.2,14.75,14.05,14.5,11029258,158953093,3245,0.45
20170124,14.65,14.7,14.2,14.2,7423986,106777191,2181,-0.3
20170202,14.4,15.6,14.25,15.3,37228417,564660754,9300,1.1
20170203,15.7,16.5,15.0,15.45,44852096,705723539,11873,0.15
20170206,15.4,16.2,15.15,15.9,19260213,302181862,5595,0.45
20170207,15.9,16.75,15.85,16.2,26371009,431837356,7521,0.3
20170208,16.4,16.9,16.05,16.7,27609928,457459419,7525,0.5
20170209,16.7,17.6,16.65,17.5,36435650,628329438,10048,0.8
20170210,18.0,18.05,16.45,16.55,26987420,463336443,8255,-0.95
20170213,16.6,17.1,16.25,16.45,13596000,225207045,4076,-0.1
20170214,16.6,16.7,15.6,15.75,14935678,238670640,4800,-0.7
20170215,16.05,16.4,15.95,16.3,10339951,167607224,3636,0.55
20170216,16.35,16.9,16.15,16.2,19739787,326696493,5939,-0.1
20170217,16.3,16.45,15.9,16.0,9761320,157445375,3230,-0.2
20170218,16.2,16.45,15.95,16.1,7471000,120818000,2458,0.1
20170220,16.35,16.35,15.8,15.95,6985634,112101660,2301,-0.15
20170221,16.1,16.3,15.55,16.2,9555474,153030009,2942,0.25
20170222,16.3,16.8,16.25,16.3,14123128,233506588,4448,0.1
20170223,16.35,16.5,16.15,16.2,4898721,79739695,1558,-0.1
20170224,16.3,16.4,16.15,16.3,3765380,61232387,1172,0.1
20170301,16.8,16.85,16.25,16.25,9710662,161246825,3191,-0.05
20170302,16.5,16.5,16.0,16.0,5653428,91713898,2019,-0.25
20170303,16.15,16.2,15.85,15.95,4506633,72237102,1470,-0.05
20170306,16.0,16.1,15.6,15.65,3171431,50183073,1248,-0.3
20170307,15.75,15.95,15.7,15.95,3481524,55163012,1244,0.3
20170308,15.95,15.95,15.5,15.55,3979882,62240710,1569,-0.4
20170309,15.7,15.75,14.9,15.05,6528201,99311306,2293,-0.5
20170310,14.95,15.2,14.15,15.2,8469634,124000157,2738,0.15
20170313,15.4,16.2,15.2,16.2,16979369,270362663,4989,1.0
20170314,16.05,16.15,15.75,16.0,5893383,94149102,1924,-0.2
20170315,16.05,16.15,15.5,15.5,6290406,98951608,1948,-0.5
20170316,15.65,15.75,15.4,15.5,3688121,57267771,1333,0.0
20170317,15.5,16.8,15.45,16.65,29616048,484999376,8136,1.15
20170320,16.8,17.6,16.4,17.2,36433423,622331981,10539,0.55
20170321,17.2,17.5,16.5,17.1,19662876,333217308,5787,-0.1
20170322,16.6,17.75,16.55,17.75,26176829,452839331,7448,0.65
20170323,18.3,19.5,18.0,19.0,84705409,1582142558,19901,1.25
20170324,19.2,19.3,18.3,18.3,39006160,735622171,9742,-0.7
20170327,18.3,18.85,17.7,17.75,21846844,400324884,6551,-0.55
20170328,18.95,19.5,17.9,18.9,98938709,1874617540,20634,1.15
20170329,19.7,19.95,18.9,19.85,67088223,1311470466,15750,0.95
20170330,19.85,21.75,19.55,21.4,88913322,1856755574,22943,1.55
20170331,22.3,23.0,21.2,21.55,76562813,1689568619,20056,0.15
20170405,22.0,22.0,20.9,20.9,42536341,912419761,10460,-0.65
20170406,21.4,21.75,20.9,21.05,38473542,818658326,9536,0.15
20170407,21.45,21.65,20.3,20.65,38747460,807057512,10249,-0.4
20170410,20.7,21.6,20.5,21.6,22405001,472804987,6094,0.95
20170411,21.75,22.7,20.55,20.55,41907249,914513441,11447,-1.05
20170412,21.2,22.05,20.75,21.4,42126743,902717899,9828,0.85
20170413,21.6,22.1,21.0,21.0,26843178,578264238,8049,-0.4
20170414,20.8,21.2,19.6,19.7,36068777,729813729,9729,-1.3
20170417,20.15,20.75,19.75,20.5,30509134,619159271,8076,0.8
20170418,20.65,20.85,20.25,20.55,20343886,417436515,5654,0.05
20170419,20.35,20.55,20.05,20.15,12375955,250884972,4010,-0.4
20170420,20.15,20.2,18.4,19.1,30196520,579899569,9180,-1.05
20170421,19.4,19.65,19.1,19.4,14327255,278095065,4329,0.3
20170424,19.0,19.0,17.6,18.0,35191923,640334140,9814,-1.4
20170425,18.35,18.55,17.9,18.1,19350064,352459342,5475,0.1
20170426,18.25,18.85,18.05,18.65,19224818,356486845,5728,0.55
20170427,18.75,19.6,18.6,19.35,23685332,455180436,7085,0.7
20170428,19.45,19.55,18.8,18.9,13572334,259046502,4322,-0.45
20170502,19.05,19.05,18.3,18.55,11034115,205191313,3327,-0.35
20170503,18.7,18.8,18.2,18.25,8710723,160159532,2839,-0.3
20170504,18.35,18.7,18.1,18.7,11239721,207515907,3320,0.45
20170505,19.4,19.45,18.3,18.3,18278824,346335722,5858,-0.4
20170508,18.4,18.55,18.15,18.4,8711771,159924230,2418,0.1
20170509,18.45,18.45,17.35,17.35,19369745,341470053,5145,-1.05
20170510,17.5,17.8,17.15,17.8,9536201,167032541,2640,0.45
20170511,17.8,18.45,17.75,18.0,12554659,227734662,3829,0.2
20170512,17.9,18.5,17.9,18.2,10075055,183347241,3015,0.2
20170515,18.3,18.45,18.0,18.0,5333062,97117302,1796,-0.2
20170516,18.05,18.2,17.4,17.7,9431230,166853448,2860,-0.3
20170517,17.65,17.85,17.35,17.4,5693306,99568136,1822,-0.3
20170518,17.15,17.75,16.65,17.75,9584464,166856076,3446,0.35
20170519,17.85,17.9,17.55,17.55,3961538,70145931,1462,-0.2
20170522,17.7,18.9,17.7,18.85,24186652,448917859,7333,1.3
20170523,19.05,19.15,18.45,18.45,13483086,253815910,4424,-0.4
20170524,18.6,18.8,18.45,18.5,5511212,102515683,1938,0.05
20170525,18.8,19.2,18.65,18.75,12893686,244407916,4253,0.25
20170526,18.75,18.8,18.5,18.55,4132940,76860986,1394,-0.2
20170531,18.75,19.15,18.6,18.75,8888142,167985100,2582,0.2
20170601,18.85,19.25,18.8,19.05,9648951,183988261,3071,0.3
20170602,19.2,19.4,18.95,19.15,9669903,185133537,3026,0.1
20170603,19.45,20.25,19.3,20.0,24671000,490408550,7661,0.85
20170605,20.0,20.15,19.7,19.7,9767794,194088129,3373,-0.3
20170606,20.0,20.0,19.5,19.5,5660318,111252061,2001,-0.2
20170607,19.5,19.65,19.05,19.05,6033454,116361486,2127,-0.45
20170608,19.25,19.75,19.25,19.6,6609713,128735390,2464,0.55
20170609,19.8,19.8,19.35,19.4,5702405,111394045,1994,-0.2
20170612,18.95,19.35,18.9,19.05,4981392,95133960,1698,-0.35
20170613,19.2,19.25,18.7,18.7,3989904,75454247,1504,-0.35
20170614,18.85,18.95,17.45,18.25,11033781,200022347,3689,-0.45
20170615,18.25,18.55,18.05,18.35,6077109,111525440,1977,0.1
20170616,18.6,18.75,18.4,18.5,6072225,112858488,2002,0.15
20170619,18.6,19.2,18.5,19.2,7565196,143634172,2669,0.7
20170620,19.35,19.7,18.8,18.8,10850426,209773892,3687,-0.4
20170621,18.8,18.95,18.6,18.85,3912576,73599064,1445,0.05
20170622,19.0,19.05,18.65,18.65,3022338,56978040,1071,-0.2
20170623,18.8,18.9,18.5,18.55,3028609,56400432,1198,-0.1
20170626,18.75,18.8,18.5,18.5,2518505,46858281,876,-0.05
20170627,18.5,18.65,18.25,18.25,2650799,48868012,983,-0.25
20170628,18.25,18.55,18.0,18.2,5643057,102733173,1742,-0.05
20170629,18.3,18.45,17.9,17.9,3846801,69773679,1399,-0.3
20170630,17.8,18.3,17.7,18.3,3475186,62646827,1268,0.4
20170703,18.3,18.35,17.8,17.8,4011862,72094826,1588,-0.5
20170704,17.7,18.5,17.65,18.25,8531890,155199944,2864,0.45
20170705,18.25,18.3,17.95,18.1,3247045,58734358,1297,-0.15
20170706,18.1,18.6,17.95,18.3,5873475,107443686,2114,0.2
20170707,18.2,18.5,18.1,18.25,4172163,76374994,1416,-0.05
20170710,18.35,18.9,18.35,18.55,8866930,165240996,3010,0.3
20170711,18.7,18.8,18.2,18.2,5793559,107281112,1963,-0.35
20170712,18.3,18.55,18.2,18.45,3721088,68523345,1425,0.25
20170713,18.7,19.4,18.6,19.35,25572616,490666847,7212,0.9
20170714,19.55,20.1,19.4,20.0,28955128,574193860,8634,0.65
20170717,20.55,20.8,19.8,19.85,23351958,472321547,6507,-0.15
20170718,19.9,20.35,19.85,20.3,14048375,282841840,4326,0.45
20170719,20.45,20.5,19.65,19.65,11612407,232172229,4179,-0.65
20170720,19.75,19.95,19.4,19.4,8276925,162590385,2874,-0.25
20170721,19.65,20.15,19.45,19.9,16206960,322980988,4820,0.5
20170724,19.85,19.9,19.65,19.65,6187168,122117263,1909,-0.25
20170725,19.7,21.25,19.5,21.25,41810090,854066096,11811,1.6
20170726,21.5,22.25,20.6,20.8,70178637,1512102576,18828,-0.45
20170727,20.8,21.4,20.6,21.2,29165955,612529424,7863,0.4
20170728,21.8,22.1,20.7,20.7,75986160,1634680846,20154,-0.5
20170731,20.75,21.05,20.55,20.55,20523599,425506985,6272,-0.15
20170801,20.7,21.1,20.65,21.0,19216501,401978271,5278,0.45
20170802,21.4,21.4,20.85,21.1,16168561,340837437,4262,0.1
20170803,20.9,22.1,20.75,21.6,44913031,969640186,12324,0.5
20170804,22.15,22.85,21.25,21.3,56266507,1242864121,16556,-0.3
20170807,21.55,22.0,21.3,21.85,30441166,661204489,8127,0.55
20170808,22.0,22.05,21.3,21.4,14283581,307797341,4393,-0.45
20170809,20.7,21.05,20.35,20.5,22661594,468039038,6546,-0.9
20170810,20.9,20.9,19.85,20.0,16951831,343459235,5283,-0.5
20170811,19.8,20.3,19.7,19.9,13779195,275329309,3839,-0.1
20170814,20.1,20.15,19.25,19.25,12096601,236495707,3718,-0.65
20170815,19.7,20.25,19.55,19.55,11260521,222873622,3847,0.3
20170816,19.5,20.35,19.3,20.05,13941337,278006890,4892,0.5
20170817,20.3,20.5,19.8,20.4,12543074,254074089,4037,0.35
20170818,20.1,20.85,20.0,20.45,19318281,395648352,5866,0.05
20170821,20.45,20.9,20.45,20.7,10853920,225072531,3723,0.25
20170822,20.9,21.3,20.7,20.8,16172247,339310476,4980,0.1
20170823,21.15,21.45,20.8,20.8,18256934,385604010,5607,0.0
20170824,20.9,21.3,20.8,20.85,10629498,223305214,3178,0.05
20170825,20.9,21.25,20.8,20.85,11444710,240083755,3253,0.0
20170828,21.2,21.8,20.95,21.8,30133375,646373291,8450,0.95
20170829,21.7,21.7,21.25,21.25,16783680,360067242,4997,-0.55
20170830,21.45,21.6,20.75,20.75,19623832,414698946,6003,-0.5
20170831,20.9,21.25,20.7,20.8,13431509,281195028,3670,0.05
20170901,21.1,21.3,20.85,21.1,12449097,263178225,3540,0.3
20170904,21.2,22.6,21.0,22.2,44855993,985708418,12295,1.1
20170905,22.7,24.4,22.5,24.4,130712017,3129274293,25816,2.2
20170906,25.0,26.45,24.6,26.0,188670993,4803536745,50244,1.6
20170907,25.8,26.7,24.9,25.0,82975896,2141071115,24986,-1.0
20170908,25.5,26.7,25.0,26.6,69180318,1789179790,20600,1.6
20170911,28.0,29.25,27.3,29.25,74820829,2126729451,18753,2.65
20170912,29.6,30.1,28.35,28.55,102561879,2997682896,32693,-0.7
20170913,29.1,29.6,27.45,27.85,60335765,1718066766,20341,-0.7
20170914,28.55,29.25,28.15,28.65,66566391,1913088060,21134,0.8
20170915,29.05,29.45,28.6,28.6,52753580,1530150236,16291,-0.05
20170918,28.95,29.25,28.3,28.55,38947950,1124127387,12916,-0.05
20170919,28.9,30.7,28.8,29.1,89477732,2664194560,28025,0.55
20170920,30.0,30.4,28.9,29.35,53624742,1590840603,17419,0.25
20170921,29.6,29.95,28.7,29.15,35890268,1048932081,11800,-0.2
20170922,29.9,30.45,29.25,30.45,84620124,2531609605,25247,1.3
20170925,31.2,31.45,30.05,30.5,80575595,2481017161,25516,0.05
20170926,30.3,30.3,27.45,27.45,71101197,2048528768,23941,-3.05
20170927,27.3,28.1,26.65,28.1,77689844,2137008582,23755,0.65
20170928,28.3,28.65,27.6,27.6,32380624,908903004,11277,-0.5
20170929,27.3,27.4,25.95,26.5,46998449,1251625387,15254,-1.1
20170930,27.1,27.65,26.9,27.4,24215000,662326350,8140,0.9
20171002,27.75,27.95,27.15,27.7,17739222,490399328,6409,0.3
20171003,27.95,28.9,27.8,28.15,43122685,1225150204,14464,0.45
20171005,28.55,29.7,28.4,29.7,61699032,1796096518,18575,1.55
20171006,29.9,29.9,29.0,29.3,29782183,873762746,10161,-0.4
20171011,29.6,29.95,28.8,29.0,24608233,721899306,7810,-0.3
20171012,28.8,31.55,28.8,30.85,100447771,3073961561,33619,1.85
20171013,31.1,32.2,30.75,30.75,85147119,2678789221,27914,-0.1
20171016,31.85,32.8,31.55,32.45,70355249,2274373413,24443,1.7
20171017,32.8,32.8,31.3,31.45,46818576,1494380480,16028,-1.0
20171018,31.95,32.2,30.95,31.2,30273611,952852106,10441,-0.25
20171019,31.4,32.5,31.0,32.2,40283553,1288975964,13858,1.0
20171020,32.3,33.7,32.15,33.55,72602251,2401165732,24491,1.35
20171023,34.0,36.9,33.45,36.9,89038867,3124193542,31072,3.35
20171024,36.9,37.75,36.5,37.0,75020007,2783184459,27188,0.1
20171025,37.15,39.45,36.95,39.1,85382904,3286021506,31305,2.1
20171026,38.5,39.0,37.9,38.35,44028326,1689034591,16504,-0.75
20171027,38.85,40.15,34.55,35.2,108333880,4070345236,39743,-3.15
20171030,36.55,37.0,34.8,37.0,57617351,2076707074,21760,1.8
20171031,37.7,38.6,36.65,37.6,56384130,2117925397,21194,0.6
20171101,37.65,37.9,36.7,36.7,39479034,1465856062,15550,-0.9
20171102,36.35,37.7,36.25,36.35,37190348,1372715073,13805,-0.35
20171103,36.35,36.5,34.6,34.85,43234854,1523254120,16048,-1.5
20171106,36.5,36.85,35.75,36.1,28972354,1047897001,11424,1.25
20171107,36.7,39.65,36.4,39.25,76720173,2937848448,28054,3.15
20171108,39.95,41.25,39.0,40.4,111977328,4510871021,40938,1.15
20171109,41.0,42.45,37.65,39.2,115225708,4663073539,42711,-1.2
20171110,40.0,43.1,39.3,43.1,98074341,4062475366,37724,3.9
20171113,43.15,44.65,41.5,41.5,132346363,5723604032,48373,-1.6
20171114,41.8,42.65,39.5,40.5,82981780,3417832042,33185,-1.0
20171115,40.5,42.0,39.9,42.0,40379101,1655036842,16799,1.5
20171116,41.5,42.15,40.55,40.55,41529747,1721638078,16734,-1.45
20171117,41.3,41.8,40.8,41.35,34753755,1435584426,13939,0.8
20171120,41.8,43.0,41.6,42.15,42332563,1794790670,17664,0.8
20171121,43.05,46.35,42.75,46.35,107909881,4852347914,41098,4.2
20171122,47.5,47.7,44.85,46.6,96682398,4518657026,39070,0.25
20171123,46.3,47.75,45.7,47.75,51070336,2398541237,22609,1.15
20171124,48.05,48.1,46.7,46.8,37019515,1751387313,15570,-0.95
20171127,47.45,48.6,46.65,47.15,46066327,2194822123,19883,0.35
20171128,46.8,46.9,45.3,45.85,45510100,2095555000,19435,-1.3
20171129,46.4,47.4,45.9,46.05,35583520,1658064558,15906,0.2
20171130,44.5,45.8,44.0,45.8,45927156,2053305630,17538,-0.25
20171201,45.7,46.7,42.05,43.35,44705744,1995026060,19106,-2.45
20171204,44.0,44.85,42.8,43.3,33827689,1480377348,14349,-0.05
20171205,41.85,42.1,39.0,39.0,62297375,2506918675,26184,-4.3
20171206,38.7,39.65,35.6,36.1,60072236,2261704007,22711,-2.9
20171207,37.7,38.6,36.7,38.2,44919624,1695189658,19864,2.1
20171208,38.35,40.05,37.3,39.7,71225275,2766875380,27855,1.5
20171211,39.6,40.5,38.75,40.0,35012450,1388774381,14999,0.3
20171212,40.4,41.9,40.0,40.5,41586594,1705742169,18512,0.5
20171213,40.5,41.45,39.8,40.05,27935562,1129269933,12209,-0.45
20171214,40.3,40.9,38.3,38.55,28768095,1141704734,12321,-1.5
20171215,38.3,39.75,37.6,39.75,29568804,1140001889,13349,1.2
20171218,40.45,40.85,39.8,39.8,26548425,1067997995,10694,0.05
20171219,40.2,40.75,39.35,40.0,19554796,783849349,8386,0.2
20171220,39.5,40.8,39.3,40.75,22306993,897992946,9133,0.75
20171221,40.85,42.65,40.8,41.35,55348883,2322643726,22252,0.6
20171222,41.8,42.05,41.0,41.8,21600680,896672871,8781,0.45
20171225,41.8,41.95,40.9,41.0,12200902,505198314,5115,-0.8
20171226,41.65,43.3,41.3,42.0,49968342,2111629069,21587,1.0
20171227,42.5,42.95,40.9,41.35,38654341,1619416425,16070,-0.65
20171228,41.95,42.5,41.55,42.15,23386862,984661169,9851,0.8
20171229,42.85,43.4,42.5,42.6,37119490,1592962737,15204,0.45
20180102,42.75,43.1,42.15,42.35,16470721,699920658,6772,-0.25
20180103,43.1,45.4,43.05,43.95,59045550,2613048429,24849,1.6
20180104,45.0,46.5,43.85,46.5,60916269,2756189498,26653,2.55
20180105,47.0,48.5,46.9,47.15,64859928,3094426842,27597,0.65
20180108,47.4,47.4,45.05,45.05,32575058,1502644821,14681,-2.1
20180109,46.0,47.35,45.8,47.25,45698945,2133230902,20246,2.2
20180110,47.65,47.65,45.6,45.85,33036030,1534418859,14164,-1.4
20180111,45.8,46.4,45.35,46.2,21505536,986743956,9165,0.35
20180112,46.6,47.2,45.9,45.9,24130094,1125356042,9494,-0.3
20180115,46.5,47.25,45.75,47.0,22193707,1033404247,9483,1.1
20180116,47.1,48.3,46.7,47.05,47342381,2253220657,18894,0.05
20180117,47.5,47.75,46.6,46.9,22396517,1057247826,9502,-0.15
20180118,47.95,49.3,47.4,47.9,69568898,3365160125,28097,1.0
20180119,48.5,48.75,48.0,48.75,37328585,1808546639,15270,0.85
20180122,49.7,53.6,49.6,53.6,67402045,3505299942,26089,4.85
20180123,55.1,55.8,51.6,52.4,95481339,5145793513,39496,-1.2
20180124,52.2,53.2,51.2,52.3,41049105,2155266244,17790,-0.1
20180125,52.6,52.8,48.75,49.5,44142980,2243059884,20033,-2.8
20180126,49.9,51.2,48.45,49.0,42917526,2138011074,19381,-0.5
20180129,49.85,50.4,49.25,49.85,22485297,1117825368,10328,0.85
20180130,50.0,50.5,48.2,48.6,26450817,1308479977,12668,-1.25
20180131,47.8,48.0,46.55,48.0,32434862,1534666526,15872,-0.6
20180201,48.5,49.4,48.0,48.0,21507530,1045994775,9803,0.0
20180202,47.3,47.75,46.8,47.2,13932149,657097019,6717,-0.8
20180205,45.0,47.2,44.75,47.2,16645304,760387251,8069,0.0
20180206,45.05,46.1,42.5,42.5,34231464,1502360649,14761,-4.7
20180207,44.5,46.7,44.5,45.1,31934304,1452492880,14666,2.6
20180208,45.3,45.7,42.9,43.5,24514617,1078916981,11724,-1.6
20180209,39.6,43.5,39.55,42.9,23684230,988980190,11542,-0.6
20180212,44.3,44.3,43.0,43.0,14241126,619028068,6802,0.1
20180221,44.95,45.35,44.2,45.0,22726374,1019005630,9780,2.0
20180222,44.55,44.85,44.15,44.15,12658264,562092770,6197,-0.85
20180223,44.65,45.4,44.15,44.5,14009708,626776543,6931,0.35
20180226,45.5,46.4,45.25,45.5,19667108,900704393,9514,1.0
20180227,46.5,46.5,45.1,45.3,13694053,626299886,6827,-0.2
20180301,44.6,45.1,44.45,45.0,8928491,399953195,4509,-0.3
20180302,44.45,44.7,43.85,44.1,10438277,461191812,5600,-0.9
20180305,44.4,44.6,41.4,41.4,25970349,1103629511,12755,-2.7
20180306,42.25,43.15,41.8,42.4,21826898,927479599,10899,1.0
20180307,42.2,43.3,41.65,42.7,17502914,745083810,8801,0.3
20180308,43.2,43.4,42.85,43.2,9581847,413169178,4857,0.5
20180309,44.3,47.5,44.3,47.5,60612231,2797539257,26770,4.3
20180312,48.0,49.15,46.9,47.75,62487205,3003788437,26870,0.25
20180313,47.8,48.85,47.5,48.55,24051148,1160639598,10493,0.8
20180314,48.1,48.4,46.8,46.9,20513108,974840417,9818,-1.65
20180315,46.7,47.3,45.85,47.0,15673294,730686968,7870,0.1
20180316,47.7,48.8,47.2,47.2,38958966,1878686927,18188,0.2
20180319,48.2,49.25,47.5,47.65,43508159,2109718383,20452,0.45
20180320,47.2,47.5,46.5,47.25,18288847,861043847,8746,-0.4
20180321,47.8,48.2,47.0,47.0,16396115,777918055,7673,-0.25
20180322,47.7,48.8,46.9,47.05,31469819,1506182193,14588,0.05
20180323,45.15,45.95,44.7,45.0,22308361,1008593370,10861,-2.05
20180326,44.85,45.85,44.75,45.75,10994013,499163045,5655,0.75
20180327,46.7,47.6,46.3,47.15,23570242,1107565141,10978,1.4
20180328,46.45,46.7,45.65,45.8,11717243,539899428,5689,-1.35
20180329,46.5,47.35,45.5,45.5,21878214,1018310963,10706,-0.3
20180330,46.2,46.3,44.7,44.7,15496413,705438200,7614,-0.8
20180331,44.85,45.05,43.4,44.0,17478000,766464250,8707,-0.7
20180402,44.1,44.35,43.05,43.05,14394858,624568614,7195,-0.95
20180403,43.15,44.25,43.15,44.25,18788232,823280853,10567,1.2
20180409,44.6,45.05,43.45,43.8,18426647,815127948,8493,-0.45
20180410,44.7,45.3,44.35,44.6,18160885,813272267,8254,0.8
20180411,45.1,46.4,45.05,45.05,23198607,1059747781,10548,0.45
20180412,45.45,45.7,44.35,44.9,12718445,569356254,6228,-0.15
20180413,45.8,47.85,45.25,45.65,45435713,2106252518,19905,0.75
20180416,45.75,46.65,45.15,45.5,21236673,973677050,9835,-0.15
20180417,45.9,46.05,44.05,44.05,18599484,840036204,8779,-1.45
20180418,44.7,45.1,44.1,44.65,11016398,491412280,5322,0.6
20180419,45.3,49.1,45.25,49.1,81507288,3905611043,30026,4.45
20180420,49.2,50.4,48.15,48.7,74223472,3641827196,28399,-0.4
20180423,49.5,51.3,48.8,48.8,46123203,2314832995,19491,0.1
20180424,50.7,51.1,45.8,46.25,56649846,2762150910,24392,-2.55
20180425,45.2,48.3,45.2,47.6,28502189,1332145423,13020,1.35
20180426,47.65,48.7,45.9,45.9,27112788,1287029704,12249,0.0
20180427,46.95,47.3,46.15,46.5,10434949,487190117,5446,0.6
20180430,47.2,47.8,46.3,46.8,17638773,830045312,7654,0.3
20180502,47.05,49.4,47.0,48.9,38495767,1865245952,16981,2.1
20180503,49.0,50.6,48.45,48.75,39298687,1943796617,18619,-0.15
20180504,48.85,49.15,46.95,47.25,24099294,1153499027,12190,-1.5
20180507,47.85,50.0,47.4,50.0,25536229,1243031851,12413,2.75
20180508,51.3,54.9,51.3,53.8,100112802,5348079930,42279,3.8
20180509,54.2,54.6,52.1,52.5,72299424,3853900717,30850,-1.3
20180510,53.5,53.6,51.1,53.5,48192542,2522625329,21955,1.0
20180511,54.5,56.2,52.9,52.9,82232766,4513197156,38128,-0.6
20180514,55.0,58.1,54.3,58.1,92120293,5211693394,40318,5.2
20180515,58.7,59.1,56.4,57.3,71139199,4102590421,32044,-0.8
20180516,58.2,63.0,58.2,62.0,118917398,7297861028,48727,4.7
20180517,63.5,65.6,60.9,61.2,102432666,6441432885,46735,-0.8
20180518,62.4,63.8,60.2,63.2,68398575,4247403203,33037,2.0
20180521,63.9,64.0,62.3,62.6,43408027,2733911642,20034,-0.6
20180522,62.6,63.4,58.1,58.5,59582619,3599320124,28663,-4.1
20180523,59.3,60.7,58.0,58.9,44318552,2631625279,21753,0.4
20180524,60.1,60.1,58.1,59.3,28371298,1680715635,14716,0.4
20180525,58.7,61.8,57.7,60.5,47531847,2860785210,24531,1.2
20180528,61.8,66.0,61.0,64.8,80886895,5185807997,38495,4.3
20180529,64.8,69.7,64.5,66.4,104511328,7056615357,50768,1.6
20180530,65.9,68.5,64.9,67.8,60258309,4034229198,29941,1.4
20180531,70.0,74.4,67.8,69.9,111681034,7937479228,53213,2.1
20180601,71.0,71.5,67.1,67.1,55140409,3792171274,27541,-2.8
20180604,67.6,68.3,66.2,67.3,36047812,2418577507,19651,0.2
20180605,67.4,68.0,61.0,63.7,56681483,3654766264,27162,-3.6
20180606,65.1,66.4,63.7,66.0,31410169,2060643354,16957,2.3
20180607,67.5,67.7,65.0,65.0,24842544,1638784160,12764,-1.0
20180608,64.5,64.9,61.3,63.4,34438027,2170108994,18078,-1.6
20180611,66.0,69.7,65.0,69.7,63630365,4308441761,32245,6.3
20180612,70.8,75.6,70.0,70.0,101082531,7332890470,51343,0.3
20180613,70.9,71.6,66.2,67.0,49441154,3383641492,26875,-3.0
20180614,67.1,68.8,64.9,68.1,30728225,2067287888,16954,1.1
20180615,69.7,69.7,66.6,66.6,24466928,1657305176,13074,-1.5
20180619,65.1,66.3,64.5,64.5,22030640,1434923600,12577,-2.1
20180620,64.4,65.3,59.5,60.6,40310172,2500403898,22076,-3.9
20180621,61.1,63.6,61.1,62.5,25981955,1618220552,15002,1.9
20180622,61.5,61.6,59.6,59.7,21434917,1293804516,12497,-2.8
20180625,59.7,60.5,57.3,57.6,24235332,1419860522,13449,-2.1
20180626,58.2,61.3,58.1,60.7,40943113,2457031089,23353,3.1
20180627,60.9,61.8,59.7,61.6,35600984,2168307471,18467,0.9
20180628,62.4,62.9,60.7,60.8,33612390,2081849917,17707,-0.8
20180629,61.4,62.3,60.3,62.3,17640518,1081949616,9348,1.5
20180702,62.8,62.8,59.1,59.1,21364028,1294406965,11409,-3.2
20180703,59.4,60.4,58.0,58.1,18644166,1101256461,10140,-1.0
20180704,58.2,58.3,52.4,53.0,41257490,2262969670,20222,-5.1
20180705,53.6,55.3,53.0,53.9,27419246,1485019506,15047,0.9
20180706,54.8,59.2,54.4,58.7,48498185,2741620974,25250,4.8
20180709,59.5,60.0,57.0,57.8,32838582,1925055486,17455,-0.9
20180710,59.2,62.5,58.7,62.4,48224028,2950422075,25806,4.6
20180711,61.1,62.8,60.2,62.0,32264907,1989061934,17976,-0.4
20180712,62.6,63.1,61.8,62.1,23520308,1468081796,12136,0.1
20180713,63.6,64.8,62.3,62.3,28205919,1792229565,14389,0.2
20180716,62.8,64.8,62.4,64.3,28404830,1810254666,14318,2.0
20180717,64.4,64.7,62.6,62.6,22233707,1414231349,11688,-1.7
20180718,63.5,63.6,60.3,61.5,20868945,1296204076,10892,-1.1
20180719,62.7,64.4,62.6,64.0,32885070,2097256600,17232,2.5
20180720,64.9,66.3,61.1,62.4,48819294,3123292172,24493,-1.6
20180723,61.7,62.8,59.0,62.8,27461383,1666143974,14467,0.4
20180724,62.1,63.4,62.1,62.9,17613632,1106213505,9239,0.1
20180725,63.4,64.3,63.0,63.0,16223329,1030997427,8348,0.1
20180726,64.0,64.6,63.2,63.3,20910862,1336099282,10043,0.3
20180727,63.6,64.6,63.0,64.6,14781014,942201939,7731,1.3
20180730,63.8,64.3,61.7,61.8,16241341,1018453181,8504,-2.8
20180731,61.1,63.0,60.6,63.0,15295061,950247006,7949,1.2
20180801,63.9,63.9,60.8,61.8,20512155,1270449843,10609,-1.2
20180802,61.2,61.2,56.5,56.5,37380680,2185170560,19863,-5.3
20180803,57.2,57.9,55.2,57.8,30179343,1709682592,16029,1.3
20180806,57.0,58.3,56.4,58.3,13207787,760135252,7111,0.5
20180807,58.2,60.3,57.8,59.5,19798165,1179554100,10330,1.2
20180808,60.2,60.5,58.1,58.6,25288046,1499913774,12491,-0.9
20180809,59.0,59.8,57.7,59.6,14795208,871559261,7681,1.0
20180810,59.2,60.9,58.8,58.8,14730281,881383399,8420,-0.8
20180813,58.0,58.2,53.0,53.6,28129978,1545816488,14730,-5.2
20180814,53.9,54.5,51.5,53.5,28293193,1500178336,14804,-0.1
20180815,53.9,53.9,50.2,50.2,23676749,1223155559,12994,-3.3
20180816,49.0,51.5,48.25,51.2,23836392,1199465936,12719,1.0
20180817,52.2,52.6,50.4,51.8,16139073,831161156,8015,0.6
20180820,52.0,52.1,46.65,47.0,29290365,1401806855,14889,-4.8
20180821,47.45,48.2,47.0,47.0,15799359,750954336,8632,0.0
20180822,47.5,48.1,46.85,47.1,11277629,533294005,5682,0.1
20180823,46.7,47.5,46.4,46.4,12101060,566385980,5975,0.0
20180824,46.7,46.8,42.8,42.95,24925020,1106430725,12665,-3.45
20180827,44.05,47.2,43.95,47.2,26216519,1198824725,13433,4.25
20180828,48.2,48.5,46.85,47.1,26726900,1271353262,12967,-0.1
20180829,47.5,47.85,46.05,47.6,24225404,1138966152,11413,0.5
20180830,47.7,49.15,47.5,47.5,28981389,1400523956,13994,-0.1
20180831,46.6,47.25,46.05,47.25,16064991,746060607,8130,-0.25
20180903,46.8,46.95,43.05,43.55,25960495,1161003480,13191,-3.7
20180904,44.0,44.5,43.1,43.85,17306568,759616456,9355,0.3
20180905,44.05,45.0,43.4,44.55,12592005,559097399,6734,0.7
20180906,44.35,45.25,43.8,44.0,15406800,687330293,8348,-0.55
20180907,45.0,45.35,40.0,41.5,34307751,1469047225,17525,-2.5
20180910,40.8,41.0,37.35,37.45,46780330,1817178298,20684,-4.05
20180911,38.7,40.55,38.1,39.6,35942820,1410032263,17915,2.15
20180912,39.8,39.8,38.0,38.65,31031731,1200224913,15698,-0.95
20180913,39.0,39.9,37.7,37.7,22300446,868450910,11294,-0.95
20180914,38.65,41.45,38.2,41.45,37476599,1507178111,17648,3.75
20180917,41.35,42.9,40.85,42.4,48997214,2057902652,23029,0.95
20180918,41.5,42.15,40.8,40.95,23543495,972728079,11962,-1.45
20180919,41.9,42.6,40.2,40.2,23028017,958813564,12471,-0.75
20180920,40.95,42.05,40.4,40.75,28424701,1170724804,14638,0.55
20180921,41.85,44.6,41.35,43.85,54029636,2329572052,25991,3.1
20180925,44.0,46.65,43.3,44.15,66352291,2979054121,32921,0.3
20180926,43.75,44.6,43.7,43.8,23737116,1045516925,12810,-0.35
20180927,43.2,44.05,42.15,42.2,21387709,921893586,11593,-1.6
20180928,42.8,43.9,42.25,43.5,28811463,1244011029,15943,1.3
20181001,43.0,43.65,42.45,43.2,21736894,935624448,11107,-0.3
20181002,43.0,43.85,42.6,42.6,20710238,893959286,10835,-0.6
20181003,42.5,43.15,39.35,40.4,33510259,1374265499,17673,-2.2
20181004,40.9,41.2,39.85,40.0,20024450,810234569,10649,-0.4
20181005,39.3,39.3,36.15,36.8,39881895,1497452015,19025,-3.2
20181008,36.4,37.6,34.35,35.15,36861804,1323963876,18373,-1.65
20181009,35.9,36.4,34.35,35.3,39727426,1412770609,19257,0.15
20181011,31.9,32.6,31.8,31.8,20431280,654123328,8282,-3.5
20181012,32.0,32.8,31.2,31.85,36793537,1179051024,17443,0.05
20181015,31.95,32.4,31.2,32.0,20523496,654563431,9690,0.15
20181016,32.65,34.8,32.55,33.25,52313053,1767882209,24839,1.25
20181017,34.4,34.45,32.9,33.1,28804202,970144662,12938,-0.15
20181018,33.8,34.2,33.1,33.25,24105346,810797307,11749,0.15
20181019,32.25,32.5,31.2,32.35,22888408,729340699,11417,-0.9
20181022,31.55,33.5,31.3,33.1,22078717,721325993,11380,0.75
20181023,32.15,32.8,31.35,31.35,17881133,572258233,9379,-1.75
20181024,31.4,31.75,29.5,29.5,28802009,879693694,14436,-1.85
20181025,27.2,27.45,26.55,26.55,31599304,851063237,13718,-2.95
20181026,27.55,27.95,25.9,26.05,32622997,875327994,15223,-0.5
20181029,27.0,28.65,26.3,28.65,42616579,1180624065,18292,2.6
20181030,28.6,28.65,27.65,28.55,37756256,1066225559,16897,-0.1
20181031,30.3,31.4,30.3,31.4,27038935,841453950,10618,2.85
20181101,31.9,34.1,31.65,32.75,94965694,3143978948,36063,1.35
20181102,33.15,34.25,32.2,33.3,70903171,2360696026,28358,0.55
20181105,32.8,34.15,32.4,34.05,32814943,1100932327,14820,0.75
20181106,34.2,34.2,31.95,32.55,29701912,980840065,13379,-1.5
20181107,33.8,35.8,33.6,35.8,68571008,2381522624,26347,3.25
20181108,37.6,38.3,35.95,36.25,82110080,3042738892,35890,0.45
20181109,36.25,37.3,35.7,37.0,42288155,1549116035,20590,0.75
20181112,36.5,37.85,36.45,37.8,39308271,1465352680,18739,0.8
20181113,36.3,38.35,36.25,38.35,40402580,1512258920,19873,0.55
20181114,38.35,38.7,37.0,37.0,52557824,1977109874,23067,-1.35
20181115,36.8,37.7,36.15,37.7,45209304,1669734154,20951,0.7
20181116,37.95,38.7,36.75,36.75,42216837,1594312619,19910,-0.95
20181119,36.75,37.7,36.75,37.7,20276322,756238976,9708,0.95
20181120,37.35,37.95,37.2,37.45,15969273,600708869,7708,-0.25
20181121,37.0,40.65,37.0,39.5,86512910,3419232364,40518,2.05
20181122,39.75,39.85,37.85,38.15,46049476,1794287872,21652,-1.35
20181123,38.5,39.35,37.35,37.35,35140832,1346243174,18579,-0.8
20181126,37.9,38.5,37.4,38.2,22418706,853801650,11518,0.85
20181127,38.6,40.2,38.6,39.4,67086860,2645958657,32464,1.2
20181128,39.2,41.0,39.1,39.85,64505469,2589610458,29715,0.45
20181129,41.2,42.85,40.55,42.5,82029833,3428355963,36232,2.65
20181130,42.4,43.4,41.8,43.2,48277202,2055922886,21888,0.7
20181203,44.6,46.0,44.1,44.2,52065942,2332309846,23747,1.0
20181204,43.5,44.5,42.9,43.2,33664693,1468479763,17352,-1.0
20181205,41.2,42.45,41.2,41.9,26164496,1096240461,13112,-1.3
20181206,42.05,42.65,38.8,40.15,41224003,1668331204,19969,-1.75
20181207,41.6,41.9,40.4,40.9,24662039,1013530799,12601,0.75
20181210,39.7,41.45,39.5,41.45,24227031,979144022,13026,0.55
20181211,41.4,42.2,40.55,40.55,26120037,1083875891,12996,-0.9
20181212,41.05,42.45,41.05,41.85,39623730,1662981915,19771,1.3
20181213,42.25,42.5,41.6,42.3,27924750,1176303805,13402,0.45
20181214,42.3,42.3,40.7,40.7,24107213,995840654,12421,-1.6
20181217,40.6,41.3,39.8,40.5,17151850,696912165,9045,-0.2
20181218,40.05,40.55,37.45,37.6,45046295,1748096910,22015,-2.9
20181219,37.9,38.2,34.95,35.2,65302579,2371498587,29570,-2.4
20181220,34.7,35.2,32.8,33.6,62030630,2092941910,26197,-1.6
20181221,33.9,35.45,33.8,35.45,44625256,1541624631,21456,1.85
20181222,34.65,34.8,33.9,34.65,16192000,556189900,7917,-0.8
20181224,34.5,34.85,33.5,34.4,22592303,767681724,11413,-0.25
20181225,33.0,33.7,32.6,33.4,22440125,742901842,10600,-1.0
20181226,34.0,34.3,32.5,32.5,14984345,501754387,7399,-0.9
20181227,34.0,34.65,33.5,33.5,24537486,833641191,12640,1.0
20181228,33.7,33.8,33.15,33.5,11494131,384879080,5914,0.0
20190102,34.1,34.15,33.4,33.5,9867901,332959008,4889,0.0
20190103,33.45,33.45,31.9,32.0,17525602,571872224,9018,-1.5
20190104,30.8,31.75,29.75,31.5,31623822,967307720,14539,-0.5
20190107,32.95,33.6,32.65,33.55,22473907,745306715,9992,2.05
20190108,33.55,33.6,32.85,33.35,12322320,410396574,5978,-0.2
20190109,33.35,34.25,33.0,33.4,19225408,645394004,9477,0.05
20190110,33.8,34.4,33.4,33.4,16237653,549561482,7999,0.0
20190111,33.75,34.15,32.95,32.95,14978507,502608421,7146,-0.45
20190114,32.65,32.8,31.15,31.85,16840875,537846484,8049,-1.1
20190115,31.75,32.4,31.65,32.05,13905249,445153466,6100,0.2
20190116,32.1,32.8,32.05,32.6,11214884,364216353,5749,0.55
20190117,32.85,33.1,32.0,32.0,10145438,329194267,5121,-0.6
20190118,32.2,32.25,31.2,32.2,18067732,572139710,8537,0.2
20190121,32.5,32.6,32.05,32.2,8685791,280774908,4492,0.0
20190122,32.4,32.85,32.15,32.6,16511446,538050024,7452,0.4
20190123,32.5,32.6,31.85,32.25,12735479,410440659,6258,-0.35
20190124,32.45,32.85,32.35,32.65,9577382,312416755,4379,0.4
20190125,33.1,34.85,33.1,34.3,41095756,1401973914,19039,1.65
20190128,34.7,35.1,34.25,34.25,21556061,746438620,10521,-0.05
20190129,34.0,34.0,33.1,33.4,10961895,366946508,5672,-0.85
20190130,33.8,34.1,33.4,33.4,11119444,375614435,5705,0.0
20190211,34.05,34.75,33.85,34.35,16758383,577196877,8648,0.95
20190212,34.6,35.9,34.4,35.25,31268290,1104408104,15316,0.9
20190213,35.55,38.75,35.5,38.75,49786237,1885055354,19642,3.5
20190214,39.6,40.6,39.6,39.8,67419238,2696481769,27605,1.05
20190215,39.9,39.9,38.35,38.8,30638396,1196186117,13783,-1.0
20190218,39.6,40.2,39.15,39.2,27339246,1084867192,12614,0.4
20190219,39.0,39.75,38.8,39.5,13307671,522235389,6867,0.3
20190220,40.25,41.25,39.5,39.5,31959901,1288522958,16075,0.0
20190221,39.4,39.45,38.6,39.4,18735302,731634910,8972,-0.1
20190222,39.0,39.9,38.75,38.75,14368979,563908063,7631,-0.65
20190225,38.6,38.6,37.3,37.8,23282746,881436514,11541,-0.95
20190226,38.2,39.7,38.2,38.6,35203096,1375392625,17279,0.8
20190227,39.3,39.75,38.6,39.5,29639458,1164784772,14249,0.9
20190304,39.8,40.2,38.9,38.95,19041119,750295129,8625,-0.55
20190305,38.55,39.3,38.4,38.6,10548572,409297301,5657,-0.35
20190306,38.7,39.5,38.65,38.65,13490167,527222361,6952,0.05
20190307,38.5,38.7,37.0,37.05,17331748,654194564,9033,-1.6
20190308,36.6,37.25,36.2,37.25,10139777,372798526,6026,0.2
20190311,37.25,37.7,37.1,37.3,5148599,192572746,3149,0.05
20190312,37.95,38.25,37.35,37.35,12329367,465699537,6412,0.05
20190313,37.55,37.6,36.95,37.1,9883632,367382002,3758,-0.25
20190314,37.35,37.4,36.25,36.45,10726609,393603407,5698,-0.65
20190315,36.5,37.25,36.5,36.7,7747441,286132704,4152,0.25
20190318,36.9,37.0,36.05,36.25,8762293,318171511,4587,-0.45
20190319,36.4,36.85,36.25,36.45,5361953,195952918,3203,0.2
20190320,37.0,37.3,36.85,37.1,10273372,380783991,5031,0.65
20190321,37.4,37.55,36.7,36.75,8038589,297672342,4213,-0.35
20190322,37.5,37.55,37.0,37.1,7365545,274442647,4074,0.35
20190325,36.45,36.7,36.05,36.7,4214589,153666586,2498,-0.4
20190326,37.2,37.4,36.85,36.9,4388916,162670716,2525,0.2
20190327,37.25,37.3,36.75,36.8,4727731,174573564,2638,-0.1
20190328,36.8,37.45,36.55,36.55,9765503,361518885,5481,-0.25
20190329,36.7,36.9,36.25,36.9,4183547,153296774,2350,0.35
20190401,37.3,38.65,37.1,37.9,23053788,873677335,12085,1.0
20190402,38.4,39.6,38.05,39.45,30841678,1200441859,15564,1.55
20190403,39.9,40.15,39.0,39.2,21124774,834100763,10555,-0.25
20190408,39.9,40.05,39.3,39.3,11338611,449448241,5581,0.1
20190409,39.6,40.65,39.55,39.6,29779751,1194937407,14866,0.3
20190410,39.6,39.7,39.05,39.35,8588632,337157607,4637,-0.25
20190411,39.35,39.35,38.1,38.1,13431153,519016782,7357,-1.25
20190412,38.0,38.05,37.15,37.25,11651669,436946831,6864,-0.85
20190415,37.6,37.85,37.3,37.3,8322310,312392234,4362,0.05
20190416,37.5,38.15,37.45,38.05,7514935,284209354,4163,0.75
20190417,38.5,38.65,38.15,38.25,9034573,346746197,5022,0.2
20190418,38.45,39.4,37.7,37.85,17994294,696131571,9271,-0.4
20190419,38.3,39.0,38.05,39.0,14110589,544569466,6681,1.15
20190422,40.0,41.45,39.25,39.25,41702013,1685239834,19832,0.25
20190423,39.7,39.75,38.55,39.0,10991970,430192459,5576,-0.25
20190424,39.7,40.1,39.3,39.4,12575850,499428458,6574,0.4
20190425,39.45,40.85,39.05,40.55,32909908,1327112302,15564,1.15
20190426,40.4,41.3,40.2,41.15,38958339,1589029212,17323,0.6
20190429,41.35,41.35,38.5,38.55,33522067,1324384672,16690,-2.6
20190430,38.55,39.2,37.9,39.05,15438382,596581628,7888,0.5
20190502,38.8,39.4,38.8,38.9,8555886,334104704,4352,-0.15
20190503,39.1,39.65,39.1,39.35,11288684,444793349,5587,0.45
20190506,38.2,38.8,38.05,38.15,11555563,442749147,5985,-1.2
20190507,38.65,38.7,38.25,38.4,6957160,267709002,3428,0.25
20190508,38.15,39.2,38.15,38.9,15865914,615952596,8181,0.5
20190509,38.6,39.1,37.1,37.25,17565419,667081574,9098,-1.65
20190510,38.2,38.5,36.35,36.6,20572563,767897731,11121,-0.65
20190513,36.0,36.3,33.55,33.8,25074452,870427403,13487,-2.8
20190514,32.85,35.3,32.1,35.25,17750029,604986831,9702,1.45
20190515,35.2,35.6,34.85,34.9,13318986,468044902,6910,-0.35
20190516,34.9,35.15,33.75,33.8,8824752,303657060,4987,-1.1
20190517,34.2,34.75,33.45,33.8,10249821,349386691,5740,0.0
20190520,34.0,34.35,32.6,33.05,9815763,325671791,5623,-0.75
20190521,32.8,33.95,32.4,33.9,8459393,282365112,4653,0.85
20190522,34.45,34.9,33.9,33.9,9554854,328742186,5309,0.0
20190523,33.3,33.5,32.8,33.3,6356662,210778933,3827,-0.6
20190524,33.6,33.85,33.05,33.05,6400491,214036669,3273,-0.25
20190527,33.5,33.6,32.85,32.9,5139868,170251600,2809,-0.15
20190528,32.85,33.2,32.6,32.95,5958625,195386275,3334,0.05
20190529,32.5,32.55,32.1,32.3,5296021,171312673,2808,-0.65
20190530,32.5,33.15,32.5,33.15,5254814,172648222,2947,0.85
20190531,33.15,33.9,33.05,33.5,7408456,248737607,3929,0.35
20190603,33.2,33.25,32.7,33.25,3021546,99708247,1956,-0.25
20190604,33.6,33.7,33.15,33.5,3744229,125051718,2075,0.25
20190605,34.2,34.25,33.1,33.1,6316696,213262160,3478,-0.4
20190606,33.1,33.25,32.65,32.8,4084280,134210240,2088,-0.3
20190610,33.3,33.45,33.05,33.25,4283220,142473902,2230,0.45
20190611,33.5,34.15,33.25,34.05,7893235,267119395,4195,0.8
20190612,34.5,35.45,34.5,34.6,20220363,707604369,10470,0.55
20190613,34.35,34.55,33.95,34.25,6484510,221904110,3647,-0.35
20190614,34.4,35.05,34.3,34.4,7195319,249558968,3869,0.15
20190617,34.4,36.2,34.4,35.5,24945399,890942055,12751,1.1
20190618,35.6,35.95,34.8,35.05,9171626,323400743,5173,-0.45
20190619,35.85,35.85,35.2,35.55,8089971,287111209,4206,0.5
20190620,35.9,36.3,35.7,35.7,10624187,382194275,5531,0.15
20190621,36.0,36.2,35.05,35.05,6797997,241424034,3763,-0.65
20190624,35.25,36.0,34.9,36.0,6564003,233114058,3493,0.95
20190625,36.1,36.15,35.05,35.3,8920860,315803996,4825,-0.7
20190626,34.5,34.9,34.25,34.7,12409471,429088032,6500,-0.6
20190627,35.0,35.3,34.8,35.15,6902666,242305691,3587,0.45
20190628,35.25,35.45,35.0,35.35,4414546,155433136,2627,0.2
20190701,36.1,36.5,35.85,36.45,15315125,554965076,7787,1.1
20190702,36.6,37.6,36.5,37.1,19227774,713081742,9886,0.65
20190703,37.2,37.35,36.65,36.9,9270317,342407297,4464,-0.2
20190704,37.1,37.8,37.1,37.55,10768433,403600743,5369,0.65
20190705,37.65,37.8,37.35,37.8,8117046,305373037,3879,0.25
20190708,37.75,38.75,37.7,38.05,10932144,417439458,5654,0.25
20190709,38.05,38.2,37.4,37.4,7892125,297062732,3875,-0.65
20190710,37.6,37.8,37.4,37.6,10911300,409611206,4512,0.2
20190711,35.7,36.0,35.6,35.6,9266281,331256472,4620,0.0
20190712,35.6,35.95,35.4,35.4,6215830,221576106,3040,-0.2
20190715,35.6,36.0,35.45,35.7,5357648,191810076,2768,0.3
20190716,36.05,36.2,35.8,35.9,4081695,146906133,2117,0.2
20190717,36.1,36.1,35.5,35.65,3860839,137760565,1911,-0.25
20190718,35.45,35.65,34.45,34.5,9572839,334106789,4634,-1.15
20190719,34.9,36.15,34.85,36.05,14142858,503179604,7106,1.55
20190722,36.3,36.8,36.3,36.5,13318075,487015079,6661,0.45
20190723,36.6,36.85,36.05,36.1,8441442,306922739,4377,-0.4
20190724,36.4,37.45,36.4,36.8,20481451,757948035,10346,0.7
20190725,36.9,37.2,36.35,36.9,10821650,398167269,5372,0.1
20190726,37.05,37.1,36.75,37.0,6690651,247103237,3500,0.1
20190729,37.3,37.6,36.9,37.05,10262765,382002877,5360,0.05
20190730,37.15,37.35,35.3,35.6,15098777,544191422,7915,-1.45
20190731,35.4,36.2,35.4,36.2,5382502,193263241,3075,0.6
20190801,35.7,36.15,35.65,35.75,3316262,118850069,1912,-0.45
20190802,35.0,35.2,34.15,34.55,8360666,289795326,4489,-1.2
20190805,34.5,34.95,33.8,33.85,4679418,160100070,2652,-0.7
20190806,32.7,34.2,32.2,34.15,5794252,192995115,3122,0.3
20190807,34.15,34.45,33.2,33.2,6945644,234206846,3730,-0.95
20190808,32.95,33.6,32.7,32.85,9262846,306011968,4961,-0.35
20190812,32.5,32.85,31.8,32.45,7965167,257971048,4192,-0.4
20190813,32.15,32.9,32.15,32.5,5387796,175360143,2827,0.05
20190814,33.0,33.2,32.5,32.5,4507316,148061456,2337,0.0
20190815,31.35,32.05,31.35,31.85,4751092,151027444,2611,-0.65
20190816,32.1,32.8,31.8,32.5,4858673,156775216,2858,0.65
20190819,33.0,33.8,33.0,33.4,9182777,307111281,4664,0.9
20190820,33.55,33.7,32.8,32.9,8078107,267815981,4342,-0.5
20190821,32.85,33.35,32.65,32.7,5899622,193880406,3252,-0.2
20190822,32.85,33.0,32.4,32.4,5385990,175936117,2839,-0.3
20190823,32.6,32.65,32.0,32.4,4003298,129714458,2135,0.0
20190826,31.5,31.95,31.5,31.5,5102502,161375014,2805,-0.9
20190827,31.8,32.0,31.4,31.4,3825023,121109519,2271,-0.1
20190828,31.6,32.65,31.6,32.55,12715944,411919562,6444,1.15
20190829,32.55,32.8,31.9,32.3,8062467,260227225,4092,-0.25
20190830,32.7,33.05,32.1,32.1,10724713,350277071,5094,-0.2
20190902,32.2,32.75,32.1,32.7,3917026,127423632,2080,0.6
20190903,33.1,33.25,32.45,32.5,6868980,225435487,3495,-0.2
20190904,32.5,32.9,32.5,32.85,3653748,119667454,1826,0.35
20190905,33.15,33.2,32.7,32.9,4791039,157678313,2652,0.05
20190906,33.3,33.4,32.9,32.9,6724359,222799946,3262,0.0
20190909,33.1,33.15,32.3,32.35,4064768,132396802,2113,-0.55
20190910,32.45,32.5,31.75,31.9,4492497,143565946,2421,-0.45
20190911,31.95,32.1,31.85,31.9,1837134,58756417,1035,0.0
20190912,32.15,32.75,32.1,32.2,3778232,122361734,2170,0.3
20190916,32.3,32.5,32.1,32.2,1856533,59917155,1078,0.0
20190917,32.35,32.8,32.25,32.5,3398924,110595718,1990,0.3
20190918,32.7,32.75,32.5,32.55,2429948,79237439,1443,0.05
20190919,32.8,33.75,32.6,33.5,13834003,460973889,7220,0.95
20190920,33.7,33.8,33.3,33.45,6477335,217297293,3480,-0.05
20190923,33.7,33.85,33.5,33.75,5145747,173213587,2718,0.3
20190924,33.9,34.8,33.9,34.15,18228024,626670905,9073,0.4
20190925,34.35,34.7,33.75,34.5,11164709,383005165,5577,0.35
20190926,34.9,35.15,34.1,34.1,10142515,350511501,5145,-0.4
20190927,34.35,34.4,33.4,33.65,5434824,183948994,3003,-0.45
20191001,34.0,34.65,33.7,34.6,8172557,279940477,4393,0.95
20191002,34.0,34.15,33.7,33.9,7575545,256746412,4101,-0.7
20191003,33.4,34.2,33.2,34.1,5205736,176167012,3123,0.2
20191004,34.3,34.55,33.7,33.85,5260948,179305679,2633,-0.25
20191007,34.0,34.1,33.35,33.45,4605809,154798092,2460,-0.4
20191008,33.5,33.7,32.55,32.9,5843158,192423540,3409,-0.55
20191009,32.6,33.05,32.4,32.7,3993379,130822532,2259,-0.2
20191014,33.3,34.3,33.2,33.75,14523751,493052519,7207,1.05
20191015,33.8,34.4,33.35,33.4,9670147,327462597,4931,-0.35
20191016,33.8,34.0,33.05,33.2,4977451,166128261,2820,-0.2
20191017,33.3,33.7,33.1,33.45,3092714,103362338,1657,0.25
20191018,33.65,34.8,33.65,34.8,27261278,938041964,12315,1.35
20191021,35.4,36.9,35.4,36.3,52215582,1891876096,24761,1.5
20191022,36.45,36.65,35.85,36.15,17720068,641368485,8755,-0.15
20191023,36.15,36.9,36.1,36.35,22555066,823155123,9902,0.2
20191024,36.5,36.8,36.15,36.7,18709867,683580157,8011,0.35
20191025,36.7,36.8,35.5,35.5,15855871,572489197,8121,-1.2
20191028,35.8,35.95,35.15,35.6,8751087,311992985,4466,0.1
20191029,36.05,36.75,35.5,36.05,22782563,826739108,11242,0.45
20191030,35.8,36.0,35.65,35.8,5832247,208828824,3137,-0.25
20191031,36.2,36.3,34.95,35.05,8696413,307624685,4690,-0.75
20191101,35.1,35.75,34.85,35.7,5982927,211868228,3259,0.65
20191104,35.9,36.35,35.75,35.8,12057782,434623027,5129,0.1
20191105,36.0,36.75,35.95,36.0,13615595,493659320,7032,0.2
20191106,36.4,36.65,35.75,35.75,12019080,434841247,5759,-0.25
20191107,35.85,35.95,35.0,35.05,6603833,232753027,3479,-0.7
20191108,35.15,35.2,34.2,34.3,8559399,295235296,4773,-0.75
20191111,34.0,34.0,33.0,33.0,9632416,320780928,4797,-1.3
20191112,33.1,33.7,33.1,33.6,4055461,135477323,2185,0.6
20191113,33.3,33.75,33.25,33.25,3787099,126613786,1971,-0.35
20191114,33.25,33.4,32.7,33.0,3858097,126987022,2338,-0.25
20191115,33.0,33.25,33.0,33.0,2962683,98036089,1506,0.0
20191118,33.1,33.45,33.05,33.35,2306250,76766418,1398,0.35
20191119,33.4,33.6,33.2,33.6,3010144,100577182,1783,0.25
20191120,33.55,33.65,33.15,33.15,2592729,86255189,1519,-0.45
20191121,32.95,33.25,32.8,33.25,3213408,106162409,1712,0.1
20191122,33.25,33.45,33.0,33.05,2269973,75317095,1322,-0.2
20191125,33.3,33.35,33.0,33.05,1595486,52811098,919,0.0
20191126,33.3,33.35,33.1,33.35,1802401,59941063,1094,0.3
20191127,33.35,34.3,33.3,34.1,9851130,334449062,4693,0.75
20191128,34.1,34.1,33.7,33.8,3547205,120093616,2004,-0.3
20191129,33.65,34.0,33.4,33.45,2503240,84060909,1559,-0.35
20191202,33.55,33.7,32.55,33.05,3346853,110862570,1786,-0.4
20191203,32.9,33.3,32.85,33.1,2604317,86180581,1450,0.05
20191204,33.6,35.1,33.45,34.85,28257458,978230441,13783,1.75
20191205,35.3,36.1,35.0,35.25,30081455,1069746129,14882,0.4
20191206,35.8,36.05,35.05,35.55,12608115,448102445,6344,0.3
20191209,35.6,35.85,35.25,35.3,4904216,173586661,2735,-0.25
20191210,35.2,35.85,34.9,35.75,9231690,328529002,4898,0.45
20191211,35.7,35.8,35.25,35.5,6240581,221569162,3477,-0.25
20191212,35.8,37.05,35.5,35.5,25828691,937986767,12356,0.0
20191213,36.1,36.3,35.2,35.6,10303407,367547389,5328,0.1
20191216,35.65,36.55,35.65,36.05,11404896,412807585,5719,0.45
20191217,36.1,36.7,35.8,36.6,13079256,475334427,6377,0.55
20191218,36.8,37.45,36.2,36.3,30404722,1121342684,13595,-0.3
20191219,36.05,36.2,35.7,35.9,6305681,226518299,3321,-0.4
20191220,36.05,36.3,35.8,35.9,4624807,166726913,2405,0.0
20191223,36.05,36.45,35.8,36.1,4297092,154955762,2158,0.2
20191224,36.1,36.1,35.65,35.8,4561927,163340222,2449,-0.3
20191225,36.0,36.7,35.95,36.1,13702356,498742289,7081,0.3
20191226,36.15,36.3,35.8,35.8,4805497,172963500,2626,-0.3
20191227,36.25,37.3,36.0,37.3,28692545,1057596044,13570,1.5
20191230,37.45,37.7,36.95,37.1,21842880,814983918,10513,-0.2
20191231,37.0,37.1,36.3,36.35,9748042,356467096,5174,-0.75
20200102,36.7,37.2,36.45,36.9,9490205,350236632,5211,0.55
20200103,37.3,37.85,36.05,36.25,20414002,754969047,9901,-0.65
20200106,36.0,36.0,35.2,35.2,8759593,311001868,4813,-1.05
20200107,35.45,35.6,34.55,34.8,6202752,217060155,3521,-0.4
20200108,34.2,34.6,33.9,34.0,8094336,276598745,4288,-0.8
20200109,34.5,34.65,34.25,34.3,4021608,138428425,2424,0.3
20200110,34.45,34.6,33.9,34.15,3835897,130887802,1966,-0.15
20200113,34.35,35.15,34.2,35.15,5912867,205743615,3375,1.0
20200114,35.25,35.75,35.15,35.4,6763538,239433716,3643,0.25
20200115,35.35,36.2,35.2,35.55,11015373,393657277,5944,0.15
20200116,35.65,35.9,35.25,35.45,3989267,141899380,2241,-0.1
20200117,35.75,35.8,35.4,35.45,3070550,109284431,1655,0.0
20200120,35.8,35.9,35.6,35.8,4984701,178456108,2657,0.35
20200130,32.3,33.25,32.25,32.25,10161555,330827124,5066,-3.55
20200131,32.5,32.9,31.7,32.5,5981991,193546048,3334,0.25
20200203,30.75,31.25,29.4,31.2,8484157,258899368,4396,-1.3
20200204,31.45,32.15,31.2,32.1,4404396,140197644,2589,0.9
20200205,32.5,32.75,31.8,31.8,5980143,192809651,3667,-0.3
20200206,32.15,32.6,32.05,32.4,4205142,135886756,2355,0.6
20200207,32.2,32.2,31.8,31.85,3026965,96850180,1809,-0.55
20200210,31.2,32.0,30.8,31.6,3089028,97074545,1748,-0.25
20200211,32.05,32.25,32.0,32.2,2405972,77293283,1474,0.6
20200212,32.5,34.15,32.45,33.6,12981897,434468810,6905,1.4
20200213,33.75,34.1,33.3,33.5,7241653,243732570,3798,-0.1
20200214,33.5,34.3,33.15,34.0,14090542,479567054,6327,0.5
20200217,33.85,35.8,33.55,34.65,21674888,756347995,11772,0.65
20200218,34.85,35.15,34.45,34.65,10404114,361525793,5752,0.0
20200219,35.0,35.65,34.7,35.3,16790818,593057450,8355,0.65
20200220,35.6,35.65,34.95,35.0,9307979,328218740,4695,-0.3
20200221,35.0,35.55,34.8,35.4,10113575,355946869,4974,0.4
20200224,35.15,35.3,34.7,35.0,5302201,185605532,3065,-0.4
20200225,34.3,35.2,34.1,35.15,6509353,226759292,3288,0.15
20200226,35.0,36.05,34.75,36.0,19500713,694616368,9424,0.85
20200227,36.8,36.85,34.15,34.15,27500001,980367168,13069,-1.85
20200302,34.0,35.9,33.0,35.5,17230672,602898311,9530,1.35
20200303,36.3,36.5,35.1,35.15,12755711,455746981,6457,-0.35
20200304,35.0,35.45,34.55,34.85,6164918,215392014,3658,-0.3
20200305,35.3,35.7,35.2,35.2,5954298,210535109,3353,0.35
20200306,35.0,35.1,34.7,34.75,3911017,136153223,2357,-0.45
20200309,34.3,34.35,32.9,33.0,9652000,323132500,5212,-1.75
20200310,31.85,33.25,31.85,33.05,10858000,354046500,5502,0.05
20200311,33.1,33.4,32.2,32.4,5990115,196974838,3247,-0.65
20200312,32.0,32.1,29.45,30.2,12910521,394334913,6450,-2.2
20200313,27.2,28.25,27.2,27.9,16337287,447446577,7742,-2.3
20200316,28.15,28.6,26.45,26.45,8653671,238274030,4541,-1.45
20200317,25.0,26.45,24.5,25.05,10668238,272148862,5455,-1.4
20200318,26.0,26.2,25.05,25.05,10262682,263346100,5332,0.0
20200319,24.5,24.75,22.55,22.55,11963011,277506273,5350,-2.5
20200320,23.35,24.7,23.35,24.3,9945592,239434145,4915,1.75
20200323,22.65,23.4,22.45,22.6,4614401,105700627,2439,-1.7
20200324,23.55,24.35,23.55,23.9,5180187,123948053,2892,1.3
20200325,25.2,26.2,25.15,26.0,10327230,266220273,5255,2.1
20200326,26.25,26.65,25.25,26.05,7672150,198929679,4162,0.05
20200327,26.75,26.9,25.55,25.6,8826772,231097049,4732,-0.45
20200330,24.7,25.7,24.55,25.7,4095465,103086440,2379,0.1
20200331,26.1,26.35,25.5,25.95,4904935,127312960,2584,0.25
20200401,25.8,26.35,25.6,26.15,6870626,179218419,3620,0.2
20200406,26.5,26.65,26.0,26.6,5829193,153847035,2911,0.45
20200407,27.2,27.5,27.0,27.3,7433687,202441821,3607,0.7
20200408,27.0,29.15,27.0,28.9,15554100,438667146,7782,1.6
20200409,29.15,29.7,28.3,28.45,10295031,296665176,5302,-0.45
20200410,28.45,28.65,28.0,28.3,5213491,147214634,2662,-0.15
20200413,28.25,28.55,27.9,28.0,3677127,103752117,1943,-0.3
20200414,28.3,28.85,28.3,28.65,4921036,140918913,2671,0.65
20200415,28.9,29.4,28.65,29.05,8583892,249432194,4352,0.4
20200416,28.85,29.25,28.65,29.1,6413041,186265985,3269,0.05
20200417,29.7,29.9,28.65,28.8,7519444,220115426,3690,-0.3
20200420,28.8,29.2,28.45,29.0,2943411,85174669,1520,0.2
20200421,29.2,30.15,28.7,28.75,12301045,362025947,6497,-0.25
20200422,28.35,29.2,28.1,29.05,4673918,134581155,2553,0.3
20200423,29.5,29.8,29.15,29.3,4479632,131853556,2438,0.25
20200424,29.3,29.5,29.2,29.4,3321000,97602750,1727,0.1
20200427,30.0,30.8,29.85,30.7,13130857,399120392,6524,1.3
20200428,31.5,31.65,30.7,30.95,8296360,257897060,4451,0.25
20200429,31.3,31.3,30.7,30.9,6357320,196995689,3269,-0.05
20200430,31.5,32.7,31.2,32.7,18321091,587200548,8927,1.8
20200504,31.8,33.15,31.65,32.85,13509009,440428669,6958,0.15
20200505,33.35,33.5,32.4,32.55,9935969,326310821,4885,-0.3
20200506,32.8,33.0,32.25,32.35,5793631,188785699,2960,-0.2
20200507,32.6,32.95,32.45,32.7,5631637,184342227,2842,0.35
20200508,33.1,33.7,32.7,32.7,10175873,337829934,5636,0.0
20200511,33.05,33.4,32.8,33.05,6563138,216730104,3050,0.35
20200512,33.25,34.25,33.1,33.4,11999379,403853895,6420,0.35
20200513,33.8,34.6,33.5,34.4,16256370,555347808,8614,1.0
20200514,34.4,34.7,33.5,33.7,13156958,448857116,6921,-0.7
20200515,34.8,34.8,33.2,33.45,8719699,295667520,4452,-0.25
20200518,33.55,33.75,32.4,32.4,6944849,228443936,3618,-1.05
20200519,33.1,33.3,32.7,33.2,4474820,147420612,2356,0.8
20200520,33.7,33.8,33.2,33.55,6353808,212945991,3540,0.35
20200521,33.85,33.95,33.5,33.65,4852579,163611044,2673,0.1
20200522,33.55,33.8,32.6,32.6,5312167,175812521,2794,-1.05
20200525,32.9,33.8,32.0,33.7,6854515,227305690,3731,1.1
20200526,34.3,34.3,33.4,33.5,5794823,195959464,3110,-0.2
20200527,33.65,33.95,32.5,33.2,4681749,156271145,2437,-0.3
20200528,33.5,33.85,33.1,33.1,3767197,125871868,2106,-0.1
20200529,33.2,33.25,32.75,32.75,2445153,80673099,1312,-0.35
20200601,32.75,33.65,32.75,33.6,3748489,125002521,2001,0.85
20200602,34.05,34.75,33.75,34.55,17222538,592975494,8814,0.95
20200603,34.75,34.75,34.05,34.15,8339624,285714438,4414,-0.4
20200604,34.35,34.35,33.5,33.6,7178188,243248702,3811,-0.55
20200605,34.05,34.15,33.65,33.9,3432345,116454702,2009,0.3
20200608,34.2,35.95,33.9,34.85,28952153,1014784809,14379,0.95
20200609,34.85,34.9,33.75,33.9,10805205,369540033,6091,-0.95
20200610,33.8,34.1,33.5,33.7,5088973,171562627,2792,-0.2
20200611,33.55,33.8,32.6,32.75,6651999,219767209,3600,-0.95
20200612,32.1,34.45,31.9,34.15,17582655,590148720,8801,1.4
20200615,33.7,33.9,33.25,33.3,6361562,213530154,3691,-0.85
20200616,33.7,34.45,33.5,33.95,8949117,304271445,4407,0.65
20200617,33.9,34.05,33.5,33.75,3779330,127155173,2150,-0.2
20200618,33.7,33.75,33.3,33.5,4066773,136134135,2124,-0.25
20200619,33.75,34.35,33.6,33.6,7802034,265021375,3844,0.1
20200622,33.75,34.0,33.4,33.5,3270667,110205933,1678,-0.1
20200623,33.9,33.95,33.4,33.55,2586240,87003137,1398,0.05
20200624,33.55,33.7,33.3,33.3,3052589,102013382,1646,-0.25
20200629,33.1,33.5,32.95,33.0,2629404,87050832,1406,-0.3
20200630,33.5,33.7,33.3,33.4,2769251,92655375,1347,0.4
20200701,33.6,34.15,33.55,33.8,5441607,184379898,2505,0.4
20200702,34.15,34.35,33.85,34.2,5692109,194164455,2804,0.4
20200703,34.5,36.45,34.2,36.45,36917771,1309646601,16247,2.25
20200706,37.8,39.5,37.7,38.55,46118212,1782021871,21630,2.1
20200707,38.6,38.65,36.5,37.0,23008133,857140214,12048,-1.55
20200708,37.0,37.9,36.8,37.2,11318017,422638612,5785,0.2
20200709,37.2,37.45,36.65,36.7,12738583,471001678,6393,-0.5
20200710,36.8,37.0,35.5,35.55,11443786,410615416,6011,-1.15
20200713,34.5,34.75,34.0,34.3,7187440,246725022,3758,0.0
20200714,34.3,34.3,33.5,33.5,5436125,183395988,3053,-0.8
20200715,33.85,34.25,33.55,34.2,7328280,248692411,3414,0.7
20200716,34.85,35.6,34.6,35.6,18275134,643441992,9196,1.4
20200717,35.9,35.95,34.3,34.85,9917604,348091628,5215,-0.75
20200720,34.95,35.1,34.1,34.5,3486403,120101345,1945,-0.35
20200721,34.9,35.5,34.75,34.85,6323053,221812483,3274,0.35
20200722,35.0,35.4,34.5,35.05,5306145,186280886,2800,0.2
20200723,35.2,35.6,34.85,34.85,5913168,208188037,2900,-0.2
20200724,34.9,35.35,34.05,34.25,8467230,294210767,3863,-0.6
20200727,34.8,35.4,34.0,35.25,13979615,488753127,6205,1.0
20200728,35.95,37.5,35.2,35.65,32676050,1181504258,15059,0.4
20200729,35.5,35.95,35.4,35.5,7233653,257742974,3685,-0.15
20200730,35.85,36.4,35.55,36.35,11326485,407949203,5034,0.85
20200731,36.95,37.95,36.5,37.15,52976703,1975870731,24728,0.8
20200803,37.25,37.4,36.55,36.85,13050384,480848880,6995,-0.3
20200804,37.05,37.5,36.6,37.1,12151494,450303906,6219,0.25
20200805,37.3,37.7,36.9,36.9,12040362,447713180,5883,-0.2
20200806,37.15,37.65,36.65,37.45,15631018,581849941,7715,0.55
20200807,37.1,37.15,35.55,35.75,15096682,549041402,8229,-1.7
20200810,35.8,36.25,35.2,35.2,7361022,262497565,3907,-0.55
20200811,35.55,36.25,35.25,35.4,7887072,282271782,4266,0.2
20200812,35.4,35.75,35.2,35.55,4490983,159375737,2455,0.15
20200813,36.1,36.15,35.2,35.2,4757433,169184943,2626,-0.35
20200814,35.2,35.55,35.2,35.4,3850146,136098337,2086,0.2
20200817,35.65,37.0,35.6,36.85,14717169,537996045,7540,1.45
20200818,37.35,37.35,36.45,36.45,13668717,504292961,7122,-0.4
20200819,36.5,36.9,35.45,35.65,7254632,261408616,4021,-0.8
20200820,35.35,35.4,32.15,33.0,15426203,513412549,8253,-2.65
20200821,33.9,33.9,33.15,33.65,4847832,162755719,2616,0.65
20200824,33.7,33.7,33.15,33.45,2980405,99621859,1693,-0.2
20200825,33.7,33.9,33.55,33.6,2661155,89615991,1489,0.15
20200826,33.8,34.15,33.6,33.9,2620461,88839290,1567,0.3
20200827,34.25,35.3,34.0,35.15,9470323,328390539,5107,1.25
20200828,35.0,35.0,33.8,34.4,7317954,251072358,3985,-0.75
20200831,34.5,35.1,33.9,34.8,14842090,515353507,5659,0.4
20200901,35.0,35.15,34.35,34.85,13428526,468266837,5847,0.05
20200902,34.95,36.0,34.65,35.6,13761080,485266187,6988,0.75
20200903,36.0,36.15,35.35,35.35,9320955,332842146,5630,-0.25
20200904,34.7,36.0,34.3,36.0,10912104,385617444,5909,0.65
20200907,36.95,37.6,35.5,35.5,22950821,839157888,12159,-0.5
20200908,35.6,35.85,34.9,35.25,7978656,281257219,4284,-0.25
20200909,34.75,35.95,34.6,35.9,7962741,281095874,4519,0.65
20200910,36.25,36.25,35.45,35.45,6176056,221420192,3590,-0.45
20200911,35.45,35.7,35.0,35.05,3257252,114894965,1884,-0.4
20200914,35.1,35.4,35.0,35.1,2740746,96383974,1462,0.05
20200915,35.35,35.7,35.25,35.3,3321617,117807792,1849,0.2
20200916,35.7,36.0,35.4,35.45,5642751,201377603,2976,0.15
20200917,35.65,36.25,35.5,36.1,10663879,383542910,5002,0.65
20200918,36.2,36.25,35.7,35.75,4413564,158540485,2508,-0.35
20200921,35.8,35.95,34.9,34.9,4123891,145369085,2324,-0.85
20200922,34.85,34.85,34.05,34.55,3381530,116616254,2032,-0.35
20200923,34.75,34.9,34.4,34.55,2532442,87595562,1466,0.0
20200924,34.1,34.4,33.35,33.35,4933645,166902733,2906,-1.2
20200925,33.6,34.3,32.35,33.25,7030832,234180323,3316,-0.1
20200928,33.9,34.5,33.7,33.9,7052141,239897594,3722,0.65
20200929,34.1,34.25,33.6,33.75,2680374,90753438,1363,-0.15
20200930,34.05,34.2,33.6,34.15,1847184,62748227,1017,0.4
20201005,34.45,34.5,34.1,34.1,3365867,115397502,1816,-0.05
20201006,34.45,34.65,34.2,34.25,3426128,117910277,1886,0.15
20201007,34.15,34.45,34.15,34.4,1742559,59825718,1061,0.15
20201008,34.7,34.75,34.15,34.2,2392037,82188407,1421,-0.2
20201012,34.1,34.15,33.4,33.5,4803353,161789803,2619,-0.7
20201013,33.6,33.65,33.15,33.45,2235769,74567957,1349,-0.05
20201014,33.55,34.3,33.5,34.25,3805009,129625392,2041,0.8
20201015,34.6,36.0,34.6,35.6,22319862,793572063,11971,1.35
20201016,35.35,35.8,34.5,34.5,10180761,357057946,5640,-1.1
20201019,34.8,34.85,34.4,34.5,3159541,109165843,1811,0.0
20201020,34.55,34.65,34.1,34.1,2839796,97369664,1669,-0.4
20201021,34.25,34.5,34.0,34.0,2132229,72904649,1324,-0.1
20201022,34.45,34.85,34.2,34.2,5055932,174550908,2921,0.2
20201023,34.3,34.4,33.85,33.9,3873034,131593002,2334,-0.3
20201026,33.9,34.1,33.45,33.55,3507862,118012770,2330,-0.35
20201027,33.35,33.55,33.15,33.4,3846294,128224843,2236,-0.15
20201028,33.4,33.65,32.85,32.85,5093430,168600976,3261,-0.55
20201029,32.15,32.4,31.6,32.35,6248617,200400739,3615,-0.5
20201030,32.3,32.3,31.65,31.65,4745342,151709379,2793,-0.7
20201102,31.9,32.7,31.6,32.5,6084481,196539863,3174,0.85
20201103,32.65,32.9,32.5,32.9,3675386,120281154,1914,0.4
20201104,32.95,33.1,32.5,32.6,3513963,114920001,1814,-0.3
20201105,32.9,33.1,32.6,32.7,2530354,83062388,1411,0.1
20201106,32.75,33.3,32.4,32.4,3921092,128882816,2202,-0.3
20201109,32.6,32.85,32.5,32.55,2846577,92881707,1407,0.15
20201110,32.7,32.7,32.2,32.55,1996122,64937039,1223,0.0
20201111,32.8,33.15,32.55,32.85,3791191,125004976,2078,0.3
20201112,33.05,33.1,32.55,32.55,2576795,84435397,1331,-0.3
20201113,32.65,32.9,32.5,32.8,1658881,54298569,959,0.25
20201116,32.95,33.15,32.85,33.15,3221797,106494692,1596,0.35
20201117,33.35,34.2,33.25,33.5,10310123,347252904,5265,0.35
20201118,33.5,33.6,33.2,33.4,3084843,103056598,1643,-0.1
20201119,33.5,34.45,33.5,33.85,8213564,279179305,4454,0.45
20201120,34.05,34.4,33.9,34.35,6293003,215307266,3260,0.5
20201123,34.9,36.1,34.6,35.95,28012877,995685977,13321,1.6
20201124,36.3,36.3,35.35,35.4,22908861,822692689,10538,-0.55
20201125,35.65,36.2,34.75,35.25,9183582,325086193,4501,-0.15
20201126,35.65,36.55,35.6,36.25,20176981,730076611,9665,1.0
20201127,36.15,36.4,35.8,36.2,9915807,358383519,4744,-0.05
20201130,37.2,39.6,37.2,37.75,47524063,1829464162,21953,1.55
20201201,39.2,39.8,37.8,38.7,45050510,1750038414,22122,0.95
20201202,39.2,39.65,38.55,38.7,37016131,1447581202,17557,0.0
20201203,39.5,42.55,39.25,42.55,71112137,2972892941,23293,3.85
20201204,42.8,44.9,41.8,44.3,136921888,5937742106,60983,1.75
20201207,45.0,45.45,42.3,43.05,61383092,2687570368,30252,-1.25
20201208,43.6,46.4,43.05,45.7,71363913,3209453756,33617,2.65
20201209,45.65,49.5,44.85,45.7,134543228,6333318950,63761,0.0
20201210,45.45,45.95,44.0,44.05,49901495,2238765315,25354,-1.65
20201211,45.0,46.0,42.1,44.25,55477646,2457638862,27454,0.2
20201214,44.0,44.7,43.3,43.4,20156349,883277540,10918,-0.85
20201215,43.7,44.45,41.0,41.6,29947005,1271789188,14961,-1.8
20201216,42.9,43.3,42.25,42.5,17568143,750079431,9752,0.9
20201217,42.9,42.9,40.8,41.1,22886409,948294059,11757,-1.4
20201218,41.5,41.75,40.85,41.1,12355034,509056640,6562,0.0
20201221,41.25,41.55,39.9,41.5,12336633,504883316,6625,0.4
20201222,41.7,44.4,41.4,41.8,54475533,2343349655,28226,0.3
20201223,42.15,43.3,42.05,42.6,24385519,1039405816,13282,0.8
20201224,42.55,42.9,42.0,42.2,18526070,784909413,10306,-0.4
20201225,42.7,42.85,41.55,41.7,13100423,551612642,7064,-0.5
20201228,41.7,42.8,41.0,42.65,24861851,1039886186,12817,0.95
20201229,43.5,44.95,43.0,43.9,58159805,2563560599,28767,1.25
20201230,44.0,44.6,43.55,43.65,24523960,1079164868,12853,-0.25
20201231,44.3,44.45,42.7,42.8,13156278,569278040,7263,-0.85
20210104,43.1,43.4,41.6,41.8,16609383,700770928,8871,-1.0
20210105,41.8,42.35,41.3,42.25,11476210,481490234,6168,0.45
20210106,42.5,43.0,40.7,41.55,16733802,698897787,8487,-0.7
20210107,42.5,42.95,42.0,42.0,12178686,516260424,6213,0.45
20210108,42.45,42.7,41.4,42.0,9194296,385496864,5109,0.0
20210111,41.75,43.1,41.75,42.95,13617840,580965576,7112,0.95
20210112,42.95,43.2,41.25,41.9,13705901,578715186,7131,-1.05
20210113,41.8,43.7,41.8,43.2,29787269,1283811604,14493,1.3
20210114,43.95,44.4,43.05,43.35,28143717,1228947806,13935,0.15
20210115,44.1,45.5,43.55,43.85,75686646,3366819475,36599,0.5
20210118,44.2,44.35,42.0,43.45,20985117,907621030,11777,-0.4
20210119,43.7,43.9,42.9,42.95,13647565,591189034,7589,-0.5
20210120,42.95,43.35,39.05,39.2,29288893,1189851684,15010,-3.75
20210121,39.85,40.35,37.6,38.35,20420370,797788631,10233,-0.85
20210122,38.7,40.65,38.55,40.45,20692221,827950415,11114,2.1
20210125,40.6,41.1,39.55,40.4,11221444,451534414,6120,-0.05
20210126,40.25,40.75,39.7,40.2,8797304,352490083,4440,-0.2
20210127,41.2,42.45,40.55,41.45,36763095,1529397715,17303,1.25
20210128,40.85,41.3,40.35,41.0,9561490,391542618,5338,-0.45
20210129,41.7,41.8,39.5,40.0,10564285,427324217,5728,-1.0
20210201,39.5,40.2,38.6,39.0,9517728,371928121,4865,-1.0
20210202,39.35,40.2,39.35,39.7,5035442,200391228,2949,0.7
20210203,40.25,40.45,39.2,39.4,5341207,212587955,3064,-0.3
20210204,39.4,39.7,38.9,38.95,4317341,169065386,2665,-0.45
20210205,39.0,39.35,38.6,38.65,5062717,196466683,2869,-0.3
20210217,39.95,41.35,39.8,40.9,15651024,637746483,8316,2.25
20210218,41.3,42.6,41.25,42.45,17367383,731324738,9596,1.55
20210219,43.0,43.3,42.35,43.25,16420936,704605647,8508,0.8
20210222,43.65,44.4,42.85,43.5,32482667,1420145673,15618,0.25
20210223,44.0,44.3,43.25,43.4,18683237,818200566,9546,-0.1
20210224,43.4,44.45,42.9,42.9,16335606,713886083,8311,-0.5
20210225,44.35,46.5,43.8,46.5,64840043,2942735596,31285,3.6
20210226,45.5,46.95,44.65,44.8,52545960,2393020300,25501,-1.7
20210302,46.1,46.6,43.2,43.2,28178309,1265859885,13870,-1.6
20210303,43.9,43.9,41.5,42.45,21150073,895917316,11516,-0.75
20210304,42.15,42.9,41.8,42.0,9103320,385046537,5124,-0.45
20210305,40.2,41.85,40.15,40.85,12469378,512479225,6746,-1.15
20210308,41.8,43.0,41.2,41.6,11824657,496651786,6539,0.75
20210309,41.25,41.5,40.0,40.8,11789132,480151999,6392,-0.8
20210310,41.3,41.45,40.3,40.3,12549114,510408928,6569,-0.5
20210311,40.5,41.2,40.35,41.15,8018822,327887675,4446,0.85
20210312,41.35,41.6,40.9,41.25,7440550,306213162,3979,0.1
20210315,41.25,41.7,41.1,41.55,5709543,236610541,3280,0.3
20210316,41.75,43.4,41.7,43.3,19197849,819366204,10277,1.75
20210317,43.9,44.2,42.5,43.0,25009562,1082452592,13252,-0.3
20210318,43.0,43.3,42.05,42.2,12651881,538490646,6703,-0.8
20210319,41.9,41.9,41.3,41.55,8429533,350124205,4702,-0.65
20210322,41.55,42.3,40.9,41.6,9513534,395968348,5104,0.05
20210323,42.0,42.1,41.1,41.15,6764745,280794126,3591,-0.45
20210324,41.0,41.4,40.85,41.0,4033204,165612139,2390,-0.15
20210325,41.05,41.6,40.8,41.05,4370248,179802497,2510,0.05
20210326,41.3,41.4,40.9,41.15,6988190,286896679,4091,0.1
20210329,41.4,41.8,41.15,41.6,9341302,387248544,5312,0.45
20210330,41.85,41.85,41.2,41.25,8262340,341578446,4019,-0.35
20210331,41.25,42.4,41.05,42.2,12833643,536840220,6974,0.95
20210401,42.3,42.3,41.55,41.75,15680099,655335938,8008,-0.45
20210406,41.95,42.5,41.4,42.45,15759818,660995959,8102,0.7
20210407,43.45,44.0,42.95,43.65,36172780,1571928016,16312,1.2
20210408,44.9,48.0,44.2,48.0,89822514,4188122773,38922,4.35
20210409,49.5,50.7,47.1,48.55,125569950,6162952006,56133,0.55
20210412,49.6,50.5,48.6,48.6,57974015,2873016673,25884,0.05
20210413,49.3,52.7,47.65,48.2,90984728,4584697671,41456,-0.4
20210414,49.4,49.95,43.5,46.55,74284292,3499265209,33746,-1.65
20210415,47.0,47.2,45.55,46.5,25293465,1170004763,12397,-0.05
20210416,46.5,46.95,45.9,46.15,16873804,782815613,8268,-0.35
20210419,46.6,49.2,45.9,48.15,38464748,1837343299,19165,2.0
20210420,49.9,52.9,49.5,52.9,74281055,3847179453,23979,4.75
20210421,55.1,58.1,54.6,56.4,201015437,11418255047,80677,3.5
20210422,58.0,58.6,53.0,53.0,112521281,6335317386,51597,-3.4
20210423,55.5,58.3,54.8,58.3,147322254,8475520570,51894,5.3
20210426,60.1,61.6,58.7,58.8,107119240,6420233523,49366,0.5
20210427,58.3,58.4,55.8,56.1,51555494,2929279724,26796,-2.7
20210428,56.7,58.7,56.5,56.9,42325597,2434390742,21196,0.8
20210429,58.4,58.9,56.3,58.0,35971750,2077822065,17949,1.1
20210503,59.0,59.0,54.3,54.9,49350600,2813099501,24413,-3.1
20210504,55.8,56.9,49.5,55.2,71886508,3867449430,34937,0.3
20210505,54.2,55.8,51.6,51.8,45898961,2457954039,23469,-3.4
20210506,52.0,53.7,50.1,51.2,26539623,1384832506,13472,-0.6
20210507,52.6,54.7,51.8,54.7,29459112,1575310038,15775,3.5
20210510,54.3,54.5,51.5,51.5,32268173,1688892219,16696,-3.2
20210511,49.65,50.4,46.7,48.1,36724791,1790944934,18331,-3.4
20210512,47.85,49.8,43.3,45.2,49938963,2313919464,23427,-2.9
20210513,44.2,47.45,43.2,46.1,35556884,1625316540,17418,0.9
20210514,46.15,47.9,43.55,44.45,30148419,1383829896,13718,-1.65
20210517,41.05,44.85,40.05,41.35,34098349,1439834663,14802,-3.1
20210518,43.35,45.2,42.95,45.15,22548190,995803997,10549,3.8
20210519,44.0,45.6,43.8,45.55,21386935,957404025,10670,0.4
20210520,45.0,45.5,42.7,42.9,17169834,755332908,9013,-2.65
20210521,43.55,44.25,43.4,44.1,10141655,444475329,5150,1.2
20210524,43.5,45.4,43.3,44.9,10642071,472408444,5626,0.8
20210525,46.25,49.35,45.8,49.35,26548237,1279956744,11512,4.45
20210526,51.1,52.8,49.55,49.65,69485853,3536926556,33513,0.3
20210527,49.0,51.2,48.65,50.0,24099625,1205017813,13996,0.35
20210528,51.1,52.1,50.7,50.8,24981850,1279186030,12867,0.8
20210531,51.4,53.2,50.9,51.6,30932309,1608085345,16372,0.8
20210601,52.3,52.9,51.2,51.6,20042407,1041813496,10776,0.0
20210602,52.0,52.6,50.3,50.7,18149272,934440008,9563,-0.9
20210603,51.5,52.8,51.1,52.7,27689181,1442413978,14483,2.0
20210604,53.0,53.5,51.5,51.5,28909855,1515165092,15297,-1.2
20210607,51.7,52.3,49.3,52.3,17176957,886128748,9387,0.8
20210608,53.2,55.7,53.1,53.4,67622336,3668126623,34218,1.1
20210609,54.0,55.9,53.2,54.5,63570677,3483171118,31699,1.1
20210610,56.4,57.5,54.5,55.1,56631583,3161077783,29413,0.6
20210611,55.0,55.3,53.5,53.7,20361284,1103731277,11967,-1.4
20210615,53.8,55.5,52.9,54.5,30325871,1644346268,16587,0.8
20210616,54.4,55.3,52.9,53.2,19975990,1078819960,11594,-1.3
20210617,53.2,57.1,52.7,56.5,44257283,2449022450,22587,3.3
20210618,58.5,60.5,57.9,58.0,140922042,8341853654,67813,1.5
20210621,58.0,59.5,57.5,59.2,54717644,3209810196,29022,1.2
20210622,61.7,62.2,59.1,59.6,88139749,5349182539,46084,0.4
20210623,61.1,64.5,60.6,64.5,110594874,6889071420,53552,4.9
20210624,64.0,64.2,62.0,62.8,73011330,4602550843,37584,-1.7
20210625,63.3,64.0,60.0,60.9,58728464,3634277300,32065,-1.9
20210628,61.6,62.1,60.2,61.0,29542772,1808638583,15086,0.1
20210629,62.5,63.9,62.0,62.0,63059174,3964887706,31107,1.0
20210630,63.3,63.7,61.0,61.1,33381016,2073306421,17611,-0.9
20210701,61.2,61.6,57.9,58.8,38408405,2283202159,21125,-2.3
20210702,59.2,61.4,59.2,61.3,22862582,1382184704,12883,2.5
20210705,61.3,62.9,61.3,62.0,27174569,1687769615,14298,0.7
20210706,62.0,62.8,60.3,60.7,16562525,1012623566,9613,-1.3
20210707,60.8,66.5,60.7,65.7,103462314,6648763556,52632,5.0
20210708,67.0,67.5,63.7,64.2,66475719,4332095211,35892,-1.5
20210709,63.5,65.4,62.9,63.9,27243549,1750897356,14542,-0.3
20210712,64.9,68.5,64.1,67.7,65802154,4379931497,35697,3.8
20210713,68.0,72.6,65.5,67.1,118377202,8229948790,65242,-0.6
20210714,68.5,68.9,65.7,66.5,40429421,2718820959,23589,-0.6
20210715,66.7,67.3,64.6,65.5,29076649,1908393117,16387,-1.0
20210716,64.5,66.8,64.1,65.1,21791219,1423854259,11898,-0.4
20210719,65.1,68.0,64.5,67.1,34787800,2329874610,19751,2.0
20210720,65.8,67.4,65.0,65.1,31129012,2058115594,16862,-2.0
20210721,66.6,68.7,66.0,66.4,48593866,3268565598,26297,1.3
20210722,68.3,71.3,67.7,69.3,61547804,4276677837,33694,2.9
20210723,69.7,71.4,66.7,67.9,46146266,3190416058,27384,-1.4
20210726,68.5,72.9,67.7,71.2,60813846,4301682322,33459,3.3
20210727,73.5,76.3,70.2,71.7,102383000,7507044368,56870,0.5
20210728,71.1,71.1,64.7,67.6,55823797,3752302160,33223,-4.1
20210729,69.0,71.9,67.4,71.8,34399595,2396661629,20795,4.2
20210730,71.4,73.5,69.1,69.8,39209264,2804961464,23887,-2.0
20210802,70.5,71.0,68.5,68.7,20757010,1437795701,13278,-1.1
20210803,69.0,70.2,68.6,69.0,15539838,1077147493,9581,0.3
20210804,69.9,72.2,69.6,69.7,31151598,2208194511,18427,0.7
20210805,71.1,72.1,70.2,71.6,25865469,1844931814,15637,1.9
20210806,71.9,72.0,69.1,69.3,24140169,1689175126,14091,-2.3
20210809,68.0,69.2,65.5,65.5,21429467,1436420190,13729,0.0
20210810,65.2,66.5,62.4,62.7,22088193,1408144671,13962,-2.8
20210811,62.1,64.2,61.0,63.0,19608815,1228297575,11393,0.3
20210812,64.2,64.2,61.8,63.0,15803737,991599689,8847,0.0
20210813,62.9,63.7,59.8,59.8,15677528,961135198,8842,-3.2
20210816,59.3,61.6,58.7,59.2,15772491,944770847,8824,-0.6
20210817,59.9,60.2,56.0,56.0,16326138,949139282,8601,-3.2
20210818,56.3,60.6,56.0,60.3,19259149,1127056427,11356,4.3
20210819,59.9,62.8,59.2,60.0,22692575,1391475702,12712,-0.3
20210820,62.1,63.2,60.5,62.0,22498676,1396301102,12874,2.0
20210823,62.6,65.7,62.6,64.9,24331408,1568832853,13993,0.0
20210824,66.5,67.0,64.0,64.6,20953724,1371570570,12379,-0.3
20210825,65.3,70.4,65.0,68.7,78504698,5378881391,43316,4.1
20210826,69.3,70.5,68.7,70.2,58164462,4057850519,30478,1.5
20210827,70.8,71.3,68.3,68.7,42973270,2994843053,23694,-1.5
20210830,69.8,70.7,68.8,69.6,20668329,1440734474,12467,0.9
20210831,69.8,70.7,68.9,70.4,27036329,1894447099,15482,0.8
20210901,70.4,70.7,69.0,70.7,21651155,1515662846,11940,0.3
20210902,71.8,74.4,68.8,68.8,69241500,4964939944,40679,-1.9
20210903,70.0,72.4,69.3,72.0,43553007,3096080672,23946,3.2
20210906,71.4,71.9,69.7,70.6,26195648,1857755831,14237,-1.4
20210907,71.6,72.6,67.0,68.6,47695624,3312191749,27151,-2.0
20210908,67.3,67.7,64.6,65.0,37088740,2439739937,20339,-3.6
20210909,65.2,67.7,65.0,67.0,22450904,1500610880,13357,2.0
20210910,67.2,69.3,66.0,69.3,24977732,1698316136,14834,2.3
20210913,68.9,70.0,68.1,68.3,17158057,1181143008,10009,-1.0
20210914,68.7,69.3,68.0,68.1,11127184,761951483,6309,-0.2
20210915,68.2,68.5,66.4,67.1,11179418,751095036,6859,-1.0
20210916,67.6,69.4,67.5,69.0,17834818,1227978721,10484,1.9
20210917,68.5,69.4,67.4,69.4,18184049,1241796022,10771,0.4
20210922,67.4,69.8,67.2,69.3,15670831,1079476469,9277,-0.1
20210923,70.5,71.2,69.3,69.6,35740745,2509182833,19423,0.3
20210924,70.5,71.1,69.0,69.0,22671036,1585120715,12453,-0.6
20210927,69.0,70.0,68.0,68.1,14121382,972459346,8849,-0.9
20210928,68.4,68.8,66.8,67.1,12765628,862683953,8369,-1.0
20210929,65.0,65.8,62.1,63.2,26844887,1715969453,17105,-3.9
20210930,63.0,63.9,62.1,63.6,16239043,1025357682,9574,0.4
20211001,62.6,63.0,60.0,60.5,18227801,1115542893,10416,-3.1
20211004,61.4,62.6,58.2,58.2,19789696,1191903779,11090,-2.3
20211005,56.1,60.5,56.1,60.4,16522228,967976574,8822,2.2
20211006,60.5,61.1,58.2,58.5,13602741,808751538,7360,-1.9
20211007,60.5,63.0,60.0,62.1,27935704,1719654075,14856,3.6
20211008,61.3,61.8,60.4,61.3,15061863,920121208,8369,-0.8
20211012,61.3,61.3,57.2,57.7,25509526,1491967645,14493,-3.6
20211013,58.2,58.3,54.9,54.9,21434994,1206801830,12242,-2.8
20211014,56.1,56.3,54.5,55.1,12014754,666313488,6996,0.2
20211015,57.6,59.3,56.9,58.8,22594285,1311630707,12581,3.7
20211018,58.6,58.6,56.1,56.8,16454450,941985460,10879,-2.0
20211019,57.5,58.4,56.8,57.1,16090802,924108932,9819,0.3
20211020,58.0,59.4,58.0,58.3,20861289,1224421622,12929,1.2
20211021,58.5,64.0,58.4,60.5,48246430,2964452196,28127,2.2
20211022,61.5,62.8,60.7,62.0,31272238,1932766870,19343,1.5
20211025,61.7,61.7,60.6,61.6,15605996,954802910,9605,-0.4
20211026,61.8,62.6,61.2,61.2,19200618,1186103630,10668,-0.4
20211027,61.4,62.3,61.2,62.1,10624206,657617555,6368,0.9
20211028,62.5,63.5,61.6,61.6,17769120,1113001257,11740,-0.5
20211029,63.0,66.0,62.5,64.2,47973348,3079626965,28711,2.6
20211101,65.6,68.4,65.5,68.0,50061249,3368487892,32639,3.8
20211102,68.0,69.5,64.3,65.5,41401478,2758856881,26037,-2.5
20211103,65.1,66.5,63.4,64.1,23692662,1523983829,14379,-1.4
20211104,65.0,65.6,64.1,64.7,10786741,699291977,7386,0.6
20211105,68.6,69.5,65.9,66.3,45322339,3057002281,24318,1.6
20211108,67.8,69.2,66.5,66.6,33749021,2280078049,19344,0.3
20211109,68.4,69.7,67.4,68.3,48461394,3329889758,28041,1.7
20211110,69.0,71.0,68.3,69.6,56137369,3917998067,33972,1.3
20211111,69.6,69.8,68.2,68.6,24311849,1673346207,15718,-1.0
20211112,68.5,69.4,66.3,66.8,29611017,1997547524,18261,-1.8
20211115,67.6,68.3,67.0,67.4,15932221,1077983577,9426,0.6
20211116,67.9,70.7,67.8,68.2,52379495,3639798265,28017,0.8
20211117,68.2,69.5,67.3,68.9,25786266,1769445188,15669,0.7
20211118,69.0,69.4,67.5,67.7,15618359,1064931524,11245,-1.2
20211119,68.2,69.2,67.1,67.3,17574413,1198437637,10277,-0.4
20211122,67.8,71.5,67.4,71.2,66564640,4677837558,36142,3.9
20211123,70.8,71.3,69.0,69.5,41450186,2902357477,23891,-1.7
20211124,75.4,76.4,74.9,76.4,108068579,8230138949,36364,6.9
20211125,77.0,79.8,75.9,79.7,137858108,10679477640,67030,3.3
20211126,79.2,80.1,75.6,77.2,91441207,7113355378,51110,-2.5
20211129,77.2,84.9,76.3,84.9,106264061,8605292549,54602,7.7
20211130,84.9,88.4,81.8,81.8,179472625,15338668006,100807,-3.1
20211201,84.0,88.3,82.6,86.7,148689471,12747355874,82462,4.9
20211202,87.5,88.3,84.4,85.4,82463019,7115460542,52230,-1.3
20211203,86.5,87.2,84.8,86.5,49778880,4279037764,30052,1.1
20211206,85.5,85.8,83.0,83.3,41824173,3516348519,24414,-3.2
20211207,83.9,84.7,82.3,84.3,36589984,3062338615,20966,1.0
20211208,86.0,89.5,85.4,88.4,123256425,10831842093,71840,4.1
20211209,88.4,88.6,84.6,84.6,57189987,4947396111,38475,-3.8
20211210,84.0,86.3,83.0,84.9,45586172,3879708731,26430,0.3
20211213,84.4,84.8,82.6,82.8,27597854,2303238901,18054,-2.1
20211214,82.3,82.8,79.7,81.6,33900617,2752935676,20017,-1.2
20211215,81.6,82.3,81.0,81.8,19994899,1634121884,14651,0.2
20211216,83.4,86.5,83.4,84.5,59516435,5062066597,34345,2.7
20211217,83.9,83.9,82.1,82.4,21501621,1780657895,16696,-2.1
20211220,82.0,83.4,81.4,82.2,12204035,1008072083,7770,-0.2
20211221,82.2,82.8,80.5,81.2,18165566,1475343414,12748,-1.0
20211222,82.0,82.4,81.0,81.0,11665120,953296099,7317,-0.2
20211223,82.3,85.2,82.2,83.2,42990046,3617688445,28151,2.2
20211224,83.9,84.4,82.5,82.5,17024824,1420330454,11933,-0.7
20211227,83.4,85.4,83.0,84.7,22045093,1860240247,14977,2.2
20211228,85.3,86.0,84.1,84.2,30468814,2593914473,19468,-0.5
20211229,85.1,86.2,84.7,85.0,23145783,1976636763,15288,0.8
20211230,85.9,85.9,84.7,85.5,11619634,991850705,8617,0.5
20220103,86.7,87.8,84.6,84.8,34176198,2946003232,21934,-0.7
20220104,85.5,86.4,84.1,85.5,21459099,1831579478,13187,0.7
20220105,85.4,85.4,82.3,82.5,20956075,1749916133,14934,-3.0
20220106,81.9,83.0,81.2,82.9,12130544,996749382,8108,0.4
20220107,82.9,83.2,77.4,78.5,33012134,2623425232,21018,-4.4
20220110,76.2,80.5,76.0,80.0,16926793,1336917571,10050,1.5
20220111,79.1,80.2,78.1,78.3,11868641,937671068,8692,-1.7
20220112,79.6,82.2,77.7,78.2,31209184,2491248763,19159,-0.1
20220113,79.1,80.7,78.9,79.6,21279416,1698213324,13540,1.4
20220114,79.6,79.6,76.5,78.1,24552885,1901831327,17726,-1.5
20220117,79.9,80.7,78.4,79.3,26202749,2078100183,15013,1.2
20220118,79.7,80.3,78.6,78.6,14844097,1178913428,9645,-0.7
20220119,76.8,77.9,76.7,77.1,11128948,859065778,7813,-1.5
20220120,76.7,77.6,75.8,77.6,14178275,1086718048,8850,0.5
20220121,75.8,76.3,73.1,73.1,20500129,1533095730,13543,-4.5
20220124,72.7,75.9,72.4,75.3,22608343,1680806045,15035,2.2
20220125,74.5,76.9,74.3,75.4,22547481,1711783309,15190,0.1
20220126,75.4,76.8,74.1,76.8,19962462,1511388203,13246,1.4
20220207,75.0,75.3,71.4,73.4,34115767,2496891233,22817,-3.4
20220208,73.0,74.3,72.0,73.0,21030764,1534219023,15141,-0.4
20220209,75.1,75.7,74.3,74.7,22841681,1709667417,15115,1.7
20220210,75.6,78.3,75.2,78.1,38907744,3000830874,24612,3.4
20220211,77.3,81.0,76.8,79.7,49694196,3957894144,31683,1.6
20220214,78.7,79.5,77.5,77.8,22656430,1774664962,16926,-1.9
20220215,78.5,79.9,77.3,77.8,17089105,1344755890,12066,0.0
20220216,79.7,79.8,78.0,78.1,13682493,1079053552,9779,0.3
20220217,78.6,79.1,76.5,77.0,15046241,1166247906,10898,-1.1
20220218,76.0,78.3,75.4,78.3,10642427,819962188,7846,1.3
20220221,77.7,78.2,77.3,77.3,8116417,629498460,6376,-1.0
20220222,76.6,76.7,74.1,74.9,11199778,842407507,7993,-2.4
20220223,75.1,75.8,74.8,75.8,5750991,433552245,4361,0.9
20220224,74.7,75.0,71.5,71.5,15424354,1125944144,10537,-4.3
20220225,72.8,73.5,71.7,72.4,8582128,621871110,6379,0.9
20220301,72.8,75.2,72.8,75.2,8520567,632609865,5046,2.8
20220302,75.2,76.4,74.5,76.3,12858069,973160575,8389,1.1
20220303,77.5,78.3,76.7,77.4,15532310,1204089869,10046,1.1
20220304,76.6,77.9,75.7,76.5,9930816,763327172,7817,-0.9
20220307,75.6,75.8,71.5,72.0,17878231,1299002093,11936,-4.5
20220308,69.7,72.6,68.0,68.1,21060231,1470835592,13874,-3.9
20220309,69.5,70.0,68.3,68.6,12411366,856793071,8094,0.5
20220310,70.0,73.5,70.0,71.7,20761432,1492421177,13275,3.1
20220311,71.5,71.5,70.0,71.4,7848402,555205863,6175,-0.3
20220314,72.6,74.2,72.2,72.5,20794335,1518282776,11986,1.1
20220315,71.8,72.0,70.1,70.2,11462865,812409366,9037,-2.3
20220316,71.5,71.8,70.2,70.4,12337012,874272350,7150,0.2
20220317,72.8,75.2,72.3,74.9,25470827,1884714766,15337,4.5
20220318,74.9,76.8,73.8,75.3,15209598,1142262791,10612,0.4
20220321,76.5,77.0,75.4,75.8,11693764,891441854,7510,0.5
20220322,75.8,77.3,75.6,77.2,12658055,973064492,7887,1.4
20220323,78.5,79.5,77.6,79.0,25478833,2005069627,17433,1.8
20220324,78.0,78.0,75.2,76.3,40138366,3066099823,26272,-2.7
20220325,75.0,75.6,70.6,71.1,55459578,4013984169,35471,-5.2
20220328,69.1,70.5,68.0,70.5,32304816,2224392474,20689,-0.6
20220329,70.2,71.3,69.1,70.0,17038597,1193983117,13213,-0.5
20220330,70.8,71.2,69.5,69.8,14769120,1036046971,10758,-0.2
20220331,69.8,70.0,68.8,68.9,11010154,761292685,8795,-0.9
20220401,68.0,69.0,67.2,69.0,11332587,769654639,9494,0.1
20220406,68.0,69.4,67.9,69.4,4650948,319106694,3961,0.4
20220407,68.6,70.0,68.0,68.0,7385060,508357098,6942,-1.4
20220408,68.5,68.7,67.6,68.0,7002357,476075996,6064,0.0
20220411,68.1,68.2,62.5,62.6,24342325,1565984189,16850,-5.4
20220412,62.0,63.8,60.5,60.9,27092196,1668591785,13143,-1.7
20220413,62.0,62.4,61.5,62.4,9672286,600440240,6688,1.5
20220414,62.9,63.1,60.7,60.8,13396085,822219800,9907,-1.6
20220415,60.1,60.5,58.1,58.4,19544450,1153641848,10944,-2.4
20220418,59.3,60.5,58.8,59.0,15173504,903799164,9352,0.6
20220419,60.2,61.0,59.3,59.3,12407569,746944662,8601,0.3
20220420,60.1,60.2,58.9,58.9,7141352,423599854,5801,-0.4
20220421,59.3,60.4,59.2,59.9,6560901,393389976,4475,1.0
20220422,59.4,59.4,57.9,57.9,9983079,583288280,7165,-2.0
20220425,55.1,56.1,54.2,54.2,16244378,892342039,9198,-3.7
20220426,55.8,56.5,54.6,54.7,10635965,587774739,6442,0.5
20220427,51.4,54.3,50.9,53.8,15197942,797191148,9039,-0.9
20220428,54.4,55.9,52.8,54.7,11958238,651861251,7374,0.9
20220429,55.8,55.9,54.3,54.3,7397772,407516005,5507,-0.4
20220503,54.4,55.7,54.4,55.5,5863287,323833145,3601,1.2
20220504,56.6,57.4,54.8,55.6,16064637,896305829,9857,0.1
20220505,56.7,58.4,56.3,57.8,20121685,1154875616,12520,2.2
20220506,55.8,55.9,54.8,55.5,11538462,638732713,7842,-2.3
20220509,55.9,57.6,55.8,56.6,19839234,1128825096,11890,1.1
20220510,55.2,58.0,54.8,58.0,17813857,1002143727,11743,1.4
20220511,57.9,58.6,56.6,56.9,14019828,804187119,9538,-1.1
20220512,56.0,57.6,55.0,55.5,10086819,566499182,6515,-1.4
20220513,56.8,60.2,56.4,59.7,33120463,1952632974,20148,4.2
20220516,61.6,62.3,58.4,58.6,39586545,2382423162,25648,-1.1
20220517,58.9,60.1,58.1,60.1,15048174,890032050,9685,1.5
20220518,60.5,60.9,58.8,59.3,17575485,1047731515,11196,-0.8
20220519,57.2,59.6,57.2,59.6,11839144,690402393,7538,0.3
20220520,59.6,59.8,58.5,59.6,9871910,585090178,5979,0.0
20220523,60.3,60.4,59.1,59.4,8401459,501403147,5333,-0.2
20220524,60.0,60.3,57.5,57.5,12199488,717520248,8609,-1.9
20220525,58.1,59.9,57.6,59.8,14829425,878407966,8061,2.3
20220526,60.7,61.2,59.8,60.0,26112789,1581477160,16151,0.2
20220527,61.2,61.7,60.5,60.7,14094633,859433652,8630,0.7
20220530,61.6,62.9,61.6,62.0,23268658,1447971492,14109,1.3
20220531,62.5,63.3,62.0,62.3,18371338,1149574002,12390,0.3
20220601,62.0,62.2,61.3,61.6,9652055,595491245,6369,-0.7
20220602,61.2,62.2,61.2,61.6,6111970,377571485,4630,0.0
20220606,61.7,61.8,60.7,61.0,5795442,354202012,4222,-0.6
20220607,61.0,61.5,60.7,61.3,4569411,278925798,2892,0.3
20220608,61.5,62.2,60.8,60.8,6275021,385752221,4200,-0.5
20220609,61.0,61.8,60.8,61.0,5552665,340074607,3780,0.2
20220610,60.5,60.8,60.1,60.5,5494510,332045722,3867,-0.5
20220613,59.0,59.3,57.3,57.7,11903086,691527446,9094,-2.8
20220614,57.2,58.4,56.3,58.4,8200952,470519111,5118,0.7
20220615,58.2,58.4,57.0,57.0,6492533,373616184,4388,-1.4
20220616,58.2,58.2,54.6,54.6,8911790,500680503,6237,-2.4
20220617,53.3,54.2,51.8,52.6,11544949,609615103,7499,-2.0
20220620,53.0,53.1,50.1,50.2,9903837,508376307,6212,-2.4
20220621,51.1,52.4,50.5,52.4,6827877,351359261,4572,2.2
20220622,52.5,52.5,50.1,50.2,8280848,421819544,5565,-2.2
20220623,49.9,51.0,49.1,49.95,8981515,448492612,5353,-0.25
20220624,50.5,51.1,49.65,50.5,5074104,256208599,4151,0.55
20220627,51.8,52.5,51.5,52.4,5914638,308477183,3775,1.9
20220628,52.4,52.4,50.3,51.0,5645683,287742694,4520,-1.4
20220629,50.2,50.7,50.0,50.5,3728436,187712567,2483,-0.5
20220630,50.3,50.3,48.0,48.05,8209255,397979687,5825,-2.45
20220701,47.9,48.75,45.05,45.05,10174544,474058303,6424,-3.0
20220704,45.5,45.9,44.1,44.55,7326347,328310539,5679,-0.5
20220705,45.95,46.2,44.4,46.0,7408232,336362860,5057,1.45
20220706,45.75,46.0,43.2,43.3,7990756,354371895,6356,-2.7
20220707,44.3,45.2,43.4,44.9,9007352,400803137,4962,1.6
20220708,45.6,46.9,45.3,46.4,9030945,417371299,6409,1.5
20220711,48.0,48.3,46.75,47.3,10905531,517500077,7854,0.9
20220712,46.2,46.35,43.85,44.0,10569860,474401307,7520,-3.3
20220713,45.5,45.9,44.65,44.8,5747625,260013713,3878,0.8
20220714,44.35,46.25,43.85,46.15,5915105,269154140,4253,1.35
20220715,46.8,47.8,46.25,47.55,8867719,418159309,6311,1.4
20220718,47.7,48.35,47.5,48.2,8910627,427796826,4894,0.65
20220719,46.55,46.8,45.9,46.55,6484833,300806624,3950,0.0
20220720,47.45,48.2,47.2,47.25,9005434,429384464,5806,0.7
20220721,47.6,48.95,47.35,48.95,9534244,460649108,7364,1.7
20220722,49.3,49.35,47.9,48.1,10945787,530647480,7821,-0.85
20220725,47.6,47.8,47.1,47.55,4275882,202909304,3109,-0.55
20220726,47.6,47.7,45.85,45.9,5724022,266349226,3977,-1.65
20220727,45.65,47.15,45.5,47.15,4436960,205564586,3067,1.25
20220728,47.85,47.95,47.0,47.0,5408537,256812715,4100,-0.15
20220729,47.6,48.25,47.55,47.75,5905008,282917175,3919,0.75
20220801,47.9,47.95,47.0,47.15,4478705,211754609,3829,-0.6
20220802,46.5,46.5,45.2,45.45,5527184,252259210,3893,-1.7
20220803,45.3,45.95,44.75,45.1,3789374,171391321,2818,-0.35
20220804,44.8,45.3,43.8,45.3,4838678,215997464,3534,0.2
20220805,45.75,46.6,45.45,46.5,10045667,462192032,6238,1.2
20220808,45.6,46.1,45.45,45.95,5661678,259195257,4422,-0.55
20220809,46.1,47.65,46.1,47.1,9614852,452808763,6738,1.15
20220810,46.55,47.7,46.5,47.6,6261368,296421839,4966,0.5
20220811,48.5,50.2,48.2,49.6,23206631,1147202216,14951,2.0
20220812,50.1,50.9,49.85,50.3,22162650,1116466699,14068,0.7
20220815,50.5,50.6,49.65,50.2,9306414,466024869,6254,-0.1
20220816,50.5,51.9,50.3,51.0,15034800,769703668,9651,0.8
20220817,50.9,51.5,50.5,50.9,7353288,375072641,4919,-0.1
20220818,50.8,51.8,50.1,51.5,8972853,457630124,5361,0.6
20220819,51.6,52.4,51.5,51.6,10483939,544266630,6138,0.1
20220822,50.9,51.4,50.7,50.8,5577309,284469582,3720,-0.8
20220823,50.2,50.7,49.7,50.7,6442536,323426967,3946,-0.1
20220824,51.1,51.5,50.2,50.3,4317165,219120128,2686,-0.4
20220825,51.0,53.8,51.0,53.6,21984153,1160690236,13956,3.3
20220826,54.5,54.5,52.6,52.7,19206731,1025938030,12912,-0.9
20220829,50.5,51.1,50.3,50.7,8644722,438485981,5512,-2.0
20220830,51.5,52.2,50.8,52.0,6736540,348180862,4041,1.3
20220831,51.7,52.2,51.2,52.2,5520451,285473543,3801,0.2
20220901,51.6,51.8,50.5,51.1,6770693,345956674,4042,-1.1
20220902,51.5,52.0,51.0,51.0,5145436,264457111,3110,-0.1
20220905,51.7,51.7,48.5,48.5,12152351,598566530,7996,-2.5
20220906,49.0,49.15,47.0,47.3,8858915,424120626,5374,-1.2
20220907,47.0,47.3,46.15,46.5,5648890,263491356,3383,-0.8
20220908,47.9,48.15,47.3,48.0,4311239,205807432,2846,1.5
20220912,49.35,49.65,48.75,49.3,5802162,285837429,3853,1.3
20220913,49.9,49.9,48.7,48.9,5015380,246568463,3419,-0.4
20220914,47.0,48.8,46.85,48.8,4328509,207211705,2632,-0.1
20220915,49.4,49.5,48.25,48.25,3924042,191677146,3027,-0.55
20220916,48.4,48.4,47.25,47.25,4825140,229773035,2607,-1.0
20220919,48.0,48.0,46.8,46.8,3302009,155974064,2127,-0.45
20220920,47.9,47.9,46.6,46.6,3269016,153589840,1873,-0.2
20220921,46.6,46.7,45.35,45.35,6087455,278674147,3907,-1.25
20220922,44.65,45.8,44.35,45.8,4583364,206781503,3136,0.45
20220923,45.6,46.2,44.4,44.6,7216916,324780580,4365,-1.2
20220926,43.8,43.85,40.15,40.15,16613311,686058311,9979,-4.45
20220927,40.6,40.6,37.5,40.3,22221990,870118810,11627,0.15
20220928,40.1,40.6,37.7,37.9,13909420,538222327,8372,-2.4
20220929,39.0,39.3,38.2,38.3,7310940,282986120,4392,0.4
20220930,37.45,39.55,37.2,39.45,7782932,298878597,4717,1.15
20221003,38.5,39.15,38.05,38.6,8042965,310281137,4933,-0.85
20221004,39.9,40.0,39.4,39.9,6082447,241816811,3920,1.3
20221005,40.95,42.1,40.65,40.8,12654547,524140397,7907,0.9
20221006,41.45,41.8,40.3,41.1,6117841,250680698,4386,0.3
20221007,40.6,41.3,40.25,40.6,4975883,202179468,3001,-0.5
20221011,39.0,39.2,38.05,38.4,6144773,236712310,3822,-2.2
20221012,39.0,39.25,38.25,38.7,5901905,228646754,3350,0.3
20221013,39.05,39.05,36.2,36.4,9051529,337172487,5002,-2.3
20221014,38.0,39.0,37.8,38.95,5927760,228614072,3511,2.55
20221017,37.65,39.8,37.15,39.8,5420643,207690742,3633,0.85
20221018,40.5,40.55,39.0,39.55,6586543,261363234,4393,-0.25
20221019,39.8,40.1,39.0,39.0,5174008,204065792,3047,-0.55
20221020,38.15,39.5,38.15,38.7,4741138,184450264,3162,-0.3
20221021,38.7,39.05,38.3,39.05,3750505,145329772,2291,0.35
20221024,40.25,40.3,38.75,38.95,7414070,293061145,3903,-0.1
20221025,39.2,39.25,38.25,38.3,3528004,136127526,2169,-0.65
20221026,38.65,38.65,37.5,37.6,3982846,151463656,2732,-0.7
20221027,38.2,40.0,38.15,39.95,9000019,355746935,5777,2.35
20221028,39.4,39.8,38.9,39.05,4345099,170300693,3375,-0.9
20221031,39.75,40.1,39.4,39.9,4744708,189092956,2827,0.85
20221101,39.9,40.6,39.7,40.2,4348828,175064708,3017,0.3
20221102,40.7,41.35,40.4,41.0,9505927,388738106,6415,0.8
20221103,40.2,41.6,40.1,41.4,5330574,219300953,3423,0.4
20221104,41.6,42.2,41.05,42.2,6543508,273062782,4579,0.8
20221107,42.3,42.8,41.55,42.35,9570941,403602914,5813,0.15
20221108,42.6,43.2,42.25,42.25,8054061,343284722,5377,-0.1
20221109,42.7,43.1,42.5,43.0,6670195,285863903,3650,0.75
20221110,42.8,44.0,42.7,43.8,9240229,403209017,6078,0.8
20221111,45.95,46.3,44.5,44.75,13357605,603739180,8419,0.95
20221114,45.25,45.6,44.55,45.0,5206788,234152922,3729,0.25
20221115,45.4,46.0,45.1,46.0,8230213,375992207,5078,1.0
20221116,46.3,46.3,45.05,46.1,7624261,349576070,4979,0.1
20221117,46.0,46.3,45.55,46.2,3957312,182026882,2769,0.1
20221118,46.4,46.4,45.5,45.65,4881815,223912304,2898,-0.55
20221121,45.5,46.3,45.5,45.85,3673205,169141291,2309,0.2
20221122,46.0,46.0,45.35,45.65,2038594,93063584,1591,-0.2
20221123,46.45,46.75,45.15,45.2,5784577,264985760,3867,-0.45
20221124,45.5,46.6,45.4,46.5,8236721,380832072,4892,1.3
20221125,46.7,46.85,45.85,45.9,4460585,206601467,3021,-0.6
20221128,45.6,46.2,44.95,45.55,3043676,139120474,1905,-0.35
20221129,45.3,45.3,44.3,45.2,4383330,196721626,3000,-0.35
20221130,45.2,46.1,45.1,45.95,4106592,187894602,2744,0.75
20221201,46.8,48.0,46.8,47.7,11873129,564125391,7631,1.75
20221202,47.65,48.0,47.25,47.6,4299990,204791233,3108,-0.1
20221205,47.65,48.1,47.55,47.7,3749422,179023707,2310,0.1
20221206,47.6,47.6,45.8,46.0,5602597,260605565,3833,-1.7
20221207,45.75,46.15,44.6,44.75,4182557,188865415,2757,-1.25
20221208,44.75,45.0,44.35,44.85,2381866,106583415,1725,0.1
20221209,45.05,45.6,44.25,44.25,3190735,143028016,2287,-0.6
20221212,44.2,44.2,43.55,43.75,2074986,90860647,1545,-0.5
20221213,44.2,44.35,43.65,43.85,2006077,88188312,1307,0.1
20221214,44.4,44.8,44.1,44.8,2306595,102696556,1530,0.95
20221215,44.8,45.0,44.5,44.6,1747235,78146609,1188,-0.2
20221216,43.65,44.35,43.6,43.65,2945925,128939731,1819,-0.95
20221219,43.6,43.9,43.15,43.4,1911429,83087769,1332,-0.25
20221220,43.4,43.75,41.8,41.85,3871100,164805416,2571,-1.55
20221221,42.3,42.55,41.65,41.65,3193199,134300218,1835,-0.2
20221222,42.5,42.5,41.8,41.95,2565864,107908928,1493,0.3
20221223,41.4,41.9,41.0,41.8,1757108,72955997,1208,-0.15
20221226,42.3,42.3,41.55,41.8,1145368,48020163,768,0.0
20221227,42.3,42.6,41.9,42.15,1807869,76350151,1170,0.35
20221228,41.9,41.9,40.7,40.75,2831519,116268788,2212,-1.4
20221229,40.25,41.0,40.0,41.0,1297526,52657732,966,0.25
20221230,41.8,41.95,40.8,40.8,1834314,75583786,1358,-0.2
20230103,40.8,41.6,40.6,41.45,2160134,88992879,1545,0.65
20230104,41.25,41.75,41.25,41.75,2140690,88947689,1084,0.3
20230105,42.05,42.5,41.65,41.65,2048955,86273931,1366,-0.1
20230106,41.65,42.7,41.55,42.5,2538396,107442554,1737,0.85
20230109,43.35,44.4,43.0,44.25,7767832,340552456,4769,1.75
20230110,44.05,44.05,43.3,43.9,4424552,193236676,3096,-0.35
20230111,43.65,44.0,43.35,43.4,3423295,148934784,2461,-0.5
20230112,43.4,43.45,42.5,42.55,4400514,188157125,2871,-0.85
20230113,42.6,42.95,41.75,41.8,4289468,181109580,2619,-0.75
20230116,41.9,42.3,41.75,42.2,1905807,80144116,1248,0.4
20230117,42.1,42.35,41.85,42.1,2028163,85470746,1227,-0.1
20230130,43.1,44.5,42.8,44.5,9386117,410595725,5780,2.4
20230131,44.4,45.0,44.0,44.85,6895951,307751379,4669,0.35
20230201,45.2,45.7,45.05,45.5,7028605,319123739,4375,0.65
20230202,46.0,46.4,45.85,46.1,5877251,271193100,3929,0.6
20230203,46.35,46.35,45.35,45.55,4744119,217143094,3084,-0.55
20230206,45.1,45.45,44.6,44.7,4694194,211026007,2943,-0.85
20230207,44.6,46.25,44.6,46.2,6292888,287784789,3979,1.5
20230208,47.05,47.15,46.15,46.15,6273037,291587056,3907,-0.05
20230209,46.15,47.2,45.8,46.65,7539056,352460622,4702,0.5
20230210,47.0,47.0,45.6,45.7,5591162,257538001,3901,-0.95
20230213,45.75,45.75,45.05,45.15,2364294,106968726,1628,-0.55
20230214,45.4,45.6,45.0,45.05,1914452,86648132,1352,-0.1
20230215,45.0,45.25,44.5,45.05,5046086,226665163,3348,0.0
20230216,45.4,46.5,45.2,46.45,6178257,284595935,3827,1.4
20230217,46.2,46.3,45.9,46.25,2896350,133605686,1911,-0.2
20230220,46.3,46.5,46.2,46.35,2281738,105801674,1527,0.1
20230221,46.45,46.65,45.85,45.85,2893887,133447375,1919,-0.5
20230222,45.35,45.35,44.7,45.15,3905288,175608030,2668,-0.7
20230223,45.2,45.45,45.2,45.35,2299487,104181164,1410,0.2
20230224,45.4,45.6,44.6,44.9,3034136,136153688,2067,-0.45
20230301,44.8,45.2,44.25,45.1,2549575,113995378,1955,0.2
20230302,45.3,45.4,44.7,44.75,1884627,84698911,1316,-0.35
20230303,44.9,45.2,44.8,45.0,2537254,114110790,1703,0.25
20230306,45.4,46.2,45.3,46.05,4495524,206358813,2941,1.05
20230307,46.1,46.45,46.1,46.1,3265648,150965077,2154,0.05
20230308,45.85,47.2,45.6,46.9,6195785,288291275,3605,0.8
20230309,47.3,47.3,46.2,46.2,4726983,220068979,3371,-0.7
20230310,46.4,47.1,45.25,45.4,8813528,406823649,5396,-0.8
20230313,44.7,45.2,44.2,44.75,4432640,197730231,3254,-0.65
20230314,44.3,45.3,43.8,44.9,4024728,179314197,2671,0.15
20230315,45.5,46.55,45.25,45.95,8310551,382955570,5412,1.05
20230316,45.95,46.95,45.9,46.45,8863198,411773087,6037,0.5
20230317,47.3,47.35,46.2,46.2,7436211,347164057,4502,-0.25
20230320,46.15,47.3,46.1,47.2,6929245,325672984,4180,1.0
20230321,47.75,48.5,47.5,47.7,13190863,634041266,8351,0.5
20230322,48.4,48.95,48.0,48.9,11866293,576197208,7807,1.2
20230323,48.75,49.55,48.35,49.55,12860722,631856719,8079,0.65
20230324,49.65,49.7,49.0,49.35,7882260,389044873,5124,-0.2
20230327,49.45,49.5,48.35,48.9,7349716,359256872,4626,-0.45
20230328,49.1,49.6,48.05,48.1,8004871,388957863,5159,-0.8
20230329,48.3,48.8,47.65,48.0,4607444,221849614,3091,-0.1
20230330,48.55,48.85,48.35,48.65,4266026,207457006,2542,0.65
20230331,48.95,49.25,48.5,48.5,4392076,214572803,2951,-0.15
20230406,48.5,48.5,47.45,47.6,4070691,194362490,3040,-0.9
20230407,47.8,48.25,47.7,47.9,1906313,91478868,1447,0.3
20230410,48.1,48.8,47.65,48.65,5527450,267651790,3623,0.75
20230411,48.8,48.8,48.25,48.3,3623714,175763946,2374,-0.35
20230412,48.25,48.45,47.7,48.35,3786616,182057232,2531,0.05
20230413,48.1,48.1,46.8,46.85,8632605,408725777,6160,-1.5
20230414,47.1,47.1,46.55,46.7,4241784,198202831,2902,-0.15
20230417,46.35,46.45,46.05,46.15,5088975,235108363,3788,-0.55
20230418,46.2,46.5,46.1,46.15,3486792,161276577,2536,0.0
20230419,46.3,46.3,45.25,45.25,7086540,323172159,4990,-0.9
20230420,45.2,45.85,45.1,45.15,3941428,179049486,2557,-0.1
20230421,45.35,45.45,44.05,44.1,6100336,271916370,3888,-1.05
20230424,43.95,44.1,43.5,43.55,4235498,185172113,2924,-0.55
20230425,43.7,43.9,42.55,42.55,4785525,206389359,3248,-1.0
20230426,42.4,43.0,42.15,42.5,5110208,216423804,2933,-0.05
20230427,42.7,43.2,42.15,43.2,3473194,148841393,2193,0.7
20230428,43.7,43.7,43.05,43.2,3131489,135644170,1916,0.0
20230502,43.5,44.2,43.25,44.0,2799428,122870805,1883,0.8
20230503,43.8,44.2,43.5,44.1,2601621,114342874,1679,0.1
20230504,44.1,44.2,43.85,43.95,1679442,73849885,1229,-0.15
20230505,44.1,44.35,43.95,43.95,1688874,74482304,1107,0.0
20230508,44.3,44.3,43.8,43.8,1640022,72159623,1224,-0.15
20230509,44.1,44.1,42.55,42.6,3975573,170613629,2500,-1.2
20230510,42.5,42.8,42.25,42.6,1914293,81419758,1172,0.0
20230511,42.8,42.8,42.05,42.05,2157625,91167458,1538,-0.55
20230512,42.0,42.45,41.8,42.4,1297595,54743539,959,0.35
20230515,42.4,42.45,42.0,42.25,1336549,56434506,836,-0.15
20230516,42.6,42.95,42.55,42.8,1053907,45130370,820,0.55
20230517,42.95,43.25,42.7,43.0,2214638,95369977,1502,0.2
20230518,43.25,43.7,43.25,43.5,2288117,99492941,1414,0.5
20230519,43.65,43.7,43.2,43.2,1714315,74511657,1278,-0.3
20230522,43.2,43.95,43.2,43.7,1792731,78343238,1170,0.5
20230523,44.0,44.3,43.6,44.1,2645748,116787322,1807,0.4
20230524,44.1,44.2,43.7,44.0,1765871,77630076,1255,-0.1
20230525,44.1,44.2,43.85,44.05,1220433,53750426,951,0.05
20230526,44.25,44.6,44.0,44.05,2462508,109015234,1709,0.0
20230529,44.35,44.95,44.35,44.8,3406294,152537492,2133,0.75
20230530,44.9,45.1,44.4,44.95,2560090,114838934,2312,0.15
20230531,45.05,45.15,44.7,44.95,2168275,97350208,1461,0.0
20230601,44.9,44.9,44.5,44.65,1788673,79862036,1341,-0.3
20230602,45.0,45.25,44.75,44.75,3263139,146907123,2433,0.1
20230605,45.1,45.8,45.1,45.4,3072354,139680766,2257,0.65
20230606,45.55,45.55,44.65,45.2,2670230,120116645,2374,-0.2
20230607,45.2,45.4,44.7,45.2,2578071,115864025,1680,0.0
20230608,45.2,45.2,44.0,44.05,3919696,173885713,2827,-1.15
20230609,44.2,44.3,43.55,43.9,2658663,116705734,2140,-0.15
20230612,43.95,44.4,43.65,43.85,2285589,100519696,1433,-0.05
20230613,44.3,44.7,44.05,44.5,2481682,110390630,1738,0.65
20230614,44.5,46.65,44.5,46.3,17633399,812069313,9982,1.8
20230615,46.2,46.65,45.9,46.4,8997538,416291982,5824,0.1
20230616,46.55,46.7,45.8,46.65,6880748,319004633,4492,0.25
20230619,46.6,46.6,46.2,46.25,4059320,188215190,2525,-0.4
20230620,46.35,46.6,45.7,45.95,3594846,165615048,2352,-0.3
20230621,46.05,46.35,45.8,46.15,3902496,179959995,2541,0.2
20230626,46.0,46.45,45.45,46.15,3092954,142700941,2145,0.0
20230627,46.3,47.8,46.1,46.6,12470994,586327791,7283,0.45
20230628,47.5,47.55,46.8,47.2,7850789,370452289,5004,0.6
20230629,47.45,47.45,46.6,46.95,5107561,239587831,3075,-0.25
20230630,47.1,47.3,46.6,47.3,3050910,143567597,2078,0.35
20230703,47.85,48.1,47.0,47.3,5534457,262898431,3634,0.0
20230704,47.3,47.3,46.7,46.75,3924629,183926609,2608,-0.55
20230705,46.8,47.35,46.8,47.35,3793375,178825574,2245,0.6
20230706,47.55,48.0,47.3,47.75,8667625,413348249,5261,0.4
20230707,47.5,47.5,46.3,46.7,6101340,284631638,4062,-1.05
20230710,46.7,47.65,46.4,47.3,4911264,232138210,3205,0.6
20230711,47.45,48.1,47.3,47.8,10582305,505841764,6142,0.5
20230712,47.95,48.75,47.05,48.1,10801988,520016135,6800,0.3
20230713,48.5,48.65,47.25,47.35,7690091,368409160,4651,-0.75
20230714,47.75,48.45,47.1,48.45,7860716,376797269,4195,1.1
20230717,49.2,49.2,48.45,48.9,10319816,503617525,5299,0.45
20230718,49.15,49.15,48.0,48.6,10298721,499622059,5735,-0.3
20230719,46.85,47.4,45.6,45.6,9548882,443674274,5623,0.0
20230720,45.5,46.0,45.5,45.6,2419139,110593440,1756,0.0
20230721,45.05,45.05,44.25,44.4,4519580,201612019,3315,-1.2
20230724,44.4,44.4,43.0,43.05,5230554,226692296,3960,-1.35
20230725,43.1,44.1,43.1,43.55,3929443,171262174,2662,0.5
20230726,43.55,43.55,42.55,42.75,4609208,197585736,3705,-0.8
20230727,43.25,43.8,42.8,43.6,3411947,148386284,2154,0.85
20230728,43.7,43.9,43.3,43.5,2535629,110508432,1724,-0.1
20230731,43.6,43.6,42.5,42.5,5973694,255639155,4125,-1.0
20230801,42.6,43.05,42.5,43.05,2064010,88238224,1451,0.55
20230802,43.05,43.05,41.75,42.45,5458127,230376746,3856,-0.6
20230804,42.35,42.95,42.05,42.7,2728787,115920352,2008,0.25
20230807,42.6,42.65,42.1,42.3,3033736,128269593,2263,-0.4
20230808,42.25,42.25,41.4,41.5,4340273,180905759,2994,-0.8
20230809,41.2,41.4,40.2,40.45,6542267,265792769,4772,-1.05
20230810,40.25,40.4,39.85,40.0,4300595,172305687,2768,-0.45
20230811,40.4,40.65,39.9,39.95,2383207,95714303,1685,-0.05
20230814,39.85,39.85,38.8,39.25,4155124,162669004,2928,-0.7
20230815,39.6,39.7,38.9,39.25,2703986,106188587,1919,0.0
20230816,39.2,39.95,38.7,39.9,3101534,122629058,2347,0.65
20230817,39.9,41.15,39.65,40.8,3054498,123800393,2242,0.9
20230818,40.55,41.6,40.55,41.25,3587631,147923436,2517,0.45
20230821,41.55,41.7,40.65,41.1,2183452,89874175,1532,-0.15
20230822,41.3,42.0,41.0,41.65,2494858,103780397,1766,0.55
20230823,42.0,42.5,41.75,42.0,2877546,120950974,2341,0.35
20230824,42.3,42.4,41.6,41.75,2488659,104363330,1789,-0.25
20230825,41.75,42.3,41.45,42.15,2353838,98688365,1623,0.4
20230828,42.45,42.5,41.85,42.0,2202933,92862619,1526,-0.15
20230829,42.45,42.55,41.85,42.5,1744899,73688090,1351,0.5
20230830,42.8,42.8,42.35,42.45,1812902,77039977,1452,-0.05
20230831,42.6,42.9,42.5,42.6,2202186,94139510,1824,0.15
20230901,42.8,43.2,42.65,43.1,2245596,96533892,1651,0.5
20230904,43.05,43.4,42.75,43.2,2294060,98979743,2158,0.1
20230905,43.3,43.85,43.05,43.55,3242663,141340967,2202,0.35
20230906,43.9,44.8,43.7,44.3,5301279,234301137,4057,0.75
20230907,44.3,45.2,44.25,44.85,7022408,315358908,4885,0.55
20230908,44.9,45.3,44.15,44.85,4822440,216529633,3552,0.0
20230911,44.85,45.15,44.4,44.4,4589243,205277151,2939,-0.45
20230912,44.95,46.0,44.8,45.65,7987162,364564251,5665,1.25
20230913,45.5,46.4,45.5,45.9,5268947,241977324,4178,0.25
20230914,46.0,46.4,45.9,46.0,4149320,191507920,2957,0.1
20230915,46.2,46.9,46.2,46.5,6716694,313292715,3826,0.5
20230918,46.5,47.3,46.45,46.7,6963579,326788623,3957,0.2
20230919,46.9,47.15,45.7,45.7,5919488,273542107,4445,-1.0
20230920,45.8,45.95,44.35,44.9,7502839,338176619,4989,-0.8
20230921,44.9,45.4,44.75,44.85,3375095,151989315,2525,-0.05
20230922,44.5,45.35,43.75,45.2,3397061,152175128,2240,0.35
20230925,45.2,45.4,44.55,44.95,2325905,104742603,1774,-0.25
20230926,44.55,45.1,44.55,44.65,2254373,100957830,1441,-0.3
20230927,44.65,45.05,43.9,44.0,3496920,154803175,2271,-0.65
20230928,44.0,44.5,43.9,44.0,2223780,98199134,1569,0.0
20231002,44.15,45.15,43.95,45.0,2996313,133652936,1834,1.0
20231003,44.9,45.3,44.65,45.0,2282101,102810459,1516,0.0
20231004,44.75,45.05,44.4,44.95,2108767,94472521,1368,-0.05
20231005,45.2,46.0,45.15,46.0,2714452,124023442,1900,1.05
20231006,46.2,46.5,45.7,45.95,2016264,92691313,1625,-0.05
20231011,45.95,46.15,45.0,45.05,2649408,120054387,1845,-0.9
20231012,45.1,45.85,44.65,45.85,2598013,117855808,1650,0.8
20231013,45.7,46.8,45.65,46.5,4201722,195291415,2775,0.65
20231016,46.4,46.8,45.75,46.35,2917271,134961121,2099,-0.15
20231017,46.8,46.8,46.0,46.05,1872440,86916437,1460,-0.3
20231018,46.0,46.45,45.7,45.9,2989550,137882304,1809,-0.15
20231019,45.7,46.3,45.15,45.9,2433982,111332100,1760,0.0
20231020,45.55,46.35,45.4,46.0,2355109,108418485,1644,0.1
20231023,46.1,46.35,45.85,46.0,2001719,92396656,1333,0.0
20231024,46.05,46.75,46.0,46.7,2637827,122689109,2003,0.7
20231025,46.8,47.2,46.15,46.15,2966239,138329532,2585,-0.55
20231026,45.6,46.2,45.0,45.45,4173597,189996498,2625,-0.7
20231027,45.85,47.2,45.8,45.8,4084128,189765007,2601,0.35
20231030,45.8,46.0,45.05,45.1,2462367,111882775,1846,-0.7
20231031,45.2,45.2,43.5,43.6,5563707,244834231,3647,-1.5
20231101,44.15,44.8,42.75,44.6,4444310,194876890,2817,1.0
20231102,45.1,45.45,44.9,45.15,1768975,79851499,1385,0.55
20231103,45.7,45.7,44.85,44.85,2036042,91914090,1327,-0.3
20231106,44.05,44.05,43.0,43.5,6876991,299147758,4708,-1.35
20231107,43.45,43.45,42.95,43.0,4015375,173086253,2801,-0.5
20231108,43.1,43.7,43.0,43.15,3170649,137517027,1927,0.15
20231109,43.05,43.05,42.3,42.4,4122899,175240612,2794,-0.75
20231110,42.2,42.95,42.2,42.9,2226596,94971286,1497,0.5
20231113,43.1,43.3,42.9,42.95,1765783,76014888,1338,0.05
20231114,42.65,43.05,42.65,42.65,1693502,72420256,1482,-0.3
20231115,42.95,43.3,42.95,43.0,1616029,69674319,1148,0.35
20231116,43.15,43.8,42.95,43.8,2328841,101320941,1645,0.8
20231117,43.85,43.95,43.65,43.8,1572728,68863845,1267,0.0
20231120,43.8,44.25,43.8,44.05,1797110,79065056,1216,0.25
20231121,44.7,44.7,43.6,43.6,2139915,94235372,1389,-0.45
20231122,43.3,43.85,43.3,43.7,1329137,58014893,953,0.1
20231123,43.7,44.2,43.7,44.05,1788060,78578951,1050,0.35
20231124,44.1,44.3,43.85,43.85,1449619,63810606,1069,-0.2
20231127,43.8,44.3,43.8,43.85,1453678,64017331,1064,0.0
20231128,43.85,45.0,43.6,44.85,4137797,184124891,2635,1.0
20231129,44.9,45.35,44.65,45.2,3139133,141406522,2196,0.35
20231130,45.5,45.7,44.95,45.0,3432368,155614975,2322,-0.2
20231201,45.3,45.3,44.8,45.1,1641350,73893164,1184,0.1
20231204,45.35,45.75,45.0,45.0,1847943,83771714,1627,-0.1
20231205,44.9,45.1,44.45,44.45,1739268,77702704,1470,-0.55
20231206,44.55,44.75,44.3,44.35,1403459,62435847,1091,-0.1
20231207,44.45,44.6,43.8,43.8,1755232,77381415,1534,-0.55
20231208,44.0,44.8,44.0,44.5,2131481,95021393,1481,0.7
20231211,44.3,44.65,44.2,44.2,1659243,73611050,1087,-0.3
20231212,44.6,47.6,44.4,47.6,18973472,881224279,11370,3.4
20231213,48.5,49.15,46.4,46.45,24481045,1168674834,15068,-1.15
20231214,46.9,47.5,46.15,47.4,8215073,384130854,5368,0.95
20231215,47.65,49.45,47.45,48.05,22367828,1086629861,13141,0.65
20231218,48.4,48.4,45.8,46.05,11742566,550447725,7354,-2.0
20231219,45.75,46.05,44.6,45.0,9638205,435103914,5525,-1.05
20231220,45.0,45.45,44.65,44.65,6228841,279532138,3873,-0.35
20231221,44.4,44.55,44.0,44.05,6027337,266131771,5095,-0.6
20231222,44.15,44.75,44.0,44.1,4930850,217860283,4236,0.05
20231225,44.5,44.5,43.5,43.75,5580194,244538283,3666,-0.35
20231226,44.0,44.25,43.75,44.15,4713292,207185960,3965,0.4
20231227,44.5,44.95,43.7,43.95,7734489,340662724,5015,-0.2
20231228,44.0,44.3,43.55,43.55,3956783,173120255,2826,-0.4
20231229,43.8,43.8,43.2,43.3,3345550,145034056,2271,-0.25
20240102,43.45,43.55,43.0,43.05,2665481,115066774,1853,-0.25
20240103,43.05,43.35,42.5,43.2,3267924,140691948,2172,0.15
20240104,43.35,43.55,42.7,43.25,4091343,176249655,2766,0.05
20240105,43.2,43.45,43.0,43.05,2960276,127752650,1751,-0.2
20240108,43.15,43.8,43.15,43.55,2889213,125828849,1748,0.5
20240109,43.65,43.65,42.65,43.05,3673381,158120271,2434,-0.5
20240110,43.05,43.05,42.25,42.35,2672420,113406430,2018,-0.7
20240111,42.4,42.9,42.4,42.8,1432801,61237918,984,0.45
20240112,42.8,42.95,42.4,42.75,1794005,76624153,1132,-0.05
20240115,42.95,43.5,42.9,43.15,1970724,85190501,1329,0.4
20240116,43.35,43.35,42.8,43.35,2027636,87409774,1463,0.2
20240117,43.3,43.3,42.2,42.2,4114406,174516381,2689,-1.15
20240118,42.35,42.55,41.25,41.6,3048007,127112570,2138,-0.6
20240119,42.1,42.55,41.8,42.15,1568964,66035104,1223,0.55
20240122,42.55,42.7,42.4,42.55,1511488,64275774,1146,0.4
20240123,42.6,42.6,42.05,42.3,1634182,69171968,1231,-0.25
20240124,42.45,42.6,42.35,42.35,962850,40854840,772,0.05
20240125,42.6,42.6,41.5,41.5,3214774,134385762,2420,-0.85
20240126,41.65,41.65,41.3,41.35,1381960,57240031,1074,-0.15
20240129,41.25,41.35,40.9,41.3,1341211,55256018,1028,-0.05
20240130,41.15,41.3,40.55,40.55,3040259,124160445,2430,-0.75
20240131,40.6,41.5,40.6,41.25,2485977,102572471,1669,0.7
20240201,41.2,41.2,40.6,41.0,2243271,91435832,1864,-0.25
20240202,41.25,41.3,40.7,41.0,1440830,58894882,1257,0.0
20240205,41.0,41.0,40.5,40.7,1732590,70417394,1302,-0.3
20240215,40.9,41.2,40.65,41.2,2024820,82974253,1350,0.5
20240216,41.2,41.45,40.95,41.4,1734136,71492745,1413,0.2
20240219,41.45,41.85,41.45,41.7,1794371,74796628,1406,0.3
20240220,41.75,41.8,41.3,41.3,1832921,76011423,1407,-0.4
20240221,41.3,41.6,41.1,41.2,1828644,75470645,1481,-0.1
20240222,41.3,41.7,41.2,41.2,1686262,69824570,1278,0.0
20240223,41.4,41.9,41.0,41.0,2157401,89357866,1690,-0.2
20240226,41.1,41.15,40.4,40.4,3106927,126194712,2616,-0.6
20240227,40.4,40.65,39.8,39.9,2651399,106265944,2176,-0.5
20240229,39.95,40.25,39.8,39.8,2139797,85433888,1741,-0.1
20240301,39.95,40.25,39.85,39.9,1763961,70579963,1262,0.1
20240304,40.0,40.65,40.0,40.1,2321510,93353318,1804,0.2
20240305,40.3,40.85,40.1,40.1,2387463,96290305,1488,0.0
20240306,40.1,40.2,39.85,39.85,2156464,86184963,1694,-0.25
20240307,40.0,40.5,39.9,39.95,3278903,131654949,2064,0.1
20240308,40.3,42.8,40.05,42.35,22081102,932506355,12640,2.4
20240311,42.15,42.75,41.2,41.6,9641071,405355954,6510,-0.75
20240312,41.55,41.55,41.15,41.2,3783713,156196821,2657,-0.4
20240313,41.5,42.1,40.6,40.7,4433140,183126456,2863,-0.5
20240314,40.85,40.85,40.1,40.2,2719726,109694280,2099,-0.5
20240315,40.05,40.1,39.7,39.7,3570730,142393674,2615,-0.5
20240318,39.55,39.55,38.75,38.8,5385580,209592025,3447,-0.9
20240319,38.9,40.3,38.9,39.6,5411391,215167942,3291,0.8
20240320,39.5,40.85,39.5,40.15,6005846,242563333,4329,0.55
20240321,40.5,40.75,40.0,40.0,3020901,121385981,2331,-0.15
20240322,40.1,40.2,39.65,39.7,3258930,129677959,2148,-0.3
20240325,39.7,40.05,39.1,39.1,3338588,131481639,2792,-0.6
20240326,39.15,39.65,38.7,38.75,3578852,139476218,2614,-0.35
20240327,38.8,39.35,38.8,39.0,2209005,86353357,1550,0.25
20240328,39.05,39.55,38.8,38.8,2160567,84373374,1723,-0.2
20240329,38.9,39.2,38.8,39.0,1414189,55054597,1106,0.2
20240401,39.0,40.1,39.0,39.9,4382832,174367817,2669,0.9
20240402,40.0,40.15,39.5,40.15,2241571,89298437,1530,0.25
20240403,40.1,40.1,39.55,39.95,1358679,54004159,1054,-0.2
20240408,40.0,40.05,39.7,40.0,1519500,60647506,1099,0.05
20240409,40.05,40.3,39.75,39.9,1822748,72815630,1375,-0.1
20240410,39.9,40.45,39.9,39.95,2208710,88688972,1515,0.05
20240411,39.9,39.95,39.55,39.55,1649118,65446791,1282,-0.4
20240412,39.65,39.8,39.35,39.45,1736568,68717029,1172,-0.1
20240415,39.45,40.2,39.25,40.1,2805072,111961023,1899,0.65
20240416,40.15,40.15,38.85,38.9,3643806,142817651,2612,-1.2
20240417,39.2,40.3,39.2,39.75,3925189,156515806,2403,0.85
20240418,40.0,40.0,39.4,39.7,2113508,83845693,1724,-0.05
20240419,39.5,39.5,38.5,38.85,3728584,145330041,2343,-0.85
20240422,39.05,39.35,38.7,38.95,2431535,94860899,1481,0.1
20240423,39.05,39.4,38.5,38.55,1953456,75544997,1443,-0.4
20240424,38.85,39.05,38.8,39.0,1309597,50949038,892,0.45
20240425,39.0,39.3,38.95,39.2,1255445,49104635,869,0.2
20240426,39.25,39.35,38.95,39.2,1397659,54647353,1061,0.0
20240429,39.2,39.5,39.2,39.5,1737789,68367367,1352,0.3
20240430,39.6,39.75,39.45,39.5,1296725,51319180,982,0.0
20240502,39.4,39.4,38.9,39.2,1813755,70863742,1391,-0.3
20240503,39.25,39.5,38.85,38.85,1700030,66419165,1337,-0.35
20240506,38.85,39.0,38.7,39.0,1540954,59840971,1256,0.15
20240507,39.0,39.2,38.7,39.2,1244326,48455809,1011,0.2
20240508,39.0,39.0,38.45,38.8,3505579,135666396,2010,-0.4
20240509,39.05,39.4,38.8,39.3,1864279,73005227,1348,0.5
20240510,39.35,40.1,39.3,39.95,4101084,162918692,2628,0.65
20240513,40.05,40.4,39.6,40.05,2774218,110975609,2049,0.1
20240514,40.05,40.05,39.6,39.65,1787208,70990486,1338,-0.4
20240515,39.65,39.85,39.5,39.55,991171,39314883,759,-0.1
20240516,39.75,39.95,39.55,39.55,1207044,47834915,889,0.0
20240517,39.7,40.4,39.4,40.35,3749353,150310437,2388,0.8
20240520,40.5,40.5,40.0,40.15,2704918,108875241,2055,-0.2
20240521,40.3,40.4,39.7,39.8,1771488,70716578,1416,-0.35
20240522,39.8,40.45,39.7,40.4,3172253,127440707,2079,0.6
20240523,40.4,40.7,39.9,39.9,2802405,113140620,2340,-0.5
20240524,39.85,40.3,39.6,40.2,1800592,72146842,1274,0.3
20240527,40.25,40.3,39.65,39.65,2717190,108435607,2023,-0.55
20240528,39.8,40.6,39.8,40.35,3985949,161037946,2711,0.7
20240529,40.25,40.35,39.85,39.85,2810241,112398025,2100,-0.5
20240530,39.85,40.05,39.6,39.6,2117823,84299012,1646,-0.25
20240531,39.7,39.95,39.0,39.1,3711042,146161510,2412,-0.5
20240603,39.15,39.3,38.9,38.95,1888910,73727903,1410,-0.15
20240604,39.1,39.3,38.6,38.7,2110464,82090581,1509,-0.25
20240605,38.7,38.8,38.45,38.55,1710061,65976463,1213,-0.15
20240606,38.7,38.8,37.75,37.75,4487734,170502081,3227,-0.8
20240607,37.7,38.3,37.7,38.2,2149032,81958206,1236,0.45
20240611,38.35,38.35,37.95,38.2,1754884,66905159,1137,0.0
20240612,38.2,38.4,37.95,38.0,1455281,55404666,1095,-0.2
20240613,38.15,38.6,37.9,37.95,2251103,85850972,1606,-0.05
20240614,38.0,38.25,37.7,37.9,2551295,96863665,1632,-0.05
20240617,37.9,38.0,37.5,37.8,2279561,86012207,1713,-0.1
20240618,37.9,38.15,37.6,37.7,1783968,67322263,1350,-0.1
20240619,37.8,38.6,37.8,38.1,3250915,124433137,2303,0.4
20240620,38.35,38.5,37.45,37.45,7936445,299593958,4809,-0.65
20240621,37.45,37.8,37.2,37.55,3378248,126838439,2186,0.1
20240624,37.6,38.15,37.6,37.8,3458054,131230453,1987,0.25
20240625,37.8,38.65,37.5,38.6,6354091,243449037,3707,0.8
20240626,38.6,38.85,38.35,38.5,4122662,159100581,2431,-0.1
20240627,38.4,38.75,38.1,38.35,2458835,94576728,1698,-0.15
20240628,38.45,38.5,37.4,37.85,18278492,688075490,8487,-0.5
20240701,37.9,38.75,37.55,38.65,15829757,607245629,6890,0.8
20240702,38.65,39.35,38.4,39.35,11343893,439593628,5994,0.7
20240703,39.4,39.9,39.15,39.9,8118929,321506009,4653,0.55
20240704,40.4,40.95,40.0,40.45,10954780,441992636,6254,0.55
20240705,40.55,41.95,40.2,41.85,14333604,593160847,8320,1.4
20240708,42.0,42.0,40.85,41.05,8486996,349547369,6766,-0.8
20240709,41.05,41.05,39.8,40.55,6230537,251062066,3966,-0.5
20240710,40.5,40.55,40.0,40.0,2411008,96930201,2069,-0.55
20240711,40.2,41.5,40.05,40.75,4936767,201340810,3185,0.75
20240712,40.5,41.15,40.25,40.7,2639441,107688947,2125,-0.05
20240715,40.75,40.8,40.15,40.15,2387841,96362933,1997,-0.55
20240716,40.15,40.4,39.8,40.0,2524606,101186941,1519,-0.15
20240717,40.15,40.45,39.95,40.05,1920990,77163916,1222,0.05
20240718,39.8,40.4,39.6,40.05,2852391,113999534,1996,0.0
20240719,40.15,40.15,38.6,38.6,4329051,169355606,2992,-1.45
20240722,38.6,38.7,37.75,37.9,2676700,101801556,1736,-0.7
20240723,37.55,38.15,37.55,37.85,1527555,57867776,1240,0.0
20240726,37.2,37.65,37.0,37.2,2029899,75667525,1399,-0.65
20240729,37.35,37.75,36.5,36.55,2321414,85658413,1717,-0.65
20240730,36.6,37.15,36.05,37.1,2365059,86217186,1543,0.55
20240731,36.8,37.2,36.6,36.8,1474164,54379418,1125,-0.3
20240801,37.5,38.25,37.35,37.5,1695827,63780798,1175,0.7
20240802,36.8,37.2,36.15,36.15,2502067,91478556,1626,-1.35
20240805,35.5,35.5,32.55,32.55,5852713,192198155,3418,-3.6
20240806,32.6,33.1,29.85,31.9,4049190,127246921,2605,-0.65
20240807,31.8,33.8,31.7,33.5,2121780,70306524,1502,1.6
20240808,33.05,33.3,32.65,32.9,1281944,42290802,965,-0.6
20240809,33.2,33.65,32.7,32.7,1615368,53585418,1173,-0.2
20240812,32.6,33.6,32.6,33.2,1347756,44801814,869,0.5
20240813,33.5,33.55,32.9,33.3,891854,29669087,783,0.1
20240814,33.6,34.0,33.5,33.75,1208401,40771768,907,0.45
20240815,33.75,33.75,33.4,33.5,927448,31117223,1296,-0.25
20240816,33.85,34.4,33.85,34.0,1371080,46740716,1056,0.5
20240819,34.25,34.3,33.85,34.1,997855,34052668,682,0.1
20240820,34.15,34.6,34.15,34.25,1159391,39877945,946,0.15
20240821,34.35,34.4,33.7,33.9,1597402,54262516,974,-0.35
20240822,34.1,34.25,33.85,34.25,872989,29776310,594,0.35
20240823,33.9,34.15,33.6,33.9,966681,32702339,707,-0.35
20240826,34.2,34.85,34.2,34.5,1059357,36617901,806,0.6
20240827,34.5,34.5,34.1,34.5,614069,21067366,698,0.0
20240828,34.45,35.3,34.45,34.85,1459410,51088843,1181,0.35
20240829,34.5,34.85,34.3,34.5,746697,25773661,741,-0.35
20240830,34.8,35.15,34.6,35.15,1068143,37367328,674,0.65
20240902,34.95,35.2,34.65,34.7,646645,22501362,656,-0.45
20240903,34.95,34.95,34.45,34.5,490251,17003728,445,-0.2
20240904,33.45,33.5,32.4,32.7,1663479,54967296,1342,-1.8
20240905,33.0,33.2,32.15,32.2,955086,31218300,837,-0.5
20240906,32.4,32.5,31.6,32.1,997156,32002362,717,-0.1
20240909,31.6,31.85,31.2,31.45,1465511,46147836,1056,-0.65
20240910,31.8,32.0,30.95,31.0,1461280,45952505,1097,-0.45
20240911,31.4,31.55,30.85,30.95,696473,21615659,596,-0.05
20240912,31.3,31.8,31.3,31.7,918161,28993171,680,0.75
20240913,31.85,32.0,31.6,32.0,676660,21482204,564,0.3
20240916,32.15,32.7,32.1,32.5,1049016,34112967,798,0.5
20240918,32.7,32.7,31.6,31.6,2043984,65340642,1671,-0.9
20240919,31.6,31.8,31.45,31.65,1095687,34651737,719,0.05
20240920,32.0,32.2,31.6,31.6,1782392,56687125,917,-0.05
20240923,31.7,31.9,31.2,31.5,1387135,43671676,997,-0.1
20240924,31.45,31.5,31.15,31.25,871798,27247620,646,0.0
20240925,31.25,31.7,31.25,31.65,1433839,45199841,811,0.4
20240926,31.8,31.95,31.6,31.6,1094238,34755693,775,-0.05
20240927,31.8,32.0,31.55,32.0,1494613,47562483,938,0.4
20240930,32.25,32.25,31.65,31.75,1205960,38386441,969,-0.25
20241001,31.85,31.85,31.4,31.5,931998,29398146,728,-0.25
20241004,31.7,31.7,31.0,31.0,1267034,39661738,955,-0.5
20241007,31.15,31.3,31.0,31.05,1205770,37508307,890,0.05
20241008,31.2,31.2,30.65,30.65,1677209,51719934,1365,-0.4
20241009,30.9,30.9,30.05,30.05,2239235,67760112,1346,-0.6
20241011,30.15,30.15,29.8,29.85,1786088,53513446,1212,-0.2
20241014,29.9,30.3,29.65,29.85,2606452,78083362,1364,0.0
20241015,29.85,30.4,29.85,29.95,2041866,61417168,1208,0.1
20241016,30.1,30.1,29.6,29.7,1830402,54540853,1527,-0.25
20241017,29.8,30.45,29.75,30.05,1312846,39543138,948,0.35
20241018,30.3,30.35,29.9,29.9,1491414,44698675,968,-0.15
20241021,30.15,30.8,30.0,30.6,1591998,48359347,1010,0.7
20241022,30.7,30.8,30.3,30.75,1129376,34513279,900,0.15
20241023,30.7,30.95,30.35,30.45,1306055,39932643,1445,-0.3
20241024,30.5,30.55,30.1,30.15,973552,29518859,698,-0.3
20241025,30.2,30.65,30.2,30.65,997969,30380149,681,0.5
20241028,30.45,30.65,29.95,30.05,1272468,38324554,1124,-0.6
20241029,30.05,30.15,29.6,29.9,1081902,32248503,866,-0.15
20241030,30.0,30.2,29.0,29.15,1755785,51635358,1366,-0.75
20241101,28.55,30.1,28.5,30.1,2594437,75926892,1380,0.95
20241104,30.05,30.55,29.6,30.1,2580162,77599031,1748,0.0
20241105,30.1,30.25,29.6,30.2,1925042,57576902,1308,0.1
20241106,30.3,30.35,29.7,29.8,1853242,55505800,1170,-0.4
20241107,29.7,31.45,29.65,31.35,4477864,137750972,2611,1.55
20241108,31.55,32.65,31.2,31.95,8827596,282357786,5215,0.6
20241111,31.7,32.3,31.05,32.1,3742896,117774169,2091,0.15
20241112,31.65,32.4,31.45,32.1,3565262,114173626,2323,0.0
20241113,31.9,32.5,31.8,31.95,2534631,81246664,1533,-0.15
20241114,31.95,32.0,30.45,30.5,4289522,132838185,2360,-1.45
20241115,29.8,30.65,29.65,29.95,9021699,270889116,3279,-0.55
20241118,29.7,30.45,29.7,30.0,3476056,104592113,2059,0.05
20241119,32.5,32.5,30.15,30.25,6375814,196915055,3134,0.25
20241120,30.2,30.35,29.35,29.4,2453341,73009062,2228,-0.85
20241121,29.45,30.15,29.1,29.9,1975313,58870923,1286,0.5
20241122,29.8,30.4,29.8,29.9,1750837,52796019,1333,0.0
20241125,30.0,30.7,30.0,30.7,1807877,55036006,1704,0.8
20241126,30.45,30.75,30.3,30.45,2594913,79117956,2027,-0.25
20241127,30.5,30.7,29.85,30.0,1583351,47870044,1418,-0.45
20241128,29.95,29.95,29.2,29.3,1580403,46487374,1351,-0.7
20241129,29.2,29.3,28.7,29.25,1492332,43325726,1070,-0.05
20241202,29.25,29.5,28.85,28.85,1482973,43150823,1183,-0.4
20241203,29.05,29.6,29.05,29.25,1496392,43865677,931,0.4
20241204,29.75,30.0,29.55,29.8,1257974,37497501,1013,0.55
20241205,30.05,30.1,29.65,29.65,1138763,34022481,934,-0.15
20241206,29.9,29.9,29.55,29.6,691237,20499352,779,-0.05
20241209,29.65,29.65,29.05,29.05,891451,26067127,795,-0.55
20241210,29.05,29.45,28.85,28.9,1563906,45426309,1085,-0.15
20241211,29.0,29.05,28.45,28.45,1457870,41834444,1122,-0.45
20241212,28.65,28.75,27.85,28.2,1656939,46844705,1390,-0.25
20241213,28.15,28.15,26.8,26.85,4254092,115336447,3081,-1.35
20241216,26.9,26.9,25.8,25.8,3490296,91300375,2499,-1.05
20241217,26.1,26.9,26.1,26.7,2210951,58848332,1619,0.9
20241218,26.7,27.2,26.6,27.1,1109656,29914851,1196,0.4
20241219,26.6,26.9,26.45,26.55,1103948,29369807,868,-0.55
20241220,26.6,26.7,26.05,26.1,1414230,37181077,842,-0.45
20241223,26.35,26.75,26.3,26.5,970002,25693401,672,0.4
20241224,26.7,29.15,26.7,29.15,5358498,152951830,3165,2.65
20241225,29.8,30.0,28.4,28.85,14702318,428800052,7798,-0.3
20241226,28.75,29.1,28.25,28.25,2603997,74539014,1794,-0.6
20241227,28.45,28.45,28.2,28.4,1274191,36069528,904,0.15
20241230,28.3,28.4,27.25,27.25,1608671,44516227,1332,-1.15
20241231,27.25,27.35,26.9,27.1,1018190,27581135,709,-0.15
20250102,27.15,27.35,26.9,26.9,934229,25279800,611,-0.2
20250103,26.9,27.35,26.5,26.55,989719,26489105,797,-0.35
20250106,26.65,26.95,26.4,26.8,1186248,31689438,901,0.25
20250107,27.0,27.05,26.3,26.3,1054192,27987189,1036,-0.5
20250108,26.3,26.45,26.0,26.3,1297819,33943639,848,0.0
20250109,26.1,26.15,24.5,24.55,4023581,101436327,2933,-1.75
20250110,24.55,24.6,23.7,23.8,2871365,68764170,1796,-0.75
20250113,23.5,23.75,23.05,23.2,2727214,63545388,1562,-0.6
20250114,23.3,23.85,23.3,23.75,1639891,38671985,1057,0.55
20250115,23.65,23.8,23.4,23.5,1678536,39592521,1192,-0.25
20250116,23.8,24.3,23.8,24.1,1664450,39974763,1230,0.6
20250117,24.35,24.4,23.8,23.9,1047478,25158201,736,-0.2
20250120,24.15,24.6,24.05,24.6,1250308,30483620,956,0.7
20250121,24.7,24.75,24.4,24.4,769636,18871213,673,-0.2
20250122,24.6,24.65,24.25,24.65,997561,24411944,768,0.25
20250203,24.1,24.1,23.45,23.65,1557687,36916723,1203,-1.0
20250204,23.9,23.9,23.25,23.25,1028240,24078649,926,-0.4
20250205,23.6,23.8,23.4,23.4,994483,23413661,795,0.15
20250206,23.55,24.2,23.55,24.05,1261547,30156787,968,0.65
20250207,24.0,24.25,23.8,24.2,794889,19145759,631,0.15
20250210,24.2,24.2,23.85,24.0,883282,21264972,777,-0.2
20250211,24.45,25.0,24.35,24.35,1597219,39217791,1188,0.35
20250212,24.4,24.65,23.9,23.9,1518042,36879502,1096,-0.45
20250213,23.9,25.65,23.85,25.2,4280180,107684071,2872,1.3
20250214,24.7,25.5,24.7,25.5,2698658,67891314,2155,0.3
20250217,25.45,25.95,25.05,25.45,3842854,98223596,2636,-0.05
20250218,25.8,25.95,25.35,25.4,3778980,96694512,2480,-0.05
20250219,25.6,26.3,25.6,26.0,5909383,153586209,3120,0.6
20250220,25.9,26.6,25.8,26.5,3091545,81152510,2296,0.5
20250221,26.3,26.65,26.1,26.55,2356064,62252281,1661,0.05
20250224,26.45,27.05,26.2,26.25,3112684,82855435,2340,-0.3
20250225,26.2,26.95,25.75,26.7,3028107,80379793,2032,0.45
20250226,26.5,26.7,26.3,26.35,2360526,62482354,1599,-0.35
20250227,26.4,26.95,25.55,25.55,19002551,486973811,1875,-0.8
20250303,25.2,25.4,25.0,25.0,2590981,65223146,1558,-0.55
20250304,24.8,25.9,24.55,25.8,1773904,44760330,1407,0.8
20250305,25.8,27.1,25.65,26.9,4403849,117654526,3028,1.1
20250306,27.35,27.75,27.1,27.2,5066999,138574442,3660,0.3
20250307,26.6,27.2,26.5,26.65,2043265,54534216,1777,-0.55
20250310,26.3,26.65,26.05,26.2,1542177,40649484,1105,-0.45
20250311,25.8,25.85,25.25,25.7,2806204,71637829,1609,-0.5
20250312,25.95,26.3,25.7,25.7,1735085,45057062,1235,0.0
20250313,26.1,26.3,25.05,25.05,1660179,42387030,1241,-0.65
20250314,25.35,25.5,25.05,25.35,1000617,25336123,734,0.3
20250317,25.3,25.55,24.9,24.9,1998911,50269722,1487,-0.45
20250318,25.0,25.2,24.8,24.85,1213833,30296306,919,-0.05
20250319,25.0,25.1,24.65,24.65,1452751,35973061,1095,-0.2
20250320,24.75,25.1,24.75,25.0,1032467,25751521,840,0.35
20250321,25.0,25.05,24.8,24.8,822100,20484563,719,-0.2
20250324,24.9,25.0,24.15,24.2,1578654,38607296,1376,-0.6
20250325,24.4,24.55,23.7,23.85,1736014,41616573,1405,-0.35
20250326,23.85,24.1,23.8,23.9,1013045,24252050,871,0.05
20250327,23.75,23.85,23.5,23.6,1261790,29770000,1017,-0.3
20250328,23.6,23.6,22.8,23.1,2628239,60573054,1669,-0.5
20250331,22.0,22.2,21.0,21.15,3833164,82289711,2378,-1.95
20250401,21.4,21.75,21.25,21.55,1458327,31410312,1036,0.4
20250402,21.6,21.7,21.2,21.7,1414257,30451570,952,0.15
20250407,19.55,19.55,19.55,19.55,491927,9617041,576,-2.15
20250408,17.6,18.0,17.6,17.6,3359696,59265154,1941,-1.95
20250409,16.95,16.95,15.85,15.85,5596678,90632871,2879,-1.75
20250410,17.4,17.4,17.4,17.4,1274202,22171093,618,1.55
20250411,17.25,18.45,16.3,18.45,3245634,57971024,2333,1.05
20250414,19.0,19.8,18.85,19.3,3159655,60995928,1820,0.85
20250415,19.3,19.85,19.2,19.8,1738280,34050600,1229,0.5
20250416,19.6,19.9,19.3,19.55,1506267,29550948,1168,-0.25
20250417,19.6,20.05,19.3,19.9,1349413,26676535,1016,0.35
20250418,19.9,20.15,19.6,19.6,1091519,21653166,1126,-0.3
20250421,19.8,19.8,19.05,19.05,950166,18332488,1190,-0.55
20250422,19.0,19.7,18.75,19.1,1681616,32266629,1521,0.05
20250423,19.9,20.15,19.55,19.6,1224111,24165447,938,0.5
20250424,19.8,19.85,19.6,19.6,613836,12071884,432,0.0
20250425,19.8,20.45,19.8,20.25,1756040,35429434,1130,0.65
20250428,20.25,20.45,20.25,20.35,710484,14439756,523,0.1
20250429,20.6,20.85,20.35,20.8,1205084,24917399,867,0.45
20250430,20.8,21.1,20.05,20.1,1549969,31753424,1145,-0.7
20250502,20.7,20.7,20.15,20.25,1433010,29158475,948,0.15
20250505,20.4,20.5,19.35,19.9,1762419,34862016,927,-0.35
20250506,19.65,20.3,19.65,20.05,1811202,36354639,989,0.15
20250507,20.2,20.2,19.6,19.75,1916910,37880723,1111,-0.3
20250508,19.8,20.25,19.75,20.0,2739718,54676234,1402,0.25
20250509,20.3,20.4,19.9,20.15,1072078,21557198,628,0.15
20250512,20.25,20.75,20.25,20.65,1899429,39043184,1025,0.5
20250513,21.15,21.15,20.7,20.8,1191579,24904730,841,0.15
20250514,21.0,21.6,21.0,21.6,2106644,44936124,1274,0.8
20250515,21.6,21.9,21.25,21.9,1737512,37560442,1143,0.3
20250516,21.7,22.4,21.65,22.3,2116565,47035714,1416,0.4
20250519,22.3,22.3,22.05,22.1,1514168,33593370,921,-0.2
20250520,22.3,22.4,22.0,22.05,969492,21486449,692,-0.05
20250521,22.05,24.25,22.05,24.15,17743135,422869332,10538,2.1
20250522,23.65,24.0,23.25,23.85,7666639,181233043,4232,-0.3
20250523,23.8,23.85,23.2,23.25,2619278,61323319,1752,-0.6
20250526,23.55,23.55,22.25,22.45,3368583,76134235,2289,-0.8
20250527,22.7,22.7,21.8,21.8,2371086,52453816,1406,-0.65
20250528,22.25,22.3,21.6,21.65,1095532,23911733,818,-0.15
20250529,21.8,21.9,21.45,21.55,921516,19927011,638,-0.1
20250602,21.55,21.55,20.2,20.4,1986651,40976412,1292,-1.15
20250603,20.95,20.95,20.1,20.2,1251291,25402858,831,-0.2
20250604,20.5,20.75,20.35,20.6,1220668,25151271,784,0.4
20250605,20.7,21.3,20.55,21.15,1319641,27714431,807,0.55
20250606,21.2,21.2,20.85,20.95,587446,12316304,449,-0.2
20250609,20.95,21.1,20.5,20.7,667999,13868182,532,-0.25
20250610,20.85,21.35,20.85,21.1,865987,18329538,638,0.4
20250611,21.25,21.95,21.05,21.8,1822731,39411529,1161,0.7
20250612,21.95,22.2,21.8,21.85,871765,19137919,654,0.05
20250613,21.9,21.9,20.95,21.0,1384596,29557146,1121,-0.85
20250616,20.9,21.05,20.7,20.95,681556,14233665,500,-0.05
20250617,21.4,21.4,21.0,21.1,1153248,24423804,580,0.15
20250618,21.35,21.85,21.3,21.7,1665850,36026562,1060,0.6
20250619,21.75,21.75,21.1,21.1,1153317,24504078,839,-0.6
20250620,21.1,21.25,20.2,20.3,1650857,33813727,1125,-0.8
20250623,20.15,20.55,19.5,20.55,1174389,23701154,789,0.25
20250624,20.9,21.6,20.7,21.3,1247679,26572370,904,0.75
20250625,21.65,22.2,21.55,21.6,1165556,25376349,832,0.3
20250626,21.65,22.6,21.55,22.2,2657077,59086365,1588,0.6
20250627,22.55,22.55,21.8,21.95,1529167,33723095,818,-0.25
20250630,21.8,21.9,21.45,21.6,998226,21620217,676,-0.35
20250701,21.6,21.9,21.3,21.35,1046541,22575196,690,-0.25
20250702,21.4,21.45,21.3,21.35,481946,10311932,385,0.0
20250703,21.6,22.35,21.6,22.05,1696988,37364410,1138,0.7
20250704,22.2,22.2,21.3,21.3,1076810,23147135,739,-0.75
20250707,21.05,21.1,20.55,20.6,943218,19520038,755,-0.7
20250708,20.5,20.6,20.15,20.35,817712,16614760,612,-0.25
20250709,20.6,20.95,20.55,20.85,700618,14573692,513,0.5
20250710,21.0,21.15,20.7,20.8,499819,10421739,486,-0.05
20250711,20.85,21.2,20.75,20.85,687027,14382619,451,0.05
20250714,21.15,21.2,20.65,20.75,636587,13272787,422,-0.1
20250715,20.85,21.1,20.8,20.9,652458,13641594,474,0.15
20250716,20.9,21.45,20.75,21.2,1251350,26537656,779,0.3
20250717,22.7,23.3,22.65,23.3,11360425,264215089,2779,2.1
20250718,23.8,24.95,23.5,24.7,44308852,1074872667,20353,1.4
20250721,24.25,24.25,23.25,23.3,11639006,275152070,6651,-1.4
20250722,23.35,23.35,21.95,22.25,8311370,187605143,5061,-1.05
20250723,22.2,22.95,22.1,22.9,4778543,108076295,2473,0.65
20250724,23.1,23.8,22.6,23.45,6783582,158215298,3566,0.55
20250725,23.5,23.55,22.8,23.0,3577665,82833701,2194,-0.45
20250728,23.05,23.35,22.7,23.15,2193960,50740774,1189,0.15
20250729,23.3,23.6,22.95,22.95,2392288,55545108,1651,-0.2
20250730,23.4,23.75,22.7,23.75,3816892,89428547,2187,0.8
20250731,23.75,23.75,22.95,23.15,2929680,68087587,1884,-0.6
20250801,22.8,23.9,22.4,23.9,4446634,104901424,2661,0.75
20250804,23.55,23.65,23.1,23.4,2599790,60790944,1605,-0.5
20250805,23.5,23.95,23.45,23.6,2286112,54081539,1377,0.2
20250806,23.6,23.7,23.0,23.4,1848310,43158156,1213,-0.2
20250807,24.35,24.9,23.45,23.45,10552256,254778828,5719,0.05
20250808,23.5,23.75,23.0,23.0,3737777,86546270,2084,-0.45
20250811,22.8,23.0,22.4,22.85,1812289,41237368,1213,-0.15
20250812,22.85,23.6,22.85,23.3,2103369,48930696,1166,0.45
20250813,23.7,24.0,23.2,23.5,3985495,94414421,2039,0.2
20250814,23.8,24.65,23.65,24.35,8118720,197169684,4428,0.85
20250815,24.4,24.5,23.9,24.35,3928104,95232496,2204,0.0
20250818,24.35,24.8,24.2,24.45,3812561,93309321,2054,0.1
20250819,24.45,24.8,24.05,24.35,3836838,94101776,2044,-0.1
20250820,24.15,24.2,23.4,23.6,3712757,88338922,2242,-0.75
20250821,23.95,25.5,23.9,25.25,7591236,189271971,4358,1.65
20250822,25.4,25.45,24.55,24.6,4140658,102815052,2733,-0.65
20250825,25.25,25.25,24.1,24.1,3536466,86478016,2214,-0.5
20250826,24.2,24.6,24.0,24.4,2024282,49097210,1282,0.3
20250827,25.5,25.5,24.5,24.55,4566218,113070666,2106,0.15
20250828,24.45,24.6,24.15,24.3,2115048,51556416,1377,-0.25
20250829,24.55,24.65,24.05,24.05,2055100,49731879,1211,-0.25
20250901,24.0,24.15,23.2,23.4,2569992,60658785,1478,-0.65
20250902,23.5,23.75,23.1,23.2,1600020,37405640,864,-0.2
20250903,23.2,24.6,23.2,23.8,4540015,109380961,2854,0.6
20250904,24.15,25.2,24.15,24.75,8601443,212854740,4530,0.95
20250905,24.9,25.4,24.4,25.3,7429097,185944746,3717,0.55
20250908,25.8,26.6,25.1,26.15,10709759,277424446,6241,0.85
20250909,26.3,26.35,25.6,25.9,5033760,130398200,3191,-0.25
20250910,25.75,25.8,25.1,25.3,4100867,103945802,2880,-0.6
20250911,25.3,26.25,24.65,24.65,6156781,156202048,3519,-0.65
20250912,24.8,27.1,24.8,27.1,13892249,368642249,6991,2.45
20250915,28.8,29.8,28.8,29.8,11636439,343028767,4429,2.7
20250916,31.2,32.45,30.15,31.95,83445732,2606689131,42569,2.15
20250917,31.7,34.8,31.0,33.1,96173715,3213694131,53680,1.15
20250918,32.8,34.7,31.9,33.45,71613013,2395019937,40211,0.35
20250919,33.1,33.4,31.05,31.4,39370214,1259194981,20407,-2.05
20250922,31.1,31.75,30.4,30.9,15492552,478080500,10776,-0.5
20250923,31.25,31.6,30.6,31.3,10494283,325996559,7881,0.4
20250924,31.6,33.55,30.8,31.1,43214627,1391776921,23204,-0.2
20250925,31.0,31.95,30.45,31.7,13000088,405050720,8130,0.6
20250926,31.7,32.45,29.65,29.7,20244002,616429344,12011,-2.0
20250930,29.85,30.7,29.45,30.45,7934583,239167039,4952,0.75
20251001,30.45,31.85,30.25,30.5,9883622,305082712,6737,0.05
20251002,30.5,30.9,30.2,30.5,6785560,207619740,3998,0.0
20251003,31.1,32.3,30.4,30.45,29444534,923400799,15082,-0.05
20251007,30.55,31.5,30.15,31.05,9046595,280400495,5125,0.6
20251008,30.9,31.7,30.2,30.75,12459096,383312285,6920,-0.3
20251009,31.05,31.25,30.5,30.8,7361171,227473091,4398,0.05
20251013,27.9,31.5,27.9,31.35,14430118,430213527,8164,0.55
20251014,31.3,31.55,29.7,29.7,12033670,367867630,7412,-1.65
20251015,30.0,31.45,29.5,31.3,11083645,341850642,6458,1.6
20251016,31.2,32.45,31.2,31.6,17468282,556785662,9984,0.3
20251017,31.5,31.5,30.7,30.9,6480679,200869517,5190,-0.7
20251020,30.95,32.8,30.75,32.55,19178642,615623236,9853,1.65
20251021,33.1,35.8,32.8,35.8,44359756,1540577026,19245,3.25
20251022,35.75,37.3,34.25,34.4,101251095,3621028486,52466,-1.4
20251023,33.85,34.45,33.4,33.8,15335356,518239547,9557,-0.6
20251027,34.7,35.1,33.1,33.55,20787088,704894046,11792,-0.25
20251028,33.55,34.2,32.85,33.2,12763107,425334773,7929,-0.35
20251029,33.3,33.65,32.2,32.3,12423512,405393570,7459,-0.9
20251030,32.25,32.45,31.65,31.9,7801965,249051818,4616,-0.4
20251031,32.2,32.8,31.05,31.3,8483671,268133688,5161,-0.6
20251103,31.0,31.8,30.8,31.05,5054140,157865376,2930,-0.25
20251104,31.2,31.45,30.25,30.25,5670969,173550547,3534,-0.8
20251105,29.7,30.15,29.15,29.35,7404125,218028804,4205,-0.9
20251106,29.55,29.7,29.15,29.4,5094416,149581822,2982,0.05
20251107,29.1,29.2,28.65,28.75,5314511,153617689,3056,-0.65
20251110,29.0,29.4,28.35,29.1,5212644,151212945,2946,0.35
20251111,29.3,30.6,29.3,30.3,6859678,205829642,4549,1.2
20251112,30.0,30.5,29.8,29.9,4875057,146191641,3681,-0.4
20251113,29.7,30.0,29.45,29.75,4786573,142114049,2563,-0.15
20251114,29.35,30.0,29.25,29.3,3333063,98437138,1888,-0.45
20251117,29.5,29.7,28.6,28.8,4548538,131607442,2754,-0.5
20251118,28.85,28.9,27.15,27.45,6489930,180613677,3713,-1.35
20251119,27.45,27.8,26.95,27.15,3710687,101257395,2208,-0.3
20251120,27.9,28.4,27.65,28.15,2946780,82587218,1901,1.0
20251121,27.45,27.8,26.85,27.05,3407605,92555675,2368,-1.1
20251124,27.3,27.75,27.05,27.75,2171244,59378493,1357,0.7
20251125,28.05,28.85,27.95,28.8,3554969,101452232,2462,1.05
20251126,29.2,29.2,28.4,28.55,2389502,68559076,2407,-0.25
20251127,28.65,28.95,28.5,28.65,1657772,47504890,1024,0.1
20251128,28.75,29.3,28.6,28.65,2201706,63616246,1398,0.0
20251201,29.65,30.45,28.65,28.65,11855449,350031197,6549,0.0
20251202,28.95,28.95,28.4,28.4,2304640,65954179,1769,-0.25
20251203,28.55,29.7,28.55,29.25,5027877,147095755,2668,0.85
20251204,29.45,29.55,28.9,29.0,2137186,62364106,1737,-0.25
20251205,29.15,29.3,28.85,29.0,1917894,55712963,1102,0.0
20251208,29.1,29.15,28.75,29.1,1839023,53301287,1137,0.1
20251209,29.25,29.25,28.85,29.0,1769060,51355672,1061,-0.1
20251210,29.0,29.5,28.8,28.8,2326445,67662414,1329,-0.2
20251211,28.9,29.1,28.35,28.35,2357618,67469814,1492,-0.45
20251212,28.6,29.35,28.6,29.0,3378059,98193926,1790,0.65
20251215,28.65,29.35,28.25,29.0,2876507,82931536,1887,0.0
20251216,28.85,29.65,28.4,28.65,4360309,126446012,2857,-0.35
20251217,29.0,31.5,29.0,31.5,22738399,708730581,10073,2.85
20251218,31.6,32.95,30.2,30.95,52322869,1642856435,24739,-0.55
20251219,30.9,31.5,30.2,30.4,15880975,485763908,7240,-0.55
20251222,30.45,31.4,30.2,31.4,8281295,255512103,4632,1.0
20251223,31.65,31.95,31.0,31.2,7527974,236751432,4747,-0.2
20251224,31.45,31.75,30.4,30.65,4959137,153192167,3347,-0.55
20251226,30.6,31.6,30.35,31.2,7493845,234030399,3845,0.55
20251229,31.35,32.2,30.7,30.7,8520553,268504789,5486,-0.5
20251230,30.7,31.2,30.35,30.95,4549978,140246463,2782,0.25
20251231,31.05,31.7,30.8,30.8,7158697,224240224,4239,-0.15
20260102,31.0,31.75,30.75,31.25,6435833,202016616,3849,0.45
20260105,31.9,32.4,31.2,31.7,9165799,290696138,6440,0.45
20260106,32.4,34.85,32.3,33.4,53306982,1800417123,26850,1.7
20260107,33.55,35.55,33.15,34.95,47252796,1642577331,24402,1.55
20260108,35.1,35.5,33.55,33.8,23718797,816269415,13742,-1.15
20260109,33.8,33.8,32.0,33.05,14098403,463058773,8385,-0.75
20260112,33.6,36.0,33.6,35.85,25401594,899637370,15645,2.8
20260113,36.25,36.3,35.0,36.0,28551295,1021594422,15635,0.15
20260114,36.4,39.6,36.05,39.6,60808239,2322311743,28807,3.6
20260115,40.0,40.05,36.95,39.9,66358778,2547840119,33346,0.3
20260116,40.3,41.5,38.5,38.5,48643386,1910739721,24427,-1.4
20260119,38.5,39.2,38.0,38.85,23727515,917984161,13051,0.35
20260120,38.85,40.75,37.85,39.65,40317929,1604480334,21340,0.8
20260121,39.6,43.2,39.4,39.9,78038247,3218934721,45205,0.25
20260122,41.5,42.3,39.1,39.1,45921677,1875883263,27965,-0.8
20260123,39.45,40.8,38.6,38.7,25981740,1017390748,14392,-0.4
20260126,38.5,39.95,37.75,39.65,21310276,829266832,12476,0.95
20260127,39.65,40.0,38.7,39.25,12834439,503071290,8137,-0.4
20260128,39.45,40.5,38.2,38.3,21777932,855957503,13196,-0.95
20260129,38.45,38.75,37.15,37.95,15540768,585520388,8801,-0.35
20260130,37.75,38.45,36.0,36.95,12466390,461009547,8480,-1.0
20260202,36.1,36.35,34.85,35.1,10934584,387744572,6587,-1.85
20260203,36.25,37.65,35.7,35.8,9600868,350064068,6324,0.7
20260204,35.6,36.3,35.4,36.05,6441051,231549875,4173,0.25
20260205,35.7,35.95,34.1,34.1,7650770,267093803,4950,-1.95
20260206,33.85,34.4,32.55,33.65,7167204,240203716,4343,-0.45
20260209,34.85,35.2,34.3,34.95,5090795,177058750,3089,1.3
20260210,35.35,36.95,35.05,35.45,11155479,400278638,7436,0.5
20260211,35.2,35.6,33.8,34.1,9155159,313540039,6654,-1.35
20260223,34.4,34.85,33.65,34.5,5579267,192176404,3631,0.4
20260224,34.45,35.7,34.45,35.7,6021151,212514289,3710,1.2
20260225,36.15,36.15,34.5,34.65,7504923,262854193,5045,-1.05
20260226,35.1,36.8,34.9,36.25,14067337,508756165,8004,1.6
20260302,34.9,35.8,34.65,35.2,7358554,259341945,5271,-1.05
20260303,35.6,36.15,33.7,33.95,9961792,344717360,5954,-1.25
20260304,33.05,33.35,30.95,32.25,10934509,352733221,6147,-1.7
20260305,33.25,34.15,33.0,33.5,5773427,194028420,3470,1.25
20260306,33.6,33.8,32.95,33.75,3779181,126247592,2753,0.25
20260309,31.55,32.0,30.65,31.95,7439457,234321943,4190,-1.8
20260310,33.1,33.8,32.75,33.15,5260727,174652633,3177,1.2
20260311,33.95,34.1,33.6,33.85,3572697,121095932,2692,0.7
20260312,33.8,33.8,32.2,32.5,5618932,184546802,4513,-1.35
20260313,32.0,32.3,31.65,31.95,4175476,133506130,2897,-0.55
20260316,32.0,33.35,31.95,32.8,5190180,169672840,3437,0.85
20260317,33.25,34.1,33.15,33.55,6037433,203550453,3896,0.75
20260318,34.1,36.9,34.1,36.9,30680457,1105724193,18032,3.35
20260319,36.35,38.95,36.0,37.3,51731525,1951106604,29257,0.4
20260320,38.0,38.7,36.15,36.95,19910472,740889764,12288,-0.35
20260323,35.7,35.7,34.2,34.2,9299170,323364918,7087,-2.75
20260324,34.95,35.8,33.6,33.7,7380005,254105599,4689,-0.5
20260325,34.3,34.8,34.05,34.6,4417734,152213446,3221,0.9
20260326,34.9,36.25,34.65,35.55,9853103,352306907,6606,0.95
20260327,34.7,34.95,33.85,34.9,6583022,226812591,4435,-0.65
20260330,34.05,34.45,33.35,33.45,4725683,159473683,3050,-1.45
20260331,33.05,34.0,32.3,32.75,5604657,185134528,3933,-0.7
20260401,33.7,34.1,32.55,32.55,6025820,199026993,3644,-0.2
20260402,32.8,33.05,31.3,31.3,5887617,187824946,3947,-1.25
20260407,31.8,31.95,30.8,30.9,3185598,99309150,2314,-0.4
20260408,31.7,33.6,31.7,33.55,5198312,170000390,3617,2.65
20260409,33.55,33.8,32.65,33.3,4835516,160569174,3974,-0.25
20260410,33.4,36.3,33.4,35.95,17652368,623818991,10205,2.65
20260413,35.95,36.95,35.3,35.85,11220021,405050814,8814,-0.1
20260414,36.35,37.95,36.3,37.1,14276528,529483318,8797,1.25
20260415,37.4,38.0,36.55,36.65,9501753,352977422,7223,-0.45
20260416,37.05,37.45,36.0,37.0,10290885,380321007,7875,0.0
20260417,37.05,37.65,35.8,35.8,7561155,275254168,6302,-1.2
20260420,36.15,39.35,36.0,39.35,43780581,1691255812,21606,3.55
20260421,40.9,43.25,39.6,43.25,74341862,3116503291,36236,3.9
20260422,44.05,45.0,42.5,45.0,102141473,4478468124,51434,1.75
20260423,46.2,48.6,40.5,40.7,84897001,3706063898,45074,-4.3
20260424,41.15,43.0,40.25,40.7,46671761,1935574498,23405,0.0
20260427,41.1,43.7,39.7,40.3,48721307,2017245864,24932,-0.4
20260428,40.1,42.5,38.35,40.0,39082904,1586243228,21452,-0.3
20260429,39.25,40.9,38.85,39.0,18558749,734810661,11555,-1.0
20260430,39.35,41.4,39.3,40.1,38175967,1537331848,20770,1.1
20260504,40.95,44.1,40.9,44.1,58707353,2538543363,30623,4.0
20260505,44.2,48.5,43.8,48.5,63957893,2994639320,30134,4.4
20260506,51.5,53.0,48.6,50.6,150163860,7630677985,73441,2.1
20260507,51.5,55.6,51.0,55.6,69286091,3733695699,36144,5.0
20260508,56.3,60.0,53.0,56.9,165138906,9318044045,88197,1.3
20260511,58.6,61.5,57.4,58.6,106772000,6356224000,59627,1.7
20260512,57.0,57.3,55.0,56.3,20610000,1155758000,13719,-2.3
20260513,54.1,55.3,54.0,55.3,12611000,688559000,8516,-1.0
20260514,57.3,57.6,56.8,57.4,11345000,648600000,7829,2.1
20260515,59.3,59.3,55.0,55.2,12330000,692832000,8181,-2.2
20260518,53.7,55.0,52.1,55.0,9317000,496755000,6042,-0.2
20260519,55.7,56.3,54.1,55.5,6439000,356445000,4956,0.5
20260520,56.4,58.0,55.5,57.9,12713000,726467000,8352,2.4
20260521,62.8,63.6,61.5,63.6,31544000,1986604000,18018,5.7
20260522,65.5,69.9,65.4,69.9,29306000,2022739000,15968,6.3
20260525,75.9,76.8,75.9,76.8,12618000,966134000,6448,6.9
20260526,84.4,84.4,84.4,84.4,22357000,1886956000,7941,7.6
20260527,85.4,92.8,79.3,90.2,210084000,18410447000,111574,5.8
20260528,90.2,99.2,89.5,90.7,17288000,1621131000,10330,0.5
20260529,99.0,99.7,96.0,99.5,14736000,1458493000,9432,8.8
20260601,100.0,101.5,96.6,97.0,9818000,967106000,7211,-2.5
20260602,96.6,96.6,87.3,90.1,14773000,1317063000,9044,-6.9
20260603,92.3,96.9,92.3,96.9,9019000,862431000,5075,6.8
20260604,94.0,94.3,89.9,90.9,4612000,423885000,3855,-6.0
20260605,86.0,87.5,83.3,85.5,11150000,948214000,5809,-5.4
20260608,77.0,80.0,77.0,80.0,13537000,1062184000,6055,-5.5
20260609,83.0,88.0,81.7,87.2,9833000,853150000,4387,7.2
20260610,85.5,89.4,78.5,78.5,8994000,746954000,7303,-8.7
20260611,79.5,80.9,71.7,80.9,11063000,847229000,5436,2.4
20260612,88.9,88.9,87.0,88.9,9408000,833334000,7588,8.0
20260615,94.2,97.7,94.2,97.7,7677000,746255000,6369,8.8
20260616,104.0,107.0,103.0,107.0,19531000,2068727000,12556,9.3
20260617,107.0,117.5,103.5,114.0,172355000,19522672000,92073,7.0
20260618,119.5,122.0,110.0,120.0,115178000,13398762000,78414,6.00
