date,open,high,low,close,volume,turnover,transactions,price_change
20100104,96.5,96.5,94.0,94.1,2442034,231487786,1433,-1.8
20100105,96.0,96.0,91.7,92.9,2871587,268523272,1495,-1.2
20100106,94.7,99.4,93.5,99.4,10589758,1036492380,5489,6.5
20100107,100.0,106.0,100.0,104.5,14154384,1472359936,6864,5.1
20100108,105.0,110.5,102.5,110.5,7316043,779316230,4430,6.0
20100111,112.0,118.0,112.0,118.0,6548916,760167588,3779,7.5
20100112,122.0,126.0,121.0,126.0,9677824,1201514324,5664,8.0
20100113,128.0,134.5,126.5,134.5,14010358,1849342591,7827,8.5
20100114,139.5,143.5,138.5,143.5,8517209,1205963938,4990,9.0
20100115,153.5,153.5,153.5,153.5,3306578,507559672,1775,10.0
20100118,164.0,164.0,159.0,164.0,8236106,1344415884,4194,10.5
20100119,175.0,175.0,155.0,157.0,18567018,3044142254,10145,-7.0
20100120,156.0,160.0,146.5,153.5,15219210,2334342710,8227,-3.5
20100121,150.0,160.0,150.0,155.5,11939273,1866958315,6281,2.0
20100122,154.0,166.0,154.0,166.0,10449558,1667615128,5493,10.5
20100125,173.5,174.0,157.0,157.0,13770187,2264116859,7476,-9.0
20100126,162.0,164.0,148.0,154.5,15480486,2448111344,9211,-2.5
20100127,156.5,158.0,144.0,147.0,10707866,1617816070,6435,-7.5
20100128,147.0,157.0,138.5,157.0,17413389,2585915573,10417,10.0
20100129,146.5,146.5,146.5,146.5,2706331,396477485,1512,-10.5
20100201,136.5,136.5,136.5,136.5,1385561,189129076,648,-10.0
20100202,127.0,142.0,127.0,128.5,19110471,2557150317,10945,-8.0
20100203,130.0,132.5,120.0,127.0,14914779,1894436933,8268,-1.5
20100204,129.0,130.0,121.0,121.0,8827696,1102128716,4960,-6.0
20100205,113.5,121.0,113.0,113.0,9417177,1090278501,5059,-8.0
20100206,113.5,115.0,105.5,105.5,12197763,1336744989,6593,-7.5
20100208,100.0,103.0,98.2,98.2,9610747,955684452,5112,-7.3
20100209,92.0,105.0,91.4,105.0,19590635,1923435675,10258,6.8
20100210,112.0,112.0,111.0,112.0,4186663,468219256,2057,7.0
20100222,119.5,119.5,119.5,119.5,1550399,185272675,754,7.5
20100223,127.5,127.5,114.0,119.5,18510240,2251492800,9666,0.0
20100224,119.0,125.0,116.0,123.0,9191171,1120630533,5094,3.5
20100225,125.0,127.0,121.0,122.5,6852850,849055121,4092,-0.5
20100226,124.5,124.5,120.0,121.0,4092346,499018866,2518,-1.5
20100301,122.0,126.0,120.0,125.0,4531815,556951375,2911,4.0
20100302,125.5,129.0,124.0,125.5,6200240,785312117,3980,0.5
20100303,127.0,127.5,122.5,122.5,4476286,560548892,2754,-3.0
20100304,123.0,125.0,121.5,123.0,4300290,529386670,2624,0.5
20100305,127.0,131.5,126.0,131.5,3610804,472202220,1569,8.5
20100308,140.5,140.5,134.0,136.0,9483299,1298802501,5254,4.5
20100309,136.0,138.0,133.5,135.5,4377254,595538790,2657,-0.5
20100310,136.5,139.5,135.5,138.0,4269843,587668907,2717,2.5
20100311,140.0,142.5,139.0,141.0,5300928,746661848,3513,3.0
20100312,143.5,143.5,132.0,132.5,9657108,1323156298,5705,-8.5
20100315,131.5,131.5,123.5,123.5,10196805,1281541909,6004,-9.0
20100316,117.0,126.0,117.0,124.0,6894804,847414696,4035,0.5
20100317,130.0,132.5,126.5,132.5,8791498,1144429479,5148,8.5
20100318,132.0,134.5,131.0,132.0,6594815,877621765,4096,-0.5
20100319,133.0,138.0,131.0,134.5,5661123,762744982,3699,2.5
20100322,135.5,138.0,134.0,134.5,4408761,597486350,2703,0.0
20100323,136.5,138.0,134.0,134.5,4169798,566706325,2513,0.0
20100324,137.5,137.5,134.0,137.5,3601400,490024300,2288,3.0
20100325,138.0,141.0,136.0,137.0,5410740,748713880,3396,-0.5
20100326,136.0,138.5,128.0,131.5,4714066,631776675,3177,-5.5
20100329,132.5,136.0,129.0,132.0,4398605,584257255,2895,0.5
20100330,134.0,135.0,132.0,133.0,2473053,329406549,1613,1.0
20100331,135.0,139.0,133.5,138.0,5395048,739017624,3328,5.0
20100401,140.0,142.0,136.5,136.5,4746362,660353408,2845,-1.5
20100402,137.5,141.5,136.0,140.0,4380895,608828800,2550,3.5
20100406,142.0,144.5,134.0,135.5,7789129,1084346415,4323,-4.5
20100407,136.5,139.5,134.5,139.5,5801187,796211493,2963,4.0
20100408,142.0,142.0,135.0,135.5,6088171,840288659,3374,-4.0
20100409,137.0,137.5,134.0,134.5,5838604,790220127,2884,-1.0
20100412,135.0,136.0,126.0,130.0,2642531,344920030,1915,-4.5
20100413,130.0,132.0,127.0,131.0,1434982,187050642,953,1.0
20100414,132.5,135.0,131.5,135.0,1395705,185733175,928,4.0
20100415,136.0,138.0,132.0,132.0,3220055,434905205,1909,-3.0
20100416,132.0,133.5,129.0,129.0,2692394,352959326,1735,-3.0
20100419,127.0,130.0,126.0,126.0,3170781,404192406,1987,-3.0
20100420,128.0,128.0,124.0,126.0,3267278,411974528,2044,0.0
20100421,127.0,128.0,126.0,127.0,1977127,250824059,1365,1.0
20100422,127.0,129.5,126.0,129.5,2095591,267391030,1345,2.5
20100423,130.0,134.0,130.0,131.0,3209016,423782596,2136,1.5
20100426,131.0,132.5,130.5,132.5,2171823,285610636,1347,1.5
20100427,133.0,133.5,130.0,130.0,1722149,226717221,1152,-2.5
20100428,126.0,132.0,126.0,129.0,2591263,335292427,1524,-1.0
20100429,128.0,129.0,124.0,125.0,3175633,402114125,2072,-4.0
20100430,120.0,124.0,116.5,116.5,7022158,829461901,4528,-8.5
20100503,116.5,116.5,108.5,109.0,3926063,436898367,2477,-7.5
20100504,109.0,116.5,109.0,116.5,5696469,642144137,3570,7.5
20100505,115.5,119.0,113.0,119.0,6347250,744470750,4092,2.5
20100506,119.0,119.0,111.0,111.0,3555724,406188364,2323,-8.0
20100507,103.5,110.5,103.5,107.5,5379370,566170883,3102,-3.5
20100510,107.5,108.5,104.0,106.5,2255953,240375971,1539,-1.0
20100511,108.0,109.5,105.0,105.0,2548026,273109230,1858,-1.5
20100512,107.5,108.5,103.5,105.0,3578286,378197030,2201,0.0
20100513,107.0,108.0,106.0,106.5,2979393,319108658,1768,1.5
20100514,106.5,107.0,105.5,106.0,1292775,137531150,889,-0.5
20100517,105.0,105.5,98.7,98.7,3467492,348984755,2231,-7.3
20100518,99.0,102.0,94.9,101.0,4891944,484677214,3153,2.3
20100519,99.9,101.5,98.9,99.0,2357100,235866100,1598,-2.0
20100520,98.0,101.0,96.0,96.0,2339480,230008680,1571,-3.0
20100521,89.4,91.0,89.3,89.3,3535108,316720640,2110,-6.7
20100524,88.1,89.3,83.2,85.0,4598328,395388237,2699,-4.3
20100525,82.0,90.4,82.0,88.5,9135000,794842398,5917,3.5
20100526,91.5,93.4,89.3,90.5,5448667,497268425,3427,2.0
20100527,90.0,91.9,88.4,90.5,3082443,278345586,1959,0.0
20100528,92.0,93.9,90.6,90.7,3030495,279472140,2095,0.2
20100531,90.7,91.0,89.1,89.5,1645924,148280100,1063,-1.2
20100601,85.0,88.9,85.0,85.1,3771114,324440204,2445,-4.4
20100602,85.1,87.6,84.1,85.4,3859233,332675619,2610,0.3
20100603,88.0,91.3,86.2,91.3,4224174,375703084,2707,5.9
20100604,93.0,95.5,92.4,92.4,5900498,553973812,3500,1.1
20100607,86.0,90.4,86.0,87.7,2893850,253239095,1888,-4.7
20100608,88.5,90.0,88.0,88.0,2150908,190756157,1553,0.3
20100609,88.0,89.3,82.5,84.3,2638762,227135360,1811,-3.7
20100610,84.3,87.5,83.0,86.0,2737890,233352340,1847,1.7
20100611,88.0,88.5,85.5,85.5,2115719,184091415,1510,-0.5
20100614,86.3,91.4,85.0,90.1,5532437,495323569,3561,4.6
20100615,90.1,92.5,89.0,89.0,3355442,304179438,2304,-1.1
20100617,90.1,92.7,89.5,90.6,3481365,318170066,2308,1.6
20100618,92.4,92.5,89.6,89.8,2203998,200018017,1477,-0.8
20100621,91.1,91.8,90.5,90.6,1601689,145672850,1133,0.8
20100622,90.9,96.0,90.1,95.4,3445175,322020692,2409,4.8
20100623,95.4,101.0,94.2,98.7,8030445,787441315,5052,3.3
20100624,100.5,105.5,100.0,105.5,7423669,772090574,4559,6.8
20100625,105.0,106.5,101.0,102.0,5865647,609632641,3540,-3.5
20100628,104.0,105.0,98.5,99.3,4051122,413133610,2488,-2.7
20100629,101.0,105.0,99.6,103.5,5608420,571501688,3332,4.2
20100630,102.0,104.0,100.5,101.5,3278734,335740234,2099,-2.0
20100701,103.0,104.5,101.0,102.0,3630473,372670746,2363,0.5
20100702,103.5,106.5,103.0,105.0,4475992,469934652,2765,3.0
20100705,109.0,112.0,107.5,112.0,4796721,529761252,2618,7.0
20100706,113.0,113.5,109.5,109.5,6299516,702639244,3783,-2.5
20100707,111.0,111.0,107.5,107.5,3006932,327183686,1939,-2.0
20100708,109.0,110.5,107.0,107.0,3244871,351846826,2114,-0.5
20100709,107.5,108.5,106.5,107.0,2144345,229769240,1351,0.0
20100712,108.5,114.0,107.0,113.0,7526216,848945908,4073,6.0
20100713,112.5,114.0,110.5,110.5,3807787,427276070,2026,-2.5
20100714,112.0,113.0,111.0,112.0,1922445,215404616,1288,1.5
20100715,113.0,117.0,111.5,114.5,4032952,463167028,2565,2.5
20100716,116.0,116.0,112.0,112.5,2275414,259417573,1533,-2.0
20100719,112.0,116.0,111.5,113.0,2340640,265874460,1470,0.5
20100720,115.0,115.0,112.5,113.0,1563836,177592468,1004,0.0
20100721,114.5,114.5,110.0,110.0,2047199,228637890,1427,-3.0
20100722,110.0,112.0,109.0,110.0,1916764,211245776,1207,0.0
20100723,112.0,112.5,110.5,110.5,1236529,137661690,899,0.5
20100726,112.0,115.0,110.5,115.0,2933303,333201042,1856,4.5
20100727,116.0,116.0,111.0,111.0,1825618,206823980,1180,-4.0
20100728,111.0,112.5,110.5,110.5,1623326,180263860,1132,-0.5
20100729,110.5,112.0,104.0,105.5,2411678,259369520,1697,-5.0
20100730,106.5,109.5,106.0,107.0,2487788,269119816,1709,1.5
20100802,108.0,110.5,107.0,109.0,1896064,206313976,1260,+2.00
20100803,110.0,110.5,108.5,108.5,1118740,122408420,793,-0.50
20100804,109.0,109.5,108.0,108.5,940855,102211340,669, 0.00
20100805,109.0,109.5,105.5,105.5,1476861,158445405,989,-3.00
20100806,107.0,107.0,102.0,103.5,1841416,190623552,1260,-2.00
20100809,103.0,110.5,103.0,108.5,2844432,308129156,2016,+5.00
20100810,109.0,111.5,107.5,108.5,1754084,191876572,1237, 0.00
20100811,109.0,109.5,107.0,109.0,1112822,120612276,755,+0.50
20100812,108.0,113.0,107.5,113.0,2136203,236911439,1469,+4.00
20100813,114.5,114.5,111.0,112.0,2139636,240835772,1362,-1.00
20100816,112.0,112.0,108.0,108.0,1056698,115136384,776,-4.00
20100817,108.0,110.5,108.0,110.0,1172608,128145880,707,+2.00
20100818,112.0,112.0,109.0,110.5,2027441,223843010,1284,+0.50
20100819,102.0,102.5,100.0,100.0,3447848,347892496,2118,X0.00
20100820,100.0,101.0,98.1,100.0,1490356,148369592,1075, 0.00
20100823,101.0,101.0,99.5,100.0,1141799,114117293,710, 0.00
20100824,100.0,107.0,99.6,107.0,3481174,367945518,2026,+7.00
20100825,108.5,112.0,107.0,107.0,5713471,625802194,3693, 0.00
20100826,110.0,110.0,106.0,107.0,2651659,285653672,1782, 0.00
20100827,109.0,109.5,107.5,109.5,1950450,212038568,1322,+2.50
20100830,110.0,114.5,110.0,112.0,3411564,384323296,2138,+2.50
20100831,113.5,115.0,110.5,111.5,3393292,381347346,2320,-0.50
20100901,113.5,114.5,112.0,113.0,2694180,304901840,1788,+1.50
20100902,114.5,116.5,114.0,116.0,2960680,341878380,1919,+3.00
20100903,118.0,124.0,117.5,124.0,6491360,790621640,4019,+8.00
20100906,126.0,132.5,125.5,130.5,6077815,787721335,3599,+6.50
20100907,131.5,132.0,123.0,128.0,6312672,805042342,3573,-2.50
20100908,126.0,130.5,126.0,128.5,3405147,437347110,2155,+0.50
20100909,133.5,137.0,132.0,137.0,3091833,421713121,1665,+8.50
20100910,142.0,142.0,135.5,136.0,7040205,976164466,3954,-1.00
20100913,136.0,138.0,132.0,133.5,3325938,448207568,1859,-2.50
20100914,134.0,142.0,134.0,139.0,4017539,555233421,2646,+5.50
20100915,140.5,141.0,138.0,140.0,3243531,452945340,1980,+1.00
20100916,141.0,141.5,138.0,140.0,3038655,425017200,1936, 0.00
20100917,142.0,149.5,142.0,148.5,8569863,1266612634,4446,+8.50
20100920,147.0,147.5,143.0,145.5,4220367,614661386,2401,-3.00
20100921,147.5,148.0,144.5,145.0,3122726,456045270,1933,-0.50
20100923,146.0,147.0,135.5,138.5,5552955,789246745,3347,-6.50
20100924,138.5,139.0,134.5,137.0,3234010,443424870,1929,-1.50
20100927,140.0,140.0,135.5,135.5,2633515,361466776,1663,-1.50
20100928,135.5,138.5,134.5,137.5,2469268,337677843,1543,+2.00
20100929,139.0,141.0,137.0,139.5,2276157,316328396,1505,+2.00
20100930,140.0,142.5,138.5,138.5,2209115,310411916,1477,-1.00
20101001,139.5,143.0,138.0,142.0,2853103,401742626,1752,+3.50
20101004,144.0,146.0,141.5,142.0,2877102,413946984,1903, 0.00
20101005,142.0,142.0,139.0,139.5,1555565,218029812,1091,-2.50
20101006,143.0,145.0,142.0,142.0,3403657,488398749,2619,+2.50
20101007,142.0,143.5,140.5,140.5,1958990,276984110,1451,-1.50
20101008,142.0,144.0,141.0,143.0,2102346,299818632,1716,+2.50
20101011,145.0,145.5,141.0,141.0,1923908,275198120,1491,-2.00
20101012,141.0,141.5,137.5,138.5,2354331,327171678,1723,-2.50
20101013,139.5,142.5,138.0,142.0,2631952,368921732,2110,+3.50
20101014,143.5,145.0,142.0,142.5,2220849,318836599,1674,+0.50
20101015,143.5,143.5,139.5,139.5,1978280,278773420,1424,-3.00
20101018,140.0,142.0,139.0,142.0,2427193,341706213,1809,+2.50
20101019,144.0,144.5,140.0,140.0,3127459,444148260,1940,-2.00
20101020,139.0,142.0,138.0,138.0,3511322,490215936,2080,-2.00
20101021,138.0,139.0,128.5,128.5,8226259,1072889766,4466,-9.50
20101022,120.0,120.0,120.0,120.0,1697059,203647080,862,-8.50
20101025,112.0,121.0,112.0,112.0,18561861,2112889932,9742,-8.00
20101026,112.0,114.5,104.5,104.5,16446466,1775469174,9746,-7.50
20101027,97.2,104.0,97.2,97.2,20567306,2008250589,11145,-7.30
20101028,97.2,98.5,91.1,92.0,13908631,1331172652,9053,-5.20
20101029,92.0,92.0,85.6,85.6,13736350,1205649331,8885,-6.40
20101101,84.0,84.8,79.7,79.7,10953635,894541272,7209,-5.90
20101102,76.0,76.0,74.2,74.2,3426839,256170446,2146,-5.50
20101103,69.1,69.1,69.1,69.1,2095191,144777695,881,-5.10
20101104,64.3,64.3,64.3,64.3,783328,50367985,486,-4.80
20101105,59.8,68.8,59.8,68.8,27337095,1760110912,12948,+4.50
20101108,72.8,73.6,72.8,73.6,4838291,353564310,2916,+4.80
20101109,78.6,78.7,74.0,78.7,18084231,1385593357,11091,+5.10
20101110,78.7,81.4,76.4,77.2,16134244,1284002789,10186,-1.50
20101111,76.0,78.8,72.3,74.2,11715635,886678844,7759,-3.00
20101112,72.5,74.2,72.0,73.5,4320631,315863765,2894,-0.70
20101115,73.5,74.6,73.0,74.1,3882659,286994618,2529,+0.60
20101116,74.2,77.2,74.2,75.3,5160837,391702026,3602,+1.20
20101117,74.4,76.0,74.2,74.4,2265517,169586112,1608,-0.90
20101118,75.0,75.8,73.1,73.1,2308400,170730035,1646,-1.30
20101119,73.6,73.9,68.5,69.0,5677890,402336812,4096,-4.10
20101122,69.0,69.0,65.2,67.0,4409989,297026855,3113,-2.00
20101123,67.0,71.6,66.5,71.6,7126942,496671236,4643,+4.60
20101124,71.5,73.2,71.0,71.6,6355165,458842806,4337, 0.00
20101125,72.0,72.8,69.3,70.0,4443183,315136110,2965,-1.60
20101126,70.0,73.4,69.5,70.6,5503171,392684400,3809,+0.60
20101129,71.0,72.3,70.0,71.0,3177259,225731989,2162,+0.40
20101130,71.2,72.6,71.1,71.2,2581254,185536878,1892,+0.20
20101201,71.5,72.6,71.1,71.6,2955265,211618862,1837,+0.40
20101202,72.6,76.6,72.3,75.5,11321831,850075142,6802,+3.90
20101203,75.1,75.9,73.3,73.4,4729971,352209855,3096,-2.10
20101206,73.4,75.4,73.4,73.5,2801175,207712834,1979,+0.10
20101207,73.5,75.5,73.5,73.9,3672840,273915314,2488,+0.40
20101208,74.9,75.0,73.1,73.2,2728136,201422928,1842,-0.70
20101209,72.8,76.7,72.8,74.3,7053170,530140148,4580,+1.10
20101210,74.3,75.5,73.4,73.5,3035075,224894075,1935,-0.80
20101213,74.0,74.3,73.2,73.4,2307027,169976252,1492,-0.10
20101214,73.4,74.0,71.6,71.8,2885345,209559319,2054,-1.60
20101215,71.8,73.2,71.7,72.0,2788668,201039847,1917,+0.20
20101216,72.5,73.1,72.0,72.2,1716692,124132376,1177,+0.20
20101217,72.8,73.0,71.0,71.1,2142591,153889805,1512,-1.10
20101220,71.1,71.5,69.0,69.1,2531784,176685696,1878,-2.00
20101221,69.1,73.7,69.1,73.0,5023015,359354685,3409,+3.90
20101222,73.1,74.0,71.8,71.8,2721452,198261637,1994,-1.20
20101223,72.0,72.7,71.5,71.5,1636897,117696928,1173,-0.30
20101224,71.9,72.3,70.7,70.7,1463652,104418925,1122,-0.80
20101227,70.9,71.3,70.1,70.3,1265365,89298101,929,-0.40
20101228,70.5,71.2,69.6,69.6,1253393,87747528,938,-0.70
20101229,69.6,70.9,69.3,69.7,2016351,140891890,1439,+0.10
20101230,70.8,70.8,69.2,69.5,1120662,78151706,812,-0.20
20101231,70.0,70.0,69.1,69.5,1401147,97277412,940, 0.00
20110103,70.0,70.0,67.0,67.2,2171049,147271884,1604,-2.30
20110104,67.2,69.3,67.2,68.0,1923755,131424555,1403,+0.80
20110105,68.1,68.6,66.6,67.0,1408619,94887973,1043,-1.00
20110106,67.0,67.7,66.7,66.8,1175243,78833076,870,-0.20
20110107,67.5,67.6,66.0,66.9,1244544,83105927,873,+0.10
20110110,66.5,67.3,65.2,65.2,1382664,91273378,1009,-1.70
20110111,65.0,67.3,65.0,66.8,2179696,145177504,1544,+1.60
20110112,67.3,67.5,65.7,66.0,1361187,90311242,1044,-0.80
20110113,66.3,66.6,65.3,65.3,1205207,79297270,879,-0.70
20110114,65.3,68.2,65.1,66.7,3231358,216466371,2346,+1.40
20110117,67.4,68.3,66.4,67.6,2065621,139377875,1329,+0.90
20110118,67.8,68.0,66.6,66.6,1067490,71680381,735,-1.00
20110119,67.0,67.4,66.4,66.5,966194,64596196,722,-0.10
20110120,67.3,67.8,66.5,66.5,1010441,67690884,783, 0.00
20110121,66.5,68.0,65.7,66.6,1625706,108708455,1156,+0.10
20110124,67.2,67.4,65.9,65.9,845335,56083235,630,-0.70
20110125,66.4,66.4,65.3,65.3,1111596,73001340,747,-0.60
20110126,65.5,66.0,65.1,65.2,1037546,67894540,741,-0.10
20110127,65.2,66.8,65.2,65.4,1183155,77901230,858,+0.20
20110128,65.4,66.2,65.3,65.3,1028512,67439726,733,-0.10
20110208,65.8,66.2,61.2,61.8,1599113,100350275,1228,-3.50
20110209,60.5,61.7,60.1,60.1,1757534,106229240,1253,-1.70
20110210,60.0,62.5,60.0,62.0,2784969,171651581,2037,+1.90
20110211,62.0,62.0,57.7,59.0,2296713,137392267,1527,-3.00
20110214,59.2,59.7,55.2,55.6,3034710,173439964,2162,-3.40
20110215,55.6,55.6,53.1,53.5,3324056,179016690,2268,-2.10
20110216,53.5,57.2,53.5,57.2,4197081,233209627,2772,+3.70
20110217,59.2,61.2,58.5,61.2,3521230,211670872,1975,+4.00
20110218,64.7,65.4,64.7,65.4,3452029,224642687,1810,+4.20
20110221,68.2,68.2,63.5,65.4,9230815,610558089,5407, 0.00
20110222,64.3,66.8,64.0,66.2,4841855,318978697,3162,+0.80
20110223,65.0,66.0,61.6,61.8,2897858,184622920,2056,-4.40
20110224,61.5,66.1,61.5,66.1,3010203,194886914,1844,+4.30
20110225,68.5,69.8,66.3,67.3,7953619,541533547,4811,+1.20
20110301,67.9,69.3,66.8,67.7,4014832,272849690,2610,+0.40
20110302,67.5,68.5,66.2,66.3,2093787,140559959,1521,-1.40
20110303,67.5,67.5,66.0,66.0,1584332,105539575,1144,-0.30
20110304,66.4,66.8,63.5,63.7,2329547,150757338,1713,-2.30
20110307,62.5,64.9,61.8,63.2,1884175,119211755,1393,-0.50
20110308,62.3,63.8,62.3,63.2,1712698,107670800,1156, 0.00
20110309,64.7,67.6,63.7,66.2,5716689,381664604,3375,+3.00
20110310,66.2,66.7,64.0,64.0,2114274,137674336,1427,-2.20
20110311,63.0,65.5,63.0,64.2,1953000,126149497,1382,+0.20
20110314,63.7,63.8,60.3,61.3,1882472,116758192,1317,-2.90
20110315,61.3,62.3,57.1,57.1,3476597,204926679,2151,-4.20
20110316,57.8,58.9,57.0,58.6,2323060,134857514,1591,+1.50
20110317,57.6,58.0,56.0,57.0,1531630,87374673,1020,-1.60
20110318,58.0,59.4,57.5,58.7,1461155,85757797,1035,+1.70
20110321,58.8,59.5,58.5,58.9,1072718,63215393,743,+0.20
20110322,58.9,63.0,58.6,63.0,3244007,199663841,2036,+4.10
20110323,63.5,64.7,62.0,62.4,5610574,357144830,3070,-0.60
20110324,62.8,63.2,61.5,61.7,1349759,83828728,932,-0.70
20110325,62.0,64.0,61.9,61.9,2146912,135002270,1455,+0.20
20110328,61.3,62.4,60.6,60.6,967020,59334708,705,-1.30
20110329,60.6,61.8,60.6,61.0,878010,53627409,630,+0.40
20110330,62.0,63.1,61.1,61.3,2029580,126142380,1361,+0.30
20110331,61.9,62.0,60.6,60.7,1019885,62357573,833,-0.60
20110401,61.2,61.5,60.4,60.6,1001410,60875037,828,-0.10
20110406,60.9,63.0,60.7,61.4,2180505,135364150,1417,+0.80
20110407,63.0,65.6,62.4,65.6,5479526,354797199,2565,+4.20
20110408,66.2,67.0,64.1,64.1,9591097,634321366,5030,-1.50
20110411,64.1,65.3,63.0,63.1,1936205,123527730,1312,-1.00
20110412,63.1,64.2,62.5,62.8,1759337,111225359,1244,-0.30
20110413,63.0,63.5,62.5,62.9,1385888,87114861,947,+0.10
20110414,64.4,64.8,63.4,63.5,1928203,123460124,1433,+0.60
20110415,64.0,64.4,62.5,62.6,1106897,69850886,805,-0.90
20110418,63.0,63.4,62.6,63.1,1099125,69180644,664,+0.50
20110419,61.8,62.1,61.0,61.3,907300,55743317,637,-1.80
20110420,61.4,62.7,61.4,61.5,635889,39347170,478,+0.20
20110421,61.8,62.5,61.8,62.4,740945,46063377,528,+0.90
20110422,62.7,65.0,62.7,63.1,2318414,147864493,1598,+0.70
20110425,64.0,64.0,61.6,61.8,1032592,64508079,693,-1.30
20110426,61.8,62.5,61.6,61.8,963494,59665272,671, 0.00
20110427,62.7,62.9,61.8,62.9,885713,55202528,651,+1.10
20110428,63.6,63.6,61.7,61.7,871657,54425605,639,-1.20
20110429,61.7,61.8,57.4,58.9,2493734,147746049,1750,-2.80
20110503,58.9,58.9,56.7,57.4,1099450,63254525,839,-1.50
20110504,57.4,58.6,57.0,58.4,951852,55341754,726,+1.00
20110505,57.9,59.0,57.8,58.1,884700,51721656,648,-0.30
20110506,57.8,58.8,57.6,57.8,600780,34886283,459,-0.30
20110509,58.5,59.3,58.0,58.0,873930,51217056,659,+0.20
20110510,58.9,58.9,57.7,58.2,562800,32730116,405,+0.20
20110511,58.5,58.6,57.1,57.2,781499,44991143,554,-1.00
20110512,56.5,57.4,56.5,56.5,766670,43482053,563,-0.70
20110513,56.5,58.1,56.5,57.5,1228452,70557503,912,+1.00
20110516,57.4,57.7,56.5,56.5,571987,32602062,378,-1.00
20110517,56.5,57.0,55.8,55.8,704065,39663340,520,-0.70
20110518,56.1,57.8,55.9,56.9,1122994,64106456,892,+1.10
20110519,57.3,57.5,55.8,56.0,689578,38925789,560,-0.90
20110520,56.1,56.8,54.0,54.5,1169570,64328989,782,-1.50
20110523,54.5,54.5,51.0,51.5,1624814,84412075,1158,-3.00
20110524,51.2,53.0,51.2,52.3,1514700,78944500,1072,+0.80
20110525,52.4,52.6,51.8,51.9,575189,29954383,429,-0.40
20110526,53.0,53.0,52.0,52.0,585631,30652812,476,+0.10
20110527,52.0,53.0,52.0,52.3,782179,41107859,604,+0.30
20110530,52.3,55.9,52.3,55.9,2176363,118520886,1402,+3.60
20110531,57.5,58.3,56.6,56.9,3643092,209096223,2075,+1.00
20110601,56.9,57.2,55.5,55.7,1095251,61743771,853,-1.20
20110602,55.2,55.5,54.6,54.8,764087,42072938,580,-0.90
20110603,54.3,57.0,54.1,55.6,1329664,74507316,993,+0.80
20110607,55.6,56.6,55.6,55.8,532128,29766412,391,+0.20
20110608,56.1,56.6,55.1,55.1,479852,26677486,377,-0.70
20110609,55.3,55.6,54.5,54.5,560602,30870407,426,-0.60
20110610,54.8,55.4,53.6,53.6,784929,42520490,560,-0.90
20110613,53.1,54.0,52.5,52.5,638272,33855478,471,-1.10
20110614,52.6,53.5,52.6,52.9,465210,24651114,349,+0.40
20110615,53.4,53.4,52.1,52.9,660770,34878523,512, 0.00
20110616,52.8,52.8,51.1,51.3,739587,38408109,511,-1.60
20110617,51.5,52.5,51.0,51.2,720662,37069924,530,-0.10
20110620,52.0,52.1,47.65,47.9,1435538,71335844,955,-3.30
20110621,48.4,49.0,46.0,47.55,1285677,60848836,968,-0.35
20110622,48.1,50.2,48.1,49.2,1219813,60067024,920,+1.65
20110623,49.35,49.35,48.4,48.7,500430,24386629,353,-0.50
20110624,49.0,49.35,48.6,49.3,519298,25433215,346,+0.60
20110627,49.1,49.1,48.1,48.25,371581,17995778,285,-1.05
20110628,49.15,49.15,48.0,48.0,415900,20141971,294,-0.25
20110629,48.7,49.3,48.2,48.7,589883,28810763,418,+0.70
20110630,48.9,49.2,48.15,48.15,507417,24664506,370,X0.00
20110701,48.3,48.95,48.1,48.15,496484,24078953,390, 0.00
20110704,48.3,48.8,47.8,48.15,571519,27579406,380, 0.00
20110705,48.5,48.5,47.0,47.2,632843,30026649,440,-0.95
20110706,49.6,50.5,49.55,50.5,1124482,56575837,577,+3.30
20110707,53.0,54.0,52.3,52.6,6925711,368829785,3487,+2.10
20110708,52.6,54.8,52.6,53.7,5148782,277195231,2862,+1.10
20110711,53.7,53.7,51.8,51.8,1314908,68828058,878,-1.90
20110712,50.7,51.7,49.0,49.2,1294671,64837042,945,-2.60
20110713,49.25,52.6,49.25,51.7,3338554,172774825,2049,+2.50
20110714,52.4,52.7,49.55,50.5,1837344,93987093,1117,-1.20
20110715,50.5,51.5,50.1,50.9,1080140,54887973,710,+0.40
20110718,51.0,51.0,49.75,49.75,795797,39820848,621,-1.15
20110719,48.8,50.2,48.8,49.05,901242,44655924,649,-0.70
20110720,50.0,51.0,49.5,49.5,1129093,56512026,844,+0.45
20110721,50.3,52.9,49.4,52.9,2890076,150611559,1557,+3.40
20110722,53.8,54.3,52.0,52.0,5288043,283050036,2530,-0.90
20110725,51.8,52.7,51.0,51.1,2312533,119754083,1222,-0.90
20110726,51.2,52.8,51.2,51.9,1647568,85670572,1113,+0.80
20110727,52.0,55.5,51.9,53.4,5240252,284005971,2781,+1.50
20110728,52.9,54.2,52.5,52.5,1725061,91905282,1195,-0.90
20110729,52.3,53.2,51.0,51.0,2026974,104871058,1483,-1.50
20110801,51.0,52.4,51.0,51.2,1894975,97710103,1215,+0.20
20110802,51.2,51.2,50.5,50.9,998509,50683752,732,-0.30
20110803,50.1,50.2,48.0,49.15,1711663,83870531,1140,-1.75
20110804,49.15,50.0,48.6,48.65,1299639,64037911,886,-0.50
20110805,45.25,46.4,45.25,45.25,1945034,88166241,1148,-3.40
20110808,43.0,44.5,42.1,42.1,960602,40689437,555,-3.15
20110809,39.2,41.9,39.2,40.3,2506146,99104986,1362,-1.80
20110810,40.5,42.0,40.5,41.1,2023971,83607252,1310,+0.80
20110811,38.25,40.45,38.25,39.7,1406159,54940419,1024,-1.40
20110812,40.95,41.5,39.65,39.9,1588669,64526841,1074,+0.20
20110815,41.3,41.3,40.3,40.8,1156674,47174458,721,+0.90
20110816,41.1,43.65,41.0,43.65,2260175,97078835,1319,+2.85
20110817,44.0,44.65,42.65,43.1,7446075,329136125,3425,-0.55
20110818,43.1,43.1,40.5,40.5,1477630,61376880,1006,-2.60
20110819,38.05,38.9,37.7,37.7,2157186,82092700,1257,-2.80
20110822,37.7,38.7,35.7,35.85,1964302,73390722,1247,-1.85
20110823,36.1,38.2,36.1,37.9,1353711,50382966,914,+2.05
20110824,38.5,39.0,37.4,37.4,1254970,47825529,842,-0.50
20110825,38.0,38.35,36.05,36.05,994012,37058087,664,-1.35
20110826,36.45,37.8,36.1,36.25,998026,36540315,697,+0.20
20110829,36.25,36.95,36.25,36.65,817413,29930443,585,+0.40
20110830,37.1,38.35,36.75,37.65,1332671,50119559,916,+1.00
20110831,37.65,38.3,37.0,38.0,962109,36340643,646,+0.35
20110901,38.3,39.45,38.0,38.0,1288015,49607370,838, 0.00
20110902,38.0,38.2,37.3,37.8,464489,17484032,361,-0.20
20110905,36.9,38.2,36.7,37.8,654949,24524864,483, 0.00
20110906,37.5,38.8,37.4,37.55,1026986,39076818,759,-0.25
20110907,38.0,38.7,37.8,37.95,582892,22231082,385,+0.40
20110908,38.5,40.3,38.0,38.95,2356591,92075812,1498,+1.00
20110909,38.85,39.45,38.35,38.45,789153,30626767,560,-0.50
20110913,38.1,38.2,37.0,37.0,609124,22891553,458,-1.45
20110914,37.6,38.0,35.05,35.3,1326473,47846141,767,-1.70
20110915,36.0,36.8,35.7,35.9,967730,34959854,630,+0.60
20110916,36.8,37.5,36.3,37.5,1132786,41903966,760,+1.60
20110919,39.0,39.0,37.35,37.55,785550,29802549,589,+0.05
20110920,37.55,38.15,37.2,38.0,658550,24844414,484,+0.45
20110921,38.5,40.3,37.5,39.8,3318209,130653260,1850,+1.80
20110922,38.6,39.0,37.9,38.05,1270577,48823612,787,-1.75
20110923,36.1,37.0,35.6,36.5,899986,32748486,605,-1.55
20110926,36.7,37.2,35.0,35.0,923223,33028525,614,-1.50
20110927,35.85,36.75,35.0,35.4,1367436,49266119,746,+0.40
20110928,36.0,36.2,35.45,35.5,667921,23805306,449,+0.10
20110929,35.5,36.2,35.2,35.65,703868,25176279,464,+0.15
20110930,36.2,36.35,35.3,35.65,569687,20377937,384, 0.00
20111003,35.65,35.65,35.0,35.1,617835,21785077,332,-0.55
20111004,34.5,34.8,34.1,34.5,604832,20819584,409,-0.60
20111005,34.5,34.9,33.7,33.7,706100,24102516,424,-0.80
20111006,34.1,34.65,34.0,34.25,476172,16306197,351,+0.55
20111007,34.8,34.8,33.0,33.2,884152,29897157,623,-1.05
20111011,33.8,34.4,33.5,34.05,686656,23341916,505,+0.85
20111012,33.7,35.3,33.7,34.5,1457122,50455907,868,+0.45
20111013,34.9,35.2,34.5,34.55,799362,27752670,521,+0.05
20111014,34.95,35.15,34.5,34.6,676282,23581170,445,+0.05
20111017,35.1,35.3,34.85,34.85,619038,21698180,394,+0.25
20111018,34.85,34.85,34.1,34.1,391698,13429836,276,-0.75
20111019,34.4,34.75,34.1,34.25,453163,15565281,315,+0.15
20111020,34.5,34.5,33.55,33.65,382922,12961465,271,-0.60
20111021,33.65,33.8,33.1,33.4,485503,16182749,323,-0.25
20111024,34.1,35.2,33.8,34.5,1195210,41319044,817,+1.10
20111025,35.0,35.0,34.25,34.5,475560,16425317,337, 0.00
20111026,34.5,34.5,34.1,34.1,380299,13012441,281,-0.40
20111027,34.2,34.6,34.05,34.05,578210,19823541,438,-0.05
20111028,34.6,35.35,34.35,34.6,1609175,56091621,986,+0.55
20111031,34.6,34.6,33.5,33.5,756622,25708887,486,-1.10
20111101,33.3,33.75,33.0,33.2,608551,20319387,433,-0.30
20111102,32.7,32.7,32.0,32.4,900909,29063658,633,-0.80
20111103,32.5,32.9,31.9,31.9,810637,26214584,540,-0.50
20111104,32.5,33.0,32.05,32.45,1644225,53526011,923,+0.55
20111107,32.3,32.6,32.1,32.3,528123,17108938,349,-0.15
20111108,32.4,33.6,32.3,32.9,1361122,45054705,857,+0.60
20111109,33.0,33.4,32.15,32.3,548082,17834872,417,-0.60
20111110,31.5,31.6,30.05,30.1,1418119,42907428,813,-2.20
20111111,30.1,30.45,29.1,29.4,1052231,31309388,619,-0.70
20111114,29.7,30.4,29.7,29.85,652009,19548416,407,+0.45
20111115,29.0,29.75,28.5,28.6,805534,23325321,494,-1.25
20111116,28.6,29.15,27.7,27.75,1049339,29562618,639,-0.85
20111117,27.5,27.5,26.7,27.0,948297,25582842,643,-0.75
20111118,26.55,26.75,25.15,25.2,1596687,40980458,888,-1.80
20111121,25.0,25.0,23.45,23.45,1761884,41662721,890,-1.75
20111122,22.6,23.0,21.85,21.85,1920520,42472901,937,-1.60
20111123,20.55,21.8,20.4,20.6,1755933,36824820,983,-1.25
20111124,20.1,22.0,20.1,22.0,1279255,27330710,642,+1.40
20111125,23.5,23.5,23.5,23.5,1106622,26005615,402,+1.50
20111128,25.1,25.1,24.3,25.1,4789539,119290827,2098,+1.60
20111129,25.6,25.7,24.8,25.6,3453494,87422038,1789,+0.50
20111130,25.5,26.75,25.0,25.8,3579454,92851953,1990,+0.20
20111201,27.5,27.5,26.3,26.5,1949290,52132874,1123,+0.70
20111202,26.7,26.7,25.6,25.7,1194140,30946824,679,-0.80
20111205,25.1,27.45,25.1,27.45,3142595,83998230,1705,+1.75
20111206,27.65,28.4,26.85,26.85,6252947,174069611,3160,-0.60
20111207,26.1,27.2,26.1,26.55,2121500,56497974,1130,-0.30
20111208,26.55,26.95,26.1,26.4,1546565,41026414,876,-0.15
20111209,26.1,27.5,25.15,26.25,2215290,58355318,1212,-0.15
20111212,26.9,27.25,26.0,26.0,1248419,33123894,699,-0.25
20111213,25.8,26.4,25.35,25.75,934465,24184146,632,-0.25
20111214,26.0,26.25,25.5,25.9,805041,20870107,555,+0.15
20111215,25.55,26.2,25.55,25.85,944513,24460283,556,-0.05
20111216,26.0,26.2,25.75,26.0,556614,14444069,357,+0.15
20111219,25.8,26.1,24.55,24.55,975211,24842629,511,-1.45
20111220,24.55,26.25,24.55,26.0,1383284,35656103,811,+1.45
20111221,27.0,27.5,26.7,27.15,1418259,38507242,833,+1.15
20111222,27.0,27.15,26.6,26.65,713741,19098658,433,-0.50
20111223,27.15,28.5,26.9,28.5,1775685,49941069,758,+1.85
20111226,29.5,29.85,28.3,28.65,5346589,156589913,2102,+0.15
20111227,28.0,28.5,27.8,28.45,1145115,32194168,612,-0.20
20111228,28.2,29.2,28.0,28.1,1589713,45514386,840,-0.35
20111229,28.1,28.6,27.6,28.2,1538052,43452665,797,+0.10
20111230,28.6,29.2,28.0,28.0,1258610,35991881,809,-0.20
20120102,28.0,28.35,26.35,26.6,1031693,28006878,686,-1.40
20120103,27.05,27.3,26.7,26.85,708399,19102548,457,+0.25
20120104,27.3,27.8,27.1,27.1,811508,22239314,499,+0.25
20120105,27.2,27.75,27.0,27.5,1134314,31186781,592,+0.40
20120106,27.9,28.25,27.5,27.65,1311095,36589817,758,+0.15
20120109,27.55,27.55,26.55,26.65,974611,26302989,556,-1.00
20120110,26.8,27.55,26.8,26.9,1123037,30516187,579,+0.25
20120111,27.1,27.6,26.9,27.0,1325684,35977412,600,+0.10
20120112,27.1,27.2,26.55,26.55,751106,20167310,439,-0.45
20120113,26.6,26.95,25.6,25.6,1601328,41716440,821,-0.95
20120116,26.6,26.6,25.6,25.7,976003,25275578,603,+0.10
20120117,25.9,26.95,25.8,26.9,1232600,32661766,720,+1.20
20120118,26.9,27.15,26.65,26.75,1420775,38266146,707,-0.15
20120130,27.35,28.3,27.35,27.6,1591119,44139758,771,+0.85
20120131,27.9,29.5,27.6,29.5,1973560,57205418,973,+1.90
20120201,30.2,31.55,30.0,31.55,5976439,183014293,2530,+2.05
20120202,32.45,33.75,31.9,33.75,6306763,207579491,3200,+2.20
20120203,33.75,34.15,32.65,33.55,3293578,110196758,1826,-0.20
20120204,35.0,35.0,32.8,32.85,2410031,81511105,1358,-0.70
20120206,32.85,35.1,32.2,35.1,3072247,105062710,1560,+2.25
20120207,35.1,37.4,35.0,36.4,6973546,253694584,3674,+1.30
20120208,36.4,37.3,36.4,36.8,3201168,118097221,1892,+0.40
20120209,36.5,38.5,36.5,38.1,3254191,122994821,2016,+1.30
20120210,38.4,38.4,36.75,37.2,2530024,94695181,1515,-0.90
20120213,36.45,37.7,36.45,37.3,1482210,55322611,874,+0.10
20120214,37.5,39.0,37.0,37.5,2559610,97932945,1656,+0.20
20120215,37.6,38.4,37.6,37.8,1610332,61145993,979,+0.30
20120216,37.8,39.0,35.9,36.4,2528854,94981082,1479,-1.40
20120217,37.2,37.5,35.0,35.2,2535867,90782297,1480,-1.20
20120220,35.9,37.55,35.3,37.2,2746304,100360414,1570,+2.00
20120221,37.2,38.0,36.7,36.95,1343418,50056347,869,-0.25
20120222,36.95,38.0,36.9,37.25,2331000,87704694,1295,+0.30
20120223,37.25,37.75,36.75,36.75,1192106,44319742,707,-0.50
20120224,36.8,37.25,36.15,36.75,1104722,40521564,635, 0.00
20120229,36.9,37.8,36.8,37.0,1675754,62582048,888,+0.25
20120301,37.0,37.7,36.9,37.5,1144790,42704511,684,+0.50
20120302,37.9,38.4,37.45,37.6,3045249,115678757,1537,+0.10
20120303,37.6,38.1,37.05,37.6,1817610,68435040,1002, 0.00
20120305,37.9,38.0,36.5,36.5,1053865,39047851,664,-1.10
20120306,36.5,36.8,34.0,34.5,2174655,75723275,1254,-2.00
20120307,32.1,34.4,32.1,33.7,1056090,35236384,629,-0.80
20120308,34.0,34.5,33.9,34.2,738341,25293008,456,+0.50
20120309,34.5,35.2,34.4,34.75,841168,29302390,508,+0.55
20120312,35.0,35.45,34.15,34.25,1404002,49107964,720,-0.50
20120313,34.5,34.7,33.7,33.8,886138,30174077,564,-0.45
20120314,34.95,34.95,34.0,34.2,637867,21901795,430,+0.40
20120315,33.8,34.7,33.8,34.05,539364,18403668,354,-0.15
20120316,34.1,34.45,33.9,33.95,666099,22737056,392,-0.10
20120319,33.85,34.6,33.85,33.9,1408739,48274396,758,-0.05
20120320,33.95,34.7,33.1,33.5,1156909,39212309,696,-0.40
20120321,33.4,33.8,32.75,32.9,719930,23846492,446,-0.60
20120322,32.9,33.5,32.9,33.0,551610,18273680,355,+0.10
20120323,33.0,34.6,33.0,34.15,1668205,56446247,922,+1.15
20120326,34.2,34.3,33.55,33.55,484647,16416655,333,-0.60
20120327,34.1,34.1,33.15,33.15,448057,15051131,292,-0.40
20120328,33.2,33.7,32.7,32.7,649300,21456658,414,-0.45
20120329,32.5,32.5,30.45,30.45,1711813,53024148,878,-2.25
20120330,29.45,31.3,28.9,30.5,1584425,47800410,805,+0.05
20120402,30.5,30.85,29.8,29.8,458865,13862117,313,-0.70
20120403,29.7,30.2,27.75,27.75,2054251,58460311,985,-2.05
20120405,26.5,27.5,25.9,27.05,1081753,28589303,566,-0.70
20120406,27.05,28.9,27.05,28.9,1146400,32477858,696,+1.85
20120409,28.55,29.75,27.7,28.8,817024,23661723,555,-0.10
20120410,29.1,29.9,29.1,29.25,689589,20325232,457,+0.45
20120411,29.1,29.9,28.7,29.9,584795,17021200,384,+0.65
20120412,29.9,30.1,29.45,29.9,684001,20406313,381, 0.00
20120413,30.0,30.9,30.0,30.75,768719,23559709,496,+0.85
20120416,30.2,30.35,29.8,29.8,299702,8998967,225,-0.95
20120417,29.8,30.1,28.2,29.1,601180,17288524,382,-0.70
20120418,29.4,29.5,28.3,28.6,551464,15820267,366,-0.50
20120419,28.6,29.5,28.0,28.8,1213334,34958565,674,+0.20
20120420,28.8,28.8,27.6,27.85,655788,18498936,382,-0.95
20120423,27.8,28.2,26.8,26.8,668453,18279381,413,-1.05
20120424,26.0,27.25,26.0,26.85,820904,22001708,445,+0.05
20120425,27.05,27.5,27.05,27.35,845623,23117729,444,+0.50
20120426,27.6,27.6,27.0,27.0,519853,14188127,318,-0.35
20120427,27.2,27.35,26.0,26.0,723225,19091411,442,-1.00
20120430,26.0,26.45,25.35,26.05,582375,15144787,362,+0.05
20120502,26.45,27.85,26.25,27.85,835261,22781917,453,+1.80
20120503,28.05,28.95,27.9,28.15,1901308,53890116,994,+0.30
20120504,28.1,28.85,27.95,28.2,593165,16849875,373,+0.05
20120507,27.8,27.8,27.15,27.3,374224,10253561,240,-0.90
20120508,28.0,28.0,27.3,27.3,415905,11410801,241, 0.00
20120509,27.0,27.5,26.75,26.75,474481,12807237,292,-0.55
20120510,26.75,28.1,26.75,27.7,2358032,65174674,969,+0.95
20120511,27.5,27.8,27.05,27.05,659000,18035897,356,-0.65
20120514,27.1,27.3,26.8,26.8,418394,11310276,235,-0.25
20120515,26.5,26.85,26.1,26.85,495371,13105450,312,+0.05
20120516,27.0,27.15,26.0,26.25,506339,13394330,313,-0.60
20120517,26.4,26.85,26.3,26.7,487501,12984772,289,+0.45
20120518,26.5,26.5,25.6,25.8,541276,14096241,287,-0.90
20120521,25.8,26.5,25.8,25.8,507338,13222266,269, 0.00
20120522,26.2,27.5,26.2,27.1,826400,22242579,525,+1.30
20120523,26.7,27.0,26.55,26.55,346174,9237409,221,-0.55
20120524,26.6,27.15,26.05,26.2,455003,12074526,294,-0.35
20120525,26.3,26.65,25.8,25.8,368010,9563152,236,-0.40
20120528,25.8,26.45,25.55,26.3,706059,18440509,290,+0.50
20120529,26.55,27.5,26.45,27.4,1081789,29464725,602,+1.10
20120530,27.4,27.4,26.65,26.65,564432,15192520,331,-0.75
20120531,26.6,27.15,26.35,27.0,454496,12153092,307,+0.35
20120601,27.0,27.0,26.3,26.35,291342,7750358,205,-0.65
20120604,25.5,25.5,24.6,24.6,920762,22885190,483,-1.75
20120605,24.95,25.6,24.95,25.15,452275,11400763,285,+0.55
20120606,25.35,25.6,25.15,25.35,363600,9236330,237,+0.20
20120607,26.3,26.3,25.4,25.4,469644,12085104,261,+0.05
20120608,25.7,25.7,24.9,24.9,295501,7437319,195,-0.50
20120611,25.45,25.8,25.15,25.3,627158,15988141,291,+0.40
20120612,25.05,25.65,25.05,25.1,275000,6956450,157,-0.20
20120613,25.5,25.5,25.2,25.45,320252,8123162,195,+0.35
20120614,25.5,25.5,25.2,25.3,207902,5257734,133,-0.15
20120615,25.4,25.7,25.4,25.7,348315,8909188,234,+0.40
20120618,26.5,26.5,26.1,26.1,598119,15745134,353,+0.40
20120619,26.1,26.95,26.1,26.35,1146459,30484623,573,+0.25
20120620,26.5,26.8,26.3,26.3,384607,10159290,243,-0.05
20120621,26.3,26.6,26.1,26.1,420865,11055373,242,-0.20
20120622,26.0,26.75,25.9,26.5,520946,13716923,345,+0.40
20120625,26.5,26.5,26.0,26.05,423304,11068676,257,-0.45
20120626,25.8,26.9,25.8,26.6,1487509,39482257,744,+0.55
20120627,26.7,28.45,26.7,28.45,2320942,64827741,1032,+1.85
20120628,29.35,29.45,28.4,28.5,4423094,128285648,2104,+0.05
20120629,28.5,28.9,28.15,28.35,1541293,43909342,813,-0.15
20120702,28.5,28.55,27.8,27.8,829097,23415117,520,-0.55
20120703,28.0,28.7,28.0,28.5,1033513,29406116,622,+0.70
20120704,28.8,29.05,28.3,28.5,1510609,43437303,768, 0.00
20120705,29.0,30.0,28.9,29.0,2250442,65955818,1073,+0.50
20120706,29.0,29.4,28.4,28.4,1303451,37767579,616,-0.60
20120709,28.05,28.6,28.0,28.0,530110,14949307,294,-0.40
20120710,28.2,28.6,27.55,27.55,764465,21470415,459,-0.45
20120711,27.55,27.8,27.3,27.5,387960,10670355,242,-0.05
20120712,27.7,27.7,26.6,26.65,506871,13673528,357,-0.85
20120713,26.6,26.8,26.0,26.0,586201,15434903,361,-0.65
20120716,26.35,26.35,25.15,25.6,617576,15909158,327,-0.40
20120717,25.6,25.9,25.2,25.7,529826,13537150,326,+0.10
20120718,25.7,25.8,25.3,25.35,263443,6741113,170,-0.35
20120719,25.85,25.85,25.55,25.8,305998,7870098,190,+0.45
20120720,25.8,26.25,25.7,25.8,263500,6827747,188, 0.00
20120723,25.25,25.4,25.0,25.1,269100,6756502,188,-0.70
20120724,24.8,25.1,24.8,25.0,354251,8837908,217,-0.10
20120725,24.9,25.6,24.8,25.05,321280,8102071,214,+0.05
20120726,25.25,25.5,25.2,25.4,259723,6583238,159,+0.35
20120727,25.85,26.2,25.6,26.0,396369,10263244,315,+0.60
20120730,26.2,26.7,25.8,26.2,954209,25126052,508,+0.20
20120731,26.5,26.5,26.0,26.2,294493,7692990,214, 0.00
20120801,26.2,26.7,26.0,26.25,444251,11719236,286,+0.05
20120803,26.2,26.3,26.0,26.05,259768,6775955,153,-0.20
20120806,26.6,26.65,25.65,25.8,289431,7553030,165,-0.25
20120807,25.55,25.8,24.8,25.1,608500,15338800,368,-0.70
20120808,25.1,25.45,25.1,25.1,378007,9523517,254, 0.00
20120809,25.25,25.85,25.2,25.85,590651,15121727,352,+0.75
20120810,25.9,26.6,25.7,26.05,818234,21487657,457,+0.20
20120813,26.05,27.85,26.05,27.3,2827709,77299702,1265,+1.25
20120814,27.1,27.25,26.6,26.7,766416,20638102,457,-0.60
20120815,26.8,27.4,26.6,26.75,1080555,29199159,546,+0.05
20120816,26.95,27.4,26.85,27.0,538992,14568681,356,+0.25
20120817,27.1,27.2,26.65,26.65,573899,15458473,348,-0.35
20120820,26.7,27.1,26.35,26.5,714187,19088454,357,-0.15
20120821,26.8,27.0,26.6,26.65,387361,10398265,275,+0.15
20120822,26.7,26.8,26.6,26.8,293669,7842359,188,+0.15
20120823,26.7,27.1,26.6,26.6,458646,12307116,301,-0.20
20120824,26.6,27.4,26.6,27.0,914327,24812779,554,+0.40
20120827,27.1,28.75,27.1,28.5,2944714,83208887,1645,+1.50
20120828,28.45,28.6,27.7,27.8,2719708,76909372,1113,-0.70
20120829,27.8,28.9,27.8,28.65,4258951,121554042,1684,+0.85
20120830,28.65,28.65,28.15,28.25,941617,26670785,523,-0.40
20120831,28.3,28.5,27.8,27.8,545565,15335920,339,-0.45
20120903,28.05,28.15,27.8,27.9,493198,13802899,314,+0.10
20120904,28.1,28.9,28.1,28.1,1037984,29565648,612,+0.20
20120905,28.0,28.05,27.15,27.25,1183064,32531530,768,-0.85
20120906,27.5,27.6,26.9,26.9,677866,18427241,412,-0.35
20120907,27.3,27.5,27.1,27.1,529594,14447100,313,+0.20
20120910,27.3,27.35,27.05,27.15,413909,11256743,253,+0.05
20120911,27.45,27.45,26.9,26.95,394168,10684964,268,-0.20
20120912,27.15,27.7,27.15,27.45,941641,25913225,500,+0.50
20120913,27.9,28.15,27.55,27.6,746232,20803176,472,+0.15
20120914,28.0,28.65,27.8,28.0,1385450,39147250,711,+0.40
20120917,28.0,28.65,28.0,28.05,1075167,30470701,522,+0.05
20120918,27.85,28.05,27.6,27.7,470141,13060138,299,-0.35
20120919,27.7,28.35,27.7,28.3,1321787,37262550,623,+0.60
20120920,28.45,28.55,27.7,27.7,639331,17970965,347,-0.60
20120921,27.75,28.2,27.75,27.8,467629,13048387,228,+0.10
20120924,27.7,27.85,27.4,27.4,448654,12357482,276,-0.40
20120925,27.45,28.75,27.45,28.0,2300500,64897772,1096,+0.60
20120926,28.0,28.2,27.2,27.25,747591,20555473,467,-0.75
20120927,27.25,27.8,27.25,27.4,389045,10695127,274,+0.15
20120928,27.5,27.6,27.0,27.0,528563,14376757,337,-0.40
20121001,27.1,27.35,26.9,27.05,374746,10148815,262,+0.05
20121002,27.1,27.5,27.1,27.15,309881,8444387,207,+0.10
20121003,27.4,27.4,27.0,27.0,308201,8365003,201,-0.15
20121004,27.0,27.15,26.8,26.8,571802,15409690,347,-0.20
20121005,26.9,27.1,26.8,26.8,366891,9884537,228, 0.00
20121008,26.8,26.9,26.25,26.35,365028,9679032,251,-0.45
20121009,26.35,26.4,25.65,25.65,639027,16586836,377,-0.70
20121011,25.2,25.7,25.1,25.4,496652,12625507,233,-0.25
20121012,25.6,25.75,25.3,25.3,427305,10884519,217,-0.10
20121015,25.3,25.5,25.1,25.5,199746,5057508,140,+0.20
20121016,25.75,25.85,25.5,25.85,321441,8247832,165,+0.35
20121017,26.15,26.25,25.9,26.0,319592,8332730,190,+0.15
20121018,26.1,26.3,25.7,26.05,633060,16411151,220,+0.05
20121019,26.1,26.1,25.6,25.6,280283,7234612,166,-0.45
20121022,25.6,25.65,25.2,25.65,215984,5512541,120,+0.05
20121023,25.8,25.85,25.5,25.55,136109,3490890,84,-0.10
20121024,25.5,25.6,25.3,25.6,255366,6500595,125,+0.05
20121025,25.55,25.95,25.2,25.2,469619,11953254,215,-0.40
20121026,25.2,25.4,23.8,23.8,1163825,28404700,448,-1.40
20121029,23.8,23.8,22.8,22.85,628224,14507978,304,-0.95
20121030,22.9,23.5,22.9,23.1,367500,8515598,229,+0.25
20121031,23.1,23.4,22.95,23.0,233530,5388486,158,-0.10
20121101,23.0,23.1,22.55,22.8,404648,9222908,252,-0.20
20121102,23.0,23.55,22.75,22.75,469179,10826645,289,-0.05
20121105,22.75,22.75,22.0,22.05,599100,13368353,260,-0.70
20121106,21.9,22.7,21.9,22.7,335820,7471031,214,+0.65
20121107,22.7,23.3,22.6,23.1,482430,11089340,308,+0.40
20121108,23.0,23.3,22.75,23.25,277612,6395086,162,+0.15
20121109,23.1,24.1,22.95,23.75,602001,14289121,315,+0.50
20121112,24.2,24.2,23.7,23.8,308901,7389552,180,+0.05
20121113,23.8,23.8,23.1,23.25,422002,9831044,204,-0.55
20121114,23.4,23.4,22.8,22.85,290946,6701004,152,-0.40
20121115,23.0,23.25,22.65,22.85,201753,4632629,131, 0.00
20121116,22.9,23.35,22.75,22.8,261146,6011926,171,-0.05
20121119,23.0,23.0,22.3,22.35,202485,4568563,139,-0.45
20121120,22.65,22.7,22.4,22.4,143288,3232321,95,+0.05
20121121,22.5,22.65,22.1,22.15,326206,7279982,170,-0.25
20121122,22.2,22.35,22.15,22.15,197502,4386919,112, 0.00
20121123,22.25,23.0,22.25,23.0,428557,9738328,275,+0.85
20121126,23.4,23.5,23.1,23.3,323514,7544224,213,+0.30
20121127,23.6,23.6,23.05,23.05,313960,7318780,208,-0.25
20121128,23.05,23.5,23.05,23.35,263233,6122504,163,+0.30
20121129,23.5,24.2,23.4,24.0,905824,21683376,523,+0.65
20121130,24.2,24.4,23.9,23.95,467705,11291262,320,-0.05
20121203,23.85,24.4,23.85,24.05,365364,8824086,263,+0.10
20121204,24.1,24.75,24.1,24.75,656385,16074337,363,+0.70
20121205,24.95,25.2,24.7,25.0,554464,13822773,307,+0.25
20121206,25.0,25.3,24.4,24.5,533258,13217269,307,-0.50
20121207,24.9,24.9,24.15,24.4,264229,6441562,146,-0.10
20121210,24.65,24.65,24.05,24.1,237668,5763914,140,-0.30
20121211,24.1,24.1,23.3,23.65,419675,9911162,230,-0.45
20121212,23.65,24.2,23.65,24.05,370282,8876837,190,+0.40
20121213,24.2,24.85,24.05,24.4,596503,14611519,294,+0.35
20121214,24.75,24.75,24.25,24.25,275744,6730287,189,-0.15
20121217,24.4,24.4,24.0,24.1,342800,8271350,187,-0.15
20121218,24.15,25.75,24.1,25.75,1946565,49269695,823,+1.65
20121219,26.45,27.55,26.4,27.15,3375061,91188347,1646,+1.40
20121220,27.0,27.0,26.1,26.3,945253,25072302,502,-0.85
20121221,26.3,26.7,25.6,26.0,649576,16873376,389,-0.30
20121222,26.0,26.3,25.8,26.0,283881,7396843,184, 0.00
20121224,26.2,27.3,26.0,26.35,789793,21071821,427,+0.35
20121225,26.2,26.75,26.1,26.45,438242,11594661,262,+0.10
20121226,26.5,26.9,26.2,26.2,435126,11526497,244,-0.25
20121227,26.4,27.1,26.2,26.4,673829,17955309,374,+0.20
20121228,26.5,26.7,26.1,26.15,471437,12429224,259,-0.25
20130102,26.6,26.65,26.0,26.0,332050,8723586,193,-0.15
20130103,26.15,27.25,26.15,26.75,1033278,27720151,510,+0.75
20130104,27.0,27.0,26.1,26.15,1176199,31415241,467,-0.60
20130107,26.35,26.4,26.15,26.3,481487,12632457,252,+0.15
20130108,26.0,26.2,25.85,26.0,556420,14480734,241,-0.30
20130109,26.2,26.8,26.2,26.2,528703,13966485,286,+0.20
20130110,26.5,26.5,25.9,25.95,604561,15778665,335,-0.25
20130111,26.05,27.45,25.85,26.9,2109000,56499894,970,+0.95
20130114,27.0,27.4,26.7,26.85,740758,20010098,411,-0.05
20130115,26.9,27.2,26.35,26.35,646489,17261410,355,-0.50
20130116,26.1,26.65,26.1,26.1,453802,11889380,252,-0.25
20130117,26.5,26.5,25.05,25.15,1079239,27803719,407,-0.95
20130118,25.35,25.65,25.2,25.5,330031,8374186,195,+0.35
20130121,25.5,25.7,25.35,25.4,262494,6695295,162,-0.10
20130122,25.45,25.5,24.6,25.0,371367,9287425,238,-0.40
20130123,25.0,25.15,24.75,25.05,390700,9745228,241,+0.05
20130124,25.05,25.35,24.8,24.95,225966,5658104,154,-0.10
20130125,24.5,24.95,24.5,24.65,290725,7181061,200,-0.30
20130128,24.65,25.1,24.6,24.85,290161,7201398,185,+0.20
20130129,25.1,25.3,24.95,25.15,299261,7514284,194,+0.30
20130130,25.2,25.35,25.0,25.2,299355,7545140,195,+0.05
20130131,25.6,25.6,25.1,25.1,208594,5273307,129,-0.10
20130201,25.1,25.4,25.0,25.1,314093,7888219,201, 0.00
20130204,25.2,25.25,24.75,24.75,324494,8081248,198,-0.35
20130205,24.7,24.75,24.35,24.4,282976,6925113,184,-0.35
20130206,24.6,24.65,24.4,24.4,279151,6837516,188, 0.00
20130218,24.55,24.75,24.4,24.4,288076,7075102,168, 0.00
20130219,24.4,24.95,24.4,24.75,300240,7406451,198,+0.35
20130220,25.0,25.6,24.8,25.35,1450203,36823262,670,+0.60
20130221,25.3,25.5,25.1,25.1,341247,8603275,198,-0.25
20130222,25.2,25.3,25.0,25.1,274881,6906822,148, 0.00
20130223,25.15,25.5,24.9,25.05,304078,7640600,183,-0.05
20130225,25.3,25.3,24.9,24.95,410205,10258077,243,-0.10
20130226,24.6,24.9,24.6,24.8,258202,6388935,149,-0.15
20130227,24.8,25.1,24.75,24.8,272129,6767492,178, 0.00
20130301,24.9,25.1,24.7,25.0,317110,7908572,218,+0.20
20130304,25.1,25.3,24.8,24.8,336800,8412857,221,-0.20
20130305,24.85,25.05,24.7,24.7,290078,7200168,175,-0.10
20130306,24.75,25.5,24.7,24.85,886063,22286213,463,+0.15
20130307,24.85,25.25,24.85,24.9,422413,10557459,257,+0.05
20130308,25.0,25.8,25.0,25.4,1423195,36250317,742,+0.50
20130311,25.45,25.55,25.2,25.3,455751,11527339,307,-0.10
20130312,25.3,25.45,24.9,24.9,513941,12896872,272,-0.40
20130313,24.9,25.35,24.9,24.95,381184,9561959,234,+0.05
20130314,24.95,26.65,24.95,26.65,3083955,80572292,1271,+1.70
20130315,27.05,27.3,26.35,26.75,7012146,188222747,2799,+0.10
20130318,26.65,26.85,26.0,26.15,1916597,50872959,868,-0.60
20130319,26.25,26.5,26.1,26.15,739352,19388150,427, 0.00
20130320,26.15,26.3,25.7,25.7,655718,16976294,377,-0.45
20130321,26.0,26.1,25.7,25.7,441659,11428716,263, 0.00
20130322,25.5,26.85,25.5,26.3,1425569,37448524,784,+0.60
20130325,26.4,26.75,26.05,26.05,626562,16460386,348,-0.25
20130326,26.1,26.35,25.8,25.8,432433,11256360,245,-0.25
20130327,25.8,26.2,25.8,25.8,430602,11173155,285, 0.00
20130328,26.2,26.2,25.7,26.0,491906,12787886,292,+0.20
20130329,26.0,27.5,26.0,26.85,1899444,51111458,1050,+0.85
20130401,26.9,28.0,26.85,27.05,2283986,62782618,1137,+0.20
20130402,27.1,27.15,26.65,26.65,635923,17094520,404,-0.40
20130403,26.8,27.2,26.7,26.7,561893,15098077,349,+0.05
20130408,26.2,26.2,24.85,25.0,1236698,31192316,660,-1.70
20130409,25.4,25.65,25.1,25.2,888800,22563857,404,+0.20
20130410,25.3,25.5,24.9,24.95,554153,13931475,269,-0.25
20130411,25.1,25.35,25.1,25.15,362220,9136920,221,+0.20
20130412,25.2,25.45,25.1,25.15,294058,7416407,179, 0.00
20130415,25.3,25.3,24.45,24.5,519181,12832465,290,-0.65
20130416,24.0,24.45,24.0,24.25,419073,10151175,255,-0.25
20130417,24.35,24.95,24.35,24.6,225679,5554229,192,+0.35
20130418,24.5,24.85,24.3,24.6,287965,7092134,179, 0.00
20130419,24.6,25.15,24.6,25.0,292762,7309973,189,+0.40
20130422,25.0,25.35,24.7,24.85,239160,5971357,165,-0.15
20130423,25.0,25.95,24.85,25.2,1107487,28231769,518,+0.35
20130424,25.65,25.75,25.3,25.3,330861,8422451,184,+0.10
20130425,25.0,25.35,24.85,24.95,365490,9174122,232,-0.35
20130426,25.2,25.4,24.85,24.85,356406,8921388,215,-0.10
20130429,24.9,25.0,24.45,24.5,431720,10638582,263,-0.35
20130430,24.9,25.15,24.65,24.8,544700,13551757,274,+0.30
20130502,24.8,25.4,24.8,25.0,744385,18702932,353,+0.20
20130503,25.15,25.25,24.85,24.9,329430,8253962,174,-0.10
20130506,25.1,25.4,24.95,25.2,734140,18501361,316,+0.30
20130507,25.3,25.3,24.95,24.95,192346,4830461,134,-0.25
20130508,25.0,25.2,24.9,25.2,302796,7588675,209,+0.25
20130509,25.3,25.75,25.2,25.35,1078348,27539585,528,+0.15
20130510,25.6,25.6,25.2,25.35,363759,9224274,196, 0.00
20130513,25.35,25.35,25.0,25.0,296085,7447765,146,-0.35
20130514,25.05,25.3,24.9,25.1,324602,8143406,167,+0.10
20130515,25.1,25.35,25.05,25.2,366313,9235053,240,+0.10
20130516,25.35,25.8,25.3,25.4,956135,24478224,512,+0.20
20130517,25.4,27.15,25.4,27.15,1943362,52230571,789,+1.75
20130520,27.6,28.35,27.5,28.35,7590037,211261134,2883,+1.20
20130521,28.55,28.55,27.75,27.85,2285568,64292897,1084,-0.50
20130522,28.15,29.3,28.15,28.5,2553512,73176259,1307,+0.65
20130523,28.5,28.5,27.6,27.6,1680585,46919641,764,-0.90
20130524,27.6,27.9,27.25,27.3,1048892,28818061,500,-0.30
20130527,27.35,28.0,27.35,27.7,470876,13036382,256,+0.40
20130528,27.85,27.85,27.4,27.5,439555,12092250,235,-0.20
20130529,27.7,28.2,27.6,27.7,1178652,32969058,557,+0.20
20130530,27.6,28.8,27.5,28.2,1794781,50811804,905,+0.50
20130531,28.65,28.65,27.5,27.6,1206224,33642984,524,-0.60
20130603,27.1,27.55,26.85,27.15,517707,14108429,317,-0.45
20130604,27.15,27.45,27.0,27.0,887459,24062393,365,-0.15
20130605,27.0,27.95,26.8,27.2,1223928,33592098,560,+0.20
20130606,27.0,27.2,26.9,27.05,556037,15030489,253,-0.15
20130607,27.25,27.5,25.25,25.85,1314538,34514575,556,-1.20
20130610,26.2,26.5,25.85,26.0,593668,15470166,319,+0.15
20130611,26.2,26.2,25.45,25.9,376227,9679026,212,-0.10
20130613,25.8,25.9,25.35,25.4,343296,8758108,170,-0.50
20130614,25.5,25.8,24.9,25.1,651518,16378258,296,-0.30
20130617,25.25,25.7,25.15,25.55,228357,5817018,154,+0.45
20130618,25.55,25.7,25.15,25.4,269203,6856965,166,-0.15
20130619,25.5,26.3,25.4,25.7,852146,22071328,388,+0.30
20130620,25.5,25.6,25.05,25.2,450361,11348645,231,-0.50
20130621,24.5,25.15,24.5,25.0,383003,9514625,213,-0.20
20130624,25.0,25.05,24.6,24.7,340071,8454654,190,-0.30
20130625,24.75,24.9,23.45,23.85,790398,19121752,392,-0.85
20130626,24.3,24.5,24.1,24.35,515744,12540650,294,+0.50
20130627,24.6,24.75,24.5,24.55,281477,6928777,165,+0.20
20130628,24.65,24.85,24.5,24.85,241056,5949543,148,+0.30
20130701,24.7,25.5,24.55,25.05,1061041,26555179,478,+0.20
20130702,25.4,25.4,24.7,25.0,353166,8807880,205,-0.05
20130703,25.0,25.0,24.5,24.55,404500,9972673,184,-0.45
20130704,24.8,24.8,24.4,24.45,279348,6850255,172,-0.10
20130705,24.55,25.3,24.55,24.75,775242,19332388,344,+0.30
20130708,24.5,24.6,24.25,24.3,319615,7795130,217,-0.45
20130709,24.5,24.75,24.3,24.45,311941,7652713,212,+0.15
20130710,24.7,24.95,24.55,24.55,481501,11913622,251,+0.10
20130711,24.85,25.0,24.65,24.65,368385,9150532,193,+0.10
20130712,24.65,25.4,24.65,25.0,1002000,25222900,400,+0.35
20130715,25.1,25.2,24.9,25.05,321416,8055756,157,+0.05
20130716,25.25,25.25,25.0,25.0,216206,5417427,127,-0.05
20130717,25.0,25.2,24.9,25.0,220507,5522124,141, 0.00
20130718,25.0,25.2,24.75,24.75,340600,8477059,194,-0.25
20130719,24.85,24.95,24.5,24.55,277100,6819790,159,-0.20
20130722,24.7,24.7,24.5,24.55,175400,4309449,125, 0.00
20130723,24.6,25.1,24.6,24.75,375144,9310262,219,+0.20
20130724,24.9,25.2,24.8,25.1,329532,8242617,191,+0.35
20130725,25.1,25.7,25.1,25.45,1161322,29586476,563,+0.35
20130726,25.7,25.8,25.1,25.15,450233,11413496,255,-0.30
20130729,25.15,25.3,24.9,24.9,289893,7272794,149,-0.25
20130730,25.0,25.7,24.9,25.55,1528408,39001010,597,+0.65
20130731,25.65,25.8,25.25,25.35,535161,13603513,256,-0.20
20130801,25.4,25.5,25.15,25.15,237490,5990697,150,-0.20
20130802,25.3,25.4,25.05,25.1,235500,5927823,146,-0.05
20130805,25.1,25.3,25.0,25.15,318949,8022569,192,+0.05
20130806,25.3,25.7,25.3,25.4,456758,11616737,272,+0.25
20130807,25.4,25.5,25.0,25.0,385584,9698250,184,-0.40
20130808,25.0,25.2,24.9,25.0,261633,6549506,148, 0.00
20130809,25.0,25.25,24.7,24.7,304323,7580807,188,-0.30
20130812,24.75,24.9,24.6,24.85,284776,7047913,137,+0.15
20130813,24.85,25.4,24.8,25.2,665826,16714888,286,+0.35
20130814,25.4,25.45,25.1,25.1,308084,7779448,190,-0.10
20130815,24.85,25.25,24.85,24.9,250132,6248075,160,-0.20
20130816,24.65,25.2,24.6,24.85,361959,8988136,197,-0.05
20130819,24.8,25.35,24.8,25.1,240341,6043389,165,+0.25
20130820,25.1,26.85,25.0,26.3,3555303,93241963,1696,+1.20
20130822,26.3,27.4,26.05,26.45,1925153,51251170,1140,+0.15
20130823,26.6,26.75,26.1,26.15,1017064,26881865,532,-0.30
20130826,26.3,26.45,26.1,26.15,615090,16123600,303, 0.00
20130827,26.15,26.65,25.95,26.2,837645,22031882,447,+0.05
20130828,26.0,26.3,25.4,25.5,957996,24608794,426,-0.70
20130829,25.55,25.85,25.5,25.7,514711,13223408,282,+0.20
20130830,25.8,26.0,25.4,26.0,500649,12888622,280,+0.30
20130902,26.0,26.55,26.0,26.3,697652,18349495,337,+0.30
20130903,26.5,26.5,26.15,26.3,534671,14071644,312, 0.00
20130904,26.3,26.35,26.1,26.1,454239,11893584,242,-0.20
20130905,26.4,27.1,26.4,26.6,1439392,38422135,681,+0.50
20130906,26.9,26.9,26.55,26.7,2040996,54524889,817,+0.10
20130909,25.7,25.7,25.3,25.3,1525897,38885095,718,X0.00
20130910,25.4,26.0,25.4,25.45,1347130,34661245,558,+0.15
20130911,25.45,26.0,25.3,26.0,2008198,51856414,749,+0.55
20130912,26.0,26.2,25.65,25.8,713031,18438740,341,-0.20
20130913,25.8,25.95,25.45,25.5,432222,11052588,246,-0.30
20130914,25.5,25.75,25.1,25.2,450677,11420605,244,-0.30
20130916,25.4,25.45,25.15,25.15,462249,11673375,299,-0.05
20130917,25.2,25.4,25.1,25.1,324547,8173025,182,-0.05
20130918,25.15,25.6,25.05,25.25,395898,10020586,208,+0.15
20130923,25.25,25.65,25.25,25.3,470712,11945337,235,+0.05
20130924,25.3,26.1,25.3,25.9,1655300,42721280,760,+0.60
20130925,25.9,25.95,25.55,25.65,346055,8895100,213,-0.25
20130926,25.6,25.8,25.4,25.4,337012,8592804,207,-0.25
20130927,25.45,26.3,25.4,25.85,1759178,45630480,775,+0.45
20130930,25.9,25.9,25.5,25.6,464998,11915897,241,-0.25
20131001,25.75,26.05,25.6,25.65,466084,12033852,240,+0.05
20131002,25.65,26.4,25.65,25.75,1174121,30553402,533,+0.10
20131003,26.15,27.55,26.05,27.55,2699314,73766438,925,+1.80
20131004,28.6,28.65,27.8,28.0,7139043,202028290,2555,+0.45
20131007,27.75,28.35,27.6,27.6,1625714,45363385,756,-0.40
20131008,27.6,28.15,27.5,28.0,1379002,38496896,647,+0.40
20131009,28.0,28.25,26.75,27.0,2125808,58082966,821,-1.00
20131011,27.5,27.85,27.05,27.3,1252344,34411803,583,+0.30
20131014,27.6,27.6,26.4,26.65,677058,18203989,412,-0.65
20131015,26.7,27.3,26.7,27.05,1715706,46427562,598,+0.40
20131016,27.4,27.4,26.95,27.2,501422,13598113,309,+0.15
20131017,27.45,28.2,27.25,27.9,1799026,50215567,851,+0.70
20131018,28.2,28.2,27.65,27.95,810411,22551712,396,+0.05
20131021,28.1,28.4,27.7,27.75,1085140,30409074,535,-0.20
20131022,27.7,27.7,27.15,27.2,937795,25679119,436,-0.55
20131023,27.35,28.1,27.25,27.55,1372647,38073455,570,+0.35
20131024,27.7,28.1,27.45,27.7,693038,19256099,408,+0.15
20131025,27.6,28.5,27.6,28.0,2013035,56729080,942,+0.30
20131028,28.4,28.4,27.6,27.7,960957,26822805,420,-0.30
20131029,28.0,28.0,27.3,27.35,772155,21218736,384,-0.35
20131030,27.4,27.9,27.35,27.4,441783,12162860,255,+0.05
20131031,27.4,27.7,27.35,27.35,575189,15796367,259,-0.05
20131101,27.5,27.5,26.9,27.0,1219102,33003728,481,-0.35
20131104,27.0,27.15,26.4,26.55,868526,23142384,355,-0.45
20131105,26.55,26.85,26.4,26.4,516486,13707376,256,-0.15
20131106,26.5,26.75,26.0,26.2,444020,11669522,250,-0.20
20131107,26.35,26.55,26.2,26.2,532156,13994935,272, 0.00
20131108,26.3,26.95,26.2,26.25,464251,12295851,252,+0.05
20131111,26.3,26.55,26.0,26.05,410650,10748248,177,-0.20
20131112,26.15,26.35,25.2,25.5,608202,15635358,316,-0.55
20131113,25.5,26.15,25.35,25.45,552884,14148441,277,-0.05
20131114,25.6,25.85,25.45,25.6,322336,8259598,154,+0.15
20131115,25.6,25.9,25.4,25.4,374951,9606648,200,-0.20
20131118,25.45,26.1,25.45,25.7,682869,17635694,271,+0.30
20131119,25.75,25.95,25.6,25.8,284006,7324200,151,+0.10
20131120,25.7,25.9,25.2,25.4,468494,11932397,231,-0.40
20131121,25.3,25.55,25.2,25.45,145699,3691488,100,+0.05
20131122,25.65,25.65,25.0,25.05,423856,10679725,218,-0.40
20131125,25.3,25.45,25.2,25.2,237915,6021305,154,+0.15
20131126,25.0,25.9,25.0,25.7,1067201,27275484,373,+0.50
20131127,25.7,25.8,25.55,25.6,267473,6854534,142,-0.10
20131128,25.8,25.95,25.6,25.6,289000,7430798,188, 0.00
20131129,25.65,26.2,25.55,25.95,512510,13259557,255,+0.35
20131202,26.15,26.35,25.85,25.85,1029501,26888074,374,-0.10
20131203,25.85,26.5,25.85,26.15,1040849,27386765,447,+0.30
20131204,26.15,26.25,25.95,25.95,408468,10626791,199,-0.20
20131205,26.65,27.05,26.45,26.65,1345311,35985189,621,+0.70
20131206,26.85,26.85,26.5,26.55,483064,12859293,242,-0.10
20131209,26.7,26.95,26.35,26.35,483042,12881803,223,-0.20
20131210,26.45,26.45,26.1,26.15,313400,8221858,178,-0.20
20131211,26.3,26.3,26.0,26.0,291358,7620645,170,-0.15
20131212,26.05,26.1,25.8,25.85,347840,9010085,166,-0.15
20131213,25.9,26.3,25.85,25.95,310749,8091424,165,+0.10
20131216,25.75,26.0,25.75,25.75,254592,6568037,144,-0.20
20131217,25.85,26.1,25.8,25.9,262887,6804836,150,+0.15
20131218,26.1,27.0,26.05,26.55,1382202,36808079,630,+0.65
20131219,26.65,27.0,26.35,26.6,1503300,40270748,557,+0.05
20131220,26.65,26.9,26.55,26.6,469726,12532360,230, 0.00
20131223,26.6,26.9,26.2,26.3,516720,13660931,278,-0.30
20131224,26.3,26.7,26.25,26.35,337081,8926028,174,+0.05
20131225,26.4,27.4,26.4,26.9,984353,26553289,517,+0.55
20131226,26.9,27.15,26.7,26.9,471219,12672264,227, 0.00
20131227,26.9,27.15,26.8,26.85,518182,13975726,265,-0.05
20131230,27.0,27.35,26.8,26.9,784486,21197669,380,+0.05
20131231,27.3,27.3,26.55,26.6,716274,19222149,292,-0.30
20140102,26.75,27.3,26.6,26.65,819626,21992078,359,+0.05
20140103,26.65,27.05,26.65,26.9,631720,16989309,305,+0.25
20140106,27.2,27.55,27.0,27.35,1280318,34911613,592,+0.45
20140107,27.5,28.2,27.15,27.8,2947256,81865038,1172,+0.45
20140108,28.0,28.1,27.3,27.45,1702461,46909600,719,-0.35
20140109,27.65,27.95,27.4,27.95,1018235,28170627,479,+0.50
20140110,28.2,29.9,28.0,29.9,4931119,145065494,1516,+1.95
20140113,31.25,31.95,31.05,31.95,7950185,250882755,2084,+2.05
20140114,32.8,33.35,31.85,33.2,14133130,461632990,6029,+1.25
20140115,34.0,34.1,32.6,33.2,6197572,206754799,2974, 0.00
20140116,33.4,34.4,32.85,34.0,5538826,186816299,2579,+0.80
20140117,34.1,34.1,32.8,33.15,3330028,111171274,1631,-0.85
20140120,33.2,35.45,32.6,35.45,4659813,159690217,2029,+2.30
20140121,36.4,36.5,34.05,34.1,10898122,390118250,4532,-1.35
20140122,33.2,34.75,33.2,33.75,4312531,146879066,1993,-0.35
20140123,34.25,34.95,34.0,34.2,3692193,127306068,1722,+0.45
20140124,34.2,34.5,33.05,33.6,2202612,74054306,1205,-0.60
20140127,32.6,32.95,32.4,32.45,2262772,73828386,1135,-1.15
20140205,32.0,33.85,31.5,33.85,1788924,58352171,1032,+1.40
20140206,34.2,35.0,33.55,33.55,3395853,116399809,1694,-0.30
20140207,33.9,34.35,33.5,33.7,1422040,48074938,781,+0.15
20140210,34.2,35.2,33.7,33.75,2705404,93174054,1392,+0.05
20140211,33.8,34.6,33.75,33.9,1604028,54715289,842,+0.15
20140212,34.35,34.4,33.6,33.6,1582013,53639178,744,-0.30
20140213,33.6,34.8,33.6,34.15,1935650,66099562,1072,+0.55
20140214,34.6,35.5,34.15,34.2,3901209,136161175,1912,+0.05
20140217,34.65,34.65,33.55,33.6,2007311,67926527,950,-0.60
20140218,33.6,34.25,33.5,34.0,1618059,54937247,791,+0.40
20140219,34.1,34.25,33.5,33.55,1707215,57453227,740,-0.45
20140220,33.6,34.35,33.6,33.7,1615243,54800883,834,+0.15
20140221,33.8,34.85,33.8,34.25,2296616,78907469,1103,+0.55
20140224,34.3,36.6,34.3,36.6,8890050,321041076,3306,+2.35
20140225,37.0,37.9,35.7,35.7,11170818,414510644,4942,-0.90
20140226,35.7,36.15,35.1,35.35,2695973,95975589,1402,-0.35
20140227,35.7,36.25,35.2,35.25,2127142,75878547,1145,-0.10
20140303,35.1,35.1,34.35,34.5,1846697,63844322,978,-0.75
20140304,34.5,35.7,34.35,34.85,1732084,60836575,935,+0.35
20140305,35.4,35.5,34.8,34.85,1504935,52781476,767, 0.00
20140306,35.2,35.45,34.85,34.9,1253144,43880052,677,+0.05
20140307,35.3,35.7,33.0,33.4,2416919,83397839,1295,-1.50
20140310,33.0,33.75,32.65,32.75,2060900,67972858,1160,-0.65
20140311,32.8,33.5,32.8,33.4,959178,31850253,653,+0.65
20140312,33.4,33.7,32.8,32.85,1172802,38748532,719,-0.55
20140313,32.85,33.5,32.85,33.0,741355,24571515,446,+0.15
20140314,32.9,33.65,32.9,33.35,829909,27594867,435,+0.35
20140317,33.5,34.0,33.05,33.55,1133772,38108389,574,+0.20
20140318,33.8,33.95,33.3,33.3,944541,31690758,521,-0.25
20140319,33.65,33.65,32.1,32.45,1532511,49963824,852,-0.85
20140320,32.45,32.45,31.85,31.95,915085,29273020,500,-0.50
20140321,32.1,32.3,31.5,32.0,901188,28656602,477,+0.05
20140324,31.85,31.85,30.8,31.25,985790,30781992,459,-0.75
20140325,31.0,32.0,31.0,31.75,672060,21294601,557,+0.50
20140326,31.85,32.3,31.85,32.0,489109,15669589,354,+0.25
20140327,32.1,32.95,32.0,32.75,1299250,42476045,730,+0.75
20140328,32.8,32.95,31.5,31.5,1018226,32567385,587,-1.25
20140331,31.2,31.95,31.2,31.95,460123,14595921,296,+0.45
20140401,32.05,32.25,31.6,31.8,535954,17074794,359,-0.15
20140402,32.2,32.25,31.8,32.0,447599,14341189,296,+0.20
20140403,32.2,32.2,31.45,31.65,688050,21800300,398,-0.35
20140407,31.65,32.0,31.55,31.85,343304,10900835,271,+0.20
20140408,31.85,31.9,31.65,31.8,304405,9673192,248,-0.05
20140409,31.8,32.4,31.8,32.2,699566,22555324,480,+0.40
20140410,32.5,33.9,32.45,33.3,1953014,64865107,1186,+1.10
20140411,33.2,33.2,32.2,32.4,944397,30810967,565,-0.90
20140414,32.4,32.75,31.8,31.8,734639,23603634,414,-0.60
20140415,32.2,32.4,31.3,31.8,987855,31323434,479, 0.00
20140416,31.9,32.1,31.6,31.85,631951,20136493,334,+0.05
20140417,32.0,32.2,31.9,32.0,448131,14352163,259,+0.15
20140418,32.2,33.1,32.15,32.3,1082454,35376160,643,+0.30
20140421,32.5,32.5,31.9,31.9,530505,17032231,321,-0.40
20140422,32.3,32.3,31.9,32.1,520891,16692062,277,+0.20
20140423,32.4,32.45,32.05,32.25,626086,20159654,346,+0.15
20140424,32.45,32.45,31.7,31.7,592472,18961411,334,-0.55
20140425,31.75,32.0,29.5,29.5,2437780,72920952,1111,-2.20
20140428,28.6,29.2,27.5,28.8,1333242,37916668,726,-0.70
20140429,29.0,29.7,28.8,29.55,604655,17756703,381,+0.75
20140430,29.55,29.9,28.45,28.45,915500,26655372,475,-1.10
20140502,28.95,29.05,28.6,29.0,393961,11358266,251,+0.55
20140505,29.1,29.55,29.0,29.0,530266,15433920,269, 0.00
20140506,29.4,29.4,29.0,29.3,398705,11632500,255,+0.30
20140507,29.3,29.4,28.8,28.9,305295,8862748,212,-0.40
20140508,29.0,30.45,29.0,30.0,1101590,32792602,610,+1.10
20140509,30.5,30.5,29.55,29.65,462700,13787079,269,-0.35
20140512,29.65,29.9,29.1,29.1,350685,10331699,215,-0.55
20140513,29.6,29.65,28.5,28.95,475999,13848970,298,-0.15
20140514,28.9,29.1,28.5,28.8,305160,8785338,194,-0.15
20140515,29.0,29.0,28.55,28.8,262752,7558426,159, 0.00
20140516,28.8,28.85,28.65,28.8,248472,7143395,137, 0.00
20140519,29.1,29.7,28.9,29.7,410096,12054834,214,+0.90
20140520,29.8,30.45,29.55,30.0,1143097,34451848,438,+0.30
20140521,29.95,30.15,29.45,29.5,433403,12908955,256,-0.50
20140522,29.75,30.1,29.65,30.0,341801,10233018,209,+0.50
20140523,30.0,31.0,29.85,30.4,1362828,41532303,660,+0.40
20140526,31.3,31.3,30.4,30.45,701500,21488450,283,+0.05
20140527,30.6,30.9,30.05,30.05,550957,16687306,248,-0.40
20140528,30.05,30.5,29.8,30.15,462962,13923710,257,+0.10
20140529,30.15,30.15,29.8,29.85,388260,11609807,233,-0.30
20140530,29.9,30.1,29.0,29.0,1454165,42891635,596,-0.85
20140603,29.1,29.6,28.85,28.85,797158,23230637,447,-0.15
20140604,29.0,29.15,28.85,28.9,538081,15604281,334,+0.05
20140605,29.0,29.45,29.0,29.4,429050,12540006,286,+0.50
20140606,29.6,30.5,29.6,30.25,1070581,32214806,604,+0.85
20140609,30.5,30.85,30.0,30.15,665552,20206987,346,-0.10
20140610,30.25,30.95,29.9,30.4,1350161,41219293,604,+0.25
20140611,30.95,30.95,30.25,30.35,645636,19735739,308,-0.05
20140612,30.35,30.35,29.85,29.95,552896,16614197,310,-0.40
20140613,29.8,30.25,29.8,29.95,414033,12417432,204, 0.00
20140616,29.95,30.1,29.7,29.8,453541,13527380,225,-0.15
20140617,29.9,30.1,29.75,29.8,367701,10985916,196, 0.00
20140618,29.8,30.4,29.8,30.1,821713,24788303,444,+0.30
20140619,30.15,32.2,30.15,32.2,3848799,122241172,1410,+2.10
20140620,32.6,34.0,32.5,32.55,8628315,286715447,3982,+0.35
20140623,32.55,32.8,30.35,31.0,3141081,99503150,1514,-1.55
20140624,31.3,31.6,30.9,30.9,817468,25481606,487,-0.10
20140625,31.0,32.65,30.9,32.15,2053776,65882985,1074,+1.25
20140626,32.3,32.4,31.6,31.75,1090256,34745185,543,-0.40
20140627,32.0,32.1,31.1,31.2,948123,29799969,527,-0.55
20140630,31.5,31.9,31.3,31.85,724070,22905311,385,+0.65
20140701,32.0,32.75,31.75,31.8,1362353,43846662,698,-0.05
20140702,31.85,32.25,30.85,31.05,1473055,46406702,724,-0.75
20140703,31.3,31.55,31.15,31.15,673783,21123380,400,+0.10
20140704,32.0,33.3,32.0,33.3,2284694,75640803,757,+2.15
20140707,35.6,35.6,35.6,35.6,2378999,84692359,934,+2.30
20140708,38.05,38.05,38.05,38.05,3479489,132394548,1342,+2.45
20140709,39.1,40.7,37.35,40.7,21844126,844328055,9826,+2.65
20140710,41.5,43.35,40.8,41.9,18096002,762474917,9011,+1.20
20140711,41.6,43.2,40.5,41.0,11806662,491192890,6236,-0.90
20140714,41.95,42.5,38.15,38.15,12296392,489101896,5348,-2.85
20140715,37.55,38.95,37.2,37.85,9072391,345144137,4556,-0.30
20140716,38.2,39.15,37.6,38.4,5701448,219319594,3088,+0.55
20140717,38.8,38.85,35.75,35.8,9614277,350687908,4796,-2.60
20140718,35.6,36.65,34.85,35.55,4485801,160518375,2470,-0.25
20140721,36.1,36.4,35.3,35.75,2287663,81889178,1293,+0.20
20140722,36.05,36.65,35.6,36.4,2512463,91224349,1493,+0.65
20140724,36.8,36.8,36.1,36.4,1691038,61662917,979, 0.00
20140725,36.4,36.8,35.85,36.0,1461902,52925122,869,-0.40
20140728,36.2,36.75,35.35,35.8,1780677,64317000,1062,-0.20
20140729,36.35,37.7,36.0,36.1,5466625,201745200,2925,+0.30
20140730,36.1,37.0,33.7,33.95,4746887,165938974,2742,-2.15
20140731,34.0,34.4,33.65,34.2,1591067,54254229,959,+0.25
20140801,33.6,33.9,32.6,33.5,1782650,59449754,1006,-0.70
20140804,34.0,34.2,33.6,34.0,1000566,33921862,566,+0.50
20140805,34.1,34.2,33.2,33.3,1019700,34071958,603,-0.70
20140806,33.4,33.5,31.65,32.5,1744401,56636712,889,-0.80
20140807,32.6,32.85,32.1,32.1,739897,24039690,429,-0.40
20140808,32.0,32.2,30.5,30.95,2259204,70532554,1103,-1.15
20140811,31.1,32.65,31.1,32.5,1665434,53508888,958,+1.55
20140812,32.6,32.6,31.8,31.85,794419,25444909,484,-0.65
20140813,31.85,32.35,31.5,32.2,642459,20609788,362,+0.35
20140814,32.5,32.5,31.5,31.5,1136634,36029723,550,-0.70
20140815,31.6,31.8,31.15,31.2,691138,21669904,396,-0.30
20140818,31.45,31.45,29.1,29.55,1871669,55884634,1018,-1.65
20140819,29.65,30.5,29.65,30.2,875983,26439233,539,+0.65
20140820,30.55,30.9,30.25,30.4,702699,21504462,462,+0.20
20140821,30.25,30.25,29.75,30.0,631436,18927430,350,-0.40
20140822,30.2,31.2,30.2,31.15,760852,23417243,502,+1.15
20140825,31.15,31.3,30.7,31.1,486137,15068023,303,-0.05
20140826,31.8,31.8,31.2,31.5,708912,22310177,389,+0.40
20140827,31.6,31.7,30.8,31.7,1412987,44279034,696,+0.20
20140828,30.6,31.0,30.5,30.6,858782,26367242,548,X0.00
20140829,30.6,31.7,30.5,30.95,1366784,42615054,734,+0.35
20140901,31.4,31.9,31.1,31.2,1451442,45779837,769,+0.25
20140902,31.2,31.7,30.5,30.6,925542,28780961,538,-0.60
20140903,30.65,31.2,30.65,30.75,411327,12683604,260,+0.15
20140904,30.7,30.9,30.45,30.5,514200,15722060,313,-0.25
20140905,30.6,31.0,30.3,30.5,405314,12410926,290, 0.00
20140909,30.55,32.6,30.55,32.6,2908327,93189356,1366,+2.10
20140910,32.6,33.35,32.1,32.4,3810124,125003522,2051,-0.20
20140911,32.8,32.8,31.75,31.85,1150705,36890710,641,-0.55
20140912,32.0,33.3,31.95,32.0,2038151,66401182,1238,+0.15
20140915,31.9,32.75,31.5,31.95,1298830,41847860,709,-0.05
20140916,32.0,32.5,31.6,31.8,845100,27031279,460,-0.15
20140917,32.05,32.7,31.95,32.2,1075328,34765976,629,+0.40
20140918,32.3,32.65,32.1,32.1,737940,23809715,417,-0.10
20140919,32.6,34.3,32.3,34.3,7424412,252210979,3284,+2.20
20140922,34.15,34.2,33.35,33.45,2937937,99158237,1603,-0.85
20140923,33.3,35.05,33.2,34.15,4234578,145343563,2382,+0.70
20140924,34.0,34.7,34.0,34.15,1842949,63356856,1049, 0.00
20140925,34.3,34.55,32.3,32.75,2606623,86553229,1458,-1.40
20140926,32.3,32.7,32.0,32.6,801443,25987888,490,-0.15
20140929,33.0,33.0,32.45,32.45,772551,25281743,406,-0.15
20140930,32.65,32.65,31.0,31.65,1551348,49001079,880,-0.80
20141001,31.65,32.45,31.65,31.7,766734,24504602,483,+0.05
20141002,31.5,32.45,31.5,32.0,1246569,40089008,574,+0.30
20141003,32.35,32.65,32.2,32.25,742548,24022521,421,+0.25
20141006,32.5,33.1,32.4,32.55,1126416,36961856,641,+0.30
20141007,32.55,32.55,32.0,32.0,631982,20338574,362,-0.55
20141008,31.85,32.2,31.55,31.55,737741,23502125,396,-0.45
20141009,31.7,32.15,31.15,31.2,739300,23280957,418,-0.35
20141013,29.2,29.95,29.05,29.05,2057009,60165513,942,-2.15
20141014,29.05,29.35,28.8,29.15,778666,22655790,403,+0.10
20141015,29.25,29.5,27.15,27.15,2303939,63502883,1092,-2.00
20141016,26.0,26.8,25.25,26.3,2495000,63898493,1125,-0.85
20141017,26.5,26.8,24.8,25.4,1442600,37074418,825,-0.90
20141020,26.2,26.35,25.95,26.3,773885,20245281,415,+0.90
20141021,26.5,26.95,26.3,26.45,792272,21107801,511,+0.15
20141022,27.1,27.45,26.8,27.05,790857,21420430,500,+0.60
20141023,27.0,27.0,26.6,26.65,313300,8389535,232,-0.40
20141024,26.7,26.8,26.0,26.3,438226,11537305,317,-0.35
20141027,26.4,26.55,24.8,24.85,1297815,32676734,682,-1.45
20141028,24.85,25.7,24.85,25.7,757606,19301428,405,+0.85
20141029,26.0,27.3,26.0,27.2,1134658,30216297,657,+1.50
20141030,27.1,27.1,26.6,26.7,436315,11683108,275,-0.50
20141031,27.0,27.4,26.75,27.0,1183033,32068542,527,+0.30
20141103,27.2,27.65,27.2,27.35,657881,18016007,409,+0.35
20141104,27.35,27.4,27.0,27.0,373878,10165715,273,-0.35
20141105,27.3,27.7,26.85,27.15,984400,26914809,489,+0.15
20141106,27.15,27.35,26.7,26.8,392835,10622997,256,-0.35
20141107,26.85,27.25,26.85,27.2,241983,6556291,163,+0.40
20141110,27.0,27.7,27.0,27.3,865682,23756949,357,+0.10
20141111,27.4,27.7,27.25,27.35,402319,11040075,227,+0.05
20141112,27.35,27.35,26.55,26.65,379590,10192333,270,-0.70
20141113,26.65,27.2,26.65,26.7,332585,8946529,168,+0.05
20141114,26.8,27.15,26.4,27.1,435541,11727725,259,+0.40
20141117,27.5,27.5,27.05,27.15,434715,11846909,254,+0.05
20141118,27.2,27.5,26.6,27.1,679233,18327760,304,-0.05
20141119,27.0,27.3,27.0,27.0,344855,9350585,193,-0.10
20141120,27.1,27.5,27.1,27.25,377899,10327705,251,+0.25
20141121,27.5,29.15,27.25,29.15,3702199,106319598,1782,+1.90
20141124,29.4,29.55,28.65,28.7,2323007,67653747,1171,-0.45
20141125,28.7,29.35,28.6,29.05,980474,28477539,526,+0.35
20141126,29.15,29.7,28.85,29.15,1935128,56657179,810,+0.10
20141127,29.5,29.5,28.0,28.5,1114921,31969711,607,-0.65
20141128,28.7,28.8,28.2,28.25,545338,15454647,324,-0.25
20141201,27.1,28.35,27.1,28.35,487828,13561246,282,+0.10
20141202,28.35,28.65,28.1,28.5,462344,13121150,282,+0.15
20141203,28.95,29.55,28.6,29.15,794267,23146443,452,+0.65
20141204,29.5,29.6,29.05,29.05,800268,23459533,412,-0.10
20141205,29.2,29.7,29.1,29.5,910005,26781894,498,+0.45
20141208,29.7,30.4,29.7,29.8,1019478,30597689,556,+0.30
20141209,29.6,30.1,29.5,29.7,1050241,31295503,490,-0.10
20141210,29.7,30.45,29.5,29.65,850500,25429446,453,-0.05
20141211,29.3,29.7,29.2,29.4,540006,15918525,248,-0.25
20141212,29.55,29.8,29.35,29.45,412460,12163691,231,+0.05
20141215,28.95,29.3,28.8,29.3,353708,10305575,206,-0.15
20141216,29.1,29.65,29.1,29.1,256301,7498406,186,-0.20
20141217,29.1,29.45,29.0,29.1,364011,10618569,218, 0.00
20141218,29.4,30.1,29.3,29.55,746366,22149211,447,+0.45
20141219,30.8,31.6,30.45,31.6,2206620,69171386,965,+2.05
20141222,32.2,32.3,31.35,31.5,3796664,120785527,1575,-0.10
20141223,31.6,32.1,31.0,31.05,2995360,94933175,1268,-0.45
20141224,31.8,31.8,31.15,31.25,1197453,37623437,636,+0.20
20141225,31.5,31.7,31.15,31.55,699397,21944914,380,+0.30
20141226,31.65,31.65,31.1,31.25,692879,21692934,359,-0.30
20141227,31.4,31.6,31.35,31.55,355564,11194477,214,+0.30
20141229,31.8,31.8,31.25,31.3,793851,25026863,340,-0.25
20141230,31.35,31.5,31.05,31.05,535384,16698611,253,-0.25
20141231,31.2,31.6,31.1,31.2,612802,19164740,291,+0.15
20150105,31.2,31.35,31.0,31.25,482800,15047498,221,+0.05
20150106,30.8,31.0,30.65,30.7,805239,24798509,362,-0.55
20150107,30.5,31.5,30.5,31.0,565352,17613630,335,+0.30
20150108,31.8,31.9,31.15,31.15,990073,31207663,470,+0.15
20150109,31.3,31.7,31.1,31.25,895011,28122590,383,+0.10
20150112,31.25,31.55,31.1,31.15,368636,11507877,195,-0.10
20150113,31.15,31.5,31.1,31.1,614438,19179642,249,-0.05
20150114,31.5,31.95,31.1,31.9,1189067,37586121,591,+0.80
20150115,32.0,33.6,31.8,32.45,5051549,165914525,2365,+0.55
20150116,32.3,32.7,31.55,31.6,1789970,57246253,830,-0.85
20150119,32.0,32.05,31.45,31.5,956200,30306911,344,-0.10
20150120,31.5,32.85,31.5,32.05,1842446,59414822,775,+0.55
20150121,32.05,34.25,32.0,34.25,9600529,321588861,4016,+2.20
20150122,34.9,35.3,34.05,34.05,10187133,353021423,4482,-0.20
20150123,34.2,34.4,33.5,33.5,2924865,98925672,1422,-0.55
20150126,33.75,35.2,33.6,34.7,4414518,153428143,2364,+1.20
20150127,34.8,35.35,34.0,34.3,2659775,92329261,1438,-0.40
20150128,34.3,34.4,33.75,33.8,1365931,46329462,689,-0.50
20150129,33.8,34.25,33.55,33.7,1509711,51079408,719,-0.10
20150130,34.0,34.15,33.65,33.65,953327,32190484,408,-0.05
20150202,33.65,33.85,32.75,32.85,1607104,53098686,748,-0.80
20150203,33.0,33.3,33.0,33.1,800779,26534434,381,+0.25
20150204,33.3,34.4,33.3,33.9,1483681,50408612,864,+0.80
20150205,34.8,35.05,34.0,34.0,2244049,77563109,1262,+0.10
20150206,34.35,34.35,33.3,33.5,904227,30455850,508,-0.50
20150209,33.6,34.0,33.6,33.8,611505,20677964,333,+0.30
20150210,33.9,34.55,33.9,34.1,1187205,40629549,608,+0.30
20150211,34.2,34.6,33.7,33.7,1189058,40588778,666,-0.40
20150212,33.7,34.1,33.35,33.95,634589,21395103,371,+0.25
20150213,34.0,34.35,33.75,33.75,713611,24221310,359,-0.20
20150224,34.3,36.1,34.2,35.7,9385712,336181462,3134,+1.95
20150225,35.7,38.15,35.35,38.15,10217251,379488661,4932,+2.45
20150226,38.3,38.8,37.85,38.3,4810323,183763714,2492,+0.15
20150302,38.5,38.75,37.5,37.5,3368086,128122055,1974,-0.80
20150303,37.7,38.9,37.55,37.7,4321555,165085285,2443,+0.20
20150304,37.6,38.2,37.1,37.35,2284516,85900390,1215,-0.35
20150305,37.35,39.95,37.35,39.95,6790555,266913911,3610,+2.60
20150306,39.95,42.0,39.65,40.3,10232355,417604687,5045,+0.35
20150309,40.3,41.4,39.7,40.3,4077273,165028900,2154, 0.00
20150310,40.9,42.45,40.5,42.2,6880699,286896166,3690,+1.90
20150311,41.3,42.85,41.3,41.5,5554279,233016289,3132,-0.70
20150312,41.8,42.35,41.1,41.5,3573475,148733957,1760, 0.00
20150313,41.9,42.1,40.6,40.8,3172125,130874408,1704,-0.70
20150316,41.1,41.6,40.5,40.9,1940876,79630852,1085,+0.10
20150317,41.5,42.5,41.0,41.0,3614480,150762380,1991,+0.10
20150318,41.0,41.8,39.9,40.6,3110537,126464064,1659,-0.40
20150319,41.3,42.6,41.0,41.7,5712456,239798683,2650,+1.10
20150320,41.9,42.2,40.95,41.0,2771229,114879789,1299,-0.70
20150323,41.1,41.4,40.35,41.0,2020574,82463884,1016, 0.00
20150324,40.9,41.7,40.9,41.15,1403535,57806931,820,+0.15
20150325,41.35,42.6,41.05,41.15,4837411,202847197,2562, 0.00
20150326,40.6,41.5,40.5,41.3,2028179,83140830,1168,+0.15
20150327,42.0,43.75,41.8,43.5,11604414,499617588,5675,+2.20
20150330,44.0,44.6,40.5,40.5,9673828,408319721,4758,-3.00
20150331,40.5,41.2,38.2,40.35,8199873,326823242,3584,-0.15
20150401,40.0,41.0,39.5,40.4,2945350,118869073,1550,+0.05
20150402,40.9,41.45,40.35,41.25,2609515,106893972,1416,+0.85
20150407,41.55,42.35,41.55,42.05,2370440,99395392,1305,+0.80
20150408,41.9,42.0,39.15,39.4,5647541,225109677,2771,-2.65
20150409,39.5,40.3,38.6,39.15,2387780,94151769,1314,-0.25
20150410,39.5,39.7,38.45,39.05,1987230,77151077,994,-0.10
20150413,39.6,39.65,38.55,39.0,945127,37006153,696,-0.05
20150414,39.1,40.45,39.1,39.8,1515910,60541446,990,+0.80
20150415,40.5,40.5,39.5,39.55,906408,36108860,556,-0.25
20150416,40.0,40.0,39.25,39.25,1269403,50152412,536,-0.30
20150417,39.9,39.9,38.8,38.85,966340,37719964,536,-0.40
20150420,38.8,38.9,37.3,38.0,1735707,65664575,1007,-0.85
20150421,38.3,38.5,35.35,35.35,5218629,186749192,1829,-2.65
20150422,35.35,36.2,34.2,36.05,2954903,104425976,1509,+0.70
20150423,36.1,36.8,36.1,36.3,1466116,53395461,793,+0.25
20150424,36.8,36.8,35.15,35.7,1632609,58446986,1011,-0.60
20150427,36.0,37.2,35.8,37.0,1795491,65907465,1112,+1.30
20150428,37.2,38.4,37.0,38.0,2250316,85033433,1178,+1.00
20150429,37.9,37.9,36.6,37.15,1185474,44051377,710,-0.85
20150430,37.2,37.9,37.1,37.9,909464,34162336,519,+0.75
20150504,38.5,38.5,37.5,37.7,978374,36964070,474,-0.20
20150505,37.7,37.7,36.85,37.4,815131,30392458,422,-0.30
20150506,37.0,37.7,36.55,37.2,1139743,42350586,578,-0.20
20150507,37.2,37.6,36.2,36.2,1030503,37972732,574,-1.00
20150508,36.2,36.7,35.9,36.3,959514,34823503,484,+0.10
20150511,37.1,37.1,33.8,34.2,2422312,83212408,1105,-2.10
20150512,34.0,35.65,32.5,35.25,2238908,75846502,1162,+1.05
20150513,35.2,35.3,34.55,34.95,673195,23554425,358,-0.30
20150514,34.95,35.2,34.5,34.75,393937,13711844,245,-0.20
20150515,34.8,35.2,34.35,34.65,412334,14268001,269,-0.10
20150518,34.65,34.95,34.0,34.0,359302,12314818,278,-0.65
20150519,33.5,34.55,33.5,34.3,690060,23536089,448,+0.30
20150520,34.6,36.7,34.6,36.15,2600683,93687085,1426,+1.85
20150521,35.5,36.3,35.5,35.7,1331788,47838467,600,-0.45
20150522,35.9,37.45,35.9,36.35,1581468,57981283,896,+0.65
20150525,36.75,37.3,36.5,36.7,1117634,41331484,587,+0.35
20150526,37.1,37.15,36.0,36.25,1055989,38531199,480,-0.45
20150527,36.25,36.7,35.85,36.4,632777,22912225,354,+0.15
20150528,36.6,37.1,36.25,36.4,641529,23487946,384, 0.00
20150529,36.5,37.35,36.5,36.65,1029784,37992762,514,+0.25
20150601,37.0,37.0,36.0,36.3,391326,14186268,263,-0.35
20150602,36.2,37.1,36.2,36.5,476001,17498134,331,+0.20
20150603,37.5,40.15,36.9,40.15,3585463,141630532,1510,+3.65
20150604,41.0,41.85,38.2,38.7,8917287,360421259,4232,-1.45
20150605,38.8,42.3,38.8,41.8,9119667,370553822,4774,+3.10
20150608,42.2,43.95,41.1,41.3,9151391,389931062,5173,-0.50
20150609,41.3,42.5,38.3,39.3,5017820,203269760,2845,-2.00
20150610,40.0,40.45,39.3,39.5,2527067,100703096,1485,+0.20
20150611,40.1,41.15,39.5,39.6,2329691,93850763,1511,+0.10
20150612,39.5,40.35,38.85,39.15,1585299,62790370,977,-0.45
20150615,39.1,39.85,36.9,37.2,4192486,159780368,2238,-1.95
20150616,37.2,37.2,35.65,36.8,2952200,107271850,1651,-0.40
20150617,36.9,38.75,36.8,38.0,2748271,104377460,1680,+1.20
20150618,38.4,38.85,37.9,38.3,1541428,59144276,866,+0.30
20150622,39.8,40.95,39.3,40.25,3599336,144701437,2095,+1.95
20150623,40.5,40.6,39.1,39.15,2512465,99625827,1418,-1.10
20150624,39.15,40.6,39.15,40.4,2039220,81592336,1199,+1.25
20150625,40.8,41.05,39.7,39.95,2160955,87306701,1275,-0.45
20150626,40.0,41.3,40.0,40.15,3147496,128154261,1699,+0.20
20150629,40.5,42.1,40.05,40.6,6826208,281196372,3539,+0.45
20150630,41.15,42.0,41.0,41.15,3966040,164460540,2229,+0.55
20150701,41.8,43.5,40.2,40.5,9981469,421423840,4701,-0.65
20150702,41.05,41.2,39.85,40.2,3310812,133897481,1675,-0.30
20150703,40.65,41.0,39.9,40.35,1603976,64850534,1035,+0.15
20150706,40.15,40.2,38.55,38.8,2693580,105624120,1456,-1.55
20150707,39.1,39.75,38.85,39.0,2613126,102374164,1368,+0.20
20150708,38.9,39.1,36.8,37.1,3513395,131431611,1778,-1.90
20150709,36.5,38.1,35.0,38.1,2508648,91859036,1387,+1.00
20150713,38.8,39.15,38.25,38.35,1684504,64976776,901,+0.25
20150714,38.6,39.35,38.3,38.3,1515875,58866286,969,-0.05
20150715,38.9,38.9,37.7,38.5,988300,37760090,617,+0.20
20150716,38.75,38.95,38.3,38.35,918461,35457476,608,-0.15
20150717,38.4,38.6,37.8,37.9,728580,27764974,520,-0.45
20150720,38.4,38.4,36.5,36.5,1599355,59119053,901,-1.40
20150721,36.55,37.05,36.1,37.05,1024927,37562503,599,+0.55
20150722,37.0,37.0,36.2,36.25,747500,27285649,507,-0.80
20150723,36.15,36.4,35.1,35.5,1478608,52679890,836,-0.75
20150724,35.5,35.8,34.65,35.0,1013713,35535994,623,-0.50
20150727,34.95,35.1,32.1,32.2,2198100,73201479,1141,-2.80
20150728,32.1,34.0,31.9,33.35,2001332,65814418,1088,+1.15
20150729,33.9,34.05,33.3,33.65,934706,31554046,569,+0.30
20150730,33.9,35.05,33.9,34.1,1037947,35812141,641,+0.45
20150731,34.3,34.4,33.35,33.45,619427,20905682,399,-0.65
20150803,33.1,33.2,32.3,32.55,758600,24853439,460,-0.90
20150804,32.5,33.0,29.3,30.35,2375545,73828473,1195,-2.20
20150805,31.3,32.0,30.5,32.0,1160391,36285399,654,+1.65
20150806,33.1,33.15,31.8,32.3,1136202,36999683,712,+0.30
20150807,31.9,32.9,31.75,32.7,629311,20447863,420,+0.40
20150810,33.0,34.0,32.6,34.0,893199,29802173,582,+1.30
20150811,34.5,34.5,33.0,33.0,863287,29142085,583,-1.00
20150812,32.7,33.5,32.15,33.5,543100,17770048,358,+0.50
20150813,32.5,33.3,32.1,32.45,1700001,55185283,977,-1.05
20150814,32.45,32.95,32.4,32.5,483982,15779362,316,+0.05
20150817,32.6,32.6,31.5,31.85,577072,18456996,302,-0.65
20150818,31.7,32.2,31.5,31.7,430800,13727459,276,-0.15
20150819,31.5,31.95,29.75,30.5,1345555,41052427,791,-1.20
20150820,30.1,31.45,30.05,31.05,782100,24171438,464,+0.55
20150821,30.45,30.8,29.75,29.8,998006,30023575,566,-1.25
20150824,29.0,29.05,26.85,27.0,2327139,63787027,1113,-2.80
20150825,26.0,28.2,26.0,28.2,989104,27070464,642,+1.20
20150826,26.25,28.1,26.25,27.7,765793,21022373,449,-0.50
20150827,28.2,29.55,28.1,29.25,1729645,50433775,990,+1.55
20150828,28.5,28.5,27.6,27.8,1324938,37102820,769,X0.00
20150831,27.8,28.4,27.65,28.05,459675,12856931,350,+0.25
20150901,28.5,28.5,27.8,28.2,514200,14523609,288,+0.15
20150902,27.8,28.5,27.6,28.45,455414,12865626,306,+0.25
20150903,28.6,29.65,28.6,29.3,1237400,36196979,750,+0.85
20150904,29.3,29.55,28.4,28.45,834872,24163362,544,-0.85
20150907,28.1,28.75,28.1,28.75,357209,10186477,249,+0.30
20150908,29.35,30.1,29.3,29.6,1583879,47134686,922,+0.85
20150909,30.1,30.25,29.8,30.1,1148821,34506220,684,+0.50
20150910,29.8,30.25,29.6,30.2,660325,19872448,426,+0.10
20150911,30.3,31.25,30.2,31.0,1184300,36450603,751,+0.80
20150914,31.5,31.5,30.55,30.55,721177,22288055,440,-0.45
20150915,30.7,31.35,30.6,30.65,775100,23947710,452,+0.10
20150916,31.15,31.15,30.3,30.35,594426,18227097,386,-0.30
20150917,30.6,31.35,30.45,30.9,611000,18817950,376,+0.55
20150918,31.05,32.35,30.65,31.8,1450147,45977573,793,+0.90
20150921,31.3,31.3,30.9,30.9,588105,18274875,403,-0.90
20150922,31.25,31.9,31.25,31.5,505627,15988673,350,+0.60
20150923,31.0,31.35,30.75,30.85,520579,16085129,330,-0.65
20150924,31.3,31.3,30.1,30.4,627113,19118072,412,-0.45
20150925,30.25,30.7,30.2,30.6,356300,10854068,245,+0.20
20150930,30.0,30.6,29.95,30.6,294535,8913262,237, 0.00
20151001,30.9,31.45,30.9,30.95,629990,19608634,398,+0.35
20151002,31.45,32.45,31.15,31.75,1607036,51450440,994,+0.80
20151005,32.2,32.7,32.1,32.15,1060701,34234950,670,+0.40
20151006,32.9,32.9,31.8,31.8,1028007,33099822,627,-0.35
20151007,32.2,32.5,31.8,32.4,985004,31751889,580,+0.60
20151008,33.3,33.35,32.3,32.3,1682406,55170242,933,-0.10
20151012,32.8,32.85,32.2,32.4,600210,19479902,390,+0.10
20151013,32.4,32.75,32.05,32.3,541000,17500300,309,-0.10
20151014,32.45,33.35,32.3,32.9,968150,31902969,553,+0.60
20151015,32.95,33.3,32.65,32.7,628400,20711977,399,-0.20
20151016,33.0,33.15,32.4,32.45,566511,18500256,323,-0.25
20151019,32.75,32.75,32.3,32.3,461437,14966763,291,-0.15
20151020,32.4,33.3,32.35,33.15,1091081,35936180,606,+0.85
20151021,34.0,36.45,33.7,36.45,2635753,94759192,1015,+3.30
20151022,36.45,37.15,35.3,35.65,4335613,157604425,2270,-0.80
20151023,36.0,36.5,35.55,35.55,1791160,64391346,819,-0.10
20151026,35.85,36.5,35.3,35.55,1346384,48177643,645, 0.00
20151027,35.8,35.9,34.75,35.05,791800,27819378,488,-0.50
20151028,35.15,36.05,35.05,35.35,1735801,61848564,735,+0.30
20151029,35.75,36.35,35.1,35.1,2244500,80099474,981,-0.25
20151030,35.25,35.5,34.0,34.4,743465,25686891,484,-0.70
20151102,34.5,34.75,34.05,34.2,581321,19954452,386,-0.20
20151103,34.5,34.95,34.4,34.8,586341,20294746,368,+0.60
20151104,35.3,35.35,35.0,35.0,931223,32725557,569,+0.20
20151105,34.5,34.55,33.7,33.9,1730100,58808805,972,-1.10
20151106,34.1,34.4,33.55,33.8,708003,23987795,425,-0.10
20151109,34.45,34.8,33.3,33.3,1119102,38098105,634,-0.50
20151110,33.4,33.85,32.3,32.5,1221439,40205248,687,-0.80
20151111,32.8,32.8,31.6,31.65,956012,30557474,565,-0.85
20151112,32.3,32.3,30.9,32.05,1084300,34181017,535,+0.40
20151113,31.8,32.0,31.05,31.3,539100,16998098,325,-0.75
20151116,30.75,31.5,30.5,31.5,551100,17028997,327,+0.20
20151117,32.25,32.25,31.5,31.65,504272,16059519,352,+0.15
20151118,31.7,32.15,31.35,32.0,746068,23797776,408,+0.35
20151119,32.15,32.5,31.9,31.9,397878,12781555,266,-0.10
20151120,31.9,32.7,31.85,31.9,647141,20896797,389, 0.00
20151123,32.05,32.3,31.4,31.4,439341,13934303,293,-0.50
20151124,31.6,31.6,30.6,30.75,658022,20345282,424,-0.65
20151125,30.75,30.85,29.9,30.0,890883,26912090,544,-0.75
20151126,30.0,30.95,30.0,30.95,624583,19141532,400,+0.95
20151127,30.95,31.2,30.2,30.2,530622,16220980,318,-0.75
20151130,30.2,31.1,30.0,30.5,683007,20967010,392,+0.30
20151201,31.0,32.1,30.7,32.05,1038608,32805836,607,+1.55
20151202,32.6,32.8,32.0,32.1,932205,30111410,535,+0.05
20151203,32.6,32.95,32.2,32.4,1184500,38604522,661,+0.30
20151204,32.1,32.4,31.9,32.1,702194,22527916,417,-0.30
20151207,33.3,34.3,32.75,32.75,2309067,77568029,1235,+0.65
20151208,33.0,33.1,31.6,31.6,1211197,38985004,709,-1.15
20151209,30.95,31.3,29.3,30.0,1909582,57546049,1024,-1.60
20151210,30.25,30.6,29.7,30.5,612937,18537945,388,+0.50
20151211,30.8,30.8,28.55,29.0,1467709,43360236,785,-1.50
20151214,28.1,28.8,27.9,28.1,1116040,31464560,601,-0.90
20151215,28.3,28.65,28.15,28.55,632315,17981948,384,+0.45
20151216,28.95,28.95,28.3,28.55,653201,18699892,482, 0.00
20151217,28.8,29.3,28.75,29.2,459904,13359943,325,+0.65
20151218,29.2,29.4,28.95,29.25,488152,14245893,296,+0.05
20151221,29.2,29.25,28.65,29.15,800110,23105153,405,-0.10
20151222,29.2,29.4,29.0,29.0,397596,11581934,277,-0.15
20151223,29.1,29.35,28.85,28.85,535002,15568060,314,-0.15
20151224,29.05,29.15,28.55,28.6,426250,12292994,264,-0.25
20151225,28.8,28.95,28.5,28.75,211302,6070581,156,+0.15
20151228,28.6,29.05,28.6,28.7,237782,6819821,178,-0.05
20151229,28.7,28.7,28.0,28.4,441300,12476816,274,-0.30
20151230,28.5,28.7,28.15,28.2,240826,6813116,180,-0.20
20151231,28.2,28.6,28.1,28.4,208721,5926402,147,+0.20
20160104,28.3,28.75,27.7,27.8,721798,20267462,435,-0.60
20160105,27.05,27.7,27.05,27.5,442895,12110904,289,-0.30
20160106,27.5,27.55,26.85,27.0,594797,16100004,326,-0.50
20160107,26.6,26.9,25.0,26.25,1084501,28074322,612,-0.75
20160108,25.2,26.9,25.2,26.8,595800,15679437,367,+0.55
20160111,26.65,26.65,25.7,25.9,461011,11980086,257,-0.90
20160112,26.4,26.4,25.5,25.6,508371,13111874,266,-0.30
20160113,26.1,26.5,25.8,26.0,383125,10007955,226,+0.40
20160114,25.35,25.85,25.1,25.4,375300,9546159,260,-0.60
20160115,25.6,25.9,25.2,25.4,273243,6971860,192, 0.00
20160118,25.3,26.45,24.85,26.45,719329,18502147,363,+1.05
20160119,26.0,26.75,25.95,26.75,380484,10036422,262,+0.30
20160120,26.35,26.75,25.7,25.9,450898,11821073,284,-0.85
20160121,26.0,26.5,25.3,25.9,506205,13103709,228, 0.00
20160122,26.0,26.15,25.35,25.5,445060,11426040,242,-0.40
20160125,25.9,26.2,25.5,26.0,370211,9578586,264,+0.50
20160126,25.8,27.45,25.8,26.85,786009,21046443,456,+0.85
20160127,27.0,27.45,26.55,26.9,474284,12841977,292,+0.05
20160128,26.9,27.55,26.9,27.3,693141,18915176,408,+0.40
20160129,27.3,27.4,27.0,27.25,426805,11605584,257,-0.05
20160130,27.5,27.65,27.25,27.4,264383,7245693,185,+0.15
20160201,27.5,27.7,26.7,26.7,357162,9666205,245,-0.70
20160202,26.9,27.1,26.45,27.0,429261,11490521,244,+0.30
20160203,26.7,26.85,26.5,26.55,305018,8112919,170,-0.45
20160215,26.2,26.9,26.0,26.8,223269,5940925,167,+0.25
20160216,26.9,27.25,26.9,27.2,262211,7117835,204,+0.40
20160217,27.25,27.45,27.1,27.3,341233,9313207,238,+0.10
20160218,27.55,27.65,27.15,27.3,275062,7530833,210, 0.00
20160219,27.6,27.8,27.3,27.55,400996,11058936,252,+0.25
20160222,27.7,27.8,27.3,27.5,326055,8975546,207,-0.05
20160223,27.7,28.3,27.55,28.2,785392,21985443,429,+0.70
20160224,28.2,28.75,28.1,28.75,897710,25527074,567,+0.55
20160225,29.5,29.6,28.45,28.45,1146898,33408563,665,-0.30
20160226,28.7,28.7,28.2,28.25,363071,10311746,253,-0.20
20160301,28.3,28.85,28.1,28.6,594242,16986884,286,+0.35
20160302,28.85,29.3,28.6,28.6,845710,24529487,515, 0.00
20160303,28.75,29.05,28.1,28.45,321825,9204160,222,-0.15
20160304,28.45,28.6,28.1,28.45,385392,10929632,221, 0.00
20160307,28.45,29.2,28.4,28.8,554238,15932195,326,+0.35
20160308,28.65,29.2,28.6,28.8,853222,24646994,361, 0.00
20160309,28.8,29.0,28.2,28.3,483300,13771126,277,-0.50
20160310,28.4,28.5,28.15,28.2,424200,12005036,228,-0.10
20160311,28.2,28.65,28.2,28.2,619840,17577420,302, 0.00
20160314,28.35,28.55,28.25,28.4,394559,11215087,222,+0.20
20160315,28.5,28.65,27.5,27.55,668128,18746560,399,-0.85
20160316,27.6,28.15,27.6,27.9,261435,7289388,177,+0.35
20160317,28.15,28.45,27.8,27.9,372308,10428873,207, 0.00
20160318,27.9,28.0,27.6,27.9,208790,5816970,149, 0.00
20160321,27.9,28.5,27.8,28.15,307283,8651232,231,+0.25
20160322,28.45,30.95,28.15,29.5,6931157,209610272,2927,+1.35
20160323,29.6,30.2,29.1,29.2,1901016,56459963,1007,-0.30
20160324,29.2,29.5,28.75,28.8,821208,23872472,530,-0.40
20160325,28.8,29.0,28.2,28.5,665173,18963865,411,-0.30
20160328,28.4,28.65,28.2,28.25,404400,11452546,254,-0.25
20160329,28.85,29.3,28.1,28.1,1681334,48339693,1462,-0.15
20160330,28.35,28.4,27.95,28.3,588493,16581473,630,+0.20
20160331,28.4,28.8,28.2,28.25,492311,13985429,413,-0.05
20160401,28.1,28.4,28.1,28.15,322126,9089828,327,-0.10
20160406,28.2,28.2,27.65,27.9,325248,9082106,335,-0.25
20160407,28.4,28.45,27.85,28.0,549858,15447372,440,+0.10
20160408,28.0,28.75,28.0,28.3,891880,25351760,555,+0.30
20160411,28.45,28.45,28.0,28.0,494694,13941029,424,-0.30
20160412,28.3,28.35,27.65,27.65,633248,17686725,442,-0.35
20160413,27.8,27.9,27.6,27.7,513381,14239185,441,+0.05
20160414,27.9,28.0,27.7,27.9,311404,8682776,193,+0.20
20160415,27.9,28.15,27.75,27.95,410794,11497389,252,+0.05
20160418,27.95,27.95,27.65,27.8,257500,7146347,168,-0.15
20160419,28.0,28.15,27.75,27.85,275486,7699279,196,+0.05
20160420,27.85,28.0,27.35,27.35,464220,12786857,299,-0.50
20160421,27.4,27.5,26.95,27.1,399183,10821309,274,-0.25
20160422,27.1,27.35,26.5,26.85,1322632,35515847,544,-0.25
20160425,26.45,26.9,26.45,26.7,182028,4864089,137,-0.15
20160426,26.5,27.2,26.5,27.0,294602,7954081,164,+0.30
20160427,27.15,27.15,26.7,26.7,194562,5233242,127,-0.30
20160428,26.95,26.95,26.65,26.8,165110,4425176,120,+0.10
20160429,26.8,26.95,26.5,26.75,197007,5268739,133,-0.05
20160503,26.75,26.75,26.1,26.6,329142,8682922,211,-0.15
20160504,26.4,26.6,25.9,26.0,425300,11113063,231,-0.60
20160505,25.8,26.05,25.8,25.95,218303,5649737,138,-0.05
20160506,25.6,26.2,25.6,25.9,157095,4077232,121,-0.05
20160509,25.9,26.2,25.9,25.95,162428,4227088,94,+0.05
20160510,25.95,26.2,25.95,26.1,141050,3676767,70,+0.15
20160511,25.95,26.5,25.95,26.05,172040,4488643,101,-0.05
20160512,26.05,26.3,25.85,26.0,200491,5221788,114,-0.05
20160513,25.95,26.1,25.5,25.75,336004,8657702,186,-0.25
20160516,26.0,26.0,25.65,25.95,149244,3858590,87,+0.20
20160517,25.95,26.1,25.75,25.95,254001,6593376,147, 0.00
20160518,26.0,26.1,25.65,26.1,220110,5723849,141,+0.15
20160519,26.15,26.2,25.75,25.8,257554,6659931,169,-0.30
20160520,25.8,26.05,25.6,26.0,303090,7827440,190,+0.20
20160523,26.1,27.3,26.0,26.55,631450,16743230,388,+0.55
20160524,26.6,26.75,26.55,26.65,251683,6702864,165,+0.10
20160525,27.1,27.15,26.8,26.95,250549,6757758,190,+0.30
20160526,27.2,27.35,26.9,27.25,355088,9657238,202,+0.30
20160527,27.4,27.4,27.1,27.1,261291,7103757,191,-0.15
20160530,27.2,27.2,26.95,26.95,215634,5821700,141,-0.15
20160531,26.95,27.05,26.8,27.0,205397,5530687,140,+0.05
20160601,27.0,27.8,27.0,27.8,488823,13436476,353,+0.80
20160602,28.0,28.0,27.2,27.25,338313,9297794,218,-0.55
20160603,27.4,27.45,27.2,27.35,139100,3798969,87,+0.10
20160604,27.0,27.35,26.95,27.0,192873,5211494,117,-0.35
20160606,26.85,27.0,26.65,26.65,217275,5819058,143,-0.35
20160607,26.9,26.95,26.65,26.7,149649,4004847,107,+0.05
20160608,26.7,26.95,26.55,26.6,189302,5047832,138,-0.10
20160613,26.5,26.5,26.15,26.25,158003,4153278,102,-0.35
20160614,26.3,26.75,26.25,26.75,127157,3372173,102,+0.50
20160615,26.9,26.95,26.6,26.65,126417,3378449,99,-0.10
20160616,26.75,26.9,26.65,26.7,92310,2466562,84,+0.05
20160617,26.75,27.15,26.7,26.75,273012,7339821,196,+0.05
20160620,27.1,27.3,26.85,26.9,182167,4921438,132,+0.15
20160621,27.0,27.0,26.7,26.9,223695,5998954,152, 0.00
20160622,26.9,27.3,26.8,27.0,295002,7962952,186,+0.10
20160623,27.1,27.7,27.1,27.55,664671,18250234,427,+0.55
20160624,28.0,28.0,26.7,26.85,541200,14734336,318,-0.70
20160627,26.8,27.15,26.55,26.8,181953,4872197,124,-0.05
20160628,26.85,27.2,26.65,26.9,100200,2703789,74,+0.10
20160629,27.0,27.35,27.0,27.1,178003,4835231,135,+0.20
20160630,27.4,27.6,27.1,27.2,315201,8630617,165,+0.10
20160701,27.2,27.55,27.2,27.4,261760,7176572,151,+0.20
20160704,27.4,28.3,27.4,28.05,1451770,40686689,689,+0.65
20160705,28.2,28.2,27.6,27.75,409051,11362004,228,-0.30
20160706,28.05,29.3,28.05,28.25,2805817,80748128,1544,+0.50
20160707,28.65,28.75,28.0,28.25,616418,17444307,396, 0.00
20160711,28.3,28.5,27.75,27.8,866055,24316770,474,-0.45
20160712,27.8,28.05,27.6,27.6,495974,13774735,306,-0.20
20160713,27.7,27.95,27.55,27.75,432390,12003619,277,+0.15
20160714,27.8,28.9,27.75,28.2,970184,27578168,626,+0.45
20160715,28.5,28.8,28.35,28.7,877377,25108141,513,+0.50
20160718,28.95,29.15,28.7,28.7,813780,23575334,510, 0.00
20160719,28.95,29.15,28.65,28.9,628510,18193084,363,+0.20
20160720,29.1,29.6,29.0,29.35,1222761,35788094,705,+0.45
20160721,29.75,29.9,29.55,29.55,958388,28433563,565,+0.20
20160722,29.8,29.85,29.1,29.15,683600,20074657,408,-0.40
20160725,29.5,29.5,28.5,28.8,990172,28595698,487,-0.35
20160726,28.95,29.2,28.8,29.05,528678,15331922,357,+0.25
20160727,29.35,29.4,29.05,29.15,1566030,45748570,720,+0.10
20160728,27.25,27.65,27.2,27.3,971369,26570635,516,X0.00
20160729,27.5,27.5,27.0,27.2,379474,10305240,233,-0.10
20160801,27.2,27.35,26.85,26.9,385854,10437511,251,-0.30
20160802,27.35,27.35,26.95,27.25,398201,10785927,229,+0.35
20160803,27.25,27.75,26.95,27.25,713200,19542719,340, 0.00
20160804,27.45,27.45,27.0,27.0,269386,7326822,189,-0.25
20160805,27.1,27.35,26.85,27.0,498424,13479749,285, 0.00
20160808,27.15,27.5,27.15,27.5,620651,17012435,322,+0.50
20160809,27.5,27.5,27.1,27.2,244103,6653625,167,-0.30
20160810,27.45,27.45,27.0,27.1,251400,6808967,161,-0.10
20160811,27.1,27.35,26.6,26.95,307510,8294437,200,-0.15
20160812,27.45,28.1,27.3,27.3,1262781,34917466,665,+0.35
20160815,27.45,27.6,27.3,27.4,207031,5677389,175,+0.10
20160816,27.6,27.6,27.25,27.3,311289,8545608,178,-0.10
20160817,27.35,27.6,27.15,27.35,301786,8253398,195,+0.05
20160818,27.65,28.5,27.65,28.1,1939419,54743882,1023,+0.75
20160819,28.3,28.4,27.9,27.9,584257,16386089,360,-0.20
20160822,27.95,28.15,27.6,27.9,299443,8320094,238, 0.00
20160823,28.0,28.25,27.75,27.85,399800,11202917,244,-0.05
20160824,28.2,28.6,28.1,28.2,729700,20622050,418,+0.35
20160825,28.2,28.35,27.95,28.05,420232,11790032,250,-0.15
20160826,28.1,28.7,28.1,28.15,892551,25319303,460,+0.10
20160829,28.15,28.4,28.0,28.15,244613,6877756,230, 0.00
20160830,28.3,28.3,28.0,28.1,382273,10774994,273,-0.05
20160831,28.15,29.05,28.15,28.6,2079072,59768487,1034,+0.50
20160901,28.7,28.7,28.3,28.6,402824,11489655,224, 0.00
20160902,28.6,28.6,28.2,28.25,419830,11893871,254,-0.35
20160905,28.25,28.45,28.15,28.3,205324,5816319,128,+0.05
20160906,28.3,29.2,28.3,28.7,971285,27988398,474,+0.40
20160907,29.1,30.75,29.1,29.25,3355175,100572890,1840,+0.55
20160908,29.3,29.7,29.15,29.35,979677,28752351,482,+0.10
20160909,29.3,29.5,28.75,28.75,882907,25608871,457,-0.60
20160910,28.5,28.5,28.0,28.1,924065,26034932,467,-0.65
20160912,28.3,28.45,27.65,27.7,644060,18006057,371,-0.40
20160913,28.0,28.05,27.15,27.4,525990,14424374,297,-0.30
20160914,27.4,27.45,27.15,27.2,379005,10323585,212,-0.20
20160919,27.4,27.6,27.2,27.2,988255,26972532,514, 0.00
20160920,27.3,27.95,27.3,27.85,465200,12879140,298,+0.65
20160921,28.0,28.4,27.85,28.1,954247,26856840,448,+0.25
20160922,28.4,28.9,28.15,28.15,663327,18841122,366,+0.05
20160923,28.3,28.3,27.8,27.9,371221,10385340,211,-0.25
20160926,27.7,27.8,27.65,27.7,173004,4796457,98,-0.20
20160929,27.75,28.15,27.7,27.7,196793,5459785,115, 0.00
20160930,27.7,27.8,27.5,27.6,175835,4870082,117,-0.10
20161003,27.65,28.0,27.6,27.75,189242,5247035,124,+0.15
20161004,27.8,27.8,27.6,27.75,211247,5851173,117, 0.00
20161005,28.0,28.1,27.7,27.85,248201,6920967,118,+0.10
20161006,28.0,28.0,27.7,27.7,166100,4613560,98,-0.15
20161007,27.6,27.6,26.8,26.9,1072967,29009865,577,-0.80
20161011,26.8,27.0,26.4,26.4,407001,10825426,238,-0.50
20161012,26.2,26.45,26.2,26.3,264700,6968263,168,-0.10
20161013,26.3,26.65,26.3,26.55,210832,5578411,153,+0.25
20161014,26.25,26.55,26.0,26.0,381019,9967194,214,-0.55
20161017,26.0,26.3,25.95,26.1,184502,4812699,120,+0.10
20161018,26.1,26.3,26.05,26.1,112813,2947377,87, 0.00
20161019,26.1,26.4,26.1,26.25,222031,5830613,100,+0.15
20161020,26.25,26.4,26.15,26.3,127512,3349764,98,+0.05
20161021,26.3,26.6,26.25,26.4,227872,6024305,130,+0.10
20161024,26.5,26.6,26.1,26.1,359006,9421606,161,-0.30
20161025,26.5,26.5,26.2,26.25,106916,2804007,69,+0.15
20161026,26.25,26.5,26.25,26.35,160897,4242406,87,+0.10
20161027,26.35,26.45,26.2,26.25,137502,3611851,69,-0.10
20161028,26.25,26.3,26.05,26.15,144600,3786759,80,-0.10
20161031,26.1,26.35,26.0,26.15,163224,4254384,107, 0.00
20161101,26.15,26.2,26.0,26.1,194727,5079124,95,-0.05
20161102,26.2,26.35,26.0,26.0,137203,3576665,87,-0.10
20161103,26.0,26.15,25.8,25.8,216001,5603026,117,-0.20
20161104,25.8,25.95,25.65,25.7,141145,3635374,93,-0.10
20161107,25.75,26.0,25.75,25.9,131051,3389203,92,+0.20
20161108,25.9,25.9,25.6,25.8,148490,3820741,89,-0.10
20161109,25.95,25.95,24.9,25.0,566114,14276816,309,-0.80
20161110,25.6,25.6,25.2,25.5,292904,7452069,156,+0.50
20161111,25.5,25.5,24.95,25.0,232401,5830630,125,-0.50
20161114,25.3,25.95,25.25,25.65,308789,7911701,201,+0.65
20161115,25.65,26.0,25.65,26.0,215166,5568178,150,+0.35
20161116,26.15,26.35,26.15,26.3,197248,5181785,123,+0.30
20161117,26.3,26.35,26.1,26.1,168500,4414371,96,-0.20
20161118,26.35,26.65,26.2,26.65,261430,6910818,154,+0.55
20161121,26.65,26.65,26.35,26.4,97354,2578414,75,-0.25
20161122,26.4,26.65,26.4,26.55,156844,4166328,104,+0.15
20161123,26.45,26.65,26.45,26.5,146898,3894905,71,-0.05
20161124,26.5,26.6,26.5,26.5,147467,3914778,100, 0.00
20161125,26.5,28.35,26.5,27.5,2160741,59824076,1087,+1.00
20161128,27.75,28.3,27.75,27.75,1087284,30421436,589,+0.25
20161129,28.1,28.45,27.7,27.7,917331,25765297,501,-0.05
20161130,27.85,28.0,27.5,27.5,348779,9665243,219,-0.20
20161201,27.6,27.65,27.3,27.4,312050,8573470,179,-0.10
20161202,27.4,27.4,27.0,27.2,330500,8989099,167,-0.20
20161205,27.4,27.4,27.0,27.25,209804,5703417,110,+0.05
20161206,27.4,27.6,27.2,27.55,271630,7453682,207,+0.30
20161207,27.55,27.85,27.25,27.25,437582,12028447,272,-0.30
20161208,27.35,27.5,27.25,27.4,317403,8686173,194,+0.15
20161209,27.4,27.6,27.35,27.35,307789,8434212,182,-0.05
20161212,27.35,27.55,27.35,27.45,407010,11166821,221,+0.10
20161213,27.6,28.25,27.55,27.85,570842,15933943,349,+0.40
20161214,28.0,28.05,27.7,27.8,266202,7421752,154,-0.05
20161215,27.8,27.9,27.6,27.9,235500,6544123,133,+0.10
20161216,28.0,29.5,28.0,28.35,3030635,87561397,1562,+0.45
20161219,28.35,28.6,28.0,28.0,557100,15723259,282,-0.35
20161220,28.3,28.3,28.05,28.05,314301,8838107,142,+0.05
20161221,28.45,28.45,28.1,28.15,211488,5948786,120,+0.10
20161222,28.45,28.45,27.9,27.9,402003,11289334,218,-0.25
20161223,27.85,27.9,27.75,27.85,183209,5096067,107,-0.05
20161226,27.85,28.0,27.75,27.85,139007,3867840,105, 0.00
20161227,28.0,28.2,27.9,28.1,201210,5639548,117,+0.25
20161228,28.0,28.35,28.0,28.1,202354,5705946,148, 0.00
20161229,28.2,28.6,28.05,28.05,439455,12459911,242,-0.05
20161230,28.2,28.7,28.1,28.3,704731,20045560,365,+0.25
20170103,28.4,28.65,28.4,28.5,252056,7189044,164,+0.20
20170104,28.55,28.7,28.5,28.5,255322,7294571,176, 0.00
20170105,28.6,29.2,28.6,28.8,633869,18307647,342,+0.30
20170106,29.2,29.2,28.7,28.75,653391,18898972,341,-0.05
20170109,28.95,29.0,28.3,28.35,496305,14168308,254,-0.40
20170110,28.4,28.6,28.25,28.3,149646,4242028,96,-0.05
20170111,28.4,28.7,28.3,28.55,268129,7653930,154,+0.25
20170112,28.6,28.9,28.6,28.7,677302,19456733,250,+0.15
20170113,28.65,28.8,28.6,28.65,169532,4858406,124,-0.05
20170116,29.0,29.15,28.7,28.85,1316641,38139330,448,+0.20
20170117,29.05,29.2,28.95,29.1,554200,16102828,298,+0.25
20170118,29.25,29.25,28.9,29.0,559725,16273341,312,-0.10
20170119,29.05,29.4,29.05,29.3,756343,22106146,360,+0.30
20170120,29.55,30.45,29.5,29.5,2714523,81455167,1320,+0.20
20170123,29.75,30.3,29.45,29.8,754896,22505596,447,+0.30
20170124,30.0,30.15,29.9,29.9,774770,23219683,389,+0.10
20170202,30.5,31.4,30.25,31.05,2549135,79088739,1438,+1.15
20170203,31.2,32.35,31.2,31.9,2767499,88041458,1276,+0.85
20170206,32.5,33.5,32.35,33.0,3207066,105366096,1515,+1.10
20170207,32.95,33.0,32.15,32.15,1583165,51383930,868,-0.85
20170208,31.8,33.15,31.55,32.2,2219346,71671734,1143,+0.05
20170209,32.6,32.65,31.75,31.8,979125,31447243,524,-0.40
20170210,32.0,32.3,31.55,31.7,1418043,45264189,644,-0.10
20170213,32.2,32.4,31.9,32.3,875840,28159099,453,+0.60
20170214,32.65,32.95,32.25,32.35,1079185,35187769,600,+0.05
20170215,32.5,32.8,32.2,32.2,665863,21598346,357,-0.15
20170216,32.4,32.4,31.75,31.75,755410,24209403,420,-0.45
20170217,31.8,32.35,31.8,32.3,952020,30653188,497,+0.55
20170218,32.4,32.5,31.9,32.0,410996,13185846,269,-0.30
20170220,32.05,32.3,32.0,32.2,612004,19660025,344,+0.20
20170221,32.5,32.5,31.8,32.2,417094,13390687,259, 0.00
20170222,32.3,32.45,31.95,31.95,600421,19292782,316,-0.25
20170223,32.1,32.15,31.2,31.3,1510441,47682644,747,-0.65
20170224,31.3,31.55,30.65,30.8,959814,29769947,555,-0.50
20170301,30.8,31.95,30.8,31.8,1083186,34099940,606,+1.00
20170302,32.2,32.35,31.5,31.75,614180,19619197,363,-0.05
20170303,32.0,32.5,31.5,32.1,893233,28713575,456,+0.35
20170306,32.2,34.45,32.2,33.9,3890170,130469335,2131,+1.80
20170307,33.85,34.8,33.3,33.5,2538810,86354143,1484,-0.40
20170308,33.6,34.25,33.35,33.7,1194961,40390599,690,+0.20
20170309,34.0,34.5,32.5,32.9,2013351,67574950,1112,-0.80
20170310,32.6,32.7,31.2,31.85,1895133,60312918,1006,-1.05
20170313,32.0,32.35,31.75,31.85,665455,21261360,458, 0.00
20170314,32.2,33.3,32.2,33.0,1554095,51069728,942,+1.15
20170315,33.45,33.7,32.9,33.1,981823,32655496,663,+0.10
20170316,33.75,34.1,33.45,33.65,1658156,55984496,936,+0.55
20170317,34.0,35.2,33.65,35.2,3999519,137855599,2042,+1.55
20170320,36.0,38.3,35.8,38.25,11712720,438412059,5784,+3.05
20170321,39.4,39.45,37.5,37.9,8321919,321080144,4132,-0.35
20170322,38.2,41.4,37.55,40.7,11572719,457408816,5561,+2.80
20170323,41.35,41.7,40.2,40.5,8046986,329509856,3768,-0.20
20170324,40.8,41.9,40.0,41.5,7823447,321940037,3944,+1.00
20170327,37.4,38.6,37.35,37.35,9527600,358168973,4363,-4.15
20170328,37.1,37.3,33.65,33.75,11332537,396737730,5423,-3.60
20170329,34.5,35.2,34.0,34.15,4122754,142525036,2333,+0.40
20170330,34.6,34.6,33.4,33.4,2417247,82013428,1444,-0.75
20170331,33.65,33.7,32.5,32.55,2821765,92672264,1521,-0.85
20170405,32.95,33.2,32.2,33.05,2877090,94166813,1586,+0.50
20170406,33.35,34.1,32.7,33.9,4420031,147785461,1782,+0.85
20170407,33.7,33.9,32.45,32.65,2679425,88353788,1425,-1.25
20170410,32.8,32.9,32.2,32.25,1506860,48858211,875,-0.40
20170411,32.3,32.5,31.5,31.5,1833252,58608846,1001,-0.75
20170412,31.45,32.3,31.3,31.65,1583949,50419997,998,+0.15
20170413,31.85,31.9,31.15,31.15,917856,28798386,567,-0.50
20170414,31.0,31.0,29.6,29.6,2438824,73287877,1384,-1.55
20170417,30.05,30.4,29.1,30.25,1074517,31991634,645,+0.65
20170418,30.5,30.65,30.05,30.6,1030027,31325413,526,+0.35
20170419,30.5,30.7,30.2,30.25,429556,13035834,276,-0.35
20170420,30.25,30.65,30.2,30.3,510254,15516495,329,+0.05
20170421,30.35,31.5,30.35,31.3,1315679,40945848,813,+1.00
20170424,31.2,31.3,30.3,30.3,739347,22617644,443,-1.00
20170425,30.3,30.55,30.1,30.55,652244,19786865,375,+0.25
20170426,30.85,31.15,30.6,30.65,891208,27494786,443,+0.10
20170427,30.9,30.9,30.2,30.25,478700,14552633,300,-0.40
20170428,30.9,31.0,30.4,30.45,726685,22249402,401,+0.20
20170502,30.85,30.9,30.4,30.4,379008,11572440,222,-0.05
20170503,30.25,30.85,30.25,30.7,581604,17809066,387,+0.30
20170504,31.0,32.45,30.8,32.25,3277298,105001158,1955,+1.55
20170505,32.0,32.15,31.3,31.6,1220600,38613366,751,-0.65
20170508,31.95,31.95,31.0,31.0,821105,25692605,458,-0.60
20170509,31.2,31.55,30.6,30.6,1238200,38378018,463,-0.40
20170510,31.0,31.5,30.8,31.45,705706,22064225,396,+0.85
20170511,31.6,32.3,31.4,31.7,1336146,42677272,647,+0.25
20170512,31.9,32.0,31.15,31.15,547613,17295690,298,-0.55
20170515,31.3,32.0,31.2,31.5,858941,27230099,361,+0.35
20170516,31.95,32.0,31.55,31.7,736250,23387472,398,+0.20
20170517,31.8,31.95,30.85,31.0,897600,28017127,489,-0.70
20170518,30.75,31.05,30.55,31.05,483812,14885403,304,+0.05
20170519,31.05,31.35,31.0,31.05,274300,8542118,161, 0.00
20170522,31.25,31.35,30.9,30.9,301197,9390605,220,-0.15
20170523,31.0,31.3,30.9,31.3,427839,13340409,237,+0.40
20170524,31.4,32.0,31.15,31.6,815033,25846035,509,+0.30
20170525,31.6,31.95,31.35,31.5,396155,12531450,254,-0.10
20170526,31.5,31.85,31.25,31.45,257744,8104235,161,-0.05
20170531,31.8,31.8,31.2,31.3,308113,9654064,158,-0.15
20170601,31.5,31.5,30.85,30.9,488643,15181015,291,-0.40
20170602,31.0,31.5,31.0,31.05,431655,13452738,254,+0.15
20170603,31.4,31.45,31.25,31.25,234075,7331831,152,+0.20
20170605,31.3,31.95,31.3,31.85,853722,27138317,480,+0.60
20170606,32.0,32.2,31.75,31.85,734332,23483769,413, 0.00
20170607,31.85,31.95,31.5,31.5,336909,10666730,211,-0.35
20170608,31.55,32.0,31.5,31.75,525766,16743101,266,+0.25
20170609,31.75,32.3,31.6,31.6,797300,25493717,420,-0.15
20170612,31.65,31.8,31.35,31.8,254479,8045859,147,+0.20
20170613,31.5,32.05,31.5,31.7,342871,10881429,196,-0.10
20170614,31.7,31.75,30.7,30.75,915100,28348352,449,-0.95
20170615,30.85,30.85,30.2,30.55,451817,13807699,248,-0.20
20170616,30.5,30.85,30.1,30.75,482500,14715040,274,+0.20
20170619,30.75,31.0,30.75,30.95,167191,5166057,125,+0.20
20170620,31.0,31.1,30.9,30.9,256890,7954282,175,-0.05
20170621,30.9,31.2,30.7,31.0,238282,7351042,174,+0.10
20170622,31.0,31.6,31.0,31.25,288865,9051298,205,+0.25
20170623,31.25,31.45,31.1,31.1,180381,5632147,136,-0.15
20170626,30.6,31.15,30.6,30.8,513240,15772306,317,-0.30
20170627,30.8,30.95,30.65,30.65,242746,7466302,155,-0.15
20170628,30.55,30.6,30.15,30.2,581699,17639456,284,-0.45
20170629,30.2,30.45,30.2,30.35,320641,9729424,184,+0.15
20170630,30.35,30.75,29.9,30.35,288259,8736804,208, 0.00
20170703,30.35,30.45,30.05,30.05,256417,7739728,193,-0.30
20170704,30.65,30.65,30.0,30.05,193006,5823030,164, 0.00
20170705,30.0,30.4,29.9,30.1,383400,11547200,236,+0.05
20170706,30.45,30.45,30.1,30.15,168501,5085180,102,+0.05
20170707,30.1,30.15,29.8,29.9,402944,12069722,230,-0.25
20170710,29.95,30.0,29.5,29.5,380378,11331188,257,-0.40
20170711,29.35,29.7,29.3,29.5,406899,11979438,229, 0.00
20170712,29.95,29.95,29.55,29.7,189077,5606019,113,+0.20
20170713,29.75,30.0,29.7,29.8,391523,11682694,198,+0.10
20170714,29.95,29.95,29.75,29.75,271802,8111787,147,-0.05
20170717,29.8,29.85,29.45,29.6,273043,8071270,152,-0.15
20170718,29.7,29.85,29.5,29.55,320100,9493339,171,-0.05
20170719,29.7,29.7,29.4,29.5,392193,11588769,224,-0.05
20170720,29.55,30.15,29.55,29.8,796812,23848583,425,+0.30
20170721,29.8,29.95,29.5,29.55,432028,12818867,283,-0.25
20170724,29.7,29.7,29.35,29.35,268668,7906604,161,-0.20
20170725,29.35,29.35,28.9,29.0,684296,19881149,443,-0.35
20170726,29.0,29.05,28.5,28.5,727243,20883773,455,-0.50
20170727,28.65,28.65,27.95,28.2,1044089,29440447,591,-0.30
20170728,28.05,28.95,27.9,28.95,899662,25580179,557,+0.75
20170731,29.2,29.45,28.9,28.95,755488,22051695,445, 0.00
20170801,29.0,29.25,29.0,29.0,279290,8120867,205,+0.05
20170802,29.0,29.2,28.45,28.65,484002,13926203,294,-0.35
20170803,28.7,28.7,28.5,28.5,278360,7950081,207,-0.15
20170804,28.4,29.55,28.4,29.0,1432224,41516158,667,+0.50
20170807,29.05,29.05,28.2,28.4,1040026,29601032,540,-0.60
20170808,28.4,28.4,28.0,28.1,543783,15300774,330,-0.30
20170809,28.1,28.35,27.15,27.35,1108294,30674606,622,-0.75
20170810,27.3,27.6,26.5,26.95,1109577,29839242,572,-0.40
20170811,26.8,26.8,26.4,26.7,398094,10605311,233,-0.25
20170814,27.0,27.05,26.6,26.6,664304,17811081,315,-0.10
20170815,26.55,26.85,26.55,26.65,231786,6194188,162,+0.05
20170816,26.7,27.8,26.6,27.5,645184,17561792,359,+0.85
20170817,27.6,28.5,27.5,28.2,794755,22402040,447,+0.70
20170818,28.1,28.25,27.65,27.75,443481,12379646,264,-0.45
20170821,27.85,28.2,27.85,28.2,325763,9133264,203,+0.45
20170822,28.2,28.4,28.1,28.2,312306,8816627,192, 0.00
20170823,28.4,28.7,28.25,28.3,451915,12834886,247,+0.10
20170824,28.5,29.25,28.5,29.05,1026503,29614607,561,+0.75
20170825,29.1,29.15,28.65,28.75,380538,10941216,200,-0.30
20170828,28.75,28.9,28.5,28.6,467549,13374677,287,-0.15
20170829,28.7,29.0,28.7,28.9,660651,18984653,346,+0.30
20170830,28.95,29.1,28.8,29.0,517932,15019813,353,+0.10
20170831,29.1,29.6,29.05,29.1,1360196,39947990,626,+0.10
20170901,29.1,29.3,29.0,29.0,551466,16052414,355,-0.10
20170904,29.0,29.3,28.85,28.85,382986,11116667,263,-0.15
20170905,28.85,29.1,28.85,28.9,254509,7377340,223,+0.05
20170906,28.9,29.95,28.5,29.95,2425096,71845017,1423,+1.05
20170907,30.6,31.7,30.25,30.3,3631537,112406206,1925,+0.35
20170908,30.5,30.8,30.1,30.25,1173715,35649418,593,-0.05
20170911,30.1,30.25,29.75,29.95,1162270,34840699,606,-0.30
20170912,30.15,31.4,30.15,30.8,1941335,59957343,1049,+0.85
20170913,31.1,31.3,30.6,30.8,1160605,35923719,671, 0.00
20170914,30.8,31.0,30.55,30.65,781269,23987298,470,-0.15
20170915,30.75,30.9,30.35,30.5,974702,29738005,500,-0.15
20170918,30.7,31.5,30.4,31.25,3147968,97624221,1545,+0.75
20171002,37.45,37.5,35.1,35.5,1997534,72644819,1266,X0.00
20171003,35.85,36.3,35.6,35.75,492809,17715380,476,+0.25
20171005,35.95,35.95,35.3,35.5,478174,16990690,495,-0.25
20171006,35.8,35.8,34.7,34.8,559608,19702039,418,-0.70
20171011,34.8,34.8,33.35,33.55,653253,22098876,514,-1.25
20171012,33.6,34.45,33.55,34.45,338667,11520810,320,+0.90
20171013,34.4,34.4,33.8,33.95,365900,12439037,270,-0.50
20171016,33.95,34.35,33.7,33.85,320628,10900405,253,-0.10
20171017,33.85,35.35,33.55,35.1,914821,31688823,599,+1.25
20171018,35.6,36.2,35.15,35.15,788862,28004670,539,+0.05
20171019,35.45,36.5,35.45,35.75,1032758,37152519,664,+0.60
20171020,36.1,36.4,35.9,36.0,716073,25885045,508,+0.25
20171023,36.45,36.45,35.8,35.8,528871,19081630,305,-0.20
20171024,35.85,36.0,35.3,35.35,342296,12161176,301,-0.45
20171025,35.65,35.65,35.1,35.1,291649,10286865,237,-0.25
20171026,35.0,35.3,35.0,35.0,188790,6624434,136,-0.10
20171027,35.3,35.45,34.0,34.05,433237,15005158,290,-0.95
20171030,34.6,34.6,33.85,33.9,197116,6719816,160,-0.15
20171031,33.9,34.25,33.5,33.9,282261,9527534,233, 0.00
20171101,34.0,34.2,33.85,33.9,146545,4974952,140, 0.00
20171102,33.9,34.15,33.8,34.1,152396,5182765,129,+0.20
20171103,34.35,34.5,33.95,34.1,173881,5939304,115, 0.00
20171106,34.5,34.5,33.65,33.75,190019,6418473,141,-0.35
20171107,33.65,33.65,33.05,33.25,462456,15358357,285,-0.50
20171108,33.25,34.0,33.1,33.5,270165,9105181,214,+0.25
20171109,33.5,33.9,32.75,32.75,459905,15201272,320,-0.75
20171110,32.8,32.8,32.55,32.65,179317,5860075,123,-0.10
20171113,32.7,32.9,32.05,32.05,287758,9328356,185,-0.60
20171114,32.1,32.35,31.55,31.75,415282,13183406,266,-0.30
20171115,31.7,31.7,31.0,31.3,432316,13489797,279,-0.45
20171116,30.9,31.55,30.9,31.4,285928,8958528,201,+0.10
20171117,31.55,31.55,30.9,30.9,523761,16324497,316,-0.50
20171120,31.0,31.25,30.9,30.9,334881,10377035,157, 0.00
20171121,31.0,31.55,31.0,31.3,199514,6222884,166,+0.40
20171122,31.3,31.6,31.1,31.2,364200,11397953,233,-0.10
20171123,31.2,31.35,31.0,31.25,255725,7968340,161,+0.05
20171124,31.25,31.5,31.15,31.5,297974,9343075,161,+0.25
20171127,31.6,31.65,31.35,31.55,212717,6709683,138,+0.05
20171128,31.6,32.0,31.0,31.3,724798,22797827,392,-0.25
20171129,31.3,31.55,30.75,30.9,337994,10509998,228,-0.40
20171130,30.95,31.0,30.45,30.55,352257,10817631,217,-0.35
20171201,30.65,30.9,30.1,30.45,253657,7741865,177,-0.10
20171204,30.45,30.45,29.95,30.2,279314,8409643,179,-0.25
20171205,30.1,30.3,30.0,30.2,174591,5256730,128, 0.00
20171206,30.2,30.2,29.7,29.8,290476,8686927,172,-0.40
20171207,29.8,30.3,29.8,29.8,256064,7656649,118, 0.00
20171208,30.0,30.65,29.8,30.65,200637,6055245,156,+0.85
20171211,30.3,31.1,30.3,30.85,164120,5058568,122,+0.20
20171212,30.85,31.0,30.5,30.55,117325,3594627,85,-0.30
20171213,30.4,30.55,30.25,30.35,192457,5840770,149,-0.20
20171214,30.35,30.5,30.2,30.3,130400,3955586,107,-0.05
20171215,30.45,30.45,30.15,30.15,126901,3836815,85,-0.15
20171218,30.4,30.7,30.2,30.7,164564,5020430,124,+0.55
20171219,30.45,30.5,30.3,30.4,64125,1947631,73,-0.30
20171220,30.4,30.55,30.25,30.3,53208,1612596,60,-0.10
20171221,30.4,30.75,30.3,30.75,161931,4954482,124,+0.45
20171222,30.9,31.4,30.85,31.3,280995,8751188,227,+0.55
20171225,31.6,31.65,31.4,31.5,319175,10065068,217,+0.20
20171226,31.35,31.35,30.95,31.1,175000,5446483,136,-0.40
20171227,31.05,31.45,31.05,31.25,90025,2815067,108,+0.15
20171228,31.25,31.45,31.1,31.25,183875,5756075,132, 0.00
20171229,31.3,31.6,31.2,31.5,175302,5511993,150,+0.25
20180102,31.55,32.25,31.5,32.1,350011,11146541,270,+0.60
20180103,32.2,32.8,32.2,32.75,481146,15669585,327,+0.65
20180104,32.9,33.95,32.9,33.4,963099,32249278,561,+0.65
20180105,33.4,33.4,32.8,32.95,430762,14228896,253,-0.45
20180108,32.7,32.7,31.85,31.85,525585,16892533,341,-1.10
20180109,31.9,32.0,31.25,31.3,418151,13201941,277,-0.55
20180110,31.2,31.5,31.05,31.35,199825,6246600,150,+0.05
20180111,31.35,31.4,31.1,31.3,171315,5352794,118,-0.05
20180112,31.3,31.8,31.25,31.65,201125,6351973,126,+0.35
20180115,31.5,31.9,31.5,31.6,272442,8619690,114,-0.05
20180116,31.6,31.85,31.6,31.85,182274,5776912,115,+0.25
20180117,31.6,32.0,31.6,32.0,183777,5840533,165,+0.15
20180118,32.0,32.0,31.7,31.75,239425,7619828,234,-0.25
20180119,31.7,31.7,31.3,31.3,170918,5380893,144,-0.45
20180122,31.3,31.55,31.2,31.35,225713,7077386,160,+0.05
20180123,31.35,31.35,30.95,31.05,344268,10713438,193,-0.30
20180124,31.05,31.25,30.15,30.55,494371,15092885,351,-0.50
20180125,30.55,30.8,30.35,30.4,196605,6003962,155,-0.15
20180126,30.5,30.9,30.4,30.4,179386,5486517,148, 0.00
20180129,30.8,30.8,30.35,30.6,117994,3596508,91,+0.20
20180130,30.4,30.6,30.15,30.4,222955,6762532,180,-0.20
20180131,30.25,30.25,30.05,30.1,116727,3518960,109,-0.30
20180201,30.2,30.6,30.1,30.1,254921,7712780,141, 0.00
20180202,30.15,30.4,30.1,30.1,200151,6035730,129, 0.00
20180205,29.55,29.8,29.05,29.15,403904,11874086,310,-0.95
20180206,28.7,28.7,26.25,26.55,1156586,31247579,678,-2.60
20180207,26.7,27.45,26.7,27.15,330489,8975668,260,+0.60
20180208,27.15,27.35,27.15,27.35,366554,9980661,163,+0.20
20180209,26.5,27.05,26.0,27.0,330936,8807972,215,-0.35
20180212,27.2,27.4,27.1,27.35,219507,5992577,128,+0.35
20180221,27.5,28.4,27.5,28.35,285810,8053229,228,+1.00
20180222,28.1,28.6,27.5,28.6,232789,6544647,202,+0.25
20180223,28.9,29.3,28.7,28.85,164657,4771211,155,+0.25
20180226,28.85,29.0,28.5,28.55,140117,4009036,182,-0.30
20180227,28.6,28.85,28.4,28.4,174206,4968628,142,-0.15
20180301,28.1,28.45,28.1,28.45,118154,3349812,110,+0.05
20180302,28.45,28.8,28.45,28.45,82800,2361992,107, 0.00
20180305,28.8,28.8,28.15,28.15,161093,4564906,153,-0.30
20180306,28.55,28.55,27.9,28.15,180030,5059785,159, 0.00
20180307,28.15,28.2,28.05,28.15,123091,3461652,103, 0.00
20180308,28.05,28.3,28.05,28.15,162047,4568066,141, 0.00
20180309,28.0,28.2,28.0,28.15,185055,5200240,151, 0.00
20180312,27.85,28.9,27.8,28.7,457081,12946976,308,+0.55
20180313,28.5,29.5,28.45,29.3,316532,9219448,254,+0.60
20180314,29.4,29.45,28.85,28.95,115024,3345800,142,-0.35
20180315,28.75,29.05,28.75,29.05,121160,3495525,118,+0.10
20180316,29.0,29.0,28.8,28.8,127684,3681279,129,-0.25
20180319,28.8,28.8,28.6,28.7,91062,2613461,162,-0.10
20180320,28.3,28.65,28.3,28.65,100400,2866245,128,-0.05
20180321,28.8,29.15,28.65,28.7,171576,4955541,155,+0.05
20180322,28.85,29.1,28.75,28.8,107754,3114520,143,+0.10
20180323,28.8,29.9,28.7,29.35,1120345,32896005,731,+0.55
20180326,29.3,30.2,29.3,29.55,513136,15305462,460,+0.20
20180327,30.0,30.15,29.55,29.6,280185,8370053,308,+0.05
20180328,29.4,29.4,29.1,29.1,210366,6142039,216,-0.50
20180329,29.1,29.35,29.0,29.3,158609,4617794,121,+0.20
20180330,29.3,29.6,29.1,29.4,162051,4757132,132,+0.10
20180331,30.0,30.0,29.45,29.5,189200,5615536,150,+0.10
20180402,29.6,29.6,29.25,29.25,109482,3213165,116,-0.25
20180403,29.3,29.3,29.1,29.25,69929,2041518,96, 0.00
20180409,29.25,29.25,29.0,29.1,115263,3351793,149,-0.15
20180410,28.95,29.0,28.65,28.8,180214,5180047,189,-0.30
20180411,28.7,28.95,28.7,28.7,104781,3014113,741,-0.10
20180412,28.8,28.8,28.5,28.6,127575,3646179,252,-0.10
20180413,28.6,28.6,28.35,28.35,205838,5854903,141,-0.25
20180416,28.35,28.4,28.1,28.15,104974,2963251,219,-0.20
20180417,28.15,28.15,27.6,27.6,251651,7028452,310,-0.55
20180418,27.7,28.0,27.7,27.95,96300,2690641,132,+0.35
20180419,27.9,28.15,27.9,27.95,59366,1663449,62, 0.00
20180420,27.85,28.05,27.4,28.0,118541,3290358,90,+0.05
20180423,28.0,28.1,27.8,28.0,131740,3690402,88, 0.00
20180424,27.8,28.55,27.6,28.45,309707,8782455,183,+0.45
20180425,28.15,28.5,28.0,28.2,172402,4891434,103,-0.25
20180426,28.5,28.6,27.85,28.0,135410,3834163,76,-0.20
20180427,28.1,28.45,28.05,28.45,130893,3709277,92,+0.45
20180430,28.45,28.75,28.2,28.55,81434,2321571,67,+0.10
20180502,28.55,28.6,28.35,28.6,74152,2114466,64,+0.05
20180503,28.6,28.75,28.5,28.6,155198,4439379,72, 0.00
20180504,28.7,28.7,28.0,28.5,103623,2957856,70,-0.10
20180507,28.1,28.6,28.1,28.5,189867,5385330,122, 0.00
20180508,28.2,28.5,28.1,28.3,142727,4034672,101,-0.20
20180509,28.1,28.55,28.1,28.3,396795,11249725,105, 0.00
20180510,28.15,28.5,28.15,28.35,235500,6689299,104,+0.05
20180511,28.35,28.45,28.25,28.3,119526,3390354,62,-0.05
20180514,28.3,28.45,28.2,28.4,188548,5344501,82,+0.10
20180515,28.4,28.4,28.15,28.15,78400,2216900,59,-0.25
20180516,28.15,28.3,28.1,28.3,327345,9228310,112,+0.15
20180517,28.3,28.4,28.2,28.25,180264,5100394,63,-0.05
20180518,28.25,28.3,28.1,28.2,136884,3854542,106,-0.05
20180521,28.25,28.4,28.0,28.25,203459,5727113,128,+0.05
20180522,28.15,28.3,28.1,28.2,58584,1653215,50,-0.05
20180523,28.2,28.2,27.7,27.9,293283,8209298,197,-0.30
20180524,27.85,28.0,27.75,27.85,97761,2720561,76,-0.05
20180525,27.8,27.85,27.75,27.8,134552,3738086,80,-0.05
20180528,27.8,28.5,27.75,28.5,398420,11172479,162,+0.70
20180529,28.5,28.5,28.0,28.15,80700,2278399,63,-0.35
20180530,28.25,28.25,27.9,27.95,67716,1892070,63,-0.20
20180531,27.95,29.5,27.95,28.95,1485725,42965483,704,+1.00
20180601,28.95,29.45,28.7,29.05,226500,6565145,160,+0.10
20180604,29.05,29.8,28.9,29.5,1094002,32371451,385,+0.45
20180605,29.5,29.8,29.15,29.15,256113,7544027,172,-0.35
20180606,29.4,29.55,29.2,29.35,157598,4629745,118,+0.20
20180607,29.25,29.5,28.85,29.1,383803,11189274,203,-0.25
20180608,29.1,29.1,28.75,28.8,133713,3860388,106,-0.30
20180611,28.9,29.15,28.55,28.75,202608,5830092,121,-0.05
20180612,28.75,28.85,28.5,28.55,170000,4863197,121,-0.20
20180613,28.55,28.7,28.4,28.45,97699,2786778,83,-0.10
20180614,28.45,29.35,28.4,28.95,475250,13695480,145,+0.50
20180615,28.65,28.8,28.4,28.5,178376,5099526,102,-0.45
20180619,28.2,28.45,28.15,28.15,116004,3276062,85,-0.35
20180620,28.95,28.95,28.15,28.25,160801,4566234,111,+0.10
20180621,28.25,28.7,28.25,28.3,145807,4145103,79,+0.05
20180622,28.3,28.55,28.2,28.4,86149,2446264,51,+0.10
20180625,28.4,28.45,27.9,27.95,247575,6956621,120,-0.45
20180626,27.9,27.95,27.7,27.9,105001,2919774,70,-0.05
20180627,27.9,27.95,27.7,27.8,79445,2211873,53,-0.10
20180628,27.8,28.1,27.8,28.0,40500,1130448,41,+0.20
20180629,27.9,28.1,27.85,28.0,70060,1958630,48, 0.00
20180702,28.0,28.0,27.55,27.7,74728,2075926,52,-0.30
20180703,27.75,28.1,27.4,27.4,139400,3836759,76,-0.30
20180704,27.5,27.65,27.25,27.4,80250,2196749,43, 0.00
20180705,27.2,27.65,27.1,27.1,99902,2729491,71,-0.30
20180706,27.2,27.45,27.0,27.35,129452,3517845,60,+0.25
20180709,27.35,27.5,27.2,27.2,48726,1330302,39,-0.15
20180710,27.3,27.3,27.0,27.05,59465,1608603,57,-0.15
20180711,27.05,27.2,27.0,27.2,35001,947377,35,+0.15
20180712,27.1,27.25,26.95,27.15,100336,2715222,70,-0.05
20180713,27.2,27.35,27.05,27.25,172330,4691210,112,+0.10
20180716,27.15,27.2,27.05,27.05,87764,2375468,69,-0.20
20180717,27.05,27.2,26.95,27.05,127345,3444774,93, 0.00
20180718,27.2,27.2,26.85,27.0,185041,4991594,120,-0.05
20180719,27.0,27.0,26.85,26.85,141975,3822032,80,-0.15
20180720,26.85,26.9,26.5,26.65,180820,4830980,101,-0.20
20180723,26.55,26.55,26.4,26.5,102581,2716227,75,-0.15
20180724,26.5,26.7,26.45,26.7,73058,1936635,59,+0.20
20180725,26.6,26.7,26.45,26.7,117667,3126988,89, 0.00
20180726,26.75,27.1,26.7,27.1,188522,5064982,166,+0.40
20180727,27.1,27.35,26.95,27.25,164266,4466855,107,+0.15
20180730,27.25,27.35,26.95,27.05,89750,2431521,88,-0.20
20180731,27.05,27.15,26.95,26.95,123292,3330421,106,-0.10
20180801,27.0,27.2,26.95,27.2,127015,3439505,86,+0.25
20180802,27.25,27.3,27.05,27.2,220159,5987243,141, 0.00
20180803,27.2,27.2,27.0,27.0,192857,5214599,138,-0.20
20180806,27.0,27.9,27.0,27.0,486078,13297190,193, 0.00
20180807,27.15,27.35,27.0,27.25,254700,6918673,181,+0.25
20180808,27.35,27.35,27.05,27.3,282516,7694828,221,+0.05
20180809,26.05,26.15,25.8,26.0,384534,9992548,285,X0.00
20180810,26.05,26.3,25.7,25.8,163294,4233717,126,-0.20
20180813,25.85,25.85,25.0,25.1,227050,5726800,163,-0.70
20180814,25.3,25.6,25.2,25.45,179577,4550999,128,+0.35
20180815,25.25,25.45,25.1,25.15,140958,3548850,81,-0.30
20180816,25.3,25.3,25.0,25.15,161775,4061725,118, 0.00
20180817,25.15,25.3,25.0,25.1,141123,3546767,101,-0.05
20180820,25.2,25.25,25.0,25.05,169605,4254562,113,-0.05
20180821,25.15,25.2,25.05,25.05,110475,2770474,84, 0.00
20180822,25.15,25.25,25.0,25.1,77759,1952775,63,+0.05
20180823,25.1,25.45,24.8,25.1,84250,2118236,69, 0.00
20180824,25.1,25.15,25.1,25.15,19875,499025,21,+0.05
20180827,25.15,25.4,25.15,25.4,92488,2341168,64,+0.25
20180828,25.4,25.55,25.35,25.45,41976,1067190,46,+0.05
20180829,25.65,26.0,25.45,25.95,151020,3881908,112,+0.50
20180830,25.9,26.25,25.65,25.95,342451,8901631,149, 0.00
20180831,25.9,25.9,25.5,25.6,86967,2233802,65,-0.35
20180903,25.9,25.9,25.6,25.6,134068,3442237,67, 0.00
20180904,25.7,25.8,25.55,25.7,101542,2605696,79,+0.10
20180905,25.6,26.25,25.6,25.8,331725,8588654,154,+0.10
20180906,25.8,25.9,25.6,25.7,111671,2872390,68,-0.10
20180907,25.7,25.7,25.05,25.6,191343,4842359,106,-0.10
20180910,25.25,25.25,24.8,24.8,271701,6779460,142,-0.80
20180911,24.75,25.0,24.65,24.85,108964,2703704,64,+0.05
20180912,24.85,24.95,24.75,24.75,67534,1677085,51,-0.10
20180913,24.8,24.95,24.8,24.9,78854,1960381,66,+0.15
20180914,24.85,25.1,24.85,25.1,81082,2025794,61,+0.20
20180917,25.15,25.15,24.75,24.8,49308,1226034,55,-0.30
20180918,24.8,25.0,24.8,24.8,57500,1431096,42, 0.00
20180919,25.0,25.0,24.8,24.95,110250,2745545,74,+0.15
20180920,24.8,24.95,24.55,24.6,177163,4379549,98,-0.35
20180921,24.7,24.7,24.4,24.45,181075,4442078,116,-0.15
20180925,24.45,24.45,24.2,24.3,293076,7115493,178,-0.15
20180926,24.2,24.55,24.2,24.3,67400,1643979,56, 0.00
20180927,24.35,24.5,24.3,24.3,55530,1352195,51, 0.00
20180928,24.3,24.45,24.25,24.25,129455,3146978,81,-0.05
20181001,24.25,24.5,24.25,24.5,179825,4397985,60,+0.25
20181002,24.55,24.6,24.45,24.45,92050,2258711,71,-0.05
20181003,24.55,24.85,24.5,24.5,122374,3006920,89,+0.05
20181004,24.5,24.75,24.5,24.55,188202,4628977,112,+0.05
20181005,26.0,26.3,25.05,25.8,2038641,52775803,1260,+1.25
20181008,26.0,26.9,26.0,26.4,1604870,42456039,939,+0.60
20181009,26.55,26.85,25.9,26.35,797975,21032541,449,-0.05
20181011,25.3,25.3,24.05,24.8,848550,20710990,460,-1.55
20181012,24.55,26.4,24.2,25.3,661949,16812951,397,+0.50
20181015,25.3,27.2,25.1,26.6,1264603,33569588,668,+1.30
20181016,26.8,27.2,26.55,27.05,843833,22714391,497,+0.45
20181017,27.25,27.9,26.7,27.25,1003876,27512286,607,+0.20
20181018,27.1,28.3,27.1,27.7,1339940,37351995,747,+0.45
20181019,27.6,27.8,27.2,27.4,604400,16621885,371,-0.30
20181022,27.4,28.5,27.05,27.65,868750,24339643,412,+0.25
20181023,27.75,28.4,27.65,28.0,868332,24341725,419,+0.35
20181024,28.1,28.3,27.85,28.1,684520,19224010,360,+0.10
20181025,27.5,27.75,27.3,27.6,523850,14415986,299,-0.50
20181026,27.9,28.0,27.15,27.25,500631,13821445,284,-0.35
20181029,27.25,28.2,26.7,27.1,674725,18589030,389,-0.15
20181030,27.35,27.4,26.3,26.55,384425,10266269,270,-0.55
20181031,26.6,26.9,26.35,26.5,308810,8210997,223,-0.05
20181101,26.65,26.65,25.85,26.2,538310,14125521,339,-0.30
20181102,26.2,26.25,25.9,26.0,374602,9752539,262,-0.20
20181105,26.0,26.15,25.9,26.0,76632,1994642,71, 0.00
20181106,26.0,26.9,25.95,26.65,472077,12559088,252,+0.65
20181107,26.65,27.3,26.65,26.75,237568,6408576,175,+0.10
20181108,27.15,27.15,26.45,26.65,156621,4188904,119,-0.10
20181109,26.6,27.0,26.5,26.8,117575,3149721,72,+0.15
20181112,26.8,27.0,26.65,26.9,110250,2965386,76,+0.10
20181113,26.5,26.85,26.5,26.65,89910,2400054,75,-0.25
20181114,26.35,28.0,26.35,27.8,830227,22871815,513,+1.15
20181115,27.75,28.7,27.35,28.45,1016771,28684963,553,+0.65
20181116,28.2,29.4,28.2,28.6,882187,25437772,497,+0.15
20181119,28.65,28.9,28.25,28.8,391850,11245958,193,+0.20
20181120,28.45,29.1,28.45,28.95,424227,12286168,211,+0.15
20181121,28.9,28.9,28.65,28.65,113307,3258298,90,-0.30
20181122,28.65,29.3,28.5,28.5,483756,13984418,245,-0.15
20181123,28.55,28.55,27.85,27.95,371575,10469482,212,-0.55
20181126,28.35,29.9,28.0,29.15,953744,27915071,523,+1.20
20181127,29.15,30.15,29.15,29.7,1011521,30079412,571,+0.55
20181128,29.8,30.45,29.65,29.95,830485,24995619,424,+0.25
20181129,30.25,30.4,29.75,29.75,728364,21958419,379,-0.20
20181130,30.0,30.4,29.8,30.25,805516,24352380,392,+0.50
20181203,30.4,31.0,30.1,30.95,1296430,39796906,614,+0.70
20181204,30.8,30.8,30.3,30.35,427104,13033929,297,-0.60
20181205,29.95,29.95,29.45,29.45,372556,11045886,240,-0.90
20181206,29.3,29.35,28.5,28.55,374058,10794298,256,-0.90
20181207,28.55,29.1,28.55,29.0,199851,5771433,100,+0.45
20181210,28.7,28.75,28.25,28.35,195007,5550346,139,-0.65
20181211,28.1,28.5,28.1,28.2,117036,3307108,79,-0.15
20181212,28.5,28.8,28.2,28.4,177690,5031288,129,+0.20
20181213,28.5,28.5,28.15,28.2,209190,5910820,131,-0.20
20181214,28.2,28.2,27.8,27.85,139603,3896591,101,-0.35
20181217,27.9,28.0,27.45,28.0,119925,3329657,81,+0.15
20181218,28.0,28.0,27.5,27.6,114580,3172417,92,-0.40
20181219,27.65,27.7,27.6,27.6,90380,2495873,76, 0.00
20181220,27.55,27.55,26.8,26.8,202516,5468133,186,-0.80
20181221,26.7,27.0,26.4,27.0,155268,4138880,123,+0.20
20181222,26.95,26.95,26.7,26.85,20461,548971,24,-0.15
20181224,26.7,26.85,26.4,26.7,74075,1969682,80,-0.15
20181225,26.7,26.9,26.5,26.8,68050,1823990,57,+0.10
20181226,26.7,26.85,26.7,26.7,59775,1599021,60,-0.10
20181227,26.9,27.3,26.9,26.9,125864,3408408,69,+0.20
20181228,26.8,27.0,26.8,26.85,34953,939990,33,-0.05
20190102,26.85,27.0,26.85,26.95,116616,3137637,77,+0.10
20190103,26.95,27.1,26.45,26.5,133587,3588000,79,-0.45
20190104,26.7,26.7,26.2,26.3,86603,2273127,54,-0.20
20190107,26.6,26.7,26.35,26.55,85790,2273033,65,+0.25
20190108,26.5,26.5,26.3,26.35,45920,1210686,50,-0.20
20190109,26.65,26.65,26.2,26.55,144633,3809755,92,+0.20
20190110,26.55,26.85,26.5,26.7,49064,1307705,47,+0.15
20190111,26.65,26.7,26.3,26.35,68959,1827270,64,-0.35
20190114,26.75,26.75,26.35,26.55,15791,416738,28,+0.20
20190115,26.35,26.6,26.35,26.4,82114,2172604,72,-0.15
20190116,26.3,26.75,26.3,26.45,73206,1941294,61,+0.05
20190117,26.3,26.8,26.3,26.6,87140,2306703,71,+0.15
20190118,26.55,26.7,26.55,26.6,78500,2087356,81, 0.00
20190121,26.8,26.8,26.35,26.5,57000,1511937,64,-0.10
20190122,26.5,26.5,26.35,26.35,62155,1640380,50,-0.15
20190123,26.25,26.4,26.2,26.25,43061,1132036,53,-0.10
20190124,26.3,26.5,26.25,26.3,43325,1141842,58,+0.05
20190125,26.35,26.55,26.35,26.5,37978,1005363,50,+0.20
20190128,26.7,27.1,26.5,27.0,127601,3436254,144,+0.50
20190129,26.9,26.9,26.5,26.6,88900,2368575,108,-0.40
20190130,26.6,26.75,26.4,26.45,79022,2098527,66,-0.15
20190211,26.7,27.0,26.5,26.95,75101,2016324,100,+0.50
20190212,26.95,27.05,26.75,27.05,95466,2566415,105,+0.10
20190213,27.1,27.1,26.8,27.05,118016,3183713,109, 0.00
20190214,27.0,27.3,26.95,27.3,155551,4224377,141,+0.25
20190215,27.3,27.3,26.85,27.0,115114,3116898,109,-0.30
20190218,27.0,27.1,26.85,27.1,224967,6073174,192,+0.10
20190219,27.1,27.3,26.9,27.15,153790,4166080,150,+0.05
20190220,27.2,27.4,27.0,27.2,268016,7286877,229,+0.05
20190221,27.4,28.3,27.4,27.8,890412,24853768,521,+0.60
20190222,27.8,27.8,27.55,27.6,231539,6397474,199,-0.20
20190225,27.7,27.9,27.55,27.6,169873,4691544,222, 0.00
20190226,27.7,28.0,27.6,27.8,227500,6311655,227,+0.20
20190227,27.9,27.9,27.55,27.65,197000,5449888,188,-0.15
20190304,27.6,27.9,27.6,27.8,199174,5515335,219,+0.15
20190305,27.9,27.9,27.6,27.65,139848,3875292,185,-0.15
20190306,27.65,27.8,27.5,27.65,245636,6782811,198, 0.00
20190307,27.8,27.8,27.45,27.5,274064,7564632,177,-0.15
20190308,27.4,27.7,27.4,27.6,303549,8346901,187,+0.10
20190311,27.75,27.85,27.55,27.85,204019,5649099,187,+0.25
20190312,28.05,28.6,28.05,28.1,433899,12286953,353,+0.25
20190313,28.2,28.35,27.85,28.0,276251,7737054,235,-0.10
20190314,28.05,28.45,27.85,28.45,425557,11968997,268,+0.45
20190315,28.45,28.7,28.15,28.15,347445,9879360,247,-0.30
20190318,28.2,28.4,27.95,28.4,281075,7906299,232,+0.25
20190319,28.35,28.5,28.05,28.15,230636,6494008,249,-0.25
20190320,28.15,28.45,28.0,28.0,232035,6520530,187,-0.15
20190321,28.15,28.3,28.05,28.3,166060,4679480,152,+0.30
20190322,28.7,29.3,28.7,29.0,986715,28651349,626,+0.70
20190325,28.95,29.65,28.55,29.5,842105,24695632,796,+0.50
20190326,29.9,29.95,29.55,29.65,482459,14346093,421,+0.15
20190327,29.7,30.15,29.6,30.0,622421,18611424,460,+0.35
20190328,30.2,30.4,29.95,30.15,540966,16309830,482,+0.15
20190329,30.25,30.55,30.15,30.15,502866,15226357,379, 0.00
20190401,30.35,30.4,29.9,30.0,480099,14448721,468,-0.15
20190402,30.3,31.5,30.0,31.1,1332336,41129220,712,+1.10
20190403,31.3,32.25,31.2,32.0,1684043,53587796,1020,+0.90
20190408,33.0,34.0,32.35,32.7,2229570,73611249,1473,+0.70
20190409,32.65,33.2,32.1,32.2,989953,32227631,720,-0.50
20190410,32.4,32.95,32.3,32.95,590010,19255018,490,+0.75
20190411,32.95,33.5,32.7,32.8,720229,23716848,508,-0.15
20190412,32.85,33.15,32.6,33.1,586339,19253783,355,+0.30
20190415,33.3,34.1,32.9,33.5,1095356,36639975,608,+0.40
20190416,33.95,34.0,33.6,34.0,638482,21585672,407,+0.50
20190417,34.2,34.65,33.9,33.9,1226116,41993450,690,-0.10
20190418,34.0,34.0,32.3,32.3,1295461,42608309,703,-1.60
20190419,32.6,32.95,31.75,31.9,964960,31057663,479,-0.40
20190422,32.45,33.25,32.1,33.2,641972,21047115,388,+1.30
20190423,33.2,33.4,32.65,32.7,510383,16810561,311,-0.50
20190424,33.0,33.0,32.05,32.4,334263,10842989,215,-0.30
20190425,32.25,32.95,32.25,32.7,208591,6812682,151,+0.30
20190426,32.5,33.0,32.4,32.8,341469,11186636,226,+0.10
20190429,32.9,33.25,32.5,32.55,302963,9921394,188,-0.25
20190430,32.5,32.55,31.4,31.9,750911,23940619,531,-0.65
20190502,31.75,32.2,31.7,32.2,213651,6816732,159,+0.30
20190503,32.2,32.5,32.0,32.45,214950,6916483,135,+0.25
20190506,32.0,32.0,30.9,30.95,820928,25731368,483,-1.50
20190507,30.95,31.75,30.95,31.1,248890,7782724,169,+0.15
20190508,31.1,31.1,30.8,31.0,184508,5719091,122,-0.10
20190509,30.7,31.5,30.15,30.25,637313,19533667,275,-0.75
20190510,30.25,30.55,29.7,30.0,349234,10527120,202,-0.25
20190513,29.85,30.4,29.85,29.9,139988,4204839,106,-0.10
20190514,29.65,30.1,29.3,29.8,279279,8285210,147,-0.10
20190515,29.8,30.6,29.8,30.4,203891,6161284,131,+0.60
20190516,30.2,30.2,29.65,29.65,224917,6734537,129,-0.75
20190517,29.75,29.95,29.2,29.2,197753,5824986,148,-0.45
20190520,29.15,29.15,28.85,28.9,141500,4095700,111,-0.30
20190521,28.95,29.55,28.9,29.55,85466,2491465,65,+0.65
20190522,29.45,29.75,29.4,29.45,128743,3796289,81,-0.10
20190523,29.2,29.2,28.85,29.0,157880,4569470,104,-0.45
20190524,28.95,29.25,28.95,29.1,65826,1912994,55,+0.10
20190527,29.1,29.1,28.9,29.05,101295,2938024,73,-0.05
20190528,29.05,29.15,29.0,29.1,80871,2348944,72,+0.05
20190529,29.1,29.25,28.95,29.15,82351,2395278,74,+0.05
20190530,29.05,29.6,29.05,29.6,100744,2961429,91,+0.45
20190531,29.35,29.9,29.35,29.75,107069,3182398,90,+0.15
20190603,29.75,30.0,29.45,29.9,120599,3593699,108,+0.15
20190604,29.9,29.9,29.7,29.8,58302,1734367,47,-0.10
20190605,30.0,30.0,29.7,29.75,108192,3224149,92,-0.05
20190606,29.9,29.9,29.55,29.6,74750,2224811,65,-0.15
20190610,29.75,30.3,29.6,29.8,83378,2481159,74,+0.20
20190611,29.95,29.95,29.65,29.95,96550,2876744,67,+0.15
20190612,29.85,29.95,29.6,29.65,80499,2391192,59,-0.30
20190613,29.65,29.8,29.55,29.55,51226,1516740,53,-0.10
20190614,29.7,29.8,29.5,29.65,115850,3432475,84,+0.10
20190617,29.7,29.7,29.2,29.25,145651,4278139,119,-0.40
20190618,29.3,29.35,29.15,29.2,67431,1969399,51,-0.05
20190619,29.4,29.65,29.25,29.6,101557,2987801,81,+0.40
20190620,29.6,29.6,29.3,29.4,102750,3023434,74,-0.20
20190621,29.45,29.8,29.3,29.3,314002,9243555,157,-0.10
20190624,29.7,30.55,29.5,30.5,397330,11974794,306,+1.20
20190625,30.8,31.4,30.6,31.0,805225,25055226,571,+0.50
20190626,31.0,31.3,30.85,31.0,312769,9683797,182, 0.00
20190627,31.2,31.8,31.0,31.0,406648,12721128,284, 0.00
20190628,31.0,31.25,30.9,31.0,167757,5205267,120, 0.00
20190701,31.35,31.45,31.25,31.4,247832,7765220,184,+0.40
20190702,31.5,31.5,31.2,31.4,164535,5156692,113, 0.00
20190703,31.4,31.4,31.1,31.3,127225,3976868,100,-0.10
20190704,31.25,31.9,31.25,31.85,437674,13791176,232,+0.55
20190705,31.85,31.85,31.6,31.75,442506,14021635,231,-0.10
20190708,31.75,31.9,31.4,31.7,706367,22399856,353,-0.05
20190709,29.85,29.95,29.75,29.9,402834,12029238,311,X0.00
20190710,30.0,30.1,29.8,29.85,156925,4687618,109,-0.05
20190711,29.85,29.95,29.65,29.7,166343,4955582,115,-0.15
20190712,29.75,29.75,29.2,29.3,268650,7878795,177,-0.40
20190715,29.35,29.35,29.2,29.2,184030,5383367,104,-0.10
20190716,29.2,29.5,29.2,29.35,73071,2149878,60,+0.15
20190717,29.5,29.65,29.4,29.4,91000,2684449,82,+0.05
20190718,29.4,29.4,29.25,29.25,93022,2725092,77,-0.15
20190719,29.6,29.6,29.3,29.55,95025,2799335,76,+0.30
20190722,29.55,29.6,29.45,29.55,102331,3020227,75, 0.00
20190723,30.0,30.0,29.55,29.55,129825,3852287,83, 0.00
20190724,29.55,29.65,29.55,29.55,110659,3272739,74, 0.00
20190725,29.7,29.7,29.35,29.4,146805,4332793,105,-0.15
20190726,29.4,29.7,29.25,29.7,153749,4532775,103,+0.30
20190729,29.75,30.0,29.7,29.9,152351,4547806,110,+0.20
20190730,30.1,30.1,29.9,30.1,286105,8586088,187,+0.20
20190731,30.15,30.5,30.15,30.4,271075,8233964,188,+0.30
20190801,30.4,30.4,29.8,30.0,249517,7494451,161,-0.40
20190802,29.8,29.8,28.95,28.95,415047,12159455,258,-1.05
20190805,28.9,29.3,28.05,28.25,246004,6969756,174,-0.70
20190806,28.0,28.15,27.2,28.1,164537,4567594,120,-0.15
20190807,28.6,29.15,28.6,28.65,284750,8207248,171,+0.55
20190808,28.95,29.05,28.75,29.05,102315,2953649,74,+0.40
20190812,29.7,29.7,29.2,29.5,229000,6768399,164,+0.45
20190813,29.7,29.7,29.25,29.25,200049,5912430,90,-0.25
20190814,29.45,29.65,29.35,29.5,113239,3335975,84,+0.25
20190815,29.25,29.9,29.05,29.5,989500,29353922,286, 0.00
20190816,29.6,31.0,29.55,30.7,1174031,35716341,598,+1.20
20190819,31.5,31.7,31.0,31.1,789434,24714852,553,+0.40
20190820,31.05,31.2,30.8,30.8,338243,10476839,257,-0.30
20190821,30.8,31.25,30.8,31.25,318626,9923365,240,+0.45
20190822,31.3,31.7,30.95,31.0,394501,12350231,232,-0.25
20190823,31.2,31.2,30.65,31.05,182626,5633767,147,+0.05
20190826,30.5,30.8,30.3,30.45,349351,10646011,200,-0.60
20190827,30.75,30.85,30.5,30.6,108500,3323898,89,+0.15
20190828,30.7,31.15,30.6,30.85,445399,13780688,226,+0.25
20190829,30.95,30.95,30.65,30.9,117705,3624275,86,+0.05
20190830,31.2,31.25,30.95,31.0,191928,5966514,153,+0.10
20190902,31.0,31.3,30.85,31.15,245601,7633231,144,+0.15
20190903,31.3,31.45,30.95,30.95,182954,5707122,129,-0.20
20190904,30.95,31.0,30.8,30.85,145316,4481863,118,-0.10
20190905,31.2,31.2,30.75,30.75,199501,6170026,127,-0.10
20190906,30.8,30.9,30.7,30.75,93014,2863274,74, 0.00
20190909,30.7,30.8,30.25,30.25,277499,8446968,143,-0.50
20190910,30.25,30.35,30.0,30.3,98250,2963761,74,+0.05
20190911,30.3,30.45,29.95,29.95,565411,17132406,216,-0.35
20190912,30.0,30.0,29.5,29.55,283206,8411433,220,-0.40
20190916,29.6,29.75,29.2,29.3,286413,8419576,196,-0.25
20190917,29.05,29.45,29.05,29.4,137250,4022010,106,+0.10
20190918,29.4,30.0,29.4,29.95,185756,5538025,155,+0.55
20190919,30.3,30.3,29.6,29.65,144936,4339303,100,-0.30
20190920,29.65,29.75,29.6,29.75,97297,2886401,75,+0.10
20190923,30.1,30.1,29.8,30.05,163099,4890220,96,+0.30
20190924,30.1,30.15,29.9,30.0,125500,3764773,90,-0.05
20190925,30.0,30.0,29.75,29.8,107999,3220969,82,-0.20
20190926,29.9,30.0,29.8,29.85,197744,5914043,122,+0.05
20190927,29.85,29.85,29.5,29.85,235138,6984833,151, 0.00
20191001,29.85,30.0,29.65,29.85,160811,4794581,90, 0.00
20191002,29.85,30.15,29.85,30.1,124478,3730792,95,+0.25
20191003,30.0,30.15,29.8,30.1,145567,4365680,102, 0.00
20191004,30.1,30.55,29.95,30.5,408998,12370937,257,+0.40
20191007,29.6,30.05,29.6,29.65,466438,13884312,296,-0.85
20191008,29.9,29.9,29.4,29.5,254063,7516506,151,-0.15
20191009,29.3,29.55,29.3,29.45,96502,2846258,67,-0.05
20191014,29.5,29.85,29.5,29.55,147363,4362356,89,+0.10
20191015,29.55,29.85,29.55,29.8,106498,3165538,65,+0.25
20191016,29.8,29.95,29.65,29.8,164500,4897197,105, 0.00
20191017,29.85,30.5,29.85,30.4,556576,16846693,380,+0.60
20191018,30.45,30.65,30.2,30.25,198532,6040413,135,-0.15
20191021,30.65,30.65,30.0,30.35,239001,7235527,114,+0.10
20191022,30.5,30.5,30.2,30.25,214537,6502832,112,-0.10
20191023,30.2,31.1,30.0,30.15,681888,20747740,348,-0.10
20191024,30.2,30.7,30.2,30.5,280763,8562466,158,+0.35
20191025,30.65,30.65,30.3,30.4,169050,5143807,99,-0.10
20191028,30.4,30.5,30.2,30.2,65532,1986815,48,-0.20
20191029,30.25,30.5,29.95,30.0,202228,6102487,114,-0.20
20191030,30.05,30.2,30.05,30.05,55849,1680520,49,+0.05
20191031,30.05,30.15,29.9,29.9,138684,4154749,88,-0.15
20191101,30.0,30.05,29.5,30.05,92191,2753045,73,+0.15
20191104,30.3,30.4,30.05,30.15,146789,4431975,97,+0.10
20191105,30.15,30.25,30.0,30.1,109437,3292911,79,-0.05
20191106,30.1,30.3,29.9,29.95,137994,4152214,82,-0.15
20191107,30.0,30.0,29.55,29.55,200159,5931489,134,-0.40
20191108,29.6,29.75,29.55,29.75,97918,2902471,61,+0.20
20191111,29.75,29.75,28.95,29.05,356701,10420229,211,-0.70
20191112,29.55,29.8,29.35,29.75,367001,10847877,191,+0.70
20191113,29.75,30.05,29.65,30.0,233558,6988831,122,+0.25
20191114,29.85,30.15,29.8,29.9,54770,1636528,49,-0.10
20191115,30.0,30.55,30.0,30.25,415836,12605109,203,+0.35
20191118,30.25,30.4,30.05,30.2,147439,4450820,108,-0.05
20191119,30.2,30.25,30.05,30.1,136857,4125072,87,-0.10
20191120,30.1,30.1,29.9,30.05,193892,5821008,122,-0.05
20191121,29.9,29.9,29.7,29.9,116058,3457422,98,-0.15
20191122,29.9,30.1,29.75,29.95,71499,2138569,52,+0.05
20191125,30.1,30.25,30.0,30.0,104150,3131968,84,+0.05
20191126,30.05,30.2,30.0,30.1,112369,3381480,100,+0.10
20191127,30.2,30.4,30.2,30.3,218119,6603478,149,+0.20
20191128,30.35,30.95,30.35,30.55,761317,23373231,476,+0.25
20191129,30.7,32.75,30.7,32.75,4247807,135627290,2442,+2.20
20191202,33.05,35.35,33.05,34.8,8898413,306782783,5335,+2.05
20191203,34.1,34.9,33.8,34.85,2173318,74625568,1389,+0.05
20191204,34.45,35.25,34.0,34.05,1474786,50848798,1019,-0.80
20191205,34.35,36.15,34.2,35.25,3974784,139714104,2368,+1.20
20191206,35.5,35.95,34.2,34.5,2419471,84746439,1429,-0.75
20191209,34.85,35.45,34.7,34.95,1623305,56993368,978,+0.45
20191210,35.2,35.8,34.7,34.7,1824086,64163476,1040,-0.25
20191211,34.95,35.1,34.4,34.4,1213720,42059857,723,-0.30
20191212,34.7,34.95,33.5,33.5,1515213,51765867,935,-0.90
20191213,33.5,34.05,33.05,33.05,1149653,38437399,700,-0.45
20191216,33.4,34.4,33.15,34.15,1276131,43429754,756,+1.10
20191217,34.15,34.3,33.55,34.0,652132,22148074,382,-0.15
20191218,34.3,35.9,34.3,35.3,2964301,104191752,1785,+1.30
20191219,35.3,35.3,34.5,34.8,1242025,43318055,796,-0.50
20191220,34.8,34.95,34.15,34.15,1034503,35656752,585,-0.65
20191223,34.1,34.15,32.8,32.95,1601634,53348032,977,-1.20
20191224,32.95,33.2,32.35,33.2,787250,25774800,506,+0.25
20191225,33.4,33.5,33.0,33.0,322751,10691183,243,-0.20
20191226,33.4,33.4,32.75,32.75,414442,13654704,248,-0.25
20191227,32.75,32.9,32.6,32.75,375061,12275592,259, 0.00
20191230,33.1,33.1,32.65,32.95,361237,11854555,230,+0.20
20191231,33.0,33.0,32.7,32.95,385000,12659248,224, 0.00
20200102,33.0,33.1,32.8,33.0,363994,11994398,204,+0.05
20200103,32.95,33.35,32.25,32.4,648716,21189210,419,-0.60
20200106,32.25,32.25,31.7,31.85,396916,12669666,294,-0.55
20200107,31.75,31.85,30.95,31.25,941818,29391911,543,-0.60
20200108,31.1,31.55,30.8,31.35,375322,11702891,239,+0.10
20200109,31.7,31.85,31.35,31.75,288121,9130370,216,+0.40
20200110,31.85,31.85,31.3,31.5,216037,6799863,140,-0.25
20200113,32.05,32.05,31.5,31.6,210532,6663806,146,+0.10
20200114,32.0,32.1,31.8,32.05,212070,6783119,139,+0.45
20200115,32.0,32.0,31.6,31.7,238405,7562455,140,-0.35
20200116,32.0,32.0,31.7,31.75,142112,4519777,104,+0.05
20200117,31.95,32.0,31.6,32.0,258181,8215028,162,+0.25
20200120,32.1,32.15,31.75,31.75,351206,11224240,213,-0.25
20200130,30.3,30.85,29.6,29.6,879600,26380530,516,-2.15
20200131,29.6,30.2,29.6,30.0,393151,11761941,285,+0.40
20200203,29.5,29.5,28.6,29.0,599101,17436849,390,-1.00
20200204,29.3,29.6,29.1,29.45,234901,6917627,174,+0.45
20200205,29.55,29.55,29.35,29.4,244322,7199279,136,-0.05
20200206,30.35,30.35,29.55,29.9,282907,8416316,183,+0.50
20200207,29.85,29.85,29.4,29.5,230509,6814662,155,-0.40
20200210,29.3,29.65,29.0,29.5,137759,4044835,101, 0.00
20200211,29.5,29.8,29.35,29.55,177380,5247162,143,+0.05
20200212,29.55,30.0,29.55,29.75,288439,8588763,191,+0.20
20200213,29.75,30.0,29.55,29.6,284128,8466562,186,-0.15
20200214,29.6,29.95,29.6,29.95,114872,3424466,98,+0.35
20200217,29.95,29.95,29.5,29.5,360550,10690957,222,-0.45
20200218,29.7,30.1,29.65,29.85,312578,9318954,196,+0.35
20200219,29.85,30.35,29.85,30.0,372439,11218490,222,+0.15
20200220,30.3,30.35,29.95,30.15,192914,5810620,141,+0.15
20200221,30.05,30.1,29.8,30.0,200952,6013350,145,-0.15
20200224,30.3,30.9,29.9,30.5,828345,25265246,562,+0.50
20200225,30.05,30.15,29.8,29.95,434840,13047413,286,-0.55
20200226,29.95,30.25,29.75,29.75,361315,10786059,226,-0.20
20200227,29.75,29.75,29.1,29.2,540251,15873340,318,-0.55
20200302,28.8,29.4,28.7,29.0,310041,8984289,227,-0.20
20200303,29.5,29.5,29.1,29.2,211908,6208109,154,+0.20
20200304,29.2,29.2,28.85,28.9,225431,6525849,162,-0.30
20200305,29.35,29.45,29.0,29.45,243091,7106659,156,+0.55
20200306,29.25,29.3,29.05,29.2,180108,5250948,142,-0.25
20200309,29.0,29.0,28.35,28.35,529501,15153970,405,-0.85
20200310,27.8,28.0,27.2,27.9,702475,19387454,440,-0.45
20200311,27.9,28.2,27.3,27.3,423682,11740458,330,-0.60
20200312,27.2,27.2,25.7,25.95,717979,18755494,438,-1.35
20200313,24.1,25.0,23.5,25.0,1080525,25897982,637,-0.95
20200316,25.5,25.6,24.05,24.05,449250,11179950,286,-0.95
20200317,22.15,23.7,22.15,23.0,736416,16979567,417,-1.05
20200318,23.2,23.4,21.3,21.5,1051966,23420862,544,-1.50
20200319,20.85,20.9,19.5,19.8,1080101,21605330,558,-1.70
20200320,20.3,21.65,20.3,21.65,510725,10863528,326,+1.85
20200323,22.3,23.35,22.0,23.3,1387511,31657449,838,+1.65
20200324,23.65,24.95,23.65,24.6,855223,20931693,605,+1.30
20200325,24.8,25.7,24.8,25.3,1335280,33772565,717,+0.70
20200326,25.3,26.35,24.7,26.35,903796,23125655,565,+1.05
20200327,27.0,27.4,26.6,26.8,1269405,34285680,671,+0.45
20200330,26.6,27.45,26.05,27.3,684524,18275750,492,+0.50
20200331,27.95,27.95,27.0,27.05,532656,14527987,412,-0.25
20200401,27.05,27.3,26.9,27.1,400250,10857830,308,+0.05
20200406,27.15,27.85,27.15,27.75,550979,15166131,480,+0.65
20200407,27.95,28.1,27.75,27.8,704826,19661043,481,+0.05
20200408,27.9,28.35,27.85,28.25,578878,16297283,399,+0.45
20200409,28.5,28.55,27.9,28.0,606400,17074150,402,-0.25
20200410,28.0,28.25,28.0,28.1,269761,7579928,179,+0.10
20200413,28.1,28.45,27.9,28.4,434459,12271363,288,+0.30
20200414,28.45,28.8,28.45,28.8,516406,14764571,341,+0.40
20200415,28.95,29.35,28.85,29.2,558244,16262496,353,+0.40
20200416,29.15,29.55,28.9,29.5,474824,13915100,327,+0.30
20200417,30.0,30.0,29.35,29.4,841437,24945740,455,-0.10
20200420,29.5,29.65,29.1,29.5,312945,9226824,206,+0.10
20200421,29.55,29.6,28.5,28.55,840451,24368718,522,-0.95
20200422,28.35,29.0,28.0,29.0,594365,16948335,334,+0.45
20200423,29.15,29.4,29.05,29.15,394832,11534378,211,+0.15
20200424,29.25,29.6,29.15,29.4,342446,10060337,205,+0.25
20200427,29.6,29.95,29.6,29.8,502822,14972889,260,+0.40
20200428,30.0,30.5,30.0,30.5,929472,28126065,561,+0.70
20200429,30.65,30.85,30.4,30.8,645607,19778467,371,+0.30
20200430,31.0,31.35,30.95,31.3,842102,26241215,492,+0.50
20200504,30.9,31.2,30.55,31.15,621831,19217978,368,-0.15
20200505,31.2,33.25,31.1,33.2,2230838,72654833,1241,+2.05
20200506,32.6,33.0,32.45,32.45,1634725,53360047,1029,-0.75
20200507,32.45,32.9,32.05,32.75,725900,23637172,498,+0.30
20200508,32.95,33.15,32.45,32.5,766729,25108624,484,-0.25
20200511,32.7,32.95,32.55,32.6,562431,18381896,324,+0.10
20200512,32.7,32.75,32.2,32.4,432200,14054237,300,-0.20
20200513,32.4,32.45,32.25,32.4,299700,9688273,196, 0.00
20200514,32.4,32.4,31.6,31.6,641935,20485342,434,-0.80
20200515,31.7,32.1,31.25,31.6,371001,11738228,256, 0.00
20200518,32.0,32.2,31.7,31.95,391735,12521171,243,+0.35
20200519,32.3,32.55,31.7,31.95,344935,11063880,272, 0.00
20200520,32.0,32.4,32.0,32.15,437950,14119890,280,+0.20
20200521,32.25,32.55,32.25,32.55,411599,13358403,250,+0.40
20200522,32.4,33.3,32.1,32.15,991850,32323283,610,-0.40
20200525,32.65,32.75,31.9,32.7,558390,18101422,324,+0.55
20200526,33.05,33.05,32.7,32.75,446449,14646787,294,+0.05
20200527,32.8,32.95,32.6,32.8,437931,14352299,285,+0.05
20200528,32.95,33.1,32.55,32.7,496537,16317229,312,-0.10
20200529,32.55,33.45,32.5,33.05,690400,22818533,365,+0.35
20200601,33.2,34.2,33.15,34.15,1280691,43174644,791,+1.10
20200602,34.3,34.8,34.2,34.25,1303277,44930524,760,+0.10
20200603,34.35,34.85,34.35,34.45,922428,31889246,455,+0.20
20200604,34.7,34.8,33.8,33.85,1046996,35798559,619,-0.60
20200605,34.0,34.2,33.9,33.95,542638,18463579,320,+0.10
20200608,33.75,34.1,33.2,33.7,888851,29831805,521,-0.25
20200609,33.6,33.95,33.3,33.95,358339,12032932,260,+0.25
20200610,33.95,33.95,33.35,33.5,453392,15225554,314,-0.45
20200611,33.4,33.75,32.8,32.8,623637,20697738,371,-0.70
20200612,32.05,32.9,31.9,32.85,615301,19959323,380,+0.05
20200615,32.9,34.15,32.9,33.65,1047816,35427882,588,+0.80
20200616,33.85,34.25,33.65,33.8,379327,12818083,255,+0.15
20200617,33.8,33.8,33.3,33.4,357681,11984561,252,-0.40
20200618,33.5,33.75,33.5,33.65,289976,9750644,190,+0.25
20200619,33.7,34.05,33.5,34.05,584661,19770667,339,+0.40
20200622,33.2,34.0,33.2,33.95,589838,19902280,305,-0.10
20200623,34.25,34.9,33.85,34.9,1407201,48435223,855,+0.95
20200624,35.1,36.0,34.5,35.0,2711411,95769186,1669,+0.10
20200629,34.8,35.75,34.6,35.7,1266727,44360603,756,+0.70
20200630,35.75,36.2,35.7,35.75,1475133,53093132,838,+0.05
20200701,35.85,36.6,35.85,36.1,1052425,38170969,666,+0.35
20200702,36.4,36.8,36.1,36.8,1329567,48590637,683,+0.70
20200703,37.3,39.0,37.2,38.3,3099054,118272290,1802,+1.50
20200706,39.3,42.1,39.3,42.1,5987048,245192116,3093,+3.80
20200707,43.25,44.8,41.5,42.6,7162848,307679966,4060,+0.50
20200708,43.3,44.0,42.6,43.7,4373131,189761685,2412,+1.10
20200709,41.1,41.45,38.65,38.7,4891425,196807298,2758,X0.00
20200710,37.65,38.0,35.0,35.05,3919555,141255944,2280,-3.65
20200713,35.2,35.95,34.8,34.85,1571797,55291968,999,-0.20
20200714,34.85,35.8,33.8,33.95,1752905,60636915,1017,-0.90
20200715,34.25,34.5,33.6,33.65,1097252,37283770,724,-0.30
20200716,34.05,34.4,33.75,33.95,941998,32028682,575,+0.30
20200717,34.1,34.2,32.55,32.75,1110908,36898829,741,-1.20
20200720,32.75,33.65,31.9,33.3,773101,25373710,477,+0.55
20200721,34.25,34.7,33.7,33.75,1238510,42231459,766,+0.45
20200722,33.75,34.2,33.6,33.95,571828,19405731,352,+0.20
20200723,33.85,34.2,33.15,33.35,576425,19333857,368,-0.60
20200724,33.2,33.4,32.1,32.15,829057,27096733,506,-1.20
20200727,32.25,32.7,31.9,32.1,670607,21563038,355,-0.05
20200728,32.75,32.75,31.35,31.45,634054,20240498,378,-0.65
20200729,31.2,33.0,31.2,32.75,940892,30646877,514,+1.30
20200730,32.8,33.35,32.5,32.65,594228,19513085,281,-0.10
20200731,32.75,33.2,32.7,33.15,406102,13396914,207,+0.50
20200803,33.45,33.45,32.8,32.9,366300,12092504,201,-0.25
20200804,32.9,33.2,32.45,32.55,625870,20464262,295,-0.35
20200805,32.6,33.75,32.6,33.6,1149519,38255582,582,+1.05
20200806,33.7,34.4,32.75,33.1,1090016,36566325,693,-0.50
20200807,33.15,33.4,32.75,32.85,549201,18102641,293,-0.25
20200810,32.85,33.15,32.1,32.3,508075,16629869,285,-0.55
20200811,32.2,33.2,32.2,32.65,452425,14830411,237,+0.35
20200812,33.4,35.9,33.4,35.9,5018461,176058873,2843,+3.25
20200813,36.3,38.05,36.3,36.8,7547511,280292047,4300,+0.90
20200814,36.45,36.45,35.6,35.85,1761546,63319735,1156,-0.95
20200817,36.2,37.45,35.45,37.0,2784057,101942209,1740,+1.15
20200818,36.7,37.8,36.5,37.1,2448034,91027507,1487,+0.10
20200819,37.25,37.35,35.45,35.85,2271181,82926729,1351,-1.25
20200820,35.85,36.15,32.8,34.3,2166618,74813241,1324,-1.55
20200821,34.85,37.25,34.85,37.1,2749032,100145884,1660,+2.80
20200824,37.65,38.25,36.4,37.6,3370713,125575704,2030,+0.50
20200825,37.8,37.8,36.65,36.85,1273484,47216157,746,-0.75
20200826,37.1,37.6,36.9,36.9,859507,31945855,595,+0.05
20200827,36.8,37.45,36.1,36.15,1017920,37313970,625,-0.75
20200828,36.2,37.45,36.15,36.65,1116413,41092772,707,+0.50
20200831,37.15,38.7,36.75,38.35,3694279,140370235,2164,+1.70
20200901,38.2,38.35,37.3,37.95,1867363,70642776,1136,-0.40
20200902,38.15,38.2,36.5,36.55,2173511,80408244,1347,-1.40
20200903,36.7,37.25,36.55,37.0,947000,34945795,538,+0.45
20200904,36.0,37.3,35.8,37.0,1031310,37767103,572, 0.00
20200907,36.6,36.7,35.0,35.15,2385842,85058418,1386,-1.85
20200908,35.45,35.65,34.3,34.75,1160036,40319195,664,-0.40
20200909,34.4,34.6,34.0,34.6,998214,34209637,621,-0.15
20200910,35.0,35.3,34.3,34.35,794956,27470585,473,-0.25
20200911,34.4,34.6,33.5,33.65,1090802,36868430,646,-0.70
20200914,33.85,34.75,33.8,34.7,577729,19869807,389,+1.05
20200915,34.8,34.85,33.8,34.1,638637,21841818,421,-0.60
20200916,34.45,34.45,33.8,33.95,472512,16076178,321,-0.15
20200917,34.0,34.55,34.0,34.4,384323,13198761,290,+0.45
20200918,34.4,34.95,34.4,34.6,589979,20494973,353,+0.20
20200921,34.6,34.7,33.95,34.05,325318,11149562,197,-0.55
20200922,34.0,34.05,33.2,34.0,504927,17047980,258,-0.05
20200923,34.0,34.25,33.25,33.3,490505,16460785,358,-0.70
20200924,33.2,33.2,32.3,32.3,897293,29217739,601,-1.00
20200925,32.5,32.8,31.55,32.1,488978,15684090,341,-0.20
20200928,32.75,33.0,32.2,32.7,235176,7643723,179,+0.60
20200929,32.8,33.15,32.3,32.65,183576,5995431,130,-0.05
20200930,32.45,32.95,32.45,32.7,96552,3159798,87,+0.05
20201005,32.7,33.3,32.7,33.25,215339,7129919,165,+0.55
20201006,33.7,34.85,33.7,34.5,1178546,40500455,691,+1.25
20201007,34.3,34.7,34.1,34.4,241253,8305114,173,-0.10
20201008,34.7,34.75,34.15,34.4,295071,10140226,184, 0.00
20201012,34.45,34.7,34.15,34.2,251411,8623653,149,-0.20
20201013,34.2,34.3,33.6,34.15,247612,8416508,168,-0.05
20201014,33.85,34.85,33.85,34.65,467130,16171872,283,+0.50
20201015,34.5,34.75,34.2,34.7,242363,8367620,169,+0.05
20201016,34.65,34.9,34.1,34.2,286863,9889092,196,-0.50
20201019,34.25,34.65,34.05,34.55,202752,6977778,133,+0.35
20201020,34.55,35.25,34.5,34.5,351878,12235213,196,-0.05
20201021,34.55,34.95,34.4,34.9,298944,10371553,185,+0.40
20201022,34.9,34.9,34.1,34.6,225512,7766534,145,-0.30
20201023,34.6,34.8,34.35,34.45,161575,5578942,116,-0.15
20201026,34.55,34.55,33.9,34.1,308041,10491228,176,-0.35
20201027,33.85,34.0,33.5,33.9,133419,4512740,91,-0.20
20201028,33.9,35.5,33.6,34.8,1119909,38953327,689,+0.90
20201029,34.3,34.6,33.55,34.1,769766,26237806,456,-0.70
20201030,34.5,34.5,33.85,33.9,341706,11681315,214,-0.20
20201102,33.85,34.3,33.3,33.6,233608,7856223,170,-0.30
20201103,33.7,34.3,33.7,34.0,214650,7308869,155,+0.40
20201104,34.0,34.95,34.0,34.55,524284,18151499,373,+0.55
20201105,34.55,34.95,33.35,34.15,323348,11091952,239,-0.40
20201106,34.0,34.6,33.85,33.9,256092,8725220,182,-0.25
20201109,34.0,34.4,33.95,34.1,205951,7022147,138,+0.20
20201110,34.1,34.2,33.8,33.9,204402,6933738,146,-0.20
20201111,33.4,33.9,33.4,33.9,426926,14377089,315, 0.00
20201112,33.9,34.0,33.65,33.7,420867,14192688,145,-0.20
20201113,33.85,34.15,33.65,33.65,215259,7276611,163,-0.05
20201116,33.65,33.9,33.65,33.7,200349,6769483,142,+0.05
20201117,33.9,34.2,33.5,33.6,319222,10742623,226,-0.10
20201118,33.6,33.95,33.6,33.85,235195,7926911,172,+0.25
20201119,33.85,34.35,33.85,33.95,351884,11996564,242,+0.10
20201120,33.95,35.1,33.95,35.0,1123423,38910954,691,+1.05
20201123,35.15,36.75,35.15,36.45,2850052,102915098,1838,+1.45
20201124,36.1,36.55,35.8,36.3,1105648,39922899,733,-0.15
20201125,36.8,36.8,35.7,35.95,863752,31272287,596,-0.35
20201126,36.45,37.45,36.2,36.4,2022373,74270281,1287,+0.45
20201127,37.0,37.2,36.55,36.65,744772,27390668,480,+0.25
20201130,36.8,37.05,36.2,36.3,766698,28042850,492,-0.35
20201201,36.5,36.55,35.9,36.3,444155,16091423,289, 0.00
20201202,36.4,36.8,36.3,36.35,458676,16731754,329,+0.05
20201203,36.4,37.1,36.35,36.65,804773,29625117,546,+0.30
20201204,36.75,36.75,36.15,36.3,513711,18725127,330,-0.35
20201207,36.35,36.5,35.45,35.8,706890,25330966,454,-0.50
20201208,36.25,37.2,36.1,36.95,1147296,42316852,689,+1.15
20201209,37.3,37.45,36.6,36.6,637563,23535817,406,-0.35
20201210,37.0,37.0,35.8,36.0,510353,18461648,371,-0.60
20201211,36.2,37.9,36.2,36.45,2681144,99177851,1546,+0.45
20201214,36.7,39.5,36.7,39.45,5231581,200178466,3244,+3.00
20201215,39.95,39.95,37.5,37.5,5199537,200557938,3249,-1.95
20201216,37.95,38.5,37.5,37.6,1160771,43977373,789,+0.10
20201217,37.6,37.75,37.0,37.3,723642,26980448,493,-0.30
20201218,37.4,38.15,36.9,36.9,687914,25863194,471,-0.40
20201221,37.3,37.3,36.0,36.25,1242656,45137998,782,-0.65
20201222,36.25,36.9,35.5,35.7,1014101,36571094,602,-0.55
20201223,35.7,36.2,35.4,36.1,533028,19117609,289,+0.40
20201224,36.1,36.85,36.1,36.5,597741,21850164,358,+0.40
20201225,36.5,37.3,36.5,37.3,952361,35253552,619,+0.80
20201228,37.35,37.65,37.3,37.3,767104,28743738,500, 0.00
20201229,37.35,37.5,36.6,36.65,674595,24907006,476,-0.65
20201230,36.6,36.85,36.45,36.65,430806,15759228,287, 0.00
20201231,36.65,36.85,36.4,36.4,490551,17929559,313,-0.25
20210104,36.4,36.95,36.0,36.9,555375,20294798,386,+0.50
20210105,37.1,37.35,36.7,36.95,490964,18171446,337,+0.05
20210106,37.35,37.45,35.95,36.2,897598,32797050,536,-0.75
20210107,36.5,37.2,36.5,37.0,731002,26948039,482,+0.80
20210108,37.25,38.2,37.15,37.2,2052314,77200668,1114,+0.20
20210111,37.2,38.3,37.2,38.15,1290253,48771736,765,+0.95
20210112,38.65,39.3,37.85,38.0,2764923,106498189,1756,-0.15
20210113,38.0,38.95,38.0,38.5,1203555,46325163,816,+0.50
20210114,38.55,39.1,38.1,38.4,1009076,38880664,664,-0.10
20210115,38.45,39.45,37.65,39.15,2803507,108608605,1773,+0.75
20210118,39.15,39.2,37.2,38.6,1843889,70605017,1203,-0.55
20210119,38.9,39.2,38.3,38.65,1039165,40270899,651,+0.05
20210120,38.75,38.85,36.9,37.1,1409775,53013925,963,-1.55
20210121,37.3,37.95,36.9,37.1,584514,21833769,369, 0.00
20210122,37.1,37.8,36.9,37.3,393792,14665574,284,+0.20
20210125,37.4,37.4,36.0,37.0,677766,24813883,498,-0.30
20210126,37.1,37.25,36.2,36.75,531477,19450888,341,-0.25
20210127,36.75,36.95,36.2,36.55,660700,24146336,354,-0.20
20210128,36.05,36.6,35.85,36.3,335829,12151810,236,-0.25
20210129,36.3,37.25,36.2,36.5,1117869,41149896,814,+0.20
20210201,36.2,36.25,34.45,35.5,1630327,57308976,1051,-1.00
20210202,35.5,36.3,35.5,36.1,478181,17208183,334,+0.60
20210203,36.2,36.85,35.95,35.95,656703,23754516,327,-0.15
20210204,35.9,36.4,35.75,36.15,400726,14524997,217,+0.20
20210205,36.2,36.4,36.0,36.1,355545,12865776,238,-0.05
20210217,36.2,37.1,36.2,37.0,648872,23916420,463,+0.90
20210218,37.0,37.6,36.95,37.4,508931,18975917,360,+0.40
20210219,37.1,37.8,37.1,37.5,505564,18959681,332,+0.10
20210222,37.9,38.5,37.3,37.8,914127,34690742,467,+0.30
20210223,38.25,40.0,37.55,39.05,2304074,89632659,1293,+1.25
20210224,39.0,39.2,38.0,38.1,1303490,50185190,762,-0.95
20210225,38.4,38.95,38.4,38.55,810107,31362213,468,+0.45
20210226,38.2,39.6,38.05,39.1,1829478,71494677,1192,+0.55
20210302,39.7,40.15,38.6,38.75,1142324,44898287,770,-0.35
20210303,38.9,39.8,38.3,39.35,937246,36744617,615,+0.60
20210304,39.35,39.65,38.6,38.65,744093,29021796,509,-0.70
20210305,38.5,39.2,38.25,38.8,489669,18985494,384,+0.15
20210308,39.2,39.9,39.0,39.25,1012650,39904439,715,+0.45
20210309,39.75,39.75,38.75,39.0,756899,29637108,478,-0.25
20210310,38.9,39.35,38.8,39.1,341661,13327349,240,+0.10
20210311,39.3,40.9,39.2,39.9,2570548,103314809,1692,+0.80
20210312,39.85,42.0,39.8,40.8,3302221,135465260,2024,+0.90
20210315,41.05,42.3,40.6,41.1,1518839,62757678,1093,+0.30
20210316,41.1,41.4,40.5,40.65,1199175,48912409,751,-0.45
20210317,41.05,42.8,40.65,41.45,2617828,109779074,1566,+0.80
20210318,41.7,42.25,41.45,41.8,1494132,62484821,988,+0.35
20210319,41.6,43.15,41.45,42.85,2091021,88662988,1372,+1.05
20210322,43.1,44.2,42.75,43.85,2302724,100196477,1469,+1.00
20210323,44.0,44.05,42.0,42.25,2474562,106007323,1522,-1.60
20210324,42.25,43.9,42.2,43.75,1843603,79917498,1150,+1.50
20210325,43.8,44.45,43.15,43.8,1943417,84879832,1006,+0.05
20210326,44.0,44.35,43.4,43.4,1372268,60223841,792,-0.40
20210329,44.15,44.15,43.05,43.15,769422,33399744,589,-0.25
20210330,44.0,44.15,43.1,43.7,966875,42257666,621,+0.55
20210331,44.05,44.2,43.2,43.25,739992,32245704,566,-0.45
20210401,43.3,43.6,42.1,42.4,1197343,51128786,818,-0.85
20210406,42.4,43.4,42.35,43.15,911302,39142307,610,+0.75
20210407,43.35,43.4,42.8,42.85,666645,28667016,433,-0.30
20210408,42.85,43.95,42.75,43.95,875449,38086746,643,+1.10
20210409,44.1,44.25,43.1,43.4,949565,41407269,640,-0.55
20210412,43.4,44.05,43.3,43.75,699982,30552415,532,+0.35
20210413,43.95,44.5,42.0,42.15,1743527,75541122,1069,-1.60
20210414,42.2,42.7,40.0,41.6,1507191,62162221,1042,-0.55
20210415,41.95,42.1,41.4,41.75,450953,18857131,362,+0.15
20210416,42.0,42.35,41.85,42.25,453194,19092776,344,+0.50
20210419,42.65,42.65,42.0,42.25,629960,26605412,375, 0.00
20210420,42.2,42.4,41.8,42.1,500094,21071044,373,-0.15
20210421,42.1,42.1,41.7,42.0,450580,18885344,330,-0.10
20210422,42.3,42.4,40.45,40.65,1680058,69454101,964,-1.35
20210423,40.65,41.8,40.5,41.45,472322,19472974,362,+0.80
20210426,41.7,42.0,41.6,41.8,463622,19385359,334,+0.35
20210427,41.8,42.0,41.35,41.8,570878,23789404,406, 0.00
20210428,41.65,41.75,41.0,41.4,662749,27460762,485,-0.40
20210429,41.35,41.85,40.9,41.2,632686,26137671,471,-0.20
20210503,41.2,41.2,39.35,39.6,1358344,54436163,847,-1.60
20210504,39.6,39.95,37.0,38.35,1564126,59640613,842,-1.25
20210505,38.15,39.1,38.15,38.6,510182,19797192,313,+0.25
20210506,38.7,39.2,37.6,38.35,482084,18546104,349,-0.25
20210507,38.9,39.15,38.7,39.1,323267,12578593,261,+0.75
20210510,39.2,39.4,38.9,39.1,468830,18345032,327, 0.00
20210511,38.85,38.85,37.2,37.7,939267,35600389,581,-1.40
20210512,37.2,37.7,34.6,35.95,1427780,51576989,809,-1.75
20210513,35.0,36.7,34.3,36.35,786933,28228686,483,+0.40
20210514,36.5,37.1,35.9,36.0,532947,19400127,384,-0.35
20210517,33.55,35.45,33.55,34.25,1252874,42833921,569,-1.75
20210518,35.4,36.1,34.85,35.85,545344,19457231,339,+1.60
20210519,37.45,37.45,35.8,36.5,516993,18821650,310,+0.65
20210520,36.1,36.7,36.05,36.25,230156,8342823,186,-0.25
20210521,36.5,36.8,36.25,36.4,295969,10806987,182,+0.15
20210524,36.2,37.1,36.2,36.95,266248,9798673,198,+0.55
20210525,37.15,37.6,37.15,37.55,330386,12353948,255,+0.60
20210526,37.5,37.8,37.2,37.8,193495,7282161,181,+0.25
20210527,37.8,37.9,37.35,37.75,154826,5835449,137,-0.05
20210528,37.95,38.45,37.95,38.15,268320,10264146,210,+0.40
20210531,37.95,38.2,37.8,37.95,454533,17257216,243,-0.20
20210601,37.95,38.2,37.9,38.15,283006,10774624,179,+0.20
20210602,38.15,38.25,37.8,37.95,267102,10150273,215,-0.20
20210603,37.9,38.35,37.9,38.35,245609,9376601,177,+0.40
20210604,38.3,38.4,37.9,38.05,193050,7359410,135,-0.30
20210607,37.8,37.85,37.1,37.85,279520,10494132,225,-0.20
20210608,37.85,37.95,37.6,37.65,135785,5120537,111,-0.20
20210609,37.8,37.9,37.45,37.5,189606,7127697,130,-0.15
20210610,37.65,37.65,37.25,37.35,270801,10130070,163,-0.15
20210611,37.5,37.5,37.2,37.4,221540,8277919,162,+0.05
20210615,37.85,39.8,37.85,39.45,1088867,42592989,776,+2.05
20210616,39.5,39.8,39.0,39.25,443390,17436842,328,-0.20
20210617,39.25,39.65,39.0,39.5,431888,17030118,273,+0.25
20210618,39.75,39.8,39.5,39.75,285288,11306990,211,+0.25
20210621,39.75,40.35,39.7,40.05,713663,28559930,436,+0.30
20210622,40.1,40.75,40.1,40.6,802877,32515499,476,+0.55
20210623,41.0,41.0,40.1,40.45,611431,24751880,398,-0.15
20210624,40.45,40.6,40.2,40.4,461995,18656475,313,-0.05
20210625,40.55,40.8,40.4,40.7,1082925,44010341,569,+0.30
20210628,40.85,41.2,40.8,41.0,2676754,109775353,1469,+0.30
20210629,38.2,38.25,37.0,37.2,1709620,63946657,1123,X0.00
20210630,37.25,37.35,37.1,37.2,409091,15214756,289, 0.00
20210701,37.2,37.3,36.55,36.55,616546,22814013,425,-0.65
20210702,36.55,37.0,36.55,36.7,252065,9271685,198,+0.15
20210705,36.75,37.0,36.6,36.95,353772,13017638,282,+0.25
20210706,37.0,37.15,36.85,36.85,188781,6968773,148,-0.10
20210707,36.85,37.15,36.85,37.0,233785,8643796,205,+0.15
20210708,37.1,37.2,37.05,37.05,219622,8152985,176,+0.05
20210709,37.0,37.0,36.7,36.85,213281,7856750,165,-0.20
20210712,37.15,37.2,36.85,37.1,215730,7987313,187,+0.25
20210713,37.1,37.8,37.0,37.0,456767,17080725,339,-0.10
20210714,37.1,37.3,36.75,36.8,248054,9159343,198,-0.20
20210715,36.8,37.1,36.55,36.65,330821,12130921,266,-0.15
20210716,36.55,37.1,36.55,37.0,198327,7310822,173,+0.35
20210719,37.3,37.3,36.8,36.9,179544,6633044,176,-0.10
20210720,37.15,37.15,36.6,36.65,175466,6446512,142,-0.25
20210721,36.7,36.7,36.1,36.1,381291,13905754,243,-0.55
20210722,36.15,36.5,36.1,36.15,217965,7900104,144,+0.05
20210723,36.2,36.7,36.2,36.35,121325,4427311,111,+0.20
20210726,36.4,37.25,36.4,37.1,209559,7732119,169,+0.75
20210727,37.1,37.45,36.55,36.55,239990,8873409,213,-0.55
20210728,36.6,36.75,36.05,36.3,289143,10476860,190,-0.25
20210729,36.4,36.8,36.4,36.8,118764,4350109,90,+0.50
20210730,36.7,36.8,36.45,36.45,132758,4855233,114,-0.35
20210802,37.05,37.05,36.65,36.9,68441,2515719,57,+0.45
20210803,36.75,36.85,36.4,36.8,116543,4269763,87,-0.10
20210804,36.8,36.8,36.6,36.7,83529,3064536,81,-0.10
20210805,36.7,37.0,36.6,36.95,98654,3624226,86,+0.25
20210806,36.85,36.85,36.5,36.5,173046,6339164,131,-0.45
20210809,36.5,36.65,36.3,36.45,124595,4548775,101,-0.05
20210810,36.45,36.45,36.2,36.3,110413,4008094,97,-0.15
20210811,36.2,36.45,35.6,35.9,284363,10288289,166,-0.40
20210812,35.9,36.2,35.9,36.0,118902,4285361,79,+0.10
20210813,35.8,35.95,35.55,35.55,276810,9870151,127,-0.45
20210816,35.55,35.55,34.55,34.6,413949,14405991,246,-0.95
20210817,34.6,34.8,34.6,34.65,125261,4344447,97,+0.05
20210818,34.65,34.8,34.05,34.55,227274,7816272,175,-0.10
20210819,34.55,35.0,34.35,34.45,240004,8287639,133,-0.10
20210820,34.45,34.5,34.0,34.4,178885,6129323,135,-0.05
20210823,34.6,34.9,34.6,34.9,61721,2142661,62,+0.50
20210824,34.9,34.9,34.65,34.8,100417,3492058,82,-0.10
20210825,34.95,35.3,34.9,35.2,84230,2958574,79,+0.40
20210826,35.5,35.5,35.05,35.15,55918,1969642,54,-0.05
20210827,35.15,35.4,35.0,35.25,49400,1738323,49,+0.10
20210830,35.3,35.9,35.3,35.5,58692,2080609,50,+0.25
20210831,35.65,35.65,35.05,35.1,53605,1890600,54,-0.40
20210901,35.5,35.6,35.15,35.45,69390,2463364,65,+0.35
20210902,35.6,35.95,35.6,35.65,83539,2989037,89,+0.20
20210903,35.8,36.1,35.6,36.0,111543,4006032,107,+0.35
20210906,36.0,36.0,35.2,35.5,97573,3467376,71,-0.50
20210907,35.5,35.5,35.05,35.4,93657,3293055,76,-0.10
20210908,35.8,36.0,34.8,34.9,244748,8594447,162,-0.50
20210909,35.0,35.25,34.75,35.0,103458,3626124,60,+0.10
20210910,35.1,35.5,34.95,35.2,72829,2558823,79,+0.20
20210913,35.85,35.85,35.3,35.65,75109,2670024,48,+0.45
20210914,35.65,35.7,35.35,35.6,104684,3724518,58,-0.05
20210915,35.45,35.7,35.45,35.5,71074,2527146,55,-0.10
20210916,35.4,35.6,35.35,35.45,86888,3079101,53,-0.05
20210917,35.35,35.55,35.15,35.55,103419,3651406,86,+0.10
20210922,35.0,35.2,34.85,35.0,112481,3937904,105,-0.55
20210923,35.3,35.3,34.8,34.9,73776,2579525,63,-0.10
20210924,34.95,35.0,34.9,34.9,68324,2387843,62, 0.00
20210927,35.0,35.1,35.0,35.0,58406,2046041,57,+0.10
20210928,35.05,35.05,34.8,34.8,115240,4017913,112,-0.20
20210929,34.8,34.8,34.05,34.4,198464,6794550,176,-0.40
20210930,34.15,34.4,33.9,34.2,317064,10772517,242,-0.20
20211001,34.2,34.2,33.75,33.85,188109,6362681,158,-0.35
20211004,33.85,33.85,33.05,33.3,182939,6097786,160,-0.55
20211005,33.05,33.55,32.5,33.2,186503,6171108,152,-0.10
20211006,33.2,33.5,33.05,33.2,85130,2827639,93, 0.00
20211007,33.4,33.75,33.4,33.6,87651,2945991,79,+0.40
20211008,33.6,34.35,33.6,33.85,102511,3479556,91,+0.25
20211012,33.85,33.85,33.1,33.25,97485,3257964,82,-0.60
20211013,33.25,33.5,33.25,33.3,110195,3672179,87,+0.05
20211014,33.5,33.95,33.45,33.6,65697,2212705,48,+0.30
20211015,33.9,34.1,33.9,34.05,47027,1599147,58,+0.45
20211018,34.0,34.2,34.0,34.15,54890,1872511,62,+0.10
20211019,34.0,34.45,34.0,34.25,105279,3596117,80,+0.10
20211020,34.3,34.35,34.2,34.35,48340,1657796,52,+0.10
20211021,34.5,34.8,34.35,34.4,93092,3211279,85,+0.05
20211022,34.0,34.65,34.0,34.6,87073,3004400,83,+0.20
20211025,34.5,34.95,34.45,34.95,73592,2559806,70,+0.35
20211026,35.0,35.5,34.75,35.15,134201,4721774,112,+0.20
20211027,35.1,35.2,35.1,35.1,54787,1924533,61,-0.05
20211028,35.3,35.6,35.0,35.05,168075,5924134,119,-0.05
20211029,35.0,35.3,34.85,35.25,95905,3363030,81,+0.20
20211101,35.4,36.0,35.4,36.0,211719,7565454,167,+0.75
20211102,36.15,36.55,35.55,35.6,206182,7439519,172,-0.40
20211103,35.7,35.7,35.35,35.6,101453,3600983,94, 0.00
20211104,35.6,36.3,35.6,36.0,154309,5534602,102,+0.40
20211105,36.0,36.5,35.9,36.5,233255,8458742,170,+0.50
20211108,36.35,36.45,35.85,36.25,174176,6311331,127,-0.25
20211109,36.6,36.6,36.2,36.3,101023,3672441,93,+0.05
20211110,36.25,36.45,36.15,36.35,90934,3299557,81,+0.05
20211111,36.4,36.5,36.3,36.35,121480,4424364,92, 0.00
20211112,36.5,36.5,36.25,36.25,79430,2885936,72,-0.10
20211115,36.35,36.8,36.35,36.4,283046,10344611,170,+0.15
20211116,36.4,36.95,36.3,36.95,148222,5449671,147,+0.55
20211117,37.05,37.75,37.0,37.55,392319,14676537,308,+0.60
20211118,37.6,37.75,37.1,37.4,170403,6372455,145,-0.15
20211119,37.4,37.6,37.2,37.25,98262,3675567,91,-0.15
20211122,37.35,37.4,37.2,37.3,111948,4176168,84,+0.05
20211123,37.6,37.6,37.2,37.25,158329,5914254,132,-0.05
20211124,37.1,37.55,36.6,37.55,209087,7772870,139,+0.30
20211125,37.65,37.65,37.35,37.5,164067,6150772,115,-0.05
20211126,37.5,37.5,37.0,37.1,178548,6634186,116,-0.40
20211129,36.35,36.95,36.3,36.55,213655,7814807,163,-0.55
20211130,36.65,37.6,36.65,37.35,221537,8278239,187,+0.80
20211201,37.35,37.75,37.3,37.75,280283,10520466,211,+0.40
20211202,37.9,37.9,37.25,37.25,240822,9052756,169,-0.50
20211203,37.1,37.75,37.1,37.55,97758,3665639,92,+0.30
20211206,37.55,37.7,37.35,37.7,118219,4434441,106,+0.15
20211207,37.65,37.8,37.6,37.7,137808,5196693,128, 0.00
20211208,37.9,37.9,37.55,37.9,194297,7339115,152,+0.20
20211209,37.9,38.75,37.9,38.15,528119,20293924,418,+0.25
20211210,38.3,38.3,37.8,38.0,173629,6614864,182,-0.15
20211213,38.05,38.5,37.9,38.35,204066,7793306,178,+0.35
20211214,38.45,38.5,38.05,38.05,285697,10912791,174,-0.30
20211215,38.05,38.3,38.05,38.1,193591,7383309,135,+0.05
20211216,38.35,38.55,38.1,38.2,323534,12416929,292,+0.10
20211217,38.3,38.75,38.3,38.6,573326,22093178,340,+0.40
20211220,38.75,39.9,38.5,38.65,893006,34893466,555,+0.05
20211221,38.65,39.0,38.5,38.8,259951,10077301,176,+0.15
20211222,38.9,39.05,38.65,38.75,219946,8549877,149,-0.05
20211223,39.1,39.6,39.0,39.15,419639,16482008,324,+0.40
20211224,39.15,39.5,39.05,39.2,300153,11790339,202,+0.05
20211227,39.2,39.45,39.1,39.4,371350,14599389,213,+0.20
20211228,39.45,42.95,39.45,41.3,5225487,217626935,3238,+1.90
20211229,41.8,42.8,41.5,42.0,2707760,114079323,2157,+0.70
20211230,42.25,42.25,41.0,41.35,963138,39819260,726,-0.65
20220103,41.35,42.15,40.0,41.45,953186,39280392,832,+0.10
20220104,41.8,41.85,41.3,41.3,488070,20220181,1539,-0.15
20220105,41.3,42.05,41.15,41.4,600173,24946151,354,+0.10
20220106,41.1,42.15,40.95,41.9,1033570,43323681,715,+0.50
20220107,42.3,42.3,41.1,41.45,762514,31657805,512,-0.45
20220110,41.35,42.8,41.2,42.3,1726470,72928768,1155,+0.85
20220111,42.2,43.45,40.15,40.3,3395854,143233233,2591,-2.00
20220112,40.9,40.95,39.3,39.7,1086509,43462214,882,-0.60
20220113,39.95,40.1,39.2,39.35,555945,21984868,448,-0.35
20220114,39.2,39.75,38.2,39.75,729815,28409867,540,+0.40
20220117,39.7,40.2,39.55,40.0,242343,9665709,197,+0.25
20220118,40.0,40.7,40.0,40.2,354373,14318860,282,+0.20
20220119,40.0,41.45,39.7,41.0,744208,30364781,482,+0.80
20220120,41.4,41.45,40.7,41.25,531559,21860590,353,+0.25
20220121,40.8,41.4,40.7,40.75,423036,17348339,286,-0.50
20220124,40.7,40.75,39.65,40.6,404065,16246673,314,-0.15
20220125,40.35,40.6,39.4,39.75,451261,18069472,634,-0.85
20220126,39.75,40.4,39.5,40.0,252172,10076131,219,+0.25
20220207,40.75,41.5,40.15,41.5,619774,25253303,417,+1.50
20220208,41.8,42.3,41.2,42.15,613620,25766666,633,+0.65
20220209,41.85,42.45,41.85,42.15,426094,17955213,407, 0.00
20220210,42.25,42.45,41.55,42.0,349459,14673251,359,-0.15
20220211,41.95,44.05,41.6,43.1,1860271,80264260,1441,+1.10
20220214,42.35,43.1,42.35,42.9,581929,24852142,885,-0.20
20220215,42.5,44.35,42.5,43.55,1716867,75228472,1519,+0.65
20220216,44.45,44.8,43.3,44.6,2032641,89591439,1471,+1.05
20220217,45.65,49.05,45.25,49.05,5409114,259443650,2666,+4.45
20220218,50.0,51.5,46.8,49.1,25564701,1252057040,14584,+0.05
20220221,49.1,51.2,48.0,48.5,8244686,408587498,5224,-0.60
20220222,48.0,48.15,45.7,46.8,3126473,147112659,2224,-1.70
20220223,47.5,48.1,46.9,47.1,1599076,75714665,1228,+0.30
20220224,46.4,47.2,44.25,44.55,2257110,102655985,1771,-2.55
20220225,45.5,47.4,45.5,46.3,3361408,156712978,2050,+1.75
20220301,46.1,46.45,45.25,45.7,1368343,62497810,921,-0.60
20220302,45.7,45.8,44.5,44.7,1133719,50852463,785,-1.00
20220303,45.25,46.25,44.8,45.0,1314158,59930431,861,+0.30
20220304,45.55,45.55,44.05,44.1,1142957,51085773,747,-0.90
20220307,43.35,43.35,41.7,42.3,1579744,66929486,847,-1.80
20220308,41.8,43.25,41.7,42.0,1018231,43001277,746,-0.30
20220309,42.5,43.8,42.25,42.3,1112411,47688565,716,+0.30
20220310,43.25,43.5,42.8,43.35,597405,25797054,426,+1.05
20220311,44.05,44.05,42.5,42.65,467672,20083050,371,-0.70
20220314,42.75,43.15,41.6,42.55,889581,37453553,614,-0.10
20220315,42.55,42.75,41.6,41.8,662019,27817078,447,-0.75
20220316,42.05,42.3,40.9,41.8,679240,28287668,442, 0.00
20220317,42.3,43.1,42.2,43.05,571144,24397956,398,+1.25
20220318,42.95,42.95,42.3,42.8,318996,13580061,231,-0.25
20220321,43.4,43.6,42.6,42.9,386103,16602337,388,+0.10
20220322,42.7,42.9,42.3,42.75,322414,13740816,369,-0.15
20220323,42.9,43.75,42.9,43.65,736548,32009152,571,+0.90
20220324,43.75,43.95,43.3,43.85,571441,24922367,466,+0.20
20220325,44.15,44.35,43.35,43.4,600100,26236405,431,-0.45
20220328,43.35,44.2,42.75,43.9,725408,31676924,485,+0.50
20220329,44.15,44.75,43.75,43.8,1037245,45930884,631,-0.10
20220330,44.3,44.3,43.45,43.5,569717,24942193,354,-0.30
20220331,44.0,44.0,42.8,43.05,475982,20513670,341,-0.45
20220401,42.8,43.1,42.2,42.7,521006,22176622,366,-0.35
20220406,42.65,42.65,42.25,42.35,319942,13541983,716,-0.35
20220407,42.5,42.55,41.15,41.15,606775,25359683,648,-1.20
20220408,41.4,41.8,41.35,41.75,290880,12081529,356,+0.60
20220411,41.7,41.8,39.7,39.95,1228540,49381695,1075,-1.80
20220412,39.4,40.35,39.4,40.0,430032,17178316,546,+0.05
20220413,40.7,40.7,40.1,40.45,280215,11302808,627,+0.45
20220414,40.7,40.7,39.85,40.0,310211,12442483,294,-0.45
20220415,39.75,39.9,39.1,39.3,448916,17672051,348,-0.70
20220418,39.3,39.95,38.0,39.85,532760,20774679,360,+0.55
20220419,39.85,40.35,39.85,40.3,226814,9103518,197,+0.45
20220420,40.3,40.55,40.1,40.25,204986,8256650,206,-0.05
20220421,40.5,40.8,40.25,40.75,256738,10413061,225,+0.50
20220422,40.5,40.75,40.4,40.55,131882,5347057,127,-0.20
20220425,40.0,40.0,38.85,39.0,490630,19197017,357,-1.55
20220426,39.3,39.6,39.2,39.4,131520,5190436,121,+0.40
20220427,39.0,39.15,38.2,38.75,344423,13303071,247,-0.65
20220428,39.0,39.15,38.65,39.0,166652,6500342,111,+0.25
20220429,39.5,39.65,39.05,39.05,114174,4490959,91,+0.05
20220503,39.0,39.1,38.7,39.05,160201,6222598,127, 0.00
20220504,39.65,39.8,39.15,39.65,153210,6043339,135,+0.60
20220505,39.6,39.85,39.2,39.3,422911,16695177,277,-0.35
20220506,39.0,39.05,38.5,39.05,181767,7064298,139,-0.25
20220509,38.9,39.0,37.8,38.05,464502,17733491,342,-1.00
20220510,37.8,38.2,37.05,38.15,221109,8337899,183,+0.10
20220511,38.1,38.1,37.6,37.6,145970,5507675,135,-0.55
20220512,38.45,38.45,36.6,36.6,272426,10117769,238,-1.00
20220513,37.0,37.5,36.65,37.2,190810,7063742,143,+0.60
20220516,37.5,37.7,36.5,37.0,201973,7492922,219,-0.20
20220517,37.3,37.75,37.25,37.5,219189,8207482,230,+0.50
20220518,37.6,38.85,37.6,38.55,430531,16511303,368,+1.05
20220519,37.7,37.7,36.7,37.35,444944,16487867,430,-1.20
20220520,37.5,37.85,37.35,37.35,294442,11054437,202, 0.00
20220523,37.5,37.8,37.3,37.6,81100,3043867,79,+0.25
20220524,37.65,37.8,37.3,37.3,173328,6503584,120,-0.30
20220525,37.4,38.6,37.4,38.35,363659,13867235,276,+1.05
20220526,38.55,38.65,38.05,38.05,198240,7582713,156,-0.30
20220527,38.5,38.5,38.1,38.35,85129,3261402,69,+0.30
20220530,39.3,39.85,39.1,39.45,536618,21175890,389,+1.10
20220531,39.6,39.8,39.1,39.8,308139,12196561,238,+0.35
20220601,39.8,40.3,39.5,40.0,466894,18652711,323,+0.20
20220602,40.0,40.35,39.8,40.0,154371,6182199,150, 0.00
20220606,40.5,40.5,39.8,40.0,143128,5723759,125, 0.00
20220607,39.9,40.05,39.55,39.75,120832,4804906,124,-0.25
20220608,41.35,42.3,40.25,40.3,1161850,47822161,1086,+0.55
20220609,40.3,40.65,40.0,40.4,210698,8510018,176,+0.10
20220610,40.05,40.4,39.75,40.2,224647,9014892,182,-0.20
20220613,39.75,39.8,39.45,39.65,260887,10342728,181,-0.55
20220614,39.6,39.6,39.05,39.3,180517,7088032,365,-0.35
20220615,39.6,39.75,39.2,39.5,93119,3674871,135,+0.20
20220616,39.7,39.8,38.5,38.55,249139,9773954,169,-0.95
20220617,38.15,38.9,38.15,38.65,144615,5571405,156,+0.10
20220620,38.55,38.75,37.15,37.4,246237,9277457,212,-1.25
20220621,37.55,38.35,37.55,38.35,125053,4738118,112,+0.95
20220622,38.05,38.25,37.2,37.85,161186,6053509,135,-0.50
20220623,37.35,38.1,36.75,37.35,256903,9571316,308,-0.50
20220624,37.3,38.2,37.0,37.4,208875,7860299,186,+0.05
20220627,37.95,37.95,37.35,37.65,300339,11282528,211,+0.25
20220628,37.7,37.85,37.15,37.65,88604,3322425,86, 0.00
20220629,37.45,37.9,37.15,37.65,90410,3380137,92, 0.00
20220630,37.55,37.55,36.5,36.85,324855,11965188,270,-0.80
20220701,36.7,36.8,35.0,35.4,380554,13654859,311,-1.45
20220704,36.0,36.35,35.2,35.6,229348,8165759,168,+0.20
20220705,36.3,37.4,35.75,37.4,286277,10519810,186,+1.80
20220706,37.1,37.1,36.0,36.0,284085,10342196,256,-1.40
20220707,36.5,36.85,35.7,36.35,171110,6200075,151,+0.35
20220708,36.55,37.3,36.55,36.85,148009,5479257,117,+0.50
20220711,37.7,37.7,36.65,36.9,88881,3294603,94,+0.05
20220712,36.65,36.65,35.6,35.9,261460,9420100,195,-1.00
20220713,36.3,36.75,36.05,36.2,224282,8129573,179,+0.30
20220714,36.2,36.55,35.85,36.25,996830,36122610,462,+0.05
20220715,33.4,33.4,32.35,33.1,846665,27850696,501,X0.00
20220718,33.25,35.45,33.05,35.0,445445,15413477,389,+1.90
20220719,35.35,35.35,34.15,34.4,136835,4727130,144,-0.60
20220720,34.5,34.8,33.8,33.8,207109,7114545,182,-0.60
20220721,33.8,34.2,33.8,34.1,70210,2389024,78,+0.30
20220722,34.3,34.4,34.1,34.3,53645,1834298,67,+0.20
20220725,34.2,34.75,34.0,34.55,83307,2869956,95,+0.25
20220726,34.6,35.15,34.3,34.8,141689,4910800,130,+0.25
20220727,34.5,35.25,34.5,35.2,134323,4701197,103,+0.40
20220728,35.45,35.5,35.05,35.35,109295,3857348,144,+0.15
20220729,35.35,36.1,35.35,36.0,254157,9106732,204,+0.65
20220801,36.2,36.85,35.8,36.4,173121,6308584,185,+0.40
20220802,36.0,36.2,35.75,36.2,96506,3472940,129,-0.20
20220803,36.4,36.4,35.1,35.7,323439,11498063,192,-0.50
20220804,35.9,36.15,35.45,36.15,138863,4962620,100,+0.45
20220805,37.3,37.7,36.7,36.85,254392,9404987,188,+0.70
20220808,37.15,38.15,36.85,37.8,485406,18250850,307,+0.95
20220809,37.8,37.8,37.4,37.5,165912,6237896,135,-0.30
20220810,37.45,38.3,37.4,38.0,216234,8215099,168,+0.50
20220811,38.6,38.6,37.85,37.95,270132,10312684,208,-0.05
20220812,37.9,38.45,37.5,38.45,282187,10717929,266,+0.50
20220815,38.55,38.6,38.15,38.3,204285,7823302,141,-0.15
20220816,38.3,38.3,37.75,37.85,172002,6534914,144,-0.45
20220817,37.85,38.1,37.45,37.45,286469,10786101,207,-0.40
20220818,37.45,38.4,37.45,38.35,227573,8657403,176,+0.90
20220819,38.35,38.35,38.1,38.15,190078,7275459,130,-0.20
20220822,38.15,38.25,38.0,38.2,93854,3582200,104,+0.05
20220823,38.1,38.2,37.95,38.1,134923,5137444,107,-0.10
20220824,38.2,38.25,38.0,38.1,102234,3894063,67, 0.00
20220825,38.1,39.0,38.1,39.0,332455,12841932,262,+0.90
20220826,39.2,39.65,38.7,38.8,240262,9426045,207,-0.20
20220829,38.5,38.5,37.85,38.1,88957,3388570,123,-0.70
20220830,37.95,39.7,37.95,39.25,365014,14313643,235,+1.15
20220831,39.25,39.45,39.15,39.4,129358,5081121,113,+0.15
20220901,39.1,39.1,38.55,38.85,194929,7553921,252,-0.55
20220902,38.9,39.3,38.9,39.0,232505,9075528,142,+0.15
20220905,39.05,39.65,38.65,39.15,175999,6892514,148,+0.15
20220906,40.1,40.75,39.15,39.2,519729,20629142,513,+0.05
20220907,39.0,39.0,37.75,38.05,356674,13679932,326,-1.15
20220908,38.4,38.75,38.2,38.75,103838,3994412,95,+0.70
20220912,39.15,40.3,38.75,40.15,293428,11585299,215,+1.40
20220913,40.95,40.95,39.55,39.55,896792,36167014,752,-0.60
20220914,38.5,39.3,38.5,39.05,236889,9229111,235,-0.50
20220915,39.15,41.0,39.15,40.7,964908,39131920,713,+1.65
20220916,40.85,41.0,40.2,40.35,372490,15125850,362,-0.35
20220919,40.5,40.55,38.5,39.4,492089,19344958,474,-0.95
20220920,39.8,40.05,39.4,39.6,123557,4898646,131,+0.20
20220921,39.6,39.75,39.1,39.15,175584,6918771,160,-0.45
20220922,39.0,39.25,38.55,39.2,218147,8482147,163,+0.05
20220923,39.6,39.75,38.45,39.1,152846,5943375,131,-0.10
20220926,38.6,38.65,37.3,37.3,424295,16116448,331,-1.80
20220927,37.2,37.75,37.05,37.75,279714,10476978,169,+0.45
20220928,37.8,37.8,36.3,36.5,371255,13638886,262,-1.25
20220929,37.0,37.65,36.75,37.2,186553,6943209,131,+0.70
20220930,36.85,37.75,36.35,37.7,102394,3797978,113,+0.50
20221003,37.45,37.7,37.1,37.25,92935,3469634,167,-0.45
20221004,37.55,38.75,37.55,38.7,257827,9894267,170,+1.45
20221005,39.0,39.7,38.75,39.3,230432,9033298,189,+0.60
20221006,39.3,39.6,38.9,39.4,105071,4112593,76,+0.10
20221007,38.75,39.35,38.75,38.8,164082,6395484,114,-0.60
20221011,38.2,38.2,37.25,37.6,197584,7427538,173,-1.20
20221012,37.6,37.7,37.3,37.55,83464,3124700,142,-0.05
20221013,37.5,37.5,35.5,35.65,396739,14328735,318,-1.90
20221014,36.5,37.35,36.5,36.6,146840,5404973,112,+0.95
20221017,36.6,36.6,35.45,36.1,88849,3189745,108,-0.50
20221018,37.0,37.0,36.1,36.5,57981,2110032,52,+0.40
20221019,36.3,36.5,35.7,35.7,162266,5846841,136,-0.80
20221020,35.7,35.7,35.05,35.55,146722,5175285,123,-0.15
20221021,35.55,35.55,35.0,35.15,121652,4273498,138,-0.40
20221024,35.9,35.9,35.2,35.25,85624,3032715,112,+0.10
20221025,35.45,35.45,34.4,34.8,228508,7933745,192,-0.45
20221026,34.4,35.3,34.35,34.8,91876,3194191,90, 0.00
20221027,35.05,35.25,34.95,35.1,104566,3663973,97,+0.30
20221028,35.45,35.45,34.65,34.7,108885,3793635,77,-0.40
20221031,34.9,35.35,34.85,35.15,69609,2441372,62,+0.45
20221101,35.15,35.45,35.15,35.4,80217,2833208,87,+0.25
20221102,35.4,35.9,35.4,35.85,92416,3303443,78,+0.45
20221103,35.8,36.2,35.5,36.2,49121,1760393,59,+0.35
20221104,36.0,36.1,35.7,36.1,72276,2603531,73,-0.10
20221107,37.95,37.95,37.1,37.8,284631,10691458,292,+1.70
20221108,37.8,38.05,37.6,37.95,184635,7002336,158,+0.15
20221109,38.0,38.45,37.95,38.4,210690,8062723,231,+0.45
20221110,38.4,38.7,37.9,38.3,144712,5530911,195,-0.10
20221111,38.7,39.05,38.05,38.1,320582,12297439,370,-0.20
20221114,38.75,38.75,37.6,38.05,253884,9660681,171,-0.05
20221115,38.4,38.6,37.75,38.0,264912,10087272,199,-0.05
20221116,37.95,38.1,37.7,37.7,197650,7486728,199,-0.30
20221117,37.75,38.85,37.65,38.55,206345,7928152,173,+0.85
20221118,38.95,38.95,38.0,38.15,83584,3203495,84,-0.40
20221121,38.4,38.6,38.15,38.15,49557,1895218,61, 0.00
20221122,38.5,38.5,37.8,38.1,66351,2524079,61,-0.05
20221123,39.15,39.15,38.2,38.6,204447,7933295,159,+0.50
20221124,38.7,38.8,38.55,38.8,95332,3688083,92,+0.20
20221125,38.75,39.05,38.6,38.6,56825,2198017,69,-0.20
20221128,38.4,38.5,38.0,38.5,34408,1317350,45,-0.10
20221129,38.5,38.8,38.3,38.75,96190,3715678,81,+0.25
20221130,38.7,39.3,38.5,39.1,232498,9062993,147,+0.35
20221201,39.6,39.7,39.2,39.4,321461,12686796,167,+0.30
20221202,39.4,39.75,39.3,39.6,373263,14727427,198,+0.20
20221205,39.65,39.7,39.25,39.4,220885,8715682,155,-0.20
20221206,39.4,39.4,38.45,38.7,240883,9372294,333,-0.70
20221207,39.4,42.25,39.4,40.3,2326914,95059270,1820,+1.60
20221208,40.3,40.9,39.75,40.75,548677,22218231,429,+0.45
20221209,41.0,41.35,40.25,40.45,400606,16292216,346,-0.30
20221212,40.65,41.0,40.1,41.0,219692,8942480,207,+0.55
20221213,41.25,41.25,40.45,40.5,270934,11026093,218,-0.50
20221214,40.55,41.0,40.55,40.95,229908,9374903,178,+0.45
20221215,41.1,41.1,40.4,40.4,192288,7804714,165,-0.55
20221216,40.0,40.15,39.5,39.75,257882,10282637,360,-0.65
20221219,39.75,40.55,39.65,40.5,249153,9995883,186,+0.75
20221220,39.85,40.3,39.05,39.1,268850,10623427,336,-1.40
20221221,39.15,40.2,39.15,39.35,97450,3862784,103,+0.25
20221222,39.55,40.4,39.55,40.2,289995,11637596,195,+0.85
20221223,40.3,41.8,40.25,40.25,1000871,40978811,793,+0.05
20221226,40.75,40.75,39.95,40.0,215844,8684539,285,-0.25
20221227,40.1,40.4,40.0,40.0,157999,6346314,315, 0.00
20221228,40.0,40.4,39.85,40.0,116664,4668947,183, 0.00
20221229,39.9,40.05,39.7,39.7,161962,6444312,172,-0.30
20221230,39.95,40.2,39.95,40.0,130593,5237563,105,+0.30
20230103,40.15,40.4,39.55,40.35,114809,4595992,130,+0.35
20230104,40.5,41.65,40.2,41.65,833362,34354963,607,+1.30
20230105,41.7,41.95,41.25,41.45,534547,22205803,581,-0.20
20230106,41.7,42.5,41.3,41.65,923955,38845424,710,+0.20
20230109,41.4,41.4,40.5,40.8,753145,30753842,874,-0.85
20230110,41.1,41.1,40.7,40.95,155113,6349292,151,+0.15
20230111,41.2,41.2,40.6,40.9,180203,7361806,221,-0.05
20230112,41.15,41.15,40.65,40.75,80790,3295355,123,-0.15
20230113,41.15,41.15,40.0,40.3,211706,8544658,303,-0.45
20230116,40.3,41.0,39.85,40.5,273956,11071215,286,+0.20
20230117,40.8,40.85,40.5,40.8,157165,6399858,127,+0.30
20230130,40.8,41.45,40.8,41.35,350631,14452170,260,+0.55
20230131,41.3,42.3,41.3,42.15,595572,24992908,500,+0.80
20230201,42.95,44.0,42.25,43.35,1289705,55921356,958,+1.20
20230202,43.6,43.7,43.15,43.25,469961,20395112,506,-0.10
20230203,43.25,43.25,42.8,42.9,284503,12222419,395,-0.35
20230206,42.9,43.7,42.9,43.6,374349,16237115,330,+0.70
20230207,43.7,43.85,43.15,43.25,326541,14201228,279,-0.35
20230208,43.6,43.6,43.0,43.0,368958,15917683,297,-0.25
20230209,43.1,43.9,43.1,43.6,357675,15602869,309,+0.60
20230210,43.55,43.7,43.05,43.2,366139,15888016,330,-0.40
20230213,43.3,43.3,42.95,43.3,146124,6298714,189,+0.10
20230214,43.4,44.55,43.4,44.0,463868,20429911,385,+0.70
20230215,44.1,44.35,43.5,43.7,349658,15374669,303,-0.30
20230216,43.7,44.0,43.5,43.6,241156,10546993,220,-0.10
20230217,43.55,44.3,43.05,44.3,593457,26075767,421,+0.70
20230220,44.5,45.15,44.15,45.0,903683,40472009,572,+0.70
20230221,45.1,45.4,44.6,45.25,477666,21500055,359,+0.25
20230222,45.25,45.45,44.6,45.0,363184,16382108,316,-0.25
20230223,45.2,45.3,44.75,45.05,370321,16668686,316,+0.05
20230224,45.5,45.5,44.3,44.5,370513,16550513,302,-0.55
20230301,44.5,45.45,44.4,45.15,398572,17964404,358,+0.65
20230302,45.4,45.4,44.8,44.95,197777,8897975,255,-0.20
20230303,45.0,45.45,45.0,45.35,306569,13887722,284,+0.40
20230306,45.5,46.0,45.4,45.9,460734,21101291,459,+0.55
20230307,46.3,47.2,46.3,46.65,578197,27055521,536,+0.75
20230308,46.55,47.3,46.3,47.2,437395,20511505,406,+0.55
20230309,47.2,47.6,46.8,47.0,346038,16313529,384,-0.20
20230310,46.7,46.7,45.3,45.3,708067,32558684,640,-1.70
20230313,44.6,45.5,43.9,45.25,622688,27793485,549,-0.05
20230314,44.85,46.0,44.85,46.0,296676,13571752,309,+0.75
20230315,46.4,47.05,46.2,46.85,452464,21129238,461,+0.85
20230316,46.85,46.85,44.95,45.35,465922,21304020,451,-1.50
20230317,45.7,46.65,45.7,46.4,303989,14076525,254,+1.05
20230320,46.25,46.5,45.85,46.2,164458,7596373,336,-0.20
20230321,46.3,46.7,46.3,46.55,146515,6811617,152,+0.35
20230322,46.9,47.3,46.75,46.75,319982,15032310,249,+0.20
20230323,46.05,47.2,46.05,46.85,254472,11945399,261,+0.10
20230324,46.9,47.2,46.75,47.2,244642,11480243,219,+0.35
20230327,47.3,48.05,47.0,48.05,540391,25768548,453,+0.85
20230328,47.25,47.55,44.75,44.9,1896847,86821508,1697,-3.15
20230329,45.25,45.65,44.9,45.3,472489,21359736,448,+0.40
20230330,45.7,46.8,45.55,46.4,650980,30180392,566,+1.10
20230331,46.6,47.9,46.6,47.35,903107,42848434,944,+0.95
20230406,47.9,48.85,47.55,48.75,1295218,62552987,936,+1.40
20230407,51.5,53.6,50.2,53.1,6132305,323069983,4127,+4.35
20230410,53.7,54.3,52.0,52.0,4013038,213070361,3472,-1.10
20230411,52.2,52.5,51.3,51.6,1414164,73196868,1454,-0.40
20230412,51.6,53.2,51.0,52.4,1636091,85469797,1474,+0.80
20230413,52.1,52.4,50.8,52.0,1366577,70594669,1222,-0.40
20230414,53.8,57.2,53.8,56.8,6920205,389732056,4890,+4.80
20230417,55.5,56.4,55.0,55.8,2649212,147432902,2548,-1.00
20230418,55.9,56.0,54.0,54.7,1961262,107695088,2076,-1.10
20230419,55.4,56.2,54.3,55.1,2186005,121003250,1710,+0.40
20230420,55.1,55.8,53.2,53.6,2060071,111433476,1927,-1.50
20230421,54.6,54.6,52.3,53.3,1836887,97925621,1275,-0.30
20230424,53.6,54.4,53.2,54.2,677576,36409841,717,+0.90
20230425,54.6,54.6,51.6,51.7,1437590,75530741,1409,-2.50
20230426,52.5,53.1,52.1,52.9,970392,51118289,805,+1.20
20230427,53.1,53.1,51.8,52.0,500457,26156467,595,-0.90
20230428,52.5,53.3,51.9,53.0,818515,43159495,675,+1.00
20230502,53.4,53.9,52.6,53.6,702060,37506367,776,+0.60
20230503,52.9,53.3,51.8,52.1,866391,45320756,1067,-1.50
20230504,52.1,52.7,51.7,52.6,368965,19299851,324,+0.50
20230505,52.6,52.7,52.1,52.3,237779,12442607,243,-0.30
20230508,53.1,56.2,53.1,55.2,3011351,165784352,2359,+2.90
20230509,53.5,53.5,51.4,51.7,2611528,136014458,2265,-3.50
20230510,51.7,53.2,51.1,53.2,861283,45302887,718,+1.50
20230511,53.3,54.2,52.2,52.8,936632,49812503,887,-0.40
20230512,52.7,54.7,52.4,54.7,1337741,72427462,1098,+1.90
20230515,53.9,55.0,53.5,54.3,514233,27917274,492,-0.40
20230516,54.6,55.3,54.3,54.5,728923,39933490,749,+0.20
20230517,54.6,55.7,54.6,55.3,1072393,59216814,850,+0.80
20230518,55.7,56.1,55.1,55.6,896690,49911956,880,+0.30
20230519,56.1,56.6,55.1,55.8,890734,49853926,846,+0.20
20230522,57.0,61.3,57.0,59.6,5420357,325979120,4222,+3.80
20230523,59.8,63.7,58.9,60.3,5302379,325476531,3951,+0.70
20230524,60.8,63.0,59.3,60.2,3240653,197996758,2791,-0.10
20230525,60.7,61.5,58.8,59.9,1637627,98277047,1280,-0.30
20230526,60.9,62.0,59.9,62.0,2870783,176016900,2007,+2.10
20230529,62.9,63.3,61.0,61.0,2126041,131364852,1775,-1.00
20230530,61.4,64.2,61.0,61.6,2991723,186893209,1977,+0.60
20230531,62.0,63.3,61.7,62.6,1658963,103895102,1192,+1.00
20230601,64.1,65.0,62.8,63.7,2564243,163910079,1948,+1.10
20230602,64.9,64.9,63.0,63.0,1085272,68872792,1017,-0.70
20230605,63.5,63.6,61.3,62.7,1299862,80810216,990,-0.30
20230606,63.0,63.0,61.6,62.0,688356,42707845,570,-0.70
20230607,61.5,62.4,60.9,61.0,1082392,66516814,868,-1.00
20230608,60.9,61.3,59.8,60.6,886370,53599534,704,-0.40
20230609,61.0,61.6,60.6,60.9,421394,25697380,345,+0.30
20230612,61.2,61.2,59.1,59.8,844768,50483354,658,-1.10
20230613,60.1,60.6,59.5,60.2,578009,34718078,550,+0.40
20230614,60.6,62.5,60.5,61.7,930600,57526192,798,+1.50
20230615,61.9,62.4,61.1,61.9,785679,48498298,765,+0.20
20230616,62.1,63.0,61.2,62.0,1038776,64437960,643,+0.10
20230619,62.0,62.0,61.2,61.6,431314,26509193,389,-0.40
20230620,61.3,61.7,60.1,61.5,659451,40070610,487,-0.10
20230621,62.1,63.4,61.7,62.9,1212168,76078400,930,+1.40
20230626,62.9,64.3,61.7,63.9,759410,48031467,638,+1.00
20230627,64.2,66.5,62.2,63.7,2610444,167844035,2159,-0.20
20230628,64.1,67.5,64.1,66.4,3530528,234367873,2766,+2.70
20230629,66.6,70.8,66.0,70.6,4512319,309830359,3514,+4.20
20230630,70.1,70.1,67.3,67.6,3578914,243545238,2735,-3.00
20230703,68.5,70.7,68.0,69.8,3078709,214643746,2316,+2.20
20230704,69.8,71.8,68.5,71.1,2342919,165294186,1832,+1.30
20230705,71.3,72.5,70.9,71.3,1873048,134313297,1245,+0.20
20230706,71.2,72.2,70.3,70.3,1528989,108497339,1196,-1.00
20230707,70.3,70.8,68.8,69.2,1316578,91753575,935,-1.10
20230710,69.2,69.5,68.1,68.8,1044832,72036160,890,-0.40
20230711,70.0,72.0,69.4,70.8,2757500,194821280,2086,+2.00
20230712,67.5,69.0,66.1,67.9,1802770,121890658,1346,X0.00
20230713,68.9,70.5,68.3,68.7,1698053,118026911,1314,+0.80
20230714,69.2,70.1,67.8,69.0,1762755,121097127,1671,+0.30
20230717,75.9,75.9,75.0,75.9,1879324,142601813,1166,+6.90
20230718,81.0,83.4,77.0,79.6,10920375,878543160,8253,+3.70
20230719,81.9,82.1,71.7,71.7,6620615,494468246,4789,-7.90
20230720,71.3,71.6,68.8,69.0,2681107,187975048,2129,-2.70
20230721,68.1,70.4,66.8,68.0,2005358,137099556,2050,-1.00
20230724,68.3,68.5,66.5,67.4,1349343,90870186,1197,-0.60
20230725,68.0,71.0,67.9,68.6,2022948,140168922,1765,+1.20
20230726,68.3,69.9,67.2,67.4,1184445,80880370,1307,-1.20
20230727,68.2,70.9,67.9,69.0,2070346,143365262,1471,+1.60
20230728,69.1,69.5,67.8,68.8,1080865,74221921,770,-0.20
20230731,69.9,70.5,67.4,67.5,1431148,98230328,1188,-1.30
20230801,68.7,68.7,65.7,66.0,1159956,77170001,1159,-1.50
20230802,65.8,66.0,62.5,63.2,1984271,127126956,1600,-2.80
20230804,63.2,64.4,62.2,63.4,687618,43647131,649,+0.20
20230807,66.8,69.7,65.3,69.7,3326183,226825020,2427,+6.30
20230808,71.2,75.1,69.9,71.7,7024349,506264555,5485,+2.00
20230809,70.1,71.5,68.8,70.0,2012202,140822843,1727,-1.70
20230810,69.0,69.8,66.8,67.7,1505305,102383500,1319,-2.30
20230811,67.7,70.3,67.7,68.9,1313813,90827820,1057,+1.20
20230814,68.0,68.8,65.8,66.5,1145105,76775465,1204,-2.40
20230815,67.7,69.4,67.7,68.4,779889,53495277,630,+1.90
20230816,67.8,69.5,67.1,69.4,1151403,79173847,909,+1.00
20230817,68.4,70.7,68.1,70.4,1284497,89515085,1303,+1.00
20230818,70.4,70.7,67.6,67.7,1171851,80644614,2150,-2.70
20230821,68.7,71.5,68.5,70.1,1970414,138598393,1532,+2.40
20230822,71.5,71.6,68.5,68.5,1784029,125488929,2144,-1.60
20230823,69.0,69.9,68.5,69.0,526529,36340950,733,+0.50
20230824,70.3,70.3,67.5,68.0,1127568,77643020,1070,-1.00
20230825,67.9,67.9,66.1,66.9,670826,44979765,689,-1.10
20230828,67.1,67.1,64.3,64.3,1442877,93993478,1167,-2.60
20230829,65.1,65.5,64.4,65.2,380883,24744600,337,+0.90
20230830,65.9,66.5,65.6,65.7,454134,29961847,386,+0.50
20230831,65.7,65.8,64.8,65.7,409405,26729635,409, 0.00
20230901,65.4,65.8,64.0,64.2,959402,62035215,795,-1.50
20230904,64.1,66.8,64.0,66.6,761402,50063198,662,+2.40
20230905,66.6,69.8,66.5,69.1,1398281,96218672,1286,+2.50
20230906,71.0,71.9,69.5,69.5,2357871,166398729,2833,+0.40
20230907,69.8,70.6,69.5,69.8,905069,63336050,1070,+0.30
20230908,69.4,70.5,69.1,69.3,659035,46016532,884,-0.50
20230911,69.8,69.8,67.2,67.5,666610,45518968,1559,-1.80
20230912,67.5,68.7,67.4,67.7,386412,26255295,372,+0.20
20230913,67.6,68.8,66.7,68.0,513231,34880000,467,+0.30
20230914,68.6,70.8,68.5,70.4,1461925,102447890,1306,+2.40
20230915,70.5,70.8,68.8,69.8,815913,56940575,855,-0.60
20230918,69.6,70.4,69.2,69.9,540112,37629912,803,+0.10
20230919,70.7,71.8,69.3,71.0,1319797,93280673,1656,+1.10
20230920,70.9,72.4,69.5,69.5,2665238,189461996,2144,-1.50
20230921,68.9,69.0,66.8,67.8,1175397,79869057,1386,-1.70
20230922,67.8,71.4,67.0,71.4,1592523,111848788,1357,+3.60
20230925,71.8,74.7,71.7,74.5,4221632,311223697,3529,+3.10
20230926,74.0,74.5,71.5,71.5,2587703,188361809,4052,-3.00
20230927,71.6,72.2,70.4,71.3,1394199,99432633,1329,-0.20
20230928,71.8,73.6,71.8,72.8,1253963,91312188,1257,+1.50
20231002,73.2,74.9,72.9,74.0,1831984,135649145,2254,+1.20
20231003,75.0,75.0,72.7,72.7,1138062,83750576,1205,-1.30
20231004,71.8,73.3,71.7,73.2,839857,61056367,621,+0.50
20231005,73.5,73.8,72.1,72.1,1042370,75930399,978,-1.10
20231006,72.5,72.8,71.4,71.7,733029,52749353,644,-0.40
20231011,74.3,77.0,74.2,75.0,3878010,292653283,2902,+3.30
20231012,75.0,79.2,74.4,78.8,3583155,275960485,2917,+3.80
20231013,78.9,79.5,77.4,78.1,2279603,178658829,1960,-0.70
20231016,77.2,78.9,77.2,77.7,1085961,84621948,1075,-0.40
20231017,78.7,78.7,74.7,75.0,2193073,167474901,2112,-2.70
20231018,74.8,75.0,71.0,72.1,2569209,186013564,1812,-2.90
20231019,71.0,72.4,70.4,72.4,1224513,87236001,1069,+0.30
20231020,70.0,71.8,67.9,71.8,1188310,83744494,1075,-0.60
20231023,71.4,78.9,70.5,78.9,3531271,270956633,2532,+7.10
20231024,81.1,84.3,77.1,82.9,13373939,1082749649,8849,+4.00
20231025,83.3,90.9,83.3,87.0,12482235,1077808828,9033,+4.10
20231026,85.1,88.7,83.5,83.9,7143269,613304637,7411,-3.10
20231027,83.8,85.6,81.6,83.3,4318819,360682624,4064,-0.60
20231030,83.8,85.8,82.6,85.0,2930648,247388558,2311,+1.70
20231031,85.0,86.1,82.5,83.1,3011270,253856567,3192,-1.90
20231101,84.9,86.5,83.6,86.2,4008618,342755120,3551,+3.10
20231102,87.4,90.7,86.8,88.3,6331849,561242738,4646,+2.10
20231103,88.6,94.8,88.3,90.9,9757247,894451182,8037,+2.60
20231106,91.7,96.0,91.5,94.0,5161390,481154087,5057,+3.10
20231107,89.0,90.8,84.7,85.3,8410586,731271701,6624,-8.70
20231108,86.6,92.9,86.2,89.4,8234313,740652155,6197,+4.10
20231109,88.8,91.5,88.3,88.7,3472818,311344761,3014,-0.70
20231110,88.9,88.9,86.9,87.2,1890779,165885613,1729,-1.50
20231113,89.0,90.2,85.9,86.1,2451578,213922516,2069,-1.10
20231114,87.6,87.6,84.8,86.1,1679182,144140200,1407, 0.00
20231115,87.8,88.8,85.8,86.0,2202603,191356926,1783,-0.10
20231116,86.5,87.1,85.7,87.0,980710,84908033,915,+1.00
20231117,86.6,87.4,85.0,85.1,1808086,155225925,1631,-1.90
20231120,86.0,90.0,85.4,90.0,3799087,336445490,3243,+4.90
20231121,90.1,91.7,87.8,87.8,3960660,354173798,3597,-2.20
20231122,87.4,91.1,87.1,89.8,2577202,230054018,2056,+2.00
20231123,89.8,93.0,88.6,88.8,3506240,318743728,2978,-1.00
20231124,89.8,93.4,88.8,91.0,4532094,412548430,4497,+2.20
20231127,91.5,92.8,86.8,87.0,3484844,308497639,3293,-4.00
20231128,87.9,89.0,86.9,89.0,2082037,183622604,1712,+2.00
20231129,89.7,92.5,89.2,90.8,3349840,304828714,2743,+1.80
20231130,91.1,92.7,89.8,90.8,2545488,232330205,2315, 0.00
20231201,91.4,92.2,89.8,91.5,1706507,155769251,1492,+0.70
20231204,92.5,94.8,90.1,90.9,2948059,271385278,2781,-0.60
20231205,90.1,90.4,87.0,89.5,3067680,270861378,3618,-1.40
20231206,90.1,93.2,90.1,91.9,3489412,321556906,2815,+2.40
20231207,94.3,97.6,91.5,91.8,8298740,782009830,6829,-0.10
20231208,92.8,95.2,89.8,91.2,4481081,412642494,3616,-0.60
20231211,91.6,92.7,91.3,92.0,1599157,147024118,1414,+0.80
20231212,92.5,92.8,89.3,89.4,1990954,179950001,2211,-2.60
20231213,90.4,90.7,88.3,88.6,1327713,118374640,2132,-0.80
20231214,89.7,90.7,87.3,87.6,1892306,167509993,1779,-1.00
20231215,87.6,88.2,86.3,86.4,1916462,166632516,1618,-1.20
20231218,85.5,87.7,85.5,86.3,923614,79992826,816,-0.10
20231219,86.4,86.4,84.0,85.5,1849603,157005415,1680,-0.80
20231220,85.0,86.3,85.0,85.7,762635,65341856,783,+0.20
20231221,85.0,85.6,83.6,84.0,1072311,90526536,1127,-1.70
20231222,84.5,84.7,83.5,83.5,751673,63092787,750,-0.50
20231225,83.5,84.8,82.6,83.2,794256,66440864,771,-0.30
20231226,83.4,84.7,83.4,83.9,648215,54518910,633,+0.70
20231227,84.1,84.8,83.6,84.0,595553,50127223,584,+0.10
20231228,84.5,85.5,83.6,83.6,759788,64047104,683,-0.40
20231229,84.1,84.6,83.0,84.1,605430,50688018,587,+0.50
20240102,84.6,84.7,82.3,83.4,1246461,103623363,984,-0.70
20240103,83.1,83.7,82.0,82.4,1024759,84514345,834,-1.00
20240104,82.5,82.9,81.1,81.3,1289097,105163969,1043,-1.10
20240105,81.9,81.9,80.6,80.6,777061,63022404,714,-0.70
20240108,80.5,82.0,80.5,81.1,798567,64843206,671,+0.50
20240109,82.0,82.7,80.2,80.2,821668,66564387,679,-0.90
20240110,80.4,81.7,79.8,79.9,904496,72787763,716,-0.30
20240111,79.9,80.5,78.5,80.4,874316,69702887,820,+0.50
20240112,80.5,80.5,79.2,80.0,453138,36222936,412,-0.40
20240115,80.2,81.5,80.2,81.0,451938,36571508,433,+1.00
20240116,80.3,80.3,79.4,79.8,632554,50484820,564,-1.20
20240117,79.9,80.5,78.5,78.5,590306,46794430,545,-1.30
20240118,78.5,79.3,77.1,78.2,706714,55141403,648,-0.30
20240119,78.6,79.6,78.3,78.9,532524,42050800,467,+0.70
20240122,79.9,80.9,79.9,80.6,640482,51561917,547,+1.70
20240123,80.8,81.0,80.0,80.3,374395,30128526,411,-0.30
20240124,80.9,80.9,80.0,80.1,303976,24398613,361,-0.20
20240125,80.4,80.7,79.4,79.5,432618,34532460,442,-0.60
20240126,79.1,80.5,79.1,79.3,186426,14817312,209,-0.20
20240129,79.2,80.9,79.0,80.8,314499,25258270,325,+1.50
20240130,80.9,81.5,79.8,79.8,361691,29104204,424,-1.00
20240131,79.8,80.7,79.6,79.8,357461,28640180,361, 0.00
20240201,80.1,80.1,79.0,79.1,366190,29050754,416,-0.70
20240202,79.5,79.9,78.3,78.9,475720,37512473,498,-0.20
20240205,79.3,80.5,78.5,79.6,558568,44422299,561,+0.70
20240215,86.0,87.5,86.0,87.5,3908917,340985085,2234,+7.90
20240216,88.4,94.3,88.1,92.8,7003294,644450325,5055,+5.30
20240219,93.0,93.5,91.3,92.5,2054333,190379665,2754,-0.30
20240220,93.2,93.2,90.5,91.2,1717441,157299742,2124,-1.30
20240221,91.0,91.5,89.1,89.6,1463150,131634078,2717,-1.60
20240222,91.0,92.6,89.4,89.7,1917895,174095167,1793,+0.10
20240223,90.4,92.5,90.1,90.6,2206046,201761985,1700,+0.90
20240226,91.6,91.6,89.8,89.9,991589,89676168,1228,-0.70
20240227,91.6,93.4,90.2,90.7,2769716,254035520,2289,+0.80
20240229,90.8,96.7,90.1,95.3,4578143,431447311,3423,+4.60
20240301,96.0,96.4,93.4,93.6,2344726,221610844,3282,-1.70
20240304,94.8,97.9,94.1,96.0,3023991,290054237,2973,+2.40
20240305,96.8,105.5,96.4,105.5,6414074,656996011,3955,+9.50
20240306,104.5,116.0,102.0,116.0,21972422,2436050632,13021,+10.50
20240307,117.5,119.0,111.0,113.0,16226191,1866325584,8111,-3.00
20240308,118.0,120.0,102.0,102.5,21211013,2386325215,11961,-10.50
20240311,101.5,110.5,101.5,105.5,7497367,799723289,5523,+3.00
20240312,105.5,110.5,103.5,108.0,4357245,467796619,3929,+2.50
20240313,111.0,112.0,104.5,108.5,6195470,671927303,4808,+0.50
20240314,108.5,109.5,103.0,105.5,3111348,329755590,2691,-3.00
20240315,105.0,107.5,103.0,103.0,2718613,285629133,1955,-2.50
20240318,103.0,106.0,102.5,103.5,1636255,170362600,1152,+0.50
20240319,104.0,105.5,103.0,103.0,1537700,160050080,1245,-0.50
20240320,104.0,105.5,101.0,102.5,2645332,273704941,1886,-0.50
20240321,102.5,103.0,97.1,100.5,7351688,733044975,4926,-2.00
20240322,104.0,109.0,102.0,103.5,6218607,651764570,4299,+3.00
20240325,106.0,113.5,105.0,113.5,8872838,979766993,5887,+10.00
20240326,115.0,117.5,109.5,111.5,13008242,1470368464,10580,-2.00
20240327,111.0,118.0,110.5,115.0,8810695,1010562265,5797,+3.50
20240328,126.5,126.5,126.5,126.5,2723521,344525341,1653,+11.50
20240329,139.0,139.0,139.0,139.0,3681590,511741010,1609,+12.50
20240401,152.5,152.5,146.0,152.5,15581595,2361611816,7084,+13.50
20240402,151.5,162.0,147.0,155.5,22774650,3528773897,15895,+3.00
20240403,152.5,171.0,152.5,171.0,4174090,686346695,3590,+15.50
20240408,171.0,172.0,160.5,163.0,3540644,588736882,3604,-8.00
20240409,165.0,169.5,159.0,167.5,3119673,511996151,2934,+4.50
20240410,165.0,178.0,163.5,174.5,2723771,469627854,2899,+7.00
20240411,171.0,174.5,166.0,169.0,2273719,385513306,2472,-5.50
20240412,172.5,179.0,170.0,175.0,3009061,524535688,2853,+6.00
20240415,170.0,173.0,163.5,167.0,2025811,340343137,2024,-8.00
20240416,160.0,160.0,150.5,150.5,2775026,421242145,2445,-16.50
20240417,150.5,158.0,150.0,151.0,2484330,380672147,2307,+0.50
20240418,149.5,157.0,149.5,151.0,1646911,251856776,1551, 0.00
20240419,148.0,153.5,136.0,136.0,11722958,1633910024,7956,-15.00
20240422,137.5,141.0,131.5,134.5,6714290,909293445,5114,-1.50
20240423,137.5,141.5,132.0,133.0,4592801,622152324,4119,-1.50
20240424,137.5,146.0,137.0,146.0,2804205,399229430,1883,+13.00
20240425,146.0,151.0,135.5,142.0,14069897,2014157836,10809,-4.00
20240426,147.0,151.0,141.0,142.0,9121039,1326941532,6597, 0.00
20240429,148.0,153.0,144.5,145.5,7814850,1159849944,5809,+3.50
20240430,144.0,147.5,141.5,144.5,3558143,513078177,2925,-1.00
20240502,140.5,142.5,138.0,141.5,3498042,491686145,2778,-3.00
20240503,144.5,146.0,138.5,139.5,2924002,415060993,2547,-2.00
20240506,141.0,147.5,141.0,144.5,4011540,582223584,3175,+5.00
20240507,144.0,146.0,139.5,143.5,3725243,531416386,4358,-1.00
20240508,144.5,150.0,143.5,149.5,4232250,622038429,3461,+6.00
20240509,158.5,160.0,148.0,151.0,12432364,1901894974,9584,+1.50
20240510,152.0,152.0,146.0,147.0,4311581,638408059,3547,-4.00
20240513,147.5,149.5,144.0,149.0,2650359,390340157,2360,+2.00
20240514,150.5,155.0,146.5,153.0,5271041,798729805,4389,+4.00
20240515,154.5,156.0,150.0,150.5,4539905,695508243,3825,-2.50
20240516,153.5,156.0,139.5,142.5,6803194,1005922322,5911,-8.00
20240517,142.5,143.0,138.5,141.0,2857878,403267738,2559,-1.50
20240520,143.0,144.0,140.0,140.5,1828551,259472376,1702,-0.50
20240521,140.5,143.0,140.0,141.5,1271486,179985512,1493,+1.00
20240522,142.5,155.5,142.0,155.5,5324425,807524126,4351,+14.00
20240523,168.0,169.0,152.5,154.0,21466907,3435838136,17524,-1.50
20240524,155.0,159.5,149.5,158.5,8393566,1303808510,6669,+4.50
20240527,163.0,169.0,161.0,164.5,11353308,1870003753,8320,+6.00
20240528,163.0,164.5,159.0,161.5,3814802,617137489,7459,-3.00
20240529,162.0,174.0,161.0,163.5,11638095,1947941489,9136,+2.00
20240530,163.5,164.5,154.0,155.0,7406157,1174609312,10293,-8.50
20240531,155.5,159.0,154.0,154.5,2946964,459739472,2358,-0.50
20240603,158.0,169.5,157.5,167.5,11985121,1986856594,8133,+13.00
20240604,167.0,169.5,161.5,164.5,7107405,1175818794,8519,-3.00
20240605,169.5,178.0,163.0,170.5,21255312,3616278461,15172,+6.00
20240606,180.0,187.5,170.5,172.5,29969548,5353235708,18842,+2.00
20240607,173.5,176.5,168.5,170.5,9151504,1577012756,15579,-2.00
20240611,171.0,171.5,163.0,170.5,6465927,1077953856,5102, 0.00
20240612,169.5,173.5,169.0,173.5,4592548,788437461,6629,+3.00
20240613,174.0,177.5,172.0,177.5,6317776,1105152358,7936,+4.00
20240614,182.5,195.0,180.5,195.0,30512443,5777204808,21053,+17.50
20240617,200.0,204.0,191.0,193.5,18242797,3595507565,14198,-1.50
20240618,198.0,200.0,191.0,194.0,8418812,1636989102,6254,+0.50
20240619,196.5,197.5,184.0,185.5,8376559,1588729585,9305,-8.50
20240620,185.5,191.0,183.5,188.0,3677439,689536513,3253,+2.50
20240621,186.0,194.0,184.0,191.0,5014202,950323957,4272,+3.00
20240624,190.0,194.0,184.5,185.5,3910904,739546263,3452,-5.50
20240625,183.0,187.0,177.5,186.0,4386380,799300636,3826,+0.50
20240626,186.5,197.5,186.5,196.5,8303354,1609741868,6769,+10.50
20240627,193.0,197.5,192.0,192.0,3758392,729584368,6131,-4.50
20240628,194.0,202.5,192.5,193.0,8273614,1636143779,6677,+1.00
20240701,191.5,194.0,184.0,184.0,4626616,867854978,6545,-9.00
20240702,186.0,192.0,185.5,185.5,3519443,663015012,3165,+1.50
20240703,189.5,196.0,188.0,188.0,5469332,1048324313,5404,+2.50
20240704,188.5,195.0,187.0,189.0,4625745,884298202,3865,X0.00
20240705,190.5,193.0,185.5,186.0,3809695,716799501,3531,-3.00
20240708,185.0,185.0,169.5,170.0,8534084,1489270950,8305,-16.00
20240709,170.0,172.5,166.0,170.5,3938602,666763657,3529,+0.50
20240710,173.0,177.0,170.5,173.0,2973093,517927177,2759,+2.50
20240711,174.5,175.5,171.5,173.0,1762432,304904890,2546, 0.00
20240712,173.0,176.0,170.0,171.0,2109129,363325302,1942,-2.00
20240715,172.0,174.0,168.0,170.5,1773639,303701630,1498,-0.50
20240716,171.5,174.0,170.0,174.0,1383669,238786322,1470,+3.50
20240717,175.5,177.5,173.0,174.5,1805628,316235675,1721,+0.50
20240718,169.0,171.5,167.0,169.0,2192799,370697702,2588,-5.50
20240719,169.0,183.5,168.5,177.5,6627421,1174952275,5627,+8.50
20240722,176.5,180.5,171.5,173.0,4142860,724497632,9016,-4.50
20240723,177.0,183.0,176.5,180.0,3518210,633645820,3646,+7.00
20240726,172.5,178.5,172.5,178.0,1667435,292902984,4455,-2.00
20240729,182.5,183.0,160.5,160.5,6477275,1085266109,21880,-17.50
20240730,156.5,168.0,156.5,165.0,2700036,437653249,2245,+4.50
20240731,164.0,169.0,163.0,164.0,2074665,343024105,2594,-1.00
20240801,169.0,171.0,165.0,169.5,2253669,380017303,1903,+5.50
20240802,163.5,166.0,156.5,156.5,2714231,436498031,2652,-13.00
20240805,146.5,148.0,141.0,141.0,1635262,232688911,1898,-15.50
20240806,142.0,145.0,127.0,139.0,5294517,717529616,4242,-2.00
20240807,152.0,152.5,150.0,152.5,1133741,172398981,843,+13.50
20240808,153.5,161.0,153.0,153.5,5981216,938321714,6336,+1.00
20240809,159.0,164.5,158.0,160.0,4027659,650478441,3341,+6.50
20240812,163.0,167.0,161.5,165.0,2286351,375316628,2961,+5.00
20240813,170.0,175.0,169.0,169.0,6401458,1099212187,5980,+4.00
20240814,172.5,175.0,167.0,168.5,3183745,544383713,6748,-0.50
20240815,170.0,172.0,166.0,172.0,2573286,437515575,2538,+3.50
20240816,177.0,181.5,175.0,178.0,6587736,1174885852,5580,+6.00
20240819,177.0,180.0,175.0,176.0,2077783,367095381,5856,-2.00
20240820,178.0,179.0,175.0,176.5,1651032,292095227,2175,+0.50
20240821,176.0,181.0,173.5,177.0,2490088,443442536,2519,+0.50
20240822,178.0,179.0,174.0,175.0,1698803,298690834,3677,-2.00
20240823,172.0,178.0,170.5,178.0,2123224,369516488,2180,+3.00
20240826,181.0,185.0,177.5,178.0,3756818,681628541,5356, 0.00
20240827,178.0,183.0,176.5,183.0,2080933,374922418,5313,+5.00
20240828,182.0,183.5,180.0,181.5,1855969,337168652,3786,-1.50
20240829,177.5,185.0,175.0,183.5,2751488,497993263,3903,+2.00
20240830,185.5,191.0,182.5,183.5,7887625,1466267092,13466, 0.00
20240902,186.0,187.0,170.0,170.0,5494255,965291424,20019,-13.50
20240903,170.0,171.0,162.5,163.0,4218200,701231732,4154,-7.00
20240904,153.0,157.0,149.0,153.0,3391729,522396952,3857,-10.00
20240905,159.5,161.5,152.5,153.5,3750964,585008720,3387,+0.50
20240906,155.5,156.0,149.0,149.5,3041801,462189569,2859,-4.00
20240909,145.0,154.5,144.5,153.5,2059393,309957583,1794,+4.00
20240910,155.5,156.5,148.5,150.5,1997770,304410861,1775,-3.00
20240911,151.5,152.0,148.0,148.0,1178040,176117256,1192,-2.50
20240912,153.0,154.5,151.5,153.5,1753205,268859712,1529,+5.50
20240913,154.5,156.0,151.5,154.5,1358137,209060461,1255,+1.00
20240916,156.5,160.5,155.5,158.5,2272758,360422766,3359,+4.00
20240918,156.5,158.0,152.0,152.5,1853570,286533183,1768,-6.00
20240919,154.5,156.5,153.0,156.5,1161371,180313087,1016,+4.00
20240920,159.5,165.0,156.5,158.0,3098044,496251794,2602,+1.50
20240923,159.0,170.0,158.5,168.0,4329418,715148732,3873,+10.00
20240924,166.0,175.0,166.0,167.0,5566737,944899437,8096,-1.00
20240925,171.5,171.5,166.0,168.5,2721465,458628239,8555,+1.50
20240926,170.0,178.5,169.0,176.0,6199381,1084814780,9317,+7.50
20240927,174.5,176.5,168.5,168.5,4632998,793619683,8881,-7.50
20240930,168.0,168.0,161.5,162.0,2445675,401597417,17955,-6.50
20241001,164.5,164.5,160.0,163.0,1220290,198382962,2765,+1.00
20241004,166.0,166.5,159.0,159.0,1840145,297046734,2234,-4.00
20241007,162.0,164.0,160.0,163.0,1338062,217052087,1146,+4.00
20241008,159.0,159.5,152.0,154.0,4164427,644709985,3943,-9.00
20241009,156.0,157.0,151.0,151.0,1777582,272176978,1810,-3.00
20241011,153.0,153.5,150.0,151.5,972650,147778990,944,+0.50
20241014,152.0,154.5,150.5,153.0,755956,115497712,781,+1.50
20241015,155.5,167.0,155.5,162.0,4736563,768976970,4179,+9.00
20241016,160.5,161.5,158.5,159.5,1798213,287564955,3166,-2.50
20241017,163.5,166.0,161.5,163.0,2382169,390002039,3994,+3.50
20241018,164.5,165.0,160.0,160.0,1599668,258739127,2039,-3.00
20241021,162.5,166.0,162.0,162.0,2684056,440200972,2094,+2.00
20241022,162.0,178.0,161.5,178.0,10818240,1884637216,6598,+16.00
20241023,181.0,191.0,179.0,188.0,24849012,4602323090,23422,+10.00
20241024,185.0,189.0,180.0,182.5,8532892,1574722034,23637,-5.50
20241025,182.0,193.0,182.0,185.5,11558282,2164251225,21870,+3.00
20241028,187.5,188.0,175.5,177.0,6971816,1260062727,23309,-8.50
20241029,176.0,176.0,166.5,173.0,5063540,867624942,15341,-4.00
20241030,174.0,184.5,171.0,181.5,8544732,1539124512,8054,+8.50
20241101,173.5,181.5,173.0,178.5,8049220,1426665489,11557,-3.00
20241104,176.5,177.0,161.5,162.0,11377343,1892128427,12137,-16.50
20241105,162.0,168.5,161.0,163.0,7201927,1186806020,6098,+1.00
20241106,163.0,164.5,161.0,162.5,4765976,773992386,3522,-0.50
20241107,163.5,165.5,162.0,162.0,2989189,488751406,2825,-0.50
20241108,165.0,167.5,163.0,164.0,3989443,657519067,3277,+2.00
20241111,163.5,165.5,162.5,165.0,1689684,277993337,1531,+1.00
20241112,163.5,164.0,160.5,160.5,2566242,414448072,2307,-4.50
20241113,160.5,164.0,160.0,160.0,2067274,334036675,1975,-0.50
20241114,160.5,161.5,155.0,155.5,2725436,428702885,2931,-4.50
20241115,156.0,160.0,155.5,156.5,1390700,218685223,1423,+1.00
20241118,157.5,158.0,151.0,151.5,1871082,285347782,1984,-5.00
20241119,154.0,158.0,153.0,155.0,1683482,261240548,1584,+3.50
20241120,158.0,158.0,153.0,153.0,1140383,176425671,1209,-2.00
20241121,154.0,158.0,153.0,155.0,979340,152495771,1006,+2.00
20241122,156.0,159.0,155.5,155.5,1062239,166880797,1078,+0.50
20241125,155.5,161.0,155.5,158.0,1274526,202272510,1462,+2.50
20241126,158.0,158.0,155.0,155.5,793089,123814243,1123,-2.50
20241127,156.0,157.5,151.0,151.5,1557610,238090517,1697,-4.00
20241128,151.5,151.5,146.0,148.5,1635453,243013548,1732,-3.00
20241129,148.0,154.0,147.5,154.0,1178842,179274649,1084,+5.50
20241202,155.5,156.5,153.0,153.5,851076,131215156,894,-0.50
20241203,156.0,161.5,156.0,159.0,2328632,371232529,2130,+5.50
20241204,159.5,163.5,159.5,163.5,2183237,353371983,2830,+4.50
20241205,161.5,162.0,158.5,158.5,1997720,319143227,2923,-5.00
20241206,158.0,160.0,155.0,155.5,1305722,204723256,1550,-3.00
20241209,155.5,156.5,152.0,152.5,927291,142475549,1079,-3.00
20241210,151.5,154.0,151.0,151.0,751155,113982457,936,-1.50
20241211,151.0,152.5,148.5,150.5,885089,133371043,953,-0.50
20241212,152.5,153.5,149.5,150.0,985973,149073932,1236,-0.50
20241213,150.5,151.5,148.5,149.5,748442,111989905,865,-0.50
20241216,151.0,151.5,147.0,147.0,835984,124196405,1078,-2.50
20241217,148.0,150.0,148.0,148.5,455706,67773677,996,+1.50
20241218,148.5,149.0,146.5,148.5,683980,101028530,804, 0.00
20241219,146.0,149.0,146.0,149.0,428147,63141531,534,+0.50
20241220,149.0,151.5,148.5,149.5,727477,109302794,800,+0.50
20241223,151.0,152.5,150.5,150.5,463658,70164882,502,+1.00
20241224,152.0,152.0,149.5,149.5,372695,56065696,480,-1.00
20241225,150.5,153.5,150.5,150.5,666841,101159925,660,+1.00
20241226,151.0,154.5,151.0,151.0,837898,127746575,1095,+0.50
20241227,152.0,152.0,148.5,148.5,627217,93883168,707,-2.50
20241230,148.0,149.0,147.5,147.5,325490,48190271,435,-1.00
20241231,147.0,147.5,146.0,146.5,334185,49014390,492,-1.00
20250102,147.5,148.5,145.5,146.0,533888,78252683,590,-0.50
20250103,147.0,148.0,146.0,146.0,359082,52669128,407, 0.00
20250106,147.5,149.0,147.0,148.0,401251,59358413,479,+2.00
20250107,149.0,151.0,148.0,149.0,591739,88507808,663,+1.00
20250108,147.0,147.5,145.0,145.0,1084127,158310132,1296,-4.00
20250109,145.0,145.0,138.0,138.0,1995509,279006750,2389,-7.00
20250110,138.0,139.5,135.0,135.0,932898,127826280,1166,-3.00
20250113,130.0,134.0,129.0,132.5,1424580,187403866,1347,-2.50
20250114,133.5,135.0,132.0,134.5,587718,78379432,701,+2.00
20250115,135.0,135.5,131.0,132.0,595974,79228810,895,-2.50
20250116,135.0,135.5,133.0,134.0,522841,70103831,545,+2.00
20250117,136.0,136.0,131.5,133.0,499726,66467457,586,-1.00
20250120,134.0,137.5,132.5,136.5,458905,62329729,518,+3.50
20250121,136.0,137.0,134.5,135.5,312860,42460655,583,-1.00
20250122,137.5,137.5,135.5,136.5,284556,38864716,394,+1.00
20250203,132.5,133.0,129.0,131.5,911635,119357679,1111,-5.00
20250204,134.0,134.0,130.0,131.5,597334,78447713,598, 0.00
20250205,132.5,136.5,132.5,135.5,470468,63684311,509,+4.00
20250206,137.5,138.0,135.0,135.5,289152,39403774,455, 0.00
20250207,138.5,144.5,138.5,143.5,1760307,250741882,1876,+8.00
20250210,142.5,143.5,141.0,141.5,418728,59466183,1514,-2.00
20250211,143.5,145.5,141.5,141.5,547153,78341909,624, 0.00
20250212,142.0,144.0,140.0,140.5,458078,64868783,531,-1.00
20250213,141.5,144.0,141.5,143.0,416414,59481471,466,+2.50
20250214,144.0,144.0,142.0,143.0,359698,51515303,637, 0.00
20250217,144.5,145.5,143.0,143.5,346978,50006179,495,+0.50
20250218,143.5,146.5,143.5,145.0,464693,67516249,651,+1.50
20250219,146.5,147.5,145.0,145.5,446011,65191343,778,+0.50
20250220,145.0,146.5,144.0,144.0,426570,61696790,470,-1.50
20250221,144.0,148.5,143.5,148.0,1106538,162394395,1056,+4.00
20250224,147.0,148.5,146.0,148.0,440070,64913987,580, 0.00
20250225,146.5,147.0,145.0,145.0,467763,68275126,539,-3.00
20250226,149.0,152.0,146.5,146.5,1324720,197070861,1223,+1.50
20250227,147.5,149.0,146.0,146.0,680079,99915794,630,-0.50
20250303,144.0,145.0,143.0,143.0,404607,58220691,497,-3.00
20250304,141.5,146.0,140.0,145.5,517301,74028917,497,+2.50
20250305,145.5,148.0,145.0,146.0,394140,57633728,415,+0.50
20250306,146.0,146.0,142.0,142.5,760086,108947881,1207,-3.50
20250307,142.0,142.5,140.0,140.0,426898,60124670,579,-2.50
20250310,139.5,141.0,139.0,139.0,345731,48265156,477,-1.00
20250311,135.0,136.0,131.5,135.5,783313,105195558,825,-3.50
20250312,136.0,138.5,136.0,137.0,306894,42096180,394,+1.50
20250313,138.5,142.0,136.0,136.0,561236,78018866,676,-1.00
20250314,136.5,139.0,135.0,136.5,350093,47678255,438,+0.50
20250317,138.0,138.0,136.0,136.0,304264,41586940,437,-0.50
20250318,136.0,137.5,136.0,136.5,276976,37867245,364,+0.50
20250319,137.5,137.5,133.5,134.0,322749,43522088,504,-2.50
20250320,135.0,137.5,135.0,137.5,297332,40559590,395,+3.50
20250321,138.0,139.5,137.0,137.0,531977,73483239,822,-0.50
20250324,139.5,140.0,135.0,135.0,316395,43303349,939,-2.00
20250325,137.5,137.5,133.5,134.0,362178,48788851,570,-1.00
20250326,134.5,135.5,134.0,134.5,184560,24860947,828,+0.50
20250327,134.0,134.0,130.5,131.0,552757,72965401,971,-3.50
20250328,130.0,130.0,127.0,128.5,718744,92247018,1018,-2.50
20250331,121.5,124.0,118.5,121.5,1455020,176003595,1863,-7.00
20250401,126.5,133.5,126.5,133.5,3145858,412368562,2638,+12.00
20250402,135.5,143.0,133.0,139.5,6969221,962849274,5733,+6.00
20250407,126.0,126.0,126.0,126.0,104283,13139658,242,-13.50
20250408,114.0,119.0,113.5,113.5,2177681,249332413,2180,-12.50
20250409,107.0,109.5,102.5,102.5,2099353,219820872,1936,-11.00
20250410,112.5,112.5,112.5,112.5,355674,40013314,288,+10.00
20250411,109.0,118.5,104.0,118.5,2191695,246842015,1942,+6.00
20250414,124.5,125.0,118.0,120.0,1691977,205867965,1565,+1.50
20250415,119.5,124.0,119.0,123.0,1219204,148854501,1013,+3.00
20250416,123.0,123.0,119.0,119.0,672706,81364112,1746,-4.00
20250417,118.0,120.0,115.0,120.0,710032,83863749,727,+1.00
20250418,120.0,120.5,117.0,118.5,389239,46186974,441,-1.50
20250421,118.5,118.5,114.0,114.5,497977,57426498,574,-4.00
20250422,112.5,116.5,112.0,113.5,499402,57042749,476,-1.00
20250423,116.5,120.0,116.5,117.5,635543,74971061,658,+4.00
20250424,119.5,120.5,118.0,118.5,525940,62542483,619,+1.00
20250425,122.0,123.5,119.5,122.0,1048409,127709419,991,+3.50
20250428,124.0,124.5,122.0,123.0,523125,64370328,503,+1.00
20250429,123.5,129.0,122.0,129.0,1211841,152376237,1086,+6.00
20250430,130.0,131.0,125.5,125.5,1846835,236179431,1958,-3.50
20250502,128.0,130.0,127.5,128.5,855868,110263084,834,+3.00
20250505,129.0,129.5,121.0,124.5,936317,116566766,1063,-4.00
20250506,130.5,136.5,130.5,136.5,2883759,388073408,2149,+12.00
20250507,133.5,135.5,130.0,130.5,4863281,643337705,3577,-6.00
20250508,133.5,139.5,133.5,136.0,5654506,771231948,3999,+5.50
20250509,138.0,139.0,134.0,135.5,1824338,248374649,1810,-0.50
20250512,136.0,137.0,135.5,135.5,894298,121583391,898, 0.00
20250513,138.0,138.5,135.0,136.5,1069657,146196332,991,+1.00
20250514,140.5,140.5,138.0,139.0,1522555,211731884,1494,+2.50
20250515,140.0,142.0,139.0,141.0,1799817,252989110,1969,+2.00
20250516,142.5,142.5,138.5,139.0,989812,138468799,1447,-2.00
20250519,139.0,139.5,136.5,136.5,531622,73164621,612,-2.50
20250520,139.5,147.5,139.5,142.0,5474576,789868074,4555,+5.50
20250521,142.5,148.5,142.0,144.5,4125454,602256110,4224,+2.50
20250522,143.5,143.5,141.0,142.5,1420843,201829506,1808,-2.00
20250523,142.0,143.5,140.0,141.0,969430,136978218,1013,-1.50
20250526,140.0,143.5,139.5,142.5,815682,115781324,789,+1.50
20250527,143.5,145.0,139.5,140.5,1167772,165266410,1124,-2.00
20250528,144.5,145.0,141.0,141.5,893350,127662907,1069,+1.00
20250529,143.5,145.0,142.5,143.5,1003600,144222851,944,+2.00
20250602,142.0,145.0,141.5,142.0,800012,114138226,919,-1.50
20250603,143.0,144.5,141.0,142.5,1171018,167297927,962,+0.50
20250604,146.0,148.5,144.0,144.0,1994777,290929632,1667,+1.50
20250605,149.0,153.0,147.5,149.0,5543266,831318317,4817,+5.00
20250606,147.0,150.5,144.5,150.0,2026190,299448672,1880,+1.00
20250609,139.0,139.0,135.0,136.0,3872427,527802477,3470,-14.00
20250610,136.5,141.5,135.5,141.5,1744630,241241811,1693,+5.50
20250611,141.5,145.0,139.5,143.5,2322785,331057885,2088,+2.00
20250612,143.5,144.5,141.0,141.0,625738,88910719,752,-2.50
20250613,139.5,140.0,137.5,138.0,1082696,150169330,1101,-3.00
20250616,137.5,140.5,137.0,140.0,728506,101523694,644,+2.00
20250617,141.5,142.5,140.0,140.0,490792,69291731,570, 0.00
20250618,140.0,142.0,139.5,140.5,460902,64963695,568,+0.50
20250619,140.5,142.0,139.5,141.0,535141,75337621,593,+0.50
20250620,141.0,141.5,136.5,137.5,1122963,154988117,1682,-3.50
20250623,135.0,138.5,134.0,137.5,505947,68920342,563, 0.00
20250624,139.5,142.0,139.5,141.0,599267,84524578,641,+3.50
20250625,142.5,145.0,141.5,142.0,1215019,174027633,1034,+1.00
20250626,143.5,143.5,140.5,140.5,838762,119040977,1233,-1.50
20250627,144.5,149.5,141.5,142.5,3508619,507641083,2966,+2.00
20250630,144.5,150.0,144.5,145.5,4824550,711507019,4289,+3.00
20250701,147.5,149.0,145.0,147.5,2908840,428137793,2690,+2.00
20250702,147.0,148.5,144.0,144.0,1525591,222360078,1543,-3.50
20250703,145.5,145.5,142.5,144.0,1396305,200797910,1302, 0.00
20250704,148.0,153.0,144.0,144.0,4718933,696699205,3545, 0.00
20250707,146.0,149.5,144.0,148.5,2898994,428847656,2402,+4.50
20250708,149.0,152.0,146.0,151.5,4249830,637288611,3377,+3.00
20250709,153.0,159.0,150.0,159.0,11126777,1741368938,9370,+7.50
20250710,152.5,153.5,147.0,147.0,3604573,542328055,4097,X0.00
20250711,147.5,149.0,145.5,145.5,1796017,264164083,2047,-1.50
20250714,145.5,147.0,139.0,139.0,2684957,381321906,2791,-6.50
20250715,139.0,140.5,136.5,136.5,2627727,362403506,2318,-2.50
20250716,138.0,139.0,137.5,138.5,1191130,164716139,1178,+2.00
20250717,139.5,140.5,138.0,139.5,758264,105532096,776,+1.00
20250718,140.5,140.5,138.5,139.5,881103,122726013,822, 0.00
20250721,139.5,140.0,137.0,137.0,981002,135364074,1111,-2.50
20250722,137.0,137.5,131.0,132.0,1768242,236743456,2092,-5.00
20250723,133.0,134.5,133.0,133.5,743934,99480111,754,+1.50
20250724,135.0,135.5,133.5,135.0,601911,80893631,703,+1.50
20250725,135.0,135.5,133.5,134.5,490697,65917832,555,-0.50
20250728,136.0,136.5,133.5,135.5,442993,60065680,450,+1.00
20250729,136.0,137.5,133.0,136.5,618529,83666217,762,+1.00
20250730,136.5,137.5,134.5,135.5,381376,51822370,425,-1.00
20250731,136.0,138.5,136.0,137.5,669128,92039855,771,+2.00
20250801,135.0,140.0,134.5,138.5,692822,95796977,964,+1.00
20250804,138.0,140.5,137.0,140.0,557003,77563959,853,+1.50
20250805,142.0,146.0,142.0,142.5,1187641,170428743,1774,+2.50
20250806,146.0,154.0,146.0,152.5,6801163,1024934781,6195,+10.00
20250807,154.0,155.0,150.0,153.0,3151678,481242087,4833,+0.50
20250808,154.0,155.0,151.5,153.5,1582852,243057170,2049,+0.50
20250811,153.5,163.0,153.5,162.0,6082761,971887974,6878,+8.50
20250812,167.5,178.0,166.0,178.0,18919996,3264272870,30695,+16.00
20250813,182.0,186.0,174.0,175.0,13539372,2440715879,22417,-3.00
20250814,176.5,180.0,173.5,177.0,5384297,954599383,16026,+2.00
20250815,178.0,181.5,175.0,177.5,4534198,805561896,5897,+0.50
20250818,176.5,181.0,175.0,180.0,3196162,568194364,5703,+2.50
20250819,181.0,183.0,175.5,179.0,3685168,661642030,6616,-1.00
20250820,178.0,180.0,173.5,174.0,2870408,505235620,4801,-5.00
20250821,176.5,183.5,176.0,180.0,4439808,799418450,11998,+6.00
20250822,182.5,186.0,177.5,179.0,5351142,972697139,7745,-1.00
20250825,184.5,186.0,176.5,178.0,3241229,582882649,5136,-1.00
20250826,178.0,179.5,172.0,179.5,2619043,461214588,4209,+1.50
20250827,182.0,182.5,177.5,179.5,1953927,349719134,3979, 0.00
20250828,180.0,183.5,176.5,178.5,3472442,627659955,3500,-1.00
20250829,181.5,181.5,176.0,179.0,2294881,410360548,3704,+0.50
20250901,178.5,184.0,175.5,176.0,3378670,604982979,4076,-3.00
20250902,179.0,180.0,172.5,178.0,1989588,350634340,3247,+2.00
20250903,178.0,181.5,176.5,180.5,2114136,379639290,3420,+2.50
20250904,187.0,198.5,177.0,178.5,24900197,4705685490,21291,-2.00
20250905,182.5,188.0,174.5,176.0,10387796,1874718984,11070,-2.50
20250908,171.0,171.5,162.0,163.5,7039687,1164239070,11728,-12.50
20250909,166.0,166.5,161.5,162.0,2098626,342319835,3514,-1.50
20250910,163.5,165.0,161.5,164.0,1122341,183548639,1584,+2.00
20250911,165.0,165.0,159.0,159.5,2171380,349653627,2740,-4.50
20250912,161.0,163.5,160.5,160.5,1113331,180119880,3601,+1.00
20250915,160.5,160.5,156.5,158.5,1061767,167941228,1337,-2.00
20250916,158.5,160.5,157.5,159.0,683628,108748663,994,+0.50
20250917,159.5,161.5,157.5,157.5,877798,139938712,1046,-1.50
20250918,159.0,161.0,158.0,160.0,844320,134716422,915,+2.50
20250919,161.0,162.0,158.5,158.5,967519,154766933,913,-1.50
20250922,159.5,161.5,159.0,159.5,674877,108240235,714,+1.00
20250923,160.0,161.0,159.0,160.0,809790,129571893,890,+0.50
20250924,160.0,163.0,158.5,160.0,1128707,181600555,1128, 0.00
20250925,161.5,164.5,159.0,160.0,1239713,199919161,1570, 0.00
20250926,159.5,160.0,154.0,154.0,1653902,257123271,2164,-6.00
20250930,156.0,162.0,155.5,161.5,1017203,161690349,1209,+7.50
20251001,169.0,173.0,164.5,164.5,6650401,1121040632,6246,+3.00
20251002,164.0,166.0,160.5,161.0,1557907,253107895,5182,-3.50
20251003,162.0,164.0,160.5,162.5,934094,151550145,1154,+1.50
20251007,165.0,165.0,163.0,164.0,964415,158151275,1104,+1.50
20251008,163.0,167.5,163.0,166.5,1441568,239043855,2819,+2.50
20251009,166.0,167.5,163.0,163.5,1426753,235646179,1400,-3.00
20251013,157.0,161.5,156.0,161.0,1058996,169009074,1204,-2.50
20251014,163.0,168.5,160.0,160.5,1957875,321693196,2646,-0.50
20251015,163.0,168.5,160.5,168.0,3425983,570642068,2822,+7.50
20251016,168.0,169.0,165.0,166.0,2236876,373078464,2030,-2.00
20251017,168.0,168.0,164.0,164.5,1672440,276822382,1998,-1.50
20251020,166.0,168.5,165.0,166.0,1801428,300556746,2032,+1.50
20251021,168.5,171.5,167.0,167.5,3700539,625203693,4022,+1.50
20251022,167.0,167.0,165.0,165.0,976677,162069329,1125,-2.50
20251023,165.0,165.0,162.0,162.5,1043347,169888490,1158,-2.50
20251027,165.0,167.0,163.0,166.0,1092356,180882135,1119,+3.50
20251028,164.5,170.0,164.5,169.5,2071750,348068228,2469,+3.50
20251029,172.0,173.0,169.0,169.0,2654573,453519054,3732,-0.50
20251030,170.5,170.5,165.5,166.5,1176406,197297167,3317,-2.50
20251031,166.5,168.5,166.0,167.5,773765,129190957,2966,+1.00
20251103,168.0,171.5,167.5,171.5,1616134,274444768,1643,+4.00
20251104,173.0,173.0,166.0,168.0,1977607,333517371,2274,-3.50
20251105,160.0,160.0,151.5,154.5,5467336,841999842,5341,-13.50
20251106,155.0,157.0,151.0,151.0,2050205,314880450,2921,-3.50
20251107,148.0,150.0,147.0,147.0,1854553,274298002,2071,-4.00
20251110,148.0,148.5,142.5,143.0,1570298,227001918,1916,-4.00
20251111,146.0,148.0,143.5,145.0,996044,145333966,1117,+2.00
20251112,145.5,147.0,145.0,145.0,714015,104170259,910, 0.00
20251113,145.0,146.5,143.5,146.0,686798,99536516,746,+1.00
20251114,142.5,144.0,141.5,142.0,761426,108803234,943,-4.00
20251117,142.0,142.5,139.5,140.0,854149,120238156,954,-2.00
20251118,141.0,141.5,136.5,138.0,909555,125947516,1109,-2.00
20251119,139.0,139.0,137.0,137.0,472338,65053733,1074,-1.00
20251120,143.0,144.0,140.5,141.5,551261,78113692,810,+4.50
20251121,137.5,139.5,135.5,136.5,674135,92403475,999,-5.00
20251124,138.0,140.0,137.5,140.0,597178,82826567,484,+3.50
20251125,141.5,142.0,139.0,139.5,463806,64975190,508,-0.50
20251126,140.0,144.0,140.0,143.5,662086,94444068,757,+4.00
20251127,144.5,145.0,142.0,142.5,487852,69786949,785,-1.00
20251128,143.0,144.0,141.5,143.5,402795,57638394,433,+1.00
20251201,143.5,143.5,139.5,139.5,464843,65375087,677,-4.00
20251202,141.0,141.0,138.0,138.0,456706,63522473,567,-1.50
20251203,139.5,141.0,139.0,140.0,254375,35602253,342,+2.00
20251204,140.0,141.0,138.0,138.5,395206,54922263,531,-1.50
20251205,138.0,139.5,137.0,138.5,539624,74557660,556, 0.00
20251208,131.0,133.0,128.5,130.0,2418036,316851637,2696,-8.50
20251209,130.5,131.0,128.5,129.5,948822,122908519,1136,-0.50
20251210,130.5,131.5,130.0,131.0,481637,63045014,623,+1.50
20251211,131.5,132.0,130.0,130.0,673199,88039011,718,-1.00
20251212,131.5,132.0,130.0,130.0,510279,66892042,571, 0.00
20251215,127.0,131.5,127.0,130.5,485642,63106219,521,+0.50
20251216,129.0,131.5,129.0,131.5,403076,52473114,478,+1.00
20251217,132.0,134.0,130.5,131.0,651750,85929879,770,-0.50
20251218,130.0,132.0,130.0,131.5,400317,52555424,523,+0.50
20251219,132.0,136.0,132.0,135.0,722137,97028900,824,+3.50
20251222,136.5,141.0,136.0,140.0,912072,126772045,1363,+5.00
20251223,141.5,141.5,137.5,139.0,586100,81275666,1603,-1.00
20251224,140.0,140.0,135.5,136.5,1212745,166061151,1273,-2.50
20251226,137.5,138.5,136.0,138.5,1005039,138092227,1189,+2.00
20251229,138.5,139.5,135.5,138.5,1440428,197843556,1873, 0.00
20251230,138.0,138.5,136.5,138.0,1163197,159831664,1152,-0.50
20251231,138.5,140.0,137.5,139.0,1304058,180833404,1393,+1.00
20260102,152.5,152.5,152.5,152.5,2035803,310459898,1227,+13.50
20260105,162.0,162.5,155.5,158.5,8567291,1359068767,6302,+6.00
20260106,157.5,158.0,149.0,150.0,3860434,587297170,5461,-8.50
20260107,152.5,153.5,146.5,150.0,3883127,582952202,2816, 0.00
20260108,150.0,151.5,146.5,148.0,2552754,380189029,2102,-2.00
20260109,150.0,150.0,146.5,148.5,1094146,162675655,1243,+0.50
20260112,152.0,153.5,148.0,149.0,1682617,252265807,2048,+0.50
20260113,151.0,151.5,146.0,146.5,1471639,217676554,1604,-2.50
20260114,147.5,150.0,146.5,149.0,974722,145129582,940,+2.50
20260115,149.0,149.5,147.5,148.0,614210,91113729,752,-1.00
20260116,150.0,150.0,147.0,148.0,752603,111526518,915, 0.00
20260119,148.0,149.0,146.0,147.0,909835,133897196,1130,-1.00
20260120,147.5,149.0,147.0,148.0,651456,96491096,735,+1.00
20260121,148.0,149.5,144.0,145.0,1298057,189790358,1476,-3.00
20260122,147.0,149.0,147.0,148.0,829478,122776965,936,+3.00
20260123,152.0,153.5,147.0,147.5,1526438,228254112,1553,-0.50
20260126,149.0,150.0,147.0,147.5,706721,104785324,1001, 0.00
20260127,148.5,149.0,145.0,145.0,936720,137166973,1090,-2.50
20260128,146.5,146.5,144.0,144.5,867808,125773442,949,-0.50
20260129,145.5,148.0,144.0,145.0,984125,143282218,1212,+0.50
20260130,144.0,145.5,140.0,141.5,1226773,174097020,1244,-3.50
20260202,140.0,147.5,139.5,145.5,1462454,210992834,1418,+4.00
20260203,146.5,150.0,146.5,148.5,1641603,243757125,1776,+3.00
20260204,147.5,149.0,146.5,148.0,915850,135175248,1014,-0.50
20260205,157.5,159.0,152.0,152.0,4850388,753104811,4286,+4.00
20260206,152.5,152.5,147.5,148.5,1469800,219139420,2350,-3.50
20260209,150.0,150.0,144.5,145.5,1954295,285755091,1825,-3.00
20260210,148.5,148.5,144.0,145.5,743475,108100952,833, 0.00
20260211,145.5,145.5,143.0,143.5,742622,106777079,874,-2.00
20260223,144.0,146.5,142.5,145.5,864316,125122545,861,+2.00
20260224,146.0,148.0,144.5,148.0,976455,143043703,1039,+2.50
20260225,149.0,151.5,147.5,150.5,1172363,175591672,1434,+2.50
20260226,152.5,159.5,151.0,154.5,3179648,495290935,3158,+4.00
20260302,150.5,156.5,150.5,154.5,1575742,243242715,1779, 0.00
20260303,156.0,158.0,149.5,150.0,1704965,260519607,3264,-4.50
20260304,147.5,148.5,141.0,142.5,1609037,231364582,2012,-7.50
20260305,146.0,152.0,145.5,151.5,1714209,256693549,1604,+9.00
20260306,151.0,151.5,147.5,148.5,1443899,215275946,1801,-3.00
20260309,141.5,148.0,138.5,145.5,2040580,294677459,1956,-3.00
20260310,153.0,160.0,149.0,157.0,4660381,733208635,4884,+11.50
20260311,159.5,166.0,159.0,164.5,5710933,933082527,9684,+7.50
20260312,165.5,174.5,164.0,171.0,7496730,1276039521,8026,+6.50
20260313,168.0,179.0,168.0,175.5,5543245,967864249,12532,+4.50
20260316,178.5,178.5,168.5,175.5,4257771,736480621,4107, 0.00
20260317,185.5,193.0,182.5,191.5,13840620,2629636573,15824,+16.00
20260318,193.0,197.0,186.5,195.0,8667824,1663794080,13336,+3.50
20260319,192.0,197.5,189.5,196.0,4222353,819568476,4698,+1.00
20260320,198.0,201.0,192.0,195.5,4942963,968952193,9709,-0.50
20260323,186.0,191.0,180.0,180.0,4707670,868220659,6078,-15.50
20260324,188.0,189.0,172.5,173.5,4418352,793654723,4654,-6.50
20260325,179.0,179.5,174.0,176.0,2780745,492000885,4527,+2.50
20260326,176.5,178.0,168.5,169.5,3293881,568356227,4971,-6.50
20260327,165.5,173.0,163.5,171.5,1956897,330592226,2475,+2.00
20260330,167.5,168.5,160.5,162.5,2313534,378082539,2961,-9.00
20260331,161.0,166.0,156.5,158.5,2412849,387104154,2541,-4.00
20260401,167.0,167.5,162.5,163.0,1657573,272527480,3074,+4.50
20260402,164.5,164.5,157.0,157.5,1745762,278720883,2240,-5.50
20260407,162.0,173.0,161.5,173.0,3451946,593245192,3385,+15.50
20260408,181.5,187.5,177.0,182.0,7663457,1390531173,7042,+9.00
20260409,179.0,181.5,177.0,179.0,2969708,531771690,3817,-3.00
20260410,182.0,184.5,177.0,179.0,3193020,574979000,3172, 0.00
20260413,179.5,180.0,176.0,179.5,2351435,419143518,2713,+0.50
20260414,182.5,183.0,177.0,179.5,3287476,589231570,3217, 0.00
20260415,180.0,183.5,179.0,180.0,3279318,593169795,3241,+0.50
20260416,183.5,185.5,179.0,180.0,3263994,594316014,3051, 0.00
20260417,184.0,193.0,184.0,185.5,6926358,1300430637,6433,+5.50
20260420,189.0,191.5,183.0,189.0,4639708,870843001,9260,+3.50
20260421,193.0,193.0,184.5,186.0,4368964,818649878,4505,-3.00
20260422,186.5,193.0,184.0,187.5,3500708,662416443,3681,+1.50
20260423,192.0,199.0,180.5,187.5,8610230,1631440690,9401, 0.00
20260424,182.5,183.0,169.0,174.5,8562610,1488629619,16058,-13.00
20260427,174.5,178.0,165.5,178.0,3521539,602363895,3634,+3.50
20260428,179.5,189.0,175.5,188.0,3763071,689668422,4567,+10.00
20260429,196.0,206.5,186.0,206.5,14266259,2841161753,14382,+18.50
20260430,207.5,210.0,197.5,208.0,11773244,2409037489,24059,+1.50
20260504,220.0,228.5,220.0,228.5,4078101,924505922,3414,+20.50
20260505,242.0,251.0,237.0,243.5,12641274,3098818911,12418,+15.00
20260506,258.5,259.0,231.0,234.5,8956359,2157333806,13910,-9.00
20260507,235.0,242.0,230.0,231.5,5268101,1234325457,5585,-3.00
20260508,231.0,231.5,217.0,218.5,5163534,1152490129,5775,-13.00
20260511,227.5,234.0,220.5,229.0,3578804,816556020,4129,+10.50
20260512,231.5,234.5,222.0,234.0,3529062,806401475,4003,+5.00
20260513,228.5,236.0,226.0,233.0,3373845,782348663,3484,-1.00
20260514,235.0,239.0,224.0,226.5,4451110,1021273207,4720,-6.50
20260515,228.0,229.5,218.0,218.5,3004089,666044425,4081,-8.00
20260518,215.5,224.0,212.0,218.5,2008660,437890487,2052, 0.00
20260519,219.5,221.0,212.0,216.0,2129571,460127860,2457,-2.50
20260520,217.0,219.5,213.0,217.0,1598671,345413186,1815,+1.00
20260521,224.0,238.5,222.0,238.0,6691517,1573173297,8772,+21.00
20260522,244.5,258.0,240.5,256.0,9330534,2333130742,9551,+18.00
20260525,264.5,279.0,257.5,274.0,7820023,2090177076,9007,+18.00
20260526,277.5,287.5,272.0,279.5,7419502,2080493232,8068,+5.50
20260527,279.5,291.0,277.5,281.5,5861480,1663221661,8191,+2.00
20260528,287.0,296.5,274.0,282.5,8131163,2315579509,9157,+1.00
20260529,287.0,298.0,277.0,297.0,6987775,2004765366,8361,+14.50
20260601,300.5,318.0,297.0,309.0,7216843,2218467049,8236,+12.00
20260602,312.0,316.0,303.5,311.0,5369208,1662290156,6578,+2.00
20260603,330.0,338.0,320.5,329.0,6076492,2000666118,7447,+18.00
20260604,318.0,325.0,316.5,316.5,5187713,1658044968,7548,-12.50
20260605,325.0,329.5,301.5,325.0,7243579,2296964545,8097,+8.50
20260608,298.0,329.5,298.0,327.0,7264645,2338819963,8790,+2.00
