date,open,high,low,close,volume,turnover,transactions,price_change,close_adj
20100104,175.0,177.0,172.0,177.0,826262,144234612,511,3.0,117.06106283941928
20100105,178.5,178.5,173.5,173.5,877246,154364934,584,-3.5,114.74629606010876
20100106,174.0,176.0,172.5,175.0,593993,103955275,414,1.5,115.73833896552755
20100107,175.0,176.5,172.0,173.5,490632,85413017,342,-1.5,114.74629606010876
20100108,174.5,174.5,169.5,173.0,524733,90243076,342,-0.5,114.41561509163584
20100111,173.0,173.5,169.0,169.0,586676,100000244,409,-4.0,111.77016734385231
20100112,169.0,171.5,168.0,171.5,501870,85097705,318,2.5,113.42357218621694
20100113,171.5,171.5,169.5,171.5,239697,40866187,174,0.0,113.42357218621694
20100114,172.0,173.5,171.0,172.0,328123,56436533,234,0.5,113.75425315468992
20100115,172.5,174.5,172.5,173.5,638950,110810373,449,1.5,114.74629606010876
20100118,174.0,185.5,174.0,185.5,3277596,596095548,1775,12.0,122.68263930345923
20100119,191.0,198.0,187.5,197.5,5741987,1106789452,3358,12.0,130.61898254680966
20100120,197.0,198.0,193.0,195.0,2655382,519954108,1543,-2.5,128.96557770444502
20100121,194.5,196.0,189.5,191.0,1314312,252199280,849,-4.0,126.32012995666148
20100122,188.5,194.0,188.5,191.0,1486191,284294290,881,0.0,126.32012995666148
20100125,190.0,192.0,184.0,184.5,1239668,233292744,792,-6.5,122.02127736651333
20100126,184.5,188.0,172.0,174.5,1622028,291811885,1051,-10.0,115.40765799705463
20100127,174.5,175.5,167.5,170.0,984267,168298788,627,-4.5,112.43152928079817
20100128,170.5,175.0,170.5,173.5,652532,113076568,451,3.5,114.74629606010876
20100129,173.5,178.0,167.0,175.5,992234,171380066,609,2.0,116.06901993400045
20100201,176.0,176.5,172.0,174.0,491226,85723661,310,-1.5,115.07697702858168
20100202,175.0,178.0,168.5,170.0,694041,120789446,479,-4.0,112.43152928079817
20100203,171.5,173.0,169.5,172.5,538949,92429253,364,2.5,114.08493412316288
20100204,174.0,174.5,172.5,173.5,367300,63644100,258,1.0,114.74629606010876
20100205,168.0,172.0,166.0,168.0,855771,144335684,530,-5.5,111.10880540690644
20100206,168.0,168.5,160.0,168.0,545300,90423850,367,0.0,111.10880540690644
20100208,168.5,171.5,168.0,170.5,480298,81591660,318,2.5,112.76221024927112
20100209,171.5,172.0,170.0,170.0,619222,105624240,365,-0.5,112.43152928079817
20100210,172.0,173.5,170.5,171.5,418184,71888554,303,1.5,113.42357218621694
20100222,174.5,175.0,173.0,173.5,383160,66665500,240,2.0,114.74629606010876
20100223,174.5,175.5,168.0,172.5,679510,116819210,419,-1.0,114.08493412316288
20100224,172.0,173.5,171.0,172.5,345810,59604225,230,0.0,114.08493412316288
20100225,173.5,175.0,170.0,173.0,517200,89748400,383,0.5,114.41561509163584
20100226,174.0,174.5,169.5,173.0,459200,78883900,300,0.0,114.41561509163584
20100301,174.0,174.5,172.5,174.0,308000,53470000,223,1.0,115.07697702858168
20100302,174.0,175.0,173.5,174.5,289110,50348695,217,0.5,115.40765799705463
20100303,174.5,182.0,174.5,181.0,1298184,232171710,818,6.5,119.70651058720277
20100304,182.0,183.0,176.5,178.5,540317,96881926,391,-2.5,118.05310574483808
20100305,179.0,180.0,177.5,179.0,383155,68419166,248,0.5,118.38378671331104
20100308,180.0,180.5,178.5,179.5,431400,77434399,314,0.5,118.71446768178399
20100309,180.0,184.0,180.0,181.5,1060216,192756028,628,2.0,120.03719155567572
20100310,182.0,183.0,179.0,180.5,445853,80589187,353,-1.0,119.37582961872982
20100311,181.0,186.5,181.0,182.0,1103100,202715648,671,1.5,120.36787252414867
20100312,183.0,184.0,182.0,182.5,486974,88950768,280,0.5,120.69855349262164
20100315,182.0,182.5,178.5,180.0,511241,91907639,318,-2.5,119.04514865025693
20100316,180.0,181.0,179.0,181.0,314584,56630620,236,1.0,119.70651058720277
20100317,181.5,184.0,181.5,183.5,477269,87261227,311,2.5,121.35991542956747
20100318,183.5,184.5,182.5,183.5,311706,57169198,222,0.0,121.35991542956747
20100319,184.0,189.5,184.0,186.0,1018440,190325119,674,2.5,123.01332027193212
20100322,185.5,186.0,183.5,185.5,497325,91979285,317,-0.5,122.68263930345923
20100323,186.0,191.5,186.0,186.5,1078970,203500434,651,1.0,123.3440012404051
20100324,188.0,192.5,188.0,189.5,1304396,248520844,781,3.0,125.32808705124269
20100325,189.5,192.5,187.0,191.5,978006,186303646,597,2.0,126.65081092513442
20100326,191.0,201.5,191.0,199.0,2204679,434402763,1312,7.5,131.61102545222852
20100329,199.0,200.0,195.5,195.5,1110999,219726805,585,-3.5,129.29625867291793
20100330,195.5,197.0,187.0,188.0,1080438,206822344,742,-7.5,124.33604414582386
20100331,188.0,190.5,187.5,190.5,850674,160222060,581,2.5,125.98944898818858
20100401,190.5,192.0,187.5,188.5,689920,130540960,501,-2.0,124.66672511429682
20100402,189.5,192.5,189.0,191.0,472905,90284400,302,2.5,126.32012995666148
20100406,193.5,198.5,193.5,195.0,1314203,257831977,733,4.0,128.96557770444502
20100407,198.0,198.0,193.0,195.0,758539,147980566,422,0.0,128.96557770444502
20100408,195.0,195.0,190.0,191.0,739381,141697771,441,-4.0,126.32012995666148
20100409,188.5,193.5,186.0,189.0,537333,101568937,352,-2.0,124.99740608276974
20100412,189.5,190.5,188.0,190.0,253929,48087044,192,1.0,125.65876801971562
20100413,188.0,192.5,186.5,187.0,592765,111891671,399,-3.0,123.67468220887802
20100414,189.0,190.5,187.5,189.5,481679,90762988,325,2.5,125.32808705124269
20100415,190.5,192.0,189.5,191.5,466224,88923508,288,2.0,126.65081092513442
20100416,192.0,195.0,191.5,195.0,875680,169411256,463,3.5,128.96557770444502
20100419,193.0,194.0,189.5,189.5,441410,84287990,277,-5.5,125.32808705124269
20100420,192.0,192.5,189.5,191.0,317533,60692931,244,1.5,126.32012995666148
20100421,193.0,194.0,191.5,193.0,317685,61280520,259,2.0,127.64285383055325
20100422,193.0,193.5,189.0,190.5,272512,52053035,191,-2.5,125.98944898818858
20100423,191.5,193.0,187.0,188.0,452333,85510435,322,-2.5,124.33604414582386
20100426,189.0,192.0,188.5,190.5,469108,89260020,292,2.5,125.98944898818858
20100427,191.5,192.5,188.5,191.0,482260,91929029,335,0.5,126.32012995666148
20100428,188.0,190.0,186.5,189.0,377000,70793500,222,-2.0,124.99740608276974
20100429,190.0,191.0,185.5,187.0,524352,98523472,355,-2.0,123.67468220887802
20100430,188.0,189.0,183.0,184.0,513971,95588620,340,-3.0,121.6905963980404
20100503,184.5,186.0,183.5,185.0,248400,45843699,136,1.0,122.35195833498626
20100504,185.5,189.0,184.5,189.0,547300,101919700,294,4.0,124.99740608276974
20100505,185.0,188.0,181.5,183.0,483066,88707974,353,-6.0,121.02923446109455
20100506,182.5,184.0,182.0,182.5,257309,47023429,211,-0.5,120.69855349262164
20100507,181.5,181.5,176.5,181.5,441400,78958300,240,-1.0,120.03719155567572
20100510,180.5,181.0,177.0,177.5,427120,75954980,275,-4.0,117.39174380789223
20100511,178.0,180.5,177.0,178.5,525690,94109664,265,1.0,118.05310574483808
20100512,179.0,180.5,174.5,177.5,318132,56315429,229,-1.0,117.39174380789223
20100513,178.5,179.5,176.5,178.5,302268,53682472,206,1.0,118.05310574483808
20100514,178.0,179.0,177.5,178.0,175010,31166290,110,-0.5,117.72242477636516
20100517,176.0,176.0,173.5,173.5,212022,36978350,146,-4.5,114.74629606010876
20100518,174.0,174.5,172.0,173.5,149001,25829175,115,0.0,114.74629606010876
20100519,172.5,174.0,171.0,174.0,200475,34540125,155,0.5,115.07697702858168
20100520,174.0,174.0,171.0,171.0,125211,21613897,105,-3.0,113.09289121774407
20100521,168.0,169.0,166.0,168.5,325675,54479125,238,-2.5,111.43948637537937
20100524,168.0,172.0,168.0,171.5,222200,37805500,140,3.0,113.42357218621694
20100525,170.5,172.0,168.0,170.0,252500,42992500,165,-1.5,112.43152928079817
20100526,169.0,172.5,169.0,171.5,282000,48175500,170,1.5,113.42357218621694
20100527,171.5,180.5,171.5,177.0,377036,66692408,262,5.5,117.06106283941928
20100528,179.5,180.5,175.5,177.0,231000,41044500,134,0.0,117.06106283941928
20100531,179.0,182.0,175.0,175.5,320102,56849554,204,-1.5,116.06901993400045
20100601,175.0,177.0,172.5,175.0,221159,38677312,128,-0.5,115.73833896552755
20100602,177.0,178.0,171.5,172.0,387000,67368000,225,-3.0,113.75425315468992
20100603,174.0,176.5,172.5,174.0,356213,62044668,175,2.0,115.07697702858168
20100604,175.0,177.5,173.5,174.5,276000,48519500,151,0.5,115.40765799705463
20100607,172.5,172.5,168.5,171.0,257636,43800620,141,-3.5,113.09289121774407
20100608,170.0,171.0,169.0,169.5,224200,38045200,117,-1.5,112.10084831232523
20100609,171.0,177.0,169.0,171.0,375110,64332810,256,1.5,113.09289121774407
20100610,173.0,174.0,170.0,170.5,161000,27602500,105,-0.5,112.76221024927112
20100611,172.5,175.0,171.5,172.5,215011,37165947,107,2.0,114.08493412316288
20100614,173.5,174.5,172.5,174.5,157110,27276084,112,2.0,115.40765799705463
20100615,174.5,175.0,173.5,174.5,165350,28819074,117,0.0,115.40765799705463
20100617,174.5,177.0,174.5,177.0,278885,49045145,198,2.5,117.06106283941928
20100618,177.0,178.0,176.0,177.0,223192,39501600,131,0.0,117.06106283941928
20100621,178.0,178.5,176.0,177.0,241026,42721102,148,0.0,117.06106283941928
20100622,176.5,177.0,176.0,176.5,110200,19443799,66,-0.5,116.73038187094633
20100623,176.0,176.0,172.0,174.5,331100,57482600,191,-2.0,115.40765799705463
20100624,175.0,176.0,172.0,174.5,295000,51240000,158,0.0,115.40765799705463
20100625,173.5,173.5,170.5,172.0,170007,29175714,117,-2.5,113.75425315468992
20100628,172.0,172.5,169.5,171.5,192400,32818000,139,-0.5,113.42357218621694
20100629,171.5,172.0,167.5,169.0,435467,73621456,306,-2.5,111.77016734385231
20100630,167.5,172.0,167.0,171.5,307623,52198910,190,2.5,113.42357218621694
20100701,171.5,172.5,167.5,169.0,420217,71501498,231,-2.5,111.77016734385231
20100702,169.0,170.5,169.0,169.5,421759,71603012,212,0.5,112.10084831232523
20100705,170.0,170.5,167.0,169.0,327360,55057480,248,-0.5,111.77016734385231
20100706,168.5,171.5,168.0,171.5,356100,60308800,229,2.5,113.42357218621694
20100707,171.5,172.0,168.5,169.0,269000,45655500,150,-2.5,111.77016734385231
20100708,170.0,171.0,168.5,169.5,329127,55860526,262,0.5,112.10084831232523
20100709,169.5,171.0,169.5,171.0,165669,28245899,118,1.5,113.09289121774407
20100712,171.5,173.0,171.5,172.5,242036,41666692,181,1.5,114.08493412316288
20100713,173.0,173.5,167.0,168.5,590135,99821815,420,-4.0,111.43948637537937
20100714,169.5,171.0,168.0,169.5,659113,111504153,538,1.0,112.10084831232523
20100715,169.5,170.0,161.0,164.0,1277241,210759247,910,-5.5,108.46335765912296
20100716,164.0,164.0,161.5,162.5,442555,72015410,369,-1.5,107.47131475370414
20100719,161.5,161.5,160.0,161.0,268000,43110500,171,-1.5,106.47927184828535
20100720,161.0,162.0,159.5,161.5,385428,61969336,312,0.5,106.80995281675827
20100721,162.0,165.0,161.5,164.5,388000,63452000,285,3.0,108.79403862759588
20100722,164.5,166.0,164.0,166.0,186501,30808669,141,1.5,109.78608153301471
20100723,168.5,168.5,164.5,166.0,493001,81948667,336,0.0,109.78608153301471
20100726,166.5,167.5,166.0,167.5,183350,30573125,132,1.5,110.7781244384335
20100727,168.0,168.0,166.0,166.0,110179,18357714,94,-1.5,109.78608153301471
20100728,166.5,166.5,165.0,166.0,181011,30006837,130,0.0,109.78608153301471
20100729,166.0,166.5,164.0,164.0,138111,22792704,121,-2.0,108.46335765912296
20100730,164.0,165.0,163.5,163.5,127346,20912916,97,-0.5,108.13267669065003
20100802,165.0,169.0,165.0,168.5,554440,92929199,317,5.0,111.43948637537937
20100803,170.0,171.0,165.5,167.5,415009,69784007,268,-1.0,110.7781244384335
20100804,167.0,167.5,164.0,164.5,468900,77412749,305,-3.0,108.79403862759588
20100805,165.5,166.0,164.0,164.0,175003,28843996,121,-0.5,108.46335765912296
20100806,164.0,165.5,163.5,165.0,263473,43287045,178,1.0,109.12471959606886
20100809,164.5,165.5,163.0,165.0,298624,49039460,166,0.0,109.12471959606886
20100810,166.0,166.5,163.5,164.5,269552,44561580,172,-0.5,108.79403862759588
20100811,164.5,166.0,163.0,165.0,267300,43896800,159,0.5,109.12471959606886
20100812,164.0,165.0,163.0,165.0,175318,28740629,117,0.0,109.12471959606886
20100813,165.0,167.0,164.0,167.0,350600,58095500,213,2.0,110.44744346996053
20100816,167.0,169.0,166.0,169.0,370805,62300740,232,2.0,111.77016734385231
20100817,170.5,170.5,167.0,169.0,322510,54276680,203,0.0,111.77016734385231
20100818,170.0,170.5,166.0,169.0,538350,90528150,338,0.0,111.77016734385231
20100819,169.0,169.5,167.0,169.0,596985,100516465,384,0.0,111.77016734385231
20100820,157.5,160.5,157.0,159.0,823535,130568600,522,0.0,113.7806673052204
20100823,160.0,162.0,156.0,156.0,436273,69491634,274,-3.0,111.63386226172568
20100824,157.0,159.0,156.0,156.5,152000,23850500,107,0.5,111.99166310230817
20100825,158.0,159.0,154.0,157.0,307872,48027904,196,0.5,112.34946394289058
20100826,157.0,158.0,153.5,154.0,174883,27134982,112,-3.0,110.20265889939586
20100827,154.0,154.0,151.5,152.0,161350,24578900,123,-2.0,108.77145553706603
20100830,154.0,155.0,148.5,148.5,511383,77246950,273,-3.5,106.26684965298885
20100831,148.5,150.5,139.5,142.0,653615,94308252,469,-6.5,101.61543872541698
20100901,144.0,144.5,141.0,142.0,225050,32077750,184,0.0,101.61543872541698
20100902,144.0,145.0,138.5,142.0,423120,60149040,321,0.0,101.61543872541698
20100903,144.0,146.0,142.0,146.0,621303,89033888,455,4.0,104.47784545007659
20100906,149.0,149.5,145.0,146.5,428300,62867400,330,0.5,104.83564629065903
20100907,146.5,147.0,144.5,145.0,206276,29972296,174,-1.5,103.76224376891172
20100908,144.5,146.0,143.0,145.0,462174,66813470,362,0.0,103.76224376891172
20100909,146.0,146.5,143.0,145.0,227100,32917400,156,0.0,103.76224376891172
20100910,146.0,146.0,143.5,145.0,206624,29960228,149,0.0,103.76224376891172
20100913,146.0,146.5,143.0,145.0,381100,55097000,270,0.0,103.76224376891172
20100914,146.0,146.0,143.5,145.0,305055,44142140,204,0.0,103.76224376891172
20100915,145.5,146.0,143.0,144.0,376050,54317400,224,-1.0,103.04664208774682
20100916,145.0,145.0,143.0,145.0,280794,40447023,200,1.0,103.76224376891172
20100917,145.5,155.0,143.0,155.0,1575277,239705935,908,10.0,110.91826058056077
20100920,155.0,156.0,153.0,154.5,581648,89916115,408,-0.5,110.56045973997834
20100921,155.0,156.0,153.0,154.5,251818,38859196,202,0.0,110.56045973997834
20100923,154.5,157.5,154.0,155.0,302500,47082500,235,0.5,110.91826058056077
20100924,154.5,156.0,154.0,156.0,172037,26717327,135,1.0,111.63386226172568
20100927,157.0,157.5,153.0,154.5,209000,32359000,144,-1.5,110.56045973997834
20100928,154.5,154.5,153.0,153.0,110500,16987500,87,-1.5,109.48705721823096
20100929,153.0,156.0,153.0,156.0,306883,47359865,190,3.0,111.63386226172568
20100930,156.5,156.5,153.5,155.5,311207,48164792,216,-0.5,111.27606142114325
20101001,155.5,156.0,153.5,154.0,178427,27560397,141,-1.5,110.20265889939586
20101004,153.0,156.0,152.0,152.0,271105,41777775,187,-2.0,108.77145553706603
20101005,154.0,154.5,150.0,152.0,274212,41680012,207,0.0,108.77145553706603
20101006,154.0,155.0,150.5,151.5,320006,48778906,207,-0.5,108.41365469648358
20101007,152.5,153.5,150.0,152.0,252383,38192333,177,0.5,108.77145553706603
20101008,151.5,151.5,148.0,150.0,234399,35099148,161,-2.0,107.34025217473621
20101011,151.5,151.5,149.0,150.5,221137,33162617,168,0.5,107.69805301531869
20101012,151.0,151.5,147.0,148.5,229046,34035779,204,-2.0,106.26684965298885
20101013,149.0,150.5,144.0,145.5,462861,67669764,394,-3.0,104.12004460949416
20101014,145.5,147.0,143.0,144.0,448305,64843420,371,-1.5,103.04664208774682
20101015,144.0,145.0,140.5,144.0,359644,51304736,266,0.0,103.04664208774682
20101018,144.0,144.5,139.5,140.0,308600,43462500,246,-4.0,100.18423536308715
20101019,140.0,140.5,139.5,140.5,189225,26501834,154,0.5,100.54203620366958
20101020,140.0,142.0,140.0,141.0,191550,26999550,176,0.5,100.89983704425205
20101021,142.0,143.5,141.5,143.0,263090,37485823,198,2.0,102.33104040658188
20101022,143.0,143.0,140.5,141.0,164290,23302970,144,-2.0,100.89983704425205
20101025,141.0,142.0,140.0,141.0,319963,45032763,233,0.0,100.89983704425205
20101026,141.5,142.0,138.5,139.5,322872,45189514,251,-1.5,99.8264345225047
20101027,140.0,140.0,138.0,140.0,188930,26333200,165,0.5,100.18423536308715
20101028,140.5,142.5,140.0,142.0,329262,46546704,255,2.0,101.61543872541698
20101029,143.0,143.0,140.5,141.5,182136,25756540,153,-0.5,101.25763788483452
20101101,142.0,144.0,141.0,143.5,329989,46977927,240,2.0,102.68884124716433
20101102,144.0,144.0,141.0,142.5,146450,20887400,137,-1.0,101.97323956599942
20101103,143.5,144.5,140.0,141.0,290627,41350780,235,-1.5,100.89983704425205
20101104,141.0,142.5,141.0,142.0,334867,47417247,246,1.0,101.61543872541698
20101105,143.0,144.0,142.0,143.5,282283,40358391,237,1.5,102.68884124716433
20101108,144.0,145.0,141.5,142.5,174201,24924841,121,-1.0,101.97323956599942
20101109,142.5,145.0,141.5,142.5,164665,23554095,139,0.0,101.97323956599942
20101110,143.0,144.5,140.5,142.5,213800,30306700,171,0.0,101.97323956599942
20101111,142.5,143.5,140.5,142.5,240427,34130707,168,0.0,101.97323956599942
20101112,143.0,143.0,139.5,140.0,185850,26157000,139,-2.5,100.18423536308715
20101115,141.0,142.0,139.5,141.0,145005,20430200,124,1.0,100.89983704425205
20101116,141.0,142.0,140.0,140.0,220600,31052000,182,-1.0,100.18423536308715
20101117,141.0,141.5,139.5,141.0,156603,21988920,111,1.0,100.89983704425205
20101118,141.5,141.5,140.5,140.5,60130,8477200,64,-0.5,100.54203620366958
20101119,141.0,142.0,140.0,141.0,210150,29548650,172,0.5,100.89983704425205
20101122,141.5,141.5,140.0,141.5,144675,20379012,110,0.5,101.25763788483452
20101123,141.5,141.5,140.0,141.5,135667,19116547,113,0.0,101.25763788483452
20101124,141.0,141.5,140.0,141.5,214878,30235857,172,0.0,101.25763788483452
20101125,142.0,146.0,141.5,145.5,517888,74895760,380,4.0,104.12004460949416
20101126,146.0,148.0,145.5,146.5,324606,47621582,263,1.0,104.83564629065903
20101129,147.0,149.0,145.5,146.5,271070,39858220,158,0.0,104.83564629065903
20101130,146.5,149.0,146.5,149.0,341733,50519984,253,2.5,106.62465049357135
20101201,149.0,152.0,149.0,151.0,371432,56133800,299,2.0,108.05585385590115
20101202,151.5,152.5,150.0,151.0,271759,41145350,196,0.0,108.05585385590115
20101203,151.5,152.5,150.0,151.0,158505,23947750,127,0.0,108.05585385590115
20101206,151.0,151.5,148.0,149.5,261955,39185814,180,-1.5,106.98245133415381
20101207,149.0,150.0,147.0,148.5,176744,26191868,138,-1.0,106.26684965298885
20101208,146.5,147.0,146.0,146.5,335705,49154430,163,-2.0,104.83564629065903
20101209,146.5,149.5,146.5,149.5,404932,59694868,240,3.0,106.98245133415381
20101210,150.0,152.5,150.0,151.0,362081,54696650,251,1.5,108.05585385590115
20101213,152.5,153.5,150.0,151.5,221621,33582957,165,0.5,108.41365469648358
20101214,152.5,153.0,150.0,151.0,261784,39608816,179,-0.5,108.05585385590115
20101215,152.0,152.5,149.0,151.0,183057,27600050,127,0.0,108.05585385590115
20101216,152.0,152.0,149.0,150.5,169957,25528093,136,-0.5,107.69805301531869
20101217,150.0,152.0,148.0,150.0,242400,36232600,159,-0.5,107.34025217473621
20101220,150.0,150.5,148.5,149.5,87703,13117450,83,-0.5,106.98245133415381
20101221,150.0,151.0,149.5,150.0,137655,20674921,121,0.5,107.34025217473621
20101222,150.5,151.0,148.5,150.0,176788,26435804,153,0.0,107.34025217473621
20101223,150.5,151.0,149.0,150.0,217047,32518526,149,0.0,107.34025217473621
20101224,150.5,150.5,148.0,150.0,130377,19471173,106,0.0,107.34025217473621
20101227,150.5,151.0,148.5,149.5,99603,14930347,85,-0.5,106.98245133415381
20101228,150.0,150.0,148.0,149.5,112702,16788098,96,0.0,106.98245133415381
20101229,149.5,149.5,147.0,148.5,128157,19044736,109,-1.0,106.26684965298885
20101230,149.0,149.5,146.5,148.0,110170,16314490,87,-0.5,105.9090488124064
20101231,148.5,149.5,145.0,147.5,276133,40613983,196,-0.5,105.55124797182397
20110103,148.0,148.5,144.5,144.5,236345,34629180,198,-3.0,103.40444292832923
20110104,146.5,154.5,145.0,153.5,1024023,155830004,664,9.0,109.84485805881341
20110105,153.5,154.5,149.5,150.0,631905,96173345,393,-3.5,107.34025217473621
20110106,152.0,155.0,151.0,152.5,622540,95472580,429,2.5,109.12925637764847
20110107,154.5,155.5,152.0,153.5,651992,100299276,437,1.0,109.84485805881341
20110110,153.5,155.5,152.5,154.0,440772,67863888,326,0.5,110.20265889939586
20110111,154.0,155.5,153.0,155.0,542325,83767050,352,1.0,110.91826058056077
20110112,155.0,159.0,154.5,157.0,904608,141954148,506,2.0,112.34946394289058
20110113,158.0,159.0,156.0,157.0,462512,72849884,300,0.0,112.34946394289058
20110114,157.0,157.5,154.5,156.0,318780,49838900,224,-1.0,111.63386226172568
20110117,156.5,157.5,153.0,154.0,444541,68924773,293,-2.0,110.20265889939586
20110118,154.0,156.0,152.0,156.0,420962,65016090,244,2.0,111.63386226172568
20110119,157.0,158.0,154.5,156.5,696007,108716592,425,0.5,111.99166310230817
20110120,156.5,156.5,152.5,153.5,275407,42490771,202,-3.0,109.84485805881341
20110121,154.0,154.0,149.0,150.5,361321,54550971,215,-3.0,107.69805301531869
20110124,150.5,151.5,146.5,148.0,374105,55722435,282,-2.5,105.9090488124064
20110125,148.5,150.0,148.0,149.0,172055,25631640,124,1.0,106.62465049357135
20110126,149.5,152.0,149.0,150.5,279929,42142350,171,1.5,107.69805301531869
20110127,151.5,152.0,148.0,151.0,248699,37307350,150,0.5,108.05585385590115
20110128,152.0,152.5,148.5,150.5,205119,30748731,152,-0.5,107.69805301531869
20110208,151.0,151.5,149.0,151.0,255220,38456000,126,0.5,108.05585385590115
20110209,151.0,151.5,149.5,151.0,304888,45857256,227,0.0,108.05585385590115
20110210,161.5,161.5,154.5,155.0,816423,128191142,418,4.0,110.91826058056077
20110211,155.0,156.5,149.5,151.5,285488,43724430,217,-3.5,108.41365469648358
20110214,152.0,155.0,150.0,154.0,593736,90908973,307,2.5,110.20265889939586
20110215,154.5,155.5,153.0,154.5,335470,51677380,222,0.5,110.56045973997834
20110216,154.5,156.0,154.5,156.0,336709,52147248,211,1.5,111.63386226172568
20110217,156.5,156.5,155.0,156.5,352422,54984619,235,0.5,111.99166310230817
20110218,156.5,157.5,156.0,157.0,244429,38343137,177,0.5,112.34946394289058
20110221,157.0,157.5,152.5,154.0,352469,54575257,271,-3.0,110.20265889939586
20110222,154.0,154.0,151.0,153.5,312310,47567930,207,-0.5,109.84485805881341
20110223,153.0,154.0,152.0,152.5,428102,65464555,219,-1.0,109.12925637764847
20110224,152.5,155.0,152.5,154.5,559716,85843621,260,2.0,110.56045973997834
20110225,155.0,155.0,153.5,155.0,435019,67103445,229,0.5,110.91826058056077
20110301,155.5,157.0,155.0,157.0,558765,87122721,298,2.0,112.34946394289058
20110302,157.0,157.5,154.5,157.5,408334,63607604,241,0.5,112.70726478347302
20110303,157.5,158.5,156.0,158.0,335200,52680999,236,0.5,113.0650656240555
20110304,158.0,159.0,155.5,156.0,295947,46542232,191,-2.0,111.63386226172568
20110307,156.0,157.5,156.0,156.0,187400,29373400,142,0.0,111.63386226172568
20110308,156.0,160.5,156.0,158.0,724812,114882389,421,2.0,113.0650656240555
20110309,159.0,160.0,156.0,157.5,422813,66706141,305,-0.5,112.70726478347302
20110310,158.0,158.5,156.0,157.5,361444,56931929,239,0.0,112.70726478347302
20110311,158.0,158.5,155.0,157.5,302800,47436700,195,0.0,112.70726478347302
20110314,157.0,157.0,153.5,154.0,324150,50309750,236,-3.5,110.20265889939586
20110315,154.0,155.0,143.5,149.5,583717,86318755,415,-4.5,106.98245133415381
20110316,148.0,149.0,143.5,148.0,400250,58242000,311,-1.5,105.9090488124064
20110317,147.0,147.0,142.0,144.5,302347,43432315,243,-3.5,103.40444292832923
20110318,144.0,145.5,143.0,145.0,192409,27744896,160,0.5,103.76224376891172
20110321,145.5,147.0,145.0,146.5,225670,32901654,146,1.5,104.83564629065903
20110322,147.0,147.0,144.0,146.0,171101,24901847,139,-0.5,104.47784545007659
20110323,146.0,147.0,145.5,146.5,116313,17026853,93,0.5,104.83564629065903
20110324,147.0,147.5,145.5,146.5,116805,17116030,90,0.0,104.83564629065903
20110325,147.0,147.5,145.0,146.0,190053,27794738,124,-0.5,104.47784545007659
20110328,145.0,146.0,143.5,143.5,161100,23292900,130,-2.5,102.68884124716433
20110329,143.5,145.5,143.5,144.5,111108,16063714,81,1.0,103.40444292832923
20110330,144.5,145.5,144.0,145.5,118400,17123199,89,1.0,104.12004460949416
20110331,145.5,146.5,144.0,146.0,135890,19762440,108,0.5,104.47784545007659
20110401,146.0,146.5,144.0,145.5,145052,21028618,92,-0.5,104.12004460949416
20110406,146.0,147.0,145.5,147.0,211648,30994108,132,1.5,105.19344713124151
20110407,147.0,148.0,146.0,148.0,125150,18388125,102,1.0,105.9090488124064
20110408,148.0,149.5,146.0,148.0,183691,27120768,153,0.0,105.9090488124064
20110411,148.5,153.0,148.5,152.0,444926,66890252,329,4.0,108.77145553706603
20110412,152.0,153.0,151.0,153.0,248755,37822260,189,1.0,109.48705721823096
20110413,153.0,153.5,150.0,153.0,138284,21058168,104,0.0,109.48705721823096
20110414,153.0,153.5,151.5,153.0,180960,27672420,107,0.0,109.48705721823096
20110415,153.0,153.0,150.0,151.5,56900,8624800,54,-1.5,108.41365469648358
20110418,149.5,152.0,149.5,151.0,135158,20312700,101,-0.5,108.05585385590115
20110419,151.0,152.0,149.0,151.5,165505,24989007,128,0.5,108.41365469648358
20110420,152.0,152.5,151.0,151.5,144129,21883042,97,0.0,108.41365469648358
20110421,152.0,152.0,150.0,150.5,226019,34147857,157,-1.0,107.69805301531869
20110422,151.0,155.5,151.0,154.5,420139,64633906,261,4.0,110.56045973997834
20110425,155.0,155.5,149.5,152.0,190113,29054676,153,-2.5,108.77145553706603
20110426,151.5,152.0,148.0,149.5,180411,26945239,163,-2.5,106.98245133415381
20110427,150.0,151.5,149.0,150.0,131306,19727246,114,0.5,107.34025217473621
20110428,150.0,150.5,148.0,149.0,137079,20470771,124,-1.0,106.62465049357135
20110429,149.0,149.5,146.5,148.0,112502,16649794,100,-1.0,105.9090488124064
20110503,148.5,149.5,146.0,147.0,229605,33791540,103,-1.0,105.19344713124151
20110504,147.0,147.5,145.5,146.0,150460,22023200,98,-1.0,104.47784545007659
20110505,146.0,146.0,144.5,145.0,349527,50699915,212,-1.0,103.76224376891172
20110506,144.5,145.5,143.0,144.0,250200,36038000,161,-1.0,103.04664208774682
20110509,144.0,144.5,138.5,141.5,430445,60905745,363,-2.5,101.25763788483452
20110510,141.5,141.5,137.0,139.0,530042,73498380,347,-2.5,99.46863368192221
20110511,139.0,139.5,133.5,134.5,415230,56574320,298,-4.5,96.24842611668015
20110512,133.0,136.0,133.0,134.5,350309,47022560,281,0.0,96.24842611668015
20110513,134.5,138.0,134.5,135.5,597300,80877300,444,1.0,96.96402779784506
20110516,136.5,137.0,131.5,131.5,524523,70395036,384,-4.0,94.10162107318544
20110517,133.0,135.0,131.5,133.5,317147,42140551,262,2.0,95.53282443551524
20110518,134.5,136.0,133.5,134.5,314000,42188500,269,1.0,96.24842611668015
20110519,134.5,135.0,128.0,129.5,381400,49979000,314,-5.0,92.67041771085557
20110520,129.5,130.0,120.5,128.0,593350,73986950,456,-1.5,91.59701518910825
20110523,127.0,127.0,122.0,124.0,176504,21965496,148,-4.0,88.73460846444861
20110524,124.0,127.5,123.0,126.0,245123,30806998,184,2.0,90.16581182677842
20110525,127.0,129.0,124.5,129.0,142310,18022180,120,3.0,92.31261687027319
20110526,129.5,131.0,125.0,127.5,308976,39243952,277,-1.5,91.23921434852579
20110527,127.5,128.0,125.0,125.0,137400,17395900,107,-2.5,89.45021014561353
20110530,125.0,126.5,124.0,126.0,175455,21985601,144,1.0,90.16581182677842
20110531,126.5,127.5,124.0,126.0,403070,50464750,309,0.0,90.16581182677842
20110601,126.0,131.0,126.0,128.5,477923,61510028,354,2.5,91.9548160296907
20110602,128.0,133.5,127.5,131.0,796515,104557965,420,2.5,93.74382023260299
20110603,131.5,132.5,128.5,129.5,309614,40224820,247,-1.5,92.67041771085557
20110607,129.5,131.0,128.0,131.0,340905,44248650,263,1.5,93.74382023260299
20110608,131.5,138.5,131.5,137.0,1017437,137591369,730,6.0,98.03743031959243
20110609,138.0,138.5,134.5,135.0,464029,63191899,316,-2.0,96.6062269572626
20110610,136.5,137.0,132.5,134.0,316700,42590649,260,-1.0,95.8906252760977
20110613,134.0,137.5,133.5,134.5,604250,81679500,419,0.5,96.24842611668015
20110614,137.0,137.0,132.0,134.0,425895,57057325,299,-0.5,95.8906252760977
20110615,135.0,135.5,130.0,131.0,600700,79512500,484,-3.0,93.74382023260299
20110616,130.5,133.5,129.0,129.5,575428,75302712,424,-1.5,92.67041771085557
20110617,131.0,132.0,127.0,129.5,584663,75598358,419,0.0,92.67041771085557
20110620,131.0,131.5,123.0,123.5,569100,72021900,437,-6.0,88.37680762386618
20110621,125.5,126.5,116.0,120.0,545351,66175620,448,-3.5,85.87220173978899
20110622,121.5,122.5,118.5,119.5,431763,51921440,350,-0.5,85.51440089920654
20110623,119.5,121.0,118.0,118.0,369605,44167995,261,-1.5,84.44099837745918
20110624,118.0,122.0,118.0,121.0,577260,69225329,423,3.0,86.58780342095392
20110627,121.5,123.0,119.5,120.0,587600,71283900,468,-1.0,85.87220173978899
20110628,121.5,123.0,120.0,120.5,497000,60156500,403,0.5,86.23000258037142
20110629,121.0,123.0,121.0,122.0,474412,57740176,334,1.5,87.30340510211879
20110630,122.0,123.0,121.0,121.5,456775,55618162,273,-0.5,86.94560426153635
20110701,122.5,123.5,121.5,121.5,677305,82949557,356,0.0,86.94560426153635
20110704,122.5,123.0,121.5,122.0,315100,38549200,195,0.5,87.30340510211879
20110705,122.0,127.5,122.0,127.5,687566,85748448,460,5.5,91.23921434852579
20110706,129.5,134.0,129.5,134.0,1630237,216439495,992,6.5,95.8906252760977
20110707,135.5,136.0,133.5,135.5,835615,112617525,518,1.5,96.96402779784506
20110708,135.5,136.0,131.0,132.0,563377,75056264,363,-3.5,94.45942191376787
20110711,132.0,134.5,131.0,132.5,589228,78230436,368,0.5,94.81722275435035
20110712,132.0,132.5,127.0,128.5,375571,48640373,293,-4.0,91.9548160296907
20110713,128.5,131.5,128.0,131.5,410811,53245835,302,3.0,94.10162107318544
20110714,131.5,132.0,128.5,129.0,300804,39290412,209,-2.5,92.31261687027319
20110715,129.0,131.0,129.0,130.5,272100,35316500,177,1.5,93.38601939202051
20110718,130.0,130.0,126.0,127.0,339331,43371206,229,-3.5,90.88141350794334
20110719,125.0,127.0,124.0,126.0,289180,36184680,210,-1.0,90.16581182677842
20110720,127.5,130.0,127.0,130.0,416098,53609740,270,4.0,93.02821855143807
20110721,130.5,131.5,128.5,129.0,234052,30376260,171,-1.0,92.31261687027319
20110722,130.0,133.0,129.5,133.0,679500,89557500,417,4.0,95.1750235949328
20110725,134.0,134.0,129.0,132.0,634393,83020983,386,-1.0,94.45942191376787
20110726,126.5,127.5,124.0,126.5,596901,75209973,405,0.0,94.45942191376787
20110727,126.0,127.5,125.5,125.5,222302,28108203,163,-1.0,93.7127071160306
20110728,125.0,127.0,125.0,126.0,297939,37545375,203,0.5,94.08606451489923
20110729,126.0,127.0,121.5,122.5,302050,37384100,229,-3.5,91.4725627228187
20110801,124.0,131.0,124.0,131.0,1395074,179503194,693,8.5,97.81963850358571
20110802,131.0,138.0,130.0,135.0,1725600,232614000,1087,4.0,100.80649769453488
20110803,135.0,137.0,132.5,136.0,856362,115780370,581,1.0,101.55321249227217
20110804,137.0,138.0,133.0,135.5,613595,83063730,427,-0.5,101.17985509340355
20110805,126.5,132.0,126.5,126.5,860079,110063992,543,-9.0,94.45942191376787
20110808,128.0,129.0,118.0,118.0,608968,74514192,427,-8.5,88.11234613300087
20110809,110.0,121.0,110.0,121.0,722571,81422020,479,3.0,90.35249052621273
20110810,124.0,128.5,116.0,120.0,1136395,138826295,899,-1.0,89.60577572847545
20110811,117.5,120.0,115.0,118.0,478020,56085380,366,-2.0,88.11234613300087
20110812,120.0,121.5,117.5,118.0,331012,39613428,232,0.0,88.11234613300087
20110815,119.5,120.5,119.0,120.0,262000,31401000,195,2.0,89.60577572847545
20110816,121.0,122.5,120.0,120.0,290050,35061525,197,0.0,89.60577572847545
20110817,119.5,121.0,118.0,118.5,229010,27305195,180,-1.5,88.48570353186953
20110818,118.5,118.5,113.5,114.0,340409,39342035,273,-4.5,85.12548694205168
20110819,110.0,110.5,106.5,106.5,488061,52304056,339,-7.5,79.52512595902196
20110822,104.0,104.0,99.1,99.2,681320,68070536,442,-7.3,74.0741079355397
20110823,99.2,99.8,92.3,98.8,1166500,110382097,736,-0.4,73.7754220164448
20110824,98.8,103.0,96.0,101.0,631702,62864508,470,2.2,75.41819457146686
20110825,103.0,104.0,99.0,99.5,462279,46626258,282,-1.5,74.29812237486091
20110826,99.8,101.0,98.0,100.5,411255,41069855,264,1.0,75.04483717259819
20110829,100.5,103.0,100.0,101.0,368435,37354870,229,0.5,75.41819457146686
20110830,103.0,103.5,100.5,103.0,659315,67088260,411,2.0,76.91162416694144
20110831,102.0,105.0,101.5,104.0,458597,47193588,334,1.0,77.6583389646787
20110901,105.5,106.5,103.5,104.5,403600,42443400,297,0.5,78.03169636354735
20110902,105.5,106.0,102.5,105.0,331130,34440780,244,0.5,78.405053762416
20110905,105.0,105.5,101.5,103.5,212500,21965500,167,-1.5,77.28498156581007
20110906,102.5,102.5,97.1,98.0,260403,25872555,203,-5.5,73.17805017825498
20110907,99.0,102.5,99.0,102.5,216285,21723112,165,4.5,76.53826676807279
20110908,104.0,104.5,100.5,102.0,201200,20633900,160,-0.5,76.16490936920414
20110909,102.0,103.5,100.5,101.5,247171,25134527,166,-0.5,75.7915519703355
20110913,99.8,100.5,98.5,99.5,235117,23381851,147,-2.0,74.29812237486091
20110914,99.7,101.0,98.0,99.0,221000,21986700,162,-0.5,73.92476497599228
20110915,100.0,101.0,100.0,100.5,188128,18892928,117,1.5,75.04483717259819
20110916,101.5,102.0,100.5,102.0,285165,28947330,154,1.5,76.16490936920414
20110919,102.5,103.0,100.5,101.5,140123,14265546,113,-0.5,75.7915519703355
20110920,101.5,102.0,99.0,101.5,181100,18202950,138,0.0,75.7915519703355
20110921,102.0,108.5,101.5,108.5,1327145,141667232,588,7.0,81.01855555449657
20110922,108.0,111.5,104.0,107.0,1617210,175621680,787,-1.5,79.8984833578906
20110923,103.5,104.5,100.0,101.0,580500,59289749,443,-6.0,75.41819457146686
20110926,101.5,102.5,98.0,98.0,402346,40160062,309,-3.0,73.17805017825498
20110927,100.0,102.0,99.7,100.0,509150,51312675,284,2.0,74.67147977372954
20110928,101.0,102.0,100.5,101.5,246510,24951510,177,1.5,75.7915519703355
20110929,101.0,103.0,100.0,102.5,295096,30016792,190,1.0,76.53826676807279
20110930,102.5,109.0,102.5,107.5,891468,94613076,622,5.0,80.27184075675926
20111003,105.5,108.5,104.0,104.5,506192,53783968,365,-3.0,78.03169636354735
20111004,103.0,107.0,102.5,107.0,458205,48331832,318,2.5,79.8984833578906
20111005,107.0,109.0,106.5,107.0,474443,51096620,314,0.0,79.8984833578906
20111006,108.0,109.5,106.0,107.0,965520,104371140,527,0.0,79.8984833578906
20111007,108.0,108.5,104.5,106.0,325808,34767648,254,-1.0,79.15176856015334
20111011,107.0,107.5,105.5,106.5,355905,37914430,250,0.5,79.52512595902196
20111012,107.5,107.5,105.0,105.0,138589,14658345,109,-1.5,78.405053762416
20111013,106.0,108.5,106.0,106.5,438589,46960023,322,1.5,79.52512595902196
20111014,106.5,108.0,106.0,106.5,319500,34120500,223,0.0,79.52512595902196
20111017,107.5,110.5,107.5,110.0,745513,81353917,505,3.5,82.1386277511025
20111018,109.0,111.0,108.0,110.5,381709,41853490,273,0.5,82.51198514997117
20111019,111.5,114.0,111.0,112.5,626085,70645605,435,2.0,84.00541474544575
20111020,112.5,113.5,110.5,112.5,392450,43893900,275,0.0,84.00541474544575
20111021,113.5,116.5,111.5,116.0,635370,72829602,463,3.5,86.61891653752627
20111024,118.5,120.5,117.0,119.0,886114,105221566,541,3.0,88.85906093073815
20111025,120.5,120.5,118.5,119.0,385207,45931029,258,0.0,88.85906093073815
20111026,117.5,123.0,117.5,118.0,649200,77735900,449,-1.0,88.11234613300087
20111027,118.0,123.0,118.0,121.5,672375,80936187,425,3.5,90.72584792508137
20111028,125.0,130.0,124.5,128.0,1129273,143476944,621,6.5,95.57949411037383
20111031,130.0,132.5,128.5,130.0,966097,125977610,611,2.0,97.07292370584841
20111101,130.0,132.0,130.0,131.5,581880,76085280,374,1.5,98.19299590245434
20111102,130.0,133.5,129.0,132.0,567520,74518899,384,0.5,98.56635330132298
20111103,133.0,134.0,130.5,131.0,463700,61238500,323,-1.0,97.81963850358571
20111104,133.0,134.0,131.0,132.5,535500,70686500,310,1.5,98.93971070019164
20111107,133.0,141.5,133.0,141.5,1370850,191279772,747,9.0,105.6601438798273
20111108,142.5,143.5,139.0,140.5,713575,100743208,538,-1.0,104.91342908208999
20111109,141.5,142.0,139.0,141.5,534230,75135042,387,1.0,105.6601438798273
20111110,139.0,139.5,132.5,136.0,645723,88191328,503,-5.5,101.55321249227217
20111111,137.5,139.5,136.0,136.5,496161,68408896,379,0.5,101.92656989114082
20111114,139.0,139.5,137.5,137.5,400180,55410840,321,1.0,102.6732846888781
20111115,137.0,139.5,137.0,137.0,327644,45326728,249,-0.5,102.29992729000949
20111116,137.5,139.0,133.5,134.0,518195,70319935,386,-3.0,100.05978289679759
20111117,133.5,136.0,131.5,135.5,534547,71582345,369,1.5,101.17985509340355
20111118,134.5,136.5,134.0,135.0,290318,39292771,228,-0.5,100.80649769453488
20111121,135.0,135.0,129.0,129.0,363724,47688172,297,-6.0,96.32620890811111
20111122,128.0,130.0,126.5,130.0,480888,62022552,351,1.0,97.07292370584841
20111123,130.0,130.0,128.0,129.5,388500,50155500,326,-0.5,96.69956630697979
20111124,129.0,129.0,122.0,124.0,559320,69825519,405,-5.5,92.59263491942464
20111125,124.0,126.5,117.0,119.0,498900,60850700,367,-5.0,88.85906093073815
20111128,124.0,127.0,122.5,127.0,488101,61474827,276,8.0,94.83277931263655
20111129,132.0,135.5,130.0,134.5,947743,126763689,594,7.5,100.43314029566625
20111130,135.0,135.5,131.0,135.0,604463,80710505,433,0.5,100.80649769453488
20111201,138.5,140.5,135.5,137.5,694775,95441061,511,2.5,102.6732846888781
20111202,137.0,137.0,134.5,135.0,374456,50862104,242,-2.5,100.80649769453488
20111205,135.5,140.5,135.5,139.5,1029233,143243500,679,4.5,104.16671428435275
20111206,140.0,140.0,132.0,132.0,658937,89135713,508,-7.5,98.56635330132298
20111207,134.5,138.0,134.5,136.5,820015,111756040,567,4.5,101.92656989114082
20111208,136.5,136.5,131.0,134.0,373194,49691398,293,-2.5,100.05978289679759
20111209,130.0,134.5,129.0,133.5,404329,53534420,319,-0.5,99.68642549792897
20111212,134.5,136.5,132.0,132.0,319270,42903774,248,-1.5,98.56635330132298
20111213,131.0,137.5,130.0,135.0,850000,113656500,575,3.0,100.80649769453488
20111214,135.0,136.5,134.0,136.0,441350,59675600,331,1.0,101.55321249227217
20111215,134.0,138.0,134.0,137.0,710855,97060135,526,1.0,102.29992729000949
20111216,138.5,139.0,135.0,136.0,368308,50349888,280,-1.0,101.55321249227217
20111219,136.5,138.0,132.0,133.5,435170,58714195,331,-2.5,99.68642549792897
20111220,134.5,136.0,134.0,135.0,477020,64290220,344,1.5,100.80649769453488
20111221,138.0,140.0,137.0,138.0,859914,119325632,589,3.0,103.04664208774682
20111222,138.0,139.5,136.0,137.0,467839,64473443,319,-1.0,102.29992729000949
20111223,138.0,146.5,138.0,146.0,2427695,349812275,1496,9.0,109.02036046964515
20111226,148.0,150.0,145.5,147.5,1334112,196884464,857,1.5,110.1404326662511
20111227,148.0,148.0,143.5,147.0,618818,90083928,432,-0.5,109.76707526738242
20111228,147.0,152.0,146.5,147.0,1406895,210172170,923,0.0,109.76707526738242
20111229,146.5,148.0,145.0,146.0,510050,74585800,366,-1.0,109.02036046964515
20111230,147.0,147.5,144.0,144.0,800295,116877980,458,-2.0,107.52693087417055
20120102,145.5,146.0,141.5,142.5,774175,111034111,484,-1.5,106.4068586775646
20120103,143.5,149.5,143.5,149.0,1809443,267161064,1106,6.5,111.26050486285705
20120104,150.0,150.0,145.5,147.0,1269936,187614656,848,-2.0,109.76707526738242
20120105,148.0,148.5,145.5,147.0,843986,123707956,543,0.0,109.76707526738242
20120106,147.5,148.0,144.0,144.5,783038,114138990,539,-2.5,107.90028827303921
20120109,144.5,147.0,144.0,145.5,662450,96466250,448,1.0,108.64700307077649
20120110,146.0,147.0,143.0,143.5,743195,107087385,471,-2.0,107.15357347530191
20120111,143.5,145.5,142.0,142.5,748553,107353579,545,-1.0,106.4068586775646
20120112,143.5,144.5,136.0,137.0,1232761,172093018,798,-5.5,102.29992729000949
20120113,139.0,140.5,138.0,138.5,1037663,144080820,772,1.5,103.41999948661544
20120116,140.0,141.0,135.5,138.5,808200,111529500,578,0.0,103.41999948661544
20120117,139.5,146.5,138.5,146.0,1575949,224720054,1050,7.5,109.02036046964515
20120118,146.0,147.0,143.5,145.0,889330,128809680,592,-1.0,108.27364567190786
20120130,148.0,148.0,144.5,146.0,790978,115432810,583,1.0,109.02036046964515
20120131,145.0,150.5,145.0,150.0,1519721,226177288,1046,4.0,112.00721966059432
20120201,149.5,160.5,149.5,157.0,3628362,574783472,1674,7.0,117.23422324475538
20120202,156.0,160.0,155.0,158.0,1740805,273804885,1020,1.0,117.98093804249271
20120203,158.0,163.0,155.5,156.0,1431802,226464112,904,-2.0,116.4875084470181
20120204,158.0,166.0,157.0,157.5,3077334,498105438,1701,1.5,117.60758064362403
20120206,159.0,160.0,153.0,153.0,1235848,192640744,787,-4.5,114.24736405380624
20120207,151.5,155.0,148.5,152.5,1856342,281159654,1109,-0.5,113.87400665493756
20120208,152.5,155.5,152.0,155.5,1642656,252806180,1093,3.0,116.11415104814945
20120209,156.0,161.0,154.5,155.0,1733118,273271347,1132,-0.5,115.74079364928077
20120210,157.0,157.5,152.0,152.5,991372,152596544,699,-2.5,113.87400665493756
20120213,153.0,155.5,152.0,154.5,790854,121752938,528,2.0,115.36743625041215
20120214,154.5,156.0,152.0,152.5,598756,91974543,422,-2.0,113.87400665493756
20120215,153.5,158.0,153.0,156.0,1620804,252880620,844,3.5,116.4875084470181
20120216,156.0,161.0,153.5,155.0,1868865,295395575,1199,-1.0,115.74079364928077
20120217,156.5,157.5,149.5,153.5,1350883,206832599,801,-1.5,114.62072145267487
20120220,154.0,155.0,153.0,155.0,648581,99987974,398,1.5,115.74079364928077
20120221,156.0,157.5,155.0,155.0,632405,98760570,420,0.0,115.74079364928077
20120222,156.0,163.0,155.5,160.5,2634733,421687280,1455,5.5,119.84772503683595
20120223,160.5,162.0,157.0,158.0,1259102,200325116,678,-2.5,117.98093804249271
20120224,159.5,159.5,153.5,154.5,979429,152129278,572,-3.5,115.36743625041215
20120229,155.5,161.5,155.5,160.0,1561003,248226976,906,5.5,119.47436763796726
20120301,160.0,163.5,160.0,162.0,1210513,196014349,749,2.0,120.9677972334419
20120302,163.0,164.0,160.0,162.0,871651,140991311,471,0.0,120.9677972334419
20120303,162.0,173.0,161.5,172.5,2183605,363575756,1239,10.5,128.80830260968347
20120305,173.0,181.0,172.0,175.5,4066772,716612100,2485,3.0,131.04844700289536
20120306,174.0,174.5,165.0,173.0,1591681,270445470,1067,-2.5,129.18166000855214
20120307,169.0,179.5,168.0,174.0,2389202,417579046,1437,1.0,129.9283748062894
20120308,176.0,176.5,173.0,174.0,1500400,262575100,1028,0.0,129.9283748062894
20120309,176.5,181.0,174.5,178.0,2134854,380517158,1373,4.0,132.91523399723857
20120312,180.0,180.0,176.0,176.5,1057669,188181408,688,-1.5,131.7951618006327
20120313,177.5,178.5,170.0,175.0,1626021,282630675,964,-1.5,130.67508960402674
20120314,178.0,178.5,173.0,173.5,972858,170852292,651,-1.5,129.55501740742082
20120315,175.5,185.5,175.0,185.5,3379568,615306080,1955,12.0,138.5155949802683
20120316,186.0,187.5,183.5,185.0,1965451,364753984,1259,-0.5,138.14223758139963
20120319,185.0,188.0,182.0,185.5,1029978,190349939,702,0.5,138.5155949802683
20120320,186.0,188.5,183.0,185.0,1000807,185997988,656,-0.5,138.14223758139963
20120321,187.5,187.5,179.5,180.5,1345427,245050360,831,-4.5,134.78202099158182
20120322,180.5,184.0,177.0,180.5,953436,172164480,694,0.0,134.78202099158182
20120323,180.5,181.0,177.0,179.0,905353,161476334,530,-1.5,133.66194879497587
20120326,179.0,180.0,176.5,178.0,461491,82243152,341,-1.0,132.91523399723857
20120327,179.0,179.5,169.0,174.0,1657880,290308000,888,-4.0,129.9283748062894
20120328,174.0,178.5,174.0,178.5,777472,137113516,547,4.5,133.28859139610722
20120329,178.5,178.5,172.5,174.0,954853,166626422,672,-4.5,129.9283748062894
20120330,174.0,178.0,173.0,177.5,905830,158761493,545,3.5,132.54187659836995
20120402,177.5,177.5,170.5,173.5,551620,95872690,348,-4.0,129.55501740742082
20120403,174.0,175.5,166.0,167.0,1053453,177842698,682,-6.5,124.70137122212837
20120405,160.5,165.0,158.5,165.0,859755,139109320,463,-2.0,123.20794162665372
20120406,165.0,175.0,165.0,172.5,1091377,186886721,730,7.5,128.80830260968347
20120409,168.0,172.0,167.0,169.0,671954,113778244,434,-3.5,126.1948008176029
20120410,171.0,172.0,164.5,169.0,1152588,194197372,607,0.0,126.1948008176029
20120411,166.0,169.0,166.0,168.5,504213,84760210,300,-0.5,125.8214434187343
20120412,169.0,171.5,168.0,171.5,814215,138529151,553,3.0,128.06158781194617
20120413,172.5,175.0,171.5,173.0,730602,126728044,491,1.5,129.18166000855214
20120416,171.0,172.5,170.5,172.5,430460,73841160,264,-0.5,128.80830260968347
20120417,172.5,173.5,168.0,170.0,558856,95221808,407,-2.5,126.94151561534022
20120418,171.5,173.0,169.0,172.0,504440,86385740,346,2.0,128.43494521081485
20120419,172.0,172.0,166.0,166.0,1038005,174206825,607,-6.0,123.95465642439106
20120420,166.0,169.0,165.0,166.5,696076,115989578,415,0.5,124.3280138232597
20120423,165.0,169.0,165.0,168.0,495802,82937236,364,1.5,125.44808601986563
20120424,167.5,169.0,162.5,164.0,702400,116185100,399,-4.0,122.46122682891644
20120425,167.0,167.5,163.5,165.0,546304,90122160,385,1.0,123.20794162665372
20120426,165.0,166.5,159.5,159.5,1026741,166228187,729,-5.5,119.10101023909861
20120427,159.5,161.0,153.0,153.0,914202,143944708,653,-6.5,114.24736405380624
20120430,153.0,153.0,142.5,145.0,1598236,232116192,969,-8.0,108.27364567190786
20120502,150.0,155.0,148.0,155.0,1364854,208158370,816,10.0,115.74079364928077
20120503,157.0,164.5,156.5,160.0,1443422,231299840,885,5.0,119.47436763796726
20120504,159.0,166.0,159.0,163.5,780392,127652396,545,3.5,122.08786943004783
20120507,161.5,163.5,159.5,163.0,505408,81393004,370,-0.5,121.71451203117917
20120508,165.0,169.5,165.0,167.5,991420,165645928,666,4.5,125.07472862099702
20120509,167.5,169.0,163.0,169.0,844608,141078144,630,1.5,126.1948008176029
20120510,169.5,170.0,166.5,169.0,647100,108798000,541,0.0,126.1948008176029
20120511,169.0,169.0,165.0,167.0,579207,96396862,330,-2.0,124.70137122212837
20120514,166.5,167.5,166.0,166.5,392360,65439120,257,-0.5,124.3280138232597
20120515,165.0,167.5,161.5,167.5,669205,109852530,462,1.0,125.07472862099702
20120516,167.0,167.5,162.5,164.5,444500,73351500,321,-3.0,122.83458422778514
20120517,162.5,165.0,162.0,165.0,546623,89511041,346,0.5,123.20794162665372
20120518,163.0,164.5,160.0,161.0,551501,89739664,407,-4.0,120.22108243570456
20120521,161.0,162.5,159.0,159.5,382053,61494639,248,-1.5,119.10101023909861
20120522,160.5,167.0,160.5,167.0,481615,78363090,347,7.5,124.70137122212837
20120523,165.0,165.0,161.5,163.5,442250,72296250,314,-3.5,122.08786943004783
20120524,163.0,164.0,162.0,163.0,394002,64197326,218,-0.5,121.71451203117917
20120525,163.5,164.5,159.5,162.5,378326,61520312,303,-0.5,121.34115463231055
20120528,162.5,163.0,157.0,161.5,498100,79520300,334,-1.0,120.5944398345732
20120529,162.5,167.0,162.0,165.0,787250,129822500,481,3.5,123.20794162665372
20120530,165.0,167.0,164.0,166.5,520612,86056592,326,1.5,124.3280138232597
20120531,165.0,171.5,165.0,171.0,1143455,193760850,882,4.5,127.6882304130775
20120601,169.5,172.0,166.0,167.5,818968,138745688,584,-3.5,125.07472862099702
20120604,160.0,165.0,159.5,164.0,597600,97035900,407,-3.5,122.46122682891644
20120605,165.0,167.5,164.0,165.0,526650,87267600,374,1.0,123.20794162665372
20120606,166.0,173.0,165.5,173.0,805223,136874356,590,8.0,129.18166000855214
20120607,175.0,175.5,169.0,169.5,658200,113353698,491,-3.5,126.56815821647162
20120608,169.0,172.0,169.0,170.5,406368,69171060,348,1.0,127.31487301420883
20120611,172.0,173.5,166.5,169.0,563986,95425120,467,-1.5,126.1948008176029
20120612,165.0,168.5,164.0,166.0,484000,80344000,325,-3.0,123.95465642439106
20120613,166.0,168.5,165.5,168.0,433288,72231816,370,2.0,125.44808601986563
20120614,168.0,169.0,165.5,167.5,515000,85890500,398,-0.5,125.07472862099702
20120615,167.5,172.0,166.0,172.0,801802,135126142,456,4.5,128.43494521081485
20120618,173.0,174.0,170.0,170.5,589310,101176854,396,-1.5,127.31487301420883
20120619,171.0,172.0,168.5,169.5,482764,81989116,289,-1.0,126.56815821647162
20120620,171.0,171.0,168.5,170.0,540105,91505245,395,0.5,126.94151561534022
20120621,170.0,172.5,168.0,170.0,734100,124892400,513,0.0,126.94151561534022
20120622,169.0,169.5,168.0,169.5,267368,45118374,195,-0.5,126.56815821647162
20120625,168.5,169.5,167.0,167.0,230205,38693131,173,-2.5,124.70137122212837
20120626,167.0,168.0,165.5,166.5,329743,54989838,230,-0.5,124.3280138232597
20120627,167.5,169.5,167.0,169.0,437897,73699196,339,2.5,126.1948008176029
20120628,170.0,170.0,168.0,168.5,264512,44720414,185,-0.5,125.8214434187343
20120629,169.0,170.0,168.5,168.5,313505,53067085,211,0.0,125.8214434187343
20120702,170.0,172.0,170.0,172.0,428747,73413110,320,3.5,128.43494521081485
20120703,173.0,173.0,170.5,172.5,307455,52813031,215,0.5,128.80830260968347
20120704,173.0,183.0,171.5,180.0,1583622,281333647,1071,7.5,134.4086635927132
20120705,180.0,181.0,178.0,180.5,457349,82177820,364,0.5,134.78202099158182
20120706,180.5,181.5,178.0,180.5,419914,75478560,276,0.0,134.78202099158182
20120709,179.0,179.5,175.0,175.0,349040,61883478,287,-5.5,130.67508960402674
20120710,175.5,178.5,173.0,175.0,495523,87375502,388,0.0,130.67508960402674
20120711,175.0,176.5,174.5,175.5,230135,40397625,184,0.5,131.04844700289536
20120712,176.5,178.5,175.0,175.5,344301,60763675,256,0.0,131.04844700289536
20120713,175.5,177.0,174.5,176.5,288250,50768375,212,1.0,131.7951618006327
20120716,177.5,178.5,176.5,178.0,373705,66313136,238,1.5,132.91523399723857
20120717,178.5,179.0,175.5,178.0,311285,55116445,219,0.0,132.91523399723857
20120718,178.5,179.0,175.5,177.0,186180,32984180,156,-1.0,132.1685191995013
20120719,178.0,178.5,176.5,177.0,212837,37742812,133,0.0,132.1685191995013
20120720,178.0,178.0,177.0,178.0,207304,36794960,113,1.0,132.91523399723857
20120723,177.0,177.0,172.0,173.5,380258,66152392,256,-4.5,129.55501740742082
20120724,173.0,174.5,171.0,172.5,222247,38412107,177,-1.0,128.80830260968347
20120725,172.5,173.0,170.0,172.0,300300,51509800,224,-0.5,128.43494521081485
20120726,172.0,173.0,169.0,170.0,316102,54005491,264,-2.0,126.94151561534022
20120727,171.0,174.0,169.5,170.5,666325,114463910,419,0.5,127.31487301420883
20120730,171.5,173.5,171.0,171.5,377305,64920306,268,1.0,128.06158781194617
20120731,172.0,174.0,170.0,174.0,671635,115421170,458,2.5,129.9283748062894
20120801,170.0,172.0,168.0,170.0,823125,139975812,590,0.0,130.3116443484909
20120803,170.0,171.0,168.5,170.5,490446,83190320,374,0.5,130.6949138906923
20120806,171.0,172.0,164.0,164.0,786315,132251845,463,-6.5,125.71240984207351
20120807,166.0,171.0,166.0,167.0,1197120,201912540,685,3.0,128.0120270952822
20120808,168.0,170.5,167.0,169.0,545512,92181016,387,2.0,129.54510526408797
20120809,170.0,174.5,170.0,174.5,892421,153733543,552,5.5,133.76107022830382
20120810,174.5,177.0,174.0,176.0,647011,113469929,408,1.5,134.9108788549082
20120813,176.5,177.0,175.0,176.0,349517,61536975,236,0.0,134.9108788549082
20120814,176.0,177.0,174.5,175.5,289510,50890250,223,-0.5,134.52760931270674
20120815,176.0,176.0,172.5,174.0,509551,88843598,327,-1.5,133.37780068610243
20120816,174.0,176.5,174.0,175.5,376181,65968081,247,1.5,134.52760931270674
20120817,176.5,176.5,172.0,173.0,561476,97426872,340,-2.5,132.61126160169948
20120820,174.0,175.0,172.5,174.5,436316,75800984,287,1.5,133.76107022830382
20120821,175.0,175.0,173.0,174.5,344603,59924922,263,0.0,133.76107022830382
20120822,174.0,174.5,172.5,172.5,257330,44627260,162,-2.0,132.2279920594981
20120823,173.0,174.0,170.5,171.5,369269,63519499,254,-1.0,131.4614529750952
20120824,171.5,173.0,171.0,173.0,320057,55004804,221,1.5,132.61126160169948
20120827,174.5,176.5,173.5,174.0,555300,97100549,413,1.0,133.37780068610243
20120828,175.0,176.5,173.0,174.0,361446,63069379,280,0.0,133.37780068610243
20120829,175.0,175.5,170.0,173.0,456140,78313080,351,-1.0,132.61126160169948
20120830,173.0,174.0,170.5,172.5,434048,74734828,345,-0.5,132.2279920594981
20120831,172.5,179.0,172.0,178.0,1113201,194822674,723,5.5,136.44395702371392
20120903,179.0,180.0,176.0,179.5,805670,143659430,536,1.5,137.59376565031826
20120904,180.0,180.0,178.5,180.0,685650,122916674,374,0.5,137.9770351925197
20120905,180.0,180.0,177.5,179.0,404563,72221493,297,-1.0,137.2104961081168
20120906,179.0,179.0,172.5,175.0,743075,129964050,508,-4.0,134.14433977050527
20120907,174.0,175.0,172.5,174.5,545210,94560645,360,-0.5,133.76107022830382
20120910,174.5,174.5,172.0,174.0,363840,63161660,279,-0.5,133.37780068610243
20120911,173.5,175.5,172.5,175.0,507545,88394601,298,1.0,134.14433977050527
20120912,176.0,176.5,174.0,176.0,701271,122871040,394,1.0,134.9108788549082
20120913,176.0,177.0,173.5,176.0,702927,123280187,467,0.0,134.9108788549082
20120914,177.0,177.0,173.5,176.0,619100,108476100,384,0.0,134.9108788549082
20120917,176.0,176.0,172.5,173.0,630488,109721144,366,-3.0,132.61126160169948
20120918,173.0,175.0,173.0,173.0,533408,92749879,352,0.0,132.61126160169948
20120919,173.0,174.0,172.0,173.0,491965,85056962,279,0.0,132.61126160169948
20120920,173.5,175.0,173.0,174.5,456510,79435740,298,1.5,133.76107022830382
20120921,174.5,177.0,173.5,177.0,594558,104340708,424,2.5,135.67741793931108
20120924,177.0,177.5,175.5,175.5,354461,62676175,211,-1.5,134.52760931270674
20120925,176.0,176.5,173.5,174.0,406820,71279270,259,-1.5,133.37780068610243
20120926,175.0,175.0,165.5,169.5,936729,158403701,615,-4.5,129.9283748062894
20120927,169.0,171.0,168.0,168.0,339315,57420760,268,-1.5,128.77856617968507
20120928,169.5,170.5,163.5,168.0,648114,108206152,507,0.0,128.77856617968507
20121001,168.0,170.0,168.0,169.5,349801,59221369,319,1.5,129.9283748062894
20121002,172.0,172.0,167.5,169.0,300935,50937515,236,-0.5,129.54510526408797
20121003,169.5,170.0,167.5,169.5,263525,44411775,183,0.5,129.9283748062894
20121004,169.5,170.0,168.0,169.5,242815,41055235,164,0.0,129.9283748062894
20121005,169.5,171.5,166.5,169.5,450020,76172390,335,0.0,129.9283748062894
20121008,169.0,170.0,165.5,166.5,475234,79516844,379,-3.0,127.62875755308079
20121009,167.0,168.0,164.5,167.5,578537,96261179,376,1.0,128.39529663748365
20121011,167.5,169.0,165.5,168.5,550775,91924200,392,1.0,129.16183572188652
20121012,169.0,169.0,166.5,168.0,266750,44786375,176,-0.5,128.77856617968507
20121015,168.5,169.0,167.5,168.5,322240,54185198,210,0.5,129.16183572188652
20121016,168.5,169.5,168.5,169.5,445282,75215080,273,1.0,129.9283748062894
20121017,169.5,170.0,168.5,169.5,293400,49721400,169,0.0,129.9283748062894
20121018,170.0,170.0,168.5,169.5,192549,32634504,125,0.0,129.9283748062894
20121019,169.5,169.5,168.0,168.0,189040,31957720,155,-1.5,128.77856617968507
20121022,167.0,167.5,166.0,166.5,142176,23698804,106,-1.5,127.62875755308079
20121023,166.5,168.5,166.5,168.5,336459,56430612,269,2.0,129.16183572188652
20121024,168.0,170.5,166.5,168.5,373000,62735000,310,0.0,129.16183572188652
20121025,168.5,170.0,166.5,168.0,398205,66942235,334,-0.5,128.77856617968507
20121026,168.0,169.0,162.0,163.0,491155,81070765,279,-5.0,124.94587075767069
20121029,163.0,165.0,162.0,163.0,355177,58079174,250,0.0,124.94587075767069
20121030,163.5,166.5,163.0,166.5,888620,146464920,673,3.5,127.62875755308079
20121031,166.5,167.0,161.5,164.0,653475,107383900,445,-2.5,125.71240984207351
20121101,164.5,165.0,160.0,165.0,675250,109524750,473,1.0,126.47894892647642
20121102,166.0,169.5,163.0,169.0,1045035,174750176,684,4.0,129.54510526408797
20121105,169.0,170.0,166.0,169.5,840001,140826670,481,0.5,129.9283748062894
20121106,169.5,169.5,166.0,169.0,629050,105374450,442,-0.5,129.54510526408797
20121107,169.0,169.0,166.0,167.0,723008,120738836,524,-2.0,128.0120270952822
20121108,166.0,167.0,165.0,167.0,851051,141219068,576,0.0,128.0120270952822
20121109,166.5,168.0,166.0,167.5,917469,152946261,670,0.5,128.39529663748365
20121112,168.0,169.0,166.0,167.5,752050,125660325,584,0.0,128.39529663748365
20121113,167.5,168.0,164.5,166.0,612268,101722524,482,-1.5,127.24548801087931
20121114,166.0,167.5,164.5,165.5,445050,73840900,357,-0.5,126.86221846867781
20121115,166.0,167.0,164.5,165.0,951761,157407065,705,-0.5,126.47894892647642
20121116,165.0,169.0,165.0,169.0,1053232,175587940,566,4.0,129.54510526408797
20121119,169.0,169.5,167.0,169.0,442822,74681870,304,0.0,129.54510526408797
20121120,169.5,169.5,166.0,166.0,598100,100208000,369,-3.0,127.24548801087931
20121121,166.5,166.5,162.5,165.5,656001,108035173,404,-0.5,126.86221846867781
20121122,166.0,168.0,165.5,167.0,469258,78286828,283,1.5,128.0120270952822
20121123,167.5,168.5,167.0,167.5,481242,80595535,286,0.5,128.39529663748365
20121126,168.5,170.5,168.0,169.5,678673,114807900,352,2.0,129.9283748062894
20121127,170.0,170.0,167.5,168.0,286080,48269440,170,-1.5,128.77856617968507
20121128,168.5,169.0,167.0,168.5,406651,68298542,282,0.5,129.16183572188652
20121129,169.0,169.5,167.5,169.0,438104,73837024,265,0.5,129.54510526408797
20121130,169.5,170.0,167.0,169.0,523071,88164999,348,0.0,129.54510526408797
20121203,169.5,170.0,168.5,170.0,420396,71180320,235,1.0,130.3116443484909
20121204,170.0,171.0,169.0,171.0,459030,77961630,294,1.0,131.07818343289375
20121205,171.0,171.0,169.5,171.0,370600,63134600,234,0.0,131.07818343289375
20121206,171.0,176.0,171.0,175.5,1250099,217841825,639,4.5,134.52760931270674
20121207,175.5,175.5,174.0,174.5,563664,98578372,265,-1.0,133.76107022830382
20121210,174.5,175.5,173.5,174.5,288281,50287752,185,0.0,133.76107022830382
20121211,174.0,174.5,171.5,174.0,326100,56486349,188,-0.5,133.37780068610243
20121212,174.5,175.0,171.5,175.0,572369,99412206,350,1.0,134.14433977050527
20121213,175.5,176.0,173.0,175.5,495161,86635175,246,0.5,134.52760931270674
20121214,175.5,175.5,174.0,175.0,288103,50354422,156,-0.5,134.14433977050527
20121217,175.0,175.0,174.0,174.0,431085,75281205,231,-1.0,133.37780068610243
20121218,175.0,177.0,172.5,175.0,921691,161421734,495,1.0,134.14433977050527
20121219,175.0,177.0,175.0,176.0,439099,77306372,244,1.0,134.9108788549082
20121220,175.5,176.0,174.0,175.5,252078,44161610,125,-0.5,134.52760931270674
20121221,175.5,176.0,174.0,176.0,496276,86992800,256,0.5,134.9108788549082
20121222,176.0,177.0,175.0,176.0,200435,35350341,106,0.0,134.9108788549082
20121224,176.0,176.5,175.0,176.0,286088,50237488,166,0.0,134.9108788549082
20121225,176.5,180.0,176.0,180.0,680969,121678951,442,4.0,137.9770351925197
20121226,180.0,181.0,178.5,181.0,529575,95331000,299,1.0,138.74357427692263
20121227,181.0,182.5,180.5,182.0,445493,80941476,278,1.0,139.5101133613255
20121228,182.0,185.0,182.0,184.0,584366,107213478,416,2.0,141.04319153013128
20130102,184.5,187.0,184.0,185.0,413725,76710900,312,1.0,141.80973061453415
20130103,186.0,186.5,182.0,184.0,325756,60138725,254,-1.0,141.04319153013128
20130104,184.0,185.0,180.0,181.0,517500,94418749,356,-3.0,138.74357427692263
20130107,182.0,184.5,182.0,183.5,458635,83889705,358,2.5,140.65992198792983
20130108,184.0,186.0,184.0,185.0,448388,82841892,287,1.5,141.80973061453415
20130109,185.0,194.0,185.0,185.5,1081399,205160315,693,0.5,142.1930001567356
20130110,187.0,190.5,186.0,187.0,491497,92241190,355,1.5,143.3428087833399
20130111,187.0,188.5,183.0,188.0,464090,85951373,360,1.0,144.10934786774288
20130114,188.0,189.5,187.0,189.5,381774,72128398,243,1.5,145.25915649434714
20130115,190.0,191.0,188.0,189.5,401901,76337838,261,0.0,145.25915649434714
20130116,189.5,190.5,186.5,187.0,335600,63456900,194,-2.5,143.3428087833399
20130117,187.5,189.0,185.0,187.0,362549,67941614,225,0.0,143.3428087833399
20130118,187.5,190.0,187.5,190.0,359175,67794161,234,3.0,145.64242603654858
20130121,190.5,191.0,188.5,191.0,479299,90983310,295,1.0,146.4089651209515
20130122,191.0,192.0,190.0,191.5,331988,63412713,221,0.5,146.79223466315295
20130123,191.5,192.0,189.5,190.5,241651,46051690,167,-1.0,146.02569557875003
20130124,190.5,191.5,189.0,191.0,352028,66921320,250,0.5,146.4089651209515
20130125,191.0,192.0,189.5,192.0,362080,69213360,230,1.0,147.17550420535437
20130128,192.0,193.5,190.5,193.0,569908,109328289,436,1.0,147.9420432897573
20130129,193.0,196.5,193.0,195.0,601005,116926967,436,2.0,149.47512145856308
20130130,195.0,196.0,193.0,195.0,415879,80810964,333,0.0,149.47512145856308
20130131,195.0,195.0,190.0,193.5,541103,104379827,431,-1.5,148.3253128319587
20130201,193.5,194.5,191.5,193.5,584296,112787332,386,0.0,148.3253128319587
20130204,193.5,194.5,192.0,194.0,567804,109699172,462,0.5,148.70858237416013
20130205,194.0,195.0,192.5,194.5,526100,101811348,397,0.5,149.0918519163616
20130206,194.5,196.0,193.5,195.0,431999,84177304,300,0.5,149.47512145856308
20130218,196.0,200.0,196.0,198.0,511257,100952129,354,3.0,151.7747387117717
20130219,198.0,198.0,196.0,198.0,478780,94542660,345,0.0,151.7747387117717
20130220,199.0,202.0,198.0,199.0,609523,121743054,398,1.0,152.54127779617457
20130221,199.0,201.5,195.0,197.5,397801,78843297,274,-1.5,151.39146916957029
20130222,197.5,198.0,192.0,193.0,549471,106559932,406,-4.5,147.9420432897573
20130223,193.5,195.0,193.5,195.0,343219,66718486,228,2.0,149.47512145856308
20130225,195.0,197.0,194.0,194.0,251254,49163530,174,-1.0,148.70858237416013
20130226,193.0,195.0,192.0,195.0,388135,75093825,272,1.0,149.47512145856308
20130227,195.0,195.5,193.5,195.0,316725,61619012,221,0.0,149.47512145856308
20130301,195.0,195.5,192.5,193.5,392869,76194217,258,-1.5,148.3253128319587
20130304,193.5,193.5,188.0,190.0,534363,101335970,347,-3.5,145.64242603654858
20130305,190.0,197.0,189.0,197.0,732573,141503091,517,7.0,151.00819962736884
20130306,198.0,199.0,197.0,199.0,452265,89669470,317,2.0,152.54127779617457
20130307,199.0,200.0,197.5,199.0,482933,96049200,396,0.0,152.54127779617457
20130308,199.5,199.5,196.0,198.0,465366,92321283,384,-1.0,151.7747387117717
20130311,198.5,199.0,195.0,198.5,454000,89651000,280,0.5,152.1580082539732
20130312,198.5,199.0,194.0,196.0,476350,93662250,289,-2.5,150.24166054296592
20130313,196.5,198.0,194.5,198.0,684348,134635056,502,2.0,151.7747387117717
20130314,198.5,201.0,198.0,201.0,854368,170596600,678,3.0,154.07435596498038
20130315,202.0,215.0,202.0,213.5,1343614,282081168,950,12.5,163.6560945200165
20130318,213.5,220.5,213.5,217.0,867209,188539744,629,3.5,166.33898131542662
20130319,218.0,219.5,211.5,213.5,608625,131058309,475,-3.5,163.6560945200165
20130320,213.5,216.5,213.5,213.5,536207,115158384,440,0.0,163.6560945200165
20130321,214.0,215.5,214.0,214.5,591964,127114296,314,1.0,164.42263360441933
20130322,214.5,223.0,214.0,217.5,1410630,307795080,865,3.0,166.72225085762798
20130325,219.0,229.5,218.5,229.5,1429784,320744036,908,12.0,175.92071987046262
20130326,230.5,230.5,223.0,228.5,969019,220171840,663,-1.0,175.15418078605975
20130327,228.5,234.0,228.5,231.0,885469,205454102,630,2.5,177.07052849706702
20130328,232.0,234.5,229.0,232.5,666180,155036848,519,1.5,178.22033712367133
20130329,233.5,235.0,223.0,226.0,569715,130909590,444,-6.5,173.23783307505255
20130401,226.0,231.5,226.0,229.5,553670,127050094,386,3.5,175.92071987046262
20130402,230.0,235.0,229.5,233.0,663693,154360119,425,3.5,178.60360666587277
20130403,234.0,237.5,234.0,235.0,574082,135553725,392,2.0,180.13668483467853
20130408,225.0,232.5,225.0,232.0,890036,205199816,548,-3.0,177.83706758146985
20130409,232.5,233.0,229.5,232.5,795546,183957898,455,0.5,178.22033712367133
20130410,234.0,237.0,233.5,237.0,859894,202772922,500,4.5,181.6697630034843
20130411,237.0,237.5,234.5,237.0,789401,186316335,415,0.0,181.6697630034843
20130412,237.0,253.5,237.0,252.0,1518484,376537733,934,15.0,193.1678492695276
20130415,254.5,264.5,251.5,253.0,784685,200911120,647,1.0,193.9343883539305
20130416,251.0,253.0,247.0,249.5,442608,110812586,360,-3.5,191.25150155852043
20130417,248.5,258.0,245.0,254.0,621565,156705225,548,4.5,194.7009274383334
20130418,254.0,255.5,251.0,253.0,271730,68806190,237,-1.0,193.9343883539305
20130419,254.0,254.5,251.0,253.0,454350,114931550,390,0.0,193.9343883539305
20130422,253.0,254.0,247.5,249.0,380903,94863444,326,-4.0,190.86823201631896
20130423,249.5,252.0,247.5,249.0,344136,85716728,268,0.0,190.86823201631896
20130424,249.0,250.5,246.5,250.0,512906,127446000,407,1.0,191.63477110072185
20130425,250.0,250.0,241.5,245.5,554688,136371060,465,-4.5,188.18534522090886
20130426,243.5,244.0,228.5,228.5,1251224,290825183,770,-17.0,175.15418078605975
20130429,225.0,235.0,221.5,235.0,1050052,238669220,820,6.5,180.13668483467853
20130430,236.0,236.5,231.5,235.0,687182,161090088,498,0.0,180.13668483467853
20130502,235.5,237.5,234.0,236.0,581055,136540480,432,1.0,180.90322391908143
20130503,237.0,239.0,228.0,232.0,615409,143497183,484,-4.0,177.83706758146985
20130506,234.0,235.0,229.5,231.5,445036,103070316,360,-0.5,177.45379803926843
20130507,237.0,239.0,235.5,239.0,608151,144477938,519,7.5,183.20284117229005
20130508,239.0,241.0,234.5,237.5,690071,163734327,584,-1.5,182.05303254568574
20130509,238.0,240.5,238.0,239.0,740152,176835676,506,1.5,183.20284117229005
20130510,240.0,243.5,238.5,239.5,597391,143873558,451,0.5,183.58611071449153
20130513,241.0,242.5,235.0,239.5,467118,111431202,363,0.0,183.58611071449153
20130514,241.0,242.5,229.0,231.5,610978,142343861,482,-8.0,177.45379803926843
20130515,236.0,236.5,232.0,236.0,584400,137107698,506,4.5,180.90322391908143
20130516,236.5,238.5,233.0,236.0,655972,154401808,546,0.0,180.90322391908143
20130517,237.0,238.0,232.0,232.0,485878,114066952,416,-4.0,177.83706758146985
20130520,232.0,233.0,225.5,229.5,751920,171398136,602,-2.5,175.92071987046262
20130521,229.5,237.5,227.5,237.0,916105,212666325,661,7.5,181.6697630034843
20130522,238.0,240.0,235.0,237.0,681440,161254780,370,0.0,181.6697630034843
20130523,237.0,237.0,234.0,235.0,554517,130726478,363,-2.0,180.13668483467853
20130524,235.0,236.5,233.0,234.0,471858,110728414,325,-1.0,179.37014575027564
20130527,234.0,244.0,234.0,244.0,811300,193684900,669,10.0,187.0355365943045
20130528,245.0,246.0,242.0,244.0,551615,134347751,463,0.0,187.0355365943045
20130529,244.0,260.5,244.0,260.0,1135565,287116835,826,16.0,199.30016194475073
20130530,257.5,261.5,256.0,257.0,699493,180554201,588,-3.0,197.00054469154205
20130531,260.0,271.0,259.5,262.5,971151,257205562,751,5.5,201.21650965575796
20130603,260.0,263.0,257.0,261.0,700338,182474880,527,-1.5,200.0667010291536
20130604,262.0,262.5,249.0,249.5,658369,169248012,547,-11.5,191.25150155852043
20130605,251.0,253.0,243.5,248.0,550436,137315000,452,-1.5,190.10169293191606
20130606,248.0,248.0,237.0,238.5,630119,151958117,540,-9.5,182.81957163008866
20130607,238.5,238.5,222.5,224.5,865661,199502886,676,-14.0,172.08802444844815
20130610,226.0,233.0,225.5,230.0,663948,152225961,558,5.5,176.30398941266412
20130611,231.0,232.0,225.0,228.0,507673,115406617,387,-2.0,174.7709112438583
20130613,226.0,228.5,215.0,215.0,730095,159998020,580,-13.0,164.80590314662084
20130614,218.0,219.5,200.5,214.5,1235160,258184980,888,-0.5,164.42263360441933
20130617,214.5,228.5,214.5,227.5,1139244,252411132,904,13.0,174.38764170165692
20130618,227.5,231.5,222.0,227.5,1108598,250156545,784,0.0,174.38764170165692
20130619,227.5,230.5,226.0,228.5,755582,172904360,464,1.0,175.15418078605975
20130620,227.0,235.0,226.0,231.5,866992,199659152,662,3.0,177.45379803926843
20130621,230.0,231.0,221.0,222.0,452134,101689812,373,-9.5,170.171676737441
20130624,222.0,227.0,220.0,221.5,492949,110248423,448,-0.5,169.78840719523953
20130625,221.5,224.0,214.0,217.0,460400,100003100,364,-4.5,166.33898131542662
20130626,219.5,221.5,211.0,213.5,595253,128367148,492,-3.5,163.6560945200165
20130627,216.0,223.0,216.0,217.0,507302,110829336,453,3.5,166.33898131542662
20130628,223.0,225.0,218.0,220.0,640304,142042184,558,3.0,168.63859856863522
20130701,222.0,233.0,220.5,233.0,894922,204465904,714,13.0,178.60360666587277
20130702,235.0,236.0,230.5,232.0,623244,145548234,492,-1.0,177.83706758146985
20130703,232.5,236.0,229.5,234.5,737071,172377614,631,2.5,179.75341529247711
20130704,234.5,236.5,227.0,234.5,583514,135761776,451,0.0,179.75341529247711
20130705,235.0,236.0,233.5,235.0,510154,119868036,392,0.5,180.13668483467853
20130708,236.0,242.5,235.0,241.0,913962,218412342,742,6.0,184.73591934109584
20130709,242.0,244.0,233.0,237.0,611079,146124681,509,-4.0,181.6697630034843
20130710,238.0,241.0,237.5,238.0,462503,110619711,358,1.0,182.4363020878872
20130711,238.5,246.5,238.5,245.0,767564,185724616,621,7.0,187.8020756787074
20130712,246.0,255.0,245.0,251.0,1171000,292804500,854,6.0,192.40131018512477
20130715,251.0,256.0,249.5,256.0,852410,216610752,646,5.0,196.23400560713924
20130716,256.5,257.5,254.0,255.5,621646,159064403,481,-0.5,195.85073606493773
20130717,253.5,254.0,242.0,247.0,878806,217482388,761,-8.5,189.33515384751317
20130718,245.0,249.0,242.0,243.0,734103,180933029,643,-4.0,186.26899750990165
20130719,244.5,248.5,244.5,246.5,556886,137568396,456,3.5,188.95188430531175
20130722,247.0,250.0,247.0,249.5,417116,103867000,280,3.0,191.25150155852043
20130723,249.5,252.0,243.0,252.0,595502,148107750,413,2.5,193.1678492695276
20130724,252.0,263.0,250.5,256.0,998045,256267494,714,4.0,196.23400560713924
20130725,257.0,260.5,257.0,259.0,485719,125826141,380,3.0,198.5336228603478
20130726,260.0,260.0,257.0,257.0,384211,99467149,305,-2.0,197.00054469154205
20130729,257.0,257.0,254.5,256.0,392300,100517600,271,-1.0,196.23400560713924
20130730,257.0,267.0,257.0,267.0,745860,196154328,533,11.0,204.66593553557092
20130731,268.0,269.0,263.0,268.0,780298,208478566,605,1.0,205.43247461997382
20130801,261.0,263.0,253.0,257.5,485400,125871898,385,0.0,201.86004376454937
20130802,258.0,264.5,258.0,262.0,541615,141636704,431,4.5,205.3876950148036
20130805,263.0,272.5,261.0,268.5,687802,183380936,571,6.5,210.48319126517086
20130806,269.5,280.5,269.5,277.5,1001086,277441736,751,9.0,217.53849376567942
20130807,272.5,274.5,258.5,261.0,933383,243047080,516,-16.5,204.60377251474713
20130808,258.5,259.0,245.5,248.0,653153,162999903,586,-13.0,194.41278001401253
20130809,246.0,251.5,242.5,249.0,974196,243068892,684,1.0,195.19670251406905
20130812,244.0,251.5,244.0,249.0,516668,128818164,402,0.0,195.19670251406905
20130813,250.0,251.5,248.5,250.0,535521,133979985,324,1.0,195.9806250141256
20130814,250.0,259.0,250.0,255.0,677513,172370043,388,5.0,199.90023751440805
20130815,255.0,258.5,253.5,255.5,454100,115959450,377,0.5,200.29219876443634
20130816,255.5,257.0,246.0,253.0,497501,125300252,333,-2.5,198.3323925142951
20130819,253.0,264.0,253.0,259.0,522343,135347820,412,6.0,203.0359275146341
20130820,261.0,263.5,261.0,261.5,680592,178374420,442,2.5,204.99573376477534
20130822,261.5,266.5,260.5,266.5,509230,134215680,391,5.0,208.91534626505785
20130823,266.5,272.0,266.5,269.0,410505,110735340,329,2.5,210.87515251519915
20130826,269.0,276.0,262.5,266.5,525800,142190900,402,-2.5,208.91534626505785
20130827,266.5,271.0,264.0,266.5,375600,100400798,248,0.0,208.91534626505785
20130828,265.0,266.0,257.0,265.0,534124,139136360,376,-1.5,207.73946251497307
20130829,265.0,267.0,256.0,259.0,460400,120034500,372,-6.0,203.0359275146341
20130830,258.5,261.0,248.5,254.0,568031,144468374,489,-5.0,199.11631501435158
20130902,254.0,255.0,252.5,254.0,564096,143076739,375,0.0,199.11631501435158
20130903,255.0,259.5,254.5,256.0,540395,138545027,380,2.0,200.68416001446457
20130904,256.5,258.5,252.5,252.5,505200,129271900,387,-3.5,197.94043126426678
20130905,253.5,255.5,250.0,252.5,713050,180513775,572,0.0,197.94043126426678
20130906,253.5,253.5,249.5,252.0,487359,122947686,354,-0.5,197.54847001423857
20130909,253.5,254.0,242.5,245.0,749170,185982160,622,-7.0,192.06101251384308
20130910,247.0,254.0,247.0,254.0,703212,176318028,549,9.0,199.11631501435158
20130911,255.0,261.5,252.5,260.0,642263,166094984,484,6.0,203.81985001469062
20130912,260.0,269.0,260.0,265.0,826117,218459062,611,5.0,207.73946251497307
20130913,265.5,268.5,257.0,259.5,647301,171017158,533,-5.5,203.42788876466236
20130914,260.0,263.5,254.0,261.5,339693,88427180,252,2.0,204.99573376477534
20130916,261.5,264.0,261.0,264.0,326030,85547890,237,2.5,206.95554001491655
20130917,264.0,266.0,259.0,262.5,466073,122485662,380,-1.5,205.7796562648318
20130918,263.0,265.0,262.5,264.5,336050,88710200,234,2.0,207.34750126494487
20130923,265.0,268.0,264.0,264.0,419100,111607700,306,-0.5,206.95554001491655
20130924,265.0,267.5,264.5,267.0,418300,111463650,316,3.0,209.3073075150861
20130925,267.0,269.0,265.5,265.5,319594,85589707,236,-1.5,208.13142376500133
20130926,268.0,268.0,248.5,253.0,636569,163540526,568,-12.5,198.3323925142951
20130927,254.0,258.5,252.0,258.0,726196,185268773,550,5.0,202.25200501457755
20130930,258.0,259.0,256.0,258.5,275061,70976738,184,0.5,202.64396626460587
20131001,257.0,262.0,257.0,262.0,413797,107646517,292,3.5,205.3876950148036
20131002,262.5,268.5,262.5,268.5,533556,142241952,398,6.5,210.48319126517086
20131003,269.5,284.0,268.5,280.5,1015713,279466927,643,12.0,219.8902612658489
20131004,280.5,290.5,270.0,290.5,951339,268577471,706,10.0,227.72948626641394
20131007,291.0,302.0,282.0,282.0,499437,145299734,419,-8.5,221.0661450159336
20131008,262.5,262.5,262.5,262.5,716415,188058937,138,-19.5,205.7796562648318
20131009,250.5,262.5,250.5,262.5,949252,245457272,806,0.0,205.7796562648318
20131011,262.5,268.0,254.0,259.0,560705,145308095,487,-3.5,203.0359275146341
20131014,260.0,262.5,258.5,261.0,434213,112908593,305,2.0,204.60377251474713
20131015,261.5,266.0,261.5,263.0,562161,148562423,410,2.0,206.17161751486015
20131016,263.0,266.0,258.0,262.0,503010,131803750,379,-1.0,205.3876950148036
20131017,263.0,264.0,258.0,258.0,488525,127031950,388,-4.0,202.25200501457755
20131018,258.0,260.5,251.5,259.5,769612,196953912,583,1.5,203.42788876466236
20131021,259.5,259.5,254.5,257.5,479000,122854000,342,-2.0,201.86004376454937
20131022,257.5,258.5,255.0,256.0,475270,122293984,388,-1.5,200.68416001446457
20131023,256.0,257.5,250.0,254.5,501503,127393011,369,-1.5,199.50827626437982
20131024,254.5,258.5,253.5,258.0,561805,143755981,380,3.5,202.25200501457755
20131025,258.0,262.0,257.5,260.0,437030,113839800,323,2.0,203.81985001469062
20131028,262.5,266.5,260.5,262.0,441451,116313613,340,2.0,205.3876950148036
20131029,262.0,264.0,257.0,259.0,426717,110717420,298,-3.0,203.0359275146341
20131030,259.0,262.0,255.5,259.5,328784,85105272,244,0.5,203.42788876466236
20131031,261.0,263.0,258.0,260.0,550870,143385200,451,0.5,203.81985001469062
20131101,261.0,261.0,256.5,257.0,317201,82046755,217,-3.0,201.4680825145211
20131104,257.5,259.0,253.5,255.0,383200,98471400,276,-2.0,199.90023751440805
20131105,255.5,257.5,251.5,253.0,447794,113571794,330,-2.0,198.3323925142951
20131106,253.5,254.5,247.0,254.5,643050,161698225,467,1.5,199.50827626437982
20131107,257.5,272.0,257.5,272.0,912788,245469836,586,17.5,213.2269200153686
20131108,274.0,282.0,272.0,281.5,1025182,283748730,788,9.5,220.67418376590538
20131111,282.0,290.5,282.0,287.0,833355,239170348,594,5.5,224.98575751621615
20131112,288.0,291.0,285.0,287.0,491860,141449820,362,0.0,224.98575751621615
20131113,287.0,290.0,278.0,282.5,637330,180951893,519,-4.5,221.4581062659619
20131114,281.5,283.5,275.0,279.5,590995,164552615,478,-3.0,219.1063387657924
20131115,280.0,286.0,279.0,280.0,527162,148956116,392,0.5,219.49830001582058
20131118,281.0,281.5,278.5,280.0,406798,113809940,290,0.0,219.49830001582058
20131119,281.0,288.0,276.0,276.5,953055,268867845,740,-3.5,216.75457126562284
20131120,277.0,277.0,263.0,263.0,1095075,291761412,870,-13.5,206.17161751486015
20131121,261.0,261.0,252.0,255.0,1292644,330357220,1105,-8.0,199.90023751440805
20131122,256.0,268.5,256.0,267.5,1031472,270338440,863,12.5,209.6992687651144
20131125,269.0,283.5,269.0,281.0,769323,213501763,635,13.5,220.28222251587712
20131126,283.0,285.0,280.0,282.0,687064,194173548,551,1.0,221.0661450159336
20131127,285.5,296.0,285.5,292.0,934524,271650719,762,10.0,228.90537001649872
20131128,295.0,301.5,285.5,286.5,1041302,308645520,814,-5.5,224.5937962661879
20131129,288.0,306.5,288.0,306.5,994240,298223053,802,20.0,240.27224626731788
20131202,310.0,322.0,305.0,307.0,1227301,384710407,1086,0.5,240.66420751734626
20131203,310.0,318.0,300.0,304.5,1015275,310759150,811,-2.5,238.704401267205
20131204,306.5,314.0,301.0,304.0,849335,261373840,743,-0.5,238.31244001717675
20131205,311.0,315.0,306.0,308.0,757996,235269268,626,4.0,241.44813001740275
20131206,309.5,321.5,309.0,318.0,772570,243853260,659,10.0,249.28735501796768
20131209,319.5,323.0,306.5,306.5,833414,260154012,733,-11.5,240.27224626731788
20131210,307.5,319.0,307.5,308.5,736664,230076834,642,2.0,241.840091267431
20131211,317.5,326.5,316.0,321.0,1130183,363046743,959,12.5,251.6391225181372
20131212,323.0,335.5,321.0,328.5,1025875,337007435,900,7.5,257.518541268561
20131213,329.5,329.5,317.0,319.5,794057,255499740,680,-9.0,250.4632387680525
20131216,320.5,328.0,320.0,320.0,844771,273777220,684,0.5,250.85520001808072
20131217,327.0,327.5,318.0,321.0,580690,187367490,491,1.0,251.6391225181372
20131218,324.0,339.0,321.5,336.5,988668,325853779,823,15.5,263.7899212690129
20131219,339.5,351.5,338.0,345.0,1193334,413811557,1012,8.5,270.4532625194933
20131220,344.0,344.0,337.0,339.0,659858,224469362,562,-6.0,265.74972751915425
20131223,340.0,343.5,330.5,335.0,646331,217131221,603,-4.0,262.6140375189283
20131224,338.0,339.5,333.0,333.5,556100,186875448,467,-1.5,261.4381537688435
20131225,336.0,338.0,335.0,338.0,566387,191020499,443,4.5,264.9658050190977
20131226,339.0,351.0,339.0,342.0,630733,218190550,554,4.0,268.1014950193237
20131227,345.5,348.0,339.5,345.0,463250,159242750,383,3.0,270.4532625194933
20131230,346.0,350.0,335.0,337.5,687942,234133749,572,-7.5,264.5738437690695
20131231,339.0,343.0,330.0,336.0,715253,240404639,598,-1.5,263.3979600189849
20140102,335.5,340.0,331.5,337.0,597819,199979184,472,1.0,264.1818825190413
20140103,338.0,342.0,333.0,337.5,734097,246890042,556,0.5,264.5738437690695
20140106,339.0,341.5,331.0,332.5,722800,242203497,544,-5.0,260.65423126878693
20140107,334.0,340.0,333.5,340.0,820451,275574889,698,7.5,266.5336500192108
20140108,343.0,350.0,335.5,337.0,903376,308931212,710,-3.0,264.1818825190413
20140109,336.0,339.5,323.0,326.5,1203273,397802271,820,-10.5,255.95069626844798
20140110,326.5,334.0,326.5,328.0,455973,150064698,330,1.5,257.12658001853265
20140113,328.0,333.0,316.0,319.5,712803,229388854,597,-8.5,250.4632387680525
20140114,312.0,320.5,310.5,316.0,591011,185946987,481,-3.5,247.7195100178547
20140115,316.0,323.0,315.5,322.0,537400,171379099,466,6.0,252.4230450181938
20140116,321.0,324.0,319.0,322.0,525005,168638105,395,0.0,252.4230450181938
20140117,316.0,323.0,315.0,320.5,374510,119117190,275,-1.5,251.247161268109
20140120,320.0,322.5,316.5,316.5,410412,131098895,282,-4.0,248.1114712678829
20140121,319.5,329.5,316.5,328.5,738434,240020418,666,12.0,257.518541268561
20140122,329.0,343.5,329.0,332.0,572000,191944500,499,3.5,260.2622700187588
20140123,336.0,339.0,333.0,338.0,672316,226426308,568,6.0,264.9658050190977
20140124,338.0,339.5,331.0,331.5,553049,184992366,477,-6.5,259.8703087687306
20140127,324.5,335.0,324.5,331.5,453025,150543287,375,0.0,259.8703087687306
20140205,333.0,336.0,330.0,335.0,553369,184984377,465,3.5,262.6140375189283
20140206,335.0,338.5,333.5,334.0,443432,149051288,372,-1.0,261.83011501887177
20140207,336.0,338.5,334.5,337.0,527555,177514425,393,3.0,264.1818825190413
20140210,337.0,340.0,335.5,337.0,517234,175098474,419,0.0,264.1818825190413
20140211,339.0,340.5,328.0,329.5,568150,188498300,479,-7.5,258.30246376861743
20140212,334.0,334.5,322.0,322.5,667353,216393019,622,-7.0,252.81500626822202
20140213,320.0,327.0,319.5,322.5,760281,245783622,647,0.0,252.81500626822202
20140214,325.0,327.0,324.0,326.5,514709,167746925,408,4.0,255.95069626844798
20140217,329.5,331.5,328.5,330.0,403107,133090755,288,3.5,258.6944250186458
20140218,331.5,332.5,328.0,328.5,232292,76840484,178,-1.5,257.518541268561
20140219,330.0,332.5,328.0,330.0,294223,97352867,237,1.5,258.6944250186458
20140220,330.0,332.5,329.5,331.0,274326,90971754,200,1.0,259.47834751870215
20140221,332.5,334.5,331.0,331.0,417566,139061346,309,0.0,259.47834751870215
20140224,333.0,347.0,331.5,345.0,905252,307920940,693,14.0,270.4532625194933
20140225,347.0,347.0,337.0,340.0,488550,166390500,359,-5.0,266.5336500192108
20140226,340.5,343.0,339.0,342.5,439396,149880630,306,2.5,268.493456269352
20140227,349.5,365.5,348.0,351.5,752440,266100440,503,9.0,275.5487587698607
20140303,350.0,362.0,347.0,356.0,632410,224616460,526,4.5,279.0764100201148
20140304,361.0,380.5,357.0,371.5,1089305,403955155,881,15.5,291.2272087709907
20140305,374.5,382.0,369.0,369.0,905523,340765701,767,-2.5,289.2674025208493
20140306,375.0,378.0,369.0,377.0,476819,178592125,378,8.0,295.5387825213014
20140307,382.0,399.0,377.0,379.0,954735,369814800,795,2.0,297.1066275214144
20140310,382.0,385.0,380.0,380.0,455100,174012000,409,1.0,297.89055002147086
20140311,387.5,387.5,375.0,378.0,463210,176440880,383,-2.0,296.3227050213579
20140312,380.0,382.5,376.5,378.0,324722,123263972,255,0.0,296.3227050213579
20140313,378.0,388.0,378.0,378.0,561342,214688092,468,0.0,296.3227050213579
20140314,380.0,382.0,376.0,376.5,383400,145326600,308,-1.5,295.1468212712731
20140317,377.0,380.0,373.0,374.0,250050,93904100,214,-2.5,293.1870150211318
20140318,375.5,382.5,375.5,380.0,390516,148414064,326,6.0,297.89055002147086
20140319,381.0,385.0,376.5,380.0,447584,170437920,352,0.0,297.89055002147086
20140320,380.0,381.5,375.0,380.0,354155,133922745,300,0.0,297.89055002147086
20140321,384.0,384.0,373.0,380.0,381550,144184000,297,0.0,297.89055002147086
20140324,375.0,392.5,375.0,389.0,610129,235304681,519,9.0,304.9458525219793
20140325,387.0,392.0,380.0,380.0,507054,194722128,438,-9.0,297.89055002147086
20140326,385.0,402.5,381.0,395.0,859861,339167873,722,15.0,309.6493875223184
20140327,396.0,402.0,391.5,397.0,666142,264042090,559,2.0,311.21723252243146
20140328,394.0,422.5,393.5,415.0,774559,317329202,685,18.0,325.3278375234484
20140331,412.0,431.0,412.0,415.0,701117,295252672,652,0.0,325.3278375234484
20140401,415.0,420.5,409.5,412.0,372702,154236224,341,-3.0,322.976070023279
20140402,415.0,431.5,415.0,423.0,492139,208463797,460,11.0,331.59921752390056
20140403,428.5,431.0,418.0,420.0,466250,197557000,396,-3.0,329.24745002373095
20140407,420.0,423.0,415.0,418.5,347695,145957355,311,-1.5,328.07156627364617
20140408,416.0,443.0,415.0,435.0,703385,301698820,683,16.5,341.0062875245785
20140409,439.0,452.0,430.5,433.5,663863,294614405,631,-1.5,339.83040377449373
20140410,435.0,435.0,409.0,409.0,877101,369225309,696,-24.5,320.6243025231094
20140411,405.5,405.5,390.0,395.5,642248,255041704,578,-13.5,310.0413487723466
20140414,394.0,394.0,380.5,383.0,484703,186621546,463,-12.5,300.2423175216405
20140415,388.0,394.0,387.0,390.0,740908,288917297,595,7.0,305.7297750220359
20140416,390.0,399.0,385.0,395.0,780738,308183010,570,5.0,309.6493875223184
20140417,397.0,412.0,397.0,400.5,527065,214084695,397,5.5,313.9609612726291
20140418,411.0,414.5,404.0,410.0,546476,224290588,528,9.5,321.4082250231658
20140421,408.0,412.5,406.0,406.0,235403,96200327,199,-4.0,318.27253502293985
20140422,402.0,413.5,401.0,401.0,352155,143385275,298,-5.0,314.35292252265737
20140423,407.5,408.5,394.0,397.0,248201,99917797,221,-4.0,311.21723252243146
20140424,396.5,407.5,396.5,403.0,618012,248793836,447,6.0,315.92076752277046
20140425,406.0,406.0,384.0,396.5,529898,209204659,472,-6.5,310.82527127240326
20140428,385.0,394.5,385.0,392.0,456300,177762949,409,-4.5,307.29762002214886
20140429,395.0,399.0,393.0,398.0,449380,178174740,363,6.0,312.0011550224879
20140430,400.0,400.0,392.0,393.0,312136,123624448,271,-5.0,308.08154252220544
20140502,393.0,403.5,390.5,402.5,505138,201075700,408,9.5,315.5288062727421
20140505,404.0,407.5,398.0,407.0,365225,147595625,280,4.5,319.05645752299637
20140506,408.0,425.0,408.0,419.0,537740,225775209,488,12.0,328.46352752367443
20140507,419.0,420.0,409.0,415.5,331522,136916586,309,-3.5,325.71979877347667
20140508,427.0,444.5,427.0,440.5,1068894,464831072,940,25.0,345.3178612748892
20140509,440.0,440.5,422.5,431.0,475467,204989909,458,-9.5,337.87059752435243
20140512,438.0,438.0,412.0,412.5,382152,161061928,335,-18.5,323.36803127330717
20140513,414.0,419.5,402.0,407.0,439925,180255200,371,-5.5,319.05645752299637
20140514,408.0,411.0,392.0,399.0,457764,183029336,420,-8.0,312.7850775225443
20140515,399.0,409.0,399.0,403.5,311093,125419025,270,4.5,316.3127287727987
20140516,401.5,410.0,400.0,406.5,301761,122960727,263,3.0,318.6644962729682
20140519,412.0,416.5,409.5,410.5,279060,115426040,235,4.0,321.80018627319413
20140520,410.5,416.0,406.0,410.5,202078,83283136,166,0.0,321.80018627319413
20140521,410.5,431.0,410.5,422.0,583071,245762784,525,11.5,330.81529502384393
20140522,427.0,428.5,415.0,419.0,295100,124552800,254,-3.0,328.46352752367443
20140523,425.0,430.0,420.5,423.5,301383,128069126,276,4.5,331.9911787739287
20140526,423.5,435.0,421.0,427.0,414070,177549250,367,3.5,334.73490752412647
20140527,430.0,431.5,425.0,427.5,231098,98929650,191,0.5,335.12686877415473
20140528,430.0,430.5,418.0,419.0,336407,142007254,309,-8.5,328.46352752367443
20140529,415.0,419.0,408.0,408.5,423911,174344010,382,-10.5,320.23234127308115
20140530,410.0,412.0,402.0,410.0,484137,197312149,382,1.5,321.4082250231658
20140603,410.5,414.5,409.0,414.5,335100,138216400,301,4.5,324.93587627342015
20140604,414.5,416.5,413.5,414.5,297100,123284200,258,0.0,324.93587627342015
20140605,415.5,422.5,413.5,413.5,412360,172178460,370,-1.0,324.1519537733637
20140606,414.5,423.0,413.0,413.0,431000,179782000,379,-0.5,323.7599925233354
20140609,418.0,419.0,414.0,418.0,372100,155126600,275,5.0,327.67960502361785
20140610,419.0,423.0,419.0,421.0,378238,158986722,308,3.0,330.03137252378747
20140611,424.5,424.5,418.0,420.5,250157,105229940,198,-0.5,329.6394112737592
20140612,421.0,423.0,418.5,420.5,298338,125672784,230,0.0,329.6394112737592
20140613,420.5,422.5,413.5,417.0,335331,139923198,290,-3.5,326.8956825235614
20140616,420.0,421.0,416.0,418.0,206628,86450933,147,1.0,327.67960502361785
20140617,422.0,423.0,416.0,419.5,321757,134723061,245,1.5,328.8554887737027
20140618,419.0,422.5,415.0,417.0,480285,201029487,361,-2.5,326.8956825235614
20140619,421.0,423.0,418.0,423.0,291475,122660475,276,6.0,331.59921752390056
20140620,425.0,452.5,425.0,444.0,1136393,506382992,998,21.0,348.06159002508707
20140623,442.0,444.0,413.0,413.0,817358,345481860,721,-31.0,323.7599925233354
20140624,416.0,419.5,409.5,415.0,579410,240019150,502,2.0,325.3278375234484
20140625,411.5,423.5,411.5,417.0,339708,141865236,308,2.0,326.8956825235614
20140626,421.0,422.5,415.5,419.5,296125,123914000,253,2.5,328.8554887737027
20140627,419.5,426.5,419.5,422.0,359843,152138060,313,2.5,330.81529502384393
20140630,426.5,428.0,424.0,427.0,369440,157675779,293,5.0,334.73490752412647
20140701,431.5,440.5,429.0,433.0,549208,238678064,474,6.0,339.4384425244654
20140702,444.0,452.0,437.0,442.0,814481,362993298,724,9.0,346.49374502497403
20140703,440.0,472.5,438.0,472.5,1073105,497661611,798,30.5,370.4033812766974
20140704,480.0,487.0,445.5,445.5,803061,374341267,743,-27.0,349.23747377517174
20140707,446.0,450.0,438.5,446.0,280844,124697424,266,0.5,349.6294350252
20140708,442.0,444.5,430.0,432.0,445511,195009193,416,-14.0,338.65452002440895
20140709,427.0,437.5,418.0,421.0,548266,233584550,509,-11.0,330.03137252378747
20140710,428.0,428.5,417.0,421.0,655084,275605032,599,0.0,330.03137252378747
20140711,421.0,427.0,419.0,423.0,391123,165526673,355,2.0,331.59921752390056
20140714,423.0,429.0,421.0,429.0,241181,102646281,206,6.0,336.30275252423945
20140715,435.0,435.5,423.5,424.5,294215,126064160,263,-4.5,332.77510127398523
20140716,424.5,427.5,417.0,417.5,352250,147833250,312,-7.0,327.28764377358965
20140717,418.0,421.5,405.0,413.5,491994,203176017,441,-4.0,324.1519537733637
20140718,406.5,411.5,396.5,397.0,670693,268967543,603,-16.5,311.21723252243146
20140721,400.0,403.5,397.0,398.0,376500,150552749,323,1.0,312.0011550224879
20140722,405.0,405.0,397.0,400.0,352650,140876675,277,2.0,313.5690000226008
20140724,406.5,420.0,404.5,420.0,674495,278519610,629,20.0,329.24745002373095
20140725,420.0,420.5,408.0,410.0,442200,182682900,410,-10.0,321.4082250231658
20140728,408.5,415.5,402.0,402.0,324200,132368300,285,-8.0,315.13684502271394
20140729,403.5,411.0,397.0,397.0,407381,163523638,367,-5.0,311.21723252243146
20140730,394.0,394.0,376.5,389.5,1428053,545796042,959,-7.5,305.3378137720077
20140731,389.0,402.0,386.5,402.0,531220,211459440,442,12.5,315.13684502271394
20140801,396.5,404.0,393.5,402.0,331000,132327500,281,0.0,315.13684502271394
20140804,402.0,413.0,402.0,410.0,472116,193455140,423,8.0,321.4082250231658
20140805,408.5,415.0,400.5,408.0,583002,237897322,536,-2.0,319.84038002305294
20140806,413.5,413.5,397.0,397.5,598047,241735981,417,-10.5,311.6091937724596
20140807,404.0,404.0,384.5,384.5,739316,287568633,642,-13.0,301.4182012717251
20140808,365.0,395.0,358.0,390.0,1388301,522283390,718,5.5,305.7297750220359
20140811,400.0,400.0,385.0,385.5,308013,119739895,260,-4.5,302.2021237717816
20140812,389.5,389.5,370.0,372.5,870030,327172430,776,-13.0,292.011131271047
20140813,350.0,376.0,347.5,374.5,811247,296584854,739,2.0,293.5789762711602
20140814,389.0,389.0,376.0,378.5,489150,187287850,436,4.0,296.71466627138614
20140815,380.0,387.0,379.5,384.5,365310,140275900,326,6.0,301.4182012717251
20140818,384.5,399.5,384.5,395.5,568128,222584200,532,11.0,310.0413487723466
20140819,392.0,397.0,390.0,391.0,409331,161090421,367,-4.5,306.51369752209234
20140820,390.5,392.0,377.5,387.0,469099,181551610,430,-4.0,303.37800752186644
20140821,387.0,387.5,381.5,383.5,184024,70735648,157,-3.5,300.6342787716686
20140822,383.5,394.5,375.5,392.0,508048,196606460,415,8.5,307.29762002214886
20140825,386.0,400.5,386.0,395.5,455390,180848940,341,3.5,310.0413487723466
20140826,388.0,392.0,383.5,386.0,421167,163094462,361,0.0,308.443197490015
20140827,386.5,393.0,386.5,390.0,251280,98337358,226,4.0,311.6395000546784
20140828,400.0,400.0,394.5,394.5,450020,179081960,412,4.5,315.2353404399246
20140829,402.0,406.0,398.0,401.0,347193,140044700,319,6.5,320.42933210750266
20140901,401.0,405.0,392.0,392.0,378035,150021035,337,-9.0,313.23765133701005
20140902,392.0,396.5,391.0,391.0,309297,121708533,282,-1.0,312.4385756958443
20140903,397.5,397.5,390.0,390.0,254157,100035230,223,-1.0,311.6395000546784
20140904,385.0,389.0,376.0,376.0,601251,228399253,529,-14.0,300.45244107835646
20140905,380.0,380.5,372.5,377.5,456000,171876000,390,1.5,301.65105454010524
20140909,374.5,379.0,368.0,370.0,760200,281924100,644,-7.5,295.65798723136146
20140910,361.0,368.0,351.5,351.5,1048100,373383400,858,-18.5,280.8750878697934
20140911,351.5,362.0,351.0,360.5,914824,325986903,829,9.0,288.066768640286
20140912,360.5,360.5,350.0,353.5,346213,122146680,313,-7.0,282.47323915212513
20140915,353.0,353.0,333.0,337.0,817023,276244596,727,-16.5,269.28849107288875
20140916,335.0,344.0,335.0,337.5,468118,158687300,408,0.5,269.68802889347165
20140917,342.0,350.0,336.5,337.5,694285,238194541,622,0.0,269.68802889347165
20140918,338.0,352.5,338.0,350.0,530837,184793950,489,12.5,279.6764744080446
20140919,354.5,371.5,354.0,370.0,825556,302383608,707,20.0,295.65798723136146
20140922,369.0,375.0,361.0,368.0,540066,198566518,519,-2.0,294.0598359490298
20140923,368.0,376.0,367.5,367.5,360150,133963000,321,-0.5,293.66029812844687
20140924,367.5,369.5,356.0,356.0,474455,170892025,443,-11.5,284.4709282550398
20140925,357.0,359.5,346.0,346.0,473420,165867580,405,-10.0,276.4801718433812
20140926,344.0,344.0,328.0,335.5,719307,241163419,604,-10.5,268.0898776111399
20140929,336.5,343.0,335.5,343.0,405050,137644750,378,7.5,274.08294491988374
20140930,337.5,347.0,337.5,343.5,391050,134332250,352,0.5,274.48248274046665
20141001,340.0,343.0,333.5,334.5,679228,228884020,603,-9.0,267.29080196997415
20141002,331.0,345.0,329.0,336.0,520100,174826749,444,1.5,268.48941543172293
20141003,343.5,345.0,339.5,342.0,248179,85066850,234,6.0,273.28386927871793
20141006,344.0,350.5,344.0,349.0,408673,142525031,350,7.0,278.87739876687874
20141007,350.5,355.0,346.0,349.0,272065,95393815,267,0.0,278.87739876687874
20141008,347.0,352.0,346.0,350.5,523790,182651394,422,1.5,280.07601222862763
20141009,375.0,375.0,366.5,375.0,1282801,479169875,892,24.5,299.6533654371906
20141013,373.0,396.0,368.5,394.5,1438555,551653444,1289,19.5,315.2353404399246
20141014,381.0,397.0,381.0,387.5,654187,255603960,611,-7.0,309.6418109517638
20141015,393.5,400.0,379.0,389.0,722005,281750970,631,1.5,310.8404244135125
20141016,380.0,395.0,380.0,387.5,494205,191400040,458,-1.5,309.6418109517638
20141017,393.5,393.5,383.0,389.0,425101,165020491,391,1.5,310.8404244135125
20141020,396.5,397.0,389.0,391.0,391024,153300419,345,2.0,312.4385756958443
20141021,386.0,392.0,378.5,383.0,299121,115648903,267,-8.0,306.04597056651744
20141022,383.0,388.5,383.0,388.0,288020,111427250,258,5.0,310.0413487723466
20141023,390.0,408.0,388.0,388.0,881080,350330240,799,0.0,310.0413487723466
20141024,389.0,396.0,375.0,377.0,581000,222687500,510,-11.0,301.2515167195224
20141027,377.0,383.5,377.0,380.0,316825,120289525,285,3.0,303.6487436430198
20141028,384.0,395.0,384.0,394.5,392290,153619840,362,14.5,315.2353404399246
20141029,404.0,405.0,397.5,397.5,567492,227916308,529,3.0,317.6325673634222
20141030,402.5,406.0,386.5,388.0,499050,197231574,429,-9.5,310.0413487723466
20141031,396.5,401.0,392.0,398.5,374350,148450300,355,10.5,318.43164300458795
20141103,398.0,404.0,392.0,392.0,576562,229062180,457,-6.5,313.23765133701005
20141104,395.0,396.0,391.0,393.0,304115,119626252,271,1.0,314.0367269781758
20141105,398.0,398.5,394.0,395.5,272120,107957219,255,2.5,316.03441608109046
20141106,395.5,397.5,384.0,384.0,225052,87530624,209,-11.5,306.84504620768314
20141107,392.0,395.0,382.0,384.0,337001,130154887,310,0.0,306.84504620768314
20141110,388.0,392.0,385.0,390.0,272035,105905772,245,6.0,311.6395000546784
20141111,395.0,402.0,394.0,400.0,426277,169780800,366,10.0,319.63025646633673
20141112,396.0,399.0,391.0,398.0,310310,122699225,283,-2.0,318.032105184005
20141113,400.0,416.0,400.0,410.5,700899,286033090,643,12.5,328.02055069857795
20141114,411.5,411.5,400.0,400.0,317046,128078084,290,-10.5,319.63025646633673
20141117,401.0,405.0,392.0,392.0,317150,125762325,296,-8.0,313.23765133701005
20141118,394.5,397.5,382.0,388.0,337150,131460000,320,-4.0,310.0413487723466
20141119,392.0,400.0,389.0,400.0,326654,129446792,290,12.0,319.63025646633673
20141120,400.0,410.5,397.0,404.5,386250,156574000,350,4.5,323.22609685158307
20141121,407.5,412.5,405.0,406.5,430697,176270829,386,2.0,324.8242481339147
20141124,411.0,412.0,406.0,407.5,280548,114602810,260,1.0,325.62332377508056
20141125,407.5,413.0,407.5,412.0,471210,193294600,365,4.5,329.21916416032684
20141126,413.0,414.0,403.5,407.5,375338,152819887,347,-4.5,325.62332377508056
20141127,409.0,413.0,401.5,404.0,293039,118957490,268,-3.5,322.82655903100016
20141128,405.0,408.0,398.5,400.0,262358,105350274,225,-4.0,319.63025646633673
20141201,395.0,400.0,393.5,395.0,526552,208104040,330,-5.0,315.6348782605075
20141202,395.0,401.0,389.0,392.0,379200,149734700,357,-3.0,313.23765133701005
20141203,397.5,400.0,390.0,391.5,687050,271087514,502,-0.5,312.8381135164271
20141204,398.0,400.0,389.0,394.0,504122,198066056,488,2.5,314.8358026193416
20141205,396.0,398.0,393.5,395.0,268000,105768500,238,1.0,315.6348782605075
20141208,400.0,401.0,385.0,389.0,544277,212194584,503,-6.0,310.8404244135125
20141209,389.0,394.0,381.0,385.0,657041,253975531,621,-4.0,307.6441218488491
20141210,380.0,387.5,371.0,371.0,643048,242194952,619,-14.0,296.4570628725273
20141211,371.0,380.0,365.0,379.5,536122,201307482,507,8.5,303.2492058224371
20141212,380.0,382.5,374.0,374.5,434015,164476185,374,-5.0,299.2538276166078
20141215,373.0,379.5,368.0,379.5,368475,138539025,339,5.0,303.2492058224371
20141216,380.5,381.5,374.5,378.0,343270,129932620,301,-1.5,302.0505923606882
20141217,382.5,382.5,376.0,378.0,423100,160377700,326,0.0,302.0505923606882
20141218,379.0,385.0,375.0,376.0,343010,130197300,314,-2.0,300.45244107835646
20141219,383.5,383.5,362.5,365.0,464000,172128500,422,-11.0,291.6626090255323
20141222,365.0,369.5,365.0,369.0,343024,126163788,293,4.0,294.85891159019553
20141223,372.0,375.5,370.5,371.5,580638,217008974,468,2.5,296.8566006931102
20141224,375.0,391.0,373.0,391.0,1006519,385669649,880,19.5,312.4385756958443
20141225,393.0,399.5,391.5,397.0,723551,286500145,658,6.0,317.2330295428391
20141226,400.0,402.5,394.5,399.0,579309,230661791,455,2.0,318.8311808251709
20141227,401.5,405.0,400.5,404.5,421060,169788120,382,5.5,323.22609685158307
20141229,406.5,408.0,398.5,400.5,484345,194827810,438,-4.0,320.0297942869197
20141230,400.5,404.5,395.0,401.0,480065,192178130,430,0.5,320.42933210750266
20141231,405.0,410.0,402.0,406.0,366261,148473444,340,5.0,324.42471031333184
20150105,410.0,410.0,405.5,407.5,327234,133157854,285,1.5,325.62332377508056
20150106,405.5,407.5,394.5,400.0,319066,128023466,258,-7.5,319.63025646633673
20150107,401.0,406.0,396.0,396.5,271100,108283000,235,-3.5,316.8334917222562
20150108,406.0,407.0,399.0,401.5,392180,158019360,348,5.0,320.82886992808545
20150109,407.0,425.0,405.0,419.5,1250091,520043629,1065,18.0,335.21223146907056
20150112,427.5,429.0,416.0,423.5,707178,298729438,599,4.0,338.408534033734
20150113,426.0,450.0,425.0,440.0,1039062,457060307,908,16.5,351.5932821129704
20150114,436.0,445.0,426.5,426.5,559445,242755625,517,-13.5,340.80576095723166
20150115,434.5,435.0,427.5,428.0,400309,171980406,347,1.5,342.0043744189803
20150116,433.0,436.0,425.5,430.0,365183,157151190,349,2.0,343.602525701312
20150119,438.0,438.0,420.0,429.0,356177,153086141,327,-1.0,342.8034500601461
20150120,435.0,435.0,426.0,430.0,287158,123836072,260,1.0,343.602525701312
20150121,434.5,449.5,432.0,449.0,716972,317648928,650,19.0,358.784962883463
20150122,455.0,460.0,447.5,448.0,688668,310928264,597,-1.0,357.9858872422971
20150123,452.0,459.5,445.5,450.0,790432,356751900,702,2.0,359.58403852462885
20150126,453.5,457.5,447.0,457.0,633625,286725935,583,7.0,365.1775680127897
20150127,460.0,463.5,453.0,459.0,630300,289285600,541,2.0,366.7757192951214
20150128,459.0,464.0,458.0,459.0,595221,274245328,503,0.0,366.7757192951214
20150129,455.0,460.0,452.0,460.0,392925,179331686,318,1.0,367.5747949362874
20150130,463.5,463.5,459.0,460.0,324235,149474510,280,0.0,367.5747949362874
20150202,456.0,473.0,455.5,468.0,363008,169100724,324,8.0,373.9674000656141
20150203,470.0,493.0,468.5,485.0,1048475,506512685,903,17.0,387.55168596543325
20150204,483.5,493.0,480.0,484.0,667703,324247049,589,-1.0,386.75261032426744
20150205,485.0,485.5,478.0,480.0,380195,182494600,324,-4.0,383.55630775960407
20150206,479.5,487.0,476.0,476.0,296421,142827869,265,-4.0,380.36000519494064
20150209,471.0,476.0,459.0,476.0,612217,285791683,502,0.0,380.36000519494064
20150210,473.5,481.0,471.0,478.0,400212,190770412,360,2.0,381.95815647727244
20150211,481.0,496.0,480.0,489.0,719598,350328719,573,11.0,390.74798853009673
20150212,487.0,497.0,486.0,493.0,919760,452904779,800,4.0,393.94429109476005
20150213,493.0,499.5,481.5,488.0,749311,367912390,547,-5.0,389.94891288893086
20150224,496.0,497.0,491.0,495.0,433405,214362960,387,7.0,395.5424423770917
20150225,501.0,515.0,498.0,514.0,634343,322952773,576,19.0,410.7248795592427
20150226,509.0,512.0,503.0,509.0,507921,257578710,411,-5.0,406.72950135341347
20150302,516.0,516.0,504.0,510.0,403611,205144610,331,1.0,407.52857699457934
20150303,510.0,512.0,499.0,506.0,472352,239517112,416,-4.0,404.33227442991597
20150304,506.0,516.0,504.0,504.0,532396,270437188,472,-2.0,402.73412314758434
20150305,504.0,509.0,501.0,503.0,460335,232052960,349,-1.0,401.9350475064184
20150306,503.0,507.0,497.0,497.5,388542,194673336,316,-5.5,397.5401314800063
20150309,491.0,499.0,487.5,487.5,362240,178399840,324,-10.0,389.54937506834784
20150310,493.5,493.5,485.5,488.0,358010,174878430,323,0.5,389.94891288893086
20150311,487.5,506.0,487.5,496.0,453504,224981488,423,8.0,396.34151801825755
20150312,496.0,496.0,489.0,491.0,388453,190979017,351,-5.0,392.3461398124283
20150313,496.0,498.0,491.0,492.0,228617,112744519,227,1.0,393.14521545359423
20150316,489.0,491.5,479.5,481.0,341899,165308717,325,-11.0,384.35538340076994
20150317,484.0,489.5,481.5,488.0,313265,152132555,295,7.0,389.94891288893086
20150318,487.0,492.0,481.0,485.5,328426,159205480,313,-2.5,387.9512237860162
20150319,488.5,499.5,484.0,496.0,390642,192483648,355,10.5,396.34151801825755
20150320,491.0,497.5,490.0,493.5,249331,123163345,222,-2.5,394.34382891534295
20150323,495.0,497.5,490.5,491.0,244222,120571224,230,-2.5,392.3461398124283
20150324,488.5,493.0,476.0,478.0,409119,196761953,334,-13.0,381.95815647727244
20150325,484.0,484.0,469.0,472.0,353212,167574700,299,-6.0,377.16370263027727
20150326,470.0,470.0,463.0,464.5,312337,145747379,268,-7.5,371.1706353215335
20150327,469.5,469.5,459.5,460.0,276226,127899638,241,-4.5,367.5747949362874
20150330,460.5,469.0,460.5,469.0,218097,101336993,202,9.0,374.76647570677983
20150331,472.5,479.0,472.0,472.0,239156,113625709,207,3.0,377.16370263027727
20150401,475.5,480.0,475.0,480.0,253497,121108809,230,8.0,383.55630775960407
20150402,480.0,482.0,473.5,474.5,184027,87864933,162,-5.5,379.1613917331919
20150407,478.0,480.0,475.0,478.0,220365,105306700,211,3.5,381.95815647727244
20150408,478.0,479.0,459.0,465.0,374247,174580717,355,-13.0,371.5701731421164
20150409,466.0,472.0,460.0,460.0,336163,156713795,304,-5.0,367.5747949362874
20150410,467.0,467.0,433.5,433.5,829278,367985042,629,-26.5,346.39929044539235
20150413,437.0,463.5,435.5,463.5,930506,420690025,801,30.0,370.3715596803677
20150414,463.5,482.0,463.5,477.0,487480,231497460,476,13.5,381.15908083610657
20150415,477.0,482.5,463.0,470.0,418101,197651005,386,-7.0,375.56555134794564
20150416,475.0,478.5,473.0,478.0,359353,171022557,317,8.0,381.95815647727244
20150417,480.0,480.0,470.5,475.0,255100,121317000,229,-3.0,379.5609295537748
20150420,472.0,476.0,464.5,468.0,247064,115902952,239,-7.0,373.9674000656141
20150421,470.0,485.5,470.0,482.0,510493,245376140,490,14.0,385.1544590419357
20150422,484.0,487.5,476.0,479.5,275333,132134670,256,-2.5,383.15676993902116
20150423,479.5,484.0,476.5,476.5,255330,122419400,229,-3.0,380.7595430155237
20150424,476.5,484.0,476.0,476.0,228502,109673456,217,-0.5,380.36000519494064
20150427,481.0,483.5,472.0,480.0,294287,141025260,254,4.0,383.55630775960407
20150428,481.5,484.0,475.5,476.0,335205,160863181,286,-4.0,380.36000519494064
20150429,478.0,492.0,478.0,479.0,422196,204057384,400,3.0,382.75723211843837
20150430,483.5,487.0,482.0,483.5,221470,107110070,212,4.5,386.3530725036845
20150504,485.0,485.5,474.0,479.0,223381,106876927,198,-4.5,382.75723211843837
20150505,479.5,480.0,470.0,475.0,246151,117383725,211,-4.0,379.5609295537748
20150506,467.0,475.0,465.0,467.0,269441,126688711,256,-8.0,373.1683244244481
20150507,471.0,471.0,462.5,468.0,226661,105595678,209,1.0,373.9674000656141
20150508,472.5,472.5,459.5,459.5,215559,100113317,208,-8.5,367.17525711570426
20150511,465.0,465.5,455.0,458.5,248724,114393281,238,-1.0,366.3761814745385
20150512,458.5,461.5,445.0,448.0,296407,133567371,269,-10.5,357.9858872422971
20150513,452.0,456.0,449.0,451.5,257481,116500893,244,3.5,360.78265198637763
20150514,452.0,454.5,445.0,446.5,283144,127200900,260,-5.0,356.7872737805484
20150515,447.0,453.5,446.5,453.0,270391,121927035,249,6.5,361.9812654481264
20150518,455.5,460.0,450.0,450.0,222248,100915540,190,-3.0,359.58403852462885
20150519,455.0,455.0,443.0,447.0,275233,123389316,258,-3.0,357.18681160113124
20150520,450.0,468.0,448.0,461.5,374671,171477002,357,14.5,368.773408398036
20150521,461.0,461.0,448.5,448.5,248444,112663688,236,-13.0,358.38542506288
20150522,446.0,446.5,435.0,438.0,582135,256433140,533,-10.5,349.9951308306387
20150525,439.0,443.0,432.0,432.0,440050,192612700,408,-6.0,345.2006769836437
20150526,435.0,435.5,424.0,425.5,283320,121397780,277,-6.5,340.0066853160657
20150527,425.0,428.0,404.0,406.0,952105,393571045,793,-19.5,324.42471031333184
20150528,413.0,419.5,411.5,418.5,630254,262549236,585,12.5,334.41315582790486
20150529,420.0,445.0,420.0,440.0,1053190,458615024,900,21.5,351.5932821129704
20150601,445.0,448.0,430.5,446.0,363029,160091108,312,6.0,356.38773595996537
20150602,441.0,449.5,434.0,444.5,473110,210645610,430,-1.5,355.1891224982167
20150603,444.0,457.0,440.5,451.0,509253,230043356,481,6.5,360.38311416579467
20150604,453.0,455.5,446.0,451.5,451431,203514398,411,0.5,360.78265198637763
20150605,448.0,450.0,431.0,443.5,336000,148186000,310,-8.0,354.39004685705083
20150608,439.5,444.5,433.0,443.0,361310,158896090,319,-0.5,353.9905090364679
20150609,437.5,439.0,421.0,421.5,387100,166851000,356,-21.5,336.81038275140236
20150610,429.0,433.0,423.0,429.5,477669,205119163,385,8.0,343.20298788072915
20150611,420.0,430.5,410.0,418.0,552300,229501500,520,-11.5,334.0136180073219
20150612,415.0,425.0,414.0,416.5,319118,133246174,309,-1.5,332.8150045455732
20150615,420.0,424.0,416.0,416.5,358024,149733140,264,0.0,332.8150045455732
20150616,416.0,420.0,414.5,418.0,201700,84108349,184,1.5,334.0136180073219
20150617,417.0,420.0,415.0,418.0,297000,124083000,267,0.0,334.0136180073219
20150618,419.0,421.0,412.0,415.5,351540,146705370,199,-2.5,332.0159289044073
20150622,418.0,422.0,417.0,418.0,388085,162415030,247,2.5,334.0136180073219
20150623,420.5,425.5,420.0,421.0,401066,169445550,223,3.0,336.41084493081934
20150624,420.5,425.0,418.5,420.0,255000,107569500,222,-1.0,335.6117692896535
20150625,419.5,423.5,417.0,418.0,314007,132047010,235,-2.0,334.0136180073219
20150626,423.0,433.5,420.0,429.0,354783,152039447,201,11.0,342.8034500601461
20150629,425.0,433.0,410.5,412.0,554020,233261960,421,-17.0,329.21916416032684
20150630,412.0,418.5,410.0,412.0,583425,240723600,550,0.0,329.21916416032684
20150701,415.5,419.0,413.0,415.5,324105,134623680,290,3.5,332.0159289044073
20150702,418.0,418.5,412.0,412.0,318015,131582240,299,-3.5,329.21916416032684
20150703,411.0,414.5,398.0,400.5,424016,171309220,391,-11.5,320.0297942869197
20150706,403.0,407.0,399.0,399.0,413303,166203897,371,-1.5,318.8311808251709
20150707,405.0,406.0,395.0,398.0,213000,85093000,182,-1.0,318.032105184005
20150708,398.0,399.0,378.5,386.5,270105,104015450,241,-11.5,308.84273531059785
20150709,378.5,380.5,364.0,366.0,543693,200723989,454,-20.5,292.46168466669815
20150713,374.0,374.5,368.5,372.5,237400,88429998,232,6.5,297.655676334276
20150714,376.5,386.5,368.5,370.0,292247,109597619,273,-2.5,295.65798723136146
20150715,370.5,374.5,357.5,360.0,377267,137793256,357,-10.0,287.66723081970304
20150716,362.5,370.0,361.0,369.0,329765,120843755,312,9.0,294.85891159019553
20150717,369.0,375.5,365.5,373.0,478448,177828208,431,4.0,298.055214154859
20150720,373.0,374.5,361.0,373.5,358050,133190175,302,0.5,298.454751975442
20150721,367.0,378.0,367.0,378.0,300205,112116092,246,4.5,302.0505923606882
20150722,380.5,384.0,377.0,383.0,362070,137853510,312,5.0,306.04597056651744
20150723,384.0,385.0,380.0,382.0,383446,146815264,340,-1.0,305.24689492535157
20150724,385.0,385.0,373.0,373.0,255053,96243769,233,-9.0,298.055214154859
20150727,370.0,376.5,347.5,348.0,442069,160078684,366,-25.0,278.0783231257129
20150728,330.5,349.5,330.0,338.5,520070,178243230,450,-9.5,270.4871045346374
20150729,342.0,346.5,340.0,341.5,286271,97793544,204,3.0,272.884331458135
20150730,345.0,354.5,342.5,350.5,347005,121479255,318,9.0,280.07601222862763
20150731,353.5,369.0,353.0,365.0,473060,170946200,434,14.5,291.6626090255323
20150803,368.0,368.0,349.5,353.0,252024,89874056,248,-12.0,282.0737013315422
20150804,352.0,380.0,351.0,367.5,396190,145782323,367,14.5,293.66029812844687
20150805,381.0,389.5,375.0,385.0,549094,209538190,466,17.5,307.6441218488491
20150806,385.0,387.5,365.0,372.0,292114,109298250,279,-13.0,297.2561385136932
20150807,379.0,408.0,374.0,392.0,657885,257261150,576,20.0,313.23765133701005
20150810,399.0,401.5,387.0,398.0,361200,142726200,328,6.0,318.032105184005
20150811,404.0,404.0,391.0,391.0,285074,113368970,268,-7.0,312.4385756958443
20150812,391.0,401.0,389.0,391.5,359118,141722992,337,0.5,312.8381135164271
20150813,391.5,404.0,391.5,400.5,339032,135747800,318,9.0,320.0297942869197
20150814,400.5,420.0,400.0,416.0,413720,170509278,357,15.5,332.41546672499015
20150817,418.5,421.0,410.0,410.0,281105,117115340,265,-6.0,327.62101287799516
20150818,413.5,415.5,405.0,405.0,185120,75773860,180,-5.0,323.6256346721659
20150819,406.0,416.5,398.0,398.0,381235,155988765,328,-7.0,318.032105184005
20150820,401.0,413.5,398.0,409.0,609056,248066264,448,11.0,326.82193723682934
20150821,407.0,409.0,402.5,405.0,229160,92922820,206,-4.0,323.6256346721659
20150824,380.0,399.0,364.5,364.5,413256,153059708,292,-40.5,291.26307120494937
20150825,364.5,400.0,363.0,392.0,276522,105873146,266,27.5,313.23765133701005
20150826,392.0,418.0,389.0,409.0,307066,124273362,289,17.0,326.82193723682934
20150827,400.0,418.0,400.0,409.0,311510,127078590,303,0.0,334.17543082465806
20150828,418.0,419.0,410.5,413.0,237224,98299512,207,4.0,337.44365019702633
20150831,412.0,418.0,411.0,413.0,176430,73125090,160,0.0,337.44365019702633
20150901,413.0,419.0,413.0,415.0,171051,71009114,155,2.0,339.07775988321043
20150902,407.0,418.0,407.0,408.0,367100,151255600,328,-7.0,333.35837598156587
20150903,408.0,417.0,408.0,411.0,276552,114241268,225,3.0,335.80954051084206
20150904,414.0,418.0,409.0,409.0,304250,125977950,200,-2.0,334.17543082465806
20150907,411.5,415.0,408.5,410.0,79108,32567226,75,1.0,334.9924856677501
20150908,406.5,413.0,393.0,413.0,320150,129990575,275,3.0,337.44365019702633
20150909,413.0,427.5,413.0,421.0,432252,182203462,357,8.0,343.9800889417628
20150910,422.0,423.0,415.0,421.0,198166,83076302,192,0.0,343.9800889417628
20150911,425.0,446.0,421.0,441.0,951899,414207459,814,20.0,360.32118580360435
20150914,443.0,445.5,433.5,438.0,257603,113204614,224,-3.0,357.8700212743281
20150915,443.5,453.0,436.0,436.0,432124,192282692,372,-2.0,356.23591158814406
20150916,439.0,442.0,435.0,439.5,238290,104626455,197,3.5,359.0956035389662
20150917,444.5,445.5,435.5,435.5,210200,92763999,184,-4.0,355.82738416659794
20150918,442.5,446.5,436.5,436.5,210073,92788082,201,1.0,356.64443900968996
20150921,437.0,439.0,430.0,435.0,135070,58674913,129,-1.5,355.4188567450518
20150922,441.5,442.0,435.5,437.5,121038,53120144,110,2.5,357.46149385278216
20150923,439.0,440.0,428.5,428.5,198226,85996276,182,-9.0,350.10800026495343
20150924,429.0,433.5,427.0,430.0,174366,75079464,164,1.5,351.3335825295915
20150925,432.5,435.0,429.0,431.0,124116,53561764,122,1.0,352.15063737268366
20150930,427.0,453.0,427.0,450.0,613714,272204800,558,19.0,367.67467939143296
20151001,452.5,452.5,438.5,447.5,352245,156952770,303,-2.5,365.63204228370284
20151002,445.5,447.5,439.0,444.5,251080,111095940,241,-3.0,363.18087775442655
20151005,449.0,450.5,443.0,443.0,141006,62990212,130,-1.5,361.95529548978845
20151006,446.0,453.0,446.0,448.0,242122,108764900,234,5.0,366.0405697052488
20151007,441.0,443.0,428.0,430.5,563059,243529960,521,-17.5,351.74210995113754
20151008,432.0,435.0,424.0,425.5,241495,103276325,237,-5.0,347.65683573567713
20151012,425.5,432.0,423.5,432.0,204462,87316020,174,6.5,352.9676922157756
20151013,435.0,435.0,425.0,427.5,227165,97572201,221,-4.5,349.2909454218613
20151014,433.0,433.0,410.0,410.0,430115,178585897,384,-17.5,334.9924856677501
20151015,408.0,415.0,405.0,414.0,339049,138608531,305,4.0,338.2607050401184
20151016,417.0,418.0,409.5,409.5,153100,63214800,130,-4.5,334.5839582462041
20151019,416.5,417.0,406.5,410.5,188273,77339337,187,1.0,335.40101308929604
20151020,413.0,415.0,405.5,411.0,483600,198055756,320,0.5,335.80954051084206
20151021,412.5,417.0,408.5,411.0,260450,107361823,230,0.0,335.80954051084206
20151022,415.5,422.0,414.5,416.0,365095,152431115,346,5.0,339.8948147263025
20151023,421.5,426.0,421.5,425.0,325831,138175097,318,9.0,347.2483083141311
20151026,427.0,438.0,424.0,437.5,308522,133255570,282,12.5,357.46149385278216
20151027,439.0,440.0,435.0,437.5,254043,111068248,225,0.0,357.46149385278216
20151028,431.0,436.5,431.0,432.0,217577,94365033,184,-5.5,352.9676922157756
20151029,435.0,436.0,425.5,435.0,287060,123734950,265,3.0,355.4188567450518
20151030,431.0,438.0,417.5,426.5,212117,90671399,190,-8.5,348.4738905787693
20151102,426.5,428.0,421.5,428.0,212100,89882049,175,1.5,349.69947284340736
20151103,431.5,440.0,431.5,436.0,306010,133145850,271,8.0,356.23591158814406
20151104,437.5,441.0,435.0,438.5,275585,120495730,275,2.5,358.2785486958741
20151105,438.5,444.5,430.0,436.5,249512,109017487,215,-2.0,356.64443900968996
20151106,437.5,438.5,430.0,435.0,133128,57877243,128,-1.5,355.4188567450518
20151109,436.0,437.5,395.0,400.0,611231,251185555,561,-35.0,326.82193723682934
20151110,400.0,405.5,393.5,397.0,645000,257590500,599,-3.0,324.3707727075531
20151111,401.0,404.0,397.0,400.0,453990,181446650,428,3.0,326.82193723682934
20151112,406.0,406.0,398.5,400.5,385296,154373196,308,0.5,327.2304646583753
20151113,399.0,404.5,390.5,393.0,648279,255864947,500,-7.5,321.10255333518484
20151116,396.0,397.0,391.0,396.0,373450,147470300,344,3.0,323.553717864461
20151117,405.5,411.5,402.5,410.0,545238,222139270,524,14.0,334.9924856677501
20151118,413.0,413.0,396.5,397.0,371260,148437740,336,-13.0,324.3707727075531
20151119,400.0,401.5,397.0,400.0,337600,134866800,325,3.0,326.82193723682934
20151120,400.0,402.0,396.0,396.0,195000,77619000,184,-4.0,323.553717864461
20151123,397.5,398.0,389.0,392.0,221036,86755845,206,-4.0,320.2854984920927
20151124,394.0,395.5,390.0,394.0,171095,67258380,165,2.0,321.9196081782769
20151125,394.0,396.0,379.0,384.0,296156,114025528,245,-10.0,313.7490597473562
20151126,384.0,393.5,376.0,393.5,662215,254527500,534,9.5,321.51108075673085
20151127,399.5,401.0,396.0,398.0,337463,134413811,320,4.5,325.1878275506452
20151130,400.0,404.5,394.5,394.5,369100,147323000,284,-3.5,322.3281355998229
20151201,400.0,418.5,400.0,416.0,582534,239305307,554,21.5,339.8948147263025
20151202,418.0,418.5,408.0,413.0,320025,132178325,307,-3.0,337.44365019702633
20151203,414.5,414.5,410.0,410.0,144152,59460320,135,-3.0,334.9924856677501
20151204,410.0,421.0,406.5,420.0,369151,153662675,336,10.0,343.1630340986708
20151207,424.0,429.0,422.5,427.0,250167,106473475,249,7.0,348.88241800031534
20151208,429.0,429.0,419.0,426.0,247290,104628235,235,-1.0,348.0653631572232
20151209,422.0,425.5,417.0,419.0,244714,103010020,215,-7.0,342.3459792555787
20151210,419.0,422.5,417.0,422.0,260110,109101645,232,3.0,344.79714378485494
20151211,422.0,426.5,414.0,418.0,268000,112393000,226,-4.0,341.5289244124867
20151214,411.0,423.5,408.0,419.0,158005,65904082,146,1.0,342.3459792555787
20151215,419.0,420.0,409.0,413.5,213247,87798770,205,-5.5,337.8521776185724
20151216,415.0,430.0,413.5,425.0,394772,167504668,364,11.5,347.2483083141311
20151217,428.5,430.5,423.5,430.5,253068,108187604,240,5.5,351.74210995113754
20151218,430.0,435.0,427.0,435.0,231072,99808139,216,4.5,355.4188567450518
20151221,435.0,440.0,432.0,440.0,163101,71313388,161,5.0,359.50413096051227
20151222,442.5,444.5,431.5,435.0,226160,98337018,210,-5.0,355.4188567450518
20151223,435.0,438.0,433.5,435.0,113161,49315132,105,0.0,355.4188567450518
20151224,437.5,438.0,432.5,435.0,94000,40935000,85,0.0,355.4188567450518
20151225,437.0,437.0,427.5,430.0,181137,78109410,152,-5.0,351.3335825295915
20151228,430.0,431.5,418.5,420.0,280260,118432700,241,-10.0,343.1630340986708
20151229,420.0,423.5,415.5,416.0,215130,90002580,199,-4.0,339.8948147263025
20151230,420.0,422.0,413.0,417.0,214322,89425968,208,1.0,340.7118695693945
20151231,414.0,426.0,414.0,426.0,218016,91668316,199,9.0,348.0653631572232
20160104,427.0,429.0,417.0,422.5,185068,77950229,157,-3.5,345.2056712064011
20160105,426.5,427.0,413.0,413.5,181016,75952124,147,-9.0,337.8521776185724
20160106,415.0,415.0,395.5,400.0,184400,74580497,184,-13.5,326.82193723682934
20160107,400.0,410.0,399.0,404.0,296001,119229401,276,4.0,330.0901566091976
20160108,408.0,411.5,403.5,408.0,245001,99289908,206,4.0,333.35837598156587
20160111,407.0,415.0,403.0,413.0,202000,82860000,162,5.0,337.44365019702633
20160112,414.0,415.0,397.5,400.0,198800,80728500,180,-13.0,326.82193723682934
20160113,402.5,407.5,381.5,393.5,237050,93213050,218,-6.5,321.51108075673085
20160114,382.0,398.0,382.0,397.0,177049,69353845,147,3.5,324.3707727075531
20160115,400.0,400.0,395.0,397.0,257585,102476035,248,0.0,324.3707727075531
20160118,392.0,408.0,391.0,402.5,229015,91665582,205,5.5,328.86457434455946
20160119,404.0,407.5,400.0,407.5,173034,70150906,152,5.0,332.9498485600199
20160120,408.0,408.0,400.5,406.5,162228,65775568,147,-1.0,332.13279371692784
20160121,408.0,417.5,407.0,416.0,290480,119555659,253,9.5,339.8948147263025
20160122,416.0,419.5,416.0,418.5,247120,103223460,199,2.5,341.9374518340327
20160125,421.0,436.5,421.0,436.0,263106,112853716,250,17.5,356.23591158814406
20160126,434.0,434.0,427.0,428.0,138153,59425678,131,-8.0,349.69947284340736
20160127,432.0,432.5,425.5,429.5,102877,44105479,97,1.5,350.9250551080455
20160128,429.5,431.5,424.5,425.0,149172,63765600,128,-4.5,347.2483083141311
20160129,429.0,431.5,426.0,431.5,167008,71710432,149,6.5,352.5591647942297
20160130,435.0,436.0,432.0,436.0,122021,53085614,113,4.5,356.23591158814406
20160201,438.5,440.0,436.5,439.0,174060,76358840,166,3.0,358.68707611742013
20160202,440.0,442.0,433.0,440.0,185012,81000256,145,1.0,359.50413096051227
20160203,435.0,442.0,430.5,433.0,166640,72405160,126,-7.0,353.7847470588678
20160215,420.0,420.0,401.0,406.0,468212,189836888,441,-27.0,331.7242662953818
20160216,409.0,412.0,402.5,407.0,248287,100813596,221,1.0,332.54132113847385
20160217,410.5,411.5,404.0,407.0,197000,80257500,147,0.0,332.54132113847385
20160218,411.0,412.5,408.5,411.0,171032,70224571,148,4.0,335.80954051084206
20160219,407.0,418.0,406.0,417.0,203187,84189292,196,6.0,340.7118695693945
20160222,410.0,414.0,407.0,410.0,180118,73882290,145,-7.0,334.9924856677501
20160223,413.0,413.0,409.0,410.5,136170,55959785,125,0.5,335.40101308929604
20160224,414.5,415.0,405.0,411.0,223974,92041378,212,0.5,335.80954051084206
20160225,411.5,413.5,407.0,411.0,182156,74940460,170,0.0,335.80954051084206
20160226,411.0,414.5,409.0,411.0,122480,50390740,122,0.0,335.80954051084206
20160301,411.0,413.0,400.5,403.5,183200,74347300,168,-7.5,329.68162918765154
20160302,410.0,410.0,396.0,404.0,311059,125140513,274,0.5,330.0901566091976
20160303,404.0,408.5,393.5,396.0,290100,115808949,236,-8.0,323.553717864461
20160304,396.0,398.5,392.0,395.0,224227,88640073,201,-1.0,322.7366630213689
20160307,392.0,399.0,386.5,389.5,294162,115287638,255,-5.5,318.24286138436264
20160308,382.0,393.0,380.0,388.0,556054,213955316,511,-1.5,317.01727911972444
20160309,388.0,391.0,382.0,385.5,345100,133147200,312,-2.5,314.9746420119942
20160310,391.0,393.0,388.0,393.0,235397,91984418,206,7.5,321.10255333518484
20160311,393.0,395.0,388.0,392.0,169000,66291000,162,-1.0,320.2854984920927
20160314,390.0,396.5,389.0,394.0,143074,56364062,126,2.0,321.9196081782769
20160315,394.0,396.5,390.0,390.0,302051,118004772,259,-4.0,318.6513888059086
20160316,390.0,394.0,389.0,391.0,167001,65461896,151,1.0,319.4684436490007
20160317,396.0,396.0,385.0,385.0,285000,110582500,266,-6.0,314.5661145904483
20160318,383.5,384.0,379.0,382.5,244100,93042950,211,-2.5,312.523477482718
20160321,382.0,385.5,380.0,381.0,303118,115823756,253,-1.5,311.29789521807976
20160322,384.5,384.5,378.5,379.0,310168,117918524,251,-2.0,309.66378553189577
20160323,378.5,383.5,378.5,381.0,185150,70547750,173,2.0,311.29789521807976
20160324,381.0,385.5,378.0,382.5,150100,57354500,139,1.5,312.523477482718
20160325,383.0,384.0,375.0,375.5,157106,59425704,140,-7.0,306.80409358107363
20160328,377.5,378.5,374.0,376.5,94260,35519840,92,1.0,307.6211484241655
20160329,376.5,378.0,367.5,370.5,216050,80346350,161,-6.0,302.7188193656132
20160330,368.0,375.5,366.5,373.0,219000,81142000,162,2.5,304.7614564733434
20160331,374.0,374.5,366.5,371.5,258216,95446308,212,-1.5,303.53587420870525
20160401,373.5,374.0,365.0,367.0,234350,86552621,229,-4.5,299.859127414791
20160406,364.0,364.0,359.5,360.5,373595,134777402,346,-6.5,294.54827093469254
20160407,360.5,364.5,353.5,354.0,306705,109578830,304,-6.5,289.23741445459393
20160408,355.0,355.5,336.5,342.5,659199,226278155,642,-11.5,279.84128375903515
20160411,343.5,352.0,337.0,345.5,579700,198771848,556,3.0,282.29244828831133
20160412,348.0,353.5,344.5,350.0,840640,293915900,382,4.5,285.96919508222567
20160413,354.5,383.0,354.0,380.0,548825,206448350,462,30.0,310.48084037498785
20160414,385.0,391.0,376.5,378.0,608100,231880549,539,-2.0,308.8467306888037
20160415,375.5,388.0,375.5,387.5,461780,177316967,420,9.5,316.60875169817837
20160418,383.0,390.0,380.5,381.0,272161,104807180,250,-6.5,311.29789521807976
20160419,386.0,386.5,382.0,383.5,182140,69995550,171,2.5,313.3405323258101
20160420,387.0,387.0,372.0,381.5,298011,112644174,292,-2.0,311.70642263962594
20160421,382.0,389.0,379.0,387.5,387250,149240875,369,6.0,316.60875169817837
20160422,387.0,392.0,375.5,380.0,352235,134355800,338,-7.5,310.48084037498785
20160425,382.0,385.5,379.5,383.5,149150,57178725,141,3.5,313.3405323258101
20160426,385.0,386.0,380.5,383.0,161140,61759270,154,-0.5,312.93200490426415
20160427,383.0,384.5,375.0,379.5,313020,119191660,293,-3.5,310.07231295344184
20160428,380.5,381.0,376.0,380.0,173000,65576000,158,0.5,310.48084037498785
20160429,380.0,385.0,379.0,382.5,295199,113155116,270,2.5,312.523477482718
20160503,386.5,387.5,382.5,386.0,221400,85401300,215,3.5,315.3831694335403
20160504,382.0,389.0,382.0,383.5,220055,85015422,194,-2.5,313.3405323258101
20160505,383.5,388.0,382.0,382.0,208000,79871000,157,-1.5,312.11495006117207
20160506,382.0,385.0,375.0,379.0,181000,68708000,162,-3.0,309.66378553189577
20160509,371.5,382.5,363.5,365.0,263277,98094295,247,-14.0,298.2250177286068
20160510,365.0,372.5,365.0,370.0,192067,70918290,172,5.0,302.31029194406716
20160511,369.5,373.0,348.5,350.0,375000,132933000,319,-20.0,285.96919508222567
20160512,350.5,355.0,336.0,340.0,479525,164628075,398,-10.0,277.79864665130486
20160513,344.0,344.5,331.0,339.0,276084,93383480,257,-1.0,276.9815918082128
20160516,351.0,354.0,343.0,350.0,511180,177740680,468,11.0,285.96919508222567
20160517,355.0,355.0,348.5,349.5,384541,134671416,354,-0.5,285.5606676606796
20160518,349.5,351.0,348.0,350.0,220175,76976625,180,0.5,285.96919508222567
20160519,350.0,352.0,340.0,346.0,198185,68575286,164,-4.0,282.7009757098574
20160520,346.0,350.0,340.0,343.0,170699,58735757,130,-3.0,280.2498111805811
20160523,341.0,349.5,335.5,346.5,221216,76207843,196,3.5,283.1095031314034
20160524,347.0,351.0,339.5,344.0,175000,60153500,159,-2.5,281.06686602367324
20160525,343.5,347.0,340.0,340.0,168126,57617348,135,-4.0,277.79864665130486
20160526,344.5,349.0,342.0,344.5,452320,155712739,260,4.5,281.4753934452193
20160527,345.5,348.0,345.0,345.0,270894,93767559,214,0.5,281.88392086676527
20160530,345.0,348.0,342.5,344.0,193525,66759650,156,-1.0,281.06686602367324
20160531,345.0,347.0,343.5,345.0,308000,106090500,183,1.0,281.88392086676527
20160601,348.0,352.0,348.0,350.5,480050,167995025,394,5.5,286.3777225037717
20160602,350.5,354.5,348.0,348.0,369000,129357500,323,-2.5,284.3350853960415
20160603,349.0,351.5,348.0,349.0,461092,161068358,244,1.0,285.15214023913353
20160604,351.5,353.5,349.5,353.0,145120,51012500,95,4.0,288.42035961150185
20160606,353.0,355.0,345.5,349.0,210040,73211540,185,-4.0,285.15214023913353
20160607,356.0,367.0,350.5,351.0,780003,278295565,611,2.0,286.78624992531786
20160608,355.0,359.0,353.0,356.0,182300,64770849,146,5.0,290.87152414077815
20160613,352.0,356.0,351.0,356.0,234070,82706420,199,0.0,290.87152414077815
20160614,355.0,358.5,353.5,357.0,271127,96652212,239,1.0,291.6885789838701
20160615,357.5,357.5,353.0,357.0,193005,68705285,170,0.0,291.6885789838701
20160616,357.5,357.5,351.0,353.5,163084,57645320,118,-3.5,288.82888703304786
20160617,351.5,360.0,351.5,358.5,234050,83361400,188,5.0,292.9141612485083
20160620,361.0,365.0,361.0,363.0,147261,53450221,108,4.5,296.5909080424226
20160621,363.0,377.0,363.0,373.5,239204,88681296,210,10.5,305.1699838948894
20160622,373.5,378.0,368.0,373.0,178060,66346380,161,-0.5,304.7614564733434
20160623,373.0,377.5,373.0,375.0,191050,71700150,173,2.0,306.3955661595275
20160624,375.0,378.0,361.5,371.0,174052,64607765,158,-4.0,303.1273467871592
20160627,370.0,371.0,363.0,367.5,158054,58026453,146,-3.5,300.26765483633693
20160628,368.5,370.0,366.5,369.0,246166,90592420,195,1.5,301.4932371009751
20160629,370.5,380.5,370.5,377.5,215050,81071850,189,8.5,308.43820326725773
20160630,380.0,380.5,374.0,377.0,135050,50849975,127,-0.5,308.02967584571155
20160701,379.5,380.0,377.5,380.0,136239,51666081,128,3.0,310.48084037498785
20160704,383.0,385.0,378.5,380.0,117020,44736620,107,0.0,310.48084037498785
20160705,383.5,384.5,380.0,382.0,100103,38296743,92,2.0,312.11495006117207
20160706,380.5,384.0,376.5,380.0,116060,44119680,112,-2.0,310.48084037498785
20160707,381.5,381.5,366.0,380.0,150425,56814000,148,0.0,310.48084037498785
20160711,381.5,382.5,377.0,379.0,156010,59290300,152,-1.0,309.66378553189577
20160712,381.5,383.0,379.5,382.0,114070,43535310,105,3.0,312.11495006117207
20160713,383.5,384.0,377.5,381.5,72111,27510846,71,-0.5,311.70642263962594
20160714,383.0,383.5,376.5,380.0,104000,39465000,91,-1.5,310.48084037498785
20160715,382.0,382.5,372.5,374.5,147057,55464660,132,-5.5,305.98703873798144
20160718,374.5,378.5,370.5,376.5,192058,72020866,167,2.0,307.6211484241655
20160719,379.0,390.0,379.0,386.5,465167,179228544,385,10.0,315.7916968550864
20160720,389.0,394.5,387.5,394.0,369105,144318850,292,7.5,321.9196081782769
20160721,399.0,399.0,390.0,393.0,185345,73137411,154,-1.0,321.10255333518484
20160722,394.0,395.0,384.5,389.0,227140,88276100,192,-4.0,317.8343339628166
20160725,391.0,393.0,380.0,385.0,197324,76145360,166,-4.0,314.5661145904483
20160726,388.5,388.5,378.0,380.0,226297,86271330,190,-5.0,310.48084037498785
20160727,383.0,384.0,381.0,383.5,204759,78421456,197,3.5,313.3405323258101
20160728,385.5,391.5,383.5,388.5,223854,86918998,216,5.0,317.4258065412705
20160729,388.5,388.5,380.0,387.5,223251,85563758,211,-1.0,316.60875169817837
20160801,387.5,388.0,375.0,377.0,273008,103986564,224,-10.5,308.02967584571155
20160802,378.5,382.5,370.0,373.0,322250,120698500,304,-4.0,304.7614564733434
20160803,374.0,374.0,364.5,367.0,321214,117808143,306,-6.0,299.859127414791
20160804,368.5,371.0,363.5,365.0,192255,70454360,181,-2.0,298.2250177286068
20160805,367.0,371.0,365.0,368.0,219109,80517375,168,3.0,300.676182257883
20160808,370.0,374.5,369.5,374.5,349100,129782449,246,6.5,305.98703873798144
20160809,377.0,377.5,371.0,377.0,341483,127664591,272,2.5,308.02967584571155
20160810,379.0,379.0,370.0,373.5,226835,84795372,199,-3.5,305.1699838948894
20160811,375.0,375.0,371.0,374.0,148010,55217245,130,0.5,305.5785113164355
20160812,375.5,375.5,370.0,374.0,172635,64243450,153,0.0,305.5785113164355
20160815,374.5,378.5,374.5,377.5,203000,76514500,152,3.5,308.43820326725773
20160816,380.0,382.0,373.5,375.0,181089,68311508,158,-2.5,306.3955661595275
20160817,378.0,378.0,371.5,376.0,156756,58624400,159,1.0,307.2126210026196
20160818,376.0,381.0,376.0,380.5,261350,98869674,235,4.5,310.8893677965339
20160819,381.0,386.0,381.0,383.0,378049,145030144,357,2.5,312.93200490426415
20160822,386.0,391.0,385.0,391.0,383382,148779716,336,8.0,319.4684436490007
20160823,390.0,394.5,386.0,387.0,363340,141698580,320,-4.0,316.2002242766324
20160824,387.0,393.0,387.0,388.0,166123,64643601,141,1.0,317.01727911972444
20160825,388.0,393.5,387.0,390.0,285489,111029221,247,2.0,318.6513888059086
20160826,390.0,390.5,387.0,387.0,254221,98735748,211,-3.0,316.2002242766324
20160829,380.0,380.0,374.0,376.0,202670,76347922,186,0.0,315.4451693499967
20160830,378.0,388.0,377.0,387.0,250242,95928428,235,11.0,324.6736184533212
20160831,388.5,389.5,385.0,387.5,98300,38126649,90,0.5,325.0930934125632
20160901,387.5,389.0,382.0,383.5,145419,55866639,129,-4.0,321.73729373862705
20160902,387.0,387.0,383.0,384.0,195151,74969559,179,0.5,322.15676869786904
20160905,384.0,391.0,384.0,390.0,143032,55565916,122,6.0,327.19046820877315
20160906,393.0,393.0,388.5,389.0,54460,21246940,58,-1.0,326.35151829028916
20160907,392.0,392.0,389.5,391.0,196090,76623900,107,2.0,328.0294181272572
20160908,392.5,414.0,391.5,412.0,845486,340429016,655,21.0,345.647366415422
20160909,413.5,413.5,405.0,409.0,278158,113689306,253,-3.0,343.1305166599699
20160910,407.0,408.0,401.0,404.5,96461,39010974,89,-4.5,339.3552420267917
20160912,407.0,407.5,396.0,397.0,167681,67127857,155,-7.5,333.0631176381615
20160913,398.0,401.5,396.0,398.5,215209,85797354,192,1.5,334.32154251588753
20160914,398.5,402.5,391.0,400.5,237030,93797530,189,2.0,335.99944235285557
20160919,401.0,407.0,400.5,407.0,226173,91504411,207,6.5,341.45261682300185
20160920,406.0,409.0,404.5,409.0,114637,46669670,101,2.0,343.1305166599699
20160921,409.0,411.0,403.0,403.5,191050,77560850,147,-5.5,338.51629210830765
20160922,408.5,410.0,403.0,405.5,196151,79512229,168,2.0,340.1941919452758
20160923,407.5,408.5,401.5,404.0,211547,85490595,179,-1.5,338.93576706754965
20160926,404.0,407.0,403.0,406.0,197824,80138692,178,2.0,340.6136669045177
20160929,406.0,409.5,405.0,405.0,210121,85606185,193,-1.0,339.7747169860337
20160930,405.0,409.0,402.5,405.5,210227,85193935,175,0.5,340.1941919452758
20161003,409.0,418.5,407.0,415.0,279022,114776608,245,9.5,348.164216170874
20161004,417.5,417.5,409.0,410.0,147122,60725520,133,-5.0,343.96946657845393
20161005,410.0,411.0,401.5,404.5,119115,48161075,108,-5.5,339.3552420267917
20161006,407.5,408.0,401.5,401.5,115546,46640492,111,-3.0,336.83839227133967
20161007,398.5,400.0,395.0,396.5,232312,92271434,123,-5.0,332.64364267891943
20161011,391.0,399.5,386.5,389.0,212033,82756436,196,-7.5,326.35151829028916
20161012,389.0,393.5,388.5,390.5,132100,51576100,122,1.5,327.60994316801526
20161013,390.5,394.5,383.0,387.0,174411,67407735,164,-3.5,324.6736184533212
20161014,391.0,392.0,381.0,384.0,84140,32460960,81,-3.0,322.15676869786904
20161017,391.0,391.0,385.0,388.5,155000,60134500,137,4.5,325.9320433310472
20161018,389.0,392.5,387.0,388.5,132100,51438400,138,0.0,325.9320433310472
20161019,389.0,392.0,384.5,386.5,188159,72929951,178,-2.0,324.2541434940791
20161020,390.0,390.0,380.5,380.5,132050,50634800,128,-6.0,319.2204439831749
20161021,383.5,383.5,371.0,374.0,240250,89997500,218,-6.5,313.7672695130288
20161024,377.0,377.0,373.0,376.5,196155,73577280,165,2.5,315.86464430923877
20161025,376.5,382.0,376.5,380.0,155067,58641161,131,3.5,318.80096902393285
20161026,380.0,381.5,377.0,380.0,161100,61033100,128,0.0,318.80096902393285
20161027,380.5,386.5,380.5,385.0,233063,89314129,208,5.0,322.99571861635314
20161028,386.0,388.0,381.5,385.5,165351,63617486,139,0.5,323.415193575595
20161031,382.0,387.5,381.0,387.0,180029,69232708,155,1.5,324.6736184533212
20161101,388.5,392.5,388.0,390.0,210000,81895000,195,3.0,327.19046820877315
20161102,391.0,395.0,381.0,383.0,192442,74250286,179,-7.0,321.31781877938505
20161103,384.0,385.5,368.5,371.0,233150,87348650,149,-12.0,311.25041975757654
20161104,371.0,375.0,356.0,360.0,250300,91129800,203,-11.0,302.02197065425224
20161107,360.5,375.0,360.5,370.0,200472,73684140,197,10.0,310.41146983909255
20161108,369.0,377.5,368.0,377.5,228249,85069750,187,7.5,316.7035942277228
20161109,377.5,392.5,369.0,369.0,240216,91039988,216,-8.5,309.57251992060856
20161110,375.0,388.0,375.0,385.5,247265,94569157,238,16.5,323.415193575595
20161111,386.5,386.5,375.0,375.5,93190,35240440,86,-10.0,315.02569439075484
20161114,374.0,379.0,361.0,367.0,210060,76918500,199,-8.5,307.8946200836405
20161115,367.0,368.5,360.5,364.5,128000,46428500,118,-2.5,305.7972452874304
20161116,364.5,370.0,364.0,368.0,108022,39607662,105,3.5,308.73357000212445
20161117,369.0,369.0,364.0,368.0,113000,41466000,108,0.0,308.73357000212445
20161118,368.0,371.5,365.0,371.0,129824,47774788,118,3.0,311.25041975757654
20161121,372.0,372.0,366.5,371.0,102130,37727035,92,0.0,311.25041975757654
20161122,370.0,371.5,365.0,367.0,174298,63963015,168,-4.0,307.8946200836405
20161123,368.0,369.0,366.0,366.5,133250,48920875,107,-0.5,307.47514512439847
20161124,366.5,370.0,365.0,367.0,103408,37953940,100,0.5,307.8946200836405
20161125,369.0,371.5,367.0,367.5,137000,50543500,121,0.5,308.31409504288246
20161128,370.0,370.5,364.0,367.0,148138,54439612,109,-0.5,307.8946200836405
20161129,368.0,370.0,363.5,365.5,188008,68796944,170,-1.5,306.6361952059144
20161130,365.5,369.5,364.0,364.5,217000,79535500,178,-1.0,305.7972452874304
20161201,367.5,369.0,364.0,365.5,221252,80906996,204,1.0,306.6361952059144
20161202,368.0,368.0,363.0,365.0,180120,65662900,148,-0.5,306.21672024667237
20161205,368.0,369.0,365.0,366.0,172350,63050550,158,1.0,307.05567016515636
20161206,368.5,368.5,362.5,366.0,263485,96116010,217,0.0,307.05567016515636
20161207,369.5,380.5,369.5,377.5,551292,207674500,433,11.5,316.7035942277228
20161208,381.0,388.0,381.0,388.0,523736,201687096,372,10.5,325.51256837180506
20161209,393.5,393.5,385.0,388.0,373138,144048698,240,0.0,325.51256837180506
20161212,388.0,390.5,386.0,389.0,317000,122823500,231,1.0,326.35151829028916
20161213,389.0,391.5,387.0,389.5,278000,108165000,237,0.5,326.7709932495312
20161214,389.5,392.5,387.5,392.5,345229,134341195,299,3.0,329.2878430049833
20161215,392.5,398.5,392.5,395.5,221119,87474267,204,3.0,331.8046927604354
20161216,397.5,404.5,397.0,403.0,557557,223679300,471,7.5,338.0968171490657
20161219,403.0,411.0,403.0,407.0,402823,164286992,323,4.0,341.45261682300185
20161220,407.0,411.0,405.0,408.0,256535,104410175,213,1.0,342.29156674148584
20161221,408.0,410.0,402.0,410.0,386502,157116814,326,2.0,343.96946657845393
20161222,406.0,409.0,395.5,400.0,373439,149412783,282,-10.0,335.5799673936136
20161223,400.0,408.0,391.5,398.5,340075,135711850,297,-1.5,334.32154251588753
20161226,399.0,405.0,398.5,402.0,217100,87065600,182,3.5,337.25786723058167
20161227,403.0,408.0,393.0,405.0,421050,169474125,370,3.0,339.7747169860337
20161228,405.0,410.0,405.0,410.0,361520,147318180,303,5.0,343.96946657845393
20161229,413.5,415.5,410.0,413.5,380255,156710285,327,3.5,346.90579129314807
20161230,415.0,418.0,413.5,417.0,358660,149179240,256,3.5,349.84211600784215
20170103,417.0,421.0,412.0,412.0,215100,89391950,161,-5.0,345.647366415422
20170104,414.5,415.0,409.5,413.0,241025,99288775,228,1.0,346.48631633390596
20170105,413.5,413.5,409.0,410.0,284304,116771728,263,-3.0,343.96946657845393
20170106,411.5,412.0,405.0,410.5,229160,93750780,193,0.5,344.3889415376959
20170109,406.5,412.0,397.0,405.0,355040,143805620,329,-5.5,339.7747169860337
20170110,405.0,408.0,399.5,400.0,390100,156747825,251,-5.0,335.5799673936136
20170111,408.0,421.0,402.5,421.0,492362,200894771,396,21.0,353.1979156817782
20170112,416.0,420.0,412.5,415.5,283106,117590541,269,-5.5,348.5836911301161
20170113,417.0,419.0,412.0,416.0,235105,97505812,192,0.5,349.0031660893581
20170116,416.0,417.5,410.5,414.5,205091,84918083,144,-1.5,347.74474121163206
20170117,414.5,420.0,414.5,420.0,224968,93611156,183,5.5,352.3589657632942
20170118,419.0,420.0,406.0,415.0,341001,140576412,257,-5.0,348.164216170874
20170119,415.0,420.0,413.0,418.5,187225,78174487,173,3.5,351.1005408855682
20170120,418.5,419.0,412.0,415.0,177100,73456050,144,-3.5,348.164216170874
20170123,416.0,419.0,410.0,414.0,209090,86647625,173,-1.0,347.32526625239
20170124,415.0,418.0,414.5,416.5,205000,85341000,163,2.5,349.42264104860016
20170202,413.5,420.0,413.5,415.0,229648,95729799,204,-1.5,348.164216170874
20170203,415.0,416.0,408.5,415.5,256840,105874580,230,0.5,348.5836911301161
20170206,411.5,418.0,411.5,415.5,366200,152037600,278,0.0,348.5836911301161
20170207,416.5,417.5,410.0,411.0,265775,109846575,217,-4.5,344.808416496938
20170208,416.5,428.0,412.5,414.5,463120,193478300,428,3.5,347.74474121163206
20170209,417.0,418.0,407.5,410.0,334713,138093330,247,-4.5,343.96946657845393
20170210,412.0,415.0,406.0,410.0,284065,116557150,218,0.0,343.96946657845393
20170213,410.0,411.0,400.5,406.0,426012,172746724,279,-4.0,340.6136669045177
20170214,410.0,415.0,409.0,415.0,430183,177190945,336,9.0,348.164216170874
20170215,414.0,417.0,408.0,412.5,370001,152051912,327,-2.5,346.066841374664
20170216,415.0,416.5,410.0,412.5,190001,78210912,154,0.0,346.066841374664
20170217,412.5,417.5,412.5,417.5,327425,136082475,246,5.0,350.2615909670842
20170218,418.0,421.0,417.5,420.0,247567,103610153,177,2.5,352.3589657632942
20170220,420.5,425.0,416.0,417.0,373000,156908000,251,-3.0,349.84211600784215
20170221,417.0,422.0,415.0,416.0,285200,118849400,241,-1.0,349.0031660893581
20170222,419.0,419.0,411.5,415.0,352080,145722659,255,-1.0,348.164216170874
20170223,417.0,418.5,413.0,417.0,227106,94271490,197,2.0,349.84211600784215
20170224,417.0,424.0,416.0,424.0,331921,139054241,246,7.0,355.71476543723037
20170301,425.0,425.0,414.0,416.0,391139,162856614,316,-8.0,349.0031660893581
20170302,419.5,419.5,413.5,417.0,397030,164976495,188,1.0,349.84211600784215
20170303,417.0,417.5,413.5,417.0,455200,189331300,331,0.0,349.84211600784215
20170306,416.5,419.0,413.0,415.0,185000,76838000,121,-2.0,348.164216170874
20170307,416.5,420.5,416.5,420.0,317000,132629500,212,5.0,352.3589657632942
20170308,420.0,425.0,420.0,421.0,378928,160479904,278,1.0,353.1979156817782
20170309,421.0,429.5,421.0,427.0,295160,125929000,259,6.0,358.2316151926825
20170310,428.5,428.5,420.0,423.0,254050,107355500,215,-4.0,354.87581551874644
20170313,421.0,429.5,416.5,422.5,424014,179350352,379,-0.5,354.45634055950427
20170314,425.0,425.0,416.5,423.0,288400,120872000,243,0.5,354.87581551874644
20170315,425.0,426.5,415.5,418.0,250035,104794630,220,-5.0,350.68106592632626
20170316,421.5,422.0,415.0,415.0,306000,127657000,271,-3.0,348.164216170874
20170317,419.5,424.5,415.0,424.5,366285,153977981,316,9.5,356.1342403964724
20170320,424.5,428.0,421.0,424.5,207003,87817770,173,0.0,356.1342403964724
20170321,426.5,427.5,419.0,425.5,177140,74946000,153,1.0,356.97319031495647
20170322,426.5,430.0,423.5,427.5,176168,75145568,154,2.0,358.6510901519246
20170323,429.5,430.5,427.5,430.0,236250,101247875,209,2.5,360.74846494813454
20170324,431.0,432.0,430.0,431.0,310005,133540650,269,1.0,361.5874148666186
20170327,428.0,431.0,428.0,431.0,249011,106975702,158,0.0,361.5874148666186
20170328,431.0,440.5,427.5,432.0,316118,136331563,240,1.0,362.42636478510275
20170329,432.5,437.0,429.0,433.5,242686,104758480,159,1.5,363.6847896628287
20170330,433.0,437.0,429.0,433.5,285345,123371350,227,0.0,363.6847896628287
20170331,435.0,435.0,429.0,435.0,329929,142436399,267,1.5,364.9432145405547
20170405,435.0,439.0,421.0,429.5,344382,148325921,244,-5.5,360.3289899888925
20170406,429.5,430.0,417.0,417.0,264108,111558264,246,-12.5,349.84211600784215
20170407,423.0,426.5,418.0,423.5,402237,169568629,319,6.5,355.2952904779884
20170410,432.0,434.5,428.0,434.0,186381,80336830,162,10.5,364.10426462207073
20170411,434.0,434.0,424.0,427.5,411200,175746500,381,-6.5,358.6510901519246
20170412,430.5,432.0,429.0,429.5,279001,120001429,220,2.0,360.3289899888925
20170413,432.0,433.0,425.0,427.0,238250,101998250,198,-2.5,358.2316151926825
20170414,429.0,439.0,427.0,430.0,262000,112557500,226,3.0,360.74846494813454
20170417,430.0,432.0,426.5,429.5,246350,105400323,228,-0.5,360.3289899888925
20170418,431.0,434.0,428.5,431.0,196000,84399500,166,1.5,361.5874148666186
20170419,431.0,432.0,426.5,430.0,256141,109725989,237,-1.0,360.74846494813454
20170420,429.5,434.0,429.0,432.5,306270,131877140,283,2.5,362.8458397443447
20170421,433.5,435.0,428.0,430.5,401415,172893157,346,-2.0,361.16793990737665
20170424,433.0,434.0,427.5,433.0,245000,105656500,230,2.5,363.2653147035867
20170425,434.0,451.0,432.5,451.0,422247,187033521,385,18.0,378.36641323629925
20170426,452.0,466.5,452.0,462.5,361838,167729398,351,11.5,388.01433729886566
20170427,467.0,467.0,461.5,464.0,268205,124407516,245,1.5,389.27276217659164
20170428,470.0,475.0,464.5,464.5,256107,119789593,225,0.5,389.6922371358338
20170502,464.5,467.0,456.5,461.0,168465,77582269,138,-3.5,386.75591242113956
20170503,465.0,468.0,460.0,464.0,191111,88703837,168,3.0,389.27276217659164
20170504,462.0,473.0,462.0,470.5,210510,98848924,195,6.5,394.7259366467379
20170505,467.5,477.0,464.0,466.5,168110,78829314,138,-4.0,391.3701369728018
20170508,458.0,458.0,427.5,446.0,323117,142783916,307,-20.5,374.1716636438791
20170509,445.0,451.5,441.5,447.0,293100,130312400,262,1.0,375.01061356236323
20170510,447.0,450.5,431.0,431.0,172520,75760560,165,-16.0,361.5874148666186
20170511,435.0,439.0,423.0,428.0,276162,118560850,268,-3.0,359.0705651111665
20170512,435.0,435.0,429.0,432.0,255051,110177430,241,4.0,362.42636478510275
20170515,429.0,437.0,427.5,430.0,237060,102416180,212,-2.0,360.74846494813454
20170516,435.0,436.0,420.5,424.0,269167,114832307,266,-6.0,355.71476543723037
20170517,428.5,434.5,420.5,431.0,253200,107745399,239,7.0,361.5874148666186
20170518,434.0,434.0,427.5,432.0,231125,99411750,204,1.0,362.42636478510275
20170519,433.0,435.0,428.0,430.0,162297,69890522,122,-2.0,360.74846494813454
20170522,433.0,433.5,423.5,427.0,295173,126395852,283,-3.0,358.2316151926825
20170523,431.5,432.0,426.0,431.5,228793,98384800,217,4.5,362.00688982586064
20170524,431.5,445.0,431.5,445.0,225220,98124520,206,13.5,373.3327137253951
20170525,446.0,453.5,436.0,436.0,210262,92522732,203,-9.0,365.7821644590388
20170526,438.5,446.0,434.0,439.0,235090,103266510,223,3.0,368.2990142144908
20170531,444.0,447.5,439.5,446.0,338177,150048442,297,7.0,374.1716636438791
20170601,448.5,448.5,440.0,440.5,183050,81065550,145,-5.5,369.55743909221695
20170602,443.0,444.0,436.5,439.0,185264,81593368,156,-1.5,368.2990142144908
20170603,442.0,443.0,433.5,436.0,172150,75129750,138,-3.0,365.7821644590388
20170605,439.5,443.5,436.0,438.0,175054,76923044,171,2.0,367.46006429600686
20170606,443.0,444.0,440.0,444.0,173000,76487000,145,6.0,372.49376380691103
20170607,448.0,448.0,441.5,444.0,151111,67148506,126,0.0,372.49376380691103
20170608,441.5,444.0,433.0,433.0,273150,119207250,186,-11.0,363.2653147035867
20170609,437.5,437.5,434.0,436.0,299115,130132967,139,3.0,365.7821644590388
20170612,435.5,438.0,430.5,433.0,174151,75482081,168,-3.0,363.2653147035867
20170613,435.0,438.0,429.0,433.5,275100,119044550,264,0.5,363.6847896628287
20170614,435.0,441.5,430.5,434.0,816569,355482751,206,0.5,364.10426462207073
20170615,434.0,437.5,424.5,427.0,219056,93941912,207,-7.0,358.2316151926825
20170616,430.0,430.0,425.0,428.0,233112,99715936,218,1.0,359.0705651111665
20170619,428.0,431.5,425.5,428.5,187877,80409662,184,0.5,359.49004007040855
20170620,429.0,431.5,422.0,426.5,306170,130896505,286,-2.0,357.8121402334405
20170621,428.0,429.5,421.0,429.5,255189,108779674,237,3.0,360.3289899888925
20170622,430.5,432.0,426.0,429.0,179030,76722370,163,-0.5,359.90951502965055
20170623,425.0,428.0,423.5,423.5,153050,65023724,144,-5.5,355.2952904779884
20170626,426.0,426.0,419.0,422.5,179204,75689187,174,-1.0,354.45634055950427
20170627,424.0,426.0,421.0,423.0,255135,108020105,254,0.5,354.87581551874644
20170628,423.0,423.0,412.0,413.0,176222,73329518,165,-10.0,346.48631633390596
20170629,416.5,426.0,415.0,421.5,317655,133152945,304,8.5,353.6173906410203
20170630,421.5,432.0,421.5,427.0,173071,73617317,157,5.5,358.2316151926825
20170703,429.5,431.0,426.0,430.0,167085,71678837,156,3.0,360.74846494813454
20170704,432.0,434.5,429.0,431.0,190080,81969900,169,1.0,361.5874148666186
20170705,435.0,435.0,427.5,431.0,193012,82976160,184,0.0,361.5874148666186
20170706,434.5,434.5,426.0,431.0,230206,98820286,213,0.0,361.5874148666186
20170707,434.0,437.5,428.0,431.0,171062,73760722,148,0.0,361.5874148666186
20170710,432.0,437.0,428.0,431.0,166492,71743576,140,0.0,361.5874148666186
20170711,431.5,436.0,431.5,435.5,210226,91238647,169,4.5,365.3626894997968
20170712,431.5,437.5,427.0,427.0,268067,115414877,142,-8.5,358.2316151926825
20170713,427.0,429.5,420.0,420.0,196001,83233423,171,-7.0,352.3589657632942
20170714,421.0,427.5,414.0,421.5,318050,133268774,299,1.5,353.6173906410203
20170717,425.0,428.0,416.0,418.0,322202,135142638,272,-3.5,350.68106592632626
20170718,422.5,422.5,412.0,418.0,309025,128478512,174,0.0,350.68106592632626
20170719,419.0,421.0,414.0,417.5,245141,102269366,237,-0.5,350.2615909670842
20170720,418.0,420.0,414.5,417.0,197077,82104378,168,-0.5,349.84211600784215
20170721,418.0,418.0,407.0,407.5,207134,85221074,190,-9.5,341.8720917822438
20170724,408.5,413.5,406.5,412.5,262130,107438950,251,5.0,346.066841374664
20170725,416.0,417.0,413.5,417.0,224316,93013272,210,4.5,349.84211600784215
20170726,419.5,421.0,417.5,419.0,268023,112273148,242,2.0,351.5200158448102
20170727,422.0,427.0,421.0,427.0,390377,165272471,153,8.0,358.2316151926825
20170728,428.0,428.0,423.0,425.0,275120,116818140,159,-2.0,356.5537153557144
20170731,425.0,425.0,420.5,424.5,200100,84589450,180,-0.5,356.1342403964724
20170801,424.5,427.0,424.0,426.0,184000,78249500,93,1.5,357.39266527419835
20170802,426.0,430.0,426.0,430.0,254050,108831950,152,4.0,360.74846494813454
20170803,430.0,431.0,425.0,426.5,197083,84231799,111,-3.5,357.8121402334405
20170804,428.5,428.5,422.5,424.0,196004,83185699,102,-2.5,355.71476543723037
20170807,428.0,428.5,424.0,426.5,211005,89873350,116,2.5,357.8121402334405
20170808,418.0,420.0,404.0,407.0,483157,197842527,400,-19.5,341.45261682300185
20170809,406.0,406.0,368.0,399.5,649012,253209336,585,-7.5,335.1604924343715
20170810,400.0,408.5,398.0,408.5,373183,149718072,326,9.0,342.7110417007279
20170811,406.5,410.0,396.5,408.0,210327,84678771,182,-0.5,342.29156674148584
20170814,408.0,410.0,404.0,406.0,147030,59745650,126,-2.0,340.6136669045177
20170815,406.0,409.5,391.0,406.5,197081,78940925,184,0.5,341.03314186375985
20170816,406.5,409.0,396.0,399.0,151062,60774955,135,-7.5,334.74101747512947
20170817,403.0,404.0,396.5,400.0,150307,60246379,139,1.0,335.5799673936136
20170818,403.0,405.5,398.5,403.5,150110,60269885,137,3.5,338.51629210830765
20170821,407.0,407.5,397.0,405.0,165045,66360657,140,1.5,339.7747169860337
20170822,407.5,407.5,399.5,400.0,140105,56380552,118,-5.0,335.5799673936136
20170823,402.5,403.0,396.5,398.5,143051,57061400,121,-1.5,334.32154251588753
20170824,400.0,400.0,390.0,393.0,206000,81177500,160,-5.5,329.7073179642254
20170825,395.5,397.0,392.5,397.0,162425,64053662,158,4.0,333.0631176381615
20170828,397.0,406.0,397.0,406.0,268692,108054452,258,9.0,340.6136669045177
20170829,397.0,404.5,392.0,398.0,157090,62427820,155,0.0,340.8277546901271
20170830,398.0,401.5,393.5,401.0,146042,58159216,140,3.0,343.39680811743966
20170831,404.5,420.0,400.5,420.0,278829,113264364,250,19.0,359.6674798237522
20170901,416.0,420.0,407.0,407.0,157155,64714740,142,-13.0,348.53491497206466
20170904,409.0,414.0,407.0,407.0,140011,57195988,109,0.0,348.53491497206466
20170905,413.0,414.0,408.0,408.0,130180,53509940,115,1.0,349.39126611450223
20170906,408.0,412.0,408.0,411.5,133165,54585896,111,3.5,352.38849511303346
20170907,415.0,415.0,411.5,413.0,157148,64817124,146,1.5,353.67302182668976
20170908,400.0,401.0,391.5,391.5,230176,91276020,229,-21.5,335.2614722642833
20170911,398.0,398.5,384.5,388.0,265039,103366268,182,-3.5,332.2642432657521
20170912,392.0,395.5,390.0,390.5,139203,54504170,131,2.5,334.40512112184587
20170913,393.5,395.5,391.5,394.0,123099,48369204,104,3.5,337.40235012037704
20170914,396.0,399.0,395.0,398.0,127106,50414188,118,4.0,340.8277546901271
20170915,404.0,405.0,398.5,399.0,126059,50466482,95,1.0,341.6841058325647
20170918,404.0,404.5,397.5,400.0,115236,46144192,95,1.0,342.5404569750022
20170919,402.0,403.0,394.0,395.0,123090,48948050,92,-5.0,338.25870126281467
20170920,399.5,399.5,390.5,393.5,184013,72296622,177,-1.5,336.97417454915836
20170921,395.5,398.0,392.0,398.0,124488,49145260,99,4.5,340.8277546901271
20170922,399.5,405.0,398.0,400.0,121500,48655500,101,2.0,342.5404569750022
20170925,398.0,404.0,395.0,404.0,211051,84479924,208,4.0,345.96586154475216
20170926,404.0,411.0,404.0,406.0,146049,59312247,140,2.0,347.67856382962725
20170927,406.0,409.0,405.5,408.0,112035,45611692,95,2.0,349.39126611450223
20170928,409.0,410.0,406.0,410.0,127647,52064329,110,2.0,351.10396839937715
20170929,410.0,417.0,409.5,413.0,162103,66872178,137,3.0,353.67302182668976
20170930,415.0,418.0,414.5,417.0,128598,53470072,123,4.0,357.0984263964397
20171002,417.0,422.0,417.0,419.0,223000,93560500,216,2.0,358.81112868131464
20171003,419.0,422.5,418.0,421.0,610165,256211065,197,2.0,360.5238309661898
20171005,421.0,423.0,417.0,420.0,164032,68887860,140,-1.0,359.6674798237522
20171006,420.0,422.0,412.5,415.5,136050,56674150,113,-4.5,355.81389968278353
20171011,416.5,420.0,399.0,403.0,209267,84961868,203,-12.5,345.10951040231464
20171012,403.0,406.0,394.0,400.0,215016,86076955,198,-3.0,342.5404569750022
20171013,403.0,407.5,396.5,400.0,199006,79520924,193,0.0,342.5404569750022
20171016,400.0,402.0,390.0,394.0,210188,83098730,201,-6.0,337.40235012037704
20171017,395.5,406.5,394.0,405.0,264314,105989356,250,11.0,346.82221268718973
20171018,408.0,414.0,404.0,414.0,206183,84154802,201,9.0,354.5293729691272
20171019,416.0,417.5,413.5,417.5,150147,62436799,150,3.5,357.5266019676585
20171020,417.5,418.0,410.5,414.0,172514,71407010,163,-3.5,354.5293729691272
20171023,417.5,417.5,401.0,404.0,169165,69285160,159,-10.0,345.96586154475216
20171024,404.0,405.5,396.0,400.0,194061,77404900,186,-4.0,342.5404569750022
20171025,402.0,408.0,396.5,400.0,159062,63688800,145,0.0,342.5404569750022
20171026,404.0,405.0,397.0,404.0,141050,56557175,129,4.0,345.96586154475216
20171027,400.0,406.5,399.5,404.0,177830,71669400,186,0.0,345.96586154475216
20171030,403.0,409.0,402.0,406.5,131004,53116128,127,2.5,348.10673940084587
20171031,406.5,409.0,399.0,403.5,190192,76726279,187,-3.0,345.5376859735334
20171101,405.0,407.0,403.0,405.0,176171,71185378,132,1.5,346.82221268718973
20171102,406.0,407.5,403.5,405.5,139000,56349500,116,0.5,347.25038825840846
20171103,405.5,408.0,397.5,400.0,146250,58799000,133,-5.5,342.5404569750022
20171106,400.0,403.0,391.0,391.0,154056,61202788,145,-9.0,334.83329669306465
20171107,392.0,405.5,392.0,403.0,311138,124508752,298,12.0,345.10951040231464
20171108,402.0,405.0,390.0,403.0,400242,159623784,369,0.0,345.10951040231464
20171109,403.0,403.0,392.5,395.5,166219,65656943,170,-7.5,338.6868768340334
20171110,398.0,398.0,386.0,390.5,258100,100501200,246,-5.0,334.40512112184587
20171113,395.0,395.5,385.5,392.0,223660,86851220,213,1.5,335.689647835502
20171114,394.0,395.0,391.0,394.5,134199,52707080,119,2.5,337.83052569159577
20171115,395.0,400.0,394.5,400.0,206000,81775500,197,5.5,342.5404569750022
20171116,402.0,403.0,399.0,402.0,127136,50927900,106,2.0,344.2531592598771
20171117,405.0,409.0,402.5,405.0,161277,65238354,160,3.0,346.82221268718973
20171120,404.5,407.0,402.5,406.0,159020,64311580,142,1.0,347.67856382962725
20171121,409.0,410.0,407.0,410.0,186005,75946040,178,4.0,351.10396839937715
20171122,410.0,411.5,403.0,405.5,153109,62221699,148,-4.5,347.25038825840846
20171123,407.5,409.0,406.0,408.5,176000,71725500,164,3.0,349.81944168572096
20171124,408.5,411.0,406.5,408.5,167000,68169500,156,0.0,349.81944168572096
20171127,408.5,410.0,397.5,405.0,161130,65001760,149,-3.5,346.82221268718973
20171128,405.0,407.0,402.5,404.5,136014,54968163,107,-0.5,346.3940371159709
20171129,405.0,407.5,403.5,407.5,200023,81067803,182,3.0,348.9630905432834
20171130,407.5,410.0,405.0,410.0,169156,68870460,160,2.5,351.10396839937715
20171201,411.0,412.0,408.5,411.0,139060,57020980,130,1.0,351.9603195418148
20171204,412.0,413.0,408.5,411.5,153000,62773000,137,0.5,352.38849511303346
20171205,415.0,415.5,409.5,412.5,139065,57277116,133,1.0,353.244846255471
20171206,412.5,414.0,408.0,410.0,118047,48470105,94,-2.5,351.10396839937715
20171207,413.0,413.5,409.0,411.5,161200,66163000,153,1.5,352.38849511303346
20171208,409.5,413.0,406.0,406.5,153071,62378719,134,-5.0,348.10673940084587
20171211,406.5,408.5,403.0,403.0,131060,53184740,111,-3.5,345.10951040231464
20171212,403.0,406.5,396.5,398.5,148070,59326930,141,-4.5,341.2559302613459
20171213,401.0,402.0,392.0,394.5,140321,55478632,130,-4.0,337.83052569159577
20171214,396.5,396.5,391.5,394.5,144138,56705510,118,0.0,337.83052569159577
20171215,395.5,398.0,390.0,398.0,278444,109784973,254,3.5,340.8277546901271
20171218,401.5,401.5,391.0,394.5,109080,42953420,97,-3.5,337.83052569159577
20171219,395.0,396.5,390.0,392.5,138366,54387660,139,-2.0,336.11782340672085
20171220,395.5,396.0,390.0,393.0,193489,75940003,186,0.5,336.5459989779396
20171221,394.5,395.0,389.5,393.0,197519,77232762,196,0.0,336.5459989779396
20171222,394.5,395.5,392.5,395.0,151030,59416165,142,2.0,338.25870126281467
20171225,395.5,399.5,395.0,399.5,176160,70018420,164,4.5,342.1122814037834
20171226,402.5,402.5,394.5,397.5,112055,44568110,78,-2.0,340.39957911890843
20171227,399.0,400.0,393.0,394.0,137001,54252400,119,-3.5,337.40235012037704
20171228,396.5,399.0,393.5,395.5,153540,60767567,152,1.5,338.6868768340334
20171229,398.0,400.5,395.5,400.5,179000,71184500,167,5.0,342.9686325462209
20180102,403.0,403.5,400.5,402.0,156236,62790788,142,1.5,344.2531592598771
20180103,404.5,406.0,401.0,404.5,155077,62569108,145,2.5,346.3940371159709
20180104,404.5,405.0,395.5,398.0,177422,70748956,162,-6.5,340.8277546901271
20180105,399.0,401.0,392.5,394.0,162598,64223017,163,-4.0,337.40235012037704
20180108,399.0,399.0,391.0,395.5,140314,55216844,136,1.5,338.6868768340334
20180109,398.0,399.5,394.5,397.0,216058,85669438,144,1.5,339.9714035476897
20180110,401.0,401.5,391.0,391.0,129047,50897877,123,-6.0,334.83329669306465
20180111,391.0,393.5,389.5,390.5,138008,53954648,116,-0.5,334.40512112184587
20180112,392.5,394.5,391.0,392.0,170057,66709815,168,1.5,335.689647835502
20180115,394.0,395.0,391.0,394.0,152050,59732100,148,2.0,337.40235012037704
20180116,395.0,396.0,391.0,391.0,120115,47233080,106,-3.0,334.83329669306465
20180117,394.0,395.0,389.0,390.0,254206,99503942,233,-1.0,333.97694555062714
20180118,394.0,395.0,388.5,389.0,117703,45938967,108,-1.0,333.12059440818956
20180119,391.5,392.5,388.0,390.0,116138,45261389,109,1.0,333.97694555062714
20180122,392.5,393.5,387.5,388.5,111046,43258440,83,-1.5,332.6924188369709
20180123,389.0,391.0,388.5,390.0,158020,61563820,81,1.5,333.97694555062714
20180124,393.5,393.5,390.0,391.0,433029,169106917,108,1.0,334.83329669306465
20180125,393.0,393.0,390.0,392.5,119101,46628743,78,1.5,336.11782340672085
20180126,393.0,397.0,390.5,394.5,161044,63274880,146,2.0,337.83052569159577
20180129,396.0,397.0,391.0,395.0,117160,46131200,108,0.5,338.25870126281467
20180130,395.0,397.0,390.0,391.0,153000,59977000,114,-4.0,334.83329669306465
20180131,393.0,395.5,390.0,395.5,136114,53266086,116,4.5,338.6868768340334
20180201,395.0,397.5,392.0,395.5,117097,46207815,103,0.0,338.6868768340334
20180202,396.0,396.5,391.5,395.0,170913,67317155,177,-0.5,338.25870126281467
20180205,394.0,395.5,392.0,392.0,139420,54893108,124,-3.0,335.689647835502
20180206,388.0,394.0,386.0,394.0,141112,54968906,129,2.0,337.40235012037704
20180207,394.5,396.0,383.0,383.0,155262,59959656,155,-11.0,327.9824875535645
20180208,392.0,420.5,392.0,415.0,657480,270216260,573,32.0,355.38572411156474
20180209,414.0,427.0,407.0,416.0,285701,119028013,269,1.0,356.24207525400226
20180212,421.0,423.0,407.5,416.0,424210,175187520,345,0.0,356.24207525400226
20180221,422.5,432.5,420.5,430.0,296194,126493226,264,14.0,368.2309912481273
20180222,429.5,437.5,425.0,426.0,164109,70268825,148,-4.0,364.8055866783773
20180223,426.5,429.0,422.0,424.0,199070,84517610,187,-2.0,363.09288439350223
20180226,426.0,426.0,422.0,424.0,139002,58859346,116,0.0,363.09288439350223
20180227,426.0,435.0,422.5,426.0,217105,92354415,208,2.0,364.8055866783773
20180301,426.0,428.5,416.0,416.0,252156,106638064,154,-10.0,356.24207525400226
20180302,414.5,417.0,410.5,410.5,194331,80230048,182,-5.5,351.532143970596
20180305,410.5,418.0,410.5,413.0,234000,96570500,198,2.5,353.67302182668976
20180306,415.5,418.0,411.0,413.0,191100,79049450,163,0.0,353.67302182668976
20180307,415.0,417.0,410.5,413.0,186268,76882380,173,0.0,353.67302182668976
20180308,417.0,426.0,416.5,424.0,208463,87935923,202,11.0,363.09288439350223
20180309,428.0,430.5,415.5,420.5,121051,50907369,104,-3.5,360.0956553949711
20180312,423.5,425.0,421.0,425.0,121226,51223872,102,4.5,363.9492355359398
20180313,425.0,428.0,414.0,418.5,221087,92131909,187,-6.5,358.38295311009597
20180314,422.0,422.0,410.0,411.0,119105,49205155,104,-7.5,351.9603195418148
20180315,411.5,418.0,411.0,418.0,133055,55228325,133,7.0,357.9547775388772
20180316,418.0,419.5,410.0,414.5,175957,72716304,155,-3.5,354.95754854034595
20180319,415.0,417.5,413.5,416.0,118001,48989413,92,1.5,356.24207525400226
20180320,416.0,416.0,404.0,406.5,138145,56105515,128,-9.5,348.10673940084587
20180321,409.0,416.5,407.0,408.0,120200,49368100,110,1.5,349.39126611450223
20180322,411.0,415.0,409.0,410.5,119900,49296800,103,2.5,351.532143970596
20180323,409.0,415.0,405.5,415.0,137100,55931300,109,4.5,355.38572411156474
20180326,418.0,418.0,406.0,408.5,137077,56070453,134,-6.5,349.81944168572096
20180327,412.5,417.0,409.5,412.0,162110,66970990,164,3.5,352.8166706842522
20180328,412.5,416.0,410.0,414.0,128008,52774804,119,2.0,354.5293729691272
20180329,414.0,417.0,406.5,409.0,110067,45255403,101,-5.0,350.24761725693963
20180330,413.0,413.0,400.5,401.0,188190,76337665,171,-8.0,343.39680811743966
20180331,404.5,405.0,401.0,405.0,110010,44325550,95,4.0,346.82221268718973
20180402,405.0,409.0,404.5,409.0,177024,71847792,153,4.0,350.24761725693963
20180403,412.5,412.5,408.5,411.5,126400,51856099,116,2.5,352.38849511303346
20180409,414.0,417.0,405.5,412.0,180666,74054894,173,0.5,352.8166706842522
20180410,412.5,416.5,412.5,414.0,164010,67860620,153,2.0,354.5293729691272
20180411,418.0,418.5,414.0,417.5,135000,56156500,122,3.5,357.5266019676585
20180412,421.5,421.5,418.5,420.0,129240,54201560,121,2.5,359.6674798237522
20180413,422.5,422.5,416.0,419.5,142035,59450200,153,-0.5,359.2393042525335
20180416,421.0,424.0,420.0,421.0,144040,60607280,126,1.5,360.5238309661898
20180417,423.0,426.0,415.0,416.5,130069,54602738,127,-4.5,356.67025082522093
20180418,419.5,423.0,418.5,421.5,174033,73120843,144,5.0,360.9520065374085
20180419,424.5,426.0,423.0,426.0,122000,51800000,119,4.5,364.8055866783773
20180420,428.0,428.0,422.0,427.5,141136,59990731,128,1.5,366.0901133920335
20180423,430.0,435.0,420.0,427.5,106039,45105555,89,0.0,366.0901133920335
20180424,432.0,432.0,412.0,415.0,142145,59352175,139,-12.5,355.38572411156474
20180425,415.0,420.0,409.0,409.5,108119,44667790,98,-5.5,350.6757928281584
20180426,414.0,416.0,410.0,413.0,112020,46282700,106,3.5,353.67302182668976
20180427,421.0,421.5,412.5,415.0,130100,54021400,121,2.0,355.38572411156474
20180430,416.0,421.0,416.0,419.5,152072,63607631,142,4.5,359.2393042525335
20180502,421.5,422.0,414.5,416.5,152000,63287000,130,-3.0,356.67025082522093
20180503,419.0,419.0,412.5,412.5,110103,45606936,102,-4.0,353.244846255471
20180504,416.0,416.0,405.5,413.0,102000,42012000,85,0.5,353.67302182668976
20180507,417.0,417.0,412.0,413.0,119010,49215135,111,0.0,353.67302182668976
20180508,414.0,419.0,412.0,418.0,250100,104206000,234,5.0,357.9547775388772
20180509,421.0,436.5,419.0,430.0,202354,86149574,197,12.0,368.2309912481273
20180510,432.0,448.0,431.0,448.0,262241,115436603,259,18.0,383.6453118120024
20180511,448.0,464.0,448.0,455.0,236176,108008376,213,7.0,389.63976980906506
20180514,455.0,462.5,452.0,458.0,120007,54894199,109,3.0,392.20882323637755
20180515,461.0,461.0,456.0,458.5,126054,57809596,115,0.5,392.63699880759617
20180516,456.0,462.0,456.0,460.0,120106,55223260,113,1.5,393.9215255212525
20180517,462.0,463.0,446.0,454.5,120459,54723550,106,-5.5,389.2115942378462
20180518,459.0,459.0,442.0,442.0,175045,77963390,168,-12.5,378.5072049573773
20180521,446.0,465.0,444.0,459.0,173045,79340042,166,17.0,393.06517437881496
20180522,459.0,459.0,451.5,455.0,142033,64507982,127,-4.0,389.63976980906506
20180523,456.0,457.5,450.0,450.0,133102,60152492,128,-5.0,385.35801409687735
20180524,454.0,457.0,444.0,448.0,116032,51899772,104,-2.0,383.6453118120024
20180525,450.0,451.5,444.5,448.0,109005,48703240,91,0.0,383.6453118120024
20180528,450.0,450.0,444.5,445.5,117814,52621974,94,-2.5,381.5044339559087
20180529,449.5,457.0,447.5,450.0,114000,51427500,111,4.5,385.35801409687735
20180530,451.0,457.5,441.0,443.0,131116,58781888,115,-7.0,379.3635560998149
20180531,445.0,449.0,434.0,438.0,132116,57916308,119,-5.0,375.0818003876274
20180601,443.0,444.0,438.5,440.0,148000,65130000,134,2.0,376.7945026725024
20180604,440.0,446.5,427.0,430.5,188417,81738014,186,-9.5,368.65916681934607
20180605,440.0,441.0,433.0,440.0,249040,108972000,243,9.5,376.7945026725024
20180606,443.0,443.5,425.0,430.0,216382,93108760,218,-10.0,368.2309912481273
20180607,436.0,439.0,433.5,435.5,187050,81456774,187,5.5,372.9409225315336
20180608,439.0,444.5,437.5,443.0,189391,83420343,182,7.5,379.3635560998149
20180611,446.0,448.0,426.0,428.0,156448,67667244,161,-15.0,366.51828896325225
20180612,434.0,434.5,427.0,430.0,162275,69728250,160,2.0,368.2309912481273
20180613,433.0,435.0,430.0,433.0,118029,50994071,108,3.0,370.8000446754399
20180614,435.0,436.0,430.5,434.0,117105,50757070,115,1.0,371.6563958178773
20180615,437.0,437.0,431.0,431.0,96050,41646550,84,-3.0,369.08734239056486
20180619,431.5,431.5,420.5,423.0,130229,55109793,129,-8.0,362.2365332510648
20180620,423.0,429.0,421.0,429.0,98243,41804747,92,6.0,367.3746401056898
20180621,433.0,433.0,430.0,433.0,106039,45814770,98,4.0,370.8000446754399
20180622,433.0,439.0,433.0,437.0,133631,58302223,132,4.0,374.22544924518985
20180625,437.5,444.0,431.0,431.5,175200,76551600,172,-5.5,369.5155179617836
20180626,434.0,440.0,432.5,435.0,231100,100628650,180,3.5,372.51274696031487
20180627,439.0,440.0,425.0,428.5,140076,60205604,137,-6.5,366.9464645344711
20180628,433.0,437.5,430.0,437.5,144100,62191400,134,9.0,374.6536248164087
20180629,438.0,439.0,428.0,430.5,116004,50053220,92,-7.0,368.65916681934607
20180702,432.0,435.0,421.0,426.5,142200,60471100,138,-4.0,365.233762249596
20180703,426.5,439.5,426.5,438.0,126101,54506935,122,11.5,375.0818003876274
20180704,439.5,439.5,425.5,433.0,123001,52779431,110,-5.0,370.8000446754399
20180705,434.0,437.5,426.0,428.5,103053,44322210,104,-4.5,366.9464645344711
20180706,434.0,435.5,419.0,421.5,130135,54911430,130,-7.0,360.9520065374085
20180709,420.5,424.5,413.0,424.5,143000,59678500,131,3.0,363.521059964721
20180710,429.0,430.0,412.5,415.5,127065,53036040,127,-9.0,355.81389968278353
20180711,416.0,428.0,410.0,422.0,123000,51639000,112,6.5,361.38018210862725
20180712,425.5,427.5,414.5,417.0,115990,48398863,114,-5.0,357.0984263964397
20180713,417.0,427.0,417.0,427.0,111006,46660547,102,10.0,365.6619378208148
20180716,431.5,433.0,427.0,433.0,162003,69499788,160,6.0,370.8000446754399
20180717,435.5,435.5,421.0,423.5,113179,48011359,101,-9.5,362.66470882228356
20180718,425.0,433.5,423.5,430.0,255832,109795764,192,6.5,368.2309912481273
20180719,432.0,433.0,425.0,425.5,115110,49313530,105,-4.5,364.3774111071586
20180720,429.5,435.0,427.0,428.0,115040,49392520,82,2.5,366.51828896325225
20180723,429.5,432.0,425.5,429.5,107011,45732197,91,1.5,367.80281567690855
20180724,429.0,429.0,423.5,426.0,110000,46794000,90,-3.5,364.8055866783773
20180725,431.0,432.5,427.5,430.0,120683,51782458,118,4.0,368.2309912481273
20180726,433.0,434.0,431.0,434.0,223060,96478360,116,4.0,371.6563958178773
20180727,435.0,445.0,432.0,445.0,216015,94559615,188,11.0,381.0762583846899
20180730,445.0,445.0,427.0,427.0,128016,55409848,120,-18.0,365.6619378208148
20180731,429.5,430.0,420.0,422.0,138060,58577850,129,-5.0,361.38018210862725
20180801,430.0,431.0,423.5,429.5,127034,54233984,124,7.5,367.80281567690855
20180802,429.5,430.0,423.0,427.0,115050,48999725,94,-2.5,365.6619378208148
20180803,428.0,429.5,422.5,428.0,129000,54823500,110,1.0,366.51828896325225
20180806,433.0,433.0,429.0,430.0,134050,57642850,125,2.0,368.2309912481273
20180807,432.0,435.0,432.0,433.5,138053,59823316,114,3.5,371.22822024665857
20180808,430.0,430.0,412.0,413.0,290157,121200812,284,-20.5,353.67302182668976
20180809,413.5,413.5,405.0,412.5,134000,54691000,133,-0.5,353.244846255471
20180810,412.0,412.0,406.0,410.0,129074,52872655,134,-2.5,351.10396839937715
20180813,412.0,412.0,409.0,411.0,127044,52134474,122,1.0,351.9603195418148
20180814,411.5,414.0,407.5,410.0,84006,34498966,83,-1.0,351.10396839937715
20180815,410.0,415.0,408.0,408.0,77002,31677820,76,-2.0,349.39126611450223
20180816,407.0,407.5,403.0,404.0,81040,32788320,74,-4.0,345.96586154475216
20180817,407.0,407.5,399.5,404.0,289001,115854908,58,0.0,345.96586154475216
20180820,406.5,410.5,404.5,409.5,100036,40796224,78,5.5,350.6757928281584
20180821,413.0,415.5,405.0,411.0,115054,47242221,100,1.5,351.9603195418148
20180822,415.0,416.0,407.5,411.5,105213,43323691,93,0.5,352.38849511303346
20180823,407.0,414.0,407.0,412.0,92055,37804522,77,0.5,352.8166706842522
20180824,412.5,416.0,412.5,414.5,95050,39357600,96,2.5,354.95754854034595
20180827,414.5,416.0,407.5,407.5,88012,36162438,73,-7.0,348.9630905432834
20180828,407.5,408.5,404.5,406.0,121482,49337796,118,-1.5,347.67856382962725
20180829,403.0,409.0,399.0,403.5,120073,48335565,115,0.0,349.84613592332806
20180830,406.0,406.5,396.0,398.5,98200,39272500,97,-5.0,345.51099173592627
20180831,398.5,400.0,390.5,391.0,116560,45868798,122,-7.5,339.00827545482355
20180903,394.0,394.0,387.0,389.0,121151,47345192,117,-2.0,337.27421777986285
20180904,394.0,396.0,389.0,391.5,126060,49355140,125,2.5,339.4417898735638
20180905,393.0,393.0,388.0,391.5,107250,41816000,104,0.0,339.4417898735638
20180906,391.5,391.5,385.0,390.0,138000,53452000,136,-1.5,338.1412466173432
20180907,392.0,396.5,385.0,389.0,101195,39434672,96,-1.0,337.27421777986285
20180910,393.0,394.0,384.0,385.0,106000,40888500,90,-4.0,333.80610242994135
20180911,385.0,389.0,383.0,385.0,101050,38827800,88,0.0,333.80610242994135
20180912,388.0,389.5,380.5,384.0,100638,38759078,98,-1.0,332.9390735924609
20180913,386.5,387.0,380.0,383.0,97007,37127230,89,-1.0,332.07204475498065
20180914,384.5,387.5,383.5,387.0,110100,42365900,107,4.0,335.5401601049021
20180917,389.5,391.0,387.0,391.0,73150,28436625,60,4.0,339.00827545482355
20180918,391.0,393.0,386.0,390.0,94454,36857998,90,-1.0,338.1412466173432
20180919,392.0,393.5,387.0,389.5,115100,44806749,109,-0.5,337.70773219860297
20180920,392.0,394.0,389.5,390.0,92302,36074780,91,0.5,338.1412466173432
20180921,393.0,395.0,390.5,391.0,77040,30193700,71,1.0,339.00827545482355
20180925,393.5,394.0,390.5,393.0,84100,32937600,76,2.0,340.7423331297843
20180926,394.5,394.5,389.0,391.0,93000,36411500,85,-2.0,339.00827545482355
20180927,393.0,393.0,386.0,386.0,84000,32712000,71,-5.0,334.67313126742164
20180928,389.5,402.0,388.0,401.0,193277,76615523,185,15.0,347.67856382962725
20181001,407.0,407.0,395.5,395.5,136001,54439401,135,-5.5,342.9099052234852
20181002,397.5,400.0,393.0,397.5,447030,177164070,95,2.0,344.6439628984459
20181003,397.5,401.0,389.5,391.5,103936,40812400,88,-6.0,339.4417898735638
20181004,398.0,398.0,376.0,382.0,93309,35755465,91,-9.5,331.20501591750025
20181005,384.0,384.0,370.5,373.5,105204,39595020,93,-8.5,323.8352707989171
20181008,382.0,382.0,374.0,377.0,83000,31250000,68,3.5,326.86987173009845
20181009,379.5,382.0,371.0,373.5,107200,40221800,101,-3.5,323.8352707989171
20181011,371.5,371.5,351.0,360.0,78130,28029840,77,-13.5,312.13038149293214
20181012,372.0,374.0,356.0,358.0,79357,28526092,73,-2.0,310.3963238179714
20181015,358.0,367.5,358.0,363.0,93075,33554875,77,5.0,314.73146800537324
20181016,367.5,368.5,356.0,363.0,103000,37118500,88,0.0,314.73146800537324
20181017,369.0,371.5,367.0,369.0,98046,36163403,88,6.0,319.9336410302555
20181018,370.0,370.5,357.0,357.0,79800,28990798,81,-12.0,309.529294980491
20181019,361.0,363.5,357.0,360.0,165115,59395072,132,3.0,312.13038149293214
20181022,365.0,365.0,351.5,352.0,87110,31069660,83,-8.0,305.19415079308925
20181023,357.0,360.0,346.5,346.5,88263,31079472,91,-5.5,300.42549218694717
20181024,349.0,356.0,339.5,350.5,107150,37099050,103,4.0,303.89360753686867
20181025,347.0,350.5,346.0,350.5,78020,27143560,75,0.0,303.89360753686867
20181026,350.5,357.0,334.5,340.5,75000,25749000,67,-10.0,295.2233191620651
20181029,338.0,344.0,310.0,311.0,160130,51120950,159,-29.5,269.6459684563942
20181030,314.0,315.0,284.5,294.5,283101,84143148,275,-16.5,255.3399926379681
20181031,309.0,321.5,298.0,321.5,244076,75175896,243,27.0,278.74977124993796
20181101,322.0,330.0,321.5,322.0,132000,42810500,132,0.5,279.1832856686782
20181102,330.0,340.0,325.5,332.5,134175,44536075,135,10.5,288.287088462222
20181105,332.0,332.0,323.5,327.5,132001,43030830,127,-5.0,283.9519442748202
20181106,331.0,331.0,315.0,316.0,152059,48609321,143,-11.5,273.981112643796
20181107,320.0,330.0,320.0,330.0,116200,37589299,117,14.0,286.1195163685211
20181108,335.5,339.5,333.0,334.0,124148,41725728,127,4.0,289.58763171844265
20181109,339.0,339.0,325.0,325.0,94065,31163820,87,-9.0,281.7843721811193
20181112,331.5,331.5,323.0,327.0,82016,26760271,81,2.0,283.51842985608
20181113,328.0,328.0,323.5,327.0,151011,49129152,144,0.0,283.51842985608
20181114,332.0,332.5,328.0,331.0,73000,24109000,70,4.0,286.9865452060015
20181115,336.0,336.0,319.0,325.5,148015,47791420,138,-5.5,282.21788659985947
20181116,329.0,329.0,319.5,319.5,128002,41434148,124,-6.0,277.01571357497727
20181119,322.5,337.5,320.0,335.5,181051,59551609,184,16.0,290.8881749746632
20181120,337.0,337.0,327.5,332.0,154050,50930050,153,-3.5,287.8535740434819
20181121,335.0,335.0,331.0,333.0,125153,41553872,121,1.0,288.72060288096225
20181122,337.5,338.0,327.0,330.0,133195,43924740,124,-3.0,286.1195163685211
20181123,334.5,335.0,323.0,325.5,106124,34795800,102,-4.5,282.21788659985947
20181126,330.0,330.0,322.0,325.5,121255,39455501,111,0.0,282.21788659985947
20181127,330.5,331.0,325.5,329.0,116261,38042608,115,3.5,285.25248753104086
20181128,332.0,336.0,329.0,336.0,169172,56075292,174,7.0,291.32168939340335
20181129,343.0,343.0,332.0,337.0,178070,59785590,179,1.0,292.1887182308837
20181130,343.0,354.0,335.5,335.5,470060,161230840,431,-1.5,290.8881749746632
20181203,341.0,352.0,339.0,349.0,503374,174860026,435,13.5,302.5930642806481
20181204,349.0,350.0,346.0,347.0,382246,133190592,305,-2.0,300.85900660568734
20181205,345.5,345.5,335.5,337.5,350151,118473850,258,-9.5,292.6222326496239
20181206,339.5,341.0,322.0,322.0,253010,83312950,235,-15.5,279.1832856686782
20181207,327.0,329.5,324.0,327.0,212356,69228760,200,5.0,283.51842985608
20181210,329.5,331.0,326.5,329.0,272384,89531720,239,2.0,285.25248753104086
20181211,336.0,336.0,329.0,331.5,203100,67138200,180,2.5,287.42005962474167
20181212,333.0,333.0,326.0,326.0,216243,70896690,201,-5.5,282.65140101859964
20181213,327.0,328.5,324.0,328.0,221100,72153100,210,2.0,284.38545869356045
20181214,327.0,333.5,327.0,328.5,277100,91248100,272,0.5,284.81897311230057
20181217,328.0,331.5,327.5,329.0,230000,75713000,222,0.5,285.25248753104086
20181218,329.0,332.0,326.0,327.5,185331,60927401,180,-1.5,283.9519442748202
20181219,328.0,329.0,314.0,316.0,281116,89661120,266,-11.5,273.981112643796
20181220,316.0,316.0,305.5,309.5,297600,91948700,196,-6.5,268.3454252001736
20181221,312.0,314.0,306.5,308.5,200265,62020475,186,-1.0,267.4783963626933
20181222,313.0,313.0,308.5,310.0,130000,40313500,116,1.5,268.77893961891374
20181224,311.0,311.0,302.0,305.0,192677,58745662,183,-5.0,264.44379543151206
20181225,303.0,308.0,300.0,307.5,132016,40190928,118,2.5,266.6113675252128
20181226,308.5,314.0,306.5,306.5,166100,51369400,161,-1.0,265.7443386877326
20181227,315.0,315.0,302.0,306.0,255050,78375975,234,-0.5,265.31082426899235
20181228,308.0,320.5,305.0,320.0,282122,88089234,281,14.0,277.4492279937174
20190102,321.5,327.0,312.0,314.0,205112,65235116,202,-6.0,272.24705496883524
20190103,318.5,324.0,315.0,324.0,446421,143253768,305,10.0,280.91734334363895
20190104,327.0,337.0,325.5,334.0,356361,117855713,334,10.0,289.58763171844265
20190107,340.0,341.0,334.0,340.0,231181,78090359,215,6.0,294.7898047433248
20190108,343.0,354.0,342.0,344.5,489170,169893500,429,4.5,298.69143451198636
20190109,349.0,351.5,347.0,349.0,235106,82150100,208,4.5,302.5930642806481
20190110,353.5,363.0,353.0,358.5,951211,341062960,315,9.5,310.82983823671157
20190111,361.0,361.0,340.5,349.0,318120,111305700,262,-9.5,302.5930642806481
20190114,349.5,353.0,341.0,345.0,173059,59857914,154,-4.0,299.12494893072665
20190115,347.5,353.0,344.0,347.5,151007,52430509,140,2.5,301.2925210244277
20190116,350.0,352.5,343.0,343.5,172000,59792500,154,-4.0,297.8244056745061
20190117,346.0,348.5,331.0,339.5,196100,66261949,192,-4.0,294.35629032458456
20190118,342.0,345.0,339.5,342.5,163000,55588500,137,3.0,296.9573768370257
20190121,342.5,345.0,342.5,343.5,269011,92298300,240,1.0,297.8244056745061
20190122,344.0,345.0,336.5,339.0,154000,52273500,150,-4.5,293.9227759058444
20190123,339.0,340.0,336.0,339.5,159000,53763000,152,0.5,294.35629032458456
20190124,343.0,346.0,339.5,342.5,263640,90084460,154,3.0,296.9573768370257
20190125,344.0,345.0,342.0,345.0,175086,60082170,164,2.5,299.12494893072665
20190128,347.0,349.0,344.0,345.5,212030,73228894,152,0.5,299.5584633494669
20190129,343.0,343.0,336.5,340.0,108014,36552295,109,-5.5,294.7898047433248
20190130,342.0,344.0,340.5,343.0,182000,62262000,167,3.0,297.3908912557659
20190211,345.0,347.0,338.5,343.0,109050,37267725,109,0.0,297.3908912557659
20190212,344.5,345.0,341.5,341.5,93097,32006415,91,-1.5,296.09034799954526
20190213,351.5,351.5,343.0,345.0,609054,209932630,292,3.5,299.12494893072665
20190214,346.5,348.0,344.5,346.0,432050,149475850,222,1.0,299.99197776820705
20190215,346.0,347.5,341.5,343.0,403000,138503000,170,-3.0,297.3908912557659
20190218,346.0,349.0,340.5,341.0,166026,56928944,154,-2.0,295.6568335808052
20190219,344.0,346.0,338.5,339.5,150000,51226500,130,-1.5,294.35629032458456
20190220,344.0,344.0,333.0,333.0,328959,110327388,316,-6.5,288.72060288096225
20190221,336.5,338.0,331.0,332.5,231080,77189300,211,-0.5,288.287088462222
20190222,335.0,336.5,324.5,327.0,209177,68757410,188,-5.5,283.51842985608
20190225,327.0,334.0,326.5,330.0,261003,85925999,246,3.0,286.1195163685211
20190226,333.0,337.0,331.0,332.5,422000,140767500,380,2.5,288.287088462222
20190227,335.5,336.5,328.5,335.0,263101,87195986,239,2.5,290.45466055592294
20190304,338.0,341.5,337.5,340.0,892760,303178900,811,5.0,294.7898047433248
20190305,342.0,344.0,338.5,340.0,636070,216421265,579,0.0,294.7898047433248
20190306,345.0,346.0,342.5,345.5,806170,277821235,726,5.5,299.5584633494669
20190307,347.0,347.0,340.5,343.5,473100,162348850,396,-2.0,297.8244056745061
20190308,339.5,340.0,337.0,340.0,492097,167024480,385,-3.5,294.7898047433248
20190311,342.0,342.0,340.0,341.0,344010,117301915,304,1.0,295.6568335808052
20190312,343.5,344.0,341.5,343.0,325206,111571658,267,2.0,297.3908912557659
20190313,343.0,345.5,342.0,345.0,481158,165719010,398,2.0,299.12494893072665
20190314,347.0,348.0,345.0,345.5,202050,69979375,189,0.5,299.5584633494669
20190315,346.5,347.0,342.5,345.0,134000,46193500,118,-0.5,299.12494893072665
20190318,348.0,348.5,345.5,346.0,285062,98739390,215,1.0,299.99197776820705
20190319,346.0,346.0,341.5,341.5,269012,92463490,181,-4.5,296.09034799954526
20190320,344.0,360.0,342.5,350.0,606286,211972956,493,8.5,303.4600931181285
20190321,354.0,354.0,347.0,350.0,236261,82663850,236,0.0,303.4600931181285
20190322,353.0,354.5,346.0,350.0,300050,104807000,294,0.0,303.4600931181285
20190325,349.0,349.0,336.5,343.0,381100,130109600,373,-7.0,297.3908912557659
20190326,347.5,347.5,343.0,345.0,244744,84280819,232,2.0,299.12494893072665
20190327,347.5,349.5,342.0,343.0,174120,60016520,147,-2.0,297.3908912557659
20190328,343.5,345.0,338.0,340.0,223204,75979472,216,-3.0,294.7898047433248
20190329,345.0,345.0,341.0,343.5,329000,112689500,253,3.5,297.8244056745061
20190401,345.0,347.0,344.0,345.0,211137,72785402,190,1.5,299.12494893072665
20190402,347.0,348.5,335.5,339.5,197220,66983460,186,-5.5,294.35629032458456
20190403,342.5,342.5,328.5,333.0,246072,81832408,238,-6.5,288.72060288096225
20190408,337.0,337.0,329.0,329.5,220240,72846180,208,-3.5,285.6860019497809
20190409,332.0,333.0,327.0,329.5,259173,85412436,259,0.0,285.6860019497809
20190410,329.0,330.5,325.0,326.0,386325,126460087,347,-3.5,282.65140101859964
20190411,327.5,330.0,324.0,329.5,331540,108284120,322,3.5,285.6860019497809
20190412,326.0,326.0,321.0,324.0,213947,69091222,196,-5.5,280.91734334363895
20190415,325.5,326.0,321.5,322.0,264130,85389250,251,-2.0,279.1832856686782
20190416,323.0,326.0,322.5,326.0,212099,68811972,188,4.0,282.65140101859964
20190417,326.0,334.0,326.0,334.0,373200,123294099,340,8.0,289.58763171844265
20190418,336.0,338.5,328.0,330.5,316070,104794635,279,-3.5,286.5530307872614
20190419,331.0,336.0,330.5,332.0,217273,72253136,206,1.5,287.8535740434819
20190422,333.5,335.0,332.0,332.0,124999,41652670,128,0.0,287.8535740434819
20190423,332.0,335.5,332.0,333.5,169008,56319672,161,1.5,289.1541172997024
20190424,335.0,336.0,331.0,331.0,134100,44701700,130,-2.5,286.9865452060015
20190425,331.0,332.0,326.0,327.0,115071,37686288,110,-4.0,283.51842985608
20190426,327.0,327.0,323.5,325.5,147036,47816290,124,-1.5,282.21788659985947
20190429,326.0,329.0,325.0,326.0,238179,77802854,229,0.5,282.65140101859964
20190430,327.0,327.5,322.0,324.5,258008,83745624,238,-1.5,281.3508577623791
20190502,324.5,330.0,324.5,329.0,270039,88542409,262,4.5,285.25248753104086
20190503,329.0,330.0,323.0,323.5,189263,61621105,184,-5.5,280.4838289248988
20190506,321.5,325.0,317.5,318.5,166379,53419538,166,-5.0,276.148684737497
20190507,320.5,323.5,319.0,321.5,154126,49549076,142,3.0,278.74977124993796
20190508,321.0,322.0,316.0,317.5,170525,54303025,169,-4.0,275.28165590001646
20190509,313.5,317.0,306.0,306.5,151287,47112683,151,-11.0,265.7443386877326
20190510,306.5,310.0,304.0,306.5,194198,59660080,154,0.0,265.7443386877326
20190513,306.5,307.5,302.0,303.0,112450,34220700,106,-3.5,262.70973775655114
20190514,301.0,304.0,299.0,302.5,147685,44491425,151,-0.5,262.2762233378111
20190515,305.0,315.5,304.5,307.0,169576,52264984,163,4.5,266.1778531064727
20190516,307.5,313.0,306.0,307.5,146179,45055132,135,0.5,266.6113675252128
20190517,310.5,311.5,301.0,301.0,108318,32920172,111,-6.5,260.97568008159055
20190520,304.0,305.5,300.0,302.5,106110,31981050,106,1.5,262.2762233378111
20190521,302.5,312.0,302.5,307.0,133000,40726500,128,4.5,266.1778531064727
20190522,307.0,313.0,307.0,308.5,123044,37970684,117,1.5,267.4783963626933
20190523,310.0,310.5,304.5,306.0,90267,27680503,87,-2.5,265.31082426899235
20190524,305.0,309.5,305.0,306.0,241384,74093888,245,0.0,265.31082426899235
20190527,306.0,307.0,303.5,305.5,172144,52460708,176,-0.5,264.87730985025206
20190528,306.0,306.5,304.5,306.0,222400,67988800,209,0.5,265.31082426899235
20190529,306.0,306.0,300.5,303.5,126021,38082405,125,-2.5,263.1432521752914
20190530,304.5,305.5,300.5,304.0,147200,44563500,143,0.5,263.5767665940316
20190531,303.0,305.0,302.0,304.0,143126,43374056,137,0.0,263.5767665940316
20190603,304.0,304.0,300.5,302.0,107510,32409540,105,-2.0,261.8427089190708
20190604,303.0,306.0,301.0,302.5,151000,45841500,131,0.5,262.2762233378111
20190605,306.0,306.0,300.0,300.5,301400,91331700,258,-2.0,260.5421656628503
20190606,300.5,303.5,290.0,293.0,326221,96711526,304,-7.5,254.03944938174754
20190610,295.0,299.5,284.5,287.0,399306,115313392,356,-6.0,248.83727635686537
20190611,290.0,291.5,286.0,291.0,322137,92769915,303,4.0,252.30539170678685
20190612,291.0,291.0,286.5,289.5,264494,76103242,242,-1.5,251.00484845056633
20190613,288.0,290.5,286.5,289.5,288700,83086400,278,0.0,251.00484845056633
20190614,290.0,290.5,285.0,285.0,375040,107263520,344,-4.5,247.10321868190456
20190617,285.0,297.5,285.0,295.0,442863,128953468,425,10.0,255.77350705670827
20190618,295.0,297.5,294.0,297.5,178000,52710000,178,2.5,257.94107915040917
20190619,299.5,301.0,297.5,300.0,322486,96656272,292,2.5,260.1086512441101
20190620,303.0,304.5,299.0,301.5,297456,89745580,266,1.5,261.40919450033067
20190621,303.5,304.5,300.0,301.0,206720,62306880,198,-0.5,260.97568008159055
20190624,301.0,303.5,299.5,301.0,169051,50860800,169,0.0,260.97568008159055
20190625,300.0,302.5,297.5,299.0,138348,41339073,135,-2.0,259.2416224066297
20190626,300.5,306.0,299.0,306.0,302589,91694439,296,7.0,265.31082426899235
20190627,306.0,307.0,305.0,306.0,288071,88023687,252,0.0,265.31082426899235
20190628,305.0,309.5,305.0,306.5,179372,55097516,183,0.5,265.7443386877326
20190701,308.0,310.5,307.5,308.5,175865,54236650,172,2.0,267.4783963626933
20190702,310.0,310.5,307.0,310.0,149300,46095700,135,1.5,268.77893961891374
20190703,310.0,311.0,303.5,305.5,218001,66679309,182,-4.5,264.87730985025206
20190704,305.5,310.0,304.0,304.5,146095,44714401,132,-1.0,264.0102810127718
20190705,304.5,307.0,303.0,304.0,143004,43516728,131,-0.5,263.5767665940316
20190708,304.0,307.0,302.0,303.0,152381,46277205,145,-1.0,262.70973775655114
20190709,302.0,302.0,300.5,302.0,207140,62371560,196,-1.0,261.8427089190708
20190710,302.0,303.0,300.0,300.5,304423,91589669,243,-1.5,260.5421656628503
20190711,301.0,302.5,300.0,301.0,190429,57313058,173,0.5,260.97568008159055
20190712,301.0,301.5,298.5,300.0,259310,77705810,217,-1.0,260.1086512441101
20190715,301.0,306.5,301.0,306.0,448668,136536912,408,6.0,265.31082426899235
20190716,311.5,323.0,307.5,321.0,957644,303668724,898,15.0,278.31625683119785
20190717,323.0,332.0,317.0,319.5,927327,301006813,896,-1.5,277.01571357497727
20190718,322.0,325.0,316.5,324.5,442823,142367737,436,5.0,281.3508577623791
20190719,325.0,325.5,318.5,324.5,487541,156459784,412,0.0,281.3508577623791
20190722,324.0,327.0,317.0,325.5,422250,135831500,363,1.0,282.21788659985947
20190723,325.5,327.5,322.0,324.0,346119,112483318,280,-1.5,280.91734334363895
20190724,324.5,326.0,324.0,326.0,300146,97581242,253,2.0,282.65140101859964
20190725,326.0,330.0,326.0,327.5,227318,74605326,215,1.5,283.9519442748202
20190726,328.0,330.0,323.0,325.0,235350,76456250,215,-2.5,281.7843721811193
20190729,325.0,329.0,323.0,329.0,316470,103157630,294,4.0,285.25248753104086
20190730,330.0,332.5,325.0,325.0,279378,91853350,253,-4.0,281.7843721811193
20190731,325.0,330.0,325.0,329.0,239773,78553317,235,4.0,285.25248753104086
20190801,328.5,329.0,326.0,327.0,218165,71404620,206,-2.0,283.51842985608
20190802,326.0,326.0,321.0,321.0,166037,53683877,168,-6.0,278.31625683119785
20190805,321.0,325.0,321.0,322.0,170560,55130820,179,1.0,279.1832856686782
20190806,317.5,326.0,311.0,326.0,196250,62868500,192,4.0,282.65140101859964
20190807,326.0,328.0,322.5,326.0,285447,92728722,270,0.0,282.65140101859964
20190808,328.0,338.0,328.0,336.0,614396,205189556,554,10.0,291.32168939340335
20190812,336.0,340.0,333.0,336.5,240373,80862511,231,0.5,291.7552038121435
20190813,337.5,338.0,332.0,337.0,183489,61393826,174,0.5,292.1887182308837
20190814,340.0,342.0,333.0,335.5,304256,102260504,275,-1.5,290.8881749746632
20190815,330.5,335.5,330.0,330.0,203329,67454570,195,-5.5,286.1195163685211
20190816,330.5,335.0,330.0,331.0,226050,75006575,211,1.0,286.9865452060015
20190819,331.5,335.5,331.5,334.0,237354,79196236,225,3.0,289.58763171844265
20190820,334.0,338.5,334.0,338.5,321533,108121920,297,4.5,293.4892614871043
20190821,339.0,358.5,339.0,353.5,660816,233063454,589,15.0,306.49469404930977
20190822,354.0,359.5,349.0,351.0,491959,174240109,440,-2.5,304.3271219556088
20190823,353.0,355.0,342.0,343.5,347669,120381631,314,-7.5,297.8244056745061
20190826,340.0,340.5,335.0,340.0,317556,107105484,289,-3.5,294.7898047433248
20190827,335.0,343.0,332.0,332.0,484300,163264600,426,0.0,296.1277312398905
20190828,335.5,339.0,331.0,332.0,294160,98518440,276,0.0,296.1277312398905
20190829,335.0,338.5,333.0,334.0,295180,99037120,281,2.0,297.9116332353115
20190830,337.5,339.0,328.0,328.0,412593,137594004,360,-6.0,292.55992724904854
20190902,331.0,333.5,325.0,330.0,397080,130427560,359,2.0,294.34382924446953
20190903,331.5,334.5,329.5,330.0,394162,130774784,366,0.0,294.34382924446953
20190904,334.5,335.5,329.0,330.0,314040,104003280,265,0.0,294.34382924446953
20190905,333.0,333.0,323.0,325.0,382230,125156210,341,-5.0,289.884074255917
20190906,327.0,329.0,319.5,321.0,424650,137029100,401,-4.0,286.316270265075
20190909,321.0,321.0,314.0,318.0,368453,116687054,344,-3.0,283.6404172719434
20190910,319.0,323.5,318.0,322.5,370915,118932586,330,4.5,287.6541967616408
20190911,326.0,330.5,324.0,329.5,296527,97086753,271,7.0,293.8978537456143
20190912,332.5,333.5,326.0,330.5,220404,72626512,194,1.0,294.7898047433248
20190916,327.5,330.5,326.0,329.5,217529,71345541,194,-1.0,293.8978537456143
20190917,329.5,334.0,327.0,330.5,318145,105574640,293,1.0,294.7898047433248
20190918,335.0,363.0,335.0,363.0,1168250,410142250,1063,32.5,323.77821216891647
20190919,362.0,366.5,353.5,358.0,620176,222577066,544,-5.0,319.3184571803639
20190920,357.0,363.0,355.0,355.0,411653,147339833,374,-3.0,316.64260418723245
20190923,355.0,363.0,355.0,361.0,391552,141183440,369,6.0,321.99431017349553
20190924,361.0,365.5,360.0,360.0,320291,116150322,292,-1.0,321.1023591757849
20190925,357.5,368.5,357.5,362.0,366120,132946080,351,2.0,322.886261171206
20190926,362.0,366.0,362.0,363.0,211221,76819169,197,1.0,323.77821216891647
20190927,365.5,366.0,351.5,353.0,331436,118001187,303,-10.0,314.85870219181135
20191001,353.0,355.0,349.0,355.0,341432,120154860,295,2.0,316.64260418723245
20191002,353.0,357.5,351.5,356.0,162057,57552763,139,1.0,317.5345551849429
20191003,356.0,361.0,353.0,361.0,273203,97130571,247,5.0,321.99431017349553
20191004,362.0,363.5,357.0,362.0,273218,98587980,244,1.0,322.886261171206
20191007,362.0,366.0,360.5,364.0,269273,97674372,243,2.0,324.670163166627
20191008,364.0,370.0,364.0,366.0,224505,82351825,204,2.0,326.45406516204804
20191009,368.5,368.5,366.0,367.0,198062,72713692,165,1.0,327.3460161597585
20191014,370.0,374.0,366.5,368.0,293364,108262540,268,1.0,328.2379671574691
20191015,370.0,370.0,364.0,368.0,294708,108287336,266,0.0,328.2379671574691
20191016,368.0,369.0,358.0,362.5,281149,102013789,263,-5.5,323.33223667006126
20191017,366.5,367.0,354.0,357.0,346561,124124777,326,-5.5,318.4265061826534
20191018,362.5,363.0,358.5,363.0,280665,101381731,200,6.0,323.77821216891647
20191021,367.0,367.0,361.5,361.5,192303,69858033,161,-1.5,322.44028567235074
20191022,362.0,362.5,356.0,357.5,260492,93298652,197,-4.0,318.87248168150865
20191023,357.0,359.5,353.0,358.0,285200,101583800,239,0.5,319.3184571803639
20191024,358.5,361.5,357.5,361.0,254124,91259516,191,3.0,321.99431017349553
20191025,361.5,363.0,361.0,363.0,179338,64842356,112,2.0,323.77821216891647
20191028,364.0,366.5,363.5,365.5,297025,108408625,248,2.5,326.0080896631928
20191029,366.5,368.0,361.0,361.0,198000,72244000,149,-4.5,321.99431017349553
20191030,363.0,363.0,358.0,362.0,239015,85969400,184,1.0,322.886261171206
20191031,363.0,367.0,359.0,364.5,298360,108754960,286,2.5,325.1161386654823
20191101,364.5,365.0,360.5,363.0,186066,67575458,176,-1.5,323.77821216891647
20191104,364.5,366.5,358.0,363.5,248166,89913008,225,0.5,324.22418766777173
20191105,361.0,368.0,361.0,368.0,265360,96778980,253,4.5,328.2379671574691
20191106,370.0,387.0,370.0,378.0,741452,280863856,675,10.0,337.1574771345742
20191107,386.5,386.5,376.0,379.0,412604,156671009,365,1.0,338.0494281322848
20191108,380.0,392.0,379.0,388.5,485984,188369824,452,9.5,346.5229626105346
20191111,388.5,388.5,372.0,376.0,309287,116987412,299,-12.5,335.3735751391532
20191112,376.0,378.5,370.0,374.0,255160,95336599,240,-2.0,333.58967314373217
20191113,374.0,379.0,372.5,377.0,378629,142392633,367,3.0,336.2655261368636
20191114,380.0,380.5,373.5,376.5,309174,116405009,305,-0.5,335.8195506380085
20191115,378.0,380.5,376.5,378.0,187246,70821496,171,1.5,337.1574771345742
20191118,378.0,379.0,373.5,375.5,171100,64338400,153,-2.5,334.92759964029796
20191119,377.5,377.5,375.5,377.0,132625,49950125,120,1.5,336.2655261368636
20191120,378.5,379.0,370.5,372.0,153100,57469250,141,-5.0,331.80577114831107
20191121,373.0,374.5,359.0,363.0,321325,116625150,265,-9.0,323.77821216891647
20191122,366.0,367.0,358.0,363.0,176020,63657730,152,0.0,323.77821216891647
20191125,364.0,366.0,362.0,364.0,146057,53109577,120,1.0,324.670163166627
20191126,365.0,365.5,358.5,360.0,235250,84799500,227,-4.0,321.1023591757849
20191127,363.0,372.0,361.0,361.5,311040,113543038,294,1.5,322.44028567235074
20191128,366.0,366.0,360.5,363.5,241100,87400150,220,2.0,324.22418766777173
20191129,365.0,365.0,354.0,356.0,212424,75758444,190,-7.5,317.5345551849429
20191202,359.0,360.5,355.5,360.5,170259,60948758,149,4.5,321.5483346746402
20191203,362.5,363.0,351.0,352.5,210500,74644000,182,-8.0,314.4127266929562
20191204,356.0,357.5,351.0,357.5,310129,109641311,274,5.0,318.87248168150865
20191205,361.5,361.5,352.5,356.5,265100,94658649,233,-1.0,317.9805306837982
20191206,355.5,357.5,347.5,352.5,381014,133787477,324,-4.0,314.4127266929562
20191209,353.0,353.5,347.0,348.5,319462,111379238,267,-4.0,310.84492270211405
20191210,350.0,352.0,349.0,350.0,237150,83092500,203,1.5,312.18284919867983
20191211,351.5,354.0,348.5,348.5,218183,76499050,201,-1.5,310.84492270211405
20191212,351.0,351.5,348.5,348.5,196790,68839840,180,0.0,310.84492270211405
20191213,350.0,350.5,339.5,340.0,362768,125214924,327,-8.5,303.26333922157465
20191216,346.0,353.0,339.0,350.0,269362,93401424,265,10.0,312.18284919867983
20191217,352.5,356.0,351.0,355.5,200551,71070605,202,5.5,317.0885796860876
20191218,356.0,356.5,353.5,354.0,187184,66416636,183,-1.5,315.75065318952187
20191219,357.0,358.0,354.0,356.0,169071,60107918,148,2.0,317.5345551849429
20191220,358.0,358.0,350.0,350.0,165454,58441740,141,-6.0,312.18284919867983
20191223,352.0,364.5,352.0,355.5,328250,117758000,292,5.5,317.0885796860876
20191224,360.0,360.0,340.0,341.0,452050,155810750,377,-14.5,304.15529021928523
20191225,343.0,347.5,336.5,347.5,521100,177869500,440,6.5,309.9529717044036
20191226,350.0,354.0,347.0,354.0,260043,91115000,237,6.5,315.75065318952187
20191227,354.0,357.0,350.5,355.0,230227,81738151,212,1.0,316.64260418723245
20191230,356.0,362.0,356.0,357.0,169050,60584450,148,2.0,318.4265061826534
20191231,360.0,365.0,359.0,362.0,253085,91535940,239,5.0,322.886261171206
20200102,360.5,361.0,350.0,352.0,409184,144235410,373,-10.0,313.9667511941008
20200103,355.5,357.5,352.5,353.0,150086,53173858,140,1.0,314.85870219181135
20200106,351.5,355.0,351.0,353.0,241177,85192981,216,0.0,314.85870219181135
20200107,354.5,355.5,341.0,343.5,292251,101280846,246,-9.5,306.3851677135615
20200108,351.0,352.0,347.0,352.0,295000,103177499,270,8.5,313.9667511941008
20200109,356.0,358.0,354.0,357.0,207328,73889252,184,5.0,318.4265061826534
20200110,359.0,359.5,354.5,357.0,154100,54918000,146,0.0,318.4265061826534
20200113,363.5,363.5,353.5,355.0,272232,97536592,254,-2.0,316.64260418723245
20200114,359.0,360.5,354.0,356.5,331114,118046812,302,1.5,317.9805306837982
20200115,359.0,365.0,355.0,356.5,412000,148121000,373,0.0,317.9805306837982
20200116,358.0,360.5,351.0,352.0,263389,93217595,251,-4.5,313.9667511941008
20200117,356.5,356.5,345.5,348.5,387235,134931985,370,-3.5,310.84492270211405
20200120,351.0,361.5,350.0,360.0,346611,122807152,344,11.5,321.1023591757849
20200130,354.0,354.0,339.0,344.5,324321,111785066,298,-15.5,307.27711871127207
20200131,349.0,352.0,348.0,351.0,216076,75613790,198,6.5,313.0748001963904
20200203,347.0,355.5,342.0,355.5,339594,118535165,290,4.5,317.0885796860876
20200204,355.5,362.5,355.0,360.5,441310,158576600,419,5.0,321.5483346746402
20200205,363.0,364.0,356.0,359.0,387020,139110700,381,-1.5,320.21040817807454
20200206,359.5,369.5,359.5,369.5,468321,170422449,456,10.5,329.57589365403487
20200207,371.0,374.5,367.0,369.0,457591,169231170,436,-0.5,329.12991815517967
20200210,360.0,363.0,359.0,360.0,314687,113356601,290,-9.0,321.1023591757849
20200211,360.5,364.5,359.0,360.5,263237,95227674,243,0.5,321.5483346746402
20200212,362.0,366.0,360.0,360.5,275162,99599982,253,0.0,321.5483346746402
20200213,363.0,363.0,356.5,361.5,257028,92643164,202,1.0,322.44028567235074
20200214,361.5,367.0,361.0,362.0,240188,87331336,239,0.5,322.886261171206
20200217,361.0,363.0,359.0,362.0,156050,56386550,138,0.0,322.886261171206
20200218,362.0,368.0,360.0,367.0,203214,74256824,199,5.0,327.3460161597585
20200219,367.0,369.0,361.0,363.0,301055,109610547,280,-4.0,323.77821216891647
20200220,365.0,365.0,355.0,355.0,350219,125591402,324,-8.0,316.64260418723245
20200221,357.0,359.5,355.5,357.5,340500,121657249,330,2.5,318.87248168150865
20200224,358.5,358.5,349.5,352.5,387080,136080359,349,-5.0,314.4127266929562
20200225,348.0,352.5,346.0,350.0,322136,112467780,226,-2.5,312.18284919867983
20200226,353.0,353.0,344.0,344.5,331491,114516630,269,-5.5,307.27711871127207
20200227,350.0,357.0,346.5,348.5,558213,196300017,508,4.0,310.84492270211405
20200302,350.0,350.0,339.0,341.0,444466,152524304,415,-7.5,304.15529021928523
20200303,345.5,347.0,340.0,340.5,364299,124586356,313,-0.5,303.70931472043
20200304,342.5,345.5,340.5,343.0,534010,183449455,464,2.5,305.9391922147062
20200305,348.0,353.5,346.5,351.0,293150,102782600,276,8.0,313.0748001963904
20200306,351.0,354.5,348.5,350.0,294191,103184232,258,-1.0,312.18284919867983
20200309,348.0,348.0,334.0,336.5,309351,104906662,272,-13.5,300.1415107295879
20200310,337.0,347.5,336.5,346.0,475106,162191070,450,9.5,308.61504520783774
20200311,349.5,350.5,340.5,340.5,221051,76484095,208,-5.5,303.70931472043
20200312,344.0,344.0,325.0,331.0,222762,73974746,196,-9.5,295.2357802421801
20200313,319.0,320.0,300.0,319.5,309030,94512690,283,-11.5,284.9783437685092
20200316,328.0,328.0,303.0,305.5,234610,72939464,224,-14.0,272.49102980056193
20200317,300.0,308.5,292.0,295.0,484128,143763206,402,-10.5,263.12554432460155
20200318,304.0,310.0,295.5,306.0,396045,120176815,344,11.0,272.9370052994172
20200319,302.0,302.0,285.5,296.0,261546,76200162,254,-10.0,264.0174953223121
20200320,305.0,306.0,297.0,298.0,301494,90677212,290,2.0,265.8013973177331
20200323,298.0,298.0,285.5,285.5,306240,88474320,186,-12.5,254.65200984635172
20200324,293.0,293.0,287.0,288.5,215112,62554316,200,3.0,257.32786283948326
20200325,293.5,302.5,291.0,292.0,388395,115014025,357,3.5,260.44969133147004
20200326,292.0,292.0,284.0,287.5,509972,146520768,472,-4.5,256.4359118417727
20200327,293.0,294.5,289.0,291.0,557741,162981854,508,3.5,259.55774033375957
20200330,289.0,292.5,271.0,292.5,319186,90376777,299,1.5,260.8956668303253
20200331,293.5,296.0,289.0,292.0,329160,95996458,305,-0.5,260.44969133147004
20200401,292.5,293.0,288.0,290.0,268491,77697381,267,-2.0,258.665789336049
20200406,291.5,292.5,286.5,291.5,357206,103448358,348,1.5,260.00371583261483
20200407,294.0,297.0,289.5,296.5,456250,133481250,444,5.0,264.46347082116733
20200408,298.0,298.0,292.0,293.0,506453,148769588,484,-3.5,261.34164232918056
20200409,295.0,300.5,293.0,295.0,574450,169896375,544,2.0,263.12554432460155
20200410,296.0,296.0,290.5,294.0,308216,90399220,296,-1.0,262.233593326891
20200413,294.0,307.5,294.0,306.5,583358,176278364,548,12.5,273.38298079827246
20200414,309.5,311.5,303.0,306.0,560210,171212285,524,-0.5,272.9370052994172
20200415,307.5,309.0,304.0,308.0,483112,147873164,396,2.0,274.7209072948383
20200416,308.0,308.0,304.0,306.0,410207,125288049,363,-2.0,272.9370052994172
20200417,310.0,312.0,298.0,298.5,681463,206984900,566,-7.5,266.24737281658844
20200420,299.0,300.0,295.0,295.0,437405,129945785,396,-3.5,263.12554432460155
20200421,295.0,302.5,288.0,289.0,643250,189592500,596,-6.0,257.7738383383385
20200422,288.5,298.0,288.5,297.0,421275,123814500,399,8.0,264.9094463200226
20200423,296.0,299.5,295.0,298.5,375069,111646700,335,1.5,266.24737281658844
20200424,300.0,300.5,292.0,292.0,600176,176274096,454,-6.5,260.44969133147004
20200427,293.0,296.0,291.5,293.5,701001,205463297,629,1.5,261.78761782803576
20200428,295.5,322.5,295.0,317.5,1135802,352433432,973,24.0,283.1944417730881
20200429,318.5,321.5,313.0,314.5,685301,216714169,646,-3.0,280.51858877995664
20200430,315.5,318.5,310.5,310.5,597299,186962185,555,-4.0,276.9507847891145
20200504,308.0,316.0,306.0,313.0,452645,141243320,417,2.5,279.18066228339086
20200505,317.0,317.5,313.5,315.5,313219,98672923,282,2.5,281.41053977766705
20200506,317.0,317.5,315.5,316.5,277423,87827378,247,1.0,282.3024907753777
20200507,316.5,318.0,310.0,311.5,408129,127613877,350,-5.0,277.8427357868251
20200508,311.5,312.5,306.0,308.0,519132,160302420,435,-3.5,274.7209072948383
20200511,309.0,315.0,308.5,312.0,452401,141137018,396,4.0,278.2887112856802
20200512,312.0,317.0,312.0,312.5,343479,107749060,318,0.5,278.7346867845356
20200513,311.0,311.5,307.5,309.0,358735,111084320,298,-3.5,275.61285829254876
20200514,309.0,312.5,306.0,307.0,417062,128720894,292,-2.0,273.8289562971277
20200515,308.0,309.0,300.0,301.0,433189,131223668,415,-6.0,268.47725031086475
20200518,302.0,317.5,302.0,312.0,548519,171258428,533,11.0,278.2887112856802
20200519,316.0,318.0,312.5,313.0,308416,96915413,294,1.0,279.18066228339086
20200520,316.0,331.5,316.0,323.5,829162,269282502,713,10.5,288.5461477593512
20200521,323.5,323.5,316.5,320.0,334469,106716080,323,-3.5,285.4243192673644
20200522,320.0,326.0,318.0,320.0,382240,122830820,331,0.0,285.4243192673644
20200525,323.5,325.0,321.5,323.5,266290,86034250,250,3.5,288.5461477593512
20200526,327.0,339.5,327.0,333.5,459658,153256441,438,10.0,297.4656577364563
20200527,337.0,342.0,334.0,334.5,386412,130090813,372,1.0,298.35760873416694
20200528,336.0,342.0,332.5,333.0,312420,105125400,285,-1.5,297.0196822376011
20200529,332.0,334.5,324.0,325.0,480070,156910530,357,-8.0,289.884074255917
20200601,328.0,333.5,328.0,329.0,178222,58870260,174,4.0,293.451878246759
20200602,332.0,333.5,327.0,328.5,164070,54036100,158,-0.5,293.00590274790386
20200603,331.0,352.0,331.0,351.0,927245,316819848,839,22.5,313.0748001963904
20200604,355.0,356.0,342.0,342.0,609351,210482701,566,-9.0,305.0472412169957
20200605,345.0,351.0,341.5,344.0,356301,123130994,318,2.0,306.83114321241675
20200608,348.0,350.0,344.0,347.5,370219,128319212,331,3.5,309.9529717044036
20200609,348.0,351.5,342.5,342.5,368250,127418500,345,-5.0,305.493216715851
20200610,344.0,346.5,341.0,344.5,372080,127769600,292,2.0,307.27711871127207
20200611,344.5,350.0,338.0,340.0,630370,216482485,518,-4.5,303.26333922157465
20200612,333.5,340.0,330.0,339.5,253309,84743060,226,-0.5,302.81736372271945
20200615,339.5,341.0,331.0,332.0,265252,89400680,236,-7.5,296.1277312398905
20200616,337.0,340.5,336.0,338.0,217122,73383736,203,6.0,301.4794372261537
20200617,338.5,340.0,335.5,338.5,232020,78357800,209,0.5,301.9254127250089
20200618,342.0,342.5,335.5,339.5,200310,67718900,180,1.0,302.81736372271945
20200619,342.0,342.0,333.0,333.0,386800,129827000,321,-6.5,297.0196822376011
20200622,336.0,339.0,334.0,338.5,204010,68719900,175,5.5,301.9254127250089
20200623,339.0,342.0,337.5,340.0,259567,88049115,186,1.5,303.26333922157465
20200624,342.0,342.0,336.0,336.0,244100,82695000,216,-4.0,299.6955352307326
20200629,334.0,338.0,333.5,336.0,142275,47866000,119,0.0,299.6955352307326
20200630,337.5,339.5,335.5,335.5,181043,61070991,163,-0.5,299.2495597318774
20200701,337.0,341.0,336.0,339.5,390980,132648748,323,4.0,302.81736372271945
20200702,340.5,343.0,338.0,341.5,396127,135119434,334,2.0,304.60126571814044
20200703,342.0,346.0,341.0,346.0,487433,167245452,351,4.5,308.61504520783774
20200706,349.0,353.0,347.5,350.5,502720,176195419,406,4.5,312.6288246975351
20200707,352.5,353.5,341.5,347.0,390367,134789349,328,-3.5,309.50699620554826
20200708,348.0,349.5,341.5,342.5,278045,95568025,266,-4.5,305.493216715851
20200709,343.0,345.0,341.0,343.5,223180,76470780,179,1.0,306.3851677135615
20200710,343.5,343.5,334.0,334.0,329153,110947983,282,-9.5,297.9116332353115
20200713,335.5,338.0,333.0,333.0,359417,120183695,309,-1.0,297.0196822376011
20200714,333.0,337.5,333.0,333.5,225210,75477350,221,0.5,297.4656577364563
20200715,335.0,344.5,335.0,343.0,386448,131357164,383,9.5,305.9391922147062
20200716,343.0,346.0,337.5,343.5,320433,109568019,313,0.5,306.3851677135615
20200717,344.0,346.5,341.5,343.5,308150,105880100,229,0.0,306.3851677135615
20200720,343.5,357.0,343.5,346.5,594230,207668850,544,3.0,309.06102070669306
20200721,349.5,356.0,343.0,344.0,579379,200717876,519,-2.5,306.83114321241675
20200722,343.0,348.0,343.0,348.0,283400,98018100,270,4.0,310.3989472032588
20200723,348.5,354.0,345.5,348.0,364195,127277860,315,0.0,310.3989472032588
20200724,348.0,350.5,344.0,344.0,241012,83877652,226,-4.0,306.83114321241675
20200727,345.0,346.5,337.0,341.0,265112,90296248,240,-3.0,304.15529021928523
20200728,345.0,347.0,338.0,341.0,329483,112938993,314,0.0,304.15529021928523
20200729,341.0,345.5,338.0,338.0,247418,84357702,239,-3.0,301.4794372261537
20200730,339.0,342.5,338.0,341.0,314103,106741173,299,3.0,304.15529021928523
20200731,341.0,343.0,338.0,338.0,224400,76244200,204,-3.0,301.4794372261537
20200803,341.0,344.0,338.5,340.0,191052,65114628,161,2.0,303.26333922157465
20200804,341.0,345.0,341.0,344.0,190118,65133974,164,4.0,306.83114321241675
20200805,345.0,347.5,344.0,345.0,213118,73650710,192,1.0,307.72309421012733
20200806,349.0,351.5,346.5,349.5,233060,81261468,211,4.5,311.7368736998246
20200807,350.0,351.5,346.0,347.5,202389,70467788,182,-2.0,309.9529717044036
20200810,340.0,340.0,332.0,332.5,577858,193101714,485,-15.0,296.5737067387459
20200811,334.0,335.0,332.0,334.0,264120,88087820,238,1.5,297.9116332353115
20200812,335.0,335.5,323.5,325.0,442601,145273229,319,-9.0,289.884074255917
20200813,325.0,328.5,324.0,328.0,341341,111106530,301,3.0,292.55992724904854
20200814,328.0,328.5,324.5,327.0,386308,125734177,283,-1.0,291.66797625133796
20200817,327.0,330.0,323.5,327.5,394268,128352672,327,0.5,292.1139517501933
20200818,327.5,331.5,324.5,331.0,264229,86644757,227,3.5,295.2357802421801
20200819,331.0,335.5,331.0,335.0,315104,105061568,258,4.0,298.8035842330222
20200820,333.0,333.0,323.5,329.5,277317,90787195,264,-5.5,293.8978537456143
20200821,330.0,332.0,324.0,328.0,259413,84834377,229,-1.5,292.55992724904854
20200824,331.0,331.5,319.0,320.5,438128,142519905,413,-7.5,285.8702947662197
20200825,322.5,322.5,312.0,318.5,302603,96231960,267,-2.0,284.0863927707987
20200826,321.5,323.5,318.0,322.5,521064,167519202,424,4.0,287.6541967616408
20200827,315.0,315.5,304.5,306.0,389266,120504960,325,0.0,279.8797590113261
20200828,309.5,314.0,307.0,311.0,282109,87278671,252,5.0,284.4529576879818
20200831,313.5,313.5,304.0,304.5,202748,62005257,196,-6.5,278.5077994083294
20200901,306.0,308.0,305.0,306.0,164350,50297950,134,1.5,279.8797590113261
20200902,307.0,308.0,305.0,305.5,150380,46063160,142,-0.5,279.4224391436605
20200903,306.5,308.0,303.5,305.5,152207,46473756,150,0.0,279.4224391436605
20200904,304.0,304.0,295.0,299.0,401411,119758444,338,-6.5,273.4772808640081
20200907,300.0,307.0,300.0,301.0,237838,72139993,227,2.0,275.3065603346704
20200908,307.0,307.5,302.0,304.0,247350,75382600,210,3.0,278.05047954066384
20200909,304.0,304.0,301.0,303.0,161438,48767152,151,-1.0,277.13583980533264
20200910,304.0,306.0,299.5,302.5,167259,50431977,155,-0.5,276.67851993766715
20200911,302.5,303.0,299.5,300.0,162242,48806326,150,-2.5,274.39192059933924
20200914,304.0,304.0,301.0,303.5,221189,66874645,216,3.5,277.5931596729983
20200915,303.5,304.5,302.0,304.5,203330,61584153,194,1.0,278.5077994083294
20200916,305.0,305.5,300.5,300.5,215087,65184816,192,-4.0,274.84924046700485
20200917,303.0,303.0,298.0,298.0,274276,82301352,217,-2.5,272.562641128677
20200918,300.0,300.0,296.0,296.0,296822,88190778,243,-2.0,270.7333616580148
20200921,298.5,299.5,292.5,294.0,229291,67356571,220,-2.0,268.9040821873525
20200922,295.0,296.0,289.0,292.5,190206,55625666,177,-1.5,267.53212258435576
20200923,293.0,294.0,290.0,290.5,167163,48895674,158,-2.0,265.7028431136935
20200924,290.5,290.5,280.0,280.0,350293,99055358,337,-10.5,256.0991258927167
20200925,284.0,284.0,275.0,276.5,220213,61360927,231,-3.5,252.89788681905776
20200928,285.0,285.0,274.0,276.5,432291,119691460,395,0.0,252.89788681905776
20200929,279.0,280.0,277.0,280.0,371538,103481754,303,3.5,256.0991258927167
20200930,280.0,282.0,279.5,280.0,339600,95108100,242,0.0,256.0991258927167
20201005,279.0,283.5,278.0,283.5,331200,92881000,261,3.5,259.30036496637564
20201006,283.5,285.0,280.5,282.0,377250,106424873,313,-1.5,257.92840536337894
20201007,282.0,283.0,279.0,282.0,269200,75563600,249,0.0,257.92840536337894
20201008,282.0,282.5,279.5,281.5,214191,60074053,198,-0.5,257.4710854957134
20201012,278.5,278.5,275.5,277.5,477915,132420830,212,-4.0,253.8125265543888
20201013,277.5,277.5,274.0,276.0,357741,98554257,340,-1.5,252.44056695139219
20201014,277.0,290.0,277.0,288.5,372996,106539841,345,12.5,263.8735636430313
20201015,288.0,291.5,283.0,288.5,319213,92210770,307,0.0,263.8735636430313
20201016,289.0,294.0,289.0,292.0,278370,81179670,266,3.5,267.0748027166902
20201019,296.0,296.5,289.0,290.5,215241,62530131,211,-1.5,265.7028431136935
20201020,292.0,294.5,286.5,294.5,366077,106279598,334,4.0,269.361402055018
20201021,298.0,298.5,292.0,296.5,270110,79944950,259,2.0,271.1906815256803
20201022,297.0,298.0,286.0,287.0,383315,111101350,319,-9.5,262.5016040400346
20201023,289.0,290.5,285.5,287.0,364012,104547432,292,0.0,262.5016040400346
20201026,287.0,292.5,286.5,288.0,218239,63241716,195,1.0,263.4162437753658
20201027,288.0,292.0,287.0,290.0,242150,70162650,210,2.0,265.245523246028
20201028,290.0,292.0,287.5,290.0,201524,58376074,183,0.0,265.245523246028
20201029,289.0,290.0,287.0,290.0,174218,50269260,158,0.0,265.245523246028
20201030,290.5,291.5,287.0,288.0,143570,41453603,141,-2.0,263.4162437753658
20201102,290.0,292.0,280.5,283.0,177685,50745975,176,-5.0,258.8430450987101
20201103,286.0,289.0,284.5,286.0,160246,45955626,154,3.0,261.58696430470343
20201104,288.0,292.0,288.0,290.0,273110,79328960,258,4.0,265.245523246028
20201105,290.5,293.0,289.0,292.5,190371,55428987,178,2.5,267.53212258435576
20201106,293.0,297.0,293.0,295.0,339378,100132581,284,2.5,269.8187219226836
20201109,295.0,296.0,287.0,292.5,397172,115098839,391,-2.5,267.53212258435576
20201110,292.5,292.5,287.5,290.5,280300,81168191,252,-2.0,265.7028431136935
20201111,292.0,292.5,288.0,289.0,214829,62176885,210,-1.5,264.3308835106969
20201112,290.0,290.0,284.0,287.5,404779,116155153,364,-1.5,262.9589239077001
20201113,287.5,290.0,285.0,287.5,264179,75726760,257,0.0,262.9589239077001
20201116,288.0,293.0,287.5,292.5,466603,135216882,423,5.0,267.53212258435576
20201117,292.5,293.0,288.0,288.0,333846,96881886,339,-4.5,263.4162437753658
20201118,288.0,289.0,285.0,286.0,343016,98347187,320,-2.0,261.58696430470343
20201119,285.5,288.0,285.0,285.0,268718,76817087,253,-1.0,260.67232456937234
20201120,285.5,288.5,285.0,285.0,259646,74385873,273,0.0,260.67232456937234
20201123,287.0,297.5,287.0,294.5,339502,99448945,351,9.5,269.361402055018
20201124,296.0,298.5,291.0,294.0,276041,80991623,290,-0.5,268.9040821873525
20201125,293.0,296.0,292.0,294.5,305203,89721303,278,0.5,269.361402055018
20201126,295.5,296.5,292.0,295.0,252543,74272315,248,0.5,269.8187219226836
20201127,295.0,298.0,295.0,297.5,317762,94320554,300,2.5,272.10532126101145
20201130,299.0,304.5,299.0,300.0,488420,147193181,436,2.5,274.39192059933924
20201201,302.0,303.0,299.5,300.0,279444,84035129,257,0.0,274.39192059933924
20201202,301.0,302.5,300.0,300.5,290104,87271163,258,0.5,274.84924046700485
20201203,303.0,303.0,299.5,301.0,237291,71376605,218,0.5,275.3065603346704
20201204,303.0,303.0,300.0,300.0,268018,80632440,227,-1.0,274.39192059933924
20201207,303.0,303.0,298.5,301.0,297184,89179188,285,1.0,275.3065603346704
20201208,302.0,303.0,299.5,303.0,324535,97763570,276,2.0,277.13583980533264
20201209,303.0,306.5,302.5,303.5,274478,83372262,256,0.5,277.5931596729983
20201210,303.5,305.5,301.5,305.0,358070,108635587,338,1.5,278.96511927599494
20201211,305.0,305.0,300.0,301.0,285502,86045496,249,-4.0,275.3065603346704
20201214,302.0,304.5,300.0,303.0,231056,69932896,208,2.0,277.13583980533264
20201215,303.0,304.0,297.0,299.0,198833,59625571,187,-4.0,273.4772808640081
20201216,301.0,303.0,298.5,300.5,181668,54448797,176,1.5,274.84924046700485
20201217,300.5,301.0,295.0,296.0,146429,43581400,147,-4.5,270.7333616580148
20201218,296.0,299.5,293.0,299.5,153397,45492702,149,3.5,273.9346007316737
20201221,300.0,303.0,296.5,302.0,150018,44978172,147,2.5,276.22120007000154
20201222,302.0,302.0,298.0,299.0,120285,36149085,111,-3.0,273.4772808640081
20201223,301.0,302.0,298.0,298.0,117132,35127271,105,-1.0,272.562641128677
20201224,300.0,301.5,298.5,300.0,141067,42368565,131,2.0,274.39192059933924
20201225,300.0,302.0,298.0,301.5,140360,42098345,125,1.5,275.763880202336
20201228,301.5,302.5,300.0,301.5,134333,40391471,128,0.0,275.763880202336
20201229,302.0,302.5,297.5,299.5,91880,27531555,99,-2.0,273.9346007316737
20201230,301.0,301.0,298.0,298.5,111070,33173415,98,-1.0,273.0199609963426
20201231,300.5,301.5,297.0,297.0,100235,29971134,88,-1.5,271.64800139334585
20210104,296.0,298.0,292.0,293.0,303097,89106643,292,-4.0,267.98944245202136
20210105,293.5,295.0,291.5,293.0,125900,36898167,142,0.0,267.98944245202136
20210106,294.0,295.0,288.0,288.0,155371,45198295,173,-5.0,263.4162437753658
20210107,291.0,291.0,285.0,287.0,203971,58475685,222,-1.0,262.5016040400346
20210108,289.5,294.5,285.0,287.0,261845,75653225,269,0.0,262.5016040400346
20210111,289.0,290.0,286.0,288.5,188041,54156150,161,1.5,263.8735636430313
20210112,288.0,292.5,287.5,292.0,144403,42036281,148,3.5,267.0748027166902
20210113,292.5,295.0,292.5,295.0,136703,40204899,127,3.0,269.8187219226836
20210114,296.0,296.0,294.0,294.5,91212,26942294,87,-0.5,269.361402055018
20210115,296.5,301.5,295.5,300.0,281447,83923557,272,5.5,274.39192059933924
20210118,297.0,301.0,296.0,297.5,143202,42643457,142,-2.5,272.10532126101145
20210119,299.5,301.5,298.5,301.5,235864,70780494,217,4.0,275.763880202336
20210120,303.0,305.0,301.0,302.0,407585,123183306,373,0.5,276.22120007000154
20210121,303.0,305.0,302.5,303.5,182046,55267787,187,1.5,277.5931596729983
20210122,300.5,304.5,300.5,303.0,244421,74094918,233,-0.5,277.13583980533264
20210125,303.0,303.5,301.5,303.0,327462,99039233,142,0.0,277.13583980533264
20210126,303.5,305.0,302.0,303.0,339721,102896342,199,0.0,277.13583980533264
20210127,304.5,312.0,303.0,310.0,509019,157151527,455,7.0,283.53831795265063
20210128,308.0,308.0,301.0,301.5,311769,94442013,290,-8.5,275.763880202336
20210129,305.0,305.0,294.5,299.0,308275,91913077,294,-2.5,273.4772808640081
20210201,300.0,300.5,293.0,299.5,197975,58627712,197,0.5,273.9346007316737
20210202,300.0,303.5,295.0,303.0,252568,75677642,251,3.5,277.13583980533264
20210203,304.5,308.0,303.0,304.0,186175,56667040,146,1.0,278.05047954066384
20210204,304.0,306.0,303.5,305.0,124105,37813462,123,1.0,278.96511927599494
20210205,306.0,310.0,303.0,303.0,102378,31304069,109,-2.0,277.13583980533264
20210217,306.5,326.0,306.5,315.0,393383,124147872,427,12.0,288.11151662930627
20210218,317.0,320.5,315.0,320.0,255964,81367777,267,5.0,292.68471530596196
20210219,322.0,324.0,320.0,323.0,187524,60490498,229,3.0,295.42863451195535
20210222,324.5,324.5,318.5,319.5,136364,43672008,173,-3.5,292.2273954382964
20210223,317.5,324.5,313.0,322.0,173734,55845101,181,2.5,294.5139947766242
20210224,321.0,323.0,318.5,319.5,137468,44089380,149,-2.5,292.2273954382964
20210225,322.5,322.5,318.0,322.0,117341,37530818,126,2.5,294.5139947766242
20210226,319.0,321.0,316.5,321.0,167244,53382718,176,-1.0,293.599355041293
20210302,322.0,325.0,320.0,321.5,305372,98281872,301,0.5,294.0566749089586
20210303,323.0,330.0,315.5,322.0,288442,93388528,310,0.5,294.5139947766242
20210304,323.0,323.0,317.0,317.5,132052,42270538,148,-4.5,290.39811596763417
20210305,315.0,319.5,314.5,315.5,183087,58038375,213,-2.0,288.56883649697187
20210308,317.5,321.5,315.5,318.0,175435,55886011,149,2.5,290.85543583529966
20210309,317.0,323.5,317.0,322.0,243634,78296224,213,4.0,294.5139947766242
20210310,323.0,327.0,320.0,320.0,123785,39996812,141,-2.0,292.68471530596196
20210311,317.0,319.5,317.0,318.5,157468,50132730,153,-1.5,291.3127557029652
20210312,319.5,320.5,318.0,318.0,179376,57308138,173,-0.5,290.85543583529966
20210315,319.0,319.0,313.5,315.0,158209,50070776,173,-3.0,288.11151662930627
20210316,315.0,316.5,313.0,315.0,168232,52790932,160,0.0,288.11151662930627
20210317,316.0,319.5,314.0,315.0,117210,37013808,120,0.0,288.11151662930627
20210318,319.0,320.5,316.0,320.0,113133,36096557,112,5.0,292.68471530596196
20210319,316.5,321.0,316.5,317.0,209399,66468243,109,-3.0,289.94079609996857
20210322,317.0,322.0,317.0,321.0,157117,50327954,176,4.0,293.599355041293
20210323,322.0,322.5,319.0,321.0,82465,26435833,93,0.0,293.599355041293
20210324,320.5,322.0,318.5,320.0,60652,19397864,67,-1.0,292.68471530596196
20210325,321.0,321.0,315.5,317.0,119437,38042406,121,-3.0,289.94079609996857
20210326,319.0,323.0,319.0,320.0,155111,49770821,149,3.0,292.68471530596196
20210329,324.5,328.0,320.5,327.0,175557,57064189,191,7.0,299.0871934532799
20210330,328.0,329.5,326.0,328.5,144461,47291983,150,1.5,300.45915305627653
20210331,329.0,330.0,327.0,329.5,126642,41597390,129,1.0,301.3737927916077
20210401,330.5,331.0,327.5,329.5,106605,35080010,107,0.0,301.3737927916077
20210406,331.0,332.0,328.0,330.0,109789,36167712,107,0.5,301.8311126592733
20210407,332.0,332.0,328.5,331.5,164877,54323575,122,1.5,303.2030722622699
20210408,333.0,334.0,329.0,334.0,114863,38119986,121,2.5,305.4896716005977
20210409,334.0,335.0,330.5,333.5,103878,34522179,106,-0.5,305.0323517329322
20210412,334.5,334.5,331.5,333.0,111528,37159762,138,-0.5,304.5750318652667
20210413,333.0,334.5,331.5,334.0,127921,42649380,125,1.0,305.4896716005977
20210414,335.0,335.0,329.5,333.0,111639,37030397,102,-1.0,304.5750318652667
20210415,334.0,335.5,332.0,333.0,148429,49606338,151,0.0,304.5750318652667
20210416,333.0,344.5,333.0,343.0,204765,69913703,222,10.0,313.72142921857795
20210419,346.0,350.0,346.0,348.0,138548,48214968,151,5.0,318.2946278952336
20210420,352.0,353.0,347.0,351.0,183349,64124464,188,3.0,321.038547101227
20210421,350.5,365.5,350.0,358.0,359189,128112968,372,7.0,327.4410252485449
20210422,361.0,375.0,361.0,367.5,417254,153991995,406,9.5,336.13010273419064
20210423,372.0,378.0,364.5,367.5,325364,119773548,292,0.0,336.13010273419064
20210426,367.5,368.0,362.0,365.5,161556,58937025,162,-2.0,334.3008232635284
20210427,367.0,367.5,362.0,365.0,130379,47528317,116,-0.5,333.8435033958628
20210428,365.0,367.0,358.5,360.5,123829,44592990,128,-4.5,329.72762458687276
20210429,360.5,360.5,354.5,360.0,120286,43097770,144,-0.5,329.27030471920716
20210503,358.5,358.5,352.0,354.5,103280,36662511,124,-5.5,324.239786174886
20210504,357.5,357.5,343.0,351.5,104051,36107899,132,-3.0,321.4958669688926
20210505,351.0,353.0,345.5,349.5,117210,40859358,126,-2.0,319.6665874982303
20210506,352.0,359.0,346.5,346.5,73208,25620924,94,-3.0,316.92266829223684
20210507,346.0,354.0,346.0,354.0,114995,40352688,104,7.5,323.7824663072204
20210510,369.5,389.0,369.5,374.0,499340,190531672,510,20.0,342.075261013843
20210511,382.0,385.5,375.0,380.0,500640,190902201,507,6.0,347.56309942582976
20210512,386.0,387.0,350.5,364.5,365994,136717571,392,-15.5,333.3861835281972
20210513,369.0,372.5,348.0,366.0,166764,60769195,176,1.5,334.75814313119395
20210514,375.0,380.0,369.5,376.0,218860,80096564,195,10.0,343.90454048450533
20210517,369.5,379.0,358.0,362.0,199474,73344107,216,-14.0,331.0995841898694
20210518,370.0,384.0,370.0,383.5,188896,71672478,216,21.5,350.76433849948876
20210519,386.0,392.0,373.0,382.5,144778,55627246,162,-1.0,349.84969876415755
20210520,380.0,385.0,376.0,380.5,92165,34868751,91,-2.0,348.0204192934953
20210521,382.0,386.0,377.5,383.0,100373,38334918,105,2.5,350.30701863182315
20210524,382.0,399.5,381.0,390.0,229019,89570376,220,7.0,356.7094967791411
20210525,393.0,396.0,387.5,390.5,98717,38657331,112,0.5,357.1668166468066
20210526,393.0,395.0,385.0,389.5,97550,38131229,106,-1.0,356.25217691147554
20210527,387.0,391.0,385.0,390.5,127030,49391663,121,1.0,357.1668166468066
20210528,394.5,394.5,375.0,376.5,242554,92291514,280,-14.0,344.3618603521709
20210531,376.5,383.5,376.5,383.5,113327,42033585,98,7.0,350.76433849948876
20210601,383.5,389.0,383.5,389.0,71794,27773961,94,5.5,355.79485704380994
20210602,389.0,393.0,384.5,389.0,86232,33441091,97,0.0,355.79485704380994
20210603,389.0,392.0,382.0,386.5,80498,31027909,81,-2.5,353.50825770548215
20210604,389.0,390.5,382.5,382.5,68386,26453059,85,-4.0,349.84969876415755
20210607,388.0,388.0,381.0,388.0,69526,26649616,85,5.5,354.8802173084788
20210608,391.5,393.0,382.0,387.5,91077,35321262,102,-0.5,354.42289744081324
20210609,387.0,391.0,385.0,390.5,80351,31218197,91,3.0,357.1668166468066
20210610,390.5,393.0,388.0,392.0,63187,24726424,75,1.5,358.53877624980333
20210611,391.0,394.0,387.5,393.0,99446,38932883,108,1.0,359.4534159851344
20210615,393.0,396.5,389.0,394.5,123015,48310265,155,1.5,360.8253755881312
20210616,394.5,419.0,394.5,411.5,541650,221278923,580,17.0,376.3742510887604
20210617,410.5,417.0,400.5,402.5,369599,149865844,365,-9.0,368.1424934707803
20210618,405.0,409.0,395.5,395.5,337749,135824636,319,-7.0,361.7400153234622
20210621,395.0,397.5,392.0,397.5,163988,64726695,194,2.0,363.5692947941245
20210622,394.0,407.0,394.0,401.0,209171,84042661,220,3.5,366.77053386778357
20210623,399.5,408.0,396.0,405.5,125148,50639408,135,4.5,370.88641267677366
20210624,414.5,417.0,407.5,412.0,144449,59579685,152,6.5,376.83157095642605
20210625,412.0,416.0,411.0,414.0,75609,31280648,98,2.0,378.6608504270883
20210628,409.0,414.0,399.0,400.0,162486,65452130,170,-14.0,365.8558941324525
20210629,400.0,401.5,395.0,395.0,155789,61863488,243,-5.0,361.2826954557967
20210630,400.0,400.5,392.0,392.5,113278,44695508,143,-2.5,358.9960961174689
20210701,400.5,401.0,392.0,392.0,123804,48936530,115,-0.5,358.53877624980333
20210702,397.0,398.5,388.5,388.5,127450,49826501,144,-3.5,355.33753717614434
20210705,390.0,393.0,387.5,390.5,141690,55145208,141,2.0,357.1668166468066
20210706,394.5,396.0,388.0,388.5,84172,32827679,91,-2.0,355.33753717614434
20210707,388.5,391.5,384.5,387.5,142457,55064575,142,-1.0,354.42289744081324
20210708,390.0,394.0,386.0,390.0,70443,27450222,71,2.5,356.7094967791411
20210709,389.0,392.5,381.0,388.0,113392,43853766,109,-2.0,354.8802173084788
20210712,388.0,393.0,381.5,384.5,103204,39915015,119,-3.5,351.6789782348199
20210713,382.0,389.0,381.0,382.0,97597,37317651,114,-2.5,349.392378896492
20210714,383.0,385.5,376.5,380.0,111579,42359669,126,-2.0,347.56309942582976
20210715,381.0,381.0,378.5,380.0,95125,36102125,97,0.0,347.56309942582976
20210716,378.5,380.0,370.5,379.0,190632,71648048,185,-1.0,346.6484596904987
20210719,379.0,382.0,369.0,373.0,98561,36730018,113,-6.0,341.16062127851177
20210720,368.5,374.5,368.5,374.0,103404,38374442,99,1.0,342.075261013843
20210721,379.5,379.5,366.5,368.5,161392,59705503,168,-5.5,337.0447424695218
20210722,368.0,369.0,358.0,362.0,227715,82794725,255,-6.5,331.0995841898694
20210723,362.0,369.5,362.0,367.0,71285,26197853,76,5.0,335.67278286652504
20210726,368.0,372.0,366.0,370.0,88356,32607821,97,3.0,338.41670207251843
20210727,370.0,375.5,367.0,371.0,151145,56012465,126,1.0,339.3313418078496
20210728,372.0,374.0,367.0,372.5,131139,48437342,115,1.5,340.7033014108463
20210729,373.0,376.5,368.0,375.0,365520,136442543,288,2.5,342.9899007491741
20210730,377.0,380.0,372.0,372.5,62062,23258250,73,-2.5,340.7033014108463
20210802,373.0,374.0,361.5,365.5,112239,41057766,127,-7.0,334.3008232635284
20210803,367.0,367.0,362.5,367.0,57247,20905437,67,1.5,335.67278286652504
20210804,367.0,369.0,363.0,366.0,81365,29769316,87,-1.0,334.75814313119395
20210805,366.5,367.0,362.5,363.0,76298,27792662,84,-3.0,332.0142239252006
20210806,364.0,364.0,358.5,363.0,103163,37259003,100,0.0,332.0142239252006
20210809,371.0,379.0,370.5,375.0,397383,149011990,382,12.0,342.9899007491741
20210810,375.0,375.0,363.5,365.0,240503,88437446,270,-10.0,333.8435033958628
20210811,364.0,370.0,364.0,368.0,157002,57747250,144,3.0,336.5874226018562
20210812,367.0,367.0,361.0,364.5,132413,48145745,138,-3.5,333.3861835281972
20210813,364.5,370.0,364.5,366.0,237042,86742970,203,1.5,334.75814313119395
20210816,367.0,373.5,366.0,370.5,196212,72487292,193,4.5,338.87402194018404
20210817,370.0,372.0,366.5,369.0,207385,76620365,198,-1.5,337.5020623371873
20210818,365.0,370.0,362.0,364.5,200193,73222355,180,-4.5,333.3861835281972
20210819,363.0,365.0,361.0,361.0,236267,85920163,203,-3.5,330.1849444545383
20210820,361.0,366.0,361.0,362.5,115040,41715119,110,1.5,331.55690405753495
20210823,364.5,366.5,362.5,362.5,160100,58385620,140,0.0,331.55690405753495
20210824,364.0,368.0,358.0,366.0,143217,52281518,147,3.5,334.75814313119395
20210825,369.0,369.0,363.5,365.0,146407,53417341,135,-1.0,333.8435033958628
20210826,364.5,367.0,363.0,365.5,216376,78985958,198,0.0,340.0016732367027
20210827,365.0,365.0,357.0,363.0,93297,33688252,107,-2.5,337.6760803965064
20210830,365.0,368.0,363.0,368.0,110020,40246872,106,5.0,342.3272660768991
20210831,370.5,375.0,368.0,373.5,244409,90663959,216,5.5,347.44357032533094
20210901,374.5,374.5,364.0,370.0,484381,178949334,147,-3.5,344.18774034905607
20210902,368.0,368.0,360.0,364.5,987333,360478514,208,-5.5,339.0714361006241
20210903,367.0,372.0,367.0,369.0,179010,66047690,172,4.5,343.25750321297755
20210906,371.0,372.0,369.0,372.0,98112,36376520,102,3.0,346.04821462121316
20210907,372.0,392.0,368.5,392.0,487077,185479300,478,20.0,364.65295734278374
20210908,392.0,394.0,380.0,387.0,172256,66880879,192,-5.0,360.00177166239115
20210909,390.0,390.0,375.5,377.0,199874,75953388,204,-10.0,350.6994003016058
20210910,381.0,386.0,376.0,382.0,353163,134840034,338,5.0,355.35058598199845
20210913,385.0,387.0,382.0,387.0,247348,95089094,259,5.0,360.00177166239115
20210914,389.5,399.0,389.5,398.0,281864,111096336,290,11.0,370.2343801592549
20210915,398.0,400.0,390.0,390.0,162357,63925695,167,-8.0,362.79248307062664
20210916,390.0,402.0,389.0,396.0,388069,153489130,379,6.0,368.3739058870979
20210917,395.0,403.0,395.0,399.0,357368,143171375,353,3.0,371.1646172953334
20210922,395.0,400.0,394.0,398.0,199668,79447521,183,-1.0,370.2343801592549
20210923,399.0,401.5,398.5,400.5,330700,132225839,363,2.5,372.55997299945125
20210924,404.0,410.0,404.0,407.0,179972,73161309,204,6.5,378.6065143839617
20210927,409.0,410.0,398.0,399.0,204075,82387314,204,-8.0,371.1646172953334
20210928,399.0,401.0,390.0,394.0,157055,61822947,156,-5.0,366.51343161494077
20210929,392.0,392.0,376.5,379.5,336857,128352792,292,-14.5,353.02499314180216
20210930,382.0,390.0,370.0,388.0,295036,111663976,288,8.5,360.93200879846967
20211001,385.0,385.0,375.0,381.0,166353,63257987,158,-7.0,354.4203488459199
20211004,382.0,382.5,373.0,379.0,124888,47087622,131,-2.0,352.5598745737629
20211005,376.0,384.5,376.0,379.5,216166,82026622,183,0.5,353.02499314180216
20211006,379.0,379.5,374.0,377.0,113038,42613849,108,-2.5,350.6994003016058
20211007,373.5,382.0,373.5,378.5,257758,97451390,324,1.5,352.0947560057236
20211008,378.0,379.0,376.0,377.0,133351,50274829,160,-1.5,350.6994003016058
20211012,376.0,381.5,375.0,378.5,162087,61242809,161,1.5,352.0947560057236
20211013,375.0,378.5,373.0,376.0,132028,49558529,129,-2.5,349.7691631655273
20211014,372.5,379.5,372.0,377.0,185357,69691475,183,1.0,350.6994003016058
20211015,378.5,398.5,378.5,388.5,197046,75770704,192,11.5,361.39712736650887
20211018,388.5,388.5,382.0,384.5,112550,43216311,105,-4.0,357.67617882219474
20211019,388.0,391.5,383.0,385.5,155054,59803713,153,1.0,358.60641595827326
20211020,385.0,388.5,384.0,386.5,219456,84675451,201,1.0,359.53665309435183
20211021,385.5,395.0,385.5,387.5,333424,130145866,291,1.0,360.4668902304304
20211022,387.5,395.0,386.5,392.5,652209,253992740,391,5.0,365.118075910823
20211025,394.0,394.0,389.0,390.0,265152,103516113,188,-2.5,362.79248307062664
20211026,390.0,407.5,389.0,397.0,723622,287125059,636,7.0,369.30414302317644
20211027,400.0,430.0,400.0,421.5,676576,281990547,675,24.5,392.0949528571004
20211028,421.5,424.0,415.0,421.0,176853,74165077,233,-0.5,391.6298342890611
20211029,421.0,430.5,418.0,427.0,271918,115646864,275,6.0,397.2112571055323
20211101,430.0,430.0,419.0,423.0,163148,69050012,293,-4.0,393.49030856121817
20211102,423.5,423.5,408.0,413.0,251065,104326035,266,-10.0,384.1879372004328
20211103,419.0,426.0,413.5,418.0,117173,49098669,123,5.0,388.8391228808255
20211104,420.0,426.0,418.5,420.0,132337,55913603,156,2.0,390.69959715298256
20211105,418.5,425.0,413.5,424.5,110478,46405013,121,4.5,394.88566426533595
20211108,433.5,440.5,430.0,439.0,344079,149694448,393,14.5,408.3741027384746
20211109,454.5,471.5,448.0,465.0,744729,346132682,875,26.0,432.5602682765164
20211110,471.5,471.5,449.0,467.0,467181,215632147,808,2.0,434.42074254867345
20211111,459.0,466.5,454.5,461.0,300206,137713028,437,-6.0,428.83931973220234
20211112,461.0,463.0,450.0,459.5,230505,105081729,240,-1.5,427.4439640280845
20211115,457.0,466.5,453.5,465.5,171254,78845383,212,6.0,433.0253868445557
20211116,471.5,471.5,460.5,467.0,170610,79629338,209,1.5,434.42074254867345
20211117,466.0,470.0,458.0,461.5,192778,89045347,214,-5.5,429.3044383002416
20211118,461.5,467.0,453.5,461.5,209680,97286529,203,0.0,429.3044383002416
20211119,461.5,479.5,457.0,476.0,424905,200889528,462,14.5,442.79287677338027
20211122,473.0,487.5,473.0,487.5,336374,162715176,336,11.5,453.4906038382834
20211123,487.5,487.5,477.5,482.0,225417,108631331,333,-5.5,448.3742995898515
20211124,478.0,485.5,466.0,466.5,405911,191846726,437,-15.5,433.9556239806342
20211125,467.0,482.5,467.0,478.0,298379,142496486,310,11.5,444.6533510455373
20211126,474.0,481.0,468.0,469.0,219967,104229131,254,-9.0,436.2812168208306
20211129,468.0,474.0,462.5,468.0,325817,152152976,270,-1.0,435.35097968475196
20211130,476.0,490.0,472.5,481.5,397588,190749008,397,13.5,447.9091810218122
20211201,481.5,487.5,473.0,485.5,242218,117078774,333,4.0,451.63012956612624
20211202,485.5,485.5,466.0,470.0,222310,105234656,389,-15.5,437.2114539569091
20211203,470.5,491.5,470.5,490.0,336315,162901941,355,20.0,455.8161966784797
20211206,490.0,490.5,476.0,490.0,199969,96565530,273,0.0,455.8161966784797
20211207,493.0,493.0,479.0,487.0,240112,116623578,248,-3.0,453.0254852702441
20211208,486.5,492.5,486.5,492.0,164287,80611735,185,5.0,457.6766709506367
20211209,492.0,496.5,482.5,484.5,178852,87560154,535,-7.5,450.6998924300478
20211210,483.0,490.0,483.0,488.5,118846,57989610,140,4.0,454.42084097436185
20211213,496.0,503.0,495.0,501.0,313794,156864928,312,12.5,466.04880517534355
20211214,501.0,503.0,485.0,493.0,241892,119666667,600,-8.0,458.60690808671524
20211215,491.0,491.0,483.0,487.5,114645,55768200,231,-5.5,453.4906038382834
20211216,500.0,500.0,489.0,494.0,153580,75775038,285,6.5,459.53714522279375
20211217,494.0,499.0,491.5,491.5,143469,71034519,146,-2.5,457.21155238259746
20211220,491.5,491.5,485.0,489.5,112433,54844465,120,-2.0,455.3510781104404
20211221,490.0,497.5,486.0,489.0,249318,122409915,266,-0.5,454.88595954240117
20211222,489.0,498.0,489.0,498.0,179633,88960787,193,9.0,463.258093767108
20211223,499.0,501.0,495.0,501.0,147498,73473495,150,3.0,466.04880517534355
20211224,501.0,508.0,500.0,508.0,259152,130749203,280,7.0,472.5604651278933
20211227,507.0,512.0,505.0,505.0,169943,86424616,214,-3.0,469.7697537196576
20211228,515.0,519.0,514.0,517.0,233824,120711850,566,12.0,480.93259935260005
20211229,521.0,539.0,511.0,518.0,344570,180359338,770,1.0,481.86283648867857
20211230,518.0,522.0,511.0,517.0,100529,51909651,213,-1.0,480.93259935260005
20220103,519.0,524.0,505.0,512.0,222440,114207346,280,-5.0,476.28141367220735
20220104,515.0,515.0,499.0,501.0,167288,84016125,200,-11.0,466.04880517534355
20220105,501.0,501.0,486.0,494.5,208216,102579571,245,-6.5,460.00226379083307
20220106,490.5,491.0,483.5,490.0,168536,82152607,188,-4.5,455.8161966784797
20220107,500.0,502.0,467.5,471.0,425617,203085855,488,-19.0,438.1416910929876
20220110,468.0,475.5,462.0,465.0,348305,162358021,358,-6.0,432.5602682765164
20220111,465.0,466.0,452.0,458.0,351823,160823797,393,-7.0,426.0486083239667
20220112,464.5,464.5,452.5,453.5,139707,63543137,147,-4.5,421.8625412116133
20220113,458.5,470.0,453.5,469.0,401441,185888672,389,15.5,436.2812168208306
20220114,469.0,473.0,460.5,469.5,262422,122535858,248,0.5,436.7463353888698
20220117,465.5,479.0,464.0,478.0,154999,73568279,159,8.5,444.6533510455373
20220118,476.0,480.5,470.5,474.0,158043,75191939,162,-4.0,440.9324025012232
20220119,472.5,478.5,469.5,477.0,184750,87771128,183,3.0,443.72311390945873
20220120,474.0,476.5,466.5,467.5,94042,44123278,112,-9.5,434.88586111671276
20220121,464.5,469.5,456.5,456.5,138888,64062089,151,-11.0,424.65325261984896
20220124,450.0,457.5,445.0,454.5,254219,115152232,208,-2.0,422.79277834769186
20220125,455.0,455.0,444.0,444.0,141375,63303485,147,-10.5,413.0252884188673
20220126,444.0,449.5,440.0,448.0,246800,109564921,261,4.0,416.7462369631814
20220207,448.5,460.0,440.0,450.5,222883,99572105,224,2.5,419.07182980337774
20220208,452.0,471.0,452.0,465.0,317367,146532813,311,14.5,432.5602682765164
20220209,466.0,479.5,466.0,474.5,223486,105986891,236,9.5,441.39752106926244
20220210,475.0,478.0,467.5,472.0,202089,95496502,193,-2.5,439.07192822906615
20220211,475.0,475.0,466.5,473.0,187077,88232902,184,1.0,440.0021653651447
20220214,471.0,471.0,456.0,457.5,124854,57451789,125,-15.5,425.5834897559275
20220215,459.0,460.0,450.0,450.0,162229,73772126,168,-7.5,418.6067112353384
20220216,456.5,460.0,450.0,450.0,121339,54988523,128,0.0,418.6067112353384
20220217,446.5,457.0,446.5,451.5,104177,47239695,112,1.5,420.00206693945637
20220218,450.0,450.0,441.0,445.0,167442,74440180,152,-6.5,413.9555255549458
20220221,445.0,445.0,438.5,442.0,142485,62756344,142,-3.0,411.1648141467102
20220222,442.0,444.5,429.0,431.0,164057,71148364,200,-11.0,400.93220564984637
20220223,435.5,443.5,432.0,441.0,133179,58335036,133,10.0,410.2345770106317
20220224,433.0,438.0,420.0,420.0,354381,150793767,325,-21.0,390.69959715298256
20220225,425.0,431.5,419.5,428.0,199997,85206009,197,8.0,398.1414942416108
20220301,430.0,448.0,430.0,441.0,238217,104460966,241,13.0,410.2345770106317
20220302,443.0,446.5,441.0,445.0,94209,41831614,103,4.0,413.9555255549458
20220303,449.0,452.5,443.0,446.0,112004,50210297,104,1.0,414.88576269102435
20220304,445.0,445.5,435.5,441.0,92411,40645830,108,-5.0,410.2345770106317
20220307,435.5,435.5,414.0,415.5,202257,85109158,235,-25.5,386.51353004062923
20220308,415.5,418.0,403.5,406.5,130179,53278447,158,-9.0,378.14139581592246
20220309,410.0,418.5,409.5,412.5,152414,63071745,162,6.0,383.7228186323936
20220310,420.0,426.0,419.0,423.0,180507,76175750,172,10.5,393.49030856121817
20220311,423.0,426.5,415.0,420.5,95465,39976397,104,-2.5,391.1647157210218
20220314,421.0,425.0,417.0,422.0,114384,48221232,114,1.5,392.5600714251396
20220315,422.0,424.0,418.0,421.5,121806,51171139,136,-0.5,392.0949528571004
20220316,422.0,427.5,420.0,427.5,112262,47634131,124,6.0,397.6763756735715
20220317,432.0,435.0,423.0,428.5,175306,74986359,183,1.0,398.6066128096501
20220318,429.0,429.0,414.0,414.0,150719,63131057,150,-14.5,385.11817433651146
20220321,414.0,430.0,414.0,429.5,107371,45656191,115,15.5,399.5368499457286
20220322,430.0,432.0,426.5,430.0,88120,37784421,90,0.5,400.0019685137679
20220323,430.0,437.5,429.0,429.5,140245,60776215,149,-0.5,399.5368499457286
20220324,429.0,435.0,426.5,427.0,74200,31922067,88,-2.5,397.2112571055323
20220325,428.5,434.0,424.5,434.0,127418,54689060,140,7.0,403.722917058082
20220328,434.5,434.5,415.5,419.0,194542,81826784,236,-15.0,389.76936001690405
20220329,419.5,434.0,419.5,425.5,128743,54987534,136,6.5,395.8159014014145
20220330,430.0,439.5,430.0,439.5,199416,86949289,207,14.0,408.8392213065139
20220331,439.5,442.5,435.5,437.0,114851,50425615,129,-2.5,406.5136284663176
20220401,436.5,441.0,431.5,438.0,149180,65270017,167,1.0,407.4438656023961
20220406,435.0,441.5,431.0,431.5,190791,82981765,167,-6.5,401.3973242178857
20220407,428.0,434.5,421.5,425.0,115116,49276068,140,-6.5,395.3507828333752
20220408,435.0,447.5,430.0,446.0,254662,112594253,299,21.0,414.88576269102435
20220411,443.5,455.5,438.5,438.5,295696,132282424,326,-7.5,407.9089841704354
20220412,436.5,441.0,428.5,430.0,192801,83354920,215,-8.5,400.0019685137679
20220413,435.0,441.0,434.5,439.0,126245,55345198,130,9.0,408.3741027384746
20220414,443.0,447.0,440.0,443.0,120196,53241495,132,4.0,412.09505128278886
20220415,442.0,442.0,425.0,425.0,190883,81971175,221,-18.0,395.3507828333752
20220418,425.5,431.5,420.5,427.5,133244,56677860,139,2.5,397.6763756735715
20220419,434.0,437.0,430.0,433.5,115118,49953448,110,6.0,403.2577984900427
20220420,438.0,441.0,433.5,433.5,121074,52796669,111,0.0,403.2577984900427
20220421,435.0,442.0,426.0,426.0,156521,67787080,147,-7.5,396.2810199694538
20220422,425.0,425.0,407.0,409.5,275062,113754262,318,-16.5,380.9321072241581
20220425,392.0,403.0,381.5,385.0,287463,111821164,347,-24.5,358.141297390234
20220426,392.0,392.0,377.0,383.0,446742,171279113,464,-2.0,356.28082311807697
20220427,379.0,379.0,371.5,377.5,455550,170338187,427,-5.5,351.16451886964506
20220428,380.5,390.5,378.5,386.5,216095,83220269,208,9.0,359.53665309435183
20220429,393.0,398.0,390.0,397.0,170456,67349120,176,10.5,369.30414302317644
20220503,399.5,400.0,395.0,399.0,71482,28447179,79,2.0,371.1646172953334
20220504,402.0,409.5,402.0,407.0,100669,40935073,115,8.0,378.6065143839617
20220505,410.5,413.0,407.0,409.5,134562,55149106,150,2.5,380.9321072241581
20220506,400.5,405.5,398.5,405.0,91479,36752641,104,-4.5,376.7460401118047
20220509,412.0,417.5,407.5,415.0,226723,93615493,257,10.0,386.04841147259
20220510,408.0,410.0,398.5,410.0,296945,120295119,296,-5.0,381.39722579219733
20220511,412.0,412.5,404.5,408.5,167071,68197117,196,-1.5,380.0018700880795
20220512,415.5,432.0,415.5,425.0,734412,312919516,676,16.5,395.3507828333752
20220513,431.0,451.0,428.0,440.0,596781,262876099,613,15.0,409.3043398745532
20220516,445.0,449.0,436.5,437.5,240693,106500946,253,-2.5,406.9787470343569
20220517,445.0,455.0,441.5,446.5,217700,97148663,237,9.0,415.35088125906356
20220518,452.5,453.0,440.0,446.5,239934,106956897,241,0.0,415.35088125906356
20220519,438.0,444.0,432.5,444.0,196297,86283599,208,-2.5,413.0252884188673
20220520,444.0,444.0,435.0,438.0,205244,90034572,218,-6.0,407.4438656023961
20220523,442.0,444.0,433.5,435.0,180963,78939470,188,-3.0,404.65315419416055
20220524,443.0,443.0,430.5,430.5,121097,52722034,145,-4.5,400.4670870818071
20220525,428.5,440.0,428.5,434.0,197028,85972413,207,3.5,403.722917058082
20220526,439.0,439.5,430.0,434.0,71107,30873173,83,0.0,403.722917058082
20220527,434.0,438.0,428.0,432.0,129783,56002230,168,-2.0,401.86244278592494
20220530,439.0,443.5,434.5,441.0,139962,61518775,174,9.0,410.2345770106317
20220531,441.0,448.5,440.0,448.0,167970,74571614,200,7.0,416.7462369631814
20220601,450.0,450.0,440.5,448.0,172392,76525480,166,0.0,416.7462369631814
20220602,446.0,447.0,440.5,445.5,127547,56557739,124,-2.5,414.4206441229851
20220606,448.0,448.0,439.0,446.0,177450,78525170,187,0.5,414.88576269102435
20220607,446.0,450.0,444.5,446.5,236454,105827480,299,0.5,415.35088125906356
20220608,450.0,469.0,450.0,456.0,343036,158088682,423,9.5,424.1881340518097
20220609,458.0,458.0,452.5,456.0,149965,68202135,241,0.0,424.1881340518097
20220610,455.0,455.0,446.0,453.0,207600,93368439,222,-3.0,421.3974226435741
20220613,441.0,443.0,432.0,442.0,235332,103145347,323,-11.0,411.1648141467102
20220614,442.0,442.0,427.5,434.0,204189,88226433,278,-8.0,403.722917058082
20220615,436.0,445.0,427.5,441.0,255139,111373736,287,7.0,410.2345770106317
20220616,444.0,444.0,420.0,420.0,190389,82113907,211,-21.0,390.69959715298256
20220617,418.0,424.5,411.0,411.0,145442,60421458,195,-9.0,382.3274629282758
20220620,415.0,415.5,409.0,411.5,88509,36469450,109,0.5,382.792581496315
20220621,412.5,422.5,411.5,420.0,112633,47075127,124,8.5,390.69959715298256
20220622,419.5,420.0,405.5,410.0,64880,26788912,88,-10.0,381.39722579219733
20220623,410.0,415.0,401.0,409.5,141245,57568556,130,-0.5,380.9321072241581
20220624,412.0,420.5,407.0,409.5,160187,66379978,186,0.0,380.9321072241581
20220627,414.0,423.5,413.5,418.5,202524,84792153,163,9.0,389.3042414488648
20220628,416.5,418.5,410.0,413.0,82833,34208279,103,-5.5,384.1879372004328
20220629,410.5,416.0,408.0,414.0,68755,28353547,97,1.0,385.11817433651146
20220630,410.5,411.5,403.0,408.0,81417,33176400,118,-6.0,379.5367515200402
20220701,407.0,409.5,387.0,388.5,247050,97224645,308,-19.5,361.39712736650887
20220704,388.0,394.0,385.0,390.5,107417,41854822,134,2.0,363.25760163866596
20220705,393.0,403.0,390.0,398.5,108816,43188600,134,8.0,370.69949872729416
20220706,398.0,404.5,386.5,386.5,113815,44765819,136,-12.0,359.53665309435183
20220707,402.0,425.0,400.0,418.0,313642,129214076,389,31.5,388.8391228808255
20220708,418.0,425.0,408.5,412.5,164596,68743393,293,-5.5,383.7228186323936
20220711,419.5,419.5,405.0,406.0,90871,37161278,151,-6.5,377.67627724788315
20220712,404.0,404.0,394.0,398.0,143338,57109800,184,-8.0,370.2343801592549
20220713,404.0,407.0,394.5,396.0,111026,44354883,156,-2.0,368.3739058870979
20220714,392.5,399.5,390.0,399.5,130288,51383537,153,3.5,371.6297358633727
20220715,400.0,405.0,399.0,403.5,153924,61889017,158,4.0,375.35068440768674
20220718,400.5,409.0,399.5,408.5,117511,47655529,140,5.0,380.0018700880795
20220719,408.5,411.0,402.0,405.0,79546,32218762,111,-3.5,376.7460401118047
20220720,406.5,420.5,406.5,415.5,280057,116163477,297,10.5,386.51353004062923
20220721,416.5,425.0,415.0,423.0,217699,91657653,238,7.5,393.49030856121817
20220722,423.0,434.0,420.5,434.0,244331,104588243,275,11.0,403.722917058082
20220725,433.0,433.5,426.0,430.5,159699,68787029,149,-3.5,400.4670870818071
20220726,433.0,440.0,429.0,438.5,282156,123123715,292,8.0,407.9089841704354
20220727,438.5,453.0,435.0,445.0,623471,277204346,580,6.5,413.9555255549458
20220728,452.0,462.0,451.5,458.0,576429,263976646,552,13.0,426.0486083239667
20220729,456.5,461.0,441.0,455.0,322568,144856654,376,-3.0,423.25789691573107
20220801,455.0,455.5,444.5,452.0,191723,86146358,236,-3.0,420.46718550749557
20220802,448.5,460.5,443.0,457.0,336389,153192364,382,5.0,425.1183711878882
20220803,460.5,460.5,445.0,445.0,248780,111858650,303,-12.0,413.9555255549458
20220804,450.0,450.5,442.5,449.5,223025,99681526,270,4.5,418.14159266729916
20220805,447.0,455.0,446.5,453.0,199991,90168975,213,3.5,421.3974226435741
20220808,463.0,471.0,459.0,469.0,670280,312148908,702,16.0,436.2812168208306
20220809,469.0,494.5,468.5,494.5,1231632,597901156,1226,25.5,460.00226379083307
20220810,490.0,490.5,469.0,473.5,733720,349953367,1077,-21.0,440.467283933184
20220811,482.0,484.5,467.0,473.5,513086,242935525,535,0.0,440.467283933184
20220812,473.5,478.0,465.5,474.0,301255,142405737,343,0.5,440.9324025012232
20220815,474.0,477.0,464.5,470.0,440805,207222783,450,-4.0,437.2114539569091
20220816,467.5,476.5,467.5,476.5,378717,179517268,372,6.5,443.25799534141953
20220817,477.0,484.0,469.0,470.0,413894,197012115,463,-6.5,437.2114539569091
20220818,472.5,478.0,466.5,470.0,321759,151959519,325,0.0,437.2114539569091
20220819,470.0,474.0,463.0,469.0,342072,160274874,370,-1.0,436.2812168208306
20220822,469.0,469.0,459.5,459.5,297313,137651726,353,-9.5,427.4439640280845
20220823,451.5,463.0,451.5,457.0,131263,60025010,193,-2.5,425.1183711878882
20220824,462.5,462.5,448.5,451.5,361565,163611528,398,-5.5,420.00206693945637
20220825,455.0,462.0,453.0,460.0,305104,139825197,307,8.5,427.9090825961238
20220826,466.0,468.0,456.5,463.5,328066,152152001,364,3.5,431.16491257239863
20220829,451.5,464.0,447.0,463.0,331244,151222211,403,-0.5,430.6997940043594
20220830,453.5,461.0,453.0,454.0,259253,118359831,301,0.0,432.4907247588675
20220831,454.0,457.0,446.0,457.0,282741,127651096,317,3.0,435.3485929841463
20220901,453.0,457.5,446.0,448.0,254068,114658536,279,-9.0,426.77498830830973
20220902,448.5,463.5,446.0,446.0,343247,155061913,365,-2.0,424.8697428247905
20220905,445.5,448.0,442.0,445.5,153090,68176467,197,-0.5,424.3934314539107
20220906,447.0,449.0,442.5,443.0,160200,71232785,207,-2.5,422.01187459951166
20220907,445.5,447.5,437.5,442.0,169067,74657986,190,-1.0,421.05925185775203
20220908,444.0,450.0,441.0,450.0,154102,68753061,188,8.0,428.680233791829
20220912,451.5,456.0,445.5,446.0,136637,61353761,184,-4.0,424.8697428247905
20220913,447.5,451.0,444.5,449.5,144874,65007362,191,3.5,428.20392242094914
20220914,441.0,447.5,441.0,446.5,73881,32861169,125,-3.0,425.3460541956703
20220915,445.0,466.5,444.5,464.0,673369,310296569,665,17.5,442.01695217646363
20220916,466.5,473.5,459.0,470.0,601623,281505539,715,6.0,447.7326886270214
20220919,471.5,472.5,456.0,456.0,238663,109999175,735,-14.0,434.39597024238674
20220920,462.0,462.0,449.5,452.0,198964,90190599,264,-4.0,430.5854792753482
20220921,452.0,459.0,450.5,455.0,323287,146978720,341,3.0,433.4433475006271
20220922,455.0,462.0,447.0,458.5,271437,123636922,379,3.5,436.7775270967857
20220923,460.5,475.5,456.0,460.0,473201,220708695,586,1.5,438.2064612094252
20220926,463.5,463.5,448.0,456.0,553225,253075783,633,-4.0,434.39597024238674
20220927,463.5,473.0,460.0,467.5,635338,297010707,729,11.5,445.35113177262235
20220928,472.0,472.0,452.0,454.5,393553,181324022,981,-13.0,432.96703612974727
20220929,462.5,468.0,455.0,459.5,455985,210733551,536,5.0,437.7301498385454
20220930,456.0,473.0,448.0,473.0,444191,205102165,599,13.5,450.5905568523002
20221003,470.0,475.5,465.5,466.5,593087,279631889,694,-6.5,444.3985090308627
20221004,483.0,494.0,472.5,482.5,1491539,720188597,2370,16.0,459.6404728990167
20221005,486.0,486.0,472.0,472.0,745213,355599118,822,-10.5,449.6379341105406
20221006,480.0,483.0,465.5,469.0,384364,181523723,454,-3.0,446.7800658852617
20221007,467.0,474.0,461.5,471.5,663819,310283180,645,2.5,449.16162273966074
20221011,457.0,457.0,432.0,438.0,872498,385203730,1053,-33.5,417.2487608907135
20221012,440.5,442.5,421.0,423.5,721765,308116953,852,-14.5,403.43573113519903
20221013,423.5,426.0,408.0,411.0,769789,318602402,999,-12.5,391.52794686320385
20221014,423.5,440.0,415.0,431.5,984509,422656227,974,20.5,411.05671306927604
20221017,425.0,431.5,421.5,430.5,210661,89540116,256,-1.0,410.10409032751636
20221018,436.0,438.5,429.5,433.0,283357,122560604,278,2.5,412.4856471819155
20221019,436.5,440.0,431.5,433.0,322038,139944564,331,0.0,412.4856471819155
20221020,433.0,433.0,417.0,420.0,345919,145700971,861,-13.0,400.1015515390404
20221021,422.0,422.5,404.0,404.0,443805,181687022,919,-16.0,384.8595876708864
20221024,410.5,415.5,407.0,408.5,184496,75642991,182,4.5,389.1463900088047
20221025,409.0,411.0,400.5,407.0,209534,85126567,294,-1.5,387.7174558961653
20221026,408.5,411.0,399.0,410.0,339657,137849923,371,3.0,390.57532412144417
20221027,413.0,420.0,411.0,420.0,328409,137003197,378,10.0,400.1015515390404
20221028,419.0,419.0,412.0,416.5,114320,47545013,134,-3.5,396.7673719428817
20221031,417.5,421.5,415.0,419.0,166276,69619197,211,2.5,399.14892879728075
20221101,419.0,423.5,416.0,419.0,178770,74926424,236,0.0,399.14892879728075
20221102,419.0,428.0,411.0,418.5,856778,359846394,747,-0.5,398.67261742640096
20221103,415.0,434.5,414.0,432.0,486366,207483760,542,13.5,411.5330244401558
20221104,432.0,438.0,429.5,437.5,293155,127409797,311,5.5,416.7724495198338
20221107,445.0,445.0,417.0,430.0,873086,373646460,1038,-7.5,409.6277789566366
20221108,429.0,447.0,429.0,441.0,551675,243334694,570,11.0,420.1066291159924
20221109,446.0,449.5,439.5,440.0,323506,143505240,409,-1.0,419.1540063742328
20221110,440.0,445.0,438.0,440.0,306242,134941794,354,0.0,419.1540063742328
20221111,453.5,457.5,431.0,432.0,653774,286860230,704,-8.0,411.5330244401558
20221114,434.0,436.0,412.5,419.0,997591,418565863,1196,-13.0,399.14892879728075
20221115,418.5,419.5,403.0,406.5,1117852,456334117,1395,-12.5,387.2411445252855
20221116,408.0,412.0,403.0,404.5,619484,251738490,799,-2.0,385.3358990417662
20221117,405.0,414.5,399.0,412.0,808489,329042506,1088,7.5,392.4805696049634
20221118,412.5,412.5,402.5,405.5,496193,201865286,642,-6.5,386.28852178352594
20221121,407.0,407.0,402.0,402.0,224187,90583534,369,-3.5,382.9543421873672
20221122,402.0,403.0,399.0,400.0,309237,123798151,515,-2.0,381.04909670384797
20221123,402.5,407.5,400.0,402.0,423004,170549396,524,2.0,382.9543421873672
20221124,403.5,414.0,403.5,412.0,457244,187474897,589,10.0,392.4805696049634
20221125,415.0,416.0,408.0,413.5,463975,191430897,565,1.5,393.9095037176029
20221128,411.0,414.0,408.5,410.5,238529,98133747,312,-3.0,391.051635492324
20221129,414.0,414.0,409.0,409.5,136103,55847607,187,-1.0,390.0990127505644
20221130,409.5,413.0,409.0,412.5,261413,107465997,338,3.0,392.9568809758432
20221201,416.0,422.5,412.5,421.5,547908,229740354,670,9.0,401.53048565167984
20221202,424.0,427.5,418.5,421.0,475780,200900665,796,-0.5,401.0541742808
20221205,419.0,421.0,411.0,411.5,528982,218880442,730,-9.5,392.0042582340836
20221206,412.5,413.0,406.5,407.0,339677,138769127,488,-4.5,387.7174558961653
20221207,407.0,407.0,395.0,398.5,643072,257141828,1048,-8.5,379.62016259120855
20221208,395.0,399.0,391.0,397.0,341393,134979556,596,-1.5,378.19122847856914
20221209,399.0,402.0,398.0,400.0,204011,81742414,291,3.0,381.04909670384797
20221212,402.0,406.0,396.5,402.5,217538,87311084,345,2.5,383.430653558247
20221213,406.5,408.0,402.5,403.5,177946,72090936,249,1.0,384.3832763000066
20221214,405.0,408.0,402.0,403.0,234009,94629823,291,-0.5,383.90696492912684
20221215,404.0,404.0,399.0,399.5,195653,78361484,286,-3.5,380.5727853329682
20221216,398.0,402.0,395.5,398.0,199274,79280503,297,-1.5,379.14385122032877
20221219,398.0,402.0,396.0,396.5,159565,63558443,220,-1.5,377.71491710768925
20221220,396.5,400.0,386.0,386.0,388660,152602464,677,-10.5,367.7123783192133
20221221,390.0,393.0,385.5,388.5,193852,75217428,336,2.5,370.0939351736123
20221222,391.5,399.0,389.0,397.5,221592,87581111,301,9.0,378.667539849449
20221223,397.0,398.0,392.0,395.0,106298,42037117,187,-2.5,376.2859829950499
20221226,398.0,399.0,392.5,392.5,47930,18937481,133,-2.5,373.90442614065086
20221227,395.0,397.0,393.0,394.0,80092,31644043,142,1.5,375.3333602532903
20221228,393.0,395.5,385.5,386.5,232232,90017558,430,-7.5,368.1886896900931
20221229,382.0,386.0,381.0,385.5,150567,57761297,320,-1.0,367.2360669483335
20221230,390.0,390.0,384.0,384.0,107065,41290041,180,-1.5,365.807132835694
20230103,384.0,384.5,380.0,382.5,182308,69689320,320,-1.5,364.37819872305465
20230104,382.5,400.0,382.5,394.0,276800,108893478,428,11.5,375.3333602532903
20230105,397.5,397.5,385.5,385.5,238844,92885273,649,-8.5,367.2360669483335
20230106,385.0,388.5,385.0,388.0,121114,46875878,202,2.5,369.6176238027325
20230109,389.5,392.5,388.5,390.0,243350,94893739,309,2.0,371.5228692862518
20230110,390.5,398.0,390.5,393.5,368015,144906089,424,3.5,374.8570488824105
20230111,394.0,397.0,390.0,391.0,145782,57138058,245,-2.5,372.4754920280114
20230112,393.5,402.5,393.5,398.0,425424,169566837,530,7.0,379.14385122032877
20230113,400.0,402.5,394.0,400.5,363034,144828706,469,2.5,381.52540807472775
20230116,400.5,400.5,392.0,393.5,295647,116638586,551,-7.0,374.8570488824105
20230117,396.0,402.5,395.5,400.5,320493,128234934,431,7.0,381.52540807472775
20230130,408.0,409.5,402.0,402.0,561951,227437359,636,1.5,382.9543421873672
20230131,406.0,408.0,399.5,404.0,496577,200174049,562,2.0,384.8595876708864
20230201,402.5,404.0,393.5,396.5,704944,279738226,1060,-7.5,377.71491710768925
20230202,398.0,411.0,398.0,408.5,773227,313872988,977,12.0,389.1463900088047
20230203,408.5,408.5,404.0,405.0,189766,76992083,295,-3.5,385.8122104126461
20230206,403.5,403.5,399.0,399.0,252414,100950821,326,-6.0,380.09647396208834
20230207,394.5,403.5,393.0,401.0,514931,205256065,731,2.0,382.0017194456076
20230208,405.0,405.0,400.5,400.5,149051,59834032,235,-0.5,381.52540807472775
20230209,404.0,404.0,396.0,396.0,230575,91721249,398,-4.5,377.2386057368095
20230210,397.0,399.0,392.5,392.5,197756,77815179,415,-3.5,373.90442614065086
20230213,393.0,394.0,389.5,389.5,204563,79889746,413,-3.0,371.046557915372
20230214,391.0,395.0,389.0,390.0,352610,137725270,520,0.5,371.5228692862518
20230215,392.5,392.5,385.5,386.5,295272,114523187,730,-3.5,368.1886896900931
20230216,390.0,397.0,389.0,395.5,361761,142156904,550,9.0,376.7622943659297
20230217,397.5,407.5,394.5,402.0,556145,223861122,786,6.5,382.9543421873672
20230220,403.0,404.5,400.5,400.5,160079,64399693,302,-1.5,381.52540807472775
20230221,402.0,404.5,400.0,403.5,150442,60597405,226,3.0,384.3832763000066
20230222,400.0,405.0,399.0,401.0,235671,94722649,339,-2.5,382.0017194456076
20230223,402.5,405.0,401.0,404.0,290150,117124951,351,3.0,384.8595876708864
20230224,405.5,424.0,405.5,417.5,1140644,475269992,1507,13.5,397.71999468464134
20230301,415.5,416.5,403.0,403.0,1126937,459044347,2233,-14.5,383.90696492912684
20230302,404.5,405.0,400.5,401.5,378410,152126539,573,-1.5,382.47803081648743
20230303,402.0,404.5,399.5,399.5,298189,119511475,552,-2.0,380.5727853329682
20230306,403.0,403.0,399.5,399.5,240208,96174367,399,0.0,380.5727853329682
20230307,397.5,398.0,391.5,393.5,444386,175235404,955,-6.0,374.8570488824105
20230308,393.5,397.5,392.5,395.5,246023,97289393,448,2.0,376.7622943659297
20230309,397.0,397.5,393.0,393.0,285772,112675275,490,-2.5,374.38073751153064
20230310,393.0,393.0,388.5,389.0,422685,165010456,791,-4.0,370.57024654449214
20230313,389.0,391.0,382.0,384.5,532630,204676293,1073,-4.5,366.28344420657385
20230314,384.5,384.5,378.0,378.5,446414,169423854,1131,-6.0,360.56770775601615
20230315,380.0,380.5,378.0,378.5,380382,144120790,643,0.0,360.56770775601615
20230316,376.0,378.0,370.5,372.0,418172,155957285,1014,-6.5,354.37565993457866
20230317,375.0,376.0,367.5,368.5,517022,191073963,1131,-3.5,351.04148033841994
20230320,367.5,372.0,363.5,369.0,317034,116868712,625,0.5,351.5177917092998
20230321,371.0,378.0,371.0,374.5,424281,159219167,604,5.5,356.7572167889777
20230322,379.0,385.0,377.0,384.0,483515,184918349,682,9.5,365.807132835694
20230323,384.0,386.0,377.5,379.0,615981,234234290,893,-5.0,361.044019126896
20230324,381.5,381.5,379.0,379.5,557146,211823875,630,0.5,361.5203304977758
20230327,381.0,383.0,379.5,381.0,305981,116669548,332,1.5,362.94926461041524
20230328,383.5,385.0,381.0,381.5,338317,129349135,407,0.5,363.42557598129497
20230329,382.0,383.5,380.5,382.0,227612,86900780,331,0.5,363.9018873521748
20230330,385.5,385.5,380.0,380.5,278799,106398875,402,-1.5,362.47295323953534
20230331,383.0,385.5,381.5,384.5,228543,87730666,372,4.0,366.28344420657385
20230406,385.5,386.0,380.5,381.5,124827,47686331,272,-3.0,363.42557598129497
20230407,387.0,392.0,386.5,386.5,334160,129720249,620,5.0,368.1886896900931
20230410,390.0,405.0,390.0,403.5,1380386,552244636,1740,17.0,384.3832763000066
20230411,404.5,406.5,401.0,404.5,830846,335220564,992,1.0,385.3358990417662
20230412,409.5,418.0,405.0,414.0,1757298,725344262,2449,9.5,394.3858150884827
20230413,414.5,419.5,411.0,414.5,836652,347573100,1247,0.5,394.8621264593625
20230414,417.5,418.0,413.0,415.5,667473,277196511,962,1.0,395.8147492011221
20230417,419.5,419.5,410.5,413.0,748929,310742422,1134,-2.5,393.4331923467231
20230418,410.0,410.0,401.0,403.0,700143,282992299,1684,-10.0,383.90696492912684
20230419,405.5,435.5,405.5,422.0,2498455,1060682180,2715,19.0,402.0067970225596
20230420,421.0,432.0,417.5,423.0,1642117,698576883,2628,1.0,402.9594197643192
20230421,423.0,426.0,408.0,409.0,870515,361610589,1725,-14.0,389.6227013796846
20230424,411.0,414.0,403.0,406.0,326899,133103577,675,-3.0,386.76483315440566
20230425,407.0,408.0,400.0,401.0,472392,190534858,801,-5.0,382.0017194456076
20230426,401.0,405.5,397.0,400.0,537496,214897636,756,-1.0,381.04909670384797
20230427,400.0,412.0,397.0,406.5,559742,227609402,770,6.5,387.2411445252855
20230428,410.0,414.0,406.0,413.0,420785,173039590,629,6.5,393.4331923467231
20230502,415.0,417.5,411.0,414.0,427221,177058567,625,1.0,394.3858150884827
20230503,412.0,413.0,404.0,405.0,356739,145273945,610,-9.0,385.8122104126461
20230504,407.5,409.0,399.0,402.0,501777,201507584,768,-3.0,382.9543421873672
20230505,405.0,405.0,400.0,402.0,283931,114068191,448,0.0,382.9543421873672
20230508,403.5,420.0,403.5,419.0,939566,389625766,1199,17.0,399.14892879728075
20230509,417.5,420.0,406.0,406.0,438718,180015703,884,-13.0,386.76483315440566
20230510,406.0,408.0,403.0,404.5,328940,133089297,538,-1.5,385.3358990417662
20230511,403.0,405.5,398.5,399.5,426069,170896024,674,-5.0,380.5727853329682
20230512,400.0,404.5,395.0,403.5,274717,109949862,479,4.0,384.3832763000066
20230515,406.0,411.0,404.0,407.0,235520,95976059,412,3.5,387.7174558961653
20230516,411.0,432.0,411.0,421.5,1933536,818844057,2050,14.5,401.53048565167984
20230517,422.0,425.5,416.0,416.0,631129,264184762,2337,-5.5,396.29106057200187
20230518,422.5,425.0,415.0,423.5,813442,341964438,1120,7.5,403.43573113519903
20230519,421.0,423.5,413.0,414.5,747313,311471991,1128,-9.0,394.8621264593625
20230522,417.5,417.5,411.0,412.0,545804,225225004,637,-2.5,392.4805696049634
20230523,415.0,419.5,409.5,419.0,479275,198888295,657,7.0,399.14892879728075
20230524,418.5,421.5,416.0,418.0,472886,197709099,685,-1.0,398.1963060555212
20230525,420.5,425.5,412.5,422.5,1072471,450842552,1331,4.5,402.48310839343947
20230526,428.0,430.0,419.0,420.0,1419713,602468823,1736,-2.5,400.1015515390404
20230529,421.0,437.0,421.0,436.0,1902574,820040963,2215,16.0,415.3435154071943
20230530,439.0,443.0,425.5,427.0,1443603,625764107,2969,-9.0,406.7699107313577
20230531,425.0,425.0,420.0,424.0,1005646,425020527,1226,-3.0,403.9120425060788
20230601,424.0,431.0,424.0,429.0,616576,264125108,746,5.0,408.67515621487695
20230602,431.0,432.0,424.0,427.0,728299,311667207,1033,-2.0,406.7699107313577
20230605,429.0,437.0,424.0,435.5,887803,384636961,1112,8.5,414.8672040363145
20230606,433.0,437.0,424.0,435.5,724546,312740307,1019,0.0,414.8672040363145
20230607,435.0,442.0,431.0,437.0,874294,382018140,1119,1.5,416.29613814895396
20230608,440.0,442.5,434.0,438.0,704068,308737450,930,1.0,417.2487608907135
20230609,440.5,452.5,439.5,447.0,1019323,454948881,1285,9.0,425.8223655665501
20230612,452.0,461.0,441.0,459.5,1411969,642054464,1938,12.5,437.7301498385454
20230613,459.0,459.0,450.0,450.5,1223019,558326826,1824,-9.0,429.15654516270877
20230614,450.5,457.5,448.0,456.0,764967,347577397,955,5.5,434.39597024238674
20230615,459.0,469.0,454.5,461.5,1063201,491244038,1331,5.5,439.63539532206465
20230616,458.0,465.0,453.0,459.5,1123938,518760920,1355,-2.0,437.7301498385454
20230619,459.5,462.5,457.0,461.0,521170,239812909,687,1.5,439.15908395118475
20230620,469.0,507.0,469.0,507.0,3600742,1798800580,4122,46.0,482.97973007212727
20230621,557.0,557.0,551.0,557.0,1992920,1109893440,1209,50.0,530.6108671601082
20230626,565.0,612.0,565.0,612.0,4298992,2571841443,3437,55.0,583.0051179568875
20230627,614.0,619.0,592.0,607.0,3521316,2132154264,3736,-5.0,578.2420042480892
20230628,667.0,667.0,608.0,634.0,6015297,3893586534,5355,27.0,603.962818275599
20230629,631.0,645.0,628.0,628.0,644373,408810720,904,-6.0,598.2470818250413
20230630,628.0,666.0,616.0,663.0,1246753,805489411,1659,35.0,631.588877786628
20230703,673.0,709.0,673.0,709.0,1037133,719559138,1565,46.0,675.4095239075706
20230704,699.0,700.0,690.0,697.0,330021,229510856,475,-12.0,663.9780510064552
20230705,704.0,704.0,667.0,670.0,374136,253202253,620,-27.0,638.2572369789453
20230706,670.0,685.0,657.0,667.0,296092,198110975,438,-3.0,635.3993687536665
20230707,671.0,690.0,660.0,690.0,340365,230751558,449,23.0,657.3096918141378
20230710,701.0,715.0,689.0,689.0,550751,388775863,803,-1.0,656.3570690723782
20230711,700.0,702.0,693.0,693.0,353368,247307116,461,4.0,660.1675600394166
20230712,695.0,715.0,695.0,715.0,407744,288904714,493,22.0,681.1252603581282
20230713,729.0,786.0,729.0,742.0,493051,379814392,814,27.0,706.8460743856381
20230714,779.0,800.0,777.0,800.0,371328,294845968,601,58.0,762.0981934076959
20230717,860.0,860.0,767.0,792.0,640748,519296494,828,-8.0,754.477211473619
20230718,870.0,871.0,803.0,871.0,4626468,3950534018,4716,79.0,829.734408072629
20230719,915.0,958.0,912.0,958.0,3054272,2882137333,2518,87.0,912.6125866057159
20230720,954.0,999.0,921.0,947.0,3868715,3720516191,4478,-11.0,902.1337364463601
20230721,922.0,966.0,922.0,941.0,2128046,2010415718,2582,-6.0,896.4179999958023
20230724,985.0,1015.0,961.0,991.0,2198813,2179133443,2839,50.0,944.0491370837834
20230725,1010.0,1060.0,989.0,1015.0,2966116,3029296162,3344,24.0,966.9120828860142
20230726,1020.0,1025.0,930.0,943.0,2638304,2563522375,3819,-72.0,898.3232454793215
20230727,962.0,972.0,921.0,942.0,1853216,1752831825,2179,-1.0,897.370622737562
20230728,932.0,948.0,880.0,937.0,2990208,2761537692,4317,-5.0,892.6075090287638
20230731,987.0,987.0,883.0,907.0,2656621,2468066449,4087,-30.0,864.0288267759754
20230801,924.0,924.0,851.0,880.0,2430212,2144276507,3475,-27.0,838.3080127484656
20230802,879.0,892.0,792.0,822.0,3170465,2640553019,4258,-58.0,783.0558937264077
20230804,822.0,844.0,796.0,817.0,2481068,2033991892,2795,-5.0,778.2927800176094
20230807,818.0,888.0,812.0,877.0,2665620,2280093025,3627,60.0,835.4501445231867
20230808,901.0,944.0,887.0,888.0,5735323,5235490947,6213,11.0,845.9289946825425
20230809,888.0,903.0,852.0,857.0,2690349,2356844837,3488,-31.0,816.3976896879942
20230810,830.0,838.0,778.0,787.0,2890925,2317380174,4603,-70.0,749.714097764821
20230811,811.0,834.0,796.0,812.0,2522853,2050813861,2914,25.0,773.5296663088113
20230814,800.0,829.0,784.0,817.0,1390954,1130129012,1895,5.0,778.2927800176094
20230815,861.0,898.0,853.0,881.0,3836913,3386348319,3664,64.0,839.2606354902251
20230816,850.0,929.0,850.0,920.0,2622880,2361341657,3341,39.0,876.4129224188504
20230817,910.0,960.0,904.0,956.0,2512662,2349402903,3271,36.0,910.7073411221968
20230818,962.0,978.0,871.0,906.0,3134087,2882162049,4445,-50.0,863.0762040342156
20230821,921.0,932.0,893.0,904.0,1377545,1255228272,1742,-2.0,861.1709585506964
20230822,937.0,938.0,901.0,904.0,1281583,1171863332,1684,0.0,861.1709585506964
20230823,916.0,945.0,907.0,935.0,1782358,1659404715,2384,31.0,890.7022635452447
20230824,980.0,985.0,925.0,925.0,2254605,2154681756,3209,-10.0,881.1760361276484
20230825,891.0,916.0,882.0,893.0,1189634,1069176833,2097,-32.0,850.6921083913406
20230828,905.0,908.0,874.0,892.0,1046313,931787054,1471,-1.0,849.739485649581
20230829,888.0,889.0,837.0,864.0,1845382,1584511952,3258,0.0,841.9437105518784
20230830,883.0,937.0,880.0,909.0,2169177,1975686238,3096,45.0,885.7949454764555
20230831,899.0,918.0,885.0,915.0,1224891,1110812372,2582,6.0,891.6417767997323
20230901,915.0,927.0,872.0,874.0,1303240,1163771842,2791,-41.0,851.6884294240066
20230904,881.0,881.0,858.0,868.0,1164438,1009509631,1840,-6.0,845.8415981007296
20230905,860.0,864.0,845.0,856.0,1194212,1018678099,1991,-12.0,834.1479354541758
20230906,863.0,915.0,855.0,900.0,1789530,1593605536,2530,44.0,877.02469849154
20230907,894.0,894.0,875.0,875.0,755993,666219302,1420,-25.0,852.6629013112195
20230908,865.0,883.0,842.0,847.0,1285419,1106286297,2689,-28.0,825.3776884692604
20230911,848.0,848.0,815.0,830.0,979470,813150705,1760,-17.0,808.8116663866425
20230912,831.0,848.0,820.0,828.0,917985,766729745,1439,-2.0,806.8627226122168
20230913,829.0,844.0,819.0,822.0,981472,813329096,1461,-6.0,801.0158912889398
20230914,833.0,873.0,830.0,869.0,1822212,1562171120,2397,47.0,846.8160699879425
20230915,869.0,899.0,860.0,867.0,1794342,1575903807,2704,-2.0,844.8671262135169
20230918,853.0,856.0,811.0,811.0,1967929,1624572230,3802,-56.0,790.2967005295988
20230919,812.0,826.0,805.0,811.0,958728,781305193,1666,0.0,790.2967005295988
20230920,808.0,831.0,797.0,805.0,1279661,1038643021,1718,-6.0,784.449869206322
20230921,792.0,808.0,772.0,803.0,1425050,1130852127,1961,-2.0,782.5009254318962
20230922,795.0,829.0,791.0,829.0,1059878,864705256,1511,26.0,807.8371944994296
20230925,832.0,840.0,823.0,837.0,622152,518695102,896,8.0,815.6329695971322
20230926,837.0,851.0,826.0,827.0,887091,746507709,1306,-10.0,805.8882507250039
20230927,826.0,838.0,813.0,828.0,1106594,909641154,1436,1.0,806.8627226122168
20230928,834.0,847.0,825.0,828.0,910263,759980343,1193,0.0,806.8627226122168
20231002,840.0,910.0,840.0,900.0,3543786,3166174739,4337,72.0,877.02469849154
20231003,902.0,914.0,882.0,907.0,2139640,1931664981,3133,7.0,883.8460017020298
20231004,898.0,935.0,890.0,923.0,1973723,1810009664,2597,16.0,899.4375518974349
20231005,936.0,941.0,912.0,930.0,2255575,2090181256,3821,7.0,906.2588551079245
20231006,930.0,940.0,910.0,910.0,991848,915226322,1558,-20.0,886.7694173636683
20231011,918.0,925.0,895.0,898.0,1212732,1101343517,2598,-12.0,875.0757547171144
20231012,905.0,925.0,898.0,907.0,1033719,941700665,1770,9.0,883.8460017020298
20231013,907.0,914.0,877.0,888.0,882712,786706434,6458,-19.0,865.3310358449861
20231016,876.0,897.0,876.0,893.0,450172,400938575,750,5.0,870.2033952810502
20231017,900.0,908.0,860.0,862.0,686021,603818050,1561,-31.0,839.9947667774527
20231018,852.0,857.0,807.0,809.0,1610851,1323082433,3147,-53.0,788.3477567551731
20231019,809.0,823.0,805.0,805.0,808362,655890937,1360,-4.0,784.449869206322
20231020,810.0,812.0,785.0,797.0,963653,769342740,1692,-8.0,776.6540941086192
20231023,793.0,806.0,788.0,788.0,555799,442480023,1039,-9.0,767.883847123704
20231024,798.0,806.0,784.0,795.0,920751,729838496,1521,7.0,774.7051503341936
20231025,811.0,834.0,801.0,821.0,1763873,1439548684,2110,26.0,800.041419401727
20231026,801.0,805.0,783.0,785.0,966122,766828423,2105,-36.0,764.9604314620655
20231027,790.0,798.0,769.0,773.0,751341,587480340,1660,-12.0,753.2667688155116
20231030,773.0,779.0,742.0,744.0,1920416,1449502067,3421,-29.0,725.0070840863397
20231031,752.0,757.0,701.0,702.0,2211095,1597267113,3943,-42.0,684.0792648234012
20231101,703.0,705.0,665.0,684.0,3486912,2375499059,4835,-18.0,666.5387708535703
20231102,715.0,728.0,698.0,713.0,1786813,1271302627,2409,29.0,694.7984555827422
20231103,719.0,737.0,707.0,719.0,1063826,766985726,1635,6.0,700.6452869060191
20231106,729.0,748.0,719.0,724.0,1677409,1223865677,2192,5.0,705.5176463420833
20231107,762.0,796.0,754.0,796.0,4344329,3403479162,4406,72.0,775.6796222214065
20231108,845.0,875.0,835.0,875.0,3476240,2993308157,5336,79.0,852.6629013112195
20231109,879.0,881.0,837.0,854.0,4221724,3621214012,7374,-21.0,832.1989916797502
20231110,860.0,860.0,835.0,848.0,1849636,1566569000,2568,-6.0,826.3521603564732
20231113,867.0,868.0,833.0,849.0,1829996,1554552161,2519,1.0,827.326632243686
20231114,855.0,863.0,847.0,856.0,1015992,869500136,1506,7.0,834.1479354541758
20231115,883.0,892.0,852.0,867.0,2752719,2389952411,3355,11.0,844.8671262135169
20231116,867.0,876.0,848.0,857.0,1145101,982025383,1833,-10.0,835.1224073413887
20231117,855.0,867.0,845.0,849.0,1064073,906755058,1727,-8.0,827.326632243686
20231120,849.0,856.0,838.0,842.0,949434,801600884,1669,-7.0,820.5053290331963
20231121,848.0,895.0,848.0,895.0,3534436,3096543628,4458,53.0,872.1523390554759
20231122,882.0,888.0,871.0,875.0,1601533,1406024860,2327,-20.0,852.6629013112195
20231123,880.0,884.0,849.0,851.0,1241423,1070209021,2482,-24.0,829.2755760181116
20231124,861.0,879.0,850.0,872.0,1207881,1046711653,1641,21.0,849.739485649581
20231127,868.0,875.0,835.0,856.0,2180121,1854935655,3206,-16.0,834.1479354541758
20231128,866.0,866.0,853.0,855.0,854052,732862126,1194,-1.0,833.173463566963
20231129,860.0,891.0,856.0,880.0,1895342,1669426903,2730,25.0,857.5352607472836
20231130,879.0,895.0,871.0,873.0,1014893,893266980,1738,-7.0,850.7139575367937
20231201,873.0,888.0,869.0,884.0,872915,767971600,1377,11.0,861.4331482961348
20231204,892.0,895.0,857.0,857.0,1148362,997339797,2420,-27.0,835.1224073413887
20231205,842.0,849.0,836.0,840.0,1227900,1032802246,2322,-17.0,818.5563852587707
20231206,848.0,882.0,846.0,868.0,1217297,1058365912,1743,28.0,845.8415981007296
20231207,866.0,877.0,851.0,858.0,808208,696843862,2068,-10.0,836.0968792286016
20231208,870.0,882.0,860.0,869.0,997343,868567103,1441,11.0,846.8160699879425
20231211,877.0,885.0,870.0,880.0,723057,634642974,1209,11.0,857.5352607472836
20231212,893.0,905.0,863.0,863.0,1678103,1474594053,2527,-17.0,840.9692386646656
20231213,870.0,899.0,870.0,892.0,1940825,1726642155,2978,29.0,869.2289233938375
20231214,900.0,907.0,873.0,877.0,1585570,1407198886,2722,-15.0,854.611845085645
20231215,882.0,885.0,857.0,857.0,1378345,1190118634,3253,-20.0,835.1224073413887
20231218,857.0,865.0,848.0,857.0,776251,662792951,1415,0.0,835.1224073413887
20231219,861.0,872.0,846.0,846.0,1028604,881383746,1673,-11.0,824.4032165820475
20231220,852.0,860.0,847.0,857.0,518593,442900581,888,11.0,835.1224073413887
20231221,848.0,864.0,842.0,861.0,676211,579030661,1077,4.0,839.0202948902399
20231222,865.0,866.0,853.0,855.0,553810,475399288,863,-6.0,833.173463566963
20231225,862.0,888.0,861.0,868.0,1897555,1667443009,2906,13.0,845.8415981007296
20231226,877.0,907.0,874.0,904.0,2896318,2595527347,4564,36.0,880.9225860403911
20231227,914.0,948.0,911.0,942.0,3602800,3367725900,5181,38.0,917.9525177544785
20231228,949.0,956.0,907.0,910.0,2582127,2388707605,8664,-32.0,886.7694173636683
20231229,917.0,919.0,907.0,914.0,951545,868797961,1597,4.0,890.6673049125195
20240102,918.0,920.0,882.0,890.0,1164112,1038632589,2452,-24.0,867.2799796194117
20240103,880.0,885.0,871.0,872.0,776557,681000848,1528,-18.0,849.739485649581
20240104,872.0,878.0,861.0,862.0,740797,642771412,1466,-10.0,839.9947667774527
20240105,866.0,872.0,861.0,870.0,423858,367405309,736,8.0,847.7905418751552
20240108,882.0,922.0,873.0,915.0,1772169,1596937400,2921,45.0,891.6417767997323
20240109,923.0,938.0,901.0,910.0,2131037,1956325633,2884,-5.0,886.7694173636683
20240110,910.0,912.0,893.0,896.0,729297,656725263,1565,-14.0,873.1268109426886
20240111,900.0,927.0,897.0,923.0,1074146,985264605,1995,27.0,899.4375518974349
20240112,916.0,934.0,912.0,918.0,815894,752522662,1409,-5.0,894.5651924613708
20240115,927.0,928.0,903.0,910.0,691809,631726280,1947,-8.0,886.7694173636683
20240116,909.0,922.0,897.0,920.0,874350,795309868,1288,10.0,896.5141362357964
20240117,915.0,930.0,903.0,904.0,677837,620465326,1359,-16.0,880.9225860403911
20240118,912.0,938.0,907.0,936.0,1920564,1779953295,3656,32.0,912.1056864312017
20240119,949.0,1020.0,930.0,1000.0,5010925,4893503240,7283,64.0,974.4718872128221
20240122,1030.0,1100.0,1015.0,1075.0,4434966,4713758200,6154,75.0,1047.5572787537837
20240123,1075.0,1095.0,1045.0,1070.0,2419932,2587296370,3097,-5.0,1042.6849193177195
20240124,1075.0,1085.0,1035.0,1040.0,1322555,1395567100,2049,-30.0,1013.4507627013351
20240125,1045.0,1060.0,992.0,999.0,3175018,3235951645,4432,-41.0,973.4974153256094
20240126,1005.0,1010.0,984.0,1000.0,1438074,1437826741,1900,1.0,974.4718872128221
20240129,1005.0,1035.0,996.0,1020.0,1099187,1114479831,1632,20.0,993.9613249570787
20240130,1035.0,1065.0,1020.0,1065.0,1783826,1867304085,2613,45.0,1037.8125598816557
20240131,1040.0,1075.0,1030.0,1040.0,1353552,1415069960,2104,-25.0,1013.4507627013351
20240201,1030.0,1060.0,1015.0,1055.0,1081687,1128568275,1501,15.0,1028.0678410095275
20240202,1070.0,1095.0,1045.0,1085.0,1631860,1749898000,2333,30.0,1057.3019976259122
20240205,1085.0,1085.0,994.0,1010.0,3226625,3279627044,4794,-75.0,984.2166060849504
20240215,1085.0,1110.0,1080.0,1110.0,2883808,3186332850,2837,100.0,1081.6637948062325
20240216,1135.0,1185.0,1120.0,1180.0,4094096,4755374265,4947,70.0,1149.8768269111301
20240219,1175.0,1225.0,1150.0,1195.0,2384395,2844480475,3256,15.0,1164.4939052193224
20240220,1210.0,1220.0,1180.0,1220.0,2022396,2437175560,2514,25.0,1188.8557023996432
20240221,1255.0,1315.0,1225.0,1285.0,5034988,6446214230,6342,65.0,1252.1963750684765
20240222,1310.0,1335.0,1265.0,1315.0,3043822,3957621330,4154,30.0,1281.4305316848613
20240223,1375.0,1390.0,1315.0,1355.0,4167466,5635976175,4719,40.0,1320.4094071733741
20240226,1300.0,1330.0,1265.0,1315.0,2934735,3809547215,4225,-40.0,1281.4305316848613
20240227,1320.0,1330.0,1270.0,1290.0,1858290,2409132135,2680,-25.0,1257.0687345045408
20240229,1290.0,1355.0,1270.0,1355.0,1808915,2395315905,2499,65.0,1320.4094071733741
20240301,1350.0,1385.0,1345.0,1375.0,1184417,1616863060,1844,20.0,1339.8988449176306
20240304,1415.0,1425.0,1325.0,1340.0,2178294,2980536150,3420,-35.0,1305.7923288651818
20240305,1350.0,1455.0,1340.0,1445.0,2816005,3963277560,4049,105.0,1408.1118770225282
20240306,1425.0,1475.0,1395.0,1470.0,2094833,3017781635,3150,25.0,1432.4736742028485
20240307,1470.0,1470.0,1355.0,1365.0,2921974,4119891700,5722,-105.0,1330.1541260455022
20240308,1375.0,1390.0,1300.0,1325.0,2082517,2796257805,3457,-40.0,1291.1752505569896
20240311,1300.0,1325.0,1280.0,1310.0,1328270,1736668685,2000,-15.0,1276.558172248797
20240312,1320.0,1365.0,1300.0,1310.0,1302795,1724953880,1941,0.0,1276.558172248797
20240313,1320.0,1320.0,1215.0,1260.0,2387355,3003484410,3931,-50.0,1227.834577888156
20240314,1250.0,1265.0,1215.0,1230.0,1317719,1629872915,1952,-30.0,1198.6004212717712
20240315,1200.0,1240.0,1190.0,1205.0,1528075,1855324835,2061,-25.0,1174.2386240914507
20240318,1215.0,1290.0,1215.0,1290.0,1480090,1867775900,1972,85.0,1257.0687345045408
20240319,1300.0,1315.0,1245.0,1260.0,1747999,2230692765,2565,-30.0,1227.834577888156
20240320,1275.0,1305.0,1215.0,1220.0,1963931,2460442425,2678,-40.0,1188.8557023996432
20240321,1245.0,1280.0,1240.0,1265.0,968802,1221616430,1374,45.0,1232.7069373242202
20240322,1270.0,1350.0,1260.0,1320.0,2063643,2717098220,3021,55.0,1286.3028911209253
20240325,1325.0,1330.0,1280.0,1285.0,762547,990944810,1391,-35.0,1252.1963750684765
20240326,1280.0,1285.0,1190.0,1220.0,1633546,2009979715,3070,-65.0,1188.8557023996432
20240327,1225.0,1235.0,1195.0,1210.0,659784,801789195,1141,-10.0,1179.1109835275147
20240328,1230.0,1240.0,1195.0,1230.0,650747,794150995,1015,20.0,1198.6004212717712
20240329,1230.0,1275.0,1225.0,1250.0,695009,873632190,1216,20.0,1218.0898590160277
20240401,1265.0,1290.0,1250.0,1260.0,507382,642091745,1010,10.0,1227.834577888156
20240402,1260.0,1280.0,1250.0,1250.0,479787,605298550,834,-10.0,1218.0898590160277
20240403,1240.0,1355.0,1225.0,1325.0,1414023,1860287990,2355,75.0,1291.1752505569896
20240408,1325.0,1375.0,1320.0,1340.0,1407572,1896286810,1965,15.0,1305.7923288651818
20240409,1405.0,1430.0,1280.0,1350.0,3083870,4161377315,4484,10.0,1315.53704773731
20240410,1370.0,1380.0,1340.0,1345.0,1107673,1504251505,1593,-5.0,1310.6646883012456
20240411,1340.0,1340.0,1270.0,1275.0,1321884,1711631445,3091,-70.0,1242.4516561963483
20240412,1310.0,1365.0,1310.0,1355.0,1449248,1947519805,2339,80.0,1320.4094071733741
20240415,1325.0,1335.0,1250.0,1250.0,1112618,1427221425,3581,-105.0,1218.0898590160277
20240416,1235.0,1235.0,1165.0,1175.0,1221116,1454614585,2777,-75.0,1145.0044674750661
20240417,1195.0,1235.0,1175.0,1175.0,1064576,1276729930,1835,0.0,1145.0044674750661
20240418,1140.0,1290.0,1140.0,1290.0,1437371,1783659335,2114,115.0,1257.0687345045408
20240419,1275.0,1320.0,1205.0,1230.0,2840231,3551088185,3532,-60.0,1198.6004212717712
20240422,1240.0,1240.0,1110.0,1110.0,2317598,2646021255,3823,-120.0,1081.6637948062325
20240423,1145.0,1150.0,1065.0,1080.0,1687335,1835811820,2476,-30.0,1052.429638189848
20240424,1125.0,1170.0,1115.0,1160.0,1552619,1776651850,2083,80.0,1130.3873891668736
20240425,1130.0,1150.0,1075.0,1080.0,1239907,1361553110,2468,-80.0,1052.429638189848
20240426,1120.0,1185.0,1110.0,1185.0,1429385,1669039505,1990,105.0,1154.7491863471944
20240429,1215.0,1220.0,1180.0,1190.0,1374520,1651331850,1816,5.0,1159.6215457832584
20240430,1190.0,1260.0,1190.0,1230.0,1367593,1685360525,1860,40.0,1198.6004212717712
20240502,1210.0,1235.0,1190.0,1200.0,981055,1181782605,1429,-30.0,1169.3662646553867
20240503,1225.0,1235.0,1180.0,1185.0,638538,767261135,1474,-15.0,1154.7491863471944
20240506,1215.0,1230.0,1190.0,1200.0,748211,901239470,1001,15.0,1169.3662646553867
20240507,1215.0,1245.0,1170.0,1245.0,1093982,1330702030,1589,45.0,1213.2174995799635
20240508,1200.0,1265.0,1185.0,1260.0,2085299,2551093895,2746,15.0,1227.834577888156
20240509,1280.0,1315.0,1220.0,1285.0,2997663,3818356430,3914,25.0,1252.1963750684765
20240510,1315.0,1315.0,1235.0,1240.0,1389933,1751436620,2650,-45.0,1208.3451401438995
20240513,1245.0,1270.0,1230.0,1250.0,665879,833994515,932,10.0,1218.0898590160277
20240514,1245.0,1290.0,1245.0,1250.0,813496,1029340440,1392,0.0,1218.0898590160277
20240515,1280.0,1310.0,1270.0,1280.0,1205613,1556654805,1900,30.0,1247.3240156324123
20240516,1315.0,1320.0,1270.0,1290.0,735789,951079275,1384,10.0,1257.0687345045408
20240517,1285.0,1290.0,1270.0,1280.0,336862,431440390,637,-10.0,1247.3240156324123
20240520,1270.0,1285.0,1235.0,1245.0,745409,933420565,1477,-35.0,1213.2174995799635
20240521,1250.0,1285.0,1245.0,1280.0,715926,910348145,1030,35.0,1247.3240156324123
20240522,1275.0,1300.0,1270.0,1285.0,536359,689842750,1007,5.0,1252.1963750684765
20240523,1295.0,1320.0,1260.0,1285.0,945603,1224425980,1516,0.0,1252.1963750684765
20240524,1275.0,1320.0,1275.0,1275.0,613866,794559240,1182,-10.0,1242.4516561963483
20240527,1295.0,1315.0,1275.0,1275.0,678191,878743450,1264,0.0,1242.4516561963483
20240528,1290.0,1290.0,1215.0,1225.0,1186546,1477720855,4315,-50.0,1193.7280618357072
20240529,1230.0,1285.0,1215.0,1230.0,1506578,1877510100,2003,5.0,1198.6004212717712
20240530,1230.0,1230.0,1145.0,1165.0,1627077,1909300490,4129,-65.0,1135.2597486029379
20240531,1170.0,1170.0,1125.0,1125.0,1555086,1779128570,2865,-40.0,1096.280873114425
20240603,1155.0,1190.0,1150.0,1160.0,1062769,1240973795,1682,35.0,1130.3873891668736
20240604,1160.0,1165.0,1105.0,1115.0,1068704,1208547380,3040,-45.0,1086.5361542422968
20240605,1145.0,1145.0,1100.0,1105.0,892580,994771815,2191,-10.0,1076.7914353701685
20240606,1130.0,1155.0,1095.0,1145.0,1166557,1317301565,2067,40.0,1115.7703108586813
20240607,1175.0,1190.0,1150.0,1175.0,1507280,1759404425,2486,30.0,1145.0044674750661
20240611,1180.0,1205.0,1160.0,1180.0,982116,1161522620,1744,5.0,1149.8768269111301
20240612,1185.0,1235.0,1185.0,1215.0,1284510,1558277685,2189,35.0,1183.9833429635792
20240613,1230.0,1240.0,1200.0,1205.0,946056,1149149005,1549,-10.0,1174.2386240914507
20240614,1210.0,1215.0,1180.0,1195.0,608911,728149920,1233,-10.0,1164.4939052193224
20240617,1185.0,1230.0,1185.0,1195.0,962279,1166308715,1410,0.0,1164.4939052193224
20240618,1200.0,1220.0,1165.0,1170.0,865091,1023525000,1859,-25.0,1140.132108039002
20240619,1180.0,1185.0,1140.0,1145.0,1244835,1439385455,2820,-25.0,1115.7703108586813
20240620,1145.0,1210.0,1145.0,1210.0,1042615,1241133195,1969,65.0,1179.1109835275147
20240621,1190.0,1220.0,1165.0,1200.0,873653,1040993030,1751,-10.0,1169.3662646553867
20240624,1195.0,1220.0,1185.0,1200.0,627165,755697895,1189,0.0,1169.3662646553867
20240625,1215.0,1240.0,1180.0,1220.0,883181,1076733225,1771,20.0,1188.8557023996432
20240626,1220.0,1265.0,1220.0,1255.0,1090906,1364897940,2172,35.0,1222.9622184520917
20240627,1245.0,1260.0,1225.0,1240.0,511721,635483525,1175,-15.0,1208.3451401438995
20240628,1240.0,1260.0,1240.0,1240.0,433097,540425770,911,0.0,1208.3451401438995
20240701,1245.0,1245.0,1210.0,1220.0,417389,511586405,1002,-20.0,1188.8557023996432
20240702,1225.0,1240.0,1205.0,1240.0,380392,467515755,765,20.0,1208.3451401438995
20240703,1255.0,1285.0,1235.0,1280.0,901264,1143093010,1775,40.0,1247.3240156324123
20240704,1295.0,1360.0,1290.0,1355.0,1730736,2308469145,4503,75.0,1320.4094071733741
20240705,1365.0,1375.0,1340.0,1375.0,800400,1089233245,1657,20.0,1339.8988449176306
20240708,1370.0,1410.0,1340.0,1375.0,1318111,1818921540,2339,0.0,1339.8988449176306
20240709,1375.0,1405.0,1320.0,1355.0,960177,1305880095,1800,-20.0,1320.4094071733741
20240710,1355.0,1385.0,1345.0,1365.0,512208,701816305,966,10.0,1330.1541260455022
20240711,1400.0,1400.0,1300.0,1310.0,859022,1152823165,3794,-55.0,1276.558172248797
20240712,1295.0,1295.0,1260.0,1280.0,747515,954841065,1929,-30.0,1247.3240156324123
20240715,1310.0,1335.0,1255.0,1260.0,926484,1187477975,5253,-20.0,1227.834577888156
20240716,1260.0,1300.0,1225.0,1290.0,1047365,1320045920,2240,30.0,1257.0687345045408
20240717,1290.0,1340.0,1255.0,1255.0,1001676,1296257005,1879,-35.0,1222.9622184520917
20240718,1220.0,1220.0,1170.0,1200.0,1279787,1523774780,3337,-55.0,1169.3662646553867
20240719,1185.0,1200.0,1140.0,1140.0,1129420,1314427550,3205,-60.0,1110.8979514226173
20240722,1160.0,1175.0,1095.0,1120.0,947739,1074304620,1933,-20.0,1091.4085136783608
20240723,1150.0,1170.0,1135.0,1170.0,632075,731543920,1170,50.0,1140.132108039002
20240726,1095.0,1140.0,1090.0,1125.0,904796,1013974650,1939,-45.0,1096.280873114425
20240729,1150.0,1190.0,1135.0,1145.0,1041863,1207207515,1600,20.0,1115.7703108586813
20240730,1140.0,1150.0,1065.0,1125.0,1468210,1621182185,2796,-20.0,1096.280873114425
20240731,1100.0,1115.0,1080.0,1105.0,1122253,1229165755,2192,-20.0,1076.7914353701685
20240801,1145.0,1170.0,1130.0,1135.0,887233,1016341825,1737,30.0,1106.0255919865533
20240802,1090.0,1110.0,1065.0,1065.0,701175,761608190,2276,-70.0,1037.8125598816557
20240805,994.0,994.0,959.0,959.0,961287,926658423,2936,-106.0,934.5185398370966
20240806,989.0,1010.0,879.0,997.0,2250835,2167775753,3169,38.0,971.5484715511836
20240807,1055.0,1095.0,1050.0,1095.0,1993856,2169480230,1546,98.0,1067.0467164980403
20240808,1100.0,1175.0,1065.0,1070.0,3718859,4159370185,5187,-25.0,1042.6849193177195
20240809,1130.0,1135.0,1070.0,1110.0,1813096,2002183595,2889,40.0,1081.6637948062325
20240812,1120.0,1125.0,1090.0,1095.0,823961,910314930,1784,-15.0,1067.0467164980403
20240813,1120.0,1120.0,1090.0,1110.0,530726,587412215,951,15.0,1081.6637948062325
20240814,1155.0,1165.0,1120.0,1135.0,1169578,1338541050,2017,25.0,1106.0255919865533
20240815,1140.0,1180.0,1125.0,1165.0,1066077,1242944540,2044,30.0,1135.2597486029379
20240816,1200.0,1230.0,1190.0,1215.0,1355130,1649191790,2695,50.0,1183.9833429635792
20240819,1235.0,1285.0,1215.0,1260.0,1370257,1731302535,2753,45.0,1227.834577888156
20240820,1280.0,1300.0,1230.0,1230.0,1057956,1334546350,2069,-30.0,1198.6004212717712
20240821,1230.0,1255.0,1205.0,1210.0,881048,1077970210,1488,-20.0,1179.1109835275147
20240822,1220.0,1245.0,1220.0,1230.0,585603,721132345,984,20.0,1198.6004212717712
20240823,1200.0,1305.0,1200.0,1300.0,1281796,1630215240,2665,70.0,1266.8134533766688
20240826,1305.0,1310.0,1270.0,1270.0,727212,937662030,1910,-30.0,1237.5792967602843
20240827,1280.0,1295.0,1250.0,1280.0,596656,760556925,1240,10.0,1247.3240156324123
20240828,1280.0,1290.0,1250.0,1260.0,602559,761933600,1485,-20.0,1227.834577888156
20240829,1245.0,1275.0,1195.0,1260.0,1072349,1323667575,2322,0.0,1241.8198345968299
20240830,1265.0,1285.0,1255.0,1265.0,415010,525791460,840,5.0,1246.7476910833252
20240902,1275.0,1285.0,1205.0,1205.0,593984,731541825,1804,-60.0,1187.6134132453808
20240903,1220.0,1240.0,1215.0,1225.0,359996,441716060,679,20.0,1207.3248391913623
20240904,1145.0,1175.0,1115.0,1150.0,1101965,1267853600,2554,-75.0,1133.406991893932
20240905,1175.0,1175.0,1115.0,1120.0,705573,801780705,2197,-30.0,1103.83985297496
20240906,1125.0,1195.0,1120.0,1165.0,647910,753925555,1181,45.0,1148.190561353418
20240909,1120.0,1160.0,1100.0,1160.0,850259,960347480,1552,-5.0,1143.2627048669226
20240910,1175.0,1185.0,1115.0,1125.0,946707,1083996840,1533,-35.0,1108.7677094614553
20240911,1130.0,1145.0,1110.0,1115.0,470992,529303480,774,-10.0,1098.9119964884646
20240912,1150.0,1185.0,1145.0,1150.0,872521,1014818425,1535,35.0,1133.406991893932
20240913,1160.0,1190.0,1140.0,1185.0,776456,906975540,1220,35.0,1167.9019872993995
20240916,1180.0,1230.0,1180.0,1210.0,571335,692604450,1024,25.0,1192.5412697318764
20240918,1215.0,1225.0,1145.0,1150.0,810720,954093790,1866,-60.0,1133.406991893932
20240919,1165.0,1220.0,1155.0,1210.0,963949,1127169790,1377,60.0,1192.5412697318764
20240920,1220.0,1240.0,1165.0,1165.0,1240508,1476527210,3920,-45.0,1148.190561353418
20240923,1190.0,1195.0,1165.0,1165.0,523772,617078180,830,0.0,1148.190561353418
20240924,1165.0,1210.0,1160.0,1190.0,413476,489208925,768,25.0,1172.8298437858948
20240925,1215.0,1230.0,1160.0,1160.0,1114609,1326025705,2365,-30.0,1143.2627048669226
20240926,1175.0,1185.0,1160.0,1170.0,490343,574863150,971,10.0,1153.1184178399135
20240927,1190.0,1230.0,1190.0,1205.0,1500532,1814329630,1994,35.0,1187.6134132453808
20240930,1180.0,1195.0,1090.0,1100.0,1820573,2050065140,6051,-105.0,1084.1284270289784
20241001,1110.0,1120.0,1065.0,1090.0,1361357,1479699705,3215,-10.0,1074.2727140559878
20241004,1090.0,1090.0,1040.0,1045.0,969211,1022491630,2714,-45.0,1029.9220056775296
20241007,1055.0,1075.0,1045.0,1070.0,546617,581558975,1042,25.0,1054.5612881100062
20241008,1070.0,1105.0,1055.0,1100.0,492323,533690210,1143,30.0,1084.1284270289784
20241009,1110.0,1115.0,1030.0,1040.0,966048,1026485965,3282,-60.0,1024.9941491910342
20241011,1050.0,1090.0,1025.0,1075.0,1166421,1244793630,1910,35.0,1059.4891445965018
20241014,1070.0,1130.0,1070.0,1080.0,1601028,1763241620,2224,5.0,1064.417001082997
20241015,1090.0,1110.0,1075.0,1095.0,1297010,1411837045,1788,15.0,1079.200570542483
20241016,1075.0,1110.0,1050.0,1085.0,816074,882100480,1345,-10.0,1069.3448575694924
20241017,1090.0,1120.0,1090.0,1115.0,611812,678913970,1067,30.0,1098.9119964884646
20241018,1125.0,1140.0,1075.0,1080.0,1036917,1150568825,1901,-35.0,1064.417001082997
20241021,1090.0,1110.0,1080.0,1095.0,434275,477263575,836,15.0,1079.200570542483
20241022,1090.0,1150.0,1090.0,1145.0,1082681,1226890590,2155,50.0,1128.4791354074366
20241023,1165.0,1255.0,1160.0,1245.0,3111682,3796928965,5382,100.0,1227.0362651373437
20241024,1220.0,1255.0,1210.0,1245.0,1788444,2204329115,2817,0.0,1227.0362651373437
20241025,1240.0,1270.0,1200.0,1255.0,1586601,1975477235,2656,10.0,1236.8919781103343
20241028,1245.0,1275.0,1210.0,1210.0,1469997,1814204615,2989,-45.0,1192.5412697318764
20241029,1205.0,1240.0,1205.0,1230.0,835948,1021968965,1438,20.0,1212.2526956778577
20241030,1225.0,1280.0,1225.0,1250.0,1226905,1546813500,2235,20.0,1231.9641216238392
20241101,1225.0,1275.0,1220.0,1275.0,761234,954218155,1220,25.0,1256.6034040563159
20241104,1295.0,1310.0,1255.0,1275.0,986512,1258463310,1921,0.0,1256.6034040563159
20241105,1275.0,1300.0,1260.0,1290.0,746217,957654695,1368,15.0,1271.386973515802
20241106,1300.0,1305.0,1280.0,1300.0,745356,966272190,1396,10.0,1281.2426864887927
20241107,1330.0,1430.0,1330.0,1430.0,4352200,6178563180,4727,130.0,1409.366955137672
20241108,1455.0,1480.0,1395.0,1405.0,3821994,5474813340,4599,-25.0,1384.7276727051951
20241111,1425.0,1445.0,1405.0,1435.0,1195470,1700607080,2074,30.0,1414.2948116241673
20241112,1420.0,1445.0,1380.0,1380.0,1015678,1431401985,2498,-55.0,1360.0883902727185
20241113,1395.0,1400.0,1355.0,1365.0,947079,1297398710,1753,-15.0,1345.3048208132323
20241114,1370.0,1435.0,1365.0,1385.0,1738268,2437379160,2245,20.0,1365.0162467592138
20241115,1390.0,1405.0,1310.0,1355.0,1604057,2177718165,2552,-30.0,1335.4491078402416
20241118,1350.0,1350.0,1300.0,1300.0,914516,1207047015,1643,-55.0,1281.2426864887927
20241119,1325.0,1375.0,1320.0,1370.0,892338,1207695575,1565,70.0,1350.2326772997278
20241120,1395.0,1430.0,1370.0,1395.0,1481350,2078516015,2339,25.0,1374.8719597322045
20241121,1390.0,1430.0,1380.0,1425.0,1063468,1507770650,1621,30.0,1404.4390986511767
20241122,1460.0,1480.0,1420.0,1430.0,1893165,2735238880,2470,5.0,1409.366955137672
20241125,1450.0,1465.0,1415.0,1465.0,1119105,1613523350,1947,35.0,1443.8619505431393
20241126,1460.0,1480.0,1440.0,1445.0,1587294,2313257510,2151,-20.0,1424.150524597158
20241127,1465.0,1465.0,1410.0,1420.0,970199,1390492480,1468,-25.0,1399.5112421646813
20241128,1425.0,1425.0,1360.0,1390.0,1234231,1710507160,1981,-30.0,1369.9441032457091
20241129,1385.0,1460.0,1380.0,1460.0,990096,1419415210,1696,70.0,1438.9340940566442
20241202,1475.0,1495.0,1450.0,1495.0,1200818,1775974245,2209,35.0,1473.4290894621115
20241203,1505.0,1540.0,1480.0,1495.0,1923342,2897416565,4394,0.0,1473.4290894621115
20241204,1500.0,1580.0,1500.0,1570.0,1604410,2489149900,2804,75.0,1547.3469367595421
20241205,1575.0,1640.0,1560.0,1595.0,2135596,3416694085,2982,25.0,1571.9862191920188
20241206,1615.0,1620.0,1565.0,1575.0,1359939,2160103495,2134,-20.0,1552.2747932460372
20241209,1585.0,1595.0,1565.0,1575.0,764326,1206489040,1159,0.0,1552.2747932460372
20241210,1535.0,1555.0,1515.0,1525.0,1160177,1777994405,2213,-50.0,1502.9962283810837
20241211,1515.0,1555.0,1510.0,1535.0,1308888,2005845410,1975,10.0,1512.8519413540744
20241212,1545.0,1550.0,1505.0,1550.0,1559030,2385672500,2038,15.0,1527.6355108135606
20241213,1540.0,1555.0,1530.0,1545.0,590961,911726700,1125,-5.0,1522.707654327065
20241216,1555.0,1565.0,1485.0,1490.0,1151491,1740509770,2702,-55.0,1468.5012329756164
20241217,1505.0,1555.0,1490.0,1545.0,1013984,1556330135,1855,55.0,1522.707654327065
20241218,1540.0,1545.0,1480.0,1500.0,1039962,1559587865,2387,-45.0,1478.356945948607
20241219,1450.0,1510.0,1445.0,1500.0,693268,1031913660,1202,0.0,1478.356945948607
20241220,1500.0,1500.0,1450.0,1450.0,742012,1089348015,1809,-50.0,1429.0783810836535
20241223,1475.0,1490.0,1455.0,1490.0,453133,669957120,811,40.0,1468.5012329756164
20241224,1505.0,1505.0,1450.0,1450.0,509148,745686155,1444,-40.0,1429.0783810836535
20241225,1475.0,1495.0,1450.0,1450.0,375647,550288275,699,0.0,1429.0783810836535
20241226,1460.0,1490.0,1455.0,1465.0,358013,528088010,665,15.0,1443.8619505431393
20241227,1480.0,1485.0,1465.0,1470.0,214854,316516125,462,5.0,1448.7898070296349
20241230,1485.0,1565.0,1480.0,1545.0,1620896,2497681595,3044,75.0,1522.707654327065
20241231,1555.0,1590.0,1530.0,1550.0,1810195,2823691780,4982,5.0,1527.6355108135606
20250102,1550.0,1615.0,1470.0,1475.0,2103776,3203056880,6213,-75.0,1453.7176635161302
20250103,1490.0,1500.0,1460.0,1465.0,659336,970707785,1663,-10.0,1443.8619505431393
20250106,1495.0,1525.0,1480.0,1490.0,730056,1093487355,1642,25.0,1468.5012329756164
20250107,1520.0,1560.0,1495.0,1515.0,948729,1447535290,1963,25.0,1493.140515408093
20250108,1535.0,1570.0,1505.0,1505.0,1316956,2017873530,3160,-10.0,1483.2848024351022
20250109,1505.0,1540.0,1485.0,1510.0,913935,1381326035,1596,5.0,1488.2126589215977
20250110,1510.0,1540.0,1470.0,1475.0,1009417,1512134865,3911,-35.0,1453.7176635161302
20250113,1460.0,1460.0,1395.0,1400.0,1136844,1608464035,2692,-75.0,1379.7998162186998
20250114,1405.0,1420.0,1380.0,1415.0,516735,725398970,1078,15.0,1394.5833856781858
20250115,1410.0,1415.0,1365.0,1375.0,577598,798766315,1812,-40.0,1355.160533786223
20250116,1410.0,1420.0,1395.0,1410.0,545424,767190365,903,35.0,1389.6555291916907
20250117,1415.0,1425.0,1400.0,1410.0,320801,452526800,622,0.0,1389.6555291916907
20250120,1420.0,1460.0,1420.0,1460.0,632294,913333535,1136,50.0,1438.9340940566442
20250121,1460.0,1515.0,1420.0,1485.0,926649,1373129900,1691,25.0,1463.5733764891208
20250122,1500.0,1530.0,1495.0,1520.0,838578,1271351120,1575,35.0,1498.0683718945884
20250203,1400.0,1405.0,1370.0,1370.0,1371563,1889703230,4885,-150.0,1350.2326772997278
20250204,1395.0,1405.0,1335.0,1345.0,1475706,2033452870,2837,-25.0,1325.593394867251
20250205,1355.0,1440.0,1355.0,1410.0,1077522,1521172195,1856,65.0,1389.6555291916907
20250206,1445.0,1470.0,1420.0,1425.0,972722,1402366900,1463,15.0,1404.4390986511767
20250207,1500.0,1565.0,1500.0,1565.0,1727063,2667753145,8359,140.0,1542.4190802730466
20250210,1595.0,1615.0,1560.0,1570.0,1620600,2569471905,3617,5.0,1547.3469367595421
20250211,1575.0,1635.0,1555.0,1620.0,1130023,1812241160,2292,50.0,1596.6255016244957
20250212,1635.0,1665.0,1600.0,1655.0,1375797,2250710825,2666,35.0,1631.120497029963
20250213,1660.0,1715.0,1635.0,1670.0,1335245,2240002635,2547,15.0,1645.9040664894492
20250214,1660.0,1715.0,1655.0,1675.0,770483,1297156240,1589,5.0,1650.8319229759445
20250217,1695.0,1755.0,1695.0,1755.0,795050,1374330210,2096,80.0,1729.6776267598702
20250218,1780.0,1860.0,1760.0,1855.0,1690571,3072064525,3218,100.0,1828.2347564897773
20250219,1860.0,1880.0,1840.0,1870.0,1060763,1974412165,2018,15.0,1843.0183259492633
20250220,1860.0,1890.0,1800.0,1875.0,1505533,2789507090,2622,5.0,1847.9461824357588
20250221,1950.0,1950.0,1765.0,1865.0,3002390,5529376850,6557,-10.0,1838.090469462768
20250224,1825.0,1930.0,1780.0,1930.0,2404707,4486258255,3987,65.0,1902.1526037872075
20250225,1930.0,1975.0,1905.0,1955.0,1619969,3148623835,2819,25.0,1926.7918862196846
20250226,1955.0,2080.0,1935.0,2050.0,2413560,4890714800,4438,95.0,2020.421159463096
20250227,2055.0,2085.0,1970.0,1990.0,1670475,3380048840,3347,-60.0,1961.2868816251519
20250303,1970.0,2015.0,1945.0,2000.0,1377891,2728833380,2304,10.0,1971.1425945981425
20250304,1960.0,2010.0,1945.0,2005.0,1383685,2741930830,2526,5.0,1976.070451084638
20250305,2015.0,2035.0,1935.0,1960.0,1440565,2845204845,3039,-45.0,1931.7197427061797
20250306,1985.0,2015.0,1955.0,1970.0,915313,1810826875,1670,10.0,1941.5754556791703
20250307,1990.0,2030.0,1880.0,1925.0,2155733,4174462890,4270,-45.0,1897.2247473007124
20250310,1925.0,1935.0,1890.0,1900.0,729830,1394125655,1715,-25.0,1872.5854648682355
20250311,1830.0,1890.0,1790.0,1870.0,1680545,3103864255,2767,-30.0,1843.0183259492633
20250312,1885.0,1925.0,1820.0,1840.0,1450279,2696827785,3221,-30.0,1813.451187030291
20250313,1870.0,1930.0,1855.0,1880.0,951507,1799818175,1831,40.0,1852.874038922254
20250314,1885.0,1900.0,1840.0,1895.0,805418,1504448940,1449,15.0,1867.6576083817401
20250317,1910.0,1950.0,1875.0,1915.0,828534,1585590955,1527,20.0,1887.3690343277217
20250318,1950.0,1980.0,1930.0,1980.0,853730,1676907360,1792,65.0,1951.4311686521612
20250319,1970.0,1980.0,1920.0,1925.0,774616,1506717445,1538,-55.0,1897.2247473007124
20250320,1950.0,1990.0,1940.0,1965.0,832644,1635980375,1568,40.0,1936.6475991926752
20250321,1965.0,1970.0,1860.0,1865.0,1716508,3231971105,2928,-100.0,1838.090469462768
20250324,1900.0,1900.0,1830.0,1840.0,834804,1548454565,1638,-25.0,1813.451187030291
20250325,1885.0,1890.0,1825.0,1845.0,827487,1533096575,1704,5.0,1818.3790435167866
20250326,1855.0,1895.0,1820.0,1895.0,752859,1406693005,1322,50.0,1867.6576083817401
20250327,1855.0,1920.0,1820.0,1900.0,1162563,2186403400,2005,5.0,1872.5854648682355
20250328,1875.0,1900.0,1825.0,1825.0,1160039,2145424370,2283,-75.0,1798.667617570805
20250331,1760.0,1785.0,1645.0,1650.0,1934532,3280713150,4421,-175.0,1626.1926405434679
20250401,1665.0,1705.0,1645.0,1665.0,1215128,2034113700,1966,15.0,1640.9762100029536
20250402,1680.0,1690.0,1620.0,1640.0,1110262,1833366280,2205,-25.0,1616.336927570477
20250407,1480.0,1480.0,1480.0,1480.0,51656,76450880,601,-160.0,1458.6455200026255
20250408,1360.0,1405.0,1335.0,1335.0,1250732,1702259295,3240,-145.0,1315.73768189426
20250409,1280.0,1320.0,1205.0,1205.0,2031257,2552040995,3837,-130.0,1187.6134132453808
20250410,1325.0,1325.0,1325.0,1325.0,157184,208268800,537,120.0,1305.8819689212694
20250411,1315.0,1455.0,1290.0,1455.0,2277827,3203036155,3518,130.0,1434.0062375701486
20250414,1555.0,1600.0,1520.0,1585.0,2380816,3746436245,4062,130.0,1562.130506219028
20250415,1600.0,1655.0,1570.0,1640.0,1770103,2858057455,2733,55.0,1616.336927570477
20250416,1600.0,1645.0,1560.0,1570.0,1315748,2098601820,2730,-70.0,1547.3469367595421
20250417,1560.0,1660.0,1555.0,1615.0,1555415,2515252900,2547,45.0,1591.697645138
20250418,1620.0,1645.0,1600.0,1640.0,1180837,1923753615,1685,25.0,1616.336927570477
20250421,1635.0,1670.0,1600.0,1645.0,1275476,2095493855,2050,5.0,1621.2647840569723
20250422,1615.0,1660.0,1570.0,1570.0,1017016,1638154480,4413,-75.0,1547.3469367595421
20250423,1635.0,1720.0,1635.0,1670.0,1660160,2794742710,4753,100.0,1645.9040664894492
20250424,1700.0,1715.0,1670.0,1675.0,899033,1523511085,1514,5.0,1650.8319229759445
20250425,1760.0,1815.0,1735.0,1795.0,1397716,2493605960,2938,120.0,1769.100478651833
20250428,1825.0,1825.0,1750.0,1770.0,928077,1659186600,2670,-25.0,1744.461196219356
20250429,1790.0,1820.0,1760.0,1815.0,635631,1140681535,1372,45.0,1788.8119045978144
20250430,1790.0,1795.0,1730.0,1745.0,1022357,1797142995,2144,-70.0,1719.8219137868793
20250502,1780.0,1845.0,1780.0,1840.0,1125315,2042901190,2299,95.0,1813.451187030291
20250505,1855.0,1860.0,1765.0,1815.0,1313880,2385136625,3142,-25.0,1788.8119045978144
20250506,1820.0,1900.0,1795.0,1855.0,1024298,1908694055,2115,40.0,1828.2347564897773
20250507,1880.0,1895.0,1845.0,1865.0,876795,1636308360,1492,10.0,1838.090469462768
20250508,1970.0,1970.0,1850.0,1920.0,2228346,4240849620,4626,55.0,1892.2968908142168
20250509,1920.0,1935.0,1875.0,1890.0,1278211,2431391635,2838,-30.0,1862.7297518952446
20250512,1910.0,1945.0,1880.0,1880.0,999184,1907554895,2154,-10.0,1852.874038922254
20250513,1945.0,1955.0,1900.0,1925.0,1063313,2050353450,2181,45.0,1897.2247473007124
20250514,1920.0,2000.0,1920.0,1940.0,1198287,2341417605,2604,15.0,1912.0083167601983
20250515,1970.0,2000.0,1940.0,2000.0,769899,1523065365,1855,60.0,1971.1425945981425
20250516,2015.0,2025.0,1990.0,2020.0,752774,1513101375,1932,20.0,1990.854020544124
20250519,2020.0,2070.0,1965.0,1965.0,1099959,2210557290,2339,-55.0,1936.6475991926752
20250520,2010.0,2065.0,1995.0,2010.0,1248495,2529267660,2540,45.0,1980.9983075711332
20250521,2015.0,2050.0,2010.0,2050.0,542646,1104769370,1412,40.0,2020.421159463096
20250522,2045.0,2140.0,2020.0,2130.0,1264798,2656410395,3205,80.0,2099.2668632470222
20250523,2115.0,2130.0,2080.0,2095.0,729782,1534596330,1979,-35.0,2064.7718678415545
20250526,2090.0,2125.0,2080.0,2090.0,686067,1442520790,1361,-5.0,2059.844011355059
20250527,2100.0,2125.0,2050.0,2050.0,505944,1047984670,1592,-40.0,2020.421159463096
20250528,2095.0,2100.0,2040.0,2060.0,522822,1079492005,1083,10.0,2030.276872436087
20250529,2085.0,2110.0,2050.0,2050.0,546404,1133710310,1105,-10.0,2020.421159463096
20250602,2020.0,2045.0,1990.0,2030.0,614146,1241270135,1522,-20.0,2000.7097335171147
20250603,2060.0,2175.0,2050.0,2160.0,1375592,2930291770,3305,130.0,2128.834002165994
20250604,2170.0,2180.0,2135.0,2175.0,592111,1280277785,1642,15.0,2143.61757162548
20250605,2175.0,2200.0,2160.0,2200.0,455277,996155680,1416,25.0,2168.256854057957
20250606,2170.0,2175.0,2115.0,2135.0,664600,1419749825,2352,-65.0,2104.194719733517
20250609,2145.0,2160.0,2115.0,2145.0,320343,684456555,875,10.0,2114.0504327065078
20250610,2150.0,2185.0,2145.0,2180.0,463802,1005997420,1225,35.0,2148.5454281119755
20250611,2205.0,2205.0,2120.0,2140.0,629626,1354502125,1988,-40.0,2109.1225762200124
20250612,2150.0,2150.0,2095.0,2130.0,622569,1319752900,1854,-10.0,2099.2668632470222
20250613,2105.0,2165.0,2065.0,2165.0,713514,1519851315,1880,35.0,2133.761858652489
20250616,2145.0,2185.0,2135.0,2185.0,385089,833106925,993,20.0,2153.473284598471
20250617,2190.0,2210.0,2120.0,2130.0,588796,1268914000,2019,-55.0,2099.2668632470222
20250618,2145.0,2180.0,2115.0,2150.0,706663,1516251580,1393,20.0,2118.9782891930035
20250619,2150.0,2180.0,2130.0,2150.0,411591,884938090,1007,0.0,2118.9782891930035
20250620,2140.0,2155.0,2060.0,2075.0,1039758,2166628795,2726,-75.0,2045.060441895573
20250623,2095.0,2100.0,2050.0,2100.0,485764,1011970815,996,25.0,2069.69972432805
20250624,2130.0,2150.0,2115.0,2145.0,465330,993695335,1113,45.0,2114.0504327065078
20250625,2175.0,2175.0,2130.0,2135.0,507151,1088605380,1160,-10.0,2104.194719733517
20250626,2145.0,2145.0,1975.0,2050.0,1609574,3279993165,4974,-85.0,2020.421159463096
20250627,2045.0,2065.0,2010.0,2050.0,733546,1496405780,1925,0.0,2020.421159463096
20250630,2050.0,2090.0,2030.0,2035.0,473260,976692585,1152,-15.0,2005.63759000361
20250701,2055.0,2080.0,2010.0,2010.0,637673,1293540805,1863,-25.0,1980.9983075711332
20250702,2020.0,2040.0,1995.0,2015.0,326217,656525435,1266,5.0,1985.9261640576287
20250703,2035.0,2035.0,1990.0,1990.0,395168,795187860,1197,-25.0,1961.2868816251519
20250704,2020.0,2085.0,2015.0,2050.0,703133,1437751275,1905,60.0,2020.421159463096
20250707,2050.0,2060.0,1970.0,2025.0,630947,1275675355,1574,-25.0,1995.7818770306194
20250708,1995.0,2155.0,1995.0,2145.0,1097025,2316736925,3249,120.0,2114.0504327065078
20250709,2125.0,2165.0,2110.0,2150.0,646393,1385024315,1680,5.0,2118.9782891930035
20250710,2155.0,2175.0,2140.0,2160.0,323303,698699810,1116,10.0,2128.834002165994
20250711,2150.0,2150.0,2090.0,2120.0,460986,976666060,1567,-40.0,2089.411150274031
20250714,2100.0,2115.0,2055.0,2055.0,403189,836807655,1540,-65.0,2025.3490159495916
20250715,2075.0,2150.0,2065.0,2130.0,433850,915384830,1246,75.0,2099.2668632470222
20250716,2170.0,2245.0,2160.0,2185.0,968956,2132542865,2435,55.0,2153.473284598471
20250717,2215.0,2275.0,2200.0,2240.0,1084421,2437423985,2786,55.0,2207.67970594992
20250718,2255.0,2455.0,2255.0,2415.0,1728365,4107476945,5266,175.0,2380.1546829772574
20250721,2425.0,2505.0,2410.0,2500.0,1499760,3687808285,3101,85.0,2463.9282432476784
20250722,2500.0,2610.0,2480.0,2495.0,1553406,3949300620,4009,-5.0,2459.000386761183
20250723,2540.0,2565.0,2470.0,2500.0,933216,2342874060,1902,5.0,2463.9282432476784
20250724,2515.0,2560.0,2480.0,2520.0,844606,2129542485,1808,20.0,2483.6396691936598
20250725,2510.0,2570.0,2500.0,2565.0,547124,1393343270,1499,45.0,2527.9903775721177
20250728,2565.0,2640.0,2545.0,2605.0,720284,1876405225,1950,40.0,2567.413229464081
20250729,2540.0,2615.0,2535.0,2595.0,717783,1856581550,1639,-10.0,2557.55751649109
20250730,2600.0,2615.0,2540.0,2605.0,444556,1145003075,1504,10.0,2567.413229464081
20250731,2610.0,2695.0,2610.0,2665.0,610392,1627969655,1670,60.0,2626.5475073020248
20250801,2610.0,2670.0,2610.0,2640.0,604274,1595041285,1923,-25.0,2601.908224869548
20250804,2600.0,2640.0,2575.0,2600.0,342004,888658105,1710,-40.0,2562.4853729775855
20250805,2650.0,2860.0,2650.0,2725.0,1495075,4147059690,5083,125.0,2685.681785139969
20250806,2740.0,2810.0,2735.0,2810.0,672334,1871364780,1928,85.0,2769.4553454103902
20250807,2820.0,3050.0,2790.0,2925.0,2102439,6193380285,5683,115.0,2882.7960445997837
20250808,2960.0,3020.0,2890.0,2960.0,901923,2667603565,2385,35.0,2917.291040005251
20250811,2990.0,3020.0,2930.0,3005.0,765332,2280685195,2036,45.0,2961.6417483837095
20250812,3015.0,3035.0,2945.0,2990.0,816622,2441297940,3239,-15.0,2946.858178924223
20250813,3000.0,3120.0,2985.0,3055.0,963722,2949157105,2704,65.0,3010.9203132486628
20250814,3035.0,3135.0,3035.0,3105.0,487075,1512250835,1471,50.0,3060.1988781136165
20250815,3120.0,3185.0,3085.0,3130.0,483521,1515708310,1658,25.0,3084.838160546093
20250818,3115.0,3200.0,3110.0,3180.0,540227,1710149485,1376,50.0,3134.116725411047
20250819,3150.0,3180.0,3080.0,3085.0,829691,2585582375,3513,-95.0,3040.487452167635
20250820,2935.0,3035.0,2840.0,2855.0,1501089,4378738375,6858,-230.0,2813.806053788848
20250821,2925.0,3030.0,2890.0,2965.0,999803,2960907955,2735,110.0,2922.2188964917464
20250822,2965.0,3060.0,2955.0,2955.0,697681,2094128555,1932,-10.0,2912.3631835187557
20250825,3070.0,3105.0,3035.0,3035.0,508720,1556382115,1503,80.0,2991.2088873026814
20250826,3035.0,3075.0,2955.0,2980.0,5291581,15781811770,2965,-55.0,2937.002465951233
20250827,3000.0,3020.0,2905.0,2940.0,842357,2479116015,4532,-40.0,2897.5796140592697
20250828,2920.0,2965.0,2905.0,2925.0,653734,1916474404,1726,0.0,2914.7191592005515
20250829,2950.0,3045.0,2950.0,3025.0,807706,2435544550,2540,100.0,3014.3676774638184
20250901,3020.0,3070.0,2940.0,2965.0,778118,2333258040,2632,-60.0,2954.5785665058584
20250902,3000.0,3025.0,2925.0,2930.0,486966,1439244465,1678,-35.0,2919.701585113715
20250903,2910.0,3185.0,2905.0,3130.0,1252213,3849856755,4166,200.0,3118.998621640248
20250904,3170.0,3200.0,2990.0,2995.0,1115191,3390743265,3648,-135.0,2984.473121984838
20250905,3075.0,3250.0,3060.0,3210.0,1364888,4359737685,4883,215.0,3198.7174362508617
20250908,3210.0,3240.0,3150.0,3220.0,577169,1843298230,2246,10.0,3208.6822880771883
20250909,3300.0,3430.0,3270.0,3335.0,1049942,3530317910,3313,115.0,3323.278084079945
20250910,3410.0,3485.0,3365.0,3485.0,960328,3287832890,2470,150.0,3472.750861474845
20250911,3450.0,3590.0,3415.0,3415.0,838449,2925310775,3560,-70.0,3402.9968986905583
20250912,3450.0,3475.0,3365.0,3430.0,813259,2781578100,2270,15.0,3417.944176430048
20250915,3445.0,3445.0,3310.0,3410.0,588883,1999286685,1728,-20.0,3398.014472777395
20250916,3375.0,3495.0,3350.0,3370.0,518119,1764614090,2012,-40.0,3358.155065472088
20250917,3370.0,3475.0,3340.0,3370.0,560258,1897127980,1672,0.0,3358.155065472088
20250918,3400.0,3430.0,3370.0,3415.0,323555,1100749825,1044,45.0,3402.9968986905583
20250919,3420.0,3480.0,3315.0,3335.0,1898650,6347953170,2576,-80.0,3323.278084079945
20250922,3385.0,3460.0,3250.0,3250.0,574947,1918225605,3001,-85.0,3238.576843556168
20250923,3255.0,3300.0,3210.0,3220.0,502835,1638125565,1698,-30.0,3208.6822880771883
20250924,3255.0,3270.0,3165.0,3220.0,564960,1814610640,1955,0.0,3208.6822880771883
20250925,3215.0,3285.0,3160.0,3170.0,512141,1645891925,2306,-50.0,3158.858028945555
20250926,3170.0,3215.0,3100.0,3100.0,517748,1620593625,1966,-70.0,3089.1040661612683
20250930,3140.0,3380.0,3140.0,3290.0,779053,2575820735,2892,190.0,3278.436250861475
20251001,3340.0,3355.0,3245.0,3310.0,415949,1377489075,1790,20.0,3298.365954514128
20251002,3350.0,3380.0,3300.0,3340.0,359258,1198462405,1319,30.0,3328.2605099931084
20251003,3355.0,3435.0,3345.0,3415.0,604701,2055962590,2033,75.0,3402.9968986905583
20251007,3465.0,3485.0,3395.0,3470.0,426418,1468805790,1759,55.0,3457.803583735355
20251008,3510.0,3665.0,3495.0,3575.0,1260024,4498696190,3003,105.0,3562.434527911785
20251009,3635.0,3775.0,3600.0,3745.0,1005989,3721194200,3534,170.0,3731.8370089593386
20251013,3590.0,3720.0,3585.0,3720.0,618462,2273738690,3060,-25.0,3706.9248793935217
20251014,3810.0,3945.0,3785.0,3795.0,1177574,4581507430,3852,75.0,3781.661268090972
20251015,3870.0,3960.0,3785.0,3920.0,630315,2459153275,2141,125.0,3906.2219159200554
20251016,3915.0,3985.0,3860.0,3930.0,543242,2131787095,2017,10.0,3916.186767746382
20251017,3930.0,3930.0,3760.0,3760.0,772350,2939955745,4856,-170.0,3746.7842866988285
20251020,3790.0,3835.0,3715.0,3750.0,379988,1431423860,2603,-10.0,3736.819434872502
20251021,3740.0,3890.0,3740.0,3860.0,567977,2175558710,2208,110.0,3846.4328049620954
20251022,3790.0,3855.0,3755.0,3805.0,315835,1201303730,2204,-55.0,3791.6261199172986
20251023,3720.0,3810.0,3720.0,3780.0,244630,924116715,1392,-25.0,3766.7139903514817
20251027,3865.0,3875.0,3770.0,3770.0,416608,1588352060,1432,-10.0,3756.749138525155
20251028,3780.0,3860.0,3780.0,3860.0,288637,1104870175,1312,90.0,3846.4328049620954
20251029,3955.0,4050.0,3880.0,3920.0,715054,2841114940,3235,60.0,3906.2219159200554
20251030,4000.0,4095.0,3950.0,4095.0,752907,3043254880,3133,175.0,4080.606822880772
20251031,4090.0,4155.0,4010.0,4110.0,471698,1924662340,2351,15.0,4095.554100620262
20251103,4115.0,4320.0,4115.0,4280.0,516444,2195155465,2693,170.0,4264.956581667815
20251104,4250.0,4335.0,4180.0,4195.0,540626,2293511140,3878,-85.0,4180.2553411440385
20251105,3960.0,4220.0,3960.0,4205.0,688170,2824034795,3242,10.0,4190.220192970365
20251106,4210.0,4400.0,4190.0,4310.0,477676,2059304295,2311,105.0,4294.851137146796
20251107,4210.0,4285.0,4075.0,4080.0,888255,3667044745,5845,-230.0,4065.6595451412823
20251110,4145.0,4280.0,4115.0,4180.0,1044178,4372829780,2946,100.0,4165.308063404549
20251111,4245.0,4310.0,4000.0,4025.0,1439097,5998264900,5768,-155.0,4010.8528600964855
20251112,3955.0,4205.0,3815.0,3855.0,2149770,8509871420,10744,-170.0,3841.450379048932
20251113,3835.0,3875.0,3750.0,3775.0,1268002,4819782675,6163,-80.0,3761.7315644383184
20251114,3700.0,3790.0,3630.0,3715.0,1495527,5557024325,5569,-60.0,3701.9424534803584
20251117,3800.0,3835.0,3700.0,3715.0,874247,3274072665,3095,0.0,3701.9424534803584
20251118,3665.0,3675.0,3545.0,3550.0,1124991,4051187105,6457,-165.0,3537.522398345968
20251119,3605.0,3705.0,3540.0,3575.0,921773,3348630720,3339,25.0,3562.434527911785
20251120,3800.0,3830.0,3555.0,3630.0,1149383,4198244390,3672,55.0,3617.241212956582
20251121,3470.0,3610.0,3470.0,3525.0,780598,2743860210,4294,-105.0,3512.6102687801517
20251124,3625.0,3685.0,3480.0,3505.0,1562394,5522523610,3624,-20.0,3492.6805651274985
20251125,3625.0,3660.0,3450.0,3460.0,985382,3451872290,4831,-45.0,3447.8387319090284
20251126,3510.0,3510.0,3360.0,3400.0,1264894,4320125305,7831,-60.0,3388.0496209510684
20251127,3450.0,3650.0,3420.0,3605.0,1633252,5788689630,5575,205.0,3592.329083390765
20251128,3620.0,3920.0,3560.0,3815.0,1803731,6799823050,7697,210.0,3801.5909717436252
20251201,3815.0,3820.0,3460.0,3460.0,1557328,5566593020,12292,-355.0,3447.8387319090284
20251202,3515.0,3560.0,3345.0,3365.0,1456871,4961341390,10781,-95.0,3353.172639558925
20251203,3420.0,3455.0,3385.0,3445.0,674200,2310810415,2726,80.0,3432.8914541695385
20251204,3500.0,3500.0,3445.0,3490.0,399875,1390267120,2036,45.0,3477.733287388008
20251205,3520.0,3570.0,3450.0,3460.0,798639,2800181555,3865,-30.0,3447.8387319090284
20251208,3530.0,3600.0,3425.0,3535.0,935445,3293110560,3565,75.0,3522.5751206064783
20251209,3610.0,3675.0,3500.0,3500.0,837835,2988410280,4500,-35.0,3487.6981392143352
20251210,3550.0,3615.0,3460.0,3615.0,663637,2348570810,3868,115.0,3602.293935217092
20251211,3660.0,3860.0,3660.0,3825.0,1624116,6138698815,8479,210.0,3811.555823569952
20251212,3815.0,3930.0,3705.0,3740.0,1057586,4007702285,6276,-85.0,3726.8545830461753
20251215,3615.0,3655.0,3565.0,3625.0,567990,2052150855,6002,-115.0,3612.2587870434186
20251216,3625.0,3640.0,3535.0,3590.0,509915,1831437615,3889,-35.0,3577.381805651275
20251217,3640.0,3675.0,3535.0,3545.0,424748,1528163565,2616,-45.0,3532.539972432805
20251218,3545.0,3565.0,3460.0,3520.0,473208,1665015440,2443,-25.0,3507.6278428669884
20251219,3575.0,3685.0,3575.0,3660.0,680541,2478972185,2738,140.0,3647.1357684355617
20251222,3740.0,3740.0,3680.0,3730.0,347680,1291758800,2222,70.0,3716.8897312198487
20251223,3740.0,3820.0,3720.0,3730.0,543347,2053771075,3223,0.0,3716.8897312198487
20251224,3780.0,3795.0,3685.0,3710.0,303007,1128492440,2135,-20.0,3696.960027567195
20251226,3740.0,3745.0,3665.0,3690.0,289157,1066867005,2327,-20.0,3677.030323914542
20251229,3690.0,3765.0,3640.0,3765.0,324338,1207439835,2101,75.0,3751.766712611992
20251230,3750.0,3820.0,3730.0,3785.0,280148,1057892310,1869,20.0,3771.6964162646454
20251231,3785.0,3835.0,3735.0,3750.0,308785,1164553140,2127,-35.0,3736.819434872502
20260102,3750.0,3750.0,3420.0,3460.0,1588691,5592403720,17903,-290.0,3447.8387319090284
20260105,3485.0,3485.0,3200.0,3205.0,1905192,6250324445,20614,-255.0,3193.7350103376984
20260106,3225.0,3310.0,3160.0,3205.0,1251609,4002531840,8825,0.0,3193.7350103376984
20260107,3280.0,3350.0,3240.0,3255.0,963948,3160932945,5163,50.0,3243.5592694693314
20260108,3265.0,3275.0,3150.0,3155.0,996060,3168391060,9562,-100.0,3143.910751206065
20260109,3190.0,3325.0,3170.0,3315.0,1112273,3637947770,4995,160.0,3303.3483804272914
20260112,3375.0,3375.0,3275.0,3365.0,683660,2286119810,4198,50.0,3353.172639558925
20260113,3385.0,3405.0,3250.0,3305.0,734586,2437313405,4761,-60.0,3293.383528600965
20260114,3305.0,3350.0,3270.0,3345.0,621709,2059724965,3322,40.0,3333.2429359062717
20260115,3315.0,3425.0,3200.0,3400.0,1343693,4461561310,6793,55.0,3388.0496209510684
20260116,3445.0,3455.0,3310.0,3410.0,937257,3176792435,4330,10.0,3398.014472777395
20260119,3710.0,3710.0,3305.0,3310.0,1803479,6281729230,9795,-100.0,3298.365954514128
20260120,3330.0,3640.0,3325.0,3640.0,2060598,7333834560,14902,330.0,3627.2060647829085
20260121,3640.0,3675.0,3520.0,3520.0,814237,2918305125,4812,-120.0,3507.6278428669884
20260122,3565.0,3635.0,3440.0,3485.0,875651,3078245175,8921,-35.0,3472.750861474845
20260123,3535.0,3590.0,3500.0,3570.0,396252,1408007480,2839,85.0,3557.452101998622
20260126,3595.0,3635.0,3435.0,3500.0,994725,3480926240,4787,-70.0,3487.6981392143352
20260127,3500.0,3575.0,3460.0,3490.0,657706,2308060725,3281,-10.0,3477.733287388008
20260128,3535.0,3535.0,3365.0,3380.0,846071,2883340735,8289,-110.0,3368.119917298415
20260129,3390.0,3415.0,3160.0,3205.0,1712115,5519405770,12780,-175.0,3193.7350103376984
20260130,3205.0,3210.0,3100.0,3140.0,1025143,3217588420,6582,-65.0,3128.963473466575
20260202,3120.0,3150.0,3050.0,3065.0,695556,2147694335,6357,-75.0,3054.2270847691248
20260203,3160.0,3170.0,3045.0,3105.0,1158091,3565756215,5099,40.0,3094.0864920744316
20260204,3090.0,3095.0,3020.0,3075.0,935637,2860574740,6156,-30.0,3064.1919365954514
20260205,3110.0,3165.0,3020.0,3020.0,841417,2591696770,5759,-55.0,3009.3852515506546
20260206,3005.0,3020.0,2875.0,2955.0,803941,2359839475,7894,-65.0,2944.6137146795313
20260209,3055.0,3055.0,2900.0,2910.0,799764,2358744485,8344,-45.0,2899.7718814610616
20260210,2945.0,2995.0,2885.0,2935.0,717161,2105891485,4913,25.0,2924.684011026878
20260211,2945.0,3030.0,2920.0,3030.0,648559,1943358335,4464,95.0,3019.3501033769817
20260223,3075.0,3080.0,2965.0,3030.0,772315,2337970300,4043,0.0,3019.3501033769817
20260224,3080.0,3130.0,3015.0,3125.0,794879,2445140290,4905,95.0,3114.016195727085
20260225,3260.0,3415.0,3210.0,3360.0,1819558,6039071295,11471,235.0,3348.1902136457616
20260226,3490.0,3540.0,3400.0,3445.0,1809148,6277040585,7733,85.0,3432.8914541695385
20260302,3395.0,3520.0,3350.0,3420.0,806332,2769234335,5307,-25.0,3407.9793246037216
20260303,3410.0,3445.0,3275.0,3280.0,755114,2525964900,8216,-140.0,3268.4713990351484
20260304,3200.0,3260.0,3085.0,3170.0,586728,1863641405,4736,-110.0,3158.858028945555
20260305,3340.0,3390.0,3270.0,3320.0,524172,1743825260,3263,150.0,3308.330806340455
20260306,3315.0,3315.0,3185.0,3205.0,645400,2082220870,5134,-115.0,3193.7350103376984
20260309,2990.0,3015.0,2925.0,3000.0,489742,1457297450,5743,-205.0,2989.4555478980014
20260310,3090.0,3130.0,3020.0,3060.0,387203,1187988950,2603,60.0,3049.2446588559615
20260311,3100.0,3365.0,3060.0,3355.0,695335,2267750150,6506,295.0,3343.2077877325983
20260312,3300.0,3365.0,3270.0,3290.0,427297,1415993840,2914,-65.0,3278.436250861475
20260313,3220.0,3470.0,3180.0,3365.0,711594,2389553550,4013,75.0,3353.172639558925
20260316,3385.0,3385.0,3280.0,3320.0,356463,1186465340,2458,-45.0,3308.330806340455
20260317,3345.0,3420.0,3335.0,3350.0,367116,1237329325,2424,30.0,3338.225361819435
20260318,3410.0,3485.0,3390.0,3410.0,594423,2043217140,4256,60.0,3398.014472777395
20260319,3400.0,3655.0,3365.0,3575.0,1173347,4154685860,8621,165.0,3562.434527911785
20260320,3575.0,3575.0,3405.0,3405.0,1099519,3813853265,5781,-170.0,3393.0320468642317
20260323,3280.0,3490.0,3275.0,3400.0,770838,2621283955,3561,-5.0,3388.0496209510684
20260324,3500.0,3600.0,3445.0,3520.0,980732,3467459030,5745,120.0,3507.6278428669884
20260325,3550.0,3680.0,3550.0,3615.0,788914,2852203320,3889,95.0,3602.293935217092
20260326,3620.0,3790.0,3595.0,3615.0,765605,2824108440,4692,0.0,3602.293935217092
20260327,3615.0,3660.0,3515.0,3600.0,425023,1528994870,2891,-15.0,3587.3466574776016
20260330,3545.0,3580.0,3385.0,3460.0,454470,1574321060,4128,-140.0,3447.8387319090284
20260331,3350.0,3385.0,3150.0,3175.0,1013316,3255571895,7229,-285.0,3163.840454858718
20260401,3320.0,3490.0,3285.0,3455.0,803891,2742827170,5901,280.0,3442.856305995865
20260402,3500.0,3560.0,3340.0,3345.0,520393,1788638950,2894,-110.0,3333.2429359062717
20260407,3400.0,3410.0,3170.0,3175.0,525557,1704669050,6342,-170.0,3163.840454858718
20260408,3320.0,3380.0,3255.0,3315.0,490398,1630253520,3236,140.0,3303.3483804272914
20260409,3305.0,3360.0,3250.0,3275.0,429516,1417120815,3595,-40.0,3263.488973121985
20260410,3375.0,3410.0,3265.0,3355.0,465081,1557153455,2738,80.0,3343.2077877325983
20260413,3380.0,3415.0,3305.0,3335.0,568616,1911779825,3299,-20.0,3323.278084079945
20260414,3405.0,3545.0,3400.0,3445.0,1010618,3510163305,5078,110.0,3432.8914541695385
20260415,3510.0,3575.0,3435.0,3440.0,659022,2305265860,3982,-5.0,3427.909028256375
20260416,3515.0,3570.0,3440.0,3445.0,615442,2147578095,4675,5.0,3432.8914541695385
20260417,3490.0,3640.0,3440.0,3640.0,1005655,3580212965,5872,195.0,3627.2060647829085
20260420,3735.0,3775.0,3640.0,3745.0,822167,3063840425,5097,105.0,3731.8370089593386
20260421,3790.0,3930.0,3745.0,3855.0,721678,2766173375,4700,110.0,3841.450379048932
20260422,3905.0,3970.0,3815.0,3935.0,579744,2272313480,4322,80.0,3921.1691936595453
20260423,4000.0,4025.0,3550.0,3585.0,1196880,4447986080,10011,-350.0,3572.3993797381117
20260424,3650.0,3870.0,3495.0,3795.0,1669831,6216953435,9077,210.0,3781.661268090972
20260427,3880.0,4045.0,3745.0,3960.0,1602220,6287322835,8568,165.0,3946.0813232253618
20260428,3970.0,4110.0,3890.0,3980.0,886060,3555225865,4825,20.0,3966.0110268780154
20260429,3980.0,4210.0,3885.0,4160.0,968800,3954739875,5940,180.0,4145.378359751895
20260430,4120.0,4170.0,3910.0,3910.0,1278072,5105067225,10053,-250.0,3896.257064093729
20260504,3980.0,4130.0,3895.0,4055.0,702607,2839381460,4259,145.0,4040.7474155754653
20260505,4045.0,4155.0,4000.0,4140.0,584743,2402991850,3259,85.0,4125.448656099242
20260506,4280.0,4530.0,4090.0,4400.0,1317410,5631520670,7844,260.0,4384.534803583735
20260507,4840.0,4840.0,4840.0,4840.0,448657,2166219880,2972,440.0,4822.988283942109
20260508,5320.0,5320.0,5185.0,5320.0,1475214,7837967775,5908,480.0,5301.301171605789
20260511,5300.0,5615.0,5280.0,5520.0,1794792,9826419795,6812,200.0,5500.598208132323
20260512,5450.0,5600.0,5280.0,5445.0,959381,5265441000,5229,-75.0,5425.861819434873
20260513,5350.0,5350.0,5005.0,5250.0,419234,2173429910,5270,-195.0,5231.547208821503
20260514,5400.0,5400.0,5010.0,5010.0,230619,1173402700,4124,-240.0,4992.390764989663
20260515,5160.0,5160.0,4725.0,4860.0,275815,1357175045,4535,-150.0,4842.917987594762
20260518,4730.0,4765.0,4525.0,4765.0,293796,1365580830,2963,-95.0,4748.251895244659
20260519,4765.0,4765.0,4450.0,4450.0,292365,1322778200,3147,-315.0,4434.359062715369
20260520,4600.0,4610.0,4475.0,4500.0,348605,1578613495,1818,50.0,4484.183321847002
20260521,4880.0,4950.0,4690.0,4895.0,247299,1196387500,2301,395.0,4877.794968986906
20260522,4605.0,5200.0,4605.0,5090.0,218511,1074932945,3211,195.0,5072.1095796002755
20260525,5290.0,5290.0,4980.0,4980.0,274035,1377187490,3929,-110.0,4962.496209510682
20260526,4980.0,5110.0,4970.0,5035.0,310520,1554088955,2846,55.0,5017.302894555479
20260527,5065.0,5195.0,4875.0,4920.0,562767,2812272640,5740,-115.0,4902.7070985527225
20260528,4930.0,5120.0,4615.0,4700.0,593987,2852368750,6527,-220.0,4683.480358373536
20260529,4920.0,5145.0,4825.0,5065.0,839930,4236585170,4997,365.0,5047.1974500344595
20260601,5285.0,5345.0,5110.0,5215.0,720624,3790632370,4566,150.0,5196.670227429359
20260602,5130.0,5205.0,4985.0,5075.0,361645,1836754295,3399,-140.0,5057.162301860786
20260603,5200.0,5375.0,5045.0,5350.0,510315,2674908555,3910,275.0,5331.19572708477
20260604,5350.0,5475.0,5150.0,5350.0,460040,2452823210,3390,0.0,5331.19572708477
20260605,5250.0,5805.0,4945.0,5620.0,1330055,7179872775,7286,270.0,5600.24672639559
20260608,6000.0,6180.0,6000.0,6180.0,566358,3484347440,3939,560.0,6158.278428669883
20260609,6500.0,6795.0,6285.0,6795.0,2110796,14080438795,7939,615.0,6771.116815988973
20260610,6610.0,6875.0,6345.0,6370.0,934382,6136296810,8212,-425.0,6347.61061337009
20260611,6090.0,6540.0,6090.0,6400.0,634094,4023529860,4181,30.0,6377.50516884907
20260612,6995.0,7040.0,6725.0,6910.0,1093367,7576323505,5775,510.0,6885.71261199173
20260615,7095.0,7195.0,6935.0,6960.0,799656,5634250580,4515,50.0,6935.536871123363
20260616,7040.0,7050.0,6605.0,6650.0,842432,5708493620,7018,-310.0,6626.626464507237
20260617,6520.0,6770.0,6480.0,6620.0,385738,2529992385,4377,-30.0,6596.731909028256
20260618,6640.0,6895.0,6620.0,6865.0,449793,3067596055,3058,245.0,6840.87077877326
20260622,7050.0,7550.0,7045.0,7550.0,967008,7177117325,6781,685.0,7523.463128876637
20260623,7600.0,7695.0,7220.0,7475.0,519704,3889906470,4673,-75.0,7448.726740179187
20260624,7620.0,7620.0,7275.0,7505.0,532094,3957814160,3199,30.0,7478.621295658167
20260625,7560.0,7795.0,7225.0,7315.0,781636,5849863605,5070,-190.0,7289.2891109579605
20260626,7205.0,7480.0,6895.0,6990.0,536216,3798162910,4972,-325.0,6965.431426602344
20260629,7080.0,7275.0,6920.0,7110.0,248723,1768028485,2407,120.0,7085.009648518264
20260630,7325.0,7425.0,6950.0,7360.0,437370,3184538170,2647,250.0,7334.130944176431
20260701,7395.0,7875.0,7300.0,7655.0,555290,4254172895,4328,295.0,7628.094073053067
20260702,7375.0,7880.0,7375.0,7880.0,331055,2568222145,2719,225.0,7852.303239145417
20260703,7875.0,8150.0,7820.0,8000.0,393292,3130542150,3601,120.0,7971.881461061337
20260706,8000.0,8000.0,7495.0,7785.0,468046,3602183845,4705,-215.0,7757.637146795314
20260707,8560.0,8560.0,8200.0,8260.0,1077207,9140813585,5450,475.0,8230.96760854583
20260708,8415.0,8440.0,7850.0,8095.0,608167,4897444065,4755,-165.0,8066.54755341144
20260709,8255.0,8545.0,8005.0,8250.0,684195,5694139860,3464,155.0,8221.002756719505
20260713,8210.0,8340.0,7850.0,8080.0,592920,4766206470,4444,-170.0,8051.600275671951
20260714,7915.0,8000.0,7580.0,7995.0,391606,3060119590,4514,-85.0,7966.899035148174
20260715,8050.0,8660.0,8005.0,8500.0,687030,5836820670,5221,505.0,8470.12405237767
20260716,8410.0,8900.0,8295.0,8655.0,726234,6291721965,4188,155.0,8624.579255685734
20260717,8575.0,8575.0,7835.0,7890.0,859138,6978750095,7403,-765.0,7862.268090971744
20260720,7970.0,8090.0,7610.0,7750.0,797667,6244304770,4000,-140.0,7722.7601654031705
20260721,7700.0,7975.0,7380.0,7975.0,1055807,8109519140,6101,225.0,7946.96933149552
20260722,8370.0,8495.0,8060.0,8125.0,411091,3397209970,3781,150.0,8096.442108890421
20260723,8300.0,8350.0,8005.0,8200.0,457766,3743410855,2631,75.0,8171.178497587871
20260724,8005.0,8150.0,7635.0,7735.0,578377,4514318125,5786,-465.0,7707.81288766368
20260727,7780.0,8275.0,7675.0,8275.0,531014,4255526635,4223,540.0,8245.914886285322
20260728,7715.0,7820.0,7450.0,7450.0,610643,4661760975,8123,-825.0,7423.81461061337
20260729,7450.0,7595.0,6840.0,7145.0,873804,6203902060,6059,-305.0,7119.886629910407
20260730,7035.0,7410.0,6840.0,7140.0,732344,5245474310,3376,-5.0,7114.904203997244
20260731,7850.0,7850.0,7760.0,7850.0,232481,1824270870,2097,710.0,7822.408683666437
20260803,8380.0,8635.0,8165.0,8635.0,613639,5253958290,4863,785.0,8604.64955203308
20260804,8720.0,9495.0,8720.0,9495.0,866327,8051008280,7211,860.0,9461.626809097175
20260805,9500.0,9575.0,9275.0,9470.0,727099,6868030340,5343,-25.0,9436.714679531358
20260806,9555.0,10100.0,9510.0,10100.0,698425,6891597850,5943,630.0,10064.500344589938
20260807,11110.0,11110.0,11110.0,11110.0,361895,4020653450,2158,1010.0,11070.950379048933
20260810,12220.0,12220.0,11590.0,11905.0,1016839,12353206775,7085,795.0,11863.156099241902
20260811,11700.0,12540.0,11615.0,12315.0,478258,5877767085,6611,410.0,12271.715024121297
20260812,12250.0,12295.0,11790.0,12045.0,350021,4180440330,7397,-270.0,12002.664024810476
20260813,12235.0,12500.0,11840.0,12235.0,290290,3536020990,5414,190.0,12191.996209510682
20260814,12010.0,12670.0,12010.0,12500.0,234633,2901705210,5393,265.0,12456.06478290834
20260817,13750.0,13750.0,13750.0,13750.0,244289,3358973750,2495,1250.0,13701.671261199173
20260818,14105.0,15085.0,13965.0,14370.0,1536780,22333837445,14901,620.0,14319.492074431428
20260819,13895.0,14500.0,13895.0,14095.0,526139,7478963500,10478,-275.0,14045.458649207443
20260820,14245.0,14495.0,13795.0,13925.0,575318,8073442025,7279,-170.0,13876.05616815989
20260821,13900.0,14000.0,13310.0,13385.0,651440,8831443625,10849,-540.0,13337.95416953825
20260824,13650.0,14720.0,13650.0,14410.0,564938,8187412385,11124,1025.0,14359.351481736734
20260825,14480.0,14625.0,14065.0,14285.0,657346,9411192520,7602,-125.0,14234.790833907651
20260826,14295.0,14590.0,13855.0,14510.0,501767,7161151985,7754,225.0,14459.0
20260827,14695.0,14815.0,14085.0,14340.0,382810,5490561130,8237,X0.00,14340.0
20260828,14500.0,14595.0,14005.0,14300.0,433751,6187081035,8029,-40.00,14300.0
20260831,14250.0,14310.0,13850.0,14180.0,982861,13872719995,8414,-120.00,14180.0
20260901,14010.0,14740.0,14005.0,14150.0,341901,4899509100,6824,-30.00,14150.0
20260902,14220.0,14220.0,13600.0,13865.0,439034,6096365635,10326,-285.00,13865.0
20260903,13935.0,14195.0,13255.0,13450.0,651444,8978890510,11459,-415.00,13450.0
