date,open,high,low,close,volume,turnover,transactions,price_change,close_adj
20100104,87.0,87.8,85.2,85.2,1839169,157928886,850,-2.6,28.833048020335806
20100105,85.5,86.0,82.2,83.0,2407325,201608208,1037,-2.2,28.08853269586705
20100106,83.0,83.5,82.0,83.2,1722753,142785999,731,0.2,28.156215907182382
20100107,83.3,83.3,77.5,77.5,4431986,356053998,2038,-5.7,26.227244384695123
20100108,77.6,78.0,72.6,76.8,2979676,224929266,1495,-0.7,25.990353145091433
20100111,76.8,82.1,76.7,82.1,3586652,287827250,1850,5.3,27.783958244948
20100112,81.0,84.8,81.0,83.6,3818221,318366274,1825,1.5,28.29158232981307
20100113,83.6,84.0,82.2,83.2,1442843,120014342,722,-0.4,28.156215907182382
20100114,83.8,86.0,83.8,86.0,3395170,288965620,1486,2.8,29.103780865597194
20100115,87.0,87.5,85.2,85.8,2416672,207834146,1083,-0.2,29.03609765428184
20100118,84.0,85.5,83.0,83.7,1290048,108474690,696,-2.1,28.325423935470738
20100119,83.8,84.0,81.3,82.0,1809281,149196609,899,-1.7,27.750116639290336
20100120,82.5,83.2,81.9,82.0,1332375,109714695,598,0.0,27.750116639290336
20100121,81.0,81.6,77.7,78.2,2695950,212505783,1298,-3.8,26.46413562429882
20100122,76.5,80.5,74.6,79.9,2280956,176481399,1091,1.7,27.03944292047925
20100125,78.6,80.0,78.3,78.3,1054906,83579290,477,-1.6,26.4979772299565
20100126,78.3,79.2,72.9,73.9,2977956,220260262,1395,-4.4,25.008946581018968
20100127,73.9,74.2,68.8,68.8,3207417,225193583,1356,-5.1,23.283024692477742
20100128,68.8,69.4,66.3,68.8,3499398,237539658,1585,0.0,23.283024692477742
20100129,67.0,71.6,66.5,70.9,2187816,151894950,1261,2.1,23.993698411288847
20100201,70.9,72.1,68.5,68.5,989807,68952376,632,-2.4,23.181499875504723
20100202,70.0,70.0,66.3,66.7,1313484,89645035,686,-1.8,22.57235097366665
20100203,68.0,68.4,66.5,68.0,1205317,81336256,615,1.3,23.012291847216368
20100204,68.2,72.1,67.6,70.9,2665572,188244424,1400,2.9,23.993698411288847
20100205,67.0,69.3,67.0,67.5,1661736,112636981,864,-3.4,22.843083818928015
20100206,67.5,68.6,65.8,67.5,1311259,88325512,689,0.0,22.843083818928015
20100208,67.5,70.4,66.7,69.4,1237271,85486342,658,1.9,23.48607432642378
20100209,69.4,74.2,69.4,73.4,2809739,204680147,1406,4.0,24.839738552730612
20100210,75.0,77.0,74.2,75.2,2491094,188336336,1072,1.8,25.448887454568695
20100222,77.2,77.3,75.2,75.3,946361,72141634,514,0.1,25.482729060226365
20100223,75.3,76.5,74.5,76.5,1022153,76997303,500,1.2,25.88882832811842
20100224,76.0,76.4,75.1,75.3,651233,49391926,394,-1.2,25.482729060226365
20100225,76.1,76.4,74.6,75.0,1012343,76352353,552,-0.3,25.381204243253354
20100226,75.0,76.3,74.6,75.3,848790,63872070,454,0.3,25.482729060226365
20100301,75.5,76.0,73.9,74.8,1199622,89909238,541,-0.5,25.313521031938016
20100302,76.0,78.9,75.0,77.9,2670661,207441026,1487,3.1,26.362610807325815
20100303,78.5,78.7,77.3,77.6,983930,76802862,612,-0.3,26.26108599035279
20100304,77.6,78.9,77.1,78.8,1009429,78627830,546,1.2,26.667185258244846
20100305,79.5,82.9,79.5,82.1,4114740,336263821,1996,3.3,27.783958244948
20100308,83.5,84.0,82.1,82.9,2085580,173172249,1030,0.8,28.05469109020937
20100309,82.8,84.8,82.5,84.5,2938360,247491035,1499,1.6,28.596156780732116
20100310,84.5,85.3,82.8,83.2,3082875,257027925,1490,-1.3,28.156215907182382
20100311,83.2,83.6,81.0,83.6,2327453,192005486,1227,0.4,28.29158232981307
20100312,83.6,84.5,82.6,83.1,1840949,154377177,924,-0.5,28.122374301524708
20100315,83.6,85.0,82.8,82.9,1694875,141974997,826,-0.2,28.05469109020937
20100316,83.2,83.6,82.6,83.2,677719,56381077,384,0.3,28.156215907182382
20100317,83.8,86.0,83.8,85.5,3098049,262502965,1521,2.3,28.934572837308828
20100318,85.3,87.5,84.7,86.2,3424710,296210032,1668,0.7,29.171464076912528
20100319,86.5,87.5,86.0,86.6,2212571,192117654,992,0.4,29.306830499543207
20100322,86.6,91.0,85.6,90.1,4946454,439046858,2316,3.5,30.49128669756169
20100323,90.1,91.6,87.1,88.7,3251413,292028244,1597,-1.4,30.017504218354308
20100324,89.7,89.7,86.2,86.8,1847044,162513381,954,-1.9,29.374513710858537
20100325,86.8,88.0,85.0,87.1,1834666,158282073,999,0.3,29.476038527831566
20100326,87.2,88.1,86.5,86.7,1582927,137962287,806,-0.4,29.340672105200877
20100329,87.0,87.7,86.5,86.5,1189519,103278034,620,-0.2,29.272988893885536
20100330,87.0,88.5,86.4,86.6,1513593,132229451,836,0.1,29.306830499543207
20100331,87.0,87.8,87.0,87.5,1035182,90392834,544,0.9,29.61140495046226
20100401,88.0,90.0,88.0,89.0,2052788,182900529,1090,1.5,30.119029035327316
20100402,89.1,91.0,89.0,89.2,3094882,278622127,1534,0.2,30.18671224664265
20100406,89.7,90.1,88.0,88.0,1371501,122467988,688,-1.2,29.7806129787506
20100407,88.2,88.8,86.1,86.8,1914088,166602716,1011,-1.2,29.374513710858537
20100408,86.0,87.8,84.4,84.5,2491219,214328837,1198,-2.3,28.596156780732116
20100409,85.0,87.0,83.2,86.7,1555736,132097162,857,2.2,29.340672105200877
20100412,87.4,87.5,85.4,85.7,474992,40948215,296,-1.0,29.002256048624172
20100413,85.7,85.7,81.5,82.9,1163900,97300312,715,-2.8,28.05469109020937
20100414,83.1,85.6,83.1,85.6,702447,59136033,429,2.7,28.968414442966488
20100415,86.1,87.5,86.1,86.6,1468548,127606078,704,1.0,29.306830499543207
20100416,85.0,86.5,85.0,85.6,559552,48023720,292,-1.0,28.968414442966488
20100419,83.6,84.8,81.0,81.0,2537929,208801549,1387,-4.6,27.411700582713625
20100420,82.0,82.8,81.0,82.2,903712,74054084,517,1.2,27.81779985060568
20100421,83.0,83.2,82.0,82.6,521064,43113857,336,0.4,27.953166273236363
20100422,82.6,83.8,80.8,83.3,1323314,108142628,755,0.7,28.19005751284005
20100423,83.3,83.5,82.1,82.4,562921,46548722,333,-0.9,27.88548306192102
20100426,83.3,84.0,82.5,84.0,851649,70949346,468,1.6,28.426948752443757
20100427,84.5,84.5,82.9,82.9,457470,38112957,311,-1.1,28.05469109020937
20100428,80.5,82.5,80.5,82.0,683815,55700030,423,-0.9,27.750116639290336
20100429,82.0,82.8,81.6,81.6,482901,39680983,309,-0.4,27.614750216659644
20100430,82.4,82.5,79.9,80.3,1018813,82395778,565,-1.3,27.174809343109928
20100503,79.9,79.9,74.7,77.6,2208965,168635796,1085,-2.7,26.26108599035279
20100504,77.8,78.0,75.6,78.0,1569340,120867816,656,0.4,26.396452412983486
20100505,75.0,81.9,75.0,81.9,1471079,114916350,725,3.9,27.71627503363266
20100506,81.0,82.9,79.1,80.0,1816698,147419790,853,-1.9,27.073284526136916
20100507,77.5,79.4,76.0,77.2,1314765,101959427,732,-2.8,26.12571956772212
20100510,77.2,79.5,77.2,79.5,922354,72117401,510,2.3,26.90407649784855
20100511,80.5,81.5,79.6,79.7,1311180,105538787,671,0.2,26.971759709163898
20100512,80.2,81.0,78.0,81.0,1509468,120090417,842,1.3,27.411700582713625
20100513,81.9,84.0,81.1,83.0,2552028,211923108,1287,2.0,28.08853269586705
20100514,82.8,83.5,82.0,82.8,560843,46369393,309,-0.2,28.020849484551704
20100517,82.0,82.1,79.5,80.6,1233698,99779347,595,-2.2,27.276334160082946
20100518,80.6,81.0,78.0,78.0,1029713,81495226,651,-2.6,26.396452412983486
20100519,78.0,79.7,76.9,79.1,850220,66636402,496,1.1,26.76871007521787
20100520,79.1,79.6,77.0,77.0,677953,53087346,355,-2.1,26.058036356406777
20100521,72.0,73.0,71.7,71.7,2625063,188898712,1072,-5.3,24.264431256550196
20100524,72.4,72.4,71.1,71.4,1107588,79362281,539,-0.3,24.162906439577185
20100525,71.0,71.5,66.5,71.0,2341605,160961655,1037,-0.4,24.027540016946503
20100526,71.0,71.0,68.5,69.3,1215700,84659049,564,-1.7,23.452232720766098
20100527,68.8,72.5,68.7,72.1,1021004,72622387,615,2.8,24.399797679180885
20100528,73.5,73.8,71.9,72.0,957714,69762208,548,-0.1,24.36595607352322
20100531,72.5,73.4,71.8,72.5,564725,40892171,310,0.5,24.53516410181157
20100601,72.5,73.7,72.0,73.3,642968,46839853,359,0.8,24.805896947072945
20100602,73.0,73.5,71.7,72.0,700589,50921908,371,-1.3,24.36595607352322
20100603,73.5,77.0,72.7,77.0,2813509,213491893,1352,5.0,26.058036356406777
20100604,77.4,79.4,77.4,77.8,1684651,132400986,889,0.8,26.328769201668145
20100607,74.7,77.7,74.5,77.7,935026,71165608,524,-0.1,26.294927596010467
20100608,77.4,78.3,76.4,76.4,724154,55930163,438,-1.3,25.854986722460747
20100609,77.0,77.5,73.8,74.1,1015615,76470499,506,-2.3,25.076629792334312
20100610,74.6,79.2,73.6,79.2,2034715,156910925,1081,5.1,26.802551680875546
20100611,80.8,83.5,79.3,81.6,3835996,312284370,2001,2.4,27.614750216659644
20100614,82.0,82.5,80.0,81.0,1230483,99626524,744,-0.6,27.411700582713625
20100615,81.0,83.5,81.0,81.1,1615517,132637628,854,0.1,27.445542188371288
20100617,81.2,83.2,81.2,81.7,1845600,151575400,829,0.6,27.648591822317307
20100618,82.3,82.4,80.7,81.1,786602,64137521,383,-0.6,27.445542188371288
20100621,82.1,83.2,81.6,83.2,1329215,109588298,688,2.1,28.156215907182382
20100622,83.2,83.7,82.4,83.6,1026183,85261159,525,0.4,28.29158232981307
20100623,83.4,83.4,82.4,83.0,922789,76410592,479,-0.6,28.08853269586705
20100624,82.5,83.0,81.9,82.6,879163,72396013,450,-0.4,27.953166273236363
20100625,81.6,82.0,80.4,80.6,834458,67515540,455,-2.0,27.276334160082946
20100628,80.6,81.4,79.8,81.0,563877,45476185,282,0.4,27.411700582713625
20100629,81.0,81.4,75.4,75.4,2418132,186887849,1210,-5.6,25.51657066588404
20100630,72.1,75.4,71.7,75.4,1540157,112989356,907,0.0,25.51657066588404
20100701,75.3,75.3,72.0,72.3,1573243,114717991,929,-3.1,24.467480890496233
20100702,72.8,74.4,72.8,73.0,909630,66932951,516,0.7,24.704372130099923
20100705,73.0,75.0,73.0,73.3,984100,72851630,632,0.3,24.805896947072945
20100706,73.0,74.9,72.8,74.6,1170913,86521747,571,1.3,25.24583782062267
20100707,74.6,75.1,73.6,73.9,828025,61488331,472,-0.7,25.008946581018968
20100708,74.5,74.7,73.8,74.3,1031712,76654200,519,0.4,25.144313003649653
20100709,74.6,77.5,74.3,75.0,2696327,205524256,1482,0.7,25.381204243253354
20100712,75.3,76.0,74.0,74.5,1151298,86050399,649,-0.5,25.211996214965
20100713,75.2,75.5,73.6,73.6,1134380,84590892,561,-0.9,24.907421764045957
20100714,74.0,74.8,73.0,73.4,2071417,153200941,839,-0.2,24.839738552730612
20100715,73.8,73.8,71.8,72.0,2838636,205265318,1193,-1.4,24.36595607352322
20100716,71.9,71.9,68.5,68.8,4473882,310838778,1792,-3.2,23.283024692477742
20100719,65.2,65.9,64.0,65.0,6331426,409792590,2394,-3.8,21.997043677486232
20100720,65.0,67.2,63.9,67.0,5636951,369645926,2639,2.0,22.673875790639656
20100721,68.0,68.8,66.1,67.0,3233717,218468247,1604,0.0,22.673875790639656
20100722,67.0,67.0,66.0,66.5,1228826,81726160,631,-0.5,22.504667762351307
20100723,66.6,68.6,66.6,67.2,3133773,212408335,1373,0.7,22.741559001955007
20100726,67.4,68.3,66.3,66.3,1997469,134048071,923,-0.9,22.43698455103596
20100727,66.5,68.2,66.0,68.2,4303743,291022324,1751,1.9,23.079975058531712
20100728,70.8,72.0,70.0,71.0,9062711,644070333,3884,2.8,24.027540016946503
20100729,71.5,71.5,69.0,69.5,3986133,278705039,1945,-1.5,23.519915932081446
20100730,69.4,70.2,68.8,69.0,2023042,140198318,1062,-0.5,23.35070790379309
20100802,69.3,70.1,69.2,69.3,1895951,131874409,882,0.3,23.452232720766098
20100803,69.8,70.2,68.5,68.8,2982509,207052839,1290,-0.5,23.283024692477742
20100804,64.0,64.0,64.0,64.0,2733701,174956864,1080,-4.8,21.658627620909527
20100805,59.6,62.5,59.6,61.5,9093300,552797244,3381,-2.5,20.812587479467748
20100806,61.6,64.5,61.5,63.5,5927102,374933569,2620,2.0,21.489419592621175
20100809,51.4,53.2,51.4,53.1,5863856,307964729,2376,0.0,22.62663191705886
20100810,53.5,54.0,52.3,52.3,2113012,111684530,1150,-0.8,22.285741040718985
20100811,52.0,52.5,50.5,51.3,2552388,131360609,1208,-1.0,21.859627445294155
20100812,50.5,52.1,50.5,51.5,1652999,84859346,765,0.2,21.944850164379112
20100813,53.3,53.3,52.0,53.0,1585260,83896909,832,1.5,22.58402055751638
20100816,53.3,53.3,52.0,52.0,2109624,110471672,905,-1.0,22.157906962091538
20100817,53.0,54.1,52.6,53.0,2455305,131232323,1227,1.0,22.58402055751638
20100818,53.5,53.9,52.4,52.7,1261418,66787054,670,-0.3,22.456186478888917
20100819,52.7,56.3,52.7,56.3,4488210,249168318,1992,3.6,23.99019542241834
20100820,56.5,57.1,55.6,56.1,2693804,151401161,1164,-0.2,23.904972703333364
20100823,56.1,56.1,54.1,54.5,1612530,88356904,820,-1.6,23.223190950653635
20100824,54.3,56.0,53.9,54.6,1663557,91692535,866,0.1,23.265802310196115
20100825,54.6,56.5,54.3,54.6,3037751,168360300,1507,0.0,23.265802310196115
20100826,54.8,55.2,52.9,53.2,1285673,69316577,671,-1.4,22.669243276601346
20100827,53.2,54.0,53.2,53.5,750771,40203134,440,0.3,22.797077355228797
20100830,53.9,54.5,52.3,52.6,1600836,85083833,633,-0.9,22.413575119346444
20100831,52.1,52.2,50.8,51.0,2380266,122665699,818,-1.6,21.731793366666704
20100901,51.1,51.9,50.9,51.2,1225297,62722202,554,0.2,21.817016085751668
20100902,51.9,52.8,51.2,51.3,1324539,68723157,623,0.1,21.859627445294155
20100903,51.5,54.8,51.5,54.8,3035353,163779839,1299,3.5,23.351025029281086
20100906,56.0,56.9,55.6,56.2,5039222,283639554,2259,1.4,23.947584062875862
20100907,56.2,57.0,55.0,56.3,2765133,154539461,1343,0.1,23.99019542241834
20100908,56.0,56.4,55.1,55.1,1115890,61980583,585,-1.2,23.47885910790854
20100909,55.5,55.8,54.5,54.5,833382,45856916,469,-0.6,23.223190950653635
20100910,54.6,56.4,54.6,55.1,1398619,77857205,830,0.6,23.47885910790854
20100913,55.6,56.4,55.5,55.5,1202741,67230447,676,0.4,23.649304546078465
20100914,55.8,56.4,55.3,55.4,1130959,63099661,570,-0.1,23.606693186535985
20100915,55.8,57.4,55.7,56.9,3918010,222764764,2280,1.5,24.245863579673244
20100916,57.0,57.2,55.3,55.6,2007901,112485717,1274,-1.3,23.69191590562097
20100917,56.4,56.8,55.8,55.8,1841489,103573982,1061,0.2,23.777138624705916
20100920,56.1,56.5,55.4,55.4,1267319,70659348,678,-0.4,23.606693186535985
20100921,56.5,59.2,55.4,59.2,8161541,477648151,3725,3.8,25.225924849150367
20100923,62.4,63.3,62.1,63.3,10712381,675524457,3368,4.1,26.972990590392204
20100924,63.7,66.9,63.2,64.3,18714390,1211026360,8832,1.0,27.39910418581703
20100927,64.6,65.5,62.4,62.8,5926436,377059650,2947,-1.5,26.75993379267977
20100928,62.8,63.9,62.5,63.0,3123276,197605669,1679,0.2,26.84515651176474
20100929,63.8,65.1,62.6,63.0,6028461,385979041,2941,0.0,26.84515651176474
20100930,63.3,64.8,63.2,63.6,4762500,304979205,2239,0.6,27.10082466901965
20101001,64.2,64.2,62.7,62.8,2359836,149267793,1275,-0.8,26.75993379267977
20101004,63.1,64.5,62.0,62.2,3080249,194768255,1625,-0.6,26.50426563542489
20101005,62.2,62.6,60.2,61.1,2852151,174211605,1352,-1.1,26.035540680457554
20101006,61.8,62.8,61.2,61.2,2085699,128942543,1090,0.1,26.078152040000038
20101007,61.2,62.0,60.2,60.4,2752023,166878759,1422,-0.8,25.737261163660172
20101008,60.6,61.5,60.4,60.6,1480083,89965110,961,0.2,25.822483882745136
20101011,60.8,64.0,60.8,62.6,4271798,268022349,2321,2.0,26.674711073594818
20101012,62.9,64.5,62.2,62.6,3600463,228437021,1897,0.0,26.674711073594818
20101013,63.5,64.2,62.9,63.0,2474785,157083154,1331,0.4,26.84515651176474
20101014,63.5,64.0,62.3,62.3,1807522,113960392,1012,-0.7,26.546876994967356
20101015,62.4,63.3,60.2,61.1,2430607,149799427,1222,-1.2,26.035540680457554
20101018,61.2,61.6,60.6,61.1,1336057,81588570,771,0.0,26.035540680457554
20101019,61.1,61.6,60.5,60.6,1179574,71909970,673,-0.5,25.822483882745136
20101020,60.0,61.5,58.6,61.0,1011253,61444033,603,0.4,25.99292932091507
20101021,61.2,61.7,60.6,60.6,897541,54779271,520,-0.4,25.822483882745136
20101022,60.6,61.9,60.6,61.1,987698,60539527,497,0.5,26.035540680457554
20101025,61.5,62.0,61.1,61.4,953574,58575327,465,0.3,26.163374759085002
20101026,61.7,62.6,61.4,61.8,1210774,75142720,669,0.4,26.33382019725495
20101027,62.5,62.5,61.0,61.0,758310,46695470,426,-0.8,25.99292932091507
20101028,61.6,62.3,61.1,61.6,1242097,76784926,697,0.6,26.248597478169984
20101029,62.0,62.3,61.5,61.6,757050,46813168,410,0.0,26.248597478169984
20101101,61.9,62.2,61.3,61.3,831994,51370924,401,-0.3,26.120763399542522
20101102,61.4,62.0,60.5,60.6,1006490,61395433,539,-0.7,25.822483882745136
20101103,60.8,61.2,56.4,56.4,4362992,250120828,1865,-4.2,24.032806781960822
20101104,56.0,56.4,53.6,55.0,3334356,183111474,1598,-1.4,23.436247748366057
20101105,55.5,56.6,55.5,56.0,1801990,101060140,1007,1.0,23.862361343790884
20101108,56.0,56.0,53.7,53.8,1549992,84175860,766,-2.2,22.924911433856252
20101109,53.5,56.5,53.5,56.4,1759146,97169123,943,2.6,24.032806781960822
20101110,55.4,56.7,55.4,55.5,689577,38571620,398,-0.9,23.649304546078465
20101111,56.0,56.9,55.6,55.7,991444,55711319,551,0.2,23.73452726516344
20101112,56.2,56.7,54.9,55.0,890403,49541337,529,-0.7,23.436247748366057
20101115,54.4,55.4,54.4,54.7,400803,21947065,201,-0.3,23.3084136697386
20101116,54.8,55.3,54.7,54.9,455248,25014484,242,0.2,23.393636388823566
20101117,54.2,55.2,54.2,54.7,473031,25826481,266,-0.2,23.3084136697386
20101118,55.2,55.3,54.4,54.6,408347,22351507,236,-0.1,23.265802310196115
20101119,54.9,55.9,54.5,54.6,596177,32914206,375,0.0,23.265802310196115
20101122,54.9,55.3,54.6,54.7,327708,18001511,225,0.1,23.3084136697386
20101123,54.5,55.7,54.5,54.6,519064,28567868,282,-0.1,23.265802310196115
20101124,54.0,55.0,54.0,54.9,441386,24108609,257,0.3,23.393636388823566
20101125,55.4,57.5,55.0,57.0,1863807,105701442,1038,2.1,24.288474939215725
20101126,58.0,58.7,56.3,56.3,2284664,132024384,1208,-0.7,23.99019542241834
20101129,57.1,57.4,56.0,56.5,672807,38074092,374,0.2,24.07541814150331
20101130,56.7,60.4,56.5,60.4,4692564,277828034,2188,3.9,25.737261163660172
20101201,62.0,63.1,61.7,62.0,7764012,483769021,3310,1.6,26.419042916339915
20101202,63.0,63.0,60.7,61.1,3130737,192864420,1575,-0.9,26.035540680457554
20101203,61.5,62.5,61.2,61.5,2781402,171748180,1219,0.4,26.205986118627493
20101206,61.5,61.8,60.5,61.1,2946869,180002036,1021,-0.4,26.035540680457554
20101207,61.0,61.8,59.6,61.3,3884796,236919556,1576,0.2,26.120763399542522
20101208,61.3,62.3,60.6,60.6,2940756,181446572,1184,-0.7,25.822483882745136
20101209,61.0,61.2,59.8,60.5,1438506,87118592,830,-0.1,25.779872523202663
20101210,60.6,61.7,60.4,60.6,1849693,112954721,972,0.1,25.822483882745136
20101213,61.0,61.5,60.5,60.6,1439234,87538326,761,0.0,25.822483882745136
20101214,61.0,62.9,60.8,62.0,4482573,278280593,2043,1.4,26.419042916339915
20101215,62.0,62.1,59.9,60.5,1710850,103615220,949,-1.5,25.779872523202663
20101216,60.9,62.8,60.6,60.8,2824330,174513951,1482,0.3,25.90770660183011
20101217,61.4,62.1,60.7,61.0,1993212,122195754,940,0.2,25.99292932091507
20101220,61.5,62.4,60.5,60.6,3309809,203595618,1136,-0.4,25.822483882745136
20101221,61.2,61.2,60.1,60.1,1189124,71751740,665,-0.5,25.609427085032724
20101222,60.5,61.2,60.4,60.5,1371177,83345300,679,0.4,25.779872523202663
20101223,61.5,62.3,60.9,61.5,3345781,206782517,1644,1.0,26.205986118627493
20101224,61.9,63.4,61.5,61.5,5624375,351567651,2563,0.0,26.205986118627493
20101227,60.7,61.7,60.0,60.4,2354824,142404761,1118,-1.1,25.737261163660172
20101228,60.4,61.3,60.4,60.8,1054092,64044369,505,0.4,25.90770660183011
20101229,61.0,62.0,60.5,60.6,1695341,103316285,704,-0.2,25.822483882745136
20101230,61.1,61.1,60.3,60.7,1489713,90300256,621,0.1,25.865095242287623
20101231,61.2,61.2,59.8,60.0,1497840,90239239,719,-0.7,25.566815725490237
20110103,60.7,60.7,59.0,59.0,1243234,74207306,633,-1.0,25.1407021300654
20110104,58.5,60.0,58.5,59.5,872269,51894214,494,0.5,25.353758927777815
20110105,60.4,60.9,59.5,60.2,1683666,101391384,803,0.7,25.652038444575197
20110106,60.9,60.9,59.6,59.6,687534,41228240,379,-0.6,25.396370287320302
20110107,60.2,60.3,59.0,59.1,622296,37004890,350,-0.5,25.183313489607876
20110110,59.0,59.1,58.5,58.5,593650,34811220,345,-0.6,24.92764533235298
20110111,58.5,59.4,57.6,58.1,1345982,78615845,621,-0.4,24.757199894183046
20110112,58.3,58.8,57.2,57.5,1633582,94268613,785,-0.6,24.501531736928147
20110113,57.8,58.7,57.6,58.3,1144125,66658050,602,0.8,24.84242261326801
20110114,58.8,58.8,58.0,58.1,435823,25425576,283,-0.2,24.757199894183046
20110117,58.5,62.1,58.5,62.1,5155448,316611270,2211,4.0,26.4616542758824
20110118,63.0,64.9,62.5,62.8,10086665,641271845,4185,0.7,26.75993379267977
20110119,62.9,64.5,62.4,63.4,5506799,350843129,2377,0.6,27.015601949934688
20110120,63.4,67.8,63.4,66.5,15991044,1054792139,6654,3.1,28.336554095751673
20110121,66.1,70.9,66.1,70.4,20359141,1404288470,8361,3.9,29.99839711790855
20110124,72.1,73.4,69.0,69.8,11299106,807302230,5175,-0.6,29.74272896065364
20110125,70.5,71.5,69.0,69.8,7865105,552709895,3770,0.0,29.74272896065364
20110126,70.1,71.5,69.2,70.0,7675484,541508480,3258,0.2,29.82795167973861
20110127,71.0,72.5,69.8,70.5,7896626,561656104,3243,0.5,30.04100847745103
20110128,70.8,70.8,68.8,69.5,5029389,349311659,2171,-1.0,29.614894882026185
20110208,70.5,72.7,68.8,71.6,6736510,479877277,3148,2.1,30.509733432418347
20110209,71.6,73.6,71.5,72.5,6717494,487625385,3161,0.9,30.8932356683007
20110210,72.3,73.2,71.7,72.0,4289202,310498344,2065,-0.5,30.680178870588286
20110211,72.0,72.4,67.6,69.5,4581710,323274990,2115,-2.5,29.614894882026185
20110214,71.5,74.0,71.0,73.6,6920129,504365958,3384,4.1,31.361960623268025
20110215,74.1,75.4,73.2,74.0,6761904,501973896,3373,0.4,31.532406061437968
20110216,74.0,74.2,71.6,71.6,3818113,277259870,1931,-2.4,30.509733432418347
20110217,73.0,75.6,72.3,73.6,8166128,607484945,3868,2.0,31.361960623268025
20110218,75.7,78.7,74.5,78.7,12738955,985326347,5440,5.1,33.53513995993469
20110221,79.3,80.0,77.2,78.7,10220449,804720400,5256,0.0,33.53513995993469
20110222,78.5,79.5,76.6,79.1,8154653,635978830,4011,0.4,33.70558539810463
20110223,79.1,82.5,76.0,76.5,9653432,763858534,4775,-2.6,32.59769005000004
20110224,76.6,80.7,75.0,77.3,10453971,818336541,5025,0.8,32.93858092633992
20110225,79.0,79.4,77.2,78.4,7368450,579030359,3404,1.1,33.40730588130726
20110301,80.2,82.4,79.1,81.0,8876156,717436836,4359,2.6,34.51520122941181
20110302,80.6,83.6,80.1,81.6,7331947,603208749,3576,0.6,34.77086938666671
20110303,83.2,84.7,82.2,84.4,7754365,648578360,3802,2.8,35.96398745385626
20110304,84.8,84.8,82.5,82.7,4750282,396566249,2371,-1.7,35.23959434163405
20110307,82.0,83.5,81.2,82.3,2887325,237729925,1627,-0.4,35.069148903464104
20110308,83.5,84.5,80.4,80.5,6866029,564833926,3045,-1.8,34.30214443169939
20110309,81.0,81.6,78.2,79.1,5737772,457290547,2586,-1.4,33.70558539810463
20110310,78.8,80.6,78.3,78.8,3520570,279139606,1716,-0.3,33.577751319477166
20110311,78.0,80.3,78.0,79.2,3157354,250771726,1720,0.4,33.74819675764712
20110314,79.0,79.0,73.8,75.8,3850017,293054384,1898,-3.4,32.29941053320268
20110315,75.0,75.3,70.5,70.5,5913696,426101866,2272,-5.3,30.04100847745103
20110316,70.5,71.5,67.1,71.0,7386566,515057586,2988,0.5,30.254065275163445
20110317,68.5,70.0,68.0,68.0,5126238,352708084,2206,-3.0,28.975724488888936
20110318,69.0,72.7,69.0,72.7,8965383,643625243,2645,4.7,30.97845838738566
20110321,74.0,76.9,74.0,76.0,10926487,826115412,4929,3.3,32.38463325228762
20110322,76.5,77.2,75.3,75.8,4130163,313980450,2211,-0.2,32.29941053320268
20110323,76.5,77.0,75.1,76.2,3197615,242753858,1620,0.4,32.4698559713726
20110324,77.0,78.2,75.8,76.8,5262247,406660661,2746,0.6,32.725524128627505
20110325,77.5,77.9,76.1,76.1,2868046,220685190,1365,-0.7,32.42724461183011
20110328,75.9,76.0,72.8,73.2,3100415,230121616,1462,-2.9,31.191515185098083
20110329,72.6,74.4,71.5,73.5,2281561,166904230,1168,0.3,31.31934926372554
20110330,74.0,76.5,73.8,76.1,2507028,189760521,1274,2.6,32.42724461183011
20110331,76.6,78.1,76.5,77.0,3816719,294914563,1610,0.9,32.81074684771247
20110401,77.3,77.5,75.8,77.5,1805582,138347301,906,0.5,33.02380364542489
20110406,78.4,80.4,77.5,79.4,4203517,333423041,1949,1.9,33.83341947673208
20110407,79.4,79.5,78.5,79.3,2554331,202011936,1131,-0.1,33.790808117189584
20110408,80.0,80.9,77.6,77.6,3431316,272579216,1803,-1.7,33.06641500496737
20110411,77.7,78.5,77.0,77.4,1702371,132506511,1050,-0.2,32.98119228588241
20110412,77.2,78.4,75.8,76.1,1951990,149777532,1230,-1.3,32.42724461183011
20110413,76.6,77.2,75.3,76.3,2395174,182371367,1454,0.2,32.51246733091508
20110414,77.0,77.1,76.1,77.0,1459844,112084088,832,0.7,32.81074684771247
20110415,77.6,79.7,77.2,77.5,5020715,395246009,2677,0.5,33.02380364542489
20110418,78.0,79.2,77.5,78.3,3241499,254043662,1668,0.8,33.364694521764754
20110419,77.5,79.2,77.5,79.2,2480247,194792730,1321,0.9,33.74819675764712
20110420,80.0,81.8,78.8,78.8,7148357,575964025,3812,-0.4,33.577751319477166
20110421,79.2,80.5,78.6,78.9,5381569,427718683,2558,0.1,33.62036267901965
20110422,80.4,83.8,80.3,80.6,10908636,894201132,5404,1.7,34.34475579124188
20110425,81.3,81.3,78.5,78.7,3355507,265913194,1745,-1.9,33.53513995993469
20110426,78.7,79.6,78.4,78.4,1461051,115093192,976,-0.3,33.40730588130726
20110427,79.0,80.4,78.4,78.5,2591708,205570075,1439,0.1,33.449917240849736
20110428,78.5,79.2,77.3,77.4,2323115,180975796,1192,-1.1,32.98119228588241
20110429,77.4,77.7,73.1,74.2,5161363,390360625,2332,-3.2,31.61762878052292
20110503,74.2,74.5,70.9,73.5,3277920,236719324,1498,-0.7,31.31934926372554
20110504,73.5,73.7,71.6,72.0,2642501,191787570,1214,-1.5,30.680178870588286
20110505,72.3,76.3,72.3,75.0,4758476,355093200,2826,3.0,31.958519656862798
20110506,74.8,75.0,73.5,73.7,1910254,141502796,1142,-1.3,31.404571982810502
20110509,75.1,76.5,74.0,75.3,2902467,220067454,1887,1.6,32.08635373549024
20110510,75.9,76.8,74.4,74.6,1485493,111697074,854,-0.7,31.788074218692852
20110511,75.0,75.6,73.0,73.1,1835982,135353587,987,-1.5,31.1489038255556
20110512,73.0,73.9,72.1,72.5,1930741,140353819,1088,-0.6,30.8932356683007
20110513,72.5,73.3,72.0,72.5,2241270,162510613,1084,0.0,30.8932356683007
20110516,72.9,72.9,71.6,72.5,938140,68016348,504,0.0,30.8932356683007
20110517,72.9,73.9,72.6,72.6,1436013,104894749,908,0.1,30.935847027843185
20110518,72.8,74.0,72.3,73.1,1227053,89876371,674,0.5,31.1489038255556
20110519,73.4,73.8,72.3,72.3,1019886,74364377,495,-0.8,30.80801294921573
20110520,72.6,73.0,70.3,71.0,1654745,118301191,720,-1.3,30.254065275163445
20110523,70.5,71.3,70.0,70.6,786018,55495266,390,-0.4,30.08361983699351
20110524,70.5,71.1,70.2,71.1,862910,60996599,480,0.5,30.29667663470593
20110525,71.4,73.4,71.4,72.2,1834289,132694263,1290,1.1,30.765401589673246
20110526,73.7,76.3,73.1,76.3,5576492,418985684,3120,4.1,32.51246733091508
20110527,77.0,78.3,76.3,76.4,4495925,347547512,2196,0.1,32.55507869045756
20110530,77.0,77.2,76.0,76.5,2330534,178955849,1102,0.1,32.59769005000004
20110531,77.0,79.1,77.0,78.3,5919620,464487936,2855,1.8,33.364694521764754
20110601,78.7,79.4,78.2,78.3,3801189,299095619,1799,0.0,33.364694521764754
20110602,77.5,78.2,77.1,77.7,1684848,130664663,791,-0.6,33.10902636450986
20110603,77.8,78.0,76.8,77.6,1355464,104969905,736,-0.1,33.06641500496737
20110607,77.6,77.7,76.2,77.0,1599909,122847993,692,-0.6,32.81074684771247
20110608,77.3,79.0,77.0,77.0,2141516,167082532,1016,0.0,32.81074684771247
20110609,77.8,77.8,76.0,76.0,1475550,112824578,950,-1.0,32.38463325228762
20110610,76.0,76.8,73.8,73.9,2394559,178519825,1219,-2.1,31.48979470189547
20110613,73.8,75.4,72.7,73.3,1954626,144378984,949,-0.6,31.234126544640574
20110614,74.3,75.0,73.4,73.4,1141953,84278245,613,0.1,31.276737904183058
20110615,73.5,74.3,73.0,74.0,2120400,156378100,1014,0.6,31.532406061437968
20110616,73.5,73.6,72.5,72.5,1174565,85550361,600,-1.5,30.8932356683007
20110617,72.9,73.4,72.5,73.1,924589,67400253,537,0.6,31.1489038255556
20110620,73.1,73.6,70.6,70.8,1377790,98777130,665,-2.3,30.168842556078474
20110621,70.8,71.8,67.3,70.2,3107383,214798382,1510,-0.6,29.91317439882358
20110622,71.2,71.9,70.3,70.5,2551842,181327712,1372,0.3,30.04100847745103
20110623,70.5,70.9,68.9,68.9,1279920,89150680,652,-1.6,29.359226724771304
20110624,68.9,70.7,68.7,70.4,1230915,85815914,691,1.5,29.99839711790855
20110627,69.9,71.8,69.2,71.2,824344,58298888,504,0.8,30.339287994248416
20110628,72.0,72.3,70.5,70.5,968721,69105227,616,-0.7,30.04100847745103
20110629,71.4,71.4,70.5,70.5,993017,70290293,550,0.0,30.04100847745103
20110630,70.7,70.9,69.5,70.3,1053876,73932092,622,-0.2,29.955785758366066
20110701,70.4,72.2,70.0,71.5,2024689,144710961,1127,1.2,30.46712207287586
20110704,72.0,72.5,71.3,72.3,2347827,168927286,1251,0.8,30.80801294921573
20110705,72.9,72.9,71.5,72.0,1713792,123827901,1002,-0.3,30.680178870588286
20110706,72.2,72.9,71.6,71.9,1493918,107877022,722,-0.1,30.6375675110458
20110707,72.3,72.3,70.5,71.1,2698394,192485550,1227,-0.8,30.29667663470593
20110708,71.1,72.6,71.1,72.4,5041402,362289666,2009,1.3,30.850624308758217
20110711,58.0,60.0,57.6,58.7,8524106,500759354,3586,0.0,31.48351263776264
20110712,58.7,59.3,57.6,57.9,3038266,177384360,1480,-0.8,31.054435804539295
20110713,58.1,58.5,55.0,56.2,2862265,162757840,1320,-1.7,30.142647533939705
20110714,56.5,56.9,55.0,55.5,1791834,100043169,882,-0.7,29.76720530486929
20110715,55.5,57.0,55.5,56.3,1620207,91271099,913,0.8,30.196282138092617
20110718,55.8,56.5,55.2,55.9,1249416,69503001,614,-0.4,29.981743721480946
20110719,55.9,55.9,52.7,53.7,4176124,225008040,1851,-2.2,28.801782430116763
20110720,55.1,56.0,54.4,55.2,4520882,248783850,1721,1.5,29.606301492410523
20110721,55.4,59.0,54.4,59.0,10249580,594090920,3509,3.8,31.644416450221396
20110722,59.2,60.6,59.0,59.5,5770331,344938591,2812,0.5,31.91258947098599
20110725,60.4,60.6,59.0,59.2,2490780,148797607,1332,-0.3,31.751685658527226
20110726,59.6,60.6,59.3,60.0,2586954,155326390,1208,0.8,32.18076249175057
20110727,60.0,60.4,59.2,60.0,1946989,116503040,1049,0.0,32.18076249175057
20110728,58.7,59.0,55.8,57.0,6530813,374101854,2870,-3.0,30.571724367163046
20110729,56.0,56.9,54.0,54.1,4378726,241186130,2076,-2.9,29.016320846728437
20110801,54.6,57.8,54.6,56.6,8390411,479595960,2651,2.5,30.357185950551372
20110802,56.3,57.5,55.8,56.0,6938705,392927667,2118,-0.6,30.03537832563386
20110803,55.0,56.5,54.1,55.6,4101451,227952956,1778,-0.4,29.820839909022197
20110804,56.0,58.0,54.2,54.3,6879253,384605290,2825,-1.3,29.12359005503426
20110805,50.5,50.5,50.5,50.5,2303888,116346341,655,-3.8,27.085475097223394
20110808,47.5,48.2,47.0,47.0,2337373,110368381,732,-3.5,25.208263951871277
20110809,43.75,46.5,43.75,45.45,9430029,414818884,2546,-1.55,24.376927587501058
20110810,46.85,48.0,45.8,46.1,7082050,331850025,2877,0.65,24.725552514495018
20110811,42.9,45.0,42.9,44.0,3628479,158601460,1700,-2.1,23.599225827283757
20110812,45.5,47.05,45.25,46.0,11721573,545328350,3588,2.0,24.671917910342096
20110815,46.1,46.65,45.65,46.0,4078560,188347002,1809,0.0,24.671917910342096
20110816,46.6,47.5,46.0,47.1,4670426,218805434,2342,1.1,25.26189855602421
20110817,47.1,47.3,45.9,46.2,3391650,158519450,1463,-0.9,24.779187118647947
20110818,45.5,45.9,43.0,43.5,6796275,296747369,3236,-2.7,23.331052806519168
20110819,40.5,40.55,40.5,40.5,3300058,133665935,1136,-3.0,21.72201468193164
20110822,37.7,37.7,37.7,37.7,2520932,95039114,1130,-2.8,20.22024576564995
20110823,35.1,37.2,35.1,37.0,15597784,553823358,5326,-0.7,19.84480353657952
20110824,37.0,39.3,36.1,37.2,13593798,513896262,5637,0.2,19.95207274488536
20110825,37.8,38.4,36.05,36.5,6055269,225162064,2640,-0.7,19.576630515814934
20110826,37.0,37.8,36.0,36.8,3149500,116081638,1574,0.3,19.737534328273682
20110829,37.2,37.9,36.95,37.25,2685250,100546811,1353,0.45,19.97889004696182
20110830,37.9,39.85,37.5,39.75,7909265,310790861,3336,2.5,21.31975515078476
20110831,39.65,40.5,38.85,40.2,3732201,148354815,1885,0.45,21.56111086947289
20110901,40.5,40.9,39.3,39.6,3520867,141031670,1510,-0.6,21.239303244555376
20110902,39.5,40.2,39.4,39.5,1863926,74126855,906,-0.1,21.185668640402465
20110905,38.6,39.3,37.9,39.15,1821537,69886471,868,-0.35,20.997947525867247
20110906,38.3,39.35,36.8,36.9,2547101,97372153,1065,-2.25,19.791168932426604
20110907,37.5,38.0,37.05,37.7,2436134,91301557,980,0.8,20.22024576564995
20110908,38.2,39.2,37.8,38.15,3060311,118261876,1393,0.45,20.46160148433807
20110909,38.15,39.7,38.0,39.6,3156209,123064315,1615,1.45,21.239303244555376
20110913,38.8,39.6,38.3,38.7,1815396,70435769,808,-0.9,20.756591807179113
20110914,39.5,39.5,36.2,36.65,2902000,109452295,1547,-2.05,19.657082422044304
20110915,38.4,38.4,37.25,37.7,1653207,62672370,842,1.05,20.22024576564995
20110916,38.5,39.4,38.4,39.4,2878821,112503637,1430,1.7,21.13203403624954
20110919,39.4,40.4,38.65,39.8,3298500,130481446,1322,0.4,21.346572452861217
20110920,40.2,42.25,39.9,42.25,7150777,293346162,3278,2.45,22.660620254607696
20110921,42.25,42.75,41.2,41.35,5013463,210258183,2372,-0.9,22.177908817231433
20110922,40.1,40.8,39.5,39.9,2535298,101598032,1281,-1.45,21.400207057014132
20110923,37.15,38.5,37.15,37.8,4121579,154594753,1661,-2.1,20.273880369802857
20110926,38.2,38.7,35.5,36.05,3022572,112988663,1404,-1.75,19.3352747971268
20110927,37.5,37.85,37.1,37.4,2055190,76967997,915,1.35,20.059341953191193
20110928,38.0,38.1,37.45,37.5,925700,34847806,608,0.1,20.11297655734411
20110929,37.05,37.8,36.5,37.25,1123654,41814374,696,-0.25,19.97889004696182
20110930,37.5,37.9,37.15,37.25,1201351,44969338,637,0.0,19.97889004696182
20111003,36.8,36.8,35.3,35.9,1459711,52812046,780,-1.35,19.254822890897426
20111004,35.0,36.6,34.95,36.5,1312537,47035345,690,0.6,19.576630515814934
20111005,36.2,36.5,35.75,35.75,1097933,39669588,468,-0.75,19.174370984668045
20111006,36.5,36.75,35.75,35.75,2003471,72782228,939,0.0,19.174370984668045
20111007,36.6,36.7,36.0,36.15,1072723,38938601,469,0.4,19.388909401279715
20111011,37.0,38.45,36.9,38.3,2203208,83291910,1038,2.15,20.54205339056745
20111012,37.8,38.5,37.75,37.85,1537472,58393855,756,-0.45,20.300697671879327
20111013,38.3,39.6,38.05,38.75,3701950,144324661,1933,0.9,20.783409109255576
20111014,39.8,41.45,39.5,41.45,4129730,169504736,1505,2.7,22.23154342138436
20111017,42.85,43.8,42.0,42.2,11211427,479658013,4609,0.75,22.633802952531237
20111018,41.2,41.5,40.15,40.9,3643519,148459666,1748,-1.3,21.936553098543307
20111019,41.65,43.2,41.1,42.1,6864506,291476646,3283,1.2,22.58016834837832
20111020,42.1,42.8,41.55,41.6,2969971,124935841,1356,-0.5,22.31199532761373
20111021,41.4,42.85,41.4,42.6,4342691,183841728,2132,1.0,22.848341369142908
20111024,43.7,44.1,43.1,43.3,5535491,241121075,2456,0.7,23.223783598213327
20111025,44.0,44.0,42.55,42.6,3349257,144496192,1589,-0.7,22.848341369142908
20111026,42.2,43.05,41.8,42.9,2810458,119845042,1284,0.3,23.009245181601653
20111027,43.0,43.2,41.95,42.3,2655277,112515044,1272,-0.6,22.687437556684156
20111028,43.0,43.15,40.8,40.85,4204840,175716271,1985,-1.45,21.909735796466848
20111031,41.2,41.9,40.85,40.95,1950013,80943820,971,0.1,21.963370400619766
20111101,41.0,41.8,40.6,41.8,1967148,81306429,1086,0.85,22.419264535919563
20111102,41.0,43.9,40.7,43.2,9233115,392367556,3961,1.4,23.17014899406041
20111103,43.4,44.5,42.45,42.75,14440511,630238583,5150,-0.45,22.92879327537228
20111104,42.5,43.65,41.8,42.05,9879355,421161082,3777,-0.7,22.553351046301863
20111107,42.0,43.3,41.6,42.6,5594758,238597376,2687,0.55,22.848341369142908
20111108,42.6,43.35,42.4,42.6,3264142,139906643,1536,0.0,22.848341369142908
20111109,43.05,43.65,42.9,43.0,4274660,184761780,2040,0.4,23.06287978575458
20111110,41.65,42.65,41.65,42.0,3680400,154512850,1512,-1.0,22.526533744225404
20111111,42.5,42.6,40.3,41.55,3071580,127206347,1425,-0.45,22.285178025537267
20111114,41.9,42.4,41.7,41.9,1614292,67779572,837,0.35,22.472899140072485
20111115,41.9,42.9,41.9,42.1,3577751,151934163,1488,0.2,22.58016834837832
20111116,42.3,42.65,40.8,40.85,2575401,106716228,1266,-1.25,21.909735796466848
20111117,40.2,41.2,40.2,40.8,1869638,76088528,833,-0.05,21.882918494390385
20111118,40.2,40.7,39.45,39.65,3079965,122648702,1162,-1.15,21.26612054663183
20111121,39.2,39.2,36.9,36.9,4566859,169732047,1725,-2.75,19.791168932426604
20111122,36.9,37.0,35.0,35.45,3721198,133094204,1485,-1.45,19.0134671722093
20111123,36.3,36.3,35.1,35.1,2914917,103813229,1295,-0.35,18.82574605767409
20111124,35.0,35.1,32.65,33.55,3196431,106812903,1269,-1.55,17.99440969330386
20111125,33.7,34.45,32.8,33.0,1766644,58985952,841,-0.55,17.69941937046282
20111128,33.1,33.5,32.3,32.5,2356771,77090702,1160,-0.5,17.431246349698224
20111129,33.1,34.3,33.0,34.3,2484420,83837063,1268,1.8,18.396669224450743
20111130,34.3,34.4,32.5,32.6,2177664,73013491,956,-1.7,17.484880953851146
20111201,34.4,34.4,33.7,34.1,2532615,86597272,1064,1.5,18.28940001614491
20111202,34.2,34.95,34.1,34.1,2448395,84356115,1141,0.0,18.28940001614491
20111205,34.1,34.1,32.8,33.15,1382488,46216622,554,-0.95,17.77987127669219
20111206,33.3,33.35,32.3,32.35,1028544,33703545,575,-0.8,17.350794443468846
20111207,32.5,32.95,30.1,30.25,3556240,109065803,1741,-2.1,16.22446775625758
20111208,29.0,30.25,29.0,29.0,2375575,69972875,1038,-1.25,15.55403520434611
20111209,28.0,29.75,27.3,29.3,1819500,52168997,1080,0.3,15.714939016804871
20111212,29.9,30.3,29.5,29.5,1259272,37762999,555,0.2,15.822208225110698
20111213,29.0,30.6,29.0,30.25,1233600,36925297,713,0.75,16.22446775625758
20111214,30.3,30.95,30.0,30.95,1688046,51629564,852,0.7,16.599909985328004
20111215,30.2,30.5,30.05,30.25,597420,18081589,339,-0.7,16.22446775625758
20111216,30.5,30.8,30.3,30.5,1329577,40592247,593,0.25,16.35855426663987
20111219,29.9,30.4,28.4,28.6,1386437,40674102,619,-1.9,15.339496787734445
20111220,28.5,29.2,28.45,28.5,1338500,38497720,623,-0.1,15.285862183581523
20111221,30.25,30.45,29.8,30.45,1452780,44133492,529,1.95,16.331736964563415
20111222,30.45,31.1,30.0,30.45,1335555,40880813,587,0.0,16.331736964563415
20111223,31.5,32.55,31.1,32.55,2167797,69530987,777,2.1,17.458063651774683
20111226,34.5,34.8,33.65,34.1,5719636,196885881,1826,1.55,18.28940001614491
20111227,33.9,34.1,32.8,33.95,2388111,80310542,1139,-0.15,18.208948109915536
20111228,33.9,33.9,32.8,32.8,1310858,43698280,676,-1.15,17.59215016215698
20111229,32.55,33.35,32.0,33.0,1120811,36767090,517,0.2,17.69941937046282
20111230,33.3,33.95,33.0,33.0,1394833,46545469,702,0.0,17.69941937046282
20120102,33.35,33.35,32.2,32.7,651500,21327722,302,-0.3,17.538515558004057
20120103,32.95,34.95,32.85,34.95,3852588,132568294,1407,2.25,18.74529415144471
20120104,35.1,36.5,35.1,35.9,9184825,329564385,3656,0.95,19.254822890897426
20120105,36.5,37.4,36.35,37.0,5854862,215747244,2598,1.1,19.84480353657952
20120106,37.4,37.7,36.7,37.0,4999192,185830254,1977,0.0,19.84480353657952
20120109,37.1,37.5,36.85,36.9,2230248,82848122,1039,-0.1,19.791168932426604
20120110,37.2,38.9,37.2,38.5,6166248,235532338,2580,1.6,20.649322598873283
20120111,38.8,39.15,38.4,38.4,3221477,124659590,1459,-0.1,20.595687994720365
20120112,38.4,38.6,37.6,37.7,2518044,95638885,1090,-0.7,20.22024576564995
20120113,37.9,38.2,37.1,37.2,3307997,124903086,1535,-0.5,19.95207274488536
20120116,38.0,39.0,37.1,39.0,4729129,181132581,2023,1.8,20.91749561963787
20120117,39.1,40.2,38.75,39.85,5916118,233963790,2420,0.85,21.373389754937676
20120118,39.8,41.25,39.75,40.35,6264380,255267264,2488,0.5,21.641562775702262
20120130,43.0,43.15,41.7,43.15,7220728,307948001,2554,2.8,23.143331691983956
20120131,43.15,43.6,42.6,42.6,3926318,168803809,1672,-0.55,22.848341369142908
20120201,43.6,44.7,43.2,44.1,5102559,225596283,2196,1.5,23.65286043143667
20120202,44.7,46.3,44.7,46.3,5546234,251665270,2722,2.2,24.832821722800855
20120203,46.5,46.7,45.0,46.1,2951068,135270361,1571,-0.2,24.725552514495018
20120204,46.65,48.5,46.6,47.45,5140262,244533529,2511,1.35,25.449619670559425
20120206,48.15,48.3,45.6,46.3,5295424,247355819,2366,-1.15,24.832821722800855
20120207,47.0,47.3,45.5,46.0,4064909,188586664,1986,-0.3,24.671917910342096
20120208,46.8,47.6,46.4,46.95,4872999,228881285,2292,0.95,25.181446649794825
20120209,47.0,48.75,47.0,48.0,7086074,338835202,3098,1.05,25.744609993400456
20120210,48.6,50.2,47.6,47.7,12130000,593753589,5401,-0.3,25.583706180941704
20120213,47.9,49.0,47.1,48.7,9358287,453044350,4004,1.0,26.120052222470882
20120214,49.0,49.6,47.8,48.6,5940918,290155605,2782,-0.1,26.066417618317967
20120215,48.6,49.45,48.4,49.3,6461441,316664272,2667,0.7,26.441859847388393
20120216,49.3,50.5,46.0,46.2,7970682,390189005,3667,-3.1,24.779187118647947
20120217,47.7,48.0,46.2,46.75,5258927,246930836,2490,0.55,25.07417744148899
20120220,47.5,47.55,46.55,47.5,1997223,94228085,1030,0.75,25.47643697263587
20120221,48.2,50.1,47.8,50.0,10122427,499692600,4645,2.5,26.817302076458812
20120222,51.0,51.6,50.2,50.8,9214433,468760787,4328,0.8,27.246378909682146
20120223,50.3,50.9,49.3,49.5,4412010,220579987,2042,-1.3,26.549129055694213
20120224,51.9,52.3,50.2,50.2,9134321,468270501,4169,0.7,26.924571284764653
20120229,51.4,51.4,49.3,49.8,4854984,243292146,2507,-0.4,26.71003286815297
20120301,50.0,50.5,49.35,49.6,3297477,164071599,1742,-0.2,26.602763659847138
20120302,50.3,51.8,50.3,51.3,8537196,438197142,4032,1.7,27.514551930446743
20120303,51.3,51.7,50.7,51.2,3019015,154671253,1490,-0.1,27.460917326293824
20120305,51.2,52.7,50.0,50.6,6916588,355440147,3447,-0.6,27.13910970137632
20120306,50.6,50.6,47.3,48.7,4307665,209534126,2131,-1.9,26.120052222470882
20120307,46.75,50.3,46.75,49.7,4664655,230531348,2272,1.0,26.656398264000057
20120308,50.5,52.1,50.2,51.7,8849967,455487083,3858,2.0,27.729090347058413
20120309,52.8,55.0,52.5,54.0,14090042,760685868,6390,2.3,28.962686242575504
20120312,54.9,55.7,53.0,53.0,7650883,415230099,3981,-1.0,28.426340201046347
20120313,54.0,54.0,52.0,52.6,3975967,210104455,2189,-0.4,28.211801784434666
20120314,53.7,53.8,51.9,52.3,4862040,256175580,2348,-0.3,28.050897971975914
20120315,52.0,54.0,52.0,52.6,4749786,251573133,2393,0.3,28.211801784434666
20120316,53.8,56.2,53.0,56.2,20094291,1108121030,8103,3.6,30.142647533939705
20120319,56.6,57.3,55.4,55.9,15733263,887965781,6742,-0.3,29.981743721480946
20120320,56.2,56.4,54.3,55.2,5201183,286750875,2598,-0.7,29.606301492410523
20120321,56.0,57.0,54.6,55.3,10164084,569187335,4950,0.1,29.659936096563445
20120322,55.3,56.0,54.2,54.7,7314202,402539066,3320,-0.6,29.338128471645938
20120323,54.7,55.3,54.0,55.3,4456730,244104966,2156,0.6,29.659936096563445
20120326,55.3,55.5,54.5,55.0,2648087,145723585,1491,-0.3,29.49903228410469
20120327,55.5,55.7,53.2,53.6,4439721,240479611,2255,-1.4,28.74814782596384
20120328,53.7,55.1,53.5,54.3,3990117,217215252,2071,0.7,29.12359005503426
20120329,53.6,54.1,50.5,50.8,6733963,348190511,3286,-3.5,27.246378909682146
20120330,50.6,54.3,50.0,54.3,7594669,400381521,3962,3.5,29.12359005503426
20120402,54.0,54.5,52.3,53.0,4363030,232526803,2589,-1.3,28.426340201046347
20120403,53.5,53.8,49.55,50.1,6652096,338359199,3414,-2.9,26.870936680611724
20120405,47.5,50.8,46.65,50.8,5555404,269453268,2656,0.7,27.246378909682146
20120406,51.6,53.4,51.6,52.6,8671553,457546178,4262,1.8,28.211801784434666
20120409,51.0,52.9,50.8,51.7,5275915,274001586,2749,-0.9,27.729090347058413
20120410,53.0,53.3,51.2,51.7,4872250,254952218,2550,0.0,27.729090347058413
20120411,50.6,52.3,50.5,52.0,3459329,179158008,1849,0.3,27.88999415951716
20120412,52.7,52.7,51.6,52.0,3011402,157272304,1545,0.0,27.88999415951716
20120413,53.0,55.2,52.8,54.2,9779935,531309871,4484,2.2,29.06995545088136
20120416,54.0,55.1,53.4,54.2,4499663,244921728,2324,0.0,29.06995545088136
20120417,54.6,55.1,51.6,52.1,5583625,298118656,2730,-2.1,27.943628763670084
20120418,53.7,53.7,51.2,51.9,3877167,202850060,2058,-0.2,27.836359555364243
20120419,52.9,53.3,50.6,52.6,4187000,218527300,2105,0.7,28.211801784434666
20120420,52.3,52.7,50.5,50.9,3162495,162669045,1790,-1.7,27.30001351383507
20120423,50.4,51.2,47.55,48.0,3927523,191108864,2217,-2.9,25.744609993400456
20120424,47.2,49.8,47.2,49.2,2736150,133572730,1548,1.2,26.38822524323547
20120425,50.4,51.9,50.0,51.7,3414216,174050960,1976,2.5,27.729090347058413
20120426,51.7,52.1,49.5,49.95,4606865,234137850,2520,-1.75,26.790484774382346
20120427,50.1,50.5,47.3,48.15,5308929,259241773,2752,-1.8,25.825061899629834
20120430,48.0,48.8,47.2,48.75,2043615,98261078,1277,0.6,26.14686952454734
20120502,49.2,51.8,48.95,51.6,4855922,246640270,2716,2.85,27.675455742905495
20120503,51.6,52.9,51.0,52.0,6275200,326906200,3026,0.4,27.88999415951716
20120504,52.0,54.3,51.7,52.8,10369971,554465558,4165,0.8,28.319070992740503
20120507,51.5,52.3,50.6,51.6,2400180,123689220,1272,-1.2,27.675455742905495
20120508,52.1,52.4,51.6,51.6,1984270,103058229,1140,0.0,27.675455742905495
20120509,51.4,52.7,50.6,51.6,3592500,185186099,1698,0.0,27.675455742905495
20120510,52.4,53.0,51.9,51.9,3977250,208601373,1991,0.3,27.836359555364243
20120511,52.4,52.5,51.3,51.3,4050150,210305710,1809,-0.6,27.514551930446743
20120514,51.3,51.5,49.0,49.65,2611300,131065521,1379,-1.65,26.629580961923597
20120515,48.5,50.3,48.2,50.3,2936409,145154950,1483,0.65,26.978205888917564
20120516,50.0,50.1,48.65,48.7,2508603,123332925,1343,-1.6,26.120052222470882
20120517,48.7,49.5,47.9,48.7,3068700,149274550,1627,0.0,26.120052222470882
20120518,47.5,48.5,45.3,45.8,4005116,187870368,1961,-2.9,24.564648702036273
20120521,45.8,46.75,44.2,44.2,4995316,228091242,2421,-1.6,23.70649503558958
20120522,45.4,47.25,45.3,47.25,3405523,158316811,1730,3.05,25.34235046225357
20120523,47.2,48.05,46.85,47.25,7830508,371522600,3594,0.0,25.34235046225357
20120524,48.0,49.0,47.1,47.45,6426207,308204218,3495,0.2,25.449619670559425
20120525,48.1,48.1,45.5,46.5,3766254,175914780,1956,-0.95,24.94009093110669
20120528,45.85,47.4,45.85,47.1,2582500,120935649,1506,0.6,25.26189855602421
20120529,48.0,50.3,47.9,49.8,6600096,326151673,3243,2.7,26.71003286815297
20120530,49.5,49.9,49.0,49.1,2742163,135343400,1459,-0.7,26.33459063908255
20120531,48.3,49.45,48.1,49.0,2742237,133616813,1412,-0.1,26.280956034929645
20120601,48.0,48.5,46.3,46.85,3303226,157159272,1640,-2.15,25.127812045641907
20120604,44.2,45.0,44.0,44.9,3371717,149798965,1550,-1.95,24.08193726466001
20120605,46.0,46.7,44.8,45.1,3479284,158682503,1965,0.2,24.189206472965854
20120606,45.05,45.3,43.4,44.0,9272447,410543908,3812,-1.1,23.599225827283757
20120607,44.5,45.0,43.8,43.95,8316929,368373526,3581,-0.05,23.572408525207294
20120608,43.8,44.4,40.9,41.65,6975233,294022009,3410,-2.3,22.338812629690185
20120611,42.1,42.5,41.45,42.45,5220362,218849619,2801,0.8,22.767889462913534
20120612,41.4,43.2,41.4,43.05,2391000,101778600,1375,0.6,23.089697087831038
20120613,43.4,44.35,43.2,44.15,3988430,175100178,2300,1.1,23.679677733513127
20120614,44.15,44.2,43.35,43.45,1835113,80216328,1074,-0.7,23.304235504442712
20120615,43.45,44.0,43.25,43.7,2089156,91047414,1229,0.25,23.438322014825005
20120618,44.8,46.5,44.5,45.6,6059391,276243124,2879,1.9,24.457379493730432
20120619,45.9,46.8,45.7,45.75,4672770,216031302,2577,0.15,24.53783139995981
20120620,45.8,46.3,45.1,45.8,2819511,128787500,1708,0.05,24.564648702036273
20120621,46.0,46.75,45.6,46.3,3731666,172822385,1849,0.5,24.832821722800855
20120622,45.7,47.1,45.6,46.95,3636107,169686768,1958,0.65,25.181446649794825
20120625,46.9,46.9,46.4,46.5,1340530,62415493,757,-0.45,24.94009093110669
20120626,46.4,46.45,45.5,45.65,1421750,65104274,794,-0.85,24.4841967958069
20120627,45.65,46.8,45.65,46.05,1657922,76767935,907,0.4,24.698735212418555
20120628,46.9,46.9,46.1,46.2,1158728,53765977,768,0.15,24.779187118647947
20120629,46.4,46.95,45.6,46.7,1662745,77240340,874,0.5,25.047360139412543
20120702,47.25,48.3,47.1,48.2,3816001,183070295,1795,1.5,25.851879201706293
20120703,48.2,50.6,48.2,49.85,8437675,420377258,3729,1.65,26.736850170229435
20120704,50.7,51.3,50.0,50.9,4861068,246326551,2288,1.05,27.30001351383507
20120705,50.9,50.9,49.8,50.1,3892508,195472494,1829,-0.8,26.870936680611724
20120706,49.9,50.9,49.7,50.1,2380405,119195568,1116,0.0,26.870936680611724
20120709,50.1,50.2,49.2,49.35,1710600,84716149,827,-0.75,26.468677149464856
20120710,50.0,50.0,48.15,48.5,3201807,156692736,1534,-0.85,26.01278301416505
20120711,48.2,49.75,48.0,49.75,2786196,136885394,1571,1.25,26.68321556607652
20120712,49.8,50.0,49.15,49.45,2132217,105568925,1104,-0.3,26.522311753617767
20120713,49.6,50.5,49.45,50.0,3499243,174931050,1835,0.55,26.817302076458812
20120716,50.7,51.2,49.7,50.0,3347080,169007900,1691,0.0,26.817302076458812
20120717,50.0,50.0,47.1,48.15,4206533,202792438,2198,-1.85,25.825061899629834
20120718,48.0,48.35,46.5,46.8,3475519,164273135,1733,-1.35,25.100994743565447
20120719,48.0,49.35,47.65,49.15,4206544,204614029,2021,2.35,26.361407941159012
20120720,49.2,49.2,48.6,48.75,1624507,79481437,832,-0.4,26.14686952454734
20120723,48.2,48.75,47.5,47.9,1698478,81304594,830,-0.85,25.690975389247534
20120724,47.55,48.5,47.35,47.6,4216756,201220712,1578,-0.3,25.530071576788796
20120725,41.65,43.6,41.6,42.8,5701063,244191536,3081,0.0,26.35867916305298
20120726,43.7,44.2,43.15,43.3,3152631,137247837,1679,0.5,26.666607657948465
20120727,44.0,44.8,43.7,44.2,3529650,156349272,1830,0.9,27.220878948760326
20120730,44.7,44.7,43.85,44.2,2095196,92656021,1187,0.0,27.220878948760326
20120731,44.1,44.95,43.5,44.6,3204838,142898105,1536,0.4,27.46722174467671
20120801,44.2,44.6,43.9,44.1,3194334,141048948,1566,-0.5,27.159293249781225
20120803,43.7,43.7,42.85,43.05,3678950,158941850,1690,-1.05,26.512643410500722
20120806,43.7,43.7,42.3,42.4,3568900,153274100,1587,-0.65,26.1123363671366
20120807,40.2,41.0,39.45,40.5,9458651,376967591,3478,-1.9,24.94220808653378
20120808,40.5,41.8,40.4,41.7,5287857,217578244,2498,1.2,25.681236474282922
20120809,41.8,43.85,41.8,43.8,6093441,263894207,2873,2.1,26.974536152843942
20120810,44.0,44.85,43.4,44.3,5608706,248635242,2696,0.5,27.28246464773942
20120813,44.8,45.0,44.15,44.3,2558992,113953640,1416,0.0,27.28246464773942
20120814,44.3,44.9,44.2,44.5,3109045,138195692,1681,0.2,27.40563604569761
20120815,44.7,45.5,44.5,45.4,4720062,213178963,2440,0.9,27.959907336509474
20120816,45.8,46.65,45.4,45.4,5057514,233077036,2480,0.0,27.959907336509474
20120817,45.8,46.0,44.75,45.1,3660266,165501142,1842,-0.3,27.775150239572188
20120820,45.3,45.5,44.8,45.5,1592471,71851673,878,0.4,28.021493035488568
20120821,46.0,46.0,45.05,45.2,2765146,125745245,1457,-0.3,27.836735938551282
20120822,45.8,45.8,44.9,45.4,1744750,79118547,1074,0.2,27.959907336509474
20120823,45.1,45.6,43.0,43.6,6798735,300380746,3202,-1.8,26.85136475488575
20120824,43.25,43.35,42.8,43.1,4220583,181644449,1904,-0.5,26.543436259990262
20120827,43.55,43.55,42.7,42.8,2586086,111271299,1187,-0.3,26.35867916305298
20120828,42.8,43.3,42.5,43.05,2546225,109286875,1324,0.25,26.512643410500722
20120829,43.05,44.3,43.05,44.1,3059412,133770371,1941,1.05,27.159293249781225
20120830,44.1,44.3,42.9,43.0,2970270,128925646,1646,-1.1,26.48185056101117
20120831,43.0,43.2,42.5,42.5,2659330,113405372,1250,-0.5,26.1739220661157
20120903,42.85,43.2,42.45,42.8,2898839,124033642,1620,0.3,26.35867916305298
20120904,42.8,42.8,42.2,42.45,2864529,121771137,1545,-0.35,26.14312921662615
20120905,42.4,42.45,41.35,41.7,5780812,240574956,2652,-0.75,25.681236474282922
20120906,42.0,43.2,41.9,42.05,6560614,278696123,3305,0.35,25.896786420709763
20120907,43.0,43.0,42.05,42.15,3388667,143645985,1750,0.1,25.95837211968887
20120910,42.15,42.4,41.9,41.9,2466435,103830420,1229,-0.25,25.80440787224112
20120911,41.9,42.95,41.8,42.6,3079813,131367470,1765,0.7,26.23550776509479
20120912,43.0,43.1,42.6,42.8,2156211,92298511,1264,0.2,26.35867916305298
20120913,42.95,43.1,42.3,42.3,1614156,68825077,904,-0.5,26.0507506681575
20120914,43.0,44.65,42.7,44.05,13737305,603867920,6095,1.75,27.128500400291678
20120917,44.7,44.75,43.85,44.05,5404047,239109646,2779,0.0,27.128500400291678
20120918,43.8,45.35,43.65,44.8,8167128,366061657,3848,0.75,27.5903931426349
20120919,45.25,45.35,44.85,44.85,7028713,317033600,3416,0.05,27.62118599212445
20120920,44.85,44.9,43.95,44.0,3217945,142242680,1787,-0.85,27.09770755080213
20120921,43.8,43.9,43.0,43.0,5175001,223803443,2403,-1.0,26.48185056101117
20120924,43.0,43.0,42.3,42.45,4087473,173612455,1807,-0.55,26.14312921662615
20120925,42.45,43.05,42.2,42.2,2832803,120622472,1493,-0.25,25.989164969178415
20120926,41.5,41.65,40.5,40.8,5189530,212403416,2572,-1.4,25.126965183471064
20120927,40.7,41.2,40.6,40.95,3089138,126428558,1432,0.15,25.219343731939716
20120928,41.0,41.2,40.35,40.5,2730345,111098332,1264,-0.45,24.94220808653378
20121001,40.5,40.8,40.25,40.5,1394394,56457272,734,0.0,24.94220808653378
20121002,40.8,40.85,40.0,40.05,5263380,212076165,2280,-0.45,24.66507244112785
20121003,38.0,39.5,38.0,39.2,6427143,249890891,2704,-0.85,24.141593999805544
20121004,39.4,39.65,38.7,38.8,4095223,160337947,1903,-0.4,23.895251203889156
20121005,38.9,39.85,38.9,39.05,3062572,120376852,1882,0.25,24.049215451336895
20121008,39.1,39.45,38.45,38.45,2123890,82377115,1033,-0.6,23.67970125746233
20121009,38.45,38.75,36.5,36.7,4522439,167797148,2236,-1.75,22.60195152532815
20121011,36.0,37.05,35.9,36.7,2102433,76833483,1094,0.0,22.60195152532815
20121012,37.0,37.15,36.2,36.4,1503475,55091887,847,-0.3,22.417194428390854
20121015,36.7,36.7,35.0,35.25,2108175,75316917,1119,-1.15,21.708958890131257
20121016,35.5,36.5,35.5,35.85,1754648,63040967,932,0.6,22.078473084005832
20121017,36.45,36.6,35.4,35.4,2310200,83072266,1142,-0.45,21.801337438599898
20121018,35.5,37.15,35.35,36.75,5837747,213202489,3015,1.35,22.632744374817687
20121019,36.75,36.9,36.0,36.0,2207332,80509826,1176,-0.75,22.170851632474477
20121022,35.0,35.9,35.0,35.6,1111874,39315822,673,-0.4,21.924508836558093
20121023,35.6,35.9,35.1,35.2,1095120,38756866,714,-0.4,21.67816604064171
20121024,35.0,35.1,34.4,34.4,1629268,56551319,1002,-0.8,21.185480448808935
20121025,34.5,34.8,32.5,32.9,2623065,88739072,1394,-1.5,20.2616949641225
20121026,32.9,33.2,30.6,30.6,5372883,167948699,2504,-2.3,18.845223887603304
20121029,30.6,30.6,29.0,29.0,3533343,105124565,1622,-1.6,17.85985270393777
20121030,29.6,31.0,29.6,31.0,3622780,111760580,1463,2.0,19.091566683519687
20121031,31.3,31.9,30.6,30.65,4206395,131240298,1799,-0.35,18.87601673709285
20121101,30.2,31.4,29.6,31.0,2508242,76396802,1401,0.35,19.091566683519687
20121102,31.8,32.4,31.2,31.5,2622500,83349645,1411,0.5,19.39949517841516
20121105,31.4,31.4,30.25,30.6,1423402,43741487,747,-0.9,18.845223887603304
20121106,31.2,31.6,30.9,31.6,1600293,50002524,918,1.0,19.461080877394263
20121107,31.8,32.35,31.4,32.0,1925333,61435056,1020,0.4,19.707423673310647
20121108,31.2,31.8,31.2,31.65,1048898,33016364,600,-0.35,19.491873726883806
20121109,31.1,32.4,31.1,32.0,1858598,59663886,1002,0.35,19.707423673310647
20121112,32.5,33.2,32.3,32.3,2345510,76648170,1231,0.3,19.89218077024793
20121113,32.2,32.2,31.5,31.6,1336187,42347259,716,-0.7,19.461080877394263
20121114,31.6,31.9,31.35,31.45,895431,28252299,542,-0.15,19.368702328925615
20121115,31.45,31.45,31.0,31.0,819509,25537127,455,-0.45,19.091566683519687
20121116,31.0,31.5,30.7,30.95,1160534,36164368,786,-0.05,19.06077383403014
20121119,31.0,31.2,29.8,29.95,1478650,44693250,798,-1.0,18.444916844239177
20121120,30.5,31.05,30.2,30.2,1555800,47556883,869,0.25,18.598881091686916
20121121,30.55,30.9,30.0,30.0,1864050,56548094,1041,-0.2,18.47570969372873
20121122,30.3,30.5,30.05,30.1,762000,23022900,402,0.1,18.53729539270783
20121123,30.6,31.7,30.4,31.7,2278372,71320117,1203,1.6,19.52266657637335
20121126,32.5,33.9,32.3,33.9,4771437,158900356,1873,2.2,20.87755195391346
20121127,34.2,34.6,33.7,33.75,9062734,310498563,3680,-0.15,20.785173405444816
20121128,33.8,34.15,33.6,33.9,5194610,175977511,2054,0.15,20.87755195391346
20121129,34.2,34.45,33.8,33.85,3634680,123749881,1605,-0.05,20.84675910442391
20121130,34.2,34.3,33.75,33.8,3999168,136075221,1748,-0.05,20.815966254934366
20121203,33.85,34.5,33.85,33.95,3119283,106548598,1436,0.15,20.908344803403015
20121204,33.95,35.4,33.8,34.85,7769530,270168108,3341,0.9,21.46261609421487
20121205,35.0,35.5,34.7,34.75,5161590,181259767,2513,-0.1,21.40103039523578
20121206,34.85,35.15,33.75,33.8,2970650,101913118,1573,-0.95,20.815966254934366
20121207,33.8,34.3,33.8,33.8,1734366,58819981,918,0.0,20.815966254934366
20121210,34.0,34.1,33.25,33.25,1176083,39497786,740,-0.55,20.477244910549345
20121211,33.4,33.5,32.8,33.25,1593022,52753577,765,0.0,20.477244910549345
20121212,33.3,34.3,33.3,33.9,1764692,59967754,940,0.65,20.87755195391346
20121213,34.0,34.45,33.95,34.15,1564949,53584099,826,0.25,21.031516201361203
20121214,34.0,34.35,33.55,33.85,1440917,48928141,797,-0.3,20.84675910442391
20121217,33.85,34.1,33.0,33.15,1491306,49720051,800,-0.7,20.415659211570247
20121218,33.2,33.45,33.0,33.1,902582,29926049,504,-0.05,20.384866362080704
20121219,33.35,34.25,33.3,34.05,2264925,76898202,1236,0.95,20.969930502382102
20121220,34.2,35.2,33.95,34.8,5486885,191038358,2610,0.75,21.431823244725326
20121221,35.6,36.4,35.3,35.45,7956300,284918322,3407,0.65,21.832130288089445
20121222,36.0,36.05,35.05,35.5,2804023,99305458,1392,0.05,21.862923137578992
20121224,35.5,35.75,34.5,34.6,2312008,80947572,1126,-0.9,21.308651846767134
20121225,34.8,35.9,34.8,35.65,3756518,133455305,1727,1.05,21.95530168604764
20121226,36.0,36.2,35.7,35.8,3330907,119952634,1573,0.15,22.047680234516278
20121227,35.9,36.7,35.8,35.8,3348299,121338748,1621,0.0,22.047680234516278
20121228,35.9,36.2,35.45,35.6,1458200,52129813,763,-0.2,21.924508836558093
20130102,35.7,37.25,35.65,37.15,8307800,304908530,2873,1.55,22.87908717073407
20130103,37.95,38.0,36.8,36.9,9426938,352234399,4085,-0.25,22.725122923286335
20130104,36.7,36.7,35.9,35.95,3904605,141501530,1951,-0.95,22.14005878298493
20130107,36.4,37.05,35.95,36.95,4259876,155826283,1973,1.0,22.755915772775886
20130108,37.0,37.15,36.4,36.55,2874422,105697916,1410,-0.4,22.509572976859502
20130109,36.55,37.1,36.35,36.5,2076361,76170672,1123,-0.05,22.47878012736996
20130110,36.9,36.95,35.85,35.85,3502545,127128879,1640,-0.65,22.078473084005832
20130111,35.95,36.35,35.65,36.1,1387143,50011348,796,0.25,22.232437331453568
20130114,35.85,36.25,35.8,35.95,1070789,38506230,620,-0.15,22.14005878298493
20130115,35.95,36.9,35.95,36.7,3504731,128461664,1797,0.75,22.60195152532815
20130116,36.7,36.75,36.05,36.05,1694829,61507946,806,-0.65,22.201644481964017
20130117,36.5,37.6,36.0,36.25,8905366,329359492,4094,0.2,22.32481587992222
20130118,37.2,37.3,36.6,36.75,3447535,127074101,1731,0.5,22.632744374817687
20130121,36.7,36.7,36.15,36.35,1600015,58281393,717,-0.4,22.386401578901314
20130122,36.4,36.6,36.2,36.2,2001986,72734888,893,-0.15,22.29402303043267
20130123,36.25,36.55,36.0,36.05,1682735,60950285,764,-0.15,22.201644481964017
20130124,35.8,36.0,34.9,34.9,3014233,106455374,1590,-1.15,21.493408943704416
20130125,34.9,35.3,34.7,34.85,1236767,43181669,701,-0.05,21.46261609421487
20130128,34.9,35.2,34.85,34.85,698102,24389248,380,0.0,21.46261609421487
20130129,35.0,35.4,35.0,35.15,1193050,42027203,668,0.3,21.647373191152163
20130130,35.15,35.6,35.1,35.2,2377425,83889975,1099,0.05,21.67816604064171
20130131,35.3,35.55,34.35,34.5,2600407,90482090,1172,-0.7,21.247066147788036
20130201,34.7,35.3,34.4,34.95,3173732,110836369,1590,0.45,21.52420179319397
20130204,35.0,35.35,34.4,34.45,2825311,98154293,1159,-0.5,21.216273298298486
20130205,34.1,34.35,33.95,34.3,1550867,52931148,678,-0.15,21.12389474982984
20130206,34.3,34.6,34.1,34.25,1228357,42104051,666,-0.05,21.093101900340297
20130218,34.45,34.55,34.15,34.2,864562,29709558,484,-0.05,21.062309050850757
20130219,34.2,34.5,34.1,34.1,1528727,52341332,733,-0.1,21.000723351871653
20130220,34.5,34.55,34.1,34.3,1298983,44531863,707,0.2,21.12389474982984
20130221,34.5,35.2,34.4,34.6,1787337,62117903,994,0.3,21.308651846767134
20130222,34.5,35.3,33.9,34.0,4338489,149797165,1916,-0.6,20.93913765289256
20130223,34.0,34.1,31.8,32.2,6566246,214946972,2941,-1.8,19.83059507126884
20130225,32.0,32.15,31.5,31.9,2461051,78419165,1176,-0.3,19.64583797433155
20130226,31.4,32.15,31.4,31.95,1667820,53268268,862,0.05,19.676630823821096
20130227,32.2,32.5,31.95,32.2,2022613,65095341,1045,0.25,19.83059507126884
20130301,32.5,33.15,32.35,32.7,1900495,62383103,971,0.5,20.138523566164316
20130304,32.7,32.8,32.35,32.4,925839,30108964,475,-0.3,19.953766469227027
20130305,32.4,32.65,31.8,32.0,1604637,51390699,840,-0.4,19.707423673310647
20130306,32.25,32.35,31.9,32.15,1657395,53155272,920,0.15,19.799802221779284
20130307,32.15,33.1,32.15,32.95,4011475,131500439,1864,0.8,20.292487813612055
20130308,33.1,33.5,32.85,32.85,2598497,86145149,1319,-0.1,20.230902114632958
20130311,33.0,33.35,32.8,32.85,1233514,40693878,685,0.0,20.230902114632958
20130312,33.0,33.15,32.7,32.7,996084,32808979,537,-0.15,20.138523566164316
20130313,32.9,33.2,32.35,32.4,1067117,34926514,510,-0.3,19.953766469227027
20130314,32.3,32.45,32.0,32.0,940989,30221694,473,-0.4,19.707423673310647
20130315,32.3,32.4,31.75,31.8,1290035,41184058,568,-0.2,19.58425227535245
20130318,31.7,32.15,31.65,31.8,1257049,40065097,686,0.0,19.58425227535245
20130319,31.8,32.35,31.8,32.1,1972019,63272902,767,0.3,19.76900937228974
20130320,32.2,32.2,31.5,31.55,1436651,45562003,642,-0.55,19.43028802790471
20130321,31.6,31.95,31.6,31.85,1001677,31836306,433,0.3,19.615045124842
20130322,32.15,33.65,32.15,33.35,5036611,167411437,2607,1.5,20.538830609528436
20130325,33.9,33.95,33.4,33.55,2331951,78324957,1170,0.2,20.662002007486628
20130326,33.8,34.2,33.55,33.75,2691385,91194171,1386,0.2,20.785173405444816
20130327,33.8,34.8,33.8,34.3,4481350,154097763,1989,0.55,21.12389474982984
20130328,34.7,34.7,33.8,34.0,2195103,74917252,1118,-0.3,20.93913765289256
20130329,34.7,35.2,34.4,35.0,5433761,188993792,2216,1.0,21.554994642683514
20130401,35.7,35.7,34.8,34.9,2647732,92962246,1128,-0.1,21.493408943704416
20130402,35.0,35.3,34.7,35.0,2055198,71958730,1120,0.1,21.554994642683514
20130403,35.3,35.6,34.7,35.45,4008638,141279432,1736,0.45,21.832130288089445
20130408,34.5,34.8,33.65,33.85,2953174,100374432,1478,-1.6,20.84675910442391
20130409,33.85,34.25,33.4,33.65,1032545,34832531,620,-0.2,20.723587706465725
20130410,33.65,34.1,33.65,33.95,1153595,39141393,560,0.3,20.908344803403015
20130411,34.5,34.9,34.45,34.7,2379450,82436443,1058,0.75,21.370237545746228
20130412,34.7,34.8,34.1,34.2,1110539,38185202,563,-0.5,21.062309050850757
20130415,34.05,34.3,33.4,33.8,1258750,42532950,562,-0.4,20.815966254934366
20130416,33.5,33.7,33.1,33.5,995908,33302815,499,-0.3,20.631209157997084
20130417,33.8,34.2,33.6,33.9,1558414,52865780,872,0.4,20.87755195391346
20130418,33.6,34.15,33.6,33.65,804242,27207638,448,-0.25,20.723587706465725
20130419,33.8,34.15,33.8,33.95,930295,31622094,513,0.3,20.908344803403015
20130422,34.15,34.6,34.1,34.15,1081548,37139732,575,0.2,21.031516201361203
20130423,34.35,35.4,34.3,35.15,3643502,127713112,1837,1.0,21.647373191152163
20130424,35.5,36.5,35.5,35.7,7360500,265818815,3502,0.55,21.98609453553719
20130425,35.4,35.5,35.0,35.2,3062020,107926100,1408,-0.5,21.67816604064171
20130426,35.65,35.75,35.15,35.15,2110404,74757141,1061,-0.05,21.647373191152163
20130429,35.7,36.1,35.45,35.65,2941814,105316314,1393,0.5,21.95530168604764
20130430,36.1,36.5,35.7,35.7,3812077,137534987,1859,0.05,21.98609453553719
20130502,35.7,35.85,35.1,35.25,1933060,68385852,961,-0.45,21.708958890131257
20130503,35.3,35.65,35.25,35.35,1809590,64110123,739,0.1,21.770544589110354
20130506,36.0,36.15,35.65,35.75,3224692,115987178,1557,0.4,22.016887385026735
20130507,35.85,35.9,35.25,35.45,1449639,51353789,702,-0.3,21.832130288089445
20130508,35.45,35.85,35.2,35.2,2068407,73372895,976,-0.25,21.67816604064171
20130509,35.3,35.65,35.2,35.25,1828247,64679463,802,0.05,21.708958890131257
20130510,35.35,35.5,35.05,35.1,998558,35133930,538,-0.15,21.61658034166261
20130513,35.2,35.5,34.8,35.1,955264,33450661,550,0.0,21.61658034166261
20130514,35.1,35.85,35.1,35.8,4023416,143347912,1810,0.7,22.047680234516278
20130515,36.2,36.2,35.5,35.75,2530118,90579791,1208,-0.05,22.016887385026735
20130516,36.2,36.2,35.6,35.6,2177661,78062425,994,-0.15,21.924508836558093
20130517,35.85,35.85,35.25,35.4,1458958,51806510,674,-0.2,21.801337438599898
20130520,35.4,36.05,35.4,35.8,1937175,69441109,1001,0.4,22.047680234516278
20130521,36.0,37.5,36.0,36.8,7633405,282346944,3400,1.0,22.663537224307234
20130522,36.8,37.0,36.55,36.6,2683103,98391164,1174,-0.2,22.54036582634905
20130523,36.6,37.15,36.3,36.55,2690135,98623116,1334,-0.05,22.509572976859502
20130524,36.55,37.9,36.55,37.1,9873613,369432080,4192,0.55,22.848294321244527
20130527,37.2,37.65,37.2,37.6,3232997,121286682,1568,0.5,23.15622281614001
20130528,38.0,40.0,37.65,39.3,14544428,571460354,6047,1.7,24.20317969878463
20130529,39.4,39.4,38.3,39.2,5495509,213771117,2488,-0.1,24.141593999805544
20130530,39.0,39.8,38.65,38.85,4446545,174614066,1983,-0.35,23.926044053378707
20130531,39.5,40.3,39.25,39.7,10598459,423578416,4240,0.85,24.449522494701014
20130603,39.3,40.2,39.25,39.9,3367703,133971489,1654,0.2,24.572693892659213
20130604,40.0,40.0,38.8,38.8,3717205,145155807,1769,-1.1,23.895251203889156
20130605,39.5,39.5,38.6,38.6,3129974,122108591,1566,-0.2,23.772079805930968
20130606,38.65,38.95,38.25,38.9,2315260,89569762,1349,0.3,23.956836902868247
20130607,39.2,39.2,36.8,37.2,4871373,183447670,2424,-1.7,22.909880020223625
20130610,38.0,38.25,37.5,38.15,1957204,74194252,1066,0.95,23.49494416052503
20130611,38.15,38.25,37.4,37.45,1343360,50729379,762,-0.7,23.063844267671364
20130613,37.0,37.75,36.0,36.7,2928783,107875840,1504,-0.75,22.60195152532815
20130614,37.1,37.2,36.3,37.15,2078566,76700370,1026,0.45,22.87908717073407
20130617,37.5,38.25,37.25,38.25,2461040,93326172,1305,1.1,23.55652985950413
20130618,38.5,38.5,37.95,38.0,1830609,69936792,1049,-0.25,23.40256561205639
20130619,38.0,38.2,37.1,37.2,2909669,109032010,1745,-0.8,22.909880020223625
20130620,36.2,37.0,36.2,36.85,1895290,69314764,967,-0.35,22.694330073796788
20130621,36.0,38.0,36.0,37.45,2888175,107297699,1378,0.6,23.063844267671364
20130624,37.6,37.8,36.85,36.85,1419600,52832588,715,-0.6,22.694330073796788
20130625,36.8,37.0,36.1,36.15,2285680,83339673,954,-0.7,22.263230180943115
20130626,36.5,37.1,36.5,36.65,3158913,115918662,1155,0.5,22.571158675838593
20130627,34.6,34.85,33.7,33.7,3987423,137191850,1831,0.0,22.273734915834865
20130628,33.7,34.2,33.3,33.3,1921320,64626167,1055,-0.4,22.009358240275997
20130701,33.5,34.2,33.3,33.95,1363529,46248752,741,0.65,22.438970338059164
20130702,34.0,34.7,34.0,34.0,1228789,42176776,688,0.05,22.47201742250402
20130703,34.2,34.5,33.6,33.6,954625,32381097,587,-0.4,22.20764074694515
20130704,33.95,33.95,32.7,32.75,1753814,57982756,892,-0.85,21.645840311382546
20130705,33.0,33.45,32.8,32.8,1354517,44752102,682,0.05,21.67888739582741
20130708,32.85,33.0,31.65,31.8,2163732,69359648,1095,-1.0,21.017945706930227
20130709,31.6,32.2,31.35,31.8,1596919,50639722,894,0.0,21.017945706930227
20130710,31.9,32.4,31.8,32.2,962108,30986325,599,0.4,21.282322382489102
20130711,32.5,33.0,32.5,32.75,1236506,40533143,728,0.55,21.645840311382546
20130712,33.0,33.15,32.75,32.9,1138000,37439000,676,0.15,21.744981564717126
20130715,32.5,33.15,32.45,33.1,1026539,33781587,624,0.2,21.87716990249656
20130716,33.1,33.4,33.0,33.2,1434688,47651585,848,0.1,21.943264071386277
20130717,33.4,34.35,33.4,33.9,2740434,92941985,1525,0.7,22.405923253614297
20130718,34.1,34.2,33.2,33.9,1562680,52747064,1049,0.0,22.405923253614297
20130719,33.9,33.95,33.4,33.85,1713289,57799359,935,-0.05,22.372876169169444
20130722,34.0,35.05,34.0,34.95,4307642,149790840,1960,1.1,23.099912026956343
20130723,35.0,35.3,34.5,34.8,3496875,122228896,1580,-0.15,23.00077077362176
20130724,34.8,35.3,34.5,34.9,3277866,114576196,1501,0.1,23.066864942511476
20130725,35.3,36.2,35.3,35.7,7405385,265803600,3153,0.8,23.59561829362923
20130726,36.0,36.1,34.95,35.1,4406915,155831525,1972,-0.6,23.19905328029091
20130729,35.3,35.3,34.6,35.0,2147525,75064789,837,-0.1,23.132959111401203
20130730,35.0,35.2,34.65,34.8,3458663,120803168,1449,-0.2,23.00077077362176
20130731,35.0,35.05,34.5,34.7,1831232,63619685,997,-0.1,22.93467660473204
20130801,35.0,35.0,34.3,34.55,1266891,43781550,668,-0.15,22.835535351397464
20130802,34.8,35.2,34.5,34.5,2092095,72893875,921,-0.05,22.80248826695261
20130805,34.6,34.85,34.35,34.5,2419450,83445351,1172,0.0,22.80248826695261
20130806,34.5,35.85,34.3,35.35,8248857,292609613,3414,0.85,23.364288702515207
20130807,35.35,36.15,34.95,35.55,6669625,238437485,3003,0.2,23.496477040294643
20130808,35.7,36.1,35.05,35.1,2907465,103340815,1376,-0.45,23.19905328029091
20130809,35.2,35.3,34.1,34.5,2756849,95289988,1376,-0.6,22.80248826695261
20130812,34.4,34.4,33.6,33.65,2896088,98499158,1392,-0.85,22.24068783139001
20130813,33.85,34.4,33.8,34.1,1778047,60663941,950,0.45,22.538111591393736
20130814,34.0,34.0,32.05,32.8,4368987,143474664,2263,-1.3,21.67888739582741
20130815,32.5,33.25,32.4,32.7,1719333,56583618,951,-0.1,21.612793226937693
20130816,32.5,33.1,32.5,32.7,1271028,41647867,665,0.0,21.612793226937693
20130819,32.9,33.25,32.6,32.65,1295489,42515340,659,-0.05,21.57974614249283
20130820,32.5,32.6,31.0,31.1,4609986,146021598,2001,-1.55,20.555286524702208
20130822,31.0,31.0,30.45,30.85,2083655,64081984,1051,-0.25,20.39005110247791
20130823,31.0,31.95,31.0,31.95,1451500,45965469,922,1.1,21.117086960264814
20130826,32.5,32.55,31.6,31.85,1175859,37582748,622,-0.1,21.050992791375094
20130827,31.85,32.1,31.55,31.7,1489758,47399080,862,-0.15,20.951851538040515
20130828,31.5,31.8,31.45,31.6,951375,30035887,484,-0.1,20.88575736915079
20130829,31.8,32.0,31.65,31.65,745565,23749751,413,0.05,20.91880445359566
20130830,31.75,31.9,31.2,31.35,1796850,56425920,974,-0.3,20.720521946926496
20130902,31.5,32.0,31.2,31.5,1738620,55097927,838,0.15,20.819663200261076
20130903,31.95,32.0,31.7,31.85,1418350,45165022,641,0.35,21.050992791375094
20130904,31.85,32.1,31.6,31.8,1561586,49723651,694,-0.05,21.017945706930227
20130905,32.15,32.2,31.6,31.65,1901600,60450397,781,-0.15,20.91880445359566
20130906,31.65,31.75,31.3,31.3,1750913,55036019,926,-0.35,20.687474862481643
20130909,31.3,31.55,30.45,30.55,2153626,66105465,1043,-0.75,20.19176859580876
20130910,30.45,31.2,30.45,30.8,1716325,52922923,814,0.25,20.357004018033056
20130911,30.8,31.3,30.6,31.05,765102,23644167,422,0.25,20.522239440257355
20130912,31.25,31.3,30.9,31.15,739207,22993973,424,0.1,20.588333609147067
20130913,31.25,31.25,31.0,31.1,972918,30231258,483,-0.05,20.555286524702208
20130914,31.05,31.2,30.95,31.05,362550,11261419,193,-0.05,20.522239440257355
20130916,31.1,31.6,31.1,31.35,1032888,32447600,534,0.3,20.720521946926496
20130917,31.6,31.6,31.3,31.4,515652,16212670,320,0.05,20.753569031371352
20130918,31.6,31.8,31.5,31.7,1476451,46781555,687,0.3,20.951851538040515
20130923,31.8,31.85,31.45,31.6,1434717,45331910,571,-0.1,20.88575736915079
20130924,31.6,32.15,31.6,31.75,1359843,43375185,641,0.15,20.98489862248537
20130925,31.8,32.1,31.7,31.95,857836,27323120,531,0.2,21.117086960264814
20130926,31.95,31.95,31.4,31.4,1387548,43728528,679,-0.55,20.753569031371352
20130927,31.4,31.6,30.85,31.05,3254034,101415401,972,-0.35,20.522239440257355
20130930,31.0,31.3,30.85,31.3,636650,19763792,348,0.25,20.687474862481643
20131001,31.3,31.95,31.3,31.8,1623064,51466830,868,0.5,21.017945706930227
20131002,32.0,32.1,31.55,31.55,1406942,44752369,617,-0.25,20.85271028470594
20131003,31.75,32.0,31.55,31.65,918017,29169629,469,0.1,20.91880445359566
20131004,31.65,31.85,31.5,31.5,1226575,38812060,530,-0.15,20.819663200261076
20131007,31.5,31.7,31.15,31.15,1058793,33117383,541,-0.35,20.588333609147067
20131008,31.25,31.4,31.0,31.2,845297,26395107,375,0.05,20.621380693591927
20131009,31.0,31.3,30.9,31.0,815300,25298266,437,-0.2,20.489192355812488
20131011,31.35,31.35,31.0,31.0,850306,26479772,508,0.0,20.489192355812488
20131014,30.9,31.0,29.55,29.8,2162173,64840068,1027,-1.2,19.69606232913588
20131015,30.0,30.2,29.55,30.0,1174281,35099668,513,0.2,19.828250666915313
20131016,30.0,30.0,29.7,29.9,669088,19976307,428,-0.1,19.76215649802559
20131017,30.3,30.3,30.0,30.0,653776,19709648,347,0.1,19.828250666915313
20131018,30.0,30.4,30.0,30.1,640909,19346573,373,0.1,19.89434483580503
20131021,30.25,30.7,30.15,30.25,629318,19146733,342,0.15,19.993486089139605
20131022,30.25,30.5,30.25,30.25,675347,20510489,421,0.0,19.993486089139605
20131023,30.3,30.3,29.85,30.0,988330,29694712,715,-0.25,19.828250666915313
20131024,29.9,30.0,29.75,29.75,980617,29269347,631,-0.25,19.663015244691017
20131025,29.7,29.7,29.4,29.4,1475643,43539053,864,-0.35,19.431685653577002
20131028,29.5,29.9,29.45,29.55,828931,24625568,572,0.15,19.530826906911585
20131029,29.55,29.75,29.45,29.45,844353,24941736,599,-0.1,19.464732738021866
20131030,29.5,29.6,29.15,29.55,1394897,40946346,823,0.1,19.530826906911585
20131031,29.95,29.95,29.7,29.7,1517433,45168990,803,0.15,19.629968160246158
20131101,29.7,29.7,29.1,29.25,1002228,29329489,588,-0.45,19.332544400242426
20131104,29.05,29.15,28.05,28.25,2257713,64106735,1228,-1.0,18.67160271134525
20131105,28.25,28.45,28.15,28.25,1067365,30168557,500,0.0,18.67160271134525
20131106,28.25,28.4,27.65,27.8,1277869,35714894,698,-0.45,18.374178951341523
20131107,27.85,28.25,27.85,27.95,715718,20048305,419,0.15,18.473320204676106
20131108,27.95,28.3,27.75,28.15,578120,16258020,317,0.2,18.605508542455535
20131111,28.25,28.45,28.1,28.15,527876,14928961,281,0.0,18.605508542455535
20131112,28.3,28.45,26.5,27.1,1431300,39287420,796,-1.05,17.911519769113504
20131113,26.55,27.0,26.25,26.4,1401433,37270867,693,-0.7,17.44886058688547
20131114,26.4,26.9,26.4,26.6,708322,18877912,454,0.2,17.581048924664913
20131115,26.9,27.0,26.7,26.75,494879,13277114,320,0.15,17.68019017799949
20131118,26.8,27.2,26.7,26.7,842840,22710125,468,-0.05,17.647143093554632
20131119,27.2,27.2,26.8,26.95,721625,19495687,331,0.25,17.81237851577892
20131120,27.0,27.2,26.75,27.0,512475,13828650,273,0.05,17.845425600223784
20131121,27.0,27.0,26.75,26.85,509689,13681056,241,-0.15,17.7462843468892
20131122,26.85,27.1,26.6,26.65,655074,17611658,285,-0.2,17.614096009109772
20131125,26.75,27.35,26.7,27.15,546062,14813324,305,0.5,17.944566853558356
20131126,27.3,27.6,27.2,27.5,528177,14497315,288,0.35,18.17589644467237
20131127,27.7,28.8,27.7,28.6,1686400,47724165,873,1.1,18.902932302459263
20131128,28.9,28.9,28.3,28.4,927369,26501744,439,-0.2,18.770743964679827
20131129,28.7,28.75,28.4,28.5,558002,15883955,281,0.1,18.836838133569547
20131202,28.2,28.25,27.8,27.9,1083401,30335522,528,-0.6,18.440273120231243
20131203,27.7,28.2,27.7,27.7,787106,21938828,434,-0.2,18.308084782451807
20131204,27.7,27.8,27.3,27.4,1491462,41066854,651,-0.3,18.109802275782652
20131205,27.5,28.1,27.5,27.95,1408018,39215846,666,0.55,18.473320204676106
20131206,28.0,28.95,27.8,28.9,3761314,107053039,1420,0.95,19.101214809128418
20131209,29.0,29.05,28.1,28.1,4715698,135713008,1585,-0.8,18.57246145801067
20131210,28.05,28.3,27.8,27.85,793583,22162882,457,-0.25,18.40722603578638
20131211,27.85,28.05,27.4,27.55,1027473,28438553,500,-0.3,18.20894352911723
20131212,27.55,27.7,27.5,27.5,420743,11601379,254,-0.05,18.17589644467237
20131213,27.5,28.4,27.4,28.2,1161768,32602836,650,0.7,18.63855562690039
20131216,28.2,28.3,27.9,28.3,607415,17057928,319,0.1,18.70464979579011
20131217,28.5,28.75,28.2,28.3,1489917,42521055,648,0.0,18.70464979579011
20131218,28.5,28.55,28.1,28.15,416621,11771988,260,-0.15,18.605508542455535
20131219,28.2,28.75,27.95,27.95,697767,19640984,386,-0.2,18.473320204676106
20131220,28.0,28.25,27.8,28.15,574993,16122304,324,0.2,18.605508542455535
20131223,28.2,28.5,28.2,28.35,731519,20745483,354,0.2,18.73769688023497
20131224,28.5,28.7,28.3,28.65,1586861,45249785,648,0.3,18.935979386904126
20131225,28.9,29.8,28.85,29.55,3596765,106110897,1706,0.9,19.530826906911585
20131226,29.8,30.55,29.65,30.2,4704664,142775878,2096,0.65,19.96043900469475
20131227,30.5,30.55,29.9,30.0,2129736,64191180,1013,-0.2,19.828250666915313
20131230,30.0,30.25,29.8,29.95,1443512,43348225,683,-0.05,19.795203582470457
20131231,30.0,30.45,30.0,30.4,1482519,44910046,654,0.45,20.09262734247418
20140102,30.5,30.9,30.15,30.6,1964103,59927579,908,0.2,20.224815680253624
20140103,30.45,30.45,30.15,30.15,1221951,36952765,576,-0.45,19.927391920249885
20140106,30.35,31.05,30.2,30.6,2276494,70062487,1007,0.45,20.224815680253624
20140107,30.8,30.9,30.4,30.7,1304560,39905735,648,0.1,20.290909849143336
20140108,30.9,31.0,30.5,30.7,1854845,57065813,890,0.0,20.290909849143336
20140109,30.85,31.2,30.1,30.2,1994587,61280616,940,-0.5,19.96043900469475
20140110,30.2,30.6,30.2,30.25,1105599,33521708,598,0.05,19.993486089139605
20140113,30.25,31.15,30.25,31.15,2289558,70071548,871,0.9,20.588333609147067
20140114,31.15,31.6,30.65,30.65,3938553,122385667,1731,-0.5,20.25786276469848
20140115,30.8,30.9,30.55,30.65,1326837,40719074,680,0.0,20.25786276469848
20140116,30.7,31.2,30.0,30.0,2986181,91220580,1575,-0.65,19.828250666915313
20140117,30.0,30.2,29.65,29.65,1255089,37402828,740,-0.35,19.5969210758013
20140120,29.6,29.65,29.15,29.25,1949093,57202553,1025,-0.4,19.332544400242426
20140121,29.3,29.6,29.2,29.25,980019,28734953,534,0.0,19.332544400242426
20140122,29.25,29.5,29.2,29.2,979400,28703506,513,-0.05,19.29949731579757
20140123,29.2,29.5,29.1,29.1,1041625,30519785,641,-0.1,19.233403146907854
20140124,29.1,29.35,28.55,28.55,1579189,45548380,759,-0.55,18.869885218014407
20140127,28.1,28.45,28.0,28.3,899039,25412251,494,-0.25,18.70464979579011
20140205,28.0,28.3,27.8,28.1,846613,23756723,487,-0.2,18.57246145801067
20140206,28.75,28.8,28.2,28.55,644976,18447263,425,0.45,18.869885218014407
20140207,28.65,29.3,28.65,28.8,1201895,34889825,681,0.25,19.035120640238702
20140210,28.7,28.85,28.3,28.3,908096,25986761,513,-0.5,18.70464979579011
20140211,28.35,28.8,28.3,28.8,598347,17054472,336,0.5,19.035120640238702
20140212,29.1,29.5,28.8,28.8,1013613,29532169,477,0.0,19.035120640238702
20140213,28.8,29.1,28.65,28.8,524869,15144045,304,0.0,19.035120640238702
20140214,29.3,29.3,28.5,28.55,717827,20677785,428,-0.25,18.869885218014407
20140217,28.55,28.6,28.0,28.05,1059163,29910245,524,-0.5,18.53941437356582
20140218,28.0,28.35,28.0,28.35,663170,18674138,399,0.3,18.73769688023497
20140219,28.15,28.7,28.15,28.45,599381,17065879,389,0.1,18.80379104912469
20140220,28.45,29.1,28.45,28.7,1148625,33134352,627,0.25,18.96902647134898
20140221,28.8,29.15,28.8,29.0,1059965,30685284,543,0.3,19.16730897801814
20140224,29.0,29.1,28.8,29.0,673204,19512180,314,0.0,19.16730897801814
20140225,29.15,30.95,29.1,30.95,7613105,230253476,3098,1.95,20.45614527136763
20140226,31.25,31.6,30.7,30.9,5768188,179807735,2711,-0.05,20.423098186922772
20140227,31.4,31.4,30.45,30.75,2996315,92813001,1221,-0.15,20.32395693358819
20140303,30.75,30.75,29.8,30.3,1904584,57491182,865,-0.45,20.02653317358447
20140304,30.3,30.35,29.8,29.85,1871673,56203751,787,-0.45,19.72910941358074
20140305,30.5,30.8,30.05,30.3,2523999,77136116,1264,0.45,20.02653317358447
20140306,30.1,30.4,30.05,30.35,1761537,53127359,974,0.05,20.059580258029328
20140307,30.35,30.9,29.8,29.9,2270050,68969384,1171,-0.45,19.76215649802559
20140310,29.85,30.0,29.5,29.6,1263221,37493095,593,-0.3,19.56387399135644
20140311,29.6,29.8,29.4,29.4,1490207,44010990,794,-0.2,19.431685653577002
20140312,29.4,29.55,29.2,29.2,1169516,34355984,680,-0.2,19.29949731579757
20140313,29.25,29.5,29.25,29.45,1141576,33516555,553,0.25,19.464732738021866
20140314,29.3,29.8,29.3,29.7,953807,28258582,554,0.25,19.629968160246158
20140317,29.8,30.2,29.75,29.75,1048573,31397166,589,0.05,19.663015244691017
20140318,29.9,30.1,29.8,30.05,1210106,36240903,608,0.3,19.861297751360173
20140319,30.1,30.2,29.45,29.5,1202607,35703300,637,-0.55,19.49777982246672
20140320,29.5,29.5,28.4,28.55,2529171,72710577,1071,-0.95,18.869885218014407
20140321,28.75,29.05,28.5,28.5,1493302,43042356,649,-0.05,18.836838133569547
20140324,28.4,28.95,27.9,28.95,1071321,30425373,582,0.45,19.134261893573278
20140325,29.0,29.25,28.85,29.1,1103520,32182606,516,0.15,19.233403146907854
20140326,29.4,29.65,29.15,29.15,979900,28820626,531,0.05,19.26645023135271
20140327,29.1,29.45,29.1,29.35,955979,27903634,419,0.2,19.39863856913215
20140328,29.3,29.35,28.9,28.95,1089288,31694401,459,-0.4,19.134261893573278
20140331,29.2,29.3,29.05,29.25,542212,15820799,273,0.3,19.332544400242426
20140401,29.3,29.4,29.25,29.25,670159,19648340,355,0.0,19.332544400242426
20140402,29.6,30.2,29.3,30.1,2350981,70130668,1157,0.85,19.89434483580503
20140403,30.5,30.6,30.05,30.35,2511514,76008417,1061,0.25,20.059580258029328
20140407,29.9,29.9,29.6,29.75,1145167,34053413,541,-0.6,19.663015244691017
20140408,29.6,30.1,29.6,29.8,639327,19052492,378,0.05,19.69606232913588
20140409,29.8,30.0,29.6,29.9,705521,21019945,332,0.1,19.76215649802559
20140410,30.0,30.1,29.6,29.6,1043452,31048779,477,-0.3,19.56387399135644
20140411,29.5,29.5,29.0,29.15,1300282,37905064,597,-0.45,19.26645023135271
20140414,29.15,29.2,28.6,28.7,764819,22048902,432,-0.45,18.96902647134898
20140415,28.9,29.0,28.85,28.95,445167,12873572,271,0.25,19.134261893573278
20140416,29.0,29.35,29.0,29.05,626457,18263553,374,0.1,19.200356062462994
20140417,29.1,29.85,29.05,29.6,1083726,32114424,591,0.55,19.56387399135644
20140418,29.7,30.35,29.65,29.8,2415696,72621653,1191,0.2,19.69606232913588
20140421,29.85,30.25,29.8,29.8,1337848,40167274,547,0.0,19.69606232913588
20140422,30.0,30.05,29.65,29.85,1092225,32627851,515,0.05,19.72910941358074
20140423,30.65,31.9,30.65,31.9,13278354,421607128,4156,2.05,21.084039875819947
20140424,31.9,32.1,30.85,31.55,14920235,472566298,5131,-0.35,20.85271028470594
20140425,31.55,32.3,30.7,32.0,15258260,485489170,5782,0.45,21.15013404470967
20140428,31.8,32.7,31.5,31.8,10170346,327211998,4111,-0.2,21.017945706930227
20140429,31.85,32.1,31.25,31.5,4009646,126680497,1732,-0.3,20.819663200261076
20140430,31.6,32.85,31.6,32.1,12360721,401058882,4907,0.6,21.21622821359939
20140502,32.5,33.45,32.3,33.2,8759986,289041976,3635,1.1,21.943264071386277
20140505,33.65,33.65,32.55,32.85,5617375,185036848,2292,-0.35,21.711934480272266
20140506,32.85,33.1,32.55,32.85,3767283,123604100,1506,0.0,21.711934480272266
20140507,32.7,32.75,32.0,32.1,4640400,149579332,2019,-0.75,21.21622821359939
20140508,32.7,33.0,32.15,32.15,4119048,134049537,1956,0.05,21.24927529804424
20140509,32.6,32.7,31.8,31.85,3749833,120629673,1393,-0.3,21.050992791375094
20140512,31.95,32.0,31.4,31.45,2606405,82410704,1161,-0.4,20.786616115816223
20140513,31.85,32.25,31.5,31.9,2245047,71481688,1118,0.45,21.084039875819947
20140514,32.0,33.3,31.95,33.15,7282805,238793386,3065,1.25,21.910216986941418
20140515,33.1,33.3,32.6,32.9,3528722,116270355,1553,-0.25,21.744981564717126
20140516,32.5,32.8,32.1,32.65,2025100,66009411,1010,-0.25,21.57974614249283
20140519,32.8,33.55,32.8,32.9,3922260,130179401,1729,0.25,21.744981564717126
20140520,33.0,33.3,32.4,32.5,2407923,78826251,1090,-0.4,21.480604889158258
20140521,32.4,33.2,32.35,32.8,2444122,80199980,1118,0.3,21.67888739582741
20140522,33.1,34.1,33.0,33.2,7760890,261534546,3100,0.4,21.943264071386277
20140523,33.4,33.4,32.9,33.0,2860380,94671948,1328,-0.2,21.81107573360684
20140526,33.1,33.2,32.85,32.9,2324458,76695264,984,-0.1,21.744981564717126
20140527,33.0,33.8,33.0,33.35,4594110,153406994,1728,0.45,22.042405324720857
20140528,33.5,34.5,33.4,34.15,9966400,340178359,4387,0.8,22.571158675838593
20140529,34.15,34.3,33.75,33.8,3394686,115255093,1519,-0.35,22.33982908472458
20140530,33.8,34.4,33.55,33.6,3516464,119298957,1465,-0.2,22.20764074694515
20140603,33.8,34.0,33.05,33.3,2670389,89157513,1151,-0.3,22.009358240275997
20140604,34.0,34.2,33.6,34.2,5484480,186339687,2206,0.9,22.604205760283463
20140605,34.15,34.35,33.7,34.0,8730475,297432616,3263,-0.2,22.47201742250402
20140606,34.05,34.35,33.2,33.3,5042295,169515967,2101,-0.7,22.009358240275997
20140609,33.6,33.75,33.25,33.25,2004662,66908056,970,-0.05,21.976311155831134
20140610,33.5,33.7,33.3,33.3,1812549,60615267,812,0.05,22.009358240275997
20140611,33.35,33.5,33.0,33.0,2659148,88256849,1180,-0.3,21.81107573360684
20140612,33.0,33.3,32.5,32.6,2537235,82937258,1117,-0.4,21.546699058047977
20140613,33.0,34.5,32.9,34.5,8012976,271283613,3234,1.9,22.80248826695261
20140616,34.5,34.55,34.05,34.45,8123479,279142349,2874,-0.05,22.76944118250775
20140617,34.4,34.4,33.8,34.0,3502834,119166069,1453,-0.45,22.47201742250402
20140618,33.9,34.25,33.05,33.45,2727676,91900670,1425,-0.55,22.108499493610577
20140619,33.6,33.7,33.25,33.3,1499959,50198735,620,-0.15,22.009358240275997
20140620,33.3,34.0,33.3,33.4,1886206,63408485,795,0.1,22.075452409165713
20140623,33.6,33.8,32.1,32.4,2307540,75711938,1106,-1.0,21.414510720268535
20140624,32.45,32.75,32.1,32.55,1311480,42571600,619,0.15,21.513651973603118
20140625,32.55,33.1,32.3,32.9,1403359,46088685,716,0.35,21.744981564717126
20140626,32.95,33.3,32.95,32.95,970664,32078641,508,0.05,21.778028649161985
20140627,32.9,34.15,32.6,33.85,5589929,188440701,2157,0.9,22.372876169169444
20140630,34.05,34.35,33.7,34.3,9491130,323274888,3175,0.45,22.67029992917317
20140701,34.45,34.5,33.85,33.85,4235213,144530873,1810,-0.45,22.372876169169444
20140702,34.0,34.2,33.45,33.5,2998544,101377007,1227,-0.35,22.141546578055433
20140703,33.5,33.85,33.5,33.65,1487536,50050821,649,0.15,22.24068783139001
20140704,33.65,34.15,33.4,33.7,2016643,67976738,794,0.05,22.273734915834865
20140707,33.5,33.5,32.85,33.0,4728411,156941313,1269,-0.7,21.81107573360684
20140708,33.2,33.2,32.7,32.7,3331167,109286553,1248,-0.3,21.612793226937693
20140709,30.8,31.05,30.7,30.7,3873281,119447515,994,0.0,21.61279322693769
20140710,30.85,31.2,30.7,30.7,1098300,33906709,542,0.0,21.61279322693769
20140711,30.7,30.75,29.55,29.6,1756649,52906657,878,-1.1,20.83839346962071
20140714,29.6,30.25,29.6,30.05,894424,26760244,451,0.45,21.155193370341294
20140715,30.1,30.45,29.85,30.0,767481,23068530,401,-0.05,21.11999338137234
20140716,30.05,30.2,29.8,30.05,989925,29669150,420,0.05,21.155193370341294
20140717,30.05,31.0,29.95,30.95,2132680,64696741,908,0.9,21.78879317178246
20140718,30.75,30.85,30.25,30.25,3072160,93742433,1156,-0.7,21.295993326217104
20140721,30.55,30.65,30.3,30.45,635507,19346186,349,0.2,21.43679328209292
20140722,30.5,30.6,30.25,30.3,966025,29313453,420,-0.15,21.331193315186063
20140724,30.6,31.1,30.5,30.9,1826508,56485744,817,0.6,21.7535931828135
20140725,31.4,31.5,30.65,30.75,1351890,42031818,700,-0.15,21.64799321590664
20140728,31.2,31.2,30.7,30.75,738774,22841484,549,0.0,21.64799321590664
20140729,30.5,30.75,29.6,29.65,1779677,53534512,895,-1.1,20.87359345858966
20140730,29.65,30.1,29.65,29.9,534840,15997612,370,0.25,21.049593403434425
20140731,30.1,30.15,29.8,29.95,472480,14151171,299,0.05,21.084793392403387
20140801,29.7,30.1,29.65,30.0,603320,18020250,332,0.05,21.11999338137234
20140804,30.0,30.6,29.85,30.4,569079,17222992,346,0.4,21.401593293123966
20140805,30.6,30.65,30.0,30.0,612916,18485380,366,-0.4,21.11999338137234
20140806,30.35,30.45,29.6,30.1,1216930,36574139,657,0.1,21.190393359310246
20140807,30.4,30.45,30.05,30.1,529277,15993235,327,0.0,21.190393359310246
20140808,29.8,30.25,29.5,29.6,1105489,32811125,557,-0.5,20.83839346962071
20140811,30.0,30.2,29.8,30.1,568682,17088824,354,0.5,21.190393359310246
20140812,30.1,30.2,29.75,29.75,465641,13931385,278,-0.35,20.94399343652756
20140813,29.75,30.05,29.6,29.85,526843,15724909,263,0.1,21.014393414465477
20140814,30.0,30.15,29.85,29.9,505068,15128980,298,0.05,21.049593403434425
20140815,30.1,30.2,29.9,30.2,666719,20078089,366,0.3,21.260793337248156
20140818,30.8,31.2,30.7,30.85,2882800,89351428,1351,0.65,21.718393193844552
20140819,31.45,31.45,30.9,31.0,1212249,37665755,567,0.15,21.823993160751414
20140820,31.2,31.2,30.5,30.7,774341,23850600,442,-0.3,21.61279322693769
20140821,30.7,30.9,30.2,30.4,933626,28349394,514,-0.3,21.401593293123966
20140822,30.5,30.7,30.4,30.45,760073,23180267,451,0.05,21.43679328209292
20140825,30.45,30.85,30.45,30.5,453590,13897245,271,0.05,21.47199327106188
20140826,30.7,30.8,30.55,30.7,772506,23688432,502,0.2,21.61279322693769
20140827,30.8,31.05,30.55,30.55,1147229,35301433,687,-0.15,21.507193260030828
20140828,30.6,30.9,30.6,30.75,1111768,34157134,527,0.2,21.64799321590664
20140829,30.75,31.25,30.65,31.05,1646651,51114181,848,0.3,21.859193149720365
20140901,31.15,32.4,31.15,32.15,4954177,158948078,2171,1.1,22.633592907037357
20140902,32.05,32.65,31.65,32.6,3356099,108023316,1278,0.45,22.950392807757936
20140903,32.6,32.95,31.75,31.8,5609291,182157651,2146,-0.8,22.38719298425468
20140904,32.3,32.65,31.9,32.0,4249848,137077690,2069,0.2,22.527992940130495
20140905,32.5,32.6,32.0,32.55,3284344,106199176,1324,0.55,22.91519281878898
20140909,33.0,33.15,32.75,32.9,3887298,128201347,1788,0.35,23.161592741571663
20140910,32.8,33.0,32.4,32.75,1963734,64327151,1018,-0.15,23.055992774664798
20140911,33.0,33.05,32.35,32.6,1648693,53827039,853,-0.15,22.950392807757936
20140912,32.6,32.6,31.6,31.9,2326300,74283423,1036,-0.7,22.45759296219259
20140915,32.4,32.45,32.0,32.25,1189901,38307872,624,0.35,22.703992884975264
20140916,32.25,32.35,31.5,31.75,1157901,36897004,616,-0.5,22.351992995285727
20140917,31.85,32.1,31.6,31.9,1004525,32006089,541,0.15,22.45759296219259
20140918,31.9,32.5,31.8,32.0,968050,31060843,476,0.1,22.527992940130495
20140919,32.5,32.65,32.2,32.5,1707760,55402647,923,0.5,22.879992829820033
20140922,32.9,32.9,32.3,32.55,1392482,45382663,757,0.05,22.91519281878898
20140923,32.5,32.5,32.0,32.0,776262,24990138,429,-0.55,22.527992940130495
20140924,32.0,32.55,31.95,32.1,884725,28459835,478,0.1,22.5983929180684
20140925,32.3,32.45,31.3,31.35,1486928,47377500,748,-0.75,22.070393083534093
20140926,31.0,31.35,30.5,31.2,1266135,39015510,699,-0.15,21.964793116627234
20140929,31.2,31.45,31.2,31.2,521300,16313910,292,0.0,21.964793116627234
20140930,31.05,31.65,29.75,31.15,1822587,55853482,932,-0.05,21.929593127658276
20141001,30.8,31.25,30.8,30.85,766998,23789432,458,-0.3,21.718393193844552
20141002,30.5,30.9,30.3,30.65,647669,19839151,426,-0.2,21.57759323796874
20141003,30.9,31.8,30.9,31.55,2312734,72864820,1105,0.9,22.211193039409906
20141006,31.2,31.2,30.65,30.9,1881119,58136680,947,-0.65,21.7535931828135
20141007,30.9,30.95,29.9,30.05,2341098,70755038,1197,-0.85,21.155193370341294
20141008,30.0,30.3,29.75,29.8,1246475,37359152,654,-0.25,20.979193425496522
20141009,30.0,30.2,29.05,29.25,2153685,63280381,1237,-0.55,20.591993546838033
20141013,27.4,28.15,27.3,27.3,2835404,78021374,1122,-1.95,19.21919397704882
20141014,27.3,27.7,27.3,27.4,1072300,29488329,623,0.1,19.289593954986735
20141015,27.55,27.6,26.4,26.6,1563670,42171186,864,-0.8,18.726394131483467
20141016,25.55,26.2,24.75,26.15,2656350,67392550,1285,-0.45,18.409594230762888
20141017,26.35,26.45,24.85,25.15,1941550,49150429,832,-1.0,17.705594451383806
20141020,25.9,25.9,25.3,25.85,959521,24658015,506,0.7,18.198394296949164
20141021,25.85,26.2,25.8,26.0,663700,17221870,402,0.15,18.303994263856026
20141022,26.5,26.7,26.35,26.5,1194461,31735614,559,0.5,18.655994153545567
20141023,26.15,26.45,26.15,26.3,660575,17324470,343,-0.2,18.51519419766975
20141024,26.45,26.5,25.75,25.9,779380,20242501,471,-0.4,18.23359428591812
20141027,26.0,26.05,24.3,24.75,1383530,34535032,855,-1.15,17.423994539632172
20141028,25.7,25.7,25.25,25.65,875198,22326146,496,0.9,18.05759434107335
20141029,25.9,27.0,25.8,26.8,1348300,35951404,752,1.15,18.867194087359294
20141030,27.0,27.0,26.55,26.8,487300,13069390,336,0.0,18.867194087359294
20141031,27.3,27.3,26.8,27.1,470654,12727038,289,0.3,19.078394021173022
20141103,27.25,27.7,27.0,27.4,994725,27229813,518,0.3,19.289593954986735
20141104,27.5,27.6,27.1,27.25,476210,12972821,290,-0.15,19.18399398807987
20141105,27.5,27.8,27.5,27.6,677675,18693962,403,0.35,19.43039391086255
20141106,28.05,28.2,27.1,27.15,1217275,33756280,560,-0.45,19.113594010141966
20141107,27.25,27.6,27.15,27.3,568809,15567715,315,0.15,19.21919397704882
20141110,27.8,27.8,27.35,27.45,584320,16095534,322,0.15,19.32479394395569
20141111,27.8,27.8,27.45,27.55,336738,9281256,189,0.1,19.395193921893597
20141112,27.55,27.75,27.2,27.7,934072,25770886,535,0.15,19.50079388880046
20141113,27.8,28.9,27.7,28.5,2456824,69554134,1215,0.8,20.063993712303724
20141114,28.7,28.8,28.5,28.55,1110844,31785918,597,0.05,20.09919370127267
20141117,28.6,28.6,27.65,28.05,948765,26632757,589,-0.5,19.74719381158313
20141118,28.3,28.3,27.1,27.25,913587,25182292,575,-0.8,19.18399398807987
20141119,27.3,27.8,27.3,27.5,541550,14937652,301,0.25,19.359993932924645
20141120,27.5,27.9,27.5,27.6,400950,11110420,297,0.1,19.43039391086255
20141121,27.6,27.9,27.55,27.8,574236,15910322,322,0.2,19.57119386673837
20141124,28.0,28.05,27.6,27.65,488127,13543257,326,-0.15,19.4655938998315
20141125,27.8,28.5,27.5,28.4,1308428,36923787,757,0.75,19.99359373436581
20141126,28.4,28.5,28.0,28.1,844909,23844952,497,-0.3,19.782393800552086
20141127,28.1,28.4,27.85,27.85,592892,16665305,315,-0.25,19.60639385570732
20141128,27.85,28.0,27.75,27.8,611962,17038750,336,-0.05,19.57119386673837
20141201,27.0,28.1,26.9,27.85,536578,14816359,313,0.05,19.60639385570732
20141202,27.95,28.2,27.85,28.2,875390,24559736,471,0.35,19.852793778489996
20141203,28.7,28.75,28.4,28.7,1520933,43564624,695,0.5,20.204793668179537
20141204,28.9,29.6,28.85,29.1,2608600,76117269,1178,0.4,20.486393579931164
20141205,28.8,28.95,28.6,28.8,1270408,36530093,744,-0.3,20.275193646117444
20141208,28.9,28.9,28.15,28.25,1528050,43425800,805,-0.55,19.88799376745895
20141209,28.25,28.5,28.0,28.4,774576,21890721,368,0.15,19.99359373436581
20141210,28.35,29.1,28.35,28.75,888227,25582412,517,0.35,20.23999365714849
20141211,28.3,28.75,28.1,28.25,477836,13587297,299,-0.5,19.88799376745895
20141212,28.4,28.9,28.35,28.6,753244,21528478,468,0.35,20.13439369024163
20141215,28.5,28.9,28.3,28.5,550020,15751970,278,-0.1,20.063993712303724
20141216,28.3,28.75,28.3,28.35,505484,14399791,357,-0.15,19.95839374539687
20141217,28.3,28.35,27.45,27.55,1746654,48577583,945,-0.8,19.395193921893597
20141218,27.55,27.95,27.1,27.1,2073250,56643574,1165,-0.45,19.078394021173022
20141219,27.35,27.5,26.7,27.4,1009883,27427260,534,0.3,19.289593954986735
20141222,27.75,27.75,27.4,27.5,526699,14475921,333,0.1,19.359993932924645
20141223,27.55,27.8,27.4,27.4,581067,16001233,356,-0.1,19.289593954986735
20141224,27.5,27.65,27.4,27.65,602925,16603936,293,0.25,19.4655938998315
20141225,27.7,28.0,27.6,27.85,1006457,27969824,426,0.2,19.60639385570732
20141226,27.9,28.05,27.8,27.95,820905,22929094,377,0.1,19.676793833645227
20141227,28.05,29.15,27.95,28.85,2955650,85208605,1419,0.9,20.3103936350864
20141229,29.0,29.65,28.45,29.65,3761752,110053832,1634,0.8,20.87359345858966
20141230,29.85,30.25,29.45,29.45,2157350,64162952,1116,-0.2,20.732793502713843
20141231,29.8,30.15,29.65,29.8,2203961,65940638,1147,0.35,20.979193425496522
20150105,29.8,30.75,29.55,30.4,2261869,68347033,1270,0.6,21.401593293123966
20150106,30.4,30.7,30.0,30.6,2864005,87179846,1751,0.2,21.542393248999783
20150107,30.8,31.3,30.45,30.6,2755200,85023398,1649,0.0,21.542393248999783
20150108,30.9,31.2,30.8,30.9,2517939,78051470,1530,0.3,21.7535931828135
20150109,31.2,32.3,31.2,32.05,6603295,210771445,3321,1.15,22.563192929099444
20150112,32.05,32.8,32.0,32.1,4283699,138818535,2290,0.05,22.5983929180684
20150113,32.2,32.8,32.2,32.65,3098130,100854287,1844,0.55,22.9855927967269
20150114,32.8,32.9,31.8,31.95,3137484,101035808,1620,-0.7,22.492792951161537
20150115,32.15,32.15,31.55,31.9,2239950,71192465,1050,-0.05,22.45759296219259
20150116,32.15,32.3,31.65,31.95,1928016,61674956,1168,0.05,22.492792951161537
20150119,32.35,32.5,31.5,31.55,1273325,40648803,737,-0.4,22.211193039409906
20150120,31.8,32.3,31.8,32.1,1524583,48907694,871,0.55,22.5983929180684
20150121,32.35,32.45,31.7,31.75,1551151,49804690,994,-0.35,22.351992995285727
20150122,31.95,32.25,31.9,32.15,1063517,34079467,647,0.4,22.633592907037357
20150123,32.2,32.4,31.8,31.9,1125720,36017021,700,-0.25,22.45759296219259
20150126,31.8,32.35,31.8,32.2,1978010,63619868,931,0.3,22.66879289600631
20150127,32.3,33.15,32.3,32.7,6944472,228060576,3166,0.5,23.020792785695846
20150128,32.7,33.45,32.7,33.1,5545475,184178975,2620,0.4,23.30239269744748
20150129,33.25,33.25,32.7,32.7,2537542,83712965,1173,-0.4,23.020792785695846
20150130,33.0,33.0,32.2,32.2,1651450,53746900,847,-0.5,22.66879289600631
20150202,31.85,32.3,31.3,31.9,2843700,90674793,1440,-0.3,22.45759296219259
20150203,32.3,33.95,32.25,33.75,8506078,283314910,4366,1.85,23.759992554043883
20150204,34.3,34.5,33.25,33.4,6266888,212188960,3025,-0.35,23.513592631261197
20150205,33.9,34.2,33.5,33.75,3497376,118342128,1618,0.35,23.759992554043883
20150206,32.6,33.0,32.45,32.75,4377274,143247903,1885,-1.0,23.055992774664798
20150209,32.5,32.85,32.2,32.45,955445,31066272,547,-0.3,22.84479284085108
20150210,32.45,32.9,32.15,32.4,1463700,47474540,894,-0.05,22.809592851882122
20150211,32.45,32.7,32.3,32.4,1023880,33280935,664,0.0,22.809592851882122
20150212,32.7,32.7,32.4,32.4,1095003,35592994,751,0.0,22.809592851882122
20150213,32.95,32.95,32.45,32.7,1261434,41128936,800,0.3,23.020792785695846
20150224,33.05,33.7,32.7,33.3,2843100,94781726,1539,0.6,23.44319265332329
20150225,33.5,33.9,33.1,33.1,1890850,63297765,987,-0.2,23.30239269744748
20150226,32.45,33.05,32.45,32.9,1187100,38884668,713,-0.2,23.161592741571663
20150302,33.0,33.4,32.9,33.4,1580793,52324425,834,0.5,23.513592631261197
20150303,33.6,33.85,33.15,33.3,2488015,83310846,1117,-0.1,23.44319265332329
20150304,33.6,35.15,33.6,34.95,13394294,466425911,5320,1.65,24.604792289298775
20150305,35.5,37.35,35.25,37.35,19489863,708170808,8540,2.4,26.294391759808565
20150306,37.8,39.2,37.5,37.55,20791110,795782104,10019,0.2,26.43519171568437
20150309,37.65,38.7,37.65,38.3,8121226,310189042,4012,0.75,26.963191550218678
20150310,38.35,39.45,38.35,38.75,10329199,401228201,5005,0.45,27.27999145093927
20150311,38.5,39.2,38.3,38.7,6745957,261440730,3204,-0.05,27.244791461970323
20150312,38.55,38.6,36.5,36.9,9721147,364001169,4976,-1.8,25.977591859087973
20150313,37.5,38.95,37.4,38.95,11380675,438762522,5278,2.05,27.420791406815088
20150316,39.5,39.9,38.5,38.5,8722675,342260681,4614,-0.45,27.1039915060945
20150317,39.3,39.8,38.0,38.35,8019432,310870306,3671,-0.15,26.99839153918764
20150318,38.45,38.8,37.5,38.1,6008824,228170537,2938,-0.25,26.822391594342868
20150319,38.5,39.15,38.3,38.8,6398164,247959407,3125,0.7,27.315191439908215
20150320,38.9,41.1,38.7,40.7,16896914,677478974,7953,1.9,28.652791020728458
20150323,41.0,41.15,39.05,39.1,8491960,336820458,5281,-1.6,27.52639137372194
20150324,39.1,39.4,38.3,38.9,4639990,179971968,2829,-0.2,27.38559141784613
20150325,39.2,39.35,37.55,38.25,5005833,191074098,3090,-0.65,26.92799156124973
20150326,37.7,39.4,37.7,38.9,5275585,205088030,3142,0.65,27.38559141784613
20150327,39.4,39.5,37.8,38.3,3644205,140664206,2135,-0.6,26.963191550218678
20150330,38.5,39.25,38.05,38.45,4114379,159756064,2315,0.15,27.068791517125543
20150331,39.1,39.65,39.0,39.2,5270090,207447900,2932,0.75,27.596791351659853
20150401,38.65,38.75,37.7,38.1,5412677,206134313,2987,-1.1,26.822391594342868
20150402,38.1,38.5,37.35,38.35,3537141,134411964,2097,0.25,26.99839153918764
20150407,39.35,39.35,38.65,38.8,3658211,142336585,1999,0.45,27.315191439908215
20150408,38.95,39.2,38.6,38.7,2734800,106461918,1614,-0.1,27.244791461970323
20150409,39.0,39.05,37.4,37.6,3880761,147559116,2182,-1.1,26.470391704653327
20150410,38.0,38.3,37.2,38.2,2771643,104950205,1525,0.6,26.892791572280775
20150413,38.4,38.7,38.0,38.2,2371472,90892257,1286,0.0,26.892791572280775
20150414,38.2,38.45,37.65,38.0,1582536,60427480,911,-0.2,26.75199161640496
20150415,37.8,38.2,37.2,37.3,2517694,94615548,1434,-0.7,26.259191770839603
20150416,37.4,38.1,37.35,37.45,3492569,131612595,1793,0.15,26.364791737746472
20150417,37.6,38.0,37.45,37.8,1745648,65835538,935,0.35,26.611191660529137
20150420,37.75,37.8,37.1,37.45,1755333,65812956,1112,-0.35,26.364791737746472
20150421,37.9,37.95,36.15,36.25,3609104,133036669,1690,-1.2,25.519992002491573
20150422,37.0,38.2,37.0,37.7,6131097,231731695,2755,1.45,26.540791682591237
20150423,38.7,39.55,37.3,37.3,14021978,542909472,5158,-0.4,26.259191770839603
20150424,37.5,37.85,37.2,37.7,3310894,124097563,1764,0.4,26.540791682591237
20150427,37.7,38.0,36.6,37.1,3699200,137479216,1848,-0.6,26.118391814963786
20150428,37.1,37.45,37.0,37.2,1511996,56268298,914,0.1,26.188791792901707
20150429,37.2,37.2,36.2,36.25,3287764,119804980,1950,-0.95,25.519992002491573
20150430,36.2,36.8,35.9,36.6,1987868,72184810,1211,0.35,25.766391925274256
20150504,37.4,37.8,36.8,36.85,3047431,113568639,1941,0.25,25.942391870119014
20150505,37.4,37.4,36.85,36.85,1070921,39654081,633,0.0,25.942391870119014
20150506,36.85,38.5,36.75,38.5,7107082,269232673,3525,1.65,27.1039915060945
20150507,38.4,39.15,37.5,37.5,7172986,275447113,3647,-1.0,26.39999172671542
20150508,37.9,38.3,37.4,37.55,4643961,176147080,2297,0.05,26.43519171568437
20150511,38.1,38.25,37.1,38.0,3711008,140454502,1973,0.45,26.75199161640496
20150512,38.0,38.25,37.3,38.0,3379656,127821828,1953,0.0,26.75199161640496
20150513,38.15,39.3,38.05,38.9,8232461,319830728,4118,0.9,27.38559141784613
20150514,39.0,39.7,38.4,38.5,7234590,283264855,3643,-0.4,27.1039915060945
20150515,39.2,39.5,38.35,38.95,6255325,243949189,2751,0.45,27.420791406815088
20150518,39.45,40.4,39.3,39.5,9375410,374234979,4549,0.55,27.80799128547358
20150519,39.75,40.7,39.25,40.2,10648709,427433528,4860,0.7,28.300791131038938
20150520,40.2,40.8,39.8,40.0,4385513,176039308,2478,-0.2,28.159991175163118
20150521,39.8,39.9,38.6,39.2,4432185,173967401,2400,-0.8,27.596791351659853
20150522,39.5,40.15,39.35,39.45,5817680,231896621,2725,0.25,27.772791296504625
20150525,39.55,40.8,39.25,40.55,4755246,190631166,2471,1.1,28.54719105382161
20150526,40.85,43.3,40.8,43.15,19935358,843095361,9211,2.6,30.377590480207203
20150527,42.8,42.8,41.6,42.15,11060810,465943528,6015,-1.0,29.67359070082813
20150528,42.9,43.2,42.25,42.3,9567122,408012949,4573,0.15,29.779190667735005
20150529,42.5,45.25,42.5,44.3,20159025,890318383,9067,2.0,31.18719022649315
20150601,44.5,45.5,41.8,43.95,11080041,484392441,5715,-0.35,30.940790303710482
20150602,43.85,44.8,43.2,43.8,7734915,339298727,4012,-0.15,30.835190336803606
20150603,44.0,44.6,43.55,43.8,6716296,295364409,3719,0.0,30.835190336803606
20150604,43.65,43.7,39.45,39.6,15470533,632776751,7301,-4.2,27.878391263411487
20150605,39.0,41.0,37.5,40.45,11861157,465669047,5539,0.85,28.476791075883707
20150608,40.5,42.0,40.5,41.2,5879604,242590081,3281,0.75,29.004790910418016
20150609,40.8,42.0,40.4,40.4,8814777,364482533,3954,-0.8,28.441591086914745
20150610,41.8,43.6,41.75,43.0,10627375,455858594,5630,2.6,30.27199051330035
20150611,43.9,44.9,43.55,44.3,10560640,468326842,5324,1.3,31.18719022649315
20150612,44.6,46.55,44.1,44.25,16387170,743154816,8058,-0.05,31.151990237524195
20150615,44.5,45.2,43.4,44.05,7379874,326489689,3963,-0.2,31.011190281648368
20150616,44.5,46.35,44.4,45.9,10980039,498166126,5395,1.85,32.313589873499666
20150617,46.25,48.4,46.25,48.0,16359357,780317236,8346,2.1,33.79198941019574
20150618,48.9,49.3,47.1,48.3,9520262,459348890,5294,0.3,34.003189344009456
20150622,49.0,52.3,48.9,50.9,15961321,810888836,7944,2.6,35.83358877039506
20150623,52.0,53.5,49.6,50.0,16202554,837220200,8702,-0.9,35.1999889689539
20150624,50.0,52.0,49.65,52.0,11567218,587495286,5758,2.0,36.60798852771205
20150625,50.8,51.8,50.2,50.5,14812033,754288050,7346,0.0,36.974068412989155
20150626,50.5,50.9,49.1,49.2,8053274,398484971,4417,-1.3,36.022260711268665
20150629,48.1,48.75,46.85,48.0,7950391,380137568,3925,-1.2,35.143668986603565
20150630,48.0,50.0,47.0,50.0,9686054,470373950,5149,2.0,36.60798852771205
20150701,50.4,51.4,48.05,48.85,12206113,605876715,6746,-1.15,35.76600479157467
20150702,49.5,50.4,49.1,49.6,7393687,368350022,4249,0.75,36.31512461949036
20150703,50.9,52.8,49.7,52.6,20274265,1044797798,10018,3.0,38.51160393115307
20150706,55.0,57.7,54.5,56.8,33413075,1875976805,15724,4.2,41.58667496748089
20150707,57.7,58.8,53.5,54.6,24422803,1367365329,13256,-2.2,39.97592347226156
20150708,53.8,54.4,49.3,49.8,22073131,1133640050,10943,-4.8,36.46155657360119
20150709,47.1,53.5,46.45,52.9,22351963,1127536683,11438,3.1,38.73125186231935
20150713,54.1,54.5,52.3,52.7,19662069,1053366828,9930,-0.2,38.584819908208516
20150714,53.2,53.3,49.5,49.5,19125901,978302892,9981,-3.2,36.24190864243493
20150715,48.6,50.5,48.3,49.95,15425578,763446462,8153,0.45,36.57138053918434
20150716,51.0,52.1,50.1,50.2,15713183,802926479,8396,0.25,36.754420481822905
20150717,50.0,50.1,47.15,47.65,18243189,882605148,9739,-2.55,34.88741306690959
20150720,48.2,48.3,44.55,45.3,18025209,832932643,8958,-2.35,33.16683760610712
20150721,46.0,47.4,44.6,47.4,17696178,819467021,9726,2.1,34.70437312427102
20150722,46.5,47.1,45.15,45.3,11832428,547445828,6411,-2.1,33.16683760610712
20150723,45.25,45.9,41.0,41.45,24995367,1074028474,12209,-3.85,30.348022489473298
20150724,42.0,43.15,41.8,42.15,16897703,717325481,8660,0.7,30.860534328861252
20150727,41.45,42.05,38.1,38.1,17593625,702640698,8140,-4.05,27.89528725811658
20150728,39.05,41.9,39.05,41.9,20977324,852509720,10810,3.8,30.677494386222698
20150729,43.5,43.6,42.05,42.5,21348010,916390571,11198,0.6,31.11679024855524
20150730,41.8,42.95,40.45,41.0,21573330,898877258,11352,-1.5,30.018550592723884
20150731,41.6,41.75,39.3,40.2,13456026,543188040,7143,-0.8,29.432822776280485
20150803,38.4,38.4,36.55,37.3,15026768,560471294,7199,-2.9,27.309559441673187
20150804,38.35,39.5,37.1,37.9,17263224,661511425,9242,0.6,27.74885530400573
20150805,38.45,40.7,37.8,40.0,15575160,612047112,7925,2.1,29.286390822169633
20150806,38.8,39.3,37.8,38.05,15340574,587382956,7463,-1.95,27.85867926958887
20150807,37.75,39.65,37.6,39.3,10157406,396518852,5886,1.25,28.77387898278167
20150810,39.5,41.15,38.35,40.5,11627271,467691411,6020,1.2,29.652470707446763
20150811,41.3,41.3,39.0,39.2,9139503,367052570,4565,-1.3,28.70066300572624
20150812,38.95,39.9,38.85,39.6,5374255,211860782,2890,0.4,28.993526913947946
20150813,40.2,40.55,39.35,40.05,5404817,216792959,3004,0.45,29.322998810697342
20150814,40.05,40.35,39.5,40.2,3259050,130314900,1818,0.15,29.432822776280485
20150817,40.2,41.75,39.5,39.5,11442152,467767701,5942,-0.7,28.920310936892527
20150818,40.2,40.35,38.55,38.8,8041399,315828526,4411,-0.7,28.407799097504547
20150819,38.2,39.6,37.5,39.05,10558738,406228632,5512,0.25,28.590839040143113
20150820,39.1,40.25,38.6,40.1,8007682,318747359,4202,1.05,29.359606799225062
20150821,39.3,39.9,37.8,37.9,8231218,319132101,4545,-2.2,27.74885530400573
20150824,36.8,37.1,34.15,34.15,8283636,287907896,3922,-3.75,25.003256164427334
20150825,32.5,36.3,32.5,35.8,10272658,356743002,5227,1.65,26.211319785841827
20150826,35.5,36.35,34.45,36.1,7533017,269357012,3905,0.3,26.4309677170081
20150827,36.9,37.6,36.55,36.7,10820680,401932676,4931,0.6,26.870263579340644
20150828,37.5,37.95,36.6,36.6,6114891,227032519,3210,-0.1,26.797047602285218
20150831,36.5,37.15,36.2,37.1,3248225,119940195,1824,0.5,27.16312748756234
20150901,37.4,38.45,37.4,37.55,8347442,317484767,4668,0.45,27.49259938431175
20150902,37.1,38.1,37.1,38.0,5842418,220489084,3064,0.45,27.822071281061156
20150903,38.45,39.0,38.05,38.25,5864867,225863608,3166,0.25,28.005111223699714
20150904,37.5,37.85,35.8,35.8,9062600,333800200,4693,-2.45,26.211319785841827
20150907,35.65,36.3,35.0,36.3,3980936,142650375,2092,0.5,26.57739967111895
20150908,36.4,36.7,36.0,36.55,2848092,103820158,1401,0.25,26.760439613757505
20150909,37.7,38.0,37.4,37.6,4989556,188107956,2856,1.05,27.529207372839466
20150910,37.1,38.2,36.8,38.2,4108947,154980724,2359,0.6,27.968503235172
20150911,38.3,40.2,38.3,39.65,9901357,392031500,5795,1.45,29.030134902475652
20150914,40.3,40.95,39.95,40.3,6045917,244274252,3263,0.65,29.506038753335908
20150915,40.8,41.65,40.8,41.3,8100357,333517785,4333,1.0,30.238198523890148
20150916,41.9,42.15,40.5,40.65,6868174,283034776,3898,-0.65,29.762294673029896
20150917,40.95,41.45,40.7,40.95,4150100,170460634,2198,0.3,29.98194260419617
20150918,41.0,41.55,40.8,41.25,3113131,128407421,1740,0.3,30.20159053536244
20150921,40.55,40.85,40.25,40.5,3176456,128671320,1550,-0.75,29.652470707446763
20150922,41.0,41.1,40.4,40.4,2686991,109513983,1620,-0.1,29.579254730391334
20150923,39.5,40.2,39.0,39.0,3958068,156250631,2230,-1.4,28.5542310516154
20150924,39.5,39.9,38.2,38.55,4113069,160129254,2108,-0.45,28.224759154865982
20150925,38.55,38.65,37.65,38.15,3100972,118148673,1880,-0.4,27.931895246644288
20150930,37.5,38.35,37.5,38.0,1588660,60298203,1096,-0.15,27.822071281061156
20151001,38.7,39.65,38.3,39.1,3622339,142020671,2153,1.1,28.627447028670826
20151002,39.1,41.9,39.0,41.0,8216263,334551183,4734,1.9,30.018550592723884
20151005,41.7,42.45,41.45,42.2,7945043,333216109,4011,1.2,30.89714231738898
20151006,41.8,42.1,40.1,40.1,6962468,285709853,3701,-2.1,29.359606799225062
20151007,40.3,40.9,40.1,40.4,2486213,100756860,1345,0.3,29.579254730391334
20151008,40.6,41.05,39.15,39.25,3482717,138904138,1953,-1.15,28.737270994253958
20151012,39.05,39.6,38.55,39.15,2492636,97656730,1536,-0.1,28.664055017198528
20151013,39.2,40.2,39.1,39.65,2156771,85764003,1357,0.5,29.030134902475652
20151014,40.05,41.55,40.0,40.65,5557420,227363836,3154,1.0,29.762294673029896
20151015,40.65,40.9,39.7,39.8,3634318,145756143,2301,-0.85,29.139958868058788
20151016,40.05,40.3,39.25,40.2,2836103,113041292,1529,0.4,29.432822776280485
20151019,40.75,41.3,39.9,39.9,4687742,190781674,2768,-0.3,29.213174845114214
20151020,40.0,40.35,39.75,40.35,2462485,98556371,1486,0.45,29.542646741863617
20151021,40.5,40.7,39.9,39.9,2362687,94855811,1324,-0.45,29.213174845114214
20151022,39.9,40.6,39.9,40.3,2080327,83739576,1202,0.4,29.506038753335908
20151023,40.95,41.8,40.6,40.85,6643322,274243384,3664,0.55,29.90872662714075
20151026,41.25,41.7,41.15,41.25,3604228,149191957,2018,0.4,30.20159053536244
20151027,41.25,41.25,40.0,40.1,4365754,175742117,2249,-1.15,29.359606799225062
20151028,40.15,40.35,39.5,39.6,2903482,115765632,1670,-0.5,28.993526913947946
20151029,39.95,40.1,38.0,38.2,5918565,229681244,3510,-1.4,27.968503235172
20151030,38.45,38.85,37.65,38.5,4355751,167182905,2640,0.3,28.188151166338276
20151102,38.5,38.8,37.65,37.9,4642197,176327386,2912,-0.6,27.74885530400573
20151103,38.3,38.45,38.0,38.0,2838297,108354348,1894,0.1,27.822071281061156
20151104,38.2,38.6,37.75,38.35,4889510,186893979,2917,0.35,28.078327200755147
20151105,38.0,38.3,37.8,38.3,2488421,94909984,1534,-0.05,28.041719212227434
20151106,38.55,39.3,38.3,38.35,4582425,177811584,2614,0.05,28.078327200755147
20151109,38.6,38.9,37.15,37.15,5636895,211918529,2872,-1.2,27.199735476090055
20151110,37.1,37.4,36.3,36.5,3953000,146064749,2226,-0.65,26.723831625229796
20151111,36.65,37.25,36.05,37.2,3719233,136712971,2174,0.7,27.23634346461776
20151112,37.45,37.7,35.65,36.15,4710280,171743906,2402,-1.05,26.46757570553581
20151113,35.7,36.45,35.7,35.8,2186528,78766808,1334,-0.35,26.211319785841827
20151116,35.4,35.5,34.35,34.5,4290745,149299322,2762,-1.3,25.25951208412131
20151117,35.0,37.5,35.0,37.3,6186829,225896144,3720,2.8,27.309559441673187
20151118,37.45,38.95,37.35,38.1,11586723,444504474,6191,0.8,27.89528725811658
20151119,38.6,39.0,38.15,38.4,5973494,230208560,3066,0.3,28.114935189282853
20151120,38.85,39.65,38.6,38.6,6840262,267234806,3387,0.2,28.261367143393702
20151123,39.0,39.25,37.65,37.75,5027976,192667566,2702,-0.85,27.6390313384226
20151124,38.2,38.55,37.8,38.0,4791768,182476570,2255,0.25,27.822071281061156
20151125,38.0,38.1,36.95,37.9,3156500,118779992,1650,-0.1,27.74885530400573
20151126,38.05,38.85,38.05,38.2,3421750,131633396,1984,0.3,27.968503235172
20151127,38.5,39.1,38.05,39.0,3470546,134332280,2004,0.8,28.5542310516154
20151130,39.05,40.9,38.55,40.55,11298712,452511123,5618,1.55,29.689078695974477
20151201,41.05,44.2,40.8,43.8,21116899,904476696,10341,3.25,32.068597950275745
20151202,44.3,45.25,43.05,43.75,15882039,703092587,7849,-0.05,32.031989961748046
20151203,44.0,45.85,43.9,44.9,15459303,695603601,7739,1.15,32.873973697885425
20151204,45.1,45.8,44.4,45.2,12661240,573337690,6043,0.3,33.0936216290517
20151207,45.7,46.4,44.65,44.65,8150044,368299103,4023,-0.55,32.69093375524685
20151208,44.65,45.1,43.6,43.6,6251295,275754677,3266,-1.05,31.922165996164914
20151209,44.25,45.4,42.9,44.6,13813922,612889913,7267,1.0,32.654325766719154
20151210,45.0,45.8,43.9,44.3,12348243,553389257,6305,-0.3,32.434677835552876
20151211,44.5,44.55,42.6,43.3,6525833,285153012,3848,-1.0,31.702518064998635
20151214,43.15,43.9,41.7,43.9,4959552,213833867,2863,0.6,32.14181392733117
20151215,44.35,44.8,43.1,43.1,4781491,208535683,2697,-0.8,31.556086110887783
20151216,43.7,43.7,42.45,43.2,3520759,151448485,2081,0.1,31.629302087943216
20151217,43.9,46.15,43.7,45.55,12959946,585600676,6558,2.35,33.34987754874568
20151218,45.6,49.6,45.55,48.2,24975287,1196964420,12441,2.65,35.290100940714424
20151221,48.3,50.3,48.25,48.5,20048074,986197680,9151,0.3,35.50974887188068
20151222,49.5,49.8,47.0,47.7,12091450,584913401,6825,-0.8,34.924021055437294
20151223,48.2,48.45,46.9,46.95,8199236,389877568,3847,-0.75,34.37490122752161
20151224,47.5,47.7,46.25,46.35,5543950,258362838,2893,-0.6,33.93560536518907
20151225,46.4,47.2,45.95,47.2,2955411,137768993,1961,0.85,34.55794117016018
20151228,47.4,47.5,46.4,46.4,4297174,201185414,2482,-0.8,33.972213353716775
20151229,46.4,47.7,46.3,47.7,5074579,238710205,2957,1.3,34.924021055437294
20151230,48.2,48.45,46.6,46.6,5476403,259898676,3039,-1.1,34.11864530782763
20151231,46.8,47.5,46.7,47.25,3063950,144552421,1645,0.65,34.59454915868788
20160104,47.25,47.35,45.8,45.85,3279119,152236107,1674,-1.4,33.56952547991196
20160105,46.0,48.5,44.5,48.0,12092842,570555066,6467,2.15,35.143668986603565
20160106,48.9,49.35,47.75,48.85,16339449,795145817,8338,0.85,35.76600479157467
20160107,48.5,48.55,46.45,46.65,13842636,657398392,7067,-2.2,34.15525329635534
20160108,46.45,48.7,46.4,47.05,9588967,456565349,5059,0.4,34.44811720457704
20160111,46.8,47.7,45.6,47.4,6077896,285080567,3573,0.35,34.70437312427102
20160112,47.9,48.4,42.7,43.0,11850398,541106460,5828,-4.4,31.48287013383237
20160113,44.0,44.4,42.65,43.5,7297653,318130297,4018,0.5,31.848950019109477
20160114,42.25,42.95,41.45,42.95,6435744,272041435,3936,-0.55,31.446262145304658
20160115,43.7,43.9,42.85,42.85,3845414,167141297,2233,-0.1,31.373046168249235
20160118,41.7,46.7,41.7,46.7,7836395,350343029,4741,3.85,34.19186128488307
20160119,46.5,49.2,45.8,48.7,14424377,698079002,7887,2.0,35.65618082599155
20160120,49.0,49.45,46.85,46.85,11048580,534125460,5872,-1.85,34.3016852504662
20160121,47.8,50.1,47.5,49.7,16820990,826910037,8424,2.85,36.38834059654578
20160122,50.5,51.8,49.3,50.4,14771510,746906384,7519,0.7,36.90085243593375
20160125,51.2,52.4,50.2,50.4,9435694,482201368,5112,0.0,36.90085243593375
20160126,49.5,51.2,49.4,50.1,6583716,331652363,3477,-0.3,36.681204504767464
20160127,50.4,50.9,48.45,49.6,8250175,409855512,4620,-0.5,36.31512461949036
20160128,49.9,50.4,49.55,50.2,4195024,209728996,2526,0.6,36.754420481822905
20160129,50.5,51.0,49.85,50.5,5527673,278030484,2913,0.3,36.974068412989155
20160130,51.2,54.0,51.2,53.0,10726709,567306877,5842,2.5,38.80446783937477
20160201,53.8,54.9,51.5,51.8,10894803,581913483,6173,-1.2,37.92587611470967
20160202,51.1,51.6,50.2,50.2,5769637,292756671,3327,-1.6,36.754420481822905
20160203,49.65,50.4,49.2,49.6,4735187,235590064,2799,-0.6,36.31512461949036
20160215,49.6,50.6,49.0,49.8,3794540,189745050,1969,0.2,36.46155657360119
20160216,50.4,50.5,49.5,50.5,3639702,182283638,1930,0.7,36.974068412989155
20160217,50.8,50.9,49.75,49.9,3074716,154188267,1703,-0.6,36.53477255065662
20160218,50.3,50.5,49.75,49.85,3105692,155132715,1811,-0.05,36.49816456212891
20160219,50.0,52.5,49.9,52.0,9668876,499675302,5156,2.15,38.072308068820526
20160222,51.5,52.3,50.7,51.3,4942705,253690652,2614,-0.7,37.55979622943256
20160223,51.8,52.5,51.4,51.8,3957354,205246524,2257,0.5,37.92587611470967
20160224,51.6,51.9,50.8,50.8,2493803,127545277,1485,-1.0,37.19371634415545
20160225,51.0,51.6,50.6,51.2,1833817,93568741,1061,0.4,37.48658025237714
20160226,51.7,52.9,51.7,52.1,7260683,380470723,3778,0.9,38.14552404587596
20160301,52.1,55.6,51.8,54.3,13487063,731890799,6981,2.2,39.756275541095285
20160302,55.0,55.4,52.1,52.2,10169455,541050685,5857,-2.1,38.21874002293138
20160303,51.8,51.9,49.4,49.6,9953624,500667758,5514,-2.6,36.31512461949036
20160304,49.8,50.4,48.8,49.4,6044292,300100572,3366,-0.2,36.1686926653795
20160307,49.6,50.7,49.6,50.6,5319100,267290824,3226,1.2,37.047284390044595
20160308,50.4,51.5,50.3,51.5,6171389,314169322,3123,0.9,37.706228183543416
20160309,51.5,53.7,51.4,53.4,13183308,695156800,6383,1.9,39.09733174759647
20160310,53.3,53.3,52.1,52.5,6157498,323178185,3087,-0.9,38.43838795409764
20160311,52.8,53.4,51.9,53.4,7979028,421130981,3776,0.9,39.09733174759647
20160314,54.1,54.7,52.1,53.4,10962541,585295473,5001,0.0,39.09733174759647
20160315,54.0,54.7,53.0,53.0,13452586,725917064,6124,-0.4,38.80446783937477
20160316,53.5,54.8,53.4,54.4,8564938,465101879,4698,1.4,39.82949151815071
20160317,55.0,56.2,54.3,54.5,12295046,677849884,5782,0.1,39.90270749520612
20160318,54.8,56.3,53.8,56.3,12234584,681467604,6404,1.8,41.22059508220376
20160321,57.0,57.0,55.4,56.1,5552292,310756852,3225,-0.2,41.07416312809292
20160322,56.2,58.1,54.7,55.6,10111822,571352368,5617,-0.5,40.708083242815796
20160323,55.0,56.0,54.5,54.8,4997163,275411076,2655,-0.8,40.1223554263724
20160324,54.6,55.7,54.5,55.1,3010167,166091385,1662,0.3,40.34200335753868
20160325,55.6,56.4,55.3,56.1,4175407,233682792,2419,1.0,41.07416312809292
20160328,56.5,56.9,55.1,55.2,3244263,181389765,1785,-0.9,40.4152193345941
20160329,55.2,55.4,53.0,54.7,4959035,268516093,2654,-0.5,40.04913944931698
20160330,55.0,55.4,54.1,55.4,2588733,142442984,1556,0.7,40.56165128870496
20160331,55.6,55.6,54.5,55.5,2275917,125396211,1464,0.1,40.63486726576037
20160401,55.5,55.6,54.6,54.8,2244640,123579447,1301,-0.7,40.1223554263724
20160406,54.1,54.3,53.1,54.0,3668343,196519422,2191,-0.8,39.53662760992901
20160407,54.7,54.9,53.6,53.7,5097925,276636062,3028,-0.3,39.31697967876275
20160408,53.2,54.8,52.9,54.6,4085155,219217707,2398,0.9,39.97592347226156
20160411,54.5,54.8,53.5,54.1,2376500,128871841,1649,-0.5,39.60984358698445
20160412,53.5,53.8,51.6,51.7,7215094,378489332,4140,-2.4,37.85266013765426
20160413,51.8,52.5,51.4,51.5,4272133,221291142,2631,-0.2,37.706228183543416
20160414,51.9,52.4,51.0,51.3,4235192,217659250,2437,-0.2,37.55979622943256
20160415,51.0,51.3,49.5,51.0,8818867,443938270,4231,-0.3,37.34014829826629
20160418,50.6,51.7,49.9,51.6,3129592,159627781,1711,0.6,37.779444160598835
20160419,52.0,52.0,48.8,48.8,5919815,296044715,3450,-2.8,35.72939680304697
20160420,48.85,49.4,48.05,48.9,5404693,263319886,2809,0.1,35.802612780102386
20160421,49.45,50.0,49.0,49.6,2681387,132999800,1885,0.7,36.31512461949036
20160422,49.0,49.4,47.45,47.7,4476243,216037046,2733,-1.9,34.924021055437294
20160425,46.85,47.7,45.8,47.5,4983660,234080661,3212,-0.2,34.777589101326456
20160426,47.4,49.85,47.4,49.4,3812332,186673240,2625,1.9,36.1686926653795
20160427,49.0,50.5,48.4,49.9,3754654,186297642,2446,0.5,36.53477255065662
20160428,50.4,50.8,49.6,49.65,3601510,180446789,2389,-0.25,36.35173260801806
20160429,48.5,49.8,48.5,49.8,3150526,155150536,1625,0.15,36.46155657360119
20160503,50.5,50.5,48.5,48.5,2962840,146535513,1735,-1.3,35.50974887188068
20160504,48.5,49.7,46.5,46.6,5875655,282455101,3635,-1.9,34.11864530782763
20160505,45.9,47.75,45.75,47.7,5279600,246402950,3047,1.1,34.924021055437294
20160506,47.7,47.7,46.55,46.75,5432533,255180143,3146,-0.95,34.22846927341077
20160509,47.05,47.1,45.15,45.15,3211471,147508667,1690,-1.6,33.05701364052398
20160510,45.15,46.7,44.8,45.25,3238182,147568979,1910,0.1,33.1302296175794
20160511,45.75,45.9,43.95,44.0,5686198,252852928,3312,-1.25,32.215029904386604
20160512,43.9,45.7,43.7,44.8,4135457,186086878,2713,0.8,32.80075772082999
20160513,45.1,46.0,44.5,46.0,2742354,124493846,1491,1.2,33.679349445495085
20160516,46.2,46.5,45.3,46.0,1624722,74800762,863,0.0,33.679349445495085
20160517,46.6,48.55,46.5,48.3,4425165,211238584,2902,2.3,35.36331691776984
20160518,47.6,48.45,47.35,47.8,2680573,128311615,1741,-0.5,34.99723703249271
20160519,48.1,48.15,47.3,47.9,1898325,90544851,1156,0.1,35.070453009548146
20160520,47.5,47.85,46.4,47.2,4182300,196790228,2788,-0.7,34.55794117016018
20160523,47.0,48.5,46.7,48.3,2546103,121986802,1710,1.1,35.36331691776984
20160524,48.0,49.05,47.8,48.7,1967885,95768524,1298,0.4,35.65618082599155
20160525,49.25,49.65,48.8,48.8,1830505,90029888,1153,0.1,35.72939680304697
20160526,49.0,49.25,48.7,48.7,1431502,69972321,880,-0.1,35.65618082599155
20160527,48.8,49.45,48.6,48.65,1718369,84196246,1050,-0.05,35.61957283746383
20160530,49.0,51.2,49.0,50.6,4083095,205046901,2252,1.95,37.047284390044595
20160531,50.8,51.2,50.3,50.8,3085760,156367979,1685,0.2,37.19371634415545
20160601,50.5,51.4,50.4,50.4,2400247,122104521,1352,-0.4,36.90085243593375
20160602,50.7,50.8,49.8,50.0,1828757,91680950,984,-0.4,36.60798852771205
20160603,50.3,50.9,49.9,50.0,2055234,103305858,1048,0.0,36.60798852771205
20160604,50.9,51.8,50.7,51.1,2545385,130123471,1362,1.1,37.41336427532172
20160606,51.3,52.1,50.9,51.2,2073831,106569181,1153,0.1,37.48658025237714
20160607,51.1,51.3,50.8,50.9,1539894,78594300,874,-0.3,37.26693232121087
20160608,51.2,51.2,50.2,51.1,2341900,118927718,1571,0.2,37.41336427532172
20160613,50.9,51.0,50.2,50.6,1788947,90387870,872,-0.5,37.047284390044595
20160614,50.4,51.3,50.2,51.2,1544803,78332053,940,0.6,37.48658025237714
20160615,51.0,51.2,50.5,50.9,2105508,106902000,1129,-0.3,37.26693232121087
20160616,50.9,50.9,49.2,49.2,4087588,203578030,2196,-1.7,36.022260711268665
20160617,49.5,49.8,49.1,49.6,1857051,91693176,1229,0.4,36.31512461949036
20160620,49.65,49.85,49.25,49.5,1427118,70859282,879,-0.1,36.24190864243493
20160621,49.6,49.9,48.7,49.15,2544550,124958444,1514,-0.35,35.98565272274095
20160622,49.45,49.55,47.85,48.0,4399993,213289658,2604,-1.15,35.143668986603565
20160623,48.0,48.0,46.6,46.7,4898261,230639083,2820,-1.3,34.19186128488307
20160624,46.6,46.75,44.8,45.1,4273053,195092601,2559,-1.6,33.02040565199626
20160627,45.1,47.3,44.8,47.3,3035253,141507110,1741,2.2,34.63115714721559
20160628,47.3,48.95,46.5,48.85,3439534,165613529,2064,1.55,35.76600479157467
20160629,49.15,49.3,48.4,48.5,2237359,109290958,1320,-0.35,35.50974887188068
20160630,48.8,48.95,48.25,48.9,1553844,75602150,953,0.4,35.802612780102386
20160701,49.15,49.15,48.25,48.7,1994062,96854506,1192,-0.2,35.65618082599155
20160704,48.7,48.7,47.75,48.0,2979604,143275361,1268,-0.7,35.143668986603565
20160705,47.9,48.8,47.75,48.0,2743702,132454869,1525,0.0,35.143668986603565
20160706,46.0,46.5,45.1,45.65,7864831,357912605,3754,-2.35,33.42309352580111
20160707,43.5,43.75,41.65,42.45,7784533,330033568,4200,0.0,32.636199182744285
20160711,42.65,42.9,41.05,41.05,6490382,270109851,3109,-1.4,31.559858102512425
20160712,41.15,41.35,40.0,40.4,8095511,327461042,4191,-0.65,31.060128315261935
20160713,40.6,41.25,40.55,40.6,4870570,198902995,2729,0.2,31.213891326723626
20160714,40.6,40.6,39.8,40.6,5000300,201315294,2970,0.0,31.213891326723626
20160715,40.9,43.1,40.9,43.0,8418280,353600413,4253,2.4,33.059047464263934
20160718,42.7,42.75,41.8,41.8,5459750,229946050,3028,-1.2,32.13646939549378
20160719,42.0,42.25,41.55,42.0,3147778,131854962,1503,0.2,32.290232406955475
20160720,41.75,42.65,41.65,41.65,3548477,149068110,1983,-0.35,32.02114713689752
20160721,42.05,42.35,41.75,42.1,4144270,174358346,2008,0.45,32.367113912686314
20160722,42.0,42.25,41.5,41.65,2742308,114431273,1547,-0.45,32.02114713689752
20160725,41.7,42.05,40.8,40.9,1904640,78537413,1113,-0.75,31.44453584391617
20160726,41.1,41.8,41.0,41.6,1314223,54543402,799,0.7,31.982706384032095
20160727,41.9,42.5,41.0,41.0,3352987,140364417,2249,-0.6,31.521417349647013
20160728,41.3,41.7,41.15,41.2,2000616,82818126,1178,0.2,31.67518036110871
20160729,41.25,41.3,39.45,39.9,8757555,350918500,4157,-1.3,30.675720786607705
20160801,39.85,40.9,39.15,40.9,4954968,198638188,2882,1.0,31.44453584391617
20160802,41.1,41.2,40.6,41.0,2339513,95812168,1266,0.1,31.521417349647013
20160803,40.4,40.6,39.95,40.4,3733373,150458752,2164,-0.6,31.060128315261935
20160804,39.9,40.7,39.85,40.7,2942211,118042890,1496,0.3,31.29077283245447
20160805,40.6,40.85,40.4,40.85,1433990,58369835,771,0.15,31.40609509105074
20160808,40.85,40.85,40.25,40.5,1310429,53190332,666,-0.35,31.137009820992784
20160809,40.6,41.45,40.5,41.2,2196644,90127814,1279,0.7,31.67518036110871
20160810,41.2,41.4,40.5,41.0,1767632,72099680,1001,-0.2,31.521417349647013
20160811,40.4,40.5,39.2,39.5,3203571,127168018,1830,-1.5,30.368194763684315
20160812,39.55,40.05,39.35,39.35,1710875,67839763,996,-0.15,30.25287250508805
20160815,39.4,40.8,39.35,40.55,2785134,112546522,1440,1.2,31.175450573858203
20160816,40.9,40.9,40.2,40.6,1808119,73384894,900,0.05,31.213891326723626
20160817,40.4,40.5,39.8,40.0,1645593,65980970,774,-0.6,30.752602292338548
20160818,40.0,41.2,40.0,40.6,2173577,88361875,1255,0.6,31.213891326723626
20160819,40.9,41.35,40.5,40.5,2099541,86014404,1057,-0.1,31.137009820992784
20160822,40.7,41.0,39.85,40.0,2029803,81457120,1074,-0.5,30.752602292338548
20160823,40.0,40.6,39.95,40.45,1050300,42296692,550,0.45,31.098569068127354
20160824,40.5,41.9,40.3,41.4,3069749,126621652,1640,0.95,31.8289433725704
20160825,41.5,42.0,41.2,41.95,3304756,137804688,1717,0.55,32.25179165409005
20160826,41.7,41.9,40.8,41.7,3170291,131273897,1570,-0.25,32.05958788976294
20160829,41.3,41.85,41.15,41.75,1841081,76548970,972,0.05,32.09802864262836
20160830,42.0,42.95,41.9,42.7,5454441,231792959,3102,0.95,32.828402947071396
20160831,42.7,42.9,41.75,42.7,2242581,94814241,1375,0.0,32.828402947071396
20160901,42.5,42.7,42.0,42.5,1968862,83259995,984,-0.2,32.674639935609704
20160902,42.5,42.6,41.05,42.2,2675302,112544334,1451,-0.3,32.44399541841717
20160905,42.0,42.0,40.95,41.3,2516503,104002165,1472,-0.9,31.75206186683955
20160906,41.2,42.0,41.1,41.75,2466322,102551237,1301,0.45,32.09802864262836
20160907,41.45,42.0,41.3,41.5,1938221,80797680,1177,-0.25,31.90582487830125
20160908,41.5,41.8,41.5,41.7,1170537,48721651,785,0.2,32.05958788976294
20160909,41.5,42.75,41.5,42.7,3609147,152643475,2012,1.0,32.828402947071396
20160910,42.2,42.9,41.6,42.9,1512803,63817033,694,0.2,32.9821659585331
20160912,42.8,42.9,42.3,42.3,2136989,91136775,1387,-0.6,32.520876924148006
20160913,42.8,43.65,42.6,43.6,4109509,177891555,2588,1.3,33.520336498649016
20160914,43.6,44.75,43.6,44.75,4283652,189993138,2712,1.15,34.40447381455375
20160919,45.45,45.8,44.55,45.45,5325200,240469643,3108,0.7,34.94264435466968
20160920,46.3,46.95,44.25,44.25,7438365,339394210,4101,-1.2,34.02006628589951
20160921,44.2,44.65,43.35,43.8,2831168,123805456,1670,-0.45,33.6740995101107
20160922,44.45,44.95,43.85,43.95,2651784,117378172,1716,0.15,33.78942176870697
20160923,43.8,44.35,43.75,44.0,1840802,80933225,1046,0.05,33.82786252157239
20160926,44.0,44.15,43.0,44.15,2796192,122521464,1316,0.15,33.94318478016867
20161007,57.0,57.5,54.0,55.5,3014267,167790861,1891,0.0,42.66923568061972
20161011,55.5,55.5,50.1,51.0,5324711,273922761,2718,-4.5,39.209567922731644
20161012,50.0,50.7,47.8,48.25,4991428,243000732,2830,-2.75,37.09532651513337
20161013,48.4,49.15,47.35,47.5,3504917,168459187,2186,-0.75,36.518715222152025
20161014,47.6,47.85,46.0,46.0,3223594,150331974,1943,-1.5,35.36549263618932
20161017,46.25,46.3,44.9,45.25,2249028,101707470,1514,-0.75,34.78888134320797
20161018,45.35,45.95,45.35,45.5,1086807,49639406,824,0.25,34.981085107535094
20161019,45.8,46.15,45.2,45.45,1093042,49893280,791,-0.05,34.94264435466968
20161020,45.5,45.7,45.05,45.15,1415102,64016190,753,-0.3,34.71199983747714
20161021,45.15,45.6,45.1,45.5,692786,31468365,488,0.35,34.981085107535094
20161024,45.3,45.55,45.15,45.4,726238,32922926,467,-0.1,34.90420360180426
20161025,45.5,46.4,45.45,45.6,1455996,66917795,1022,0.2,35.057966613265926
20161026,45.6,46.2,45.6,45.65,1047262,47994092,851,0.05,35.09640736613136
20161027,45.9,46.0,45.15,45.15,1257977,57132248,857,-0.5,34.71199983747714
20161028,45.3,45.3,43.75,43.75,1889462,83863989,1279,-1.4,33.63565875724529
20161031,43.3,43.3,42.3,42.3,2133368,91090797,1260,-1.45,32.520876924148006
20161101,42.35,42.95,42.3,42.85,1076513,45909943,726,0.55,32.94372520566768
20161102,41.9,42.95,41.65,42.85,1996177,84065231,1139,0.0,32.94372520566768
20161103,42.7,44.25,42.35,43.7,1879166,81274628,1146,0.85,33.59721800437987
20161104,43.5,43.65,42.85,43.1,845428,36521854,587,-0.6,33.13592896999479
20161107,43.5,43.55,43.15,43.15,550753,23884779,376,0.05,33.17436972286019
20161108,43.25,43.4,42.25,42.85,813243,34749966,605,-0.3,32.94372520566768
20161109,42.9,42.9,39.65,42.0,2052960,84717090,1253,-0.85,32.290232406955475
20161110,42.2,43.1,42.2,42.95,1259582,53896407,770,0.95,33.020606711398514
20161111,42.4,43.7,41.3,43.4,1613449,68841014,1167,0.45,33.366573487187324
20161114,41.7,43.6,41.7,43.4,911825,39065881,767,0.0,33.366573487187324
20161115,42.8,43.2,42.4,43.05,425499,18281120,448,-0.35,33.09748821712935
20161116,43.05,43.45,42.8,43.35,776305,33555287,619,0.3,33.328132734321905
20161117,43.35,43.6,42.8,43.6,654898,28276860,626,0.25,33.520336498649016
20161118,43.15,43.6,42.95,43.6,644634,27948734,602,0.0,33.520336498649016
20161121,43.6,43.9,43.3,43.6,699391,30504588,602,0.0,33.520336498649016
20161122,44.0,44.2,43.35,43.35,851343,37346372,624,-0.25,33.328132734321905
20161123,43.4,43.55,42.45,42.6,1138071,48680110,781,-0.75,32.751521441340564
20161124,42.25,43.15,42.2,42.55,825698,35132518,529,-0.05,32.713080688475124
20161125,42.55,43.1,42.5,43.1,619675,26615059,432,0.55,33.13592896999479
20161128,43.45,46.0,43.25,46.0,2961008,133861847,1870,2.9,35.36549263618932
20161129,46.45,46.5,45.4,45.5,1551037,70975468,1050,-0.5,34.981085107535094
20161130,45.3,46.0,45.0,46.0,1162455,52773280,891,0.5,35.36549263618932
20161201,45.5,46.0,45.2,45.2,688830,31337895,537,-0.8,34.750440590342556
20161202,45.0,45.0,44.15,44.3,709972,31638105,495,-0.9,34.058507038764944
20161205,44.25,44.7,43.8,44.4,805037,35674779,528,0.1,34.13538854449578
20161206,43.85,44.65,43.85,44.5,1284531,56821565,828,0.1,34.21227005022664
20161207,44.55,45.65,44.15,45.15,901646,40651109,653,0.65,34.71199983747714
20161208,45.65,46.1,45.4,46.0,1372236,62828210,761,0.85,35.36549263618932
20161209,46.5,48.3,46.5,47.45,4504018,214202224,2717,1.45,36.4802744692866
20161212,47.8,48.35,47.0,48.1,2184362,104475268,1410,0.65,36.98000425653711
20161213,47.75,48.1,47.4,47.8,901906,43054874,595,-0.3,36.74935973934456
20161214,47.9,48.2,47.5,47.5,873412,41686854,639,-0.3,36.518715222152025
20161215,47.3,48.15,47.25,47.7,905926,43236482,549,0.2,36.67247823361371
20161216,48.0,48.0,47.3,47.3,762136,36252112,522,-0.4,36.364952210690326
20161219,47.25,48.5,47.1,48.45,2023087,97267671,1160,1.15,37.249089526595064
20161220,48.45,48.45,47.6,47.65,2281542,109383907,1270,-0.8,36.63403748074829
20161221,48.4,49.2,47.8,49.0,3179687,155118640,1892,1.35,37.67193780811473
20161222,48.95,50.3,48.6,50.1,3384452,168305129,1921,1.1,38.517634371154024
20161223,50.0,52.0,49.7,50.3,4108090,209282850,2363,0.2,38.67139738261572
20161226,50.1,50.7,49.7,50.7,1080779,54402532,775,0.4,38.97892340553911
20161227,50.7,50.7,49.8,49.85,1411997,70798689,734,-0.85,38.32543060682692
20161228,49.85,51.0,49.6,49.85,1462272,73358177,919,0.0,38.32543060682692
20161229,49.6,49.7,49.35,49.45,667430,33020837,417,-0.4,38.01790458390353
20161230,49.35,50.2,49.35,49.5,1067194,52989925,640,0.05,38.05634533676894
20170103,49.55,49.7,48.4,48.5,1378511,67332621,877,-1.0,37.28753027946048
20170104,48.65,48.9,48.5,48.5,1006497,48979680,673,0.0,37.28753027946048
20170105,48.65,49.2,48.5,48.95,1796946,87922149,1051,0.45,37.63349705524931
20170106,48.2,49.45,48.0,49.45,1958141,95403170,1130,0.5,38.01790458390353
20170109,49.7,49.8,48.95,49.05,839928,41391397,560,-0.4,37.710378560980146
20170110,49.0,49.35,48.6,49.35,742770,36432159,520,0.3,37.94102307817268
20170111,49.6,50.8,49.6,49.9,1915716,95944473,1205,0.55,38.36387135969233
20170112,50.3,50.3,49.35,49.5,956768,47533379,633,-0.4,38.05634533676894
20170113,49.4,49.45,48.75,48.9,907049,44431228,592,-0.6,37.595056302383874
20170116,49.2,49.2,48.55,48.6,618344,30101267,462,-0.3,37.36441178519134
20170117,48.6,48.9,48.2,48.45,675975,32770684,463,-0.15,37.249089526595064
20170118,48.5,49.2,48.3,48.75,1027400,50028740,711,0.3,37.47973404378761
20170119,48.75,49.0,48.35,48.4,698455,33908095,492,-0.35,37.210648773729645
20170120,48.45,48.85,48.1,48.1,690212,33331128,505,-0.3,36.98000425653711
20170123,47.65,48.6,47.65,47.8,943910,45455836,588,-0.3,36.74935973934456
20170124,48.25,48.95,48.0,48.95,1423727,69257566,859,1.15,37.63349705524931
20170202,49.25,51.6,48.95,51.5,2377292,119084716,1417,2.55,39.59397545138589
20170203,51.3,53.2,51.3,52.2,2273008,118861252,1590,0.7,40.13214599150181
20170206,52.0,52.3,51.5,51.8,983845,51028961,620,-0.4,39.82461996857841
20170207,52.2,55.0,51.9,53.9,4314847,231502496,2793,2.1,41.43913158892618
20170208,53.6,55.4,53.0,55.2,3311448,180419883,1792,1.3,42.43859116342719
20170209,55.0,56.6,54.6,55.8,3063363,170780899,1733,0.6,42.89988019781228
20170210,55.7,56.5,55.2,55.6,1658896,92400820,958,-0.2,42.74611718635058
20170213,55.6,59.5,55.4,58.0,6260768,363357545,3890,2.4,44.591273323890896
20170214,57.7,59.2,57.5,58.2,3621405,210725612,1859,0.2,44.7450363353526
20170215,58.2,58.5,57.6,58.4,1321328,76669824,786,0.2,44.898799346814286
20170216,58.7,58.8,57.8,58.2,1151219,67101520,740,-0.2,44.7450363353526
20170217,58.0,63.7,58.0,61.8,6793587,417066433,3945,3.6,47.51277054166306
20170218,61.6,62.3,60.1,61.8,3385606,207476149,1882,0.0,47.51277054166306
20170220,61.7,61.7,58.1,58.5,4131596,246184788,2690,-3.3,44.975680852545125
20170221,58.5,60.4,57.7,59.7,3093189,183308285,2121,1.2,45.89825892131529
20170222,59.9,60.2,59.4,59.9,1421100,85023077,1013,0.2,46.052021932776974
20170223,59.9,62.2,59.9,60.2,3613002,220815120,2304,0.3,46.28266644996952
20170224,59.6,60.3,59.5,59.6,790550,47187815,679,-0.6,45.82137741558443
20170301,59.6,60.5,59.2,59.7,1178875,70610073,1190,0.1,45.89825892131529
20170302,60.0,60.5,58.4,58.5,1588419,93970149,979,-1.2,44.975680852545125
20170303,58.1,59.9,58.1,59.6,1132829,67139335,955,1.1,45.82137741558443
20170306,58.9,60.5,58.9,60.5,1638298,98213919,969,0.9,46.51331096716205
20170307,60.3,61.3,60.1,60.9,1550807,94177669,1053,0.4,46.82083699008544
20170308,60.9,61.7,60.2,60.2,1089853,66063380,692,-0.7,46.28266644996952
20170309,58.3,59.1,56.6,57.2,3790529,217413631,2343,-3.0,43.97622127804413
20170310,55.8,56.5,53.8,54.8,5678347,311702654,3099,-2.4,42.13106514050382
20170313,54.5,54.9,53.8,53.9,2088195,113165372,1573,-0.9,41.43913158892618
20170314,53.9,55.4,53.9,54.7,1986939,108753518,1460,0.8,42.05418363477297
20170315,54.5,55.3,54.2,54.8,1699303,93111157,1091,0.1,42.13106514050382
20170316,55.0,56.0,55.0,55.2,2003825,111097722,1356,0.4,42.43859116342719
20170317,55.5,55.9,55.0,55.9,1190410,66233176,697,0.7,42.976761703543126
20170320,56.4,56.8,55.8,56.8,1339192,75463650,1021,0.9,43.66869525512073
20170321,56.8,57.0,56.5,56.9,1311290,74478788,954,0.1,43.745576760851584
20170322,56.0,56.5,55.5,56.4,1596481,89527173,836,-0.5,43.36116923219736
20170323,56.6,57.0,55.8,57.0,1212982,68410847,694,0.6,43.82245826658242
20170324,57.0,57.7,56.8,57.7,1110534,63606123,758,0.7,44.36062880669836
20170327,57.5,58.4,56.9,57.6,1530924,88302125,1199,-0.1,44.28374730096751
20170328,57.6,58.0,55.8,57.6,1874753,106872413,1183,0.0,44.28374730096751
20170329,57.6,58.0,57.1,57.7,1080323,62134475,583,0.1,44.36062880669836
20170330,57.9,58.4,57.0,57.5,2054806,118470319,1106,-0.2,44.20686579523665
20170331,57.5,57.9,57.0,57.0,1215293,69556926,863,-0.5,43.82245826658242
20170405,57.6,58.3,57.0,57.3,1724226,99243175,962,0.3,44.05310278377496
20170406,56.8,56.8,55.5,55.5,2060738,115254698,1192,-1.8,42.66923568061972
20170407,55.5,56.0,54.5,56.0,1247475,68906500,845,0.5,43.053643209273964
20170410,56.0,56.9,55.5,56.7,1264444,71130898,829,0.7,43.5918137493899
20170411,56.6,56.7,55.0,55.0,993585,55334275,718,-1.7,42.28482815196549
20170412,55.2,55.5,53.6,54.4,1543475,83639483,1040,-0.6,41.82353911758042
20170413,54.3,55.5,53.7,53.7,1315759,71532215,1034,-0.7,41.285368577464496
20170414,53.7,54.3,52.5,53.9,1963112,104563048,1165,0.2,41.43913158892618
20170417,54.5,54.5,53.0,53.9,439184,23641873,348,0.0,41.43913158892618
20170418,54.5,57.3,54.1,55.6,2333581,130144587,1331,1.7,42.74611718635058
20170419,55.4,55.4,54.6,54.7,1149780,63189632,802,-0.9,42.05418363477297
20170420,54.5,55.5,53.8,54.8,770873,42086981,557,0.1,42.13106514050382
20170421,55.0,55.5,54.6,55.5,593106,32691245,458,0.7,42.66923568061972
20170424,55.8,56.0,54.8,55.8,945914,52384815,667,0.3,42.89988019781228
20170425,55.8,56.8,55.5,56.1,1532650,86337042,1057,0.3,43.13052471500482
20170426,56.9,56.9,55.8,55.8,1194286,67157272,877,-0.3,42.89988019781228
20170427,55.8,57.1,54.1,57.1,2103462,117207932,1311,1.3,43.89933977231327
20170428,57.1,57.5,56.3,56.8,2144433,122383889,1258,-0.3,43.66869525512073
20170502,57.2,57.3,56.4,56.8,2467387,140095824,732,0.0,43.66869525512073
20170503,57.3,57.3,56.5,57.0,746735,42466269,442,0.2,43.82245826658242
20170504,57.1,57.1,55.8,56.6,1415754,79658344,812,-0.4,43.51493224365904
20170505,56.6,57.1,56.0,57.0,753231,42530894,424,0.4,43.82245826658242
20170508,56.9,56.9,55.9,56.1,736450,41393205,491,-0.9,43.13052471500482
20170509,55.9,56.0,54.5,54.5,1076032,59281232,726,-1.6,41.90042062331127
20170510,54.0,54.9,53.9,54.3,1197502,65082854,722,-0.2,41.74665761184958
20170511,54.5,55.4,54.1,54.1,710532,38755728,500,-0.2,41.592894600387886
20170512,54.0,54.7,54.0,54.1,450019,24383026,345,0.0,41.592894600387886
20170515,54.5,55.3,54.2,55.3,534145,29357675,356,1.2,42.515472669158044
20170516,55.4,56.4,54.8,56.4,742863,41304608,481,1.1,43.36116923219736
20170517,56.0,56.5,55.5,56.2,508700,28548625,409,-0.2,43.207406220735656
20170518,55.9,56.2,55.0,56.2,484092,26979236,344,0.0,43.207406220735656
20170519,56.5,57.5,55.7,55.7,1939209,109920898,835,-0.5,42.822998692081434
20170522,55.6,56.3,55.0,55.1,1325198,73538690,673,-0.6,42.361709657696345
20170523,55.1,56.0,55.0,55.5,1373937,76080226,540,0.4,42.66923568061972
20170524,55.5,57.1,55.4,57.0,1869982,105795867,1097,1.5,43.82245826658242
20170525,57.5,62.7,57.4,61.0,12601508,772238656,6425,4.0,46.897718495816285
20170526,60.5,60.8,59.1,60.8,3464556,208254420,2268,-0.2,46.743955484354586
20170531,60.8,61.9,60.5,61.2,2245758,136960870,1313,0.4,47.05148150727797
20170601,61.6,62.6,60.7,60.7,4025461,248555437,2271,-0.5,46.66707397862374
20170602,60.9,61.6,60.7,61.2,1470968,90003335,867,0.5,47.05148150727797
20170603,61.3,61.8,61.0,61.5,808352,49549872,530,0.3,47.28212602447051
20170605,61.3,62.0,60.8,61.1,1234767,75718922,778,-0.4,46.974600001547124
20170606,61.0,62.1,60.9,61.0,1666568,102377014,965,-0.1,46.897718495816285
20170607,61.6,62.2,60.9,61.5,1865120,114776736,1168,0.5,47.28212602447051
20170608,61.5,62.7,61.3,61.3,2679824,165798364,1581,-0.2,47.128363013008816
20170609,61.4,61.5,59.5,59.6,1860465,112014561,1122,-1.7,45.82137741558443
20170612,59.2,60.2,58.9,60.1,686000,40983196,461,0.5,46.20578494423867
20170613,60.0,60.4,59.6,60.2,726442,43555983,438,0.1,46.28266644996952
20170614,60.2,60.3,58.8,60.3,1248675,74371727,734,0.1,46.35954795570036
20170615,60.0,61.4,59.4,61.2,1450773,88016961,939,0.9,47.05148150727797
20170616,61.0,61.0,59.9,60.9,672390,40707788,419,-0.3,46.82083699008544
20170619,60.5,60.9,60.5,60.8,495679,30093905,288,-0.1,46.743955484354586
20170620,60.9,62.1,60.5,60.6,1656615,101627819,941,-0.2,46.590192472892895
20170621,60.5,60.6,59.6,60.1,1180225,70895600,706,-0.5,46.20578494423867
20170622,60.1,60.3,59.4,59.8,702733,41982609,378,-0.3,45.97514042704613
20170623,60.3,60.3,59.8,59.8,400022,23987507,261,0.0,45.97514042704613
20170626,59.8,61.2,59.8,60.5,1370853,83103561,959,0.7,46.51331096716205
20170627,60.7,60.8,60.2,60.7,583255,35268372,399,0.2,46.66707397862374
20170628,60.8,60.8,59.8,60.8,580257,35035489,449,0.1,46.743955484354586
20170629,60.7,62.4,60.0,60.0,4889988,300353177,2360,-0.8,46.12890343850781
20170630,59.5,61.0,58.8,61.0,2418327,145441835,1144,1.0,46.897718495816285
20170703,59.0,59.2,58.2,58.5,1405546,82468369,709,0.0,46.92241942793524
20170704,58.5,58.8,57.7,58.5,788221,45919958,448,0.0,46.92241942793524
20170705,58.4,58.7,57.8,58.6,499750,29127898,269,0.1,47.00262869191462
20170706,58.8,59.3,58.5,58.8,848362,49941033,443,0.2,47.16304721987337
20170707,58.8,59.0,58.5,58.6,464412,27251315,271,-0.2,47.00262869191462
20170710,58.4,59.1,58.3,58.9,549955,32333461,282,0.3,47.24325648385273
20170711,59.2,59.2,58.4,58.9,644662,37886755,385,0.0,47.24325648385273
20170712,58.9,59.0,58.6,58.7,618736,36395180,345,-0.2,47.08283795589399
20170713,59.1,60.0,58.9,59.9,1534889,91528279,763,1.2,48.04534912364652
20170714,59.9,61.9,59.9,61.0,3877238,237318932,2051,1.1,48.92765102741965
20170717,61.6,64.0,61.6,64.0,6621347,419129510,3666,3.0,51.33392894680095
20170718,64.5,65.8,63.6,63.8,4496118,291208162,2868,-0.2,51.17351041884219
20170719,63.8,64.6,63.3,64.6,2166285,138450240,1422,0.8,51.815184530677215
20170720,64.6,65.0,62.4,63.3,5241238,333950394,2934,-1.3,50.77246409894531
20170721,65.0,69.6,65.0,69.0,10499946,719499762,5475,5.7,55.34439214576977
20170724,68.6,69.5,67.8,69.5,8234302,564557338,3295,0.5,55.745438465666645
20170725,71.1,72.6,70.7,71.0,9023959,646835762,4637,1.5,56.948577425357286
20170726,71.3,73.0,70.8,72.0,5457673,392483695,3249,1.0,57.75067006515106
20170727,72.2,73.9,72.1,72.1,3945621,287259795,2513,0.1,57.83087932913045
20170728,71.6,71.9,69.9,70.5,3926444,277919809,2148,-1.6,56.54753110546042
20170731,70.3,70.5,68.7,69.2,4050401,280997481,2181,-1.3,55.50481067372852
20170801,69.2,69.7,68.0,68.3,2888256,197703268,1739,-0.9,54.782927297914135
20170802,69.0,69.2,68.1,69.1,2059672,141474684,1299,0.8,55.42460140974914
20170803,69.0,69.0,66.6,66.6,2873380,194125022,1647,-2.5,53.41936981026473
20170804,66.0,67.9,65.7,67.8,2230225,149751258,1430,1.2,54.38188097801726
20170807,67.8,68.3,66.8,67.8,1892309,128051619,1006,0.0,54.38188097801726
20170808,67.6,67.7,66.1,66.2,2393406,159581996,1238,-1.6,53.098532754347225
20170809,66.3,66.8,64.9,66.5,1543620,101522836,861,0.3,53.33916054628536
20170810,66.5,66.5,64.7,64.8,1623841,105773090,830,-1.7,51.975603058635954
20170811,64.1,65.3,64.0,64.6,1039028,66973205,587,-0.2,51.815184530677215
20170814,64.8,65.1,62.7,63.0,1555818,98611480,858,-1.6,50.53183630700717
20170815,63.1,64.8,63.1,64.8,1406286,90237213,914,1.8,51.975603058635954
20170816,64.5,64.8,63.8,63.9,1012794,65074127,637,-0.9,51.25371968282157
20170817,64.6,67.3,64.1,67.0,4258650,280836750,2259,3.1,53.740206866182234
20170818,66.0,66.2,65.1,65.6,5143621,337180933,3002,-1.4,52.61727717047096
20170821,65.2,65.4,64.0,64.0,2173556,139962884,1448,-1.6,51.33392894680095
20170822,64.1,65.6,63.5,63.5,2043642,131770863,1219,-0.5,50.93288262690405
20170823,64.5,64.5,62.5,63.1,2164765,137090195,1220,-0.4,50.61204557098655
20170824,63.5,63.5,62.0,62.0,2080526,130131112,1459,-1.1,49.72974366721343
20170825,62.0,62.5,60.2,60.5,3223903,196493736,1842,-1.5,48.52660470752277
20170828,60.7,61.9,60.5,61.1,1642931,100601988,951,0.6,49.007860291399034
20170829,61.1,61.1,60.1,60.2,1433780,86681752,802,-0.9,48.28597691558465
20170830,60.6,60.7,59.8,59.8,1439899,86525174,853,-0.4,47.96513985966714
20170831,60.5,61.1,60.0,61.0,1648784,99985181,1081,1.2,48.92765102741965
20170901,61.0,61.4,59.8,60.6,4498462,271229152,2646,-0.4,48.60681397150215
20170904,60.2,60.2,59.5,60.0,2362872,141381939,1364,-0.6,48.12555838762589
20170905,60.2,60.2,59.0,59.8,1715616,102161032,1034,-0.2,47.96513985966714
20170906,59.5,63.9,59.2,61.9,5498154,340276795,3258,2.1,49.64953440323404
20170907,61.5,61.8,59.6,60.8,3192637,194115133,1789,-1.1,48.767232499460896
20170908,60.8,60.9,59.8,60.5,2539536,153438312,1300,-0.3,48.52660470752277
20170911,60.8,60.9,59.7,59.7,3182021,190913247,1529,-0.8,47.88493059568775
20170912,59.9,60.0,59.2,59.6,2334624,138986862,1422,-0.1,47.80472133170837
20170913,59.6,59.7,58.6,59.4,1813830,107084997,1028,-0.2,47.644302803749625
20170914,59.3,61.7,58.7,61.2,4318767,259612402,2298,1.8,49.08806955537841
20170915,61.2,61.2,60.2,60.2,1598982,96893513,805,-1.0,48.28597691558465
20170918,60.2,60.4,59.2,59.2,1502947,89444857,949,-1.0,47.48388427579087
20170919,59.4,61.1,59.0,59.5,2079410,124282328,1247,0.3,47.724512067729
20170920,59.8,60.4,58.6,58.6,1561016,92268335,1173,-0.9,47.00262869191462
20170921,59.1,59.3,58.6,58.7,1368265,80515623,757,0.1,47.08283795589399
20170922,58.7,59.3,56.9,56.9,2713750,157342673,1472,-1.8,45.639071204265214
20170925,57.1,57.3,53.4,55.0,2781456,153380336,1521,-1.9,44.11509518865706
20170926,55.1,58.9,54.5,58.9,3461023,193593640,1826,3.9,47.24325648385273
20170927,57.6,59.6,57.1,58.9,3582633,209296780,2004,0.0,47.24325648385273
20170928,58.6,58.8,57.6,58.4,1636777,95298774,934,-0.5,46.84221016395587
20170929,58.7,60.8,58.1,60.3,3369095,200805804,2162,1.9,48.36618617956401
20170930,60.8,62.6,60.3,61.7,4293272,264793896,2433,1.4,49.48911587527529
20171002,61.2,61.7,60.4,61.0,2530105,154396658,1382,-0.7,48.92765102741965
20171003,61.3,61.4,60.3,61.2,1671700,101875529,1080,0.2,49.08806955537841
20171005,61.4,61.9,60.7,61.9,2171280,133291161,1294,0.7,49.64953440323404
20171006,62.1,64.6,61.6,63.4,6099744,385713441,2965,1.5,50.85267336292467
20171011,63.3,63.4,61.9,62.9,2434425,152156560,1469,-0.5,50.451627043027806
20171012,63.1,65.2,62.6,64.4,4676911,299914786,2651,1.5,51.65476600271846
20171013,64.9,64.9,63.7,64.6,2912218,187176165,1747,0.2,51.815184530677215
20171016,64.6,64.9,63.0,63.0,2688950,172138065,1388,-1.6,50.53183630700717
20171017,63.0,64.1,61.5,64.0,2516000,158252097,1608,1.0,51.33392894680095
20171018,64.0,64.8,62.9,64.8,2752042,175655703,1623,0.8,51.975603058635954
20171019,64.8,66.3,64.5,64.5,3180107,207405298,1640,-0.3,51.73497526669784
20171020,64.0,65.3,63.4,64.3,2911253,187206592,1477,-0.2,51.57455673873907
20171023,64.3,65.3,64.1,64.9,1267106,82002851,805,0.6,52.05581232261534
20171024,64.7,66.0,64.3,65.3,2536595,165871575,1535,0.4,52.37664937853284
20171025,65.6,66.5,65.5,65.7,1913922,126210796,1125,0.4,52.69748643445035
20171026,65.7,66.2,65.2,65.7,903536,59317095,609,0.0,52.69748643445035
20171027,66.0,66.1,64.4,66.1,2109642,138093336,1157,0.4,53.01832349036785
20171030,67.0,67.8,65.0,65.0,2244256,148768581,1257,-1.1,52.13602158659471
20171031,65.1,67.7,65.1,67.0,3080842,205194451,1636,2.0,53.740206866182234
20171101,66.9,67.2,66.2,67.2,2279468,152565656,1274,0.2,53.900625394140995
20171102,67.4,73.9,67.2,72.9,17690633,1271524458,8102,5.7,58.472553440965456
20171103,73.3,74.6,71.5,74.3,15563227,1142205249,8224,1.4,59.59548313667672
20171106,76.1,76.6,74.3,74.3,7856236,590834464,4462,0.0,59.59548313667672
20171107,75.0,75.1,72.9,74.3,6377819,472453999,3128,0.0,59.59548313667672
20171108,74.6,77.0,74.2,76.6,9764001,737937435,5096,2.3,61.44029620820237
20171109,75.9,76.5,74.0,75.5,7159258,540039509,4223,-1.1,60.55799430442924
20171110,75.0,75.4,73.4,74.0,3723796,275827404,1968,-1.5,59.354855344738596
20171113,74.0,75.4,73.2,73.4,3846742,286267566,1982,-0.6,58.87359976086235
20171114,73.6,74.6,71.5,74.0,2937529,215402376,1758,0.6,59.354855344738596
20171115,74.4,75.6,73.4,74.2,5654864,422499037,2768,0.2,59.51527387269734
20171116,74.2,76.7,73.4,75.8,6795953,511166275,3376,1.6,60.79862209636736
20171117,75.5,83.1,75.5,82.9,12747371,1011425574,6971,7.1,66.49347983890311
20171120,82.9,86.7,82.9,84.4,19447614,1656211376,8674,1.5,67.69661879859376
20171121,83.0,86.1,82.0,86.1,8983222,755018492,4791,1.7,69.06017628624313
20171122,86.1,91.5,84.9,88.0,13770832,1213268641,7605,1.9,70.58415230185129
20171123,89.5,94.5,88.1,93.8,16834182,1538801624,9810,5.8,75.23628961265513
20171124,94.0,98.7,93.0,94.7,15117149,1445854495,9261,0.9,75.95817298846954
20171127,95.0,96.6,92.0,93.4,7558925,712339725,4883,-1.3,74.91545255673765
20171128,94.8,95.5,93.3,95.1,5682028,537652220,3543,1.7,76.27901004438704
20171129,96.4,104.5,96.4,104.5,21396307,2205716316,8182,9.4,83.81868085844843
20171130,101.0,106.0,100.0,104.5,16246103,1676879212,8844,0.0,83.81868085844843
20171201,108.0,114.5,104.0,109.0,26069972,2834870926,14756,4.5,87.42809773752036
20171204,111.0,113.5,105.0,107.0,15760646,1732970279,9529,-2.0,85.82391245793283
20171205,106.5,110.0,97.0,101.0,17070999,1768422274,9855,-6.0,81.01135661917024
20171206,103.0,110.5,101.0,104.5,21751493,2287112272,12728,3.5,83.81868085844843
20171207,105.0,107.0,97.7,98.2,18838469,1896037562,10679,-6.3,78.76549722774769
20171208,101.0,108.0,97.8,108.0,22759491,2348780257,12091,9.8,86.62600509772659
20171211,111.0,118.5,107.5,117.0,34284078,3910308626,17768,9.0,93.84483885587048
20171212,114.0,116.0,105.5,109.5,23384496,2603228064,13595,-7.5,87.82914405741724
20171213,107.0,109.5,104.0,107.5,17522422,1872179349,10322,-2.0,86.2249587778297
20171214,103.0,109.0,102.5,105.0,25616511,2699729895,13942,-2.5,84.21972717834532
20171215,106.0,109.0,103.5,104.0,20651646,2195988184,11645,-1.0,83.41763453855155
20171218,104.5,106.0,101.0,104.0,14326792,1490482466,7830,0.0,83.41763453855155
20171219,106.0,108.0,103.5,104.5,12035709,1276146236,7030,0.5,83.81868085844843
20171220,105.5,107.5,104.0,107.0,8752445,925057115,5248,2.5,85.82391245793283
20171221,107.0,107.0,100.0,101.5,13007227,1341481927,7053,-5.5,81.41240293906712
20171222,101.0,103.0,96.7,97.6,16922399,1667609516,10185,-3.9,78.28424164387144
20171225,98.1,100.5,97.2,98.6,8055973,798323724,5439,1.0,79.08633428366521
20171226,99.3,99.5,89.4,92.0,17549649,1636580608,10419,-6.6,73.79252286102636
20171227,92.3,94.0,91.6,92.0,6989775,646939700,4706,0.0,73.79252286102636
20171228,93.5,98.5,93.2,95.9,11985039,1151436525,8035,3.9,76.92068415622207
20171229,95.8,95.9,92.2,93.1,8044242,754325919,5186,-2.8,74.6748247647995
20180102,92.0,95.0,89.5,95.0,8700850,805006550,5705,1.9,76.19880078040764
20180103,96.0,101.5,95.2,98.0,16565795,1631621910,9988,3.0,78.60507869978895
20180104,99.0,99.8,97.1,97.9,7990635,785846171,5033,-0.1,78.52486943580958
20180105,99.3,102.0,98.5,99.0,11451849,1147470351,6702,1.1,79.4071713395827
20180108,101.0,101.5,96.5,96.5,5967067,588787959,3866,-2.5,77.4019397400983
20180109,95.5,97.9,91.9,94.5,8403598,788302964,5181,-2.0,75.79775446051079
20180110,94.5,95.8,92.1,95.6,7083284,665904002,4631,1.1,76.6800563642839
20180111,95.7,99.9,94.5,99.9,8877523,869229626,5957,4.3,80.12905471539712
20180112,101.0,102.5,98.5,98.6,8251249,823836945,5250,-1.3,79.08633428366521
20180115,96.8,108.0,96.8,108.0,19434971,2020340868,10730,9.4,86.62600509772659
20180116,109.0,113.5,105.5,106.0,26071521,2863018726,13946,-2.0,85.02181981813904
20180117,106.0,113.0,105.0,112.0,15534434,1694394866,8822,6.0,89.83437565690167
20180118,114.0,115.0,109.0,109.0,15645614,1759527926,8870,-3.0,87.42809773752036
20180119,110.0,111.0,107.0,110.5,7315255,797755050,4102,1.5,88.63123669721102
20180122,112.0,112.0,108.0,111.0,7816587,860184352,4927,0.5,89.0322830171079
20180123,110.5,111.0,107.0,107.5,6773345,735533915,3890,-3.5,86.2249587778297
20180124,105.0,109.5,103.5,109.5,7967926,843107371,4761,2.0,87.82914405741724
20180125,109.5,111.5,105.0,105.0,9529923,1030906915,5581,-4.5,84.21972717834532
20180126,104.5,109.0,104.0,109.0,6201051,661199526,3719,4.0,87.42809773752036
20180129,109.0,109.5,107.0,107.5,4551288,491250950,2789,-1.5,86.2249587778297
20180130,108.5,118.0,108.0,116.0,33291497,3862252877,15355,8.5,93.04274621607672
20180131,117.0,117.5,112.0,117.5,21469198,2476729166,11468,1.5,94.24588517576736
20180201,117.0,125.0,115.0,117.5,27671411,3326387776,15012,0.0,94.24588517576736
20180202,118.0,119.5,115.5,116.0,12147333,1428114128,6751,-1.5,93.04274621607672
20180205,109.5,111.5,108.0,110.0,10030945,1101888915,5866,-6.0,88.23019037731412
20180206,103.0,105.5,99.0,99.0,14095381,1425747619,7337,-11.0,79.4071713395827
20180207,103.0,108.0,103.0,105.0,15247521,1611619434,8405,6.0,84.21972717834532
20180208,104.5,106.5,99.1,100.5,9636633,984305433,5491,-4.5,80.61031029927335
20180209,92.0,103.5,91.1,98.6,13119852,1283019148,7526,-1.9,79.08633428366521
20180212,101.0,102.5,99.9,100.5,6117443,619148300,3714,1.9,80.61031029927335
20180221,107.0,110.5,107.0,110.5,8975060,987269619,2893,10.0,88.63123669721102
20180222,114.5,119.0,112.5,115.0,28018834,3234459410,13534,4.5,92.24065357628294
20180223,117.0,119.5,114.5,117.5,15587582,1825609858,9526,2.5,94.24588517576736
20180226,120.5,121.5,115.5,116.5,10320115,1223019872,5961,-1.0,93.44379253597359
20180227,118.0,119.0,112.0,112.0,8803700,1012178900,5220,-4.5,89.83437565690167
20180301,112.0,118.5,110.0,118.5,9380601,1078083206,6074,6.5,95.04797781556113
20180302,116.0,117.5,115.0,116.0,7505505,872647580,4328,-2.5,93.04274621607672
20180305,116.5,117.5,112.0,112.0,6190557,704235884,3845,-4.0,89.83437565690167
20180306,114.5,116.5,113.5,114.5,7341252,846813228,4273,2.5,91.83960725638607
20180307,115.0,119.5,114.0,115.0,10264260,1200575900,6333,0.5,92.24065357628294
20180308,116.5,126.0,116.5,122.0,28969258,3521454834,15447,7.0,97.8553020548393
20180309,123.0,123.0,119.0,119.5,9301022,1120950618,5459,-2.5,95.8500704553549
20180312,122.5,128.5,122.0,128.0,21665075,2736246530,12656,8.5,102.6678578936019
20180313,128.5,130.5,126.0,129.0,13394317,1718229393,7682,1.0,103.46995053339568
20180314,129.5,134.5,127.5,130.0,16864506,2216477280,10031,1.0,104.27204317318942
20180315,130.0,140.0,129.0,140.0,16398791,2198872740,10502,10.0,112.29296957112707
20180316,140.0,140.0,134.0,135.0,14368706,1963113810,8858,-5.0,108.28250637215824
20180319,135.5,137.0,134.0,136.0,7013283,951321488,4763,1.0,109.08459901195201
20180320,134.0,134.5,129.5,133.0,9084317,1198530661,5379,-3.0,106.67832109257073
20180321,134.0,135.0,132.0,133.0,5860552,784695916,3881,0.0,106.67832109257073
20180322,134.0,135.5,125.5,126.5,9549046,1235769800,5885,-6.5,101.46471893391126
20180323,121.5,130.5,121.0,129.5,13708091,1734611177,8312,3.0,103.87099685329254
20180326,130.0,131.0,127.0,127.0,8135112,1048516724,5138,-2.5,101.8657652538081
20180327,130.5,132.5,121.5,122.5,18167482,2274122518,10444,-4.5,98.25634837473618
20180328,119.0,120.0,110.5,111.0,37081200,4282015902,20677,-11.5,89.0322830171079
20180329,112.0,113.5,105.5,112.5,34053618,3754171983,19319,1.5,90.23542197679852
20180330,113.5,114.5,108.0,108.5,17413851,1935230647,10097,-4.0,87.02705141762347
20180331,109.0,111.5,107.0,111.5,8113480,891289507,5151,3.0,89.43332933700476
20180402,113.0,116.0,111.5,112.0,12046917,1368066647,6981,0.5,89.83437565690167
20180403,110.0,111.5,108.5,111.5,7174677,791361958,4178,-0.5,89.43332933700476
20180409,112.0,113.0,109.0,109.5,5790758,643849455,3283,-2.0,87.82914405741724
20180410,110.5,112.5,108.5,109.5,3753066,414470760,2547,0.0,87.82914405741724
20180411,111.5,116.5,110.0,112.0,9316072,1061007564,5656,2.5,89.83437565690167
20180412,114.0,116.5,113.0,113.0,5376115,614676495,3322,1.0,90.63646829669544
20180413,113.5,116.0,113.0,113.0,4563861,520482293,2895,0.0,90.63646829669544
20180416,114.0,118.0,114.0,116.5,9988416,1160924455,5981,3.5,93.44379253597359
20180417,116.5,116.5,110.5,110.5,7439049,841058988,4790,-6.0,88.63123669721102
20180418,112.0,113.5,101.5,103.0,17443021,1840791166,9612,-7.5,82.61554189875775
20180419,104.5,108.5,104.5,106.5,7334669,779627246,4373,3.5,85.42286613803596
20180420,106.0,107.5,103.5,107.0,4003177,423599939,2463,0.5,85.82391245793283
20180423,106.5,107.0,100.5,101.0,8955134,912279534,5397,-6.0,81.01135661917024
20180424,92.1,96.0,91.9,92.8,16068316,1505328013,9451,-8.2,74.43419697286137
20180425,92.8,97.3,92.3,93.2,12687637,1194256630,8261,0.4,74.7550340287789
20180426,95.4,95.4,85.6,86.0,15478807,1395630502,8650,-7.2,68.97996702226378
20180427,88.8,94.6,88.8,94.6,18291067,1704883935,9472,8.6,75.87796372449014
20180430,93.7,96.0,92.8,95.5,8276536,781929286,5238,0.9,76.59984710030454
20180502,97.8,98.4,93.4,93.4,6944653,666083682,4571,-2.1,74.91545255673765
20180503,94.9,96.8,93.3,93.7,7301379,692606512,4989,0.3,75.15608034867576
20180504,95.0,95.6,92.2,93.3,4969066,466921261,3233,-0.4,74.83524329275825
20180507,95.5,95.6,93.0,93.6,3553654,333594309,2310,0.3,75.07587108469637
20180508,94.5,102.5,94.5,102.5,16136243,1620994804,8620,8.9,82.2144955788609
20180509,103.0,106.0,101.0,101.5,15680156,1625003330,8914,-1.0,81.41240293906712
20180510,102.5,108.5,102.5,106.5,13181918,1400160726,8455,5.0,85.42286613803596
20180511,108.5,110.5,103.5,104.0,10764642,1149936268,6827,-2.5,83.41763453855155
20180514,105.0,107.5,101.5,105.0,11597221,1221487313,7443,1.0,84.21972717834532
20180515,105.5,106.0,99.3,99.4,12869062,1304294529,7945,-5.6,79.72800839550021
20180516,99.2,101.0,97.7,97.7,7351054,727103646,5016,-1.7,78.3644509078508
20180517,98.6,106.5,97.5,103.5,14962737,1534545876,9836,5.8,83.01658821865463
20180518,103.5,104.0,99.5,100.0,8352992,844424700,5133,-3.5,80.20926397937649
20180521,102.0,104.5,102.0,102.0,9086780,940512680,5667,2.0,81.81344925896401
20180522,103.0,108.5,102.5,108.5,14556685,1542749815,8354,6.5,87.02705141762347
20180523,108.5,109.0,105.5,105.5,8797803,939869211,5210,-3.0,84.62077349824219
20180524,106.5,110.5,106.0,108.5,12626862,1376809518,7570,3.0,87.02705141762347
20180525,108.5,112.0,107.0,109.5,11627297,1274415014,6947,1.0,87.82914405741724
20180528,112.0,116.5,111.5,114.5,15076366,1731311898,8863,5.0,91.83960725638607
20180529,117.0,117.5,112.5,113.0,9466116,1084330108,5777,-1.5,90.63646829669544
20180530,111.0,111.5,108.5,110.0,8818628,971301080,5146,-3.0,88.23019037731412
20180531,112.0,114.0,108.0,108.0,7615082,844935938,4910,-2.0,86.62600509772659
20180601,108.5,112.0,108.0,111.0,6844637,755249570,4099,3.0,89.0322830171079
20180604,113.0,115.5,111.5,112.0,6767196,767896952,4343,1.0,89.83437565690167
20180605,113.0,115.0,112.0,112.5,6329337,717712909,3871,0.5,90.23542197679852
20180606,113.0,115.5,112.5,113.5,5979551,681555763,3753,1.0,91.0375146165923
20180607,116.0,121.0,116.0,119.5,16055499,1905616881,9696,6.0,95.8500704553549
20180608,120.0,120.0,116.0,116.5,10112153,1185812813,5225,-3.0,93.44379253597359
20180611,117.0,118.0,113.5,115.0,5379891,621298574,3176,-1.5,92.24065357628294
20180612,116.5,123.0,116.5,119.5,12774638,1536715236,7419,4.5,95.8500704553549
20180613,120.5,122.0,116.5,116.5,8151288,969944548,4703,-3.0,93.44379253597359
20180614,116.5,120.0,115.0,119.5,8463684,998155396,4523,3.0,95.8500704553549
20180615,120.5,128.5,119.5,124.0,27362137,3419150988,14974,4.5,99.45948733442685
20180619,124.0,124.0,118.5,118.5,6482050,785791421,4166,-5.5,95.04797781556113
20180620,119.5,119.5,111.0,115.0,9432373,1084869895,6008,-3.5,92.24065357628294
20180621,116.0,118.5,115.5,116.0,4513293,527989988,2969,1.0,93.04274621607672
20180622,115.0,118.0,113.5,114.5,4726111,545307208,3034,-1.5,91.83960725638607
20180625,115.5,117.0,111.5,112.5,4652199,531368186,2875,-2.0,90.23542197679852
20180626,112.0,116.5,111.5,116.5,6424608,731054329,3972,4.0,93.44379253597359
20180627,115.0,117.5,113.0,113.0,4384110,506938930,2876,-3.5,90.63646829669544
20180628,113.5,115.5,111.0,112.5,5025431,571607484,2981,-0.5,90.23542197679852
20180629,114.5,115.5,113.5,115.0,4375800,501579595,2678,2.5,92.24065357628294
20180702,116.5,118.0,115.0,115.0,4195540,488815060,2712,0.0,92.24065357628294
20180703,116.0,116.5,107.5,108.0,7217295,803101502,4159,-7.0,86.62600509772659
20180704,108.0,109.5,104.0,106.0,4114986,436329508,2466,-2.0,85.02181981813904
20180705,106.0,106.5,102.0,102.5,3696838,386403814,2166,-3.5,82.2144955788609
20180706,105.0,106.5,99.9,100.5,4975350,505026800,2673,-2.0,80.61031029927335
20180709,99.8,101.0,98.6,99.8,2739732,273172743,1920,0.0,82.09090783538245
20180710,100.5,109.0,100.5,108.5,5803206,612648343,3881,8.7,89.24712925990978
20180711,106.0,108.0,104.0,107.5,4776117,507282077,3096,-1.0,88.42457507318251
20180712,106.5,110.0,106.0,109.0,3512401,381801505,2291,1.5,89.65840635327342
20180713,111.0,113.0,109.5,111.0,5232992,582687112,3410,2.0,91.303514726728
20180716,112.0,113.0,110.5,111.5,2341217,261042087,1636,0.5,91.71479182009163
20180717,112.0,113.5,108.5,109.0,2514011,278810688,1590,-2.5,89.65840635327342
20180718,110.0,111.0,105.0,106.0,3322997,356930182,2344,-3.0,87.1907437930916
20180719,107.0,107.5,104.0,106.0,3373375,355828875,2166,0.0,87.1907437930916
20180720,106.5,107.5,104.0,106.0,3284982,347529099,2199,0.0,87.1907437930916
20180723,95.4,97.4,95.4,95.4,12473494,1192663520,4891,-10.6,78.47166941378244
20180724,94.4,97.5,92.5,97.5,15226278,1441078000,7806,2.1,80.19903320590971
20180725,95.6,97.0,92.8,95.0,14216163,1345724194,8827,-2.5,78.14264773909152
20180726,96.0,97.9,95.3,95.5,8431271,813920603,5752,0.5,78.55392483245515
20180727,95.0,95.2,93.5,94.8,5348038,503925895,3512,-0.7,77.97813690174607
20180730,94.4,94.9,85.8,87.0,13505722,1204850757,8221,-7.8,71.5622142452733
20180731,86.2,90.8,85.6,89.2,9063775,806410123,6314,2.2,73.3718334560733
20180801,90.5,91.6,90.0,90.7,5560916,505199056,3601,1.5,74.60566473616424
20180802,91.5,91.5,88.3,89.4,4888403,436716426,3214,-1.3,73.53634429341875
20180803,90.5,90.6,88.5,89.6,3726766,334032840,2159,0.2,73.70085513076421
20180806,86.0,89.4,86.0,89.4,5066921,444309624,3331,-0.2,73.53634429341875
20180807,89.5,91.3,89.5,89.9,2780038,251283520,1954,0.5,73.94762138678239
20180808,89.9,90.7,89.9,90.1,1725402,155549818,1156,0.2,74.11213222412786
20180809,89.8,91.0,87.1,91.0,3651982,325558568,2196,0.9,74.85243099218239
20180810,90.1,91.8,89.7,91.5,2853095,258307385,1864,0.5,75.26370808554603
20180813,90.5,90.5,84.3,88.0,5711597,498902793,3625,-3.5,72.38476843200057
20180814,90.4,90.7,87.4,90.2,2704417,241238007,1961,2.2,74.19438764280059
20180815,90.4,90.5,88.4,89.8,3278857,292658056,2219,-0.4,73.86536596810969
20180816,88.5,92.3,86.8,92.0,4974866,450170881,3314,2.2,75.6749851789097
20180817,91.8,93.0,90.0,90.0,3972806,364740362,2334,-2.0,74.02987680545512
20180820,90.0,90.8,88.6,89.2,3544506,317195658,2246,-0.8,73.3718334560733
20180821,89.4,92.1,88.9,91.5,3397025,308495780,2239,2.3,75.26370808554603
20180822,91.5,95.5,91.5,93.5,6169377,577575303,4273,2.0,76.9088164590006
20180823,92.6,93.9,92.0,93.7,2219359,205839991,1534,0.2,77.07332729634606
20180824,93.1,93.1,90.9,92.5,2335420,215563389,1566,-1.2,76.0862622722733
20180827,92.2,94.4,92.1,93.8,2045558,190963235,1463,1.3,77.1555827150188
20180828,94.6,95.4,92.7,93.8,2721095,256473460,1910,0.0,77.1555827150188
20180829,93.6,94.5,92.8,94.0,2163353,202166242,1381,0.2,77.32009355236424
20180830,94.0,95.0,93.0,93.0,1911687,180217591,1348,-1.0,76.49753936563695
20180831,93.0,94.5,92.3,94.4,1552187,144712978,968,1.4,77.64911522705513
20180903,93.9,94.9,93.1,94.9,2040062,191648756,1347,0.5,78.06039232041881
20180904,98.0,104.0,98.0,98.3,8885046,891747113,5733,3.4,80.85707655529154
20180905,98.4,101.5,98.0,99.5,6864911,686762658,4411,1.2,81.84414157936428
20180906,99.6,100.5,98.5,100.0,3656851,364321700,2582,0.5,82.2554186727279
20180907,99.2,101.5,95.1,96.9,4802775,471113075,3160,-3.1,79.70550069387336
20180910,96.5,96.6,90.5,93.0,5883511,547887223,3828,-3.9,76.49753936563695
20180911,93.5,94.7,92.1,92.9,3047000,284644600,1997,-0.1,76.41528394696424
20180912,89.9,89.9,83.7,83.7,10220180,867478956,5492,-9.2,68.84778542907327
20180913,83.0,83.0,76.2,76.9,19076053,1517697581,12248,-6.8,63.25441695932776
20180914,79.6,80.1,74.0,80.0,16631377,1286507980,11266,3.1,65.80433493818232
20180917,79.1,80.6,78.0,78.3,5225217,413051061,3520,-1.7,64.40599282074596
20180918,76.0,79.5,75.0,79.5,5503510,427147140,3729,1.2,65.3930578448187
20180919,82.7,83.5,79.0,79.0,6766427,548965133,4615,-0.5,64.98178075145505
20180920,79.6,79.8,75.2,76.1,5940676,455878528,3956,-2.9,62.59637360994593
20180921,76.6,78.0,75.7,77.0,2550510,196737371,1806,0.9,63.33667237800049
20180925,78.6,79.7,76.6,77.0,3951030,309084119,2707,0.0,63.33667237800049
20180926,76.6,77.8,76.2,76.5,2262664,173636395,1653,-0.5,62.925395284636856
20180927,76.3,76.5,75.2,76.5,2735909,207470035,1858,0.0,62.925395284636856
20180928,76.7,77.7,76.1,76.1,1704315,130964797,1241,-0.4,62.59637360994593
20181001,76.5,81.5,76.5,81.5,3732358,294811900,2811,5.4,67.03816621827326
20181002,80.7,81.3,79.0,79.0,2826427,225884828,2230,-2.5,64.98178075145505
20181003,78.7,79.9,77.3,77.4,1559651,121987251,1129,-1.6,63.6656940526914
20181004,73.2,73.7,71.3,71.9,9281472,672019206,5382,-5.5,59.14164602569139
20181005,69.9,71.6,66.8,70.0,7632921,527860958,4618,-1.9,57.57879307090954
20181008,69.6,71.7,67.4,68.2,3734175,257353247,2630,-1.8,56.098195534800446
20181009,67.5,69.1,63.1,64.3,6829830,444234850,4781,-3.9,52.890234206564045
20181011,57.9,60.5,57.9,58.1,7510655,438860845,3624,-6.2,47.79039824885491
20181012,58.8,61.6,58.5,61.0,5771320,347923360,3829,2.9,50.175805390364026
20181015,59.7,63.3,58.7,62.6,3016365,185835531,2136,1.6,51.49189208912769
20181016,62.6,63.5,61.4,62.2,2834518,176853173,2024,-0.4,51.16287041443677
20181017,63.6,64.1,62.0,62.0,3245496,205424844,2465,-0.2,50.99835957709131
20181018,62.0,62.9,61.2,61.5,1567401,96991462,1133,-0.5,50.58708248372767
20181019,59.0,62.2,59.0,61.4,3723499,226820279,2581,-0.1,50.50482706505494
20181022,61.5,64.9,60.7,63.6,2849980,180251025,1916,2.2,52.314446275854955
20181023,61.9,62.7,60.1,60.1,4523441,276250502,3026,-3.5,49.435506622309475
20181024,56.5,57.2,54.1,54.1,10519448,588063740,6040,-6.0,44.50018150194581
20181025,51.2,58.0,50.5,58.0,13100633,714138716,7323,3.9,47.70814283018219
20181026,58.0,58.6,53.2,54.4,8462920,472217914,5168,-3.6,44.74694775796398
20181029,54.8,56.8,53.3,56.4,5261355,293130335,3350,2.0,46.392056131418556
20181030,55.7,56.7,54.1,54.8,3363704,184905646,2326,-1.6,45.075969432654894
20181031,55.7,57.8,55.5,55.5,4918000,277686300,3668,0.7,45.651757363364
20181101,55.5,60.8,55.3,58.3,6898364,405228756,4663,2.8,47.95490908620038
20181102,58.4,61.6,58.3,59.2,5397276,322887435,3670,0.9,48.695207854254924
20181105,58.4,62.3,57.6,61.6,5070314,307195597,3401,2.4,50.6693379024004
20181106,63.0,63.2,56.2,57.5,5764694,345938552,3911,-4.1,47.29686573681855
20181107,57.5,61.6,57.5,60.5,5587900,336163947,3842,3.0,49.76452829700038
20181108,61.6,64.0,60.2,60.2,8976504,556777637,5736,-0.3,49.51776204098221
20181109,59.6,60.5,58.5,59.6,3326206,197777514,2401,-0.6,49.02422952894584
20181112,59.0,60.5,57.6,57.6,2575205,150472995,1799,-2.0,47.37912115549127
20181113,51.9,54.0,51.9,54.0,8258701,432575398,3693,-3.6,44.41792608327309
20181114,53.5,55.7,53.5,55.0,3681928,201938640,2528,1.0,45.240480270000354
20181115,55.0,55.6,52.5,53.4,4107423,219856525,2948,-1.6,43.924393571236706
20181116,53.8,54.3,52.5,53.3,4503289,240507934,2630,-0.1,43.842138152563976
20181119,53.5,54.6,52.7,53.2,2639496,141344683,1852,-0.1,43.759882733891246
20181120,52.8,54.2,52.1,52.4,3382378,179220309,2269,-0.8,43.10183938450942
20181121,52.4,53.9,52.4,53.8,3370317,178837652,2473,1.4,44.25341524592761
20181122,54.0,57.5,54.0,54.0,5195700,289115500,3675,0.2,44.41792608327309
20181123,56.0,57.2,53.6,54.2,6724200,373373760,4352,0.2,44.582436920618534
20181126,54.4,56.7,54.4,56.1,4664308,260091284,3027,1.9,46.14528987540036
20181127,56.7,60.7,55.9,60.0,11019312,649752252,7516,3.9,49.35325120363675
20181128,60.0,62.2,60.0,60.9,6083103,371663483,3819,0.9,50.093549971691296
20181129,62.5,62.6,60.9,60.9,3948051,243675593,2575,0.0,50.093549971691296
20181130,61.6,62.5,60.9,60.9,4984766,307519313,3285,0.0,50.093549971691296
20181203,62.8,64.8,62.0,64.0,7768802,495907503,4923,3.1,52.643467950545876
20181204,64.8,64.9,63.1,63.4,3545033,226945090,2497,-0.6,52.149935438509495
20181205,61.5,62.0,60.6,61.0,2220355,136187024,1638,-2.4,50.175805390364026
20181206,60.7,60.7,55.5,55.8,4861400,279589458,3313,-5.2,45.898523619382175
20181207,56.8,58.1,55.8,56.7,2728539,155167669,1971,0.9,46.638822387436726
20181210,55.0,57.0,54.5,56.9,2101545,117008565,1361,0.2,46.803333224782186
20181211,57.8,57.9,56.5,57.1,1324060,75745231,979,0.2,46.96784406212764
20181212,58.9,61.2,58.3,60.1,4052740,243473245,2672,3.0,49.435506622309475
20181213,60.3,61.5,59.2,61.5,2752458,167045219,1803,1.4,50.58708248372767
20181214,61.4,62.0,59.9,60.1,3149307,191548172,2187,-1.4,49.435506622309475
20181217,59.9,61.3,59.4,60.4,1392709,84493020,941,0.3,49.68227287832766
20181218,59.8,61.2,59.1,60.0,1435342,86474020,1144,-0.4,49.35325120363675
20181219,60.6,61.1,59.6,59.7,1343501,80787983,1111,-0.3,49.106484947618576
20181220,59.1,60.1,56.7,57.4,2342625,135873172,1568,-2.3,47.21461031814583
20181221,56.7,58.8,55.5,58.5,2485711,141723261,1796,1.1,48.11941992354584
20181222,58.0,58.3,57.3,57.4,627284,36258772,408,-1.1,47.21461031814583
20181224,57.4,59.5,56.4,59.5,1505546,87555519,1070,2.1,48.941974110273115
20181225,58.4,65.4,57.5,65.4,16056239,1015929725,9695,5.9,53.79504381196406
20181226,68.8,68.8,61.4,61.4,36465618,2402330397,21441,-4.0,50.50482706505494
20181227,64.0,65.2,62.8,63.3,14467132,923620452,9119,1.9,52.067680019836764
20181228,63.0,66.3,62.5,64.6,21995253,1428521237,14362,1.3,53.13700046258223
20190102,65.0,65.9,64.3,65.8,13026490,848549191,8273,1.2,54.124065486654956
20190103,65.2,65.7,61.4,62.4,10424475,666784131,6806,-3.4,51.32738125178221
20190104,60.9,63.2,59.4,63.0,7102887,436601981,4752,0.6,51.820913763818595
20190107,64.1,64.9,63.2,64.0,5044057,322701448,3341,1.0,52.643467950545876
20190108,64.7,67.2,64.0,64.0,15251005,1007202820,9446,0.0,52.643467950545876
20190109,64.2,65.8,63.7,65.7,9416079,609992464,5560,1.7,54.04181006798224
20190110,65.8,67.7,65.3,65.5,9169561,608383238,5501,-0.2,53.87729923063679
20190111,65.7,66.7,64.7,65.0,4541460,298635273,2957,-0.5,53.46602213727315
20190114,65.0,66.4,65.0,65.5,3203136,210319786,2076,0.5,53.87729923063679
20190115,65.8,66.4,64.8,65.0,3242238,212595692,2131,-0.5,53.46602213727315
20190116,65.5,66.1,63.4,63.6,3516513,227146015,2385,-1.4,52.314446275854955
20190117,63.6,64.4,63.4,63.6,2528687,161436891,1464,0.0,52.314446275854955
20190118,64.0,64.2,62.8,64.0,2418418,153958678,1586,0.4,52.643467950545876
20190121,64.6,66.6,63.6,64.5,6648627,433311237,4400,0.5,53.05474504390952
20190122,64.3,65.7,63.8,63.8,3764864,243304965,2463,-0.7,52.47895711320041
20190123,63.8,64.6,63.6,64.6,1636087,104986390,1145,0.8,53.13700046258223
20190124,65.3,65.5,64.6,64.7,2412800,156971619,1590,0.1,53.219255881254966
20190125,65.5,67.4,65.3,66.0,11439654,759613325,6950,1.3,54.28857632400043
20190128,66.6,67.6,66.2,67.0,6219646,416976282,4059,1.0,55.1111305107277
20190129,67.4,67.4,65.7,66.0,3294127,218399603,2232,-1.0,54.28857632400043
20190130,66.5,67.4,66.1,66.9,3345813,223773671,2013,0.9,55.02887509205498
20190211,68.5,70.0,67.3,68.7,8708981,598448474,5521,1.8,56.509472628164076
20190212,69.9,70.2,68.0,68.6,8278435,571786369,5483,-0.1,56.427217209491346
20190213,69.7,69.7,67.0,67.0,4831691,330762195,3163,-1.6,55.1111305107277
20190214,67.1,67.9,66.3,67.4,2573953,172482619,1837,0.4,55.44015218541863
20190215,68.6,72.5,67.9,67.9,13314494,934223892,8770,0.5,55.851429278782255
20190218,68.4,68.9,67.2,67.8,3125838,212133478,2155,-0.1,55.76917386010952
20190219,68.3,69.4,68.0,68.1,5200102,348430642,2303,0.3,56.0159401161277
20190220,68.8,70.0,68.5,68.7,4509736,311966445,2778,0.6,56.509472628164076
20190221,69.5,72.4,69.1,72.4,10278812,729293315,6646,3.7,59.55292311905503
20190222,72.0,72.0,70.2,70.3,4360858,308668808,2981,-2.1,57.82555932692772
20190225,71.5,74.5,70.8,72.6,11178994,813375757,7605,2.3,59.71743395640047
20190226,72.5,73.0,71.3,71.4,5550317,399252116,3792,-1.2,58.73036893232774
20190227,71.8,72.0,69.5,71.4,2513395,177679889,1846,0.0,58.73036893232774
20190304,71.7,72.2,70.8,71.5,1820906,129957248,1332,0.1,58.81262435100046
20190305,71.8,72.2,70.1,70.7,2756648,195815501,1912,-0.8,58.15458100161864
20190306,71.1,71.2,70.0,70.5,1905300,134386936,1348,-0.2,57.99007016427319
20190307,71.2,71.2,67.1,67.6,3561286,245078006,2457,-2.9,55.60466302276408
20190308,67.3,68.3,66.5,68.3,1936193,130640673,1312,0.7,56.18045095347317
20190311,68.3,70.4,68.3,69.7,2943660,204486878,1806,1.4,57.33202681489136
20190312,71.3,71.3,70.5,71.3,4072371,289090210,2402,1.6,58.64811351365501
20190313,71.6,71.7,70.6,71.5,1925003,137473602,1247,0.2,58.81262435100046
20190314,72.2,74.0,71.8,72.9,5797802,424100930,3853,1.4,59.96420021241865
20190315,74.4,80.1,74.4,80.1,12873607,1008173816,5984,7.2,65.88659035685507
20190318,82.5,88.1,81.9,88.1,33194819,2816443245,18960,8.0,72.4670238506733
20190319,88.1,89.1,86.5,88.5,13066207,1148415509,8429,0.4,72.7960455253642
20190320,88.5,91.3,86.7,91.0,12848209,1144891119,7878,2.5,74.85243099218239
20190321,91.0,91.0,89.5,90.4,6611712,596063082,4227,-0.6,74.35889848014604
20190322,92.0,93.1,89.0,89.2,7806401,709178559,5259,-1.2,73.3718334560733
20190325,87.4,90.8,86.9,90.8,3498181,308994866,2369,1.6,74.68792015483695
20190326,91.0,92.3,89.7,91.0,7064360,643781552,4585,0.2,74.85243099218239
20190327,91.6,93.3,91.0,91.0,8023823,737931293,5342,0.0,74.85243099218239
20190328,91.1,92.5,90.2,92.5,5610748,513990083,3747,1.5,76.0862622722733
20190329,93.4,93.8,91.0,91.4,5301283,488992828,3617,-1.1,75.1814526668733
20190401,92.1,92.5,90.9,92.5,3425880,314198260,2234,1.1,76.0862622722733
20190402,93.9,97.5,90.1,90.9,12580919,1181974201,9173,-1.6,74.77017557350969
20190403,90.4,92.3,89.7,92.3,5148611,468865412,3684,1.4,75.92175143492786
20190408,95.0,95.0,92.6,92.6,5123198,479092602,2726,0.3,76.16851769094606
20190409,93.5,93.8,92.3,93.0,1951478,181609671,1444,0.4,76.49753936563695
20190410,93.4,95.2,92.6,94.6,3732588,351234291,2354,1.6,77.81362606440062
20190411,94.8,95.5,90.9,91.0,4426735,411248851,3172,-3.6,74.85243099218239
20190412,91.6,91.9,89.4,90.6,2620733,236897230,1787,-0.4,74.52340931749148
20190415,90.6,91.5,90.1,90.5,1996377,181278808,1425,-0.1,74.44115389881875
20190416,91.8,93.0,90.1,92.5,2577553,236669645,1894,2.0,76.0862622722733
20190417,93.0,93.8,91.7,91.7,2097461,194066872,1561,-0.8,75.4282189228915
20190418,91.8,100.5,91.8,96.0,26646575,2603574800,16292,4.3,78.9652019258188
20190419,97.9,98.0,92.9,93.1,7758077,737385261,5494,-2.9,76.57979478430971
20190422,94.0,95.1,92.8,95.1,2661205,249813905,1981,2.0,78.22490315776425
20190423,96.5,96.7,93.2,94.7,4783758,452857226,3445,-0.4,77.89588148307334
20190424,95.5,95.9,93.3,93.6,3043309,288323377,2030,-1.1,76.99107187767333
20190425,94.0,94.5,93.0,94.5,1553828,146005232,1142,0.9,77.73137064572788
20190426,93.0,93.0,86.0,88.8,10186777,908671087,7115,-5.7,73.04281178138241
20190429,88.4,88.4,82.0,82.0,8614964,728599828,6049,-6.8,67.44944331163688
20190430,81.8,84.7,81.5,84.4,4341176,362508048,3103,2.4,69.42357335978237
20190502,84.0,87.5,83.8,87.5,4768542,412086318,3679,3.1,71.97349133863692
20190503,87.5,88.5,87.0,88.4,2565401,225685447,1775,0.9,72.71379010669145
20190506,85.9,87.5,84.2,84.5,4010177,343354945,2673,-3.9,69.50582877845511
20190507,84.7,86.9,84.7,86.6,1667552,143443698,1272,2.1,71.23319257058236
20190508,84.6,87.4,84.3,85.4,2058614,176468169,1587,-1.2,70.24612754650964
20190509,85.9,86.5,82.3,82.6,2581082,216221476,1881,-2.8,67.94297582367325
20190510,84.8,84.8,80.9,83.2,3267057,270976938,2099,0.6,68.43650833570965
20190513,86.4,86.4,81.1,81.5,4549035,379361052,3376,-1.7,67.03816621827326
20190514,79.9,83.6,78.2,83.6,3842735,313817267,2756,2.1,68.76553001040052
20190515,83.6,84.7,82.7,84.5,3928584,329335046,2823,0.9,69.50582877845511
20190516,85.2,85.2,79.0,80.9,5364357,439541577,3535,-3.6,66.54463370623688
20190517,81.7,82.2,74.2,74.7,8998792,691160000,6371,-6.2,61.44479774852776
20190520,76.4,76.8,72.4,76.0,6686415,500388721,4664,1.3,62.5141181912732
20190521,75.0,75.1,72.3,74.6,5476050,403919264,4038,-1.4,61.36254232985503
20190522,76.2,78.8,73.8,73.8,7940326,607179687,5796,-0.8,60.70449898047321
20190523,72.0,74.7,70.3,74.5,5099901,371388120,3802,0.7,61.280286911182294
20190524,74.5,75.2,72.2,72.7,3356141,246618221,2543,-1.8,59.7996893750732
20190527,72.9,74.6,72.0,74.6,2175099,159481442,1650,1.9,61.36254232985503
20190528,74.5,74.5,72.6,73.2,2384877,175172370,1765,-1.4,60.21096646843684
20190529,71.8,73.4,70.7,72.9,2567292,185622616,1963,-0.3,59.96420021241865
20190530,72.6,74.1,72.6,73.2,1303311,95819594,988,0.3,60.21096646843684
20190531,73.2,75.7,73.2,74.2,2186240,163023556,1663,1.0,61.03352065516413
20190603,73.5,76.4,73.1,74.7,4362928,328405748,3359,0.5,61.44479774852776
20190604,74.7,76.8,73.0,73.0,4851947,363320913,3504,-1.7,60.04645563109136
20190605,74.8,75.3,73.7,74.7,3243886,241561480,2268,1.7,61.44479774852776
20190606,73.8,74.7,71.8,72.2,2570614,187872013,1859,-2.5,59.38841228170956
20190610,73.7,75.4,72.7,74.7,2922061,217214961,2052,2.5,61.44479774852776
20190611,75.0,77.0,74.3,77.0,3808645,289549102,2556,2.3,63.33667237800049
20190612,77.0,78.0,75.2,75.9,4255794,324293903,2920,-1.1,62.431862772600496
20190613,75.7,76.3,74.6,75.9,1783953,134625449,1364,0.0,62.431862772600496
20190614,75.9,76.1,73.0,73.4,3459716,258175096,2368,-2.5,60.3754773057823
20190617,73.0,74.8,73.0,74.7,1532501,113588522,1185,1.3,61.44479774852776
20190618,75.2,75.7,74.2,74.2,1278427,95690511,982,-0.5,61.03352065516413
20190619,75.5,77.4,75.3,77.0,4537660,347136652,3186,2.8,63.33667237800049
20190620,77.8,79.2,77.3,79.2,4721602,369676770,3180,2.2,65.14629158880052
20190621,81.5,81.8,79.0,79.3,5364498,430765539,4029,0.1,65.22854700747322
20190624,79.5,79.8,77.8,79.5,1595106,126147026,1227,0.2,65.3930578448187
20190625,80.5,80.5,78.3,78.3,1628837,129348230,1260,-1.2,64.40599282074596
20190626,78.3,82.3,78.3,80.3,5128665,413310191,3640,2.0,66.05110119420051
20190627,80.0,80.0,78.6,79.0,3758085,298373894,2582,0.0,67.0698842460391
20190628,79.0,79.9,78.6,79.9,2122115,168348385,1532,0.9,67.83397153491802
20190701,87.0,87.4,84.8,87.1,7767540,671390425,5242,7.2,73.94666984594942
20190702,87.2,89.2,86.0,89.2,6041985,530969459,4070,2.1,75.72954018666692
20190703,89.7,89.8,87.8,88.5,3382684,299580529,2364,-0.7,75.13525007309443
20190704,91.0,93.3,90.0,91.9,9352257,857508255,6143,3.4,78.02180205330372
20190705,91.2,93.0,90.8,93.0,3508304,321845937,2295,1.1,78.95568651748904
20190708,93.0,93.2,91.8,93.2,2848882,263507783,1972,0.2,79.12548369279548
20190709,94.3,94.5,91.0,91.7,3718128,343614809,2687,-1.5,77.85200487799726
20190710,92.6,93.2,91.8,92.8,3966750,367766346,2503,1.1,78.78588934218264
20190711,92.8,95.4,92.8,94.0,5488701,517702494,3968,1.2,79.8046723940212
20190712,94.0,94.5,93.2,94.5,1772175,166114565,1444,0.5,80.22916533228725
20190715,95.0,95.1,92.0,92.0,3370776,313652692,2553,-2.5,78.1067006409569
20190716,92.1,93.3,92.0,92.0,2015753,186399048,1339,0.0,78.1067006409569
20190717,92.2,93.1,90.7,92.2,3076700,283242439,1959,0.2,78.27649781626333
20190718,92.9,93.0,90.3,90.4,2582524,235733920,1740,-1.8,76.74832323850549
20190719,91.9,93.2,91.5,92.5,3386036,313847826,2291,2.1,78.53119357922299
20190722,93.1,98.5,92.9,97.7,12336817,1193020282,8306,5.2,82.94592013719013
20190723,98.0,98.7,96.1,96.4,7732065,753385254,5006,-1.3,81.84223849769835
20190724,98.5,102.0,98.4,101.0,15291909,1527951344,8298,4.6,85.74757352974616
20190725,102.0,103.0,100.0,101.5,6399544,650489944,3857,0.5,86.17206646801226
20190726,100.5,103.0,100.0,101.0,4217810,426946810,2423,-0.5,85.74757352974616
20190729,103.0,103.5,101.5,102.5,5874497,603760937,3589,1.5,87.0210523445444
20190730,103.5,104.5,98.1,99.6,6519152,655486149,4502,-2.9,84.55899330260118
20190731,100.5,101.5,98.2,100.5,4700465,469317400,3259,0.9,85.3230805914801
20190801,99.5,101.5,98.7,101.5,2643131,265502331,1807,1.0,86.17206646801226
20190802,99.0,99.9,97.3,98.5,4677254,460460413,3202,-3.0,83.62510883841581
20190805,98.4,99.1,94.6,95.5,4334283,420568222,2963,-3.0,81.07815120881942
20190806,94.0,100.5,92.3,100.5,9912059,970389923,6984,5.0,85.3230805914801
20190807,100.0,102.5,99.1,99.2,6117973,616751612,4467,-1.3,84.21939895198831
20190808,99.8,106.0,99.8,104.0,12678631,1310673824,7819,4.8,88.2945311593426
20190812,106.0,107.5,102.0,103.0,8383544,879263032,5078,-1.0,87.44554528281046
20190813,101.5,103.0,99.0,99.1,7396542,740459235,4543,-3.9,84.13450036433511
20190814,103.5,104.5,99.7,99.7,9482710,968533923,5314,0.6,84.6438918902544
20190815,96.7,98.4,96.3,97.3,4941622,480246704,3401,-2.4,82.60632578657726
20190816,98.0,99.0,96.0,96.5,5465135,530531721,3766,-0.8,81.92713708535155
20190819,97.5,97.9,95.6,96.5,4068461,394047217,2590,0.0,81.92713708535155
20190820,97.6,100.5,96.9,97.2,7780202,767088732,5340,0.7,82.52142719892407
20190821,97.0,98.1,96.3,97.9,3256103,316385279,2252,0.7,83.11571731249654
20190822,99.1,99.6,97.2,97.2,3473237,341036331,2268,-0.7,82.52142719892407
20190823,97.2,97.7,95.0,95.5,4554343,436297390,3383,-1.7,81.07815120881942
20190826,92.8,93.7,91.8,92.1,3779386,349977175,2577,-3.4,78.19159922861012
20190827,93.8,94.4,92.6,92.6,2203258,205247113,1637,0.5,78.6160921668762
20190828,92.9,93.3,90.0,91.8,5392597,492263424,3636,-0.8,77.93690346565047
20190829,92.9,93.9,91.6,93.8,3247003,300606679,2133,2.0,79.63487521871475
20190830,94.9,95.6,92.5,93.3,4583440,430490646,2995,-0.5,79.2103822804487
20190902,92.6,93.3,91.8,92.5,2929800,270287352,1771,-0.8,78.53119357922299
20190903,93.0,96.2,92.8,93.0,5477212,514997633,3772,0.5,78.95568651748904
20190904,94.0,96.1,93.2,96.1,6530450,620087359,4345,3.1,81.58754273473869
20190905,98.0,98.1,96.1,96.1,7316006,710959070,4909,0.0,81.58754273473869
20190906,97.0,98.3,96.3,96.3,3851422,374555633,2682,0.2,81.75733991004512
20190909,96.6,98.6,96.6,97.3,5006222,488711097,3498,1.0,82.60632578657726
20190910,97.8,97.8,94.8,96.7,3880938,371943694,2702,-0.6,82.09693426065796
20190911,96.9,97.7,96.3,96.8,2665806,258842682,1850,0.1,82.18183284831117
20190912,98.1,99.6,97.1,97.2,7683476,756741710,4989,0.4,82.52142719892407
20190916,97.5,102.5,96.8,102.0,10696090,1070619780,6648,4.8,86.59655940627832
20190917,103.0,106.5,103.0,105.5,17925013,1883119864,10482,3.5,89.56800997414081
20190918,106.0,116.0,105.5,116.0,29766156,3350796596,16984,10.5,98.48236167772828
20190919,116.0,118.5,115.0,116.5,19449701,2266432316,11486,0.5,98.90685461599435
20190920,117.0,119.0,114.0,116.0,10470590,1219810440,6230,-0.5,98.48236167772828
20190923,117.0,119.0,116.5,118.5,9353151,1101826818,5340,2.5,100.60482636905864
20190924,117.5,119.0,113.5,113.5,10876568,1255118955,6368,-5.0,96.35989698639791
20190925,112.5,114.5,111.5,112.0,7638964,861444468,4587,-1.5,95.08641817159972
20190926,113.0,114.0,110.5,111.0,4962772,555000692,2768,-1.0,94.23743229506758
20190927,112.0,112.5,108.0,110.0,6580166,724591260,3915,-1.0,93.38844641853545
20191001,111.5,112.5,108.0,109.5,4812390,530726703,2857,-0.5,92.96395348026937
20191002,109.0,111.5,108.5,109.5,4946662,544764984,2985,0.0,92.96395348026937
20191003,108.5,112.5,108.5,110.5,8222089,909990331,4995,1.0,93.81293935680152
20191004,112.0,112.5,109.0,110.0,6060491,669250519,3850,-0.5,93.38844641853545
20191007,110.0,114.5,110.0,114.0,6334386,715257504,4188,4.0,96.784389924664
20191008,115.0,115.5,110.0,110.0,6305561,709335488,3946,-4.0,93.38844641853545
20191009,109.0,117.5,108.5,112.5,13811092,1580149846,9031,2.5,95.51091110986579
20191014,117.0,118.5,113.5,113.5,9194006,1064269682,6118,1.0,96.35989698639791
20191015,113.5,117.0,113.0,114.0,5271900,606452100,3494,0.5,96.784389924664
20191016,115.0,117.5,111.5,113.0,9974602,1142624026,6242,-1.0,95.93540404813186
20191017,113.5,118.5,113.0,118.5,10372354,1207849940,7002,5.5,100.60482636905864
20191018,118.5,118.5,114.0,114.5,7513114,868038547,4769,-4.0,97.20888286293007
20191021,114.5,115.5,113.0,114.0,3452106,393844584,2241,-0.5,96.784389924664
20191022,115.5,118.0,114.5,115.0,5753593,668119195,3905,1.0,97.63337580119614
20191023,116.5,122.5,116.0,117.5,17660148,2107710816,11038,2.5,99.7558404925265
20191024,118.0,121.0,115.5,121.0,7794840,926412140,5022,3.5,102.72729106038896
20191025,121.5,126.5,118.5,122.5,11693532,1434575157,7072,1.5,104.0007698751872
20191028,124.0,132.5,124.0,128.5,22872739,2947340948,13586,6.0,109.09468513438003
20191029,128.5,129.0,120.0,122.0,11390365,1417606030,7122,-6.5,103.57627693692113
20191030,122.0,124.5,121.5,123.0,5446627,669978621,3621,1.0,104.42526281345326
20191031,124.0,124.0,118.5,119.5,5290578,637491069,3224,-3.5,101.45381224559077
20191101,119.0,123.5,118.0,123.0,4530872,548638256,3306,3.5,104.42526281345326
20191104,127.0,130.0,124.5,128.5,12128856,1543990628,7457,5.5,109.09468513438003
20191105,128.0,135.0,127.0,135.0,16293791,2150517994,9991,6.5,114.61309333183897
20191106,135.0,135.0,126.5,126.5,12077708,1567433416,7960,-8.5,107.39671338131575
20191107,127.0,127.5,122.0,123.0,8462753,1051757119,5257,-3.5,104.42526281345326
20191108,125.0,127.5,122.0,126.5,6320151,792298593,4141,3.5,107.39671338131575
20191111,125.0,126.0,121.5,122.5,3625711,447650590,2490,-4.0,104.0007698751872
20191112,123.0,124.5,121.5,124.5,3471525,427570858,2451,2.0,105.69874162825148
20191113,124.5,127.5,124.0,127.0,5907801,747618727,4115,2.5,107.82120631958182
20191114,127.0,127.0,123.0,124.0,2540422,317184037,1802,-3.0,105.2742486899854
20191115,125.0,128.0,119.5,122.0,6214256,768812732,4054,-2.0,103.57627693692113
20191118,123.0,125.0,123.0,124.0,3041576,376324848,1853,2.0,105.2742486899854
20191119,123.0,123.0,120.0,120.5,5032023,607794762,3145,-3.5,102.30279812212292
20191120,120.5,121.0,116.5,118.0,5707462,673520016,3954,-2.5,100.18033343079257
20191121,116.0,119.0,115.0,119.0,4598775,537869950,2927,1.0,101.02931930732467
20191122,118.0,120.0,117.0,118.0,1837004,217321472,1225,-1.0,100.18033343079257
20191125,119.0,121.0,117.0,119.0,2429776,290575454,1686,1.0,101.02931930732467
20191126,121.0,123.5,120.5,122.0,4970400,607762800,3401,3.0,103.57627693692113
20191127,122.5,123.5,120.0,120.0,3054772,370464140,1958,-2.0,101.87830518385685
20191128,121.0,121.0,117.0,118.0,3194513,378623021,2140,-2.0,100.18033343079257
20191129,117.0,119.0,116.0,119.0,2464726,289949894,1637,1.0,101.02931930732467
20191202,120.5,120.5,112.5,116.5,5193004,601218459,3337,-2.5,98.90685461599435
20191203,115.0,118.0,114.5,116.0,2487855,289898680,1549,-0.5,98.48236167772828
20191204,115.0,117.0,113.0,115.0,3412784,392395267,2120,-1.0,97.63337580119614
20191205,115.0,116.5,110.0,111.0,9469611,1061603432,5982,-4.0,94.23743229506758
20191206,112.0,113.0,110.0,112.0,5033798,560616274,3589,1.0,95.08641817159972
20191209,112.0,112.5,110.0,110.5,2393054,265518494,1506,-1.5,93.81293935680152
20191210,109.5,110.5,108.0,110.5,2852793,311425621,1857,0.0,93.81293935680152
20191211,111.5,112.5,108.5,108.5,4399288,485160892,2827,-2.0,92.11496760373723
20191212,110.0,113.5,109.5,113.5,5480048,613482424,3684,5.0,96.35989698639791
20191213,114.5,115.0,110.5,110.5,3883840,436512815,2590,-3.0,93.81293935680152
20191216,110.0,112.5,110.0,112.5,1334680,148696814,910,2.0,95.51091110986579
20191217,113.5,115.5,113.0,114.0,4801731,549871334,3241,1.5,96.784389924664
20191218,114.5,114.5,112.5,112.5,1511275,171300300,1192,-1.5,95.51091110986579
20191219,112.5,113.0,110.0,110.5,1550335,172347015,1108,-2.0,93.81293935680152
20191220,111.0,111.5,109.0,111.0,1888672,208502092,1309,0.5,94.23743229506758
20191223,111.5,112.0,109.0,109.0,1179805,129620646,925,-2.0,92.5394605420033
20191224,109.5,111.0,109.0,110.5,1018946,112256083,764,1.5,93.81293935680152
20191225,111.0,115.0,110.0,114.5,4203335,476860190,2893,4.0,97.20888286293007
20191226,115.0,117.0,114.0,115.5,4392049,508055151,3418,1.0,98.05786873946221
20191227,116.0,118.0,114.5,116.0,4543003,529266346,3469,0.5,98.48236167772828
20191230,117.0,118.5,115.0,118.0,3314496,388589532,2507,2.0,100.18033343079257
20191231,118.5,118.5,116.5,118.0,1946850,228918800,1474,0.0,100.18033343079257
20200102,118.0,123.5,118.0,123.0,6561005,798756615,4382,5.0,104.42526281345326
20200103,122.0,125.0,120.0,124.0,6953043,855891306,4407,1.0,105.2742486899854
20200106,123.0,123.5,118.0,118.0,3820394,460991992,2439,-6.0,100.18033343079257
20200107,119.5,121.0,112.0,113.0,5899025,681218836,3883,-5.0,95.93540404813186
20200108,110.0,112.0,108.0,109.0,4820593,527551930,3354,-4.0,92.5394605420033
20200109,110.0,110.5,106.0,109.5,5311351,578486431,3366,0.5,92.96395348026937
20200110,109.0,109.5,107.0,109.5,2628526,284384091,1838,0.0,92.96395348026937
20200113,110.0,110.5,107.0,108.5,2031725,220331159,1431,-1.0,92.11496760373723
20200114,110.0,112.0,109.0,112.0,2645478,293605536,1776,3.5,95.08641817159972
20200115,112.0,113.5,109.0,109.5,2698836,300158042,1959,-2.5,92.96395348026937
20200116,108.0,112.0,106.5,112.0,4217871,461708612,2716,2.5,95.08641817159972
20200117,111.0,113.5,111.0,113.0,2354968,264818416,1526,1.0,95.93540404813186
20200120,113.0,113.5,111.0,112.0,1506170,169233040,1060,-1.0,95.08641817159972
20200130,102.0,106.5,101.0,101.0,4980441,511579541,2866,-11.0,85.74757352974616
20200131,103.0,104.0,98.8,101.0,3155279,320446016,2113,0.0,85.74757352974616
20200203,96.2,100.5,93.6,100.5,3028456,293621720,2071,-0.5,85.3230805914801
20200204,102.5,103.0,101.0,102.5,1567218,160241341,1152,2.0,87.0210523445444
20200205,104.0,106.5,102.5,102.5,4310708,451487924,2883,0.0,87.0210523445444
20200206,104.5,106.0,103.5,105.5,2371177,248228762,1637,3.0,89.56800997414081
20200207,106.5,107.0,103.5,103.5,2236203,234826914,1589,-2.0,87.87003822107654
20200210,103.0,107.0,102.0,104.0,3496628,367392620,2154,0.5,88.2945311593426
20200211,105.0,109.0,104.5,109.0,3376781,362289721,2393,5.0,92.5394605420033
20200212,110.5,115.5,110.0,115.0,5656487,642071505,4048,6.0,97.63337580119614
20200213,114.5,117.0,111.5,112.5,5404498,617262009,3971,-2.5,95.51091110986579
20200214,112.5,112.5,109.0,111.0,3762471,416043781,2527,-1.5,94.23743229506758
20200217,109.0,110.0,107.0,107.5,2764008,298448841,2041,-3.5,91.26598172720509
20200218,106.5,108.5,106.0,106.0,1957111,208844766,1459,-1.5,89.99250291240688
20200219,106.5,107.5,105.5,107.0,1783562,190192134,1309,1.0,90.84148878893902
20200220,108.5,109.5,107.5,108.0,1984665,214915820,1317,1.0,91.69047466547116
20200221,107.0,108.0,104.5,105.0,2144540,226787240,1547,-3.0,89.14351703587474
20200224,102.5,103.5,101.5,102.5,2316049,237290243,1606,-2.5,87.0210523445444
20200225,100.5,104.5,100.0,104.5,2178862,222770510,1510,2.0,88.71902409760865
20200226,102.5,104.0,101.0,102.0,1659560,169973180,1159,-2.5,86.59655940627832
20200227,102.5,102.5,97.5,97.9,2998484,298176721,2085,-4.1,83.11571731249654
20200302,95.0,101.0,94.6,99.3,2269052,223709852,1707,1.4,84.30429753964154
20200303,102.5,103.0,101.0,101.5,1529903,155917606,1066,2.2,86.17206646801226
20200304,102.0,103.0,100.0,101.0,2531417,257397312,1732,-0.5,85.74757352974616
20200305,103.0,104.0,102.5,103.5,2541177,262447731,1743,2.5,87.87003822107654
20200306,102.0,103.5,100.5,101.0,1756585,178294868,1235,-2.5,85.74757352974616
20200309,98.0,98.3,92.7,94.5,6171501,588831995,4530,-6.5,80.22916533228725
20200310,90.1,94.5,90.0,94.2,3833920,355145446,2702,-0.3,79.97446956932761
20200311,95.0,95.8,91.0,91.1,2379302,222825384,1704,-3.1,77.34261335207799
20200312,89.8,89.9,83.4,85.0,5226333,449896232,3369,-6.1,72.16379950523192
20200313,77.7,82.4,76.6,82.4,5137339,402237387,3399,-2.6,69.95643622624836
20200316,83.2,84.0,74.2,74.2,4755027,371861325,3079,-8.2,62.99475203868482
20200317,69.0,75.0,69.0,71.0,3381595,244654937,2190,-3.2,60.27799723378196
20200318,73.1,73.5,67.5,67.5,3222612,227169115,2173,-3.5,57.306546665919484
20200319,65.8,67.5,60.8,61.2,4483948,281788007,2873,-6.3,51.95793564376699
20200320,65.6,67.3,64.2,67.3,3105945,206453194,2014,6.1,57.13674949061303
20200323,65.3,70.3,63.1,68.1,3873887,262172496,2955,0.8,57.81593819183874
20200324,71.3,74.9,71.2,74.0,3839471,282367628,2894,5.9,62.8249548633784
20200325,77.7,80.0,77.1,78.4,3874579,304693611,2937,4.4,66.56049272011981
20200326,77.9,79.6,75.6,79.0,2946890,228450602,2211,0.6,67.0698842460391
20200327,82.0,82.5,77.2,77.5,3863128,306956184,2858,-1.5,65.79640543124087
20200330,75.6,78.5,74.5,78.5,2137526,163813328,1642,1.0,66.64539130777302
20200331,79.5,80.5,77.7,78.5,1746271,137627480,1338,0.0,66.64539130777302
20200401,77.7,80.2,77.3,79.5,3057712,242162658,1970,1.0,67.49437718430515
20200406,80.3,82.5,79.1,82.5,2964426,239295307,2267,3.0,70.04133481390157
20200407,85.1,88.0,84.2,85.5,4312804,370961181,3228,3.0,72.588292443498
20200408,86.0,87.2,85.3,86.3,2023812,174834444,1582,0.8,73.26748114472372
20200409,87.9,89.3,84.5,84.5,3029997,263214828,2394,-1.8,71.73930656696585
20200410,84.5,86.4,83.0,85.2,1477970,125580125,1140,0.7,72.33359668053836
20200413,83.9,86.5,83.5,84.8,1581909,134133598,1245,-0.4,71.99400232992551
20200414,85.1,87.5,85.1,86.5,1737073,150099707,1252,1.7,73.43727832003015
20200415,87.2,87.7,86.3,86.6,1930839,167809951,1450,0.1,73.52217690768337
20200416,85.8,86.8,85.2,86.0,1638301,140956539,1287,-0.6,73.01278538176408
20200417,87.5,91.4,85.8,86.0,5795726,511498607,4171,0.0,73.01278538176408
20200420,86.5,87.9,85.1,87.4,2401520,208189043,1628,1.4,74.20136560890907
20200421,87.0,88.0,83.7,83.8,2762560,236101522,2144,-3.6,71.14501645339335
20200422,82.5,85.7,81.8,85.6,2374636,199773444,1623,1.8,72.67319103115122
20200423,86.2,87.5,85.9,86.1,2618083,226701878,1780,0.5,73.09768396941728
20200424,86.3,86.7,85.5,85.6,1221202,105045549,925,-0.5,72.67319103115122
20200427,86.4,87.6,85.5,87.1,2207482,192020634,1566,1.5,73.94666984594942
20200428,88.2,88.2,86.6,87.4,1691800,147886518,1353,0.3,74.20136560890907
20200429,88.3,90.5,88.0,88.2,4363240,389413461,3235,0.8,74.88055431013478
20200430,90.0,90.0,88.1,88.8,2504253,222790065,1822,0.6,75.38994583605407
20200504,87.4,89.8,87.3,88.9,2692313,237334857,1858,0.1,75.47484442370727
20200505,89.7,90.0,87.5,87.7,2303096,203708754,1702,-1.2,74.45606137186871
20200506,87.7,88.5,86.5,86.5,2654015,231248497,1842,-1.2,73.43727832003015
20200507,86.6,88.8,86.6,88.0,2344260,205694110,1641,1.5,74.71075713482836
20200508,88.8,95.6,88.5,94.0,9194716,845244204,6789,6.0,79.8046723940212
20200511,97.0,99.5,96.0,97.8,11713379,1144126188,8016,3.8,83.03081872484331
20200512,97.0,98.8,95.1,95.6,4335045,420240808,3226,-2.2,81.16304979647259
20200513,96.1,97.1,94.0,97.0,3412107,326591130,2495,1.4,82.3516300236176
20200514,97.0,97.0,92.2,92.2,3097344,292351643,2464,-4.8,78.27649781626333
20200515,94.1,94.4,89.5,90.9,2495452,228959673,1848,-1.3,77.17281617677156
20200518,89.5,90.7,86.3,86.6,2949000,258559494,2271,-4.3,73.52217690768337
20200519,88.0,88.5,86.0,88.3,2660777,231620576,1839,1.7,74.965452897788
20200520,88.0,88.0,83.7,84.5,3718130,316798385,2806,-3.8,71.73930656696585
20200521,85.3,86.4,84.5,86.0,3061263,261389267,2107,1.5,73.01278538176408
20200522,85.4,85.4,82.5,83.0,2979710,249262480,2187,-3.0,70.46582775216766
20200525,83.1,85.9,81.0,85.9,2833394,238420984,1997,2.9,72.92788679411086
20200526,86.6,86.6,84.6,84.6,1858136,159139513,1323,-1.3,71.82420515461908
20200527,85.2,87.7,85.2,86.1,2264328,195219269,1601,1.5,73.09768396941728
20200528,86.3,87.2,85.9,86.6,1656114,143174822,1178,0.5,73.52217690768337
20200529,86.3,86.9,84.0,84.0,2571123,219932978,1581,-2.6,71.31481362869978
20200601,84.5,87.0,84.2,86.9,3257755,280034001,2505,2.9,73.77687267064299
20200602,86.7,87.6,86.0,86.0,2928657,254602863,2291,-0.9,73.01278538176408
20200603,87.5,89.5,86.4,87.0,7612308,668522196,5519,1.0,73.8617712582962
20200604,87.5,90.5,87.5,90.4,5738904,512405512,4014,3.4,76.74832323850549
20200605,91.3,91.9,89.9,90.2,3521972,319357537,2424,-0.2,76.57852606319906
20200608,91.0,91.7,89.0,89.4,2428981,219637793,1774,-0.8,75.89933736197335
20200609,89.1,90.8,88.4,89.0,1801187,161386978,1372,-0.4,75.5597430113605
20200610,88.6,91.2,88.6,90.6,1955589,176554358,1445,1.6,76.9181204138119
20200611,90.6,90.6,86.1,86.4,4061726,358157762,2884,-4.2,73.35237973237692
20200612,81.8,88.3,81.8,88.3,2616557,223117981,2040,1.9,74.965452897788
20200615,88.4,88.9,86.3,86.6,1810240,158588676,1404,-1.7,73.52217690768337
20200616,88.0,90.2,87.5,89.1,2964126,264089223,2023,2.5,75.64464159901371
20200617,90.5,90.6,88.4,88.7,2275164,203711943,1643,-0.4,75.30504724840084
20200618,89.0,90.5,87.8,89.6,2014206,180054194,1427,0.9,76.06913453727977
20200619,89.7,91.7,89.6,90.0,2619469,237961410,1977,0.4,76.40872888789264
20200622,90.3,92.8,90.3,90.6,2908069,266296864,2072,0.6,76.9181204138119
20200623,91.9,91.9,89.3,89.8,1936890,174835717,1441,-0.8,76.23893171258618
20200624,90.6,91.5,90.3,91.3,1872750,170574174,1209,1.5,77.5124105273844
20200629,90.7,91.4,88.5,89.2,2886869,258716755,1517,-2.1,75.72954018666692
20200630,90.0,91.6,89.5,91.5,2724310,247533962,1663,2.3,77.68220770269085
20200701,90.1,94.2,89.5,91.7,5483783,505574503,3868,0.0,80.03888326503542
20200702,92.1,94.0,91.2,93.1,3364827,312477689,2574,1.4,81.26085094847109
20200703,94.1,94.8,92.1,92.5,3104293,289484396,2265,-0.6,80.73715051271296
20200706,93.9,96.8,93.1,96.8,4855102,461751759,3251,4.3,84.49033696897962
20200707,97.8,98.5,93.3,94.8,5756705,550121943,4114,-2.0,82.74466884978582
20200708,94.8,101.5,94.1,100.5,10032880,986517832,6643,5.7,87.71982298948814
20200709,100.5,101.5,98.5,98.6,9277386,924633254,6806,-1.9,86.06143827625401
20200710,98.7,99.5,95.2,95.8,4779192,462957069,3598,-2.8,83.61750290938272
20200713,96.6,97.8,95.6,96.3,2149422,207502630,1572,0.5,84.05391993918117
20200714,96.6,96.7,93.8,94.1,2420789,230711437,1756,-2.2,82.13368500806797
20200715,95.2,97.3,93.5,93.9,3203820,305559791,2170,-0.2,81.95911819614861
20200716,94.6,95.2,92.5,92.6,2396402,224139159,1712,-1.3,80.82443391867265
20200717,93.5,96.4,93.3,94.0,4017678,381324666,2935,1.4,82.04640160210829
20200720,94.5,94.8,91.4,91.8,2536949,233999907,1915,-2.2,80.12616667099513
20200721,92.9,94.4,92.6,94.3,1754380,164086702,1335,2.5,82.30825181998738
20200722,94.3,94.9,93.5,94.5,1196732,112788168,944,0.2,82.48281863190675
20200723,94.9,95.0,93.1,93.3,1497240,140566882,1120,-1.2,81.43541776039048
20200724,93.0,93.6,89.2,89.6,3751378,341093937,2916,-3.7,78.20593173988196
20200727,91.0,91.3,88.1,88.5,2038308,181677674,1622,-1.1,77.24581427432537
20200728,88.8,90.9,84.5,85.4,3971317,346613266,2606,-3.1,74.54002868957498
20200729,85.1,86.1,84.1,85.0,2206244,187602058,1614,-0.4,74.19089506573624
20200730,85.9,87.9,85.6,85.8,2420316,209269876,1806,0.8,74.88916231341375
20200731,85.8,87.3,84.3,86.4,2316482,198124834,1705,0.6,75.4128627491719
20200803,86.9,87.1,85.4,86.2,1529241,131827218,1103,-0.2,75.2382959372525
20200804,86.7,87.8,86.6,87.8,1246214,108725932,916,1.6,76.63483043260756
20200805,88.3,89.2,88.2,88.7,1145043,101479908,928,0.9,77.42038108624475
20200806,88.5,89.5,86.6,87.2,1613081,141408975,1275,-1.5,76.11112999684941
20200807,87.3,89.0,87.1,88.7,1761517,155290669,1366,1.5,77.42038108624475
20200810,88.0,88.0,85.4,85.7,2446247,211236937,1908,-3.0,74.80187890745405
20200811,85.4,87.4,84.7,86.4,1219320,105187578,920,0.7,75.4128627491719
20200812,85.6,86.0,84.6,85.7,1063643,90708441,862,-0.7,74.80187890745405
20200813,86.3,86.7,84.8,85.2,818623,70182187,599,-0.5,74.3654618776556
20200814,84.8,86.0,84.4,86.0,678053,57812280,522,0.8,75.06372912533311
20200817,86.0,87.0,85.2,85.6,698654,60266495,594,-0.4,74.71459550149436
20200818,85.1,85.8,83.1,83.6,1835304,154280984,1440,-2.0,72.96892738230058
20200819,83.6,84.3,80.8,81.2,2038731,167569642,1471,-2.4,70.87412563926802
20200820,80.5,80.5,73.1,75.5,3672662,279933374,2653,-5.7,65.8989714995657
20200821,77.6,77.6,74.9,76.0,2363103,179232852,1618,0.5,66.33538852936415
20200824,76.3,77.0,74.5,76.1,1795038,135586003,1396,0.1,66.42267193532385
20200825,76.4,77.4,76.0,77.3,1320187,101369048,958,1.2,67.47007280684014
20200826,77.5,79.8,77.3,79.8,1809828,142956940,1365,2.5,69.65215795583237
20200827,80.0,80.2,77.6,78.3,1299571,102321919,1017,-1.5,68.34290686643702
20200828,77.9,78.9,77.3,77.8,800451,62339437,563,-0.5,67.90648983663857
20200831,78.1,79.0,77.1,77.1,729875,56834395,572,-0.7,67.29550599492075
20200901,77.8,78.5,76.5,78.2,748161,58215219,532,1.1,68.25562346047732
20200902,79.0,80.5,79.0,80.1,1712426,136800190,1253,1.9,69.91400817371144
20200903,81.0,81.5,79.2,79.7,1263765,101510700,914,-0.4,69.5648745498727
20200904,77.2,79.9,77.0,79.5,923000,72275997,713,-0.2,69.3903077379533
20200907,79.4,80.2,76.9,77.1,1267881,98877465,872,-2.4,67.29550599492075
20200908,77.6,78.7,77.1,77.1,1217413,94751769,681,0.0,67.29550599492075
20200909,76.6,79.0,76.0,78.8,1027408,79753946,834,1.7,68.77932389623547
20200910,79.4,83.2,78.8,82.4,3481366,283986048,2595,3.6,71.9215265107843
20200911,82.8,84.5,82.1,83.3,4629180,386810963,3266,0.9,72.70707716442152
20200914,84.6,86.4,82.7,82.9,4796516,406088577,3578,-0.4,72.35794354058277
20200915,83.2,85.5,83.0,85.1,3153871,266863320,2202,2.2,74.27817847169592
20200916,85.2,85.9,84.1,85.3,2658290,226352016,1817,0.2,74.45274528361531
20200917,84.7,86.0,84.3,84.4,1704943,145104098,1127,-0.9,73.6671946299781
20200918,84.4,85.4,83.9,84.1,944788,79728567,702,-0.3,73.40534441209903
20200921,84.0,84.8,83.2,83.2,726300,60914556,527,-0.9,72.6197937584618
20200922,82.7,83.0,81.0,81.3,1728409,141345131,1110,-1.9,70.96140904522771
20200923,82.0,82.9,81.6,82.6,852488,69986551,608,1.3,72.09609332270368
20200924,81.7,82.2,78.7,78.9,1677832,134201328,1232,-3.7,68.86660730219518
20200925,79.6,80.0,74.9,75.8,2099551,161491803,1381,-3.1,66.16082171744478
20200928,76.8,78.0,75.6,77.1,1327150,102402259,1070,1.3,67.29550599492075
20200929,77.1,78.1,75.6,75.9,2499555,190973331,1510,-1.2,66.24810512340449
20200930,76.5,78.9,75.4,78.5,1902963,147025977,1384,2.6,68.5174736783564
20201005,78.9,81.3,78.0,81.1,1882034,150922142,1478,2.6,70.78684223330833
20201006,82.3,83.2,80.9,81.2,2305493,189046229,1558,0.1,70.87412563926802
20201007,81.0,84.2,80.7,84.1,2806154,233445445,2091,2.9,73.40534441209903
20201008,84.5,85.4,83.2,84.0,2025612,170131620,1604,-0.1,73.31806100613933
20201012,84.6,86.0,83.5,84.4,2632881,223693954,1939,0.4,73.6671946299781
20201013,84.5,84.7,83.3,84.1,2111360,177197320,1521,-0.3,73.40534441209903
20201014,84.9,87.8,84.6,85.6,5079554,438305016,3556,1.5,74.71459550149436
20201015,85.0,85.8,83.7,84.9,1947921,164491285,1416,-0.7,74.10361165977655
20201016,84.8,85.8,83.7,83.9,1480643,125462112,1136,-1.0,73.23077760017965
20201019,84.4,86.0,84.3,84.7,1711458,145550989,1194,0.8,73.92904484785716
20201020,84.6,85.7,84.3,85.0,1067034,90645380,776,0.3,74.19089506573624
20201021,85.1,85.7,83.9,84.2,907785,77031140,687,-0.8,73.49262781805872
20201022,84.2,85.1,83.0,84.0,980608,82262672,707,-0.2,73.31806100613933
20201023,84.5,85.6,84.2,85.2,1291790,109904850,847,1.2,74.3654618776556
20201026,85.2,85.8,83.5,83.5,1032368,87006886,762,-1.7,72.88164397634088
20201027,83.5,84.1,82.2,83.4,1354113,112662787,1042,-0.1,72.7943605703812
20201028,83.5,84.1,82.4,82.6,678382,56357140,554,-0.8,72.09609332270368
20201029,81.2,82.1,80.9,81.8,882074,71927270,691,-0.8,71.39782607502617
20201030,82.3,82.5,80.6,80.6,772761,63134230,642,-1.2,70.35042520350989
20201102,80.6,81.0,78.5,80.2,1217522,97124536,937,-0.4,70.00129157967112
20201103,80.8,83.5,80.6,83.2,1253443,103291560,917,3.0,72.6197937584618
20201104,84.0,84.6,82.1,84.0,1364079,114064082,1051,0.8,73.31806100613933
20201105,84.0,86.5,84.0,84.9,3255151,277259734,2111,0.9,74.10361165977655
20201106,85.5,87.2,85.5,85.5,3743528,323057425,2629,0.6,74.62731209553469
20201109,86.4,87.3,86.0,86.9,2074614,180032661,1497,1.4,75.84927977897033
20201110,86.8,87.3,84.3,85.5,2568338,220097664,1791,-1.4,74.62731209553469
20201111,85.6,86.2,84.8,85.3,1237704,105409715,907,-0.2,74.45274528361531
20201112,85.5,87.6,84.9,87.6,3811938,330291977,2507,2.3,76.46026362068815
20201113,88.0,88.2,86.2,88.0,4276109,373371215,3096,0.4,76.80939724452692
20201116,88.8,93.8,88.7,91.0,17689711,1629037013,12266,3.0,79.42789942331761
20201117,91.9,93.0,90.0,90.2,6766520,620962217,5025,-0.8,78.7296321756401
20201118,90.4,91.8,89.2,90.8,2856600,258669526,2050,0.6,79.25333261139824
20201119,90.6,91.1,89.8,91.1,1971172,178253932,1521,0.3,79.51518282927731
20201120,91.3,92.0,90.5,91.6,2826517,258327165,2210,0.5,79.95159985907576
20201123,92.5,93.2,91.2,91.2,2634742,242248049,2014,-0.4,79.60246623523697
20201124,91.4,92.3,90.4,90.6,2185016,199373219,1595,-0.6,79.07876579947884
20201125,91.6,91.6,88.8,89.6,1778514,159740602,1446,-1.0,78.20593173988196
20201126,90.0,91.9,89.8,91.0,2647097,241075860,1938,1.4,79.42789942331761
20201127,91.0,92.2,90.8,91.3,1605031,146592969,1175,0.3,79.68974964119667
20201130,91.6,91.8,89.9,90.9,1425769,129707953,1027,-0.4,79.34061601735792
20201201,90.9,91.7,90.0,91.6,1523857,138840993,1234,0.7,79.95159985907576
20201202,93.3,100.5,93.3,100.5,18969551,1866667467,10891,8.9,87.71982298948814
20201203,103.0,105.0,97.5,97.9,26227344,2672468380,16096,-2.6,85.4504544345362
20201204,98.0,99.3,96.2,96.5,6993185,679645097,5128,-1.4,84.22848675110053
20201207,96.8,101.0,96.7,99.3,10416634,1033470201,6858,2.8,86.67242211797185
20201208,103.0,107.5,102.5,105.5,21947550,2304992792,14508,6.2,92.08399328747264
20201209,109.5,116.0,108.5,113.0,32462962,3702485893,16144,7.5,98.63024873444934
20201210,112.0,116.5,110.0,116.0,14648906,1668625149,9161,3.0,101.24875091324004
20201211,117.5,119.0,108.5,110.0,13549478,1528218731,8785,-6.0,96.01174655565866
20201214,111.0,114.5,108.0,108.5,9378005,1043598672,5948,-1.5,94.70249546626331
20201215,109.0,111.0,104.0,106.0,7557409,802447587,4871,-2.5,92.52041031727107
20201216,109.5,110.5,105.0,106.5,7394938,797284407,5312,0.5,92.95682734706952
20201217,107.0,112.0,106.0,112.0,7784066,852634914,5093,5.5,97.75741467485244
20201218,112.0,112.0,108.0,110.0,5402798,592561013,3697,-2.0,96.01174655565866
20201221,111.5,112.0,106.5,108.5,5666364,614356845,3955,-1.5,94.70249546626331
20201222,107.5,109.5,104.0,105.5,4306197,459082610,2858,-3.0,92.08399328747264
20201223,106.5,108.0,105.0,106.0,3679181,390260587,2376,0.5,92.52041031727107
20201224,107.5,108.5,105.5,108.0,3373117,360477933,2349,2.0,94.26607843646487
20201225,109.0,110.0,106.0,107.0,4271665,459191551,2807,-1.0,93.39324437686797
20201228,107.5,114.0,107.0,114.0,10582318,1168234265,7067,7.0,99.50308279404624
20201229,113.0,113.5,109.0,110.0,7684053,853425811,5499,-4.0,96.01174655565866
20201230,111.5,113.0,109.0,112.5,4133834,461160228,3026,2.5,98.19383170465089
20201231,115.0,116.0,111.5,112.0,7475455,849268408,5261,-0.5,97.75741467485244
20210104,114.0,120.0,113.0,118.0,14089002,1652786050,8822,6.0,102.99441903243383
20210105,119.0,121.0,116.0,120.0,8371783,988401227,5891,2.0,104.74008715162762
20210106,120.5,122.0,115.0,117.5,10830572,1289953748,7166,-2.5,102.55800200263538
20210107,118.0,119.0,113.0,116.0,8784343,1017890825,5663,-1.5,101.24875091324004
20210108,116.0,116.0,113.5,115.0,3638860,417362779,2553,-1.0,100.37591685364312
20210111,114.5,122.5,114.5,117.0,15837500,1886637236,10751,2.0,102.12158497283693
20210112,117.0,118.0,111.5,112.5,6357385,726496948,4489,-4.5,98.19383170465089
20210113,113.5,120.0,113.0,117.0,9758964,1141720965,6259,4.5,102.12158497283693
20210114,118.0,121.0,116.5,118.0,8024951,955852986,5620,1.0,102.99441903243383
20210115,119.5,120.0,115.0,115.0,3928939,458462888,2701,-3.0,100.37591685364312
20210118,114.5,114.5,110.0,111.0,5380221,599491838,3742,-4.0,96.88458061525554
20210119,112.0,115.0,110.5,114.0,4421840,498961806,3269,3.0,99.50308279404624
20210120,114.0,118.0,112.5,113.5,8711567,1003825960,5852,-0.5,99.06666576424777
20210121,116.5,119.5,113.0,114.0,9403520,1097208375,5973,0.5,99.50308279404624
20210122,114.5,124.0,114.5,121.0,19306296,2316187684,12384,7.0,105.61292121122452
20210125,122.5,123.5,117.0,118.0,12684531,1523512459,8471,-3.0,102.99441903243383
20210126,119.0,120.0,117.0,118.0,6005604,711092287,4100,0.0,102.99441903243383
20210127,120.0,120.0,114.5,115.5,5433251,633760656,3559,-2.5,100.81233388344157
20210128,112.5,113.0,108.0,109.0,7708817,847607993,5587,-6.5,95.13891249606175
20210129,111.0,111.5,105.0,105.0,5477631,586175290,3666,-4.0,91.64757625767417
20210201,105.5,106.5,102.5,104.0,4780004,496841949,3366,-1.0,90.77474219807728
20210202,105.5,112.0,104.5,112.0,6083379,662447962,3856,8.0,97.75741467485244
20210203,112.0,112.0,107.0,109.0,4123719,449975622,3046,-3.0,95.13891249606175
20210204,105.5,108.5,104.0,108.0,5012582,531573983,3331,-1.0,94.26607843646487
20210205,107.5,108.0,103.5,105.0,3893439,409458193,2792,-3.0,91.64757625767417
20210217,107.5,109.5,105.5,109.0,2565075,276639196,1862,4.0,95.13891249606175
20210218,109.0,111.5,107.0,111.5,2463414,269220261,1985,2.5,97.32099764505399
20210219,111.5,112.0,108.5,111.5,2720676,299817615,2072,0.0,97.32099764505399
20210222,111.5,114.0,111.0,114.0,3300324,371193011,2421,2.5,99.50308279404624
20210223,112.5,113.5,110.5,111.5,2462907,274874076,1924,-2.5,97.32099764505399
20210224,110.5,114.0,108.5,110.0,3436462,380470011,2300,-1.5,96.01174655565866
20210225,112.0,112.5,108.5,109.5,2314266,254335987,1644,-0.5,95.57532952586023
20210226,107.5,109.0,105.5,106.5,2782929,296757879,2100,-3.0,92.95682734706952
20210302,109.0,109.0,105.0,105.0,2100334,223681581,1625,-1.5,91.64757625767417
20210303,104.5,106.0,101.0,105.0,4863006,501264946,3141,0.0,91.64757625767417
20210304,105.0,105.5,102.0,104.0,2659390,274835803,1925,-1.0,90.77474219807728
20210305,104.0,107.0,103.0,104.5,4007030,420681984,2678,0.5,91.21115922787573
20210308,106.5,107.0,102.0,102.5,4692447,488218937,2860,-2.0,89.46549110868193
20210309,101.5,103.5,98.5,101.0,5304849,531742242,3540,-1.5,88.15624001928659
20210310,103.0,103.0,100.5,101.5,3180198,322660655,2088,0.5,88.59265704908503
20210311,103.0,109.0,103.0,108.5,5555075,592695353,3767,7.0,94.70249546626331
20210312,108.5,111.0,107.5,108.5,3160041,344091322,2290,0.0,94.70249546626331
20210315,109.0,110.0,106.5,109.0,1952894,211438839,1294,0.5,95.13891249606175
20210316,111.5,112.5,105.5,106.5,5899237,636307852,3668,-2.5,92.95682734706952
20210317,107.0,109.0,106.0,108.0,2312221,248811677,1851,1.5,94.26607843646487
20210318,108.5,109.5,107.5,109.5,2757623,299285005,1647,1.5,95.57532952586023
20210319,108.5,111.0,107.0,110.5,3628961,396115737,2570,1.0,96.4481635854571
20210322,111.0,113.0,109.5,111.5,4421683,492379123,2850,1.0,97.32099764505399
20210323,113.0,113.5,111.0,112.0,2902582,325032818,2135,0.5,97.75741467485244
20210324,113.0,118.0,109.5,109.5,12707505,1439070671,8393,-2.5,95.57532952586023
20210325,109.0,113.0,108.0,112.0,4233039,469456585,2855,2.5,97.75741467485244
20210326,111.5,113.0,110.5,112.0,2662581,297738938,1812,0.0,97.75741467485244
20210329,112.5,114.0,111.5,112.5,1803567,202914407,1454,0.5,98.19383170465089
20210330,114.0,117.0,113.5,116.5,5897940,680967030,4015,4.0,101.68516794303846
20210331,116.5,120.0,115.5,118.5,7503539,885171866,5052,2.0,103.43083606223227
20210401,119.5,121.0,117.5,119.5,4995433,595581375,3173,1.0,104.30367012182919
20210406,120.5,123.0,120.5,120.5,4179800,507935503,3145,1.0,105.17650418142607
20210407,123.0,127.0,121.5,126.0,11525349,1438525751,7278,5.5,109.97709150920899
20210408,127.0,128.0,123.0,123.5,8387175,1047099723,5678,-2.5,107.79500636021675
20210409,124.5,128.5,122.5,127.0,8798822,1111497935,5967,3.5,110.8499255688059
20210412,129.0,130.0,122.0,122.5,5336316,664230321,4041,-4.5,106.92217230061988
20210413,122.5,124.0,118.0,118.5,4669215,563706970,2971,-4.0,103.43083606223227
20210414,119.5,121.0,116.0,121.0,4372985,519208452,3155,2.5,105.61292121122452
20210415,121.0,122.0,118.0,119.5,3484883,416360164,2297,-1.5,104.30367012182919
20210416,119.0,121.5,118.0,121.5,2098690,251909804,1425,2.0,106.04933824102295
20210419,122.0,123.5,118.5,119.0,3041721,365663413,2171,-2.5,103.86725309203072
20210420,119.5,122.0,119.0,122.0,2191647,265401621,1593,3.0,106.48575527082141
20210421,122.0,122.0,119.0,120.0,2308254,277279187,1792,-2.0,104.74008715162762
20210422,121.0,122.0,113.5,115.0,4924388,575334879,3160,-5.0,100.37591685364312
20210423,115.0,119.5,114.0,119.5,1868885,220125918,1357,4.5,104.30367012182919
20210426,119.5,120.0,117.5,118.0,2279383,271225538,1658,-1.5,102.99441903243383
20210427,119.0,123.0,118.5,119.0,4447160,537147377,3087,1.0,103.86725309203072
20210428,120.5,122.5,118.5,121.0,2963308,357818101,2101,2.0,105.61292121122452
20210429,122.0,122.0,116.5,117.0,3408147,403244196,2461,-4.0,102.12158497283693
20210503,116.0,117.5,113.0,114.0,2701469,311538196,2008,-3.0,99.50308279404624
20210504,115.0,118.0,111.0,116.0,5620257,647434387,3572,2.0,101.24875091324004
20210505,116.0,117.0,108.0,108.5,4977525,555063665,3622,-7.5,94.70249546626331
20210506,109.0,110.0,106.0,107.5,2545816,275122957,1817,-1.0,93.82966140666642
20210507,109.0,114.5,109.0,113.5,2784377,312479978,1891,6.0,99.06666576424777
20210510,112.5,113.0,110.0,110.5,1295407,144051072,1171,-3.0,96.4481635854571
20210511,107.5,108.0,100.5,100.5,3762527,390061193,2627,-10.0,87.71982298948814
20210512,99.5,103.5,90.6,95.6,4534880,440179992,2837,-4.9,83.44293609746332
20210513,91.1,101.0,91.1,98.0,3362713,327077177,2472,2.4,85.5377378404959
20210514,100.5,101.0,95.0,95.5,2001981,195018651,1538,-2.5,83.35565269150366
20210517,91.0,97.0,89.6,92.8,2245644,209111725,1587,-2.7,80.99900073059202
20210518,94.1,98.0,93.5,97.8,1843270,176648394,1415,5.0,85.36317102857652
20210519,97.5,99.5,95.8,98.1,1210045,118045669,1007,0.3,85.62502124645557
20210520,98.1,99.8,95.2,95.9,1388859,135210200,1179,-2.2,83.70478631534242
20210521,97.9,99.8,97.9,99.8,1293233,127991154,1085,3.9,87.10883914777031
20210524,99.0,100.5,96.6,99.6,1948040,188640130,1196,-0.2,86.93427233585093
20210525,100.5,106.5,100.5,104.5,4287912,447454159,2862,4.9,91.21115922787573
20210526,105.0,106.5,102.5,103.0,2601669,271224870,1757,-1.5,89.90190813848038
20210527,103.0,110.0,102.5,107.0,4390251,471659053,2782,4.0,93.39324437686797
20210528,111.5,112.5,110.0,112.0,3946445,439514309,2274,5.0,97.75741467485244
20210531,113.5,115.0,110.5,113.5,2880840,326634274,1854,1.5,99.06666576424777
20210601,116.5,118.5,115.5,117.0,4006765,469994828,2529,3.5,102.12158497283693
20210602,116.5,116.5,112.0,113.5,2414279,275597939,1742,-3.5,99.06666576424777
20210603,115.0,115.5,113.0,114.5,1177842,134636097,977,1.0,99.9394998238447
20210604,115.5,116.0,113.0,113.0,1733944,198184738,1293,-1.5,98.63024873444934
20210607,114.0,117.0,110.5,116.5,2419652,277814252,1722,3.5,101.68516794303846
20210608,115.5,117.0,114.5,114.5,1346412,155200172,1098,-2.0,99.9394998238447
20210609,114.5,118.0,114.0,118.0,2981557,348546494,2061,3.5,102.99441903243383
20210610,118.5,125.0,118.5,118.5,16132304,1963380003,10293,0.5,103.43083606223227
20210611,119.0,122.0,117.0,119.0,4091474,488292743,2820,0.5,103.86725309203072
20210615,120.5,121.0,116.0,117.5,3118834,367557705,2321,-1.5,102.55800200263538
20210616,118.5,120.5,118.0,119.0,2669008,318081923,1851,1.5,103.86725309203072
20210617,118.5,122.5,118.5,122.5,2742337,332570120,2176,3.5,106.92217230061988
20210618,123.5,123.5,120.5,121.5,2483724,303065564,1889,-1.0,106.04933824102295
20210621,119.0,122.5,118.0,122.0,2465075,297314400,1857,0.5,106.48575527082141
20210622,124.5,125.5,121.5,123.0,4412655,545876056,3188,1.0,107.3585893304183
20210623,124.5,128.0,123.0,127.0,6757122,850105214,4241,4.0,110.8499255688059
20210624,127.0,132.0,124.0,130.0,8352134,1071739310,4766,3.0,113.46842774759659
20210625,132.5,141.5,130.0,138.0,18651881,2552624976,10561,8.0,120.45110022437176
20210628,140.0,141.5,134.5,138.0,8330958,1151301033,5444,0.0,120.45110022437176
20210629,138.0,141.0,136.0,139.0,5030501,696411671,3438,1.0,121.32393428396864
20210630,142.0,147.0,131.0,134.0,15815197,2185381788,10602,-5.0,116.95976398598418
20210701,133.5,135.0,129.0,130.0,4904613,644524732,3301,-4.0,113.46842774759659
20210702,131.5,139.5,129.0,139.5,6535752,886590651,4418,9.5,121.7603513137671
20210705,141.0,143.5,137.0,138.5,6505961,908898525,4419,-1.0,120.88751725417022
20210706,139.5,141.5,136.0,139.5,4416621,611805328,3155,1.0,121.7603513137671
20210707,140.5,149.0,140.0,147.5,17802714,2579570827,11256,8.0,128.74302379054228
20210708,147.5,149.0,141.5,145.0,12912260,1868185744,8576,-2.5,126.56093864155005
20210709,143.0,148.5,141.5,141.5,6743899,972308141,4714,-3.5,123.50601943296091
20210712,144.0,153.5,143.0,148.0,16132673,2398149700,9989,6.5,129.1794408203407
20210713,149.5,152.5,141.0,144.5,7806832,1148248187,5855,-3.5,126.12452161175162
20210714,145.0,148.5,142.5,146.0,3949243,575702883,2779,1.5,127.43377270114695
20210715,147.0,147.5,142.5,145.0,2578781,372334441,1978,-1.0,126.56093864155005
20210716,143.5,147.0,143.0,144.0,1845116,266668350,1448,-1.0,125.68810458195313
20210719,144.0,146.0,143.0,144.0,2519554,363435109,1595,0.0,125.68810458195313
20210720,142.5,144.5,137.0,137.5,4539605,634475613,3471,-6.5,120.01468319457332
20210721,141.0,146.0,140.5,142.0,5034732,720964410,3424,4.5,123.94243646275935
20210722,146.5,150.0,144.0,149.5,8939539,1319239152,6156,7.5,130.48869190973608
20210723,150.5,152.0,138.5,142.0,8007781,1155663281,5921,-7.5,123.94243646275935
20210726,142.0,144.5,139.0,141.5,3045852,430829847,2186,-0.5,123.50601943296091
20210727,143.0,144.5,135.5,138.0,5284751,735985436,3909,-3.5,120.45110022437176
20210728,137.0,138.0,128.0,133.5,5984217,795233929,4116,-4.5,116.52334695618572
20210729,136.5,136.5,131.5,135.0,2500919,335437310,1719,1.5,117.83259804558108
20210730,137.0,142.5,135.0,136.5,4842739,674663057,3317,1.5,119.1418491349764
20210802,137.0,138.5,132.0,134.0,2509772,336886083,1951,-2.5,116.95976398598418
20210803,135.0,138.0,134.5,135.5,1592940,216483915,1309,1.5,118.26901507537954
20210804,137.5,139.0,137.0,138.0,1824113,251941715,1359,2.5,120.45110022437176
20210805,137.0,138.5,134.0,134.5,2111311,285478560,1746,-3.5,117.39618101578263
20210806,134.5,135.0,131.5,131.5,2042308,271463889,1619,-3.0,114.77767883699194
20210809,132.5,133.5,128.5,129.5,1863057,243338708,1315,-2.0,113.03201071779814
20210810,129.5,130.0,124.0,125.0,2830136,356939480,2049,-4.5,109.1042574496121
20210811,125.5,128.0,123.0,123.0,1794652,223995823,1385,-2.0,107.3585893304183
20210812,125.0,129.0,122.5,126.0,2739275,344646222,1736,3.0,109.97709150920899
20210813,124.0,124.0,118.5,118.5,2060280,248505249,1679,0.0,105.60153426660132
20210816,118.5,120.5,115.0,118.0,1326764,156163647,1050,-0.5,105.1559581726494
20210817,118.0,119.5,112.0,112.0,1666866,191607036,1333,-6.0,99.80904504522655
20210818,110.0,118.0,109.5,118.0,2525311,290422823,1796,6.0,105.1559581726494
20210819,116.5,117.0,111.5,111.5,1882543,214031445,1575,-6.5,99.36346895127464
20210820,113.0,116.5,111.5,113.0,1809995,206458985,1350,1.5,100.70019723313037
20210823,115.5,122.0,115.0,121.0,2961240,354146735,1881,8.0,107.82941473636082
20210824,122.0,125.0,118.5,123.5,3939823,483074360,2528,2.5,110.05729520612034
20210825,126.0,131.0,124.0,129.0,4132434,530725307,2930,5.5,114.9586322395913
20210826,128.0,129.0,125.5,126.0,2325294,294952703,1878,-3.0,112.28517567587987
20210827,126.0,128.0,124.0,124.5,1438954,180483651,1099,-1.5,110.94844739402416
20210830,127.0,131.0,126.5,127.0,2319439,297913380,1755,2.5,113.17632786378367
20210831,128.0,129.5,126.0,127.0,2122223,270502092,1428,0.0,113.17632786378367
20210901,128.0,139.5,127.0,139.5,9018892,1227537659,5986,12.5,124.31573021258127
20210902,136.5,141.0,134.0,139.5,8077157,1106940649,5224,0.0,124.31573021258127
20210903,138.5,140.0,137.0,138.0,4258041,588418541,2762,-1.5,122.97900193072557
20210906,138.0,142.0,135.0,136.5,3732483,515913633,2723,-1.5,121.64227364886986
20210907,138.0,138.5,132.0,137.0,3419859,460818744,2581,0.5,122.08784974282176
20210908,135.0,135.5,126.0,127.5,5877226,762818602,3976,-9.5,113.62190395773558
20210909,127.0,133.0,126.5,133.0,2786278,365732503,2047,5.5,118.52324099120652
20210910,134.0,136.0,131.0,136.0,2815529,376493984,1897,3.0,121.19669755491793
20210913,134.5,135.5,129.5,130.5,2149709,283245486,1615,-5.5,116.295360521447
20210914,131.0,131.5,127.5,129.5,2466929,319416747,1916,-1.0,115.40420833354318
20210915,128.5,129.0,123.5,124.0,4108371,514371975,3046,-5.5,110.50287130007224
20210916,126.0,127.0,122.5,123.5,3232996,402614907,2427,-0.5,110.05729520612034
20210917,123.0,125.5,121.0,125.5,2317615,286691762,1640,2.0,111.83959958192797
20210922,122.0,126.5,120.5,124.5,1533078,190059330,1293,-1.0,110.94844739402416
20210923,125.5,126.5,121.0,121.5,2403993,295523277,1887,-3.0,108.27499083031273
20210924,124.0,125.5,123.0,124.0,1515236,188511597,1721,2.5,110.50287130007224
20210927,125.5,127.5,124.0,124.5,1482036,186206440,1246,0.5,110.94844739402416
20210928,123.5,124.0,120.0,121.0,1762927,214133423,1354,-3.5,107.82941473636082
20210929,117.5,118.5,116.0,117.0,1876499,220134906,1471,-4.0,104.26480598474559
20210930,118.0,120.5,118.0,118.0,1424348,169423179,1111,1.0,105.1559581726494
20211001,118.0,119.0,113.0,115.0,2400098,277113799,1451,-3.0,102.48250160893798
20211004,116.5,119.5,114.0,115.0,1944406,226441557,1459,0.0,102.48250160893798
20211005,113.0,118.0,110.5,117.0,2826873,323435810,2035,2.0,104.26480598474559
20211006,119.5,122.5,114.5,115.0,6148375,727932522,3896,-2.0,102.48250160893798
20211007,118.0,126.5,118.0,126.5,5828392,720971180,3490,11.5,112.73075176983177
20211008,126.0,130.0,123.0,127.5,5935577,754697560,4721,1.0,113.62190395773558
20211012,126.5,128.0,122.0,122.5,3241748,402108977,2503,-5.0,109.16614301821654
20211013,122.5,125.0,118.0,118.5,2520665,304415207,2151,-4.0,105.60153426660132
20211014,120.5,121.0,116.0,120.0,1755079,209029820,1292,1.5,106.93826254845702
20211015,122.5,124.0,120.5,121.5,1444588,176579673,1499,1.5,108.27499083031273
20211018,122.5,123.0,119.5,121.0,923414,111858320,684,-0.5,107.82941473636082
20211019,122.0,126.5,121.5,124.5,2895463,361764739,2023,3.5,110.94844739402416
20211020,126.0,130.5,125.0,127.5,3769528,482531873,2464,3.0,113.62190395773558
20211021,128.0,133.5,128.0,128.5,5510049,719815675,4004,1.0,114.51305614563938
20211022,132.0,133.0,129.0,133.0,3450712,454276926,2427,4.5,118.52324099120652
20211025,132.5,134.5,129.5,133.0,2968166,392957336,2080,0.0,118.52324099120652
20211026,135.0,135.0,131.0,132.0,3583238,475941875,2408,-1.0,117.63208880330272
20211027,133.0,141.5,132.5,139.5,15615006,2156221662,10913,7.5,124.31573021258127
20211028,142.0,149.0,140.5,144.0,18410303,2657437945,12788,4.5,128.32591505814844
20211029,143.5,146.0,140.5,140.5,14579445,2094345678,12066,-3.5,125.20688240048507
20211101,143.0,146.5,142.0,144.5,6596522,951048226,4777,4.0,128.77149115210034
20211102,146.5,147.5,135.5,137.5,8478897,1191743982,6161,-7.0,122.53342583677366
20211103,140.0,143.0,137.0,140.0,6750274,947812060,5087,2.5,124.7613063065332
20211104,141.5,142.5,132.0,132.5,9739357,1316440019,8032,-7.5,118.07766489725462
20211105,133.5,135.0,131.5,134.0,3010633,402130915,2500,1.5,119.41439317911032
20211108,133.0,134.0,130.5,133.0,2688774,355512122,2009,-1.0,118.52324099120652
20211109,133.0,134.0,131.5,132.0,2041492,270109638,1878,-1.0,117.63208880330272
20211110,131.5,136.0,130.0,136.0,4075321,546144875,2671,4.0,121.19669755491793
20211111,133.0,133.5,131.0,132.5,3398392,449863614,2437,-3.5,118.07766489725462
20211112,132.5,134.5,132.0,134.0,2434129,324238976,1701,1.5,119.41439317911032
20211115,134.5,138.0,134.0,135.0,3041564,413315234,2336,1.0,120.30554536701415
20211116,136.0,138.5,133.0,134.0,4269886,580242235,3598,-1.0,119.41439317911032
20211117,134.5,136.5,132.0,134.5,3239358,434500171,2322,0.5,119.85996927306225
20211118,134.0,138.0,134.0,136.0,5175237,704526249,3293,1.5,121.19669755491793
20211119,137.5,142.0,136.5,141.0,8115764,1135776341,6753,5.0,125.652458494437
20211122,142.5,147.0,139.0,146.0,8674498,1250487621,7794,5.0,130.10821943395607
20211123,144.5,148.5,143.0,144.0,8432644,1226231781,6271,-2.0,128.32591505814844
20211124,146.0,151.0,144.5,149.5,12438569,1844413533,9593,5.5,133.2272520916194
20211125,152.5,155.0,146.0,146.0,14261437,2149187330,11224,-3.5,130.10821943395607
20211126,144.5,148.5,142.5,145.0,6942577,1006702350,5060,-1.0,129.2170672460522
20211129,144.0,154.0,140.0,153.0,16071118,2380848374,11846,8.0,136.34628474928272
20211130,157.5,162.5,149.5,153.0,18716927,2913511149,16039,0.0,136.34628474928272
20211201,153.0,154.5,150.0,152.0,6189433,940995115,5039,-1.0,135.4551325613789
20211202,151.5,152.5,144.0,144.5,7038280,1036329882,5373,-7.5,128.77149115210034
20211203,146.0,149.5,145.5,147.5,3420320,505066147,3267,3.0,131.44494771581174
20211206,147.0,148.0,143.5,143.5,2575374,372795315,3146,-4.0,127.88033896419653
20211207,144.5,146.0,141.5,143.5,2632341,377334862,2077,0.0,127.88033896419653
20211208,145.5,148.5,144.5,145.0,3297303,482569118,2323,1.5,129.2170672460522
20211209,147.5,149.0,143.0,144.0,2865576,416671441,2250,-1.0,128.32591505814844
20211210,143.0,143.0,138.5,140.0,3688529,516551431,2967,-4.0,124.7613063065332
20211213,141.5,145.0,141.0,143.5,3296976,471952132,2336,3.5,127.88033896419653
20211214,143.0,143.0,138.0,138.0,2844694,396923817,1955,-5.5,122.97900193072557
20211215,138.5,140.5,136.5,139.5,2034980,282982996,1489,1.5,124.31573021258127
20211216,142.0,143.0,140.5,142.5,1654554,235003173,1342,3.0,126.98918677629271
20211217,140.5,140.5,137.0,137.5,2468495,341360710,2082,-5.0,122.53342583677366
20211220,139.0,140.0,136.0,136.5,1058825,145743457,903,-1.0,121.64227364886986
20211221,137.0,141.0,136.0,140.5,1507135,209917002,1138,4.0,125.20688240048507
20211222,142.5,143.0,140.0,141.0,1396952,196948394,1845,0.5,125.652458494437
20211223,142.0,144.5,141.5,143.0,1907504,272388801,1421,2.0,127.4347628702446
20211224,143.0,146.5,141.5,145.5,3163207,458904908,2494,2.5,129.66264334000417
20211227,147.5,149.5,143.5,148.5,5959020,879559948,4528,3.0,132.33609990371556
20211228,148.5,149.5,147.0,148.0,3350664,497253761,2406,-0.5,131.8905238097637
20211229,147.0,148.0,143.0,145.0,2735754,395774112,2632,-3.0,129.2170672460522
20211230,144.0,146.0,143.0,144.0,1025241,147680008,862,-1.0,128.32591505814844
20220103,145.5,146.5,144.0,146.0,1675820,243442737,1284,2.0,130.10821943395607
20220104,145.5,145.5,140.0,140.5,3596280,508668716,2981,-5.5,125.20688240048507
20220105,140.5,141.0,137.0,139.5,2600667,360369738,2332,-1.0,124.31573021258127
20220106,135.0,136.0,132.5,134.0,3727820,500273167,3291,-5.5,119.41439317911032
20220107,134.5,135.0,128.0,130.0,4040775,526742697,3200,-4.0,115.84978442749511
20220110,129.5,131.5,126.5,130.0,1663328,216015765,1252,0.0,115.84978442749511
20220111,131.0,131.0,124.5,126.0,2605489,329926950,1899,-4.0,112.28517567587987
20220112,123.5,126.5,120.0,125.5,6584073,811011636,4972,-0.5,111.83959958192797
20220113,124.5,128.5,121.5,128.0,3970872,498958706,2813,2.5,114.0674800516875
20220114,125.5,129.5,124.0,129.5,2270943,287999927,1819,1.5,115.40420833354318
20220117,126.5,130.0,126.0,130.0,1830459,235727214,1582,0.5,115.84978442749511
20220118,129.5,131.5,127.0,127.5,1300973,168377240,1173,-2.5,113.62190395773558
20220119,126.0,129.5,125.0,127.0,1762212,224742674,1466,-0.5,113.17632786378367
20220120,127.0,130.5,126.5,130.5,1781779,230265955,1515,3.5,116.295360521447
20220121,128.5,132.5,126.5,127.0,1677891,216163040,1883,-3.5,113.17632786378367
20220124,125.0,127.5,123.5,127.0,1151447,144734382,878,0.0,113.17632786378367
20220125,127.0,128.5,123.5,123.5,1444524,181678154,1466,-3.5,110.05729520612034
20220126,124.0,128.0,122.5,127.0,1853614,233333198,1385,3.5,113.17632786378367
20220207,129.0,129.5,124.5,127.5,1096455,138797795,1546,0.5,113.62190395773558
20220208,126.5,134.0,126.5,133.5,2356805,310454653,1995,6.0,118.96881708515842
20220209,134.0,134.0,130.0,131.5,1621820,213871120,2221,-2.0,117.18651270935081
20220210,134.0,134.5,128.0,129.0,2504166,325496617,2116,-2.5,114.9586322395913
20220211,126.0,130.0,125.5,127.0,3520742,448054361,2441,-2.0,113.17632786378367
20220214,123.5,124.0,115.5,117.5,6512039,773477163,5188,-9.5,104.7103820786975
20220215,117.5,119.0,115.5,116.5,6087415,711988857,4196,-1.0,103.8192298907937
20220216,119.5,120.5,117.5,118.5,3625205,430026684,2956,2.0,105.60153426660132
20220217,118.5,119.0,117.0,117.5,2281779,268696866,1790,-1.0,104.7103820786975
20220218,115.5,119.0,115.0,119.0,1371604,161240284,1009,1.5,106.0471103605532
20220221,118.5,119.0,116.5,119.0,943466,111253210,816,0.0,106.0471103605532
20220222,117.5,118.0,114.0,115.0,1847581,213353545,1369,-4.0,102.48250160893798
20220223,115.5,116.5,114.5,116.0,849638,98032218,794,1.0,103.3736537968418
20220224,115.0,115.0,110.0,110.0,2350329,262988001,1942,-6.0,98.02674066941893
20220225,112.5,114.0,111.0,111.5,935096,105093523,790,1.5,99.36346895127464
20220301,113.5,117.5,113.0,116.5,1857632,215395690,1511,5.0,103.8192298907937
20220302,114.5,116.0,112.5,116.0,1206883,138159986,1129,-0.5,103.3736537968418
20220303,118.0,118.0,115.0,116.0,919945,107188162,766,0.0,103.3736537968418
20220304,115.5,117.0,114.0,116.5,1029698,119350238,839,0.5,103.8192298907937
20220307,115.0,115.0,110.0,112.5,2174037,243315201,1813,-4.0,100.25462113917845
20220308,110.0,115.0,110.0,111.5,2028270,227305852,2040,-1.0,99.36346895127464
20220309,113.5,113.5,108.5,109.0,2746123,302679888,3378,-2.5,97.13558848151513
20220310,112.0,118.0,112.0,115.0,3999850,462050928,2629,6.0,102.48250160893798
20220311,116.0,116.0,112.5,113.5,2887927,329560327,3378,-1.5,101.14577332708227
20220314,114.0,118.0,114.0,118.0,1780703,207027114,1357,4.5,105.1559581726494
20220315,117.0,117.0,113.0,113.0,2253085,257885706,1641,-5.0,100.70019723313037
20220316,115.5,115.5,112.5,114.5,1932273,220685776,1355,1.5,102.03692551498605
20220317,118.0,120.0,117.0,118.0,2600687,308180926,2055,3.5,105.1559581726494
20220318,117.0,118.5,115.5,117.0,1703327,199590905,1109,-1.0,104.26480598474559
20220321,118.5,120.0,117.5,118.5,1585488,188701976,1437,1.5,105.60153426660132
20220322,119.0,119.5,117.5,119.0,646993,76771987,788,0.5,106.0471103605532
20220323,120.0,121.0,119.0,120.0,1173773,140743512,1036,1.0,106.93826254845702
20220324,120.0,120.0,117.5,119.0,609551,72375897,664,-1.0,106.0471103605532
20220325,119.0,120.0,116.0,116.0,822672,96570373,762,-3.0,103.3736537968418
20220328,115.0,117.5,112.0,117.0,1341834,153857200,1229,1.0,104.26480598474559
20220329,118.0,120.5,117.5,119.5,2337535,278732236,1861,2.5,106.49268645450512
20220330,121.0,121.0,117.5,117.5,1825414,217199073,1957,-2.0,104.7103820786975
20220331,118.5,118.5,113.0,113.5,1984437,227172992,1898,-4.0,101.14577332708227
20220401,111.0,113.0,111.0,112.5,1839810,205485844,1531,-1.0,100.25462113917845
20220406,110.5,111.0,109.0,110.5,913087,100454627,1369,-2.0,98.47231676337083
20220407,109.5,110.0,101.0,101.5,5149365,533972275,4399,-9.0,90.45194707223655
20220408,101.5,102.5,98.5,99.4,7770233,773842321,6323,-2.1,88.58052747763857
20220411,99.6,100.5,96.3,96.7,5453116,534650207,4564,-2.7,86.17441657029828
20220412,96.9,99.7,95.3,95.8,4404433,427180760,3439,-0.9,85.37237960118483
20220413,96.7,97.5,95.7,97.4,1446055,139942274,1840,1.6,86.79822310183096
20220414,97.4,97.5,95.5,95.9,1581726,151964599,1397,-1.5,85.46149481997524
20220415,95.0,95.0,92.0,92.6,2739058,254807850,2388,-3.3,82.52069259989264
20220418,91.2,93.2,90.7,91.2,2599556,238603620,2307,-1.4,81.27307953682735
20220419,93.9,94.2,91.0,91.2,2339692,215653979,2525,0.0,81.27307953682735
20220420,92.8,93.5,92.4,92.6,1563510,145190853,1297,1.4,82.52069259989264
20220421,93.0,98.4,92.9,96.0,4314903,415223801,3082,3.4,85.55061003876561
20220422,94.1,97.5,93.6,96.8,3984994,382440360,3913,0.8,86.26353178908865
20220425,94.1,95.8,93.5,93.6,2580266,243823188,2570,-3.2,83.41184478779647
20220426,95.4,95.4,93.1,93.1,1980700,186933110,2019,-0.5,82.96626869384457
20220427,91.8,92.0,88.2,88.6,5519248,492960261,3543,-4.5,78.95608384827742
20220428,88.8,88.9,83.4,83.4,13759593,1178782309,7004,-5.2,74.32209247117763
20220429,86.7,89.6,86.0,86.8,8741897,766396605,7065,3.4,77.35200991005057
20220503,87.0,89.1,85.9,89.1,4194059,369120242,3150,2.3,79.40165994222932
20220504,89.5,90.5,88.3,90.5,2926176,261942922,2925,1.4,80.64927300529466
20220505,91.7,93.1,91.0,92.7,3920864,361151271,3518,2.2,82.60980781868304
20220506,89.9,90.5,88.5,90.5,2814182,252091537,2975,-2.2,80.64927300529466
20220509,89.2,89.8,87.2,87.2,1681170,148364453,1366,-3.3,77.7084707852121
20220510,85.0,88.0,84.9,88.0,2275870,196793056,2010,0.8,78.42139253553515
20220511,87.9,89.7,87.2,88.6,1346177,119192012,1350,0.6,78.95608384827742
20220512,88.6,92.1,88.1,89.8,3957878,358683391,3396,1.2,80.025466473762
20220513,91.4,91.7,90.5,90.8,3181331,289785784,2857,1.0,80.9166186616658
20220516,91.8,92.5,89.7,89.7,2554369,232187223,2749,-1.1,79.93635125497161
20220517,90.5,92.9,89.7,92.7,3035962,279088324,2501,3.0,82.60980781868304
20220518,93.6,94.8,91.4,92.0,4957789,460547398,4474,-0.7,81.98600128715037
20220519,89.5,90.3,88.0,89.6,2644679,236310263,2619,-2.4,79.84723603618124
20220520,90.0,91.1,89.4,90.8,1461666,132078901,1236,1.2,80.9166186616658
20220523,91.9,92.1,89.8,89.8,1221525,110910615,1872,-1.0,80.025466473762
20220524,90.2,90.4,86.2,86.2,2178566,191430371,2003,-3.6,76.81731859730829
20220525,86.9,88.5,86.0,88.0,1529554,133865974,1218,1.8,78.42139253553515
20220526,89.0,89.3,86.7,86.9,1319190,116078514,1646,-1.1,77.44112512884097
20220527,88.3,91.1,87.8,90.0,3172154,285142209,2740,3.1,80.20369691134276
20220530,92.8,96.3,91.5,95.3,6680135,630454952,5246,5.3,84.92680350723295
20220531,95.6,98.8,95.0,97.1,8779865,854973043,7627,1.8,86.53087744545981
20220601,97.0,99.0,97.0,97.7,3863307,378219587,3407,0.6,87.06556875820209
20220602,97.6,98.4,97.1,98.0,2160199,211174023,2239,0.3,87.33291441457321
20220606,99.1,99.8,96.1,98.2,4712494,463984552,4350,0.2,87.511144852154
20220607,96.2,98.4,96.2,98.4,2917241,284305906,2513,0.2,87.68937528973477
20220608,98.3,98.8,96.7,96.9,2014115,196303854,2905,-1.5,86.35264700787904
20220609,96.6,98.0,96.4,97.5,1018328,99248562,1052,0.6,86.88733832062132
20220610,96.5,97.0,96.0,96.2,1209263,116568741,2065,-1.3,85.72884047634638
20220613,94.5,94.7,92.3,92.6,1702928,158872545,1422,-3.6,82.52069259989264
20220614,91.6,94.8,91.1,94.6,1576346,146830453,1147,2.0,84.30299697570028
20220615,93.7,95.3,93.3,94.4,1351141,127451861,1203,-0.2,84.12476653811953
20220616,95.7,96.0,90.6,90.6,1865511,173457196,1799,-3.8,80.73838822408503
20220617,89.0,92.0,88.1,88.9,1835665,164101353,2235,-1.7,79.22342950464859
20220620,88.0,88.7,83.5,83.5,4510059,384903369,3493,-5.4,74.41120768996801
20220621,85.2,86.1,84.5,85.9,1768677,150872065,1453,2.4,76.54997294093717
20220622,86.0,86.1,81.6,81.6,2880587,239641087,2337,-4.3,72.71801853295077
20220623,78.8,79.0,75.5,77.0,3868041,298151359,2325,0.0,72.15576581233518
20220624,77.0,78.9,76.3,77.5,2770580,214472899,2281,0.5,72.62430974618151
20220627,78.2,81.0,78.0,79.9,1629527,129908264,1449,2.4,74.8733206286439
20220628,79.7,79.7,75.5,75.5,2627659,201387970,2214,-4.4,70.75013401079616
20220629,75.5,75.8,74.2,75.2,1417071,106279930,1074,-0.3,70.46900765048838
20220630,75.0,75.0,71.8,72.0,3434124,250058646,1845,-3.2,67.47032647387185
20220701,72.9,72.9,67.0,67.1,4164760,289831321,2736,-4.9,62.8785959221778
20220704,67.7,69.3,65.7,67.1,2763286,186508637,2800,0.0,62.8785959221778
20220705,68.3,69.1,66.0,68.3,1413408,95674095,1475,1.2,64.003101363409
20220706,69.7,70.3,67.2,67.3,3469399,238681541,3623,-1.0,63.06601349571633
20220707,67.8,68.9,66.0,68.6,2255619,153167435,2652,1.3,64.28422772371678
20220708,69.4,72.2,69.4,71.3,2119579,150626623,2511,2.7,66.81436496648699
20220711,71.0,71.4,69.6,70.9,1113709,78398780,1250,-0.4,66.43952981940993
20220712,70.0,70.0,66.5,66.7,2279172,153535068,2934,-4.2,62.50376077510073
20220713,69.8,69.8,68.2,69.1,1437392,99442076,1127,2.4,64.75277165756313
20220714,68.9,71.0,68.1,70.8,1059139,74342771,1204,1.7,66.34582103264066
20220715,70.8,72.3,70.5,72.1,1146421,82221604,1260,1.3,67.56403526064112
20220718,73.0,73.5,72.0,73.4,942169,68704702,1214,1.3,68.78224948864161
20220719,73.2,73.7,72.4,73.1,627688,45790232,1101,-0.3,68.50112312833379
20220720,74.1,75.5,74.0,74.2,1512482,113234934,1712,1.1,69.53191978279571
20220721,74.3,76.4,74.3,76.4,1322422,100062019,1394,2.2,71.59351309171957
20220722,76.5,76.7,75.0,75.1,988008,74710294,1823,-1.3,70.3752988637191
20220725,74.8,76.0,74.2,75.7,1015389,76717239,633,0.6,70.93755158433471
20220726,76.0,76.0,72.8,72.9,1953161,143627165,1632,-2.8,68.31370555479526
20220727,68.7,70.0,66.4,69.8,7144656,488374128,4879,-3.1,65.40873316494799
20220728,71.0,71.4,68.0,70.5,2895956,202213878,2759,0.7,66.06469467233286
20220729,71.4,73.9,71.2,73.3,3424056,250132706,2039,2.8,68.68854070187233
20220801,73.0,73.2,70.6,71.0,2022096,144660419,2558,-2.3,66.53323860617918
20220802,69.5,70.0,68.5,69.5,1587830,109915919,2523,-1.5,65.1276068046402
20220803,69.1,69.4,67.3,67.7,1809191,122900764,1672,-1.8,63.4408486427934
20220804,66.8,67.5,65.3,66.2,2993392,197893604,2168,-1.5,62.035216841254396
20220805,66.8,68.7,66.8,67.2,1854393,125242921,1354,1.0,62.972304708947064
20220808,67.4,68.3,66.9,67.9,1003261,67798336,864,0.7,63.62826621633192
20220809,67.7,68.3,67.0,67.7,776848,52590078,876,-0.2,63.4408486427934
20220810,67.2,67.6,66.7,66.9,792156,53124102,663,-0.8,62.69117834863927
20220811,68.0,68.8,67.5,68.4,1486589,101421627,1126,1.5,64.09681015017826
20220812,68.0,70.0,68.0,69.7,1381517,95794576,1129,1.3,65.31502437817872
20220815,70.6,71.5,69.5,71.5,1529601,108009994,1210,1.8,67.00178254002553
20220816,71.1,73.0,70.9,71.3,1577109,112899601,1654,-0.2,66.81436496648699
20220817,71.3,72.2,70.8,71.8,816650,58398974,1073,0.5,67.28290890033333
20220818,71.1,71.9,69.8,71.8,1241626,88191659,1274,0.0,67.28290890033333
20220819,72.0,73.0,71.8,72.9,907522,65834424,1016,1.1,68.31370555479526
20220822,72.1,72.4,71.5,71.5,817620,58796993,990,-1.4,67.00178254002553
20220823,70.8,72.8,70.6,71.9,1192756,85679553,1084,0.4,67.37661768710261
20220824,72.3,72.3,70.5,70.6,796993,56693428,1041,-1.3,66.15840345910212
20220825,71.6,73.8,71.4,73.5,2395088,175140454,1933,2.9,68.87595827541084
20220826,74.0,74.3,73.1,73.6,1429253,105475431,1472,0.1,68.96966706218011
20220829,70.7,70.8,69.4,70.3,1630261,114520597,1791,-3.3,65.87727709879434
20220830,70.5,72.3,70.5,72.0,1331003,95519174,956,1.7,67.47032647387185
20220831,71.6,77.3,71.5,76.2,6521215,493963472,5200,4.2,71.40609551818105
20220901,75.0,75.7,72.0,72.1,4031485,297040130,4045,-4.1,67.56403526064112
20220902,72.0,72.3,70.8,71.1,1709757,122103595,1726,-1.0,66.62694739294845
20220905,70.4,70.4,67.4,67.5,3252013,221877839,2526,-3.6,63.25343106925487
20220906,67.5,68.2,66.5,66.8,1844143,124112111,3159,-0.7,62.59746956186999
20220907,65.5,67.6,65.5,67.0,1148093,76345290,1248,0.2,62.78488713540853
20220908,68.0,68.5,67.1,68.5,992756,67433788,805,1.5,64.19051893694753
20220912,70.0,70.2,68.6,68.6,1195975,82985530,1034,0.1,64.28422772371678
20220913,69.5,70.2,68.0,68.6,1380973,95024530,1218,0.0,64.28422772371678
20220914,67.1,67.9,66.8,67.6,887066,59818958,905,-1.0,63.347139856024135
20220915,68.1,69.0,67.5,68.0,677221,46305528,630,0.4,63.72197500310119
20220916,67.3,67.8,66.5,66.5,965738,64679342,901,-1.5,62.316343201562184
20220919,67.5,67.5,65.3,65.6,1020414,67167296,835,-0.9,61.47296412063879
20220920,66.0,66.5,64.4,65.0,1200468,78167621,1006,-0.6,60.9107114000232
20220921,65.0,65.3,63.0,63.1,1372590,87639467,1271,-1.9,59.13024445140714
20220922,63.0,63.0,61.8,62.1,1202411,74865875,1045,-1.0,58.193156583714476
20220923,62.7,62.9,60.0,60.0,2583826,157242073,2231,-2.1,56.22527206155988
20220926,58.7,60.6,56.7,57.1,2819583,164118568,2311,-2.9,53.50771724525115
20220927,56.7,57.2,55.6,56.5,3474361,195431699,2844,-0.6,52.94546452463555
20220928,56.2,56.6,53.0,53.3,3134855,170700644,2439,-3.2,49.946783348019025
20220929,54.1,55.7,54.0,55.0,2230357,122177883,1502,1.7,51.539832723096545
20220930,53.5,56.9,53.5,56.6,1607396,88972168,1273,1.6,53.03917331140482
20221003,55.4,56.7,55.0,55.5,1147567,63965204,1424,-1.1,52.008376656942886
20221004,57.2,57.2,55.7,56.7,1364886,77111450,994,1.2,53.132882098174086
20221005,57.8,60.2,57.2,58.4,5355890,316325826,3813,1.7,54.72593147325161
20221006,58.4,59.0,56.9,59.0,1820122,105300662,1585,0.6,55.28818419386722
20221007,58.3,59.1,58.1,58.2,854126,49949751,780,-0.8,54.53851389971308
20221011,56.5,56.5,55.1,55.9,1411939,78705448,1037,-2.3,52.38321180401994
20221012,56.7,57.3,55.7,56.5,1261830,71511184,1017,0.6,52.94546452463555
20221013,56.1,57.2,55.0,55.0,1516955,84927313,1271,-1.5,51.539832723096545
20221014,56.6,58.5,56.6,57.9,1742876,100578430,1340,2.9,54.25738753940528
20221017,56.8,59.0,55.8,59.0,1662337,95242470,1446,1.1,55.28818419386722
20221018,60.2,60.2,58.1,58.5,1221137,71839048,1171,-0.5,54.81964026002088
20221019,58.9,60.2,58.0,58.2,1424644,84046105,1208,-0.3,54.53851389971308
20221020,57.7,58.4,56.2,58.4,1834732,105600718,1346,0.2,54.72593147325161
20221021,58.2,59.0,57.6,57.6,1175652,68513025,684,-0.8,53.976261179097484
20221024,58.6,59.7,58.4,58.4,1279694,75431778,973,0.8,54.72593147325161
20221025,59.0,59.0,55.7,55.7,1668312,95098742,1971,-2.7,52.19579423048142
20221026,55.8,56.2,55.0,55.0,925520,51255485,649,-0.7,51.539832723096545
20221027,55.0,57.8,54.8,57.4,1792127,101419740,1013,2.4,53.78884360555895
20221028,56.4,57.0,52.8,53.4,4427228,239618247,3276,-4.0,50.040492134788295
20221031,54.1,57.9,53.8,57.8,3686836,207608151,2415,4.4,54.16367875263601
20221101,57.2,58.4,56.9,57.4,1491208,85884082,1130,-0.4,53.78884360555895
20221102,57.5,58.7,57.0,58.7,996428,57845623,832,1.3,55.00705783355941
20221103,57.8,59.0,57.3,58.7,1088858,63688443,851,0.0,55.00705783355941
20221104,58.5,61.0,57.5,60.9,2603554,154323796,1748,2.2,57.068651142483276
20221107,62.0,62.3,60.3,62.1,2310800,142357425,1485,1.2,58.193156583714476
20221108,62.2,64.9,61.7,62.2,3366283,213203139,2400,0.1,58.28686537048373
20221109,62.3,65.0,62.3,64.5,3354690,215472809,1885,2.3,60.44216746617686
20221110,65.0,66.5,64.4,66.5,3341673,219349233,2395,2.0,62.316343201562184
20221111,69.5,70.0,66.0,67.8,5778014,394974785,4949,1.3,63.534557429562646
20221114,67.6,68.8,67.1,68.0,1976370,134136530,1576,0.2,63.72197500310119
20221115,67.4,68.5,67.0,68.1,1901592,128892533,1393,0.1,63.815683789870455
20221116,68.2,68.7,67.5,68.1,2120928,144440209,1444,0.0,63.815683789870455
20221117,68.1,73.4,68.1,72.7,8193016,582817440,5205,4.6,68.12628798125672
20221118,72.5,73.3,69.8,70.5,3738651,266166805,3435,-2.2,66.06469467233286
20221121,70.8,70.9,68.5,68.5,1251354,87188071,1148,-2.0,64.19051893694753
20221122,68.3,69.5,67.1,69.2,1371289,94105849,1048,0.7,64.84648044433239
20221123,70.2,75.3,70.1,73.4,6981864,511529786,4948,4.2,68.78224948864161
20221124,75.3,80.7,75.2,80.7,16360026,1276920983,11628,7.3,75.62299092279804
20221125,81.6,82.0,79.5,80.6,14548829,1176530670,10208,-0.1,75.52928213602875
20221128,79.8,80.3,78.2,79.4,4165482,330461532,3694,-1.2,74.40477669479756
20221129,78.7,78.7,75.8,77.4,4642300,357768734,3812,-2.0,72.53060095941224
20221130,76.9,78.5,76.3,78.5,3211374,250380930,2305,1.1,73.56139761387418
20221201,80.0,81.3,78.5,79.3,4767910,381047529,3476,0.8,74.31106790802829
20221202,80.0,80.6,78.3,78.8,2721592,216024384,2154,-0.5,73.84252397418197
20221205,78.7,79.7,77.5,77.8,3803348,297005149,2476,-1.0,72.9054361064893
20221206,77.5,77.9,74.8,75.0,2666780,203014935,1997,-2.8,70.28159007694983
20221207,74.5,75.0,72.0,72.2,2636555,192929371,2059,-2.8,67.65774404741039
20221208,71.3,72.0,70.6,71.6,1279067,91322806,1053,-0.6,67.09549132679479
20221209,72.2,72.9,71.0,71.3,1212718,87033467,902,-0.3,66.81436496648699
20221212,69.9,72.1,69.8,71.6,821620,58494793,637,0.3,67.09549132679479
20221213,72.0,72.7,70.8,70.8,932552,66832485,733,-0.8,66.34582103264066
20221214,71.4,72.8,71.2,72.8,804467,58169498,725,2.0,68.219996768026
20221215,72.0,72.6,70.7,70.7,2174664,155233890,1599,-2.1,66.25211224587139
20221216,69.5,69.8,68.1,68.1,3707568,254462485,2423,-2.6,63.815683789870455
20221219,68.2,68.8,67.0,67.0,2806773,190051942,1631,-1.1,62.78488713540853
20221220,67.0,68.1,65.8,65.8,2403870,159737740,1293,-1.2,61.66038169417733
20221221,66.3,67.1,65.6,65.7,1896863,125442685,984,-0.1,61.56667290740807
20221222,67.1,67.3,66.1,67.0,1285558,85719883,603,1.3,62.78488713540853
20221223,66.3,67.3,65.0,67.0,1464302,97327754,945,0.0,62.78488713540853
20221226,67.4,67.6,66.0,66.0,617253,40981893,536,-1.0,61.84779926771587
20221227,66.6,70.3,66.5,69.7,4369303,302313242,2622,3.7,65.31502437817872
20221228,70.0,70.3,67.4,67.7,4668223,320919926,2534,-2.0,63.4408486427934
20221229,67.0,69.6,66.6,69.2,2719923,186619667,1868,1.5,64.84648044433239
20221230,69.5,69.5,67.6,69.0,2128588,145930144,1599,-0.2,64.65906287079387
20230103,68.7,69.7,68.1,69.2,1345312,93014640,1024,0.2,64.84648044433239
20230104,69.5,71.2,69.3,70.5,2020313,142650231,1496,1.3,66.06469467233286
20230105,71.0,73.2,71.0,72.2,4897323,353024087,3124,1.7,67.65774404741039
20230106,71.8,74.7,71.4,74.4,5127557,377056910,3302,2.2,69.71933735633425
20230109,76.0,80.8,75.1,80.0,12832041,1010158547,9175,5.6,74.96702941541317
20230110,80.1,81.4,79.1,81.4,11511629,927257985,7725,1.4,76.2789524301829
20230111,81.9,82.0,80.1,80.2,5522998,446913542,4308,-1.2,75.1544469889517
20230112,80.1,80.1,78.0,78.7,3691921,290812737,3633,-1.5,73.7488151874127
20230113,79.1,79.3,76.3,77.6,4608913,356470877,3779,-1.1,72.71801853295077
20230116,78.5,79.6,77.4,79.0,2795391,220126494,2485,1.4,74.02994154772051
20230117,79.0,80.5,78.6,79.6,2376072,189755490,1830,0.6,74.59219426833609
20230130,83.5,87.5,82.0,87.5,8541126,733067701,8099,7.9,81.99518842310815
20230131,87.9,88.8,86.4,88.6,6627858,582288903,4669,1.1,83.02598507757008
20230201,88.9,88.9,85.6,85.9,7421840,641012349,7229,-2.7,80.4958478347999
20230202,87.2,87.9,85.5,87.9,4099476,356417879,2896,2.0,82.37002357018524
20230203,87.0,87.0,83.7,84.3,5864221,496935896,4252,-3.6,78.99650724649163
20230206,82.3,85.8,81.9,84.8,3740238,314775374,2493,0.5,79.46505118033797
20230207,83.4,85.3,83.4,83.6,2529779,213104048,1883,-1.2,78.34054573910677
20230208,84.9,85.0,82.8,84.8,4323730,364817095,2280,1.2,79.46505118033797
20230209,84.1,84.4,82.6,82.9,2519471,209891045,2269,-1.9,77.6845842317219
20230210,80.5,83.8,79.9,83.0,4425384,362075233,3212,0.1,77.77829301849117
20230213,82.5,85.0,82.0,84.4,3221627,271728241,2572,1.4,79.0902160332609
20230214,84.4,85.2,83.9,84.0,2216219,187070438,1606,-0.4,78.71538088618382
20230215,84.0,86.2,83.7,85.3,4003270,342350701,3015,1.3,79.93359511418429
20230216,85.9,87.8,85.9,86.9,4780974,415928822,4057,1.6,81.43293570249256
20230217,86.6,89.6,86.2,88.8,7681949,680284807,5415,1.9,83.21340265110861
20230220,88.7,89.4,86.9,87.2,4833330,424948233,3891,-1.6,81.71406206280037
20230221,87.2,87.8,86.7,87.5,2686309,234566904,2270,0.3,81.99518842310815
20230222,86.1,86.4,84.6,84.6,2186516,186506028,1772,-2.9,79.27763360679943
20230223,85.0,86.5,84.3,86.3,1578737,135249625,1352,1.7,80.87068298187695
20230224,86.3,87.1,84.4,84.5,1404618,119990462,1224,-1.8,79.18392482003016
20230301,83.8,83.8,82.1,82.7,2719806,224914700,2252,-1.8,77.49716665818336
20230302,82.7,83.1,81.3,82.4,1912640,156941466,1672,-0.3,77.21604029787555
20230303,82.0,84.1,81.6,83.6,2156652,178590655,1786,1.2,78.34054573910677
20230306,83.2,85.7,83.2,85.4,2141863,181419758,1690,1.8,80.02730390095357
20230307,85.6,87.0,83.5,83.5,3497955,295786289,2909,-1.9,78.2468369523375
20230308,83.0,85.6,82.7,85.5,2464155,207945175,1893,2.0,80.12101268772282
20230309,85.9,85.9,83.7,83.7,1504725,127072497,1641,-1.8,78.43425452587601
20230310,83.0,83.0,81.5,81.5,1764820,145020793,1569,-2.2,76.37266121695217
20230313,80.5,81.9,79.8,81.9,1691187,136579400,1315,0.4,76.74749636402923
20230314,80.6,83.5,80.5,82.1,1643494,135534914,1347,0.2,76.93491393756777
20230315,83.2,85.4,83.2,83.8,2391744,201710307,1820,1.7,78.52796331264528
20230316,83.8,84.8,82.2,83.1,1357110,113255974,1629,-0.7,77.87200180526042
20230317,84.4,91.3,84.2,90.5,14616244,1296460855,10062,7.4,84.80645202618615
20230320,90.0,92.3,89.1,91.9,10682154,974800487,9712,1.4,86.11837504095588
20230321,91.8,91.9,88.5,90.2,5115725,460342180,5870,-1.7,84.52532566587836
20230322,90.3,91.0,89.0,89.8,3573053,319693673,2931,-0.4,84.15049051880128
20230323,89.9,90.8,88.6,89.6,3020513,270177710,2488,-0.2,83.96307294526274
20230324,89.3,93.0,88.4,90.1,5322496,482380243,3972,0.5,84.43161687910907
20230327,90.3,92.9,90.3,90.9,4468464,408952143,4081,0.8,85.1812871732632
20230328,92.7,94.5,89.0,93.1,8067637,743606450,6650,2.2,87.24288048218708
20230329,95.2,99.5,91.3,91.3,20985075,2011269170,15907,-1.8,85.55612232034028
20230330,93.0,93.4,90.4,90.4,3906641,357348104,4710,-0.9,84.71274323941688
20230331,91.0,92.6,90.2,92.3,2258958,207098569,2341,1.9,86.49321018803295
20230406,92.2,94.8,91.0,94.5,2601237,243309017,2753,2.2,88.5548034969568
20230407,95.5,96.5,94.1,94.5,3538381,337179956,3141,0.0,88.5548034969568
20230410,95.6,102.0,95.1,99.9,10522278,1037688310,8275,5.4,93.6150779824972
20230411,101.0,103.5,99.9,100.0,9180465,929815556,8854,0.1,93.70878676926647
20230412,100.0,100.5,97.4,98.0,4697535,461211403,4926,-2.0,91.83461103388113
20230413,97.5,98.0,94.3,94.7,4592094,439289120,3901,-3.3,88.74222107049533
20230414,92.8,95.9,92.8,94.4,5918530,557180840,4458,-0.3,88.46109471018754
20230417,94.0,95.6,93.9,95.6,2478156,235381300,2079,1.2,89.58560015141873
20230418,95.6,96.4,94.3,95.3,2819844,269570883,2522,-0.3,89.30447379111092
20230419,95.9,99.7,95.6,99.1,7790163,768689922,5967,3.8,92.86540768834305
20230420,99.5,101.5,98.0,100.0,9824904,984827057,7832,0.9,93.70878676926647
20230421,101.0,103.0,97.1,97.1,10109335,1006171040,8003,-2.9,90.99123195295772
20230424,97.6,97.7,94.8,94.8,3658247,350030729,3617,-2.3,88.8359298572646
20230425,95.3,95.8,89.1,89.7,4562548,417533220,3755,-5.1,84.05678173203202
20230426,88.4,90.7,87.8,88.7,4030054,357503544,3611,-1.0,83.11969386433937
20230427,88.2,88.6,86.3,88.2,2568352,225171361,2190,-0.5,82.65114993049302
20230428,89.0,96.5,88.8,96.5,7191491,678808587,5028,8.3,90.42897923234213
20230502,97.0,100.0,96.3,96.3,7016378,687022441,5992,-0.2,90.2415616588036
20230503,96.5,97.1,92.9,94.1,3529090,332769588,3159,-2.2,88.17996834987973
20230504,93.7,97.9,93.7,97.0,3017948,291202180,2475,2.9,90.89752316618846
20230505,96.2,99.0,96.1,98.8,3480237,341250397,3390,1.8,92.58428132803526
20230508,99.5,100.0,98.0,98.8,2375233,234890252,2484,0.0,92.58428132803526
20230509,99.0,99.5,96.2,98.2,2060841,201409294,2283,-0.6,92.02202860741967
20230510,99.0,99.0,96.2,96.4,1771763,171909978,1726,-1.8,90.33527044557287
20230511,96.6,97.0,93.6,95.6,2039323,194906523,1770,-0.8,89.58560015141873
20230512,95.2,97.7,94.7,97.7,1868861,180755172,1582,2.1,91.55348467357334
20230515,96.5,96.5,91.2,93.4,3836742,357970370,3870,-4.3,87.52400684249487
20230516,93.8,95.3,93.8,94.2,1515163,143297889,1436,0.8,88.273677136649
20230517,94.2,95.0,93.5,94.6,1686785,158944150,1624,0.4,88.64851228372606
20230518,95.0,96.5,94.5,96.1,2373403,227180960,2100,1.5,90.05414408526507
20230519,96.1,97.0,94.2,94.5,1533301,145628827,2028,-1.6,88.5548034969568
20230522,94.5,97.4,94.3,96.8,1931817,186478280,1691,2.3,90.71010559264992
20230523,96.5,96.8,94.8,95.9,1883699,180203885,2040,-0.9,89.86672651172654
20230524,96.8,96.8,95.2,95.8,855959,82195547,817,-0.1,89.77301772495726
20230525,96.1,97.8,95.2,95.4,1293855,124802826,1418,-0.4,89.3981825778802
20230526,96.0,101.5,94.7,100.0,6230404,615631344,4796,4.6,93.70878676926647
20230529,101.0,105.0,99.4,100.0,6575395,668279807,5371,0.0,93.70878676926647
20230530,100.0,100.5,96.5,98.2,3772508,369686921,2881,-1.8,92.02202860741967
20230531,100.0,108.0,99.5,104.5,10536851,1109133063,7264,6.3,97.92568217388346
20230601,105.5,109.5,103.5,108.0,9313536,995414724,6462,3.5,101.20548971080777
20230602,109.5,117.5,108.5,113.0,12435153,1409725496,8000,5.0,105.8909290492711
20230605,114.5,116.0,112.5,115.5,6718222,769979764,4584,2.5,108.23364871850276
20230606,117.5,117.5,110.0,114.5,8045845,911581186,6207,-1.0,107.2965608508101
20230607,115.5,120.0,115.0,119.0,9462473,1117824026,6105,4.5,111.51345625542709
20230608,117.5,120.0,115.0,116.0,5743614,673006657,3748,-3.0,108.7021926523491
20230609,117.0,123.5,116.0,121.0,6476741,779365080,4738,5.0,113.38763199081242
20230612,120.0,122.5,118.0,122.0,4298364,519749730,3298,1.0,114.32471985850508
20230613,125.0,125.5,120.5,124.0,5765733,709835666,4141,2.0,116.19889559389041
20230614,123.0,124.0,121.0,122.0,2513840,307118684,1748,-2.0,114.32471985850508
20230615,124.0,130.5,124.0,126.0,8131691,1037864690,5456,4.0,118.07307132927573
20230616,124.0,125.5,117.5,123.0,7674254,936072226,4635,-3.0,115.26180772619776
20230619,123.5,128.0,121.5,127.0,4132671,520523745,3066,4.0,119.0101591969684
20230620,128.0,128.0,123.5,126.0,1764456,222451865,1394,-1.0,118.07307132927573
20230621,124.5,127.0,123.5,126.0,2418659,302479659,1603,0.0,118.07307132927573
20230626,122.0,124.0,119.5,123.0,2034646,248601432,1657,0.0,117.40491328618363
20230627,121.5,122.5,118.5,118.5,2800593,336733708,2306,-4.5,113.10961158059155
20230628,120.0,121.5,118.5,118.5,1355335,162584220,1143,0.0,113.10961158059155
20230629,121.0,123.5,119.0,123.5,1937247,235982469,1482,5.0,117.88216903124942
20230630,122.0,122.5,116.5,116.5,3847543,455493346,3184,-7.0,111.20058860032839
20230703,117.5,119.5,117.0,119.0,2784476,329785083,2048,2.5,113.58686732565732
20230704,120.0,120.5,115.5,117.0,3077466,362083445,2128,-2.0,111.67784434539419
20230705,117.0,120.0,112.5,116.0,5173396,597240503,3622,-1.0,110.72333285526261
20230706,116.0,122.0,116.0,120.0,5327016,639392537,3880,4.0,114.5413788157889
20230707,120.0,122.0,113.0,117.0,6374016,744944524,4167,-3.0,111.67784434539419
20230710,117.0,122.5,117.0,117.5,2656891,317782051,1912,0.5,112.15510009045997
20230711,119.5,125.0,118.5,125.0,5561462,682373598,3853,7.5,119.31393626644677
20230712,126.5,127.5,123.0,123.5,5306749,662447545,4803,-1.5,117.88216903124942
20230713,126.0,128.5,115.0,115.5,8666931,1047229304,6444,-8.0,110.24607711019684
20230714,115.5,116.0,113.0,115.5,6461334,738784200,4689,0.0,110.24607711019684
20230717,116.5,117.0,111.5,112.5,4408620,499200412,2990,-3.0,107.3825426398021
20230718,116.5,122.0,113.5,120.5,9310955,1094344392,6370,8.0,115.0186345608547
20230719,120.5,124.5,116.5,117.5,7256501,874539007,5710,-3.0,112.15510009045997
20230720,118.0,120.0,116.5,117.5,2839985,334774693,2015,0.0,112.15510009045997
20230721,116.0,124.0,115.0,123.5,7968637,963128003,4979,6.0,117.88216903124942
20230724,135.5,135.5,126.0,126.5,20440417,2680782397,10496,3.0,120.74570350164414
20230725,128.0,129.0,119.0,119.0,9185305,1126126668,6068,-7.5,113.58686732565732
20230726,119.0,121.5,116.5,116.5,3700261,437994635,2867,-2.5,111.20058860032839
20230727,117.5,119.5,116.5,117.0,2391820,281540469,1818,0.5,111.67784434539419
20230728,120.5,128.5,118.5,128.5,11676686,1471236940,7207,11.5,122.65472648190728
20230731,129.5,137.5,129.0,132.5,19208401,2566908345,12394,4.0,126.4727724424336
20230801,133.0,134.0,120.0,126.5,8819138,1110377912,6483,-6.0,120.74570350164414
20230802,127.0,132.0,123.0,124.5,5278122,670590605,4280,-2.0,118.83668052138098
20230804,125.5,135.5,125.5,131.5,11493988,1513379577,8659,7.0,125.518260952302
20230807,128.5,129.5,126.0,128.0,3621243,463501457,3050,-3.5,122.1774707368415
20230808,130.0,131.0,127.5,128.5,2852219,368352301,2335,0.5,122.65472648190728
20230809,127.0,134.5,127.0,132.5,6235188,820532222,4408,4.0,126.4727724424336
20230810,130.5,132.0,127.5,130.5,2706940,351817323,2405,-2.0,124.56374946217043
20230811,130.5,132.5,126.0,130.5,3640780,469994430,2856,0.0,124.56374946217043
20230814,128.0,129.0,122.5,123.0,2729218,340908313,1988,-7.5,117.40491328618363
20230815,124.5,124.5,121.0,121.5,3758492,459029835,2592,-1.5,115.97314605098627
20230816,119.5,124.0,118.0,122.5,1880713,228677202,1422,1.0,116.92765754111784
20230817,121.5,128.0,120.0,127.0,2081248,261517341,1648,4.5,121.22295924670992
20230818,127.0,130.0,125.5,126.0,1845207,235925850,1720,-1.0,120.26844775657834
20230821,127.5,129.0,124.5,125.0,1085844,136911378,1057,-1.0,119.31393626644677
20230822,127.0,129.0,126.0,126.5,1735249,221313259,1381,1.5,120.74570350164414
20230823,127.0,127.0,124.5,126.0,1292226,162759181,1079,-0.5,120.26844775657834
20230824,128.5,129.5,125.5,127.0,1547009,197208953,1213,1.0,121.22295924670992
20230825,130.0,131.5,125.5,126.5,4625214,592452471,3190,-0.5,120.74570350164414
20230828,128.0,128.5,122.0,126.0,2818617,351694179,2050,-0.5,120.26844775657834
20230829,127.0,134.5,127.0,134.0,7334114,971045167,5241,8.0,127.90453967763092
20230830,141.0,147.0,140.5,147.0,19114673,2791731701,8948,13.0,140.31318904934142
20230831,147.0,151.0,141.5,146.0,15298773,2243483067,9642,-1.0,139.35867755920984
20230901,145.5,149.0,143.0,146.5,6838379,997390023,4369,0.5,139.83593330427564
20230904,145.5,151.5,143.0,151.0,10544296,1573468782,7195,4.5,144.1312350098677
20230905,149.5,152.0,147.0,151.5,6337688,950541750,4582,0.5,144.6084907549335
20230906,149.0,152.0,146.0,151.5,6830284,1021454342,5090,0.0,144.6084907549335
20230907,151.0,154.5,148.5,154.0,5664584,865180757,3968,2.5,146.99476948026245
20230908,154.0,154.0,149.0,150.5,3596714,543399185,3011,-3.5,143.6539792648019
20230911,155.0,158.5,145.0,145.5,7071615,1063013649,5143,-5.0,138.88142181414406
20230912,147.0,150.5,146.0,147.5,4348963,644466939,3050,2.0,140.7904447944072
20230913,148.0,149.5,144.0,145.0,3095386,451692925,2561,-2.5,138.40416606907826
20230914,146.5,151.5,145.5,149.5,3593953,536847081,2889,4.5,142.69946777467035
20230915,149.5,151.5,145.5,150.0,4764623,710106361,3851,0.5,143.17672351973613
20230918,149.5,156.0,148.5,154.5,4106524,633090506,3316,4.5,147.47202522532822
20230919,156.0,156.0,152.0,155.0,3750892,578616570,2759,0.5,147.949280970394
20230920,153.0,153.0,148.0,148.0,5479366,819697181,3643,-7.0,141.267700539473
20230921,147.0,150.0,145.0,146.5,2698455,395900473,2162,-1.5,139.83593330427564
20230922,145.5,147.5,142.5,147.5,1722457,249460563,1621,1.0,140.7904447944072
20230925,147.0,148.0,145.0,146.0,1088035,159147213,1125,-1.5,139.35867755920984
20230926,147.0,149.0,144.5,145.0,1394971,204667565,1394,-1.0,138.40416606907826
20230927,144.5,146.5,143.0,143.5,816226,117650317,876,-1.5,136.9723988338809
20230928,144.5,149.0,144.5,148.0,1909734,281842176,1482,4.5,141.267700539473
20231002,150.5,152.0,148.5,150.0,2520060,378354619,1853,2.0,143.17672351973613
20231003,152.0,152.5,149.0,150.0,1720163,259294436,1382,0.0,143.17672351973613
20231004,152.5,155.5,148.0,155.5,5367486,819071944,4084,5.5,148.42653671545978
20231005,157.0,158.0,151.5,158.0,9553068,1487793430,6327,2.5,150.8128154407887
20231006,159.0,159.5,153.5,154.0,4533415,705785571,3361,-4.0,146.99476948026245
20231011,154.5,156.0,151.5,153.0,2144260,329853439,1804,-1.0,146.04025799013084
20231012,155.0,156.5,152.5,155.0,1733270,267820104,1695,2.0,147.949280970394
20231013,155.0,156.0,152.5,155.0,1718066,265413211,1560,0.0,147.949280970394
20231016,154.0,160.5,153.5,159.0,3786780,599478357,3128,4.0,151.76732693092032
20231017,159.5,160.0,151.5,152.0,3916250,609822446,3381,-7.0,145.0857464999993
20231018,152.0,152.5,146.0,147.5,3126025,463014328,1982,-4.5,140.7904447944072
20231019,145.0,147.0,144.0,145.5,1425094,207068652,1517,-2.0,138.88142181414406
20231020,145.0,145.5,141.5,142.5,1573811,224669680,1368,-3.0,136.01788734374932
20231023,141.5,146.0,141.5,142.0,920111,132376234,933,-0.5,135.54063159868355
20231024,142.0,144.5,141.0,144.5,971942,139073615,876,2.5,137.92691032401248
20231025,145.5,152.0,145.5,147.5,2677820,399691847,1940,3.0,140.7904447944072
20231026,145.0,145.5,141.5,142.0,1451493,208084501,1425,-5.5,135.54063159868355
20231027,142.5,143.5,136.5,139.5,2243564,313921814,1798,-2.5,133.1543528733546
20231030,147.0,149.5,142.0,143.5,4727230,684043464,3372,4.0,136.9723988338809
20231031,144.5,154.5,143.5,147.0,7155330,1072397150,5334,3.5,140.31318904934142
20231101,150.0,151.5,142.0,142.5,5020760,733688886,5059,-4.5,136.01788734374932
20231102,143.5,145.5,141.5,142.0,2673956,381805929,2227,-0.5,135.54063159868355
20231103,145.0,148.0,144.5,145.5,3182920,465561766,2245,3.5,138.88142181414406
20231106,146.5,151.0,143.0,150.0,3286054,487665681,2684,4.5,143.17672351973613
20231107,152.5,162.0,150.5,157.5,11829093,1862043709,8813,7.5,150.33555969572294
20231108,158.0,159.0,154.0,156.0,5054013,791145268,3953,-1.5,148.90379246052558
20231109,156.5,158.5,154.0,156.5,3369834,527368690,2746,0.5,149.38104820559138
20231110,155.0,156.0,152.0,155.5,2278410,351408245,2219,-1.0,148.42653671545978
20231113,156.0,157.0,153.0,155.0,2236645,346770378,1759,-0.5,147.949280970394
20231114,155.0,156.5,153.0,155.5,1692855,261663056,1204,0.5,148.42653671545978
20231115,156.5,159.5,154.5,154.5,2805033,438498543,2071,-1.0,147.47202522532822
20231116,156.5,156.5,153.0,153.0,800870,123382748,785,-1.5,146.04025799013084
20231117,153.0,154.5,151.0,153.0,697372,106641324,822,0.0,146.04025799013084
20231120,154.0,155.5,151.0,151.0,978640,149284172,1061,-2.0,144.1312350098677
20231121,153.0,157.0,151.0,155.5,3032380,471397618,2389,4.5,148.42653671545978
20231122,155.5,157.0,153.5,156.0,1476796,230028938,1246,0.5,148.90379246052558
20231123,158.5,171.5,158.0,167.5,15334003,2527626473,10312,11.5,159.88067459703868
20231124,168.0,183.0,165.5,176.0,19204363,3364680681,15228,8.5,167.99402226315706
20231127,178.0,179.5,162.5,164.0,10390057,1761621734,8628,-12.0,156.5398843815782
20231128,165.5,169.0,164.0,169.0,3665858,612038413,3909,5.0,161.31244183223603
20231129,167.0,172.0,167.0,170.5,3766721,639729026,2915,1.5,162.74420906743342
20231130,171.0,176.0,168.5,171.5,6381961,1100165868,5815,1.0,163.69872055756497
20231201,172.5,172.5,167.5,170.0,2424041,411291318,3281,-1.5,162.2669533223676
20231204,173.0,174.5,169.0,169.5,2715204,466091988,2277,-0.5,161.78969757730184
20231205,169.0,169.0,162.5,167.0,3526934,583792330,2417,-2.5,159.4034188519729
20231206,170.0,172.0,167.0,167.0,3949807,666917884,2764,0.0,159.4034188519729
20231207,167.0,169.0,163.0,164.0,2236434,369630793,1637,-3.0,156.5398843815782
20231208,165.5,168.5,164.0,164.5,1660598,275773566,1669,0.5,157.01714012664397
20231211,167.0,167.0,163.0,164.5,1348669,221784538,1224,0.0,157.01714012664397
20231212,165.5,168.0,162.5,162.5,1441648,238304182,1262,-2.0,155.1081171463808
20231213,162.5,164.0,160.0,164.0,2926622,474124259,2222,1.5,156.5398843815782
20231214,165.5,166.0,158.5,159.0,3958563,637501510,3237,-5.0,151.76732693092032
20231215,160.0,161.5,158.0,158.0,1422747,226910196,1268,-1.0,150.8128154407887
20231218,158.5,159.0,154.5,155.0,1609346,251126048,1568,-3.0,147.949280970394
20231219,155.0,158.0,153.0,157.0,2049606,320577410,1872,2.0,149.85830395065716
20231220,157.5,161.5,157.5,160.0,3605282,576025076,2864,3.0,152.72183842105187
20231221,159.0,159.0,153.0,153.5,2553956,396900789,2464,-6.5,146.51751373519664
20231222,155.0,157.5,153.5,156.0,1541303,240334644,1441,2.5,148.90379246052558
20231225,159.0,162.0,157.5,159.0,3287840,527374933,2620,3.0,151.76732693092032
20231226,160.0,165.0,158.0,162.0,4374616,709181365,3262,3.0,154.63086140131503
20231227,163.5,165.0,160.5,163.5,3626107,591737822,3633,1.5,156.0626286365124
20231228,165.0,166.0,160.0,160.0,3862622,626080464,2837,-3.5,152.72183842105187
20231229,160.0,162.0,158.5,160.5,2122238,339925093,1591,0.5,153.19909416611765
20240102,161.5,162.0,156.0,157.0,2271335,358222980,1864,-3.5,149.85830395065716
20240103,153.0,153.5,141.5,141.5,10789084,1551634062,7841,-15.5,135.06337585361777
20240104,140.5,141.0,130.0,132.5,22692220,3030697446,14292,-9.0,126.4727724424336
20240105,132.5,135.0,131.0,132.0,6841658,905720558,5323,-0.5,125.9955166973678
20240108,133.0,134.5,131.5,132.0,2811355,372700060,2208,0.0,125.9955166973678
20240109,134.0,135.5,131.5,132.5,3599519,481838021,2758,0.5,126.4727724424336
20240110,132.5,133.0,129.0,129.5,2080044,271058472,1818,-3.0,123.60923797203885
20240111,130.0,130.5,127.5,129.5,3714270,478480749,2704,0.0,123.60923797203885
20240112,130.0,130.5,126.0,126.5,2936906,374273652,2308,-3.0,120.74570350164414
20240115,127.5,128.0,125.5,126.5,2536020,320968569,1862,0.0,120.74570350164414
20240116,126.5,127.0,123.5,124.5,4289884,534062496,2720,-2.0,118.83668052138098
20240117,124.5,127.5,122.5,124.0,3332001,415395094,2256,-0.5,118.35942477631521
20240118,125.0,125.0,121.5,122.0,2458253,302140750,1801,-2.0,116.45040179605206
20240119,124.5,125.0,122.0,123.5,1873395,231409648,1612,1.5,117.88216903124942
20240122,125.5,126.5,124.5,125.5,2549562,319808207,1998,2.0,119.79119201151256
20240123,126.0,127.0,124.5,126.0,1818202,229331284,1353,0.5,120.26844775657834
20240124,126.5,129.0,125.5,125.5,3127065,398184232,2461,-0.5,119.79119201151256
20240125,127.0,127.0,123.5,124.0,1427018,177796758,1296,-1.5,118.35942477631521
20240126,124.5,128.0,123.0,126.5,2474772,313303791,1972,2.5,120.74570350164414
20240129,127.5,132.0,126.0,131.5,5454186,709526692,3677,5.0,125.518260952302
20240130,132.5,135.0,130.5,134.0,5649249,751839862,4353,2.5,127.90453967763092
20240131,133.5,138.0,133.0,135.0,5127216,696030422,4318,1.0,128.85905116776254
20240201,136.5,136.5,132.0,133.5,3281902,439787171,2764,-1.5,127.42728393256515
20240202,133.5,135.5,133.0,133.5,2904117,388778776,2262,0.0,127.42728393256515
20240205,135.5,137.0,134.5,135.0,2912781,394070708,2032,1.5,128.85905116776254
20240215,139.0,147.5,138.5,147.0,10532390,1517273797,7474,12.0,140.31318904934142
20240216,146.0,147.5,142.5,146.5,4983089,724636931,3597,-0.5,139.83593330427564
20240219,150.0,159.0,147.0,156.5,12772380,1974059438,9258,10.0,149.38104820559138
20240220,156.5,159.5,155.5,159.0,6944237,1095357889,5580,2.5,151.76732693092032
20240221,160.0,167.0,155.0,166.0,11786927,1923883425,11953,7.0,158.44890736184132
20240222,166.5,169.5,164.5,165.5,8350054,1394124482,5942,-0.5,157.97165161677552
20240223,167.0,169.5,163.5,167.5,5323685,890671862,4913,2.0,159.88067459703868
20240226,164.5,168.0,161.0,167.5,6661157,1094277063,7239,0.0,159.88067459703868
20240227,167.5,168.5,160.0,164.0,4759794,776281521,5144,-3.5,156.5398843815782
20240229,164.0,164.5,158.5,163.5,4164186,672510199,3507,-0.5,156.0626286365124
20240301,163.5,178.5,163.5,176.0,14149447,2447414234,14843,12.5,167.99402226315706
20240304,178.5,184.0,172.5,181.0,10212297,1831333641,13556,5.0,172.76657971381493
20240305,184.5,190.0,182.5,188.5,15084445,2817011631,16266,7.5,179.92541588980174
20240306,187.0,187.0,179.5,180.5,6735485,1226156311,5136,-8.0,172.28932396874916
20240307,184.5,188.0,181.0,184.0,9251838,1711379441,12082,3.5,175.63011418420965
20240308,185.5,185.5,166.0,170.5,10765328,1863016910,7710,-13.5,162.74420906743342
20240311,169.5,177.5,167.0,171.5,4844842,835862324,3885,1.0,163.69872055756497
20240312,176.0,179.0,173.5,178.0,5549386,981045259,7360,6.5,169.90304524342022
20240313,179.0,182.0,173.5,175.0,5139586,912067214,11512,-3.0,167.03951077302548
20240314,176.5,178.0,172.5,173.5,2314603,404381820,4259,-1.5,165.60774353782813
20240315,173.0,175.5,171.5,173.0,1907014,330078714,3719,-0.5,165.13048779276235
20240318,174.5,175.5,171.5,175.5,1918607,333363056,3224,2.5,167.5167665180913
20240319,174.5,181.0,172.5,173.5,3472664,613068071,17619,-2.0,165.60774353782813
20240320,173.5,173.5,169.0,172.0,3041278,520464917,9228,-1.5,164.17597630263074
20240321,173.0,178.5,169.5,177.0,3788328,663739769,7423,5.0,168.94853375328861
20240322,175.5,184.5,175.5,184.0,5321921,965702270,7594,7.0,175.63011418420965
20240325,186.5,187.0,178.0,178.0,3420470,621088577,6741,-6.0,169.90304524342022
20240326,181.5,184.0,174.5,176.5,3541490,634846956,7840,-1.5,168.47127800822284
20240327,176.0,176.5,173.0,174.5,1744156,303770170,5857,-2.0,166.56225502795968
20240328,174.5,174.5,167.5,168.0,3852799,654537935,4592,-6.5,160.35793034210448
20240329,170.5,171.5,168.5,169.5,1863567,316321288,1769,1.5,161.78969757730184
20240401,171.0,173.5,166.0,171.0,4195997,716181043,3855,1.5,163.2214648124992
20240402,171.5,173.0,170.5,172.5,1280299,220126723,2549,1.5,164.65323204769655
20240403,171.5,173.5,169.5,173.5,890002,153325369,1371,1.0,165.60774353782813
20240408,175.5,177.0,167.5,167.5,4536353,777511880,4128,-6.0,159.88067459703868
20240409,168.5,170.0,166.5,168.0,1071388,180275460,1072,0.5,160.35793034210448
20240410,168.5,169.0,164.0,165.0,2184412,362131395,1928,-3.0,157.49439587170974
20240411,165.5,165.5,161.5,163.5,2094226,341470510,1891,-1.5,156.0626286365124
20240412,164.0,165.0,160.0,161.0,2438659,394978043,2394,-2.5,153.67634991118345
20240415,161.0,164.0,159.0,159.5,1732312,279183754,1550,-1.5,152.2445826759861
20240416,158.5,158.5,152.0,152.0,2127335,328191133,2042,-7.5,145.0857464999993
20240417,152.5,154.0,150.5,151.5,2860561,434656377,2601,-0.5,144.6084907549335
20240418,151.5,157.0,151.5,152.5,1908377,294078617,1704,1.0,145.56300224506506
20240419,152.0,155.0,142.0,147.0,3007741,444149784,2454,-5.5,140.31318904934142
20240422,147.0,147.5,140.0,142.5,2277262,325079235,1666,-4.5,136.01788734374932
20240423,145.0,147.5,144.5,146.0,1196348,174415037,1172,3.5,139.35867755920984
20240424,149.5,150.0,148.0,149.5,1242550,185250557,1140,3.5,142.69946777467035
20240425,148.5,148.5,144.5,145.0,824060,120474571,873,-4.5,138.40416606907826
20240426,145.0,146.0,142.0,143.0,2126005,304477460,1924,-2.0,136.49514308881513
20240429,145.0,153.0,143.5,151.0,2372487,355138374,2110,8.0,144.1312350098677
20240430,150.0,158.0,149.5,154.5,4149040,645238373,3310,3.5,147.47202522532822
20240502,153.5,153.5,147.0,148.5,2748443,408570539,2657,-6.0,141.74495628453877
20240503,151.0,153.5,146.0,146.0,2291733,340705450,1914,-2.5,139.35867755920984
20240506,147.0,150.0,147.0,149.5,1649748,245342346,1214,3.5,142.69946777467035
20240507,149.5,152.5,144.0,144.5,2478156,362458380,2081,-5.0,137.92691032401248
20240508,145.5,147.0,142.5,143.5,2461793,356169125,1892,-1.0,136.9723988338809
20240509,145.0,145.0,139.0,139.5,3309034,465875377,2594,-4.0,133.1543528733546
20240510,141.5,142.5,135.5,135.5,2874949,393104493,2436,-4.0,129.33630691282832
20240513,136.0,139.0,134.0,137.5,1836957,251860226,1480,2.0,131.24532989309148
20240514,137.5,142.5,137.0,140.0,3302337,465395328,2026,2.5,133.6316086184204
20240515,142.0,145.5,142.0,143.5,2581858,372915626,2013,3.5,136.9723988338809
20240516,144.5,147.0,143.0,145.0,1682791,244558366,1386,1.5,138.40416606907826
20240517,145.0,145.0,143.0,144.0,1634993,235499049,1191,-1.0,137.4496545789467
20240520,144.5,146.5,140.0,140.5,2048556,290700366,2016,-3.5,134.1088643634862
20240521,140.5,142.0,139.5,141.0,1757380,248040032,1238,0.5,134.58612010855197
20240522,141.0,148.5,140.5,148.0,2321914,340188724,2016,7.0,141.267700539473
20240523,146.5,149.0,145.0,145.0,1808090,264607438,1505,-3.0,138.40416606907826
20240524,144.0,145.0,142.0,143.5,1278508,183796357,1172,-1.5,136.9723988338809
20240527,147.5,149.5,145.5,148.5,1905716,281963823,1563,5.0,141.74495628453877
20240528,150.0,152.5,148.0,150.5,2598770,391908220,2482,2.0,143.6539792648019
20240529,150.5,151.5,148.5,148.5,1152972,172092101,1113,-2.0,141.74495628453877
20240530,146.5,146.5,144.0,144.0,1470366,213487475,1459,-4.5,137.4496545789467
20240531,143.0,144.5,141.5,141.5,1356196,193100952,1233,-2.5,135.06337585361777
20240603,143.0,144.0,141.0,142.0,2116657,302088815,1650,0.5,135.54063159868355
20240604,144.0,149.0,143.0,143.5,3495582,510887748,3151,1.5,136.9723988338809
20240605,144.0,146.5,141.0,144.5,1603219,230402779,1493,1.0,137.92691032401248
20240606,146.0,151.0,145.0,145.5,2448052,360428403,1787,1.0,138.88142181414406
20240607,147.5,147.5,140.5,140.5,3149468,447197274,3560,-5.0,134.1088643634862
20240611,140.5,141.5,138.5,140.0,1341976,188391808,1126,-0.5,133.6316086184204
20240612,140.0,141.5,138.0,139.5,1031671,143849235,1109,-0.5,133.1543528733546
20240613,142.5,153.0,142.0,153.0,6802645,1021135029,5024,13.5,146.04025799013084
20240614,158.0,163.0,154.0,158.5,16589775,2634599779,11932,5.5,151.29007118585452
20240617,158.0,167.0,157.5,162.5,10241300,1674162903,8540,4.0,155.1081171463808
20240618,165.0,166.5,161.0,161.5,4887059,797539378,4382,-1.0,154.15360565624925
20240619,163.0,167.5,163.0,164.0,8820361,1457474700,7335,2.5,156.5398843815782
20240620,166.5,167.5,163.0,164.0,4404793,726930433,3575,0.0,156.5398843815782
20240621,163.5,176.0,160.5,172.5,10120401,1727861068,7534,8.5,164.65323204769655
20240624,170.0,175.0,163.0,172.5,7576165,1280842572,6098,0.0,166.78028495729686
20240625,170.5,172.0,162.0,162.0,6964760,1145143309,6016,-10.5,156.62844152511357
20240626,164.0,169.5,157.0,158.0,9608523,1557537253,7921,-4.0,152.76107259856758
20240627,158.5,159.5,156.0,157.5,2504873,395822296,2587,-0.5,152.27765148274932
20240628,163.5,167.0,159.5,165.0,12418205,2026544818,8550,7.5,159.52896822002307
20240701,166.5,167.0,160.0,160.0,4745994,775204555,4928,-5.0,154.69475706184056
20240702,161.5,162.5,159.0,159.0,1962263,314733139,1806,-1.0,153.72791483020407
20240703,162.0,174.0,161.0,174.0,12095864,2049921026,9013,15.0,168.2305483047516
20240704,178.0,179.5,172.5,175.5,10152144,1785542311,12283,1.5,169.68081165220636
20240705,179.0,192.5,177.5,188.0,14407703,2677180626,14064,12.5,181.76633954766265
20240708,186.0,190.5,176.5,187.0,7014045,1298941320,21980,-1.0,180.79949731602616
20240709,185.5,193.5,181.0,184.0,8372608,1561406832,21693,-3.0,177.89897062111666
20240710,184.5,190.5,181.0,185.5,4347664,809582516,8881,1.5,179.3492339685714
20240711,186.5,198.5,184.5,195.0,7437616,1434939359,16386,9.5,188.5342351691182
20240712,189.0,190.5,177.0,179.5,9564461,1739483618,19956,-15.5,173.5481805787524
20240715,183.5,189.0,182.5,186.0,7258071,1347637809,6053,6.5,179.83265508438964
20240716,186.5,190.0,181.0,184.0,5108528,943589336,21274,-2.0,177.89897062111666
20240717,184.5,185.5,181.5,184.0,3246295,595309353,2877,0.0,177.89897062111666
20240718,178.0,180.0,171.0,173.0,8875291,1546230248,7385,-11.0,167.26370607311512
20240719,174.0,174.0,165.5,167.0,6579352,1107167904,9985,-6.0,161.4626526832961
20240722,167.0,168.0,162.0,167.0,3657754,606347372,4670,0.0,161.4626526832961
20240723,168.0,169.0,162.5,163.0,4917917,809294765,4083,-4.0,157.59528375675006
20240726,156.0,160.5,151.0,159.0,5304661,826737910,4162,-4.0,153.72791483020407
20240729,161.5,163.5,154.0,155.0,3034854,479384462,2499,-4.0,149.86054590365802
20240730,155.0,160.0,151.0,158.5,2555425,397564023,2266,3.5,153.2444937143858
20240731,151.0,157.5,150.0,150.0,4929176,749953770,4377,-8.5,145.02633474547554
20240801,152.5,154.5,150.0,152.5,3884168,588038352,2910,2.5,147.44344032456678
20240802,146.5,148.5,140.0,140.0,4084843,588163395,3681,-12.5,135.35791242911048
20240805,130.0,132.0,126.0,126.0,3186355,403793830,2554,-14.0,121.82212118619945
20240806,127.5,128.0,113.5,123.5,8664719,1039528240,5379,-2.5,119.40501560710818
20240807,124.5,135.0,124.0,132.0,4872015,641281199,3386,8.5,127.62317457601846
20240808,127.5,130.5,124.5,128.5,2394182,307135259,1925,-3.5,124.2392267652907
20240809,133.0,136.5,130.5,132.0,4360533,583096746,2830,3.5,127.62317457601846
20240812,132.0,135.5,130.5,135.0,2935130,392031679,2608,3.0,130.52370127092797
20240813,134.5,135.0,132.0,133.0,1182708,157901697,1469,-2.0,128.590016807655
20240814,135.5,137.5,132.0,132.0,2084941,279102061,1780,-1.0,127.62317457601846
20240815,133.0,135.0,131.0,134.0,1410717,188293046,1247,2.0,129.55685903929148
20240816,137.0,144.5,135.0,142.5,5927201,839924502,4207,8.5,137.77501800820176
20240819,143.0,144.0,141.0,142.0,1608478,228898782,2420,-0.5,137.2915968923835
20240820,143.5,143.5,140.0,140.0,1750747,247458125,1693,-2.0,135.35791242911048
20240821,140.0,140.0,134.0,135.0,3285045,446370777,2841,-5.0,130.52370127092797
20240822,135.5,137.0,134.0,135.0,1448264,196300728,1277,0.0,130.52370127092797
20240823,134.0,135.5,131.0,135.0,1413366,188472676,1209,0.0,130.52370127092797
20240826,138.0,138.5,133.0,133.5,1971083,266805864,1565,-1.5,129.07343792347322
20240827,134.0,134.0,131.5,133.5,2062039,273418523,1281,0.0,129.07343792347322
20240828,134.5,137.0,133.0,134.0,1620561,218367235,1290,0.5,129.55685903929148
20240829,132.0,144.5,132.0,141.5,5536582,780145832,4363,7.5,136.80817577656524
20240830,145.0,145.5,140.5,142.0,7124630,1020249685,5347,0.5,137.2915968923835
20240902,145.0,154.5,145.0,150.0,12064306,1815945468,8992,8.0,145.02633474547554
20240903,153.0,153.5,145.0,146.5,7162327,1063880935,7361,-3.5,141.64238693474778
20240904,134.5,141.0,132.0,136.0,9523144,1308039052,7578,-10.5,131.4905435025645
20240905,137.5,140.0,135.0,135.5,4369289,599890504,4071,-0.5,131.00712238674623
20240906,137.0,143.5,136.5,142.5,4044370,570826556,3475,7.0,137.77501800820176
20240909,137.5,143.5,137.5,143.0,3354201,471725154,2860,0.5,138.25843912402
20240910,145.0,146.0,133.0,134.0,5243239,723633939,4678,-9.0,129.55685903929148
20240911,135.0,139.5,134.0,134.0,3266478,447221104,2552,0.0,129.55685903929148
20240912,138.5,140.0,136.5,136.5,2991596,411402419,2723,2.5,131.97396461838272
20240913,137.0,139.0,135.0,137.5,2683427,367562531,1944,1.0,132.94080685001924
20240916,139.0,145.0,139.0,142.0,4678986,666664801,3805,4.5,137.2915968923835
20240918,142.0,142.0,136.5,137.0,3129047,434633519,2773,-5.0,132.45738573420098
20240919,138.0,145.0,137.5,143.0,4163023,593378048,3295,6.0,138.25843912402
20240920,145.5,146.0,140.5,143.5,4406292,629632713,3009,0.5,138.74186023983825
20240923,146.0,149.0,143.5,147.0,5581628,821440929,4025,3.5,142.12580805056604
20240924,146.5,161.5,146.0,161.5,16724368,2609289401,12325,14.5,156.1450204092953
20240925,167.0,176.0,164.0,171.5,25413380,4329005849,23299,10.0,165.81344272566037
20240926,172.0,173.0,165.5,168.5,14576562,2463280604,17626,-3.0,162.91291603075086
20240927,171.0,171.5,165.0,166.5,7384469,1238280258,10819,-2.0,160.97923156747783
20240930,165.5,171.0,164.0,166.0,10034305,1679232366,7991,-0.5,160.49581045165957
20241001,172.0,179.5,160.5,164.0,29053213,4950092182,21961,-2.0,158.56212598838658
20241004,162.5,163.0,155.5,158.5,7816890,1242111497,6488,-5.5,153.2444937143858
20241007,160.0,160.0,152.0,154.0,9185054,1420653894,7881,-4.5,148.89370367202153
20241008,154.5,161.0,152.0,160.0,7477737,1173442668,5716,6.0,154.69475706184056
20241009,159.5,161.5,154.0,154.5,4438806,696750106,4298,-5.5,149.3771247878398
20241011,155.5,159.0,154.0,156.0,3257859,508976076,2517,1.5,150.82738813529457
20241014,158.0,161.5,156.5,160.5,4633396,737469701,3578,4.5,155.17817817765882
20241015,163.0,173.0,161.5,167.5,19703493,3324974527,15475,7.0,161.94607379911434
20241016,164.5,169.5,159.5,160.5,11365155,1867170717,19939,-7.0,155.17817817765882
20241017,161.5,168.0,160.5,165.5,8187616,1350865712,6991,5.0,160.01238933584133
20241018,165.0,166.0,161.0,163.0,4072708,664927907,3829,-2.5,157.59528375675006
20241021,163.5,164.5,161.0,164.5,2562118,417536669,2304,1.5,159.04554710420481
20241022,163.5,165.0,161.5,165.0,2320646,378580278,2101,0.5,159.52896822002307
20241023,163.5,166.0,161.0,161.0,3352386,545010133,3219,-4.0,155.66159929347708
20241024,161.5,162.5,153.5,155.0,5992495,936428314,5341,-6.0,149.86054590365802
20241025,151.0,153.0,143.5,146.0,11470388,1690722673,9179,-9.0,141.15896581892952
20241028,146.0,146.5,140.0,141.0,5968296,848914563,5004,-5.0,136.324754660747
20241029,142.0,145.5,135.5,137.5,10276607,1434350386,7206,-3.5,132.94080685001924
20241030,140.0,143.5,136.5,141.0,4527895,635426246,3536,3.5,136.324754660747
20241101,138.0,143.0,138.0,143.0,2962590,418831976,2516,2.0,138.25843912402
20241104,142.0,143.5,140.0,142.0,2474326,350982967,2047,-1.0,137.2915968923835
20241105,140.0,142.5,139.5,140.5,1656311,233516351,1458,-1.5,135.84133354492874
20241106,141.0,144.0,140.5,143.5,2375115,339376744,1959,3.0,138.74186023983825
20241107,142.0,147.5,142.0,145.5,2544634,369904060,2150,2.0,140.67554470311129
20241108,149.0,149.5,139.0,139.5,3347110,478789290,2889,-6.0,134.87449131329225
20241111,140.5,152.5,138.5,150.0,7345129,1088800976,5818,10.5,145.02633474547554
20241112,148.0,154.0,146.0,146.0,9888246,1486686589,9305,-4.0,141.15896581892952
20241113,147.5,159.5,147.0,156.5,14062324,2192383394,10538,10.5,151.31080925111283
20241114,158.5,160.0,150.5,151.0,9741148,1505211414,8637,-5.5,145.99317697711203
20241115,152.0,154.5,149.5,150.5,3745223,568521420,3254,-0.5,145.50975586129377
20241118,149.0,150.0,142.5,144.5,4016861,584100063,3393,-6.0,139.70870247147477
20241119,144.0,154.0,142.5,153.0,4714801,707158451,4144,8.5,147.92686144038504
20241120,153.0,156.0,150.0,155.5,5067465,779257383,5180,2.5,150.3439670194763
20241121,154.5,163.0,154.0,161.0,8403108,1345062155,6824,5.5,155.66159929347708
20241122,163.0,165.0,161.0,162.0,6255934,1018391597,8180,1.0,156.62844152511357
20241125,162.5,170.0,162.5,168.0,8421919,1411205294,7171,6.0,162.4294949149326
20241126,166.0,168.0,164.0,165.0,4426391,732522990,4917,-3.0,159.52896822002307
20241127,165.0,167.0,163.0,163.0,5237278,861079003,4579,-2.0,157.59528375675006
20241128,163.0,167.0,156.0,162.5,8259166,1335696672,6136,-0.5,157.11186264093183
20241129,160.0,170.0,159.0,170.0,7720778,1287281560,6362,7.5,164.36317937820561
20241202,173.0,179.0,168.5,173.5,14110589,2467426931,13588,3.5,167.74712718893335
20241203,175.0,177.0,166.0,168.0,9528827,1622106175,19981,-5.5,162.4294949149326
20241204,168.5,171.5,167.0,169.5,6802741,1151242526,7447,1.5,163.87975826238736
20241205,170.5,170.5,164.0,164.0,4791983,794590369,4512,-5.5,158.56212598838658
20241206,166.0,170.0,165.0,167.0,4428953,743808179,3574,3.0,161.4626526832961
20241209,166.0,170.0,164.0,167.5,3558323,596570938,2733,0.5,161.94607379911434
20241210,168.5,169.5,164.0,165.5,3308309,550691043,2472,-2.0,160.01238933584133
20241211,165.5,166.5,162.0,162.5,2906618,477038711,3353,-3.0,157.11186264093183
20241212,165.0,166.0,162.0,164.5,3910638,642179491,2946,2.0,159.04554710420481
20241213,164.0,166.0,159.0,161.0,5620676,907563855,5527,-3.5,155.66159929347708
20241216,166.0,171.5,164.0,166.5,10259118,1720772096,8463,5.5,160.97923156747783
20241217,168.0,178.0,167.0,175.0,13386931,2325375737,10420,8.5,169.19739053638813
20241218,172.5,173.5,167.0,171.0,7310395,1242724729,7561,-4.0,165.3300216098421
20241219,166.0,169.0,164.0,168.0,6704390,1114346477,6400,-3.0,162.4294949149326
20241220,172.5,179.0,165.5,168.0,15017016,2600291874,11198,0.0,162.4294949149326
20241223,170.0,170.5,165.0,169.0,4622933,772251787,11571,1.0,163.3963371465691
20241224,168.5,172.5,162.5,162.5,5415769,901679597,4596,-6.5,157.11186264093183
20241225,164.0,172.5,163.5,171.0,7585026,1286180618,7628,8.5,165.3300216098421
20241226,171.0,171.5,166.5,168.5,4701561,792619015,10194,-2.5,162.91291603075086
20241227,169.0,173.0,167.0,169.5,3847276,653399064,3917,1.0,163.87975826238736
20241230,169.5,170.5,164.5,164.5,3145207,524388288,6551,-5.0,159.04554710420481
20241231,163.5,166.5,163.0,166.5,2814018,463261680,2564,2.0,160.97923156747783
20250102,166.0,166.5,157.5,157.5,5859453,941708280,5583,-9.0,152.27765148274932
20250103,160.0,166.0,157.5,158.5,6578907,1057999125,5516,1.0,153.2444937143858
20250106,162.0,164.0,158.5,159.5,3753387,603195129,4602,1.0,154.21133594602233
20250107,161.5,171.0,161.5,166.5,8336821,1390616461,7510,7.0,160.97923156747783
20250108,165.0,168.5,164.5,167.0,3381279,563885082,4620,0.5,161.4626526832961
20250109,167.5,168.5,162.5,163.5,3876910,638252981,3110,-3.5,158.07870487256832
20250110,163.5,168.0,162.0,167.5,5331614,882459913,4652,4.0,161.94607379911434
20250113,165.5,165.5,152.5,155.0,8694830,1370713703,7594,-12.5,149.86054590365802
20250114,156.0,158.0,155.0,157.5,2435734,381464930,2799,2.5,152.27765148274932
20250115,157.5,160.5,156.0,157.0,2708887,426692586,2375,-0.5,151.79423036693106
20250116,161.0,170.5,160.5,166.5,9466537,1571325389,7607,9.5,160.97923156747783
20250117,166.0,169.0,163.5,165.0,5322784,885591616,8798,-1.5,159.52896822002307
20250120,165.5,166.5,161.5,161.5,3764839,615299048,7151,-3.5,156.1450204092953
20250121,162.5,166.0,161.5,162.0,4029787,657490456,3275,0.5,156.62844152511357
20250122,164.5,168.0,162.0,164.0,5640976,931467624,5084,2.0,158.56212598838658
20250203,154.0,162.0,154.0,154.5,6252667,976982041,5558,-9.5,149.3771247878398
20250204,155.5,156.0,146.0,152.5,7404613,1118454153,6316,-2.0,147.44344032456678
20250205,152.5,156.0,152.0,155.0,2192705,338818479,2779,2.5,149.86054590365802
20250206,157.0,162.0,157.0,160.0,5873207,938493789,4566,5.0,154.69475706184056
20250207,160.5,167.0,158.0,166.5,6783716,1107941088,5009,6.5,160.97923156747783
20250210,164.5,165.0,160.5,161.5,2960406,480313269,2573,-5.0,156.1450204092953
20250211,163.0,165.0,158.5,159.0,4047580,649372899,3104,-2.5,153.72791483020407
20250212,161.0,162.5,155.5,157.0,2836810,448416687,2722,-2.0,151.79423036693106
20250213,158.0,160.0,155.5,156.5,3813179,600581746,3043,-0.5,151.31080925111283
20250214,165.5,168.5,155.5,156.5,19966119,3218001110,13896,0.0,151.31080925111283
20250217,158.0,160.0,155.5,157.0,6481351,1019749039,7807,0.5,151.79423036693106
20250218,158.0,161.0,157.0,158.0,3763374,597508985,3004,1.0,152.76107259856758
20250219,158.5,162.0,158.0,158.5,4038661,643953251,3039,0.5,153.2444937143858
20250220,159.0,160.0,154.5,155.0,4127798,643030004,3898,-3.5,149.86054590365802
20250221,154.5,155.5,152.5,154.5,2831699,436420394,2379,-0.5,149.3771247878398
20250224,153.0,154.0,150.0,150.0,5659881,854413591,5385,-4.5,145.02633474547554
20250225,149.5,150.0,145.0,146.0,6244179,914991216,6024,-4.0,141.15896581892952
20250226,146.0,148.5,144.5,148.0,2802724,412340522,2407,2.0,143.09265028220253
20250227,148.5,149.5,144.0,144.0,3139945,457301047,3070,-4.0,139.22528135565653
20250303,143.0,143.5,139.0,139.5,3895397,548773220,3419,-4.5,134.87449131329225
20250304,137.0,142.5,135.0,142.5,2731527,380283233,2366,3.0,137.77501800820176
20250305,142.0,143.0,137.0,141.5,4436796,620912099,3943,-1.0,136.80817577656524
20250306,142.5,143.0,137.0,138.5,5556394,772186026,4516,-3.0,133.90764908165573
20250307,138.5,140.0,134.5,134.5,4661215,634264515,4128,-4.0,130.04028015510974
20250310,135.5,137.0,134.5,135.5,3682756,499249952,2624,1.0,131.00712238674623
20250311,132.0,132.0,127.0,128.0,7518796,969562773,5485,-7.5,123.75580564947245
20250312,129.0,133.5,128.5,131.5,3207342,421802092,3086,3.5,127.13975346020023
20250313,133.5,133.5,125.5,126.5,4434097,569177581,4069,-5.0,122.3055423020177
20250314,127.5,129.5,125.0,129.5,3573607,455765232,2640,3.0,125.20606899692721
20250317,131.5,133.5,128.5,130.5,5522363,724455108,4911,1.0,126.17291122856372
20250318,133.0,135.5,131.5,134.5,3454298,462770129,2966,4.0,130.04028015510974
20250319,134.0,134.5,129.0,129.5,2223901,291818517,2422,-5.0,125.20606899692721
20250320,132.0,134.0,131.5,131.5,1861894,246269567,1581,2.0,127.13975346020023
20250321,134.5,139.5,134.0,139.5,10418192,1428517027,7609,8.0,134.87449131329225
20250324,143.0,145.0,135.0,135.0,9939471,1395139873,9609,-4.5,130.52370127092797
20250325,137.0,139.0,132.0,132.0,4384156,589151002,3633,-3.0,127.62317457601846
20250326,134.0,134.5,131.0,131.5,2648967,350749245,2142,-0.5,127.13975346020023
20250327,130.0,133.0,129.0,130.5,1630764,213165676,1677,-1.0,126.17291122856372
20250328,130.0,130.0,124.0,126.0,3296625,417135488,3242,-4.5,121.82212118619945
20250331,118.0,121.5,113.5,113.5,6628083,768221774,5220,-12.5,109.73659329074316
20250401,115.0,118.5,113.0,118.5,2910606,339186767,2376,5.0,114.57080444892567
20250402,115.5,116.0,113.5,115.5,5532132,635972624,3410,-3.0,111.67027775401615
20250407,104.0,104.0,104.0,104.0,168523,17526392,321,-11.5,100.55159209019637
20250408,93.6,93.6,93.6,93.6,910968,85267084,974,-10.4,90.49643288117673
20250409,84.3,86.5,84.3,84.3,7104882,600804181,3851,-9.3,81.50480012695724
20250410,92.7,92.7,88.1,92.7,5691045,524290470,3376,8.4,89.62627487270387
20250411,83.5,90.0,83.5,88.2,14151120,1230043072,10376,-4.5,85.27548483033962
20250414,97.0,97.0,94.6,97.0,10998664,1063311942,5847,8.8,93.78369646874084
20250415,99.0,99.3,93.4,98.2,21384503,2067238425,15193,1.2,94.94390714670465
20250416,97.9,99.2,94.5,94.5,7561869,732215800,6052,-3.7,91.36659088964957
20250417,94.2,96.0,93.1,95.5,5259544,498052608,4402,1.0,92.33343312128609
20250418,95.2,96.2,93.2,93.7,3025895,285509289,2575,-1.8,90.5931171043404
20250421,93.5,94.7,90.1,90.7,3479746,318745201,2871,-3.0,87.69259040943088
20250422,88.8,91.0,87.1,88.7,3833065,342140818,2976,-2.0,85.75890594615787
20250423,91.9,93.4,91.2,93.4,5529570,510617199,4008,4.7,90.30306443484945
20250424,93.4,93.5,91.8,92.4,2623020,242567509,2130,-1.0,89.33622220321293
20250425,94.3,95.6,93.5,95.4,4483598,425586688,3861,3.0,92.23674889812244
20250428,96.1,100.5,95.8,98.6,8579859,849683770,8417,3.2,95.33064403935924
20250429,96.7,99.9,96.2,99.9,6047218,592670158,5227,1.3,96.58753894048671
20250430,100.5,104.0,98.3,99.5,6571266,663689379,5783,-0.4,96.2008020478321
20250502,101.0,102.0,99.5,99.7,2955594,296671817,2406,0.2,96.39417049415941
20250505,100.0,101.0,92.9,96.2,4405061,423026840,3420,-3.5,93.01022268343165
20250506,94.8,96.7,94.6,95.7,2445379,234541161,1901,-0.5,92.52680156761339
20250507,95.3,98.7,93.8,97.7,4426187,428333807,3629,2.0,94.4604860308864
20250508,98.7,99.6,97.3,97.5,2309060,226868249,2447,-0.2,94.2671175845591
20250509,98.5,105.0,98.3,102.5,6560921,666829466,5241,5.0,99.10132874274161
20250512,102.5,106.5,102.0,105.0,4213869,439263861,3492,2.5,101.51843432183287
20250513,108.5,112.5,104.5,106.0,10528956,1140374835,6480,1.0,102.48527655346938
20250514,107.5,109.0,107.0,109.0,4142018,448129114,4154,3.0,105.38580324837889
20250515,109.0,112.5,108.0,111.5,5268190,582321781,3288,2.5,107.80290882747013
20250516,110.5,111.0,108.0,108.0,3070056,334406705,2335,-3.5,104.41896101674239
20250519,108.0,111.5,105.0,105.5,2687106,289317274,2045,-2.5,102.00185543765112
20250520,107.0,108.0,103.0,104.5,1620143,169720915,1444,-1.0,101.03501320601461
20250521,105.0,110.0,104.5,108.0,3631314,391084595,2538,3.5,104.41896101674239
20250522,108.0,108.0,104.5,105.0,2929369,310064982,2302,-3.0,101.51843432183287
20250523,106.0,107.0,105.0,105.0,1344813,142106260,1223,0.0,101.51843432183287
20250526,105.0,106.5,104.5,105.0,1036397,108995463,953,0.0,101.51843432183287
20250527,105.0,106.0,102.5,103.0,1312706,136488918,1140,-2.0,99.58474985855986
20250528,105.0,106.5,102.0,103.0,1380449,143444868,1058,0.0,99.58474985855986
20250529,104.5,104.5,101.5,103.5,1130449,116594001,1137,0.5,100.06817097437812
20250602,102.0,102.0,97.0,97.5,2887593,284067786,2715,-6.0,94.2671175845591
20250603,99.0,99.8,97.2,97.6,1452641,142707053,1266,0.1,94.36380180772275
20250604,98.7,106.5,98.7,105.0,3690915,381731756,3207,7.4,101.51843432183287
20250605,103.5,105.0,101.5,102.0,1907264,196184404,1744,-3.0,98.61790762692337
20250606,102.0,103.5,101.0,101.5,738261,75044594,895,-0.5,98.13448651110511
20250609,103.5,110.5,103.0,108.5,7103580,761851299,5105,7.0,104.90238213256063
20250610,109.5,111.0,106.0,110.5,7136747,778875819,5368,2.0,106.83606659583364
20250611,111.0,121.5,110.5,119.0,13835054,1612258560,9709,8.5,115.05422556474393
20250612,119.0,126.0,118.5,122.5,16703746,2046416704,11133,3.5,118.43817337547168
20250613,121.0,124.5,120.0,121.5,7434864,906568571,4856,-1.0,117.47133114383517
20250616,120.0,124.5,119.0,122.5,6082782,745904546,4506,1.0,118.43817337547168
20250617,124.5,127.0,121.0,121.5,6278926,776486628,4956,-1.0,117.47133114383517
20250618,122.0,125.5,121.0,122.0,4435012,545593156,3398,0.5,117.95475225965343
20250619,123.0,123.5,120.0,121.0,2800158,339960927,2425,-1.0,116.98791002801693
20250620,119.5,120.0,114.5,114.5,2320364,269453660,2242,0.0,113.72766094546975
20250623,114.0,121.0,111.5,117.0,4539471,532633034,3333,2.5,116.21079764733591
20250624,120.0,128.5,119.5,125.5,13059118,1631919354,9787,8.5,124.65346243368082
20250625,127.0,131.5,125.0,129.5,13558414,1739957713,10476,4.0,128.62648115666667
20250626,130.0,133.5,127.0,129.0,13189928,1726207968,10201,-0.5,128.12985381629343
20250627,130.0,130.5,126.5,130.0,6701698,860810963,6134,1.0,129.1231084970399
20250630,129.5,130.0,124.5,125.0,5808263,733033483,5793,-5.0,124.15683509330759
20250701,125.5,128.5,124.0,124.0,5680877,713766578,4684,-1.0,123.16358041256113
20250702,125.0,129.5,124.0,128.5,8285492,1061015717,6132,4.5,127.63322647592021
20250703,128.5,132.0,128.0,130.0,8992450,1171543607,6321,1.5,129.1231084970399
20250704,131.0,132.0,127.0,127.5,6866463,885890586,4687,-2.5,126.63997179517374
20250707,127.5,127.5,123.0,125.0,3759572,469406017,2783,-2.5,124.15683509330759
20250708,124.0,127.5,122.5,127.5,4291375,539560131,3334,2.5,126.63997179517374
20250709,127.0,130.0,125.5,130.0,6345683,817981270,5142,2.5,129.1231084970399
20250710,130.0,132.0,128.5,130.0,5173321,674161390,3976,0.0,129.1231084970399
20250711,130.0,134.5,129.5,131.5,7219391,957124319,5886,1.5,130.6129905181596
20250714,130.5,131.0,126.0,126.5,3627518,463743689,4980,-5.0,125.64671711442728
20250715,132.5,139.0,131.0,139.0,20391125,2790145742,15018,12.5,138.06240062375804
20250716,140.5,141.5,134.0,134.5,18882511,2594427776,14876,-4.5,133.59275456039896
20250717,135.0,136.5,133.5,136.0,6151556,832045153,4610,1.5,135.08263658151867
20250718,136.5,138.0,135.0,136.0,3876234,528579797,3322,0.0,135.08263658151867
20250721,136.5,138.5,134.5,136.0,5311437,726141476,4046,0.0,135.08263658151867
20250722,136.0,136.5,130.0,130.5,5330069,705636232,4652,-5.5,129.61973583741312
20250723,133.0,134.0,131.5,132.5,3484218,462317158,2696,2.0,131.60624519890604
20250724,134.0,134.5,132.0,133.5,2301394,306690538,2095,1.0,132.5994998796525
20250725,136.0,146.5,133.5,146.5,34853530,4975552758,25612,13.0,145.51181072935648
20250728,150.0,150.5,145.0,147.5,29451887,4358676319,21627,1.0,146.50506541010296
20250729,150.5,153.0,145.5,146.0,24191180,3619306160,15788,-1.5,145.01518338898327
20250730,146.0,147.0,142.5,145.0,9035270,1304594514,7012,-1.0,144.0219287082368
20250731,146.0,148.0,144.5,145.0,8052614,1175466978,8553,0.0,144.0219287082368
20250801,143.0,150.0,142.0,149.5,7704923,1135697249,5946,4.5,148.49157477159588
20250804,146.0,148.5,145.0,147.0,3608322,528983897,3126,-2.5,146.00843806972972
20250805,148.0,150.0,144.0,145.0,4741343,694297720,4197,-2.0,144.0219287082368
20250806,146.0,149.0,144.5,147.0,5068445,746331151,3802,2.0,146.00843806972972
20250807,148.5,149.0,145.5,146.0,5036858,740141186,4129,-1.0,145.01518338898327
20250808,146.5,147.0,142.0,146.0,9175639,1324102364,5710,0.0,145.01518338898327
20250811,146.5,149.5,145.5,148.5,4305068,638264434,3728,2.5,147.4983200908494
20250812,151.5,152.5,146.0,147.0,6571941,978925029,5761,-1.5,146.00843806972972
20250813,148.0,149.0,143.5,146.5,3830460,561350955,3778,-0.5,145.51181072935648
20250814,147.0,151.0,146.5,151.0,6049281,904710358,5103,4.5,149.98145679271556
20250815,155.0,155.5,147.0,150.5,13015416,1967758894,9503,-0.5,149.48482945234235
20250818,150.5,153.0,148.5,148.5,3951947,591712819,3995,-2.0,147.4983200908494
20250819,149.5,152.0,146.0,148.5,5114549,764123290,4206,0.0,147.4983200908494
20250820,147.0,147.0,135.5,136.5,13007150,1810390821,10376,-12.0,135.57926392189188
20250821,137.0,142.5,136.5,142.0,4613416,647777042,4787,5.5,141.04216466599743
20250822,143.5,145.0,141.0,142.5,4212178,601585423,4235,0.5,141.53879200637064
20250825,145.0,149.0,145.0,147.0,4682928,688043537,4775,4.5,146.00843806972972
20250826,149.0,155.0,148.5,155.0,12030848,1843723991,9808,8.0,153.9544755157014
20250827,158.5,160.0,157.0,158.0,9264395,1468887609,7010,3.0,156.9342395579408
20250828,157.0,158.5,153.5,153.5,4277820,665286175,6628,-4.5,152.46459349458172
20250829,157.0,159.0,155.5,156.5,4195601,659434590,3853,3.0,155.44435753682112
20250901,158.0,158.0,152.0,157.0,6223429,969785226,5623,0.5,155.94098487719432
20250902,157.5,157.5,148.0,153.0,4872703,740216552,6829,-4.0,151.96796615420848
20250903,151.5,155.0,151.5,154.0,2495621,382911632,2855,1.0,152.96122083495496
20250904,155.0,157.0,153.0,153.0,3965214,616498325,3226,-1.0,151.96796615420848
20250905,154.0,158.0,153.0,154.5,3296926,514074042,3643,1.5,153.4578481753282
20250908,156.0,160.0,154.0,158.5,4370261,691679567,5534,4.0,157.43086689831404
20250909,160.0,162.0,158.0,160.0,5310850,846775458,5319,1.5,158.92074891943372
20250910,162.0,162.0,153.5,155.5,5696916,887020716,10105,-4.5,154.45110285607464
20250911,155.0,157.0,151.5,153.5,7360240,1137958245,4246,-2.0,152.46459349458172
20250912,154.0,155.5,151.0,154.5,2972265,456319956,2696,1.0,153.4578481753282
20250915,154.5,154.5,150.0,150.5,3759215,569220330,4203,-4.0,149.48482945234235
20250916,151.5,158.0,151.0,157.5,4920997,765437084,4489,7.0,156.43761221756756
20250917,157.5,161.0,157.0,160.5,4998780,797840749,4522,3.0,159.41737625980696
20250918,162.0,170.0,161.0,164.5,15258517,2536275533,19284,4.0,163.3903949827928
20250919,167.5,169.5,164.0,165.0,7206908,1198634939,5889,0.5,163.887022323166
20250922,165.5,168.5,164.5,167.5,4537334,755321314,6728,2.5,166.37015902503217
20250923,167.0,167.5,159.5,160.0,6456323,1040962835,10484,-7.5,158.92074891943372
20250924,161.5,161.5,158.0,158.5,2879595,458169028,2785,-1.5,157.43086689831404
20250925,159.5,163.5,157.5,159.5,2882054,460570591,2510,1.0,158.42412157906048
20250926,159.0,159.0,152.0,154.0,4196915,645271359,3061,-5.5,152.96122083495496
20250930,159.0,161.0,157.0,161.0,2434713,388727290,2199,7.0,159.91400360018017
20251001,162.5,163.0,160.0,161.0,1730439,279248808,1739,0.0,159.91400360018017
20251002,164.0,164.0,160.5,160.5,2152916,348232189,1983,-0.5,159.41737625980696
20251003,163.0,167.5,161.0,163.0,6106346,1003240551,4684,2.5,161.9005129616731
20251007,167.0,167.5,161.0,163.0,5383432,883760923,4589,0.0,161.9005129616731
20251008,163.5,167.0,161.0,163.5,7952460,1304298178,5343,0.5,162.39714030204632
20251009,166.5,167.0,160.5,160.5,6216006,1015391812,5094,-3.0,159.41737625980696
20251013,151.0,154.0,149.0,152.0,7840380,1183930511,6815,-8.5,150.97471147346204
20251014,154.0,155.0,148.0,148.0,4423288,667218877,3231,-4.0,147.0016927504762
20251015,149.5,151.0,144.5,146.0,6224925,911526609,4527,-2.0,145.01518338898327
20251016,146.0,150.0,144.0,146.5,6311550,925645732,4125,0.5,145.51181072935648
20251017,145.5,146.0,141.5,142.5,4946583,707793627,3655,-4.0,141.53879200637064
20251020,144.5,147.5,143.0,145.5,4502257,654597203,2714,3.0,144.51855604861004
20251021,147.5,151.5,147.0,150.0,4055560,608216335,2954,4.5,148.98820211196912
20251022,149.0,151.0,147.5,148.5,2074630,309209498,1943,-1.5,147.4983200908494
20251023,146.5,147.0,143.0,144.0,3030037,436970006,2530,-4.5,143.02867402749035
20251027,146.0,147.0,144.0,145.0,2867767,415670621,2199,1.0,144.0219287082368
20251028,146.0,151.0,142.5,149.0,3994943,590818261,3183,4.0,147.99494743122264
20251029,149.5,150.5,140.5,144.0,7536135,1087982232,6037,-5.0,143.02867402749035
20251030,145.5,145.5,141.5,142.0,3027042,432388150,2589,-2.0,141.04216466599743
20251031,148.0,149.5,137.0,138.5,11962802,1695325354,9151,-3.5,137.5657732833848
20251103,141.5,145.0,141.0,144.5,6000993,861254772,4679,6.0,143.52530136786356
20251104,145.0,148.5,142.0,147.5,6957041,1015329187,4379,3.0,146.50506541010296
20251105,144.5,147.0,141.5,147.0,3620370,523067301,4089,-0.5,146.00843806972972
20251106,150.5,157.5,145.5,157.0,11331383,1730676440,8275,10.0,155.94098487719432
20251107,153.5,158.0,149.0,156.0,8404259,1294532457,7310,-1.0,154.94773019644788
20251110,156.0,157.5,150.0,157.0,5048014,778050492,4177,1.0,155.94098487719432
20251111,157.0,157.5,152.0,152.0,3917350,603041791,3896,-5.0,150.97471147346204
20251112,153.0,154.0,149.0,149.0,2627864,395226448,2888,-3.0,147.99494743122264
20251113,149.0,157.0,149.0,156.5,4457547,683793622,3510,7.5,155.44435753682112
20251114,155.0,157.0,149.0,149.5,4805560,731492621,3988,-7.0,148.49157477159588
20251117,153.5,158.0,151.0,151.0,5162273,797280199,5425,1.5,149.98145679271556
20251118,149.0,150.5,143.0,143.0,5511471,802761783,4844,-8.0,142.03541934674388
20251119,142.5,145.5,140.0,140.0,3375521,478609554,3678,-3.0,139.0556553045045
20251120,144.5,147.5,141.5,145.0,4911332,709546626,3440,5.0,144.0219287082368
20251121,139.0,139.5,133.5,134.5,6519222,882848125,4968,-10.5,133.59275456039896
20251124,135.0,139.5,134.0,138.0,4508957,618983955,2797,3.5,137.0691459430116
20251125,141.0,144.5,138.0,138.5,7108185,995772336,4379,0.5,137.5657732833848
20251126,141.5,144.0,141.0,142.5,3787659,538866137,3440,4.0,141.53879200637064
20251127,144.0,144.5,138.0,138.0,4066265,571569308,3774,-4.5,137.0691459430116
20251128,139.5,146.0,137.0,142.5,5666956,812073577,4399,4.5,141.53879200637064
20251201,143.0,144.0,138.5,139.0,3168529,445612206,2808,-3.5,138.06240062375804
20251202,140.5,142.5,139.0,139.5,4004927,561812262,2941,0.5,138.55902796413127
20251203,141.0,141.5,139.0,139.5,2136687,298828717,1887,0.0,138.55902796413127
20251204,138.5,140.0,135.0,138.0,4980125,684141729,3753,-1.5,137.0691459430116
20251205,137.5,139.0,136.0,136.5,1782452,244322488,1746,-1.5,135.57926392189188
20251208,138.0,141.0,138.0,140.0,3459964,483349103,2583,3.5,139.0556553045045
20251209,141.5,146.0,140.0,141.0,5915760,844438477,4836,1.0,140.04890998525096
20251210,142.0,144.5,140.5,141.5,2773760,394360883,2401,0.5,140.5455373256242
20251211,143.0,144.5,141.0,141.0,3876422,553368630,3296,-0.5,140.04890998525096
20251212,142.0,143.5,138.0,139.0,4059599,569537594,2699,-2.0,138.06240062375804
20251215,136.0,137.0,134.0,135.5,4466575,604061745,3784,-3.5,134.58600924114543
20251216,135.0,135.5,129.5,131.5,3159520,416222700,3119,-4.0,130.6129905181596
20251217,133.5,135.5,132.5,133.0,1783061,238674864,1723,1.5,132.10287253927928
20251218,131.5,133.0,130.5,131.0,1304894,171546850,1249,-2.0,130.11636317778635
20251219,132.5,135.5,132.0,134.0,1555816,208314735,1389,3.0,133.09612722002575
20251222,135.5,147.0,135.5,147.0,8302587,1191819275,6281,13.0,146.00843806972972
20251223,149.0,155.0,146.0,153.0,14960602,2263803404,11041,6.0,151.96796615420848
20251224,152.0,156.0,151.0,154.5,8095427,1247457412,6525,1.5,153.4578481753282
20251226,154.0,158.0,153.5,156.5,5974083,933290986,4879,2.0,155.44435753682112
20251229,157.0,157.5,153.0,155.5,5273750,823031129,4892,-1.0,154.45110285607464
20251230,154.5,155.5,153.0,154.0,2838261,436776565,2522,-1.5,152.96122083495496
20251231,154.0,155.0,151.0,151.5,2276519,346943831,2164,-2.5,150.4780841330888
20260102,152.5,153.5,149.0,150.5,2357987,356302499,6621,-1.0,149.48482945234235
20260105,153.0,153.5,146.5,148.5,3812709,569556436,3633,-2.0,147.4983200908494
20260106,149.5,151.5,148.0,148.0,2153029,321806467,1958,-0.5,147.0016927504762
20260107,152.0,159.5,149.5,154.0,11797245,1839065952,8974,6.0,152.96122083495496
20260108,153.0,156.5,149.0,150.0,9419213,1436063208,6977,-4.0,148.98820211196912
20260109,149.5,151.5,142.0,147.5,11975948,1751730375,9413,-2.5,146.50506541010296
20260112,150.0,162.0,150.0,162.0,17579434,2810859462,12462,14.5,160.90725828092664
20260113,166.5,167.0,155.0,156.0,21940676,3528853239,16318,-6.0,154.94773019644788
20260114,158.0,163.0,157.0,160.0,9462773,1519676475,8182,4.0,158.92074891943372
20260115,159.5,170.0,159.5,168.5,18544219,3077336162,13228,8.5,167.36341370577864
20260116,170.0,174.0,162.5,170.5,19444453,3275526652,13840,2.0,169.34992306727156
20260119,172.0,172.0,163.0,168.0,15360617,2575000280,10944,-2.5,166.8667863654054
20260120,168.0,184.5,167.0,184.5,19312947,3468419771,12192,16.5,183.255488597722
20260121,185.0,196.0,174.5,176.5,44169051,8201557987,32478,-8.0,175.30945115175032
20260122,182.5,186.5,177.0,177.5,15027837,2719343402,12148,1.0,176.30270583249677
20260123,178.5,178.5,169.0,170.0,10969715,1885788929,13806,-7.5,168.85329572689832
20260126,170.5,171.5,165.0,168.0,7019591,1178139876,6712,-2.0,166.8667863654054
20260127,173.0,178.0,169.5,171.5,12245086,2114530050,10038,3.5,170.343177748018
20260128,174.5,186.0,171.5,173.5,24891706,4424110499,19323,2.0,172.32968710951093
20260129,174.0,174.5,168.0,171.0,8371255,1433455365,7214,-2.5,169.8465504076448
20260130,170.5,173.5,163.5,168.0,5968322,999420681,7061,-3.0,166.8667863654054
20260202,164.5,165.0,152.5,156.5,9748020,1541749386,8801,-11.5,155.44435753682112
20260203,162.0,172.0,160.0,172.0,15844334,2682670675,12557,15.5,170.83980508839124
20260204,172.5,184.5,172.5,181.5,29884025,5371000710,21844,9.5,180.2757245554826
20260205,179.0,184.0,170.5,170.5,18044379,3186829528,14420,-11.0,169.34992306727156
20260206,168.0,170.0,160.5,164.5,10834123,1776741736,7978,-6.0,163.3903949827928
20260209,173.0,176.5,167.5,173.0,11934930,2061542068,9577,8.5,171.83305976913772
20260210,177.0,190.0,174.5,190.0,29040545,5396238340,20746,17.0,188.71838934182753
20260211,194.0,194.0,177.5,180.0,37140160,6854635901,27551,-10.0,178.78584253436293
20260223,185.5,191.0,183.0,187.0,26196027,4890552442,20894,7.0,185.73862529958816
20260224,187.5,203.0,185.5,200.0,41199916,8036952387,51175,13.0,198.65093614929214
20260225,205.0,207.0,193.0,198.0,23110585,4574440389,22946,-2.0,196.66442678779921
20260226,202.0,217.5,201.5,217.5,16044037,3423574964,11048,19.5,216.0328930623552
20260302,221.0,239.0,221.0,239.0,13349486,3127934308,10880,21.5,237.3878686984041
20260303,255.0,262.0,238.5,251.5,14563967,3648282548,14482,12.5,249.80355220773487
20260304,234.5,234.5,226.5,226.5,6627159,1513193271,8304,-25.0,224.97218518907334
20260305,232.0,239.5,204.0,218.0,10224664,2252927843,12306,-8.5,216.52952040272845
20260306,207.0,217.0,206.5,217.0,4192918,891131888,5534,-1.0,215.53626572198198
20260309,195.5,196.0,195.5,195.5,3262354,637951613,5693,-21.5,194.18129008593309
20260310,203.5,205.0,193.0,201.5,5169127,1033830655,6747,6.0,200.14081817041185
20260311,211.0,221.5,211.0,221.5,4114615,900189732,4964,20.0,220.00591178534106
20260312,219.5,230.0,219.0,223.0,5350308,1196801839,6518,1.5,221.49579380646074
20260313,218.0,240.0,216.0,237.5,6115804,1409967039,7475,14.5,235.89798667728442
20260316,242.5,246.5,222.0,229.0,21214031,4891507440,21408,-8.5,227.4553218909395
20260317,229.0,232.5,213.0,216.0,20531870,4544312974,24597,-13.0,214.54301104123553
20260318,220.0,227.5,218.5,227.5,22339988,4994878067,19657,11.5,225.96543986981982
20260319,224.5,239.5,224.0,227.0,28492932,6604258282,25862,-0.5,225.46881252944658
20260320,238.5,244.0,227.0,230.0,25939961,6080347991,22817,3.0,228.44857657168598
20260323,217.5,240.0,216.5,221.5,27525809,6328749551,27065,-8.5,220.00591178534106
20260324,232.0,243.5,218.5,242.5,38466670,9095482353,30396,21.0,240.86426008101674
20260325,266.5,266.5,266.5,266.5,6575101,1752264123,4553,24.0,264.70237241893176
20260326,274.0,293.0,268.5,272.0,60013072,16855082004,56718,5.5,270.16527316303734
20260327,262.0,275.5,259.0,270.5,28346592,7561781007,33280,-1.5,268.6753911419176
20260330,264.5,273.5,251.0,273.5,19970510,5244401999,21222,3.0,271.655155184157
20260331,260.0,263.0,246.5,246.5,21663933,5497839861,24437,-27.0,244.83727880400258
20260401,261.0,269.5,259.0,263.5,24882935,6568048808,23189,17.0,261.7226083766924
20260402,267.0,276.5,258.0,259.0,30358649,8120053688,31341,-4.5,257.25296231333334
20260407,267.5,284.5,266.5,284.5,16536225,4613289080,13641,25.5,282.5809566723681
20260408,306.0,307.5,282.0,290.5,40867128,11978856858,35994,6.0,288.54048475684687
20260409,292.5,299.5,286.0,288.0,19878889,5813893006,20756,-2.5,286.0573480549807
20260410,311.0,314.0,287.0,299.0,28989988,8637605147,25648,11.0,296.98314954319176
20260413,293.5,295.5,288.0,293.0,3162906,924607192,3552,-6.0,291.02362145871297
20260414,300.0,300.0,280.0,280.5,3895253,1114410408,4811,-12.5,278.60793794938223
20260415,282.0,282.0,275.0,275.0,3569574,994702985,4778,-5.5,273.1450372052767
20260416,280.0,291.5,280.0,290.0,2418130,697233361,2845,15.0,288.0438574164736
20260417,298.0,311.0,298.0,310.5,4501122,1385426238,5248,20.5,308.4055783717761
20260420,314.5,341.0,314.5,333.0,2937977,965271587,4363,22.5,330.75380868857144
20260421,341.0,341.0,326.0,340.0,2802692,936739479,3854,7.0,337.70659145379665
20260422,345.0,369.5,345.0,364.5,3636884,1313768179,4405,24.5,362.04133113208496
20260423,383.0,384.0,328.5,346.0,4883350,1692915729,7426,-18.5,343.66611953827544
20260424,358.0,360.5,319.0,346.0,4256635,1434274352,5467,0.0,343.66611953827544
20260427,351.0,351.0,311.5,311.5,18198098,5823854721,29908,-34.5,309.3988330525225
20260428,309.5,324.5,302.0,318.0,17773290,5603187041,19317,6.5,315.8549884773745
20260429,313.5,326.0,312.0,316.0,11146664,3556184543,13062,-2.0,313.8684791158816
20260430,321.0,347.5,321.0,347.5,24628405,8458098572,24874,31.5,345.1560015593951
20260504,362.5,374.0,340.5,355.0,33305824,11860415997,33455,7.5,352.60541166499354
20260505,361.0,390.5,351.5,386.5,28751516,10863513904,30208,31.5,383.89293410850706
20260506,373.0,373.0,348.0,348.0,5242738,1850417481,7103,-38.5,345.65262889976833
20260507,365.0,365.0,333.0,342.0,3304282,1141642516,4040,-6.0,339.6931008152896
20260508,335.0,341.0,329.0,337.0,2191135,731381199,3710,-5.0,334.7268274115573
20260511,360.0,369.5,347.0,360.0,3315258,1197782287,3356,23.0,357.57168506872586
20260512,375.0,375.0,361.5,375.0,3358910,1237108903,3056,15.0,372.47050527992275
20260513,369.5,374.5,358.0,374.0,2181594,796650323,2822,-1.0,371.47725059917633
20260514,380.0,382.5,357.0,358.5,2848611,1054525334,3908,-15.5,356.0818030476062
20260515,366.0,366.0,335.0,358.5,2643649,931127224,3919,0.0,356.0818030476062
20260518,352.0,387.0,340.0,387.0,2920960,1083791385,3754,28.5,384.38956144888033
20260519,374.5,383.0,368.0,383.0,2380645,896397435,3272,-4.0,380.41654272589443
20260520,376.5,414.0,372.5,400.5,27557233,10966883996,27675,17.5,397.79849963895754
20260521,410.0,419.5,386.5,386.5,21897204,8736384354,28065,-14.0,383.89293410850706
20260522,398.5,425.0,398.5,425.0,15989098,6662407623,13754,38.5,422.1332393172458
20260525,435.0,460.0,422.5,444.0,21814377,9680701980,21967,19.0,441.0050782514286
20260526,438.5,440.0,415.5,423.5,12770493,5416323816,18211,-20.5,420.6433572961261
20260527,411.0,418.5,402.0,418.5,3208598,1317331633,5538,-5.0,415.6770838923938
20260528,413.0,420.0,391.5,391.5,2272490,915974117,4536,-27.0,388.8592075122394
20260529,399.0,422.0,392.0,422.0,2092897,849519645,3003,30.5,419.15347527500643
20260601,428.0,428.5,410.5,415.5,1670842,703191566,3130,-6.5,412.69731985015443
20260602,420.0,420.0,393.5,399.0,1385268,556635747,2977,-16.5,396.30861761783785
20260603,413.5,422.0,413.5,414.0,1545220,643626614,2455,15.0,411.20743782903475
20260604,405.0,405.0,395.0,402.0,962838,384225827,2528,-12.0,399.2883816600772
20260605,390.0,399.0,374.0,399.0,2141199,816485632,4223,-3.0,396.30861761783785
20260608,359.5,360.5,359.5,359.5,1699795,611169803,4040,-39.5,357.07505772835265
20260609,373.0,395.0,360.0,395.0,1982555,753982861,2657,35.5,392.335598894852
20260610,365.5,382.0,355.5,355.5,14717488,5356047390,20293,-39.5,353.1020390053668
20260611,343.0,350.0,320.0,320.0,13723008,4518264190,17406,-35.5,317.84149783886744
20260612,338.0,352.0,326.5,352.0,12419013,4272107441,12801,32.0,349.6256476227542
20260615,371.0,373.5,355.0,369.0,15918921,5815789943,15735,17.0,366.510977195444
20260616,387.0,405.5,387.0,405.5,17713592,7152713343,13533,36.5,402.76477304268985
20260617,399.0,434.0,399.0,428.0,23916300,10117768830,24835,22.5,425.1130033594852
20260618,421.5,447.5,412.0,416.0,25326353,10794482187,26870,-12.0,413.19394719052764
20260622,412.0,412.0,400.5,409.5,2607383,1061269146,4506,-6.5,406.7377917656757
20260623,408.0,408.0,390.0,398.0,1610653,638047725,2963,-11.5,395.3153629370914
20260624,385.0,397.0,368.0,397.0,1802349,681989578,3744,-1.0,394.3221082563449
20260625,400.0,400.0,384.5,388.5,1095463,424455943,1908,-8.5,385.87944347
20260626,382.5,382.5,347.5,348.0,2529904,897004349,4599,X0.00,348.0
20260629,339.0,348.0,333.0,336.0,1920109,651113062,3511,-12.00,336.0
20260630,343.5,360.0,340.5,347.0,2766793,960493463,3332,+11.00,347.0
20260701,359.5,365.0,357.0,358.5,1074336,388211691,1911,+11.50,358.5
20260702,345.0,349.0,338.5,348.0,2414444,831834793,3430,-10.50,348.0
20260703,340.0,360.5,340.0,358.0,1969194,701386581,2384,+10.00,358.0
20260706,372.5,375.0,337.0,338.0,12023717,4242940366,15506,-20.00,338.0
20260707,342.0,362.0,317.5,318.5,11717828,3933424279,15793,-19.50,318.5
20260708,319.0,342.0,313.5,335.0,7502480,2478164763,8748,+16.50,335.0
20260709,342.0,350.0,330.0,330.5,5766669,1955070702,6960,-4.50,330.5
20260713,332.0,343.0,323.0,329.0,5437400,1806916638,6178,-1.50,329.0
20260714,331.0,340.0,300.0,314.5,7172379,2247744385,9034,-14.50,314.5
20260715,326.0,332.0,312.5,315.5,5337416,1716813418,6865,+1.00,315.5
20260716,311.0,317.5,303.0,313.0,2964257,920684444,4477,-2.50,313.0
20260717,295.0,297.5,282.0,282.0,5171996,1481050001,9113,-31.00,282.0
