date,open,high,low,close,volume,turnover,transactions,price_change,close_adj
20100104,18.6,18.7,18.5,18.6,18557849,345562353,3410,0.1,8.00576665458059
20100105,18.7,18.9,18.65,18.8,22437793,421015428,4453,0.2,8.091850166995432
20100106,18.8,19.1,18.65,19.0,29913634,564619550,5409,0.2,8.17793367941028
20100107,19.0,19.15,18.8,18.8,25611062,485225413,4782,-0.2,8.091850166995432
20100108,18.8,19.15,18.7,18.95,23920543,453599377,4712,0.15,8.156412801306567
20100111,18.95,19.05,18.9,18.95,20969999,397908906,3071,0.0,8.156412801306567
20100112,19.05,19.1,18.75,18.85,16662588,314644969,3283,-0.1,8.113371045099145
20100113,18.7,18.75,18.45,18.5,28750424,533029123,4569,-0.35,7.9627248983731675
20100114,18.5,18.7,18.5,18.55,13929750,259128466,3157,0.05,7.984245776476879
20100115,18.6,18.75,18.5,18.6,20471946,380644143,3527,0.05,8.00576665458059
20100118,18.45,18.5,18.35,18.5,14847407,273541896,3075,-0.1,7.9627248983731675
20100119,18.5,18.6,18.3,18.35,21676753,398855220,3536,-0.15,7.898162264062035
20100120,18.4,18.5,18.1,18.2,22098065,404128786,4253,-0.15,7.833599629750903
20100121,18.2,18.4,18.2,18.35,18548882,339464869,2817,0.15,7.898162264062035
20100122,18.15,18.4,18.05,18.05,21958749,397869346,3590,-0.3,7.769036995439764
20100125,18.0,18.0,17.8,17.9,19502443,349150125,2808,-0.15,7.704474361128632
20100126,17.9,17.9,17.25,17.3,35045025,615476716,6071,-0.6,7.446223823884101
20100127,17.4,17.45,17.05,17.15,22269573,383845487,3567,-0.15,7.381661189572964
20100128,17.25,17.45,17.2,17.2,19071872,330287324,2701,0.05,7.403182067676676
20100129,17.1,17.3,16.9,17.3,22857971,391492276,3374,0.1,7.446223823884101
20100201,17.3,17.4,17.1,17.2,12572490,216803564,1984,-0.1,7.403182067676676
20100202,17.5,17.5,16.9,17.05,21495354,369605127,3383,-0.15,7.33861943336554
20100203,17.35,17.55,17.15,17.45,15328005,265935770,2609,0.4,7.510786458195232
20100204,17.45,17.45,17.2,17.25,17531276,302817745,2204,-0.2,7.424702945780389
20100205,16.95,17.0,16.6,16.6,33905097,568201591,4643,-0.65,7.1449315304321415
20100206,16.6,16.85,16.45,16.85,12466156,207334122,2260,0.25,7.252535920950697
20100208,17.0,17.05,16.8,16.95,13116804,222006614,2184,0.1,7.29557767715812
20100209,17.05,17.25,16.9,17.2,13447051,230443257,2079,0.25,7.403182067676676
20100210,17.5,17.5,17.25,17.3,21123506,366614734,2805,0.1,7.446223823884101
20100222,17.6,17.9,17.5,17.8,23451368,415895805,3667,0.5,7.6614326049212105
20100223,18.0,18.15,17.7,18.15,21890037,393174598,4195,0.35,7.81207875164719
20100224,18.0,18.2,17.8,18.0,14322761,258075998,3687,-0.15,7.747516117336055
20100225,18.0,18.1,17.55,17.65,25447348,451793319,6007,-0.35,7.596869970610076
20100226,17.7,17.85,17.6,17.75,9653032,171281998,2110,0.1,7.6399117268175
20100301,17.75,18.15,17.65,17.85,14712793,264681543,2484,0.1,7.6829534830249235
20100302,18.05,18.05,17.85,17.95,6993934,125428096,1528,0.1,7.725995239232343
20100303,18.05,18.25,18.0,18.15,15913516,288857035,2666,0.2,7.81207875164719
20100304,18.3,18.3,17.7,17.75,14264811,256219176,2738,-0.4,7.6399117268175
20100305,17.95,18.2,17.85,18.05,11536563,208050083,1920,0.3,7.769036995439764
20100308,18.15,18.25,18.0,18.25,12366676,224599122,2657,0.2,7.85512050785461
20100309,18.25,18.4,18.15,18.4,16344618,298889485,2913,0.15,7.919683142165742
20100310,18.4,18.45,18.15,18.3,9557175,174724338,1602,-0.1,7.876641385958325
20100311,18.2,18.35,18.0,18.05,8688183,157385344,1930,-0.25,7.769036995439764
20100312,18.2,18.2,18.05,18.05,8064737,146052916,1461,0.0,7.769036995439764
20100315,18.05,18.05,17.75,17.75,8949834,159578293,2020,-0.3,7.6399117268175
20100316,17.85,17.95,17.7,17.8,9553752,169838365,1451,0.05,7.6614326049212105
20100317,18.0,18.4,17.95,18.4,21998528,400812482,4641,0.6,7.919683142165742
20100318,18.4,18.45,18.1,18.3,28265800,518874132,3688,-0.1,7.876641385958325
20100319,18.3,18.35,18.1,18.2,24872762,452437849,3398,-0.1,7.833599629750903
20100322,18.1,18.25,17.95,18.15,14171142,256547686,2830,-0.05,7.81207875164719
20100323,18.25,18.3,18.1,18.2,13813660,251560720,2382,0.05,7.833599629750903
20100324,18.35,18.4,18.15,18.2,13945629,254861882,2703,0.0,7.833599629750903
20100325,18.2,18.2,17.9,18.1,11257977,203149264,2269,-0.1,7.790557873543477
20100326,18.0,18.4,17.8,18.1,19178547,347168742,3920,0.0,7.790557873543477
20100329,18.2,18.4,18.15,18.35,17485243,320020899,2757,0.25,7.898162264062035
20100330,18.5,18.6,18.3,18.6,23915984,442605085,3711,0.25,8.00576665458059
20100331,18.4,18.55,18.2,18.4,19873162,365537642,2646,-0.2,7.919683142165742
20100401,18.4,18.65,18.35,18.6,22665862,420987923,4256,0.2,8.00576665458059
20100402,18.65,18.65,18.55,18.6,17272009,321335596,1702,0.0,8.00576665458059
20100406,18.6,18.7,18.55,18.6,14934617,278083686,2630,0.0,8.00576665458059
20100407,18.6,18.7,18.55,18.7,17152137,319623010,3209,0.1,8.048808410788014
20100408,18.65,18.8,18.6,18.7,21066381,394317355,3395,0.0,8.048808410788014
20100409,18.7,18.8,18.6,18.75,11553588,216082530,2056,0.05,8.070329288891722
20100412,18.75,18.8,18.6,18.75,13965596,261457265,1567,0.0,8.070329288891722
20100413,18.65,18.7,18.45,18.5,9397421,174332223,1955,-0.25,7.9627248983731675
20100414,18.5,18.7,18.45,18.65,16419802,304598782,2585,0.15,8.0272875326843
20100415,18.75,18.8,18.55,18.75,17088403,318585759,1820,0.1,8.070329288891722
20100416,18.7,18.75,18.55,18.7,12424456,231706518,1654,-0.05,8.048808410788014
20100419,18.35,18.35,18.0,18.15,23917278,434868588,3927,-0.55,7.81207875164719
20100420,18.25,18.25,18.05,18.2,18279993,331664702,2063,0.05,7.833599629750903
20100421,18.2,18.35,18.1,18.2,16332910,297025488,2233,0.0,7.833599629750903
20100422,18.1,18.1,17.8,18.0,21018964,377332202,4004,-0.2,7.747516117336055
20100423,18.1,18.15,17.95,18.05,12910735,232603730,1645,0.05,7.769036995439764
20100426,18.2,18.55,18.2,18.4,22321297,410741484,3910,0.35,7.919683142165742
20100427,18.5,18.6,18.35,18.4,15633445,287962878,1428,0.0,7.919683142165742
20100428,17.9,18.35,17.85,18.2,14611754,265130607,2876,-0.2,7.833599629750903
20100429,18.4,18.4,18.1,18.15,11588424,210630066,2238,-0.05,7.81207875164719
20100430,18.15,18.45,18.15,18.4,18903706,346833341,2933,0.25,7.919683142165742
20100503,18.3,18.4,18.1,18.25,6579209,119910841,1225,-0.15,7.85512050785461
20100504,18.25,18.35,18.05,18.15,11901452,216440429,2292,-0.1,7.81207875164719
20100505,17.85,17.9,17.7,17.7,21293912,378698422,3746,-0.45,7.618390848713789
20100506,17.7,17.75,17.5,17.5,19069735,336269350,3396,-0.2,7.532307336298945
20100507,17.3,17.45,17.3,17.35,17101872,296919600,2841,-0.15,7.467744701987809
20100510,17.4,17.55,17.3,17.45,18653306,324834964,2639,0.1,7.510786458195232
20100511,17.55,17.55,17.2,17.2,20820319,361959171,4416,-0.25,7.403182067676676
20100512,17.3,17.4,17.2,17.2,9280485,160574476,1393,0.0,7.403182067676676
20100513,17.5,17.8,17.4,17.75,16197952,284578157,2743,0.55,7.6399117268175
20100514,17.6,17.8,17.55,17.75,9772629,173281143,1636,0.0,7.6399117268175
20100517,17.5,17.6,17.3,17.5,8401832,146186703,1740,-0.25,7.532307336298945
20100518,17.5,17.5,17.35,17.45,6118738,106700719,1241,-0.05,7.510786458195232
20100519,17.35,17.45,17.25,17.4,10139649,176166830,1874,-0.05,7.48926558009152
20100520,17.35,17.4,17.1,17.15,11817339,203890890,1941,-0.25,7.381661189572964
20100521,16.9,16.95,16.7,16.8,14740204,247872469,2868,-0.35,7.231015042846987
20100524,16.85,17.0,16.7,16.8,13066816,219779544,2223,0.0,7.231015042846987
20100525,16.65,16.7,16.35,16.4,13127816,216380000,2675,-0.4,7.058848018017294
20100526,16.5,16.8,16.35,16.55,9576147,158340964,1647,0.15,7.1234106523284275
20100527,16.65,16.75,16.4,16.65,7478750,123599186,1524,0.1,7.166452408535851
20100528,16.6,16.8,16.6,16.8,16613102,277723494,2157,0.15,7.231015042846987
20100531,16.95,16.95,16.7,16.95,11631303,195877886,1283,0.15,7.29557767715812
20100601,16.9,16.9,16.6,16.6,9854682,164458755,2059,-0.35,7.1449315304321415
20100602,16.6,16.65,16.3,16.35,11274852,185671560,1969,-0.25,7.037327139913585
20100603,16.6,16.7,16.45,16.65,11721752,194427660,1851,0.3,7.166452408535851
20100604,16.65,16.65,16.5,16.55,7357871,121909400,995,-0.1,7.1234106523284275
20100607,16.15,16.45,16.0,16.45,17437625,282408928,2628,-0.1,7.080368896121007
20100608,16.45,16.55,16.3,16.35,6684022,109840352,1164,-0.1,7.037327139913585
20100609,16.4,16.55,16.25,16.35,11918690,195359316,2409,0.0,7.037327139913585
20100610,16.85,16.85,16.4,16.6,12173540,202069455,1864,0.25,7.1449315304321415
20100611,16.9,17.1,16.8,17.05,20541086,348817212,3261,0.45,7.33861943336554
20100614,17.2,17.35,17.15,17.25,11208700,193441721,1942,0.2,7.424702945780389
20100615,17.3,17.65,17.2,17.55,16855024,293565753,2823,0.3,7.553828214402657
20100617,17.65,17.75,17.5,17.7,23135581,407121123,3789,0.15,7.618390848713789
20100618,17.65,17.7,17.35,17.55,12301599,215212623,2123,-0.15,7.553828214402657
20100621,17.7,17.8,17.5,17.65,27986967,494826695,4238,0.1,7.596869970610076
20100622,17.7,17.7,17.55,17.65,15851214,279585630,1809,0.0,7.596869970610076
20100623,17.65,17.65,17.5,17.6,6610590,116125066,1251,-0.05,7.575349092506366
20100624,17.65,17.8,17.55,17.8,20343688,359115597,2525,0.2,7.6614326049212105
20100625,17.75,17.9,17.6,17.65,34505904,613022894,3954,-0.15,7.596869970610076
20100628,17.8,18.05,17.75,17.85,31285885,560009536,4628,0.2,7.6829534830249235
20100629,18.0,18.05,17.6,17.65,23657613,421007276,3006,-0.2,7.596869970610076
20100630,17.4,17.45,17.2,17.3,20156712,349152308,2866,-0.35,7.446223823884101
20100701,17.35,17.4,17.15,17.2,21039915,359198275,2155,-0.1,7.403182067676676
20100702,17.4,18.35,17.35,18.0,49797067,896587932,7682,0.8,7.747516117336055
20100705,18.35,18.5,18.15,18.5,42397578,776853179,9035,0.5,7.9627248983731675
20100706,18.2,18.55,18.2,18.5,20645355,380221264,3512,0.0,7.9627248983731675
20100707,18.5,18.5,18.3,18.4,13255646,244226932,2469,-0.1,7.919683142165742
20100708,18.6,18.65,18.3,18.4,13914904,256317969,1993,0.0,7.919683142165742
20100709,18.55,18.6,18.3,18.4,10956553,201633096,1756,0.0,7.919683142165742
20100712,18.45,18.55,18.3,18.3,19312603,355692258,2278,-0.1,7.876641385958325
20100713,18.4,18.4,18.1,18.25,12295815,224317059,2025,-0.05,7.85512050785461
20100714,18.65,19.25,18.65,19.25,75745407,1438615078,12933,1.0,8.285538069928837
20100715,19.2,19.2,19.0,19.1,40345408,771404052,6899,-0.15,8.220975435617706
20100716,19.25,19.45,18.9,19.1,68997506,1324072082,9550,0.0,8.220975435617706
20100719,19.1,19.35,19.05,19.2,40904305,787984016,5719,0.1,8.264017191825124
20100720,19.3,19.3,19.0,19.15,29639752,567491467,5093,-0.05,8.242496313721412
20100721,19.15,19.25,18.9,19.05,20213222,385962599,2705,-0.1,8.199454557513995
20100722,19.15,19.25,18.9,18.9,11706068,222759304,2844,-0.15,8.134891923202856
20100723,19.05,19.2,19.0,19.05,17727086,338892934,3507,0.15,8.199454557513995
20100726,19.25,19.3,19.05,19.1,13791668,264446489,3183,0.05,8.220975435617706
20100727,19.2,19.2,18.9,18.9,10914856,207615000,1858,-0.2,8.134891923202856
20100728,18.95,19.15,18.95,19.05,11842537,225473743,2114,0.15,8.199454557513995
20100729,19.15,19.2,18.9,19.1,21194175,403351575,3097,0.05,8.220975435617706
20100730,19.1,19.2,18.95,19.15,20725104,396562203,3642,0.05,8.242496313721412
20100802,19.3,19.95,19.3,19.85,55813939,1098597450,9495,+0.70,8.543788607173372
20100803,19.95,20.15,19.9,20.15,44509018,891187860,6807,+0.30,8.672913875795638
20100804,20.25,20.25,19.9,20.0,21125206,423264213,3795,-0.15,8.608351241484506
20100805,20.15,20.2,19.95,20.05,26896492,538814824,4278,+0.05,8.629872119588216
20100806,20.2,20.2,19.95,20.05,15796484,316972816,2894, 0.00,8.629872119588216
20100809,20.1,20.5,20.1,20.45,33401183,680922110,5369,+0.40,8.802039144417908
20100810,20.6,20.6,20.2,20.45,55115320,1124652924,7001, 0.00,8.802039144417908
20100811,19.55,19.6,19.1,19.25,33822013,655229659,5102,X0.00,8.71152974447531
20100812,19.0,19.35,18.95,19.25,14923769,285700350,3448, 0.00,8.71152974447531
20100813,19.25,19.3,19.05,19.25,14678643,281049425,4389, 0.00,8.71152974447531
20100816,19.25,19.45,19.0,19.25,19932169,382543168,3171, 0.00,8.71152974447531
20100817,19.3,19.3,19.15,19.2,11863342,227920465,1546,-0.05,8.688902394489654
20100818,19.2,19.5,19.15,19.5,43677380,844285744,5413,+0.30,8.824666494403559
20100819,19.3,19.45,19.1,19.2,22330549,429123035,3722,-0.30,8.688902394489654
20100820,19.25,19.35,19.15,19.2,12393653,238433529,2617, 0.00,8.688902394489654
20100823,19.3,19.8,19.2,19.65,26009804,510188276,4616,+0.45,8.892548544360507
20100824,19.9,20.1,19.65,19.9,40577887,808526677,6561,+0.25,9.005685294288758
20100825,19.8,19.8,19.2,19.2,27896403,540299767,5998,-0.70,8.688902394489654
20100826,19.2,19.25,18.7,18.9,29764240,561778707,4440,-0.30,8.553138294575756
20100827,19.0,19.6,18.95,19.4,37449801,724211887,5794,+0.50,8.779411794432253
20100830,19.5,19.8,19.45,19.7,28799856,566288890,3668,+0.30,8.915175894346158
20100831,19.6,19.65,19.35,19.35,30474336,593476088,3422,-0.35,8.756784444446609
20100901,19.65,19.95,19.45,19.7,20044931,395662056,3774,+0.35,8.915175894346158
20100902,19.9,19.9,19.7,19.75,15332964,304061766,2637,+0.05,8.937803244331809
20100903,19.9,19.95,19.75,19.85,15234307,302451650,2604,+0.10,8.98305794430311
20100906,19.95,20.0,19.7,19.85,14853913,294634868,3332, 0.00,8.98305794430311
20100907,19.9,19.9,19.75,19.85,10787957,213784214,1985, 0.00,8.98305794430311
20100908,19.85,19.95,19.55,19.95,18316021,362244115,3800,+0.10,9.02831264427441
20100909,20.0,20.0,19.7,19.75,10905565,216408974,2830,-0.20,8.937803244331809
20100910,19.85,19.85,19.7,19.8,11507447,227710944,1978,+0.05,8.96043059431746
20100913,20.0,20.5,19.95,20.5,48098591,975679536,8994,+0.70,9.277213494116564
20100914,20.7,20.9,20.45,20.9,36320931,751143203,5854,+0.40,9.458232294001757
20100915,21.0,21.2,20.8,21.2,36730405,773273242,6045,+0.30,9.593996393915662
20100916,21.15,21.25,20.9,20.9,23931323,502959067,4548,-0.30,9.458232294001757
20100917,21.2,21.3,20.8,20.8,26003803,545207772,4074,-0.10,9.412977594030465
20100920,20.8,21.0,20.75,20.9,11864151,247511560,1963,+0.10,9.458232294001757
20100921,21.1,21.15,20.7,21.1,16150561,337966731,2511,+0.20,9.548741693944365
20100923,20.7,21.5,20.7,21.5,27576905,586576205,4701,+0.40,9.729760493829563
20100924,21.25,21.5,20.95,21.2,29541717,625582101,4900,-0.30,9.593996393915662
20100927,21.3,21.4,21.1,21.3,16178360,343244104,3096,+0.10,9.63925109388696
20100928,21.3,21.3,20.95,21.05,12297568,258605941,1989,-0.25,9.526114343958712
20100929,21.05,21.3,20.95,21.15,16477557,348293547,3086,+0.10,9.57136904393001
20100930,21.0,21.1,20.8,21.0,18086050,379053801,2475,-0.15,9.50348699397306
20101001,21.0,21.1,20.9,21.05,13342906,280310926,2918,+0.05,9.526114343958712
20101004,21.1,21.4,21.1,21.35,28176193,599548747,4301,+0.30,9.661878443872611
20101005,21.35,21.35,21.0,21.1,14898684,314723822,2783,-0.25,9.548741693944365
20101006,21.3,21.75,21.3,21.7,26041799,561567648,5131,+0.60,9.820269893772165
20101007,21.7,21.85,21.5,21.7,16774776,363780575,3057, 0.00,9.820269893772165
20101008,21.7,21.8,21.4,21.65,15493811,334413633,2540,-0.05,9.797642543786516
20101011,21.7,21.75,21.1,21.25,11363004,244401691,2495,-0.40,9.616623743901316
20101012,21.35,21.35,20.85,21.0,17211099,362519690,3196,-0.25,9.50348699397306
20101013,21.1,21.15,20.9,21.0,9482753,199262611,1903, 0.00,9.50348699397306
20101014,21.2,21.75,21.2,21.5,19225781,413685332,4580,+0.50,9.729760493829563
20101015,21.7,21.7,21.4,21.6,10698804,230151363,1770,+0.10,9.775015193800865
20101018,21.6,21.6,20.95,20.95,14547795,307268125,3233,-0.65,9.480859643987413
20101019,20.95,20.95,20.75,20.9,15180157,317071671,3767,-0.05,9.458232294001757
20101020,20.7,20.8,20.5,20.6,13867800,285758999,3560,-0.30,9.322468194087858
20101021,20.6,20.8,20.5,20.65,12122609,250631632,2672,+0.05,9.34509554407351
20101022,20.65,20.65,20.45,20.55,17415729,357752473,2199,-0.10,9.299840844102206
20101025,20.5,21.0,20.5,20.85,14737338,306687070,2740,+0.30,9.435604944016115
20101026,20.95,21.2,20.85,21.2,11152124,234642706,2448,+0.35,9.593996393915662
20101027,21.3,21.4,20.95,21.2,10821284,228805158,1847, 0.00,9.593996393915662
20101028,21.0,21.35,20.85,21.2,21894968,460357241,4076, 0.00,9.593996393915662
20101029,21.3,21.3,20.9,21.25,8594280,181057688,1900,+0.05,9.616623743901316
20101101,21.2,21.55,21.2,21.45,19226673,411747564,3638,+0.20,9.707133143843913
20101102,21.6,21.65,21.25,21.45,14185085,304384627,3644, 0.00,9.707133143843913
20101103,21.45,21.6,21.35,21.45,13568483,291391674,2874, 0.00,9.707133143843913
20101104,21.45,21.6,21.35,21.4,10264685,220426110,1951,-0.05,9.684505793858262
20101105,21.6,21.65,21.45,21.65,17906115,386009126,3164,+0.25,9.797642543786516
20101108,21.65,21.75,21.4,21.5,61373961,1282506223,2014,-0.15,9.729760493829563
20101109,21.3,21.45,21.1,21.4,19157894,407293001,2996,-0.10,9.684505793858262
20101110,21.35,21.4,21.15,21.35,13853515,295107771,1918,-0.05,9.661878443872611
20101111,21.1,21.35,21.1,21.3,11018769,234326574,2143,-0.05,9.63925109388696
20101112,21.1,21.2,20.75,20.85,19294274,403567631,3779,-0.45,9.435604944016115
20101115,20.85,20.85,20.3,20.45,14161726,289192149,2486,-0.40,9.254586144130913
20101116,20.35,20.7,20.1,20.7,15746866,321314461,2991,+0.25,9.367722894059158
20101117,20.5,20.5,20.0,20.05,26308820,530936961,4585,-0.65,9.073567344245706
20101118,20.05,20.25,20.0,20.1,19147657,385119528,4653,+0.05,9.096194694231361
20101119,20.25,20.3,20.0,20.25,21230613,428359275,4572,+0.15,9.164076744188309
20101122,20.3,20.4,20.2,20.25,14665595,297933194,2536, 0.00,9.164076744188309
20101123,20.25,20.35,20.0,20.15,17831639,358824981,4414,-0.10,9.118822044217005
20101124,20.0,20.2,19.9,20.0,17287768,346358998,3019,-0.15,9.050939994260057
20101125,20.0,20.55,20.0,20.5,25712617,520747881,3189,+0.50,9.277213494116564
20101126,20.5,20.5,20.25,20.4,17010309,346888246,2198,-0.10,9.23195879414526
20101129,20.7,20.7,20.15,20.45,19920213,408491255,3126,+0.05,9.254586144130913
20101130,20.3,20.5,20.25,20.25,14178775,288097236,2068,-0.20,9.164076744188309
20101201,20.6,21.35,20.5,21.25,29653106,624935180,6655,+1.00,9.616623743901316
20101202,21.45,21.8,21.25,21.5,30029246,646508159,5923,+0.25,9.729760493829563
20101203,21.45,21.45,21.05,21.15,16398871,347968441,3233,-0.35,9.57136904393001
20101206,21.2,21.6,21.2,21.45,30966564,664143979,3929,+0.30,9.707133143843913
20101207,21.45,21.5,21.25,21.5,15817312,338213499,3426,+0.05,9.729760493829563
20101208,21.4,21.55,21.3,21.3,14240265,304188486,3052,-0.20,9.63925109388696
20101209,21.5,21.75,21.45,21.5,22843469,492515542,5174,+0.20,9.729760493829563
20101210,21.45,21.6,21.25,21.6,9642421,206324881,2224,+0.10,9.775015193800865
20101213,21.6,21.65,21.45,21.5,7044353,151781173,2501,-0.10,9.729760493829563
20101214,21.5,21.55,21.0,21.25,15144973,320626047,3811,-0.25,9.616623743901316
20101215,21.1,21.2,20.85,21.1,21448980,450869480,4793,-0.15,9.548741693944365
20101216,21.1,21.25,21.05,21.15,9305716,196806530,1798,+0.05,9.57136904393001
20101217,21.15,21.5,21.15,21.35,21770515,464896445,4598,+0.20,9.661878443872611
20101220,21.45,21.55,21.3,21.35,20246325,433167345,3074, 0.00,9.661878443872611
20101221,21.4,21.55,21.35,21.55,18755268,402620951,3356,+0.20,9.752387843815214
20101222,21.5,21.8,21.45,21.7,19174158,415281464,3502,+0.15,9.820269893772165
20101223,21.75,22.3,21.65,22.15,31320728,688814766,5590,+0.45,10.023916043643016
20101224,22.2,22.2,21.85,21.85,19993369,440389267,4133,-0.30,9.888151943729117
20101227,22.0,22.6,21.8,22.3,23393227,518624785,4995,+0.45,10.091798093599966
20101228,22.35,22.4,22.1,22.15,16945800,376718187,2660,-0.15,10.023916043643016
20101229,22.1,22.8,22.1,22.7,61618739,1389953287,8832,+0.55,10.272816893485164
20101230,22.7,22.7,22.15,22.25,48395963,1082307936,7297,-0.45,10.069170743614315
20101231,22.25,22.75,22.25,22.45,56006383,1262052124,6579,+0.20,10.159680143556914
20110103,22.5,22.85,22.5,22.85,37310166,846694309,5180,+0.40,10.340698943442119
20110104,22.9,22.9,22.3,22.4,44276420,999777818,6686,-0.45,10.137052793571266
20110105,22.4,22.6,21.55,21.85,49642547,1092587238,7652,-0.55,9.888151943729117
20110106,21.85,22.1,21.6,22.1,18410028,402043285,3725,+0.25,10.001288693657363
20110107,22.0,22.1,21.4,21.7,25449951,552595251,5750,-0.40,9.820269893772165
20110110,21.7,21.9,21.5,21.75,20757873,450193411,3324,+0.05,9.842897243757818
20110111,21.75,22.25,21.6,22.15,28391410,624650440,4864,+0.40,10.023916043643016
20110112,22.15,22.4,22.1,22.3,26711303,594865527,3604,+0.15,10.091798093599966
20110113,22.35,22.45,22.05,22.4,31932110,712434403,4478,+0.10,10.137052793571266
20110114,22.5,22.55,22.2,22.2,30228158,675767507,4495,-0.20,10.046543393628667
20110117,22.2,22.25,21.65,21.7,32474833,709198789,5494,-0.50,9.820269893772165
20110118,21.6,22.2,21.55,22.05,23471962,514831813,4170,+0.35,9.978661343671716
20110119,22.05,22.15,21.9,22.1,20033221,440836562,3722,+0.05,10.001288693657363
20110120,22.0,22.35,22.0,22.2,32910181,730958558,5146,+0.10,10.046543393628667
20110121,22.15,22.5,21.85,22.25,30900515,686750768,5504,+0.05,10.069170743614315
20110124,22.6,23.0,22.6,22.6,43313429,986619484,7855,+0.35,10.227562193513865
20110125,22.8,22.95,22.65,22.7,32846079,747917192,5597,+0.10,10.272816893485164
20110126,22.75,23.0,22.75,22.95,41204746,944058290,7532,+0.25,10.385953643413417
20110127,23.0,23.7,22.85,23.5,64983178,1513072726,9819,+0.55,10.634854493255569
20110128,23.5,23.8,23.5,23.6,61143202,1445302884,8776,+0.10,10.68010919322687
20110208,23.7,23.8,23.25,23.35,69186204,1631462772,8559,-0.25,10.566972443298619
20110209,23.35,23.55,22.85,22.85,42349398,981463655,8851,-0.50,10.340698943442119
20110210,22.7,22.85,22.1,22.1,43264410,968362131,7447,-0.75,10.001288693657363
20110211,22.1,22.25,21.6,21.9,48023850,1051958800,7779,-0.20,9.910779293714763
20110214,22.0,22.5,21.8,22.3,35382736,784282971,6689,+0.40,10.091798093599966
20110215,21.9,22.45,21.25,22.4,34837595,763660841,7084,+0.10,10.137052793571266
20110216,22.4,22.55,22.05,22.25,26598433,593345991,5358,-0.15,10.069170743614315
20110217,22.25,22.25,21.8,21.9,20035615,441280843,5563,-0.35,9.910779293714763
20110218,22.4,23.1,22.4,23.0,46643047,1067833031,9103,+1.10,10.40858099339907
20110221,23.0,23.0,22.65,22.8,24537266,560327675,3418,-0.20,10.318071593456466
20110222,22.5,22.55,22.1,22.3,26791058,596232964,6582,-0.50,10.091798093599966
20110223,22.2,22.55,22.0,22.1,27472175,609634000,4458,-0.20,10.001288693657363
20110224,22.4,22.4,21.8,21.8,18929692,416741012,4665,-0.30,9.865524593743466
20110225,22.0,22.05,21.3,21.45,34285382,738232252,6907,-0.35,9.707133143843913
20110301,21.55,21.9,21.55,21.8,16631349,361496675,5915,+0.35,9.865524593743466
20110302,21.5,21.7,21.4,21.4,15979463,343988507,3847,-0.40,9.684505793858262
20110303,21.5,21.95,21.4,21.75,23941178,520118679,5528,+0.35,9.842897243757818
20110304,21.95,21.95,21.7,21.95,12887648,281869523,2516,+0.20,9.933406643700415
20110307,21.95,22.15,21.8,22.05,8619986,189682224,3506,+0.10,9.978661343671716
20110308,22.1,22.2,22.05,22.1,14386011,318181417,3288,+0.05,10.001288693657363
20110309,22.3,22.5,22.3,22.5,26091323,585076154,4304,+0.40,10.18230749354257
20110310,22.55,22.7,22.4,22.7,40117095,906970978,5727,+0.20,10.272816893485164
20110311,22.4,22.55,22.2,22.3,21847409,488870456,2995,-0.40,10.091798093599966
20110314,22.1,22.1,21.2,22.0,26639599,578375602,8164,-0.30,9.956033993686066
20110315,21.5,21.8,20.5,20.7,77237719,1606803389,9740,-1.30,9.367722894059158
20110316,20.9,21.1,20.65,21.0,27318950,570140250,5085,+0.30,9.50348699397306
20110317,20.75,21.15,20.65,21.1,14969031,313287133,2903,+0.10,9.548741693944365
20110318,21.15,21.55,21.05,21.3,16936279,360515576,3971,+0.20,9.63925109388696
20110321,21.3,21.7,21.1,21.6,15088601,323872976,3630,+0.30,9.775015193800865
20110322,21.7,22.4,21.5,22.1,24428369,541417768,5451,+0.50,10.001288693657363
20110323,22.1,22.4,22.0,22.4,13436744,298712661,3237,+0.30,10.137052793571266
20110324,22.5,22.65,22.35,22.5,17999026,405217356,3035,+0.10,10.18230749354257
20110325,22.6,22.7,22.45,22.6,20416961,461143308,3717,+0.10,10.227562193513865
20110328,22.7,22.8,22.5,22.6,13198944,299368364,3492, 0.00,10.227562193513865
20110329,22.65,22.85,22.6,22.75,16407664,372759508,2166,+0.15,10.295444243470818
20110330,22.75,23.1,22.75,23.0,25412937,584606620,5096,+0.25,10.40858099339907
20110331,23.0,23.2,22.9,23.15,33625629,775476767,4152,+0.15,10.476463043356018
20110401,23.15,23.15,22.9,23.0,10378793,238436932,1714,-0.15,10.40858099339907
20110406,23.2,23.6,23.15,23.6,46055073,1080986758,7066,+0.60,10.68010919322687
20110407,23.6,23.65,23.3,23.45,16209959,379906046,3017,-0.15,10.612227143269918
20110408,23.2,23.45,23.15,23.45,17250536,401834320,2609, 0.00,10.612227143269918
20110411,23.3,23.45,23.05,23.35,10665983,247510884,1844,-0.10,10.566972443298619
20110412,23.15,23.15,22.7,22.8,15406607,352231042,2894,-0.55,10.318071593456466
20110413,22.8,23.0,22.55,22.95,12293535,280485695,2169,+0.15,10.385953643413417
20110414,22.95,22.95,22.7,22.8,12036162,274348402,1936,-0.15,10.318071593456466
20110415,22.8,23.0,22.5,22.5,13983296,317776798,2329,-0.30,10.18230749354257
20110418,22.55,22.9,22.45,22.85,8939272,203450920,1737,+0.35,10.340698943442119
20110419,22.55,22.7,22.5,22.55,11009112,248518906,2226,-0.30,10.204934843528214
20110420,22.7,23.15,22.65,23.05,23132845,532847203,3728,+0.50,10.431208343384716
20110421,23.2,23.9,23.1,23.9,64786055,1528981585,9725,+0.85,10.815873293140774
20110422,24.2,24.55,24.05,24.35,61009477,1486708937,8808,+0.45,11.019519443011625
20110425,24.6,24.7,24.15,24.2,39261992,958156862,6010,-0.15,10.951637393054673
20110426,23.75,24.1,23.6,24.0,46101428,1101627942,5985,-0.20,10.86112799311207
20110427,24.15,25.3,24.1,25.15,67792962,1689218250,10738,+1.15,11.381557042782026
20110428,25.2,25.85,25.0,25.05,58455672,1479572816,8862,-0.10,11.336302342810727
20110429,25.05,25.05,24.35,25.0,33806085,836564769,6034,-0.05,11.313674992825074
20110503,25.0,25.1,24.75,24.9,29265809,729274787,4377,-0.10,11.268420292853772
20110504,24.9,24.95,24.55,24.75,24556467,607405532,4897,-0.15,11.200538242896823
20110505,24.7,25.25,24.55,25.25,34178565,854964082,5470,+0.50,11.426811742753326
20110506,25.0,25.1,24.65,24.7,34963407,868165692,6057,-0.55,11.177910892911173
20110509,24.75,25.25,24.65,24.9,44239419,1108616139,5144,+0.20,11.268420292853772
20110510,24.95,25.0,24.8,24.85,29106793,724750047,3190,-0.05,11.245792942868125
20110511,24.9,25.0,24.6,24.8,30650199,759446337,4121,-0.05,11.223165592882475
20110512,24.6,24.75,24.4,24.55,30586171,750646226,4273,-0.25,11.110028842954224
20110513,24.65,24.65,24.4,24.45,26805518,656469333,4356,-0.10,11.064774142982925
20110516,24.35,24.6,24.25,24.25,27056152,659570591,4533,-0.20,10.974264743040324
20110517,24.3,24.3,23.85,24.25,28636420,689035616,4716, 0.00,10.974264743040324
20110518,24.15,24.3,24.05,24.3,29393908,710128595,4202,+0.05,10.996892093025972
20110519,24.3,25.0,24.2,24.55,48349206,1198012549,8285,+0.25,11.110028842954224
20110520,24.8,24.8,24.3,24.35,33911811,832670490,5752,-0.20,11.019519443011625
20110523,24.3,24.3,23.95,24.05,35025949,842588689,5329,-0.30,10.883755343097718
20110524,24.0,24.05,23.85,24.05,28687748,687714162,4597, 0.00,10.883755343097718
20110525,24.0,24.05,23.85,23.95,34365076,822985589,4273,-0.10,10.83850064312642
20110526,24.05,24.3,23.9,24.15,42259071,1018099684,5872,+0.20,10.92901004306902
20110527,24.25,24.6,24.2,24.25,43666020,1065203351,5833,+0.10,10.974264743040324
20110530,24.25,24.8,24.15,24.8,38429009,941817683,3886,+0.55,11.223165592882475
20110531,24.8,24.8,24.4,24.5,45046538,1106238616,5267,-0.30,11.087401492968576
20110601,24.5,24.85,24.5,24.8,30355516,750446902,4098,+0.30,11.223165592882475
20110602,24.5,24.75,24.5,24.65,20784061,511814625,3556,-0.15,11.155283542925517
20110603,24.6,24.7,24.45,24.55,23466415,575722848,3320,-0.10,11.110028842954224
20110607,24.55,24.55,24.25,24.5,17050933,416419236,3273,-0.05,11.087401492968576
20110608,24.3,24.6,24.25,24.3,23864138,582358061,4370,-0.20,10.996892093025972
20110609,24.35,24.9,24.35,24.75,21929620,540627142,4473,+0.45,11.200538242896823
20110610,24.9,25.25,24.6,24.6,51133582,1275830837,6931,-0.15,11.13265619293987
20110613,24.4,24.9,24.25,24.45,40938506,1008662220,4145,-0.15,11.064774142982925
20110614,24.5,24.8,24.5,24.8,24665221,609554571,2671,+0.35,11.223165592882475
20110615,24.75,24.75,24.25,24.4,52945281,1294078363,7235,-0.40,11.042146792997272
20110616,24.2,24.3,23.85,24.0,30373819,730336141,4450,-0.40,10.86112799311207
20110617,24.0,24.4,23.9,24.4,29251115,704604325,3280,+0.40,11.042146792997272
20110620,24.4,24.45,23.15,23.3,29248040,695087656,5476,-1.10,10.544345093312971
20110621,23.45,24.05,23.45,23.9,31905792,761894208,5026,+0.60,10.815873293140774
20110622,24.1,24.75,24.05,24.45,33090185,808889871,6824,+0.55,11.064774142982925
20110623,24.45,24.6,24.2,24.2,19604321,477968784,4322,-0.25,10.951637393054673
20110624,24.2,24.4,24.0,24.05,17335654,418752596,3243,-0.15,10.883755343097718
20110627,23.8,24.0,23.55,23.8,46033614,1095255389,6486,-0.25,10.770618593169466
20110628,24.0,24.2,23.75,24.0,37770920,902940176,4123,+0.20,10.86112799311207
20110629,24.4,24.95,24.05,24.9,44039944,1084670924,8272,+0.90,11.268420292853772
20110630,24.8,25.1,24.8,25.1,35273748,881250650,7111,+0.20,11.358929692796373
20110701,25.3,26.05,25.1,25.95,66107759,1700663054,12558,+0.85,11.743594642552427
20110704,26.1,26.15,25.7,25.85,32520085,845135775,6024,-0.10,11.698339942581127
20110705,25.85,26.1,25.6,25.95,29685142,770868811,5207,+0.10,11.743594642552427
20110706,26.0,26.15,26.0,26.0,17967950,468406107,3725,+0.05,11.766221992538071
20110707,25.8,26.1,25.7,26.0,22519674,585052816,3841, 0.00,11.766221992538071
20110708,26.0,26.45,25.85,26.15,32355654,847553104,6451,+0.15,11.834104042495026
20110711,26.1,26.1,25.9,26.05,15534552,403891765,2851,-0.10,11.78884934252373
20110712,25.75,26.0,25.45,25.7,24266061,624421791,4473,-0.35,11.630457892624179
20110713,25.6,26.1,25.6,26.05,22445338,582685767,3324,+0.35,11.78884934252373
20110714,26.0,26.05,25.7,25.9,11858131,307013764,3045,-0.15,11.72096729256678
20110715,25.95,26.6,25.9,26.45,29095825,764885829,5306,+0.55,11.969868142408924
20110718,26.4,27.0,26.35,26.55,31857212,852561262,5815,+0.10,12.015122842380231
20110719,26.55,27.05,26.5,26.6,24416292,653216169,4075,+0.05,12.037750192365879
20110720,26.7,26.8,26.35,26.7,17652561,469628892,4636,+0.10,12.083004892337176
20110721,26.5,26.7,25.9,26.25,25746818,675800812,5806,-0.45,11.879358742466328
20110722,26.35,27.1,26.1,26.95,27020942,723498846,6734,+0.70,12.196141642265433
20110725,27.0,27.0,26.45,26.65,10608172,282335241,2568,-0.30,12.060377542351523
20110726,26.8,27.95,26.7,27.65,37409165,1024178304,7971,+1.00,12.512924542064534
20110727,27.5,28.75,27.5,28.2,46896762,1329056522,7922,+0.55,12.761825391906685
20110728,27.7,28.35,27.7,28.2,25680669,721884825,4658, 0.00,12.761825391906685
20110729,27.8,28.25,27.6,27.75,19258001,537245088,4244,-0.45,12.55817924203583
20110801,27.85,29.05,27.85,28.7,44772894,1285120112,8009,+0.95,12.988098891763183
20110802,28.7,28.8,27.9,28.2,25569516,723760062,6611,-0.50,12.761825391906685
20110803,27.8,27.8,27.4,27.7,30923749,855650415,6441,-0.50,12.53555189205018
20110804,28.0,29.55,27.9,28.2,74478883,2157134743,13592,+0.50,12.761825391906685
20110805,26.55,27.7,26.35,26.6,73069461,1968878282,14896,-1.60,12.037750192365879
20110808,26.0,27.0,24.75,25.7,83364334,2163383048,16023,-0.90,11.630457892624179
20110809,24.2,26.4,24.1,25.35,93569245,2374689614,17063,-0.35,11.472066442724625
20110810,27.0,27.1,26.05,26.7,73616073,1956908631,14659,+1.35,12.083004892337176
20110811,26.1,26.8,25.85,26.2,56967337,1500518140,10733,-0.50,11.85673139248068
20110812,26.5,26.55,25.55,25.55,50640789,1312043565,10959,-0.65,11.56257584266723
20110815,25.9,26.15,25.5,26.1,25983776,671619830,6297,+0.55,11.811476692509379
20110816,26.3,26.35,25.65,25.8,30575918,791682905,5665,-0.30,11.67571259259548
20110817,25.7,26.3,25.6,25.95,33146123,860810248,6335,+0.15,11.743594642552427
20110818,25.8,26.05,25.6,25.85,26649681,687505824,5029,-0.10,11.698339942581127
20110819,25.05,25.6,24.45,24.65,43925078,1092277250,11298,-1.20,11.155283542925517
20110822,24.65,25.45,24.3,24.95,44345652,1108346550,8175,+0.30,11.291047642839423
20110823,24.0,25.2,23.8,25.1,62242019,1533836855,11311,X0.00,12.019684064531182
20110824,25.2,25.85,24.5,25.45,48625219,1225582325,10856,+0.35,12.187289220809504
20110825,26.0,26.1,24.9,25.05,36102337,921873682,8169,-0.40,11.995740470777132
20110826,25.4,25.45,24.6,25.0,29749601,739717580,7105,-0.05,11.971796877023088
20110829,25.4,25.9,25.25,25.35,35525974,906510975,8273,+0.35,12.139402033301414
20110830,25.8,25.8,25.2,25.4,40653863,1034532049,7420,+0.05,12.163345627055461
20110831,25.6,25.65,25.05,25.65,21280372,539460917,5151,+0.25,12.28306359582569
20110901,25.8,26.5,25.75,25.8,60845375,1590892850,13454,+0.15,12.354894377087827
20110902,26.2,26.2,25.7,25.85,31898806,827908101,6822,+0.05,12.378837970841873
20110905,25.4,25.4,24.9,24.9,40188657,1008215727,8589,-0.95,11.923909689514995
20110906,24.5,24.5,23.25,23.3,61963813,1476148158,15561,-1.60,11.157714689385518
20110907,23.8,23.85,22.3,23.3,86450821,1982538506,17488, 0.00,11.157714689385518
20110908,23.5,24.0,23.3,23.7,38719258,917896399,9005,+0.40,11.34926343941789
20110909,23.9,24.2,23.65,23.9,21594736,516431383,5922,+0.20,11.445037814434075
20110913,23.4,23.4,22.25,22.4,52960454,1201515054,11586,-1.50,10.726730001812689
20110914,22.6,22.8,20.85,21.15,99651672,2124125992,17203,-1.25,10.128140157961532
20110915,21.75,21.85,21.2,21.65,63263995,1362710776,11683,+0.50,10.367576095501995
20110916,22.1,23.15,22.1,22.95,64447711,1464107103,12425,+1.30,10.990109533107194
20110919,22.75,22.75,22.0,22.1,29797565,663311819,7243,-0.85,10.583068439288407
20110920,22.1,22.4,21.3,21.75,32801079,714848403,8004,-0.35,10.415463283010087
20110921,22.15,22.55,21.7,22.2,33106721,736247046,9127,+0.45,10.630955626796503
20110922,21.6,21.6,21.0,21.1,47418002,1007530113,11002,-1.10,10.10419656420749
20110923,20.1,20.5,19.8,20.1,80465357,1619581611,14732,-1.00,9.625324689126565
20110926,20.1,20.2,19.0,19.0,51711166,1011970554,11295,-1.10,9.098565626537548
20110927,19.95,19.95,19.4,19.65,43151292,847733739,8138,+0.65,9.409832345340146
20110928,19.95,20.3,19.65,20.1,59286104,1186397848,9314,+0.45,9.625324689126565
20110929,20.0,21.15,19.85,20.9,49563094,1020018574,10007,+0.80,10.008422189191304
20110930,21.25,21.85,21.2,21.35,68626580,1478830155,13419,+0.45,10.22391453297772
20111003,20.8,20.85,20.1,20.15,35725173,730009621,9197,-1.20,9.649268282880609
20111004,19.6,20.2,19.5,20.2,45098640,900475925,9631,+0.05,9.673211876634655
20111005,20.25,20.35,19.9,19.9,20760566,417398544,5512,-0.30,9.529550314110377
20111006,20.5,21.15,20.5,20.8,43159137,900058762,9241,+0.90,9.960535001683212
20111007,21.4,21.95,21.35,21.6,57652355,1250686107,11907,+0.80,10.343632501747953
20111011,22.5,22.75,22.4,22.5,65238705,1473804670,11848,+0.90,10.77461718932078
20111012,22.4,22.4,21.9,22.15,25706648,569087942,5694,-0.35,10.607012033042455
20111013,22.7,22.7,22.15,22.35,32248288,722853215,7580,+0.20,10.702786408058643
20111014,22.0,22.05,21.7,21.7,22603446,493835561,5416,-0.65,10.391519689256043
20111017,22.0,22.5,21.75,22.3,40179799,887889453,7356,+0.60,10.678842814304595
20111018,21.8,22.05,21.65,21.8,22439079,488784766,5343,-0.50,10.439406876764135
20111019,22.15,22.15,21.65,22.0,28505005,624538325,6850,+0.20,10.535181251780317
20111020,21.95,22.0,21.4,21.45,25549513,553134073,6958,-0.55,10.27180172048581
20111021,21.7,21.85,21.5,21.85,22929901,497985301,5009,+0.40,10.463350470518181
20111024,22.35,22.75,22.25,22.55,62840695,1419798670,11331,+0.70,10.798560783074826
20111025,22.75,23.0,22.55,22.8,39447549,897653455,8513,+0.25,10.918278751845056
20111026,22.5,22.8,22.4,22.7,29145249,660924936,5494,-0.10,10.870391564336964
20111027,22.75,23.1,22.55,22.75,45429456,1040490968,8033,+0.05,10.894335158091012
20111028,23.8,23.95,23.35,23.5,84391279,1994382124,13699,+0.75,11.253489064401704
20111031,23.6,23.9,23.15,23.35,35187494,828640585,6946,-0.15,11.181658283139564
20111101,23.0,23.6,22.85,23.3,39218000,915221903,7158,-0.05,11.157714689385518
20111102,22.25,22.95,22.25,22.8,33825117,766499151,7104,-0.50,10.918278751845056
20111103,22.65,22.7,21.95,22.0,52148354,1157096971,11082,-0.80,10.535181251780317
20111104,22.5,22.8,22.45,22.65,56108697,1268246791,8033,+0.65,10.846447970582918
20111107,22.5,22.5,22.2,22.35,21486844,479433777,4698,-0.30,10.702786408058643
20111108,22.65,22.65,22.05,22.1,26270231,587517724,6778,-0.25,10.583068439288407
20111109,22.4,22.45,21.9,22.05,29545834,652456308,7370,-0.05,10.559124845534365
20111110,21.2,21.55,20.55,20.55,82626912,1717998236,17824,-1.50,9.840817032912982
20111111,20.55,20.75,20.2,20.65,29690140,609877983,7578,+0.10,9.888704220421072
20111114,21.05,21.3,20.65,20.7,41828387,874503872,9341,+0.05,9.91264781417512
20111115,20.55,20.7,20.2,20.45,30805626,627515165,6088,-0.25,9.79292984540489
20111116,20.35,20.6,19.8,19.8,56213965,1131985910,11206,-0.65,9.481663126602289
20111117,19.35,19.75,19.2,19.55,48596344,945269026,10343,-0.25,9.361945157832059
20111118,19.3,20.0,19.25,19.7,58403036,1150596532,11651,+0.15,9.433775939094193
20111121,19.6,19.95,19.5,19.7,43532790,861300071,9892, 0.00,9.433775939094193
20111122,20.5,20.5,19.6,19.8,60077785,1201301558,11024,+0.10,9.481663126602289
20111123,19.6,19.75,19.05,19.05,41535460,804359451,9723,-0.75,9.122509220291597
20111124,19.15,19.9,19.15,19.8,63512607,1243545004,12114,+0.75,9.481663126602289
20111125,19.9,20.0,19.2,19.25,49528541,967472686,10403,-0.55,9.21828359530778
20111128,19.55,19.7,19.45,19.55,27261301,534087233,5124,+0.30,9.361945157832059
20111129,19.9,19.9,19.55,19.8,27804141,549491869,5262,+0.25,9.481663126602289
20111130,19.8,19.8,19.3,19.5,32802231,640411636,6317,-0.30,9.33800156407801
20111201,20.85,20.85,20.5,20.85,60575088,1259753595,9812,+1.35,9.984478595437254
20111202,20.85,21.1,20.6,20.75,51558545,1074774286,9628,-0.10,9.936591407929164
20111205,20.9,20.9,20.25,20.55,40672874,814271628,5965,-0.20,9.840817032912982
20111206,20.55,20.55,20.05,20.15,25409204,516780701,5547,-0.40,9.649268282880609
20111207,20.4,20.6,20.35,20.6,28987961,593773669,6457,+0.45,9.864760626667024
20111208,20.5,20.6,20.1,20.45,27165954,553514946,5355,-0.15,9.79292984540489
20111209,20.05,20.55,20.0,20.35,42859668,868578474,6662,-0.10,9.745042657896796
20111212,20.85,20.85,20.6,20.75,22698846,470306503,5011,+0.40,9.936591407929164
20111213,20.3,20.5,20.0,20.05,22993750,465266108,4950,-0.70,9.601381095372519
20111214,20.35,20.35,20.0,20.05,21719299,436332774,4598, 0.00,9.601381095372519
20111215,19.85,19.85,19.25,19.25,37421248,727977947,8187,-0.80,9.21828359530778
20111216,19.5,19.6,19.25,19.45,18413250,357302062,4059,+0.20,9.314057970323963
20111219,19.35,19.35,18.1,18.2,53832605,998226365,11533,-1.25,8.71546812647281
20111220,18.5,18.5,17.6,17.65,84975350,1517385658,15634,-0.55,8.452088595178301
20111221,18.85,18.85,18.65,18.85,46158795,869317561,5802,+1.20,9.026734845275412
20111222,19.1,19.7,19.05,19.6,73726792,1436641294,13883,+0.75,9.385888751586103
20111223,20.1,20.7,20.05,20.4,70120309,1435570967,13906,+0.80,9.768986251650837
20111226,20.4,20.4,20.0,20.05,30161935,605911068,7831,-0.35,9.601381095372519
20111227,20.0,20.2,19.7,20.15,22050763,440029146,5361,+0.10,9.649268282880609
20111228,20.25,20.25,20.0,20.0,13032331,262120570,3485,-0.15,9.577437501618471
20111229,20.0,20.2,19.8,20.2,14849411,297756235,3332,+0.20,9.673211876634655
20111230,20.5,20.65,20.2,20.2,31142205,634703064,6738, 0.00,9.673211876634655
20120102,20.2,20.2,19.45,19.45,29936078,589255692,7005,-0.75,9.314057970323963
20120103,19.5,20.1,19.5,19.95,29679081,591822437,6474,+0.50,9.553493907864425
20120104,20.2,20.55,20.15,20.3,36266187,736286346,7631,+0.35,9.72109906414275
20120105,20.4,20.45,20.15,20.45,22795383,463316387,4021,+0.15,9.79292984540489
20120106,20.4,20.5,20.15,20.4,35593763,723263305,5806,-0.05,9.768986251650837
20120109,20.35,20.35,19.9,20.2,22474885,451661665,4564,-0.20,9.673211876634655
20120110,20.45,20.8,20.35,20.7,70163410,1446040807,11708,+0.50,9.91264781417512
20120111,20.9,20.9,20.45,20.45,42294793,872988593,8015,-0.25,9.79292984540489
20120112,20.65,20.65,20.4,20.45,30258944,621155967,5735, 0.00,9.79292984540489
20120113,20.65,20.75,20.4,20.45,49799916,1021725289,7572, 0.00,9.79292984540489
20120116,20.9,20.9,19.5,19.55,66440332,1329262982,14150,-0.90,9.361945157832059
20120117,19.65,19.75,19.2,19.7,45228096,882398804,9870,+0.15,9.433775939094193
20120118,19.6,19.6,18.95,19.0,61747051,1183002633,15109,-0.70,9.098565626537548
20120130,19.55,19.7,19.3,19.3,50730178,989074146,9829,+0.30,9.242227189061827
20120131,19.45,20.45,19.4,20.3,83109101,1670360955,14388,+1.00,9.72109906414275
20120201,20.4,21.5,20.2,20.95,96764085,2037871935,19148,+0.65,10.03236578294535
20120202,21.45,21.65,21.05,21.35,47517321,1014236287,9330,+0.40,10.22391453297772
20120203,21.5,21.65,21.0,21.6,50219671,1076272400,9445,+0.25,10.343632501747953
20120204,21.9,22.7,21.8,22.15,75084158,1674239205,14122,+0.55,10.607012033042455
20120206,22.05,22.15,21.45,21.5,40777423,891136210,10687,-0.65,10.295745314239856
20120207,21.8,22.2,21.65,21.8,29193163,638767854,5760,+0.30,10.439406876764135
20120208,22.15,22.65,22.1,22.6,53192469,1194138863,9338,+0.80,10.822504376828872
20120209,22.55,22.7,22.3,22.7,41497782,936509175,7249,+0.10,10.870391564336964
20120210,22.7,23.0,22.45,22.95,48476878,1105531260,7994,+0.25,10.990109533107194
20120213,23.0,23.1,22.65,22.85,24992124,571701444,5169,-0.10,10.942222345599108
20120214,22.8,22.8,22.15,22.5,29838700,668861725,7839,-0.35,10.77461718932078
20120215,22.5,22.75,22.1,22.75,41359650,931453311,7912,+0.25,10.894335158091012
20120216,22.5,22.55,21.9,21.95,32183491,714604969,7378,-0.80,10.511237658026271
20120217,22.2,22.45,21.45,21.5,51616337,1126314620,9969,-0.45,10.295745314239856
20120220,21.7,21.7,21.4,21.4,34597060,743380599,7248,-0.10,10.247858126731764
20120221,21.3,21.35,20.95,21.25,28372242,598940805,6721,-0.15,10.176027345469626
20120222,21.2,22.05,21.1,22.0,38257326,833665934,8345,+0.75,10.535181251780317
20120223,21.95,22.0,21.5,21.5,33880395,733835721,6427,-0.50,10.295745314239856
20120224,21.95,21.95,21.5,21.9,28965624,630669367,5151,+0.40,10.487294064272223
20120229,22.0,22.9,22.0,22.9,74634351,1690932097,14663,+1.00,10.966165939353148
20120301,22.5,22.7,22.1,22.55,37552410,840385405,7758,-0.35,10.798560783074826
20120302,22.6,22.7,21.8,21.85,40479137,892401721,8767,-0.70,10.463350470518181
20120303,21.6,21.7,21.45,21.6,22187175,478385392,5569,-0.25,10.343632501747953
20120305,21.4,21.45,21.05,21.15,38897125,822407348,9289,-0.45,10.128140157961532
20120306,21.0,21.15,20.5,20.8,48329305,1002467869,10395,-0.35,9.960535001683212
20120307,20.4,20.65,20.3,20.35,25449679,520095401,7280,-0.45,9.745042657896796
20120308,20.8,21.4,20.5,21.15,47338482,993413190,10991,+0.80,10.128140157961532
20120309,21.0,21.3,20.7,21.25,30591712,644215817,6295,+0.10,10.176027345469626
20120312,21.3,21.3,20.9,21.05,13194383,278103488,3821,-0.20,10.080252970453442
20120313,21.25,21.75,21.25,21.65,36636702,790627129,8899,+0.60,10.367576095501995
20120314,22.2,22.45,21.9,22.0,43938594,971413105,9230,+0.35,10.535181251780317
20120315,22.2,22.3,21.85,22.15,20785505,458521641,4980,+0.15,10.607012033042455
20120316,22.1,22.1,21.6,21.6,14890039,324209301,3810,-0.55,10.343632501747953
20120319,21.6,21.8,21.2,21.4,18200381,389312629,5194,-0.20,10.247858126731764
20120320,21.4,21.45,21.15,21.25,15158724,322519107,3394,-0.15,10.176027345469626
20120321,21.4,21.5,21.25,21.45,19035524,406815237,3448,+0.20,10.27180172048581
20120322,21.45,21.8,21.45,21.7,19688399,427360590,4957,+0.25,10.391519689256043
20120323,22.0,22.15,21.85,21.95,27298164,600941404,6774,+0.25,10.511237658026271
20120326,21.95,21.95,21.3,21.35,30040118,644642943,7509,-0.60,10.22391453297772
20120327,21.45,21.5,21.3,21.4,14368403,307129081,3299,+0.05,10.247858126731764
20120328,21.6,21.6,21.15,21.3,18706796,398019686,3432,-0.10,10.199970939223672
20120329,21.2,21.25,20.8,21.1,26596144,559190714,5150,-0.20,10.10419656420749
20120330,20.85,21.05,20.8,20.85,30086979,627947783,5877,-0.25,9.984478595437254
20120402,20.75,21.05,20.65,20.9,16457804,344446237,3264,+0.05,10.008422189191304
20120403,21.15,21.6,21.15,21.4,43363416,926246777,9749,+0.50,10.247858126731764
20120405,20.8,21.35,20.75,21.15,30465087,640966511,6163,-0.25,10.128140157961532
20120406,21.1,21.25,20.8,21.1,26992598,565710420,6122,-0.05,10.10419656420749
20120409,20.65,21.1,20.55,20.85,16138656,336611726,3579,-0.25,9.984478595437254
20120410,21.1,21.3,20.8,21.0,29839168,627887773,4589,+0.15,10.056309376699396
20120411,20.8,21.5,20.7,21.35,22687760,481041268,6237,+0.35,10.22391453297772
20120412,21.5,21.5,21.1,21.25,15298638,324597547,4217,-0.10,10.176027345469626
20120413,21.55,21.55,21.35,21.4,19244454,412301793,4363,+0.15,10.247858126731764
20120416,21.1,21.5,21.0,21.45,13526279,288213033,3515,+0.05,10.27180172048581
20120417,21.55,21.7,21.25,21.5,27926951,600381530,6747,+0.05,10.295745314239856
20120418,21.8,22.1,21.55,21.7,48399086,1056401581,10410,+0.20,10.391519689256043
20120419,21.8,22.2,21.55,22.0,40097914,881722284,7519,+0.30,10.535181251780317
20120420,22.0,22.3,21.55,21.55,31058887,681914904,6430,-0.45,10.3196889079939
20120423,21.45,22.3,21.4,22.3,50109807,1104349283,11131,+0.75,10.678842814304595
20120424,22.3,22.35,22.05,22.3,25618136,569918497,5615, 0.00,10.678842814304595
20120425,22.4,22.65,22.15,22.15,30787623,690556559,5338,-0.15,10.607012033042455
20120426,22.4,22.5,22.25,22.4,27345043,612999838,5463,+0.25,10.726730001812689
20120427,22.6,22.6,22.25,22.55,22624313,507264742,6134,+0.15,10.798560783074826
20120430,22.3,23.1,22.3,23.1,34593230,788736790,6482,+0.55,11.061940314369338
20120502,23.0,23.1,22.75,22.9,24499703,561753150,7354,-0.20,10.966165939353148
20120503,22.6,22.8,22.5,22.5,16342417,369457113,4309,-0.40,10.77461718932078
20120504,22.5,22.7,22.3,22.45,21421222,480844205,4429,-0.05,10.750673595566735
20120507,22.05,22.4,21.8,22.35,29683674,652500685,7436,-0.10,10.702786408058643
20120508,22.45,22.5,22.1,22.35,17542085,390090977,4120, 0.00,10.702786408058643
20120509,22.0,22.25,21.85,21.85,15711917,345582609,4267,-0.50,10.463350470518181
20120510,21.85,22.3,21.85,22.25,14231555,315521701,3896,+0.40,10.654899220550552
20120511,22.15,22.25,21.2,21.4,38822031,837030457,9357,-0.85,10.247858126731764
20120514,21.4,21.65,21.3,21.65,9432969,202785114,3525,+0.25,10.367576095501995
20120515,21.55,21.7,21.3,21.7,15023521,322884487,4183,+0.05,10.391519689256043
20120516,21.7,21.8,21.0,21.0,26368875,559837334,6869,-0.70,10.056309376699396
20120517,21.3,21.75,21.1,21.55,23956178,514130656,6528,+0.55,10.3196889079939
20120518,21.15,21.3,20.75,20.8,33807220,710276920,7580,-0.75,9.960535001683212
20120521,20.95,21.15,20.85,21.05,11777190,247912580,3519,+0.25,10.080252970453442
20120522,21.3,21.3,21.05,21.2,9676892,204774541,2860,+0.15,10.152083751715582
20120523,20.9,20.95,20.4,20.5,22751503,467024491,5829,-0.70,9.816873439158934
20120524,20.5,20.7,19.65,19.95,41224858,827170634,9117,-0.55,9.553493907864425
20120525,20.0,20.0,19.7,19.85,24391071,484135738,5528,-0.10,9.505606720356335
20120528,20.0,20.5,19.85,20.3,20907114,424300384,5130,+0.45,9.72109906414275
20120529,20.5,21.0,20.45,20.9,21085141,439140426,5282,+0.60,10.008422189191304
20120530,20.9,21.05,20.6,20.9,35887476,744694230,5426, 0.00,10.008422189191304
20120531,20.35,20.75,20.1,20.75,38382650,781949479,8868,-0.15,9.936591407929164
20120601,20.3,20.45,20.1,20.2,14301482,290064570,4412,-0.55,9.673211876634655
20120604,19.65,19.9,19.2,19.4,30092861,587506579,7250,-0.80,9.290114376569917
20120605,19.8,20.05,19.75,20.05,18958277,377363640,5327,+0.65,9.601381095372519
20120606,20.25,20.4,20.0,20.15,15793291,318728987,3946,+0.10,9.649268282880609
20120607,20.7,20.7,20.4,20.5,16990145,349066791,8188,+0.35,9.816873439158934
20120608,20.8,21.1,20.7,20.8,28575450,596748842,7564,+0.30,9.960535001683212
20120611,21.15,21.3,21.1,21.3,19552833,414951869,5041,+0.50,10.199970939223672
20120612,21.0,21.35,21.0,21.2,11651000,246648550,2944,-0.10,10.152083751715582
20120613,21.35,21.75,21.05,21.65,24572289,526449801,6339,+0.45,10.367576095501995
20120614,21.65,21.8,21.4,21.4,21509034,464469411,5968,-0.25,10.247858126731764
20120615,21.6,21.7,21.3,21.3,35488497,762948956,5447,-0.10,10.199970939223672
20120618,22.0,22.0,21.7,21.75,27808809,606076989,5019,+0.45,10.415463283010087
20120619,21.65,21.7,21.4,21.6,19107500,411658079,3985,-0.15,10.343632501747953
20120620,21.6,21.65,21.4,21.6,28330056,609580387,5933, 0.00,10.343632501747953
20120621,21.1,21.3,20.95,21.05,27426704,579090137,6685,-0.55,10.080252970453442
20120622,20.75,21.3,20.6,21.3,25203626,527727817,5941,+0.25,10.199970939223672
20120625,21.2,21.5,21.05,21.05,24996431,529763051,5046,-0.25,10.080252970453442
20120626,21.0,21.0,20.85,21.0,13629689,285738714,4544,-0.05,10.056309376699396
20120627,21.15,21.75,20.95,21.7,39003631,841553030,8391,+0.70,10.391519689256043
20120628,21.8,21.8,21.45,21.5,22374345,482495629,5149,-0.20,10.295745314239856
20120629,21.6,21.85,21.45,21.85,24395089,529815950,6018,+0.35,10.463350470518181
20120702,22.05,22.4,22.0,22.2,39253554,871191527,8565,+0.35,10.630955626796503
20120703,22.4,22.7,22.25,22.55,48544270,1092757222,8982,+0.35,10.798560783074826
20120704,22.7,22.9,22.6,22.85,41434920,942000435,7395,+0.30,10.942222345599108
20120705,22.8,23.0,22.8,22.95,33286227,761240601,6307,+0.10,10.990109533107194
20120706,23.0,23.0,22.7,22.85,23979962,547287909,4307,-0.10,10.942222345599108
20120709,22.7,22.75,22.45,22.6,13458633,303971584,3825,-0.25,10.822504376828872
20120710,22.55,22.7,22.3,22.4,22991864,517556883,4594,-0.20,10.726730001812689
20120711,22.5,23.15,22.35,23.1,38139996,873464008,8723,+0.70,11.061940314369338
20120712,23.05,23.3,22.95,23.15,34891472,805809952,8991,+0.05,11.085883908123378
20120713,23.05,23.3,22.95,23.25,30880625,713391023,6340,+0.10,11.133771095631472
20120716,23.25,23.25,22.85,22.85,18700133,431097596,3600,-0.40,10.942222345599108
20120717,22.8,23.4,22.8,23.4,25041543,582542287,6568,+0.55,11.205601876893612
20120718,23.35,23.35,22.85,22.9,27851095,641898909,4768,-0.50,10.966165939353148
20120719,23.0,23.2,22.9,22.9,19825630,456478501,3845, 0.00,10.966165939353148
20120720,22.85,23.15,22.85,23.15,13082625,301216626,3202,+0.25,11.085883908123378
20120723,22.9,23.1,22.75,23.1,17107851,392362241,4269,-0.05,11.061940314369338
20120724,23.0,23.15,22.8,23.15,18871772,434100152,3564,+0.05,11.085883908123378
20120725,22.9,23.3,22.8,23.3,32927858,761728868,7159,+0.15,11.157714689385518
20120726,23.3,23.5,23.05,23.05,34921362,809989376,5896,-0.25,11.037996720615288
20120727,23.1,23.4,23.1,23.4,23497901,546571556,4366,+0.35,11.205601876893612
20120730,23.45,24.2,23.4,23.7,43211952,1032583721,8948,+0.30,11.34926343941789
20120731,23.8,24.35,23.65,24.35,47384318,1138296372,8716,+0.65,11.66053015822049
20120801,24.35,24.5,24.15,24.25,23786343,577455802,5346,-0.10,11.612642970712395
20120803,24.1,24.15,24.0,24.0,44977396,1080115811,4914,-0.25,11.492925001942163
20120806,24.2,24.5,24.2,24.25,51165689,1243927877,6116,+0.25,11.612642970712395
20120807,24.35,24.4,23.9,24.05,60410495,1459700080,7559,-0.20,11.516868595696213
20120808,23.15,23.35,23.1,23.3,65094453,1512081851,8650,X0.00,11.740007924737826
20120809,23.3,23.7,23.2,23.7,62532587,1460962078,9293,+0.40,11.941553125162507
20120810,23.7,23.7,23.2,23.35,31914271,745342542,5082,-0.35,11.76520107479091
20120813,23.4,23.4,23.0,23.15,18632863,430868956,3394,-0.20,11.664428474578568
20120814,23.05,23.3,22.55,22.7,40935031,935109122,8836,-0.45,11.4376901241008
20120815,22.85,22.95,22.65,22.75,32944201,749455646,7249,+0.05,11.462883274153887
20120816,22.9,23.05,22.65,22.85,34045425,778425937,5890,+0.10,11.513269574260057
20120817,22.9,22.95,22.65,22.9,21947445,500478220,3828,+0.05,11.53846272431314
20120820,22.8,22.9,22.65,22.65,13743839,312236571,2679,-0.25,11.41249697404771
20120821,22.85,23.3,22.85,23.3,38945578,900498937,6674,+0.65,11.740007924737826
20120822,23.4,23.6,23.3,23.4,30627438,717794594,5569,+0.10,11.790394224843995
20120823,23.4,23.55,23.2,23.3,16286966,379811331,3459,-0.10,11.740007924737826
20120824,23.3,23.3,23.0,23.05,24742664,571235933,5246,-0.25,11.614042174472402
20120827,23.1,23.2,22.8,22.8,20169856,461940850,4008,-0.25,11.488076424206971
20120828,22.65,22.7,22.45,22.45,25493154,574683633,4190,-0.35,11.311724373835371
20120829,22.6,22.8,22.55,22.65,23295612,528968791,3654,+0.20,11.41249697404771
20120830,22.55,22.7,22.2,22.3,31545394,706402130,6220,-0.35,11.236144923676116
20120831,22.4,22.55,22.25,22.55,18668508,418367562,3666,+0.25,11.362110673941544
20120903,22.8,22.95,22.6,22.6,26677472,607129511,6559,+0.05,11.387303823994634
20120904,22.65,22.65,22.15,22.25,30925652,690738610,7858,-0.35,11.21095177362303
20120905,22.2,22.25,21.85,21.9,29895768,657502496,7060,-0.35,11.034599723251432
20120906,22.0,22.1,21.85,21.9,15870036,348427478,4705, 0.00,11.034599723251432
20120907,22.4,22.45,22.15,22.25,26419748,590429545,6457,+0.35,11.21095177362303
20120910,22.3,22.55,22.3,22.5,16856960,378440554,4396,+0.25,11.336917523888458
20120911,22.55,22.55,22.2,22.2,10912364,243546139,3089,-0.30,11.185758623569944
20120912,22.35,22.6,22.3,22.45,17111464,384713313,4159,+0.25,11.311724373835371
20120913,22.6,22.65,22.5,22.55,14705277,332285613,4369,+0.10,11.362110673941544
20120914,22.9,23.35,22.8,23.35,58275641,1347522483,12072,+0.80,11.76520107479091
20120917,23.4,23.8,23.35,23.45,51327772,1213367710,10184,+0.10,11.81558737489708
20120918,22.9,23.2,22.6,22.95,45922722,1054772156,8848,-0.50,11.563655874366225
20120919,22.85,23.1,22.75,22.8,35333717,807638012,6501,-0.15,11.488076424206971
20120920,22.75,23.0,22.35,22.5,32230651,728846004,8342,-0.30,11.336917523888458
20120921,22.55,22.7,22.45,22.6,17319660,391812512,4665,+0.10,11.387303823994634
20120924,22.6,22.6,22.35,22.5,16172361,363972621,4648,-0.10,11.336917523888458
20120925,22.5,22.7,22.5,22.6,16087680,363728476,4363,+0.10,11.387303823994634
20120926,22.55,22.7,22.3,22.65,26284880,590782057,5110,+0.05,11.41249697404771
20120927,22.7,22.8,22.55,22.8,21336116,485238102,4558,+0.15,11.488076424206971
20120928,22.8,22.8,22.45,22.6,17571274,396911572,3914,-0.20,11.387303823994634
20121001,22.4,22.55,22.35,22.35,12565024,281465394,2814,-0.25,11.261338073729206
20121002,22.55,22.7,22.5,22.7,13265311,300093078,3750,+0.35,11.4376901241008
20121003,22.5,22.55,22.2,22.3,34954186,780400489,9103,-0.40,11.236144923676116
20121004,22.35,22.45,22.2,22.35,16640162,371792134,4041,+0.05,11.261338073729206
20121005,22.35,22.75,22.3,22.7,25790672,582766091,6420,+0.35,11.4376901241008
20121008,22.7,22.7,22.25,22.3,19836887,443561864,4841,-0.40,11.236144923676116
20121009,22.4,22.5,22.3,22.3,14492116,324616436,3657, 0.00,11.236144923676116
20121011,22.1,22.25,22.0,22.0,21168818,467410833,5482,-0.30,11.084986023357603
20121012,22.0,22.1,21.75,21.95,22402133,491194626,4317,-0.05,11.059792873304518
20121015,21.9,21.95,21.65,21.8,15583251,339309145,3368,-0.15,10.984213423145262
20121016,21.8,22.05,21.8,22.0,14646128,321671316,3685,+0.20,11.084986023357603
20121017,22.1,22.1,21.7,21.9,27870713,610482673,5441,-0.10,11.034599723251432
20121018,21.9,22.15,21.8,22.15,18837252,414610655,3559,+0.25,11.16056547351686
20121019,22.15,22.15,21.8,22.0,22593000,497589600,3312,-0.15,11.084986023357603
20121022,21.8,22.1,21.7,21.95,11419929,249999809,2766,-0.05,11.059792873304518
20121023,21.95,22.05,21.9,22.0,9540162,209537964,2436,+0.05,11.084986023357603
20121024,21.75,22.0,21.7,21.8,17629021,384902949,3547,-0.20,10.984213423145262
20121025,21.95,22.0,21.75,21.75,10942339,239311339,2812,-0.05,10.959020273092174
20121026,21.8,21.8,21.1,21.1,24870191,531399764,5060,-0.65,10.631509322402065
20121029,21.05,21.3,21.0,21.15,15277511,322991146,3188,+0.05,10.656702472455152
20121030,21.15,21.45,21.15,21.4,11704650,249689160,2692,+0.25,10.782668222720577
20121031,21.4,21.4,21.0,21.25,17214033,364196711,3309,-0.15,10.70708877256132
20121101,21.0,21.1,20.75,21.05,16494090,344582602,3761,-0.20,10.606316172348981
20121102,21.3,21.6,21.3,21.6,15802670,338359000,4308,+0.55,10.883440822932917
20121105,21.5,21.5,21.2,21.3,10076103,214895206,3129,-0.30,10.732281922614405
20121106,21.5,21.5,21.15,21.3,10159773,216011366,2893, 0.00,10.732281922614405
20121107,21.4,21.6,21.3,21.5,14034601,301176798,3346,+0.20,10.833054522826751
20121108,21.3,21.35,21.05,21.25,16435272,348686181,4383,-0.25,10.70708877256132
20121109,21.05,21.2,20.85,21.2,24650460,518665888,6569,-0.05,10.681895622508236
20121112,21.3,21.3,21.05,21.1,10603565,223896930,3318,-0.10,10.631509322402065
20121113,21.2,21.2,20.8,20.8,19174105,401238525,5116,-0.30,10.480350422083553
20121114,20.8,20.9,20.65,20.85,8566506,178207745,2581,+0.05,10.505543572136636
20121115,20.8,20.8,20.5,20.5,12846441,265057601,3681,-0.35,10.32919152176504
20121116,20.7,20.85,20.6,20.8,12509052,259414402,3198,+0.30,10.480350422083553
20121119,20.9,21.2,20.9,21.0,12908183,271530691,3877,+0.20,10.581123022295893
20121120,21.3,21.4,21.15,21.4,14810209,315405862,3826,+0.40,10.782668222720577
20121121,21.4,21.55,21.0,21.2,16553435,352835644,4306,-0.20,10.681895622508236
20121122,21.4,21.65,21.3,21.35,17502338,376131439,4360,+0.15,10.757475072667493
20121123,21.65,21.9,21.55,21.9,30144733,657391746,7187,+0.55,11.034599723251432
20121126,22.0,22.4,22.0,22.4,36336330,808286298,7164,+0.50,11.286531223782285
20121127,22.4,22.5,22.2,22.4,18675087,417867492,5148, 0.00,11.286531223782285
20121128,22.4,22.45,22.15,22.4,19957206,444908009,3506, 0.00,11.286531223782285
20121129,22.5,22.65,22.45,22.55,29418023,663272851,5889,+0.15,11.362110673941544
20121130,22.55,22.75,22.5,22.75,25938984,587326442,4801,+0.20,11.462883274153887
20121203,22.7,22.9,22.55,22.75,15965139,363225297,4074, 0.00,11.462883274153887
20121204,22.6,22.7,22.5,22.7,10468622,236602410,3365,-0.05,11.4376901241008
20121205,22.7,22.9,22.55,22.85,15035722,342665992,4434,+0.15,11.513269574260057
20121206,22.85,22.9,22.65,22.9,15683253,358078822,3784,+0.05,11.53846272431314
20121207,22.9,23.0,22.8,22.9,19229563,441050200,4169, 0.00,11.53846272431314
20121210,22.9,23.0,22.5,22.5,19387680,440443912,4716,-0.40,11.336917523888458
20121211,22.5,22.55,22.1,22.2,30396542,676663263,5925,-0.30,11.185758623569944
20121212,22.5,22.95,22.4,22.9,41255548,937103065,9337,+0.70,11.53846272431314
20121213,23.0,23.0,22.8,23.0,25414352,582486296,5798,+0.10,11.588849024419309
20121214,22.8,23.0,22.75,23.0,17760095,406268182,4354, 0.00,11.588849024419309
20121217,22.9,22.95,22.55,22.7,16092916,365170502,3934,-0.30,11.4376901241008
20121218,22.65,22.9,22.65,22.9,11743695,267653616,3181,+0.20,11.53846272431314
20121219,23.0,23.2,22.8,22.9,33203255,764921333,6850, 0.00,11.53846272431314
20121220,22.8,22.8,22.5,22.6,29570731,656264341,4117,-0.30,11.387303823994634
20121221,22.65,22.7,22.3,22.4,14129993,316419360,3708,-0.20,11.286531223782285
20121222,22.3,22.55,22.3,22.45,2449119,55023655,763,+0.05,11.311724373835371
20121224,22.4,22.5,22.35,22.45,6153204,137874782,1680, 0.00,11.311724373835371
20121225,22.3,22.75,22.3,22.75,6483595,146495524,2064,+0.30,11.462883274153887
20121226,22.7,22.8,22.65,22.75,9735519,221587047,2464, 0.00,11.462883274153887
20121227,22.75,22.75,22.35,22.5,20596521,463858891,3749,-0.25,11.336917523888458
20121228,22.75,22.8,22.55,22.6,14998191,340330034,3551,+0.10,11.387303823994634
20130102,22.75,22.9,22.6,22.9,16092098,367339014,4799,+0.30,11.53846272431314
20130103,23.0,23.1,22.9,23.1,27822690,641054020,6396,+0.20,11.639235324525483
20130104,23.05,23.05,22.8,22.95,15478267,354702126,2896,-0.15,11.563655874366225
20130107,22.9,22.9,22.65,22.8,11328640,258211810,2954,-0.15,11.488076424206971
20130108,22.8,22.9,22.65,22.85,10091157,229963794,2623,+0.05,11.513269574260057
20130109,22.85,23.0,22.7,22.9,22080876,504148116,5172,+0.05,11.53846272431314
20130110,23.0,23.4,22.9,23.4,49489363,1149033786,9835,+0.50,11.790394224843995
20130111,23.5,23.65,23.35,23.35,31052567,728286261,5636,-0.05,11.76520107479091
20130114,23.2,23.5,22.9,23.5,23309889,540401620,5388,+0.15,11.840780524950166
20130115,23.5,23.5,23.15,23.3,17580613,410486862,5201,-0.20,11.740007924737826
20130116,23.4,23.5,23.1,23.1,19251753,448647119,5976,-0.20,11.639235324525483
20130117,23.2,23.3,22.8,22.8,19409775,447422888,6128,-0.30,11.488076424206971
20130118,23.15,23.3,23.05,23.2,13133557,304436784,3934,+0.40,11.689621624631657
20130121,23.1,23.2,22.9,23.0,7245198,167063863,2198,-0.20,11.588849024419309
20130122,23.1,23.3,23.05,23.25,10708810,248144547,3598,+0.25,11.714814774684742
20130123,23.25,23.25,23.1,23.25,6323620,146524163,1821, 0.00,11.714814774684742
20130124,23.0,23.15,22.9,22.95,17139001,394080789,3019,-0.30,11.563655874366225
20130125,22.9,23.2,22.9,23.2,15691575,362489746,3568,+0.25,11.689621624631657
20130128,23.35,23.6,23.35,23.6,27157692,638674111,7134,+0.40,11.89116682505634
20130129,23.7,23.8,23.5,23.65,16926207,399655205,4702,+0.05,11.916359975109422
20130130,23.8,23.8,23.65,23.7,23697912,562927483,7877,+0.05,11.941553125162507
20130131,23.7,24.15,23.55,24.15,26760607,640264265,7214,+0.45,12.16829147564028
20130201,24.15,24.2,24.0,24.15,12190817,293747034,4793, 0.00,12.16829147564028
20130204,24.3,25.8,24.3,25.6,88368208,2241114978,17450,+1.45,12.89889282717976
20130205,25.3,25.75,25.0,25.2,67166891,1708300653,13196,-0.40,12.697347626755073
20130206,25.45,25.9,25.35,25.4,52554778,1345829378,11162,+0.20,12.798120226967413
20130218,25.8,25.8,25.15,25.2,30386194,773064530,7069,-0.20,12.697347626755073
20130219,25.1,25.2,24.85,25.0,22869883,571483934,5776,-0.20,12.596575026542734
20130220,25.35,25.55,25.15,25.35,38858187,985216201,7301,+0.35,12.772927076914334
20130221,25.2,25.2,24.9,24.9,16342896,408695439,3908,-0.45,12.546188726436561
20130222,24.75,24.95,24.55,24.7,34995580,864304134,7146,-0.20,12.445416126224217
20130223,24.9,24.95,24.65,24.9,13890867,344222434,2844,+0.20,12.546188726436561
20130225,24.9,24.9,24.4,24.4,34997877,857217603,7703,-0.50,12.294257225905705
20130226,24.15,24.6,24.15,24.4,28225603,687874014,6318, 0.00,12.294257225905705
20130227,24.6,24.65,24.35,24.45,29608486,725606726,5204,+0.05,12.319450375958793
20130301,24.5,24.95,24.5,24.95,22028772,546395463,5945,+0.50,12.571381876489646
20130304,24.95,24.95,24.5,24.65,23224077,573305116,5158,-0.30,12.420222976171132
20130305,24.85,25.2,24.7,25.1,35312823,881952775,6508,+0.45,12.646961326648901
20130306,25.45,25.45,24.9,24.95,23164419,582711748,5339,-0.15,12.571381876489646
20130307,24.9,25.15,24.9,25.0,16320468,408427507,3768,+0.05,12.596575026542734
20130308,25.1,25.55,25.1,25.4,37152100,944923706,7875,+0.40,12.798120226967413
20130311,25.4,25.6,25.3,25.4,34291254,872774532,7440, 0.00,12.798120226967413
20130312,25.4,25.4,24.9,24.9,29562923,743847091,6365,-0.50,12.546188726436561
20130313,25.2,25.25,24.8,24.8,24494321,613515604,6059,-0.10,12.495802426330389
20130314,24.85,25.1,24.75,24.9,22041052,550198238,5816,+0.10,12.546188726436561
20130315,25.0,25.3,24.75,25.25,27556367,692300849,5650,+0.35,12.722540776808158
20130318,25.0,25.0,24.4,24.45,25416111,625963296,5299,-0.80,12.319450375958793
20130319,24.45,24.6,24.4,24.4,23416001,572944444,4531,-0.05,12.294257225905705
20130320,24.4,24.6,24.15,24.2,33915846,827037599,6534,-0.20,12.19348462569336
20130321,24.2,24.35,24.1,24.1,27525527,665912458,4388,-0.10,12.143098325587198
20130322,24.1,24.1,23.9,23.95,24272695,581705638,4504,-0.15,12.067518875427936
20130325,24.25,24.5,24.25,24.35,27269572,663896991,5322,+0.40,12.26906407585262
20130326,24.35,24.35,24.15,24.15,13292753,322108796,2614,-0.20,12.16829147564028
20130327,24.4,24.4,24.25,24.35,12770776,310478368,3205,+0.20,12.26906407585262
20130328,24.35,24.4,23.9,24.15,19776201,476883611,3952,-0.20,12.16829147564028
20130329,24.1,24.2,23.95,24.15,13500415,324987781,2813, 0.00,12.16829147564028
20130401,24.2,24.25,24.0,24.0,10806619,260942806,2518,-0.15,12.092712025481019
20130402,23.95,24.1,23.75,23.95,16079740,385273979,4559,-0.05,12.067518875427936
20130403,24.2,24.2,24.0,24.15,20010072,481640746,3536,+0.20,12.16829147564028
20130408,23.6,23.6,23.25,23.25,42219321,987675285,6986,-0.90,11.714814774684742
20130409,23.5,23.8,23.35,23.55,23286966,548009458,4861,+0.30,11.865973675003252
20130410,23.55,23.6,23.35,23.6,21181887,497174512,3569,+0.05,11.89116682505634
20130411,23.55,23.65,23.4,23.55,24601216,577681546,3605,-0.05,11.865973675003252
20130412,23.55,23.6,23.3,23.4,12916654,302238782,2484,-0.15,11.790394224843995
20130415,23.3,23.4,22.95,23.2,22310124,516582468,3683,-0.20,11.689621624631657
20130416,23.05,23.1,22.85,22.95,27125403,622667869,4335,-0.25,11.563655874366225
20130417,23.0,23.0,22.55,22.7,40365357,918049463,8212,-0.25,11.4376901241008
20130418,22.65,22.95,22.55,22.75,17931536,408237192,5105,+0.05,11.462883274153887
20130419,22.8,23.15,22.75,23.1,21244544,489084662,5300,+0.35,11.639235324525483
20130422,23.2,23.4,23.15,23.25,15382923,357685839,4356,+0.15,11.714814774684742
20130423,23.0,23.2,22.75,23.2,27517744,630195105,5355,-0.05,11.689621624631657
20130424,23.0,23.45,23.0,23.35,28506464,661815741,5771,+0.15,11.76520107479091
20130425,23.3,23.35,23.15,23.25,26655130,619405151,3860,-0.10,11.714814774684742
20130426,23.2,23.3,22.9,22.9,34554994,798066269,6888,-0.35,11.53846272431314
20130429,22.9,22.95,22.55,22.7,39086627,886355739,7710,-0.20,11.4376901241008
20130430,22.8,23.0,22.75,22.75,30900696,707062087,6711,+0.05,11.462883274153887
20130502,23.0,23.3,22.9,23.2,32299591,746822254,6573,+0.45,11.689621624631657
20130503,23.35,23.55,23.3,23.4,29060257,681250823,5225,+0.20,11.790394224843995
20130506,23.55,23.65,23.35,23.6,26315767,619165843,5814,+0.20,11.89116682505634
20130507,23.55,23.6,23.4,23.5,25624961,602725656,5459,-0.10,11.840780524950166
20130508,23.6,23.85,23.5,23.5,37272515,882924611,6060, 0.00,11.840780524950166
20130509,23.7,23.85,23.55,23.55,22152198,525305412,4227,+0.05,11.865973675003252
20130510,23.55,23.7,23.4,23.4,14786237,348350054,4088,-0.15,11.790394224843995
20130513,23.6,23.6,23.3,23.3,12524621,293674251,2702,-0.10,11.740007924737826
20130514,23.5,23.6,23.3,23.35,13111243,307544613,3802,+0.05,11.76520107479091
20130515,23.4,23.7,23.4,23.65,20806044,491053897,3741,+0.30,11.916359975109422
20130516,23.8,24.45,23.8,24.3,36081864,872966303,8280,+0.65,12.243870925799532
20130517,24.3,24.5,24.2,24.2,19435011,473966560,4456,-0.10,12.19348462569336
20130520,24.2,24.6,24.0,24.5,28334846,692094440,6479,+0.30,12.344643526011879
20130521,24.5,24.55,24.25,24.3,20448423,498831298,4217,-0.20,12.243870925799532
20130522,24.3,24.4,24.25,24.25,19336390,470401805,3223,-0.05,12.218677775746448
20130523,24.25,24.3,23.6,23.75,31053455,741351801,7096,-0.50,11.966746275215597
20130524,23.75,23.8,23.5,23.55,23348845,552200604,4349,-0.20,11.865973675003252
20130527,23.5,24.0,23.45,23.95,16869028,402533024,3843,+0.40,12.067518875427936
20130528,23.8,24.1,23.8,24.0,23528007,564563432,3756,+0.05,12.092712025481019
20130529,24.1,24.15,23.85,24.0,20953870,502344453,3559, 0.00,12.092712025481019
20130530,23.85,23.95,23.6,23.7,23580803,560379410,4653,-0.30,11.941553125162507
20130531,23.95,24.1,23.65,24.1,52906629,1265198346,6530,+0.40,12.143098325587198
20130603,23.8,23.9,23.7,23.75,13929029,331499807,4036,-0.35,11.966746275215597
20130604,23.75,23.8,23.4,23.4,17796284,418686822,4641,-0.35,11.790394224843995
20130605,23.4,23.45,23.2,23.2,22030623,513618377,4400,-0.20,11.689621624631657
20130606,23.1,23.2,22.9,22.9,21143620,487269310,5879,-0.30,11.53846272431314
20130607,22.9,23.1,22.8,22.95,18628509,427689507,4428,+0.05,11.563655874366225
20130610,23.05,23.45,23.0,23.4,14422422,335805307,3320,+0.45,11.790394224843995
20130611,23.3,23.4,23.2,23.2,18412106,428980928,3583,-0.20,11.689621624631657
20130613,23.0,23.1,22.7,22.7,20739288,474170688,5937,-0.50,11.4376901241008
20130614,22.7,22.8,22.6,22.6,15535717,352407640,3790,-0.10,11.387303823994634
20130617,22.7,22.8,22.6,22.65,8736084,198477228,2597,+0.05,11.41249697404771
20130618,22.75,22.8,22.6,22.65,15612109,354118641,3459, 0.00,11.41249697404771
20130619,22.7,22.85,22.6,22.65,18317670,415504787,5032, 0.00,11.41249697404771
20130620,22.6,22.75,22.45,22.7,18892100,426896287,4954,+0.05,11.4376901241008
20130621,22.5,22.8,22.05,22.8,55394157,1241212234,9702,+0.10,11.488076424206971
20130624,22.6,22.6,22.25,22.25,31809875,710299877,7521,-0.55,11.21095177362303
20130625,22.2,22.5,22.05,22.1,28277548,629074656,5259,-0.15,11.135372323463775
20130626,22.35,22.35,22.0,22.1,32143981,712196798,5190, 0.00,11.135372323463775
20130627,22.25,22.5,22.25,22.4,19396999,434713903,3342,+0.30,11.286531223782285
20130628,22.45,22.8,22.4,22.75,20772798,470793268,4031,+0.35,11.462883274153887
20130701,22.75,23.1,22.55,23.0,14621390,335300255,3368,+0.25,11.588849024419309
20130702,23.1,23.15,22.8,23.0,12490627,287559478,3037, 0.00,11.588849024419309
20130703,23.0,23.05,22.6,23.0,17910352,409376887,4004, 0.00,11.588849024419309
20130704,22.85,23.45,22.8,23.4,24533178,570041872,4392,+0.40,11.790394224843995
20130705,23.6,23.6,23.3,23.3,15497928,364316299,3389,-0.10,11.740007924737826
20130708,23.2,23.3,22.95,23.15,13269839,307167459,3290,-0.15,11.664428474578568
20130709,23.2,23.7,23.15,23.65,23177239,545676132,5129,+0.50,11.916359975109422
20130710,23.85,24.5,23.85,24.3,68276337,1655684139,13449,+0.65,12.243870925799532
20130711,24.35,24.8,24.3,24.75,57676119,1422063214,9051,+0.45,12.4706092762773
20130712,24.75,24.85,24.6,24.85,28433000,704873450,6767,+0.10,12.520995576383477
20130715,24.4,24.85,24.4,24.85,19899074,490464963,3657, 0.00,12.520995576383477
20130716,24.8,24.85,24.5,24.75,19218596,473678032,4532,-0.10,12.4706092762773
20130717,24.75,25.2,24.3,25.1,32050024,795459950,6299,+0.35,12.646961326648901
20130718,25.0,25.1,24.85,25.0,27387672,684983495,4832,-0.10,12.596575026542734
20130719,25.0,25.1,24.75,24.95,20865675,520093714,4542,-0.05,12.571381876489646
20130722,25.0,25.2,25.0,25.0,20158783,505719902,3397,+0.05,12.596575026542734
20130723,25.15,25.45,24.8,25.15,45400348,1142736200,6669,+0.15,12.672154476701989
20130724,25.15,25.2,24.9,25.15,25532745,638708275,3215, 0.00,12.672154476701989
20130725,25.0,25.15,24.85,24.95,23045817,575496778,4198,-0.20,12.571381876489646
20130726,25.0,25.2,24.9,25.0,22057207,552442602,5119,+0.05,12.596575026542734
20130729,24.9,25.05,24.85,25.0,10692038,267016256,2149, 0.00,12.596575026542734
20130730,25.2,25.45,25.15,25.45,33622743,852548902,7620,+0.45,12.823313377020503
20130731,25.45,25.45,25.05,25.05,17560617,442702425,3385,-0.40,12.621768176595813
20130801,25.1,25.45,24.95,25.35,23139833,584499125,4247,+0.30,12.772927076914334
20130802,25.45,25.65,25.4,25.65,26039091,665346411,4651,+0.30,12.924085977232838
20130805,25.65,25.85,25.45,25.7,50357753,1292386416,4368,+0.05,12.949279127285928
20130806,25.65,25.65,25.2,25.25,58742050,1483105767,4532,-0.45,12.722540776808158
20130807,25.0,25.4,24.85,25.1,24522352,616152300,4636,-0.15,12.646961326648901
20130808,24.95,25.2,24.85,25.1,54842500,1366609879,4709, 0.00,12.646961326648901
20130809,25.1,25.1,24.65,24.95,55776989,1383761230,4246,-0.15,12.571381876489646
20130812,24.8,24.95,24.75,24.8,39682748,985271737,5527,-0.15,12.495802426330389
20130813,23.9,23.95,23.2,23.3,75309008,1775335338,7686,X0.00,12.284902807320593
20130814,23.3,23.3,23.0,23.2,58967767,1364845738,4148,-0.10,12.232177902568147
20130815,23.0,23.2,22.9,23.0,61733259,1421709012,4542,-0.20,12.126728093063248
20130816,23.0,23.3,22.9,23.2,51821686,1194712794,2937,+0.20,12.232177902568147
20130819,23.2,23.2,23.0,23.05,15965520,368219574,2719,-0.15,12.153090545439472
20130820,23.0,23.2,22.95,23.0,17116980,394262390,3246,-0.05,12.126728093063248
20130822,23.0,23.05,22.8,22.95,42886874,983065559,6400,-0.05,12.10036564068702
20130823,23.05,23.05,22.9,22.95,23392971,537223347,4080, 0.00,12.10036564068702
20130826,23.0,23.05,22.9,23.0,17035815,391557908,2563,+0.05,12.126728093063248
20130827,23.0,23.1,22.95,23.0,17761084,408744874,3338, 0.00,12.126728093063248
20130828,22.9,23.0,22.5,22.65,26594605,603642003,5839,-0.35,11.942190926429674
20130829,22.75,22.85,22.65,22.65,22774717,516798240,5283, 0.00,11.942190926429674
20130830,22.85,22.85,22.7,22.85,15707153,357475056,2872,+0.20,12.047640735934577
20130902,22.85,22.85,22.75,22.8,10362680,236426629,3165,-0.05,12.021278283558352
20130903,23.3,23.35,23.05,23.2,24903168,576862091,4284,+0.40,12.232177902568147
20130904,23.2,23.6,23.1,23.6,28199536,657606626,5311,+0.40,12.44307752157794
20130905,23.6,23.6,23.35,23.45,40474946,948960589,5912,-0.15,12.363990164449266
20130906,23.45,23.45,23.25,23.35,18478429,431227806,3562,-0.10,12.311265259696818
20130909,23.35,23.4,23.15,23.2,17984685,417829951,3863,-0.15,12.232177902568147
20130910,23.35,23.55,23.2,23.55,40946895,958615996,7883,+0.35,12.416715069201716
20130911,23.55,23.55,23.3,23.4,28713009,673028953,4533,-0.15,12.337627712073045
20130912,23.4,23.55,23.35,23.55,16712481,392486765,3756,+0.15,12.416715069201716
20130913,23.55,23.6,23.4,23.55,13157731,309472523,3033, 0.00,12.416715069201716
20130914,23.5,23.6,23.4,23.45,4705952,110595604,1435,-0.10,12.363990164449266
20130916,23.55,24.0,23.55,23.95,30976805,738722430,6644,+0.50,12.627614688211514
20130917,23.9,24.15,23.85,24.1,21696153,520849172,3521,+0.15,12.706702045340183
20130918,24.2,24.3,24.1,24.1,21614019,523092719,5013, 0.00,12.706702045340183
20130923,24.1,24.75,24.1,24.7,40589837,996944578,6817,+0.60,13.023051473854878
20130924,24.65,24.75,24.35,24.75,37143336,914047771,5972,+0.05,13.049413926231098
20130925,24.45,24.8,24.25,24.8,33609835,827247820,5861,+0.05,13.075776378607328
20130926,24.7,24.7,24.2,24.2,21582342,525540245,5631,-0.60,12.759426950092632
20130927,24.25,24.6,24.2,24.6,16652755,408075616,5377,+0.40,12.97032656910243
20130930,24.4,24.5,24.25,24.25,16293484,396416682,3310,-0.35,12.785789402468861
20131001,24.3,24.55,24.25,24.4,15182352,370796513,3179,+0.15,12.864876759597529
20131002,24.3,24.4,23.95,23.95,18484150,445249622,4155,-0.45,12.627614688211514
20131003,24.05,24.85,24.05,24.7,30470712,747573891,7121,+0.75,13.023051473854878
20131004,24.55,24.95,24.55,24.85,20206355,501509506,5454,+0.15,13.102138830983554
20131007,24.8,25.0,24.65,24.9,15982821,397008064,2831,+0.05,13.128501283359775
20131008,24.9,25.1,24.8,25.1,17777450,444715451,4138,+0.20,13.233951092864675
20131009,25.0,25.2,24.95,25.15,20208796,507116950,4474,+0.05,13.2603135452409
20131011,25.3,25.4,25.05,25.1,18535327,467578075,4159,-0.05,13.233951092864675
20131014,24.95,25.25,24.95,25.1,14711671,369573797,3071, 0.00,13.233951092864675
20131015,25.1,25.35,25.1,25.35,18088478,456806892,4734,+0.25,13.365763354745797
20131016,25.3,25.4,25.1,25.2,15122767,382164895,4470,-0.15,13.286675997617126
20131017,25.2,25.3,25.0,25.0,10178562,255617424,2651,-0.20,13.181226188112225
20131018,25.0,25.15,24.85,25.15,9980723,249756475,3382,+0.15,13.2603135452409
20131021,25.0,25.15,24.5,24.7,21769192,539363411,5236,-0.45,13.023051473854878
20131022,24.6,24.8,24.5,24.7,13204547,326263320,4078, 0.00,13.023051473854878
20131023,24.75,24.95,24.75,24.85,10734077,266504426,3227,+0.15,13.102138830983554
20131024,24.7,24.95,24.65,24.95,12543689,311581065,4021,+0.10,13.154863735736006
20131025,24.8,25.0,24.75,24.9,17306662,431136237,3935,-0.05,13.128501283359775
20131028,24.9,25.3,24.7,25.3,25756277,646304629,5703,+0.40,13.339400902369572
20131029,25.0,25.1,24.7,24.85,30434519,758272289,5759,X0.00,13.102138830983554
20131030,24.9,25.1,24.75,25.1,10324337,257905610,2328,+0.25,13.233951092864675
20131031,24.9,25.4,24.9,25.4,20850210,525964730,3873,+0.30,13.39212580712202
20131101,25.3,25.3,24.7,24.95,16806068,419364160,4879,-0.45,13.154863735736006
20131104,24.75,24.8,24.55,24.55,10997852,271067511,3117,-0.40,12.943964116726207
20131105,24.55,24.7,24.4,24.5,9116689,223442184,1955,-0.05,12.917601664349979
20131106,24.5,24.5,24.15,24.3,11625561,282608965,2704,-0.20,12.812151854845085
20131107,24.3,24.3,24.1,24.15,13962625,337933898,2705,-0.15,12.733064497716411
20131108,24.1,24.35,24.1,24.2,10909408,264283390,2314,+0.05,12.759426950092632
20131111,24.2,24.2,23.75,23.85,11684632,280427692,3143,-0.35,12.574889783459067
20131112,24.0,24.3,23.95,24.3,12034646,290764531,3489,+0.45,12.812151854845085
20131113,24.4,24.4,23.8,23.95,15546156,372505577,3656,-0.35,12.627614688211514
20131114,24.0,24.05,23.75,23.95,11394636,272600027,3623, 0.00,12.627614688211514
20131115,23.95,24.05,23.8,23.8,10018254,239741754,2795,-0.15,12.548527331082841
20131118,23.8,24.05,23.75,23.75,11057816,264177338,3558,-0.05,12.522164878706615
20131119,23.75,23.9,23.75,23.8,10480085,249855434,3202,+0.05,12.548527331082841
20131120,23.8,24.2,23.75,24.1,14622796,352108054,4056,+0.30,12.706702045340183
20131121,24.0,24.0,23.7,23.7,14523188,345726549,4371,-0.40,12.495802426330389
20131122,23.7,24.0,23.7,24.0,8746079,208555856,2911,+0.30,12.653977140587738
20131125,24.25,24.65,24.2,24.2,24474996,598120452,5827,+0.20,12.759426950092632
20131126,24.35,24.6,24.25,24.55,21568103,527472555,4215,+0.35,12.943964116726207
20131127,24.5,24.65,24.4,24.55,11519230,282992316,3564, 0.00,12.943964116726207
20131128,24.5,24.8,24.45,24.65,14385825,354903845,3646,+0.10,12.996689021478653
20131129,24.65,24.85,24.6,24.85,14798997,367001064,3353,+0.20,13.102138830983554
20131202,24.85,24.85,24.6,24.7,11275771,279392924,2743,-0.15,13.023051473854878
20131203,24.7,24.9,24.55,24.55,14989134,371133679,3652,-0.15,12.943964116726207
20131204,24.5,24.55,24.35,24.45,12051451,294770615,3442,-0.10,12.891239211973756
20131205,24.4,24.75,24.35,24.55,16415083,402758259,4565,+0.10,12.943964116726207
20131206,24.45,24.6,24.3,24.3,14082462,344611760,3439,-0.25,12.812151854845085
20131209,24.4,24.7,24.4,24.65,13726188,337585007,4378,+0.35,12.996689021478653
20131210,24.55,24.95,24.5,24.95,20799957,516852001,4984,+0.30,13.154863735736006
20131211,24.95,25.3,24.9,25.25,30727810,773655441,9337,+0.30,13.31303844999335
20131212,25.2,25.2,25.0,25.0,13921887,349400095,4086,-0.25,13.181226188112225
20131213,24.9,25.25,24.85,25.25,14002506,351668802,3459,+0.25,13.31303844999335
20131216,25.0,25.3,24.7,25.2,19712120,495699770,4398,-0.05,13.286675997617126
20131217,25.0,25.35,25.0,25.0,18742768,472606957,2532,-0.20,13.181226188112225
20131218,25.0,25.05,24.65,24.7,20192954,500473348,5367,-0.30,13.023051473854878
20131219,24.4,24.6,24.25,24.5,85688720,2095016432,29181,-0.20,12.917601664349979
20131220,24.45,24.6,24.4,24.5,24835770,608368880,6538, 0.00,12.917601664349979
20131223,24.5,24.9,24.5,24.8,25382891,627675019,6965,+0.30,13.075776378607328
20131224,24.8,24.9,24.7,24.75,13212198,327471758,2736,-0.05,13.049413926231098
20131225,24.75,24.9,24.7,24.8,11006938,273127366,2687,+0.05,13.075776378607328
20131226,24.75,24.95,24.75,24.9,12172006,302933906,2808,+0.10,13.128501283359775
20131227,24.85,25.0,24.8,24.9,19890277,496206281,4475, 0.00,13.128501283359775
20131230,25.0,25.15,24.95,25.15,20304667,509546075,6158,+0.25,13.2603135452409
20131231,25.2,25.3,25.1,25.1,17407861,438254275,4356,-0.05,13.233951092864675
20140102,25.0,25.45,25.0,25.25,22841045,578672414,4900,+0.15,13.31303844999335
20140103,25.15,25.3,25.0,25.0,19045806,478605650,4703,-0.25,13.181226188112225
20140106,24.9,25.0,24.8,24.85,14936565,371830231,3457,-0.15,13.102138830983554
20140107,24.85,24.95,24.7,24.7,21469945,532192822,4405,-0.15,13.023051473854878
20140108,24.7,25.0,24.7,24.85,16414396,408516155,3102,+0.15,13.102138830983554
20140109,24.7,24.9,24.5,24.6,35311903,870401462,5503,-0.25,12.97032656910243
20140110,24.7,24.75,24.5,24.6,17374859,427315868,3719, 0.00,12.97032656910243
20140113,24.7,24.85,24.65,24.65,21319730,527715617,3436,+0.05,12.996689021478653
20140114,24.6,24.7,24.55,24.65,15052811,370851762,2224, 0.00,12.996689021478653
20140115,24.65,24.95,24.65,24.8,23764109,590181570,3950,+0.15,13.075776378607328
20140116,24.95,25.0,24.85,24.85,17539495,436861521,2942,+0.05,13.102138830983554
20140117,24.75,24.8,24.65,24.7,11397985,281693620,2366,-0.15,13.023051473854878
20140120,24.7,24.95,24.65,24.85,13279801,330053125,2942,+0.15,13.102138830983554
20140121,24.85,24.85,24.65,24.7,22096679,546563563,3131,-0.15,13.023051473854878
20140122,24.7,24.85,24.65,24.85,13253601,328232773,2394,+0.15,13.102138830983554
20140123,24.9,24.9,24.7,24.75,20338968,504173370,2929,-0.10,13.049413926231098
20140124,24.7,24.75,24.55,24.7,25059774,616997888,5227,-0.05,13.023051473854878
20140127,24.45,24.45,24.25,24.45,43894793,1068938787,7893,-0.25,12.891239211973756
20140205,24.0,24.2,23.9,24.0,53080022,1275771944,10792,-0.45,12.653977140587738
20140206,23.95,24.3,23.9,24.05,34414985,831149999,7615,+0.05,12.680339592963964
20140207,24.2,24.35,24.1,24.35,14404454,349164105,3347,+0.30,12.838514307221308
20140210,24.35,24.45,24.2,24.2,12247493,298109043,4032,-0.15,12.759426950092632
20140211,24.2,24.35,24.2,24.25,9648331,234339885,2454,+0.05,12.785789402468861
20140212,24.35,24.45,24.15,24.25,23551496,570949733,5043, 0.00,12.785789402468861
20140213,24.3,24.3,24.05,24.1,18502854,447148742,3852,-0.15,12.706702045340183
20140214,24.15,24.3,24.0,24.05,30647689,738820857,5623,-0.05,12.680339592963964
20140217,24.05,24.15,23.95,23.95,15709484,376891666,3418,-0.10,12.627614688211514
20140218,24.0,24.2,23.9,24.15,23809246,572504130,4211,+0.20,12.733064497716411
20140219,24.1,24.1,23.85,24.0,24415456,585481694,4323,-0.15,12.653977140587738
20140220,23.9,24.0,23.8,23.8,27609699,659236343,3861,-0.20,12.548527331082841
20140221,24.0,24.25,23.95,24.25,34306741,827877480,5568,+0.45,12.785789402468861
20140224,24.1,24.15,23.85,24.0,21518872,515688828,5772,-0.25,12.653977140587738
20140225,24.0,24.1,23.85,24.0,67709315,1622650744,4818, 0.00,12.653977140587738
20140226,24.0,24.15,23.95,24.15,34121527,820576235,4627,+0.15,12.733064497716411
20140227,24.15,24.25,24.05,24.2,22957845,554232503,3581,+0.05,12.759426950092632
20140303,24.1,24.15,23.7,23.9,31123133,742374377,5556,-0.30,12.601252235835293
20140304,23.7,23.85,23.7,23.7,14846698,352518692,3467,-0.20,12.495802426330389
20140305,23.8,23.9,23.7,23.7,15029709,357351891,5413, 0.00,12.495802426330389
20140306,23.85,23.95,23.7,23.85,21177575,504122483,5707,+0.15,12.574889783459067
20140307,24.0,24.2,23.9,24.2,17559638,423298562,4199,+0.35,12.759426950092632
20140310,24.0,24.1,23.9,23.9,17219271,412171090,2831,-0.30,12.601252235835293
20140311,23.9,23.95,23.75,23.75,15643459,372282359,3898,-0.15,12.522164878706615
20140312,23.7,23.75,23.55,23.6,25031139,591850735,5732,-0.15,12.44307752157794
20140313,23.6,23.8,23.35,23.35,45809224,1076689591,9744,-0.25,12.311265259696818
20140314,23.3,23.35,23.15,23.15,26485650,615243384,6537,-0.20,12.205815450191919
20140317,23.15,23.15,22.9,23.15,30338359,697172547,6075, 0.00,12.205815450191919
20140318,23.15,23.6,23.15,23.45,23736287,555621473,5178,+0.30,12.363990164449266
20140319,23.4,23.4,23.2,23.25,14938742,347460962,3509,-0.20,12.25854035494437
20140320,23.15,23.15,22.9,22.9,31959275,733361511,6960,-0.35,12.0740031883108
20140321,22.9,22.95,22.75,22.75,39703389,906293571,7025,-0.15,11.994915831182125
20140324,22.75,22.95,22.6,22.8,31534868,715754305,6680,+0.05,12.021278283558352
20140325,22.8,23.15,22.75,23.0,21783799,501361277,5558,+0.20,12.126728093063248
20140326,23.05,23.3,23.0,23.1,21896441,506762394,4357,+0.10,12.1794529978157
20140327,23.0,23.25,23.0,23.05,18484005,427213976,4229,-0.05,12.153090545439472
20140328,23.0,23.35,23.0,23.35,15454598,358851957,3807,+0.30,12.311265259696818
20140331,23.2,23.6,23.1,23.6,23707261,554518362,4612,+0.25,12.44307752157794
20140401,23.35,23.45,23.25,23.4,20220510,472300748,5264,-0.20,12.337627712073045
20140402,23.35,23.5,23.3,23.4,22915095,535867394,5131, 0.00,12.337627712073045
20140403,23.4,23.5,23.3,23.4,13240066,309664357,3928, 0.00,12.337627712073045
20140407,23.35,23.45,23.15,23.35,19506021,454365753,4799,-0.05,12.311265259696818
20140408,23.4,23.5,23.35,23.45,12883416,301850208,3371,+0.10,12.363990164449266
20140409,23.5,23.7,23.45,23.7,18901467,446491138,5676,+0.25,12.495802426330389
20140410,23.75,23.85,23.65,23.85,16971022,403207236,5854,+0.15,12.574889783459067
20140411,23.7,23.85,23.65,23.85,16506523,392467588,3340, 0.00,12.574889783459067
20140414,23.85,23.9,23.75,23.75,19878342,473018585,4487,-0.10,12.522164878706615
20140415,23.75,23.85,23.7,23.8,20050847,476755575,5755,+0.05,12.548527331082841
20140416,23.8,23.9,23.7,23.7,26330245,626352158,5060,-0.10,12.495802426330389
20140417,23.7,23.9,23.7,23.8,18233921,434332832,3322,+0.10,12.548527331082841
20140418,23.8,23.9,23.75,23.85,13586849,323914233,3522,+0.05,12.574889783459067
20140421,23.7,23.8,23.65,23.7,10638569,252354044,1848,-0.15,12.495802426330389
20140422,23.7,23.7,23.55,23.55,12222958,288783470,3594,-0.15,12.416715069201716
20140423,23.55,23.65,23.45,23.45,15261589,359404755,4230,-0.10,12.363990164449266
20140424,23.45,23.6,23.4,23.6,14715065,345487857,4841,+0.15,12.44307752157794
20140425,23.4,23.45,23.1,23.1,21526318,500659814,4696,-0.50,12.1794529978157
20140428,23.0,23.2,22.95,23.15,15692652,362365912,3359,+0.05,12.205815450191919
20140429,23.15,23.2,23.05,23.15,9908976,229180092,2088, 0.00,12.205815450191919
20140430,23.15,23.15,23.05,23.1,15712369,363051396,2210,-0.05,12.1794529978157
20140502,23.1,23.3,23.05,23.25,10123929,234872026,2392,+0.15,12.25854035494437
20140505,23.25,23.25,23.1,23.1,8606925,199093023,2217,-0.15,12.1794529978157
20140506,23.1,23.5,23.0,23.45,18046552,419297403,3686,+0.35,12.363990164449266
20140507,23.35,23.6,23.2,23.6,14001498,327076183,3589,+0.15,12.44307752157794
20140508,23.6,23.75,23.35,23.6,19061215,450636923,4546, 0.00,12.44307752157794
20140509,23.55,23.65,23.5,23.5,12841620,302657743,3690,-0.10,12.39035261682549
20140512,23.5,23.55,23.2,23.2,13245512,309918748,2834,-0.30,12.232177902568147
20140513,23.25,23.55,23.25,23.5,12295337,288773106,3546,+0.30,12.39035261682549
20140514,23.55,23.6,23.4,23.6,18523982,435691811,4110,+0.10,12.44307752157794
20140515,23.5,23.75,23.4,23.75,14558736,344306463,4165,+0.15,12.522164878706615
20140516,23.65,23.75,23.5,23.75,10231369,241834095,2503, 0.00,12.522164878706615
20140519,23.65,23.8,23.6,23.8,11499135,272774005,3097,+0.05,12.548527331082841
20140520,23.8,23.85,23.5,23.5,14341772,339647659,3503,-0.30,12.39035261682549
20140521,23.5,23.55,23.3,23.4,16963413,397622906,4028,-0.10,12.337627712073045
20140522,23.45,23.85,23.45,23.8,17208024,408461454,5952,+0.40,12.548527331082841
20140523,23.7,24.2,23.7,24.15,24806650,596130906,6955,+0.35,12.733064497716411
20140526,24.2,24.45,24.15,24.35,19219192,467677241,4922,+0.20,12.838514307221308
20140527,24.4,24.5,24.25,24.5,15395962,375969512,3738,+0.15,12.917601664349979
20140528,24.5,24.85,24.5,24.85,33309888,823601657,8714,+0.35,13.102138830983554
20140529,24.85,24.9,24.6,24.65,22865422,566720828,6403,-0.20,12.996689021478653
20140530,24.65,25.05,24.6,25.05,49376546,1230024391,5760,+0.40,13.207588640488451
20140603,25.0,25.0,24.6,24.8,31058495,769150751,7166,-0.25,13.075776378607328
20140604,24.6,24.95,24.5,24.8,24322525,603825755,7355, 0.00,13.075776378607328
20140605,24.6,24.95,24.55,24.8,24586176,609646543,7504, 0.00,13.075776378607328
20140606,24.8,24.9,24.75,24.8,16140651,400987123,4133, 0.00,13.075776378607328
20140609,24.8,24.85,24.75,24.85,10119378,251138594,2546,+0.05,13.102138830983554
20140610,24.85,25.0,24.8,25.0,21974437,547953499,4125,+0.15,13.181226188112225
20140611,24.85,25.0,24.75,24.9,13831541,344002228,2910,-0.10,13.128501283359775
20140612,24.9,24.95,24.65,24.95,13306697,330061026,4113,+0.05,13.154863735736006
20140613,24.8,24.9,24.75,24.85,6725715,166888141,2818,-0.10,13.102138830983554
20140616,24.85,24.95,24.7,24.9,17182993,427024680,3771,+0.05,13.128501283359775
20140617,24.9,24.9,24.65,24.75,26003646,643578336,4740,-0.15,13.049413926231098
20140618,24.8,24.85,24.65,24.8,26336122,651576309,4452,+0.05,13.075776378607328
20140619,24.8,24.8,24.6,24.8,28657136,707937498,4782, 0.00,13.075776378607328
20140620,24.75,24.9,24.6,24.6,61110375,1507428657,6067,-0.20,12.97032656910243
20140623,24.6,24.8,24.55,24.6,14556282,359390762,3124, 0.00,12.97032656910243
20140624,24.6,24.85,24.6,24.8,12225828,302851775,3084,+0.20,13.075776378607328
20140625,24.8,24.85,24.6,24.85,20225079,499924154,4207,+0.05,13.102138830983554
20140626,24.85,25.0,24.75,25.0,19120084,476417823,3553,+0.15,13.181226188112225
20140627,25.0,25.0,24.9,24.95,11372892,283696717,2497,-0.05,13.154863735736006
20140630,24.95,25.0,24.75,24.85,22641555,563528137,3518,-0.10,13.102138830983554
20140701,25.0,25.0,24.85,25.0,17935464,447357015,2882,+0.15,13.181226188112225
20140702,25.0,25.05,24.65,24.8,26411240,656771361,3620,-0.20,13.075776378607328
20140703,24.85,24.85,24.65,24.65,15395995,380414823,3145,-0.15,12.996689021478653
20140704,24.7,24.8,24.5,24.65,16737669,411842912,4160, 0.00,12.996689021478653
20140707,24.65,24.75,24.55,24.75,14284581,351812350,2076,+0.10,13.049413926231098
20140708,24.75,25.15,24.7,25.1,23907785,597795875,5597,+0.35,13.233951092864675
20140709,25.1,25.15,25.0,25.1,12244671,307119975,2838, 0.00,13.233951092864675
20140710,25.2,25.4,25.2,25.4,31726714,802734725,7211,+0.30,13.39212580712202
20140711,25.4,25.4,25.25,25.35,20294248,514019004,3922,-0.05,13.365763354745797
20140714,25.3,25.55,25.15,25.35,23909923,607447645,4887, 0.00,13.365763354745797
20140715,25.5,26.3,25.45,26.05,38937685,1010740789,7930,+0.70,13.734837688012936
20140716,26.05,26.25,26.0,26.15,36886024,963005274,7682,+0.10,13.787562592765383
20140717,26.15,26.2,25.9,26.1,19949572,520194183,4631,-0.05,13.761200140389162
20140718,26.05,26.1,25.9,26.1,20310698,528452948,4644, 0.00,13.761200140389162
20140721,26.2,26.3,26.0,26.2,8424672,220103371,2261,+0.10,13.81392504514161
20140722,26.2,26.3,26.1,26.3,19422154,509801112,5523,+0.10,13.866649949894065
20140724,26.35,26.5,26.3,26.5,17840647,471481643,4866,+0.20,13.97209975939896
20140725,26.6,26.75,26.4,26.6,22715168,604455694,4824,+0.10,14.024824664151412
20140728,26.6,26.8,26.45,26.8,15952075,424908964,4426,+0.20,14.130274473656305
20140729,26.85,27.0,26.2,26.5,22944549,610328700,6521,-0.30,13.97209975939896
20140730,26.5,26.6,26.25,26.4,14764468,389538598,3890,-0.10,13.91937485464651
20140731,26.45,26.45,26.1,26.45,19735744,518966543,3480,+0.05,13.945737307022734
20140801,26.0,26.2,25.8,25.9,19676939,509809726,5418,-0.55,13.655750330884265
20140804,25.75,26.05,25.5,26.05,18395614,475625257,4332,+0.15,13.734837688012936
20140805,25.8,25.8,25.05,25.3,36462931,925922857,8411,-0.75,13.339400902369572
20140806,25.2,25.95,25.2,25.95,56459710,1447398978,4245,+0.65,13.682112783260493
20140807,26.0,26.1,25.9,26.1,46414642,1203337965,3779,+0.15,13.761200140389162
20140808,26.05,26.1,25.7,26.0,49614104,1283625350,3336,-0.10,13.708475235636715
20140811,26.2,26.4,26.1,26.35,49273019,1286247435,2978,+0.35,13.89301240227029
20140812,26.35,26.4,26.05,26.25,30789749,808210383,4462,-0.10,13.840287497517838
20140813,25.2,25.45,25.2,25.45,54620642,1379599872,4515,X0.00,14.010951344941484
20140814,25.45,25.5,25.15,25.15,43336797,1093039200,3059,-0.30,13.845792782918602
20140815,25.25,25.3,24.95,25.0,42022185,1051112825,2478,-0.15,13.763213501907158
20140818,25.0,25.1,24.8,24.85,47231697,1175999620,2210,-0.15,13.680634220895712
20140819,25.1,25.25,25.0,25.1,13002745,326262275,3375,+0.25,13.818266355914787
20140820,25.1,25.4,25.1,25.3,16995178,429667162,4847,+0.20,13.928372063930038
20140821,25.45,25.7,25.3,25.55,19489883,497139394,3727,+0.25,14.066004198949111
20140822,25.5,26.25,25.45,26.1,46285687,1204999612,8099,+0.55,14.368794895991075
20140825,26.35,26.35,25.65,25.75,28964255,750550816,5186,-0.35,14.17610990696437
20140826,25.95,26.05,25.8,26.0,20287608,525763278,4408,+0.25,14.31374204198344
20140827,26.1,26.2,25.8,26.2,35377774,921517705,7056,+0.20,14.423847749998702
20140828,26.2,26.2,25.75,25.9,20463411,528932506,5334,-0.30,14.258689187975815
20140829,25.85,25.9,25.65,25.8,20041923,516538296,4547,-0.10,14.203636333968188
20140901,25.95,26.05,25.9,26.0,13079402,339604989,3045,+0.20,14.31374204198344
20140902,25.9,26.0,25.6,25.65,7991593,205905109,2335,-0.35,14.12105705295674
20140903,25.8,25.95,25.7,25.95,16277111,420709521,3367,+0.30,14.28621561497963
20140904,25.95,26.0,25.8,26.0,11396346,295248029,2040,+0.05,14.31374204198344
20140905,26.0,26.0,25.65,25.65,15035216,387525521,3878,-0.35,14.12105705295674
20140909,25.9,25.9,25.6,25.7,17133858,441035625,2898,+0.05,14.148583479960557
20140910,25.7,25.75,25.35,25.65,14529006,370992059,3855,-0.05,14.12105705295674
20140911,25.7,25.7,25.45,25.45,11742577,299472833,4526,-0.20,14.010951344941484
20140912,25.45,25.45,25.25,25.4,16956078,429227096,2961,-0.05,13.98342491793767
20140915,25.4,25.7,25.25,25.7,21154557,540119130,3647,+0.30,14.148583479960557
20140916,25.75,25.75,25.25,25.25,12330335,312988332,3083,-0.45,13.900845636926233
20140917,25.35,25.55,25.1,25.1,18500916,468248099,4595,-0.15,13.818266355914787
20140918,25.2,25.25,25.05,25.2,12132288,305101122,2540,+0.10,13.873319209922412
20140919,25.2,25.25,25.0,25.05,17649396,442444522,4189,-0.15,13.79073992891097
20140922,25.0,25.2,24.95,25.2,18465260,462396875,3389,+0.15,13.873319209922412
20140923,25.2,25.2,25.0,25.1,15185666,380748937,2309,-0.10,13.818266355914787
20140924,25.15,25.25,24.85,24.95,12705830,317475400,3094,-0.15,13.735687074903343
20140925,25.1,25.15,24.75,24.75,14151406,352378445,2939,-0.20,13.625581366888083
20140926,24.7,25.2,24.55,25.1,13016475,325192816,3001,+0.35,13.818266355914787
20140929,25.1,25.15,24.8,24.8,24954856,620868100,4845,-0.30,13.653107793891897
20140930,24.9,25.0,24.7,24.95,17479096,434025211,3676,+0.15,13.735687074903343
20141001,24.95,24.95,24.65,24.75,13819290,342667218,2881,-0.20,13.625581366888083
20141002,24.95,24.95,24.5,24.6,13120073,322880730,3837,-0.15,13.543002085876644
20141003,24.7,25.05,24.6,25.05,10437478,259391800,3127,+0.45,13.79073992891097
20141006,25.0,25.05,24.8,24.85,14168572,352826567,2862,-0.20,13.680634220895712
20141007,24.85,25.0,24.75,24.9,13107830,326084719,2840,+0.05,13.708160647899529
20141008,24.9,25.25,24.85,25.15,19026548,477706703,4046,+0.25,13.845792782918602
20141009,25.3,25.45,25.15,25.3,19223662,486240541,4485,+0.15,13.928372063930038
20141013,25.0,25.05,24.65,24.65,14301233,354723332,3875,-0.65,13.570528512880456
20141014,24.65,24.8,24.55,24.75,13339161,329160058,2283,+0.10,13.625581366888083
20141015,24.75,24.75,24.45,24.5,17594814,431829057,3400,-0.25,13.487949231869006
20141016,24.25,24.6,24.2,24.3,15896863,388065039,3941,-0.20,13.377843523853757
20141017,24.5,24.5,23.9,23.9,18841797,453885828,5455,-0.40,13.157632107823238
20141020,24.1,24.3,24.05,24.2,11324547,273678206,2883,+0.30,13.322790669846134
20141021,24.1,24.25,24.05,24.15,10210076,246616715,2244,-0.05,13.295264242842313
20141022,24.3,24.35,24.15,24.25,21295826,515848363,3095,+0.10,13.350317096849942
20141023,24.15,24.5,24.15,24.4,13309909,323996963,2319,+0.15,13.432896377861384
20141024,24.35,24.4,24.15,24.35,8149467,197798829,1877,-0.05,13.40536995085757
20141027,24.4,24.75,24.35,24.75,9501038,233604807,2602,+0.40,13.625581366888083
20141028,24.9,25.05,24.85,24.95,15447114,385577010,4822,+0.20,13.735687074903343
20141029,25.15,25.2,24.95,25.1,17504375,439418375,3554,+0.15,13.818266355914787
20141030,25.0,25.05,24.8,25.0,10094210,251731451,2227,-0.10,13.763213501907158
20141031,25.2,25.25,24.9,25.2,13471950,338075811,2501,+0.20,13.873319209922412
20141103,25.2,25.2,24.9,25.0,6951574,173709764,1977,-0.20,13.763213501907158
20141104,25.1,25.3,24.95,25.0,10723862,269313718,4453, 0.00,13.763213501907158
20141105,25.05,25.2,24.95,25.1,9369661,234701225,2929,+0.10,13.818266355914787
20141106,25.2,25.2,24.8,24.85,7854668,196174318,3574,-0.25,13.680634220895712
20141107,24.85,24.95,24.7,24.75,7892226,195922920,1705,-0.10,13.625581366888083
20141110,24.75,25.3,24.75,25.3,18069799,455307603,5015,+0.55,13.928372063930038
20141111,25.3,25.35,25.1,25.2,6513509,164344392,2108,-0.10,13.873319209922412
20141112,25.2,25.2,24.85,25.1,7921439,198451825,2506,-0.10,13.818266355914787
20141113,25.1,25.15,24.9,25.15,7864860,197036545,2583,+0.05,13.845792782918602
20141114,25.0,25.15,24.9,25.15,10564413,264762862,2077, 0.00,13.845792782918602
20141117,25.0,25.1,24.65,24.7,11101448,274801434,3448,-0.45,13.59805493988427
20141118,24.9,25.0,24.75,25.0,10907718,271668247,4118,+0.30,13.763213501907158
20141119,25.1,25.2,24.85,25.1,18859686,473301710,3543,+0.10,13.818266355914787
20141120,24.9,25.15,24.85,24.9,14173058,354249903,3151,-0.20,13.708160647899529
20141121,24.95,25.15,24.9,25.05,14371747,360258956,2186,+0.15,13.79073992891097
20141124,25.15,25.15,25.0,25.15,6994528,175680800,1942,+0.10,13.845792782918602
20141125,25.05,25.05,24.95,25.0,14003654,350072737,4320,-0.15,13.763213501907158
20141126,25.1,25.1,24.8,25.0,10151049,252783028,3468, 0.00,13.763213501907158
20141127,25.0,25.25,24.95,25.1,11158529,280435375,3179,+0.10,13.818266355914787
20141128,25.15,25.2,25.0,25.2,10648386,267456927,2075,+0.10,13.873319209922412
20141201,24.8,24.9,24.5,24.55,29438413,726165430,7490,-0.65,13.515475658872829
20141202,24.5,24.55,23.7,23.8,44341685,1061979184,11904,-0.75,13.10257925381561
20141203,23.8,24.0,23.6,23.9,46756552,1114268125,10382,+0.10,13.157632107823238
20141204,24.05,24.55,24.05,24.45,33533839,817438700,7930,+0.55,13.460422804865203
20141205,24.45,24.5,24.3,24.45,7360718,179711188,2070, 0.00,13.460422804865203
20141208,24.55,24.55,24.15,24.2,16527796,400778431,7372,-0.25,13.322790669846134
20141209,24.2,24.45,24.2,24.35,26514079,645755245,7989,+0.15,13.40536995085757
20141210,24.2,24.25,23.9,24.0,23830478,572219122,5473,-0.35,13.212684961830867
20141211,24.0,24.2,23.8,24.0,9873955,237258870,3485, 0.00,13.212684961830867
20141212,24.2,24.2,23.9,24.15,8519461,204880219,2494,+0.15,13.295264242842313
20141215,24.0,24.0,23.85,23.95,15229034,364130916,3569,-0.20,13.185158534827057
20141216,24.05,24.1,23.85,23.95,9949599,238788515,3132, 0.00,13.185158534827057
20141217,24.1,24.1,23.75,23.75,19788816,472016347,5089,-0.20,13.075052826811795
20141218,23.9,23.95,23.8,23.85,14809729,353001245,3990,+0.10,13.13010568081943
20141219,23.95,24.1,23.85,24.0,21572645,516583338,3825,+0.15,13.212684961830867
20141222,24.0,24.2,23.9,24.1,8901933,214717910,3185,+0.10,13.267737815838501
20141223,24.15,24.25,24.05,24.25,8571941,207414053,2391,+0.15,13.350317096849942
20141224,24.25,24.35,24.15,24.3,8304794,201498530,2613,+0.05,13.377843523853757
20141225,24.3,24.35,24.15,24.25,3190969,77453277,1225,-0.05,13.350317096849942
20141226,24.25,24.35,24.2,24.3,3901324,94724282,1389,+0.05,13.377843523853757
20141227,24.35,24.4,24.25,24.3,2830740,68847154,797, 0.00,13.377843523853757
20141229,24.3,24.45,24.2,24.45,10795076,263217112,3220,+0.15,13.460422804865203
20141230,24.45,24.5,24.3,24.45,6230605,152099297,1766, 0.00,13.460422804865203
20141231,24.4,24.45,24.25,24.45,5217240,127227374,1392, 0.00,13.460422804865203
20150105,24.25,24.4,24.0,24.1,13346979,322511017,3562,-0.35,13.267737815838501
20150106,23.9,24.0,23.75,23.8,23076508,550022990,6246,-0.30,13.10257925381561
20150107,23.8,23.85,23.7,23.7,18109856,430168706,5119,-0.10,13.047526399807985
20150108,24.0,24.0,23.75,23.8,16584153,395125261,3462,+0.10,13.10257925381561
20150109,24.0,24.05,23.7,23.8,16192149,385343019,3357, 0.00,13.10257925381561
20150112,23.7,23.85,23.7,23.7,7833167,186071379,2135,-0.10,13.047526399807985
20150113,23.7,23.95,23.65,23.9,17746912,422551612,2911,+0.20,13.157632107823238
20150114,23.8,23.95,23.7,23.8,16005908,380975141,3931,-0.10,13.10257925381561
20150115,23.8,23.9,23.65,23.7,14286855,339088583,3209,-0.10,13.047526399807985
20150116,23.7,23.8,23.55,23.55,17607234,415897032,4674,-0.15,12.964947118796541
20150119,23.75,23.85,23.55,23.6,8391749,198398648,2893,+0.05,12.99247354580036
20150120,23.7,23.75,23.55,23.6,14277020,338018901,2889, 0.00,12.99247354580036
20150121,23.75,23.8,23.65,23.8,14981868,355666577,3227,+0.20,13.10257925381561
20150122,23.85,24.0,23.8,23.95,13286175,317734671,3471,+0.15,13.185158534827057
20150123,24.25,24.3,24.0,24.0,24640764,595458988,5831,+0.05,13.212684961830867
20150126,24.0,24.1,23.85,24.1,8556783,205022892,2959,+0.10,13.267737815838501
20150127,24.15,24.25,23.95,24.25,12831698,309105067,2196,+0.15,13.350317096849942
20150128,24.25,24.35,24.15,24.25,13707573,332216154,3521, 0.00,13.350317096849942
20150129,24.25,24.25,24.05,24.25,12190962,294380454,2746, 0.00,13.350317096849942
20150130,24.2,24.3,24.1,24.2,18511072,448491616,4214,-0.05,13.322790669846134
20150202,24.2,24.4,24.2,24.4,10970396,267109852,3274,+0.20,13.432896377861384
20150203,24.4,24.45,24.2,24.25,4301707,104783083,1701,-0.15,13.350317096849942
20150204,24.4,24.6,24.35,24.6,16065685,394061150,5041,+0.35,13.543002085876644
20150205,24.6,24.75,24.55,24.75,29779610,736045103,3730,+0.15,13.625581366888083
20150206,24.65,24.7,24.25,24.35,16312832,397468384,3687,-0.40,13.40536995085757
20150209,24.35,24.35,24.2,24.25,5116089,124292332,1873,-0.10,13.350317096849942
20150210,24.2,24.55,24.2,24.35,13108259,320087407,3368,+0.10,13.40536995085757
20150211,24.5,24.55,24.35,24.35,13830884,338196302,3853, 0.00,13.40536995085757
20150212,24.4,24.6,24.3,24.6,10101701,247454955,2587,+0.25,13.543002085876644
20150213,24.35,24.7,24.35,24.7,22407029,552216527,4756,+0.10,13.59805493988427
20150224,24.85,25.15,24.75,25.05,36141201,904122059,7742,+0.35,13.79073992891097
20150225,25.15,25.2,24.9,25.1,21405036,535848947,5283,+0.05,13.818266355914787
20150226,24.9,25.05,24.9,24.95,22394961,558907942,3233,-0.15,13.735687074903343
20150302,24.95,25.0,24.5,24.5,23483772,580039634,5594,-0.45,13.487949231869006
20150303,24.6,24.85,24.55,24.8,17673876,437454082,3827,+0.30,13.653107793891897
20150304,24.55,24.8,24.55,24.7,14590967,360428615,3188,-0.10,13.59805493988427
20150305,24.65,24.75,24.5,24.55,13095327,322428234,3632,-0.15,13.515475658872829
20150306,24.75,24.9,24.55,24.8,17696254,437902042,4092,+0.25,13.653107793891897
20150309,24.8,24.8,24.5,24.6,11095173,273252121,2647,-0.20,13.543002085876644
20150310,24.8,24.85,24.5,24.6,14919536,367942121,3593, 0.00,13.543002085876644
20150311,24.5,24.8,24.4,24.65,23132760,569638231,4441,+0.05,13.570528512880456
20150312,24.8,25.2,24.7,25.2,31027530,776283957,8855,+0.55,13.873319209922412
20150313,25.2,25.3,25.0,25.0,21477799,540716806,4978,-0.20,13.763213501907158
20150316,25.2,25.25,24.9,24.9,7505900,187953976,2236,-0.10,13.708160647899529
20150317,25.15,25.3,25.0,25.05,10048218,252728292,2715,+0.15,13.79073992891097
20150318,25.05,25.75,25.05,25.65,35246629,898549682,8797,+0.60,14.12105705295674
20150319,25.8,26.0,25.7,25.9,30730052,794956057,6666,+0.25,14.258689187975815
20150320,25.8,25.9,25.6,25.7,17322537,444993704,2631,-0.20,14.148583479960557
20150323,25.7,25.95,25.7,25.9,12911589,333661058,4506,+0.20,14.258689187975815
20150324,25.9,25.95,25.65,25.85,17003139,438968764,4347,-0.05,14.231162760972001
20150325,25.85,25.85,25.5,25.5,17606793,452308167,3772,-0.35,14.038477771945299
20150326,25.35,25.55,25.35,25.5,18548361,472621099,3351, 0.00,14.038477771945299
20150327,25.35,25.45,25.05,25.05,24610947,620404634,4801,-0.45,13.79073992891097
20150330,25.4,25.8,25.2,25.65,21618528,553721083,5067,+0.60,14.12105705295674
20150331,25.95,26.0,25.65,25.95,30234723,781761764,6733,+0.30,14.28621561497963
20150401,25.95,25.95,25.75,25.8,10529625,271810166,3850,-0.15,14.203636333968188
20150402,25.9,26.0,25.8,25.95,23943364,621791548,5938,+0.15,14.28621561497963
20150407,26.0,26.1,25.9,26.05,18619651,484035389,3089,+0.10,14.34126846898726
20150408,26.05,26.05,25.85,25.85,11440423,296487730,3270,-0.20,14.231162760972001
20150409,25.9,26.1,25.9,25.9,17463695,453768434,3808,+0.05,14.258689187975815
20150410,26.0,26.1,26.0,26.1,15434736,402303575,5626,+0.20,14.368794895991075
20150413,26.1,26.3,26.05,26.3,18014036,471466899,6295,+0.20,14.478900604006324
20150414,26.3,26.4,26.05,26.2,17532770,461273542,6183,-0.10,14.423847749998702
20150415,26.2,26.4,25.9,26.0,28879655,753931380,7457,-0.20,14.31374204198344
20150416,26.2,26.4,26.0,26.4,21622766,569234599,4924,+0.40,14.533953458013952
20150417,26.25,26.4,26.2,26.2,17513901,460555665,5397,-0.20,14.423847749998702
20150420,26.1,26.4,26.05,26.25,15353938,403113935,3711,+0.05,14.451374177002515
20150421,26.25,26.3,26.05,26.25,18558683,486050733,4438, 0.00,14.451374177002515
20150422,26.15,26.45,26.1,26.45,19848405,523727595,5889,+0.20,14.561479885017771
20150423,26.4,28.3,26.35,28.25,77538676,2146660979,18438,+1.80,15.552431257155083
20150424,28.3,28.35,27.1,28.25,55095216,1535781230,14957, 0.00,15.552431257155083
20150427,28.35,28.4,27.95,28.0,62299441,1759681634,10743,-0.25,15.414799122136017
20150428,28.2,28.25,27.65,28.05,45925425,1283778890,11437,+0.05,15.442325549139833
20150429,28.25,28.5,27.65,27.7,41865605,1174931923,8319,-0.35,15.249640560113129
20150430,27.6,27.85,27.3,27.3,38290062,1051768714,8947,-0.40,15.029429144082611
20150504,27.55,27.75,27.05,27.05,31878859,871222917,8344,-0.25,14.891797009063545
20150505,27.2,27.35,26.85,27.05,30276454,818811558,9517, 0.00,14.891797009063545
20150506,27.05,27.45,26.9,27.45,35311846,958599177,5705,+0.40,15.112008425094057
20150507,27.4,27.4,27.0,27.35,26042838,708071003,5202,-0.10,15.056955571086428
20150508,27.4,27.4,27.05,27.2,12371799,337810122,3332,-0.15,14.974376290074991
20150511,27.5,27.5,26.8,26.9,22191818,600438221,4348,-0.30,14.809217728052095
20150512,27.3,27.5,27.05,27.25,26660564,726726480,4841,+0.35,15.001902717078801
20150513,27.5,28.2,27.45,27.8,35456613,986561487,7154,+0.55,15.304693414120754
20150514,27.75,27.75,26.8,26.9,33373405,905423109,9122,-0.90,14.809217728052095
20150515,27.05,27.2,26.8,27.15,22437148,606405603,5026,+0.25,14.946849863071172
20150518,27.15,27.55,27.05,27.55,24841534,679937196,5514,+0.40,15.167061279101684
20150519,27.85,27.95,27.4,27.45,38732789,1070727799,8494,-0.10,15.112008425094057
20150520,27.8,27.85,27.45,27.6,20527101,566199491,4566,+0.15,15.194587706105509
20150521,27.35,27.35,26.7,27.0,27686944,743039738,7387,-0.60,14.86427058205973
20150522,27.1,27.1,26.85,26.95,16120373,434938252,4483,-0.05,14.836744155055916
20150525,26.95,26.95,26.6,26.7,14005255,374330026,3461,-0.25,14.699112020036845
20150526,26.95,27.2,26.85,27.2,8945155,241752068,3353,+0.50,14.974376290074991
20150527,27.2,27.4,27.15,27.4,19895634,542576132,6291,+0.20,15.08448199809024
20150528,27.5,27.5,27.05,27.25,23181276,632084009,5759,-0.15,15.001902717078801
20150529,27.45,27.5,27.05,27.5,29575785,809858326,4686,+0.25,15.139534852097873
20150601,27.35,27.7,27.15,27.4,17423898,478408685,6777,-0.10,15.08448199809024
20150602,27.5,27.6,27.2,27.5,20568333,564733190,6832,+0.10,15.139534852097873
20150603,27.5,27.6,27.2,27.3,17792941,487259969,5622,-0.20,15.029429144082611
20150604,27.2,27.3,26.6,27.0,32600788,882371106,7421,-0.30,14.86427058205973
20150605,27.2,27.2,26.8,26.85,25036153,674032491,7530,-0.15,14.781691301048285
20150608,27.2,27.6,26.95,27.45,28960088,790887466,9795,+0.60,15.112008425094057
20150609,27.3,27.5,27.0,27.0,22064091,601235110,7246,-0.45,14.86427058205973
20150610,27.1,27.85,27.1,27.7,34344529,949932873,9528,+0.70,15.249640560113129
20150611,27.7,27.8,27.4,27.4,22292709,615492173,6055,-0.30,15.08448199809024
20150612,27.5,27.8,27.45,27.8,21054120,583035082,6050,+0.40,15.304693414120754
20150615,27.95,28.0,27.6,27.6,19287081,535662206,5415,-0.20,15.194587706105509
20150616,27.9,27.95,27.65,27.9,30958921,860944430,5626,+0.30,15.359746268128385
20150617,27.9,27.95,27.4,27.65,24357119,673364863,5351,-0.25,15.222114133109311
20150618,27.8,28.1,27.6,27.8,30914870,862709902,6960,+0.15,15.304693414120754
20150622,28.1,28.3,28.0,28.0,29241001,824387423,4781,+0.20,15.414799122136017
20150623,28.25,28.25,28.0,28.05,15489269,435439439,3573,+0.05,15.442325549139833
20150624,28.0,28.1,27.9,28.1,14504981,406876818,3136,+0.05,15.46985197614365
20150625,28.2,28.3,27.9,28.0,23593255,662305524,4419,-0.10,15.414799122136017
20150626,28.15,28.15,27.85,27.95,19922238,556586453,4076,-0.05,15.387272695132204
20150629,27.8,27.9,27.5,27.65,24583653,681965104,5422,-0.30,15.222114133109311
20150630,27.85,28.05,27.5,27.8,25643939,711389467,4361,+0.15,15.304693414120754
20150701,27.65,28.05,27.6,27.9,17411462,486505570,5111,+0.10,15.359746268128385
20150702,28.0,28.05,27.8,28.0,11748333,328541013,3845,+0.10,15.414799122136017
20150703,27.95,28.0,27.5,28.0,13316262,370389444,4365, 0.00,15.414799122136017
20150706,27.65,28.0,27.65,27.7,9025434,251354300,3395,-0.30,15.249640560113129
20150707,27.85,27.95,27.5,27.5,12647323,350277369,3394,-0.20,15.139534852097873
20150708,27.5,27.7,26.65,26.65,26756277,721331207,7675,-0.85,14.671585593033027
20150709,26.0,27.2,25.5,26.9,31828359,846574634,7896,+0.25,14.809217728052095
20150713,26.9,27.1,26.6,27.1,26288761,706071248,5708,+0.20,14.919323436067359
20150714,27.2,27.6,27.15,27.5,25046045,688948712,7229,+0.40,15.139534852097873
20150715,27.35,27.65,27.2,27.65,24211339,663581855,6937,+0.15,15.222114133109311
20150716,27.8,27.85,27.45,27.65,14249043,393734614,4417, 0.00,15.222114133109311
20150717,27.65,27.65,26.9,27.0,19415169,527329863,5429,-0.65,14.86427058205973
20150720,27.4,27.45,26.9,27.15,15377218,417760786,4565,+0.15,14.946849863071172
20150721,27.15,27.2,26.75,26.85,11453645,307594936,2807,-0.30,14.781691301048285
20150722,26.9,27.15,26.75,26.9,13159445,354073950,3999,+0.05,14.809217728052095
20150723,26.8,27.0,26.65,26.65,12781447,342044187,3057,-0.25,14.671585593033027
20150724,26.9,26.9,26.4,26.55,14714930,390918966,5266,-0.10,14.616532739025404
20150727,26.4,26.45,25.75,25.95,16247611,423342226,4646,-0.60,14.28621561497963
20150728,26.0,26.35,25.75,26.25,21615821,563588127,5983,+0.30,14.451374177002515
20150729,26.25,26.25,25.85,26.1,11589810,301810935,3193,-0.15,14.368794895991075
20150730,26.1,26.8,26.05,26.75,16648469,443407609,4479,+0.65,14.726638447040655
20150731,26.8,27.0,26.45,27.0,23183056,620702135,5718,+0.25,14.86427058205973
20150803,27.0,27.05,26.45,26.95,14323960,383212015,5080,-0.05,14.836744155055916
20150804,27.15,27.45,26.95,27.4,19856360,541066985,4300,+0.45,15.08448199809024
20150805,27.5,27.6,27.25,27.4,27815855,763208557,3665, 0.00,15.08448199809024
20150806,27.55,27.6,27.1,27.2,16383425,447029742,4040,-0.20,14.974376290074991
20150807,27.1,27.3,26.8,26.85,17611585,475624323,3999,-0.35,14.781691301048285
20150810,26.65,26.8,26.55,26.7,15873301,424430327,4189,-0.15,14.699112020036845
20150811,26.95,27.0,26.2,26.2,21614839,573010136,5658,-0.50,14.423847749998702
20150812,25.95,25.95,24.55,24.75,50005576,1250981798,12327,-1.45,13.625581366888083
20150813,23.6,24.15,23.6,23.9,34735680,831007320,10129,X0.00,13.94652653827089
20150814,23.9,24.15,23.9,24.05,12574635,301920548,3734,+0.15,14.034057039557107
20150817,24.3,24.3,23.8,24.0,12506617,300520108,3607,-0.05,14.004880205795033
20150818,24.1,24.15,23.6,23.6,24897600,593527272,4375,-0.40,13.771465535698447
20150819,23.7,23.7,22.7,22.7,25602847,589501990,7222,-0.90,13.246282527981137
20150820,22.7,23.25,22.55,23.0,26550280,610429744,8127,+0.30,13.421343530553575
20150821,22.35,22.9,22.3,22.55,30726286,692098069,9321,-0.45,13.15875202669492
20150824,22.3,22.75,21.15,22.3,42129582,929093313,9405,-0.25,13.01286785788455
20150825,22.2,23.1,22.1,22.55,27509337,622558179,11329,+0.25,13.15875202669492
20150826,22.45,23.1,21.75,22.9,42468542,956097556,11861,+0.35,13.362989863029425
20150827,22.9,23.1,22.75,22.9,30778783,704280559,6442, 0.00,13.362989863029425
20150828,23.15,23.8,23.1,23.7,28003695,658772587,5667,+0.80,13.829819203222595
20150831,23.75,24.4,23.05,24.4,28789642,681813225,6125,+0.70,14.238294875891619
20150901,23.9,23.95,23.5,23.5,20431228,482797663,6204,-0.90,13.713111868174304
20150902,23.4,23.75,23.05,23.4,23834741,559190202,6016,-0.10,13.654758200650157
20150903,23.7,23.7,23.3,23.6,15871203,373458067,3298,+0.20,13.771465535698447
20150904,23.55,23.6,23.35,23.45,15150540,356364326,4772,-0.15,13.68393503441223
20150907,23.45,23.75,23.45,23.65,9692753,229154185,4067,+0.20,13.800642369460519
20150908,23.5,23.6,23.35,23.35,13483724,315788879,3254,-0.30,13.625581366888083
20150909,23.9,24.1,23.8,23.95,24688085,591434445,7332,+0.60,13.975703372032957
20150910,23.8,24.05,23.8,23.95,17474697,418150671,4580, 0.00,13.975703372032957
20150911,24.1,24.1,23.9,23.95,11085031,265466062,3435, 0.00,13.975703372032957
20150914,24.0,24.0,23.65,23.75,11694639,277839740,4119,-0.20,13.858996036984667
20150915,23.8,23.95,23.6,23.8,11451927,271957528,4132,+0.05,13.888172870746743
20150916,23.65,23.8,23.65,23.8,10949062,259632160,2902, 0.00,13.888172870746743
20150917,24.0,24.25,23.9,24.2,24850223,598916199,7841,+0.40,14.121587540843322
20150918,24.1,24.15,23.9,23.9,14857142,355936208,3312,-0.30,13.94652653827089
20150921,23.65,23.65,23.25,23.25,18886860,441734760,6334,-0.65,13.567227699363938
20150922,23.35,23.5,23.25,23.5,9437890,220489400,3765,+0.25,13.713111868174304
20150923,23.25,23.35,22.95,22.95,17115595,394458619,5820,-0.55,13.3921666967915
20150924,23.0,23.15,22.75,22.75,14802105,338362665,4499,-0.20,13.27545936174321
20150925,22.75,22.8,22.4,22.4,22386268,504421411,6024,-0.35,13.071221525408697
20150930,21.85,22.8,21.8,22.8,44742639,992486727,9342,+0.40,13.30463619550528
20151001,22.6,22.95,22.45,22.6,17781853,403639233,5933,-0.20,13.187928860456989
20151002,22.65,22.9,22.65,22.9,20113671,459672171,7702,+0.30,13.362989863029425
20151005,23.1,23.1,22.7,22.8,15900918,362455641,5519,-0.10,13.30463619550528
20151006,22.9,23.15,22.65,22.7,23338029,532796089,7275,-0.10,13.246282527981137
20151007,22.5,23.0,22.5,22.95,18073766,412026844,5229,+0.25,13.3921666967915
20151008,23.0,23.05,22.75,22.75,12400762,283764596,3768,-0.20,13.27545936174321
20151012,22.95,22.95,22.75,22.8,21658406,495071046,5563,+0.05,13.30463619550528
20151013,22.8,22.95,22.6,22.95,19714081,449061881,6398,+0.15,13.3921666967915
20151014,22.65,22.75,22.5,22.55,22102300,499078917,7424,-0.40,13.15875202669492
20151015,22.6,23.05,22.55,23.0,27370266,626197918,6736,+0.45,13.421343530553575
20151016,23.0,23.25,22.95,23.05,31059808,716875084,5698,+0.05,13.450520364315645
20151019,23.05,23.2,23.0,23.1,18907872,437004919,4640,+0.05,13.479697198077721
20151020,23.15,23.55,23.1,23.5,26522017,618332575,5048,+0.40,13.713111868174304
20151021,23.4,23.45,23.1,23.15,18157720,422018535,4660,-0.35,13.50887403183979
20151022,23.05,23.5,23.05,23.5,17029216,396689735,3707,+0.35,13.713111868174304
20151023,23.65,23.85,23.45,23.85,28837038,682507171,5924,+0.35,13.917349704508817
20151026,23.8,24.2,23.75,24.2,21545407,516092829,4724,+0.35,14.121587540843322
20151027,23.8,24.2,23.65,24.2,28921310,690579792,5297, 0.00,14.121587540843322
20151028,24.0,24.15,23.8,24.15,19501389,468055086,4087,-0.05,14.092410707081244
20151029,23.85,24.15,23.7,23.9,32774469,785746940,6443,-0.25,13.94652653827089
20151030,23.8,23.85,23.4,23.7,33581754,795293339,7352,-0.20,13.829819203222595
20151102,22.85,23.1,22.85,23.0,23256483,535354028,5409,X0.00,13.421343530553575
20151103,23.05,23.45,23.0,23.25,26150954,607913356,6055,+0.25,13.567227699363938
20151104,23.25,23.45,23.1,23.3,41679070,967039595,9343,+0.05,13.596404533126012
20151105,23.2,23.35,23.1,23.35,15440631,358543845,4394,+0.05,13.625581366888083
20151106,23.25,23.3,22.8,22.85,23565560,540974173,6732,-0.50,13.333813029267354
20151109,22.85,23.1,22.85,23.05,14574720,334991810,3773,+0.20,13.450520364315645
20151110,22.85,22.85,22.6,22.65,20339238,461629623,6314,-0.40,13.21710569421906
20151111,22.65,22.65,22.5,22.6,15978072,360522882,4965,-0.05,13.187928860456989
20151112,22.5,22.6,22.45,22.55,10159143,228757242,3491,-0.05,13.15875202669492
20151113,22.5,22.55,22.3,22.3,20705898,464165861,4865,-0.25,13.01286785788455
20151116,22.3,22.5,22.15,22.45,14093236,314259789,4108,+0.15,13.100398359170768
20151117,22.6,22.85,22.55,22.65,19267692,438137730,5810,+0.20,13.21710569421906
20151118,22.6,22.6,22.25,22.3,20513510,459668248,6890,-0.35,13.01286785788455
20151119,22.35,22.7,22.25,22.7,15960100,358516430,5663,+0.40,13.246282527981137
20151120,22.55,22.7,22.5,22.7,9794396,221724217,3095, 0.00,13.246282527981137
20151123,22.7,22.75,22.5,22.5,7959437,179784564,3310,-0.20,13.129575192932846
20151124,22.45,22.8,22.45,22.6,9280718,209904347,3149,+0.10,13.187928860456989
20151125,22.55,22.6,22.35,22.45,11324655,254394264,4356,-0.15,13.100398359170768
20151126,22.65,22.75,22.55,22.55,11070105,251193477,3758,+0.10,13.15875202669492
20151127,22.7,22.7,22.4,22.4,13069530,294746761,3188,-0.15,13.071221525408697
20151130,22.3,22.5,22.1,22.5,46285935,1034723014,7647,+0.10,13.129575192932846
20151201,22.55,22.6,22.35,22.55,16573306,373313012,5902,+0.05,13.15875202669492
20151202,22.5,22.5,22.25,22.25,24898210,556221733,6534,-0.30,12.983691024122477
20151203,22.15,22.35,22.1,22.3,15145970,336688823,5490,+0.05,13.01286785788455
20151204,22.2,22.35,22.15,22.25,22910952,509656039,7106,-0.05,12.983691024122477
20151207,22.3,22.35,22.25,22.25,12877807,287193772,3331, 0.00,12.983691024122477
20151208,22.25,22.25,21.75,21.75,35923044,786523568,8619,-0.50,12.691922686501748
20151209,21.6,21.7,21.4,21.4,28049297,603487887,6669,-0.35,12.487684850167238
20151210,21.45,21.8,21.3,21.8,23993369,517041874,6959,+0.40,12.721099520263818
20151211,21.75,21.9,21.4,21.45,22000359,474422949,5930,-0.35,12.51686168392931
20151214,21.3,21.5,21.15,21.15,18693842,397920723,5553,-0.30,12.341800681356869
20151215,21.2,21.25,21.1,21.15,16460960,348154527,6513, 0.00,12.341800681356869
20151216,21.3,21.6,21.3,21.35,15707773,336556363,4108,+0.20,12.458508016405164
20151217,21.4,21.75,21.35,21.75,20837073,450715569,5606,+0.40,12.691922686501748
20151218,21.45,21.6,21.35,21.35,18669516,399695281,3585,-0.40,12.458508016405164
20151221,21.1,21.2,20.9,21.15,41586286,878075366,13706,-0.20,12.341800681356869
20151222,21.1,21.25,21.1,21.25,19944777,422444776,6945,+0.10,12.40015434888102
20151223,21.3,21.5,21.25,21.5,21604273,462172123,7280,+0.25,12.546038517691384
20151224,21.5,21.55,21.4,21.4,10018143,215100594,4079,-0.10,12.487684850167238
20151225,21.4,21.45,21.35,21.45,5349322,114476186,2361,+0.05,12.51686168392931
20151228,21.45,21.55,21.35,21.55,13221171,284159106,4891,+0.10,12.575215351453455
20151229,21.55,21.55,21.35,21.45,8643418,185310511,2835,-0.10,12.51686168392931
20151230,21.5,21.5,21.2,21.2,10879976,231622494,3942,-0.25,12.370977515118946
20151231,21.25,21.3,21.2,21.25,10248659,217787677,2591,+0.05,12.40015434888102
20160104,21.3,21.4,20.95,21.0,20520109,432399455,5960,-0.25,12.25427018007065
20160105,21.0,21.1,20.8,20.9,17178508,359445268,5473,-0.10,12.195916512546507
20160106,20.9,20.9,20.55,20.55,21832211,451757686,7034,-0.35,11.991678676211995
20160107,20.5,20.5,19.95,20.0,43805795,880331112,11205,-0.55,11.670733504829194
20160108,20.1,20.4,20.05,20.25,36403998,736666596,8105,+0.25,11.81661767363956
20160111,20.2,20.3,20.05,20.1,31264164,629860874,8188,-0.15,11.729087172353342
20160112,20.1,20.3,20.05,20.25,24457625,493537052,8129,+0.15,11.81661767363956
20160113,20.3,20.45,20.15,20.2,25085961,508205421,5807,-0.05,11.787440839877481
20160114,20.05,20.1,19.95,20.0,19371358,387464263,5253,-0.20,11.670733504829194
20160115,20.0,20.1,19.8,19.85,28207329,561874120,7035,-0.15,11.583203003542975
20160118,19.5,19.75,19.2,19.65,32494121,631688820,9053,-0.20,11.46649566849468
20160119,19.6,20.0,19.5,20.0,15499628,307236698,4664,+0.35,11.670733504829194
20160120,19.8,19.95,19.5,19.55,16682347,327674835,5095,-0.45,11.408142000970537
20160121,19.6,19.65,19.2,19.25,19350594,374273822,5174,-0.30,11.233080998398098
20160122,19.45,19.6,19.05,19.3,19187636,369145319,5339,+0.05,11.262257832160172
20160125,19.45,20.0,19.35,20.0,18138153,358808110,5750,+0.70,11.670733504829194
20160126,19.75,19.95,19.7,19.8,22189061,439680960,6665,-0.20,11.554026169780903
20160127,19.9,19.95,19.65,19.8,14854906,293991610,4025, 0.00,11.554026169780903
20160128,19.8,20.5,19.8,20.25,24159128,488546515,6174,+0.45,11.81661767363956
20160129,20.25,21.3,20.25,21.15,40473473,845289306,8904,+0.90,12.341800681356869
20160130,21.2,21.6,21.05,21.55,27068102,579129571,8421,+0.40,12.575215351453455
20160201,21.5,21.7,21.2,21.7,28333872,610656240,9802,+0.15,12.662745852739677
20160202,21.7,21.85,21.55,21.7,35205609,765887671,8641, 0.00,12.662745852739677
20160203,21.4,21.6,21.1,21.3,24081831,514271698,7871,-0.40,12.429331182643093
20160215,21.0,21.4,20.85,21.3,18882437,401260674,5024, 0.00,12.429331182643093
20160216,21.2,21.8,21.2,21.7,29065762,629032299,5892,+0.40,12.662745852739677
20160217,21.6,21.8,21.4,21.6,22961000,497013579,7431,-0.10,12.604392185215534
20160218,21.65,21.8,21.6,21.75,28266939,615094185,8202,+0.15,12.691922686501748
20160219,21.7,21.7,21.4,21.6,13276198,285988625,4442,-0.15,12.604392185215534
20160222,21.8,21.9,21.5,21.7,22791000,494883320,4192,+0.10,12.662745852739677
20160223,21.8,21.8,21.45,21.7,15491702,335245957,4596, 0.00,12.662745852739677
20160224,21.65,21.7,21.45,21.6,10891836,235060369,3180,-0.10,12.604392185215534
20160225,21.6,21.75,21.5,21.7,18452674,399872338,4517,+0.10,12.662745852739677
20160226,21.9,21.9,21.7,21.9,31248219,683183902,5165,+0.20,12.779453187787967
20160301,21.8,21.9,21.6,21.8,22817152,497200593,4238,-0.10,12.721099520263818
20160302,21.95,22.05,21.75,21.8,20216985,443071142,5049, 0.00,12.721099520263818
20160303,21.8,22.3,21.8,22.3,49546829,1098388053,10311,+0.50,13.01286785788455
20160304,22.4,22.65,22.35,22.6,37336588,841439137,9633,+0.30,13.187928860456989
20160307,22.8,23.0,22.7,23.0,36801616,844662241,11192,+0.40,13.421343530553575
20160308,22.9,22.95,22.7,22.85,24631915,561804616,8079,-0.15,13.333813029267354
20160309,22.7,22.85,22.35,22.85,17661035,398966707,5434, 0.00,13.333813029267354
20160310,22.8,22.9,22.75,22.9,15204224,347481174,3850,+0.05,13.362989863029425
20160311,22.85,22.95,22.6,22.9,14323469,327047910,3425, 0.00,13.362989863029425
20160314,22.85,23.0,22.8,22.8,13764931,315155494,4289,-0.10,13.30463619550528
20160315,22.85,22.85,22.3,22.4,18956755,426966918,4757,-0.40,13.071221525408697
20160316,22.55,22.7,22.25,22.7,19922170,449018661,5009,+0.30,13.246282527981137
20160317,22.8,23.0,22.75,22.85,22956373,525153805,5436,+0.15,13.333813029267354
20160318,22.9,23.0,22.8,23.0,30658393,703858006,5062,+0.15,13.421343530553575
20160321,22.95,22.95,22.6,22.95,16518134,377057378,3303,-0.05,13.3921666967915
20160322,22.75,22.9,22.65,22.9,15999592,365114733,3184,-0.05,13.362989863029425
20160323,22.8,23.0,22.75,23.0,13152435,301294705,3531,+0.10,13.421343530553575
20160324,22.8,22.95,22.7,22.95,10931442,250165411,4144,-0.05,13.3921666967915
20160325,22.95,23.0,22.85,22.95,13563956,311414009,3086, 0.00,13.3921666967915
20160328,22.95,23.0,22.9,22.9,16126952,370421635,2804,-0.05,13.362989863029425
20160329,22.95,23.0,22.8,22.9,21750674,498452847,4527, 0.00,13.362989863029425
20160330,23.0,23.1,22.9,22.9,24535474,564155366,4693, 0.00,13.362989863029425
20160331,22.95,23.0,22.8,22.9,32984013,756602812,6203, 0.00,13.362989863029425
20160401,22.7,22.9,22.6,22.65,17378422,394265107,4493,-0.25,13.21710569421906
20160406,22.65,22.65,22.3,22.3,28599161,642005176,8242,-0.35,13.01286785788455
20160407,22.2,22.3,22.05,22.3,21036079,466409884,6828, 0.00,13.01286785788455
20160408,22.05,22.3,22.0,22.25,21497795,475564209,6302,-0.05,12.983691024122477
20160411,22.2,22.55,22.05,22.5,12031470,268517910,5116,+0.25,13.129575192932846
20160412,22.5,22.7,22.45,22.6,10202638,230312946,3702,+0.10,13.187928860456989
20160413,22.6,22.85,22.55,22.8,19437081,442382261,5203,+0.20,13.30463619550528
20160414,23.0,23.1,22.95,22.95,35524770,816656304,6004,+0.15,13.3921666967915
20160415,23.0,23.05,22.95,23.0,25498998,586242812,4720,+0.05,13.421343530553575
20160418,23.0,23.05,22.9,23.0,13347170,306954512,3593, 0.00,13.421343530553575
20160419,23.0,23.05,22.95,23.0,19232074,442333564,3993, 0.00,13.421343530553575
20160420,23.05,23.05,22.9,23.0,30571373,702603211,9196, 0.00,13.421343530553575
20160421,23.0,23.05,22.9,23.0,18131991,416271155,5411, 0.00,13.421343530553575
20160422,23.0,23.1,22.9,23.05,16599150,381720800,5852,+0.05,13.450520364315645
20160425,23.0,23.05,22.9,23.0,12594238,289576568,2807,-0.05,13.421343530553575
20160426,23.0,23.05,22.95,23.0,17651524,405926646,2189, 0.00,13.421343530553575
20160427,23.0,23.25,22.95,23.15,36736604,849883389,4904,+0.15,13.50887403183979
20160428,23.3,23.5,22.8,23.1,40286653,933610554,6417,-0.05,13.479697198077721
20160429,23.0,23.1,22.7,22.9,24378757,559256743,6439,-0.20,13.362989863029425
20160503,23.1,23.2,22.95,23.1,23746272,548563206,4458,+0.20,13.479697198077721
20160504,23.2,23.2,22.9,23.05,35037211,808488753,7487,-0.05,13.450520364315645
20160505,23.0,23.0,22.8,22.8,15807842,361546170,4261,-0.25,13.30463619550528
20160506,22.8,22.9,22.45,22.8,22743530,516314753,6488, 0.00,13.30463619550528
20160509,22.8,22.95,22.6,22.9,12487495,284976021,3965,+0.10,13.362989863029425
20160510,22.9,23.1,22.9,23.05,21772929,500906167,5195,+0.15,13.450520364315645
20160511,23.05,23.05,22.7,22.85,29027963,666986883,6622,-0.20,13.333813029267354
20160512,22.8,23.0,22.8,22.9,13650162,312994241,2841,+0.05,13.362989863029425
20160513,22.85,23.15,22.85,23.15,33417697,769595031,6744,+0.25,13.50887403183979
20160516,23.05,23.15,23.0,23.0,16343669,376690887,5253,-0.15,13.421343530553575
20160517,23.0,23.1,22.85,23.0,12183396,279596451,3320, 0.00,13.421343530553575
20160518,22.95,23.2,22.9,23.2,18534281,427983823,6914,+0.20,13.538050865601864
20160519,23.0,23.1,22.85,22.9,24500027,562528189,6205,-0.30,13.362989863029425
20160520,22.95,23.2,22.85,23.0,16572185,382581277,3338,+0.10,13.421343530553575
20160523,22.9,23.5,22.65,23.45,39082578,898813827,7249,+0.45,13.68393503441223
20160524,23.4,23.5,23.1,23.25,14452682,336678213,4341,-0.20,13.567227699363938
20160525,23.35,23.6,23.25,23.45,15111944,354755210,5725,+0.20,13.68393503441223
20160526,23.45,23.6,23.4,23.55,10478302,246371144,3536,+0.10,13.742288701936374
20160527,23.55,23.6,23.4,23.55,12759092,299737272,3902, 0.00,13.742288701936374
20160530,23.55,23.8,23.45,23.7,17046785,403742217,5927,+0.15,13.829819203222595
20160531,23.7,24.0,23.7,23.9,34531720,824282255,5763,+0.20,13.94652653827089
20160601,23.85,24.15,23.85,24.15,18411328,442281472,5443,+0.25,14.092410707081244
20160602,24.15,24.3,24.0,24.3,16769981,405535101,5119,+0.15,14.179941208367474
20160603,24.3,24.35,24.15,24.25,16227001,393390092,4607,-0.05,14.150764374605394
20160604,24.2,24.25,24.05,24.2,4534012,109616364,1618,-0.05,14.121587540843322
20160606,24.2,24.4,24.1,24.2,14817552,358802542,3539, 0.00,14.121587540843322
20160607,24.3,24.5,24.2,24.5,24179540,590658057,9138,+0.30,14.29664854341576
20160608,24.45,24.8,24.4,24.75,23389659,577447683,7730,+0.25,14.442532712226129
20160613,24.65,24.65,24.2,24.35,15262932,371674011,4846,-0.40,14.209118042129546
20160614,24.15,24.45,24.05,24.45,11290590,274657830,4372,+0.10,14.267471709653687
20160615,24.35,24.45,24.2,24.45,14622595,355587456,4578, 0.00,14.267471709653687
20160616,24.2,24.25,23.75,23.75,22294610,532806342,6947,-0.70,13.858996036984667
20160617,23.85,24.2,23.85,24.15,16673055,401846085,4856,+0.40,14.092410707081244
20160620,24.2,24.4,24.1,24.4,10192879,248021768,3428,+0.25,14.238294875891619
20160621,24.3,24.55,24.15,24.55,15777025,386003519,4269,+0.15,14.325825377177837
20160622,24.4,24.55,24.25,24.5,16682288,407550161,3711,-0.05,14.29664854341576
20160623,24.25,24.45,24.15,24.3,14283821,346956098,4279,-0.20,14.179941208367474
20160624,24.3,24.45,23.55,23.8,32689664,780400434,6729,-0.50,13.888172870746743
20160627,23.6,23.65,23.4,23.45,17865045,420055378,4940,-0.35,13.68393503441223
20160628,23.4,24.05,23.2,24.05,16811701,400239877,5239,+0.60,14.034057039557107
20160629,24.05,24.25,23.9,24.25,12904169,311529297,5001,+0.20,14.150764374605394
20160630,24.4,24.4,24.0,24.3,20268861,491457714,5741,+0.05,14.179941208367474
20160701,24.35,24.45,24.25,24.3,15597445,380485400,5037, 0.00,14.179941208367474
20160704,24.3,24.5,24.2,24.4,16161365,394392432,4364,+0.10,14.238294875891619
20160705,24.4,24.4,24.2,24.3,14954098,364141162,4617,-0.10,14.179941208367474
20160706,24.25,24.3,23.75,23.8,28073465,671667926,8492,-0.50,13.888172870746743
20160707,23.9,24.0,23.75,23.8,13576545,323562250,3568, 0.00,13.888172870746743
20160711,24.1,24.25,24.0,24.05,25305960,610017467,5204,+0.25,14.034057039557107
20160712,24.2,24.2,24.0,24.05,20973047,504549845,6296, 0.00,14.034057039557107
20160713,24.3,24.5,24.15,24.5,20882928,508495896,6155,+0.45,14.29664854341576
20160714,24.3,24.6,24.25,24.6,15091721,369699281,5298,+0.10,14.355002210939908
20160715,24.6,24.9,24.5,24.9,28374645,703321572,8440,+0.30,14.530063213512342
20160718,24.95,25.0,24.8,24.9,27297410,681125409,6241, 0.00,14.530063213512342
20160719,24.8,24.95,24.6,24.95,27365185,675905638,7116,+0.05,14.559240047274416
20160720,24.9,25.0,24.75,24.95,20288843,505602266,6080, 0.00,14.559240047274416
20160721,24.95,25.1,24.95,25.1,19620262,491328422,5437,+0.15,14.646770548560644
20160722,24.95,25.05,24.85,24.95,13971348,348536658,5199,-0.15,14.559240047274416
20160725,25.05,25.1,24.85,25.05,12930682,323195480,3334,+0.10,14.617593714798563
20160726,25.0,25.0,24.85,25.0,9981874,249188878,3611,-0.05,14.588416881036496
20160727,25.05,25.05,24.85,25.0,13074883,326384048,4114, 0.00,14.588416881036496
20160728,24.9,25.05,24.8,25.0,19957888,498707029,4127, 0.00,14.588416881036496
20160729,24.9,25.1,24.85,25.0,22024338,551053519,4649, 0.00,14.588416881036496
20160801,25.0,25.1,24.9,25.0,16417976,410460860,5220, 0.00,14.588416881036496
20160802,25.0,25.0,24.8,24.9,17031747,423684590,4392,-0.10,14.530063213512342
20160803,24.7,25.0,24.65,24.95,19905360,494869023,4115,+0.05,14.559240047274416
20160804,24.95,25.0,24.7,25.0,14698630,365871469,3398,+0.05,14.588416881036496
20160805,24.95,25.35,24.9,25.35,26340153,663205794,7319,+0.35,14.792654717371004
20160808,25.4,25.5,25.35,25.5,16673329,424444350,4392,+0.15,14.880185218657221
20160809,25.5,25.8,25.4,25.8,19391355,497244345,5524,+0.30,15.055246221229662
20160810,25.8,26.0,25.7,25.9,24906812,644723684,4354,+0.10,15.113599888753804
20160811,26.0,26.0,25.8,26.0,34100265,884884717,5691,+0.10,15.171953556277952
20160812,26.0,26.2,25.95,26.0,50668066,1320442624,9363, 0.00,15.171953556277952
20160815,24.6,24.6,24.15,24.15,45022769,1098492307,6067,X0.00,14.955211362616838
20160816,24.25,24.3,24.0,24.15,19753482,476701539,4681, 0.00,14.955211362616838
20160817,24.15,24.45,24.05,24.25,19507080,472708155,7651,+0.10,15.01713770366287
20160818,24.15,24.5,24.1,24.35,14077871,342749643,5534,+0.10,15.079064044708907
20160819,24.35,24.45,23.8,23.8,28169458,675284309,8508,-0.55,14.738469168955728
20160822,22.6,22.7,22.05,22.3,129665448,2892236329,31284,-1.50,13.809574053265239
20160823,22.1,22.35,22.0,22.25,66250614,1471339619,17555,-0.05,13.778610882742223
20160824,22.2,22.2,21.7,21.7,81775937,1787652447,19806,-0.55,13.438016006989043
20160825,21.55,22.2,21.55,22.1,61568824,1351679878,13693,+0.40,13.685721371173177
20160826,21.9,22.1,21.85,22.05,24082894,530668481,5643,-0.05,13.654758200650157
20160829,22.0,22.05,21.9,22.0,19669247,432252224,4627,-0.05,13.623795030127141
20160830,22.0,22.1,21.9,21.95,26411998,580066272,6530,-0.05,13.592831859604125
20160831,21.9,21.95,21.6,21.6,41254930,893901763,10287,-0.35,13.376089665943013
20160901,21.55,21.55,21.05,21.25,56315757,1195142544,15825,-0.35,13.159347472281896
20160902,21.3,21.5,21.3,21.4,32275263,679539359,7638,+0.15,13.252236983850942
20160905,21.6,22.15,21.55,22.05,35973049,790886189,8145,+0.65,13.654758200650157
20160906,22.1,22.2,22.0,22.15,24503348,541359928,6612,+0.10,13.71668454169619
20160907,22.15,22.3,22.1,22.25,40453545,877560178,8092,+0.10,13.778610882742223
20160908,22.25,22.65,22.1,22.6,47386705,1062397918,8837,+0.35,13.995353076403333
20160909,22.45,22.55,22.3,22.4,26206766,586650475,5712,-0.20,13.871500394311271
20160910,22.1,22.3,22.0,22.15,11392530,252132573,2830,-0.25,13.71668454169619
20160912,22.05,22.1,21.9,21.9,19746386,433722731,5019,-0.25,13.561868689081109
20160913,21.95,22.15,21.85,22.05,25777668,568009496,5856,+0.15,13.654758200650157
20160914,22.0,22.05,21.85,21.85,38114639,835305189,5254,-0.20,13.53090551855809
20160919,21.9,22.5,21.9,22.45,23921807,534029797,6774,+0.60,13.902463564834287
20160920,22.35,22.6,22.2,22.5,18811896,421889230,4592,+0.05,13.933426735357303
20160921,22.5,22.5,22.35,22.5,15824034,354913465,5332, 0.00,13.933426735357303
20160922,22.55,22.6,22.15,22.3,14921065,332575204,4278,-0.20,13.809574053265239
20160923,22.1,22.5,22.05,22.5,22430987,501066546,5449,+0.20,13.933426735357303
20160926,22.45,22.45,22.1,22.2,21376667,474836522,3766,-0.30,13.747647712219205
20160929,22.1,22.4,21.85,22.35,46403649,1031379337,8183,+0.15,13.840537223788257
20160930,22.2,22.3,22.05,22.05,20171607,446260135,5062,-0.30,13.654758200650157
20161003,22.1,22.1,21.95,21.95,14715951,323810565,3667,-0.10,13.592831859604125
20161004,21.9,22.0,21.8,21.85,23926083,523045481,6986,-0.10,13.53090551855809
20161005,21.7,22.0,21.65,21.85,21281818,464074078,4705, 0.00,13.53090551855809
20161006,21.8,22.05,21.75,21.95,17043695,373683762,3888,+0.10,13.592831859604125
20161007,21.8,21.95,21.8,21.85,15036194,328668838,3660,-0.10,13.53090551855809
20161011,21.8,21.9,21.7,21.8,26458652,576539780,5494,-0.05,13.499942348035075
20161012,21.8,21.95,21.6,21.85,14873989,324502235,3396,+0.05,13.53090551855809
20161013,21.9,21.9,21.6,21.65,18884163,409452496,6268,-0.20,13.407052836466027
20161014,21.65,21.75,21.6,21.65,8645046,187456906,1832, 0.00,13.407052836466027
20161017,21.65,21.7,21.5,21.6,16422791,354878147,2906,-0.05,13.376089665943013
20161018,21.6,21.8,21.6,21.8,10897894,236804914,2776,+0.20,13.499942348035075
20161019,21.7,21.9,21.7,21.85,11258518,245979476,3860,+0.05,13.53090551855809
20161020,21.85,21.95,21.75,21.85,6986492,152933039,2111, 0.00,13.53090551855809
20161021,21.85,22.0,21.8,22.0,10415139,228567906,2298,+0.15,13.623795030127141
20161024,22.0,22.0,21.8,21.8,11838605,258790613,2876,-0.20,13.499942348035075
20161025,21.8,22.0,21.75,22.0,15322030,335597112,2940,+0.20,13.623795030127141
20161026,21.95,21.95,21.85,21.85,5693150,124585958,1318,-0.15,13.53090551855809
20161027,21.85,21.85,21.7,21.7,15512426,337206313,3442,-0.15,13.438016006989043
20161028,21.7,21.75,21.6,21.65,15577629,337730128,3452,-0.05,13.407052836466027
20161031,21.55,21.65,21.45,21.6,16503516,355871113,4006,-0.05,13.376089665943013
20161101,21.6,21.6,21.5,21.55,17694874,381262451,3994,-0.05,13.345126495419994
20161102,21.5,21.55,21.4,21.5,10994054,235964692,2927,-0.05,13.314163324896978
20161103,21.6,22.05,21.6,22.0,26863697,589218296,6700,+0.50,13.623795030127141
20161104,22.0,22.1,21.8,21.9,11290197,247738689,3315,-0.10,13.561868689081109
20161107,21.95,22.05,21.95,21.95,14454369,317897807,3662,+0.05,13.592831859604125
20161108,22.05,22.6,22.05,22.55,37087256,830226340,9001,+0.60,13.964389905880317
20161109,22.6,22.85,22.0,22.0,41078987,919362832,10622,-0.55,13.623795030127141
20161110,22.65,22.95,22.5,22.9,35483760,806357287,7672,+0.90,14.181132099541434
20161111,23.0,23.15,22.75,22.9,61191650,1407337239,12138, 0.00,14.181132099541434
20161114,22.75,23.8,22.75,23.25,62045176,1447758196,11007,+0.35,14.397874293202547
20161115,23.3,23.5,23.15,23.25,27304526,635392639,7064, 0.00,14.397874293202547
20161116,23.45,23.5,23.05,23.05,16109910,374660431,4994,-0.20,14.274021611110484
20161117,23.0,23.0,22.75,23.0,13261821,303698419,4012,-0.05,14.243058440587467
20161118,22.9,22.9,22.7,22.7,15080832,343617456,5435,-0.30,14.057279417449367
20161121,22.75,23.2,22.75,23.1,11562320,266581093,3634,+0.40,14.304984781633502
20161122,23.1,23.25,22.8,23.25,18578257,429154386,5711,+0.15,14.397874293202547
20161123,23.0,23.05,22.85,22.85,22638600,518164335,7184,-0.40,14.150168929018418
20161124,22.8,23.2,22.8,23.2,15277055,352541381,4839,+0.35,14.366911122679532
20161125,23.2,23.2,23.0,23.05,13539511,312868153,3398,-0.15,14.274021611110484
20161128,23.1,23.2,23.05,23.2,10482971,242755543,3739,+0.15,14.366911122679532
20161129,23.1,23.25,23.0,23.0,13641214,315398972,4686,-0.20,14.243058440587467
20161130,23.0,23.05,22.75,22.75,28142278,642100454,4692,-0.25,14.088242587972385
20161201,22.85,23.1,22.85,22.9,10584131,243405703,3509,+0.15,14.181132099541434
20161202,22.8,23.1,22.8,23.05,9676331,222490698,3154,+0.15,14.274021611110484
20161205,23.0,23.05,22.8,22.8,13478148,308512296,4315,-0.25,14.119205758495404
20161206,23.0,23.25,22.95,23.25,18121057,419031565,5460,+0.45,14.397874293202547
20161207,23.3,23.3,23.1,23.25,7695491,178473625,3046, 0.00,14.397874293202547
20161208,23.2,23.5,23.1,23.5,19206410,440295396,5868,+0.25,14.55269014581763
20161209,23.45,23.75,23.4,23.75,22193558,523663215,6252,+0.25,14.707505998432707
20161212,23.7,23.75,23.55,23.75,12756543,301728234,3633, 0.00,14.707505998432707
20161213,23.65,23.7,23.55,23.7,11009295,260443334,4997,-0.05,14.676542827909692
20161214,23.7,23.7,23.25,23.4,12099306,283988858,4464,-0.30,14.490763804771596
20161215,23.4,23.5,23.3,23.4,10792692,252670842,4171, 0.00,14.490763804771596
20161216,23.5,23.8,23.5,23.75,24469898,580443650,6024,+0.35,14.707505998432707
20161219,23.65,23.7,23.35,23.4,15758297,369135524,4889,-0.35,14.490763804771596
20161220,23.35,23.4,23.2,23.3,10382043,242009170,3531,-0.10,14.428837463725564
20161221,23.3,23.3,23.15,23.15,11845871,274806685,3519,-0.15,14.335947952156515
20161222,23.15,23.2,23.0,23.0,10906660,251631450,2717,-0.15,14.243058440587467
20161223,22.85,23.15,22.85,22.9,11458384,263690121,3859,-0.10,14.181132099541434
20161226,22.95,23.15,22.9,23.0,3498969,80417987,1068,+0.10,14.243058440587467
20161227,23.0,23.0,22.8,22.85,7171354,163986109,1831,-0.15,14.150168929018418
20161228,22.85,23.1,22.85,23.0,13056341,299642335,4213,+0.15,14.243058440587467
20161229,22.9,23.0,22.75,22.8,18117763,413813925,4528,-0.20,14.119205758495404
20161230,23.0,23.15,22.85,23.0,17040925,391531608,4354,+0.20,14.243058440587467
20170103,22.9,23.1,22.8,23.1,9011268,207157507,2184,+0.10,14.304984781633502
20170104,23.15,23.45,23.05,23.45,14379068,335141257,4112,+0.35,14.521726975294612
20170105,23.4,23.7,23.2,23.65,17675755,415859447,4381,+0.20,14.645579657386675
20170106,23.7,23.7,23.5,23.7,11240066,265702530,3199,+0.05,14.676542827909692
20170109,23.7,23.7,23.35,23.35,9066723,212601718,2125,-0.35,14.459800634248579
20170110,23.3,23.65,23.25,23.6,13455945,316830571,3301,+0.25,14.61461648686366
20170111,23.7,23.7,23.55,23.7,13919904,329521303,4864,+0.10,14.676542827909692
20170112,23.75,23.9,23.7,23.9,16778733,400225878,4917,+0.20,14.800395510001756
20170113,23.9,23.95,23.65,23.9,11876900,281981047,3499, 0.00,14.800395510001756
20170116,23.85,23.85,23.6,23.6,10194068,241238582,2487,-0.30,14.61461648686366
20170117,23.6,23.75,23.5,23.5,16578364,391231227,3508,-0.10,14.55269014581763
20170118,23.5,23.55,23.2,23.3,15682823,365840093,3931,-0.20,14.428837463725564
20170119,23.25,23.55,23.15,23.4,16388561,383576571,4594,+0.10,14.490763804771596
20170120,23.25,23.4,23.25,23.3,14879390,346705164,4307,-0.10,14.428837463725564
20170123,23.5,23.6,23.35,23.55,14391231,338179931,3463,+0.25,14.58365331634064
20170124,23.55,23.6,23.25,23.3,16427079,384164606,2571,-0.25,14.428837463725564
20170202,23.35,23.4,23.1,23.3,26378295,614927122,6448, 0.00,14.428837463725564
20170203,23.25,23.35,23.15,23.2,19287958,448893242,3885,-0.10,14.366911122679532
20170206,23.3,23.65,23.2,23.6,18730499,439738000,4565,+0.40,14.61461648686366
20170207,23.6,23.7,23.4,23.7,13845584,327395039,4086,+0.10,14.676542827909692
20170208,23.6,23.65,23.45,23.6,14123525,332550731,3428,-0.10,14.61461648686366
20170209,23.5,23.6,23.45,23.45,20707889,486939399,4032,-0.15,14.521726975294612
20170210,23.6,23.85,23.55,23.7,25146630,596278025,5120,+0.25,14.676542827909692
20170213,23.7,23.9,23.7,23.9,9409015,224071459,3197,+0.20,14.800395510001756
20170214,23.9,23.95,23.8,23.85,12946983,308902561,3832,-0.05,14.76943233947874
20170215,23.9,24.2,23.8,24.2,24225987,583147164,5569,+0.35,14.986174533139856
20170216,24.25,24.45,23.85,23.9,25084497,603524068,6732,-0.30,14.800395510001756
20170217,23.9,23.95,23.6,23.6,17246940,408861138,4740,-0.30,14.61461648686366
20170218,23.6,23.9,23.6,23.85,3772329,89692580,1655,+0.25,14.76943233947874
20170220,23.85,23.9,23.65,23.9,15462819,367774760,4355,+0.05,14.800395510001756
20170221,23.9,24.05,23.8,24.05,15253557,364849781,3997,+0.15,14.893285021570804
20170222,24.1,24.25,24.0,24.15,15908769,384064196,4277,+0.10,14.955211362616838
20170223,24.15,24.25,24.0,24.1,14921585,360139640,3900,-0.05,14.924248192093822
20170224,24.1,24.1,23.9,23.9,11436586,274180434,3100,-0.20,14.800395510001756
20170301,23.9,24.1,23.85,24.05,22017047,527555942,4545,+0.15,14.893285021570804
20170302,24.1,24.15,23.8,23.85,20788962,496566481,4886,-0.20,14.76943233947874
20170303,23.8,24.0,23.7,23.7,17013261,404517546,5041,-0.15,14.676542827909692
20170306,23.7,23.95,23.65,23.95,5625578,134272678,2151,+0.25,14.83135868052477
20170307,23.95,24.0,23.8,24.0,8553298,204957532,2461,+0.05,14.86232185104779
20170308,23.95,24.05,23.9,23.9,11476691,274916021,3523,-0.10,14.800395510001756
20170309,23.85,23.9,23.7,23.7,14829155,352161941,4995,-0.20,14.676542827909692
20170310,23.75,24.0,23.7,23.85,8087923,192960881,2432,+0.15,14.76943233947874
20170313,23.9,23.95,23.7,23.75,13582146,322693692,3620,-0.10,14.707505998432707
20170314,23.8,23.95,23.8,23.8,12786228,305113998,3296,+0.05,14.738469168955728
20170315,23.85,23.95,23.8,23.85,10091744,241070870,3045,+0.05,14.76943233947874
20170316,23.95,23.95,23.8,23.95,13839431,330892833,4310,+0.10,14.83135868052477
20170317,24.0,24.15,23.95,24.15,23320309,561649454,5535,+0.20,14.955211362616838
20170320,24.1,24.25,24.05,24.25,11403353,275738026,3646,+0.10,15.01713770366287
20170321,24.25,24.35,24.2,24.35,18382195,446858837,5330,+0.10,15.079064044708907
20170322,24.0,24.25,24.0,24.25,20314676,489337403,4436,-0.10,15.01713770366287
20170323,24.35,24.35,24.05,24.15,11468469,276932864,3014,-0.10,14.955211362616838
20170324,24.05,24.2,24.0,24.1,6437814,154954036,2288,-0.05,14.924248192093822
20170327,24.0,24.2,23.9,24.05,11020954,265177346,3834,-0.05,14.893285021570804
20170328,24.2,24.2,23.9,24.1,16162205,388968670,3793,+0.05,14.924248192093822
20170329,24.3,24.55,24.25,24.55,23027066,563080698,5292,+0.45,15.20291672680097
20170330,24.6,24.8,24.6,24.7,21845758,539530129,5869,+0.15,15.295806238370021
20170331,24.8,24.8,24.45,24.5,23087854,566663958,4523,-0.20,15.171953556277952
20170405,24.75,24.85,24.2,24.45,31836602,776718882,6880,-0.05,15.140990385754932
20170406,24.4,24.45,24.1,24.15,15496436,374808579,3973,-0.30,14.955211362616838
20170407,24.1,24.15,23.9,23.95,28591716,687282514,8138,-0.20,14.83135868052477
20170410,24.05,24.3,24.0,24.3,8500734,205282877,1964,+0.35,15.048100874185884
20170411,24.15,24.25,24.1,24.1,9124811,220321659,2803,-0.20,14.924248192093822
20170412,24.05,24.1,23.95,24.1,12775166,306895664,3042, 0.00,14.924248192093822
20170413,24.1,24.15,24.0,24.1,7288288,175631865,2983, 0.00,14.924248192093822
20170414,24.1,24.1,23.95,24.0,12217090,293582710,1786,-0.10,14.86232185104779
20170417,24.0,24.05,23.95,24.0,6349948,152274867,1654, 0.00,14.86232185104779
20170418,24.1,24.15,23.95,24.05,12056216,289575384,2659,+0.05,14.893285021570804
20170419,23.95,24.0,23.85,23.9,16068266,384692779,4679,-0.15,14.800395510001756
20170420,23.85,24.0,23.85,24.0,10248542,245406604,2539,+0.10,14.86232185104779
20170421,24.0,24.2,23.95,24.15,7163491,172753481,1845,+0.15,14.955211362616838
20170424,24.2,24.2,23.9,24.05,11465574,275270141,1723,-0.10,14.893285021570804
20170425,24.1,24.35,24.05,24.35,16827372,407830344,3819,+0.30,15.079064044708907
20170426,24.25,24.55,24.25,24.55,22953319,561614637,4281,+0.20,15.20291672680097
20170427,24.45,24.55,24.4,24.5,10556818,258722742,2765,-0.05,15.171953556277952
20170428,24.35,24.55,24.2,24.25,17810688,433778613,3866,-0.25,15.01713770366287
20170502,24.25,24.5,24.25,24.45,15408461,376039515,3813,+0.20,15.140990385754932
20170503,24.5,24.6,24.4,24.55,6985930,171174147,2483,+0.10,15.20291672680097
20170504,24.6,24.65,24.5,24.65,11919635,293217000,2758,+0.10,15.264843067847
20170505,24.45,24.6,24.45,24.5,4267221,104516269,1586,-0.15,15.171953556277952
20170508,24.6,24.65,24.35,24.5,10978349,269042326,2200, 0.00,15.171953556277952
20170509,24.5,24.5,24.3,24.5,7327917,178865044,2426, 0.00,15.171953556277952
20170510,24.5,24.5,24.3,24.45,9191399,224193674,2670,-0.05,15.140990385754932
20170511,24.4,24.6,24.4,24.6,13539899,332232635,2686,+0.15,15.233879897323988
20170512,24.5,24.7,24.45,24.7,8973397,220455560,2502,+0.10,15.295806238370021
20170515,24.7,24.8,24.6,24.8,9774253,241675206,2537,+0.10,15.357732579416053
20170516,24.8,24.95,24.7,24.95,12845815,318746303,3365,+0.15,15.4506220909851
20170517,24.85,24.95,24.6,24.75,9958495,246444141,3033,-0.20,15.326769408893036
20170518,24.6,24.75,24.5,24.6,10634983,261749002,2095,-0.15,15.233879897323988
20170519,24.6,24.65,24.45,24.5,11185293,274052348,2582,-0.10,15.171953556277952
20170522,24.6,24.7,24.5,24.6,13656726,336296932,2682,+0.10,15.233879897323988
20170523,24.65,24.8,24.65,24.7,11314667,279805009,2950,+0.10,15.295806238370021
20170524,24.7,24.75,24.55,24.65,7498999,184602888,2475,-0.05,15.264843067847
20170525,24.65,24.65,24.45,24.65,17145690,420926136,3193, 0.00,15.264843067847
20170526,24.6,24.6,24.4,24.5,22931705,561069691,4199,-0.15,15.171953556277952
20170531,24.45,24.45,24.25,24.25,37385213,908850576,5523,-0.25,15.01713770366287
20170601,24.25,24.35,24.2,24.25,17703295,429683872,5084, 0.00,15.01713770366287
20170602,24.3,24.4,24.25,24.4,15205297,369809728,4596,+0.15,15.110027215231918
20170603,24.4,24.55,24.35,24.5,8926137,218495424,1382,+0.10,15.171953556277952
20170605,24.45,24.6,24.45,24.6,14685341,360490329,3448,+0.10,15.233879897323988
20170606,24.6,24.7,24.55,24.7,18320136,451232655,5271,+0.10,15.295806238370021
20170607,24.7,24.7,24.45,24.6,18396544,451854152,3671,-0.10,15.233879897323988
20170608,24.6,24.8,24.55,24.8,16830863,415495119,5669,+0.20,15.357732579416053
20170609,24.7,24.85,24.45,24.65,25231572,621353492,6660,-0.15,15.264843067847
20170612,24.7,24.7,24.5,24.6,15993604,393347879,3063,-0.05,15.233879897323988
20170613,24.7,24.75,24.6,24.75,10164742,250934455,1922,+0.15,15.326769408893036
20170614,24.7,24.75,24.55,24.55,10349243,254615889,2009,-0.20,15.20291672680097
20170615,24.55,24.7,24.5,24.7,9163469,225580264,2263,+0.15,15.295806238370021
20170616,24.7,24.8,24.6,24.6,19228764,474044810,2851,-0.10,15.233879897323988
20170619,24.6,24.85,24.6,24.8,12774796,316722713,3423,+0.20,15.357732579416053
20170620,24.9,24.9,24.8,24.9,10428889,259369252,2832,+0.10,15.419658920462084
20170621,24.8,25.0,24.75,24.85,15133609,376467140,3375,-0.05,15.38869574993907
20170622,24.9,24.95,24.8,24.85,6842525,170290663,1590, 0.00,15.38869574993907
20170623,24.75,24.85,24.6,24.7,13246414,327716796,3323,-0.15,15.295806238370021
20170626,24.65,25.1,24.6,25.1,18438387,460193127,4667,+0.40,15.54351160255415
20170627,25.1,25.3,24.95,25.2,11895573,299457534,3133,+0.10,15.60543794360018
20170628,25.0,25.1,24.85,24.9,13954408,347768973,3706,-0.30,15.419658920462084
20170629,25.2,25.45,25.2,25.35,13526801,342614735,2877,+0.45,15.698327455169226
20170630,25.35,25.4,25.1,25.3,15864900,401727580,3359,-0.05,15.667364284646215
20170703,25.3,25.6,25.25,25.6,16203504,413562964,4094,+0.30,15.853143307784315
20170704,25.4,25.6,25.35,25.5,10804676,275503137,3694,-0.10,15.791216966738277
20170705,25.5,25.7,25.4,25.65,16842146,430923192,2849,+0.15,15.884106478307327
20170706,25.5,25.65,25.35,25.6,16028421,409258409,3438,-0.05,15.853143307784315
20170707,25.35,25.55,25.25,25.35,10742048,272873276,2879,-0.25,15.698327455169226
20170710,25.35,25.4,25.2,25.3,12475683,315568720,3616,-0.05,15.667364284646215
20170711,25.25,25.6,25.2,25.6,16308534,413022987,5216,+0.30,15.853143307784315
20170712,25.45,25.6,25.4,25.5,14195655,361475467,3482,-0.10,15.791216966738277
20170713,25.55,25.6,25.45,25.5,11947024,304492159,3456, 0.00,15.791216966738277
20170714,25.4,25.5,25.35,25.45,11024509,280426050,3024,-0.05,15.760253796215261
20170717,25.5,25.55,25.35,25.4,11721778,298175414,3131,-0.05,15.729290625692242
20170718,25.4,25.6,25.4,25.55,10052700,256263994,2513,+0.15,15.822180137261295
20170719,25.55,25.6,25.5,25.6,9937352,254018305,4437,+0.05,15.853143307784315
20170720,25.65,25.75,25.55,25.7,11008397,282586058,2814,+0.10,15.915069648830341
20170721,25.6,25.6,25.35,25.35,11752158,298981086,3755,-0.35,15.698327455169226
20170724,25.35,25.7,25.3,25.7,9998636,255514302,4240,+0.35,15.915069648830341
20170725,25.6,25.75,25.55,25.65,6674318,171408332,2674,-0.05,15.884106478307327
20170726,25.6,25.65,25.5,25.5,8773267,224296160,1875,-0.15,15.791216966738277
20170727,25.6,25.7,25.55,25.6,15559111,399052075,4824,+0.10,15.853143307784315
20170728,25.55,25.65,25.5,25.6,10844022,277379939,2687, 0.00,15.853143307784315
20170731,25.55,25.55,25.45,25.55,18633365,475663640,3160,-0.05,15.822180137261295
20170801,25.55,25.6,25.5,25.55,13221325,338042963,3173, 0.00,15.822180137261295
20170802,25.55,25.6,25.5,25.55,17473653,446161676,5995, 0.00,15.822180137261295
20170803,25.5,25.55,25.4,25.5,16551708,421580833,4320,-0.05,15.791216966738277
20170804,25.5,25.8,25.45,25.8,15183655,388600784,4257,+0.30,15.976995989876377
20170807,25.8,26.2,25.8,26.2,37912762,987621796,8710,+0.40,16.2247013540605
20170808,26.35,26.4,26.05,26.05,33542994,880236194,9311,-0.15,16.131811842491455
20170809,25.85,25.9,25.65,25.7,49146850,1265732134,8994,-0.35,15.915069648830341
20170810,23.9,24.1,23.8,23.9,53121481,1269736202,8878,X0.00,15.665987010174842
20170811,23.8,23.95,23.75,23.9,15083547,359871961,3476, 0.00,15.665987010174842
20170814,24.0,24.05,23.8,23.8,13324977,318391708,4107,-0.10,15.600438947370764
20170815,24.0,24.0,23.75,23.85,15053333,359088599,3132,+0.05,15.633212978772798
20170816,23.75,23.9,23.75,23.9,11333661,269888557,3798,+0.05,15.665987010174842
20170817,24.0,24.15,23.8,24.05,8353258,200686642,2836,+0.15,15.764309104380958
20170818,24.0,24.05,23.8,23.95,9111818,218032212,2215,-0.10,15.698761041576883
20170821,23.95,24.0,23.85,23.95,8389986,200572774,3640, 0.00,15.698761041576883
20170822,23.95,24.4,23.9,24.1,8577850,207213357,3654,+0.15,15.797083135782998
20170823,24.2,24.2,23.95,24.0,9553942,229407308,4392,-0.10,15.731535072978916
20170824,24.2,24.2,24.05,24.05,8952218,215983732,3345,+0.05,15.764309104380958
20170825,24.05,24.15,23.95,23.95,5750616,137974659,2653,-0.10,15.698761041576883
20170828,24.0,24.35,24.0,24.1,9535458,230559096,3675,+0.15,15.797083135782998
20170829,24.15,24.15,23.95,24.0,11698750,280749130,2844,-0.10,15.731535072978916
20170830,24.05,24.2,23.95,24.1,12487830,300187070,3126,+0.10,15.797083135782998
20170831,24.2,24.25,24.05,24.25,15930198,385316941,4270,+0.15,15.89540522998911
20170901,24.25,24.25,23.95,24.05,9053692,217766455,2783,-0.20,15.764309104380958
20170904,24.0,24.05,23.9,23.9,8516349,203805346,3567,-0.15,15.665987010174842
20170905,24.05,24.05,23.85,23.95,15843865,378495358,4021,+0.05,15.698761041576883
20170906,23.95,24.0,23.8,23.8,17853750,425874039,4552,-0.15,15.600438947370764
20170907,23.85,23.95,23.75,23.8,12084906,287938751,3704, 0.00,15.600438947370764
20170908,23.95,23.95,23.75,23.95,15229041,363622815,4563,+0.15,15.698761041576883
20170911,24.0,24.0,23.8,23.85,11977095,285587410,3679,-0.10,15.633212978772798
20170912,23.95,23.95,23.75,23.85,12515569,297987460,4526, 0.00,15.633212978772798
20170913,23.8,23.9,23.75,23.8,6811505,162138833,1947,-0.05,15.600438947370764
20170914,23.8,23.9,23.75,23.8,10050816,239225788,2657, 0.00,15.600438947370764
20170915,23.85,23.85,23.7,23.8,22563709,536525732,3319, 0.00,15.600438947370764
20170918,23.85,23.85,23.65,23.7,14252606,338102850,5414,-0.10,15.534890884566682
20170919,23.7,23.8,23.7,23.75,12159398,273002343,2301,+0.05,15.567664915968724
20170920,23.7,23.85,23.7,23.85,6920047,164670688,1995,+0.10,15.633212978772798
20170921,23.8,23.9,23.7,23.75,17949180,427740419,3327,-0.10,15.567664915968724
20170922,23.75,23.8,23.6,23.65,8364498,197944100,2335,-0.10,15.502116853164646
20170925,23.65,23.7,23.55,23.6,7905556,186625146,3643,-0.05,15.46934282176261
20170926,23.6,23.9,23.6,23.85,9552296,227122395,3761,+0.25,15.633212978772798
20170927,23.75,23.9,23.7,23.75,10567959,251525124,1833,-0.10,15.567664915968724
20170928,23.8,23.85,23.65,23.75,16326599,387564601,2186, 0.00,15.567664915968724
20170929,23.8,23.8,23.65,23.7,8227626,195078499,1834,-0.05,15.534890884566682
20170930,23.8,23.85,23.75,23.75,1770012,42149214,481,+0.05,15.567664915968724
20171002,23.75,23.9,23.75,23.9,5309527,126523354,1563,+0.15,15.665987010174842
20171003,23.9,23.9,23.75,23.85,4383800,104363043,1548,-0.05,15.633212978772798
20171005,23.8,23.9,23.8,23.85,4255414,101503638,1392, 0.00,15.633212978772798
20171006,23.85,24.0,23.85,24.0,3951899,94615552,1661,+0.15,15.731535072978916
20171011,24.0,24.1,23.9,24.1,15654733,376195742,4086,+0.10,15.797083135782998
20171012,24.05,24.05,23.85,23.9,8750898,209448007,2720,-0.20,15.665987010174842
20171013,23.9,24.0,23.85,23.95,5793182,138644362,1603,+0.05,15.698761041576883
20171016,23.95,24.0,23.8,24.0,8969464,214579477,2540,+0.05,15.731535072978916
20171017,24.0,24.15,23.9,24.15,13279472,319676567,3565,+0.15,15.829857167185036
20171018,24.15,24.2,23.95,24.1,17720062,426046838,5590,-0.05,15.797083135782998
20171019,24.1,24.1,23.9,23.9,6235717,149321190,2254,-0.20,15.665987010174842
20171020,23.9,23.95,23.8,23.9,9513990,227100410,2860, 0.00,15.665987010174842
20171023,24.0,24.05,23.95,24.0,4118822,98916051,1059,+0.10,15.731535072978916
20171024,24.0,24.1,23.95,24.0,5370928,128981121,1234, 0.00,15.731535072978916
20171025,24.0,24.05,24.0,24.05,6189102,148731994,1711,+0.05,15.764309104380958
20171026,24.05,24.05,23.75,23.85,15218075,362918297,2759,-0.20,15.633212978772798
20171027,23.85,23.9,23.75,23.85,12728568,303077085,2035, 0.00,15.633212978772798
20171030,23.85,23.85,23.75,23.75,9616504,228645029,2280,-0.10,15.567664915968724
20171031,23.75,23.8,23.65,23.7,16121641,381871157,3218,-0.05,15.534890884566682
20171101,23.85,23.85,23.6,23.65,13947393,330038028,2738,-0.05,15.502116853164646
20171102,23.6,23.7,23.5,23.55,16897530,398094223,5172,-0.10,15.436568790360564
20171103,23.6,23.65,23.5,23.6,6976835,164450075,1596,+0.05,15.46934282176261
20171106,23.6,23.7,23.6,23.65,8283468,195926111,1644,+0.05,15.502116853164646
20171107,23.7,23.8,23.55,23.65,14431523,340711713,2244, 0.00,15.502116853164646
20171108,23.65,23.7,23.6,23.6,7249759,171264223,1721,-0.05,15.46934282176261
20171109,23.65,23.75,23.6,23.7,4510028,106783533,1424,+0.10,15.534890884566682
20171110,23.7,23.7,23.6,23.6,4068031,96188948,1156,-0.10,15.46934282176261
20171113,23.6,23.7,23.6,23.6,5682435,134284136,1973, 0.00,15.46934282176261
20171114,23.6,23.7,23.6,23.65,6447514,152424861,2601,+0.05,15.502116853164646
20171115,23.65,23.7,23.6,23.6,6953404,164267506,2367,-0.05,15.46934282176261
20171116,23.55,23.6,23.5,23.5,9307039,219024292,2958,-0.10,15.403794758958526
20171117,23.55,23.65,23.55,23.55,6405175,151056567,1746,+0.05,15.436568790360564
20171120,23.55,23.65,23.5,23.55,9154932,215583448,3003, 0.00,15.436568790360564
20171121,23.55,23.9,23.5,23.85,18247889,432705867,3886,+0.30,15.633212978772798
20171122,23.9,24.1,23.9,24.05,19244714,461961105,4861,+0.20,15.764309104380958
20171123,24.05,24.05,23.85,24.0,8797553,210786378,2434,-0.05,15.731535072978916
20171124,23.8,23.85,23.7,23.7,11116482,264197468,3356,-0.30,15.534890884566682
20171127,23.7,23.75,23.6,23.6,9597120,226766054,3215,-0.10,15.46934282176261
20171128,23.55,23.65,23.5,23.6,20341991,479349996,4131, 0.00,15.46934282176261
20171129,23.6,23.7,23.5,23.55,14393422,339241198,2401,-0.05,15.436568790360564
20171130,23.65,23.65,23.5,23.65,29211134,688999879,3810,+0.10,15.502116853164646
20171201,23.65,23.7,23.5,23.7,13508157,318777234,3589,+0.05,15.534890884566682
20171204,23.7,23.85,23.6,23.8,10237577,243224046,3329,+0.10,15.600438947370764
20171205,23.8,23.9,23.65,23.7,13177316,313121248,3302,-0.10,15.534890884566682
20171206,23.7,23.75,23.55,23.65,19235086,454700070,3657,-0.05,15.502116853164646
20171207,23.7,23.7,23.4,23.4,15585641,366482596,3984,-0.25,15.33824669615445
20171208,23.4,23.55,23.35,23.35,14228555,332892887,3913,-0.05,15.30547266475241
20171211,23.4,23.65,23.4,23.5,7127441,167920443,2273,+0.15,15.403794758958526
20171212,23.5,23.6,23.4,23.45,12906625,302657924,3527,-0.05,15.371020727556488
20171213,23.5,23.7,23.5,23.7,10929772,258137515,2460,+0.25,15.534890884566682
20171214,23.7,23.8,23.6,23.6,10305381,244282125,2610,-0.10,15.46934282176261
20171215,23.55,23.7,23.5,23.7,23842275,563363834,3599,+0.10,15.534890884566682
20171218,23.7,23.75,23.55,23.75,7256826,171643824,2517,+0.05,15.567664915968724
20171219,23.7,23.75,23.55,23.65,16335072,385813712,4076,-0.10,15.502116853164646
20171220,23.7,23.75,23.55,23.65,8943102,211587784,2604, 0.00,15.502116853164646
20171221,23.6,23.7,23.6,23.6,8722592,206208398,1902,-0.05,15.46934282176261
20171222,23.6,23.8,23.6,23.8,6929674,164529011,1591,+0.20,15.600438947370764
20171225,23.8,23.85,23.7,23.8,3691807,87779030,1326, 0.00,15.600438947370764
20171226,23.8,23.85,23.7,23.75,4021273,95588555,1330,-0.05,15.567664915968724
20171227,23.7,23.85,23.7,23.85,7321354,174253402,1954,+0.10,15.633212978772798
20171228,23.9,23.95,23.85,23.95,9581407,228958682,3566,+0.10,15.698761041576883
20171229,24.0,24.05,23.95,24.05,13379470,321423900,2563,+0.10,15.764309104380958
20180102,24.0,24.2,24.0,24.2,12261207,296206091,3173,+0.15,15.862631198587076
20180103,24.2,24.5,24.15,24.5,17072639,415974196,4016,+0.30,16.059275386999314
20180104,24.4,24.6,24.35,24.6,11424155,280038971,3189,+0.10,16.124823449803394
20180105,24.6,24.9,24.6,24.9,16286314,403368633,5602,+0.30,16.321467638215626
20180108,25.0,25.15,24.75,25.15,18152333,454477225,5249,+0.25,16.48533779522583
20180109,25.1,25.1,25.0,25.0,18655957,466898975,7517,-0.15,16.38701570101971
20180110,25.0,25.35,24.95,25.35,27827652,701992628,8918,+0.35,16.61643392083398
20180111,25.3,25.4,25.05,25.4,16715517,421398871,5728,+0.05,16.649207952236022
20180112,25.4,25.5,25.3,25.35,12481190,317094308,4195,-0.05,16.61643392083398
20180115,25.4,26.0,25.4,25.95,26438344,679553840,5677,+0.60,17.009722297658456
20180116,25.9,26.1,25.8,25.85,28420006,736903127,7432,-0.10,16.94417423485438
20180117,25.75,25.9,25.65,25.85,17232476,444862885,5100, 0.00,16.94417423485438
20180118,25.65,25.9,25.5,25.8,30289067,780179830,7668,-0.05,16.911400203452345
20180119,25.5,25.55,25.1,25.55,31973585,810861211,8969,-0.25,16.747530046442137
20180122,25.3,25.5,25.3,25.5,17115068,434497356,4920,-0.05,16.714756015040106
20180123,25.35,25.45,25.25,25.4,17103183,433659497,4691,-0.10,16.649207952236022
20180124,25.3,25.35,25.05,25.3,16122788,405856271,4819,-0.10,16.583659889431946
20180125,25.25,25.65,25.25,25.6,20838071,531659303,4334,+0.30,16.780304077844185
20180126,25.5,25.65,25.4,25.6,11587716,295436229,4983, 0.00,16.780304077844185
20180129,25.55,25.7,25.5,25.7,8963132,229683628,2282,+0.10,16.84585214064826
20180130,25.55,25.6,25.4,25.4,7701270,196009814,1648,-0.30,16.649207952236022
20180131,25.3,25.4,25.15,25.3,13907844,351506344,2673,-0.10,16.583659889431946
20180201,25.3,25.5,25.3,25.4,5941543,151041225,2283,+0.10,16.649207952236022
20180202,25.15,25.35,25.15,25.3,9584670,241977487,2005,-0.10,16.583659889431946
20180205,25.0,25.05,24.95,25.0,13768274,344208629,4393,-0.30,16.38701570101971
20180206,24.3,24.5,23.85,24.0,38023963,918139381,11345,-1.00,15.731535072978916
20180207,24.2,24.5,24.1,24.1,22990182,558829108,5408,+0.10,15.797083135782998
20180208,24.25,24.3,24.1,24.1,10149024,245225810,3346, 0.00,15.797083135782998
20180209,23.75,24.15,23.7,23.95,18458804,441583371,7148,-0.15,15.698761041576883
20180212,24.05,24.45,24.0,24.15,15582730,376802742,3726,+0.20,15.829857167185036
20180221,24.45,24.7,24.35,24.7,16614904,408140038,5150,+0.55,16.190371512607474
20180222,24.5,24.75,24.4,24.75,15107020,371255660,5047,+0.05,16.223145544009512
20180223,24.8,25.0,24.8,25.0,14008388,349194300,4973,+0.25,16.38701570101971
20180226,25.15,25.2,25.0,25.0,11944961,299589765,4068, 0.00,16.38701570101971
20180227,25.1,25.25,24.9,24.95,16013207,400611820,3206,-0.05,16.354241669617668
20180301,24.6,25.2,24.6,25.1,14091360,351766965,4242,+0.15,16.452563763823786
20180302,24.9,25.05,24.8,24.95,17607671,438539475,4743,-0.15,16.354241669617668
20180305,24.95,25.05,24.7,24.75,11149715,276823443,2984,-0.20,16.223145544009512
20180306,25.0,25.05,24.85,24.85,7673244,191478322,3153,+0.10,16.28869360681359
20180307,24.8,24.95,24.5,24.5,19942922,490982149,5486,-0.35,16.059275386999314
20180308,24.65,24.95,24.6,24.95,10332572,256319574,4323,+0.45,16.354241669617668
20180309,25.0,25.0,24.85,24.95,7301594,182127924,2795, 0.00,16.354241669617668
20180312,25.15,25.5,25.1,25.45,22375711,566890019,5784,+0.50,16.681981983638067
20180313,25.45,25.65,25.3,25.65,19949015,510388255,5399,+0.20,16.813078109246224
20180314,25.5,25.55,25.25,25.3,11003881,279125150,4595,-0.35,16.583659889431946
20180315,25.25,25.3,25.1,25.1,7217396,181788601,2774,-0.20,16.452563763823786
20180316,25.2,25.5,25.1,25.5,24621329,625623660,3474,+0.40,16.714756015040106
20180319,25.5,25.5,25.3,25.45,8399450,213240001,2968,-0.05,16.681981983638067
20180320,25.3,25.4,25.25,25.35,13581148,343839090,5361,-0.10,16.61643392083398
20180321,25.4,25.5,25.25,25.35,12683826,321327551,3833, 0.00,16.61643392083398
20180322,25.35,25.6,25.3,25.4,16175479,410746284,4991,+0.05,16.649207952236022
20180323,25.0,25.25,25.0,25.2,18552030,466872678,4393,-0.20,16.518111826627862
20180326,25.05,25.25,25.05,25.15,17079276,428906186,3547,-0.05,16.48533779522583
20180327,25.25,25.4,25.25,25.4,14054879,356040052,4442,+0.25,16.649207952236022
20180328,25.25,25.3,25.05,25.05,16821035,423092816,5551,-0.35,16.419789732421748
20180329,25.1,25.15,25.0,25.05,22625818,567064796,4809, 0.00,16.419789732421748
20180330,25.15,25.25,25.1,25.1,11282561,284100442,4728,+0.05,16.452563763823786
20180331,25.2,25.25,25.1,25.2,7224797,182228917,2634,+0.10,16.518111826627862
20180402,25.3,25.4,25.3,25.35,8377405,212390151,4061,+0.15,16.61643392083398
20180403,25.3,25.35,25.15,25.25,14010709,354317964,4019,-0.10,16.550885858029904
20180409,25.4,25.45,25.2,25.45,14167625,359206003,5278,+0.20,16.681981983638067
20180410,25.3,25.7,25.3,25.65,18467685,472286310,5919,+0.20,16.813078109246224
20180411,25.6,25.65,25.45,25.5,11945214,304982581,3623,-0.15,16.714756015040106
20180412,25.5,25.65,25.5,25.65,14454759,370353536,5280,+0.15,16.813078109246224
20180413,25.6,25.65,25.5,25.6,10497456,268718465,5117,-0.05,16.780304077844185
20180416,25.55,25.65,25.5,25.65,9676509,247410106,4332,+0.05,16.813078109246224
20180417,25.6,25.6,25.3,25.35,14309139,363002474,5183,-0.30,16.61643392083398
20180418,25.55,25.55,25.2,25.2,16883750,426994425,6038,-0.15,16.518111826627862
20180419,25.25,25.75,25.25,25.75,19284165,493050989,5824,+0.55,16.8786261720503
20180420,25.65,25.75,25.55,25.7,10667746,273755466,3859,-0.05,16.84585214064826
20180423,25.7,25.85,25.65,25.8,16581418,426968251,3983,+0.10,16.911400203452345
20180424,25.8,26.05,25.75,25.9,25386581,658217857,6703,+0.10,16.976948266256414
20180425,25.85,26.0,25.7,26.0,14881966,384928320,5158,+0.10,17.0424963290605
20180426,26.0,26.0,25.75,25.95,12780245,330778211,4572,-0.05,17.009722297658456
20180427,25.9,26.0,25.8,26.0,12440498,322301887,4663,+0.05,17.0424963290605
20180430,26.0,26.25,25.95,26.25,15046060,393537668,4963,+0.25,17.206366486070696
20180502,26.2,26.25,26.15,26.25,17769693,465703165,4744, 0.00,17.206366486070696
20180503,26.2,26.25,26.0,26.1,15251932,398229450,5192,-0.15,17.108044391864574
20180504,25.95,26.0,25.8,25.8,17677058,457260121,6987,-0.30,16.911400203452345
20180507,25.85,26.1,25.8,26.0,10740704,278983104,4307,+0.20,17.0424963290605
20180508,26.0,26.25,25.95,26.2,15311186,400386124,4449,+0.20,17.17359245466866
20180509,26.1,26.3,26.0,26.15,15215879,397683961,5546,-0.05,17.140818423266612
20180510,26.15,26.2,26.05,26.1,12565763,328367928,4115,-0.05,17.108044391864574
20180511,26.15,26.4,26.15,26.4,14394090,378583127,3605,+0.30,17.30468858027681
20180514,26.45,26.6,26.4,26.5,12593722,333847983,3969,+0.10,17.37023664308089
20180515,26.6,26.6,26.3,26.3,16557915,437471309,4158,-0.20,17.239140517472727
20180516,26.4,26.5,26.35,26.45,14050035,371374933,5343,+0.15,17.33746261167885
20180517,26.45,26.6,26.4,26.45,17376707,460870781,7031, 0.00,17.33746261167885
20180518,26.45,26.7,26.45,26.7,19350461,515398584,8111,+0.25,17.50133276868905
20180521,26.7,27.1,26.7,27.0,22148647,597479695,9260,+0.30,17.697976957101286
20180522,26.9,27.0,26.8,26.8,12749568,343279366,4282,-0.20,17.56688083149313
20180523,26.8,26.95,26.8,26.9,12835826,345274056,4896,+0.10,17.632428894297203
20180524,26.9,27.05,26.75,27.05,13756399,371014038,6309,+0.15,17.73075098850333
20180525,27.0,27.05,26.8,26.85,14314203,385191853,5299,-0.20,17.599654862895168
20180528,26.85,27.15,26.85,27.15,12993455,351477285,5320,+0.30,17.7962990513074
20180529,27.05,27.1,26.8,26.9,15721360,423142056,4173,-0.25,17.632428894297203
20180530,26.7,26.75,26.1,26.35,46107941,1213521260,14331,-0.55,17.271914548874776
20180531,26.4,26.5,26.2,26.25,66643206,1750689381,11146,-0.10,17.206366486070696
20180601,26.25,26.8,26.2,26.7,20195574,537460188,8089,+0.45,17.50133276868905
20180604,26.7,27.1,26.65,27.1,19628123,529117917,5691,+0.40,17.76352501990536
20180605,27.1,27.4,27.0,27.35,21939800,598580401,8583,+0.25,17.927395176915564
20180606,27.35,27.5,27.3,27.4,21362818,585550709,6656,+0.05,17.9601692083176
20180607,27.4,27.45,27.2,27.35,21855120,596661782,5625,-0.05,17.927395176915564
20180608,27.2,27.2,26.95,27.1,19888766,537910313,4701,-0.25,17.76352501990536
20180611,27.0,27.05,26.8,26.95,25155132,676834907,6143,-0.15,17.66520292569924
20180612,26.85,26.85,26.7,26.75,26244855,702818247,5298,-0.20,17.534106800091084
20180613,27.0,27.0,26.7,26.75,16692040,446487425,5447, 0.00,17.534106800091084
20180614,26.7,26.75,26.6,26.6,19166666,511151208,4554,-0.15,17.435784705884966
20180615,26.6,26.75,26.45,26.75,32749110,872597155,5374,+0.15,17.534106800091084
20180619,26.45,26.6,26.35,26.35,30042063,794227296,8435,-0.40,17.271914548874776
20180620,26.45,26.75,26.3,26.6,24045156,639264768,5388,+0.25,17.435784705884966
20180621,26.8,26.8,26.55,26.6,13763926,366851152,3319, 0.00,17.435784705884966
20180622,26.8,26.8,26.45,26.6,24256559,645272395,4689, 0.00,17.435784705884966
20180625,26.45,26.65,26.4,26.55,13430968,356389926,3355,-0.05,17.403010674482932
20180626,26.65,26.8,26.55,26.65,17994007,480807988,4384,+0.10,17.468558737287005
20180627,26.7,26.8,26.55,26.65,21624269,576892519,4786, 0.00,17.468558737287005
20180628,26.55,26.6,26.3,26.3,31658316,836693572,6858,-0.35,17.239140517472727
20180629,26.3,26.95,26.25,26.9,28520289,760946956,6648,+0.60,17.632428894297203
20180702,26.6,26.8,26.5,26.5,13996873,372171656,4345,-0.40,17.37023664308089
20180703,26.45,26.55,26.35,26.4,14901036,393699623,4914,-0.10,17.30468858027681
20180704,26.4,26.6,26.4,26.5,7755332,205614086,3707,+0.10,17.37023664308089
20180705,26.65,26.7,26.35,26.5,9707092,256979006,3397, 0.00,17.37023664308089
20180706,26.35,26.5,26.15,26.45,23722026,611899465,5841,-0.05,17.33746261167885
20180709,26.65,26.65,26.45,26.55,7768000,206391852,3287,+0.10,17.403010674482932
20180710,26.7,26.7,26.5,26.7,21163984,562468884,2872,+0.15,17.50133276868905
20180711,26.5,26.6,26.3,26.55,8666071,229402820,3226,-0.15,17.403010674482932
20180712,26.55,26.9,26.45,26.85,13521189,362010892,4324,+0.30,17.599654862895168
20180713,26.85,27.0,26.8,27.0,7585128,203934256,4013,+0.15,17.697976957101286
20180716,27.1,27.1,26.8,26.8,12611840,340658775,5311,-0.20,17.56688083149313
20180717,26.8,27.05,26.7,26.95,15337568,411427616,5741,+0.15,17.66520292569924
20180718,27.0,27.05,26.85,27.0,14536007,392046589,5457,+0.05,17.697976957101286
20180719,27.0,27.1,26.85,26.85,7931192,214006273,3916,-0.15,17.599654862895168
20180720,26.85,27.0,26.8,26.9,9717774,261753737,4420,+0.05,17.632428894297203
20180723,26.95,27.1,26.9,26.95,10644511,287634225,4060,+0.05,17.66520292569924
20180724,27.0,27.1,26.95,27.1,14584405,394665785,3450,+0.15,17.76352501990536
20180725,27.1,27.3,27.05,27.2,15322275,416338514,5614,+0.10,17.829073082709446
20180726,27.3,27.35,27.15,27.35,12308327,335850774,5324,+0.15,17.927395176915564
20180727,27.35,27.35,27.15,27.25,19235685,524797549,7302,-0.10,17.861847114111477
20180730,27.3,27.35,27.2,27.25,22012562,599950379,4840, 0.00,17.861847114111477
20180731,27.3,27.35,27.15,27.25,35218494,959679230,7269, 0.00,17.861847114111477
20180801,27.25,27.45,27.25,27.45,20271612,554555513,4756,+0.20,17.992943239719636
20180802,27.4,27.5,27.3,27.35,28359529,777251673,7567,-0.10,17.927395176915564
20180803,27.4,27.5,27.35,27.35,29116955,798230156,4139, 0.00,17.927395176915564
20180806,27.4,27.45,27.25,27.3,27185099,744180089,11068,-0.05,17.894621145513526
20180807,27.3,27.35,27.25,27.3,29564916,806874693,9846, 0.00,17.894621145513526
20180808,27.3,27.45,27.3,27.35,43645705,1194065740,10951,+0.05,17.927395176915564
20180809,26.1,26.25,26.0,26.05,47880748,1249825827,14055,X0.00,18.06609842780079
20180810,26.15,26.35,26.1,26.35,22034068,577556159,10557,+0.30,18.274153304128625
20180813,26.25,26.3,26.05,26.15,22435213,586920059,8974,-0.20,18.1354500532434
20180814,26.1,26.15,26.0,26.0,14254082,371081949,3817,-0.15,18.03142261507948
20180815,26.0,26.05,25.6,25.6,23709163,610670748,7710,-0.40,17.754016113309028
20180816,25.5,25.5,25.3,25.35,26520890,672976623,7413,-0.25,17.580637049702492
20180817,25.5,25.65,25.5,25.55,12311674,315109649,3642,+0.20,17.719340300587728
20180820,25.6,25.65,25.45,25.5,17152033,437711318,5558,-0.05,17.684664487866414
20180821,25.65,25.85,25.55,25.85,11314378,290828824,4206,+0.35,17.927395176915564
20180822,25.9,26.05,25.7,25.95,14482578,374917728,4450,+0.10,17.996746802358178
20180823,26.0,26.1,25.8,26.1,18310232,475806422,3165,+0.15,18.100774240522096
20180824,26.1,26.1,25.85,26.0,6723613,174454988,2324,-0.10,18.03142261507948
20180827,26.0,26.05,25.8,25.8,8965703,231968275,2973,-0.20,17.89271936419425
20180828,25.9,26.0,25.8,25.9,11328291,293553663,3052,+0.10,17.962070989636867
20180829,25.9,25.95,25.75,25.85,15921407,411485277,5780,-0.05,17.927395176915564
20180830,25.85,25.85,25.7,25.8,9782091,252050956,5151,-0.05,17.89271936419425
20180831,25.8,25.8,25.65,25.8,14720057,379049894,3700, 0.00,17.89271936419425
20180903,25.8,25.85,25.6,25.75,5607115,144076094,2364,-0.05,17.858043551472946
20180904,25.75,26.05,25.75,26.05,12354362,321125479,2962,+0.30,18.06609842780079
20180905,26.0,26.0,25.7,25.7,12338416,318030951,3889,-0.35,17.82336773875164
20180906,25.6,25.9,25.5,25.9,10510737,270879268,2478,+0.20,17.962070989636867
20180907,25.7,25.9,25.65,25.9,10800125,278711535,2485, 0.00,17.962070989636867
20180910,25.75,25.9,25.7,25.8,13806798,356167734,2702,-0.10,17.89271936419425
20180911,25.85,26.0,25.8,26.0,16456265,426011590,3689,+0.20,18.03142261507948
20180912,26.0,26.0,25.8,26.0,11645899,301764824,3634, 0.00,18.03142261507948
20180913,25.95,26.1,25.85,26.1,13728378,356745179,2656,+0.10,18.100774240522096
20180914,26.05,26.1,25.95,25.95,14844122,386446465,6730,-0.15,17.996746802358178
20180917,26.05,26.45,26.05,26.4,26095197,685051585,8907,+0.45,18.308829116849935
20180918,26.4,26.85,26.4,26.8,36529069,973513828,10506,+0.40,18.58623561862039
20180919,26.8,27.0,26.7,27.0,29473572,791662530,11606,+0.20,18.72493886950561
20180920,27.0,27.15,26.95,27.0,27362882,740231364,12203, 0.00,18.72493886950561
20180921,27.05,27.2,27.0,27.15,31983687,867335338,10432,+0.15,18.828966307669532
20180925,27.2,27.3,27.15,27.3,23371230,636502394,8953,+0.15,18.932993745833457
20180926,27.3,27.3,27.1,27.3,21216747,577782530,8922, 0.00,18.932993745833457
20180927,27.3,27.3,27.15,27.3,23243636,633335036,7250, 0.00,18.932993745833457
20180928,27.25,27.5,27.2,27.5,34758781,952462644,11582,+0.20,19.071696996718682
20181001,27.5,27.75,27.5,27.5,25793896,713756605,9524, 0.00,19.071696996718682
20181002,27.6,27.6,27.0,27.15,22395887,608957700,6979,-0.35,18.828966307669532
20181003,27.05,27.3,27.0,27.1,23887378,647868129,7238,-0.05,18.794290494948232
20181004,27.1,27.3,27.0,27.3,34863138,945605081,9211,+0.20,18.932993745833457
20181005,27.25,27.3,26.7,26.8,33777507,907489275,7478,-0.50,18.58623561862039
20181008,26.8,27.25,26.75,27.0,31901954,862894208,8940,+0.20,18.72493886950561
20181009,27.0,27.8,27.0,27.55,47117185,1298179207,10409,+0.55,19.106372809439986
20181011,26.9,27.1,26.35,26.5,63586980,1697049382,17998,-1.05,18.378180742292553
20181012,26.25,27.05,26.25,27.0,49439412,1324654901,11508,+0.50,18.72493886950561
20181015,26.75,26.85,26.5,26.55,38271038,1018556545,10092,-0.45,18.412856555013853
20181016,26.6,26.75,26.45,26.6,20575486,546117958,5169,+0.05,18.44753236773516
20181017,26.7,26.75,26.5,26.65,22797893,605999154,5933,+0.05,18.482208180456464
20181018,26.65,26.65,26.3,26.35,23589593,622953574,4959,-0.30,18.274153304128625
20181019,26.1,26.45,26.05,26.25,33298180,874048371,7598,-0.10,18.204801678686017
20181022,26.2,26.25,26.0,26.15,31416463,820964441,6133,-0.10,18.1354500532434
20181023,26.0,26.2,26.0,26.2,22283867,580854736,5813,+0.05,18.170125865964703
20181024,26.0,26.05,25.5,26.0,43137823,1111583342,11453,-0.20,18.03142261507948
20181025,25.55,25.75,25.4,25.55,39456762,1007962702,9681,-0.45,17.719340300587728
20181026,25.6,25.75,24.95,25.35,33795028,856758679,9534,-0.20,17.580637049702492
20181029,25.35,25.5,25.05,25.3,23621350,594875584,5570,-0.05,17.545961236981185
20181030,25.45,25.5,25.2,25.45,17006770,431202625,5327,+0.15,17.649988675145106
20181031,25.8,26.15,25.6,26.15,34495577,893890185,13595,+0.70,18.1354500532434
20181101,25.8,25.95,25.7,25.85,16725907,432133690,4565,-0.30,17.927395176915564
20181102,26.0,26.25,25.9,26.25,17222292,449872805,5071,+0.40,18.204801678686017
20181105,26.1,26.3,25.9,26.3,14301588,373897429,5270,+0.05,18.23947749140732
20181106,26.3,26.3,26.05,26.25,13328768,344509384,3718,-0.05,18.204801678686017
20181107,26.25,26.5,26.15,26.5,18361755,483412585,7711,+0.25,18.378180742292553
20181108,26.6,26.7,26.35,26.7,21710496,576519538,6978,+0.20,18.516883993177778
20181109,26.65,26.65,26.2,26.45,13979895,368195441,8410,-0.25,18.343504929571242
20181112,26.35,26.55,26.15,26.5,18161218,479526166,6311,+0.05,18.378180742292553
20181113,26.2,26.55,26.2,26.5,23912764,632029123,7757, 0.00,18.378180742292553
20181114,26.45,26.5,26.35,26.5,14652764,386827932,5857, 0.00,18.378180742292553
20181115,26.4,26.5,26.3,26.4,15448679,408291182,7126,-0.10,18.308829116849935
20181116,26.5,26.55,26.4,26.5,18910305,500413752,7738,+0.10,18.378180742292553
20181119,26.5,26.55,26.4,26.5,22859957,605107080,7376, 0.00,18.378180742292553
20181120,26.4,26.45,26.3,26.3,16054964,423168984,6431,-0.20,18.23947749140732
20181121,26.2,26.3,26.15,26.3,17574408,460872672,8388, 0.00,18.23947749140732
20181122,26.3,26.3,26.05,26.2,18344887,479302164,5482,-0.10,18.170125865964703
20181123,26.15,26.35,26.1,26.25,18495312,484513318,4471,+0.05,18.204801678686017
20181126,26.25,26.6,26.1,26.15,16832002,442416781,5850,-0.10,18.1354500532434
20181127,26.15,26.2,25.9,25.95,18426407,478508780,6133,-0.20,17.996746802358178
20181128,26.05,26.15,25.9,26.15,18600810,484497352,6860,+0.20,18.1354500532434
20181129,26.15,26.2,25.75,25.75,30746328,794425785,9842,-0.40,17.858043551472946
20181130,25.9,26.15,25.55,25.6,61187132,1571561513,13859,-0.15,17.754016113309028
20181203,25.85,26.0,25.8,25.85,16478516,426420356,4637,+0.25,17.927395176915564
20181204,25.85,26.05,25.85,26.05,16394399,425831256,4839,+0.20,18.06609842780079
20181205,25.9,26.0,25.8,25.85,6011041,155731648,2301,-0.20,17.927395176915564
20181206,25.85,25.85,25.65,25.8,15678290,403875603,3984,-0.05,17.89271936419425
20181207,25.8,25.85,25.7,25.85,8111143,209171606,2739,+0.05,17.927395176915564
20181210,25.65,25.7,25.55,25.65,10774356,276168760,3460,-0.20,17.788691926030335
20181211,25.6,25.8,25.55,25.75,13556917,347666339,3855,+0.10,17.858043551472946
20181212,25.9,25.9,25.6,25.7,15816377,406545643,4466,-0.05,17.82336773875164
20181213,25.7,25.75,25.6,25.7,22473333,576909510,6682, 0.00,17.82336773875164
20181214,25.55,25.7,25.5,25.65,18167502,464537832,5841,-0.05,17.788691926030335
20181217,25.7,25.8,25.65,25.8,7151939,184179400,2501,+0.15,17.89271936419425
20181218,25.75,25.8,25.5,25.6,16501679,422128966,5216,-0.20,17.754016113309028
20181219,25.65,25.7,25.5,25.7,12127980,310448508,3168,+0.10,17.82336773875164
20181220,25.55,25.7,25.5,25.7,8779600,225151600,3924, 0.00,17.82336773875164
20181221,25.65,25.65,25.55,25.65,13209799,338472598,2327,-0.05,17.788691926030335
20181222,25.55,25.6,25.5,25.6,2412134,61661035,847,-0.05,17.754016113309028
20181224,25.55,25.6,25.45,25.5,9861614,251428160,3082,-0.10,17.684664487866414
20181225,25.3,25.45,25.3,25.35,9405632,238637948,3640,-0.15,17.580637049702492
20181226,25.4,25.45,25.2,25.25,14978525,378282926,3971,-0.10,17.511285424259878
20181227,25.35,25.55,25.25,25.3,17425191,441083058,3315,+0.05,17.545961236981185
20181228,25.35,25.95,25.2,25.95,29935928,765174246,4830,+0.65,17.996746802358178
20190102,25.7,25.7,25.3,25.45,12983080,330174005,4438,-0.50,17.649988675145106
20190103,25.3,25.5,25.2,25.45,12343811,313023193,3792, 0.00,17.649988675145106
20190104,25.25,25.4,25.2,25.25,13372342,338409092,4185,-0.20,17.511285424259878
20190107,25.55,25.6,25.45,25.6,14028735,358695956,4911,+0.35,17.754016113309028
20190108,25.65,25.65,25.45,25.5,16050889,416653256,4699,-0.10,17.684664487866414
20190109,25.65,25.85,25.55,25.85,22330135,575210258,6614,+0.35,17.927395176915564
20190110,25.85,26.1,25.8,26.1,18405843,477864550,5140,+0.25,18.100774240522096
20190111,26.15,26.15,25.95,26.0,12565632,327419516,4239,-0.10,18.03142261507948
20190114,26.0,26.1,25.8,26.05,7539842,195613779,2399,+0.05,18.06609842780079
20190115,26.1,26.2,25.95,26.2,15927250,416061805,3998,+0.15,18.170125865964703
20190116,26.15,26.15,26.0,26.0,9122976,237714398,3371,-0.20,18.03142261507948
20190117,26.0,26.1,25.95,26.1,8224589,214098392,2856,+0.10,18.100774240522096
20190118,26.1,26.25,26.0,26.1,11746441,306769651,3321, 0.00,18.100774240522096
20190121,26.25,26.3,26.2,26.25,16939224,444811845,4741,+0.15,18.204801678686017
20190122,26.25,26.45,26.15,26.45,12816228,337636775,4071,+0.20,18.343504929571242
20190123,26.25,26.6,26.25,26.6,13194167,349556450,4142,+0.15,18.44753236773516
20190124,26.55,26.6,26.35,26.6,24152315,639303834,9058, 0.00,18.44753236773516
20190125,26.35,26.55,26.35,26.5,20242328,535896468,7058,-0.10,18.378180742292553
20190128,26.5,26.55,26.35,26.5,22528990,595074601,6206, 0.00,18.378180742292553
20190129,26.45,26.7,26.35,26.7,27272900,724133577,5850,+0.20,18.516883993177778
20190130,26.7,26.85,26.6,26.6,27012034,722123665,5810,-0.10,18.44753236773516
20190211,26.95,26.95,26.4,26.4,29968155,795969099,8654,-0.20,18.308829116849935
20190212,26.45,26.75,26.4,26.55,24445123,650946178,6447,+0.15,18.412856555013853
20190213,26.55,26.7,26.5,26.55,17293608,459540694,6144, 0.00,18.412856555013853
20190214,26.5,26.65,26.5,26.5,17237594,458114359,5365,-0.05,18.378180742292553
20190215,26.5,26.65,26.4,26.4,18133380,481161391,5423,-0.10,18.308829116849935
20190218,26.55,26.75,26.55,26.7,12928854,345025702,4775,+0.30,18.516883993177778
20190219,26.7,26.85,26.65,26.8,11023610,295218661,3827,+0.10,18.58623561862039
20190220,26.85,26.95,26.8,26.95,22511528,605651494,4213,+0.15,18.690263056784307
20190221,26.9,27.0,26.85,27.0,13929072,375150994,4171,+0.05,18.72493886950561
20190222,26.95,27.0,26.85,26.95,17421177,469160904,5223,-0.05,18.690263056784307
20190225,27.0,27.1,26.95,27.1,19823736,535499584,6208,+0.15,18.794290494948232
20190226,27.1,27.1,26.95,27.0,25225119,681557589,6528,-0.10,18.72493886950561
20190227,27.1,27.25,27.05,27.25,20018201,543612814,7391,+0.25,18.898317933112146
20190304,27.0,27.25,26.9,27.0,34392907,929568827,6838,-0.25,18.72493886950561
20190305,27.0,27.1,26.85,26.95,24575001,663329477,5881,-0.05,18.690263056784307
20190306,27.1,27.1,26.95,27.1,18476765,499411828,4373,+0.15,18.794290494948232
20190307,27.05,27.15,27.0,27.1,12258550,331654819,3420, 0.00,18.794290494948232
20190308,27.0,27.1,27.0,27.0,9551982,258338226,2934,-0.10,18.72493886950561
20190311,27.15,27.4,27.05,27.25,12693830,345607399,3680,+0.25,18.898317933112146
20190312,27.35,27.5,27.25,27.3,13972164,382696055,4156,+0.05,18.932993745833457
20190313,27.3,27.45,27.25,27.45,8065079,220836916,3048,+0.15,19.03702118399738
20190314,27.35,27.45,27.15,27.3,11817210,322375677,3835,-0.15,18.932993745833457
20190315,27.3,27.45,27.3,27.45,13425788,368253592,2860,+0.15,19.03702118399738
20190318,27.5,27.85,27.45,27.85,20850926,576291447,4945,+0.40,19.314427685767825
20190319,27.9,28.1,27.9,28.0,22486487,629894834,5813,+0.15,19.41845512393175
20190320,28.0,28.0,27.8,28.0,17027275,475038912,6906, 0.00,19.41845512393175
20190321,28.0,28.1,27.85,28.1,13711284,383727172,3328,+0.10,19.487806749374357
20190322,28.1,28.2,28.0,28.0,11591276,325299628,3940,-0.10,19.41845512393175
20190325,27.8,27.9,27.7,27.75,18348874,509551347,6055,-0.25,19.245076060325218
20190326,27.75,28.05,27.75,28.0,5922810,165693630,2609,+0.25,19.41845512393175
20190327,28.0,28.1,27.9,27.95,11915832,333715596,3667,-0.05,19.383779311210443
20190328,27.95,28.05,27.9,27.95,16151325,451681132,3859, 0.00,19.383779311210443
20190329,27.95,28.05,27.85,28.05,19645911,549169973,4704,+0.10,19.453130936653057
20190401,28.05,28.1,27.9,27.9,11489181,321291531,5077,-0.15,19.349103498489136
20190402,27.9,28.0,27.85,27.85,10759419,300361551,6067,-0.05,19.314427685767825
20190403,28.0,28.1,27.95,28.0,16272204,456029502,5360,+0.15,19.41845512393175
20190408,28.1,28.15,28.0,28.05,17090482,479351869,5814,+0.05,19.453130936653057
20190409,28.05,28.2,28.05,28.2,18483404,519981601,5351,+0.15,19.557158374816975
20190410,28.1,28.25,28.05,28.15,21650229,609742418,5533,-0.05,19.52248256209567
20190411,28.1,28.25,28.1,28.25,6781750,190951436,2674,+0.10,19.59183418753828
20190412,28.2,28.3,28.15,28.3,11098205,313386770,3536,+0.05,19.62651000025959
20190415,28.25,28.3,28.2,28.2,13821004,390318645,7061,-0.10,19.557158374816975
20190416,28.2,28.25,28.05,28.1,13269351,373213732,5577,-0.10,19.487806749374357
20190417,28.15,28.2,28.05,28.1,12319805,346303340,6404, 0.00,19.487806749374357
20190418,28.1,28.2,28.05,28.2,16869460,474627684,5275,+0.10,19.557158374816975
20190419,28.15,28.15,28.05,28.15,6609817,185842214,2497,-0.05,19.52248256209567
20190422,28.15,28.15,28.0,28.0,11481261,322119608,4110,-0.15,19.41845512393175
20190423,28.0,28.2,27.95,28.2,12433218,348935831,3419,+0.20,19.557158374816975
20190424,28.55,28.75,28.5,28.65,28146190,804866310,9632,+0.45,19.869240689308736
20190425,28.65,28.8,28.6,28.75,14272957,409541599,4607,+0.10,19.93859231475135
20190426,28.75,28.95,28.7,28.95,15343802,442642793,4904,+0.20,20.077295565636575
20190429,28.95,29.35,28.95,29.35,20301233,593083136,6063,+0.40,20.35470206740703
20190430,29.35,29.65,29.3,29.65,25979095,766073937,7983,+0.30,20.56275694373487
20190502,29.6,30.2,29.55,30.1,39432971,1183297429,11084,+0.45,20.874839258226633
20190503,30.1,30.2,30.0,30.05,24483196,736741669,6564,-0.05,20.840163445505322
20190506,30.0,30.05,29.8,30.05,21508476,644052680,6196, 0.00,20.840163445505322
20190507,30.05,30.75,30.05,30.5,22437647,683475946,7962,+0.45,21.152245759997083
20190508,30.1,30.5,30.1,30.5,20127356,609784713,6288, 0.00,21.152245759997083
20190509,30.1,30.25,29.85,29.9,28544838,855360800,10823,-0.60,20.736136007341404
20190510,29.85,30.05,29.55,29.6,27061673,805988730,7997,-0.30,20.528081131013565
20190513,29.6,29.6,29.25,29.5,18642328,549069287,6559,-0.10,20.458729505570954
20190514,29.4,29.85,29.35,29.5,32587814,963729391,9180, 0.00,20.458729505570954
20190515,29.55,29.85,29.5,29.7,22038875,654446829,5719,+0.20,20.597432756456175
20190516,29.7,29.75,29.55,29.55,25424504,753873714,6051,-0.15,20.49340531829226
20190517,29.9,30.25,29.8,30.0,30165565,906275150,9661,+0.45,20.805487632784015
20190520,30.35,30.4,30.2,30.4,22896506,694316073,6363,+0.40,21.08289413455447
20190521,30.6,30.75,30.4,30.65,26908871,823579879,7317,+0.25,21.256273198161004
20190522,30.5,30.6,30.3,30.45,12161013,370426786,3725,-0.20,21.11756994727578
20190523,30.45,30.55,30.0,30.55,24831744,750373613,4488,+0.10,21.18692157271839
20190524,30.4,30.65,30.35,30.5,10899810,333013268,3416,-0.05,21.152245759997083
20190527,30.55,30.6,30.4,30.5,9173891,279586231,4214, 0.00,21.152245759997083
20190528,30.5,30.55,30.15,30.25,37524307,1135319087,4281,-0.25,20.978866696390554
20190529,30.2,30.55,30.1,30.55,13547506,411442762,5176,+0.30,21.18692157271839
20190530,30.4,30.7,30.35,30.7,21030339,643252888,4104,+0.15,21.29094901088231
20190531,30.55,31.0,30.5,31.0,28330735,872691612,7020,+0.30,21.499003887210154
20190603,30.8,31.0,30.75,31.0,21090450,651790478,6371, 0.00,21.499003887210154
20190604,31.0,31.05,30.8,30.9,20477403,632507627,6732,-0.10,21.429652261767536
20190605,31.0,31.1,30.85,30.9,19997626,618876950,6294, 0.00,21.429652261767536
20190606,30.9,31.7,30.85,31.7,29475309,926811230,9790,+0.80,21.98446526530844
20190610,31.7,32.05,31.6,31.95,21804427,695664656,6726,+0.25,22.157844328914976
20190611,31.95,31.95,31.3,31.3,26405538,833375834,7631,-0.65,21.70705876353799
20190612,31.1,31.1,30.15,30.7,54441826,1661913399,17547,-0.60,21.29094901088231
20190613,30.6,30.9,30.2,30.6,32258150,986057289,10037,-0.10,21.2215973854397
20190614,30.4,30.65,30.4,30.65,25259140,772079944,7021,+0.05,21.256273198161004
20190617,30.7,30.85,30.65,30.7,22600854,694861839,7373,+0.05,21.29094901088231
20190618,30.7,30.8,30.5,30.8,25880843,793854763,8191,+0.10,21.360300636324922
20190619,30.85,31.3,30.8,31.25,34828772,1083551277,10865,+0.45,21.672382950816683
20190620,31.45,31.5,31.25,31.5,35274648,1107657639,10024,+0.25,21.845762014423215
20190621,31.3,31.35,30.8,30.8,53582065,1657826120,14075,-0.70,21.360300636324922
20190624,30.9,31.0,30.8,30.85,26082242,806386823,6638,+0.05,21.394976449046233
20190625,30.9,31.05,30.9,30.95,23025434,712973719,6634,+0.10,21.46432807448884
20190626,31.0,31.1,30.95,31.05,18431054,571446574,7243,+0.10,21.53367969993146
20190627,30.95,31.1,30.8,30.85,33862108,1047627325,8769,-0.20,21.394976449046233
20190628,31.0,31.15,30.8,30.9,28461881,880935119,6228,+0.05,21.429652261767536
20190701,30.9,31.1,30.85,30.9,22960138,710534057,6263, 0.00,21.429652261767536
20190702,30.95,31.25,30.95,31.05,23726536,738108426,5990,+0.15,21.53367969993146
20190703,31.0,31.15,30.95,31.15,17994759,558908344,4775,+0.10,21.60303132537407
20190704,31.15,31.25,31.1,31.2,11478048,357898315,3074,+0.05,21.637707138095376
20190705,31.2,31.4,31.2,31.4,9355842,293127432,3240,+0.20,21.776410388980608
20190708,31.35,31.4,31.25,31.4,13850617,433964763,2869, 0.00,21.776410388980608
20190709,31.4,31.6,31.35,31.6,15815160,498345796,7122,+0.20,21.915113639865833
20190710,31.6,31.7,31.6,31.6,14458533,457557067,6130, 0.00,21.915113639865833
20190711,31.6,31.95,31.6,31.85,15503282,492768540,4169,+0.25,22.08849270347237
20190712,31.9,32.0,31.85,31.85,11435371,365008648,3173, 0.00,22.08849270347237
20190715,31.95,32.0,31.55,31.7,24725316,786521648,8179,-0.15,21.98446526530844
20190716,31.8,31.95,31.75,31.95,12716590,405305642,4270,+0.25,22.157844328914976
20190717,31.8,31.95,31.55,31.9,19985506,636195162,5343,-0.05,22.12316851619367
20190718,31.85,31.9,31.55,31.85,13703995,432939593,4983,-0.05,22.08849270347237
20190719,31.9,31.95,31.8,31.85,11966260,381311126,3018, 0.00,22.08849270347237
20190722,31.9,32.05,31.9,31.9,14332951,458264416,4580,+0.05,22.12316851619367
20190723,32.0,32.15,32.0,32.1,11788397,378215204,4077,+0.20,22.2618717670789
20190724,32.05,32.2,32.05,32.2,11273225,362535817,4049,+0.10,22.33122339252151
20190725,32.2,32.5,32.2,32.25,13271704,429767248,3948,+0.05,22.36589920524282
20190726,32.3,32.4,32.15,32.3,10963354,353522118,3471,+0.05,22.400575017964126
20190729,32.3,32.3,32.1,32.1,16515668,534745914,3799,-0.20,22.2618717670789
20190730,32.1,32.25,32.0,32.1,16365931,525746734,3781, 0.00,22.2618717670789
20190731,32.2,32.2,31.75,32.1,41551041,1327567125,7676, 0.00,22.2618717670789
20190801,31.65,31.95,31.65,31.65,25003933,793747825,7430,-0.45,21.94978945258714
20190802,31.3,31.35,31.1,31.35,34278312,1069806424,10476,-0.30,21.741734576259297
20190805,31.35,31.4,31.15,31.25,19572903,611621970,5565,-0.10,21.672382950816683
20190806,31.1,31.45,30.85,31.25,26381524,821502912,6846, 0.00,21.672382950816683
20190807,31.6,31.6,31.05,31.05,30423670,950401774,7597,-0.20,21.53367969993146
20190808,30.9,31.25,30.9,31.1,30459583,946856023,7245,+0.05,21.568355512652758
20190812,29.3,29.3,28.85,29.0,67361049,1965392840,13374,-0.40,21.274908498875174
20190813,29.0,29.05,28.4,28.5,43327560,1238190943,17049,-0.50,20.908099731653195
20190814,28.5,28.65,28.2,28.2,32465371,920113375,11721,-0.30,20.68801447132
20190815,27.9,28.0,27.8,27.9,29632607,825798766,10687,-0.30,20.467929210986803
20190816,28.0,28.4,27.75,28.25,28533213,801202651,10339,+0.35,20.724695348042196
20190819,28.3,28.45,28.3,28.3,18039478,511451221,7061,+0.05,20.761376224764398
20190820,28.3,28.55,28.3,28.5,18163317,515530309,6744,+0.20,20.908099731653195
20190821,28.5,28.55,28.15,28.15,21105637,597960927,7883,-0.35,20.651333594597798
20190822,28.25,28.4,28.15,28.25,12416758,350545448,4905,+0.10,20.724695348042196
20190823,28.25,28.4,28.25,28.35,11432419,323796623,3422,+0.10,20.798057101486595
20190826,28.0,28.15,27.9,27.95,21019296,588132980,7332,-0.40,20.504610087709004
20190827,28.0,28.1,27.85,28.0,28371106,793744479,5814,+0.05,20.541290964431205
20190828,28.0,28.25,28.0,28.05,11636147,327073895,4715,+0.05,20.577971841153403
20190829,28.05,28.1,28.0,28.0,10952595,306916995,3610,-0.05,20.541290964431205
20190830,28.2,28.75,28.1,28.75,19698080,560034450,4564,+0.75,21.091504115264183
20190902,28.65,28.65,28.25,28.45,16759055,475490690,6159,-0.30,20.871418854930994
20190903,28.45,28.45,28.3,28.35,9049747,256793153,2770,-0.10,20.798057101486595
20190904,28.35,28.5,28.35,28.45,13921605,395422964,4080,+0.10,20.871418854930994
20190905,28.5,28.6,28.45,28.55,15980697,455794403,4523,+0.10,20.944780608375392
20190906,28.65,28.85,28.6,28.8,10689247,306920849,3975,+0.25,21.12818499198638
20190909,29.0,29.2,28.95,29.2,16581331,481995314,6075,+0.40,21.421632005763968
20190910,29.45,29.6,29.3,29.55,26480788,781884903,9918,+0.35,21.678398142819358
20190911,29.6,29.6,29.1,29.5,16224970,476512861,6142,-0.05,21.641717266097157
20190912,29.6,29.6,29.3,29.3,11706049,344040308,4722,-0.20,21.494993759208363
20190916,29.5,29.5,29.15,29.2,15372868,449486154,5534,-0.10,21.421632005763968
20190917,29.2,29.25,29.1,29.2,11008763,320971438,3622, 0.00,21.421632005763968
20190918,29.2,29.55,29.15,29.55,13655833,401673654,5482,+0.35,21.678398142819358
20190919,29.5,29.55,29.3,29.45,14002217,411559021,6737,-0.10,21.60503638937496
20190920,29.5,29.5,29.15,29.3,33388343,976731789,10503,-0.15,21.494993759208363
20190923,29.25,29.25,29.15,29.2,15816525,461528254,7515,-0.10,21.421632005763968
20190924,29.2,29.25,29.0,29.05,19618406,570653952,7056,-0.15,21.31158937559737
20190925,29.05,29.1,28.7,28.8,31628449,912313259,12246,-0.25,21.12818499198638
20190926,28.9,28.9,28.8,28.8,14896972,429279356,7689, 0.00,21.12818499198638
20190927,28.8,28.9,28.7,28.75,15287044,439958839,5135,-0.05,21.091504115264183
20191001,28.75,29.05,28.75,28.75,23120416,666866795,7782, 0.00,21.091504115264183
20191002,28.75,29.0,28.75,28.8,12199352,352094897,4703,+0.05,21.12818499198638
20191003,28.65,28.8,28.6,28.75,11550023,331480074,5883,-0.05,21.091504115264183
20191004,28.7,28.85,28.7,28.85,15819153,454772798,5930,+0.10,21.164865868708578
20191007,28.95,28.95,28.85,28.95,10517485,304234870,3702,+0.10,21.238227622152973
20191008,29.2,29.45,29.05,29.1,23952630,699949908,9017,+0.15,21.348270252319573
20191009,29.15,29.2,29.0,29.0,13924060,404561863,5125,-0.10,21.274908498875174
20191014,29.2,29.2,28.95,29.15,24040783,698136046,9688,+0.15,21.384951129041767
20191015,29.15,29.2,28.95,29.15,10763292,312556861,4898, 0.00,21.384951129041767
20191016,29.2,29.2,29.05,29.15,15193583,442125123,5493, 0.00,21.384951129041767
20191017,29.15,29.25,29.1,29.25,11985049,349563180,4420,+0.10,21.458312882486172
20191018,29.35,29.35,29.0,29.1,19270656,560678960,5688,-0.15,21.348270252319573
20191021,29.1,29.2,28.95,29.2,14836594,431284817,5771,+0.10,21.421632005763968
20191022,29.2,29.3,29.0,29.15,19491235,567050433,8125,-0.05,21.384951129041767
20191023,29.15,29.2,29.1,29.2,12924910,376881215,4643,+0.05,21.421632005763968
20191024,29.25,29.45,29.25,29.45,19071982,559185906,5475,+0.25,21.60503638937496
20191025,29.5,29.5,29.3,29.45,10158060,298652011,3337, 0.00,21.60503638937496
20191028,29.5,29.6,29.4,29.6,14446210,426074094,4369,+0.15,21.715079019541555
20191029,29.65,29.7,29.55,29.7,10760334,318729501,4301,+0.10,21.788440772985954
20191030,29.7,29.85,29.6,29.85,18491584,550335808,5397,+0.15,21.898483403152554
20191031,29.9,30.05,29.9,29.9,25848320,774289756,7269,+0.05,21.93516427987475
20191101,29.85,29.85,29.6,29.65,16209528,481181370,6968,-0.25,21.751759896263756
20191104,29.7,29.95,29.65,29.95,15390912,459256362,6404,+0.30,21.971845156596952
20191105,30.05,30.2,30.0,30.2,19578493,588992360,5741,+0.25,22.155249540207944
20191106,30.6,31.0,30.3,30.65,41265815,1267093017,13697,+0.45,22.485377430707725
20191107,30.75,30.75,30.4,30.5,17095188,521763498,5547,-0.15,22.37533480054113
20191108,30.6,30.65,30.4,30.5,14518774,442718345,4635, 0.00,22.37533480054113
20191111,30.55,30.6,30.15,30.4,18381346,557560522,6238,-0.10,22.301973047096734
20191112,30.6,30.65,30.35,30.6,14402546,439718950,5011,+0.20,22.448696553985528
20191113,30.5,30.6,30.45,30.5,15276824,466484327,5621,-0.10,22.37533480054113
20191114,30.55,30.55,30.35,30.4,9927627,301803408,3951,-0.10,22.301973047096734
20191115,30.6,30.65,30.45,30.55,10208965,311781977,3304,+0.15,22.412015677263327
20191118,30.5,30.7,30.4,30.7,8746402,267141887,3750,+0.15,22.522058307429926
20191119,30.6,30.75,30.5,30.7,15410293,472498661,4385, 0.00,22.522058307429926
20191120,30.7,30.75,30.55,30.65,14035608,429734558,4523,-0.05,22.485377430707725
20191121,30.45,30.5,30.3,30.35,18444012,559984711,6456,-0.30,22.26529217037454
20191122,30.35,30.45,30.3,30.4,13254534,402773884,4535,+0.05,22.301973047096734
20191125,30.4,30.45,30.35,30.4,10382361,315671487,3806, 0.00,22.301973047096734
20191126,30.5,30.7,30.4,30.4,40036141,1219404027,4803, 0.00,22.301973047096734
20191127,30.4,30.75,30.4,30.7,13563203,415999632,4826,+0.30,22.522058307429926
20191128,30.7,30.7,30.5,30.65,8548969,261628478,3954,-0.05,22.485377430707725
20191129,30.65,30.65,30.3,30.3,15886983,482981765,5634,-0.35,22.22861129365234
20191202,30.15,30.3,30.15,30.3,13842040,418102998,5654, 0.00,22.22861129365234
20191203,30.15,30.15,30.05,30.05,19597244,589728549,6572,-0.25,22.045206910041344
20191204,30.1,30.15,30.0,30.15,12169012,365918511,4141,+0.10,22.11856866348574
20191205,30.2,30.2,30.05,30.15,11950923,360116705,4466, 0.00,22.11856866348574
20191206,30.25,30.25,30.05,30.05,8543010,256999392,4042,-0.10,22.045206910041344
20191209,30.1,30.15,30.05,30.15,8141157,245137621,3234,+0.10,22.11856866348574
20191210,30.15,30.2,30.1,30.2,7068035,213044459,2711,+0.05,22.155249540207944
20191211,30.1,30.15,30.0,30.1,14559376,437805853,5133,-0.10,22.081887786763545
20191212,30.1,30.3,30.05,30.15,15914809,480306930,5266,+0.05,22.11856866348574
20191213,30.25,30.45,30.2,30.3,19379581,588246492,5543,+0.15,22.22861129365234
20191216,30.3,30.45,30.3,30.35,14128973,429345737,6100,+0.05,22.26529217037454
20191217,30.35,30.65,30.3,30.65,21527162,655163388,7557,+0.30,22.485377430707725
20191218,30.55,30.65,30.5,30.65,22210072,679785291,6661, 0.00,22.485377430707725
20191219,30.55,30.6,30.45,30.55,15808637,482544349,5999,-0.10,22.412015677263327
20191220,30.6,30.7,30.45,30.55,27196299,831685891,5134, 0.00,22.412015677263327
20191223,30.55,30.85,30.55,30.85,15424908,473323572,4224,+0.30,22.632100937596523
20191224,30.8,30.85,30.7,30.8,8397080,258332747,3463,-0.05,22.59542006087433
20191225,30.8,30.85,30.7,30.8,5964238,183573552,3343, 0.00,22.59542006087433
20191226,30.85,30.85,30.75,30.8,6307380,194172475,3368, 0.00,22.59542006087433
20191227,30.85,30.9,30.8,30.9,6819076,210418010,2407,+0.10,22.668781814318717
20191230,30.9,30.95,30.7,30.7,12302006,378807109,5403,-0.20,22.522058307429926
20191231,30.7,30.7,30.6,30.6,10578207,324109915,4581,-0.10,22.448696553985528
20200102,30.6,30.65,30.55,30.6,8018819,245477040,2830, 0.00,22.448696553985528
20200103,30.7,30.8,30.6,30.8,11199444,343886311,7177,+0.20,22.59542006087433
20200106,30.75,30.75,30.6,30.6,12591284,385842173,6694,-0.20,22.448696553985528
20200107,30.6,30.65,30.55,30.6,18023360,551609488,7154, 0.00,22.448696553985528
20200108,30.6,30.8,30.5,30.7,22127722,678821720,6654,+0.10,22.522058307429926
20200109,30.7,30.9,30.7,30.9,14162847,436423099,4567,+0.20,22.668781814318717
20200110,30.9,31.1,30.9,30.95,15811699,490255569,5102,+0.05,22.705462691040918
20200113,31.1,31.75,31.05,31.7,28491722,897503087,8622,+0.75,23.2556758418739
20200114,31.8,32.05,31.75,32.0,20724450,662017900,7478,+0.30,23.475761102207088
20200115,32.0,32.0,31.7,31.8,21016115,668912819,6933,-0.20,23.329037595318297
20200116,31.85,31.95,31.75,31.95,16565033,527412676,6089,+0.15,23.43908022548489
20200117,32.0,32.1,31.9,32.1,15250144,488705198,5966,+0.15,23.549122855651483
20200120,32.1,32.4,32.1,32.35,20221666,653184051,7171,+0.25,23.73252723926248
20200130,31.95,31.95,31.2,31.2,59764778,1888028471,17784,-1.15,22.888867074651913
20200131,31.25,32.0,31.25,31.55,28009871,887873022,7893,+0.35,23.145633211707306
20200203,31.15,31.75,30.75,31.6,29661062,932588738,9636,+0.05,23.182314088429507
20200204,31.6,32.1,31.4,31.8,20416671,649147619,7336,+0.20,23.329037595318297
20200205,31.85,32.05,31.6,32.0,17252033,550713999,6273,+0.20,23.475761102207088
20200206,32.1,32.35,32.0,32.35,17829339,574937593,6369,+0.35,23.73252723926248
20200207,32.15,32.25,31.95,32.0,22450696,719499119,7221,-0.35,23.475761102207088
20200210,31.55,32.1,31.55,32.05,17980807,573509583,5371,+0.05,23.512441978929285
20200211,31.95,32.15,31.9,32.15,14330136,459606965,4416,+0.10,23.585803732373684
20200212,32.05,32.25,32.05,32.1,14634974,470423412,3920,-0.05,23.549122855651483
20200213,32.1,32.2,32.05,32.2,12914851,415225691,4249,+0.10,23.622484609095885
20200214,32.1,32.3,32.05,32.3,8409184,270907970,3095,+0.10,23.695846362540284
20200217,32.25,32.55,32.2,32.5,16167934,523980818,5241,+0.20,23.842569869429077
20200218,32.45,33.05,32.4,32.9,18789970,616102156,6359,+0.40,24.136016883206665
20200219,33.0,33.45,33.0,33.45,20017482,666278130,6812,+0.55,24.539506527150856
20200220,33.55,33.8,33.2,33.6,26247503,881172429,11536,+0.15,24.649549157317445
20200221,33.55,33.65,33.15,33.2,23578343,786656413,9201,-0.40,24.35610214353986
20200224,32.95,32.95,32.6,32.7,25895438,848449212,10079,-0.50,23.989293376317875
20200225,32.35,32.75,32.35,32.7,24682650,804683144,8216, 0.00,23.989293376317875
20200226,32.35,32.45,32.25,32.35,31863695,1030803164,7656,-0.35,23.73252723926248
20200227,32.3,32.4,32.1,32.35,25961687,837418566,6302, 0.00,23.73252723926248
20200302,31.65,32.2,31.65,31.95,30538797,976686454,9038,-0.40,23.43908022548489
20200303,32.2,32.45,32.1,32.25,23329556,752590191,8316,+0.30,23.659165485818086
20200304,32.1,32.35,32.1,32.35,16059629,517473619,4252,+0.10,23.73252723926248
20200305,32.35,32.95,32.35,32.9,18015449,590155952,5996,+0.55,24.136016883206665
20200306,32.8,32.8,32.2,32.45,31560331,1023229245,11020,-0.45,23.805888992706876
20200309,31.7,32.15,31.4,31.75,53794321,1709004572,16052,-0.70,23.2923567185961
20200310,31.1,31.6,31.1,31.35,48414443,1515807865,13372,-0.40,22.99890970481851
20200311,31.3,31.45,31.2,31.2,33968278,1063802171,9824,-0.15,22.888867074651913
20200312,30.75,30.85,29.9,30.2,61293461,1857854188,20149,-1.00,22.155249540207944
20200313,28.35,30.2,28.05,30.0,95185681,2755611024,27628,-0.20,22.00852603331915
20200316,29.1,29.55,29.0,29.0,54477197,1592797134,14832,-1.00,21.274908498875174
20200317,27.8,28.65,27.6,28.0,72442065,2034605492,20327,-1.00,20.541290964431205
20200318,27.6,28.45,27.6,28.0,47149691,1320506700,15541, 0.00,20.541290964431205
20200319,27.5,27.75,26.4,26.4,69828242,1886289282,20344,-1.60,19.367502909320848
20200320,26.7,28.0,26.7,27.95,63885918,1753973120,17947,+1.55,20.504610087709004
20200323,26.55,27.2,26.2,27.0,45775995,1232121471,16349,-0.95,19.807673429987233
20200324,28.1,28.3,27.35,27.35,39560181,1095594226,12766,+0.35,20.064439567042626
20200325,27.95,28.35,27.75,27.95,34707149,973866438,12978,+0.60,20.504610087709004
20200326,28.1,28.3,27.8,28.15,33857040,949232916,11285,+0.20,20.651333594597798
20200327,28.35,28.8,28.3,28.65,30409825,869451219,10010,+0.50,21.018142361819788
20200330,28.3,28.8,27.9,28.65,25237428,717517292,7256, 0.00,21.018142361819788
20200331,28.85,28.9,28.2,28.45,26428767,753501148,8375,-0.20,20.871418854930994
20200401,28.3,28.35,28.05,28.05,25522455,717956401,10259,-0.40,20.577971841153403
20200406,29.05,29.45,28.05,28.45,32576256,923653766,8888,+0.40,20.871418854930994
20200407,28.65,28.75,28.3,28.4,33753748,961583064,12583,-0.05,20.834737978208796
20200408,28.4,28.6,28.35,28.4,29273218,832488549,10790, 0.00,20.834737978208796
20200409,28.4,28.65,28.4,28.5,16699602,476469928,5076,+0.10,20.908099731653195
20200410,28.6,29.3,28.55,29.15,22098752,642452080,8759,+0.65,21.384951129041767
20200413,28.7,28.9,28.5,28.6,21476433,615648812,8596,-0.55,20.981461485097586
20200414,28.6,28.85,28.55,28.85,32853368,943094272,12359,+0.25,21.164865868708578
20200415,28.9,29.25,28.9,29.2,27811667,809585767,8896,+0.35,21.421632005763968
20200416,28.8,28.9,28.6,28.8,26033212,749698544,8364,-0.40,21.12818499198638
20200417,29.05,29.45,29.05,29.05,22082427,644952585,6826,+0.25,21.31158937559737
20200420,28.95,29.1,28.75,28.9,20025296,579796446,6833,-0.15,21.20154674543078
20200421,28.85,28.85,28.2,28.35,33094460,942635125,12407,-0.55,20.798057101486595
20200422,28.0,28.5,28.0,28.3,23441113,662784194,10586,-0.05,20.761376224764398
20200423,28.2,28.6,28.2,28.3,25997195,735949445,10109, 0.00,20.761376224764398
20200424,28.3,28.35,28.2,28.2,24180472,682839131,9977,-0.10,20.68801447132
20200427,28.55,28.85,28.35,28.7,22145272,635153829,11641,+0.50,21.05482323854198
20200428,29.05,29.45,29.0,29.45,27855091,815529605,12271,+0.75,21.60503638937496
20200429,29.8,30.05,29.5,29.95,37487108,1119393840,12475,+0.50,21.971845156596952
20200430,30.05,30.65,30.05,30.1,39206740,1189426640,10511,+0.15,22.081887786763545
20200504,28.7,29.55,28.7,29.35,36012972,1055546542,14768,-0.75,21.531674635930568
20200505,29.45,29.95,29.4,29.85,20851452,620855060,7638,+0.50,21.898483403152554
20200506,29.85,29.85,29.4,29.55,24088407,714237884,6907,-0.30,21.678398142819358
20200507,29.55,29.85,29.4,29.55,24850749,736133528,5741, 0.00,21.678398142819358
20200508,30.0,30.15,29.85,30.0,18787381,563545544,5576,+0.45,22.00852603331915
20200511,30.3,30.5,30.2,30.4,20909260,634876380,7806,+0.40,22.301973047096734
20200512,30.35,30.35,30.1,30.3,21153977,639646669,5953,-0.10,22.22861129365234
20200513,30.3,30.45,30.15,30.3,16241655,492500765,4257, 0.00,22.22861129365234
20200514,30.15,30.35,30.05,30.25,24415579,737751839,7159,-0.05,22.191930416930138
20200515,30.3,30.4,30.1,30.25,25618479,774864610,5637, 0.00,22.191930416930138
20200518,30.1,30.25,30.0,30.05,19846882,597311243,6640,-0.20,22.045206910041344
20200519,30.6,30.7,30.3,30.55,27628213,843021456,7405,+0.50,22.412015677263327
20200520,30.65,30.8,30.55,30.8,19620699,601498555,7184,+0.25,22.59542006087433
20200521,30.8,31.0,30.6,31.0,15689636,484744494,4601,+0.20,22.742143567763115
20200522,30.75,30.9,30.45,30.45,20233906,618771742,6453,-0.55,22.338653923818935
20200525,30.5,30.55,30.1,30.35,9292308,281358062,3294,-0.10,22.26529217037454
20200526,30.7,30.8,30.45,30.65,16443468,503881430,4135,+0.30,22.485377430707725
20200527,30.65,30.8,30.6,30.7,10073700,309075752,4280,+0.05,22.522058307429926
20200528,30.7,30.75,30.4,30.45,20054124,612123643,5434,-0.25,22.338653923818935
20200529,30.35,30.75,30.3,30.75,29416131,902577810,3520,+0.30,22.558739184152124
20200601,30.9,31.05,30.65,30.7,18193311,562162971,5363,-0.05,22.522058307429926
20200602,30.7,30.95,30.7,30.9,10687719,329704821,3227,+0.20,22.668781814318717
20200603,31.2,31.5,31.05,31.3,25684443,803156674,8016,+0.40,22.962228828096308
20200604,31.5,31.5,31.3,31.4,19353722,607784162,5746,+0.10,23.03559058154071
20200605,31.4,31.5,31.2,31.5,19407931,608437905,9173,+0.10,23.10895233498511
20200608,31.5,31.8,31.4,31.8,23356918,739582286,6767,+0.30,23.329037595318297
20200609,31.75,31.85,31.55,31.85,19397281,615790125,7261,+0.05,23.365718472040495
20200610,31.85,32.1,31.7,32.1,19388453,619929059,9046,+0.25,23.549122855651483
20200611,32.0,32.1,31.75,31.8,21733733,694243182,11019,-0.30,23.329037595318297
20200612,31.0,31.7,30.9,31.5,26175012,820265072,11386,-0.30,23.10895233498511
20200615,31.45,31.65,31.3,31.3,15569101,489945338,6410,-0.20,22.962228828096308
20200616,31.5,32.0,31.5,31.7,15948364,507412683,7145,+0.40,23.2556758418739
20200617,31.55,31.7,31.45,31.7,17111838,540216075,7777, 0.00,23.2556758418739
20200618,31.75,31.75,31.45,31.65,16453786,519086451,5844,-0.05,23.218994965151698
20200619,31.55,31.6,31.25,31.25,35782161,1121143055,9227,-0.40,22.925547951374107
20200622,31.25,31.45,31.1,31.15,18770895,585582540,6055,-0.10,22.85218619792972
20200623,31.15,31.4,30.9,31.15,16587444,515908649,5462, 0.00,22.85218619792972
20200624,31.25,31.45,31.1,31.25,16333831,509961431,5270,+0.10,22.925547951374107
20200629,30.9,31.05,30.85,30.9,25476186,787700803,10671,-0.35,22.668781814318717
20200630,31.0,31.1,30.9,30.9,20392078,630768046,8141, 0.00,22.668781814318717
20200701,30.9,31.5,30.9,31.25,16287233,509595211,7142,+0.35,22.925547951374107
20200702,31.25,31.65,31.2,31.55,14326452,451354563,4948,+0.30,23.145633211707306
20200703,31.7,31.9,31.55,31.55,26195532,830461780,7269, 0.00,23.145633211707306
20200706,31.6,32.0,31.55,31.95,20135209,641221478,5330,+0.40,23.43908022548489
20200707,32.0,32.1,31.8,32.0,25976176,829435478,5238,+0.05,23.475761102207088
20200708,31.95,32.15,31.9,32.05,18991386,608559102,7832,+0.05,23.512441978929285
20200709,32.1,32.3,32.05,32.25,23309455,750561545,7205,+0.20,23.659165485818086
20200710,32.2,32.25,31.9,32.0,21142314,678588048,8192,-0.25,23.475761102207088
20200713,32.1,32.2,32.0,32.05,16680078,535129171,5368,+0.05,23.512441978929285
20200714,32.1,32.25,32.05,32.2,16139736,519148487,6066,+0.15,23.622484609095885
20200715,32.2,32.3,32.0,32.15,26490947,850575856,15998,-0.05,23.585803732373684
20200716,32.2,32.25,31.9,32.15,27552753,881910906,13268, 0.00,23.585803732373684
20200717,32.2,32.3,32.05,32.25,22252625,715977613,8892,+0.10,23.659165485818086
20200720,32.2,32.5,32.15,32.45,27345389,883547101,7442,+0.20,23.805888992706876
20200721,32.5,32.65,32.45,32.55,24149331,786065696,9063,+0.10,23.87925074615127
20200722,32.5,32.75,32.45,32.7,23050302,752683928,6550,+0.15,23.989293376317875
20200723,32.5,32.8,32.3,32.7,18157664,593392948,6303, 0.00,23.989293376317875
20200724,32.45,32.6,32.1,32.15,29281866,947024579,7659,-0.55,23.585803732373684
20200727,32.1,32.2,31.55,31.6,27541469,877026237,8943,-0.55,23.182314088429507
20200728,31.3,31.8,31.2,31.65,24218228,765625667,10023,+0.05,23.218994965151698
20200729,31.6,32.3,31.55,32.2,22135877,712191471,6749,+0.55,23.622484609095885
20200730,32.3,32.35,32.0,32.35,20321389,653999335,4557,+0.15,23.73252723926248
20200731,32.4,32.5,32.2,32.35,25818554,834595051,4586, 0.00,23.73252723926248
20200803,32.3,32.3,31.8,32.1,25729185,824543352,6958,-0.25,23.549122855651483
20200804,32.1,32.3,32.1,32.25,12822064,412628974,3857,+0.15,23.659165485818086
20200805,32.3,32.3,32.15,32.2,17043585,549137971,5644,-0.05,23.622484609095885
20200806,32.25,32.45,32.2,32.45,18323152,592423802,6631,+0.25,23.805888992706876
20200807,32.5,32.6,32.4,32.45,29716983,965371506,6914, 0.00,23.805888992706876
20200810,32.45,32.55,32.3,32.5,26171198,849883835,6348,+0.05,23.842569869429077
20200811,32.4,32.5,32.35,32.45,28003239,909248246,9936,-0.05,23.805888992706876
20200812,32.45,32.5,32.3,32.35,39861561,1292145894,9418,-0.10,23.73252723926248
20200813,30.5,30.55,30.1,30.4,90598570,2752932807,35487,X0.00,23.538950344978122
20200814,30.3,30.3,30.0,30.05,34089922,1025057963,15665,-0.35,23.267942692980014
20200817,30.05,30.1,29.95,30.0,32994237,988949174,16871,-0.05,23.229227314123147
20200818,30.05,30.05,29.9,29.95,28791629,862051929,12177,-0.05,23.190511935266272
20200819,29.95,30.3,29.9,29.9,27359691,820969684,13549,-0.05,23.151796556409405
20200820,29.9,29.95,29.35,29.4,52948391,1564634678,27785,-0.50,22.76464276784068
20200821,29.65,29.8,29.45,29.6,23576917,696782027,11387,+0.20,22.91950428326817
20200824,29.7,29.7,29.5,29.6,22428782,663362316,7195, 0.00,22.91950428326817
20200825,29.6,29.65,29.5,29.5,31506593,931261532,12319,-0.10,22.842073525554426
20200826,29.5,29.65,29.5,29.55,25596908,755983684,9380,+0.05,22.8807889044113
20200827,29.65,29.7,29.35,29.4,24443538,720228392,13178,-0.15,22.76464276784068
20200828,29.5,29.55,29.35,29.4,23405789,688682742,9311, 0.00,22.76464276784068
20200831,29.55,29.6,29.25,29.25,23068076,676109115,9949,-0.15,22.648496631270067
20200901,29.25,29.3,29.0,29.05,48348033,1405436098,20254,-0.20,22.493635115842576
20200902,29.2,29.2,28.8,28.9,36589022,1057249349,20075,-0.15,22.377488979271966
20200903,28.9,28.95,28.75,28.9,23571392,679760968,11061, 0.00,22.377488979271966
20200904,28.75,28.9,28.6,28.65,38199792,1095914352,17973,-0.25,22.183912084987604
20200907,28.65,28.85,28.6,28.85,18314770,526585730,8382,+0.20,22.33877360041509
20200908,28.95,29.0,28.75,28.85,16313343,470362830,7953, 0.00,22.33877360041509
20200909,28.7,28.85,28.6,28.75,20521959,588329162,9849,-0.10,22.261342842701346
20200910,28.75,28.8,28.6,28.75,21044031,602697716,9831, 0.00,22.261342842701346
20200911,28.7,28.75,28.55,28.65,25629026,732822954,12268,-0.10,22.183912084987604
20200914,28.65,28.7,28.5,28.65,16931246,484098569,7232, 0.00,22.183912084987604
20200915,28.6,28.65,28.55,28.65,15976051,456474686,8337, 0.00,22.183912084987604
20200916,28.65,28.75,28.55,28.75,11950674,342454194,5607,+0.10,22.261342842701346
20200917,28.7,28.75,28.55,28.55,17230024,493285699,8922,-0.20,22.106481327273862
20200918,28.55,28.6,28.45,28.45,37872842,1079152893,15060,-0.10,22.029050569560116
20200921,28.4,28.45,28.2,28.2,34880072,986623221,17819,-0.25,21.835473675275757
20200922,28.15,28.15,27.85,27.85,46203522,1290699266,22656,-0.35,21.564466023277653
20200923,27.85,27.9,27.5,27.5,48460359,1336449097,29912,-0.35,21.29345837127955
20200924,27.3,27.3,27.0,27.0,53662033,1454075455,25032,-0.50,20.90630458271083
20200925,27.05,27.85,27.0,27.45,32748327,898385913,15555,+0.45,21.254742992422678
20200928,27.65,27.95,27.6,27.9,19270139,535846228,9273,+0.45,21.603181402134528
20200929,28.05,28.1,27.7,27.8,26062037,726750986,9895,-0.10,21.525750644420782
20200930,27.9,27.95,27.8,27.8,13690927,381418906,4916, 0.00,21.525750644420782
20201005,27.9,28.1,27.8,27.8,17398971,485179088,7637, 0.00,21.525750644420782
20201006,28.0,28.0,27.85,27.95,16905717,471873485,6309,+0.15,21.6418967809914
20201007,28.0,28.0,27.85,27.95,10462266,292172883,4709, 0.00,21.6418967809914
20201008,28.0,28.05,27.9,28.0,10348834,289121034,4832,+0.05,21.68061215984827
20201012,28.05,28.25,27.95,28.25,17725541,498070238,5813,+0.25,21.87418905413263
20201013,28.25,28.3,28.05,28.15,10856573,305229889,5415,-0.10,21.79675829641888
20201014,28.1,28.15,28.0,28.0,18788092,526623730,6389,-0.15,21.68061215984827
20201015,28.0,28.0,27.65,27.75,19683577,547024192,9996,-0.25,21.487035265563904
20201016,27.8,27.85,27.7,27.7,13914013,386361869,6564,-0.05,21.448319886707036
20201019,27.7,27.9,27.7,27.8,9787323,272069093,4261,+0.10,21.525750644420782
20201020,27.8,27.85,27.65,27.7,13524380,374957134,6045,-0.10,21.448319886707036
20201021,27.75,27.8,27.65,27.65,14061623,389731490,7528,-0.05,21.409604507850162
20201022,27.6,27.8,27.6,27.8,12090360,334793268,4537,+0.15,21.525750644420782
20201023,27.75,27.8,27.65,27.75,11191475,310118990,4719,-0.05,21.487035265563904
20201026,27.75,27.85,27.7,27.8,13263458,368857709,5024,+0.05,21.525750644420782
20201027,27.65,27.8,27.65,27.7,16657649,461634557,7179,-0.10,21.448319886707036
20201028,27.7,27.75,27.6,27.65,14219238,393498978,8696,-0.05,21.409604507850162
20201029,27.6,27.65,27.5,27.5,16136395,444580471,10891,-0.15,21.29345837127955
20201030,27.5,27.75,27.4,27.55,18029272,497099672,6736,+0.05,21.33217375013642
20201102,27.65,27.95,27.55,27.95,11553474,320262759,5886,+0.40,21.6418967809914
20201103,28.0,28.1,27.9,28.1,11455144,321104086,5351,+0.15,21.758042917562012
20201104,28.2,28.2,28.05,28.1,11530627,324187819,5686, 0.00,21.758042917562012
20201105,28.2,28.45,28.1,28.4,11672913,330982161,6006,+0.30,21.990335190703245
20201106,28.45,28.55,28.4,28.5,11903560,339079242,5714,+0.10,22.067765948416987
20201109,28.6,28.8,28.55,28.75,16031477,460280513,5958,+0.25,22.261342842701346
20201110,28.85,29.0,28.75,29.0,23611958,682669792,8205,+0.25,22.454919736985705
20201111,29.15,29.7,29.1,29.7,42231034,1243982914,14910,+0.70,22.996935040981917
20201112,29.7,29.7,29.05,29.2,22622919,661719867,8050,-0.50,22.609781252413196
20201113,29.2,29.35,29.0,29.35,14959126,436875855,4649,+0.15,22.725927388983813
20201116,29.5,29.55,29.2,29.45,21178003,621998891,6778,+0.10,22.803358146697548
20201117,29.5,29.5,29.2,29.45,20044183,588610178,6134, 0.00,22.803358146697548
20201118,29.45,29.65,29.35,29.65,19685474,581915080,7234,+0.20,22.958219662125043
20201119,29.35,29.6,29.35,29.6,14535309,429634026,4590,-0.05,22.91950428326817
20201120,29.6,29.65,29.5,29.55,12723407,376256281,4464,-0.05,22.8807889044113
20201123,29.6,29.75,29.55,29.7,15624165,463236595,5084,+0.15,22.996935040981917
20201124,29.7,29.7,29.3,29.3,13829176,407386295,6166,-0.40,22.68721201012694
20201125,29.45,29.45,29.25,29.25,12499571,366725868,4376,-0.05,22.648496631270067
20201126,29.25,29.3,29.2,29.3,14121360,412799321,6192,+0.05,22.68721201012694
20201127,29.2,29.25,29.1,29.1,16781086,489105636,7474,-0.20,22.53235049469945
20201130,29.1,29.15,28.45,28.45,61195977,1753528451,14420,-0.65,22.029050569560116
20201201,28.65,29.15,28.65,29.15,14672481,425306805,6407,+0.70,22.57106587355632
20201202,29.0,29.25,29.0,29.2,15862163,462289376,4739,+0.05,22.609781252413196
20201203,29.1,29.2,29.0,29.2,11593508,337680165,4313, 0.00,22.609781252413196
20201204,29.2,29.2,29.05,29.1,19643218,571868033,7122,-0.10,22.53235049469945
20201207,29.1,29.15,28.9,29.0,24391002,707407895,11404,-0.10,22.454919736985705
20201208,28.85,28.9,28.6,28.7,28812773,826733228,14793,-0.30,22.22262746384447
20201209,28.65,28.9,28.65,28.75,24508875,705458174,7573,+0.05,22.261342842701346
20201210,28.75,29.0,28.65,28.8,14088906,406040864,5028,+0.05,22.300058221558217
20201211,28.95,29.3,28.95,29.3,20032896,584646563,6862,+0.50,22.68721201012694
20201214,29.35,29.4,29.3,29.3,16801634,492964312,7661, 0.00,22.68721201012694
20201215,29.1,29.2,28.9,29.05,14371852,416544669,6145,-0.25,22.493635115842576
20201216,29.0,29.45,29.0,29.4,19591647,574494158,8937,+0.35,22.76464276784068
20201217,29.45,29.5,29.35,29.5,16790785,494686405,6073,+0.10,22.842073525554426
20201218,29.45,29.5,29.35,29.5,18808787,553740557,5756, 0.00,22.842073525554426
20201221,29.4,29.65,29.2,29.65,19164812,565256113,6072,+0.15,22.958219662125043
20201222,29.65,29.65,29.45,29.65,17302942,512168215,6048, 0.00,22.958219662125043
20201223,29.4,29.45,29.15,29.45,13235077,388086080,5177,-0.20,22.803358146697548
20201224,29.5,29.5,29.3,29.45,10410377,306116012,3284, 0.00,22.803358146697548
20201225,29.4,29.45,29.3,29.35,6337524,186106671,2874,-0.10,22.725927388983813
20201228,29.35,29.55,29.25,29.55,12881859,377951153,5808,+0.20,22.8807889044113
20201229,29.5,29.55,29.4,29.55,11149345,328673051,4264, 0.00,22.8807889044113
20201230,29.5,30.0,29.45,29.9,27564489,820414711,10109,+0.35,23.151796556409405
20201231,29.9,30.0,29.75,29.8,18906897,564662590,5104,-0.10,23.074365798695663
20210104,29.65,29.9,29.55,29.9,19762067,587975449,5437,+0.10,23.151796556409405
20210105,29.85,29.9,29.75,29.85,12492746,372487603,5110,-0.05,23.113081177552534
20210106,29.75,29.85,29.4,29.45,26160964,774373129,12116,-0.40,22.803358146697548
20210107,29.45,29.8,29.45,29.75,36871487,1092917762,7397,+0.30,23.035650419838785
20210108,29.75,30.0,29.7,30.0,39674792,1186127148,10752,+0.25,23.229227314123147
20210111,29.95,30.05,29.9,30.05,19291891,578238266,6446,+0.05,23.267942692980014
20210112,29.95,30.0,29.75,29.75,14287885,425899503,6056,-0.30,23.035650419838785
20210113,29.75,29.9,29.65,29.8,19672121,586024948,5078,+0.05,23.074365798695663
20210114,29.75,29.85,29.55,29.75,20877390,619267647,7932,-0.05,23.035650419838785
20210115,29.6,29.6,29.3,29.3,22617392,665197997,11458,-0.45,22.68721201012694
20210118,29.2,29.25,29.0,29.15,23086391,671156538,10377,-0.15,22.57106587355632
20210119,29.1,29.15,29.05,29.1,14809064,430885559,5157,-0.05,22.53235049469945
20210120,29.05,29.05,28.6,28.7,38989615,1122682006,20700,-0.40,22.22262746384447
20210121,28.7,29.0,28.7,28.7,19350216,557926721,7722, 0.00,22.22262746384447
20210122,28.7,28.7,28.55,28.6,20702107,592579421,8945,-0.10,22.14519670613074
20210125,28.7,28.95,28.6,28.85,20922349,602834379,7179,+0.25,22.33877360041509
20210126,28.9,28.9,28.6,28.7,19158794,550704848,6786,-0.15,22.22262746384447
20210127,28.8,28.85,28.65,28.7,18560517,533268303,5354, 0.00,22.22262746384447
20210128,28.6,28.7,28.5,28.55,29038114,828965891,14324,-0.15,22.106481327273862
20210129,28.55,28.65,28.15,28.15,38163704,1082802699,13914,-0.40,21.79675829641888
20210201,28.2,28.75,28.15,28.65,14736588,421683287,6992,+0.50,22.183912084987604
20210202,28.7,28.9,28.6,28.7,18383964,528516097,6301,+0.05,22.22262746384447
20210203,28.75,28.85,28.6,28.8,17486328,503106355,4609,+0.10,22.300058221558217
20210204,28.7,28.95,28.65,28.8,13651833,393747718,5286, 0.00,22.300058221558217
20210205,28.85,29.0,28.7,28.8,20359243,587086927,8432, 0.00,22.300058221558217
20210217,29.0,29.55,28.95,29.4,48117691,1409723712,15639,+0.60,22.76464276784068
20210218,29.4,29.4,29.15,29.25,17433965,510292732,7758,-0.15,22.648496631270067
20210219,29.2,29.2,29.0,29.15,17889096,520308432,8094,-0.10,22.57106587355632
20210222,29.15,29.3,29.05,29.1,19424454,566129533,8209,-0.05,22.53235049469945
20210223,29.15,29.6,29.1,29.55,23524474,691838759,8481,+0.45,22.8807889044113
20210224,29.6,29.7,29.25,29.3,36962185,1088041068,10850,-0.25,22.68721201012694
20210225,29.4,29.7,29.35,29.65,25775685,762306996,10043,+0.35,22.958219662125043
20210226,29.65,29.65,29.2,29.2,45273202,1327407136,14158,-0.45,22.609781252413196
20210302,29.6,29.8,29.55,29.65,24029744,713039661,9366,+0.45,22.958219662125043
20210303,29.7,29.8,29.55,29.75,24125264,717745043,7256,+0.10,23.035650419838785
20210304,29.75,29.75,29.3,29.6,24994557,738661565,9012,-0.15,22.91950428326817
20210305,29.45,29.8,29.35,29.7,21001230,621825279,6516,+0.10,22.996935040981917
20210308,29.75,30.0,29.7,29.9,34048464,1017908208,10244,+0.20,23.151796556409405
20210309,30.0,30.6,29.95,30.6,56490957,1716145505,18213,+0.70,23.693811860405614
20210310,30.6,30.65,30.4,30.6,27346457,835745433,10510, 0.00,23.693811860405614
20210311,30.65,31.1,30.6,30.75,41161208,1271932612,14615,+0.15,23.809957996976223
20210312,30.8,30.8,30.45,30.65,15532115,476212217,6845,-0.10,23.732527239262478
20210315,30.7,31.1,30.65,31.0,24432872,756841091,9684,+0.35,24.003534891260585
20210316,31.1,31.45,31.05,31.35,25093775,783914641,10164,+0.35,24.274542543258686
20210317,31.35,31.45,31.15,31.45,29447872,922209461,11228,+0.10,24.35197330097243
20210318,31.45,31.6,31.4,31.4,25210493,793881189,8250,-0.05,24.313257922115557
20210319,31.2,31.35,31.05,31.05,39809844,1239916623,11864,-0.35,24.04225027011746
20210322,30.95,31.35,30.8,31.25,18225939,567537839,9268,+0.20,24.19711178554494
20210323,31.2,31.35,31.05,31.35,15890164,496748911,6338,+0.10,24.274542543258686
20210324,31.25,31.4,31.15,31.4,15928420,491058595,5066,+0.05,24.313257922115557
20210325,31.35,31.6,31.3,31.6,12517063,393941301,5399,+0.20,24.468119437543052
20210326,31.6,31.7,31.45,31.6,16102887,508801664,6015, 0.00,24.468119437543052
20210329,31.6,31.8,31.55,31.8,14683825,465579536,6846,+0.20,24.622980952970536
20210330,31.75,31.85,31.6,31.8,14873952,472511353,5502, 0.00,24.622980952970536
20210331,31.8,31.9,31.75,31.9,17427074,555356867,4926,+0.10,24.70041171068428
20210401,31.9,32.0,31.85,31.9,15872033,506235617,5012, 0.00,24.70041171068428
20210406,31.95,32.0,31.9,32.0,16080253,514108177,6700,+0.10,24.777842468398024
20210407,32.0,32.0,31.9,32.0,15045122,480701431,5853, 0.00,24.777842468398024
20210408,31.9,31.95,31.75,31.75,11730121,373119397,5880,-0.25,24.584265574113665
20210409,31.7,31.8,31.5,31.55,23768794,750598145,7022,-0.20,24.429404058686174
20210412,31.5,31.8,31.4,31.65,19148692,605791694,5691,+0.10,24.506834816399916
20210413,31.7,31.95,31.7,31.85,25720270,819486789,6154,+0.20,24.661696331827407
20210414,31.85,31.95,31.75,31.9,31930223,1018339959,6830,+0.05,24.70041171068428
20210415,31.9,31.95,31.85,31.9,16729160,533731028,4482, 0.00,24.70041171068428
20210416,31.9,32.05,31.85,32.05,26287556,841341750,8596,+0.15,24.816557847254895
20210419,32.05,32.5,32.0,32.45,38271260,1238687072,9784,+0.40,25.126280878109874
20210420,32.45,32.55,32.4,32.55,24094015,783120285,6862,+0.10,25.20371163582361
20210421,32.4,32.45,32.3,32.3,20842497,674048986,7038,-0.25,25.010134741539254
20210422,32.15,32.4,32.1,32.35,25805684,833796896,8657,+0.05,25.04885012039613
20210423,32.35,32.4,32.1,32.25,15018656,483920734,5774,-0.10,24.97141936268238
20210426,32.25,32.6,32.1,32.6,21553151,698198228,9022,+0.35,25.24242701468048
20210427,32.6,32.65,32.4,32.6,14504107,472508639,6505, 0.00,25.24242701468048
20210428,32.5,32.6,32.3,32.6,18102513,587327307,7692, 0.00,25.24242701468048
20210429,32.55,32.8,32.45,32.65,22937677,749502913,7336,+0.05,25.28114239353735
20210503,32.5,32.7,32.45,32.45,20629401,671502046,7443,-0.20,25.126280878109874
20210504,32.5,32.6,32.1,32.1,25234209,814783727,10277,-0.35,24.855273226111766
20210505,32.1,32.2,31.95,32.05,18382987,589655436,6703,-0.05,24.816557847254895
20210506,32.05,32.45,31.9,32.35,17762492,570847269,5951,+0.30,25.04885012039613
20210507,32.35,32.6,32.3,32.6,15333245,498561878,5837,+0.25,25.24242701468048
20210510,32.65,33.0,32.6,33.0,33340154,1094574824,10939,+0.40,25.552150045535463
20210511,32.95,33.0,32.3,32.45,28630398,936015526,10542,-0.55,25.126280878109874
20210512,32.3,32.6,30.05,31.35,65980983,2084584684,25025,-1.10,24.274542543258686
20210513,31.1,32.0,30.8,31.4,38904278,1223609010,14971,+0.05,24.313257922115557
20210514,31.45,31.8,31.4,31.7,25230270,796813259,7984,+0.30,24.54555019525679
20210517,31.05,31.5,30.8,31.1,34717962,1078013566,13975,-0.60,24.080965648974335
20210518,31.15,32.1,31.15,32.0,20270188,645039781,7717,+0.90,24.777842468398024
20210519,31.95,32.2,31.85,32.1,17432552,558718523,6619,+0.10,24.855273226111766
20210520,32.1,32.15,31.85,32.1,18761087,600811324,5029, 0.00,24.855273226111766
20210521,32.2,32.6,32.2,32.5,19912170,643809936,5972,+0.40,25.164996256966745
20210524,32.2,32.7,32.2,32.6,15979615,520262938,5249,+0.10,25.24242701468048
20210525,32.5,32.95,32.5,32.7,16347781,535300594,5529,+0.10,25.319857772394233
20210526,32.7,32.85,32.7,32.75,11716437,383738088,4386,+0.05,25.358573151251097
20210527,32.6,33.2,32.45,33.2,89530117,2964813414,7681,+0.45,25.70701156096295
20210528,33.0,33.1,32.85,33.1,21945561,724297240,7281,-0.10,25.629580803249205
20210531,33.1,33.1,32.95,33.1,16203134,535649636,6148, 0.00,25.629580803249205
20210601,33.0,33.15,32.95,33.0,12339050,407165647,4287,-0.10,25.552150045535463
20210602,33.0,33.15,32.9,33.15,19509203,644153317,7602,+0.15,25.668296182106076
20210603,33.0,33.15,32.9,33.0,16759297,552848057,4452,-0.15,25.552150045535463
20210604,33.0,33.0,32.85,33.0,11119680,366322668,4834, 0.00,25.552150045535463
20210607,33.05,33.1,32.75,33.1,18273776,603293049,5344,+0.10,25.629580803249205
20210608,33.15,33.2,33.0,33.1,11330280,374708086,3870, 0.00,25.629580803249205
20210609,32.9,32.95,32.7,32.95,19523995,640992544,6996,-0.15,25.51343466667859
20210610,32.95,33.1,32.7,33.1,17578473,578887499,5220,+0.15,25.629580803249205
20210611,33.0,33.05,32.85,32.9,11562211,380442689,3820,-0.20,25.474719287821713
20210615,32.9,32.9,32.7,32.75,9465020,310260834,4801,-0.15,25.358573151251097
20210616,32.65,33.1,32.6,33.0,21688630,712097947,10317,+0.25,25.552150045535463
20210617,32.7,33.0,32.65,32.9,11033164,362627302,4394,-0.10,25.474719287821713
20210618,32.75,33.0,32.7,32.75,30926776,1013831572,5003,-0.15,25.358573151251097
20210621,32.75,32.85,32.5,32.5,19895243,648261189,9317,-0.25,25.164996256966745
20210622,32.7,32.75,32.5,32.5,15508834,504638145,7442, 0.00,25.164996256966745
20210623,32.5,32.95,32.5,32.75,16525982,540365377,6811,+0.25,25.358573151251097
20210624,32.75,32.95,32.6,32.6,13895773,454524495,5557,-0.15,25.24242701468048
20210625,32.65,33.0,32.65,32.9,11820030,388734099,4255,+0.30,25.474719287821713
20210628,32.9,32.95,32.7,32.75,10965658,359209004,6387,-0.15,25.358573151251097
20210629,32.7,32.75,32.55,32.55,15537771,506611040,6593,-0.20,25.20371163582361
20210630,32.55,32.9,32.55,32.85,10165699,333383861,3617,+0.30,25.436003908964846
20210701,32.7,32.8,32.5,32.65,14108325,460394782,7574,-0.20,25.28114239353735
20210702,32.65,32.7,32.55,32.55,9098270,296377297,5069,-0.10,25.20371163582361
20210705,32.75,32.8,32.6,32.75,11419286,372993891,4262,+0.20,25.358573151251097
20210706,32.75,32.9,32.7,32.85,11431361,374898497,5960,+0.10,25.436003908964846
20210707,32.7,32.8,32.5,32.8,12948125,423132216,5749,-0.05,25.39728853010797
20210708,32.8,32.9,32.65,32.8,10152992,332472156,4150, 0.00,25.39728853010797
20210709,32.6,32.9,32.5,32.9,15427241,503188573,5873,+0.10,25.474719287821713
20210712,32.85,32.9,32.8,32.8,14116668,463646368,5481,-0.10,25.39728853010797
20210713,32.8,32.95,32.8,32.95,13620371,447705169,5330,+0.15,25.51343466667859
20210714,32.8,32.95,32.75,32.95,16959661,556588724,6554, 0.00,25.51343466667859
20210715,32.8,32.9,32.8,32.85,13927743,457298681,6760,-0.10,25.436003908964846
20210716,32.75,33.0,32.75,33.0,15905804,523609207,5757,+0.15,25.552150045535463
20210719,32.85,33.1,32.75,33.1,16647690,548293039,4762,+0.10,25.629580803249205
20210720,32.9,33.0,32.8,32.8,9415946,309532092,4336,-0.30,25.39728853010797
20210721,32.8,32.95,32.7,32.9,16507926,541460845,6869,+0.10,25.474719287821713
20210722,32.9,33.1,32.85,33.05,12793079,422094128,4786,+0.15,25.590865424392327
20210723,33.05,33.1,32.95,33.1,11455622,378419042,4422,+0.05,25.629580803249205
20210726,33.1,33.15,32.85,33.0,10787592,355678258,4598,-0.10,25.552150045535463
20210727,33.0,33.05,32.85,33.05,8202993,270610379,3048,+0.05,25.590865424392327
20210728,33.05,33.1,32.85,33.0,15181920,500367486,5377,-0.05,25.552150045535463
20210729,33.0,33.1,32.9,33.1,10448364,345136537,4291,+0.10,25.629580803249205
20210730,33.1,33.1,32.9,33.1,20438458,675146293,4210, 0.00,25.629580803249205
20210802,33.1,33.1,32.9,33.0,14943686,493009702,4113,-0.10,25.552150045535463
20210803,33.05,33.1,32.95,33.1,18192140,600924342,4618,+0.10,25.629580803249205
20210804,33.05,33.15,33.05,33.15,14653436,484950936,5457,+0.05,25.668296182106076
20210805,33.15,33.15,33.05,33.15,12928956,428033637,4148, 0.00,25.668296182106076
20210806,33.1,33.25,33.05,33.2,21133025,701356788,6574,+0.05,25.70701156096295
20210809,33.1,33.2,32.9,33.2,21530273,712482260,5839, 0.00,25.70701156096295
20210810,33.2,33.2,33.0,33.05,24762436,818608063,6178,-0.15,25.590865424392327
20210811,33.05,33.1,32.95,33.05,43565283,1440277931,9273, 0.00,25.590865424392327
20210812,30.75,30.95,30.6,30.7,101904665,3136449536,40644,X0.00,24.964714602124072
20210813,30.8,31.15,30.7,31.05,24004830,744072608,11674,+0.35,25.249328612246007
20210816,31.05,31.1,30.85,31.05,24543829,759738992,13179, 0.00,25.249328612246007
20210817,31.05,31.95,31.0,31.45,25002099,783250594,8892,+0.40,25.574601766671073
20210818,31.45,31.5,31.3,31.45,18935504,594410175,9741, 0.00,25.574601766671073
20210819,31.4,31.45,31.2,31.3,21901099,685895293,9529,-0.15,25.45262433376168
20210820,31.45,31.55,31.05,31.45,17972928,563572891,6507,+0.15,25.574601766671073
20210823,31.55,31.55,31.05,31.05,25261805,788861761,12188,-0.40,25.249328612246007
20210824,31.15,31.35,31.05,31.35,10445029,326444198,3657,+0.30,25.493283478064807
20210825,31.45,31.45,31.3,31.45,12475991,391242003,4891,+0.10,25.574601766671073
20210826,31.4,31.5,31.2,31.45,11522668,361443082,4452, 0.00,25.574601766671073
20210827,31.45,32.0,31.4,32.0,16221983,516426996,5431,+0.55,26.021852354005546
20210830,32.0,32.45,31.9,32.45,14546159,467065869,5102,+0.45,26.387784652733757
20210831,32.4,32.8,32.25,32.8,24053133,783165283,5138,+0.35,26.67239866285568
20210901,32.6,32.65,32.45,32.55,12415303,403923418,6463,-0.25,26.469102941340015
20210902,32.5,32.55,32.0,32.1,13666607,439299521,9204,-0.45,26.103170642611815
20210903,32.2,32.55,32.15,32.55,19077497,618144167,7697,+0.45,26.469102941340015
20210906,32.55,32.6,32.35,32.5,12518621,406879676,6819,-0.05,26.428443797036877
20210907,32.5,32.5,32.3,32.45,7308266,236628979,4886,-0.05,26.387784652733757
20210908,32.45,32.5,32.2,32.5,13407277,433850295,5204,+0.05,26.428443797036877
20210909,32.3,32.4,32.2,32.3,8393477,271058527,3663,-0.20,26.26580721982435
20210910,32.3,32.5,32.2,32.45,13570201,439079134,4520,+0.15,26.387784652733757
20210913,32.4,32.4,32.2,32.3,11482592,370143768,6266,-0.15,26.26580721982435
20210914,32.45,32.5,32.35,32.5,12819907,416004073,4977,+0.20,26.428443797036877
20210915,32.5,32.5,32.25,32.35,10743432,347709875,4617,-0.15,26.306466364127484
20210916,32.35,32.5,32.25,32.35,8873548,287215574,3429, 0.00,26.306466364127484
20210917,32.35,32.5,32.15,32.15,24918512,803630013,4881,-0.20,26.14382978691495
20210922,32.0,32.2,31.9,32.1,26282137,840745196,11762,-0.05,26.103170642611815
20210923,32.2,32.4,32.1,32.4,11450071,369959453,4076,+0.30,26.347125508430608
20210924,32.45,32.5,32.3,32.4,8718538,282273370,3756, 0.00,26.347125508430608
20210927,32.4,32.5,32.2,32.35,11245852,364147346,4385,-0.05,26.306466364127484
20210928,32.3,32.4,32.1,32.4,6409694,206961884,3187,+0.05,26.347125508430608
20210929,32.15,32.2,32.0,32.05,21261504,681876842,11079,-0.35,26.062511498308677
20210930,32.0,32.2,32.0,32.05,12311731,394875102,3323, 0.00,26.062511498308677
20211001,32.0,32.1,31.85,32.05,23590234,753241975,11412, 0.00,26.062511498308677
20211004,32.05,32.15,32.0,32.1,9389730,301056461,4133,+0.05,26.103170642611815
20211005,32.05,32.1,31.9,32.05,15014431,480883366,5461,-0.05,26.062511498308677
20211006,32.05,32.35,31.9,32.25,14997084,481581367,6202,+0.20,26.225148075521215
20211007,32.35,32.5,32.25,32.4,12345046,399999515,4451,+0.15,26.347125508430608
20211008,32.4,32.4,32.15,32.25,10418795,335815820,3476,-0.15,26.225148075521215
20211012,32.1,32.45,31.9,32.45,21138827,680023782,6456,+0.20,26.387784652733757
20211013,32.45,32.5,32.3,32.5,13609955,441144102,3907,+0.05,26.428443797036877
20211014,32.5,32.6,32.3,32.3,11486183,372885874,4042,-0.20,26.26580721982435
20211015,32.35,32.5,32.25,32.5,11929183,386185370,4006,+0.20,26.428443797036877
20211018,32.5,32.95,32.4,32.95,20110092,657852490,6800,+0.45,26.794376095765088
20211019,32.95,32.95,32.7,32.75,10893412,357195976,5133,-0.20,26.63173951855255
20211020,32.75,32.95,32.75,32.9,11337646,372328707,6383,+0.15,26.75371695146195
20211021,32.9,33.0,32.8,32.95,20386821,671698099,5665,+0.05,26.794376095765088
20211022,32.95,33.1,32.8,33.05,13973674,461309099,5489,+0.10,26.87569438437135
20211025,33.0,33.1,32.9,33.1,8166469,269791685,3461,+0.05,26.916353528674485
20211026,33.1,33.5,33.05,33.45,32680408,1091180853,8410,+0.35,27.20096753879642
20211027,33.35,33.5,33.3,33.35,9064477,302444618,4534,-0.10,27.11964925019015
20211028,33.35,33.4,33.2,33.4,7678174,255882925,3912,+0.05,27.160308394493285
20211029,33.3,33.4,33.05,33.4,14143894,470669805,4615, 0.00,27.160308394493285
20211101,33.4,33.4,33.25,33.3,8456500,281657399,3152,-0.10,27.07899010588702
20211102,33.35,33.4,33.25,33.3,13559701,451664200,4759, 0.00,27.07899010588702
20211103,33.25,33.4,33.15,33.4,9231573,307240601,3364,+0.10,27.160308394493285
20211104,33.4,33.45,33.25,33.45,8159424,272568490,3513,+0.05,27.20096753879642
20211105,33.4,33.7,33.35,33.7,15555790,521337025,5436,+0.25,27.404263260312092
20211108,33.7,33.7,33.5,33.6,7895484,265060525,4872,-0.10,27.322944971705823
20211109,33.6,33.7,33.45,33.7,11973326,402335168,4549,+0.10,27.404263260312092
20211110,33.7,34.0,33.5,34.0,22811212,772457082,7677,+0.30,27.64821812613089
20211111,34.0,34.0,33.7,33.8,9170281,309950089,5141,-0.20,27.485581548918354
20211112,33.9,34.0,33.75,33.9,9329134,315473676,3287,+0.10,27.566899837524623
20211115,33.95,34.0,33.8,33.95,12303344,417300540,4597,+0.05,27.607558981827765
20211116,33.95,34.2,33.9,34.2,16991067,578399288,6470,+0.25,27.810854703343427
20211117,34.05,34.25,34.05,34.2,12949578,442471367,5454, 0.00,27.810854703343427
20211118,34.25,34.75,34.2,34.7,15705541,543184916,5602,+0.50,28.217446146374765
20211119,34.65,34.7,34.25,34.65,14659925,505875032,5496,-0.05,28.176787002071627
20211122,34.5,34.55,34.05,34.15,16290718,557435737,7157,-0.50,27.770195559040296
20211123,34.1,34.25,34.0,34.1,11424605,389627544,4691,-0.05,27.72953641473716
20211124,34.1,34.6,34.0,34.35,11383672,390847759,4441,+0.25,27.93283213625283
20211125,34.3,34.5,34.1,34.5,10002383,342384417,4258,+0.15,28.05480956916223
20211126,34.15,34.35,33.85,33.9,20996939,713693543,14968,-0.60,27.566899837524623
20211129,33.8,34.1,33.7,33.9,15827875,536163825,6058, 0.00,27.566899837524623
20211130,33.75,34.2,33.55,34.2,52864424,1797882755,9100,+0.30,27.810854703343427
20211201,33.75,34.2,33.75,34.15,9020626,306962118,4507,-0.05,27.770195559040296
20211202,33.95,34.25,33.8,34.25,12546790,427178390,4584,+0.10,27.85151384764656
20211203,34.2,34.3,34.05,34.15,13555485,462831152,5231,-0.10,27.770195559040296
20211206,34.0,34.6,33.9,34.6,17778504,611015135,6931,+0.45,28.136127857768493
20211207,34.45,35.1,34.3,35.1,21803753,757270037,8793,+0.50,28.54271930079984
20211208,35.1,35.3,34.95,35.2,22778962,800690922,10693,+0.10,28.62403758940611
20211209,35.2,35.3,34.95,35.3,12017351,422474803,6565,+0.10,28.705355878012362
20211210,35.2,35.7,35.1,35.65,16411942,582368172,7965,+0.35,28.9899698881343
20211213,35.65,35.8,35.35,35.5,14511185,515588049,10333,-0.15,28.867992455224904
20211214,35.35,35.4,35.1,35.4,11007998,387615707,5660,-0.10,28.78667416661864
20211215,35.3,35.35,35.1,35.2,7904736,278218528,4048,-0.20,28.62403758940611
20211216,35.2,35.6,35.15,35.6,22558151,798747491,7228,+0.40,28.94931074383117
20211217,35.25,35.9,35.25,35.9,28876372,1031381685,5541,+0.30,29.193265609649973
20211220,35.7,36.0,35.5,36.0,20943985,749369395,8214,+0.10,29.274583898256235
20211221,35.95,35.95,35.7,35.75,17062557,611274996,5374,-0.25,29.071288176740573
20211222,35.7,35.7,35.55,35.65,13040370,464837499,4219,-0.10,28.9899698881343
20211223,35.6,35.65,35.4,35.5,15222178,540505554,6989,-0.15,28.867992455224904
20211224,35.5,35.6,35.35,35.5,9628923,341278480,4648, 0.00,28.867992455224904
20211227,35.5,35.6,35.35,35.6,10579148,374986016,5244,+0.10,28.94931074383117
20211228,35.6,35.6,35.4,35.6,8822358,313350009,4470, 0.00,28.94931074383117
20211229,35.6,35.75,35.5,35.6,11482555,408688257,4358, 0.00,28.94931074383117
20211230,35.6,35.7,35.5,35.55,8685505,309026334,3474,-0.05,28.90865159952804
20220103,35.6,35.7,35.2,35.35,15996708,566471660,8603,-0.20,28.746015022315504
20220104,35.4,35.55,35.25,35.55,15447146,547328791,6318,+0.20,28.90865159952804
20220105,35.4,35.55,35.3,35.55,14444780,511652361,6821, 0.00,28.90865159952804
20220106,35.4,36.0,35.35,36.0,18393345,657915842,8517,+0.45,29.274583898256235
20220107,36.0,36.5,35.9,36.2,23309833,845302137,9002,+0.20,29.437220475468777
20220110,36.2,36.2,35.8,36.15,14353806,516905626,7612,-0.05,29.39656133116564
20220111,36.0,37.0,35.95,37.0,25964094,950386959,9869,+0.85,30.087766784318916
20220112,37.0,37.0,36.7,37.0,21178735,782250447,10320, 0.00,30.087766784318916
20220113,37.0,37.85,37.0,37.85,34458590,1292514706,14080,+0.85,30.778972237472193
20220114,37.75,37.85,37.05,37.45,25282530,944084456,15608,-0.40,30.453699083047127
20220117,37.3,37.35,36.85,37.05,19354294,716464688,13130,-0.40,30.128425928622047
20220118,37.05,37.4,36.8,37.25,16225860,602886013,7855,+0.20,30.29106250583459
20220119,37.05,37.05,36.8,37.0,16421041,606533503,11634,-0.25,30.087766784318916
20220120,36.8,37.1,36.75,36.95,13381805,494182067,6466,-0.05,30.047107640015778
20220121,36.75,36.85,36.35,36.85,20046563,734420050,9043,-0.10,29.96578935140952
20220124,36.5,36.95,36.35,36.9,13069053,479566727,7635,+0.05,30.006448495712643
20220125,36.4,36.9,36.3,36.9,24575262,897419173,10393, 0.00,30.006448495712643
20220126,36.8,37.2,36.6,36.95,13270049,490001757,6606,+0.05,30.047107640015778
20220207,37.0,38.0,37.0,38.0,29567773,1110694550,16357,+1.05,30.90094967038159
20220208,38.1,39.0,38.0,38.95,39614830,1533369782,17202,+0.95,31.673473412141128
20220209,38.95,39.1,38.7,38.8,24612276,955583060,13451,-0.15,31.551495979231724
20220210,38.8,38.8,38.1,38.7,19050216,731587790,11934,-0.10,31.47017769062546
20220211,38.5,38.85,38.35,38.8,15837533,611970656,8885,+0.10,31.551495979231724
20220214,38.45,38.5,38.05,38.45,22318503,853563261,12274,-0.35,31.266881969109793
20220215,38.3,38.35,38.05,38.1,11632786,444094963,10372,-0.35,30.98226795898785
20220216,38.2,38.4,38.05,38.2,17663660,675456527,12831,+0.10,31.063586247594124
20220217,38.3,38.4,38.1,38.4,14811690,566635062,7770,+0.20,31.22622282480665
20220218,38.1,38.3,38.0,38.1,13167836,502104204,8459,-0.30,30.98226795898785
20220221,38.0,38.0,37.65,38.0,23491419,887887362,14154,-0.10,30.90094967038159
20220222,37.7,37.75,37.25,37.6,33624152,1260038502,19066,-0.40,30.575676515956516
20220223,37.6,38.15,37.55,38.05,20383983,770305798,10218,+0.45,30.941608814684713
20220224,37.8,37.8,37.5,37.7,27939337,1051165783,12833,-0.35,30.65699480456279
20220225,37.55,37.65,37.25,37.6,36656953,1374729359,13020,-0.10,30.575676515956516
20220301,37.55,38.2,37.45,38.2,23250543,885087745,9471,+0.60,31.063586247594124
20220302,38.15,38.15,37.8,38.1,16225405,616631395,6921,-0.10,30.98226795898785
20220303,38.1,38.15,37.95,38.1,11757496,447293545,6554, 0.00,30.98226795898785
20220304,38.0,38.0,37.5,38.0,15225056,576155007,6452,-0.10,30.90094967038159
20220307,37.5,37.65,37.0,37.65,35148992,1313243773,16575,-0.35,30.616335660259654
20220308,37.5,37.8,37.3,37.35,28001182,1048488565,16147,-0.30,30.37238079444084
20220309,37.5,37.95,37.4,37.4,16063085,603345052,9278,+0.05,30.41303993874398
20220310,37.5,38.25,37.5,38.25,17080838,648540019,8932,+0.85,31.104245391897255
20220311,38.0,38.2,37.8,37.95,7994368,303832808,6980,-0.30,30.860290526078447
20220314,38.0,38.5,38.0,38.5,15848347,607631783,6542,+0.55,31.307541113412924
20220315,38.5,38.7,38.3,38.6,15187136,584834279,7695,+0.10,31.38885940201919
20220316,38.75,39.5,38.5,39.5,39156099,1528408319,13781,+0.90,32.1207239994756
20220317,40.4,40.6,39.55,40.05,31346313,1255019927,14117,+0.55,32.56797458681006
20220318,40.4,40.8,40.15,40.45,39172747,1585717418,12606,+0.40,32.893247741235136
20220321,40.45,40.6,40.45,40.6,15151869,614383332,7863,+0.15,33.01522517414453
20220322,40.5,41.15,40.45,41.15,18567388,760057718,8913,+0.55,33.462475761479006
20220323,41.2,42.45,41.2,42.35,32926714,1383912326,16748,+1.20,34.438295224754214
20220324,42.2,42.5,41.85,42.25,14573262,615606129,11967,-0.10,34.356976936147944
20220325,42.1,42.45,41.5,42.2,29546160,1240281797,14952,-0.05,34.31631779184482
20220328,41.7,42.5,41.6,42.4,21860247,918508668,13205,+0.20,34.47895436905734
20220329,42.3,42.35,42.0,42.0,10416789,438594978,7222,-0.40,34.15368121463227
20220330,42.2,42.4,41.75,42.25,20706180,872514064,11546,+0.25,34.356976936147944
20220331,42.3,43.0,42.15,42.9,22927133,980006841,8648,+0.65,34.88554581208869
20220401,42.75,43.2,42.55,43.1,20463463,878900055,8614,+0.20,35.048182389301225
20220406,43.2,44.05,42.8,44.05,28287940,1231226117,17664,+0.95,35.82070613106076
20220407,44.2,45.4,43.9,44.1,52118307,2323714918,27025,+0.05,35.861365275363895
20220408,44.15,44.45,43.75,44.35,19140155,845467581,12685,+0.25,36.06466099687957
20220411,44.4,44.85,44.1,44.65,22658562,1008977946,13448,+0.30,36.30861586269837
20220412,44.6,44.65,44.15,44.45,16141869,717377554,10685,-0.20,36.145979285485836
20220413,44.5,45.0,44.3,44.95,20559894,920611995,9317,+0.50,36.55257072851717
20220414,45.05,45.1,42.95,43.1,35058370,1526203053,27542,-1.85,35.048182389301225
20220415,42.9,43.75,42.4,42.85,25973953,1116156989,11379,-0.25,34.844886667785545
20220418,42.6,42.65,41.2,41.9,38133358,1592744987,21500,-0.95,34.07236292602601
20220419,41.95,42.3,41.35,41.5,24194733,1008480938,15428,-0.40,33.74708977160093
20220420,41.55,42.0,41.0,41.75,31041549,1282225720,13722,+0.25,33.950385493116606
20220421,41.7,41.7,40.7,41.0,28793653,1180921901,15954,-0.75,33.34049832856961
20220422,40.7,41.55,40.65,41.55,26380602,1087893616,10403,+0.55,33.78774891590407
20220425,41.15,41.8,41.0,41.55,27399621,1133539469,11914, 0.00,33.78774891590407
20220426,41.7,42.0,41.35,41.95,20917324,875013920,9638,+0.40,34.11302207032914
20220427,41.55,41.95,41.55,41.6,22327522,931422662,10613,-0.35,33.828408060207224
20220428,41.5,41.75,40.8,41.0,25419914,1042390904,11848,-0.60,33.34049832856961
20220429,41.0,41.8,40.9,41.6,17751309,733889993,6707,+0.60,33.828408060207224
20220503,41.4,41.4,40.8,40.85,10961243,449335796,8403,-0.75,33.218520895660205
20220504,41.3,41.3,40.6,40.85,13718703,559728078,7460, 0.00,33.218520895660205
20220505,41.1,41.15,39.55,39.85,33688651,1348957542,20270,-1.00,32.40533800959753
20220506,38.85,39.5,38.6,39.35,31832438,1245413727,14463,-0.50,31.9987465665662
20220509,38.55,38.9,38.0,38.0,30986843,1184149778,16388,-1.35,30.90094967038159
20220510,37.6,38.45,37.3,38.2,30917401,1175970092,11328,+0.20,31.063586247594124
20220511,38.0,38.35,37.9,38.35,24105950,919989581,9846,+0.15,31.18556368050352
20220512,37.95,38.0,36.75,37.0,32479369,1211839914,17582,-1.35,30.087766784318916
20220513,37.0,37.2,36.3,36.95,29684733,1092254331,13967,-0.05,30.047107640015778
20220516,37.05,37.2,36.25,36.9,24792170,908198153,14270,-0.05,30.006448495712643
20220517,36.75,36.8,36.4,36.45,21459713,783508023,10643,-0.45,29.640516196984446
20220518,36.45,37.6,36.45,37.5,25021243,926729438,10451,+1.05,30.49435822735025
20220519,36.9,36.95,36.5,36.6,22824843,836926035,10620,-0.90,29.762493629893843
20220520,36.8,37.3,36.55,37.1,22050666,814709963,7631,+0.50,30.169085072925174
20220523,37.2,37.7,36.65,37.2,21150866,786910839,7368,+0.10,30.250403361531458
20220524,37.3,37.8,37.1,37.2,16444052,614770149,6478, 0.00,30.250403361531458
20220525,37.3,37.65,37.0,37.6,20127905,752608772,7956,+0.40,30.575676515956516
20220526,37.65,37.7,37.25,37.3,17814969,667010484,8127,-0.30,30.33172165013771
20220527,37.5,38.05,37.3,37.95,18461103,697502250,6496,+0.65,30.860290526078447
20220530,38.2,38.5,37.8,38.45,25770933,985288616,10564,+0.50,31.266881969109793
20220531,38.4,38.75,37.8,38.75,48316251,1857840025,10366,+0.30,31.510836834928593
20220601,38.7,38.7,38.15,38.2,16407833,628958364,6896,-0.55,31.063586247594124
20220602,37.95,38.15,37.6,37.9,17612302,667807434,7865,-0.30,30.819631381775324
20220606,37.3,38.0,37.0,37.8,25997968,973714466,11236,-0.10,30.73831309316905
20220607,37.45,37.75,37.35,37.7,18250795,686194421,5870,-0.10,30.65699480456279
20220608,37.8,37.85,37.55,37.7,11197987,421663441,5630, 0.00,30.65699480456279
20220609,37.5,37.5,37.05,37.15,20533024,763121216,8620,-0.55,30.209744217228312
20220610,36.8,37.15,36.65,37.1,16793479,621042273,6400,-0.05,30.169085072925174
20220613,36.3,36.5,35.8,36.5,32556143,1178215108,15179,-0.60,29.68117534128758
20220614,36.3,37.0,36.2,36.9,16816898,616945824,6642,+0.40,30.006448495712643
20220615,36.35,36.4,36.0,36.2,28237354,1022956673,15399,-0.70,29.437220475468777
20220616,36.5,36.85,36.1,36.15,22161331,805214947,8509,-0.05,29.39656133116564
20220617,35.85,36.0,35.05,35.3,66943126,2367554775,19315,-0.85,28.705355878012362
20220620,35.3,35.8,34.6,34.6,52630520,1841116702,14252,-0.70,28.136127857768493
20220621,35.15,36.1,35.0,35.6,52370330,1867851046,12458,+1.00,28.94931074383117
20220622,35.6,36.0,35.05,35.4,45457987,1608012064,15719,-0.20,28.78667416661864
20220623,36.05,36.35,35.1,35.35,39043684,1384198992,12884,-0.05,28.746015022315504
20220624,36.25,36.5,35.85,36.15,20312793,735061174,9897,+0.80,29.39656133116564
20220627,36.6,36.7,36.2,36.2,16853771,613773385,9471,+0.05,29.437220475468777
20220628,36.45,36.5,36.2,36.35,11015575,400215598,3843,+0.15,29.559197908378174
20220629,35.8,36.1,35.55,35.7,19589697,701463568,8655,-0.65,29.03062903243744
20220630,35.5,35.7,35.2,35.3,20399329,721785064,6630,-0.40,28.705355878012362
20220701,35.3,35.55,35.1,35.25,17825004,629731394,7666,-0.05,28.664696733709235
20220704,35.5,36.0,35.4,35.75,17602416,627592946,6963,+0.50,29.071288176740573
20220705,36.0,36.2,35.5,35.55,10394647,371633447,6621,-0.20,28.90865159952804
20220706,35.75,35.8,35.1,35.2,14084442,496445484,6097,-0.35,28.62403758940611
20220707,35.25,35.4,34.8,35.15,12942771,454483307,5608,-0.05,28.583378445102966
20220708,35.25,35.4,35.0,35.05,7995777,281021191,4533,-0.10,28.502060156496693
20220711,34.9,34.95,34.3,34.3,12136581,418161560,8124,-0.75,27.89217299194969
20220712,33.9,33.95,33.35,33.45,14584247,488525809,8766,-0.85,27.20096753879642
20220713,34.3,35.25,34.2,34.85,23678693,823080682,9305,+1.40,28.33942357928417
20220714,34.8,35.0,34.5,34.55,9732007,337883389,7107,-0.30,28.095468713465362
20220715,34.3,34.4,33.9,33.9,13481926,458940900,8681,-0.65,27.566899837524623
20220718,33.9,34.4,33.7,34.15,14783475,503933898,6995,+0.25,27.770195559040296
20220719,34.0,34.35,33.9,34.15,7890960,269698495,5339, 0.00,27.770195559040296
20220720,34.35,34.75,34.0,34.15,15924102,546507232,9376, 0.00,27.770195559040296
20220721,34.0,34.45,33.85,34.45,9585031,328171707,4975,+0.30,28.014150424859096
20220722,34.5,35.0,34.1,34.9,11727306,406691548,5235,+0.45,28.3800827235873
20220725,34.7,34.75,34.35,34.45,14288234,493617511,8374,-0.45,28.014150424859096
20220726,34.4,34.8,34.25,34.6,14335636,495350463,5282,+0.15,28.136127857768493
20220727,34.65,35.2,34.55,35.15,12361427,432264120,5539,+0.55,28.583378445102966
20220728,35.25,35.7,35.15,35.6,14474750,513710736,8803,+0.45,28.94931074383117
20220729,35.8,35.9,35.15,35.4,22606756,801651963,8383,-0.20,28.78667416661864
20220801,35.4,35.6,35.2,35.55,8509616,301808394,4908,+0.15,28.90865159952804
20220802,35.3,35.7,35.0,35.7,15020836,532405181,6424,+0.15,29.03062903243744
20220803,35.75,35.75,35.4,35.6,16080012,571591776,5949,-0.10,28.94931074383117
20220804,35.6,35.9,35.45,35.65,16183083,577816608,6169,+0.05,28.9899698881343
20220805,36.1,36.1,35.8,35.85,17216012,618393078,6058,+0.20,29.152606465346842
20220808,35.85,36.0,35.6,36.0,13485637,483977819,5474,+0.15,29.274583898256235
20220809,36.05,37.15,36.05,36.9,30828305,1129967453,9814,+0.90,30.006448495712643
20220810,36.9,37.35,36.75,37.2,47811656,1774991243,14454,+0.30,30.250403361531458
20220811,35.9,36.05,35.4,35.8,41978009,1504652281,15462,X0.00,31.00666344556972
20220812,36.0,36.0,35.6,35.7,18762884,670087712,9654,-0.10,30.920052653822335
20220815,35.7,35.75,35.45,35.6,17305296,616685550,8714,-0.10,30.83344186207493
20220816,35.6,35.95,35.6,35.8,14331186,513051200,6156,+0.20,31.00666344556972
20220817,35.7,35.8,35.55,35.75,17252727,615839842,8564,-0.05,30.96335804969603
20220818,35.8,36.05,35.6,36.05,12628726,453519163,3781,+0.30,31.223190424938238
20220819,35.85,36.0,35.65,35.8,11446962,409950281,4729,-0.25,31.00666344556972
20220822,35.55,35.95,35.35,35.8,14509367,519308842,6231, 0.00,31.00666344556972
20220823,35.65,35.65,35.2,35.2,17578144,622028188,12612,-0.60,30.48699869508532
20220824,35.3,35.35,35.1,35.1,12195810,428969551,8401,-0.10,30.400387903337922
20220825,35.15,35.6,35.1,35.55,10315005,365530191,5684,+0.45,30.790136466201226
20220826,35.75,35.95,35.6,35.85,11189170,401063975,6121,+0.30,31.049968841443434
20220829,35.1,35.7,35.1,35.5,14073490,499371663,6262,-0.35,30.746831070327524
20220830,35.3,35.8,35.2,35.45,15604832,552978007,8142,-0.05,30.703525674453825
20220831,35.45,35.9,35.3,35.9,18007763,644365036,5130,+0.45,31.093274237317125
20220901,35.3,35.4,35.05,35.15,17998331,633515084,8878,-0.75,30.443693299211624
20220902,35.2,35.3,35.0,35.0,13617677,477856058,5503,-0.15,30.31377711159052
20220905,35.15,35.3,34.85,35.3,10399001,364950589,5449,+0.30,30.57360948683272
20220906,35.5,35.5,35.2,35.35,9843808,347715643,5028,+0.05,30.61691488270642
20220907,35.0,35.2,34.85,34.95,17703112,618523919,9886,-0.40,30.27047171571682
20220908,35.0,35.1,34.85,35.0,12422183,434455259,5424,+0.05,30.31377711159052
20220912,35.2,35.55,35.1,35.55,13378989,473139775,4949,+0.55,30.790136466201226
20220913,35.55,35.6,34.95,35.05,15809475,555041596,10300,-0.50,30.357082507464217
20220914,34.7,34.95,34.55,34.75,14328662,498715264,7633,-0.30,30.097250132222015
20220915,34.7,34.75,34.45,34.55,15875581,549075291,7720,-0.20,29.92402854872721
20220916,34.4,34.75,34.3,34.5,31940100,1101690010,9944,-0.05,29.880723152853516
20220919,34.7,34.85,34.35,34.45,11717322,404733910,6372,-0.05,29.83741775697981
20220920,34.65,34.7,34.45,34.45,11877753,410516615,8360, 0.00,29.83741775697981
20220921,34.45,34.55,34.2,34.25,18568808,637362975,10202,-0.20,29.664196173485
20220922,34.1,34.2,33.6,33.65,21740358,733368076,13369,-0.60,29.144531423000593
20220923,33.8,34.05,33.7,33.9,10216517,346135628,6425,+0.25,29.3610584023691
20220926,33.7,33.7,33.2,33.35,18982894,634453270,10583,-0.55,28.884699047758396
20220927,33.3,33.5,32.45,32.45,32091564,1049728599,22065,-0.90,28.105201922031778
20220928,32.2,32.45,31.5,31.95,37111214,1182680816,21520,-0.50,27.672147963294773
20220929,31.95,32.2,31.3,31.8,33977805,1074500657,15886,-0.15,27.54223177567367
20220930,31.55,31.6,31.05,31.15,34530101,1079622663,13647,-0.65,26.97926162931556
20221003,30.85,30.95,30.55,30.65,26357539,809254727,12486,-0.50,26.54620767057855
20221004,30.75,30.95,30.55,30.7,22341163,686058352,10070,+0.05,26.589513066452252
20221005,30.85,31.25,30.85,30.85,16743862,518336804,7867,+0.15,26.719429254073358
20221006,31.0,31.35,30.7,31.35,13523151,421287728,6256,+0.50,27.152483212810367
20221007,31.2,31.25,30.85,31.0,12156233,376856899,7851,-0.35,26.84934544169446
20221011,30.3,30.35,30.05,30.05,30624434,923459677,15243,-0.95,26.026542920094144
20221012,30.05,30.4,29.9,30.25,13995687,421933272,6657,+0.20,26.19976450358895
20221013,30.25,30.25,29.5,29.75,30116924,896949585,18039,-0.50,25.76671054485194
20221014,29.8,30.05,29.4,29.4,29731088,879804359,20262,-0.35,25.463572773736033
20221017,29.3,29.35,29.0,29.25,19574020,570269631,10045,-0.15,25.333656586114934
20221018,29.5,29.7,29.2,29.7,16435578,484386137,5224,+0.45,25.723405148978234
20221019,29.7,29.75,29.0,29.0,19896014,581920481,15193,-0.70,25.11712960674643
20221020,28.5,29.3,28.4,29.2,36778010,1062004655,12369,+0.20,25.290351190241232
20221021,29.45,29.75,29.25,29.7,19501777,576570660,8335,+0.50,25.723405148978234
20221024,29.9,29.95,29.5,29.6,16629545,493858083,5389,-0.10,25.636794357230837
20221025,29.95,30.05,29.4,29.95,21285915,632239512,7323,+0.35,25.939932128346747
20221026,30.0,30.5,29.85,30.15,17715468,534462620,7422,+0.20,26.113153711841548
20221027,30.3,30.45,29.7,29.7,19957186,598041608,9539,-0.45,25.723405148978234
20221028,29.85,30.05,29.6,29.8,12830598,382441510,4475,+0.10,25.81001594072564
20221031,30.0,30.3,29.9,29.9,13846928,415629640,5182,+0.10,25.89662673247304
20221101,29.95,30.0,29.6,29.75,23640371,703665617,10463,-0.15,25.76671054485194
20221102,29.6,29.65,29.3,29.35,20944552,616953130,12145,-0.40,25.420267377862334
20221103,29.35,29.4,29.05,29.1,17895537,521700447,8364,-0.25,25.20374039849383
20221104,28.95,29.55,28.8,29.55,15227975,444285420,7070,+0.45,25.593488961357135
20221107,29.8,30.2,29.6,30.2,17537904,525615546,8532,+0.65,26.15645910771525
20221108,30.4,30.4,30.0,30.4,15397614,465888919,6537,+0.20,26.329680691210047
20221109,30.4,30.65,30.25,30.5,15913342,485193435,5673,+0.10,26.41629148295745
20221110,30.4,30.4,29.95,30.0,13278549,399466982,7242,-0.50,25.983237524220446
20221111,30.6,31.15,30.35,30.85,32287467,992903663,10258,+0.85,26.719429254073358
20221114,30.85,31.4,30.7,31.3,25807074,803848379,9276,+0.45,27.10917781693666
20221115,31.1,31.35,30.85,31.15,20619000,642185426,7878,-0.15,26.97926162931556
20221116,31.1,31.4,30.7,30.85,24370641,754222862,10263,-0.30,26.719429254073358
20221117,30.85,30.95,30.55,30.85,16197698,497119735,4686, 0.00,26.719429254073358
20221118,30.7,30.85,30.0,30.2,24315753,736141562,13958,-0.65,26.15645910771525
20221121,30.2,30.55,30.05,30.55,13735705,417555974,5115,+0.35,26.45959687883115
20221122,30.7,30.9,30.4,30.9,15308367,470890693,5082,+0.35,26.762734649947053
20221123,30.95,31.35,30.9,31.1,18475019,575575930,8178,+0.20,26.935956233441857
20221124,31.35,31.65,31.15,31.65,22606514,709642445,8707,+0.55,27.412315588052564
20221125,31.45,31.65,31.2,31.35,17097201,536574879,8409,-0.30,27.152483212810367
20221128,30.9,31.15,30.65,30.95,20036252,619774975,9219,-0.40,26.806040045820758
20221129,31.25,31.5,31.0,31.5,20496630,642454280,6823,+0.55,27.282399400431466
20221130,31.5,32.0,31.35,32.0,50866349,1617869832,8446,+0.50,27.715453359168475
20221201,32.15,32.15,31.45,31.55,24087713,764178897,10471,-0.45,27.32570479630517
20221202,31.35,31.45,31.05,31.1,19422549,605986697,9831,-0.45,26.935956233441857
20221205,31.1,31.3,31.05,31.05,12924247,402771077,6677,-0.05,26.892650837568162
20221206,31.0,31.25,30.8,30.95,20180085,625504683,9487,-0.10,26.806040045820758
20221207,30.9,31.25,30.85,30.95,17955654,557163904,5444, 0.00,26.806040045820758
20221208,31.05,31.15,30.65,31.1,14469400,446584451,6806,+0.15,26.935956233441857
20221209,31.1,31.2,30.9,31.15,9116300,283398671,3624,+0.05,26.97926162931556
20221212,31.05,31.15,30.8,31.15,10265438,318561135,4632, 0.00,26.97926162931556
20221213,31.0,31.3,30.65,30.8,25585748,789200557,10162,-0.35,26.676123858199656
20221214,30.9,31.3,30.85,31.2,21468996,669471530,6526,+0.40,27.02256702518926
20221215,31.2,31.3,30.9,31.15,12125867,377227990,5317,-0.05,26.97926162931556
20221216,30.7,31.05,30.7,30.8,20591866,635171982,9728,-0.35,26.676123858199656
20221219,30.5,30.75,30.5,30.65,12696697,388659355,8415,-0.15,26.54620767057855
20221220,30.5,30.7,30.3,30.65,17568001,536283571,10211, 0.00,26.54620767057855
20221221,30.4,30.6,30.4,30.5,9237934,281867717,5456,-0.15,26.41629148295745
20221222,30.55,30.85,30.5,30.85,6564732,201477150,3569,+0.35,26.719429254073358
20221223,30.45,30.55,30.3,30.55,8424598,256743013,4773,-0.30,26.45959687883115
20221226,30.55,30.7,30.4,30.7,6386754,195229587,3685,+0.15,26.589513066452252
20221227,30.7,30.8,30.6,30.65,7749617,237914214,3554,-0.05,26.54620767057855
20221228,30.6,30.6,30.45,30.5,8631024,263540142,4776,-0.15,26.41629148295745
20221229,30.4,30.45,30.1,30.25,13026732,393749530,6981,-0.25,26.19976450358895
20221230,30.3,30.75,30.25,30.35,10680206,325557852,3720,+0.10,26.286375295336352
20230103,30.3,30.6,30.05,30.5,9815096,297429748,6212,+0.15,26.41629148295745
20230104,30.4,30.6,30.25,30.4,11665729,354457996,7367,-0.10,26.329680691210047
20230105,30.6,31.1,30.55,31.1,19737293,609722885,7812,+0.70,26.935956233441857
20230106,31.05,31.1,30.8,30.95,9658402,299099171,4871,-0.15,26.806040045820758
20230109,31.45,31.7,31.2,31.7,21470515,676882939,7997,+0.75,27.455620983926266
20230110,31.75,31.75,31.4,31.75,13014559,411969486,5796,+0.05,27.49892637979997
20230111,31.65,31.75,31.45,31.45,9954965,313928770,5516,-0.30,27.239094004557764
20230112,31.45,31.6,31.35,31.45,11218554,352937037,5592, 0.00,27.239094004557764
20230113,31.7,31.85,31.6,31.65,9624930,305033345,4500,+0.20,27.412315588052564
20230116,31.9,32.0,31.8,32.0,11897781,379900614,6311,+0.35,27.715453359168475
20230117,31.95,32.0,31.85,32.0,12370464,395331833,5535, 0.00,27.715453359168475
20230130,33.3,33.55,32.15,32.6,48595494,1584753747,16553,+0.60,28.23511810965288
20230131,32.6,32.65,31.95,31.95,22827294,733557682,9027,-0.65,27.672147963294773
20230201,32.15,32.6,31.9,32.6,16883008,544759109,6450,+0.65,28.23511810965288
20230202,32.55,32.85,32.2,32.85,22227192,723688931,8075,+0.25,28.451645089021383
20230203,32.6,32.7,32.4,32.45,10829647,351987807,6218,-0.40,28.105201922031778
20230206,32.4,32.5,32.1,32.1,14104797,454685542,7765,-0.35,27.802064150915875
20230207,32.15,32.4,32.1,32.25,10937095,352567781,4874,+0.15,27.931980338536977
20230208,32.4,32.45,32.0,32.15,16610027,534151017,8302,-0.10,27.845369546789577
20230209,32.0,32.25,32.0,32.1,6026727,193524810,3747,-0.05,27.802064150915875
20230210,32.35,32.7,32.25,32.6,13298661,432706494,6430,+0.50,28.23511810965288
20230213,32.65,33.3,32.5,33.3,19649499,648668747,8412,+0.70,28.841393651884697
20230214,33.3,33.65,33.1,33.55,15112045,505806474,8060,+0.25,29.057920631253193
20230215,33.55,33.55,33.2,33.4,13577950,453022951,8632,-0.15,28.928004443632094
20230216,33.25,34.1,33.2,33.4,33797080,1136440931,11734, 0.00,28.928004443632094
20230217,33.3,33.65,33.3,33.5,8856339,296730033,6592,+0.10,29.014615235379498
20230220,33.5,34.1,33.5,34.05,12088227,410084330,7474,+0.55,29.490974589990202
20230221,33.9,33.95,33.6,33.65,7550574,254472407,5595,-0.40,29.144531423000593
20230222,33.25,33.85,33.1,33.8,15066339,505543423,6919,+0.15,29.274447610621692
20230223,33.8,33.85,33.65,33.65,11496939,387635366,5055,-0.15,29.144531423000593
20230224,33.65,33.7,33.2,33.3,22907361,763477233,8248,-0.35,28.841393651884697
20230301,32.6,33.7,32.6,33.7,27719703,923735627,10661,+0.40,29.187836818874302
20230302,33.6,33.6,32.8,32.95,17851052,589629237,11624,-0.75,28.53825588076879
20230303,33.0,33.1,32.8,32.8,12146298,399100644,7908,-0.15,28.40833969314768
20230306,32.85,33.2,32.75,32.95,14519584,478427217,7467,+0.15,28.53825588076879
20230307,32.95,33.2,32.85,33.15,12118554,399378578,4876,+0.20,28.711477464263595
20230308,33.3,33.65,33.2,33.3,19487972,649723563,8053,+0.15,28.841393651884697
20230309,33.3,33.3,32.9,32.95,15800805,521953821,8233,-0.35,28.53825588076879
20230310,32.6,32.8,32.6,32.65,18010220,588590507,11427,-0.30,28.27842350552658
20230313,32.45,32.8,32.3,32.55,18146155,589734938,8436,-0.10,28.19181271377918
20230314,32.1,32.45,32.1,32.1,20777882,669341567,11097,-0.45,27.802064150915875
20230315,32.3,32.4,32.0,32.0,16972944,545765419,10678,-0.10,27.715453359168475
20230316,31.8,31.9,31.5,31.65,20406129,645868259,14411,-0.35,27.412315588052564
20230317,31.95,32.1,31.75,31.75,16365334,521139639,6291,+0.10,27.49892637979997
20230320,31.9,32.1,31.75,32.0,8022475,256424986,4448,+0.25,27.715453359168475
20230321,32.15,32.5,32.1,32.2,8049053,259670664,4256,+0.20,27.88867494266328
20230322,32.7,32.7,32.4,32.7,10538687,343932719,5287,+0.50,28.321728901400284
20230323,32.85,33.15,32.6,33.15,12211986,402813885,5997,+0.45,28.711477464263595
20230324,33.15,33.2,32.9,33.1,8359908,276357874,5114,-0.05,28.668172068389893
20230327,33.25,33.25,32.8,33.05,8879200,292871781,5221,-0.05,28.624866672516188
20230328,33.05,33.2,32.8,32.85,8953398,295349674,4703,-0.20,28.451645089021383
20230329,33.0,33.0,32.7,32.8,10092690,330925276,4429,-0.05,28.40833969314768
20230330,32.85,32.95,32.65,32.7,6894210,225559047,3867,-0.10,28.321728901400284
20230331,32.7,33.1,32.65,33.0,14191979,467611065,3578,+0.30,28.58156127664249
20230406,32.95,33.1,32.75,33.0,13611974,448741653,8495, 0.00,28.58156127664249
20230407,33.0,33.0,32.7,32.8,6236040,204474992,5146,-0.20,28.40833969314768
20230410,33.0,33.1,32.9,33.0,7724231,254833635,4377,+0.20,28.58156127664249
20230411,32.95,33.15,32.95,33.15,11084959,366574787,4620,+0.15,28.711477464263595
20230412,33.15,33.2,33.05,33.15,8128344,269234852,3745, 0.00,28.711477464263595
20230413,33.15,33.35,33.1,33.3,12150794,404282420,6462,+0.15,28.841393651884697
20230414,33.3,33.45,33.2,33.45,14648612,487969847,6857,+0.15,28.9713098395058
20230417,33.5,33.55,33.35,33.45,8661283,289619848,4364, 0.00,28.9713098395058
20230418,34.0,34.5,33.95,34.2,22609293,771488153,10189,+0.75,29.620890777611308
20230419,34.25,34.3,34.0,34.05,13571238,463430291,7366,-0.15,29.490974589990202
20230420,33.85,33.95,33.7,33.9,7870079,266510475,4641,-0.15,29.3610584023691
20230421,33.9,34.1,33.85,34.05,8378019,284836931,3807,+0.15,29.490974589990202
20230424,33.95,34.1,33.85,34.1,4310987,146500576,3122,+0.05,29.534279985863904
20230425,34.1,34.2,33.75,33.9,9664175,327968609,5307,-0.20,29.3610584023691
20230426,33.9,34.0,33.8,34.0,10347111,350798948,5217,+0.10,29.447669194116504
20230427,33.85,33.95,33.65,33.85,7708093,260672615,5018,-0.15,29.317753006495405
20230428,33.85,34.05,33.8,34.05,8123278,276159638,3596,+0.20,29.490974589990202
20230502,34.0,34.1,33.9,34.1,8545971,290660083,5408,+0.05,29.534279985863904
20230503,34.1,34.2,33.95,34.15,7606458,259507166,4643,+0.05,29.577585381737602
20230504,34.1,34.5,34.05,34.3,10417736,357388030,4432,+0.15,29.70750156935871
20230505,34.4,34.5,34.15,34.25,6349720,217371828,3807,-0.05,29.664196173485
20230508,34.3,34.45,34.2,34.3,8493215,291437810,4970,+0.05,29.70750156935871
20230509,34.45,34.55,34.35,34.5,15241763,525193531,5763,+0.20,29.880723152853516
20230510,34.55,34.8,34.55,34.8,12669016,439387678,5788,+0.30,30.14055552809571
20230511,34.85,35.05,34.55,34.8,9702169,337424783,4982, 0.00,30.14055552809571
20230512,34.7,34.75,34.25,34.3,12520574,430517335,6643,-0.50,29.70750156935871
20230515,34.3,34.65,34.2,34.5,11435697,394160135,5310,+0.20,29.880723152853516
20230516,34.75,35.2,34.7,35.15,18938593,662362318,8951,+0.65,30.443693299211624
20230517,35.1,35.8,35.05,35.6,23241501,826211953,12547,+0.45,30.83344186207493
20230518,35.5,36.0,35.5,35.95,20911677,749443448,9570,+0.35,31.136579633190834
20230519,35.95,36.25,35.75,36.0,23871784,859830896,10644,+0.05,31.179885029064536
20230522,36.0,36.2,35.9,36.2,23564363,849590306,12325,+0.20,31.353106612559337
20230523,36.2,36.2,35.8,36.2,21118680,761422530,9564, 0.00,31.353106612559337
20230524,35.9,35.95,35.6,35.9,21632873,772675951,13234,-0.30,31.093274237317125
20230525,35.85,36.2,35.35,36.2,25563218,913380731,10101,+0.30,31.353106612559337
20230526,35.7,36.15,35.45,36.15,24802240,889229724,9961,-0.05,31.309801216685642
20230529,35.9,36.2,35.8,36.2,19794060,713607979,8185,+0.05,31.353106612559337
20230530,36.2,36.3,36.0,36.2,22953178,829543131,8399, 0.00,31.353106612559337
20230531,36.15,36.2,35.8,35.8,73167689,2621538919,8747,-0.40,31.00666344556972
20230601,35.75,36.0,35.6,35.85,13733655,490951129,6081,+0.05,31.049968841443434
20230602,35.85,36.2,35.8,36.1,23257915,839150253,8018,+0.25,31.26649582081194
20230605,36.3,36.9,36.25,36.7,29596658,1087716941,10875,+0.60,31.78616057129635
20230606,36.9,36.9,36.45,36.5,17666895,646820169,10365,-0.20,31.61293898780154
20230607,36.6,37.0,36.6,37.0,17646510,650747283,9753,+0.50,32.04599294653855
20230608,37.0,37.3,36.85,37.3,16224997,602808181,9214,+0.30,32.305825321780745
20230609,37.3,37.75,37.25,37.65,16106516,605356039,7949,+0.35,32.60896309289665
20230612,37.65,37.95,37.55,37.65,16993767,642656354,9727, 0.00,32.60896309289665
20230613,37.7,38.0,37.6,37.75,14626024,553435708,8049,+0.10,32.695573884644055
20230614,37.7,37.75,37.4,37.5,13165915,493873144,8988,-0.25,32.479046905275545
20230615,37.35,37.7,37.25,37.4,16180393,605318632,9060,-0.10,32.39243611352815
20230616,37.45,37.45,36.8,36.8,53897231,1990872531,13774,-0.60,31.872771363043746
20230619,36.8,37.15,36.5,37.0,48318852,1782992420,10979,+0.20,32.04599294653855
20230620,36.85,37.45,36.85,37.45,45428598,1694499550,8961,+0.45,32.43574150940185
20230621,37.35,37.75,37.2,37.75,40083799,1508759835,7329,+0.30,32.695573884644055
20230626,37.65,37.95,37.35,37.75,39197138,1480046944,9753, 0.00,32.695573884644055
20230627,37.55,37.9,37.5,37.55,12241887,460707263,6305,-0.20,32.52235230114925
20230628,37.55,38.0,37.55,37.95,15614335,591178533,6200,+0.40,32.86879546813886
20230629,38.0,38.7,37.9,38.55,26218713,1007038430,12088,+0.60,33.388460218623266
20230630,38.4,38.7,38.1,38.2,21700299,831265273,10627,-0.35,33.085322447507366
20230703,38.25,38.5,38.2,38.3,13695539,523980359,8998,+0.10,33.17193323925476
20230704,38.45,38.55,38.3,38.5,13287893,510240461,6535,+0.20,33.34515482274958
20230705,38.7,38.7,38.1,38.25,14538349,556881172,13823,-0.25,33.12862784338107
20230706,38.0,38.15,37.25,37.45,25993111,977633530,12750,-0.80,32.43574150940185
20230707,37.0,37.45,36.75,37.3,20031600,742521022,8676,-0.15,32.305825321780745
20230710,37.3,37.6,36.8,36.85,20498463,758685678,11633,-0.45,31.91607675891745
20230711,37.0,37.65,36.95,37.65,14274607,534717272,5583,+0.80,32.60896309289665
20230712,37.3,38.2,37.3,38.2,17529731,665535260,6893,+0.55,33.085322447507366
20230713,38.35,38.5,38.0,38.1,13373682,510567591,6057,-0.10,32.99871165575996
20230714,38.2,38.9,38.15,38.9,31931421,1234693012,13397,+0.80,33.69159798973918
20230717,38.8,39.0,38.7,38.9,18618065,724207611,12622, 0.00,33.69159798973918
20230718,38.75,39.3,38.55,39.3,33368616,1303688337,15948,+0.40,34.03804115672878
20230719,39.25,39.25,38.55,38.85,27458768,1068276487,11941,-0.45,33.64829259386548
20230720,38.6,39.5,38.6,39.35,26311773,1033304816,11314,+0.50,34.08134655260249
20230721,39.15,39.5,38.95,39.35,22588190,888121370,11495, 0.00,34.08134655260249
20230724,39.0,39.3,38.8,39.0,20168539,785795936,10209,-0.35,33.77820878148658
20230725,39.05,39.15,38.9,39.15,8821736,344641742,4977,+0.15,33.908124969107675
20230726,39.2,39.75,39.15,39.65,14868025,588582408,7322,+0.50,34.34117892784469
20230727,39.75,40.3,39.75,40.1,19095156,765779551,10856,+0.45,34.730927490708
20230728,40.0,40.2,39.7,40.05,16460733,658742495,10125,-0.05,34.68762209483429
20230731,40.1,40.5,40.05,40.25,15970116,642692269,5767,+0.20,34.8608436783291
20230801,40.45,40.6,40.15,40.6,18485191,746848795,8307,+0.35,35.163981449445
20230802,40.5,40.55,39.4,39.6,31049829,1235628116,14957,-1.00,34.297873531970986
20230804,39.6,39.85,39.2,39.6,23653783,933250940,10522, 0.00,34.297873531970986
20230807,39.5,40.0,39.5,39.95,15546445,619097400,6508,+0.35,34.60101130308689
20230808,39.95,40.0,39.65,39.7,19588878,778600179,7026,-0.25,34.38448432371839
20230809,39.7,40.0,39.5,39.95,32470250,1288867620,9433,+0.25,34.60101130308689
20230810,38.75,38.8,37.65,38.1,43778686,1662665783,25092,X0.00,34.32820766966654
20230811,38.05,38.2,37.55,37.65,19106982,720956167,11661,-0.45,33.92275639797756
20230814,37.6,37.6,36.6,37.05,28039293,1034180438,17312,-0.60,33.382154702392256
20230815,37.0,37.05,36.6,36.6,18474520,678365858,11528,-0.45,32.97670343070328
20230816,36.3,36.35,35.6,35.8,37569860,1345488534,21624,-0.80,32.25590116992288
20230817,35.5,35.85,35.2,35.65,28760727,1019283224,15168,-0.15,32.12075074602656
20230818,35.45,36.3,35.3,35.7,18828269,672991786,10892,+0.05,32.16580088732534
20230821,36.1,36.1,35.5,35.6,15677353,559074496,9887,-0.10,32.075700604727786
20230822,35.6,35.7,35.05,35.3,24934769,878477179,14062,-0.30,31.80539975693513
20230823,35.3,35.5,35.2,35.3,11871124,419247905,7112, 0.00,31.80539975693513
20230824,35.5,36.05,35.3,35.85,20101888,719339979,8572,+0.55,32.30095131122166
20230825,35.75,36.0,35.5,35.65,16222801,580492306,9630,-0.20,32.12075074602656
20230828,35.7,36.5,35.7,36.2,12409404,449717082,6908,+0.55,32.61630230031309
20230829,36.4,36.6,36.15,36.6,16266652,591159944,7888,+0.40,32.97670343070328
20230830,36.75,36.8,36.3,36.45,13739592,501461227,6239,-0.15,32.84155300680696
20230831,36.45,36.45,35.9,35.9,30398154,1093155779,9394,-0.55,32.34600145252043
20230901,35.95,36.2,35.9,36.0,9750451,351090367,6096,+0.10,32.43610173511799
20230904,36.0,36.2,36.0,36.2,5611485,202555514,3606,+0.20,32.61630230031309
20230905,36.05,36.25,35.95,36.0,13486406,486280272,6423,-0.20,32.43610173511799
20230906,36.0,36.05,35.55,35.55,17664872,630934784,12737,-0.45,32.03065046342901
20230907,35.55,36.05,35.55,35.85,14286709,511979463,6550,+0.30,32.30095131122166
20230908,35.8,36.1,35.65,36.1,10225531,367118564,7147,+0.25,32.52620201771554
20230911,36.2,36.35,36.0,36.2,11647241,421244869,5789,+0.10,32.61630230031309
20230912,36.25,36.6,36.15,36.55,12925837,470363929,7528,+0.35,32.93165328940451
20230913,36.5,36.6,36.4,36.6,8537248,311794088,7059,+0.05,32.97670343070328
20230914,36.8,37.5,36.65,37.5,18499558,687657160,8030,+0.90,33.78760597408124
20230915,37.5,37.6,37.25,37.55,32976481,1236854917,11913,+0.05,33.832656115380004
20230918,37.5,37.95,37.4,37.85,13410374,507000008,8207,+0.30,34.10295696317266
20230919,37.8,38.0,37.7,37.8,14190957,537726462,8327,-0.05,34.05790682187388
20230920,37.65,37.9,37.6,37.85,14080374,528983706,7287,+0.05,34.10295696317266
20230921,37.6,37.65,37.1,37.4,20415799,763078604,10154,-0.45,33.697505691483684
20230922,37.1,37.85,37.05,37.8,12588219,474251334,5150,+0.40,34.05790682187388
20230925,37.8,38.0,37.7,38.0,12988510,492421155,7656,+0.20,34.238107387068986
20230926,37.7,38.0,37.6,37.85,11274171,426209181,6329,-0.15,34.10295696317266
20230927,37.65,37.85,37.45,37.7,12510444,470807085,7589,-0.15,33.96780653927634
20230928,37.7,37.85,37.5,37.7,9702629,365525329,4161, 0.00,33.96780653927634
20231002,37.85,37.85,37.25,37.6,12709624,476613419,8065,-0.10,33.877706256678785
20231003,37.6,37.9,37.25,37.65,15433167,581062512,6921,+0.05,33.92275639797756
20231004,37.15,37.35,36.8,36.85,24721310,913623632,14043,-0.80,33.20195413719716
20231005,37.05,37.55,36.85,37.5,19665332,733248282,8091,+0.65,33.78760597408124
20231006,37.5,37.8,37.25,37.5,12898157,482968557,6811, 0.00,33.78760597408124
20231011,38.0,38.5,37.7,38.5,38669830,1477904459,16229,+1.00,34.688608800056734
20231012,38.5,38.95,38.35,38.95,21927253,848739680,11813,+0.45,35.09406007174571
20231013,38.55,38.65,38.3,38.5,13819455,531057229,8497,-0.45,34.688608800056734
20231016,38.25,38.8,38.2,38.8,15132952,583910774,9064,+0.30,34.95890964784938
20231017,38.8,38.8,38.35,38.75,12710771,490749389,7405,-0.05,34.91385950655061
20231018,38.85,38.85,38.55,38.85,15041698,582213777,7176,+0.10,35.00395978914816
20231019,38.65,38.8,38.1,38.35,15939324,611049278,7761,-0.50,34.55345837616041
20231020,37.6,37.75,37.05,37.5,22423253,840356698,11599,-0.85,33.78760597408124
20231023,37.3,37.45,37.05,37.1,14429102,536255850,7324,-0.40,33.42720484369104
20231024,37.1,37.35,36.85,37.25,10372800,384574599,7057,+0.15,33.56235526758736
20231025,37.15,37.15,36.8,36.85,16093471,594780311,10471,-0.40,33.20195413719716
20231026,36.4,36.75,36.15,36.4,17272733,629296151,10396,-0.45,32.79650286550818
20231027,36.5,37.05,36.5,36.95,7838865,289186003,4452,+0.55,33.29205441979471
20231030,36.85,37.0,36.3,36.55,16188485,591183457,9839,-0.40,32.93165328940451
20231031,36.45,36.85,36.45,36.7,11225418,411744389,4712,+0.15,33.06680371330084
20231101,36.9,36.9,36.35,36.65,11828830,432392583,7485,-0.05,33.021753572002055
20231102,37.0,37.8,36.9,37.8,15633852,587299973,7679,+1.15,34.05790682187388
20231103,37.8,38.25,37.75,38.25,15978071,608422798,7751,+0.45,34.46335809356286
20231106,38.4,38.65,38.15,38.55,17412331,670864190,8492,+0.30,34.7336589413555
20231107,38.45,38.6,38.2,38.6,9773806,376472185,5087,+0.05,34.77870908265428
20231108,38.6,38.7,38.35,38.6,9649032,372306226,4147, 0.00,34.77870908265428
20231109,38.6,38.7,38.45,38.6,9096739,351540319,4975, 0.00,34.77870908265428
20231110,38.45,38.6,38.35,38.4,6407669,246241030,4719,-0.20,34.59850851745918
20231113,38.45,38.7,38.2,38.5,10603223,407118933,6235,+0.10,34.688608800056734
20231114,38.55,38.6,38.3,38.55,9456452,363542984,4603,+0.05,34.7336589413555
20231115,38.65,38.9,38.5,38.9,24106277,934450279,10548,+0.35,35.049009930446935
20231116,39.0,39.3,38.85,39.2,17455872,681875347,8686,+0.30,35.31931077823958
20231117,39.2,39.6,39.1,39.2,19562709,770353715,8727, 0.00,35.31931077823958
20231120,39.2,39.3,38.95,39.2,11983101,468991503,11295, 0.00,35.31931077823958
20231121,39.3,39.85,39.2,39.85,27213967,1080449766,12732,+0.65,35.90496261512366
20231122,39.8,39.85,39.6,39.85,10789978,429298273,6310, 0.00,35.90496261512366
20231123,39.75,39.85,39.4,39.7,9408908,373474559,8587,-0.15,35.76981219122733
20231124,39.7,39.75,39.5,39.5,8531955,337755162,6401,-0.20,35.58961162603224
20231127,39.5,40.15,39.45,39.5,18790243,747969692,11542, 0.00,35.58961162603224
20231128,39.5,40.0,39.45,39.65,16933117,673568151,7356,+0.15,35.72476204992856
20231129,39.65,39.65,39.15,39.15,19137522,753908193,8757,-0.50,35.2742606369408
20231130,39.3,39.5,39.2,39.5,35606299,1404337148,6402,+0.35,35.58961162603224
20231201,39.15,39.15,38.6,38.65,21895477,848548176,12187,-0.85,34.82375922395306
20231204,38.7,39.2,38.7,39.0,20571638,800249695,7854,+0.35,35.13911021304448
20231205,38.9,39.0,38.6,38.95,15003663,581620319,7824,-0.05,35.09406007174571
20231206,39.0,39.5,38.95,39.5,17291383,679451428,8464,+0.55,35.58961162603224
20231207,39.5,39.55,38.95,39.0,16312725,639663446,8168,-0.50,35.13911021304448
20231208,38.7,39.3,38.7,39.25,14584311,569689406,6091,X0.00,35.364360919538356
20231211,39.25,39.25,38.8,38.9,12555943,488409838,7047,-0.35,35.049009930446935
20231212,39.35,39.35,38.85,39.3,11765648,460028336,6137,+0.40,35.40941106083714
20231213,39.25,39.25,38.8,38.9,11266345,438522917,6795,-0.40,35.049009930446935
20231214,39.1,39.55,38.75,39.55,22614194,889768517,10058,+0.65,35.634661767331
20231215,39.6,39.65,39.2,39.35,26608427,1049051505,11912,-0.20,35.45446120213591
20231218,39.35,39.55,38.95,39.05,26277608,1030268957,7504,-0.30,35.184160354343256
20231219,39.0,39.45,38.85,39.15,25389741,993904752,9970,+0.10,35.2742606369408
20231220,39.05,39.1,38.65,38.75,28467743,1103770462,14349,-0.40,34.91385950655061
20231221,38.4,38.55,38.2,38.3,24649925,944743214,12296,-0.45,34.50840823486163
20231222,38.25,38.55,38.15,38.35,19624476,751852330,9578,+0.05,34.55345837616041
20231225,38.35,38.8,38.2,38.8,11956270,461089613,6984,+0.45,34.95890964784938
20231226,38.9,38.9,38.6,38.8,7530510,291992081,4311, 0.00,34.95890964784938
20231227,38.8,39.1,38.7,39.0,12162639,473233391,6245,+0.20,35.13911021304448
20231228,38.75,39.2,38.75,39.2,12200345,476198758,6114,+0.20,35.31931077823958
20231229,39.1,39.25,38.9,39.2,10614378,415158513,4965, 0.00,35.31931077823958
20240102,39.0,39.3,38.85,39.3,10437372,409184324,5769,+0.10,35.40941106083714
20240103,38.95,39.1,38.55,38.65,15778549,611578405,8909,-0.65,34.82375922395306
20240104,38.65,39.05,38.6,38.75,10129830,393610972,4359,+0.10,34.91385950655061
20240105,38.75,39.15,38.75,38.95,8539545,332654016,4574,+0.20,35.09406007174571
20240108,39.1,39.5,39.0,39.45,18003960,709298385,8449,+0.50,35.544561484733464
20240109,39.55,39.55,39.35,39.45,12132787,478621736,4978, 0.00,35.544561484733464
20240110,39.35,39.45,39.05,39.35,12182551,479136681,7660,-0.10,35.45446120213591
20240111,39.3,39.45,39.0,39.2,11269254,442711999,5487,-0.15,35.31931077823958
20240112,39.05,39.2,38.7,39.05,9360600,364929592,6312,-0.15,35.184160354343256
20240115,39.05,39.25,38.85,38.9,8075319,315045640,4315,-0.15,35.049009930446935
20240116,38.5,38.95,38.35,38.6,20071470,776299511,8780,-0.30,34.77870908265428
20240117,38.15,38.4,37.3,37.3,44606681,1686212127,23184,-1.30,33.60740540888613
20240118,37.35,37.85,37.35,37.8,16711024,628778330,7108,+0.50,34.05790682187388
20240119,37.6,37.9,37.5,37.9,13637791,515314568,5825,+0.10,34.14800710447143
20240122,38.0,38.15,37.9,38.1,11862556,451441894,6128,+0.20,34.32820766966654
20240123,38.1,38.15,37.85,37.85,11727278,444781643,6396,-0.25,34.10295696317266
20240124,37.85,38.05,37.85,37.85,8762943,332412429,5705, 0.00,34.10295696317266
20240125,37.85,38.0,37.75,37.8,9690056,366926415,5671,-0.05,34.05790682187388
20240126,37.65,38.4,37.65,38.35,11290138,430413603,4883,+0.55,34.55345837616041
20240129,38.25,38.55,38.2,38.35,8123724,311893072,4193, 0.00,34.55345837616041
20240130,38.4,38.4,37.9,37.9,13800161,524465565,8417,-0.45,34.14800710447143
20240131,37.5,37.8,37.5,37.65,22812174,858836538,15961,-0.25,33.92275639797756
20240201,37.75,37.9,37.6,37.9,15789580,596476722,7979,+0.25,34.14800710447143
20240202,37.9,37.95,37.7,37.9,9222780,349030048,5693, 0.00,34.14800710447143
20240205,37.6,37.8,37.55,37.6,16173474,609650124,12177,-0.30,33.877706256678785
20240215,37.6,38.0,37.55,37.8,20527156,775622283,10598,+0.20,34.05790682187388
20240216,37.85,38.25,37.75,37.9,10560673,400568023,6554,+0.10,34.14800710447143
20240219,38.1,38.4,38.05,38.4,10915350,417796582,7022,+0.50,34.59850851745918
20240220,38.4,38.7,38.25,38.6,11751548,452546927,7040,+0.20,34.77870908265428
20240221,38.6,38.7,38.25,38.35,11031373,423197908,6510,-0.25,34.55345837616041
20240222,38.35,38.55,38.35,38.55,9230778,355263751,4631,+0.20,34.7336589413555
20240223,38.4,38.55,38.3,38.3,9255668,355374110,5267,-0.25,34.50840823486163
20240226,38.15,38.3,38.1,38.15,8835294,337517712,5196,-0.15,34.373257810965306
20240227,38.1,38.4,38.1,38.2,11523387,440900753,5266,+0.05,34.41830795226409
20240229,38.2,38.85,38.15,38.7,24163888,933795385,6705,+0.50,34.86880936525184
20240301,38.6,38.8,38.55,38.55,9180666,355039645,6091,-0.15,34.7336589413555
20240304,38.4,38.85,38.4,38.8,11489772,444931292,5476,+0.25,34.95890964784938
20240305,38.65,39.2,38.65,39.05,18638574,727278382,8712,+0.25,35.184160354343256
20240306,39.05,39.55,39.05,39.4,19875834,782444994,10855,+0.35,35.49951134343468
20240307,39.2,39.55,39.2,39.3,19123334,753261858,10124,-0.10,35.40941106083714
20240308,39.25,40.1,39.25,39.9,26700108,1061485094,12319,+0.60,35.950012756422424
20240311,39.9,40.1,39.75,39.8,19703048,786226252,9799,-0.10,35.85991247382488
20240312,39.85,40.05,39.7,39.95,18881523,753815699,8027,+0.15,35.995062897721205
20240313,39.65,40.4,39.65,40.4,26021320,1046590009,12643,+0.45,36.40051416941018
20240314,40.4,41.0,40.4,40.9,22343472,909942239,9950,+0.50,36.85101558239793
20240315,40.9,40.9,40.2,40.9,27704879,1129514807,12695, 0.00,36.85101558239793
20240318,40.85,40.9,40.4,40.6,16453121,668018198,10381,-0.30,36.58071473460528
20240319,40.55,40.6,40.2,40.2,18424959,742663921,9831,-0.40,36.220313604215086
20240320,40.25,40.65,40.15,40.15,24900466,1003994780,12007,-0.05,36.175263462916305
20240321,40.2,40.65,40.2,40.6,21858211,883594823,9995,+0.45,36.58071473460528
20240322,40.3,40.6,40.0,40.1,17263949,693243792,22702,-0.50,36.13021332161753
20240325,39.9,40.1,39.75,40.0,12816996,512039149,13105,-0.10,36.040113039019985
20240326,40.15,40.7,40.1,40.55,17024108,689023750,7437,+0.55,36.5356645933065
20240327,40.65,40.65,40.35,40.5,7800410,316108728,4669,-0.05,36.490614452007726
20240328,40.25,40.45,40.15,40.25,10693980,430401978,13148,-0.25,36.26536374551386
20240329,40.4,40.6,40.2,40.55,9301915,376831381,3988,+0.30,36.5356645933065
20240401,40.55,40.85,40.4,40.65,12103198,492262840,9540,+0.10,36.62576487590406
20240402,40.6,40.6,40.2,40.3,10261448,414629979,12835,-0.35,36.310413886812626
20240403,40.2,40.25,39.75,39.75,20697275,825747297,28242,-0.55,35.814862332526104
20240408,39.7,40.05,39.7,40.0,14835778,590147759,6432,+0.25,36.040113039019985
20240409,40.05,40.4,39.95,40.4,9801784,394721498,4495,+0.40,36.40051416941018
20240410,40.35,40.65,40.35,40.5,9729291,394285877,6087,+0.10,36.490614452007726
20240411,40.1,40.45,39.9,40.15,12148118,487689606,8932,-0.35,36.175263462916305
20240412,39.9,40.1,39.9,39.95,13343116,533654202,4987,-0.20,35.995062897721205
20240415,39.95,40.1,39.8,39.8,18697530,746317454,7570,-0.15,35.85991247382488
20240416,39.7,40.05,39.1,39.1,28516442,1124106982,14329,-0.70,35.229210495642036
20240417,39.1,39.45,38.95,39.0,20085013,785602750,9110,-0.10,35.13911021304448
20240418,39.2,39.45,38.95,39.2,30238768,1183481163,11044,+0.20,35.31931077823958
20240419,39.0,39.3,38.0,38.7,45380905,1753636494,19592,-0.50,34.86880936525184
20240422,39.4,39.7,39.2,39.5,25372211,1003090051,9743,+0.80,35.58961162603224
20240423,39.85,40.1,39.65,40.0,23955914,958284222,7789,+0.50,36.040113039019985
20240424,40.5,40.5,39.3,39.35,49144144,1944526140,23636,-0.65,35.45446120213591
20240425,39.0,39.3,38.95,39.0,26371254,1030134086,12397,-0.35,35.13911021304448
20240426,39.0,39.45,38.95,39.1,13509099,530271660,5703,+0.10,35.229210495642036
20240429,39.3,40.2,39.3,40.1,25171585,1005620372,9674,+1.00,36.13021332161753
20240430,40.0,40.35,39.95,40.0,15639490,626485689,5329,-0.10,36.040113039019985
20240502,40.0,40.35,39.8,39.95,19520419,781703162,8785,-0.05,35.995062897721205
20240503,40.0,40.25,40.0,40.05,14456429,580350771,6811,+0.10,36.08516318031876
20240506,40.2,41.2,40.2,41.15,31602417,1294160923,16525,+1.10,37.0762662888918
20240507,41.2,41.2,40.65,40.95,25573733,1050804338,12518,-0.20,36.89606572369671
20240508,41.0,41.15,40.9,41.1,18121484,743835865,8802,+0.15,37.03121614759303
20240509,41.0,41.0,40.55,40.65,15325232,624850215,7907,-0.45,36.62576487590406
20240510,40.6,40.95,40.55,40.95,15296521,623777285,7989,+0.30,36.89606572369671
20240513,40.95,41.05,40.7,41.05,11999056,491443269,6739,+0.10,36.986166006294255
20240514,40.95,41.0,40.5,40.5,11589852,471250517,6475,-0.55,36.490614452007726
20240515,40.75,41.1,40.6,40.85,16642484,680555672,7731,+0.35,36.80596544109916
20240516,41.0,41.2,40.75,40.8,19288670,790011256,8460,-0.05,36.76091529980038
20240517,40.8,41.0,40.75,40.85,12678209,518093008,5579,+0.05,36.80596544109916
20240520,40.9,40.95,40.55,40.8,15798946,643435249,7556,-0.05,36.76091529980038
20240521,40.65,40.8,40.45,40.6,10677212,433645185,5272,-0.20,36.58071473460528
20240522,40.8,40.95,40.45,40.55,9895690,401642343,5852,-0.05,36.5356645933065
20240523,40.1,40.45,40.0,40.1,12055025,483709518,7226,-0.45,36.13021332161753
20240524,40.05,40.3,40.0,40.0,9662694,387207666,4459,-0.10,36.040113039019985
20240527,40.05,40.05,39.65,39.8,26663291,1064593247,12729,-0.20,35.85991247382488
20240528,39.8,39.95,39.7,39.8,16822713,669727123,8914, 0.00,35.85991247382488
20240529,39.75,39.8,39.0,39.0,37766372,1482592828,23895,-0.80,35.13911021304448
20240530,38.85,39.2,38.85,38.9,31740618,1235174254,18682,-0.10,35.049009930446935
20240531,39.0,39.4,38.9,39.05,67348471,2629396906,13232,+0.15,35.184160354343256
20240603,39.2,39.3,39.0,39.3,25623845,999875187,11980,+0.25,35.40941106083714
20240604,39.0,39.2,38.85,39.15,23348010,911940691,9190,-0.15,35.2742606369408
20240605,39.3,39.3,39.0,39.15,17799440,696045705,8804, 0.00,35.2742606369408
20240606,39.05,39.4,39.05,39.3,21439410,840645160,8832,+0.15,35.40941106083714
20240607,39.3,39.5,39.1,39.35,20745923,814257249,7934,+0.05,35.45446120213591
20240611,39.1,39.45,39.1,39.2,22605220,888594220,9788,-0.15,35.31931077823958
20240612,39.2,39.4,39.2,39.25,17117616,674382047,7654,+0.05,35.364360919538356
20240613,39.35,39.55,39.35,39.45,13638296,538202024,7357,+0.20,35.544561484733464
20240614,39.45,39.6,39.35,39.55,7197218,284492552,3928,+0.10,35.634661767331
20240617,39.6,39.9,39.6,39.8,7951926,316312666,5384,+0.25,35.85991247382488
20240618,39.9,40.1,39.85,40.1,14745226,589323858,6691,+0.30,36.13021332161753
20240619,40.1,40.2,39.9,39.95,18811937,753310444,8541,-0.15,35.995062897721205
20240620,40.0,40.05,39.7,40.0,18097367,722123979,8362,+0.05,36.040113039019985
20240621,40.0,40.15,39.9,40.0,35572235,1423545524,5981, 0.00,36.040113039019985
20240624,40.0,40.35,39.8,40.35,30122330,1212726638,10207,+0.35,36.355464028111406
20240625,40.6,40.7,40.3,40.65,30271979,1229435409,10886,+0.30,36.62576487590406
20240626,40.65,40.7,40.2,40.25,27049548,1091934264,12022,-0.40,36.26536374551386
20240627,39.85,40.25,39.8,40.25,28818933,1156122465,8498, 0.00,36.26536374551386
20240628,40.25,40.7,40.25,40.4,14215519,575505866,4966,+0.15,36.40051416941018
20240701,40.4,40.8,40.3,40.75,15593450,633303323,6915,+0.35,36.71586515850161
20240702,40.35,41.0,40.3,40.75,24071961,982094183,11622, 0.00,36.71586515850161
20240703,40.75,42.8,40.65,42.75,98710550,4174700873,29945,+2.00,38.51787081045261
20240704,42.55,42.6,41.85,41.95,31839960,1340551362,23189,-0.80,37.79706854967221
20240705,42.0,42.4,41.9,42.1,18854552,793636602,14764,+0.15,37.93221897356853
20240708,42.1,42.4,41.9,42.1,15947072,671239539,10880, 0.00,37.93221897356853
20240709,42.1,42.2,41.4,41.65,19767855,825102920,17183,-0.45,37.52676770187956
20240710,42.15,42.5,41.6,41.65,18804421,786526457,9459, 0.00,37.52676770187956
20240711,42.0,42.4,41.75,41.75,21963656,921863053,10232,+0.10,37.6168679844771
20240712,41.75,42.35,41.75,42.05,22991826,965904954,8699,+0.30,37.88716883226976
20240715,42.25,42.3,41.75,41.95,14864454,623108958,7452,-0.10,37.79706854967221
20240716,41.95,42.1,41.75,41.85,17005651,712883602,6336,-0.10,37.70696826707466
20240717,41.85,42.2,41.65,41.9,19870901,834526480,7583,+0.05,37.752018408373424
20240718,42.1,42.75,41.85,42.75,34237121,1456483164,14776,+0.85,38.51787081045261
20240719,42.4,42.6,41.7,42.25,26367697,1111168861,14962,-0.50,38.06736939746485
20240722,41.9,42.45,41.6,42.45,26668974,1122815186,11335,+0.20,38.24756996265995
20240723,42.4,42.9,42.3,42.75,17643240,752751704,8247,+0.30,38.51787081045261
20240726,42.35,42.75,42.15,42.7,18527477,787514069,10725,-0.05,38.47282066915383
20240729,42.8,43.35,42.75,43.3,27688630,1195867231,11862,+0.60,39.01342236473913
20240730,43.2,43.2,42.4,42.75,22628170,967127297,10489,-0.55,38.51787081045261
20240731,42.5,43.2,42.4,43.2,25347145,1089316528,8850,+0.45,38.92332208214158
20240801,43.2,43.3,43.05,43.3,20184392,872749271,12932,+0.10,39.01342236473913
20240802,42.5,43.0,42.05,42.6,22407346,952377537,11123,-0.70,38.38272038655629
20240805,41.5,41.95,40.15,40.9,33890657,1393615934,17989,-1.70,36.85101558239793
20240806,41.05,42.0,40.0,41.8,35737015,1475569195,13123,+0.90,37.66191812577588
20240807,41.05,41.75,41.05,41.55,44557026,1843298477,18557,-0.25,37.436667419282
20240808,38.0,38.35,37.65,38.1,74093305,2807936441,45132,X0.00,36.682325581395354
20240809,38.2,39.1,38.2,38.85,55102965,2141360398,22070,+0.75,37.40441860465116
20240812,39.1,39.6,39.0,39.4,29160064,1145344937,13464,+0.55,37.93395348837209
20240813,39.4,39.4,38.5,38.7,33933978,1311970872,22590,-0.70,37.260000000000005
20240814,39.0,39.4,38.7,38.9,27657364,1077674691,12248,+0.20,37.45255813953488
20240815,39.25,39.3,38.2,38.35,28888196,1113538626,16581,-0.55,36.92302325581395
20240816,38.85,39.1,38.7,39.0,27192845,1058167415,11113,+0.65,37.54883720930233
20240819,39.1,39.15,38.65,38.65,15976342,620068514,8572,-0.35,37.21186046511628
20240820,38.95,39.0,38.65,39.0,15975364,621000918,7111,+0.35,37.54883720930233
20240821,39.05,39.05,38.6,38.9,22690923,878428289,10681,-0.10,37.45255813953488
20240822,38.85,39.0,38.7,39.0,10514731,408563374,4144,+0.10,37.54883720930233
20240823,39.0,39.05,38.75,39.05,9345647,364232050,4319,+0.05,37.596976744186044
20240826,39.15,39.7,39.05,39.6,18103042,714702209,7323,+0.55,38.12651162790698
20240827,39.4,39.75,39.2,39.75,9004556,355954192,4543,+0.15,38.270930232558136
20240828,39.55,39.7,39.2,39.3,17566635,691109739,7849,-0.45,37.83767441860465
20240829,39.35,39.35,38.9,38.9,16027873,625894069,6775,-0.40,37.45255813953488
20240830,38.95,39.2,38.75,38.95,32301527,1256720318,8150,+0.05,37.50069767441861
20240902,39.05,39.15,38.95,39.05,7530992,294047042,3137,+0.10,37.596976744186044
20240903,39.05,39.05,38.8,38.95,11083651,431528964,4844,-0.10,37.50069767441861
20240904,37.2,38.5,37.15,38.0,36526596,1386997261,17773,-0.95,36.586046511627906
20240905,38.15,38.65,38.15,38.55,13427282,516485658,5489,+0.55,37.11558139534883
20240906,38.55,38.95,38.25,38.9,11832769,458611249,6038,+0.35,37.45255813953488
20240909,38.0,39.1,38.0,39.1,19130269,740709720,6891,+0.20,37.64511627906977
20240910,38.8,39.35,38.65,39.35,21393468,837083208,7523,+0.25,37.88581395348837
20240911,39.25,39.25,38.85,38.95,13605445,530721439,6416,-0.40,37.50069767441861
20240912,39.35,39.35,38.85,39.0,12877566,503283447,4976,+0.05,37.54883720930233
20240913,39.25,39.25,38.95,39.15,7347051,287191657,8172,+0.15,37.693255813953485
20240916,39.15,39.35,39.0,39.35,9394134,368505306,5860,+0.20,37.88581395348837
20240918,39.25,39.4,39.15,39.4,14953746,588529240,7392,+0.05,37.93395348837209
20240919,39.45,39.5,39.2,39.25,13008173,512097608,5696,-0.15,37.78953488372093
20240920,39.3,39.6,39.3,39.35,25562504,1007093178,6682,+0.10,37.88581395348837
20240923,39.55,39.75,39.4,39.7,17513328,694134062,6442,+0.35,38.22279069767442
20240924,39.5,39.8,39.4,39.8,12360850,490531692,5839,+0.10,38.31906976744186
20240925,39.9,39.9,39.6,39.85,17988793,715684733,8335,+0.05,38.367209302325584
20240926,40.0,40.0,39.7,40.0,15883097,634474468,6166,+0.15,38.51162790697674
20240927,40.2,40.2,39.25,39.45,22812947,901279670,10837,-0.55,37.982093023255814
20240930,39.65,39.75,39.3,39.3,14715996,580733074,6063,-0.15,37.83767441860465
20241001,39.4,39.55,39.2,39.45,7076403,278743135,3872,+0.15,37.982093023255814
20241004,38.9,39.3,38.9,38.95,16743940,653748895,8046,-0.50,37.50069767441861
20241007,38.95,39.4,38.9,39.3,13417583,524640820,6817,+0.35,37.83767441860465
20241008,38.95,39.15,38.7,38.85,21119387,820645938,7551,-0.45,37.40441860465116
20241009,38.95,39.1,38.65,38.65,10965767,425531616,5015,-0.20,37.21186046511628
20241011,38.8,39.2,38.75,38.8,11345572,441847568,5119,+0.15,37.35627906976744
20241014,39.0,39.15,38.8,38.9,7822776,304755694,4996,+0.10,37.45255813953488
20241015,39.0,39.4,38.9,39.3,22232229,871607326,8789,+0.40,37.83767441860465
20241016,38.9,39.25,38.9,39.1,16490550,643937012,6812,-0.20,37.64511627906977
20241017,39.0,39.5,39.0,39.45,8446912,332159323,4258,+0.35,37.982093023255814
20241018,39.6,39.8,39.45,39.8,19084482,756754790,8176,+0.35,38.31906976744186
20241021,39.9,39.9,39.2,39.3,13425443,528967928,14797,-0.50,37.83767441860465
20241022,39.3,39.4,39.05,39.4,14044835,551546043,6997,+0.10,37.93395348837209
20241023,39.3,39.3,38.8,38.9,12379824,482525393,7569,-0.50,37.45255813953488
20241024,38.9,39.1,38.75,38.85,15121991,587442036,4535,-0.05,37.40441860465116
20241025,39.0,39.15,38.85,38.9,5647468,219974708,3463,+0.05,37.45255813953488
20241028,39.0,39.25,38.9,39.25,8854961,346637458,4424,+0.35,37.78953488372093
20241029,38.95,39.25,38.9,39.1,13931828,544485041,5781,-0.15,37.64511627906977
20241030,39.35,39.4,39.0,39.3,17434074,684248422,4072,+0.20,37.83767441860465
20241101,38.8,38.9,38.6,38.65,25831541,1000322791,12555,-0.65,37.21186046511628
20241104,38.7,39.35,38.65,39.35,12152048,475861028,5394,+0.70,37.88581395348837
20241105,39.1,39.4,39.05,39.4,10161896,399295468,7576,+0.05,37.93395348837209
20241106,39.1,39.45,39.0,39.0,12706737,498067988,6343,-0.40,37.54883720930233
20241107,38.85,39.5,38.85,39.1,10497606,411065518,4851,+0.10,37.64511627906977
20241108,39.4,39.45,39.1,39.1,10615216,416358135,6911, 0.00,37.64511627906977
20241111,39.1,39.3,39.1,39.2,13877665,543812926,9819,+0.10,37.74139534883721
20241112,38.8,39.35,38.8,39.15,24312995,951083669,7300,-0.05,37.693255813953485
20241113,38.9,39.4,38.85,39.3,18239623,714778750,7388,+0.15,37.83767441860465
20241114,38.95,39.35,38.9,39.0,19672134,769072546,10083,-0.30,37.54883720930233
20241115,39.1,39.4,39.1,39.25,20269210,795566240,7411,+0.25,37.78953488372093
20241118,39.3,39.75,39.3,39.7,22769220,901457913,9605,+0.45,38.22279069767442
20241119,39.5,40.0,39.5,39.95,19715287,786026934,6812,+0.25,38.463488372093025
20241120,39.65,40.0,39.6,39.95,17668528,705162622,9251, 0.00,38.463488372093025
20241121,39.5,39.7,39.15,39.45,15664520,616392536,15494,-0.50,37.982093023255814
20241122,39.3,39.8,39.25,39.75,11144782,440981124,7627,+0.30,38.270930232558136
20241125,40.0,40.15,39.8,40.15,77653900,3115247368,8955,+0.40,38.656046511627906
20241126,39.9,40.1,39.65,39.95,15495397,618830133,5726,-0.20,38.463488372093025
20241127,39.95,40.55,39.9,40.05,19663154,790622732,8444,+0.10,38.559767441860465
20241128,40.1,40.25,39.85,39.85,16900861,676084421,7346,-0.20,38.367209302325584
20241129,39.6,40.0,39.45,39.75,22112139,879033761,9181,-0.10,38.270930232558136
20241202,39.8,40.05,39.4,39.45,21385247,847539301,13211,-0.30,37.982093023255814
20241203,39.7,40.2,39.5,40.2,15720005,629112928,6767,+0.75,38.70418604651163
20241204,40.15,40.2,39.8,40.2,18074471,724161355,5253, 0.00,38.70418604651163
20241205,40.2,40.3,39.95,40.3,14764915,593420903,5674,+0.10,38.800465116279064
20241206,40.3,40.35,39.9,39.95,13731991,549552254,7378,-0.35,38.463488372093025
20241209,39.7,39.95,39.55,39.95,13322809,530717126,4909, 0.00,38.463488372093025
20241210,39.85,40.1,39.5,39.7,20526207,814360114,7833,-0.25,38.22279069767442
20241211,39.6,39.6,39.2,39.4,22618697,890080117,9195,-0.30,37.93395348837209
20241212,39.4,39.5,39.25,39.45,15376334,605995204,5899,+0.05,37.982093023255814
20241213,39.4,39.5,39.25,39.45,12532585,493570805,4861, 0.00,37.982093023255814
20241216,39.5,39.8,39.4,39.5,17152426,679668096,6449,+0.05,38.03023255813954
20241217,39.5,39.65,39.1,39.2,27981170,1097106825,10585,-0.30,37.74139534883721
20241218,39.1,39.3,38.85,38.85,26484718,1032218544,12989,-0.35,37.40441860465116
20241219,38.6,38.95,38.5,38.65,28344064,1094775668,12167,-0.20,37.21186046511628
20241220,38.5,38.8,38.35,38.6,52702618,2032110019,15243,-0.05,37.16372093023256
20241223,39.0,39.15,38.65,38.65,36057988,1397779896,6677,+0.05,37.21186046511628
20241224,38.95,39.2,38.9,39.1,28777406,1124007548,4741,+0.45,37.64511627906977
20241225,39.3,39.3,38.7,38.85,28005607,1088607438,7528,-0.25,37.40441860465116
20241226,38.85,39.0,38.7,38.75,25959849,1006545984,6824,-0.10,37.30813953488372
20241227,38.7,38.9,38.7,38.85,5330272,206846861,3476,+0.10,37.40441860465116
20241230,38.8,39.05,38.75,38.8,10393710,404073521,4977,-0.05,37.35627906976744
20241231,38.6,38.8,38.6,38.7,14480192,560043412,6314,-0.10,37.260000000000005
20250102,38.6,38.7,38.1,38.1,33213424,1270909428,17108,-0.60,36.682325581395354
20250103,38.3,38.6,38.3,38.4,8003516,307909092,4200,+0.30,36.971162790697676
20250106,38.65,38.95,38.6,38.8,14964773,580710708,7897,+0.40,37.35627906976744
20250107,38.8,38.95,38.55,38.55,12533893,484348055,5912,-0.25,37.11558139534883
20250108,38.7,38.8,38.45,38.7,12668938,489736557,5897,+0.15,37.260000000000005
20250109,38.55,38.9,38.55,38.6,10242218,396631817,4846,-0.10,37.16372093023256
20250110,38.35,38.75,38.35,38.45,15990362,615139053,6814,-0.15,37.0193023255814
20250113,38.45,38.7,38.1,38.45,21316855,819471499,8581, 0.00,37.0193023255814
20250114,38.45,38.95,38.45,38.9,11470604,444628983,4447,+0.45,37.45255813953488
20250115,38.9,39.05,38.8,38.9,11502013,447285519,7171, 0.00,37.45255813953488
20250116,39.05,39.25,38.9,39.1,14591852,570448191,5406,+0.20,37.64511627906977
20250117,39.1,39.15,38.8,38.8,10701382,417486471,5057,-0.30,37.35627906976744
20250120,39.0,39.05,38.65,38.7,8271523,320944577,4272,-0.10,37.260000000000005
20250121,38.7,39.1,38.7,38.95,7164987,279200084,3229,+0.25,37.50069767441861
20250122,38.85,39.0,38.65,38.7,19498380,756201830,8079,-0.25,37.260000000000005
20250203,38.7,39.25,38.7,39.15,25943014,1012641876,10308,+0.45,37.693255813953485
20250204,39.3,39.3,38.7,38.7,15125200,588242606,9674,-0.45,37.260000000000005
20250205,39.1,39.25,38.7,38.7,11928966,463774695,5346, 0.00,37.260000000000005
20250206,38.8,39.0,38.75,39.0,8215229,319746501,3623,+0.30,37.54883720930233
20250207,39.15,39.25,38.8,38.85,9823490,382691117,5297,-0.15,37.40441860465116
20250210,38.75,38.8,38.5,38.7,15350273,593331792,7796,-0.15,37.260000000000005
20250211,38.7,38.85,38.4,38.5,18103612,697787883,8888,-0.20,37.06744186046512
20250212,38.5,38.7,38.5,38.7,9541291,368499342,3913,+0.20,37.260000000000005
20250213,38.8,38.9,38.65,38.75,9752859,378460718,4116,+0.05,37.30813953488372
20250214,38.8,38.95,38.65,38.8,13392664,519824727,5780,+0.05,37.35627906976744
20250217,39.0,39.1,38.8,38.9,14824570,578302772,7712,+0.10,37.45255813953488
20250218,38.9,39.2,38.9,39.2,15658214,612068124,6822,+0.30,37.74139534883721
20250219,39.2,39.3,38.95,39.15,15087807,590389022,7060,-0.05,37.693255813953485
20250220,39.15,39.35,39.0,39.3,12194809,478845941,5136,+0.15,37.83767441860465
20250221,39.15,39.4,39.15,39.4,15672434,616646931,4458,+0.10,37.93395348837209
20250224,39.3,39.45,39.2,39.35,10827631,426063243,4681,-0.05,37.88581395348837
20250225,38.85,39.65,38.85,39.45,13866093,546490321,5992,+0.10,37.982093023255814
20250226,39.2,39.95,39.2,39.95,19713906,783606139,7435,+0.50,38.463488372093025
20250227,39.9,40.0,39.6,39.65,26494541,1053652418,6263,-0.30,38.174651162790695
20250303,39.65,40.2,39.6,40.15,23231228,929555107,11164,+0.50,38.656046511627906
20250304,39.75,40.0,39.6,39.7,22337503,889175694,10777,-0.45,38.22279069767442
20250305,40.0,40.1,39.6,39.6,15760007,627397658,7091,-0.10,38.12651162790698
20250306,39.55,40.0,39.55,39.65,9472032,376536947,6881,+0.05,38.174651162790695
20250307,39.75,39.85,39.5,39.5,11808895,467936668,5953,-0.15,38.03023255813954
20250310,39.5,39.95,39.3,39.75,14652526,582087594,8070,+0.25,38.270930232558136
20250311,39.2,39.8,39.1,39.5,23056293,910131831,9307,-0.25,38.03023255813954
20250312,39.5,39.7,39.3,39.3,11638485,458485997,5608,-0.20,37.83767441860465
20250313,39.35,39.8,39.35,39.6,12984267,515111105,4003,+0.30,38.12651162790698
20250314,39.8,39.9,39.4,39.65,11084451,439585617,5133,+0.05,38.174651162790695
20250317,39.65,39.85,39.55,39.6,12715527,504482857,6038,-0.05,38.12651162790698
20250318,39.7,40.0,39.7,39.85,11223954,446939801,4157,+0.25,38.367209302325584
20250319,39.9,40.0,39.65,39.65,12764184,507809984,5230,-0.20,38.174651162790695
20250320,39.9,40.0,39.65,39.85,11021853,439307008,4434,+0.20,38.367209302325584
20250321,39.65,40.15,39.65,39.7,25672391,1021717455,5894,-0.15,38.22279069767442
20250324,39.85,40.1,39.85,39.95,10937178,437161145,6160,+0.25,38.463488372093025
20250325,39.95,40.15,39.7,39.7,13147033,524975878,7037,-0.25,38.22279069767442
20250326,39.7,40.0,39.7,39.9,10343882,412905033,4919,+0.20,38.4153488372093
20250327,40.2,40.2,39.85,40.15,18772385,752527756,7268,+0.25,38.656046511627906
20250328,40.1,40.4,39.8,40.3,19469575,781983112,9254,+0.15,38.800465116279064
20250331,39.85,40.4,39.65,39.9,33749848,1349111783,10374,-0.40,38.4153488372093
20250401,39.95,40.2,39.7,39.7,15382670,613402824,9513,-0.20,38.22279069767442
20250402,39.55,39.85,39.5,39.5,12365309,489364606,7083,-0.20,38.03023255813954
20250407,35.55,36.85,35.55,35.55,50299192,1804487548,32272,-3.95,34.227209302325576
20250408,37.2,38.65,36.25,38.25,53233367,2009439651,26692,+2.70,36.82674418604651
20250409,39.2,39.3,36.45,36.85,49844453,1882656299,25102,-1.40,35.47883720930233
20250410,39.5,39.8,38.05,38.05,53850323,2089174035,22986,+1.20,36.63418604651162
20250411,38.0,38.55,37.8,38.2,29140925,1109253644,12660,+0.15,36.778604651162794
20250414,37.95,38.3,37.8,37.8,21898049,830995776,11018,-0.40,36.39348837209302
20250415,37.85,38.05,37.7,37.7,16184755,611435270,9873,-0.10,36.297209302325584
20250416,37.5,37.8,37.1,37.5,19033234,713014232,11840,-0.20,36.104651162790695
20250417,37.55,37.65,37.3,37.3,15184777,569235253,5589,-0.20,35.912093023255814
20250418,37.65,37.65,37.1,37.55,10831182,404554669,6654,+0.25,36.15279069767442
20250421,37.3,37.7,37.2,37.7,8132550,305468974,4785,+0.15,36.297209302325584
20250422,37.45,37.7,37.2,37.7,13155459,491903742,7645, 0.00,36.297209302325584
20250423,37.6,37.85,37.55,37.85,11134311,420448893,5652,+0.15,36.44162790697675
20250424,37.5,37.85,37.35,37.6,9605981,360259552,5619,-0.25,36.20093023255814
20250425,37.7,37.75,37.4,37.45,9689945,363742846,6182,-0.15,36.05651162790698
20250428,37.45,37.55,37.15,37.3,17500453,652144832,8996,-0.15,35.912093023255814
20250429,37.3,37.6,37.3,37.5,13844118,518986510,6933,+0.20,36.104651162790695
20250430,37.4,37.9,37.3,37.75,20617560,777473210,7001,+0.25,36.3453488372093
20250502,37.9,37.9,37.55,37.6,15565876,586680529,8571,-0.15,36.20093023255814
20250505,37.95,38.4,37.75,38.15,26304326,1001557575,9640,+0.55,36.73046511627907
20250506,38.45,38.6,38.25,38.4,18547151,712524306,7554,+0.25,36.971162790697676
20250507,38.6,38.8,38.5,38.8,14283460,552801979,6331,+0.40,37.35627906976744
20250508,38.8,38.85,38.4,38.8,15660605,606452374,7189, 0.00,37.35627906976744
20250509,38.6,39.2,38.55,38.95,19324670,752831420,11893,+0.15,37.50069767441861
20250512,39.45,39.85,39.0,39.85,18054682,715155371,11677,+0.90,38.367209302325584
20250513,39.15,39.9,39.1,39.5,17023965,674825722,9608,-0.35,38.03023255813954
20250514,40.0,40.1,39.75,40.0,19709072,787998019,7888,+0.50,38.51162790697674
20250515,40.5,40.8,40.2,40.7,32869815,1332749379,13180,+0.70,39.18558139534884
20250516,40.3,40.85,40.25,40.85,17925073,729042490,9020,+0.15,39.33
20250519,40.45,41.2,40.2,41.2,27565688,1130407106,12559,+0.35,39.66697674418605
20250520,41.3,41.3,40.8,41.3,35386452,1453898786,16062,+0.10,39.763255813953485
20250521,41.0,41.15,40.5,41.15,34518949,1413026386,14719,-0.15,39.61883720930233
20250522,40.6,40.75,39.7,40.0,28715915,1148712709,26457,-1.15,38.51162790697674
20250523,39.7,40.65,39.6,40.65,22512368,904427046,11397,+0.65,39.13744186046512
20250526,40.55,40.65,39.95,40.65,23387324,943705437,13931, 0.00,39.13744186046512
20250527,40.5,40.5,39.9,40.0,33967137,1359428361,14619,-0.65,38.51162790697674
20250528,40.1,40.2,39.75,40.1,32116935,1284471804,12824,+0.10,38.60790697674419
20250529,40.1,40.1,39.6,39.65,57001193,2262485016,17908,-0.45,38.174651162790695
20250602,39.45,39.65,38.9,39.1,26490157,1036658550,27231,-0.55,37.64511627906977
20250603,39.15,39.65,39.0,39.4,18464765,725440900,8109,+0.30,37.93395348837209
20250604,39.4,39.95,39.25,39.85,20016448,795297399,7741,+0.45,38.367209302325584
20250605,39.5,40.05,39.5,39.7,18800672,749410379,7763,-0.15,38.22279069767442
20250606,39.95,40.2,39.75,40.2,10217291,409694415,6288,+0.50,38.70418604651163
20250609,40.2,40.3,40.0,40.1,9648275,387553973,8761,-0.10,38.60790697674419
20250610,39.9,40.5,39.9,40.05,12934753,520185226,7601,-0.05,38.559767441860465
20250611,39.85,40.15,39.8,40.15,11427334,457593536,5506,+0.10,38.656046511627906
20250612,40.15,40.5,40.15,40.4,10823102,436970773,4545,+0.25,38.89674418604651
20250613,39.9,40.95,39.9,40.85,23771203,969015421,11323,+0.45,39.33
20250616,40.8,40.95,40.4,40.75,13757283,559931646,8100,-0.10,39.23372093023256
20250617,40.8,40.9,40.6,40.6,13973915,569610579,7555,-0.15,39.0893023255814
20250618,40.7,40.9,40.45,40.75,13008731,529460711,9601,+0.15,39.23372093023256
20250619,40.5,40.95,40.4,40.4,16296675,661452840,9005,-0.35,38.89674418604651
20250620,40.5,40.75,40.35,40.35,21011431,849402674,7928,-0.05,38.848604651162795
20250623,40.15,40.35,39.95,40.15,17351893,697179646,6522,-0.20,38.656046511627906
20250624,40.8,41.05,40.5,40.55,17570178,715078566,5908,+0.40,39.04116279069767
20250625,41.0,41.05,40.8,40.95,25144911,1030126713,11225,+0.40,39.426279069767446
20250626,41.1,41.55,40.65,40.95,28547021,1174087232,12605, 0.00,39.426279069767446
20250627,40.8,41.3,40.75,41.15,30618581,1255520296,9296,+0.20,39.61883720930233
20250630,40.7,41.35,40.7,41.05,26079388,1072426801,7396,-0.10,39.52255813953488
20250701,40.8,41.55,40.65,41.55,52095620,2143934732,23232,+0.50,40.00395348837209
20250702,41.05,41.75,41.05,41.75,27594131,1142387946,12169,+0.20,40.19651162790698
20250703,41.8,41.8,41.1,41.7,29161615,1209277484,17420,-0.05,40.148372093023255
20250704,41.7,42.1,40.55,41.25,134765822,5538844082,40555,-0.45,39.71511627906977
20250707,41.2,42.1,41.2,42.0,39658536,1660978357,12883,+0.75,40.437209302325584
20250708,42.05,42.35,41.95,42.35,26551897,1119816584,11181,+0.35,40.77418604651163
20250709,42.05,42.2,41.6,41.95,16181769,677514197,8911,-0.40,40.38906976744186
20250710,41.55,42.35,41.45,42.3,20133312,846087662,12580,+0.35,40.72604651162791
20250711,42.25,42.5,42.2,42.5,16101604,682705309,5470,+0.20,40.91860465116279
20250714,42.3,42.6,42.15,42.5,14301237,606506204,6633, 0.00,40.91860465116279
20250715,42.05,42.4,41.65,42.0,20206852,846534448,21236,-0.50,40.437209302325584
20250716,41.75,42.25,41.6,42.2,20113146,845927880,12492,+0.20,40.629767441860466
20250717,42.2,42.25,41.75,42.05,19643402,824152706,9716,-0.15,40.4853488372093
20250718,42.15,42.2,41.85,42.2,17855416,750650174,6638,+0.15,40.629767441860466
20250721,42.2,42.4,42.05,42.25,17346997,733139335,8421,+0.05,40.67790697674418
20250722,42.25,42.8,42.15,42.7,21233853,904598051,9806,+0.45,41.111162790697676
20250723,42.85,42.95,42.3,42.9,18364976,785962694,11229,+0.20,41.30372093023256
20250724,42.65,42.9,42.55,42.85,15845059,678029729,7784,-0.05,41.25558139534884
20250725,42.7,43.0,42.7,42.75,18297132,784990425,9102,-0.10,41.15930232558139
20250728,42.85,42.9,42.65,42.75,15805730,676536035,8272, 0.00,41.15930232558139
20250729,42.6,42.8,42.45,42.65,14034154,598797282,8408,-0.10,41.06302325581395
20250730,42.7,43.2,42.7,42.85,25878867,1114498415,12808,+0.20,41.25558139534884
20250731,42.5,42.95,42.35,42.6,26739223,1140773739,10430,-0.25,41.014883720930236
20250801,42.4,42.85,42.4,42.65,17819279,760761534,10922,+0.05,41.06302325581395
20250804,42.65,43.0,42.6,42.95,21956703,942098298,11189,+0.30,41.35186046511628
20250805,42.95,43.2,42.85,42.85,31494848,1354204239,14401,-0.10,41.25558139534884
20250806,42.85,43.0,42.75,43.0,24483927,1051610763,10420,+0.15,41.4
20250807,41.2,41.55,40.3,40.6,45592086,1854071830,52698,X0.00,40.6
20250808,40.6,40.75,40.25,40.6,22222419,898765366,9910, 0.00,40.6
20250811,40.5,40.85,40.5,40.85,20406072,830865594,6833,+0.25,40.85
20250812,41.2,41.95,41.2,41.5,23152344,963187144,9829,+0.65,41.5
20250813,41.7,41.95,41.45,41.95,14092561,589300901,9307,+0.45,41.95
20250814,42.0,42.9,41.95,42.8,17495368,745606285,7180,+0.85,42.8
20250815,42.8,42.8,42.3,42.3,10465300,444685850,10165,-0.50,42.3
20250818,42.3,43.0,41.95,42.75,19616350,832702221,14972,+0.45,42.75
20250819,42.3,42.55,42.2,42.25,5225274,221035167,6375,-0.50,42.25
20250820,42.4,42.45,41.8,41.8,14607077,612733398,10849,-0.45,41.8
20250821,42.1,42.15,41.25,41.55,18199844,755959862,20747,-0.25,41.55
20250822,41.4,41.8,40.95,41.05,17171169,705976561,8447,-0.50,41.05
20250825,41.4,41.5,40.8,41.0,13235170,542111864,5922,-0.05,41.0
20250826,41.0,41.0,40.05,40.05,43870578,1767436849,9499,-0.95,40.05
20250827,40.15,40.6,40.15,40.25,16177057,652582906,7210,+0.20,40.25
20250828,40.25,40.85,40.25,40.35,19362789,784792905,7871,+0.10,40.35
20250829,40.45,40.5,39.95,40.05,25595810,1026762470,10320,-0.30,40.05
20250901,40.4,41.05,40.35,40.8,18431876,752791446,6958,+0.75,40.8
20250902,40.8,41.1,40.7,41.1,8411490,344826085,4802,+0.30,41.1
20250903,41.0,41.3,41.0,41.1,6974459,286465507,4158, 0.00,41.1
20250904,41.1,41.4,41.0,41.1,11588591,477156309,5240, 0.00,41.1
20250905,41.1,41.4,41.05,41.25,8527592,351370001,8737,+0.15,41.25
20250908,41.1,41.15,40.85,40.85,7944728,325369548,5190,-0.40,40.85
20250909,40.95,41.4,40.85,41.4,12680100,523591768,5918,+0.55,41.4
20250910,41.3,41.7,41.2,41.55,13741646,570144581,5964,+0.15,41.55
20250911,41.45,41.65,41.35,41.5,12330449,511556783,7511,-0.05,41.5
20250912,41.5,41.65,41.3,41.55,10380405,430300474,7696,+0.05,41.55
20250915,41.75,41.8,41.3,41.45,10990025,456437721,5630,-0.10,41.45
20250916,41.55,41.7,41.15,41.25,8910046,367823640,6058,-0.20,41.25
20250917,41.15,41.3,41.0,41.25,8664688,356723544,5788, 0.00,41.25
20250918,41.4,41.45,40.95,41.45,11877335,489933377,6597,+0.20,41.45
20250919,41.5,41.75,41.2,41.75,19608643,816175632,8060,+0.30,41.75
20250922,41.8,41.8,41.4,41.6,14786556,614623698,11350,-0.15,41.6
20250923,41.5,41.7,41.4,41.7,12556556,522625097,6721,+0.10,41.7
20250924,41.7,41.95,41.6,41.95,13447589,562602506,7931,+0.25,41.95
20250925,42.05,42.25,41.75,41.95,16938940,710286760,9491, 0.00,41.95
20250926,41.95,42.1,41.65,42.0,13872517,581222943,7669,+0.05,42.0
20250930,42.4,42.5,42.05,42.5,22411686,949689979,8226,+0.50,42.5
20251001,42.45,42.45,42.1,42.3,12989309,548528504,9766,-0.20,42.3
20251002,42.3,42.4,42.05,42.05,13554275,572051012,8156,-0.25,42.05
20251003,42.2,42.2,41.7,41.8,11019652,460572250,10476,-0.25,41.8
20251007,41.55,42.0,41.4,41.85,14233417,594776644,6081,+0.05,41.85
20251008,42.0,42.15,41.8,41.95,7464390,313230669,5711,+0.10,41.95
20251009,41.95,42.05,41.75,42.0,10451347,437731892,7610,+0.05,42.0
20251013,42.0,42.0,41.1,41.65,20405256,847977402,8592,-0.35,41.65
20251014,41.5,42.25,41.5,42.1,17168431,722142462,6417,+0.45,42.1
20251015,42.1,42.1,41.65,42.0,18901781,791060533,15067,-0.10,42.0
20251016,41.95,42.2,41.75,41.85,14023965,587571148,4971,-0.15,41.85
20251017,41.95,42.15,41.55,41.55,10665499,444733094,4046,-0.30,41.55
20251020,41.85,41.9,41.35,41.75,7468624,310899856,3570,+0.20,41.75
20251021,41.9,41.95,41.65,41.8,6245685,260919317,4136,+0.05,41.8
20251022,41.6,41.95,41.5,41.75,10357916,431933449,7351,-0.05,41.75
20251023,41.5,41.75,41.45,41.55,11285987,468958521,4586,-0.20,41.55
20251027,41.85,41.9,40.95,41.2,27607159,1137173845,13512,-0.35,41.2
20251028,41.35,41.4,40.85,40.95,14350679,587617573,7078,-0.25,40.95
20251029,40.95,41.1,40.55,40.7,15003414,610653699,8559,-0.25,40.7
20251030,40.65,40.95,40.45,40.95,23321529,948279020,10549,+0.25,40.95
20251031,41.2,41.25,40.35,40.4,22242244,900481430,11083,-0.55,40.4
20251103,40.45,40.65,40.3,40.4,21063259,851714276,9863, 0.00,40.4
20251104,40.4,40.7,40.4,40.65,13291555,538749010,6172,+0.25,40.65
20251105,40.6,40.8,40.05,40.8,15357513,621379741,10571,+0.15,40.8
20251106,41.0,41.0,40.3,40.45,22346103,906885742,8885,-0.35,40.45
20251107,40.4,40.7,40.3,40.3,12782820,516261455,7140,-0.15,40.3
20251110,40.65,40.65,40.2,40.45,10829901,437617273,5268,+0.15,40.45
20251111,40.3,40.45,40.2,40.25,10333905,416345526,6191,-0.20,40.25
20251112,40.5,40.65,40.2,40.2,16949901,682682091,7177,-0.05,40.2
20251113,40.2,40.25,40.0,40.0,15089668,604207373,8396,-0.20,40.0
20251114,39.95,40.2,39.7,39.9,13088916,522447165,7936,-0.10,39.9
20251117,39.9,40.0,39.4,39.55,20996010,830726533,9922,-0.35,39.55
20251118,39.3,39.7,39.25,39.4,23573235,930937937,8016,-0.15,39.4
20251119,39.8,39.8,38.95,38.95,25065584,979485634,12783,-0.45,38.95
20251120,39.2,39.65,39.05,39.65,16364159,646672225,5614,+0.70,39.65
20251121,39.65,39.85,39.15,39.5,20466488,809347657,7240,-0.15,39.5
20251124,39.7,40.35,39.6,40.35,58531506,2353304101,12426,+0.85,40.35
20251125,40.05,40.15,39.45,39.55,21955610,870677285,12885,-0.80,39.55
20251126,40.0,40.3,39.9,40.3,17610261,707006426,6560,+0.75,40.3
20251127,40.1,40.7,40.1,40.55,14478422,585939780,6249,+0.25,40.55
20251128,40.4,40.55,40.05,40.1,11253101,452074226,9430,-0.45,40.1
20251201,39.8,40.5,39.8,40.3,15397229,620932712,5329,+0.20,40.3
20251202,40.1,40.55,40.1,40.2,18039547,726410226,5277,-0.10,40.2
20251203,40.2,40.35,39.9,40.1,10532830,422191164,8540,-0.10,40.1
20251204,40.05,40.55,40.05,40.55,17527922,707161775,3809,+0.45,40.55
20251205,40.4,40.85,40.4,40.85,5828872,237156349,6075,+0.30,40.85
20251208,40.75,40.75,40.35,40.55,7270174,294693438,6347,-0.30,40.55
20251209,40.25,40.7,40.25,40.7,10612282,430605748,3893,+0.15,40.7
20251210,40.7,40.8,40.5,40.65,6339751,257782199,4038,-0.05,40.65
20251211,40.8,40.9,40.45,40.9,10538858,429445868,5264,+0.25,40.9
20251212,40.95,41.45,40.85,41.15,16862690,694510000,6392,+0.25,41.15
20251215,41.1,41.7,40.85,41.45,17169479,710824383,8170,+0.30,41.45
20251216,40.4,40.95,40.2,40.35,37571748,1523884298,33170,-1.10,40.35
20251217,40.55,41.0,40.3,40.35,32692086,1325110393,13913, 0.00,40.35
20251218,40.35,40.8,40.2,40.4,35983359,1456299633,16304,+0.05,40.4
20251219,40.25,41.05,40.25,40.6,37442480,1525776957,12081,+0.20,40.6
20251222,40.65,41.2,40.65,41.2,31909988,1308681921,8471,+0.60,41.2
20251223,41.05,41.2,40.7,40.95,12647133,517567182,10978,-0.25,40.95
20251224,40.95,40.95,40.6,40.7,11623819,473980539,14108,-0.25,40.7
20251226,40.7,40.85,40.4,40.6,14331078,581356786,7527,-0.10,40.6
20251229,40.6,40.6,40.25,40.35,11127674,448755603,7262,-0.25,40.35
20251230,40.35,40.45,40.15,40.15,15191549,612052255,6840,-0.20,40.15
20251231,40.25,40.45,40.0,40.0,10664794,428407210,6224,-0.15,40.0
20260102,40.0,40.4,39.95,40.3,10256403,412538179,5050,+0.30,40.3
20260105,40.25,40.6,40.1,40.3,12584916,508129433,8469, 0.00,40.3
20260106,40.6,40.85,40.45,40.55,17266333,701292276,7433,+0.25,40.55
20260107,40.55,40.55,40.2,40.35,14824905,598003221,8838,-0.20,40.35
20260108,40.35,40.6,40.25,40.45,16296511,658930293,4422,+0.10,40.45
20260109,40.5,40.95,40.4,40.65,13684490,555999878,6232,+0.20,40.65
20260112,40.65,40.65,40.25,40.3,13307479,536795214,9236,-0.35,40.3
20260113,40.6,40.6,40.3,40.4,13496293,545276785,5473,+0.10,40.4
20260114,40.6,40.6,40.15,40.5,15246374,615187590,8038,+0.10,40.5
20260115,40.5,40.75,40.45,40.65,14115255,573599288,4737,+0.15,40.65
20260116,40.65,41.05,40.6,40.9,19561853,799518477,7127,+0.25,40.9
20260119,40.7,41.1,40.45,40.55,17916670,729963806,16330,-0.35,40.55
20260120,40.55,40.55,40.0,40.0,24827528,998189480,14260,-0.55,40.0
20260121,40.0,40.15,39.8,39.8,24333630,971353753,10945,-0.20,39.8
20260122,40.0,40.15,39.75,39.75,21880004,871884146,9112,-0.05,39.75
20260123,39.8,39.9,39.55,39.7,19265480,764363643,10680,-0.05,39.7
20260126,39.75,39.75,39.45,39.55,23947019,946150991,14096,-0.15,39.55
20260127,39.75,39.9,39.45,39.45,24583646,974791452,9144,-0.10,39.45
20260128,39.6,39.75,39.2,39.4,20947112,824648697,12011,-0.05,39.4
20260129,39.2,39.5,39.15,39.35,23288043,914946657,9262,-0.05,39.35
20260130,39.4,39.4,38.6,38.8,49184394,1910359266,25201,-0.55,38.8
20260202,39.05,39.05,38.4,38.8,19821701,765853313,11968, 0.00,38.8
20260203,38.8,39.15,38.8,38.9,11350986,442268275,5283,+0.10,38.9
20260204,39.1,39.65,39.05,39.15,11830851,464502444,5069,+0.25,39.15
20260205,39.3,39.8,39.3,39.7,19290857,764939736,6718,+0.55,39.7
20260206,39.4,39.8,39.35,39.8,14700507,581347619,8789,+0.10,39.8
20260209,39.95,40.0,39.65,39.8,15368518,611751764,7427, 0.00,39.8
20260210,39.8,39.95,39.65,39.8,19517581,777113334,8377, 0.00,39.8
20260211,40.0,40.1,39.85,40.05,25188751,1007961903,12186,+0.25,40.05
20260223,40.65,40.95,40.2,40.95,38043672,1549684645,16871,+0.90,40.95
20260224,40.95,40.95,40.55,40.8,22432478,914910857,8640,-0.15,40.8
20260225,40.8,40.85,40.35,40.55,20413061,828307406,14625,-0.25,40.55
20260226,40.5,40.85,40.35,40.55,30792529,1248873521,10752, 0.00,40.55
20260302,40.8,40.95,40.0,40.2,20905088,842936091,21743,-0.35,40.2
20260303,40.0,40.5,40.0,40.4,19764286,795233766,7877,+0.20,40.4
20260304,39.8,40.15,38.8,38.9,32826311,1283211084,18869,-1.50,38.9
20260305,39.2,39.6,39.0,39.3,17718596,696557042,8244,+0.40,39.3
20260306,39.2,39.5,38.95,39.3,13971381,548941626,4920, 0.00,39.3
20260309,37.85,39.3,37.85,39.2,28174611,1093417968,12084,-0.10,39.2
20260310,39.5,39.65,38.8,39.05,19059883,743911512,8594,-0.15,39.05
20260311,39.05,39.4,39.0,39.3,12315609,483221928,4501,+0.25,39.3
20260312,38.9,39.05,38.6,38.8,24020756,931841803,11876,-0.50,38.8
20260313,38.75,39.15,38.65,38.75,22517289,875241748,7379,-0.05,38.75
20260316,39.0,39.2,38.75,39.0,12795692,498898139,6435,+0.25,39.0
20260317,39.4,39.6,39.1,39.35,17188879,676412802,5237,+0.35,39.35
20260318,39.6,39.6,39.05,39.3,19423414,762922783,7979,-0.05,39.3
20260319,39.05,39.05,38.8,38.95,19892870,773483513,7373,-0.35,38.95
20260320,39.15,39.15,38.7,38.75,30667665,1189978020,8079,-0.20,38.75
20260323,38.2,38.55,37.9,38.35,21636794,829519812,10831,-0.40,38.35
20260324,38.4,39.0,38.35,38.85,19438434,751749685,7821,+0.50,38.85
20260325,39.5,39.5,38.75,39.15,24276477,945988155,10284,+0.30,39.15
20260326,39.4,39.4,38.85,39.1,19802542,773355885,7999,-0.05,39.1
20260327,38.95,39.2,38.7,39.1,26602509,1035128868,10037, 0.00,39.1
20260330,38.2,39.05,38.2,38.65,38777644,1499645086,12426,-0.45,38.65
20260331,38.5,38.9,38.25,38.45,39385674,1514795615,11563,-0.20,38.45
20260401,38.95,39.25,38.65,38.95,25047659,973951190,6957,+0.50,38.95
20260402,39.1,39.3,38.7,39.25,21454526,838044031,10422,+0.30,39.25
20260407,39.25,39.45,39.0,39.4,17518182,687322568,8166,+0.15,39.4
20260408,39.9,39.9,38.9,39.35,27544571,1081248427,8292,-0.05,39.35
20260409,39.35,39.75,39.25,39.75,36354743,1436092482,9368,+0.40,39.75
20260410,39.75,39.9,39.6,39.85,24729687,983396101,7237,+0.10,39.85
20260413,39.85,39.85,39.05,39.3,22752123,894965931,9963,-0.55,39.3
20260414,39.75,39.75,39.15,39.35,15844526,623006119,6024,+0.05,39.35
20260415,39.3,39.6,39.2,39.5,22320064,880802263,8214,+0.15,39.5
20260416,39.65,40.0,39.55,39.95,19884407,792923264,7118,+0.45,39.95
20260417,40.0,40.0,39.25,39.5,19946459,786125908,8010,-0.45,39.5
20260420,39.5,40.0,39.35,39.75,26420417,1049486269,11866,+0.25,39.75
20260421,39.8,39.9,39.05,39.45,34019774,1341186787,21295,-0.30,39.45
20260422,39.35,39.75,39.35,39.5,32171847,1272757318,10338,+0.05,39.5
20260423,39.3,39.8,39.3,39.8,32262365,1278043336,11217,+0.30,39.8
20260424,39.8,39.8,39.45,39.55,28485490,1128449997,8448,-0.25,39.55
20260427,39.35,40.2,39.2,39.8,36974875,1474962996,13937,+0.25,39.8
20260428,39.65,40.2,39.6,40.15,32666223,1306093304,10421,+0.35,40.15
20260429,40.45,40.45,39.8,40.1,19705116,789487399,7044,-0.05,40.1
20260430,39.35,39.95,39.1,39.1,32116300,1265741065,29699,-1.00,39.1
20260504,39.6,39.6,39.0,39.0,22230771,870251541,20010,-0.10,39.0
20260505,39.0,39.3,38.7,39.1,11363742,443793519,8943,+0.10,39.1
20260506,39.4,39.7,39.15,39.55,16708226,659939288,7945,+0.45,39.55
20260507,39.4,40.0,39.4,39.65,20903142,830697629,7279,+0.10,39.65
20260508,40.0,40.2,39.65,40.2,21349073,853951436,8539,+0.55,40.2
20260511,40.2,40.5,40.0,40.1,20510621,824628419,9068,-0.10,40.1
20260512,40.1,40.1,39.2,39.2,23345675,921930193,16359,-0.90,39.2
20260513,39.35,39.8,39.1,39.55,18309724,724365964,7708,+0.35,39.55
20260514,39.25,39.65,39.25,39.3,14378145,566743529,7651,-0.25,39.3
20260515,39.6,40.0,39.35,39.4,14581775,578195673,6382,+0.10,39.4
20260518,39.8,39.85,39.4,39.55,28226050,1118983076,8821,+0.15,39.55
20260519,39.65,41.4,39.65,40.65,58969091,2405455384,20509,+1.10,40.65
20260520,41.0,41.0,40.1,40.3,37143602,1500462527,11606,-0.35,40.3
20260521,40.3,40.5,40.05,40.2,26313308,1061238010,10997,-0.10,40.2
20260522,40.1,40.3,39.9,39.9,28876620,1156261914,11710,-0.30,39.9
20260525,39.9,39.9,39.5,39.5,34301485,1360793758,17446,-0.40,39.5
20260526,39.5,40.05,39.4,39.4,31557374,1250187996,15169,-0.10,39.4
20260527,39.6,39.95,39.4,39.45,29286253,1161289901,9599,+0.05,39.45
20260528,39.8,40.25,39.5,39.8,36810439,1469055679,13440,+0.35,39.8
20260529,40.45,40.85,40.0,40.0,121250792,4866241271,14389,+0.20,40.0
