date,open,high,low,close,volume,turnover,transactions,price_change,close_adj
20100104,46.8,46.8,45.2,45.35,13571560,619672074,3827,-1.05,29.363608827695824
20100105,45.35,45.7,44.0,44.8,12630136,563856560,4116,-0.55,29.00749008777888
20100106,44.1,45.0,44.1,44.6,9712841,432343861,3409,-0.2,28.877992364172734
20100107,44.5,45.3,43.6,43.9,14704785,654549232,3989,-0.7,28.424750331551184
20100108,44.0,44.35,42.7,43.85,16684846,723269616,5168,-0.05,28.392375900649643
20100111,43.85,44.2,43.7,43.9,8183971,359320015,2914,0.05,28.424750331551184
20100112,43.9,44.1,43.3,43.7,5537526,241536027,2467,-0.2,28.295252607945034
20100113,43.05,43.2,42.6,42.8,20654268,886452110,7011,-0.9,27.712512851717328
20100114,43.0,43.5,42.8,43.2,14816924,639254632,4498,0.4,27.971508298929642
20100115,43.3,43.7,42.85,42.9,11191122,482349263,4088,-0.3,27.777261713520407
20100118,42.7,43.4,42.6,42.9,6504855,279793476,2351,0.0,27.777261713520407
20100119,43.8,45.3,43.8,44.5,32170852,1433389010,10547,1.6,28.813243502369648
20100120,45.0,45.3,43.5,43.5,19032354,840573572,6536,-1.0,28.16575488433887
20100121,43.05,43.5,42.2,42.5,11376662,485920313,4560,-1.0,27.518266266308096
20100122,41.6,41.95,40.5,40.55,14093814,579816943,4918,-1.95,26.25566346114808
20100125,39.7,41.35,39.7,40.3,8150018,329710898,3480,-0.25,26.09379130664038
20100126,40.6,40.95,39.0,39.35,13834915,550141274,4502,-0.95,25.478677119511143
20100127,39.6,40.0,38.6,39.0,7600959,298926001,2577,-0.35,25.252056103200374
20100128,39.3,40.3,39.15,39.6,8791578,348412686,3348,0.6,25.64054927401883
20100129,39.0,39.4,38.55,39.05,5317265,207406026,2343,-0.55,25.2844305341019
20100201,38.8,39.2,36.4,36.4,26489909,979138033,8014,-2.65,23.568585696320348
20100202,37.0,37.2,35.5,35.9,16383620,597248822,5042,-0.5,23.244841387304955
20100203,36.5,36.6,35.85,36.1,11448607,413886155,3928,0.2,23.3743391109111
20100204,36.5,37.1,35.8,36.6,13696392,499110057,4527,0.5,23.698083419926498
20100205,35.4,35.4,34.05,34.05,17246459,590994174,4618,-2.55,22.046987443948005
20100206,34.05,34.2,31.8,33.0,16018159,527351237,4295,-1.05,21.367124395015693
20100208,33.0,34.8,32.95,34.2,15453772,527439469,5340,1.2,22.14411073665263
20100209,34.9,36.55,34.4,36.3,24841847,888354862,7123,2.1,23.503836834517262
20100210,36.55,37.35,36.2,36.3,17782329,650697702,6381,0.0,23.503836834517262
20100222,37.55,37.6,36.9,36.9,8114750,301194705,3057,0.6,23.892330005335737
20100223,36.55,37.4,36.55,37.2,15245349,564874365,3909,0.3,24.086576590744965
20100224,37.0,37.1,36.4,36.7,19613314,720131921,4051,-0.5,23.762832281729573
20100225,37.2,37.2,35.5,35.7,9741716,353673826,3458,-1.0,23.115343663698802
20100226,36.3,36.5,35.25,35.85,6602172,236375990,3459,0.15,23.212466956403418
20100301,36.0,36.85,35.85,36.4,11448989,416314032,3431,0.55,23.568585696320348
20100302,36.5,38.1,36.5,37.35,18555232,695127174,6304,0.95,24.183699883449584
20100303,37.9,37.9,36.85,37.1,8493072,315855057,3052,-0.25,24.02182772894189
20100304,37.2,38.0,36.95,36.95,10645235,397818518,3127,-0.15,23.92470443623728
20100305,37.9,39.0,37.9,38.75,21221837,819932801,6697,1.8,25.090183948692683
20100308,39.3,39.8,39.0,39.0,11122287,438094547,3645,0.25,25.252056103200374
20100309,39.4,39.85,38.85,39.5,11217760,443145469,3709,0.5,25.575800412215752
20100310,39.8,40.2,39.2,39.75,14181712,563737422,4259,0.25,25.737672566723457
20100311,39.75,39.95,38.7,38.75,8501227,333797271,3097,-1.0,25.090183948692683
20100312,39.55,39.7,39.05,39.05,7320448,288110215,2914,0.3,25.2844305341019
20100315,39.0,39.2,37.7,37.75,7063607,270234316,2673,-1.3,24.44269533066189
20100316,37.65,38.3,37.65,38.15,5897031,224650415,1933,0.4,24.701690777874198
20100317,38.8,40.2,38.5,40.2,15331969,605028701,5526,2.05,26.029042444837298
20100318,40.15,40.75,39.85,40.2,13866814,558366760,4429,0.0,26.029042444837298
20100319,40.3,40.75,39.85,40.55,8405547,338469278,3465,0.35,26.25566346114808
20100322,40.45,40.55,39.8,39.85,4537225,181585762,1796,-0.7,25.80242142852653
20100323,40.2,41.1,39.9,40.2,13247679,535250710,4325,0.35,26.029042444837298
20100324,40.7,40.95,40.0,40.0,7240412,294225030,2599,-0.2,25.899544721231145
20100325,40.2,40.3,39.6,40.0,6680276,267014940,2482,0.0,25.899544721231145
20100326,40.0,40.45,39.55,39.7,8638121,345293011,3540,-0.3,25.705298135821913
20100329,40.0,41.2,39.95,41.2,9575219,390078379,4133,1.5,26.676531062868087
20100330,41.5,41.85,40.8,41.15,8785608,363800466,2774,-0.05,26.644156631966545
20100331,41.15,41.4,40.6,40.75,4738147,194462960,1734,-0.4,26.38516118475423
20100401,40.8,41.45,40.65,41.4,7179746,295664277,3283,0.65,26.806028786474236
20100402,41.5,41.5,40.9,41.0,4302032,176996627,1482,-0.4,26.547033339261937
20100406,41.5,42.05,41.3,41.6,9810919,409844311,3369,0.6,26.935526510080404
20100407,41.8,42.2,40.6,40.6,10683924,442795596,3306,-1.0,26.28803789204961
20100408,40.6,41.0,39.6,40.0,13246006,532141814,3819,-0.6,25.899544721231145
20100409,40.0,41.3,40.0,41.15,12841578,522536148,3612,1.15,26.644156631966545
20100412,41.5,41.65,40.3,40.6,6270259,255297532,2154,-0.55,26.28803789204961
20100413,40.6,41.15,40.0,40.95,10583894,429391742,2787,0.35,26.5146589083604
20100414,41.5,41.5,40.95,41.3,8269549,340409478,2260,0.35,26.741279924671154
20100415,41.7,41.75,40.8,41.5,12657655,520738154,3243,0.2,26.87077764827732
20100416,41.3,41.4,40.6,40.75,7715335,315404272,2256,-0.75,26.38516118475423
20100419,40.1,41.2,40.0,40.0,13300118,540282419,4064,-0.75,25.899544721231145
20100420,40.75,42.1,40.75,42.0,17918311,744256324,5899,2.0,27.194521957292693
20100421,43.25,44.8,43.05,43.25,32817079,1436767991,8954,1.25,28.003882729831172
20100422,43.7,44.8,43.5,44.65,37453359,1661056971,11944,1.4,28.910366795074264
20100423,45.0,45.35,44.2,45.15,38366034,1724189526,10312,0.5,29.23411110408967
20100426,45.8,47.0,45.55,46.3,32633088,1508362013,9991,1.15,29.978723014825057
20100427,46.8,46.8,45.3,45.5,17522432,800228873,4520,-0.8,29.460732120400422
20100428,44.0,46.2,44.0,45.9,19724962,896159626,5718,0.4,29.719727567612743
20100429,46.7,49.0,46.7,47.55,48815323,2343914330,13421,1.65,30.788083787363522
20100430,48.4,48.55,46.8,47.55,21014157,999827862,7370,0.0,30.788083787363522
20100503,47.55,47.75,46.25,46.85,11169457,523351028,3603,-0.7,30.334841754741973
20100504,47.0,47.4,46.15,46.8,13266452,621549399,4007,-0.05,30.302467323840446
20100505,45.4,45.45,43.85,44.35,21538457,959945077,6689,-2.45,28.716120209665025
20100506,44.0,45.5,43.35,43.6,16904883,747924726,5955,-0.75,28.230503746141952
20100507,41.5,43.75,41.5,43.75,19626065,837402867,5529,0.15,28.32762703884658
20100510,44.4,46.4,44.1,46.1,15902837,723950455,5562,2.35,29.84922529121889
20100511,46.8,47.7,45.65,45.65,24800241,1160000546,7426,-0.45,29.557855413105045
20100512,45.85,46.4,43.9,44.2,22934799,1034684991,7913,-1.45,28.61899691696042
20100513,45.1,45.1,43.55,44.3,18519501,821682762,6934,0.1,28.683745778763488
20100514,43.8,45.55,43.8,45.45,16532944,744699864,5396,1.15,29.42835768949889
20100517,45.0,45.25,44.2,44.65,14741886,659838106,5047,-0.8,28.910366795074264
20100518,45.7,47.6,45.0,47.1,30436715,1416362327,11112,2.45,30.496713909249674
20100519,47.0,48.2,46.7,47.5,38152444,1813248541,12936,0.4,30.755709356461985
20100520,47.8,48.8,47.7,47.9,42461125,2051400695,14045,0.4,31.01470480367431
20100521,46.1,46.8,44.55,44.55,35717649,1626025580,10491,-3.35,28.845617933271186
20100524,44.2,45.35,43.95,44.95,19551046,875986132,7981,0.4,29.104613380483503
20100525,44.0,44.45,42.5,42.75,19042057,823156161,7198,-2.2,27.6801384208158
20100526,43.3,44.9,43.3,44.35,13297275,586658773,5735,1.6,28.716120209665025
20100527,44.35,45.5,44.3,45.3,14241928,641810716,5465,0.95,29.331234396794272
20100528,45.75,46.5,45.1,45.3,9716567,445163062,3712,0.0,29.331234396794272
20100531,46.0,47.85,45.65,47.7,18526244,872249308,7073,2.4,30.885207080068145
20100601,47.05,48.25,46.95,47.0,21931319,1042210511,7329,-0.7,30.43196504744659
20100602,47.5,48.3,46.8,47.05,15500370,735862440,6002,0.05,30.464339478348133
20100603,48.25,48.8,47.75,48.5,23544573,1135978972,8769,1.45,31.40319797449277
20100604,48.6,49.2,47.5,47.6,18863344,911626772,6629,-0.9,30.82045821826507
20100607,46.0,46.2,44.9,45.5,19561134,890731530,6897,-2.1,29.460732120400422
20100608,45.5,45.9,44.05,44.25,22762107,1018140976,7309,-1.25,28.65137134786195
20100609,44.5,45.3,43.6,43.8,13241362,587144328,5225,-0.45,28.36000146974811
20100610,44.6,45.6,43.95,45.2,12869122,577674300,4836,1.4,29.266485534991197
20100611,46.2,46.45,45.7,46.25,13556228,625350661,4857,1.05,29.946348583923513
20100614,47.0,47.0,46.25,46.75,6663385,310753339,2622,0.5,30.2700928929389
20100615,47.0,47.55,46.8,47.1,14033808,661565082,4597,0.35,30.496713909249674
20100617,48.0,48.2,47.15,47.5,13172757,629192819,5065,0.4,30.755709356461985
20100618,48.15,48.3,46.8,46.8,11096051,527070956,3970,-0.7,30.302467323840446
20100621,48.0,50.0,48.0,50.0,32471177,1595614699,10862,3.2,32.37443090153893
20100622,50.0,50.8,49.45,49.5,18137291,907052083,6150,-0.5,32.05068659252354
20100623,49.4,50.4,49.3,49.6,13117568,652509925,5615,0.1,32.115435454326615
20100624,50.0,50.3,49.25,49.5,9802539,487932400,3677,-0.1,32.05068659252354
20100625,49.3,49.3,47.6,47.8,14351032,693098960,4577,-1.7,30.949955941871224
20100628,48.4,48.55,47.7,47.8,6828715,328613061,2571,0.0,30.949955941871224
20100629,48.8,49.5,48.0,48.0,21754020,1064885410,7326,0.2,31.079453665477374
20100630,46.8,47.85,46.4,47.4,19992567,942609161,6671,-0.6,30.690960494658892
20100701,47.1,47.4,45.9,46.05,18148127,844033881,5428,-1.35,29.81685086031735
20100702,46.5,47.65,46.4,47.55,11652482,550442580,4519,1.5,30.788083787363522
20100705,47.55,47.55,46.6,47.5,8537808,403442773,3155,-0.05,30.755709356461985
20100706,46.95,49.85,46.9,49.4,17741479,868972284,6288,1.9,31.985937730720465
20100707,49.4,49.4,48.4,48.6,9722937,476100182,3895,-0.8,31.46794683629584
20100708,49.4,50.5,49.2,49.8,23923709,1192945795,8282,1.2,32.24493317793278
20100709,50.4,50.8,49.35,49.35,16461300,825003464,5399,-0.45,31.953563299818928
20100712,49.6,50.4,49.25,50.0,9953846,498422550,4662,0.65,32.37443090153893
20100713,50.5,51.5,49.9,50.0,15522836,784286998,4902,0.0,32.37443090153893
20100714,51.0,51.9,50.9,51.7,19784964,1018644937,7276,1.7,33.47516155219125
20100715,51.6,52.5,51.3,52.0,16792203,872549097,6983,0.3,33.66940813760049
20100716,51.7,53.3,51.2,51.5,19349945,1011955319,5858,-0.5,33.34566382858509
20100719,51.0,51.5,50.4,51.4,8416223,429091324,2771,-0.1,33.280914966782014
20100720,51.8,54.9,51.6,54.9,34253308,1856697963,9279,3.5,35.54712512988975
20100721,54.9,55.3,53.9,54.0,17158330,937383149,5770,-0.9,34.964385373662054
20100722,54.0,55.2,54.0,54.0,10043758,546883632,4184,0.0,34.964385373662054
20100723,54.5,56.9,54.5,56.2,21171892,1183433421,7635,2.2,36.38886033332976
20100726,56.5,56.9,55.7,56.0,11936562,669917290,4058,-0.2,36.2593626097236
20100727,56.1,56.2,54.7,55.2,9982787,551973163,3290,-0.8,35.741371715298975
20100728,55.3,55.5,54.1,55.5,13854301,761270255,4650,0.3,35.93561830070822
20100729,55.5,56.2,52.7,53.9,25719928,1386028222,7087,-1.6,34.899636511858965
20100730,53.9,53.9,52.1,53.3,12760259,677294242,4974,-0.6,34.51114334104051
20100802,53.5,56.5,53.5,56.5,19793625,1097940746,6820,+3.20,36.58310691873899
20100803,55.5,56.1,54.2,56.1,16897308,931705740,5295,X0.00,37.24704715319887
20100804,55.2,56.0,54.4,54.7,8385975,460202210,3231,-1.40,36.31753082495504
20100805,55.6,55.6,54.3,54.9,10239176,561953871,3694,+0.20,36.45031887184702
20100806,55.0,55.4,54.2,54.7,5704409,311669396,2371,-0.20,36.31753082495504
20100809,54.7,55.7,54.3,54.3,5487010,302004214,2535,-0.40,36.051954731171094
20100810,54.5,54.8,52.2,52.5,11805178,625438298,4630,-1.80,34.85686230914332
20100811,51.7,52.2,50.2,51.2,14708781,751120851,5684,-1.30,33.9937400043455
20100812,50.7,51.9,50.6,50.7,10091614,515978401,3887,-0.50,33.66176988711555
20100813,51.3,52.6,51.0,52.3,11380855,589120895,4528,+1.60,34.724074262251335
20100816,52.0,52.3,51.0,52.3,9569880,494232324,4302, 0.00,34.724074262251335
20100817,52.3,53.6,52.0,53.2,13682205,725777203,5843,+0.90,35.32162047326523
20100818,54.3,56.0,53.8,55.5,21226170,1165981299,7621,+2.30,36.84868301252296
20100819,55.5,55.9,54.6,55.1,9906879,547647749,4173,-0.40,36.58310691873899
20100820,55.0,55.0,54.3,54.5,3995805,218265919,1735,-0.60,36.184742778063075
20100823,54.1,54.5,53.3,54.1,7469411,402561430,3104,-0.40,35.919166684279126
20100824,53.9,54.5,52.2,53.8,11503742,613933592,3886,-0.30,35.71998461394116
20100825,53.1,53.4,51.5,51.6,10957846,571811929,4624,-2.20,34.259316098129446
20100826,51.5,52.2,50.4,50.8,11446691,585643374,4646,-0.80,33.72816391056154
20100827,50.8,52.6,50.8,52.4,6784610,351655437,3627,+1.60,34.790468285697344
20100830,53.2,53.2,51.4,51.4,8127629,423300684,2959,-1.00,34.12652805123747
20100831,50.8,51.7,50.6,50.7,6831765,348803842,3162,-0.70,33.66176988711555
20100901,52.2,52.2,51.0,51.6,8252182,425709969,3482,+0.90,34.259316098129446
20100902,52.9,54.3,52.6,53.7,14427455,770648714,5612,+2.10,35.65359059049517
20100903,54.6,54.7,53.6,53.9,11483454,620280598,3826,+0.20,35.78637863738714
20100906,54.1,55.2,53.4,54.7,13496171,734802186,5209,+0.80,36.31753082495504
20100907,55.0,55.8,54.4,54.4,14499458,799659040,4746,-0.30,36.11834875461708
20100908,53.1,54.8,53.0,54.8,12332577,665611624,3741,+0.40,36.38392484840103
20100909,55.1,55.1,53.6,53.8,9235106,499262069,3431,-1.00,35.71998461394116
20100910,54.8,55.6,54.3,55.1,12202667,671880903,3744,+1.30,36.58310691873899
20100913,55.3,55.7,54.9,55.5,9046573,501267672,2975,+0.40,36.84868301252296
20100914,55.6,55.8,55.3,55.8,10574332,588714795,2319,+0.30,37.04786508286091
20100915,55.8,55.9,55.1,55.5,8580896,475989880,2291,-0.30,36.84868301252296
20100916,55.5,56.1,54.5,54.5,5851410,323019601,2252,-1.00,36.184742778063075
20100917,55.0,55.8,54.5,54.9,7253764,399939068,2236,+0.40,36.45031887184702
20100920,54.9,56.2,54.9,55.8,6941106,386547157,2102,+0.90,37.04786508286091
20100921,56.2,56.2,54.4,54.8,8220446,453075335,2496,-1.00,36.38392484840103
20100923,55.0,55.6,54.1,54.9,6043174,331246500,2291,+0.10,36.45031887184702
20100924,54.9,54.9,53.1,53.5,12707322,682187165,4039,-1.40,35.5208025436032
20100927,53.7,54.6,53.1,54.2,10846140,586440860,3286,+0.70,35.985560707725114
20100928,53.6,55.0,53.6,54.7,4562500,248836631,2315,+0.50,36.31753082495504
20100929,54.7,55.6,54.7,55.5,10026408,553391978,3011,+0.80,36.84868301252296
20100930,55.3,55.4,54.5,54.8,6016777,331267530,2675,-0.70,36.38392484840103
20101001,55.0,55.4,53.0,53.0,15670245,842679985,5574,-1.80,35.188832426373274
20101004,53.1,53.6,51.2,51.7,14067504,733654020,5794,-1.30,34.32571012157541
20101005,51.7,51.7,50.8,51.2,10452317,534374599,3525,-0.50,33.9937400043455
20101006,51.9,52.2,50.9,51.5,10459040,537649439,4661,+0.30,34.19292207468346
20101007,51.2,51.6,50.4,50.7,12544908,637638142,4315,-0.80,33.66176988711555
20101008,50.9,51.2,50.2,50.7,6448550,326852225,3192, 0.00,33.66176988711555
20101011,51.0,52.0,50.8,51.2,8075566,416012519,3209,+0.50,33.9937400043455
20101012,51.8,51.8,50.4,50.9,8934127,455957644,5194,-0.30,33.79455793400753
20101013,51.5,51.7,51.1,51.1,7899418,406957134,2706,+0.20,33.9273459808995
20101014,51.5,51.8,48.0,48.1,32941515,1635223878,11381,-3.00,31.93552527751988
20101015,47.5,47.5,45.0,46.6,53839030,2486460408,17479,-1.50,30.939614925830078
20101018,47.0,47.0,45.65,46.05,12489759,576814707,5199,-0.55,30.574447796877145
20101019,46.0,47.2,45.8,46.5,14869060,692618206,5423,+0.45,30.873220902384094
20101020,46.5,49.15,46.5,48.85,25601364,1230511106,10502,+2.35,32.43348045336479
20101021,48.8,49.2,48.25,48.9,18363541,897795440,7815,+0.05,32.46667746508778
20101022,49.2,49.3,48.2,48.2,12990119,634909942,4303,-0.70,32.00191930096588
20101025,48.05,48.55,47.8,48.2,9415661,453865138,3101, 0.00,32.00191930096588
20101026,49.0,49.0,48.4,48.55,13713556,666297060,3648,+0.35,32.23429838302682
20101027,48.8,48.95,47.85,47.9,8841288,426260581,3553,-0.65,31.802737230627915
20101028,48.6,51.2,48.2,51.2,26660229,1339716167,10559,+3.30,33.9937400043455
20101029,51.2,52.2,51.0,52.1,15571363,804892470,6211,+0.90,34.591286215359375
20101101,52.3,52.5,51.4,52.5,14456914,752200163,5671,+0.40,34.85686230914332
20101102,52.8,53.7,52.3,53.1,17081670,904810210,5855,+0.60,35.25522644981925
20101103,53.7,54.3,52.2,52.2,16367676,868470752,5828,-0.90,34.65768023880536
20101104,52.0,53.3,52.0,52.6,9932348,523616104,3302,+0.40,34.92325633258932
20101105,53.6,53.6,52.3,53.3,9646496,511081088,3227,+0.70,35.388014496711214
20101108,53.5,53.6,51.5,52.1,8171564,425791428,2611,-1.20,34.591286215359375
20101109,52.5,52.8,51.7,52.0,10092143,526280890,2939,-0.10,34.524892191913395
20101110,52.0,52.1,51.0,52.0,10288250,531371496,3249, 0.00,34.524892191913395
20101111,52.5,53.9,52.3,53.7,17360395,925168703,6471,+1.70,35.65359059049517
20101112,53.5,53.5,52.2,52.2,7279630,384169181,2473,-1.50,34.65768023880536
20101115,51.8,52.9,51.7,52.2,5896551,309539742,2507, 0.00,34.65768023880536
20101116,52.2,52.4,51.8,51.8,7723066,401938101,2982,-0.40,34.39210414502142
20101117,51.4,52.3,51.4,51.8,7082331,367331428,2285, 0.00,34.39210414502142
20101118,52.0,53.1,51.7,53.1,7601511,397597983,2767,+1.30,35.25522644981925
20101119,53.6,54.3,53.3,53.4,12109010,652263598,4020,+0.30,35.4544085201572
20101122,53.5,54.3,53.2,53.2,7466319,402584946,2456,-0.20,35.32162047326523
20101123,54.0,54.1,53.1,53.1,6196626,332524914,2785,-0.10,35.25522644981925
20101124,52.4,52.7,51.5,52.0,14516724,756320348,3296,-1.10,34.524892191913395
20101125,52.0,52.8,51.7,51.8,9560874,498880548,2995,-0.20,34.39210414502142
20101126,52.0,53.5,52.0,52.8,10454234,552690094,3877,+1.00,35.05604437948129
20101129,53.8,54.1,52.8,53.5,10422412,560605578,3058,+0.70,35.5208025436032
20101130,54.3,56.5,54.0,55.6,29914733,1665833841,8798,+2.10,36.915077035968935
20101201,56.3,57.0,55.6,57.0,21191933,1197060376,7574,+1.40,37.844593364212756
20101202,57.3,59.0,57.3,58.0,30345999,1763175820,9295,+1.00,38.508533598672635
20101203,58.0,58.0,56.3,57.0,16692787,949728770,4764,-1.00,37.844593364212756
20101206,57.0,57.6,56.4,57.5,6175711,353430527,2402,+0.50,38.176563481442685
20101207,57.5,58.7,56.8,58.7,9894477,574471992,3865,+1.20,38.973291762794524
20101208,59.0,60.0,56.8,56.9,16630139,974924751,6108,-1.80,37.77819934076676
20101209,57.0,58.0,56.3,57.4,14116772,809196656,6238,+0.50,38.110169457996705
20101210,57.3,58.4,56.9,57.8,10234503,592311336,3805,+0.40,38.37574555178065
20101213,58.1,60.6,58.0,59.1,22395917,1339363509,7523,+1.30,39.238867856578494
20101214,59.5,60.4,58.2,58.6,19836357,1173928763,7148,-0.50,38.906897739348544
20101215,58.8,58.9,55.8,56.0,19095642,1079203352,7538,-2.60,37.180653129752876
20101216,56.6,56.8,55.6,56.2,7001025,394974171,3771,+0.20,37.31344117664486
20101217,56.9,57.6,56.3,56.7,9789156,557143504,4733,+0.50,37.6454112938748
20101220,57.2,57.2,56.1,56.9,3918478,221764571,1946,+0.20,37.77819934076676
20101221,56.9,57.4,56.3,57.3,9750878,554681072,2591,+0.40,38.0437754345507
20101222,57.5,57.8,56.8,57.3,10216220,584732037,3694, 0.00,38.0437754345507
20101223,57.3,57.9,57.1,57.6,5597328,322692303,2204,+0.30,38.242957504888686
20101224,57.9,59.3,57.6,57.7,13293602,775847987,4151,+0.10,38.309351528334666
20101227,57.9,58.0,56.3,56.4,7647297,434063231,3000,-1.30,37.446229223536825
20101228,56.4,56.8,56.2,56.7,5132266,289972731,1991,+0.30,37.6454112938748
20101229,56.7,56.9,55.1,55.1,6144079,341474445,2650,-1.60,36.58310691873899
20101230,55.1,56.8,55.1,56.8,7067055,397317098,2355,+1.70,37.711805317320774
20101231,57.0,57.2,56.4,56.8,4211421,239736914,1600, 0.00,37.711805317320774
20110103,56.8,57.1,55.6,55.7,4835192,271184944,1736,-1.10,36.981471059414915
20110104,55.7,56.5,54.8,55.1,13436570,739169278,5419,-0.60,36.58310691873899
20110105,55.0,55.2,53.4,54.1,12606414,681986978,4201,-1.00,35.919166684279126
20110106,53.9,54.7,53.5,54.0,12235083,660545582,4277,-0.10,35.85277266083314
20110107,54.0,54.9,53.5,53.7,13316294,720001140,3215,-0.30,35.65359059049517
20110110,53.7,54.6,53.6,54.6,7119230,385534838,2719,+0.90,36.25113680150906
20110111,54.8,57.3,54.5,56.5,17797232,1002285189,7315,+1.90,37.51262324698281
20110112,57.2,57.2,55.6,56.7,13527548,764296398,4749,+0.20,37.6454112938748
20110113,57.1,60.1,57.1,59.6,48111970,2838131710,12932,+2.90,39.57083797380844
20110114,60.0,61.4,59.1,60.3,49230800,2969642100,11912,+0.70,40.035596137930334
20110117,60.6,61.2,59.5,59.5,15323333,923825084,4668,-0.80,39.504443950362415
20110118,59.0,60.1,58.9,59.1,8396600,498642916,3536,-0.40,39.238867856578494
20110119,59.9,60.5,59.0,60.2,16126517,966701706,5613,+1.10,39.96920211448435
20110120,60.0,60.0,58.9,58.9,10460534,617141245,3233,-1.30,39.10607980968651
20110121,57.8,58.7,57.3,58.0,13598287,789077946,3901,-0.90,38.508533598672635
20110124,58.0,58.4,56.9,57.4,6727908,387206196,2639,-0.60,38.110169457996705
20110125,57.9,58.4,57.2,57.2,4267744,245833727,2450,-0.20,37.97738141110473
20110126,57.2,57.8,56.8,57.2,8875156,509028303,3083, 0.00,37.97738141110473
20110127,57.8,60.6,57.4,60.6,22703223,1353865431,7307,+3.40,40.23477820826831
20110128,60.8,61.1,59.7,60.5,17225506,1042501862,4661,-0.10,40.168384184822315
20110208,58.9,58.9,56.3,56.3,39324622,2228455594,8823,-4.20,37.379835200090845
20110209,55.3,56.1,54.2,54.6,42224642,2321406287,12113,-1.70,36.25113680150906
20110210,54.6,55.4,54.5,54.5,19487641,1070855823,6859,-0.10,36.184742778063075
20110211,55.5,55.9,54.3,54.3,10984310,601999321,4241,-0.20,36.051954731171094
20110214,55.5,55.5,54.6,54.8,8105717,444831247,3404,+0.50,36.38392484840103
20110215,54.7,56.2,54.0,55.7,11703261,650891916,4838,+0.90,36.981471059414915
20110216,55.7,55.9,54.7,54.7,7913245,436291786,3758,-1.00,36.31753082495504
20110217,55.0,55.6,54.8,55.0,8756530,482876250,3267,+0.30,36.51671289529302
20110218,55.9,56.5,55.5,55.9,8267149,463418601,3756,+0.90,37.11425910630689
20110221,56.0,56.1,55.0,55.4,6942854,385188796,2774,-0.50,36.78228898907695
20110222,55.0,56.2,54.8,55.1,9497822,525455881,3532,-0.30,36.58310691873899
20110223,54.6,55.2,53.5,53.5,9950411,540869282,3883,-1.60,35.5208025436032
20110224,53.7,54.7,53.7,54.0,4786790,259158860,2246,+0.50,35.85277266083314
20110225,54.3,56.4,53.9,55.0,13352818,740359990,4345,+1.00,36.51671289529302
20110301,56.1,58.0,55.6,57.3,14720263,838150538,5604,+2.30,38.0437754345507
20110302,56.8,57.1,55.8,55.8,7070000,398953789,2964,-1.50,37.04786508286091
20110303,56.5,57.3,56.1,56.7,12320755,700522572,3755,+0.90,37.6454112938748
20110304,57.0,57.6,56.0,56.0,10750414,612443784,3304,-0.70,37.180653129752876
20110307,56.0,56.8,55.5,55.7,4220740,236834304,1638,-0.30,36.981471059414915
20110308,55.6,56.5,55.6,56.5,5582578,313731282,1931,+0.80,37.51262324698281
20110309,56.5,56.9,55.5,55.6,8992465,503276546,2946,-0.90,36.915077035968935
20110310,55.0,55.0,51.8,52.0,32363048,1703631228,10192,-3.60,34.524892191913395
20110311,50.7,52.3,50.3,51.5,15979844,817929234,5689,-0.50,34.19292207468346
20110314,51.1,51.6,50.2,51.6,8600391,436459527,2877,+0.10,34.259316098129446
20110315,49.7,49.7,48.0,48.0,23647622,1143843456,6076,-3.60,31.8691312540739
20110316,48.1,48.2,45.6,47.15,38887447,1818987050,10515,-0.85,31.304782054782986
20110317,45.6,48.2,45.6,47.15,24164207,1134135954,7510, 0.00,31.304782054782986
20110318,47.55,49.2,47.25,48.55,20556126,997554364,6442,+1.40,32.23429838302682
20110321,49.05,50.2,48.55,49.65,12756295,630444602,4506,+1.10,32.964632640932685
20110322,50.2,50.7,49.1,49.1,11899887,593582227,4431,-0.55,32.599465511979766
20110323,48.5,49.45,48.05,49.35,7518315,366289484,3157,+0.25,32.76545057059472
20110324,49.55,49.8,49.15,49.35,6187191,305585810,2192, 0.00,32.76545057059472
20110325,49.35,50.2,49.3,49.4,9665365,479394815,3515,+0.05,32.79864758231772
20110328,49.6,49.6,47.2,47.5,9907725,476991950,3993,-1.90,31.537161136843963
20110329,46.5,47.5,45.6,46.4,22122778,1028185970,7939,-1.10,30.806826878938093
20110330,47.3,49.6,47.3,49.6,28823628,1404555882,7960,+3.20,32.931435629209695
20110331,50.3,51.4,49.9,50.0,22562477,1138983850,8323,+0.40,33.19701172299365
20110401,50.9,51.2,50.1,51.0,11690795,593177845,3692,+1.00,33.86095195745351
20110406,51.5,51.8,50.0,50.0,20607711,1044493550,6720,-1.00,33.19701172299365
20110407,49.0,49.4,48.6,49.0,19410538,950463362,6192,-1.00,32.53307148853377
20110408,49.5,49.8,48.8,49.0,13105951,644895979,4602, 0.00,32.53307148853377
20110411,49.5,49.5,47.0,47.3,18205835,874777241,6022,-1.70,31.404373089951996
20110412,46.95,47.0,46.2,46.3,21562888,1002485470,8210,-1.00,30.740432855492113
20110413,46.5,47.2,46.5,46.75,11671194,546399468,5101,+0.45,31.039205960999066
20110414,46.7,47.2,46.2,46.4,11412007,530677714,4216,-0.35,30.806826878938093
20110415,46.65,47.1,45.95,46.0,10717043,497528830,4533,-0.40,30.54125078515416
20110418,46.0,46.05,45.1,45.25,11504090,521507563,4192,-0.75,30.043295609309254
20110419,44.9,44.9,42.1,43.3,39160449,1678420355,11053,-1.95,28.748612152112482
20110420,43.55,45.25,42.8,45.25,24321149,1070621572,8548,+1.95,30.043295609309254
20110421,46.0,48.2,45.7,46.65,34498329,1622599423,11927,+1.40,30.972811937553068
20110422,46.8,47.7,46.05,46.2,13854119,647480697,5440,-0.45,30.674038832046122
20110425,46.5,46.6,45.0,45.45,10599855,482671645,4052,-0.75,30.17608365620122
20110426,45.45,46.65,45.05,46.65,8737047,403079526,3552,+1.20,30.972811937553068
20110427,47.2,48.3,46.9,47.95,26331417,1258454017,10073,+1.30,31.835934242350916
20110428,48.4,48.45,47.6,47.6,16800143,809603444,5759,-0.35,31.603555160289954
20110429,48.4,49.4,47.15,47.15,24440297,1179010356,8712,-0.45,31.304782054782986
20110503,47.3,47.3,44.6,46.0,16710033,761592718,6298,-1.15,30.54125078515416
20110504,45.65,47.3,45.5,46.7,6769657,315759886,3022,+0.70,31.006008949276065
20110505,47.0,47.7,46.5,47.2,7594411,358971886,3825,+0.50,31.337979066505998
20110506,47.2,47.45,46.35,46.65,6998884,328311727,3018,-0.55,30.972811937553068
20110509,46.55,47.8,46.3,47.75,7018680,332292799,3327,+1.10,31.70314619545893
20110510,48.4,49.6,48.4,49.0,18273311,896768389,6244,+1.25,32.53307148853377
20110511,50.0,50.5,49.5,49.6,23461014,1172287825,7252,+0.60,32.931435629209695
20110512,49.4,49.8,48.15,48.3,12936414,635148491,4149,-1.30,32.06831332441186
20110513,48.3,49.75,48.3,49.1,10170791,499604730,3439,+0.80,32.599465511979766
20110516,49.0,49.1,47.5,47.9,8512656,409056078,3006,-1.20,31.802737230627915
20110517,47.8,48.45,47.05,47.7,7516417,358542533,2875,-0.20,31.669949183735937
20110518,48.4,48.95,47.85,48.95,5122847,248810605,2121,+1.25,32.49987447681077
20110519,49.2,49.45,48.55,48.55,6203250,304396494,2599,-0.40,32.23429838302682
20110520,49.5,49.65,48.85,49.1,9342098,460855425,3510,+0.55,32.599465511979766
20110523,49.0,49.65,48.3,49.25,6825880,335085485,2678,+0.15,32.69905654714874
20110524,49.2,49.9,48.7,49.9,7169062,354230222,2635,+0.65,33.13061769954765
20110525,49.05,50.8,49.05,50.0,14165456,709028488,4703,+0.10,33.19701172299365
20110526,50.8,53.0,50.4,52.4,22183862,1148518131,8910,+2.40,34.790468285697344
20110527,53.0,53.0,51.8,52.2,9839062,515493099,3754,-0.20,34.65768023880536
20110530,52.8,53.4,52.5,53.0,8849357,467921701,3693,+0.80,35.188832426373274
20110531,53.4,53.4,52.3,53.0,12549434,662704756,4559, 0.00,35.188832426373274
20110601,51.8,51.9,50.5,51.0,25445192,1301064932,7696,-2.00,33.86095195745351
20110602,50.5,51.9,50.3,51.9,6994020,359187615,3297,+0.90,34.4584981684674
20110603,52.5,52.5,51.9,52.4,4707273,246041830,2169,+0.50,34.790468285697344
20110607,52.0,52.7,51.5,52.7,3155457,164854985,1670,+0.30,34.9896503560353
20110608,52.7,53.2,52.5,53.2,7920168,419533900,3140,+0.50,35.32162047326523
20110609,53.2,53.6,52.5,53.1,8800564,466255933,3779,-0.10,35.25522644981925
20110610,53.5,53.6,52.0,52.0,8169977,432216204,3000,-1.10,34.524892191913395
20110613,51.3,51.8,49.85,49.95,7684592,389173102,3287,-2.05,33.163814711270646
20110614,50.0,53.2,50.0,52.9,10912584,568077271,4251,+2.95,35.12243840292726
20110615,52.7,52.7,51.1,51.7,9084462,470816071,3824,-1.20,34.32571012157541
20110616,50.3,51.1,50.3,50.9,5161995,261926941,2385,-0.80,33.79455793400753
20110617,51.7,51.7,50.0,50.2,4603506,232820492,1964,-0.70,33.32979976988562
20110620,50.0,50.5,48.0,48.05,8053700,396629858,3265,-2.15,31.90232826579688
20110621,48.1,50.4,48.1,50.1,9356090,459661497,3832,+2.05,33.26340574643963
20110622,50.5,51.0,49.4,50.0,5528384,278411400,2558,-0.10,33.19701172299365
20110623,50.0,50.4,49.05,49.1,7950783,392960122,3141,-0.90,32.599465511979766
20110624,49.5,50.3,49.0,49.15,7340182,364285697,3124,+0.05,32.63266252370275
20110627,48.9,50.2,48.7,50.1,6023241,300148900,2628,+0.95,33.26340574643963
20110628,50.1,50.5,49.0,49.0,8229281,405458069,2315,-1.10,32.53307148853377
20110629,49.9,50.2,49.5,50.0,7075492,353410912,2974,+1.00,33.19701172299365
20110630,49.8,51.1,49.6,51.1,6231190,313373507,3355,+1.10,33.9273459808995
20110701,51.3,52.2,50.4,50.5,8227486,422034487,3030,-0.60,33.52898184022358
20110704,51.4,53.2,50.7,51.8,13686578,712501719,5369,+1.30,34.39210414502142
20110705,51.8,52.5,51.4,52.0,8213493,426471686,2591,+0.20,34.524892191913395
20110706,52.0,52.2,51.2,51.4,3370981,173858513,1572,-0.60,34.12652805123747
20110707,51.8,52.4,51.5,52.2,5319259,277003483,1943,+0.80,34.65768023880536
20110708,52.8,52.9,51.9,52.6,7630182,400408423,2392,+0.40,34.92325633258932
20110711,53.0,53.0,52.2,53.0,8099541,427274573,3511,+0.40,35.188832426373274
20110712,53.0,53.0,51.3,51.9,8129150,423554776,4184,-1.10,34.4584981684674
20110713,52.0,52.1,51.0,51.4,3164549,163106102,1358,-0.50,34.12652805123747
20110714,51.6,52.1,50.3,51.0,4274059,218294182,2063,-0.40,33.86095195745351
20110715,51.9,52.0,51.3,52.0,3981396,205885692,2174,+1.00,34.524892191913395
20110718,52.3,52.4,51.0,51.2,3711517,192336414,1652,-0.80,33.9937400043455
20110719,51.9,52.8,51.2,52.8,8057207,420601710,3557,+1.60,35.05604437948129
20110720,53.5,56.4,53.2,53.9,21046076,1156222963,7825,+1.10,35.78637863738714
20110721,54.5,54.5,52.0,53.0,14026587,745179736,4825,-0.90,35.188832426373274
20110722,54.0,54.5,53.0,54.0,15801035,831847619,3828,+1.00,35.85277266083314
20110725,54.0,54.7,53.2,53.5,7294730,391023290,2199,-0.50,35.5208025436032
20110726,54.0,54.5,52.9,53.8,8326369,445554229,2711,+0.30,35.71998461394116
20110727,54.0,55.0,53.5,55.0,12639328,684931840,3830,+1.20,36.51671289529302
20110728,54.3,54.5,53.3,54.5,9970572,535953793,3291,-0.50,36.184742778063075
20110729,52.5,53.0,50.7,51.3,24360770,1241897506,6550,-3.20,34.060134027791484
20110801,51.3,51.5,49.75,51.2,14033713,711921263,5252,-0.10,33.9937400043455
20110802,48.6,49.3,48.05,48.35,9577996,465882350,4241,X0.00,33.81887508662765
20110803,47.3,47.8,46.0,46.05,12123312,561560305,4877,-2.30,32.21011784362366
20110804,45.8,46.55,44.3,44.4,12993571,585845964,5244,-1.65,31.056009386686004
20110805,41.3,43.0,41.3,41.9,19695273,827847541,5626,-2.50,29.307360209507728
20110808,41.9,43.7,41.8,42.35,18209480,775882493,6171,+0.45,29.622117061399823
20110809,40.6,43.0,39.5,41.2,18768034,772013830,6325,-1.15,28.81773843989783
20110810,42.5,43.8,42.5,42.85,15924613,683400514,5323,+1.65,29.971846896835487
20110811,41.55,42.7,41.5,42.2,7512351,316095380,3697,-0.65,29.51719811076914
20110812,42.9,43.15,42.0,42.0,11359467,481526544,5033,-0.20,29.377306176594864
20110815,42.9,43.1,42.0,42.5,4955615,210451449,2037,+0.50,29.72703601203052
20110816,43.0,43.0,41.8,42.3,5227512,221369305,2542,-0.20,29.587144077856255
20110817,42.0,42.3,41.5,41.5,8029665,335842647,2423,-0.80,29.02757634115921
20110818,40.6,40.6,38.6,38.6,19168338,744566871,6804,-2.90,26.99914329563242
20110819,36.1,36.25,35.9,35.9,15444748,555419118,3421,-2.70,25.110602184279905
20110822,35.6,36.7,34.55,34.75,18750195,664148624,6150,-1.15,24.306223562777898
20110823,35.0,36.8,35.0,36.3,10447598,376155276,3540,+1.55,25.39038605262841
20110824,36.3,36.9,35.3,36.0,8541062,307030193,3378,-0.30,25.180548151367027
20110825,36.8,38.5,36.2,38.5,11489964,436120057,4047,+2.50,26.929197328545293
20110826,38.95,39.2,37.55,38.75,9136691,349711764,4184,+0.25,27.10406224626312
20110829,38.8,39.45,38.5,39.45,7041016,274690275,3210,+0.70,27.59368401587304
20110830,39.95,42.2,39.6,42.0,15501880,636745910,5628,+2.55,29.377306176594864
20110831,41.8,42.4,41.2,41.95,7696889,321898838,3311,-0.05,29.342333193051306
20110901,42.3,43.2,41.6,41.65,9813507,417885397,3696,-0.30,29.13249529178991
20110902,41.8,42.9,41.7,42.6,4540336,192585320,2232,+0.95,29.79698197911765
20110905,42.0,42.0,40.7,40.7,7266038,299116995,3053,-1.90,28.468008604462163
20110906,40.5,41.2,38.5,38.55,7154058,284878037,3500,-2.15,26.964170312088864
20110907,39.5,39.95,39.0,39.5,4165902,164293350,1847,+0.95,27.628656999416602
20110908,40.5,40.5,39.6,39.6,12675801,508186190,3154,+0.10,27.698602966503742
20110909,41.0,42.35,40.8,42.35,25007976,1050441621,5750,+2.75,29.622117061399823
20110913,42.35,44.6,41.9,43.3,24218695,1046443333,9931,+0.95,30.28660374872755
20110914,45.8,45.8,42.15,42.25,21065799,922729999,7656,-1.05,29.552171094312705
20110915,43.7,45.0,43.35,44.6,16313383,723962274,6628,+2.35,31.19590132086027
20110916,45.55,45.6,44.8,44.9,13980192,631676009,5875,+0.30,31.405739222121646
20110919,44.9,45.0,42.55,42.85,10646401,466188239,4689,-2.05,29.971846896835487
20110920,43.0,43.9,42.45,43.65,8640597,373739796,3994,+0.80,30.531414633532528
20110921,44.0,46.0,43.3,45.0,13099176,589181870,5684,+1.35,31.475685189208786
20110922,44.2,45.5,43.7,44.6,12810295,574454975,6044,-0.40,31.19590132086027
20110923,44.5,44.6,42.2,42.6,17197028,741756444,6761,-2.00,29.79698197911765
20110926,42.8,43.1,39.85,40.0,13316806,548597090,5515,-2.60,27.978386834852248
20110927,42.0,42.6,41.2,41.9,8161719,342191715,4113,+1.90,29.307360209507728
20110928,42.0,43.5,41.6,43.5,10955993,469025241,5066,+1.60,30.426495682901834
20110929,43.5,44.25,42.9,43.45,9548513,417882611,4360,-0.05,30.391522699358262
20110930,43.4,44.5,43.4,43.45,10983109,481656949,4678, 0.00,30.391522699358262
20111003,41.5,42.25,41.4,42.25,11032458,460623541,4529,-1.20,29.552171094312705
20111004,42.0,42.8,41.5,42.0,8333592,350987867,3545,-0.25,29.377306176594864
20111005,42.4,42.45,39.45,39.6,16458229,661574858,7152,-2.40,27.698602966503742
20111006,40.4,41.1,40.4,41.0,8971528,365732498,3916,+1.40,28.67784650572356
20111007,41.7,41.7,40.5,40.5,3864826,158462998,2140,-0.50,28.32811667028791
20111011,42.2,43.3,41.9,42.9,11766317,504352886,4399,+2.40,30.006819880379048
20111012,42.8,43.55,42.5,43.0,7149144,307736692,3374,+0.10,30.07676584746617
20111013,43.6,43.6,42.4,42.8,6251663,267877939,2811,-0.20,29.936873913291922
20111014,42.3,42.65,40.65,41.3,10135957,419756711,4252,-1.50,28.88768440698496
20111017,41.8,42.4,41.7,42.0,6324486,265657412,3341,+0.70,29.377306176594864
20111018,41.5,41.7,40.45,40.6,6562541,268917895,3179,-1.40,28.39806263737504
20111019,40.1,40.1,39.0,39.7,13446550,530439323,6609,-0.90,27.768548933590864
20111020,39.7,39.8,37.55,37.65,19123104,733902186,8280,-2.05,26.334656608304687
20111021,37.5,38.6,36.9,38.6,17216610,647993490,7373,+0.95,26.99914329563242
20111024,39.5,39.9,39.05,39.2,8901208,351318198,4173,+0.60,27.418819098155208
20111025,39.1,39.75,39.0,39.5,9988815,393825321,4008,+0.30,27.628656999416602
20111026,39.4,39.55,38.75,39.4,10271214,402439349,3295,-0.10,27.558711032329484
20111027,39.5,40.2,39.2,39.5,16655434,662566189,5772,+0.10,27.628656999416602
20111028,40.5,40.5,38.3,38.5,14837982,584079594,6230,-1.00,26.929197328545293
20111031,38.75,39.5,38.3,39.5,11459051,444507859,3858,+1.00,27.628656999416602
20111101,39.2,39.6,38.5,39.3,5466152,214089813,2732,-0.20,27.48876506524233
20111102,38.35,39.8,38.2,39.35,9674900,377780559,3892,+0.05,27.523738048785912
20111103,39.4,39.5,38.55,39.0,9443962,368615068,3784,-0.35,27.27892716398095
20111104,39.6,40.4,39.6,39.6,16339006,653732276,5329,+0.60,27.698602966503742
20111107,39.55,39.85,39.0,39.6,8088951,319760105,2195, 0.00,27.698602966503742
20111108,39.7,39.9,39.25,39.45,10754352,425975228,3694,-0.15,27.59368401587304
20111109,39.45,39.6,38.35,38.4,9874992,382606486,4195,-1.05,26.859251361458167
20111110,37.5,37.9,36.3,36.55,12334716,456928043,4640,-1.85,25.56525097034624
20111111,36.6,38.1,36.3,37.8,9165667,340156654,3758,+1.25,26.43957555893538
20111114,38.45,38.7,38.0,38.2,7506211,287551017,2676,+0.40,26.719359427283912
20111115,37.95,38.15,37.05,37.05,5733445,214453720,2703,-1.15,25.91498080578189
20111116,37.5,37.7,36.75,36.8,8991459,333192882,3380,-0.25,25.74011588806407
20111117,36.5,36.8,36.1,36.7,5824438,212871717,2219,-0.10,25.67016992097695
20111118,35.85,36.2,35.0,35.3,9408183,333758508,3654,-1.40,24.690926381757112
20111121,35.0,35.1,33.8,33.8,12785033,436393209,3742,-1.50,23.641736875450146
20111122,33.8,34.2,33.1,33.8,10423322,352101726,3485, 0.00,23.641736875450146
20111123,34.0,34.6,33.1,33.1,7496853,253614570,3167,-0.70,23.15211510584024
20111124,33.0,33.15,31.1,31.45,26164198,832185678,6884,-1.65,21.998006648902585
20111125,31.9,32.5,31.35,31.7,15865908,506160224,4886,+0.25,22.17287156662041
20111128,32.0,32.4,31.5,32.0,9906200,317066666,3425,+0.30,22.382709467881806
20111129,32.5,34.15,32.35,33.95,14419890,481406207,5012,+1.95,23.74665582608085
20111130,33.95,33.95,31.6,32.05,18562843,605578702,5917,-1.90,22.41768245142537
20111201,33.8,34.0,33.25,33.9,10519927,354960609,4306,+1.85,23.711682842537286
20111202,34.2,35.2,34.0,34.65,9561385,332044835,3996,+0.75,24.236277595690773
20111205,34.95,34.95,33.8,34.15,5559288,188064665,1880,-0.50,23.886547760255112
20111206,33.9,34.1,32.7,32.85,6201951,206606532,2084,-1.30,22.977250188122408
20111207,33.2,33.9,33.15,33.75,6239766,209456997,2238,+0.90,23.606763891906596
20111208,33.35,33.5,31.7,32.2,7482322,242732841,3081,-1.55,22.522601402056065
20111209,31.35,32.15,31.05,32.0,8479532,268274848,3329,-0.20,22.382709467881806
20111212,32.5,33.0,32.5,32.8,4989160,163362454,1695,+0.80,22.942277204578847
20111213,32.4,32.75,31.8,32.65,4805161,154859201,1834,-0.15,22.837358253948153
20111214,32.85,33.15,32.35,33.1,3687864,121256793,1843,+0.45,23.15211510584024
20111215,32.95,33.3,32.6,33.05,4798146,158429667,2192,-0.05,23.117142122296674
20111216,33.2,33.75,33.2,33.45,3923392,131152555,1675,+0.40,23.3969259906452
20111219,33.5,33.5,31.5,31.75,5805091,186868889,2759,-1.70,22.207844550163987
20111220,32.2,32.7,32.05,32.2,4038432,130824779,1608,+0.45,22.522601402056065
20111221,34.0,34.45,33.8,34.45,6826116,233630083,2300,+2.25,24.096385661516514
20111222,34.9,35.7,34.7,34.95,8695113,306391737,3546,+0.50,24.446115496952164
20111223,35.85,36.4,35.5,36.15,7471415,268546341,3294,+1.20,25.285467101997718
20111226,36.2,36.2,35.55,35.9,3570344,127926740,1483,-0.25,25.110602184279905
20111227,35.85,36.05,35.15,35.3,2688296,95215544,1143,-0.60,24.690926381757112
20111228,35.3,35.8,34.95,35.35,4490293,158703648,1971,+0.05,24.72589936530068
20111229,35.35,35.65,35.0,35.45,3831876,135257802,1690,+0.10,24.795845332387813
20111230,35.45,35.8,34.9,35.6,5923333,209536416,2019,+0.15,24.900764283018507
20120102,35.7,35.7,34.15,34.4,2597893,90426607,1138,-1.20,24.06141267797294
20120103,34.8,35.4,34.7,35.35,2392806,84214385,1157,+0.95,24.72589936530068
20120104,35.5,36.45,35.5,36.05,5933729,213902822,2380,+0.70,25.2155211349106
20120105,36.5,36.55,35.95,36.55,5558505,202222246,1909,+0.50,25.56525097034624
20120106,36.6,37.45,36.45,36.85,8010524,296270749,2561,+0.30,25.77508887160764
20120109,36.2,36.85,36.2,36.75,4239959,155311338,1525,-0.10,25.70514290452051
20120110,37.3,37.4,37.1,37.35,5491255,204607526,2198,+0.60,26.1248187070433
20120111,37.6,38.05,37.1,37.6,7740673,291751892,2818,+0.25,26.299683624761126
20120112,37.65,38.1,37.5,38.05,5956045,225762760,2302,+0.45,26.614440476653204
20120113,38.5,38.75,38.0,38.1,10609105,407221270,3419,+0.05,26.649413460196776
20120116,38.5,38.5,36.5,37.55,5010052,186469793,2346,-0.55,26.264710641217555
20120117,37.5,38.1,36.95,37.4,5425970,203352568,2520,-0.15,26.159791690586857
20120118,37.45,37.7,36.85,37.05,7169122,267105664,2707,-0.35,25.91498080578189
20120130,38.5,39.45,38.0,39.45,14509571,563254615,5194,+2.40,27.59368401587304
20120131,39.5,39.55,38.35,38.95,8008955,311756086,3129,-0.50,27.243954180437388
20120201,38.95,39.2,38.5,38.8,5418940,210346115,2714,-0.15,27.139035229806687
20120202,39.2,40.3,39.05,39.95,14458488,577832570,5461,+1.15,27.94341385130869
20120203,38.5,39.85,38.5,38.9,12594390,489318453,5124,-1.05,27.20898119689382
20120204,39.3,41.6,39.2,41.6,14669405,600362632,5082,+2.70,29.097522308246344
20120206,41.6,41.65,39.8,39.8,15106692,615522948,5657,-1.80,27.838494900677997
20120207,39.2,40.5,39.0,39.4,22482935,891043420,6802,-0.40,27.558711032329484
20120208,39.6,41.5,39.6,40.7,18354994,746078676,5944,+1.30,28.468008604462163
20120209,40.7,41.5,40.25,40.65,15288394,620820795,4062,-0.05,28.43303562091861
20120210,40.65,40.9,39.7,39.7,14449997,578637626,4696,-0.95,27.768548933590864
20120213,39.7,40.1,39.15,39.55,10121395,399813029,3723,-0.15,27.66362998296016
20120214,39.6,40.1,39.4,39.55,12161252,484663050,3894, 0.00,27.66362998296016
20120215,39.55,39.9,38.9,39.35,18414994,721634333,6087,-0.20,27.523738048785912
20120216,38.95,39.5,37.9,38.2,13333094,518317877,4906,-1.15,26.719359427283912
20120217,38.9,39.3,38.05,38.05,13742626,531562842,4461,-0.15,26.614440476653204
20120220,37.5,37.8,36.2,37.75,20745638,769556163,7661,-0.30,26.404602575391817
20120221,37.75,38.4,37.2,37.25,12017660,452686225,5003,-0.50,26.054872739956163
20120222,37.3,38.25,37.3,37.8,12390738,470170929,4940,+0.55,26.43957555893538
20120223,38.1,39.5,38.0,38.5,15758992,613124581,6641,+0.70,26.929197328545293
20120224,39.0,39.15,38.5,38.9,7077742,275481903,2812,+0.40,27.20898119689382
20120229,39.1,39.6,38.15,38.5,11322280,436519670,4307,-0.40,26.929197328545293
20120301,38.7,38.95,38.5,38.5,4381681,169337809,1987, 0.00,26.929197328545293
20120302,39.2,39.6,38.9,38.9,8441951,330605773,3267,+0.40,27.20898119689382
20120303,38.9,39.35,38.6,39.15,5621269,219541717,2048,+0.25,27.383846114611643
20120305,39.15,39.15,38.0,38.0,6051159,232135801,2823,-1.15,26.579467493109643
20120306,38.4,38.8,37.65,38.7,10002234,383175595,3516,+0.70,27.069089262719558
20120307,38.1,39.1,38.1,38.45,8854019,342525368,4152,-0.25,26.894224345001724
20120308,38.7,39.0,38.2,38.7,8723705,337662625,2959,+0.25,27.069089262719558
20120309,39.5,40.3,39.35,39.5,20474328,815814146,7074,+0.80,27.628656999416602
20120312,39.45,39.6,38.5,38.5,8099879,316670635,2889,-1.00,26.929197328545293
20120313,39.05,39.05,38.45,38.55,6290726,243688644,2980,+0.05,26.964170312088864
20120314,39.2,39.8,38.85,39.6,12871633,505821544,5166,+1.05,27.698602966503742
20120315,40.0,40.4,39.7,39.9,15766402,631653989,6251,+0.30,27.90844086776512
20120316,40.0,40.2,39.35,39.4,7937634,315196769,3052,-0.50,27.558711032329484
20120319,39.8,40.0,38.9,39.5,6520652,256841097,2493,+0.10,27.628656999416602
20120320,39.85,39.85,38.8,38.8,6261096,244309171,2335,-0.70,27.139035229806687
20120321,38.6,38.9,37.95,38.2,8585120,328542630,3944,-0.60,26.719359427283912
20120322,38.65,39.5,38.2,39.3,8680823,339635457,3788,+1.10,27.48876506524233
20120323,39.3,39.35,38.9,39.35,5121214,200599368,1985,+0.05,27.523738048785912
20120326,39.35,39.35,38.35,38.35,6179072,238048445,3055,-1.00,26.824278377914602
20120327,38.55,38.85,38.0,38.2,6881271,264043043,2613,-0.15,26.719359427283912
20120328,38.0,38.6,37.4,38.35,11440740,433770515,4232,+0.15,26.824278377914602
20120329,37.75,37.9,36.6,36.95,15064890,556829580,4540,-1.40,25.845034838694772
20120330,36.5,37.2,36.5,36.6,11321375,416369218,3575,-0.35,25.600223953889813
20120402,36.4,36.85,36.05,36.1,5898922,214773325,2192,-0.50,25.250494118454156
20120403,36.1,36.45,33.6,33.9,14691556,508779604,4986,-2.20,23.711682842537286
20120405,33.5,34.5,32.75,34.5,9658653,323515395,3230,+0.60,24.131358645060075
20120406,34.8,35.6,34.6,35.5,5551638,195283443,2829,+1.00,24.830818315931378
20120409,34.6,35.5,34.4,35.1,3771821,132060703,1991,-0.40,24.551034447582854
20120410,35.3,36.0,35.3,35.6,7424443,264924327,2859,+0.50,24.900764283018507
20120411,35.05,35.6,35.05,35.35,3340009,118099398,1704,-0.25,24.72589936530068
20120412,35.35,35.35,34.65,34.8,6946682,242098420,3653,-0.55,24.341196546321463
20120413,35.2,36.85,35.1,36.75,8005372,289701905,4086,+1.95,25.70514290452051
20120416,36.0,36.35,35.9,36.05,3429894,123683420,1701,-0.70,25.2155211349106
20120417,35.7,35.9,34.45,34.5,6547138,229324296,3110,-1.55,24.131358645060075
20120418,35.4,35.4,34.5,34.9,4083581,143014715,1931,+0.40,24.4111425134086
20120419,34.95,35.3,34.3,35.3,4584659,160445657,2526,+0.40,24.690926381757112
20120420,35.4,35.45,34.55,34.55,2343386,81916432,1195,-0.75,24.16633162860363
20120423,34.8,35.05,33.55,33.9,4388247,149029148,1957,-0.65,23.711682842537286
20120424,33.65,34.3,32.6,33.35,10354000,344627897,3826,-0.55,23.326980023558068
20120425,33.5,33.65,32.75,33.0,11059914,365545994,4312,-0.35,23.08216913875311
20120426,33.25,33.85,33.2,33.4,9082932,304143923,3584,+0.40,23.36195300710163
20120427,33.9,33.9,31.9,32.85,12559979,410252157,5254,-0.55,22.977250188122408
20120430,30.6,33.25,30.6,33.25,15257269,488365504,5689,+0.40,23.257034056470943
20120502,33.85,34.05,33.5,33.8,6745947,228164502,3343,+0.55,23.641736875450146
20120503,33.8,33.9,33.5,33.6,4013398,134790768,1877,-0.20,23.50184494127589
20120504,33.3,33.5,32.9,32.95,8074221,267107319,3835,-0.65,23.047196155209548
20120507,32.8,32.8,31.8,32.3,7826458,252278127,3181,-0.65,22.592547369143194
20120508,32.3,32.5,31.75,31.85,6348235,203459114,2640,-0.45,22.27779051725111
20120509,31.6,31.6,30.75,30.8,14715961,458627481,4952,-1.05,21.543357862836235
20120510,30.8,31.45,30.6,30.7,14243850,441246374,4336,-0.10,21.473411895749102
20120511,30.6,30.8,29.8,30.05,11643767,349923484,4158,-0.65,21.01876310968276
20120514,30.2,30.45,30.0,30.05,5722019,172643513,2064, 0.00,21.01876310968276
20120515,30.0,30.0,29.4,29.95,10363699,306855421,3800,-0.10,20.948817142595622
20120516,29.9,30.1,29.3,29.3,6634113,196684853,2471,-0.65,20.494168356529276
20120517,29.3,29.9,29.15,29.6,11616487,339573510,3056,+0.30,20.70400625779067
20120518,29.15,29.3,28.6,28.6,15451607,438615201,3219,-1.00,20.004546586919357
20120521,28.75,29.2,28.6,28.6,5515938,159443020,1594, 0.00,20.004546586919357
20120522,29.1,29.2,28.85,29.05,5860499,170113087,1879,+0.45,20.319303438811456
20120523,28.8,29.0,28.4,28.85,5635539,162225625,1771,-0.20,20.179411504637184
20120524,29.0,29.2,28.4,28.5,5916718,170529029,2510,-0.35,19.934600619832224
20120525,28.6,28.75,28.0,28.05,5641375,159692758,2427,-0.45,19.61984376794015
20120528,28.6,29.0,28.1,28.8,4716946,135285934,2203,+0.75,20.144438521093623
20120529,29.2,30.8,29.0,30.8,22380678,676494173,4854,+2.00,21.543357862836235
20120530,30.8,32.95,30.7,32.95,39060369,1250299043,11484,+2.15,23.047196155209548
20120531,32.95,33.2,32.2,32.25,21406018,696083121,6686,-0.70,22.55757438559963
20120601,31.8,31.85,30.25,30.25,15764747,489089602,6243,-2.00,21.15865504385702
20120604,29.3,31.25,29.3,30.85,16831267,510470024,6890,+0.60,21.578330846379803
20120605,32.0,32.75,31.55,32.4,15207412,489550992,6627,+1.55,22.662493336230323
20120606,32.95,33.2,32.0,32.15,12967091,422435285,5397,-0.25,22.4876284185125
20120607,32.75,32.9,32.15,32.15,17479521,568425899,6233, 0.00,22.4876284185125
20120608,32.0,32.2,31.4,32.0,9088415,289569550,3977,-0.15,22.382709467881806
20120611,32.5,32.7,31.25,31.3,10598612,336449555,4497,-0.70,21.89308769827189
20120612,31.0,31.55,30.8,31.5,5141000,160429050,2537,+0.20,22.032979632446153
20120613,31.8,31.8,31.35,31.75,4711640,148795602,2464,+0.25,22.207844550163987
20120614,31.75,31.75,31.1,31.1,3858774,120988918,2226,-0.65,21.753195764097626
20120615,31.1,33.0,30.8,33.0,18888249,605707888,4923,+1.90,23.08216913875311
20120618,32.85,32.85,32.25,32.3,8533795,277136320,3289,-0.70,22.592547369143194
20120619,32.3,32.6,32.1,32.3,3341024,108154215,1557, 0.00,22.592547369143194
20120620,32.6,33.35,32.3,33.35,9978666,328372117,4101,+1.05,23.326980023558068
20120621,33.35,33.65,32.75,33.25,10600288,352036654,4289,-0.10,23.257034056470943
20120622,32.8,33.9,32.8,33.9,15895875,534430254,6216,+0.65,23.711682842537286
20120625,33.8,34.1,33.45,33.85,9594988,324796329,3752,-0.05,23.676709858993718
20120626,33.8,33.9,33.45,33.5,8066591,271200552,2830,-0.35,23.43189897418877
20120627,33.5,33.95,32.8,32.8,7568725,252608025,3041,-0.70,22.942277204578847
20120628,33.5,33.5,32.8,33.05,5868773,194388991,2751,+0.25,23.117142122296674
20120629,33.3,33.9,33.1,33.8,6792461,228070108,3167,+0.75,23.641736875450146
20120702,34.2,34.2,33.6,33.7,4269877,144399102,1830,-0.10,23.571790908363027
20120703,34.0,34.2,33.55,33.65,4915438,166568281,1896,-0.05,23.536817924819456
20120704,33.95,35.25,33.9,35.0,15698611,546116385,5330,+1.35,24.481088480495725
20120705,35.0,35.1,34.05,34.1,7741101,266276700,3355,-0.90,23.85157477671155
20120706,34.0,34.2,33.65,33.7,6110880,206802650,2353,-0.40,23.571790908363027
20120709,33.7,34.3,33.6,33.85,4295198,145985745,1708,+0.15,23.676709858993718
20120710,34.0,34.05,33.0,33.4,4642163,155472237,2044,-0.45,23.36195300710163
20120711,33.1,33.45,32.85,33.4,3351257,111269116,1391, 0.00,23.36195300710163
20120712,33.75,34.15,33.2,33.2,6955510,233914580,2758,-0.20,23.222061072927374
20120713,33.2,33.6,33.1,33.25,6733579,224517046,2226,+0.05,23.257034056470943
20120716,33.55,33.8,33.4,33.45,3044245,102210390,1641,+0.20,23.3969259906452
20120717,33.45,33.75,31.85,32.2,8547158,277747333,3570,-1.25,22.522601402056065
20120718,32.5,33.4,32.3,32.85,5912147,194864716,2920,+0.65,22.977250188122408
20120719,33.3,34.4,33.2,34.0,9448750,321384400,4003,+1.15,23.781628809624415
20120720,34.4,34.75,33.8,34.6,8060462,277750680,3069,+0.60,24.201304612147197
20120723,34.6,34.6,33.9,34.3,7242855,247799476,2366,-0.30,23.991466710885806
20120724,34.3,35.35,34.25,34.8,10595560,370488880,3628,+0.50,24.341196546321463
20120725,34.5,35.3,34.15,34.15,6093653,212167544,2808,-0.65,23.886547760255112
20120726,34.55,34.85,33.75,33.8,5388998,183591827,2557,-0.35,23.641736875450146
20120727,34.4,34.5,33.9,34.2,6837673,232663861,1865,+0.40,23.921520743798677
20120730,34.5,34.5,32.9,33.75,3761447,126748480,1540,-0.45,23.606763891906596
20120731,33.75,33.85,33.5,33.7,6283592,211491526,1811,-0.05,23.571790908363027
20120801,33.7,34.1,33.4,34.0,8003625,270738402,2871,+0.30,23.781628809624415
20120803,32.65,33.25,32.45,32.45,9800021,320862880,3392,-0.05,23.745041688378844
20120806,33.1,33.2,32.55,32.55,3849666,126301791,1687,+0.10,23.818215930869997
20120807,32.9,33.5,32.6,33.45,6278102,207442401,2734,+0.90,24.47678411329036
20120808,33.5,33.6,33.05,33.45,7621071,254370464,2675, 0.00,24.47678411329036
20120809,33.35,33.75,33.1,33.3,9660985,323072446,3468,-0.15,24.36702274955363
20120810,33.3,33.85,33.2,33.6,8802761,295565114,3049,+0.30,24.58654547702709
20120813,33.9,33.9,32.9,33.1,8227690,273333395,3161,-0.50,24.22067426457133
20120814,33.1,33.7,33.0,33.5,10295597,344240711,3292,+0.40,24.51337123453594
20120815,33.4,33.8,33.35,33.4,11747497,395015189,4141,-0.10,24.440196992044783
20120816,33.7,34.3,33.5,33.5,23840367,808766348,6243,+0.10,24.51337123453594
20120817,33.6,34.1,32.9,33.85,12610530,424858581,4434,+0.35,24.76948108325497
20120820,34.1,34.9,34.1,34.65,20228763,700069121,6241,+0.80,25.354875023184174
20120821,34.9,35.35,34.7,34.7,13033635,455824071,4745,+0.05,25.39146214442976
20120822,34.7,34.8,34.1,34.6,9173620,315846052,3039,-0.10,25.318287901938614
20120823,34.6,34.9,34.45,34.65,5577318,193188203,2054,+0.05,25.354875023184174
20120824,34.4,34.55,34.05,34.15,4596833,157269743,1781,-0.50,24.989003810728423
20120827,34.5,34.55,33.8,34.1,4026914,137194561,1467,-0.05,24.95241668948285
20120828,33.9,34.1,33.45,33.5,5242360,176400955,1750,-0.60,24.51337123453594
20120829,33.5,33.75,33.45,33.6,3189637,107077546,1284,+0.10,24.58654547702709
20120830,33.5,33.85,33.45,33.6,3226987,108737909,1224, 0.00,24.58654547702709
20120831,33.5,34.2,33.45,34.05,3567262,120826609,1390,+0.45,24.915829568237267
20120903,34.3,34.4,34.05,34.2,2189620,74905199,1149,+0.15,25.02559093197401
20120904,34.4,34.7,34.1,34.2,4422714,152243541,1805, 0.00,25.02559093197401
20120905,34.35,34.55,34.2,34.2,5072776,174531730,2035, 0.00,25.02559093197401
20120906,34.3,34.5,32.7,32.7,15190884,503271323,5193,-1.50,23.927977294606723
20120907,33.3,33.55,32.95,33.3,9820772,325641151,3284,+0.60,24.36702274955363
20120910,33.3,33.7,33.1,33.2,4369249,146094640,1850,-0.10,24.293848507062474
20120911,33.1,33.2,32.7,32.75,6549175,212899435,2036,-0.45,23.964564415852298
20120912,32.9,33.15,32.85,33.0,6343322,209165576,2370,+0.25,24.147500022080173
20120913,33.1,34.0,33.1,33.25,10555979,353428939,3733,+0.25,24.33043562830806
20120914,33.85,34.2,33.65,34.0,16677543,565848360,5297,+0.75,24.879242446991704
20120917,34.05,35.2,33.75,34.65,14940336,518073728,4844,+0.65,25.354875023184174
20120918,35.0,35.95,35.0,35.1,24431885,866305151,7850,+0.45,25.684159114394372
20120919,35.3,35.45,34.65,34.8,11410958,399044780,4264,-0.30,25.464636386920912
20120920,34.8,35.4,34.65,35.3,11088351,389935229,3720,+0.50,25.83050759937667
20120921,35.65,36.15,35.25,36.15,14691656,525466046,4984,+0.85,26.452488660551463
20120924,36.3,36.45,35.7,36.2,7402210,267457842,3125,+0.05,26.489075781797045
20120925,36.3,36.4,35.5,35.55,4900149,175429836,2163,-0.65,26.013443205604556
20120926,34.8,35.25,34.15,34.5,9373324,321215523,3134,-1.05,25.245113659447462
20120927,34.2,34.95,34.2,34.85,3390394,117745821,1591,+0.35,25.50122350816648
20120928,35.2,35.2,34.4,34.95,2969270,103206824,1329,+0.10,25.574397750657642
20121001,34.6,35.2,34.6,35.1,3115355,109032225,1176,+0.15,25.684159114394372
20121002,35.4,35.4,35.1,35.15,2376080,83669847,1223,+0.05,25.720746235639943
20121003,35.25,35.4,34.9,35.0,2245699,78702569,1016,-0.15,25.610984871903213
20121004,34.9,34.9,33.8,33.8,7301978,248807652,2800,-1.20,24.732893962009395
20121005,34.0,34.25,33.7,34.0,2833164,96252426,1334,+0.20,24.879242446991704
20121008,34.4,34.4,33.55,33.55,3075583,103980899,1359,-0.45,24.54995835578151
20121009,33.3,33.95,33.0,33.4,4825405,160394140,2145,-0.15,24.440196992044783
20121011,33.0,33.1,32.0,32.0,7858220,254988635,3065,-1.40,23.415757597168653
20121012,32.1,32.7,31.8,32.2,5164811,166333645,2044,+0.20,23.56210608215096
20121015,33.0,33.05,32.25,32.95,3121711,102377282,1656,+0.75,24.1109129008346
20121016,33.0,33.3,32.25,32.45,3126647,101942536,1506,-0.50,23.745041688378844
20121017,32.7,32.8,31.75,31.75,5078333,163420193,2011,-0.70,23.232821990940774
20121018,31.8,32.15,31.4,31.8,5037142,160561543,2404,+0.05,23.269409112186356
20121019,31.85,32.3,31.65,31.65,3064395,97838994,1555,-0.15,23.159647748449622
20121022,31.15,31.3,30.75,31.25,3831588,118923070,1791,-0.40,22.86695077848501
20121023,31.35,31.4,30.4,30.5,6508600,200320765,2543,-0.75,22.318143959801375
20121024,30.1,31.3,30.05,31.0,5207789,160449109,2326,+0.50,22.684015172257137
20121025,31.3,31.5,31.0,31.15,2890308,90441889,1477,+0.15,22.79377653599386
20121026,31.45,31.45,29.9,29.9,6412317,194969460,2618,-1.25,21.879098504854465
20121029,29.9,30.0,28.7,28.85,7037880,207022905,2919,-1.05,21.110768958697367
20121030,29.1,30.85,29.1,30.3,5802751,175409000,2702,+1.45,22.171795474819067
20121031,30.5,30.5,29.35,29.9,7110620,212354684,2522,-0.40,21.879098504854465
20121101,29.05,30.2,28.75,29.5,7129069,208900144,2861,-0.40,21.586401534889852
20121102,29.8,30.25,29.75,30.2,4955233,149081981,2026,+0.70,22.098621232327925
20121105,30.0,30.2,29.25,29.7,4949629,146989626,1861,-0.50,21.732750019872153
20121106,30.2,30.2,29.4,29.9,3018376,89840007,1417,+0.20,21.879098504854465
20121107,30.0,30.5,29.9,30.1,6005332,181293320,2137,+0.20,22.025446989836773
20121108,29.7,29.9,29.4,29.9,4620716,137345704,2184,-0.20,21.879098504854465
20121109,29.6,30.35,29.4,29.95,11373045,340901183,4081,+0.05,21.915685626100036
20121112,29.95,30.0,29.25,29.25,5395298,159674510,2537,-0.70,21.40346592866198
20121113,29.25,29.25,28.15,28.2,8923904,254769169,4274,-1.05,20.635136382504875
20121114,28.2,28.7,28.0,28.3,4685168,133065404,1992,+0.10,20.708310624996027
20121115,28.1,28.35,28.0,28.1,3583505,101025787,1762,-0.20,20.561962140013723
20121116,28.5,28.8,28.3,28.3,2783509,79299253,1324,+0.20,20.708310624996027
20121119,28.5,28.5,28.25,28.4,2156205,61209339,929,+0.10,20.78148486748718
20121120,28.8,28.8,28.5,28.5,4079537,117065898,1590,+0.10,20.854659109978336
20121121,28.7,28.75,28.15,28.25,2496736,70884636,1207,-0.25,20.671723503750453
20121122,28.5,28.65,28.35,28.35,1303041,37141507,788,+0.10,20.7448977462416
20121123,28.4,29.45,28.4,29.4,7969795,232100612,2801,+1.05,21.513227292398703
20121126,29.6,30.25,29.45,29.95,8889490,265462093,3263,+0.55,21.915685626100036
20121127,29.9,30.7,29.9,30.7,9546817,290774943,3588,+0.75,22.46449244478368
20121128,30.4,30.5,29.9,30.25,8198996,247967069,2690,-0.45,22.135208353573493
20121129,30.45,31.15,30.35,31.0,7330322,226482782,2998,+0.75,22.684015172257137
20121130,31.4,31.6,31.05,31.6,6137819,192715841,2520,+0.60,23.123060627204048
20121203,31.6,31.6,31.1,31.45,3333402,104402244,1467,-0.15,23.013299263467317
20121204,31.4,31.4,30.95,31.2,3842703,119507579,1588,-0.25,22.830363657239438
20121205,31.2,31.5,31.05,31.15,3886850,121495028,1812,-0.05,22.79377653599386
20121206,31.4,31.45,30.8,30.8,4679298,145295489,2194,-0.35,22.537666687274832
20121207,30.8,31.2,30.8,30.8,3015389,93356175,1357, 0.00,22.537666687274832
20121210,31.0,31.15,30.35,30.35,3012540,92226980,1558,-0.45,22.20838259606465
20121211,30.3,30.95,30.25,30.95,4669189,143076033,1911,+0.60,22.647428051011566
20121212,31.1,31.2,30.8,30.8,4221917,130639488,2035,-0.15,22.537666687274832
20121213,30.8,31.35,30.7,31.0,3993443,123867357,1348,+0.20,22.684015172257137
20121214,30.75,31.0,30.65,30.7,2347041,72129402,1099,-0.30,22.46449244478368
20121217,30.4,30.7,30.2,30.55,3070154,93545794,1400,-0.15,22.354731081046957
20121218,30.7,30.85,30.45,30.75,2125968,65126210,1053,+0.20,22.501079566029254
20121219,30.9,30.95,30.25,30.6,4751502,145062655,1923,-0.15,22.39131820229253
20121220,30.5,30.5,30.05,30.05,3551212,107039531,1344,-0.55,21.98885986859119
20121221,30.05,30.25,29.4,29.7,3313947,98239725,1582,-0.35,21.732750019872153
20121222,29.9,29.9,29.6,29.6,2574639,76454056,1001,-0.10,21.659575777381
20121224,29.6,29.9,29.5,29.55,3201324,94862551,1144,-0.05,21.62298865613543
20121225,29.7,30.75,29.65,30.75,3933114,119371785,2031,+1.20,22.501079566029254
20121226,31.0,31.2,30.65,30.7,7454498,230315174,2917,-0.05,22.46449244478368
20121227,30.6,30.9,30.55,30.8,2427196,74689530,1406,+0.10,22.537666687274832
20121228,30.95,31.1,30.8,30.8,3071432,95017249,1677, 0.00,22.537666687274832
20130102,31.0,31.1,30.6,30.6,4058122,124932861,1710,-0.20,22.39131820229253
20130103,31.0,31.4,30.75,31.15,7597955,236107805,2258,+0.55,22.79377653599386
20130104,31.1,31.1,30.65,30.65,3513621,108317174,1773,-0.50,22.427905323538106
20130107,30.8,30.85,30.2,30.2,3155394,95994144,1962,-0.45,22.098621232327925
20130108,30.2,30.2,29.75,29.8,3919804,117198896,2053,-0.40,21.80592426236331
20130109,29.75,30.4,29.7,30.1,3944186,118540510,1550,+0.30,22.025446989836773
20130110,30.4,30.4,29.65,30.0,6273377,187944993,2770,-0.10,21.952272747345617
20130111,30.2,30.25,29.7,29.75,4543892,135736530,1926,-0.25,21.769337141117738
20130114,29.55,29.85,29.5,29.8,2404480,71439371,1092,+0.05,21.80592426236331
20130115,30.0,30.25,29.7,29.8,3762442,112688767,1549, 0.00,21.80592426236331
20130116,30.0,30.0,29.6,29.6,5103761,151837494,2344,-0.20,21.659575777381
20130117,29.7,30.0,28.7,28.8,5880257,172683990,2485,-0.80,21.07418183745179
20130118,29.1,29.25,28.8,29.0,4320333,125147607,1928,+0.20,21.2205303224341
20130121,29.0,29.0,28.6,28.65,3592100,103165168,2082,-0.35,20.964420473715062
20130122,28.6,29.2,28.6,28.9,4853638,140119107,2161,+0.25,21.147356079942945
20130123,29.1,29.1,28.75,29.05,3096662,89558873,1491,+0.15,21.25711744367967
20130124,29.0,29.1,28.6,28.65,5194367,149527725,1755,-0.40,20.964420473715062
20130125,28.65,28.85,28.55,28.55,3986865,114154930,1630,-0.10,20.89124623122391
20130128,28.6,28.75,28.35,28.5,3336357,95099820,1307,-0.05,20.854659109978336
20130129,28.8,29.2,28.7,29.2,3871055,112343590,1819,+0.70,21.366878807416402
20130130,29.2,29.5,29.2,29.25,4477687,131415902,1885,+0.05,21.40346592866198
20130131,29.3,29.5,28.95,29.5,4925304,144182383,1788,+0.25,21.586401534889852
20130201,28.95,29.15,28.75,28.8,8211416,237558217,3021,-0.70,21.07418183745179
20130204,29.2,29.2,28.8,29.0,3164953,91540074,1444,+0.20,21.2205303224341
20130205,29.0,29.0,28.55,28.8,3019413,86752362,1628,-0.20,21.07418183745179
20130206,28.8,28.9,28.5,28.5,4352923,124455196,2029,-0.30,20.854659109978336
20130218,28.8,28.8,28.3,28.3,4964695,141245990,1939,-0.20,20.708310624996027
20130219,28.4,28.7,28.35,28.4,4165677,118606267,1875,+0.10,20.78148486748718
20130220,28.6,28.85,28.45,28.85,5908401,169291098,2400,+0.45,21.110768958697367
20130221,28.8,29.1,28.6,28.95,6400572,184904487,1901,+0.10,21.183943201188523
20130222,28.9,28.95,28.55,28.8,5859620,168381114,1737,-0.15,21.07418183745179
20130223,29.1,29.1,28.8,28.95,1207884,34908551,618,+0.15,21.183943201188523
20130225,28.95,28.95,28.5,28.5,3618522,103643887,1886,-0.45,20.854659109978336
20130226,28.35,28.6,28.2,28.3,7131250,197860962,1650,-0.20,20.708310624996027
20130227,28.45,28.55,28.2,28.2,3517005,99564982,1567,-0.10,20.635136382504875
20130301,28.5,28.6,28.2,28.2,3567496,101055830,1620, 0.00,20.635136382504875
20130304,28.3,28.35,27.55,28.2,7245852,202779418,3152, 0.00,20.635136382504875
20130305,28.3,28.3,27.85,28.0,2703462,75802296,1343,-0.20,20.488787897522567
20130306,28.35,28.4,27.95,28.0,3689277,103739756,1819, 0.00,20.488787897522567
20130307,28.0,28.35,28.0,28.35,3009030,84571083,1843,+0.35,20.7448977462416
20130308,28.5,28.7,28.4,28.7,3847779,109976916,1708,+0.35,21.001007594960637
20130311,28.8,29.1,28.5,29.05,4324647,124788077,1869,+0.35,21.25711744367967
20130312,29.6,30.2,29.35,30.1,15694728,469846833,5770,+1.05,22.025446989836773
20130313,30.1,30.8,30.0,30.25,12919162,393092130,4031,+0.15,22.135208353573493
20130314,31.05,31.4,30.55,30.65,21336262,659712048,7015,+0.40,22.427905323538106
20130315,30.8,30.8,29.5,29.6,8919408,268380510,3572,-1.05,21.659575777381
20130318,29.6,29.85,29.1,29.1,6262408,183833635,2547,-0.50,21.29370456492525
20130319,29.15,30.4,29.15,30.2,11113624,333833934,3697,+1.10,22.098621232327925
20130320,30.1,30.8,29.95,30.35,9148860,278878929,3382,+0.15,22.20838259606465
20130321,30.5,30.65,30.15,30.15,5012914,152161097,1729,-0.20,22.06203411108234
20130322,30.15,30.8,30.15,30.5,6270686,191558198,2054,+0.35,22.318143959801375
20130325,30.6,30.8,30.15,30.25,4089570,123964630,1738,-0.25,22.135208353573493
20130326,30.4,30.6,30.2,30.2,5065556,154068785,1878,-0.05,22.098621232327925
20130327,30.55,31.15,30.3,31.15,16429052,508231497,5566,+0.95,22.79377653599386
20130328,31.3,31.3,30.55,30.7,7390454,228012139,2900,-0.45,22.46449244478368
20130329,30.8,31.55,30.7,31.15,16480767,513243926,5414,+0.45,22.79377653599386
20130401,31.15,31.2,30.65,30.75,5131676,158269798,1981,-0.40,22.501079566029254
20130402,30.75,30.85,30.55,30.85,4585420,140803642,1843,+0.10,22.57425380852041
20130403,31.2,31.2,30.85,30.85,4460592,138117228,1747, 0.00,22.57425380852041
20130408,30.15,30.2,29.65,29.9,6759431,202287534,2785,-0.95,21.879098504854465
20130409,29.95,30.3,29.85,29.85,4024228,120869440,1873,-0.05,21.84251138360889
20130410,30.0,30.05,29.6,29.6,3329196,99244868,1902,-0.25,21.659575777381
20130411,29.8,30.1,29.65,29.9,3281481,97844296,1383,+0.30,21.879098504854465
20130412,30.25,30.25,29.6,29.7,2557163,76180793,1138,-0.20,21.732750019872153
20130415,29.5,29.65,28.9,28.9,3867220,112856430,1682,-0.80,21.147356079942945
20130416,28.5,29.6,28.5,29.6,2785731,81057149,1206,+0.70,21.659575777381
20130417,29.6,29.8,29.35,29.35,3538861,104715042,1584,-0.25,21.47664017115313
20130418,29.2,30.6,29.05,30.5,8109882,244187544,3525,+1.15,22.318143959801375
20130419,30.5,30.5,29.9,30.0,8442764,254674020,3175,-0.50,21.952272747345617
20130422,30.0,30.2,29.5,29.65,8473993,252155784,2644,-0.35,21.696162898626586
20130423,29.8,29.95,29.3,29.5,8034937,237189636,2800,-0.15,21.586401534889852
20130424,29.65,29.8,29.45,29.5,11744772,346920717,3040, 0.00,21.586401534889852
20130425,29.5,29.65,29.4,29.5,8408069,248053232,2730, 0.00,21.586401534889852
20130426,29.7,30.6,29.7,30.15,16246108,491814790,5536,+0.65,22.06203411108234
20130429,30.5,31.1,30.35,31.1,13578901,416759500,4890,+0.95,22.75718941474829
20130430,31.4,31.9,30.9,31.1,19901549,622378669,6493, 0.00,22.75718941474829
20130502,31.0,31.0,30.25,30.3,11289391,343763783,4111,-0.80,22.171795474819067
20130503,30.5,30.7,29.85,29.95,8485828,256103884,3081,-0.35,21.915685626100036
20130506,30.45,30.5,30.1,30.1,7316459,221610179,2418,+0.15,22.025446989836773
20130507,30.55,30.85,30.4,30.4,8582439,262567133,3296,+0.30,22.244969717310223
20130508,30.5,31.45,30.5,31.25,15834325,492944533,5515,+0.85,22.86695077848501
20130509,31.6,31.6,30.9,31.05,9535460,296786910,3434,-0.20,22.72060229350271
20130510,31.1,31.6,31.05,31.35,8436140,264720719,3667,+0.30,22.940125020976165
20130513,31.35,31.45,30.4,30.5,11254015,345801349,3641,-0.85,22.318143959801375
20130514,30.7,30.95,30.5,30.95,5431933,166914672,2193,+0.45,22.647428051011566
20130515,31.0,31.1,30.7,31.1,4438287,137249697,1889,+0.15,22.75718941474829
20130516,31.3,31.35,30.9,31.1,6489316,201895396,2536, 0.00,22.75718941474829
20130517,31.25,31.3,31.0,31.0,3449031,107508761,1657,-0.10,22.684015172257137
20130520,31.0,32.45,30.8,32.4,17703875,565724629,6209,+1.40,23.708454567133266
20130521,32.8,33.0,31.7,31.7,11913676,384487217,5390,-0.70,23.1962348696952
20130522,32.0,32.9,31.55,32.9,20073034,651898185,6531,+1.20,24.07432577958902
20130523,32.7,33.3,32.0,32.0,15904855,517977310,5884,-0.90,23.415757597168653
20130524,32.45,32.5,31.55,31.65,7863837,251583724,2954,-0.35,23.159647748449622
20130527,32.0,32.6,31.9,32.6,10875467,351245460,3850,+0.95,23.85480305211557
20130528,32.75,32.75,32.1,32.15,6650800,215330058,2685,-0.45,23.525518960905387
20130529,32.4,32.7,31.75,32.25,4794712,154097201,2006,+0.10,23.59869320339654
20130530,32.2,32.3,31.65,31.7,4497510,143425612,2244,-0.55,23.1962348696952
20130531,32.2,32.5,31.55,32.5,10547501,338371524,3131,+0.80,23.781628809624415
20130603,31.65,32.4,31.6,32.1,4653011,149388002,2446,-0.40,23.48893183965981
20130604,32.2,32.3,31.65,31.65,3897825,124007397,1616,-0.45,23.159647748449622
20130605,31.65,31.8,31.2,31.25,4575709,144148897,1688,-0.40,22.86695077848501
20130606,31.1,31.55,30.85,31.25,3951105,123331376,1774, 0.00,22.86695077848501
20130607,31.05,31.25,30.75,30.75,4164275,128932351,1543,-0.50,22.501079566029254
20130610,31.05,31.4,30.85,31.0,3393411,105668908,1307,+0.25,22.684015172257137
20130611,31.2,31.25,30.7,31.05,2911578,90104418,1199,+0.05,22.72060229350271
20130613,30.7,30.8,30.0,30.0,6067598,183184690,2786,-1.05,21.952272747345617
20130614,30.05,30.4,29.5,29.5,3931982,116960060,2082,-0.50,21.586401534889852
20130617,29.2,29.7,29.15,29.4,5323573,156155551,2648,-0.10,21.513227292398703
20130618,29.4,29.55,29.15,29.2,3356755,98403286,2150,-0.20,21.366878807416402
20130619,29.6,29.85,29.4,29.4,3162129,93271182,1865,+0.20,21.513227292398703
20130620,29.15,29.3,28.1,28.2,9558922,273231388,4041,-1.20,20.635136382504875
20130621,27.9,28.15,27.5,27.5,16738714,463576342,4456,-0.70,20.122916685066816
20130624,27.9,28.25,27.8,27.85,4876450,136591900,2540,+0.35,20.37902653378584
20130625,27.9,28.65,27.85,28.35,6569640,185721381,2915,+0.50,20.7448977462416
20130626,28.75,29.1,28.6,29.1,8419560,243418790,3435,+0.75,21.29370456492525
20130627,29.1,29.35,28.5,28.65,8352374,241049458,3939,-0.45,20.964420473715062
20130628,28.95,29.25,28.65,28.7,5541761,160019262,2385,+0.05,21.001007594960637
20130701,28.75,29.4,28.6,29.2,2924756,85286019,1299,+0.50,21.366878807416402
20130702,29.5,29.5,28.85,28.85,2791647,81268410,1540,-0.35,21.110768958697367
20130703,28.85,29.2,28.85,29.0,2909343,84399699,1092,+0.15,21.2205303224341
20130704,29.1,29.1,28.25,28.3,3300592,94048926,1400,-0.70,20.708310624996027
20130705,28.5,28.85,28.45,28.8,4012877,115006058,1193,+0.50,21.07418183745179
20130708,28.8,28.9,28.5,28.8,2411500,69322722,972, 0.00,21.07418183745179
20130709,28.75,29.05,28.4,28.4,3976623,113616689,1641,-0.40,20.78148486748718
20130710,28.55,28.95,28.4,28.5,3798779,108725199,1253,+0.10,20.854659109978336
20130711,28.9,29.15,28.7,29.15,4216108,122338591,1923,+0.65,21.330291686170824
20130712,29.3,29.4,29.05,29.4,3189000,93171550,1464,+0.25,21.513227292398703
20130715,29.5,29.9,29.3,29.9,4711395,139606782,2441,+0.50,21.879098504854465
20130716,30.0,30.25,29.7,30.2,6191816,186046052,3075,+0.30,22.098621232327925
20130717,30.1,30.1,29.6,30.0,3148531,93914397,1660,-0.20,21.952272747345617
20130718,30.0,30.1,29.6,29.9,3616780,107851789,1794,-0.10,21.879098504854465
20130719,29.9,30.1,29.6,29.7,3057635,91094242,1617,-0.20,21.732750019872153
20130722,30.0,30.0,29.65,29.75,4312822,128509046,2173,+0.05,21.769337141117738
20130723,29.95,30.5,29.9,30.5,5871220,177456364,2743,+0.75,22.318143959801375
20130724,30.5,30.5,29.85,29.9,5836218,175086401,2117,-0.60,21.879098504854465
20130725,29.0,29.2,28.8,28.8,4676829,135404170,1945,X0.00,21.879098504854465
20130726,28.9,29.25,28.6,28.65,3736015,107790418,1921,-0.15,21.765144866808345
20130729,28.6,28.85,28.5,28.55,2052927,58760906,803,-0.10,21.689175774777606
20130730,28.6,28.95,28.45,28.75,2394396,68705837,1128,+0.20,21.8411139588391
20130731,28.55,28.6,27.55,27.55,8359176,233490906,3869,-1.20,20.92948485447016
20130801,26.75,26.9,25.65,25.75,17719595,465045470,6161,-1.80,19.562041197916756
20130802,25.8,26.0,24.5,25.5,17087432,431421725,6560,-0.25,19.372118467839886
20130805,25.2,25.45,25.15,25.25,4737023,119719518,2612,-0.25,19.18219573776303
20130806,25.25,25.4,24.75,24.8,6018977,149980925,2796,-0.45,18.840334823624676
20130807,24.7,24.7,23.55,23.75,12341492,296641123,5176,-1.05,18.042659357301858
20130808,23.75,24.25,23.5,23.75,8800699,209483893,4174, 0.00,18.042659357301858
20130809,23.8,24.15,23.8,23.9,5954768,142390105,2819,+0.15,18.15661299534797
20130812,23.9,24.35,23.7,24.3,6065429,146220964,2422,+0.40,18.460489363470952
20130813,24.8,24.8,24.5,24.55,5713016,140689081,2340,+0.25,18.650412093547818
20130814,24.55,24.7,24.15,24.3,4454041,108492434,2033,-0.25,18.460489363470952
20130815,24.05,24.15,23.9,23.9,3535322,84868350,1739,-0.40,18.15661299534797
20130816,23.8,24.45,23.7,24.4,4581410,110676471,2187,+0.50,18.536458455501695
20130819,24.65,24.75,24.4,24.6,6632579,163202914,2893,+0.20,18.68839663956319
20130820,24.5,24.6,23.5,23.8,6089012,146514224,3082,-0.80,18.080643903317227
20130822,23.55,24.15,23.5,23.65,6270538,149028992,3301,-0.15,17.966690265271108
20130823,23.8,24.7,23.8,24.55,8320425,202573236,3884,+0.90,18.650412093547818
20130826,24.8,25.2,24.75,24.9,8147536,203484911,3504,+0.35,18.91630391565543
20130827,24.8,24.8,24.1,24.1,4964556,121198191,2393,-0.80,18.30855117940947
20130828,23.8,24.0,23.75,23.85,4117700,98289970,1937,-0.25,18.118628449332608
20130829,23.9,24.25,23.9,23.95,2807974,67626868,1231,+0.10,18.19459754136335
20130830,24.0,24.3,24.0,24.3,2538531,61385470,1113,+0.35,18.460489363470952
20130902,24.3,25.4,24.25,25.3,10648998,265931592,4380,+1.00,19.220180283778404
20130903,25.5,25.5,24.95,25.05,8377253,210847475,3497,-0.25,19.03025755370154
20130904,25.0,25.2,24.85,25.15,4335003,108489268,2147,+0.10,19.10622664573228
20130905,25.4,25.4,25.1,25.3,4953510,125102767,1893,+0.15,19.220180283778404
20130906,25.4,25.4,25.05,25.05,3612528,90843563,1449,-0.25,19.03025755370154
20130909,25.15,25.35,24.95,25.3,4261089,107375740,1973,+0.25,19.220180283778404
20130910,25.5,25.55,24.9,24.9,5235011,131547665,2228,-0.40,18.91630391565543
20130911,25.0,25.4,24.8,25.4,4451544,111644055,1865,+0.50,19.296149375809147
20130912,25.4,25.4,24.8,24.9,5121245,128199890,2498,-0.50,18.91630391565543
20130913,25.3,25.3,25.0,25.1,3267349,82082251,1476,+0.20,19.068242099716908
20130914,25.4,25.45,25.05,25.05,2188659,55134602,930,-0.05,19.03025755370154
20130916,25.2,25.35,25.15,25.25,3411524,86093716,1414,+0.20,19.18219573776303
20130917,25.2,25.25,24.65,25.0,5305505,132185225,2431,-0.25,18.992273007686165
20130918,25.0,25.2,24.9,25.15,3482135,87269174,1568,+0.15,19.10622664573228
20130923,25.25,26.9,25.15,26.9,25316429,664641120,8508,+1.75,20.43568575627032
20130924,27.2,27.5,26.55,26.6,19796063,534900725,7202,-0.30,20.207778480178085
20130925,26.6,26.7,26.05,26.1,8945189,234281626,3380,-0.50,19.82793302002436
20130926,26.1,26.2,25.55,25.55,6951473,179101177,2960,-0.55,19.41010301385526
20130927,25.55,25.8,25.35,25.35,5291933,134777038,2108,-0.20,19.258164829793774
20130930,25.2,25.3,25.05,25.2,3575579,90055469,1404,-0.15,19.144211191747655
20131001,25.3,25.8,25.2,25.2,3627428,92409779,1742, 0.00,19.144211191747655
20131002,25.2,25.5,25.2,25.25,3621231,91603573,1822,+0.05,19.18219573776303
20131003,25.55,26.1,25.55,25.75,9543974,246548870,3912,+0.50,19.562041197916756
20131004,25.85,25.95,25.4,25.45,5520328,141167531,2354,-0.30,19.334133921824517
20131007,25.45,25.65,25.2,25.3,3765377,95671930,1583,-0.15,19.220180283778404
20131008,25.5,25.5,25.15,25.5,6069945,153543388,1918,+0.20,19.372118467839886
20131009,25.4,25.4,24.95,24.95,6095862,153217300,2374,-0.55,18.95428846167079
20131011,25.1,25.4,24.4,24.4,5389724,133642152,2104,-0.55,18.536458455501695
20131014,24.4,24.45,23.8,23.9,5191181,124558175,2263,-0.50,18.15661299534797
20131015,24.0,24.2,23.95,23.95,4137278,99347146,1726,+0.05,18.19459754136335
20131016,24.1,24.65,24.0,24.1,5035307,122288323,2143,+0.15,18.30855117940947
20131017,24.4,24.55,24.1,24.2,3728232,90227355,1882,+0.10,18.384520271440202
20131018,24.35,24.35,23.9,24.25,5762328,138746031,2239,+0.05,18.422504817455586
20131021,24.4,24.4,24.0,24.2,4149072,100047644,2135,-0.05,18.384520271440202
20131022,24.1,24.15,23.95,23.95,4150591,99763984,1490,-0.25,18.19459754136335
20131023,24.0,24.15,23.9,23.9,3411452,81896837,1461,-0.05,18.15661299534797
20131024,23.95,24.35,23.95,24.1,4505683,108973284,1940,+0.20,18.30855117940947
20131025,24.0,24.15,23.95,24.05,3412652,82030998,1610,-0.05,18.270566633394093
20131028,24.1,24.25,23.95,23.95,3110691,74717437,1523,-0.10,18.19459754136335
20131029,23.95,24.6,23.95,24.3,9467078,230642485,2986,+0.35,18.460489363470952
20131030,24.4,24.45,24.0,24.0,4712281,113761794,1790,-0.30,18.232582087378717
20131031,23.8,23.8,22.7,23.25,19072180,438571321,6403,-0.75,17.66281389714813
20131101,23.2,23.2,22.65,22.65,7219757,164767961,3403,-0.60,17.20699934496367
20131104,22.6,22.95,22.6,22.6,4378879,99448243,1909,-0.05,17.169014798948293
20131105,22.65,22.85,22.1,22.1,5918175,132153204,2570,-0.50,16.789169338794572
20131106,22.1,22.3,20.9,20.9,13268294,282286774,4843,-1.20,15.877540234425632
20131107,20.9,21.1,20.1,20.7,11824631,242369116,4561,-0.20,15.72560205036415
20131108,20.7,20.85,20.45,20.5,5006825,103285335,2045,-0.20,15.573663866302658
20131111,20.55,20.7,19.85,19.85,7404243,149339060,2679,-0.65,15.079864768102814
20131112,19.95,20.25,19.85,19.9,5832596,116520998,2259,+0.05,15.117849314118187
20131113,19.95,20.2,19.85,19.85,5094200,101748903,1871,-0.05,15.079864768102814
20131114,19.9,20.4,19.85,20.1,6253836,126078092,2419,+0.25,15.269787498179683
20131115,20.15,20.75,20.05,20.55,10977121,224617790,3797,+0.45,15.611648412318026
20131118,20.65,20.65,19.75,19.75,7419587,149039282,3003,-0.80,15.003895676072075
20131119,19.8,20.0,19.8,19.9,5835637,114989551,1992,+0.15,15.117849314118187
20131120,19.9,20.25,19.9,20.05,6388710,128061656,2203,+0.15,15.231802952164305
20131121,20.05,20.6,20.0,20.4,10548357,213806322,3393,+0.35,15.497694774271913
20131122,20.65,21.2,20.6,20.65,13362278,279698282,4687,+0.25,15.68761750434877
20131125,20.95,21.0,20.6,20.75,5443372,113089989,1830,+0.10,15.76358659637952
20131126,20.75,21.5,20.65,21.5,15432054,327053704,4198,+0.75,16.333354786610105
20131127,21.5,21.6,21.3,21.4,6661324,143067777,2346,-0.10,16.25738569457935
20131128,21.45,21.8,21.45,21.6,5990847,129758505,2594,+0.20,16.40932387864085
20131129,22.0,22.3,21.85,21.95,11445583,253254230,4029,+0.35,16.675215700748453
20131202,22.25,22.25,21.75,21.8,5483949,120253773,2426,-0.15,16.561262062702333
20131203,21.8,21.9,21.5,21.5,4124508,89116620,2143,-0.30,16.333354786610105
20131204,21.5,22.1,21.35,22.05,6969884,151709133,2434,+0.55,16.7511847927792
20131205,22.05,22.1,21.6,21.9,7423767,162310500,1899,-0.15,16.63723115473308
20131206,21.9,22.4,21.85,22.4,16098083,358016292,4607,+0.50,17.01707661488681
20131209,22.8,23.2,22.1,22.1,18712393,426578570,6199,-0.30,16.789169338794572
20131210,22.1,22.3,21.75,21.75,6413241,140947330,2277,-0.35,16.52327751668696
20131211,21.75,21.95,20.95,21.0,10208732,217868336,3615,-0.75,15.95350932645638
20131212,20.9,21.35,20.65,21.25,4044471,84932823,1622,+0.25,16.143432056533243
20131213,21.2,21.4,21.1,21.2,4144120,87974737,1683,-0.05,16.10544751051787
20131216,21.1,21.7,20.9,21.55,8431812,180332638,3404,+0.35,16.371339332625478
20131217,21.6,21.7,21.3,21.4,4869674,104583237,1385,-0.15,16.25738569457935
20131218,21.4,21.5,21.1,21.1,3594991,76492000,1584,-0.30,16.02947841848713
20131219,21.4,21.4,20.9,21.05,4753521,100430807,1960,-0.05,15.991493872471754
20131220,21.1,21.25,20.9,21.0,3518466,74049136,1420,-0.05,15.95350932645638
20131223,21.15,21.2,20.95,21.05,3457283,72839243,1282,+0.05,15.991493872471754
20131224,21.2,21.25,21.0,21.05,2817931,59441240,1021, 0.00,15.991493872471754
20131225,21.05,21.2,21.05,21.05,2767712,58435323,958, 0.00,15.991493872471754
20131226,21.1,21.8,21.1,21.6,9748097,210380187,3928,+0.55,16.40932387864085
20131227,21.6,21.9,21.5,21.7,7615985,165543365,2614,+0.10,16.485292970671587
20131230,21.75,22.35,21.7,22.2,12632191,278657511,3969,+0.50,16.86513843082531
20131231,22.45,22.8,22.2,22.6,14338608,322985074,4711,+0.40,17.169014798948293
20140102,22.8,23.15,22.65,22.85,18048030,412969572,6608,+0.25,17.358937529025155
20140103,22.7,22.7,22.3,22.35,9383662,210614572,3437,-0.50,16.979092068871434
20140106,22.4,23.15,22.4,22.65,13239327,302839490,5114,+0.30,17.20699934496367
20140107,23.0,23.85,22.9,23.85,26446959,622002212,8421,+1.20,18.118628449332608
20140108,24.2,25.3,24.1,25.0,40268563,993878416,13725,+1.15,18.992273007686165
20140109,25.0,25.5,24.15,24.35,28592914,711745539,9297,-0.65,18.49847390948633
20140110,24.35,24.95,24.1,24.15,15140641,370481899,5012,-0.20,18.346535725424832
20140113,24.3,24.6,23.9,23.95,10453886,252391764,3977,-0.20,18.19459754136335
20140114,23.95,24.3,23.9,24.3,7781379,188206702,2601,+0.35,18.460489363470952
20140115,24.6,24.85,24.3,24.55,16276585,400214727,4393,+0.25,18.650412093547818
20140116,24.95,25.1,24.55,24.85,18545389,459568185,5220,+0.30,18.878319369640053
20140117,25.0,25.1,24.5,24.65,16411500,405918408,4666,-0.20,18.726381185578568
20140120,24.5,24.6,24.2,24.25,11477685,279221948,4364,-0.40,18.422504817455586
20140121,24.5,24.9,24.15,24.15,11522470,282423991,4518,-0.10,18.346535725424832
20140122,24.25,24.4,23.75,23.8,10328772,247395090,4848,-0.35,18.080643903317227
20140123,23.85,24.3,23.7,23.95,11207245,268796599,3973,+0.15,18.19459754136335
20140124,24.15,24.15,23.5,23.65,8162040,193525339,3442,-0.30,17.966690265271108
20140127,23.35,23.5,23.0,23.2,11248592,260015731,5089,-0.45,17.624829351132764
20140205,22.6,23.0,22.2,22.3,9313958,210100897,4535,-0.90,16.94110752285606
20140206,22.4,23.1,22.4,22.85,8016634,183129077,3765,+0.55,17.358937529025155
20140207,23.0,23.1,22.35,22.45,13912706,313453611,5302,-0.40,17.055061160902177
20140210,22.7,22.85,22.35,22.4,8261918,186485773,2708,-0.05,17.01707661488681
20140211,22.4,22.8,22.4,22.8,11790783,266249842,4110,+0.40,17.320952983009786
20140212,22.8,22.95,22.5,22.75,12883427,292408299,3503,-0.05,17.282968436994416
20140213,22.9,23.3,22.75,22.75,22046341,507809143,6570, 0.00,17.282968436994416
20140214,22.9,23.0,22.5,22.55,10555078,238783092,3856,-0.20,17.131030252932923
20140217,21.9,21.9,21.0,21.0,32579590,691565990,10124,-1.55,15.95350932645638
20140218,20.8,21.3,20.8,21.3,9844932,207697089,4116,+0.30,16.18141660254862
20140219,21.3,21.3,21.0,21.05,7030760,148233574,2911,-0.25,15.991493872471754
20140220,21.0,21.2,20.8,20.8,9836723,206572359,3741,-0.25,15.801571142394886
20140221,20.85,21.55,20.85,21.3,16562794,353011954,5320,+0.50,16.18141660254862
20140224,21.3,21.35,21.1,21.2,4703568,99608030,1844,-0.10,16.10544751051787
20140225,21.3,21.8,21.25,21.75,14752856,319065597,4644,+0.55,16.52327751668696
20140226,21.9,21.9,21.5,21.75,9412318,203932833,3159, 0.00,16.52327751668696
20140227,21.7,21.85,21.3,21.4,6792452,146331557,2271,-0.35,16.25738569457935
20140303,21.4,21.9,21.1,21.6,8861421,190973982,3351,+0.20,16.40932387864085
20140304,21.7,21.9,21.45,21.5,7743384,167442550,2845,-0.10,16.333354786610105
20140305,21.7,21.8,21.45,21.8,9012498,194861266,2691,+0.30,16.561262062702333
20140306,21.8,21.85,21.6,21.6,5869796,127263730,2344,-0.20,16.40932387864085
20140307,21.85,21.9,21.55,21.65,8400793,182510012,3076,+0.05,16.44730842465622
20140310,21.65,21.7,21.4,21.5,5838147,125448550,2210,-0.15,16.333354786610105
20140311,22.0,22.3,21.9,22.0,18433717,407339874,5405,+0.50,16.71320024676383
20140312,22.0,22.0,21.6,21.7,6900717,150311393,3034,-0.30,16.485292970671587
20140313,21.85,21.85,21.4,21.4,7304873,157495772,3100,-0.30,16.25738569457935
20140314,21.25,21.4,21.2,21.25,6981458,148587671,2719,-0.15,16.143432056533243
20140317,21.2,21.55,21.2,21.55,4009864,85969509,1656,+0.30,16.371339332625478
20140318,21.65,21.75,21.5,21.5,4668992,101021667,1625,-0.05,16.333354786610105
20140319,21.5,21.65,21.35,21.35,3391677,72694889,1676,-0.15,16.219401148563986
20140320,21.25,21.35,21.1,21.2,6248747,132519280,2414,-0.15,16.10544751051787
20140321,21.5,22.0,21.35,21.9,13507532,293558310,5275,+0.70,16.63723115473308
20140324,22.6,23.4,22.3,23.4,43435764,998217314,12262,+1.50,17.77676753519425
20140325,23.8,24.2,23.45,23.45,44318584,1056720205,12482,+0.05,17.81475208120963
20140326,23.8,24.5,23.2,24.1,37751489,905088245,12714,+0.65,18.30855117940947
20140327,24.2,24.7,23.9,24.0,32716650,793883120,10146,-0.10,18.232582087378717
20140328,24.5,24.95,24.0,24.1,26876266,656912702,6874,+0.10,18.30855117940947
20140331,24.6,24.75,24.1,24.5,16015940,391282811,4850,+0.40,18.612427547532445
20140401,24.55,24.95,24.25,24.6,21113639,518865458,6040,+0.10,18.68839663956319
20140402,24.85,24.95,24.35,24.35,19021391,469536894,5498,-0.25,18.49847390948633
20140403,24.7,24.8,24.4,24.4,10903643,267902586,4185,+0.05,18.536458455501695
20140407,24.4,24.7,24.2,24.7,10645899,260712822,4314,+0.30,18.76436573159393
20140408,24.75,25.35,24.7,24.85,22094715,552536503,6657,+0.15,18.878319369640053
20140409,25.1,25.15,24.75,25.1,13732233,342802031,4041,+0.25,19.068242099716908
20140410,25.3,25.35,24.5,24.7,13661861,340020960,4074,-0.40,18.76436573159393
20140411,24.5,24.65,24.2,24.5,9243112,225954519,3070,-0.20,18.612427547532445
20140414,24.5,24.9,24.4,24.7,6798557,167608104,2687,+0.20,18.76436573159393
20140415,25.05,26.2,24.85,26.1,31340897,807078372,9446,+1.40,19.82793302002436
20140416,26.4,26.5,25.65,26.35,28377709,742085850,7623,+0.25,20.01785575010122
20140417,26.55,27.4,26.55,27.05,37169628,1006315556,11627,+0.70,20.549639394316433
20140418,27.4,28.0,26.95,26.95,29177445,800497014,8012,-0.10,20.473670302285687
20140421,27.3,28.1,27.1,27.75,29876709,828727012,10798,+0.80,21.081423038531646
20140422,27.8,28.0,27.35,27.4,17843848,491714671,5281,-0.35,20.815531216424038
20140423,27.7,28.3,27.3,27.55,22559629,627467910,7012,+0.15,20.92948485447016
20140424,27.95,28.05,27.45,27.5,15626802,432400450,4660,-0.05,20.891500308454788
20140425,27.8,27.8,25.85,26.15,26889086,712336985,7785,-1.35,19.865917566039727
20140428,25.6,27.35,25.4,27.25,17475834,466027363,6812,+1.10,20.701577578377922
20140429,27.3,28.0,26.7,27.55,26070745,721010563,7149,+0.30,20.92948485447016
20140430,27.75,27.75,25.65,25.65,37523800,983188561,10316,-1.90,19.486072105886002
20140502,26.2,27.0,25.9,26.95,25291614,669345882,8503,+1.30,20.473670302285687
20140505,27.45,27.85,27.05,27.65,19635793,540805706,6351,+0.70,21.005453946500896
20140506,27.9,28.4,27.45,28.3,26900238,756211528,8510,+0.65,21.499253044700737
20140507,28.3,28.5,27.8,28.15,17203229,484197422,5906,-0.15,21.385299406654624
20140508,28.5,28.85,28.2,28.45,19308726,551913883,7095,+0.30,21.613206682746853
20140509,28.45,28.5,27.6,27.6,10926328,305197945,4093,-0.85,20.96746940048553
20140512,27.7,28.15,27.6,27.75,14288505,398641205,4356,+0.15,21.081423038531646
20140513,28.3,28.3,27.15,27.5,12675952,350704475,4450,-0.25,20.891500308454788
20140514,27.95,28.55,27.75,28.4,17123641,483967278,5994,+0.90,21.575222136731487
20140515,28.6,29.3,28.45,28.9,25282279,732695397,7886,+0.50,21.955067596885208
20140516,28.8,28.85,28.35,28.85,11610223,332328461,4148,-0.05,21.91708305086983
20140519,28.85,29.15,28.7,28.7,7423222,214273266,2903,-0.15,21.803129412823715
20140520,29.0,29.1,28.35,28.6,7642758,219259050,2962,-0.10,21.727160320792976
20140521,28.7,28.8,28.05,28.1,5770664,163777249,2678,-0.50,21.347314860639255
20140522,28.5,28.8,28.35,28.75,6532057,187177777,2916,+0.65,21.8411139588391
20140523,29.0,29.55,28.85,29.1,10027276,293269203,3687,+0.35,22.107005780946697
20140526,29.55,29.55,28.75,28.8,5742663,166750890,2684,-0.30,21.879098504854465
20140527,28.8,28.85,28.05,28.2,9255811,262519515,3525,-0.60,21.423283952669994
20140528,28.25,28.55,28.2,28.5,7268364,206545398,2813,+0.30,21.65119122876223
20140529,28.6,28.65,28.25,28.5,4022691,114120175,2018, 0.00,21.65119122876223
20140530,28.5,28.85,27.55,27.55,11556565,323576274,2873,-0.95,20.92948485447016
20140603,27.95,28.65,27.75,28.55,11943937,338728397,3867,+1.00,21.689175774777606
20140604,28.55,28.6,28.05,28.05,5315043,150346647,2513,-0.50,21.309330314623878
20140605,28.0,28.0,26.8,26.95,20538116,557423727,7321,-1.10,20.473670302285687
20140606,27.0,27.75,26.45,27.0,17779876,482135902,6272,+0.05,20.511654848301056
20140609,27.0,27.25,26.65,26.8,9135658,245422924,3218,-0.20,20.359716664239567
20140610,27.0,27.45,26.9,27.35,8877655,241822600,3785,+0.55,20.777546670408665
20140611,27.5,29.2,27.45,28.95,19479529,551515385,7172,+1.60,21.99305214290058
20140612,28.95,29.9,28.45,28.95,17159046,499180059,5929, 0.00,21.99305214290058
20140613,28.8,29.3,28.7,29.15,11196126,325263751,3576,+0.20,22.144990326962073
20140616,29.15,29.15,27.65,27.75,13863322,390870416,4947,-1.40,21.081423038531646
20140617,28.0,29.15,28.0,29.0,24207355,694358645,7562,+1.25,22.03103668891595
20140618,29.1,29.5,28.55,28.75,20341197,586720118,6225,-0.25,21.8411139588391
20140619,29.2,29.3,28.85,28.95,16864116,490020934,5351,+0.20,21.99305214290058
20140620,29.2,29.7,29.0,29.1,17087110,500844033,5204,+0.15,22.107005780946697
20140623,29.3,29.35,28.35,28.55,9413317,270552629,3409,-0.55,21.689175774777606
20140624,29.0,29.45,28.75,29.2,9197082,268477160,3860,+0.65,22.182974872977443
20140625,29.15,29.15,28.8,28.8,6843220,197947212,2460,-0.40,21.879098504854465
20140626,28.8,29.1,28.75,28.95,4883118,141241477,1807,+0.15,21.99305214290058
20140627,28.6,28.95,28.6,28.6,6470523,185844241,1869,-0.35,21.727160320792976
20140630,28.8,29.0,28.75,28.9,3143219,90755142,1358,+0.30,21.955067596885208
20140701,29.05,30.25,29.0,29.6,17259097,513990431,5425,+0.70,22.486851241100418
20140702,30.0,30.0,28.7,29.0,11030520,323376479,4052,-0.60,22.03103668891595
20140703,29.3,29.3,28.95,29.25,4113053,119939927,1595,+0.25,22.220959418992813
20140704,29.25,29.45,29.05,29.1,3532548,102959892,1397,-0.15,22.107005780946697
20140707,29.0,29.4,28.8,28.85,5110346,148174249,2187,-0.25,21.91708305086983
20140708,28.85,29.4,28.8,29.1,6134710,178560190,1680,+0.25,22.107005780946697
20140709,28.95,29.15,28.5,28.65,7773666,223035478,3371,-0.45,21.765144866808345
20140710,28.9,29.1,28.65,28.7,4736422,136331629,1889,+0.05,21.803129412823715
20140711,28.9,28.9,27.85,28.3,7915296,224510419,3392,-0.40,21.499253044700737
20140714,28.45,28.6,27.9,28.2,8178890,229715942,2933,-0.10,21.423283952669994
20140715,28.45,29.4,28.45,29.4,11232660,326844032,4112,+1.20,22.334913057038932
20140716,29.8,30.3,28.45,28.6,19661248,576554684,6584,-0.80,21.727160320792976
20140717,28.6,28.85,28.3,28.45,11652856,332483303,2987,-0.15,21.613206682746853
20140718,28.1,28.35,28.0,28.05,7875934,221328388,2781,-0.40,21.309330314623878
20140721,28.5,28.65,28.35,28.6,3718110,106105377,1612,+0.55,21.727160320792976
20140722,28.8,28.85,28.45,28.45,5831517,167050994,1668,-0.15,21.613206682746853
20140724,28.1,28.25,27.75,27.85,10504348,293681565,4058,X0.00,21.6150858835672
20140725,27.85,28.15,26.95,27.4,9251094,254015299,3457,-0.45,21.265829558698066
20140728,27.0,27.5,26.95,27.1,3777856,102860291,1695,-0.30,21.032992008785317
20140729,27.2,27.5,26.5,26.75,9252200,248606483,4294,-0.35,20.761348200553773
20140730,26.5,26.8,25.9,26.1,11000457,287606911,3943,-0.65,20.256866842409472
20140731,26.1,26.15,24.8,25.35,18372908,464192158,5555,-0.75,19.674772967627593
20140801,25.0,25.95,25.0,25.55,7954494,203669344,3554,+0.20,19.82999800090277
20140804,25.55,25.7,25.05,25.25,6822075,172568548,2910,-0.30,19.59716045099
20140805,25.25,25.25,24.45,24.55,9551661,236035052,3992,-0.70,19.053872834526913
20140806,24.6,24.75,23.8,24.15,8292683,200610595,3441,-0.40,18.743422767976583
20140807,24.3,24.45,23.5,23.95,9004049,215444426,2857,-0.20,18.588197734701414
20140808,23.8,24.0,23.5,23.95,5112729,121400030,2332, 0.00,18.588197734701414
20140811,24.1,24.65,24.1,24.4,9665609,235554656,2824,+0.45,18.937454059570545
20140812,24.6,24.9,24.2,24.2,8549561,209105237,2907,-0.20,18.782229026295372
20140813,24.2,24.4,24.2,24.3,5690029,138109999,2160,+0.10,18.859841542932955
20140814,24.35,24.65,24.3,24.35,8136422,198958169,2984,+0.05,18.89864780125175
20140815,24.45,25.15,24.3,25.15,10580131,262963784,3738,+0.80,19.519547934352428
20140818,25.2,25.25,24.1,24.1,9902735,243039843,3508,-1.05,18.704616509657786
20140819,24.5,24.5,24.2,24.25,5167928,125754812,1832,+0.15,18.821035284614165
20140820,24.4,24.6,24.15,24.15,3907803,94980633,1803,-0.10,18.743422767976583
20140821,24.15,24.25,23.5,24.0,5582252,133187248,2486,-0.15,18.627003993020207
20140822,24.1,24.6,24.1,24.4,7876509,192197130,3327,+0.40,18.937454059570545
20140825,24.55,24.55,24.15,24.25,4564103,110853986,2387,-0.15,18.821035284614165
20140826,24.45,24.5,24.3,24.4,3359359,82099262,1895,+0.15,18.937454059570545
20140827,24.55,24.75,24.45,24.7,6120370,150840662,2963,+0.30,19.170291609483296
20140828,24.8,26.4,24.8,25.7,24329069,625962257,7961,+1.00,19.94641677585913
20140829,25.45,25.55,25.2,25.25,7749998,196448092,2688,-0.45,19.59716045099
20140901,25.2,25.75,25.2,25.2,6851525,173798570,2921,-0.05,19.558354192671217
20140902,25.2,25.25,24.5,24.5,7829282,193777061,3541,-0.70,19.015066576208127
20140903,24.55,24.75,24.4,24.5,5467152,134288921,2111, 0.00,19.015066576208127
20140904,24.5,24.85,24.3,24.65,4420081,109028585,1778,+0.15,19.131485351164503
20140905,24.65,24.8,24.4,24.45,4477358,109742667,2082,-0.20,18.976260317889334
20140909,24.65,24.7,24.25,24.3,6507289,158484166,2472,-0.15,18.859841542932955
20140910,24.2,24.45,24.1,24.25,4376368,106184920,1739,-0.05,18.821035284614165
20140911,24.3,24.6,24.3,24.55,3567706,87317438,1774,+0.30,19.053872834526913
20140912,25.0,25.7,24.6,24.6,21322861,536731473,7248,+0.05,19.092679092845714
20140915,24.6,25.05,24.5,24.5,5413656,133619217,1966,-0.10,19.015066576208127
20140916,24.5,24.8,24.3,24.35,5316197,130141373,2004,-0.15,18.89864780125175
20140917,24.35,24.65,23.85,24.0,13813272,333981628,5001,-0.35,18.627003993020207
20140918,24.1,24.3,23.9,24.05,6748936,162564854,2487,+0.05,18.665810251339
20140919,24.3,24.3,23.85,23.85,8165211,196090721,2672,-0.20,18.510585218063827
20140922,23.8,23.8,23.1,23.15,12646055,294195625,5239,-0.70,17.967297601600734
20140923,23.0,23.1,22.6,22.95,10205621,233763433,3991,-0.20,17.812072568325572
20140924,23.0,23.4,22.95,23.0,5070594,117055812,2103,+0.05,17.850878826644365
20140925,23.15,23.3,22.65,22.65,5619273,128376116,2414,-0.35,17.579235018412817
20140926,22.5,22.85,22.3,22.6,3938352,88835468,1628,-0.05,17.540428760094027
20140929,23.2,23.2,22.8,22.9,4120750,94676230,2011,+0.30,17.77326631000678
20140930,22.85,22.95,22.35,22.7,5340561,121008165,2288,-0.20,17.618041276731613
20141001,22.7,24.05,22.5,23.85,11202405,262397999,5532,+1.15,18.510585218063827
20141002,23.9,24.65,23.85,24.2,19989450,486237524,6949,+0.35,18.782229026295372
20141003,24.35,25.3,24.15,24.35,14348639,353519855,4382,+0.15,18.89864780125175
20141006,24.6,24.7,24.2,24.2,5913794,144294158,2356,-0.15,18.782229026295372
20141007,24.05,24.05,23.7,23.7,4636487,110627585,2039,-0.50,18.394166443107455
20141008,23.5,23.8,23.4,23.4,6036793,142093155,1828,-0.30,18.161328893194693
20141009,23.5,23.7,23.35,23.35,3085923,72370695,1260,-0.05,18.122522634875907
20141013,22.8,23.2,22.7,22.85,4392975,100702020,1552,-0.50,17.734460051687986
20141014,22.65,23.35,22.6,22.85,7589958,173646481,2481, 0.00,17.734460051687986
20141015,22.65,22.65,21.35,21.65,16537728,361742739,5702,-1.20,16.803109852036975
20141016,21.05,21.35,20.5,21.1,11115233,232718258,3917,-0.55,16.37624101053026
20141017,21.5,21.5,20.1,20.1,12556000,258764777,4473,-1.00,15.600115844154418
20141020,20.9,20.95,20.65,20.75,6149251,127873496,2673,+0.65,16.104597202298724
20141021,20.85,21.2,20.7,20.95,5909431,123721001,2307,+0.20,16.25982223557389
20141022,21.7,22.4,21.5,22.4,18902701,418032747,7068,+1.45,17.38520372681885
20141023,22.4,22.6,22.05,22.1,8061906,179561413,3651,-0.30,17.15236617690611
20141024,22.25,22.45,22.05,22.05,4741459,105099988,2153,-0.05,17.113559918587306
20141027,22.25,22.4,22.0,22.0,4794667,106218774,2117,-0.05,17.074753660268524
20141028,22.2,22.5,22.2,22.25,4219469,94278181,2227,+0.25,17.26878495186248
20141029,22.45,23.05,22.45,23.0,5760067,131794241,2412,+0.75,17.850878826644365
20141030,23.0,23.0,22.65,22.9,3263439,74495323,1295,-0.10,17.77326631000678
20141031,23.2,23.5,23.05,23.35,6387634,148496748,2256,+0.45,18.122522634875907
20141103,23.4,23.95,22.5,22.75,10930557,254987829,4212,-0.60,17.656847535050396
20141104,22.75,23.05,22.55,23.0,4891308,111693884,2142,+0.25,17.850878826644365
20141105,22.7,22.95,22.05,22.1,12329777,275165255,4588,-0.90,17.15236617690611
20141106,22.05,22.3,21.75,21.8,6216969,136198065,2448,-0.30,16.91952862699335
20141107,21.85,22.45,21.85,22.4,4258487,94587850,2249,+0.60,17.38520372681885
20141110,23.0,23.2,22.85,22.9,8401239,193322447,3549,+0.50,17.77326631000678
20141111,23.1,23.2,22.85,23.1,9246350,213780862,2818,+0.20,17.928491343281944
20141112,22.6,22.9,22.45,22.5,5550821,125724667,2513,-0.60,17.46281624345644
20141113,22.3,22.85,22.3,22.6,2927935,66208923,1348,+0.10,17.540428760094027
20141114,22.65,22.8,22.5,22.7,3337584,75705702,1333,+0.10,17.618041276731613
20141117,22.7,22.85,22.2,22.2,3782699,84439793,1719,-0.50,17.229978693543693
20141118,22.2,22.45,21.9,22.15,3228171,71283071,1290,-0.05,17.191172435224896
20141119,22.2,22.5,22.2,22.35,2888900,64604109,993,+0.20,17.34639746850007
20141120,22.4,22.55,22.25,22.25,4776998,106997648,1660,-0.10,17.26878495186248
20141121,22.3,23.0,22.3,22.9,6727905,153408819,2495,+0.65,17.77326631000678
20141124,23.05,23.15,22.7,22.75,3541297,80927006,1129,-0.15,17.656847535050396
20141125,22.7,23.05,22.65,23.05,4407937,101128287,1127,+0.30,17.88968508496315
20141126,23.0,23.25,22.95,22.95,5111500,117768015,1698,-0.10,17.812072568325572
20141127,23.05,23.15,22.85,22.9,3094604,71198194,1250,-0.05,17.77326631000678
20141128,22.9,23.1,22.7,22.8,3040059,69232684,1152,-0.10,17.695653793369196
20141201,22.25,22.9,22.25,22.5,4122783,92701209,1542,-0.30,17.46281624345644
20141202,22.4,22.45,22.2,22.4,4370649,97424813,1784,-0.10,17.38520372681885
20141203,22.45,22.8,22.4,22.7,3109877,70497147,1268,+0.30,17.618041276731613
20141204,23.0,24.25,22.9,24.25,17457506,415520656,4984,+1.55,18.821035284614165
20141205,24.35,24.6,24.05,24.05,18308463,445495379,4984,-0.20,18.665810251339
20141208,24.1,24.55,23.95,24.05,9543262,231193088,3147, 0.00,18.665810251339
20141209,23.95,24.0,23.5,23.5,5140044,121886578,1971,-0.55,18.238941409832286
20141210,23.3,23.9,23.3,23.55,6074284,143305668,2015,+0.05,18.277747668151076
20141211,23.4,23.45,23.05,23.25,3450764,80350505,1318,-0.30,18.044910118238327
20141212,23.3,23.65,23.25,23.25,3652467,85491003,1493, 0.00,18.044910118238327
20141215,23.1,23.55,22.95,23.45,3541506,82648150,1558,+0.20,18.20013515151349
20141216,23.45,23.65,23.2,23.2,3957635,92699676,2028,-0.25,18.006103859919534
20141217,23.2,23.35,22.65,22.65,8080490,185310942,3300,-0.55,17.579235018412817
20141218,23.2,23.4,22.9,22.9,5364844,124285369,2322,+0.25,17.77326631000678
20141219,23.3,23.5,23.05,23.4,5967203,139191233,2226,+0.50,18.161328893194693
20141222,23.5,23.6,23.25,23.55,3363349,78934496,1566,+0.15,18.277747668151076
20141223,23.5,23.9,23.5,23.8,6902808,163961925,2505,+0.25,18.471778959745034
20141224,23.8,24.1,23.7,23.8,6829931,162941598,2766, 0.00,18.471778959745034
20141225,24.4,24.4,24.0,24.0,8081834,195730466,3103,+0.20,18.627003993020207
20141226,24.3,24.3,23.95,24.2,3133599,75507779,1157,+0.20,18.782229026295372
20141227,24.3,24.3,23.95,24.2,2411373,58193188,965, 0.00,18.782229026295372
20141229,24.2,24.35,24.05,24.05,4126512,99959154,1433,-0.15,18.665810251339
20141230,24.25,24.3,24.05,24.05,2735962,66049481,1103, 0.00,18.665810251339
20141231,24.05,24.15,23.7,24.15,4140485,99264433,1383,+0.10,18.743422767976583
20150105,24.1,24.4,23.95,24.35,4016875,97299117,1940,+0.20,18.89864780125175
20150106,24.1,24.1,23.7,23.7,3780414,90161703,1914,-0.65,18.394166443107455
20150107,23.7,24.05,23.6,23.6,3411577,81061859,1599,-0.10,18.316553926469865
20150108,23.9,24.25,23.75,23.9,3516393,84287886,1213,+0.30,18.54939147638262
20150109,24.15,24.15,23.75,24.0,3226366,77230431,1332,+0.10,18.627003993020207
20150112,24.0,24.0,23.15,23.25,6365121,149090306,2354,-0.75,18.044910118238327
20150113,23.1,23.85,22.9,23.5,15201933,356197103,6566,+0.25,18.238941409832286
20150114,23.7,23.85,23.5,23.5,12639047,298779739,7434, 0.00,18.238941409832286
20150115,23.5,23.55,23.15,23.25,8000534,186261953,3901,-0.25,18.044910118238327
20150116,23.1,23.2,22.65,22.7,9459918,215901667,3821,-0.55,17.618041276731613
20150119,22.8,23.0,22.1,22.3,7102551,159833877,2861,-0.40,17.307591210181272
20150120,22.4,22.85,22.4,22.65,4172374,94559584,1910,+0.35,17.579235018412817
20150121,22.85,23.0,22.75,22.85,3396702,77654229,1774,+0.20,17.734460051687986
20150122,22.85,23.45,22.85,23.45,14463511,335671674,5857,+0.60,18.20013515151349
20150123,24.45,24.55,23.8,23.8,34127332,823835032,11421,+0.35,18.471778959745034
20150126,23.8,23.8,23.5,23.75,7162900,169413312,3170,-0.05,18.432972701426245
20150127,24.0,24.05,23.65,23.8,7885539,188015142,3784,+0.05,18.471778959745034
20150128,23.65,23.85,23.55,23.8,4533589,107599362,1819, 0.00,18.471778959745034
20150129,23.6,23.75,23.45,23.5,6016892,141825052,2316,-0.30,18.238941409832286
20150130,21.9,22.25,21.9,21.9,38898909,853959488,12673,-1.60,16.997141143630934
20150202,21.9,22.0,21.6,21.6,13125517,285687955,5929,-0.30,16.764303593718182
20150203,21.6,21.9,21.55,21.7,8812161,191235382,4204,+0.10,16.84191611035577
20150204,21.75,22.1,21.6,21.95,9486423,206947087,4335,+0.25,17.03594740194973
20150205,21.7,21.8,21.6,21.7,6047532,131244487,2810,-0.25,16.84191611035577
20150206,21.65,21.8,21.6,21.65,5356642,115999319,2874,-0.05,16.803109852036975
20150209,21.65,21.7,21.25,21.3,6554461,139827059,2876,-0.35,16.531466043805437
20150210,21.3,21.45,21.1,21.15,5339784,113213472,2292,-0.15,16.41504726884905
20150211,21.2,21.4,21.05,21.25,6316158,134120293,2588,+0.10,16.49265978548664
20150212,21.2,21.3,20.85,21.0,7464867,156636557,2960,-0.25,16.298628493892682
20150213,21.0,21.3,20.95,21.2,6614619,139846615,2516,+0.20,16.453853527167844
20150224,21.5,21.9,21.15,21.35,13204821,283916374,4709,+0.15,16.570272302124224
20150225,21.4,21.5,21.1,21.2,10029723,212780113,4340,-0.15,16.453853527167844
20150226,21.2,21.35,21.1,21.15,6304494,133601086,2989,-0.05,16.41504726884905
20150302,21.3,21.35,20.9,20.95,8463176,178104547,3517,-0.20,16.25982223557389
20150303,21.0,21.05,20.7,20.8,10296442,214556050,3469,-0.15,16.143403460617506
20150304,20.8,21.1,20.8,21.0,8896528,186655088,4783,+0.20,16.298628493892682
20150305,21.0,21.45,20.9,21.35,6105033,129598690,2937,+0.35,16.570272302124224
20150306,21.35,21.4,21.2,21.25,5482974,116616235,2184,-0.10,16.49265978548664
20150309,21.1,21.35,21.1,21.2,3611955,76615335,1689,-0.05,16.453853527167844
20150310,21.4,21.8,21.3,21.6,13660524,294995476,4365,+0.40,16.764303593718182
20150311,21.5,21.6,21.4,21.4,5290015,113428999,2239,-0.20,16.609078560443017
20150312,21.4,21.5,21.35,21.5,4055024,86907951,1667,+0.10,16.686691077080603
20150313,21.55,21.65,21.4,21.4,4836488,103947127,1614,-0.10,16.609078560443017
20150316,21.4,21.55,21.3,21.3,2488961,53242654,981,-0.10,16.531466043805437
20150317,21.5,21.55,21.2,21.2,3167486,67649596,1244,-0.10,16.453853527167844
20150318,21.2,21.35,21.1,21.1,4419176,93812808,2208,-0.10,16.37624101053026
20150319,21.2,21.45,21.15,21.25,4623674,98437940,2267,+0.15,16.49265978548664
20150320,21.35,21.7,21.3,21.6,6712744,144698399,2248,+0.35,16.764303593718182
20150323,21.65,21.9,21.6,21.6,4326355,93919635,1586, 0.00,16.764303593718182
20150324,21.7,21.7,21.35,21.5,3230051,69271471,1463,-0.10,16.686691077080603
20150325,21.45,21.5,21.2,21.25,2893076,61628106,1493,-0.25,16.49265978548664
20150326,21.0,21.35,21.0,21.35,4554781,96218522,2180,+0.10,16.570272302124224
20150327,21.3,21.4,20.95,20.95,9591177,202891574,2973,-0.40,16.25982223557389
20150330,21.1,21.1,20.55,20.6,6091532,126335532,2583,-0.35,15.988178427342344
20150331,20.65,20.75,20.2,20.3,8345457,170057517,3306,-0.30,15.755340877429592
20150401,20.05,20.4,20.05,20.2,4608305,93017238,2219,-0.10,15.677728360792004
20150402,20.45,20.8,20.2,20.7,6484573,133515789,2482,+0.50,16.06579094397993
20150407,20.7,21.0,20.7,20.75,3937048,81891342,1708,+0.05,16.104597202298724
20150408,21.0,21.0,20.5,20.65,3426427,70800541,1998,-0.10,16.026984685661137
20150409,20.5,20.8,20.3,20.4,4411589,90329917,1704,-0.25,15.832953394067179
20150410,20.4,20.55,20.2,20.4,4409554,89592184,1988, 0.00,15.832953394067179
20150413,20.4,20.45,20.15,20.2,3386377,68524548,2088,-0.20,15.677728360792004
20150414,20.1,20.35,20.1,20.35,3994490,80728236,2067,+0.15,15.794147135748373
20150415,20.3,20.3,20.05,20.05,6809868,136976275,3185,-0.30,15.56130958583563
20150416,20.05,20.2,19.45,19.6,21019276,414524191,6551,-0.45,15.212053260966503
20150417,19.85,20.0,19.6,19.7,18400094,364050661,5136,+0.10,15.289665777604085
20150420,19.7,19.95,19.6,19.95,6047512,119902434,2255,+0.25,15.483697069198044
20150421,19.9,19.9,19.5,19.55,7717435,151536843,2506,-0.40,15.173247002647708
20150422,19.55,19.65,19.0,19.3,7332891,141187717,2384,-0.25,14.97921571105375
20150423,19.3,19.65,19.2,19.45,6578357,127924662,2513,+0.15,15.095634486010127
20150424,19.4,19.6,19.3,19.35,8063185,156750865,2776,-0.10,15.01802196937254
20150427,19.35,19.65,19.3,19.3,11102629,215764326,3689,-0.05,14.97921571105375
20150428,19.55,19.7,19.05,19.15,16584443,319784321,4467,-0.15,14.862796936097372
20150429,19.15,19.3,18.75,18.85,10828129,205168264,3795,-0.30,14.629959386184616
20150430,18.5,18.5,18.05,18.3,14804666,270289009,4781,-0.55,14.203090544677906
20150504,18.2,18.3,17.6,17.65,14523537,258395353,4409,-0.65,13.698609186533607
20150505,17.6,18.0,17.6,17.95,6938619,123796898,2491,+0.30,13.931446736446357
20150506,17.65,17.9,17.55,17.9,6145543,109129165,1738,-0.05,13.89264047812757
20150507,17.6,17.9,17.6,17.85,5898176,104760629,1797,-0.05,13.85383421980878
20150508,17.75,17.85,17.6,17.6,6062865,106678314,1408,-0.25,13.65980292821482
20150511,17.65,17.75,16.85,16.95,10674997,182926640,2842,-0.65,13.15532157007052
20150512,16.8,16.9,16.35,16.55,11067607,182835559,3576,-0.40,12.844871503520181
20150513,16.25,17.2,16.05,17.0,16839241,281260197,5618,+0.45,13.194127828389309
20150514,16.6,16.8,16.3,16.3,13238471,218096359,4484,-0.70,12.650840211926223
20150515,16.35,16.65,16.35,16.6,6872715,113422456,2354,+0.30,12.88367776183898
20150518,16.2,16.45,16.1,16.1,8181239,132749485,2412,-0.50,12.495615178651054
20150519,16.1,16.65,16.1,16.55,6554199,107931948,2198,+0.45,12.844871503520181
20150520,16.55,16.65,16.2,16.25,8202708,133807992,3044,-0.30,12.612033953607432
20150521,16.05,16.2,16.0,16.15,5439832,87699926,2314,-0.10,12.534421436969843
20150522,16.2,16.6,16.2,16.6,6397042,105386289,2605,+0.45,12.88367776183898
20150525,16.6,16.85,16.4,16.45,7254812,120504750,2255,-0.15,12.767258986882597
20150526,16.45,17.4,16.4,17.2,20083568,340514513,6469,+0.75,13.34935286166448
20150527,17.05,17.2,16.8,17.1,13731065,233654654,4844,-0.10,13.271740345026899
20150528,17.2,17.75,17.2,17.6,18117638,317286149,6254,+0.50,13.65980292821482
20150529,17.7,17.7,16.65,16.75,111725742,1882708854,10767,-0.85,13.000096536795352
20150601,17.05,17.4,16.95,17.2,19562843,335994395,6119,+0.45,13.34935286166448
20150602,17.0,17.15,16.55,16.6,17622669,296423711,5997,-0.60,12.88367776183898
20150603,16.75,16.8,16.2,16.25,14965043,245379289,4217,-0.35,12.612033953607432
20150604,16.2,16.2,15.15,15.3,31420846,491222074,7944,-0.95,11.87471504555038
20150605,15.4,15.45,14.65,14.8,25126849,373323835,6509,-0.50,11.48665246236246
20150608,14.8,14.95,14.4,14.6,14020063,205042571,4005,-0.20,11.33142742908729
20150609,14.9,15.35,14.7,14.75,19292792,290342483,5452,+0.15,11.447846204043667
20150610,15.0,15.25,14.9,15.15,11153392,168754354,3508,+0.40,11.758296270594006
20150611,15.3,15.45,14.85,14.95,10639059,160526172,3468,-0.20,11.603071237318836
20150612,15.05,15.3,15.0,15.1,7927626,119986713,2733,+0.15,11.719490012275212
20150615,15.2,15.4,15.2,15.25,5713531,87408793,2520,+0.15,11.835908787231588
20150616,15.15,15.8,15.1,15.5,10918731,169648764,3358,+0.25,12.029940078825549
20150617,15.45,15.6,15.2,15.6,12554501,192668711,3758,+0.10,12.107552595463135
20150618,16.0,16.55,16.0,16.35,25080660,409674835,6456,+0.75,12.689646470245016
20150622,16.5,16.5,16.15,16.2,10223068,166567098,3316,-0.15,12.573227695288638
20150623,16.35,16.45,16.1,16.35,7077968,115058822,2506,+0.15,12.689646470245016
20150624,16.35,16.75,16.3,16.35,14829431,244929693,3939, 0.00,12.689646470245016
20150625,16.5,16.6,16.2,16.2,10544734,172528911,3242,-0.15,12.573227695288638
20150626,16.2,16.3,15.95,16.1,8183302,131534243,2372,-0.10,12.495615178651054
20150629,15.7,15.8,15.5,15.6,10638545,166234670,2880,-0.50,12.107552595463135
20150630,15.65,16.1,15.6,15.85,8440454,133893037,2207,+0.25,12.301583887057095
20150701,15.85,16.35,15.8,16.35,11334332,183516207,2849,+0.50,12.689646470245016
20150702,16.4,16.5,16.25,16.35,9189948,150644787,2326, 0.00,12.689646470245016
20150703,16.25,16.3,16.0,16.1,8429789,136207448,2393,-0.25,12.495615178651054
20150706,15.95,16.3,15.9,16.15,3649682,58969814,1218,+0.05,12.534421436969843
20150707,16.15,16.4,16.15,16.15,5881590,95546425,2123, 0.00,12.534421436969843
20150708,16.1,16.25,15.6,15.6,9015231,142162902,2372,-0.55,12.107552595463135
20150709,15.75,16.65,15.45,16.6,16351466,264240432,4104,+1.00,12.88367776183898
20150713,16.5,16.95,16.3,16.65,17096729,284971426,4182,+0.05,12.922484020157766
20150714,16.8,16.8,16.35,16.4,10067580,166382408,3134,-0.25,12.728452728563804
20150715,16.55,16.6,16.35,16.45,4800262,78948757,1587,+0.05,12.767258986882597
20150716,16.7,17.25,16.7,17.1,26265928,448199205,9505,+0.65,13.271740345026899
20150717,17.05,17.1,16.9,17.0,9074345,153947749,2812,-0.10,13.194127828389309
20150720,17.15,17.35,17.0,17.0,11397219,195607630,2930, 0.00,13.194127828389309
20150721,17.1,17.2,17.0,17.1,7070624,120937615,1840,+0.10,13.271740345026899
20150722,17.0,17.05,16.6,16.9,9397618,157650487,2564,-0.20,13.116515311751726
20150723,16.65,16.85,16.3,16.55,8786696,145437416,2080,-0.35,12.844871503520181
20150724,16.45,16.6,16.3,16.5,5301020,87018973,1525,-0.05,12.806065245201392
20150727,16.3,16.4,15.5,15.5,14248359,225375110,2709,-1.00,12.029940078825549
20150728,15.1,15.4,14.85,15.4,6841251,103846386,2569,X0.00,12.354833317462973
20150729,15.55,15.65,15.35,15.5,6157194,95416494,1753,+0.10,12.435059507836106
20150730,15.7,15.75,15.5,15.55,7273406,113813058,1495,+0.05,12.475172603022672
20150731,15.4,15.4,14.6,14.9,22257662,331812305,5301,-0.65,11.95370236559729
20150803,14.9,14.95,14.6,14.8,7863725,115741538,2478,-0.10,11.873476175224157
20150804,14.9,15.4,14.8,14.85,9983998,150425468,3600,+0.05,11.913589270410721
20150805,14.95,15.15,14.85,14.95,7520464,112669031,2688,+0.10,11.993815460783855
20150806,15.0,15.1,14.7,14.7,6440389,95446364,1897,-0.25,11.793249984851014
20150807,14.5,14.65,14.1,14.15,11347629,161832844,3792,-0.55,11.352005937798767
20150810,14.0,14.45,13.95,14.3,7625101,108978702,2552,+0.15,11.472345223358472
20150811,14.5,14.65,14.1,14.1,7218523,103368620,2699,-0.20,11.311892842612203
20150812,14.0,14.0,13.15,13.25,18519697,250561855,4766,-0.85,10.629970224440545
20150813,13.45,13.5,13.05,13.4,8599952,114434905,2563,+0.15,10.750309510000244
20150814,13.5,13.55,13.25,13.35,4385604,58803650,1715,-0.05,10.71019641481368
20150817,13.4,13.45,13.25,13.35,2757268,36864285,1099, 0.00,10.71019641481368
20150818,13.35,13.45,12.55,12.6,16262388,208450693,4510,-0.75,10.108499987015158
20150819,12.6,12.75,12.05,12.1,11735053,144574933,3657,-0.50,9.70736903514948
20150820,12.15,12.4,12.0,12.05,7116730,86536702,2426,-0.05,9.667255939962908
20150821,11.7,11.8,11.3,11.35,12637309,145849067,3823,-0.70,9.105672607350954
20150824,11.0,11.1,10.25,10.3,16140552,169045813,4338,-1.05,8.263297608433026
20150825,10.05,11.3,10.05,11.3,13874867,149426438,4002,+1.00,9.065559512164386
20150826,11.15,11.65,10.9,11.35,10746967,121615116,3230,+0.05,9.105672607350954
20150827,11.65,12.15,11.6,12.05,15131161,179723983,4572,+0.70,9.667255939962908
20150828,12.55,12.6,12.25,12.4,9661558,120252472,2877,+0.35,9.948047606268888
20150831,12.4,12.8,12.3,12.6,11187490,140161719,3396,+0.20,10.108499987015158
20150901,12.6,12.95,12.5,12.8,8250175,105508431,2411,+0.20,10.26895236776143
20150902,12.55,12.9,12.45,12.75,6706227,85122038,2085,-0.05,10.228839272574861
20150903,12.85,13.75,12.75,13.4,13256358,176821927,4334,+0.65,10.750309510000244
20150904,13.4,13.7,13.0,13.0,9055270,120372781,2888,-0.40,10.429404748507704
20150907,13.0,13.25,12.75,13.0,4436751,57537563,1362, 0.00,10.429404748507704
20150908,13.05,13.3,12.9,13.0,5554530,72614490,1797, 0.00,10.429404748507704
20150909,13.35,13.45,13.2,13.3,12226669,162703591,3276,+0.30,10.67008331962711
20150910,13.3,13.75,13.15,13.65,10299694,139392070,2923,+0.35,10.950874985933087
20150911,13.8,13.85,13.55,13.55,8954955,122564986,2603,-0.10,10.870648795559951
20150914,13.75,14.2,13.75,13.95,11969026,167012315,3525,+0.40,11.191553557052496
20150915,14.15,14.15,13.85,13.9,5558110,77573590,1727,-0.05,11.15144046186593
20150916,14.1,14.15,13.85,13.9,5757628,80494226,1973, 0.00,11.15144046186593
20150917,14.15,14.15,13.9,13.95,5499965,77032210,1655,+0.05,11.191553557052496
20150918,13.95,14.2,13.9,14.15,6454630,90554697,1958,+0.20,11.352005937798767
20150921,13.9,13.9,13.45,13.55,6933040,94275838,2080,-0.60,10.870648795559951
20150922,13.6,13.75,13.55,13.65,3901218,53346868,1236,+0.10,10.950874985933087
20150923,13.45,13.5,13.3,13.3,4279997,57257106,1526,-0.35,10.67008331962711
20150924,13.3,13.45,12.1,12.45,17424553,220269680,4578,-0.85,9.988160701455454
20150925,12.45,12.55,12.15,12.45,8810666,108894800,2386, 0.00,9.988160701455454
20150930,12.25,12.75,12.1,12.5,6315678,78794602,1965,+0.05,10.028273796642024
20151001,12.8,13.45,12.55,13.35,10651916,138646717,3289,+0.85,10.71019641481368
20151002,13.35,13.55,13.05,13.3,6407162,85266208,2271,-0.05,10.67008331962711
20151005,13.55,13.9,13.5,13.75,8345048,114824503,2574,+0.45,11.031101176306223
20151006,14.0,14.15,13.65,13.8,8483076,117797292,2346,+0.05,11.071214271492792
20151007,13.8,14.0,13.6,13.85,5530335,76303464,1639,+0.05,11.111327366679358
20151008,14.0,14.05,13.75,13.85,5215439,72298023,1666, 0.00,11.111327366679358
20151012,14.25,14.65,14.15,14.5,16957617,245565981,4624,+0.65,11.63279760410474
20151013,14.55,14.65,14.4,14.6,8457361,123058714,2765,+0.10,11.713023794477877
20151014,14.65,15.1,14.45,14.85,10597925,157347789,3592,+0.25,11.913589270410721
20151015,15.0,15.0,14.75,14.85,6109079,90709059,2320, 0.00,11.913589270410721
20151016,15.0,15.0,14.6,14.6,7416074,109676022,1758,-0.25,11.713023794477877
20151019,14.7,14.7,14.15,14.25,10896428,156434744,3263,-0.35,11.432232128171906
20151020,14.25,14.7,14.05,14.6,13303145,191562548,3401,+0.35,11.713023794477877
20151021,14.5,14.65,14.3,14.3,5425252,78144249,1831,-0.30,11.472345223358472
20151022,14.2,14.4,14.1,14.15,8650199,122982161,3008,-0.15,11.352005937798767
20151023,14.35,14.4,14.15,14.15,7149226,101923143,2493, 0.00,11.352005937798767
20151026,14.35,14.6,14.35,14.5,5629808,81459156,1835,+0.35,11.63279760410474
20151027,14.5,14.6,14.4,14.6,4822171,70008384,1780,+0.10,11.713023794477877
20151028,14.65,14.9,14.5,14.75,7347924,108189779,2446,+0.15,11.833363080037586
20151029,14.85,14.85,14.2,14.25,8466590,122425802,2421,-0.50,11.432232128171906
20151030,14.5,14.6,14.15,14.3,8052165,115718507,2985,+0.05,11.472345223358472
20151102,14.3,15.05,14.25,15.05,13627112,201916178,4228,+0.75,12.074041651156994
20151103,15.4,15.8,15.2,15.7,19911039,308343353,5925,+0.65,12.595511888582378
20151104,15.9,16.0,15.45,15.6,15518934,243769264,4393,-0.10,12.515285698209242
20151105,15.65,15.9,15.55,15.85,7099101,111862140,1884,+0.25,12.715851174142081
20151106,15.85,15.85,15.3,15.35,9012792,139824103,2766,-0.50,12.314720222276403
20151109,15.3,15.6,14.9,14.9,7864937,119319901,2336,-0.45,11.95370236559729
20151110,14.8,15.15,14.55,15.15,6699731,99352484,2011,+0.25,12.15426784153013
20151111,15.15,15.4,14.4,14.4,8993212,132760248,2752,-0.75,11.552571413731608
20151112,14.5,14.7,14.35,14.5,4809322,69715968,1664,+0.10,11.63279760410474
20151113,14.45,14.6,14.3,14.3,4331241,62413893,1387,-0.20,11.472345223358472
20151116,14.05,14.65,13.95,14.4,4330144,61675761,1522,+0.10,11.552571413731608
20151117,14.65,14.95,14.6,14.7,6344762,93604956,1639,+0.30,11.793249984851014
20151118,14.95,14.95,14.2,14.2,7302338,105655392,3073,-0.50,11.392119032985336
20151119,14.35,14.6,14.25,14.6,4278005,61903870,1606,+0.40,11.713023794477877
20151120,14.6,14.65,14.5,14.6,2912012,42485770,1025, 0.00,11.713023794477877
20151123,14.8,14.8,14.35,14.6,3090010,45083289,946, 0.00,11.713023794477877
20151124,14.7,15.3,14.65,14.8,11648238,174068139,3303,+0.20,11.873476175224157
20151125,14.95,15.05,14.3,14.4,7910374,115898025,2736,-0.40,11.552571413731608
20151126,14.5,14.95,14.5,14.7,5871210,86462974,2037,+0.30,11.793249984851014
20151127,14.7,14.9,14.5,14.85,8030380,118358899,2025,+0.15,11.913589270410721
20151130,14.75,15.0,14.45,14.85,12298874,182068542,3204, 0.00,11.913589270410721
20151201,14.95,15.35,14.8,14.8,10883910,163475404,3257,-0.05,11.873476175224157
20151202,14.95,15.1,14.7,14.9,8689540,129207177,2263,+0.10,11.95370236559729
20151203,14.8,15.3,14.8,15.25,16177379,245251518,4575,+0.35,12.234494031903262
20151204,15.15,15.2,14.9,14.95,5470122,82153330,1910,-0.30,11.993815460783855
20151207,15.15,15.3,15.0,15.25,6442034,97628658,1949,+0.30,12.234494031903262
20151208,15.2,15.6,15.05,15.1,10406400,159360535,2862,-0.15,12.114154746343564
20151209,15.15,15.25,14.7,14.85,5906003,87706743,1748,-0.25,11.913589270410721
20151210,14.85,15.05,14.45,14.6,5405509,79258124,1753,-0.25,11.713023794477877
20151211,14.8,14.95,14.35,14.35,10242644,150082519,2434,-0.25,11.51245831854504
20151214,14.2,14.25,13.95,14.05,4844008,68128808,1603,-0.30,11.271779747425633
20151215,14.2,14.4,14.1,14.35,3092277,43985857,1103,+0.30,11.51245831854504
20151216,14.4,14.6,14.25,14.25,5158555,74245352,1466,-0.10,11.432232128171906
20151217,14.35,14.5,14.3,14.45,3786842,54487722,1142,+0.20,11.592684508918177
20151218,14.4,14.65,14.4,14.65,4777322,69493929,1480,+0.20,11.75313688966445
20151221,14.55,14.85,14.45,14.7,3599907,52856021,1260,+0.05,11.793249984851014
20151222,14.8,15.05,14.55,14.65,8811014,130483001,2482,-0.05,11.75313688966445
20151223,14.75,14.8,14.5,14.6,4738839,69465143,1611,-0.05,11.713023794477877
20151224,14.8,14.95,14.4,14.4,5097153,74843189,1496,-0.20,11.552571413731608
20151225,14.45,14.55,14.35,14.5,2299446,33184159,814,+0.10,11.63279760410474
20151228,14.6,14.65,14.5,14.6,2443322,35569583,1052,+0.10,11.713023794477877
20151229,14.35,14.4,14.2,14.2,6904494,98656858,2357,-0.40,11.392119032985336
20151230,14.35,14.4,14.2,14.2,3935295,56180383,1132, 0.00,11.392119032985336
20151231,14.2,14.25,13.85,13.95,4758982,66530493,1693,-0.25,11.191553557052496
20160104,13.95,14.05,13.7,13.75,3717144,51526834,1124,-0.20,11.031101176306223
20160105,13.75,13.95,13.7,13.7,3272179,45112246,1487,-0.05,10.990988081119657
20160106,13.7,13.8,13.1,13.2,7566845,101236149,1897,-0.50,10.589857129253973
20160107,13.15,13.3,12.8,12.9,5973330,77824665,1675,-0.30,10.349178558134568
20160108,12.75,13.15,12.75,13.1,3817217,49568110,1316,+0.20,10.509630938880836
20160111,13.2,13.45,13.1,13.2,6189945,82202767,1926,+0.10,10.589857129253973
20160112,13.2,13.3,12.9,12.9,4907474,64464284,1438,-0.30,10.349178558134568
20160113,12.95,13.15,12.8,12.8,3692251,47778813,1163,-0.10,10.26895236776143
20160114,12.7,12.7,12.25,12.35,6820000,85105491,1879,-0.45,9.907934511082317
20160115,12.55,12.55,12.15,12.25,6213160,76495296,1667,-0.10,9.827708320709178
20160118,11.95,12.6,11.85,12.4,6267010,76736272,2236,+0.15,9.948047606268888
20160119,12.35,12.6,12.3,12.45,4320961,53956061,1349,+0.05,9.988160701455454
20160120,12.45,12.45,12.05,12.05,5200338,63340021,1738,-0.40,9.667255939962908
20160121,12.15,12.25,12.0,12.25,4521935,54808679,1470,+0.20,9.827708320709178
20160122,12.4,12.5,12.35,12.45,4033323,50107754,1326,+0.20,9.988160701455454
20160125,12.55,12.6,12.4,12.55,2148759,26906123,902,+0.10,10.06838689182859
20160126,12.45,12.5,12.3,12.4,2004572,24861910,760,-0.15,9.948047606268888
20160127,12.55,12.65,12.45,12.5,3476778,43675382,1290,+0.10,10.028273796642024
20160128,12.55,13.1,12.5,13.0,9439326,121345892,2496,+0.50,10.429404748507704
20160129,13.5,13.85,13.25,13.25,35058633,476176481,7782,+0.25,10.629970224440545
20160130,13.45,14.1,13.25,13.95,25105629,345183010,3779,+0.70,11.191553557052496
20160201,14.0,14.25,13.8,14.0,30424475,428572314,3944,+0.05,11.231666652239065
20160202,14.3,14.4,14.05,14.3,34403802,490182565,5374,+0.30,11.472345223358472
20160203,14.3,14.55,14.2,14.35,37627760,542515697,5090,+0.05,11.51245831854504
20160215,14.3,15.5,14.25,15.45,28683879,434757670,7543,+1.10,12.39494641264954
20160216,15.45,15.8,15.2,15.35,22672945,350070840,5552,-0.10,12.314720222276403
20160217,15.4,15.85,15.35,15.55,18369849,287314290,5123,+0.20,12.475172603022672
20160218,15.9,16.6,15.9,16.5,36185758,587099093,10033,+0.95,13.237321411567466
20160219,16.7,17.0,16.5,16.6,20339389,340172796,6062,+0.10,13.317547601940607
20160222,16.7,16.75,16.15,16.25,12516097,204690565,3720,-0.35,13.036755935634627
20160223,16.5,16.75,16.3,16.55,13294361,220186462,3522,+0.30,13.27743450675404
20160224,16.55,16.65,16.35,16.55,6659289,109913405,2608, 0.00,13.27743450675404
20160225,16.6,16.75,16.25,16.35,8626075,142162951,2808,-0.20,13.116982126007766
20160226,16.55,16.9,16.35,16.9,12229968,203465035,3371,+0.55,13.558226173060012
20160301,16.9,17.15,16.75,16.9,8636039,146362021,2873, 0.00,13.558226173060012
20160302,16.9,17.05,16.55,16.8,11670572,196354301,3457,-0.10,13.477999982686876
20160303,16.9,17.05,16.6,16.6,7131157,119544876,2305,-0.20,13.317547601940607
20160304,16.65,17.0,16.65,17.0,7532407,127205917,2797,+0.40,13.638452363433148
20160307,17.0,17.1,16.7,16.7,5375984,90423892,2021,-0.30,13.39777379231374
20160308,16.7,17.8,16.6,17.5,19328071,333515420,6083,+0.80,14.039583315298833
20160309,17.5,17.55,17.15,17.3,10601610,183923115,3146,-0.20,13.87913093455256
20160310,17.3,17.45,17.15,17.15,5713415,98900359,1905,-0.15,13.758791648992853
20160311,17.15,17.3,17.1,17.1,4150427,71259135,1735,-0.05,13.718678553806289
20160314,17.25,17.4,17.15,17.2,4735230,81776678,1623,+0.10,13.798904744179426
20160315,17.3,17.3,16.3,16.3,11077244,185139603,3108,-0.90,13.076869030821195
20160316,16.55,16.8,16.55,16.7,7908831,132008818,2306,+0.40,13.39777379231374
20160317,17.0,17.05,16.35,16.35,10426901,173816507,2747,-0.35,13.116982126007766
20160318,16.4,16.65,16.0,16.1,19244451,311642403,3760,-0.25,12.916416650074925
20160321,16.1,16.3,16.0,16.15,7985939,128973500,2414,+0.05,12.95652974526149
20160322,16.2,16.3,15.9,16.1,12171257,195950431,3194,-0.05,12.916416650074925
20160323,16.1,16.4,16.1,16.15,8078499,130974704,2506,+0.05,12.95652974526149
20160324,16.3,16.3,15.9,16.0,16848982,271151012,3591,-0.15,12.836190459701786
20160325,16.1,16.15,15.4,15.4,15469975,242176453,4507,-0.60,12.354833317462973
20160328,15.4,15.5,15.25,15.4,4368535,67274622,1511, 0.00,12.354833317462973
20160329,15.4,15.6,15.1,15.15,6130049,93711885,1940,-0.25,12.15426784153013
20160330,15.15,15.65,15.15,15.65,5353765,82905287,2064,+0.50,12.55539879339581
20160331,15.7,15.8,15.45,15.6,4237571,66155915,1665,-0.05,12.515285698209242
20160401,15.7,15.7,15.3,15.5,3659358,56405451,1387,-0.10,12.435059507836106
20160406,15.5,15.7,15.35,15.6,4296041,66742735,1996,+0.10,12.515285698209242
20160407,15.65,15.65,15.25,15.3,3351097,51502933,1345,-0.30,12.274607127089833
20160408,15.25,15.6,15.2,15.5,2855747,44092908,1232,+0.20,12.435059507836106
20160411,15.6,16.2,15.5,16.0,10337850,164907264,3061,+0.50,12.836190459701786
20160412,15.85,15.9,15.55,15.7,5737948,90172027,2010,-0.30,12.595511888582378
20160413,15.75,15.8,15.6,15.8,3119348,49028065,1094,+0.10,12.675738078955515
20160414,15.9,16.05,15.7,15.9,3677084,58283449,1280,+0.10,12.755964269328649
20160415,15.9,16.0,15.75,16.0,4188115,66589798,1541,+0.10,12.836190459701786
20160418,16.05,16.05,15.8,15.8,2397739,38062564,975,-0.20,12.675738078955515
20160419,15.85,15.95,15.75,15.9,2879965,45715944,1186,+0.10,12.755964269328649
20160420,16.0,16.05,15.6,15.6,2683615,42247270,1403,-0.30,12.515285698209242
20160421,15.65,15.75,15.45,15.5,2189466,34094419,970,-0.10,12.435059507836106
20160422,15.5,15.6,15.25,15.3,2991496,45970683,1214,-0.20,12.274607127089833
20160425,15.4,16.0,15.35,15.95,4635591,72865494,1870,+0.65,12.796077364515218
20160426,16.0,16.05,15.75,15.8,3416952,54311085,1478,-0.15,12.675738078955515
20160427,15.8,15.9,15.5,15.5,2438867,38158185,1067,-0.30,12.435059507836106
20160428,15.6,15.65,15.4,15.45,1863719,28936577,909,-0.05,12.39494641264954
20160429,15.55,15.6,15.35,15.45,3927636,60712022,1377, 0.00,12.39494641264954
20160503,15.0,15.0,13.95,13.95,19444243,274789134,4640,-1.50,11.191553557052496
20160504,13.85,14.05,13.35,13.4,8574630,117280486,2499,-0.55,10.750309510000244
20160505,13.3,13.5,13.1,13.25,5241500,69561548,1946,-0.15,10.629970224440545
20160506,13.25,13.35,13.05,13.1,2709581,35722609,1080,-0.15,10.509630938880836
20160509,13.15,13.6,13.15,13.45,2833195,37947309,1270,+0.35,10.790422605186812
20160510,13.45,13.7,13.2,13.4,2595887,35000437,1075,-0.05,10.750309510000244
20160511,13.6,13.6,13.3,13.3,2291305,30716054,1008,-0.10,10.67008331962711
20160512,13.5,13.65,13.35,13.35,2268408,30568222,988,+0.05,10.71019641481368
20160513,13.35,13.45,13.1,13.15,2957792,39186673,1010,-0.20,10.549744034067407
20160516,13.3,13.35,13.15,13.25,1305506,17308775,775,+0.10,10.629970224440545
20160517,13.3,13.65,13.3,13.5,2920584,39270549,1180,+0.25,10.830535700373382
20160518,13.5,13.5,13.3,13.35,1927696,25824803,1034,-0.15,10.71019641481368
20160519,13.35,13.45,13.05,13.1,2477439,32736947,1009,-0.25,10.509630938880836
20160520,13.2,13.35,13.2,13.35,2035928,27041279,993,+0.25,10.71019641481368
20160523,13.4,13.85,13.35,13.85,4348323,59553515,1265,+0.50,11.111327366679358
20160524,13.85,13.9,13.7,13.8,1778106,24494256,801,-0.05,11.071214271492792
20160525,13.9,14.05,13.75,13.8,4246867,58954455,1465, 0.00,11.071214271492792
20160526,13.85,14.0,13.8,13.85,1741381,24127464,841,+0.05,11.111327366679358
20160527,13.9,14.05,13.9,14.0,2463979,34451706,1081,+0.15,11.231666652239065
20160530,14.05,14.1,13.95,14.0,1089433,15255679,341, 0.00,11.231666652239065
20160531,14.05,14.1,13.8,13.9,2312530,32230109,850,-0.10,11.15144046186593
20160601,13.9,14.2,13.85,14.1,3722943,52611792,1301,+0.20,11.311892842612203
20160602,14.1,14.15,13.85,13.85,2634935,36815391,1088,-0.25,11.111327366679358
20160603,13.95,13.95,13.85,13.95,1359054,18885198,635,+0.10,11.191553557052496
20160604,13.95,13.95,13.85,13.9,601142,8359313,187,-0.05,11.15144046186593
20160606,14.0,14.05,13.8,13.9,1346800,18716115,477, 0.00,11.15144046186593
20160607,14.0,14.2,13.9,14.05,2747287,38625718,1286,+0.15,11.271779747425633
20160608,14.1,14.15,13.95,14.0,2392308,33603018,1128,-0.05,11.231666652239065
20160613,13.8,13.85,13.5,13.55,2576216,35070681,981,-0.45,10.870648795559951
20160614,13.55,13.85,13.5,13.8,1849072,25274636,793,+0.25,11.071214271492792
20160615,13.7,13.9,13.65,13.85,2059585,28422863,722,+0.05,11.111327366679358
20160616,13.8,13.85,13.65,13.7,1212285,16653495,616,-0.15,10.990988081119657
20160617,13.75,13.85,13.65,13.65,1251307,17218979,713,-0.05,10.950874985933087
20160620,13.85,13.9,13.75,13.85,1296387,17933017,611,+0.20,11.111327366679358
20160621,13.85,14.0,13.8,14.0,2551150,35490800,886,+0.15,11.231666652239065
20160622,14.3,15.0,14.3,14.95,14283349,210381474,4768,+0.95,11.993815460783855
20160623,14.95,14.95,14.55,14.6,4808177,70463777,2085,-0.35,11.713023794477877
20160624,14.6,14.6,13.75,13.85,7615291,107060724,2630,-0.75,11.111327366679358
20160627,13.85,14.2,13.8,14.2,2997950,42112790,1227,+0.35,11.392119032985336
20160628,13.95,14.2,13.9,14.15,1897018,26723899,825,-0.05,11.352005937798767
20160629,14.25,14.35,14.05,14.1,3776831,53412654,1125,-0.05,11.311892842612203
20160630,14.2,14.25,14.1,14.1,1863072,26400558,753, 0.00,11.311892842612203
20160701,14.2,14.3,14.05,14.1,3317599,47017540,1515, 0.00,11.311892842612203
20160704,14.15,14.25,14.05,14.2,2508199,35510507,1097,+0.10,11.392119032985336
20160705,14.2,14.2,14.0,14.05,2854614,40124924,1748,-0.15,11.271779747425633
20160706,14.05,14.1,13.8,13.9,3749724,52161394,1553,-0.15,11.15144046186593
20160707,13.95,14.15,13.8,13.85,3025825,42018022,1420,-0.05,11.111327366679358
20160711,13.95,14.05,13.55,13.6,6119261,83908995,2805,-0.25,10.910761890746521
20160712,13.6,13.75,13.4,13.45,5608467,75829375,2300,-0.15,10.790422605186812
20160713,13.45,13.7,13.4,13.55,4660854,63011981,1760,+0.10,10.870648795559951
20160714,13.55,13.75,13.5,13.65,3954826,53825726,1485,+0.10,10.950874985933087
20160715,13.65,13.95,13.6,13.75,6676359,92166229,2792,+0.10,11.031101176306223
20160718,13.85,14.1,13.8,14.0,5409156,75498613,2027,+0.25,11.231666652239065
20160719,14.0,14.0,13.8,13.85,5171601,71764912,1731,-0.15,11.111327366679358
20160720,13.8,14.0,13.8,13.95,3349721,46676778,1263,+0.10,11.191553557052496
20160721,14.0,14.25,13.9,14.1,5432210,76595455,1598,+0.15,11.311892842612203
20160722,14.15,14.2,13.95,14.0,3851318,54215802,1302,-0.10,11.231666652239065
20160725,14.1,14.25,14.0,14.1,2863554,40341657,870,+0.10,11.311892842612203
20160726,14.05,14.1,14.0,14.0,3857343,54160802,1316,-0.10,11.231666652239065
20160727,14.1,14.15,14.0,14.05,5692753,79998091,1479,+0.05,11.271779747425633
20160728,13.85,13.9,13.6,13.6,6005593,82425716,1761,X0.00,11.150781599599467
20160729,13.55,13.65,13.3,13.6,7106217,95720775,2062, 0.00,11.150781599599467
20160801,13.5,13.6,13.4,13.5,5780224,77896767,1711,-0.10,11.068790558425942
20160802,13.5,13.5,13.2,13.2,7559637,100423351,2576,-0.30,10.822817434905364
20160803,13.15,13.25,13.0,13.05,9892913,129481608,3210,-0.15,10.699830873145077
20160804,13.05,13.2,13.0,13.05,5707651,74606735,2081, 0.00,10.699830873145077
20160805,13.1,13.2,13.1,13.15,3933322,51620158,1364,+0.10,10.781821914318604
20160808,13.2,13.25,13.1,13.1,2733422,35937871,905,-0.05,10.740826393731838
20160809,13.1,13.2,12.9,13.0,4448843,58058559,1740,-0.10,10.658835352558317
20160810,13.0,13.05,12.8,12.85,5845225,75315563,1739,-0.15,10.53584879079803
20160811,12.8,12.9,12.75,12.85,3563084,45602360,1229, 0.00,10.53584879079803
20160812,12.9,13.0,12.8,13.0,3109923,40100541,1146,+0.15,10.658835352558317
20160815,13.0,13.05,12.9,13.05,2428029,31548757,1070,+0.05,10.699830873145077
20160816,13.1,13.1,12.9,12.95,2750179,35709806,931,-0.10,10.617839831971551
20160817,12.95,13.0,12.85,12.85,2319593,29910061,1315,-0.10,10.53584879079803
20160818,12.9,13.35,12.85,13.1,7153121,94210571,1991,+0.25,10.740826393731838
20160819,13.2,13.25,13.0,13.05,2788723,36558626,946,-0.05,10.699830873145077
20160822,13.05,13.05,12.9,12.9,1387017,17949985,703,-0.15,10.576844311384791
20160823,13.0,13.2,13.0,13.05,2525222,33041738,890,+0.15,10.699830873145077
20160824,13.1,13.15,12.95,13.05,2429954,31633102,823, 0.00,10.699830873145077
20160825,13.1,13.2,13.05,13.2,2488612,32661013,828,+0.15,10.822817434905364
20160826,13.2,13.2,13.1,13.15,1217792,16008256,580,-0.05,10.781821914318604
20160829,13.15,13.3,13.1,13.1,1843693,24258184,752,-0.05,10.740826393731838
20160830,13.15,13.2,13.0,13.0,2250521,29329754,765,-0.10,10.658835352558317
20160831,13.05,13.05,12.95,13.0,1921545,24993888,997, 0.00,10.658835352558317
20160901,13.0,13.15,12.95,13.0,2970575,38753442,900, 0.00,10.658835352558317
20160902,13.05,13.1,12.85,12.85,3866866,50042517,1216,-0.15,10.53584879079803
20160905,13.0,13.0,12.8,12.85,2927754,37683978,995, 0.00,10.53584879079803
20160906,12.95,13.45,12.9,13.3,12548970,166554392,3235,+0.45,10.904808476078893
20160907,13.35,13.35,13.2,13.35,3453832,45929468,1137,+0.05,10.945803996665651
20160908,13.35,13.7,13.35,13.5,7277270,98591114,2156,+0.15,11.068790558425942
20160909,13.45,13.5,13.25,13.35,4280177,57215107,1162,-0.15,10.945803996665651
20160910,13.1,13.3,13.05,13.2,2317554,30514830,504,-0.15,10.822817434905364
20160912,13.2,13.25,13.05,13.05,2624008,34418151,710,-0.15,10.699830873145077
20160913,13.15,13.2,13.0,13.05,1988397,25986328,846, 0.00,10.699830873145077
20160914,13.0,13.1,12.85,12.85,2762668,35746296,785,-0.20,10.53584879079803
20160919,13.0,13.1,12.95,13.0,1820947,23714256,491,+0.15,10.658835352558317
20160920,13.1,13.1,12.95,13.05,1473234,19193824,502,+0.05,10.699830873145077
20160921,13.05,13.35,13.05,13.25,2884498,38158820,1319,+0.20,10.86381295549213
20160922,13.35,13.35,13.2,13.3,1918882,25471526,684,+0.05,10.904808476078893
20160923,13.4,13.45,13.3,13.4,3360476,44959744,1151,+0.10,10.986799517252418
20160926,13.4,13.5,13.25,13.35,1844577,24629169,571,-0.05,10.945803996665651
20160929,13.45,13.45,13.2,13.25,3983314,52954706,1420,-0.10,10.86381295549213
20160930,13.2,13.3,13.05,13.25,2317785,30512758,853, 0.00,10.86381295549213
20161003,13.25,13.3,13.1,13.1,1099341,14474963,426,-0.15,10.740826393731838
20161004,13.1,13.5,13.1,13.4,4704682,62704294,1681,+0.30,10.986799517252418
20161005,13.45,13.45,13.25,13.35,2205551,29467602,605,-0.05,10.945803996665651
20161006,13.45,13.45,13.25,13.35,2802326,37361515,774, 0.00,10.945803996665651
20161007,13.35,13.35,13.2,13.25,1928845,25585843,876,-0.10,10.86381295549213
20161011,13.15,13.2,12.75,12.85,6869110,88786258,2130,-0.40,10.53584879079803
20161012,12.85,13.05,12.75,12.9,3383436,43633368,1092,+0.05,10.576844311384791
20161013,12.95,13.0,12.85,12.9,1681144,21699899,658, 0.00,10.576844311384791
20161014,12.95,12.95,12.7,12.7,2461410,31459403,1020,-0.20,10.412862229037737
20161017,12.7,12.7,12.55,12.7,1705503,21554651,576, 0.00,10.412862229037737
20161018,12.7,12.9,12.7,12.9,1572902,20151037,667,+0.20,10.576844311384791
20161019,12.95,12.95,12.75,12.8,1809148,23270530,786,-0.10,10.494853270211264
20161020,12.85,12.95,12.75,12.8,1920101,24628632,786, 0.00,10.494853270211264
20161021,12.85,13.05,12.8,12.85,3156073,40816974,977,+0.05,10.53584879079803
20161024,12.95,13.15,12.9,13.05,4047523,52866999,1298,+0.20,10.699830873145077
20161025,13.15,13.15,13.0,13.05,1879115,24556545,669, 0.00,10.699830873145077
20161026,13.05,13.15,13.0,13.05,1485868,19441184,607, 0.00,10.699830873145077
20161027,13.05,13.2,13.05,13.05,1779898,23337509,586, 0.00,10.699830873145077
20161028,13.15,13.15,12.95,12.95,1255537,16331318,617,-0.10,10.617839831971551
20161031,12.8,13.05,12.75,13.05,3991066,51629558,1085,+0.10,10.699830873145077
20161101,12.95,13.0,12.7,12.75,4021420,51510549,1817,-0.30,10.453857749624502
20161102,12.65,12.75,12.55,12.55,2406819,30375954,1047,-0.20,10.289875667277451
20161103,12.6,12.7,12.2,12.3,4066290,50279943,1218,-0.25,10.084898064343639
20161104,12.3,12.35,12.15,12.2,2422354,29591032,859,-0.10,10.002907023170112
20161107,12.25,12.3,12.15,12.15,2097788,25640957,1028,-0.05,9.961911502583348
20161108,12.2,12.25,12.05,12.1,1647112,20001751,638,-0.05,9.920915981996584
20161109,12.15,12.2,11.55,11.6,4978432,58707020,1419,-0.50,9.51096077612896
20161110,11.85,11.95,11.8,11.9,2014788,23924165,791,+0.30,9.756933899649534
20161111,11.8,11.85,11.4,11.5,3031606,34968158,1005,-0.40,9.428969734955434
20161114,11.5,11.6,11.35,11.45,1765105,20212738,517,-0.05,9.387974214368668
20161115,11.3,11.55,11.3,11.45,1981801,22632304,829, 0.00,9.387974214368668
20161116,11.55,11.6,11.5,11.6,2562245,29596724,889,+0.15,9.51096077612896
20161117,11.65,11.75,11.55,11.55,1819389,21196888,783,-0.05,9.469965255542196
20161118,11.7,11.9,11.6,11.85,2495176,29472318,940,+0.30,9.715938379062772
20161121,11.85,12.05,11.85,12.0,1709896,20416902,710,+0.15,9.83892494082306
20161122,12.0,12.25,11.95,12.1,4529719,54814578,1327,+0.10,9.920915981996584
20161123,12.15,12.25,12.0,12.05,1712461,20722282,528,-0.05,9.879920461409824
20161124,12.1,12.1,12.0,12.05,820815,9909530,441, 0.00,9.879920461409824
20161125,12.15,12.15,11.8,11.85,2337123,27988294,602,-0.20,9.715938379062772
20161128,11.9,12.05,11.9,11.95,1202677,14423096,448,+0.10,9.797929420236297
20161129,11.9,12.1,11.9,12.0,1420508,17049114,486,+0.05,9.83892494082306
20161130,12.05,12.1,11.95,11.95,1822736,21859533,706,-0.05,9.797929420236297
20161201,12.0,12.35,12.0,12.2,3826478,46672900,1101,+0.25,10.002907023170112
20161202,12.2,12.3,12.1,12.3,1800407,22024852,747,+0.10,10.084898064343639
20161205,12.35,12.35,12.1,12.15,1565921,19111287,837,-0.15,9.961911502583348
20161206,12.15,12.25,12.1,12.15,1415264,17205042,514, 0.00,9.961911502583348
20161207,12.25,12.25,12.05,12.2,1627877,19816247,570,+0.05,10.002907023170112
20161208,12.25,12.3,12.15,12.2,2140001,26119554,742, 0.00,10.002907023170112
20161209,12.2,12.25,12.15,12.2,1455645,17776381,551, 0.00,10.002907023170112
20161212,12.25,12.45,12.2,12.35,3097997,38308660,860,+0.15,10.125893584930399
20161213,12.4,12.55,12.3,12.35,2576349,31982681,946, 0.00,10.125893584930399
20161214,12.4,12.55,12.35,12.35,2186077,27217937,925, 0.00,10.125893584930399
20161215,12.35,12.5,12.35,12.5,1695348,21058060,542,+0.15,10.248880146690688
20161216,12.55,12.8,12.5,12.6,4119552,52142901,1303,+0.10,10.330871187864211
20161219,12.6,12.6,12.3,12.3,2317032,28680684,763,-0.30,10.084898064343639
20161220,12.35,12.35,12.15,12.2,1532856,18732986,572,-0.10,10.002907023170112
20161221,12.25,12.4,12.2,12.25,1321485,16236163,531,+0.05,10.043902543756875
20161222,12.35,12.4,12.25,12.25,1015759,12493656,462, 0.00,10.043902543756875
20161223,12.3,12.4,12.25,12.25,880278,10831203,390, 0.00,10.043902543756875
20161226,12.3,12.4,12.3,12.35,985301,12150892,398,+0.10,10.125893584930399
20161227,12.3,12.4,12.25,12.3,890767,10970539,387,-0.05,10.084898064343639
20161228,12.35,12.45,12.3,12.45,1165368,14434247,603,+0.15,10.207884626103926
20161229,12.35,12.4,12.3,12.3,980875,12102253,314,-0.15,10.084898064343639
20161230,12.35,12.45,12.3,12.4,1505974,18659724,654,+0.10,10.16688910551716
20170103,12.4,12.45,12.3,12.35,1241136,15346472,302,-0.05,10.125893584930399
20170104,12.4,12.6,12.4,12.55,2092368,26238295,818,+0.20,10.289875667277451
20170105,12.6,12.75,12.55,12.65,2741021,34774248,909,+0.10,10.371866708450979
20170106,12.75,12.8,12.65,12.7,2091219,26624612,668,+0.05,10.412862229037737
20170109,12.75,12.75,12.5,12.5,1402862,17673219,526,-0.20,10.248880146690688
20170110,12.5,12.55,12.35,12.35,1256294,15613573,558,-0.15,10.125893584930399
20170111,12.4,12.45,12.35,12.45,1102548,13659833,484,+0.10,10.207884626103926
20170112,12.5,12.75,12.45,12.6,4684602,59276168,1142,+0.15,10.330871187864211
20170113,12.6,12.6,12.5,12.55,961068,12053143,450,-0.05,10.289875667277451
20170116,12.55,12.55,12.25,12.3,2070780,25559574,760,-0.25,10.084898064343639
20170117,12.3,12.4,12.25,12.35,1401207,17244089,516,+0.05,10.125893584930399
20170118,12.35,12.4,12.25,12.3,1382313,17015873,747,-0.05,10.084898064343639
20170119,12.3,12.4,12.2,12.25,1979712,24344861,718,-0.05,10.043902543756875
20170120,12.25,12.35,12.25,12.25,1346375,16534967,433, 0.00,10.043902543756875
20170123,12.35,12.5,12.3,12.35,2103036,26068634,672,+0.10,10.125893584930399
20170124,12.4,12.4,12.2,12.3,1997856,24529667,899,-0.05,10.084898064343639
20170202,12.3,12.95,12.3,12.75,6632629,84161648,2349,+0.45,10.453857749624502
20170203,12.9,13.35,12.85,13.35,11100567,146803829,3347,+0.60,10.945803996665651
20170206,13.5,13.7,13.3,13.35,8292491,111924635,2474, 0.00,10.945803996665651
20170207,13.35,13.35,13.2,13.25,2526192,33505337,901,-0.10,10.86381295549213
20170208,13.3,13.7,13.25,13.55,7554950,101898947,2246,+0.30,11.109786079012705
20170209,13.55,13.65,13.35,13.45,4278104,57593327,1167,-0.10,11.02779503783918
20170210,13.45,13.55,13.35,13.35,2744765,36803042,888,-0.10,10.945803996665651
20170213,13.35,13.45,13.2,13.3,2812675,37327391,938,-0.05,10.904808476078893
20170214,13.3,13.6,13.2,13.45,4589188,61506300,1299,+0.15,11.02779503783918
20170215,13.55,13.9,13.5,13.7,13184841,181242594,3166,+0.25,11.23277264077299
20170216,13.9,14.0,13.7,13.75,7314116,101092918,2221,+0.05,11.273768161359754
20170217,13.75,13.85,13.6,13.75,3264180,44683687,1176, 0.00,11.273768161359754
20170218,13.8,13.95,13.7,13.8,4213769,58266834,1312,+0.05,11.314763681946522
20170220,13.95,14.45,13.85,14.35,17391528,247404264,4157,+0.55,11.76571440840091
20170221,14.25,14.3,13.9,14.0,6774903,95339342,1960,-0.35,11.478745764293569
20170222,14.1,14.25,13.9,13.95,7046710,98943090,2041,-0.05,11.437750243706805
20170223,14.0,14.4,13.95,14.25,12765438,181834622,2784,+0.30,11.683723367227385
20170224,14.2,14.35,14.1,14.35,4922528,69964764,1389,+0.10,11.76571440840091
20170301,14.35,14.35,13.95,14.05,7289435,103027700,1828,-0.30,11.519741284880332
20170302,14.15,14.3,13.9,14.0,5528757,77798898,1569,-0.05,11.478745764293569
20170303,14.1,14.15,14.0,14.0,2983173,41900072,981, 0.00,11.478745764293569
20170306,14.05,14.1,13.9,13.9,3043114,42487188,1038,-0.10,11.396754723120045
20170307,13.95,14.15,13.95,14.1,5598523,78684722,1160,+0.20,11.560736805467096
20170308,14.2,14.45,14.2,14.25,7315752,104749152,1948,+0.15,11.683723367227385
20170309,14.25,14.3,14.0,14.2,3925117,55448394,1187,-0.05,11.642727846640623
20170310,14.2,14.2,13.75,14.15,6944978,96999484,1529,-0.05,11.601732326053858
20170313,14.2,14.25,14.1,14.25,3293661,46725448,1154,+0.10,11.683723367227385
20170314,14.3,14.5,14.25,14.4,7749208,111687901,1816,+0.15,11.806709928987672
20170315,14.4,14.5,14.25,14.3,3273563,46947971,1062,-0.10,11.724718887814147
20170316,14.35,14.6,14.3,14.6,7869824,114114270,1998,+0.30,11.970692011334725
20170317,14.7,15.1,14.6,15.05,13448517,199236226,3352,+0.45,12.339651696615588
20170320,15.25,15.3,15.0,15.15,11177427,169325884,3052,+0.10,12.421642737789114
20170321,15.2,15.7,15.15,15.3,17858702,276031583,4648,+0.15,12.5446292995494
20170322,15.1,15.7,14.95,15.65,9045590,138743775,2744,+0.35,12.831597943656739
20170323,15.75,15.8,15.5,15.5,7534682,117823311,2120,-0.15,12.708611381896452
20170324,15.6,16.95,15.4,16.1,37491106,611929731,8114,+0.60,13.200557628937608
20170327,16.15,16.45,15.6,15.65,14455508,232150840,4363,-0.45,12.831597943656739
20170328,16.0,16.1,15.4,15.95,13812208,218147189,3752,+0.30,13.077571067177319
20170329,16.25,17.0,16.25,17.0,42085458,705747936,9722,+1.05,13.938476999499334
20170330,17.25,17.25,16.8,16.8,15834082,268601587,4722,-0.20,13.774494917152285
20170331,16.75,16.9,16.4,16.7,18131846,301532093,5135,-0.10,13.692503875978758
20170405,16.8,17.35,16.75,17.25,21828041,374296164,6853,+0.55,14.143454602433147
20170406,17.2,17.4,17.05,17.1,11541125,198537671,3501,-0.15,14.020468040672863
20170407,17.2,17.9,17.15,17.9,33410113,586622693,8804,+0.80,14.67639637006106
20170410,17.75,18.35,17.6,18.0,20802135,374320630,6294,+0.10,14.758387411234592
20170411,18.0,18.15,17.4,17.45,18091855,319379887,5521,-0.55,14.3074366847802
20170412,17.55,18.3,17.55,18.0,38081913,688872503,8948,+0.55,14.758387411234592
20170413,18.3,18.95,18.1,18.8,43851631,814810070,10346,+0.80,15.41431574062279
20170414,18.7,18.7,17.75,17.8,24293652,442100061,6536,-1.00,14.59440532888754
20170417,17.85,18.05,16.6,17.25,22980280,395106792,6339,-0.55,14.143454602433147
20170418,17.8,18.25,17.7,17.9,14777033,265349086,4718,+0.65,14.67639637006106
20170419,17.3,17.9,17.3,17.7,10711868,188032803,3386,-0.20,14.512414287714014
20170420,17.7,17.85,17.3,17.3,10683993,186759717,4222,-0.40,14.184450123019914
20170421,17.75,18.15,17.55,18.0,16765205,300784840,4056,+0.70,14.758387411234592
20170424,18.15,18.25,17.5,17.55,8743084,155312059,2729,-0.45,14.389427725953725
20170425,17.7,17.8,17.45,17.7,5923458,104456272,2050,+0.15,14.512414287714014
20170426,17.85,18.1,17.7,17.9,11121744,199776858,3185,+0.20,14.67639637006106
20170427,18.05,18.05,17.7,17.85,5742353,102295686,1914,-0.05,14.635400849474307
20170428,18.1,18.9,17.9,18.6,32666271,606608052,8424,+0.75,15.250333658275743
20170502,18.85,19.05,18.45,18.45,16766428,312742737,4507,-0.15,15.127347096515454
20170503,18.5,18.55,17.85,17.9,9187215,166604229,2973,-0.55,14.67639637006106
20170504,18.05,18.4,17.95,18.3,8439538,153686334,2440,+0.40,15.004360534755167
20170505,18.0,18.2,17.8,17.85,7598558,136594295,2379,-0.45,14.635400849474307
20170508,18.2,18.2,17.45,17.45,6716062,118632777,2360,-0.40,14.3074366847802
20170509,17.7,18.0,17.3,17.6,11489579,203145427,3499,+0.15,14.43042324654049
20170510,17.75,18.3,17.65,18.2,10563555,190291913,3064,+0.60,14.922369493581638
20170511,18.1,18.1,17.65,17.7,7545038,134146411,2524,-0.50,14.512414287714014
20170512,17.9,18.15,17.4,17.4,13290542,236544174,3583,-0.30,14.266441164193438
20170515,17.5,17.6,17.15,17.3,8313806,144402934,2326,-0.10,14.184450123019914
20170516,17.6,17.85,17.5,17.55,7833157,138233477,2254,+0.25,14.389427725953725
20170517,17.65,17.8,17.4,17.5,4499915,78867311,1814,-0.05,14.348432205366963
20170518,17.15,17.35,17.05,17.25,4512697,77773635,1606,-0.25,14.143454602433147
20170519,17.4,17.65,17.3,17.55,3941880,68991846,1211,+0.30,14.389427725953725
20170522,17.7,17.7,17.3,17.45,2530513,44242494,785,-0.10,14.3074366847802
20170523,17.4,17.65,17.35,17.45,2999537,52548312,1109, 0.00,14.3074366847802
20170524,17.55,17.65,17.35,17.35,2859384,49873431,859,-0.10,14.225445643606676
20170525,17.4,17.4,17.2,17.2,4245435,73303401,1233,-0.15,14.102459081846385
20170526,17.2,17.3,16.75,16.9,6448200,109643561,2155,-0.30,13.85648595832581
20170531,17.0,17.5,16.8,17.4,5868827,100357742,1997,+0.50,14.266441164193438
20170601,17.3,17.35,16.95,17.1,5649567,96819089,1534,-0.30,14.020468040672863
20170602,17.1,17.45,17.1,17.2,5904261,102119818,1842,+0.10,14.102459081846385
20170603,17.25,17.35,17.1,17.2,2014673,34638835,657, 0.00,14.102459081846385
20170605,17.2,17.75,17.1,17.6,7371583,128462294,2008,+0.40,14.43042324654049
20170606,17.85,18.1,17.7,18.05,24578213,441070854,6205,+0.45,14.799382931821354
20170607,17.95,18.0,17.55,17.55,8364111,148260534,3006,-0.50,14.389427725953725
20170608,17.6,17.7,17.4,17.45,5435306,95131016,1773,-0.10,14.3074366847802
20170609,17.6,17.75,17.4,17.5,4661879,81913580,1495,+0.05,14.348432205366963
20170612,17.35,17.45,17.05,17.05,6030917,103587781,2039,-0.45,13.979472520086098
20170613,17.15,17.35,17.0,17.3,4251841,73166861,1561,+0.25,14.184450123019914
20170614,17.4,17.5,16.9,17.5,7874336,135603122,2536,+0.20,14.348432205366963
20170615,17.55,17.6,17.35,17.6,5250816,91886126,1791,+0.10,14.43042324654049
20170616,17.7,18.25,17.65,17.75,21257926,382355217,5507,+0.15,14.553409808300776
20170619,17.95,18.0,17.6,17.6,6067703,107574761,2250,-0.15,14.43042324654049
20170620,17.65,17.8,17.45,17.45,3646997,64155241,1248,-0.15,14.3074366847802
20170621,17.45,18.0,17.4,17.95,8090916,144235987,2790,+0.50,14.71739189064783
20170622,18.5,18.7,18.3,18.3,31496123,583973035,8807,+0.35,15.004360534755167
20170623,18.3,18.4,18.0,18.0,7375397,133943896,2914,-0.30,14.758387411234592
20170626,18.0,18.2,17.95,18.15,6113601,110554536,2080,+0.15,14.88137397299488
20170627,18.2,18.3,17.85,18.05,7085837,128005925,2294,-0.10,14.799382931821354
20170628,17.85,18.15,17.75,17.8,7749400,138663113,2224,-0.25,14.59440532888754
20170629,18.0,18.05,17.6,17.6,4735467,84106229,1831,-0.20,14.43042324654049
20170630,17.45,17.65,17.4,17.65,4477365,78344767,1817,+0.05,14.47141876712725
20170703,17.8,17.85,17.65,17.8,2891126,51301431,1109,+0.15,14.59440532888754
20170704,17.95,18.1,17.8,17.8,5394128,96802323,1540, 0.00,14.59440532888754
20170705,17.85,17.9,17.5,17.65,3498704,61903417,981,-0.15,14.47141876712725
20170706,17.65,17.75,17.4,17.5,4140269,72504184,1535,-0.15,14.348432205366963
20170707,17.45,17.6,17.35,17.35,4149577,72351897,1664,-0.15,14.225445643606676
20170710,17.5,17.65,17.3,17.35,4518399,78781111,1766, 0.00,14.225445643606676
20170711,17.4,17.6,17.3,17.6,3708093,64803524,1348,+0.25,14.43042324654049
20170712,17.65,17.95,17.6,17.85,6244813,111070362,1984,+0.25,14.635400849474307
20170713,17.95,18.05,17.8,17.85,5509133,98529601,1641, 0.00,14.635400849474307
20170714,18.0,18.65,17.85,18.2,19519440,357062648,4776,+0.35,14.922369493581638
20170717,18.35,18.7,18.3,18.35,15916861,294662892,3818,+0.15,15.04535605534193
20170718,18.35,18.35,18.0,18.1,7914586,143358919,2226,-0.25,14.840378452408112
20170719,18.0,18.15,17.9,17.95,5072310,91205393,1785,-0.15,14.71739189064783
20170720,18.15,18.15,17.85,17.9,4241599,76265786,1647,-0.05,14.67639637006106
20170721,17.95,18.15,17.85,17.9,2896321,52019354,1006, 0.00,14.67639637006106
20170724,17.95,18.4,17.85,18.05,12615801,229311268,3358,+0.15,14.799382931821354
20170725,18.0,18.2,17.9,18.15,5867400,105816724,1789,+0.10,14.88137397299488
20170726,18.25,18.4,17.9,17.9,7724658,140294108,2177,-0.25,14.67639637006106
20170727,18.0,18.8,17.95,18.8,32288923,598248874,7898,+0.90,15.41431574062279
20170728,18.75,19.6,18.5,19.55,32944054,624859840,8939,+0.75,16.029248549424235
20170731,19.6,19.9,19.0,19.65,27973787,545382598,8832,+0.10,16.111239590597762
20170801,19.6,19.75,19.35,19.5,11503268,225100852,3813,-0.15,15.988253028837473
20170802,19.35,19.8,19.2,19.2,24120345,470213664,6563,-0.30,15.742279905316899
20170803,19.3,19.55,19.2,19.2,8853493,171213025,3096, 0.00,15.742279905316899
20170804,19.2,19.35,18.95,19.1,9441520,180459572,3117,-0.10,15.660288864143368
20170807,19.15,19.45,19.05,19.3,12336184,237018580,3128,+0.20,15.824270946490424
20170808,19.05,19.15,18.5,18.6,12314494,232251453,3719,X0.00,15.489905512971184
20170809,18.45,18.5,17.65,17.75,17556116,315849253,5553,-0.85,14.782033486840774
20170810,17.85,18.0,17.35,17.4,8990706,157975524,2827,-0.35,14.490556770198841
20170811,17.35,17.8,17.35,17.65,6946804,122394680,2016,+0.25,14.69875442494308
20170814,17.7,17.7,16.8,16.9,14076677,240735232,4437,-0.75,14.074161460710371
20170815,17.1,17.2,16.5,16.6,11557888,193586130,3366,-0.30,13.824324275017286
20170816,16.6,16.85,16.5,16.6,9304445,155117932,3319, 0.00,13.824324275017286
20170817,16.7,17.0,16.55,16.8,8293866,139178555,2301,+0.20,13.990882398812678
20170818,16.65,16.65,16.2,16.2,11168207,182281247,3578,-0.60,13.491208027426511
20170821,16.3,16.85,16.15,16.85,7893417,130603615,2724,+0.65,14.032521929761522
20170822,16.85,17.15,16.8,16.8,7241677,122777051,2463,-0.05,13.990882398812678
20170823,16.95,16.95,16.55,16.55,3718196,62208350,1640,-0.25,13.78268474406844
20170824,16.7,16.9,16.7,16.9,4768582,80226181,1609,+0.35,14.074161460710371
20170825,17.0,17.55,16.9,17.45,13975757,242584221,4021,+0.55,14.532196301147687
20170828,17.3,17.45,16.95,17.0,9015676,154084792,2561,-0.45,14.157440522608065
20170829,17.0,17.4,17.0,17.2,6231465,107443060,1987,+0.20,14.323998646403455
20170830,17.3,17.45,17.2,17.35,5543573,96221209,2091,+0.15,14.448917239249997
20170831,17.5,17.5,17.0,17.25,5988556,103069383,2118,-0.10,14.365638177352304
20170901,17.15,17.35,17.1,17.15,4285416,73713205,1840,-0.10,14.282359115454609
20170904,17.1,17.5,17.0,17.25,5069355,87707525,2075,+0.10,14.365638177352304
20170905,17.4,17.45,17.1,17.2,4959728,85836777,1920,-0.05,14.323998646403455
20170906,17.25,17.4,17.0,17.05,5572516,95625222,1969,-0.15,14.199080053556914
20170907,17.2,17.4,17.05,17.2,6709101,115481619,2185,+0.15,14.323998646403455
20170908,17.3,17.35,17.05,17.1,3883491,66709989,1817,-0.10,14.240719584505758
20170911,17.3,17.45,17.2,17.25,4776833,82676018,1673,+0.15,14.365638177352304
20170912,17.4,17.45,17.2,17.2,3795855,65618296,1656,-0.05,14.323998646403455
20170913,17.3,17.9,17.2,17.55,13988211,246436946,4104,+0.35,14.615475363045386
20170914,17.6,17.6,17.2,17.35,5164276,89821624,2090,-0.20,14.448917239249997
20170915,17.5,17.7,17.4,17.65,9096746,159798355,2933,+0.30,14.69875442494308
20170918,17.75,18.1,17.6,17.9,13030055,233593914,4337,+0.25,14.906952079687322
20170919,18.1,18.15,17.5,17.55,7291418,129860792,2439,-0.35,14.615475363045386
20170920,17.65,17.85,17.3,17.35,6715620,117713494,2254,-0.20,14.448917239249997
20170921,17.4,17.7,17.25,17.45,3575018,62514056,1356,+0.10,14.532196301147687
20170922,17.7,18.3,17.65,17.65,17022575,304977788,4867,+0.20,14.69875442494308
20170925,17.7,17.7,16.5,16.75,12878164,219356956,3631,-0.90,13.949242867863827
20170926,16.7,16.9,16.2,16.2,8873018,146710534,2838,-0.55,13.491208027426511
20170927,16.3,16.5,16.25,16.25,5617531,91835420,1535,+0.05,13.532847558375359
20170928,16.4,16.4,16.1,16.2,3877155,63053204,1623,-0.05,13.491208027426511
20170929,16.3,16.35,16.05,16.35,4051423,65770857,1271,+0.15,13.616126620273052
20170930,16.35,16.7,16.35,16.5,2500109,41334045,1011,+0.15,13.741045213119595
20171002,16.65,16.7,16.5,16.6,2671715,44363261,932,+0.10,13.824324275017286
20171003,16.6,16.65,16.4,16.4,1936030,32024694,842,-0.20,13.657766151221896
20171005,16.5,16.85,16.45,16.7,3992540,66712612,1262,+0.30,13.907603336914981
20171006,16.8,16.8,16.35,16.35,4561028,75078745,1374,-0.35,13.616126620273052
20171011,16.45,16.65,16.35,16.55,4356785,72007299,1560,+0.20,13.78268474406844
20171012,16.8,16.9,16.65,16.65,3656240,61175480,1169,+0.10,13.865963805966134
20171013,16.65,16.85,16.6,16.7,4220296,70604783,1114,+0.05,13.907603336914981
20171016,16.85,16.95,16.7,16.85,3096410,52037579,1192,+0.15,14.032521929761522
20171017,16.85,16.9,16.7,16.75,2694911,45186803,916,-0.10,13.949242867863827
20171018,16.8,16.85,16.4,16.4,4209322,69651492,1791,-0.35,13.657766151221896
20171019,16.55,16.6,16.3,16.35,3328336,54652763,1170,-0.05,13.616126620273052
20171020,16.3,16.5,16.25,16.5,3180747,52177639,854,+0.15,13.741045213119595
20171023,16.6,16.75,16.45,16.45,2850114,47203619,1097,-0.05,13.699405682170745
20171024,16.55,16.95,16.45,16.95,7449911,125283933,2384,+0.50,14.115800991659219
20171025,17.25,17.35,17.05,17.1,9440694,162694874,3126,+0.15,14.240719584505758
20171026,17.15,17.2,16.9,16.95,3564285,60672573,1326,-0.15,14.115800991659219
20171027,17.15,17.25,16.75,16.8,4321122,73544537,1509,-0.15,13.990882398812678
20171030,17.1,17.15,16.65,16.75,3192665,53857598,1112,-0.05,13.949242867863827
20171031,17.0,17.3,16.75,17.2,5766291,98614399,2054,+0.45,14.323998646403455
20171101,17.2,17.5,17.1,17.4,10718153,186112449,2719,+0.20,14.490556770198841
20171102,17.55,17.75,17.3,17.3,8067167,141524747,2515,-0.10,14.407277708301148
20171103,17.5,18.4,17.4,18.05,30679437,553416816,7989,+0.75,15.031870672533856
20171106,18.25,18.8,18.2,18.25,23350316,430512943,6031,+0.20,15.198428796329244
20171107,18.15,18.55,17.8,18.5,18551727,337597002,4699,+0.25,15.406626451073485
20171108,18.6,19.4,18.55,18.75,49846471,944581500,11188,+0.25,15.61482410581772
20171109,18.75,18.9,17.6,17.95,23296287,426657039,5959,-0.80,14.948591610636159
20171110,18.1,18.6,18.0,18.4,12743374,233936322,3599,+0.45,15.323347389175789
20171113,17.8,17.9,17.4,17.45,16271588,286948718,3911,-0.95,14.532196301147687
20171114,17.45,17.65,17.05,17.05,7319889,126460904,2270,-0.40,14.199080053556914
20171115,16.7,16.7,16.5,16.5,11116623,184469175,3633,-0.55,13.741045213119595
20171116,16.45,16.75,16.25,16.65,11294340,186703444,3350,+0.15,13.865963805966134
20171117,16.75,16.8,16.25,16.4,13028410,215185416,3656,-0.25,13.657766151221896
20171120,16.35,16.35,16.0,16.1,7458153,120428859,2721,-0.30,13.407928965528816
20171121,16.15,16.5,16.1,16.15,12859285,208948796,3160,+0.05,13.449568496477662
20171122,16.2,16.25,15.7,15.75,13247895,211847228,4374,-0.40,13.116452248886887
20171123,15.75,15.85,15.3,15.45,13001031,201406171,3639,-0.30,12.866615063193802
20171124,15.55,15.95,15.55,15.75,8380457,132182438,2310,+0.30,13.116452248886887
20171127,15.8,15.85,15.3,15.3,9483530,147061299,3142,-0.45,12.741696470347259
20171128,15.35,15.6,15.3,15.6,4931622,76219678,1660,+0.30,12.99153365604034
20171129,15.6,15.7,15.4,15.45,5896830,91493262,1982,-0.15,12.866615063193802
20171130,15.45,15.85,15.4,15.6,12696317,198681556,3025,+0.15,12.99153365604034
20171201,15.65,15.75,15.1,15.2,9062889,139094860,3175,-0.40,12.658417408449566
20171204,15.15,15.6,15.15,15.4,8875787,136546064,2799,+0.20,12.824975532244956
20171205,15.3,15.35,15.05,15.05,5722835,87017553,2287,-0.35,12.533498815603027
20171206,15.1,15.85,15.1,15.8,19705645,305881984,5138,+0.75,13.158091779835733
20171207,15.85,16.7,15.35,16.45,46993215,767858093,12375,+0.65,13.699405682170745
20171208,16.3,16.5,15.6,15.65,22346138,354558376,6558,-0.80,13.033173186989192
20171211,15.65,15.8,15.35,15.65,10433900,162914975,2888, 0.00,13.033173186989192
20171212,15.8,17.2,15.8,17.1,61501306,1035422124,13653,+1.45,14.240719584505758
20171213,17.85,18.4,17.7,17.8,82851514,1489257734,20420,+0.70,14.823673017789622
20171214,17.8,18.2,17.5,17.9,38289969,684947018,10499,+0.10,14.906952079687322
20171215,17.85,17.85,17.1,17.55,32108675,559771039,8523,-0.35,14.615475363045386
20171218,17.75,18.25,17.45,17.45,41719312,747357184,10848,-0.10,14.532196301147687
20171219,17.55,17.65,16.9,17.05,22914780,394373710,6372,-0.40,14.199080053556914
20171220,17.35,17.95,17.25,17.65,31392039,554460423,8491,+0.60,14.69875442494308
20171221,17.4,17.55,17.25,17.3,13380003,232716494,3854,-0.35,14.407277708301148
20171222,17.5,17.8,17.3,17.35,15818210,277379700,4205,+0.05,14.448917239249997
20171225,17.4,17.85,17.25,17.25,18524640,325055187,5630,-0.10,14.365638177352304
20171226,17.35,17.5,16.7,16.75,16706442,282915045,4902,-0.50,13.949242867863827
20171227,16.95,17.25,16.75,16.75,13316622,226425310,3360, 0.00,13.949242867863827
20171228,16.8,17.05,16.45,16.55,21192030,353744227,5241,-0.20,13.78268474406844
20171229,16.6,16.7,16.1,16.3,13307039,217288874,3994,-0.25,13.574487089324204
20180102,16.4,16.8,16.25,16.8,12617986,208604305,3821,+0.50,13.990882398812678
20180103,16.9,17.1,16.6,16.6,16706232,281133354,4737,-0.20,13.824324275017286
20180104,16.65,16.85,16.5,16.65,10458316,173788853,4337,+0.05,13.865963805966134
20180105,16.75,17.15,16.65,16.9,16038233,271219215,4910,+0.25,14.074161460710371
20180108,16.95,17.2,16.7,17.15,28166089,479700558,6594,+0.25,14.282359115454609
20180109,17.25,17.8,17.25,17.3,51816309,905891934,11832,+0.15,14.407277708301148
20180110,17.25,17.35,16.8,16.85,17776044,302082039,5015,-0.45,14.032521929761522
20180111,16.85,17.3,16.85,17.3,13041895,223417375,3888,+0.45,14.407277708301148
20180112,17.4,17.7,17.35,17.5,24282452,425401474,6632,+0.20,14.573835832096542
20180115,17.55,17.7,17.1,17.1,20121638,350135082,5629,-0.40,14.240719584505758
20180116,17.25,17.55,17.15,17.55,14463124,251015755,3566,+0.45,14.615475363045386
20180117,17.7,18.35,17.55,17.9,58307852,1047878930,13760,+0.35,14.906952079687322
20180118,18.1,18.15,17.7,17.85,29845974,535548676,7082,-0.05,14.865312548738471
20180119,18.0,18.2,17.8,17.85,34752098,625729278,7749, 0.00,14.865312548738471
20180122,17.85,17.85,17.15,17.15,23293318,405769161,6344,-0.70,14.282359115454609
20180123,17.25,17.75,17.2,17.7,25373299,443370500,5612,+0.55,14.740393955891925
20180124,17.65,17.75,17.2,17.3,24044279,420422408,5395,-0.40,14.407277708301148
20180125,17.8,18.7,17.8,18.6,108253163,1987175408,22039,+1.30,15.489905512971184
20180126,19.15,19.3,18.55,18.55,75154436,1423237712,17481,-0.05,15.448265982022331
20180129,18.6,19.8,18.3,19.8,96469983,1848742937,22357,+1.25,16.48925425574351
20180130,20.1,20.4,19.3,19.6,95901927,1918123892,27068,-0.20,16.32269613194813
20180131,19.7,21.55,19.45,21.2,142636288,2947430266,37474,+1.60,17.655161122311235
20180201,21.4,21.65,20.85,21.1,70291847,1492232753,21060,-0.10,17.57188206041354
20180202,21.2,21.4,20.5,20.9,72217189,1512627732,15878,-0.20,17.40532393661815
20180205,19.9,21.1,19.9,21.0,55874104,1149795184,13782,+0.10,17.488602998515848
20180206,20.3,20.45,18.9,19.05,78326307,1526242185,17278,-1.95,15.864661291510805
20180207,19.9,20.1,19.35,19.35,40042961,788662786,10172,+0.30,16.114498477203885
20180208,19.5,19.6,18.2,18.7,24694162,467618193,6907,-0.65,15.573184574868872
20180209,17.4,19.15,17.35,19.0,40828387,746233668,12390,+0.30,15.823021760561957
20180212,19.35,19.7,18.5,18.5,36161175,694234298,9695,-0.50,15.406626451073485
20180221,19.05,20.1,18.95,19.9,41733864,818941986,10621,+1.40,16.572533317641206
20180222,19.9,20.7,19.8,20.6,51131871,1041783875,12805,+0.70,17.155486750925068
20180223,20.7,20.95,20.1,20.2,33386721,682146203,9985,-0.40,16.82237050333429
20180226,20.4,20.55,19.9,19.9,18968044,380841340,5430,-0.30,16.572533317641206
20180227,20.1,20.25,19.75,20.2,22071802,441333695,5714,+0.30,16.82237050333429
20180301,19.95,20.6,19.95,20.15,31152574,632144556,8999,-0.05,16.78073097238544
20180302,19.8,19.9,19.5,19.55,18496977,363790685,6068,-0.60,16.28105660099927
20180305,19.55,19.85,18.8,18.8,22433050,431052400,7391,-0.75,15.656463636766567
20180306,19.2,19.3,18.95,19.25,11841379,226959931,3775,+0.45,16.031219415306197
20180307,19.1,19.35,18.75,19.1,18347690,349666656,5343,-0.15,15.90630082245965
20180308,19.35,20.1,19.35,19.8,43008437,847649930,11317,+0.70,16.48925425574351
20180309,19.8,20.0,19.4,19.55,17604972,346043085,5056,-0.25,16.28105660099927
20180312,19.75,20.1,19.6,19.85,20397622,404716737,6099,+0.30,16.53089378669236
20180313,19.8,20.5,19.7,20.15,26742798,539852081,7998,+0.30,16.78073097238544
20180314,20.0,20.1,19.85,19.85,12304016,245398499,3758,-0.30,16.53089378669236
20180315,19.85,20.45,19.75,20.05,24900984,502535971,6152,+0.20,16.697451910487747
20180316,20.3,20.4,19.75,19.75,20857597,417318753,5723,-0.30,16.447614724794665
20180319,19.65,20.2,19.65,19.8,26071883,519693568,6471,+0.05,16.48925425574351
20180320,19.85,20.2,19.7,20.05,17967338,359176963,4577,+0.25,16.697451910487747
20180321,20.15,20.4,19.85,19.95,24393386,490261964,6467,-0.10,16.61417284859005
20180322,20.0,20.1,19.2,19.2,21350628,418392398,6666,-0.75,15.98957988435734
20180323,18.3,18.95,18.3,18.7,16900422,314686293,4923,-0.50,15.573184574868872
20180326,18.7,19.2,18.7,18.9,12261636,232637085,3618,+0.20,15.739742698664259
20180327,19.3,19.7,18.95,19.65,20182538,390169923,5189,+0.75,16.364335662896966
20180328,19.45,19.55,19.2,19.2,19774933,382633835,5482,-0.45,15.98957988435734
20180329,19.25,19.35,18.8,18.85,12535562,237911527,3914,-0.35,15.698103167715418
20180330,19.1,19.1,18.75,18.85,7699275,145507310,3654, 0.00,15.698103167715418
20180331,18.9,19.15,18.85,18.85,3830854,72674047,1367, 0.00,15.698103167715418
20180402,19.0,19.15,18.75,18.75,5484979,103777847,2118,-0.10,15.61482410581772
20180403,18.5,18.7,18.4,18.55,7574494,140601320,2466,-0.20,15.448265982022331
20180409,18.5,18.5,18.1,18.15,6632196,121131898,2423,-0.40,15.11514973443155
20180410,18.25,18.45,18.1,18.1,8260353,150790473,2625,-0.05,15.07351020348271
20180411,18.3,18.4,18.0,18.0,8516938,154337484,2472,-0.10,14.990231141585014
20180412,18.1,18.95,18.05,18.65,16098154,299101425,4721,+0.65,15.531545043920028
20180413,18.8,19.1,18.4,18.75,14386022,270739047,4824,+0.10,15.61482410581772
20180416,18.7,18.8,18.35,18.35,7196317,133402590,2713,-0.40,15.281707858226945
20180417,18.45,18.8,18.05,18.05,7342184,134916034,2849,-0.30,15.031870672533856
20180418,18.25,18.7,17.95,18.05,12143173,221777070,4399, 0.00,15.031870672533856
20180419,18.15,18.5,18.05,18.2,17691294,323737680,4355,+0.15,15.1567892653804
20180420,18.15,18.55,17.8,18.25,14731678,268665684,4916,+0.05,15.198428796329244
20180423,18.3,18.55,17.9,17.95,10543296,191177028,3421,-0.30,14.948591610636159
20180424,18.05,18.1,16.65,16.9,18918461,327217204,5358,-1.05,14.074161460710371
20180425,16.55,17.1,16.0,16.8,25688059,422324742,7401,-0.10,13.990882398812678
20180426,17.15,17.25,16.6,16.6,10876874,184433289,3486,-0.20,13.824324275017286
20180427,17.0,17.0,16.2,16.5,10368628,170555813,2991,-0.10,13.741045213119595
20180430,17.1,17.15,16.65,16.8,13611629,230062110,4611,+0.30,13.990882398812678
20180502,17.0,17.35,16.65,17.05,14555075,248407474,4237,+0.25,14.199080053556914
20180503,17.1,17.5,17.1,17.25,15738072,271975955,4447,+0.20,14.365638177352304
20180504,17.25,17.3,16.7,16.75,10487732,178059658,3866,-0.50,13.949242867863827
20180507,16.95,17.2,16.85,16.85,7455034,126361317,2731,+0.10,14.032521929761522
20180508,16.9,17.35,16.85,17.2,10473829,179866810,2977,+0.35,14.323998646403455
20180509,17.3,17.5,17.15,17.15,9390611,162310571,2671,-0.05,14.282359115454609
20180510,17.15,17.6,17.1,17.35,11967324,208252166,3280,+0.20,14.448917239249997
20180511,17.5,17.55,17.1,17.15,8034784,138740043,2552,-0.20,14.282359115454609
20180514,17.45,17.55,17.1,17.15,10997282,189886379,3305, 0.00,14.282359115454609
20180515,17.25,17.7,17.2,17.35,18511163,323505474,4862,+0.20,14.448917239249997
20180516,17.55,17.6,17.35,17.5,9669921,168930915,2948,+0.15,14.573835832096542
20180517,17.65,17.75,17.5,17.5,6352566,111675103,1966, 0.00,14.573835832096542
20180518,17.5,17.6,17.05,17.05,6844960,117723339,2330,-0.45,14.199080053556914
20180521,17.2,17.75,17.2,17.65,11375636,199354713,3048,+0.60,14.69875442494308
20180522,17.85,17.95,17.5,17.5,6927150,122491690,2176,-0.15,14.573835832096542
20180523,17.55,17.65,17.35,17.4,3285553,57333217,1254,-0.10,14.490556770198841
20180524,17.55,17.65,17.4,17.4,5184199,90659257,1530, 0.00,14.490556770198841
20180525,17.45,17.5,17.2,17.2,5711584,98831141,2002,-0.20,14.323998646403455
20180528,17.3,17.5,17.25,17.4,6827950,118684379,2193,+0.20,14.490556770198841
20180529,17.35,17.35,17.0,17.05,10444196,178708983,3404,-0.35,14.199080053556914
20180530,16.95,17.05,16.8,16.8,8224132,138856394,2634,-0.25,13.990882398812678
20180531,16.95,17.1,16.8,16.8,9617929,162746648,2694, 0.00,13.990882398812678
20180601,16.8,16.95,16.8,16.8,5324556,89622736,1880, 0.00,13.990882398812678
20180604,16.95,17.65,16.9,17.6,25737270,446592895,6607,+0.80,14.657114893994233
20180605,17.6,17.6,17.2,17.25,15337564,266291426,4703,-0.35,14.365638177352304
20180606,17.25,17.45,17.2,17.25,9076864,157133048,2988, 0.00,14.365638177352304
20180607,17.3,17.4,17.1,17.1,9350468,160874968,2967,-0.15,14.240719584505758
20180608,17.15,17.35,17.1,17.15,7646877,131308683,2497,+0.05,14.282359115454609
20180611,17.3,17.3,17.05,17.1,5807798,99602590,2131,-0.05,14.240719584505758
20180612,17.1,17.4,17.05,17.05,9661312,166350564,2827,-0.05,14.199080053556914
20180613,17.2,17.55,17.1,17.15,33918446,589584691,7078,+0.10,14.282359115454609
20180614,17.15,17.7,17.05,17.7,35955669,626825197,7364,+0.55,14.740393955891925
20180615,18.75,19.3,17.7,17.7,132561440,2457984384,33445, 0.00,14.740393955891925
20180619,17.7,18.0,17.4,17.4,35926019,635264172,9351,-0.30,14.490556770198841
20180620,17.55,17.6,17.1,17.2,17715194,305977753,5239,-0.20,14.323998646403455
20180621,17.3,17.35,17.05,17.1,9686054,166398318,3062,-0.10,14.240719584505758
20180622,17.05,17.05,16.9,16.9,8905849,151086431,3270,-0.20,14.074161460710371
20180625,17.0,17.15,16.9,16.9,5563007,94466459,2159, 0.00,14.074161460710371
20180626,16.7,16.7,16.2,16.4,14922168,245234925,4903,-0.50,13.657766151221896
20180627,16.55,16.6,16.2,16.2,8043901,131832633,2876,-0.20,13.491208027426511
20180628,16.2,16.4,16.0,16.1,8422997,136388945,2646,-0.10,13.407928965528816
20180629,16.3,16.4,16.2,16.3,4591384,74889505,1445,+0.20,13.574487089324204
20180702,16.45,16.5,16.2,16.2,5114120,83517541,1579,-0.10,13.491208027426511
20180703,16.25,16.45,15.8,15.8,9877060,158880922,2971,-0.40,13.158091779835733
20180704,15.7,16.1,15.6,15.85,9693419,153840033,2870,+0.05,13.199731310784578
20180705,16.0,16.2,15.9,16.15,8168203,131129565,2611,+0.30,13.449568496477662
20180706,16.2,16.25,15.3,15.4,18875067,295327279,5501,-0.75,12.824975532244956
20180709,15.5,15.75,15.4,15.5,8956013,139045149,2781,+0.10,12.908254594142651
20180710,15.85,16.2,15.85,15.95,10615565,169556490,3151,+0.45,13.283010372682272
20180711,15.85,15.95,15.7,15.9,4653352,73748882,1641,-0.05,13.241370841733424
20180712,15.9,16.15,15.9,16.1,6800507,109044807,1777,+0.20,13.407928965528816
20180713,16.2,16.25,16.05,16.2,8176368,132023055,2646,+0.10,13.491208027426511
20180716,16.25,16.4,16.15,16.2,5121568,83141669,1970, 0.00,13.491208027426511
20180717,16.2,16.3,16.05,16.1,4937042,79673319,1318,-0.10,13.407928965528816
20180718,16.2,16.45,16.2,16.35,9029344,147339354,2782,+0.25,13.616126620273052
20180719,16.5,16.6,16.45,16.45,7302147,120600750,2320,+0.10,13.699405682170745
20180720,16.55,16.65,16.3,16.4,6138399,100939318,1749,-0.05,13.657766151221896
20180723,16.45,16.5,16.15,16.4,4296115,70172582,1494, 0.00,13.657766151221896
20180724,16.45,16.6,16.35,16.5,6312660,103986084,1929,+0.10,13.741045213119595
20180725,16.6,16.7,16.4,16.55,8906158,147549955,2189,+0.05,13.78268474406844
20180726,16.55,16.6,16.35,16.35,7469305,122820095,1943,-0.20,13.616126620273052
20180727,16.4,16.7,16.35,16.7,13681264,226574846,3046,+0.35,13.907603336914981
20180730,16.3,16.4,16.2,16.4,8504827,138674258,2280,X0.00,14.07775559781147
20180731,16.4,16.5,16.25,16.25,5987839,97951613,1632,-0.15,13.948995638075393
20180801,16.3,16.4,16.3,16.35,3584660,58583604,1159,+0.10,14.03483561123278
20180802,16.35,16.4,15.9,15.95,10389375,166557076,3551,-0.40,13.691475718603229
20180803,16.0,16.15,15.85,16.1,5791102,92757682,1820,+0.15,13.820235678339312
20180806,16.15,16.25,16.05,16.15,5230868,84510373,1549,+0.05,13.863155664918006
20180807,16.2,16.2,16.05,16.2,3884432,62643345,1261,+0.05,13.906075651496698
20180808,16.2,16.3,16.1,16.1,4657505,75249528,1805,-0.10,13.820235678339312
20180809,16.4,17.0,16.35,17.0,33102932,554586643,9769,+0.90,14.592795436755795
20180810,16.85,16.9,16.65,16.65,20650905,345729998,5602,-0.35,14.29235553070494
20180813,17.4,17.5,16.7,17.1,46552480,799721198,12055,+0.45,14.678635409913184
20180814,17.3,17.45,17.2,17.4,25480354,441819915,6993,+0.30,14.936155329385343
20180815,17.5,17.65,17.1,17.25,29238529,508960645,9002,-0.15,14.807395369649262
20180816,17.35,18.0,17.2,17.85,32997537,584117471,8754,+0.60,15.322435208593584
20180817,18.05,18.25,17.5,17.6,26178471,468742483,7698,-0.25,15.10783527570012
20180820,17.7,17.8,16.85,17.0,15687177,269605509,5027,-0.60,14.592795436755795
20180821,17.15,17.25,16.85,17.15,6875645,117029165,2647,+0.15,14.721555396491874
20180822,17.1,17.2,16.9,17.2,6123475,104771315,2171,+0.05,14.764475383070566
20180823,17.55,18.2,17.4,18.2,51121273,917967109,13701,+1.00,15.622875114644435
20180824,17.9,18.1,17.6,18.0,27974163,499768434,7773,-0.20,15.451195168329665
20180827,18.15,18.25,17.8,17.95,11539293,207133985,3165,-0.05,15.408275181750973
20180828,18.2,18.35,18.0,18.0,19712303,357714804,5688,+0.05,15.451195168329665
20180829,18.0,18.15,17.8,17.85,9931054,178073805,2965,-0.15,15.322435208593584
20180830,18.0,18.0,17.7,17.8,8846058,157630670,3194,-0.05,15.279515222014894
20180831,17.75,17.8,17.5,17.6,8782565,154668705,2903,-0.20,15.10783527570012
20180903,17.75,18.1,17.55,17.75,14736580,262977737,4531,+0.15,15.236595235436196
20180904,18.25,18.5,17.9,18.1,41611498,758078207,11369,+0.35,15.537035141487051
20180905,18.3,18.4,18.15,18.2,20553077,375465489,6654,+0.10,15.622875114644435
20180906,18.35,18.45,18.0,18.0,19162274,348975089,6313,-0.20,15.451195168329665
20180907,17.95,18.0,17.5,17.6,15314013,271155973,4342,-0.40,15.10783527570012
20180910,17.55,17.6,16.65,16.9,17544031,298714424,5614,-0.70,14.506955463598407
20180911,17.3,17.7,17.1,17.7,14183721,247509956,5153,+0.80,15.193675248857504
20180912,17.8,18.2,17.65,18.15,26865119,482808064,7931,+0.45,15.579955128065745
20180913,18.15,18.6,17.95,18.15,32234054,589217424,9481, 0.00,15.579955128065745
20180914,18.45,19.0,18.25,19.0,54478091,1019719050,15116,+0.85,16.309594899903537
20180917,19.45,20.45,19.4,20.05,144095373,2881982122,35202,+1.05,17.210914618056098
20180918,19.7,20.45,19.6,19.85,67753686,1352619579,17728,-0.20,17.03923467174133
20180919,20.3,20.6,19.7,19.7,44939767,904716846,11948,-0.15,16.910474712005243
20180920,19.75,20.15,19.7,19.75,27976044,556279507,9366,+0.05,16.95339469858394
20180921,19.8,19.95,18.6,19.1,56805452,1084907970,15741,-0.65,16.395434873060925
20180925,19.3,20.3,19.2,20.3,45713832,908479317,12462,+1.20,17.425514550949565
20180926,20.0,20.2,19.8,20.0,23969088,479647960,7309,-0.30,17.167994631477406
20180927,20.0,20.2,19.4,19.55,25926248,512883926,7548,-0.45,16.781714752269163
20180928,20.0,20.55,19.85,20.05,63013202,1275928987,16181,+0.50,17.210914618056098
20181001,20.3,20.35,19.85,20.15,20826004,418559469,6081,+0.10,17.296754591213485
20181002,20.0,20.0,19.45,19.55,30436564,597937650,10359,-0.60,16.781714752269163
20181003,19.6,19.95,19.5,19.5,23337749,459331174,7057,-0.05,16.73879476569047
20181004,19.35,19.4,19.05,19.15,15845273,304287373,5054,-0.35,16.438354859639617
20181005,19.5,19.55,18.2,18.65,46646852,880352469,14569,-0.50,16.009154993852682
20181008,18.6,19.25,18.6,19.2,22356923,424244872,8971,+0.55,16.48127484621831
20181009,19.15,19.3,17.5,17.55,54646416,992318162,16679,-1.65,15.064915289121425
20181011,15.9,16.3,15.8,15.8,46429571,740339765,14080,-1.75,13.562715758867151
20181012,15.9,16.45,15.75,16.45,29272317,473491747,8765,+0.65,14.120675584390165
20181015,16.3,16.4,15.9,16.3,15285794,247761547,5921,-0.15,13.99191562465409
20181016,16.25,16.65,15.65,15.85,26234861,421344881,8559,-0.45,13.605635745445843
20181017,16.15,16.35,16.0,16.05,16584225,268496458,6382,+0.20,13.777315691760622
20181018,16.2,16.7,16.0,16.6,16733382,273804126,6475,+0.55,14.249435544126246
20181019,16.2,16.2,15.85,16.2,20605880,330729853,6720,-0.40,13.906075651496698
20181022,16.0,16.45,15.9,16.35,9841338,159657041,3172,+0.15,14.03483561123278
20181023,16.05,16.3,16.0,16.0,7437020,119871070,3456,-0.35,13.734395705181923
20181024,16.2,16.55,16.1,16.45,19859076,326338045,5944,+0.45,14.120675584390165
20181025,15.95,16.2,15.7,16.0,15205945,242625170,5752,-0.45,13.734395705181923
20181026,16.2,16.3,15.8,15.9,12395382,198650212,4408,-0.10,13.648555732024537
20181029,15.85,16.05,14.5,14.6,28755799,436944479,8382,-1.30,12.532636080978506
20181030,14.5,15.0,14.25,14.65,23870989,346895581,7167,+0.05,12.5755560675572
20181031,14.95,15.4,14.95,15.05,16203173,245969160,5694,+0.40,12.918915960186746
20181101,15.05,15.65,15.0,15.6,12695267,195964812,3475,+0.55,13.391035812552378
20181102,15.55,16.0,15.4,15.6,17148829,270178036,3802, 0.00,13.391035812552378
20181105,15.35,16.0,15.25,16.0,10406873,163710318,3116,+0.40,13.734395705181923
20181106,16.15,16.3,15.35,15.45,12805299,201606996,4246,-0.55,13.262275852816295
20181107,15.55,16.1,15.5,16.1,13086195,208440744,3789,+0.65,13.820235678339312
20181108,16.3,16.35,15.7,15.8,11426129,182881746,3467,-0.30,13.562715758867151
20181109,16.0,16.25,15.9,16.15,14691403,236735857,3634,+0.35,13.863155664918006
20181112,16.05,17.1,16.05,16.7,30757805,513194690,7462,+0.55,14.335275517283634
20181113,16.45,16.9,15.85,16.85,36897736,602787162,13512,+0.15,14.464035477019715
20181114,16.8,17.15,16.5,17.0,29329783,495950494,6089,+0.15,14.592795436755795
20181115,17.45,18.7,17.4,18.7,92292579,1681948468,21299,+1.70,16.052074980431374
20181116,19.0,20.3,19.0,19.65,124462008,2447936892,25665,+0.95,16.86755472542655
20181119,19.95,20.1,19.5,19.8,38834796,768152622,9801,+0.15,16.996314685162634
20181120,19.6,20.1,19.5,19.95,36875325,730726203,10032,+0.15,17.125074644898714
20181121,19.8,20.1,19.65,20.05,38682509,770349380,8105,+0.10,17.210914618056098
20181122,20.1,20.15,18.65,18.65,43932843,845932440,10432,-1.40,16.009154993852682
20181123,18.9,19.0,18.4,18.7,24434286,457548724,7133,+0.05,16.052074980431374
20181126,18.9,19.2,18.5,18.75,17501495,328747247,4716,+0.05,16.094994967010063
20181127,18.9,20.0,18.8,20.0,40467314,792442780,11037,+1.25,17.167994631477406
20181128,19.85,20.15,19.65,19.95,29189573,581095369,8463,-0.05,17.125074644898714
20181129,20.2,20.6,19.95,20.0,63606344,1291153386,14735,+0.05,17.167994631477406
20181130,20.15,21.85,19.9,21.15,84706444,1789520559,20470,+1.15,18.155154322787357
20181203,22.0,23.0,21.95,22.75,71386182,1608030400,20595,+1.60,19.52859389330555
20181204,22.5,23.1,21.95,22.55,50393397,1144220026,15081,-0.20,19.356913946990776
20181205,21.9,22.9,21.9,22.9,31024367,697909317,10450,+0.35,19.65735385304163
20181206,23.0,23.5,20.9,21.25,64203162,1410250225,19613,-1.65,18.24099429594474
20181207,21.55,23.35,21.55,23.35,80243420,1840009768,19329,+2.10,20.043633732249866
20181210,23.4,25.1,23.4,24.45,150840094,3634858251,40516,+1.10,20.987873436981126
20181211,25.0,25.1,24.25,24.65,87122691,2149497492,25060,+0.20,21.1595533832959
20181212,25.3,25.35,23.7,24.2,76874508,1872980033,21903,-0.45,20.773273504087662
20181213,23.8,23.8,22.9,22.95,72937773,1694529111,21401,-1.25,19.700273839620323
20181214,23.1,23.55,22.5,22.6,71844819,1651933553,21362,-0.35,19.39983393356947
20181217,22.9,23.6,22.0,22.45,83076016,1891364594,23604,-0.15,19.27107397383339
20181218,22.7,23.2,22.3,23.1,61999884,1410819503,18736,+0.65,19.829033799356406
20181219,23.5,23.6,22.25,22.25,54562112,1249144145,15955,-0.85,19.099394027518617
20181220,22.0,22.95,22.0,22.95,55071080,1242734990,16235,+0.70,19.700273839620323
20181221,22.7,23.1,22.45,22.9,44466122,1016114438,14571,-0.05,19.65735385304163
20181222,23.0,23.0,22.4,22.6,13289823,301337993,4796,-0.30,19.39983393356947
20181224,22.95,23.45,22.8,23.45,29179463,674098547,9066,+0.85,20.129473705407257
20181225,22.85,22.9,21.85,22.05,42304356,945545237,12797,-1.40,18.92771408120384
20181226,22.1,22.3,21.1,21.2,42230086,914601132,11965,-0.85,18.198074309366053
20181227,22.3,23.2,22.1,23.2,73287004,1665872131,20712,+2.00,19.914873772513786
20181228,23.2,23.3,22.2,22.3,42826004,967127284,14674,-0.90,19.142314014097312
20190102,22.65,23.2,22.5,23.1,45391783,1040416484,13150,+0.80,19.829033799356406
20190103,22.85,24.35,22.75,24.2,85659562,2038518836,24671,+1.10,20.773273504087662
20190104,24.05,24.65,23.4,23.9,62875539,1509360369,20608,-0.30,20.515753584615503
20190107,24.75,25.05,24.0,24.1,59106814,1455717994,17802,+0.20,20.687433530930278
20190108,24.2,24.65,24.1,24.45,25441845,620494760,9087,+0.35,20.987873436981126
20190109,24.0,24.0,22.05,22.05,119732566,2723286050,35409,-2.40,18.92771408120384
20190110,21.9,22.4,21.7,22.1,43668486,966434131,15346,+0.05,18.970634067782537
20190111,22.25,22.4,21.0,21.2,78196672,1672033163,24644,-0.90,18.198074309366053
20190114,21.05,21.45,20.6,21.05,45603748,954199522,15395,-0.15,18.06931434962997
20190115,21.3,21.45,21.0,21.1,23093308,490248654,9318,+0.05,18.112234336208665
20190116,21.3,21.6,21.1,21.55,23137809,495745976,7742,+0.45,18.498514215416908
20190117,21.8,21.9,21.3,21.45,22348696,482148962,7904,-0.10,18.412674242259516
20190118,21.6,22.3,21.45,22.15,39467603,868042821,11392,+0.70,19.01355405436123
20190121,22.45,22.55,22.1,22.1,22923132,510315654,6487,-0.05,18.970634067782537
20190122,22.1,22.1,20.95,21.35,38512520,819952676,12897,-0.75,18.326834269102132
20190123,21.4,21.45,20.9,21.15,27236032,576248226,8400,-0.20,18.155154322787357
20190124,21.6,21.85,21.35,21.6,38845284,840003484,12351,+0.45,18.541434201995596
20190125,21.75,21.95,21.6,21.7,23376261,509014938,7907,+0.10,18.627274175152984
20190128,22.2,22.9,21.95,22.35,40607132,911708682,13787,+0.65,19.185234000676004
20190129,22.35,22.9,22.2,22.85,45730775,1038122939,15048,+0.50,19.614433866462935
20190130,23.1,23.1,22.5,22.5,31600520,722333689,9384,-0.35,19.313993960412084
20190211,23.05,23.4,22.8,23.25,30850748,713597040,11143,+0.75,19.957793759092485
20190212,23.4,24.05,23.4,23.5,37030639,879504907,11182,+0.25,20.172393691985953
20190213,23.65,24.3,23.65,24.1,37107322,892267281,10655,+0.60,20.687433530930278
20190214,24.2,24.55,24.1,24.2,31484390,765216536,9445,+0.10,20.773273504087662
20190215,24.2,24.3,23.65,24.2,26622701,638914158,8389, 0.00,20.773273504087662
20190218,24.85,25.0,23.7,23.7,32366778,788212863,10392,-0.50,20.344073638300728
20190219,23.75,24.15,23.6,23.9,22473415,536757906,6882,+0.20,20.515753584615503
20190220,24.1,24.15,23.45,23.45,22630236,535898635,8149,-0.45,20.129473705407257
20190221,23.55,23.7,23.2,23.45,16915434,396586466,6082, 0.00,20.129473705407257
20190222,23.55,23.65,23.05,23.15,14342049,334160127,6208,-0.30,19.871953785935094
20190225,23.4,24.6,23.2,24.55,38670853,931497284,12318,+1.40,21.073713410138517
20190226,24.6,25.1,24.25,24.25,42075184,1040180010,13486,-0.30,20.816193490666357
20190227,24.5,24.7,24.05,24.1,18687171,454332853,6274,-0.15,20.687433530930278
20190304,24.2,26.25,24.2,26.25,59864730,1512765027,18197,+2.15,22.53299295381409
20190305,25.5,25.65,24.5,24.6,58639045,1469119886,18241,-1.65,21.116633396717212
20190306,24.6,25.1,24.35,24.65,35136204,869404301,12821,+0.05,21.1595533832959
20190307,25.0,25.75,24.75,25.25,53825567,1360689745,16285,+0.60,21.674593222240226
20190308,25.25,25.25,24.5,24.9,30366122,753100521,9221,-0.35,21.374153316189368
20190311,24.8,25.05,24.4,24.4,20955204,516524812,6670,-0.50,20.944953450402434
20190312,24.75,25.1,24.65,24.8,19816337,492729180,6620,+0.40,21.28831334303198
20190313,25.0,25.25,24.75,24.9,18335097,458058133,6559,+0.10,21.374153316189368
20190314,25.15,25.8,25.05,25.45,33887244,861597788,10387,+0.55,21.846273168554998
20190315,25.85,26.5,25.7,25.9,48935392,1277002849,14940,+0.45,22.23255304776324
20190318,26.4,28.45,26.1,28.45,74809071,2065103262,18535,+2.55,24.42147236327661
20190319,28.65,28.7,27.7,27.8,55321938,1560335979,17247,-0.65,23.863512537753593
20190320,28.3,30.4,28.15,29.2,99496072,2909990764,29896,+1.40,25.06527216195701
20190321,29.35,30.45,29.35,30.15,52693754,1578799195,18575,+0.95,25.880751906952188
20190322,30.15,30.45,29.4,29.85,38125316,1139706910,14491,-0.30,25.623231987480033
20190325,29.0,30.3,28.75,30.3,33833739,1005496984,11864,+0.45,26.00951186668827
20190326,30.45,31.25,28.5,28.8,85197809,2532136851,28703,-1.50,24.72191226932746
20190327,28.85,29.75,28.8,29.65,47757434,1402993533,16295,+0.85,25.451552041165257
20190328,29.4,30.0,28.85,29.9,34228484,1012838875,11667,+0.25,25.66615197405872
20190329,30.3,30.65,29.0,29.6,64013123,1900068720,20870,-0.30,25.408632054586565
20190401,30.2,32.55,30.1,32.3,92016076,2888107897,29746,+2.70,27.72631132983601
20190402,32.35,33.0,32.05,32.95,54308570,1770448602,20748,+0.65,28.28427115535903
20190403,33.15,36.15,33.1,36.05,102946428,3581980450,33745,+3.10,30.94531032323802
20190408,36.5,39.65,36.5,39.25,130534604,4927162653,42929,+3.20,33.69218946427442
20190409,39.65,39.65,36.15,36.35,90828151,3399911165,35844,-2.90,31.202830242710192
20190410,36.0,37.7,35.7,36.0,87208745,3190736670,32953,-0.35,30.90239033665933
20190411,36.7,37.4,35.85,36.25,66528169,2435220102,25017,+0.25,31.116990269552797
20190412,37.3,37.55,36.35,36.7,52429466,1936290765,18707,+0.45,31.503270148761043
20190415,37.4,37.4,36.5,37.1,33718698,1246859126,12904,+0.40,31.846630041390597
20190416,37.35,38.8,37.25,37.25,44493310,1693865658,18071,+0.15,31.97539000112667
20190417,37.8,38.5,37.4,37.55,27696539,1049527695,11981,+0.30,32.23290992059883
20190418,38.3,38.75,37.0,37.0,27201541,1028330517,11441,-0.55,31.760790068233206
20190419,37.7,39.0,37.15,37.6,54834750,2087208776,20012,+0.60,32.275829907177524
20190422,38.4,38.65,37.45,37.6,30584574,1159734664,12548, 0.00,32.275829907177524
20190423,37.6,37.7,35.9,36.25,38525703,1404417590,15031,-1.35,31.116990269552797
20190424,36.85,38.2,36.4,37.95,53014531,1986349192,20730,+1.70,32.576269813228386
20190425,37.5,38.05,36.85,37.95,47312145,1771012176,15862, 0.00,32.576269813228386
20190426,37.1,37.25,36.05,36.05,45479565,1658134134,17816,-1.90,30.94531032323802
20190429,34.35,34.45,32.45,32.5,77239698,2546544851,24855,-3.55,27.897991276150787
20190430,32.8,34.45,32.8,34.45,43646615,1473751408,17448,+1.95,29.57187075271984
20190502,34.0,34.75,33.5,34.4,23955823,820288446,10654,-0.05,29.528950766141133
20190503,34.4,35.3,34.35,34.8,28535473,992982549,11663,+0.40,29.872310658770687
20190506,32.9,33.45,32.0,33.05,48478296,1587132721,19908,-1.75,28.370111128516413
20190507,33.8,35.0,33.75,34.55,34676706,1196840118,14512,+1.50,29.657710725877216
20190508,33.6,35.7,33.5,35.6,46433902,1627767943,17896,+1.05,30.559030444029787
20190509,35.7,36.1,33.55,33.8,40681269,1404663746,17247,-1.80,29.013910927196815
20190510,35.0,35.8,33.8,34.4,65047471,2268474644,26173,+0.60,29.528950766141133
20190513,35.0,35.8,34.6,35.8,46155382,1633304711,19035,+1.40,30.73071039034456
20190514,35.1,36.2,34.6,35.0,43987056,1557876660,17286,-0.80,30.043990605085465
20190515,35.7,37.5,35.6,37.5,72899762,2670722788,27344,+2.50,32.189989934020126
20190516,37.4,37.6,34.7,34.7,84113683,3022932703,31200,-2.80,29.7864706856133
20190517,35.25,35.5,31.6,31.6,88255019,2925389758,31198,-3.10,27.125431517734302
20190520,31.9,32.4,29.9,30.45,66804234,2064744372,26090,-1.15,26.13827182642435
20190521,30.75,31.3,29.95,31.15,44404004,1365111615,17560,+0.70,26.739151638526064
20190522,31.3,32.15,30.3,30.45,51895854,1620615796,18309,-0.70,26.13827182642435
20190523,29.5,29.65,27.5,28.3,69134044,1972220876,25512,-2.15,24.292712403540534
20190524,28.8,29.15,27.85,28.0,60061848,1712964263,22426,-0.30,24.035192484068364
20190527,28.8,28.95,27.9,28.15,37847405,1073037547,14510,+0.15,24.163952443804448
20190528,28.45,28.65,28.0,28.0,27706102,783710878,9567,-0.15,24.035192484068364
20190529,27.4,28.65,26.9,28.65,34096608,947135423,13813,+0.65,24.59315230959138
20190530,28.9,29.3,28.45,28.6,45923133,1324672168,15421,-0.05,24.550232323012693
20190531,28.35,30.15,28.35,29.95,39902277,1171514574,15021,+1.35,25.70907196063741
20190603,29.55,29.55,28.6,28.7,35294817,1024004254,14500,-1.25,24.636072296170077
20190604,29.0,29.8,28.9,29.45,31720262,931603200,12953,+0.75,25.279872094850475
20190605,30.35,30.65,28.7,28.7,54412179,1618985241,18932,-0.75,24.636072296170077
20190606,28.5,28.95,28.25,28.65,26274427,751142045,10246,-0.05,24.59315230959138
20190610,29.35,31.0,29.2,31.0,58145792,1757409552,21326,+2.35,26.610391678789984
20190611,31.5,33.75,31.1,33.5,102868984,3370174340,38022,+2.50,28.756391007724655
20190612,33.5,33.9,32.65,32.95,48815414,1619113319,20108,-0.55,28.28427115535903
20190613,32.95,33.65,32.3,32.6,45966939,1512852591,18255,-0.35,27.98383124930818
20190614,33.0,33.25,31.7,31.8,36582002,1185156064,15340,-0.80,27.297111464049074
20190617,32.0,32.8,31.7,32.0,43049632,1385995324,15896,+0.20,27.468791410363846
20190618,32.25,32.4,31.0,31.6,33572126,1058174122,14346,-0.40,27.125431517734302
20190619,33.0,34.75,32.85,34.75,81328987,2766852620,24615,+3.15,29.829390672191995
20190620,35.45,35.8,34.85,35.4,96138030,3399027888,29850,+0.65,30.38735049771501
20190621,35.7,35.95,34.3,34.55,53395243,1872823198,19934,-0.85,29.657710725877216
20190624,34.85,34.9,33.85,34.6,23824900,817879278,10346,+0.05,29.700630712455915
20190625,34.5,34.75,33.9,34.0,23082888,789047689,9489,-0.60,29.18559087351159
20190626,34.15,34.75,33.75,34.5,32272214,1107193440,12584,+0.50,29.614790739298524
20190627,34.8,36.1,34.65,35.5,61087252,2162841536,22501,+1.00,30.473190470872392
20190628,35.8,36.3,35.25,35.25,42338882,1510756818,15857,-0.25,30.258590537978932
20190701,38.0,38.75,37.6,38.75,80371120,3085911202,26307,+3.50,33.26298959848747
20190702,38.6,39.2,38.0,38.5,42159605,1626458404,17420,-0.25,33.04838966559401
20190703,38.2,38.3,36.75,37.2,47228136,1768856244,18080,-1.30,31.932470014547974
20190704,37.5,37.95,36.85,37.3,35393053,1322652316,13477,+0.10,32.018309987705365
20190705,37.4,37.8,37.05,37.45,25665162,959645299,9529,+0.15,32.147069947441445
20190708,37.1,37.4,36.85,37.15,23952210,887855357,10003,-0.30,31.88955002796928
20190709,37.15,37.25,35.3,35.3,41500487,1496314832,18041,-1.85,30.301510524557614
20190710,36.0,36.5,35.65,35.8,44082142,1587755588,16527,+0.50,30.73071039034456
20190711,36.4,37.85,36.05,37.5,54436102,2017731110,22276,+1.70,32.189989934020126
20190712,37.65,38.15,36.7,36.7,41598759,1550148224,16707,-0.80,31.503270148761043
20190715,36.9,37.5,36.2,37.2,26177389,966941706,10595,+0.50,31.932470014547974
20190716,37.45,37.7,36.75,36.85,23432751,873749400,10142,-0.35,31.63203010849712
20190717,37.2,38.1,36.9,37.15,58539510,2198913836,21311,+0.30,31.88955002796928
20190718,38.1,40.85,37.75,39.5,135596048,5330778600,46734,+2.35,33.90678939716788
20190719,41.25,42.3,40.25,40.6,104094166,4290373295,38333,+1.10,34.85102910189913
20190722,40.6,41.75,40.4,41.75,51898153,2134673059,20840,+1.15,35.838188793209085
20190723,41.8,41.8,40.2,40.2,52486928,2137952878,21966,-1.55,34.50766920926959
20190724,40.6,41.3,39.45,39.5,43720593,1759718122,18642,-0.70,33.90678939716788
20190725,40.3,41.25,40.0,40.6,37538714,1531384372,13864,+1.10,34.85102910189913
20190726,40.8,41.35,40.5,41.15,27411867,1126400148,10279,+0.55,35.32314895426477
20190729,40.5,41.15,40.2,40.2,26354262,1071853065,10843,X0.00,35.19188309899253
20190730,40.5,40.85,38.25,38.7,34335002,1344707117,14965,-1.50,33.878753132612204
20190731,38.7,38.95,37.8,38.0,34446971,1311417432,13882,-0.70,33.26595914830139
20190801,37.2,38.05,37.05,37.25,24793337,926872081,10986,-0.75,32.609394165111226
20190802,36.35,37.1,34.8,36.65,67483818,2413050711,24134,-0.60,32.0841421785591
20190805,36.95,37.3,35.8,35.9,30649276,1124422531,13706,-0.75,31.42757719536894
20190806,33.05,35.85,33.05,35.75,48534631,1693080612,18955,-0.15,31.296264198730913
20190807,36.6,37.45,36.25,36.35,56640269,2084867189,22844,+0.60,31.821516185283034
20190808,36.45,38.15,36.45,38.15,53612167,2018606109,22331,+1.80,33.39727214493942
20190812,38.4,38.6,37.7,38.05,38172619,1453451238,14131,-0.10,33.30973014718074
20190813,38.0,38.0,37.1,37.1,25908666,969709700,11275,-0.95,32.478081168473196
20190814,39.0,40.1,38.7,39.0,89616066,3526827824,31650,+1.90,34.141379125888264
20190815,38.0,40.25,38.0,39.85,69927896,2767206534,25521,+0.85,34.885486106837114
20190816,40.45,40.85,39.15,39.25,45084242,1788874961,17651,-0.60,34.36023412028498
20190819,40.0,40.0,39.3,39.7,19123686,757210620,8244,+0.45,34.75417311019908
20190820,39.95,40.7,39.6,39.9,44006092,1769030558,17620,+0.20,34.92925710571646
20190821,40.1,40.45,39.25,39.55,31235231,1242296638,12168,-0.35,34.62286011356105
20190822,40.05,41.3,39.9,41.1,74659792,3052219999,26490,+1.55,35.979761078820715
20190823,41.5,41.75,40.15,40.65,40050045,1631164258,14998,-0.45,35.58582208890662
20190826,39.3,39.5,38.75,38.8,32919858,1285295826,13468,-1.85,33.966295130370874
20190827,39.4,39.6,38.55,38.55,24491642,954527880,11063,-0.25,33.747440135974166
20190828,38.9,39.15,38.35,38.85,14267628,552452331,6554,+0.30,34.010066129250234
20190829,39.15,39.5,38.65,39.05,20547445,804281263,8659,+0.20,34.18515012476761
20190830,39.6,39.95,39.05,39.05,22293317,881436720,9226, 0.00,34.18515012476761
20190902,39.3,40.3,39.2,40.0,23616447,940813780,9672,+0.95,35.01679910347514
20190903,41.25,42.1,39.65,39.8,77852043,3192381220,28796,-0.20,34.84171510795776
20190904,40.25,41.4,40.05,41.25,41826399,1708913066,15988,+1.45,36.11107407545874
20190905,42.45,45.2,42.2,44.65,137971926,6033738269,48876,+3.40,39.08750199925413
20190906,46.0,46.0,43.6,43.85,58384852,2596189254,24519,-0.80,38.38716601718463
20190909,44.2,45.05,43.15,44.8,44817602,1984662079,19188,+0.95,39.21881499589216
20190910,44.0,44.1,42.9,43.05,50090071,2171445887,20474,-1.75,37.68683003511512
20190911,43.1,43.85,43.1,43.25,20694497,898528184,9077,+0.20,37.861914030632505
20190912,44.15,44.95,43.8,44.95,44978782,2001395844,18354,+1.70,39.3501279925302
20190916,44.4,46.8,43.8,46.8,78393941,3583199361,33018,+1.85,40.96965495106592
20190917,46.2,47.1,45.7,46.1,46654349,2169260254,19554,-0.70,40.35686096675511
20190918,46.3,46.95,45.9,46.3,39305612,1824567760,15907,+0.20,40.53194496227248
20190919,46.55,46.9,46.1,46.5,28603602,1328947732,11907,+0.20,40.70702895778986
20190920,46.25,46.5,45.4,46.5,33983350,1565121500,13888, 0.00,40.70702895778986
20190923,46.5,48.4,46.25,47.65,40870691,1944818088,17094,+1.15,41.71376193201476
20190924,47.65,48.05,46.6,46.65,26348934,1245278553,11945,-1.00,40.83834195442788
20190925,46.6,46.85,45.0,45.5,33186117,1511957021,14355,-1.15,39.83160898020297
20190926,46.1,46.3,45.1,45.2,17593786,801782418,7903,-0.30,39.56898298692691
20190927,45.0,45.8,43.55,43.65,33143717,1460667320,14278,-1.55,38.21208202166726
20191001,44.05,44.55,43.45,44.2,27193156,1197124318,11323,+0.55,38.69356300934003
20191002,43.7,44.9,43.45,44.8,20234087,895651131,8247,+0.60,39.21881499589216
20191003,44.0,45.2,43.8,45.15,18851733,836415381,8141,+0.35,39.52521198804757
20191004,45.35,46.2,45.25,45.3,28949791,1324600674,13520,+0.15,39.6565249846856
20191007,45.55,47.0,45.5,46.4,30375950,1408612365,12911,+1.10,40.61948696003117
20191008,46.75,46.9,45.6,45.6,22498806,1035285441,10446,-0.80,39.91915097796167
20191009,44.7,44.7,43.1,43.1,35449390,1555594960,16862,-2.50,37.73060103399447
20191014,44.7,46.7,43.95,46.35,45497213,2078578098,19402,+3.25,40.57571596115182
20191015,46.35,47.3,45.65,46.55,33243533,1545286566,14543,+0.20,40.75079995666919
20191016,47.4,48.15,46.8,47.8,54564047,2596534119,24060,+1.25,41.84507492865279
20191017,47.7,48.15,46.75,47.0,40804277,1932794226,16937,-0.80,41.144738946583296
20191018,47.3,47.4,46.2,46.2,25426308,1182983044,11592,-0.80,40.4444029645138
20191021,45.9,46.55,45.8,45.85,15660319,719845504,7230,-0.35,40.138005972358386
20191022,46.75,48.6,46.55,48.25,75812051,3626022583,30546,+2.40,42.23901391856688
20191023,48.05,48.75,47.7,48.25,31659959,1524013744,14144, 0.00,42.23901391856688
20191024,48.75,49.65,47.6,48.15,49004001,2376386887,20805,-0.10,42.151471920808206
20191025,48.2,48.7,47.25,48.2,25431411,1223966678,11065,+0.05,42.19524291968755
20191028,48.25,48.65,47.5,47.5,20276268,970059876,8731,-0.70,41.58244893537674
20191029,47.6,47.8,46.25,46.9,24956173,1175570400,10552,-0.60,41.057196948824604
20191030,47.15,48.65,47.05,48.25,38365503,1842025775,16625,+1.35,42.23901391856688
20191031,48.4,48.45,47.15,47.15,21531078,1026651725,9296,-1.10,41.27605194322133
20191101,46.9,47.35,46.65,47.2,13650832,641749958,6194,+0.05,41.31982294210067
20191104,47.55,48.15,47.35,47.4,18679650,892123398,9427,+0.20,41.49490693761805
20191105,47.75,48.3,47.45,47.5,18434825,881507527,8442,+0.10,41.58244893537674
20191106,47.5,47.6,45.0,45.2,54719650,2503345869,22710,-2.30,39.56898298692691
20191107,44.8,45.9,44.75,45.9,27868423,1263128465,12932,+0.70,40.18177697123773
20191108,46.0,46.4,45.55,46.0,18857234,868768464,8261,+0.10,40.269318968996416
20191111,47.2,48.25,46.7,47.1,56346380,2680855480,22905,+1.10,41.23228094434199
20191112,47.8,50.0,47.4,50.0,76339082,3737767539,29168,+2.90,43.77099887934393
20191113,47.9,49.05,47.7,48.3,47504136,2300307220,18547,-1.70,42.282784917446236
20191114,48.6,49.0,48.1,48.1,24604974,1192317131,10169,-0.20,42.10770092192886
20191115,48.9,50.3,48.4,48.5,49574499,2452429341,19649,+0.40,42.45786891296361
20191118,49.2,50.1,48.9,49.65,34119138,1691187414,14313,+1.15,43.46460188718853
20191119,49.65,49.7,48.5,48.55,32264534,1576218414,12752,-1.10,42.50163991184295
20191120,48.4,48.85,47.7,48.8,29114185,1405052557,11675,+0.25,42.72049490623967
20191121,48.0,48.3,47.7,48.0,18288428,877904077,7696,-0.80,42.02015892417017
20191122,48.3,48.3,46.8,47.0,24512007,1162930567,11416,-1.00,41.144738946583296
20191125,47.3,47.5,46.3,46.35,24718869,1154091802,11317,-0.65,40.57571596115182
20191126,47.15,47.55,46.35,46.35,25580972,1197269039,11342, 0.00,40.57571596115182
20191127,46.8,47.3,46.6,47.0,20365948,957936589,8022,+0.65,41.144738946583296
20191128,47.3,48.4,47.0,47.0,39545186,1880908142,16017, 0.00,41.144738946583296
20191129,47.3,47.45,46.0,46.15,26863740,1247314704,11709,-0.85,40.400631965634446
20191202,46.0,46.1,43.9,44.15,48809604,2171177041,20466,-2.00,38.649792010460686
20191203,43.7,44.9,43.45,44.8,24313538,1079015917,11657,+0.65,39.21881499589216
20191204,44.8,44.8,44.1,44.2,15499432,687914473,7149,-0.60,38.69356300934003
20191205,44.55,45.1,44.55,44.6,17436302,781741987,7740,+0.40,39.043731000374784
20191206,44.9,45.45,44.7,44.75,15208381,684233811,7213,+0.15,39.175043997012814
20191209,45.05,45.15,44.3,44.35,11486832,512797166,5416,-0.40,38.82487600597807
20191210,44.2,44.3,43.45,44.0,21792444,951997995,11177,-0.35,38.51847901382266
20191211,44.2,44.35,43.75,43.9,13018244,573062044,5883,-0.10,38.430937016063965
20191212,44.45,45.15,44.45,44.75,23695863,1061975699,13012,+0.85,39.175043997012814
20191213,45.15,45.2,43.5,44.3,23069885,1021642096,11080,-0.45,38.78110500709871
20191216,44.65,45.4,44.2,45.4,21604590,971125715,9347,+1.10,39.74406698244429
20191217,46.0,46.3,45.65,45.75,25791024,1184691423,11452,+0.35,40.050463974599694
20191218,45.55,45.55,44.65,44.8,14966395,673042982,7839,-0.95,39.21881499589216
20191219,45.0,45.25,43.8,43.9,27626346,1218736850,13499,-0.90,38.430937016063965
20191220,43.9,44.2,43.3,44.1,16565684,725316136,7454,+0.20,38.60602101158135
20191223,44.05,44.05,41.2,41.5,51398855,2175709061,24937,-2.60,36.32992906985546
20191224,41.5,42.3,40.7,42.25,40537267,1688753293,16101,+0.75,36.986494053045625
20191225,42.0,42.1,41.3,41.5,26473205,1101164782,11948,-0.75,36.32992906985546
20191226,41.45,41.7,41.0,41.1,21180244,872465213,10443,-0.40,35.979761078820715
20191227,41.4,41.75,41.35,41.65,12171295,505751790,6498,+0.55,36.4612420664935
20191230,41.6,41.9,41.5,41.8,9545122,398146988,4739,+0.15,36.59255506313153
20191231,41.9,42.2,41.6,42.0,10162594,426036048,5965,+0.20,36.76763905864891
20200102,42.3,43.85,42.2,43.6,39321623,1699254292,18429,+1.60,38.16831102278791
20200103,44.2,44.25,42.3,42.5,28586557,1230882280,13176,-1.10,37.20534904744233
20200106,41.95,42.0,40.85,41.35,25307713,1044564502,11614,-1.15,36.19861607321744
20200107,41.7,41.8,41.1,41.3,17381682,720905783,8342,-0.05,36.15484507433809
20200108,40.55,41.0,40.3,40.45,15980292,647897521,8859,-0.85,35.41073809338924
20200109,41.0,41.55,40.95,41.05,16333142,672149922,7410,+0.60,35.93599007994136
20200110,41.4,42.4,41.25,42.4,28099535,1180899568,13027,+1.35,37.117807049683655
20200113,43.0,43.9,42.65,43.9,33550483,1459039993,15493,+1.50,38.430937016063965
20200114,45.0,46.0,44.5,45.4,80918532,3667428923,29777,+1.50,39.74406698244429
20200115,45.2,45.6,44.4,44.75,36881631,1658485056,14745,-0.65,39.175043997012814
20200116,44.6,44.6,43.55,43.6,49209118,2164265065,20319,-1.15,38.16831102278791
20200117,43.75,44.45,43.15,43.25,28452980,1245176115,12245,-0.35,37.861914030632505
20200120,43.75,44.8,43.65,44.8,31951515,1417799600,13316,+1.55,39.21881499589216
20200130,40.4,40.85,40.35,40.35,33662777,1362065306,12662,-4.45,35.32319609563055
20200131,40.1,40.8,37.1,38.65,53858220,2084268230,21615,-1.70,33.83498213373285
20200203,36.5,37.75,35.25,36.75,44675268,1632978366,16739,-1.90,32.17168417631779
20200204,37.65,40.25,37.15,40.25,57378206,2254834160,22784,+3.50,35.23565409787186
20200205,40.85,40.85,39.1,39.15,38062741,1513465311,17803,-1.10,34.2726921225263
20200206,39.7,40.55,39.4,40.2,30604117,1224489816,13483,+1.05,35.19188309899253
20200207,39.5,39.8,38.85,38.9,20366369,799767410,9152,-1.30,34.05383712812958
20200210,36.0,39.85,36.0,39.85,43809914,1682722050,18519,+0.95,34.885486106837114
20200211,40.3,40.75,39.7,40.3,25867623,1041904709,12308,+0.45,35.279425096751204
20200212,40.6,42.9,40.35,42.85,61654202,2594805074,25453,+2.55,37.51174603959774
20200213,43.0,43.1,42.0,42.05,33634885,1427931644,16643,-0.80,36.81141005752824
20200214,41.85,42.55,41.5,41.5,29431551,1232505900,13299,-0.55,36.32992906985546
20200217,41.0,41.85,40.9,41.35,17283432,712744574,8154,-0.15,36.19861607321744
20200218,41.0,41.6,40.8,41.1,13744110,565733531,6805,-0.25,35.979761078820715
20200219,41.3,42.15,41.3,41.75,18911820,789929530,9277,+0.65,36.54878406425219
20200220,42.15,42.85,41.9,42.0,22564169,954833548,9802,+0.25,36.76763905864891
20200221,41.85,42.4,41.7,41.7,22592495,949198421,9503,-0.30,36.50501306537284
20200224,40.8,42.45,40.8,42.45,21795786,913015495,9418,+0.75,37.161578048562994
20200225,42.05,42.4,41.7,41.75,19099303,801730504,8894,-0.70,36.54878406425219
20200226,41.3,42.5,41.05,41.25,23766415,991686397,9750,-0.50,36.11107407545874
20200227,41.6,41.85,39.2,40.0,31297979,1255787498,14143,-1.25,35.01679910347514
20200302,38.8,40.15,38.35,39.25,27736693,1090394223,12494,-0.75,34.36023412028498
20200303,40.6,42.35,40.3,41.45,43747786,1820995273,18815,+2.20,36.28615807097612
20200304,41.5,42.15,41.0,41.4,28075976,1167544245,12116,-0.05,36.242387072096776
20200305,42.2,43.2,41.5,41.9,64813421,2743484719,24535,+0.50,36.68009706089022
20200306,41.3,42.1,41.3,41.6,14802395,617287702,6576,-0.30,36.41747106761416
20200309,41.2,41.85,39.5,39.5,33854007,1362485717,16009,-2.10,34.57908911468172
20200310,38.75,39.75,37.65,38.95,49533282,1906451360,20341,-0.55,34.097608127008925
20200311,39.3,40.0,37.4,37.4,40124043,1552543252,18167,-1.55,32.740707161749256
20200312,36.8,36.8,33.7,33.7,67001624,2304475148,23627,-3.70,29.501653244677815
20200313,30.35,31.5,30.35,31.45,44992560,1373967028,13401,-2.25,27.531958295107327
20200316,31.3,31.85,28.4,28.4,36863881,1110098733,15742,-3.05,24.86192736346735
20200317,27.0,28.6,26.45,26.5,46154546,1259127492,19526,-1.90,23.198629406052284
20200318,27.4,28.0,26.2,26.2,40064336,1089605990,18046,-0.30,22.936003412776223
20200319,26.0,27.05,23.65,24.6,71791017,1807712939,28488,-1.60,21.535331448637216
20200320,26.7,27.05,26.05,27.05,27863501,748082446,6515,+2.45,23.680110393725066
20200323,26.05,27.7,25.5,27.05,43902265,1186148404,16243, 0.00,23.680110393725066
20200324,28.2,29.45,28.0,28.6,36622823,1051654345,16114,+1.55,25.037011358984728
20200325,30.5,31.4,30.3,31.1,50104310,1547515291,18113,+2.50,27.225561302951927
20200326,31.6,31.65,30.05,31.0,39909754,1232618894,18187,-0.10,27.138019305193236
20200327,31.9,32.2,30.25,30.25,48965559,1527731147,17460,-0.75,26.481454322003078
20200330,29.2,30.9,29.0,30.9,26101033,786787043,11718,+0.65,27.05047730743455
20200331,31.8,33.5,31.35,32.0,76347420,2461646388,31436,+1.10,28.013439282780116
20200401,31.8,32.15,31.5,31.7,32897012,1045462992,13447,-0.30,27.750813289504055
20200406,32.0,32.35,30.7,31.35,40463184,1269334578,18798,-0.35,27.444416297348646
20200407,32.5,33.7,32.1,33.15,64423605,2129896273,26812,+1.80,29.020172257005026
20200408,33.65,34.2,33.15,34.0,54416613,1836325550,21923,+0.85,29.764279237953875
20200409,35.0,35.85,34.05,34.7,61310691,2134006232,24912,+0.70,30.37707322226469
20200410,34.8,35.0,34.15,35.0,26329029,911983955,11163,+0.30,30.639699215540755
20200413,35.8,36.8,35.35,35.55,60777566,2191707105,25916,+0.55,31.121180203213527
20200414,36.45,38.85,36.05,38.15,58954460,2228181558,28097,+2.60,33.39727214493942
20200415,38.8,39.9,37.4,37.4,57832612,2239473497,27119,-0.75,32.740707161749256
20200416,36.8,38.7,36.75,38.1,41182456,1566774044,19285,+0.70,33.353501146060076
20200417,39.3,39.6,37.7,38.1,46197153,1780436870,21304, 0.00,33.353501146060076
20200420,38.1,38.5,37.8,38.1,19489324,742032620,9220, 0.00,33.353501146060076
20200421,37.7,38.45,36.3,36.65,39232616,1459318868,18183,-1.45,32.0841421785591
20200422,35.95,37.45,35.7,37.45,29309861,1070974045,13704,+0.80,32.7844781606286
20200423,37.45,38.35,37.1,37.6,25113234,947703752,10780,+0.15,32.91579115726664
20200424,37.8,37.95,37.3,37.45,16167377,607578209,6411,-0.15,32.7844781606286
20200427,37.95,38.7,37.8,38.3,27274692,1044065494,10929,+0.85,33.52858514157746
20200428,39.0,39.55,38.5,39.45,45808301,1794585004,20217,+1.15,34.53531811580237
20200429,39.95,43.1,39.95,42.0,94570689,3918205388,39651,+2.55,36.76763905864891
20200430,42.9,43.5,42.35,42.85,59548016,2550971906,25345,+0.85,37.51174603959774
20200504,41.4,43.25,41.05,43.0,33146683,1403402000,15753,+0.15,37.643059036235776
20200505,43.4,43.95,42.2,42.5,33732963,1453433967,14935,-0.50,37.20534904744233
20200506,42.85,43.45,42.4,43.05,31384192,1348412106,13552,+0.55,37.68683003511512
20200507,43.65,44.85,43.4,44.3,56397167,2494577814,25193,+1.25,38.78110500709871
20200508,44.6,45.3,44.4,44.7,46740838,2097486182,20287,+0.40,39.13127299813348
20200511,45.4,46.0,44.8,44.95,33192158,1506964475,14703,+0.25,39.3501279925302
20200512,44.6,45.55,44.3,45.0,28759424,1292971846,13011,+0.05,39.39389899140955
20200513,45.1,45.5,44.4,44.7,27425602,1230483694,11732,-0.30,39.13127299813348
20200514,44.5,45.0,42.6,42.8,32090494,1401898524,14717,-1.90,37.4679750407184
20200515,43.8,44.45,42.0,43.9,36075704,1560990087,15341,+1.10,38.430937016063965
20200518,41.75,42.5,39.55,39.55,75117001,3019526408,33411,-4.35,34.62286011356105
20200519,39.75,40.4,36.55,39.1,106180979,4074309198,45380,-0.45,34.22892112364695
20200520,39.5,40.45,38.9,39.6,51407637,2036609672,22700,+0.50,34.6666311124404
20200521,40.4,40.8,40.05,40.75,36597121,1482490766,15149,+1.15,35.67336408666531
20200522,40.6,40.65,38.85,39.15,36624310,1450301795,15881,-1.60,34.2726921225263
20200525,39.3,39.75,38.1,39.4,25319604,987388627,10692,+0.25,34.491547116923016
20200526,39.95,40.65,39.6,40.0,30249257,1215041700,12918,+0.60,35.01679910347514
20200527,40.5,40.7,39.85,39.9,17384227,699709204,8391,-0.10,34.92925710571646
20200528,40.35,41.65,40.1,40.4,35601608,1452619454,16499,+0.50,35.366967094509896
20200529,40.5,40.8,39.9,40.1,16562056,668270936,6576,-0.30,35.104341101233835
20200601,41.5,44.1,41.25,44.1,78810399,3373883769,33930,+4.00,38.60602101158135
20200602,45.5,46.15,43.3,43.4,108498630,4875976591,48049,-0.70,37.993227027270535
20200603,43.7,44.2,42.85,43.8,36877948,1607816701,17226,+0.40,38.34339501830529
20200604,44.45,45.0,44.05,44.8,38065086,1693688620,16276,+1.00,39.21881499589216
20200605,45.2,45.45,44.65,44.8,36068941,1622940786,16820, 0.00,39.21881499589216
20200608,45.15,45.35,43.85,43.85,38413907,1698500058,19783,-0.95,38.38716601718463
20200609,44.15,44.2,43.25,43.3,23719035,1034213658,12904,-0.55,37.90568502951184
20200610,43.25,45.65,43.1,45.2,86257085,3874164516,39630,+1.90,39.56898298692691
20200611,45.35,47.2,44.3,44.65,110094353,5039999347,44686,-0.55,39.08750199925413
20200612,43.55,45.5,43.5,44.8,54434811,2432696454,24354,+0.15,39.21881499589216
20200615,44.75,45.3,44.0,44.0,35626701,1585524694,14677,-0.80,38.51847901382266
20200616,45.1,45.7,44.6,45.0,39415848,1777902110,14848,+1.00,39.39389899140955
20200617,45.2,45.65,44.75,45.0,36729089,1658232405,14072, 0.00,39.39389899140955
20200618,45.45,46.15,44.8,45.75,52488279,2392345236,20990,+0.75,40.050463974599694
20200619,46.15,46.4,45.25,45.95,32951773,1508765594,12815,+0.20,40.22554797011708
20200622,45.65,46.3,45.55,45.85,29204285,1342305160,11258,-0.10,40.138005972358386
20200623,46.7,46.85,45.8,46.1,40630695,1879353373,15958,+0.25,40.35686096675511
20200624,47.8,48.45,46.35,47.0,95545827,4521040819,38346,+0.90,41.144738946583296
20200629,46.3,47.45,46.25,46.3,35038061,1636624617,15081,-0.70,40.53194496227248
20200630,47.3,50.9,47.0,50.1,127815700,6318253550,51649,+3.80,43.85854087710262
20200701,51.2,51.8,49.4,49.45,85259506,4294283739,36656,-0.65,43.289517891671146
20200702,50.0,50.8,49.8,50.8,38332876,1927540890,15683,+1.35,44.47133486141344
20200703,51.1,54.2,50.3,53.5,81571571,4241582610,33646,+2.70,46.834968800898
20200706,55.0,58.1,54.1,57.3,90386172,5120381992,40716,+3.80,50.16156471572815
20200707,57.7,58.2,54.5,55.9,69644911,3912767779,32456,-1.40,48.935976747106515
20200708,56.4,57.5,56.0,56.3,35132833,1985019956,16023,+0.40,49.28614473814127
20200709,57.0,57.5,56.3,56.5,38052305,2158064779,15860,+0.20,49.46122873365864
20200710,57.0,57.3,54.0,54.4,34044881,1884902401,14733,-2.10,47.6228467807262
20200713,55.0,56.2,53.8,53.9,26656058,1452605332,12026,-0.50,47.18513679193275
20200714,53.6,54.1,51.9,52.2,36883498,1944167672,15895,-1.70,45.696922830035064
20200715,52.4,54.2,51.6,51.8,35299010,1868049293,16415,X0.00,46.31553088032854
20200716,52.2,53.0,51.8,52.4,16069810,840497424,7146,+0.60,46.85200421098871
20200717,52.7,53.3,50.6,50.8,34513338,1781499438,15068,-1.60,45.42140866256157
20200720,51.8,53.5,51.4,53.4,43497463,2281661400,18213,+2.60,47.74612642875567
20200721,54.7,57.2,54.6,56.6,83441611,4692774745,37508,+3.20,50.60731752560994
20200722,55.7,57.5,55.5,56.5,48939709,2767146242,20928,-0.10,50.517905303833246
20200723,56.9,57.7,56.0,56.3,30269082,1716373293,13040,-0.20,50.33908086027986
20200724,55.9,56.7,54.0,54.7,32778327,1811652165,13860,-1.60,48.90848531185272
20200727,56.1,57.2,55.2,56.5,44133017,2491363651,18997,+1.80,50.517905303833246
20200728,58.0,59.5,56.7,59.4,96564709,5632443458,43648,+2.90,53.11085973535744
20200729,60.4,60.9,57.1,59.0,66669512,3915539808,29136,-0.40,52.753210848250646
20200730,60.0,63.4,59.1,62.9,110404319,6811014317,48518,+3.90,56.24028749754179
20200731,63.0,65.1,62.2,64.3,76014822,4864729574,35234,+1.40,57.49205860241553
20200803,64.6,64.8,63.4,63.4,35102624,2246052427,18355,-0.90,56.68734860642527
20200804,64.4,68.3,64.0,67.0,74308657,4940887219,36158,+3.60,59.90618859038633
20200805,69.0,73.7,68.5,73.7,117264999,8459025885,47823,+6.70,65.896807449425
20200806,74.6,77.2,74.0,76.1,106237604,8015318575,52840,+2.40,68.04270077206567
20200807,75.5,76.8,74.5,75.5,59214293,4475823597,29575,-0.60,67.5062274414055
20200810,75.5,78.7,74.6,76.0,61928468,4749777568,31194,+0.50,67.95328855028896
20200811,77.5,83.5,76.5,81.6,141534998,11327968744,69725,+5.60,72.96037296978395
20200812,82.6,89.6,82.6,89.0,179504364,15529281596,92884,+7.40,79.57687738125946
20200813,89.2,94.5,80.2,80.6,236260720,20500068791,124335,-8.40,72.06625075201698
20200814,81.5,86.9,79.0,85.0,163925031,13634972535,85437,+4.40,76.00038851019161
20200817,86.6,87.3,82.1,83.0,93665076,7854505308,49052,-2.00,74.2121440746577
20200818,83.3,86.3,83.0,84.1,82069985,6923540565,41375,+1.10,75.19567851420133
20200819,85.4,89.0,85.1,88.5,103063024,9006124464,54280,+4.40,79.12981627237598
20200820,89.0,89.2,79.7,79.7,122075751,10083194474,62187,-8.80,71.26154075602673
20200821,80.0,83.0,79.1,80.6,132515338,10800709697,62826,+0.90,72.06625075201698
20200824,81.0,81.6,76.3,79.2,100074833,7814584428,45204,-1.40,70.81447964714324
20200825,80.5,81.4,78.7,78.7,62674598,4998301188,30962,-0.50,70.36741853825978
20200826,78.2,80.8,77.7,79.6,44093946,3501675272,22187,+0.90,71.17212853425002
20200827,80.6,81.3,77.2,77.3,58963830,4653012017,30301,-2.30,69.11564743338602
20200828,77.3,77.7,74.0,74.5,69516854,5235957452,33468,-2.80,66.61210522363852
20200831,75.7,76.7,73.5,73.6,42298245,3166649330,20684,-0.90,65.80739522764827
20200901,73.9,78.3,72.2,77.4,99504170,7534985827,48231,+3.80,69.20505965516273
20200902,78.2,78.3,75.7,76.8,59733562,4590862113,29557,-0.60,68.66858632450254
20200903,78.5,79.8,78.0,78.6,57061507,4499934914,28959,+1.80,70.27800631648307
20200904,76.1,77.5,75.6,75.7,52343353,3996399318,26745,-2.90,67.68505188495888
20200907,75.8,76.5,70.2,72.1,69231563,5050666410,33518,-3.60,64.46621190099783
20200908,74.0,74.8,72.5,73.2,40526909,2978889816,20453,+1.10,65.44974634054148
20200909,71.5,74.0,70.8,73.9,30867722,2246453730,15155,+0.70,66.07563189297835
20200910,74.5,74.8,72.1,72.9,33925233,2472358542,17876,-1.00,65.18150967521142
20200911,72.4,73.6,70.5,72.3,39026470,2818146155,20471,-0.60,64.64503634455123
20200914,72.8,76.0,72.8,76.0,45467244,3404717744,22172,+3.70,67.95328855028896
20200915,75.7,79.7,75.0,76.3,86957206,6729159891,43997,+0.30,68.22152521561907
20200916,77.2,78.7,76.8,77.9,42684809,3323838790,21846,+1.60,69.6521207640462
20200917,78.2,80.2,77.9,80.2,50868304,4016578224,25268,+2.30,71.70860186491021
20200918,80.2,80.2,78.2,78.2,37030143,2920204219,19211,-2.00,69.9203574293763
20200921,78.0,79.4,77.1,78.9,37567292,2947343108,18461,+0.70,70.54624298181315
20200922,78.5,80.0,76.7,77.4,50430278,3934077429,25514,-1.50,69.20505965516273
20200923,78.1,78.6,77.3,77.3,25427778,1978558521,12491,-0.10,69.11564743338602
20200924,75.7,76.7,73.7,73.8,42244014,3159483536,22217,-3.50,65.98621967120165
20200925,74.6,75.3,70.5,72.5,48059404,3506717581,23786,-1.30,64.82386078810461
20200928,73.2,78.3,73.0,77.5,57542891,4384319232,31115,+5.00,69.29447187693941
20200929,78.4,79.2,74.1,74.1,67272307,5104326088,35093,-3.40,66.25445633653173
20200930,75.4,75.5,72.9,74.4,39072727,2889180522,20326,+0.30,66.52269300186184
20201005,73.9,78.2,73.8,78.2,61783137,4745686586,27862,+3.80,69.9203574293763
20201006,79.1,79.9,77.2,77.7,55005148,4310569400,26705,-0.50,69.4732963204928
20201007,77.4,79.3,77.2,79.0,35045484,2760466836,17195,+1.30,70.63565520358986
20201008,80.0,85.4,79.1,84.8,124914919,10348652719,65166,+5.80,75.82156406663822
20201012,86.0,87.8,83.6,85.2,89574364,7667379423,44540,+0.40,76.179212953745
20201013,85.7,86.5,83.1,85.5,41588142,3512769519,22097,+0.30,76.44744961907509
20201014,85.6,87.0,84.5,85.6,51547455,4426748079,27514,+0.10,76.53686184085178
20201015,85.9,88.6,85.2,85.5,58056675,5017839526,29698,-0.10,76.44744961907509
20201016,86.6,87.9,83.4,83.7,60837478,5237809070,29866,-1.80,74.83802962709458
20201019,85.3,87.7,85.0,85.5,60483477,5223148365,30738,+1.80,76.44744961907509
20201020,85.5,88.0,84.7,88.0,52960662,4585923292,25845,+2.50,78.68275516349249
20201021,89.0,89.5,85.4,86.4,62430211,5443816692,32336,-1.60,77.25215961506535
20201022,85.9,87.4,84.7,87.3,45930892,3962527704,24230,+0.90,78.0568696110556
20201023,87.3,87.4,85.0,85.1,33391066,2866508029,18100,-2.20,76.08980073196831
20201026,85.4,85.7,83.2,85.4,37314179,3162836952,18907,+0.30,76.35803739729839
20201027,84.0,84.9,81.5,81.6,62942060,5212515770,32989,-3.80,72.96037296978395
20201028,79.1,79.6,73.7,74.9,136100727,10359030830,70823,-6.70,66.96975411074533
20201029,67.5,70.8,67.5,67.9,184275451,12593601415,78705,-7.00,60.71089858637661
20201030,68.1,70.5,67.5,68.2,105431813,7246639280,53846,+0.30,60.97913525170669
20201102,68.9,69.5,65.0,65.2,84517485,5593973789,43691,-3.00,58.296768598405805
20201103,66.5,67.7,65.2,66.3,61612032,4084382418,31580,+1.10,59.28030303794945
20201104,67.0,68.8,65.9,68.8,67756041,4586019453,35554,+2.50,61.515608582366845
20201105,69.2,69.8,67.9,68.8,49663173,3423672169,25537, 0.00,61.515608582366845
20201106,69.3,71.2,68.8,68.8,64914747,4544395236,33682, 0.00,61.515608582366845
20201109,70.5,70.8,69.3,69.5,32851773,2291146099,16382,+0.70,62.14149413480373
20201110,69.5,73.1,69.3,71.5,86121003,6144771277,40371,+2.00,63.92973857033765
20201111,73.1,74.5,72.4,74.3,83998480,6197533751,41001,+2.80,66.43328078008513
20201112,74.9,75.6,72.6,72.6,54361418,4020042736,28113,-1.70,64.9132730098813
20201113,73.0,74.2,71.6,74.1,32764203,2389026401,17543,+1.50,66.25445633653173
20201116,75.0,75.2,73.8,74.6,31963364,2380965632,15189,+0.50,66.7015174454152
20201117,75.0,76.0,74.5,74.6,38848391,2923119674,19857, 0.00,66.7015174454152
20201118,75.0,75.7,74.3,75.5,25763757,1932998407,12987,+0.90,67.5062274414055
20201119,75.8,76.4,74.8,74.9,29308267,2211420616,14575,-0.60,66.96975411074533
20201120,74.9,75.8,74.6,75.7,22437370,1689295868,10304,+0.80,67.68505188495888
20201123,78.0,79.3,76.7,78.7,68660224,5367542579,32781,+3.00,70.36741853825978
20201124,80.0,83.9,79.8,82.0,100707580,8293241364,53382,+3.30,73.31802185689074
20201125,84.0,85.0,80.6,83.1,72270354,6026112732,35001,+1.10,74.30155629643438
20201126,83.7,89.9,83.4,89.6,149709362,13138826845,70421,+6.50,80.11335071191962
20201127,90.5,92.4,88.7,90.4,117243354,10606682612,58686,+0.80,80.82864848613322
20201130,92.0,93.5,89.9,89.9,184078768,16721771813,42582,-0.50,80.38158737724973
20201201,90.3,90.7,84.5,84.7,91641009,7887320588,48450,-5.20,75.73215184486153
20201202,85.1,87.2,84.9,85.2,47552759,4073765578,22547,+0.50,76.179212953745
20201203,85.8,85.9,83.2,83.7,40251356,3388740572,20903,-1.50,74.83802962709458
20201204,83.5,84.0,81.0,81.3,56212200,4611914754,29806,-2.40,72.69213630445385
20201207,82.0,83.8,81.3,82.0,32254162,2652605796,17809,+0.70,73.31802185689074
20201208,82.2,84.5,82.0,84.5,31780935,2655552096,17324,+2.50,75.55332740130812
20201209,85.1,85.6,82.9,83.2,35720444,2989097237,19113,-1.30,74.39096851821108
20201210,82.7,83.6,81.7,82.2,19487384,1606599104,10450,-1.00,73.49684630044412
20201211,82.9,84.7,81.5,81.6,53083832,4410131427,27645,-0.60,72.96037296978395
20201214,82.6,84.4,81.7,83.8,27044688,2257872262,14486,+2.20,74.92744184887124
20201215,84.3,86.0,83.8,85.8,70522319,6001492368,32510,+2.00,76.71568628440517
20201216,88.0,89.7,86.5,86.7,111045457,9747595572,49934,+0.90,77.52039628039545
20201217,88.1,89.6,85.3,86.0,85744885,7521983970,41976,-0.70,76.89451072795856
20201218,86.6,87.5,85.6,85.6,35407920,3056309218,17482,-0.40,76.53686184085178
20201221,85.6,86.0,81.6,84.4,45090822,3755265924,23785,-1.20,75.46391517953145
20201222,83.6,85.2,82.1,82.1,25103279,2099456293,13720,-2.30,73.40743407866742
20201223,82.6,87.5,82.2,86.2,46462499,3957995954,23098,+4.10,77.07333517151197
20201224,86.2,86.5,84.4,84.5,24407178,2079984433,13128,-1.70,75.55332740130812
20201225,85.3,85.8,83.5,84.0,15368802,1297927291,8740,-0.50,75.10626629242465
20201228,84.3,85.8,83.7,85.3,17000764,1441760679,9812,+1.30,76.26862517552169
20201229,85.1,87.2,84.3,85.7,36623053,3155228441,19237,+0.40,76.62627406262847
20201230,86.8,87.8,86.1,86.9,32849473,2863400115,17753,+1.20,77.69922072394883
20201231,88.0,88.5,86.3,87.4,30599854,2677180836,15470,+0.50,78.14628183283233
20210104,88.8,93.2,87.8,90.5,85694419,7775440709,45426,+3.10,80.91806070790987
20210105,91.3,94.3,88.5,94.3,81051713,7460881389,43186,+3.80,84.31572513542434
20210106,95.5,98.0,90.5,91.1,114758736,10867428519,60994,-3.20,81.45453403857006
20210107,92.0,94.2,91.1,92.1,47179561,4372572323,24867,+1.00,82.34865625633701
20210108,92.5,93.0,89.1,90.2,40095493,3622464943,21827,-1.90,80.64982404257981
20210111,90.5,95.0,89.5,94.9,48852704,4545466760,26980,+4.70,84.85219846608453
20210112,95.0,99.9,93.4,99.4,98307324,9581002058,51745,+4.50,88.87574844603584
20210113,101.0,103.5,97.6,97.6,74422218,7414114133,41215,-1.80,87.26632845405528
20210114,97.6,99.7,96.2,96.7,32667261,3190358564,18893,-0.90,86.46161845806505
20210115,97.5,100.5,96.5,100.0,62175681,6148192246,32283,+3.30,89.41222177669601
20210118,99.6,99.6,94.8,95.0,58694231,5640206929,32811,-5.00,84.94161068786123
20210119,95.8,97.2,95.2,96.4,26115384,2518258822,14863,+1.40,86.19338179273495
20210120,96.9,97.6,92.1,92.4,39610036,3722970750,22535,-4.00,82.61689292166713
20210121,93.8,96.4,92.6,95.6,35563801,3372691048,19615,+3.20,85.4780840185214
20210122,95.9,102.0,94.8,101.0,73381621,7281613362,38110,+5.40,90.30634399446298
20210125,99.5,102.0,94.9,95.7,55929111,5458282984,31589,-5.30,85.56749624029808
20210126,96.3,98.5,94.0,94.0,44745538,4301586666,25675,-1.70,84.04748847009425
20210127,94.7,95.0,92.2,92.6,36624404,3406651129,21148,-1.40,82.79571736522048
20210128,88.2,90.8,88.0,88.1,39140061,3478094408,23299,-4.50,78.77216738526919
20210129,89.2,89.8,86.5,86.5,27815055,2442426632,15428,-1.60,77.34157183684204
20210201,86.6,87.5,84.0,85.8,29449349,2528629134,16484,-0.70,76.71568628440517
20210202,86.9,89.6,86.6,88.7,32710315,2885586637,16750,+2.90,79.30864071592937
20210203,89.5,90.0,86.1,86.3,28986865,2543570958,16691,-2.40,77.16274739328865
20210204,85.8,87.6,80.0,84.1,91244092,7627911344,45514,-2.20,75.19567851420133
20210205,84.1,89.7,82.3,89.7,83025901,7193809365,45457,+5.60,80.20276293369633
20210217,91.5,93.0,90.0,91.6,47279285,4316211003,24938,+1.90,81.90159514745355
20210218,90.8,92.5,90.1,91.6,21774880,1989345036,11707, 0.00,81.90159514745355
20210219,91.0,93.0,90.6,91.6,22429196,2060466338,11439, 0.00,81.90159514745355
20210222,92.9,97.0,92.2,95.4,45627625,4339667303,25023,+3.80,85.299259574968
20210223,96.0,102.5,95.4,99.6,105705314,10500529242,50882,+4.20,89.05457288958924
20210224,99.8,103.5,96.5,97.0,109059139,10919655511,53935,-2.60,86.72985512339513
20210225,99.7,101.5,95.0,95.6,64480610,6304924366,35850,-1.40,85.4780840185214
20210226,93.2,98.2,93.2,97.5,47734491,4618649266,25345,+1.90,87.17691623227861
20210302,99.6,100.5,94.1,94.3,43458245,4195995043,25634,-3.20,84.31572513542434
20210303,94.9,95.5,90.1,91.8,40925405,3770298465,23295,-2.50,82.08041959100693
20210304,92.0,93.8,91.0,92.7,38261426,3533966361,22014,+0.90,82.88512958699721
20210305,91.0,93.2,89.6,91.2,29836093,2732308647,16806,-1.50,81.54394626034676
20210308,92.5,93.4,90.1,90.2,21455188,1970913466,12105,-1.00,80.64982404257981
20210309,90.0,90.5,86.5,86.6,38164885,3344218196,22801,-3.60,77.43098405861875
20210310,87.7,89.7,87.6,88.7,22306922,1978585916,13900,+2.10,79.30864071592937
20210311,89.1,92.9,89.1,92.9,24624340,2249272925,15027,+4.20,83.06395403055059
20210312,93.6,94.3,91.0,91.5,26368663,2435129827,15802,-1.40,81.81218292567685
20210315,91.4,92.3,90.2,90.6,17897495,1624268234,10636,-0.90,81.00747292968659
20210316,91.3,92.2,90.5,90.7,13322190,1213751505,7953,+0.10,81.09688515146327
20210317,91.5,91.9,90.7,90.9,10620794,968894905,6123,+0.20,81.27570959501668
20210318,91.9,93.8,91.7,92.1,24737419,2295366497,13082,+1.20,82.34865625633701
20210319,91.7,91.8,88.7,89.0,31517587,2828188267,18847,-3.10,79.57687738125946
20210322,88.5,88.8,87.1,87.7,21082904,1850757558,13033,-1.30,78.41451849816241
20210323,88.3,90.5,87.6,88.0,25940371,2290504967,14648,+0.30,78.68275516349249
20210324,87.9,89.7,87.6,87.9,20648838,1826789322,11837,-0.10,78.59334294171579
20210325,88.3,89.3,85.7,85.9,34501439,2997596984,21938,-2.00,76.80509850618188
20210326,87.0,90.9,86.6,89.9,39615129,3525031012,22907,+4.00,80.38158737724973
20210329,91.0,91.7,89.1,89.8,24269682,2184949539,13067,-0.10,80.29217515547302
20210330,90.2,93.7,90.2,91.2,59026910,5453918527,31437,+1.40,81.54394626034676
20210331,92.0,92.4,91.2,91.5,26751012,2453928589,13568,+0.30,81.81218292567685
20210401,92.4,93.8,91.0,91.6,30409898,2806977357,16506,+0.10,81.90159514745355
20210406,93.2,93.8,91.8,93.1,21170162,1967376969,11628,+1.50,83.242778474104
20210407,94.1,94.2,91.1,91.4,26165005,2411981746,14095,-1.70,81.72277070390015
20210408,91.6,93.2,90.3,92.9,21782187,2006012497,12090,+1.50,83.06395403055059
20210409,93.2,93.7,91.1,91.7,30693268,2835555506,12147,-1.20,81.99100736923025
20210412,92.3,92.5,89.6,89.6,20453843,1852429977,11961,-2.10,80.11335071191962
20210413,89.6,90.7,88.0,88.0,31861408,2849444397,9848,-1.60,78.68275516349249
20210414,88.6,89.2,84.6,87.5,36230225,3162109846,15048,-0.50,78.23569405460903
20210415,87.9,88.7,86.6,87.9,12841573,1127745846,8371,+0.40,78.59334294171579
20210416,87.9,90.5,87.5,90.1,19453142,1741128293,11558,+2.20,80.56041182080311
20210419,92.8,93.7,92.0,93.2,40977210,3811354920,21640,+3.10,83.33219069588068
20210420,93.5,94.0,92.3,93.3,20632370,1924549386,11757,+0.10,83.42160291765737
20210421,93.6,94.0,92.5,92.6,18072512,1682294721,10992,-0.70,82.79571736522048
20210422,93.3,94.7,90.3,90.8,28490466,2648270763,17060,-1.80,81.18629737323998
20210423,91.6,94.3,90.5,94.2,29069306,2716847675,15904,+3.40,84.22631291364765
20210426,98.0,100.5,94.6,99.8,90431638,8901233607,47911,+5.60,89.23339733314262
20210427,103.0,104.5,100.0,102.5,50337764,5140189258,26755,+2.70,91.6475273211134
20210428,107.0,112.5,105.5,112.5,52575332,5799657470,19755,+10.00,100.588749498783
20210429,115.0,121.0,111.5,115.0,122819933,14276487149,53437,+2.50,102.82405504320043
20210503,116.5,119.0,108.5,109.5,47152275,5327425642,23492,-5.50,97.90638284548213
20210504,110.0,111.5,98.7,104.5,53440342,5544165667,24380,-5.00,93.43577175664731
20210505,104.5,107.0,98.5,99.0,34367325,3505376957,17068,-5.50,88.51809955892905
20210506,100.0,108.0,98.8,106.5,52466706,5474521945,25405,+7.50,95.22401619218125
20210507,106.5,109.5,105.0,106.5,39789559,4260961086,19832, 0.00,95.22401619218125
20210510,107.5,109.0,100.0,101.5,22608558,2336572712,12926,-5.00,90.75340510334645
20210511,97.0,102.0,95.0,96.4,30667108,2985706446,17378,-5.10,86.19338179273495
20210512,96.6,98.2,86.8,91.2,46854550,4333534946,26563,-5.20,81.54394626034676
20210513,87.5,96.5,85.2,94.6,41915721,3912314723,23795,+3.40,84.58396180075442
20210514,95.8,104.0,94.5,95.0,49297794,4838414584,27611,+0.40,84.94161068786123
20210517,88.4,99.6,88.3,93.1,55257303,5219682972,32958,-1.90,83.242778474104
20210518,97.5,101.0,95.0,99.7,48276792,4756858850,27462,+6.60,89.14398511136594
20210519,99.4,101.5,97.1,98.1,25549424,2525392259,15749,-1.60,87.71338956293879
20210520,97.6,100.5,94.1,94.6,29430057,2845856274,16307,-3.50,84.58396180075442
20210521,97.2,100.5,96.6,100.5,40284589,3987363057,22475,+5.90,89.8592828855795
20210524,100.0,104.0,99.0,103.5,33940966,3442219547,16738,+3.00,92.54164953888038
20210525,105.0,109.0,103.0,105.5,45726511,4861326629,23764,+2.00,94.3298939744143
20210526,108.0,108.0,102.0,103.0,20406866,2132212754,11686,-2.50,92.09458842999689
20210527,102.0,102.5,99.8,101.0,21019520,2121118822,9050,-2.00,90.30634399446298
20210528,102.5,106.5,101.5,104.5,23426218,2433400548,11727,+3.50,93.43577175664731
20210531,107.5,114.0,106.0,112.5,49125225,5401570948,25627,+8.00,100.588749498783
20210601,115.0,115.5,111.0,113.0,31839879,3613561409,17124,+0.50,101.03581060766649
20210602,115.0,117.0,108.5,110.5,28680284,3226205720,15575,-2.50,98.80050506324909
20210603,113.0,121.5,112.0,121.5,62919433,7426727241,29660,+11.00,108.63584945868566
20210604,119.5,120.0,116.0,117.5,54261007,6404027542,29020,-4.00,105.05936058761782
20210607,120.0,129.0,115.0,127.5,105633761,13023798687,56084,+10.00,114.00058276528742
20210608,129.0,135.0,124.0,125.5,127334829,16458163140,68957,-2.00,112.21233832975349
20210609,127.0,131.5,125.0,127.0,70703918,9083038546,37647,+1.50,113.55352165640394
20210610,128.0,129.5,125.0,129.0,48087896,6144185548,25047,+2.00,115.34176609193786
20210611,129.0,130.0,124.0,124.5,38976307,4920916994,21891,-4.50,111.31821611198654
20210615,126.0,129.5,125.5,127.0,25502374,3243856591,14262,+2.50,113.55352165640394
20210616,126.0,132.5,125.5,126.0,39757407,5123655020,23512,-1.00,112.65939943863698
20210617,126.5,136.0,126.0,134.0,56353298,7415239278,31108,+8.00,119.81237718077266
20210618,135.0,140.0,130.0,130.0,65876287,8911598748,36431,-4.00,116.23588830970479
20210621,131.0,135.5,129.0,131.0,45791120,6049992006,25138,+1.00,117.1300105274718
20210622,135.0,141.0,131.5,134.5,87578760,11987747066,48471,+3.50,120.25943828965613
20210623,137.5,139.5,130.5,132.0,53804941,7248298478,30003,-2.50,118.02413274523873
20210624,134.0,136.5,129.0,131.0,49572881,6581835888,26278,-1.00,117.1300105274718
20210625,132.5,133.5,127.0,127.5,33143031,4273205681,21473,-3.50,114.00058276528742
20210628,126.5,129.5,125.5,129.0,23653296,3018603696,14970,+1.50,115.34176609193786
20210629,130.5,131.5,127.0,127.5,17519574,2260260571,10138,-1.50,114.00058276528742
20210630,128.5,130.0,127.5,129.0,13074791,1684531324,7199,+1.50,115.34176609193786
20210701,128.5,129.0,120.0,123.5,36250528,4485186828,22482,-5.50,110.42409389421955
20210702,123.5,129.0,123.0,126.5,22274074,2817928395,12627,+3.00,113.10646054752044
20210705,127.5,135.5,126.5,132.0,46469409,6134043494,27815,+5.50,118.02413274523873
20210706,132.5,137.0,130.5,132.5,35116061,4695527584,20559,+0.50,118.4711938541222
20210707,135.5,140.5,134.0,137.0,68194247,9376626307,35941,+4.50,122.49474383407355
20210708,139.0,149.5,138.0,141.0,110187006,15816727807,63042,+4.00,126.07123270514138
20210709,139.0,145.0,138.0,142.5,54525369,7728652778,30075,+1.50,127.41241603179182
20210712,147.5,148.0,140.0,140.5,51974333,7432704818,32012,-2.00,125.62417159625791
20210713,143.0,145.5,135.0,136.0,39618165,5564717959,24069,-4.50,121.6006216163066
20210714,139.5,144.0,137.0,143.0,39320348,5561960872,24144,+7.00,127.8594771406753
20210715,143.5,145.5,141.0,143.5,36176045,5191609133,21789,+0.50,128.3065382495588
20210716,142.5,145.0,141.5,143.5,17663834,2528123641,10814, 0.00,128.3065382495588
20210719,143.0,145.0,140.0,142.0,18375318,2620824939,11124,-1.50,126.96535492290833
20210720,141.0,144.5,138.5,141.5,25276694,3589359017,16311,-0.50,126.51829381402484
20210721,144.0,146.5,136.0,137.5,41892696,5939857870,24118,-4.00,122.94180494295702
20210722,141.0,148.5,140.5,146.5,51767636,7491737187,27895,+9.00,130.98890490285964
20210723,151.0,151.5,138.0,139.5,50858702,7314293603,30362,-7.00,124.73004937849095
20210726,142.0,147.5,138.5,146.0,38737307,5593280415,20724,+6.50,130.54184379397623
20210727,147.0,148.0,138.0,142.0,35475325,5034237470,20569,-4.00,126.96535492290833
20210728,139.0,140.0,128.5,138.0,49188001,6611673321,29519,-4.00,123.38886605184048
20210729,144.0,151.5,143.0,151.5,103246473,15401470618,47191,+13.50,135.45951599169447
20210730,152.5,153.0,144.5,146.0,64969506,9598678306,39852,-5.50,130.54184379397623
20210802,148.0,148.5,144.0,145.5,18614837,2716465424,11122,-0.50,130.0947826850927
20210803,146.0,150.5,144.0,150.0,40793033,6046345983,22317,+4.50,134.118332665044
20210804,149.5,150.5,146.0,147.0,24363930,3610162878,14304,-3.00,131.43596601174315
20210805,148.0,152.0,147.0,148.5,25096388,3757164924,14960,+1.50,132.7771493383936
20210806,147.5,148.0,144.5,146.0,16364687,2387205687,10740,-2.50,130.54184379397623
20210809,146.0,148.0,144.0,145.0,12071205,1762989726,7869,-1.00,129.64772157620922
20210810,144.5,146.0,139.0,141.0,23965650,3382313507,14949,-4.00,126.07123270514138
20210811,140.0,142.0,135.0,138.5,21078001,2914549931,12407,-2.50,123.83592716072398
20210812,139.0,142.0,138.0,142.0,12093501,1700711088,7183,+3.50,126.96535492290833
20210813,142.5,143.0,133.5,135.0,29022342,3962197045,15967,-7.00,120.70649939853962
20210816,134.5,137.0,132.0,136.5,19365519,2602954571,10869,+1.50,122.04768272519004
20210817,137.5,137.5,128.0,128.5,21646416,2847133254,14036,-8.00,114.89470498305438
20210818,125.5,138.0,123.5,138.0,33627704,4477327363,17896,+9.50,123.38886605184048
20210819,135.0,136.5,130.5,131.0,18095305,2412669463,11437,-7.00,117.1300105274718
20210820,133.5,135.5,130.0,134.0,19234515,2562029281,11156,+3.00,119.81237718077266
20210823,136.0,139.5,135.5,138.0,19588994,2701682880,11547,+4.00,123.38886605184048
20210824,141.5,141.5,136.5,136.5,16348635,2272874736,8628,-1.50,122.04768272519004
20210825,139.0,146.0,138.5,142.5,29890177,4268211311,17861,+6.00,127.41241603179182
20210826,144.5,145.0,139.0,139.5,19559968,2755651616,10584,-3.00,124.73004937849095
20210827,140.0,147.0,138.0,144.5,34183170,4919406183,20771,X0.00,130.50376493966127
20210830,146.5,149.5,145.0,148.0,27645637,4079293729,16579,+3.50,133.6647557859506
20210831,148.0,148.5,145.0,147.5,15732101,2310210697,8119,-0.50,133.21318566505212
20210901,147.0,151.5,145.5,148.5,21327815,3173684733,12381,+1.00,134.1163259068491
20210902,149.0,151.0,147.0,147.5,22816016,3400949914,12053,-1.00,133.21318566505212
20210903,149.5,156.0,148.0,155.0,44160514,6720583543,24155,+7.50,139.9867374785294
20210906,155.0,158.5,151.5,154.5,36396594,5642040543,22285,-0.50,139.53516735763088
20210907,155.0,156.0,143.0,148.5,40552113,6033713468,21953,-6.00,134.1163259068491
20210908,146.5,147.0,138.5,143.0,41651289,5915131251,23817,-5.50,129.1490545769658
20210909,141.0,146.0,140.0,144.0,19635375,2817054508,12277,+1.00,130.05219481876276
20210910,144.5,145.5,141.5,145.5,13447219,1938158052,7844,+1.50,131.40690518145823
20210913,145.0,146.5,143.0,144.5,8444412,1218677263,4822,-1.00,130.50376493966127
20210914,144.5,146.0,142.0,142.5,9822206,1412764979,6147,-2.00,128.69748445606734
20210915,142.5,144.0,141.0,141.5,8251311,1173954605,5680,-1.00,127.79434421427034
20210916,143.0,147.5,142.5,145.5,22778026,3325020421,12990,+4.00,131.40690518145823
20210917,145.0,148.0,143.0,147.5,15774999,2298119931,9116,+2.00,133.21318566505212
20210922,142.5,145.5,141.0,141.0,16765915,2380493487,11377,-6.50,127.34277409337189
20210923,144.0,146.0,142.0,142.0,16576195,2384220295,9609,+1.00,128.2459143351688
20210924,144.0,145.0,142.5,143.0,14250930,2047166039,7269,+1.00,129.1490545769658
20210927,142.0,142.5,137.0,138.0,25472331,3534090528,17323,-5.00,124.63335336798099
20210928,134.0,138.5,131.0,137.0,28528543,3818878255,16727,-1.00,123.73021312618403
20210929,131.5,133.5,130.0,131.0,23890422,3141368507,14061,-6.00,118.31137167540226
20210930,131.5,133.0,126.0,132.0,29736849,3879813702,16386,+1.00,119.2145119171992
20211001,129.0,132.0,125.5,127.5,20122203,2580960193,11481,-4.50,115.15038082911288
20211004,129.0,130.0,122.0,122.5,26136279,3268080859,12322,-5.00,110.63467962012807
20211005,118.5,128.0,116.5,125.5,30754537,3799677489,14892,+3.00,113.34410034551894
20211006,126.0,127.0,120.5,121.5,15736243,1943475096,9183,-4.00,109.73153937833109
20211007,122.5,128.5,122.0,126.5,25776902,3243911787,13885,+5.00,114.24724058731591
20211008,127.5,130.5,126.5,130.0,17331731,2234294901,8478,+3.50,117.4082314336053
20211012,128.0,130.0,123.0,124.0,14146800,1782470260,7836,-6.00,111.9893899828235
20211013,125.0,125.5,116.0,116.0,29165710,3464770454,15521,-8.00,104.76426804844779
20211014,116.0,119.5,115.0,117.0,25300984,2958653433,12015,+1.00,105.66740829024475
20211015,120.5,128.5,119.5,126.0,35503329,4441201531,18075,+9.00,113.79567046641743
20211018,130.0,131.5,126.5,129.0,36425156,4710719286,18472,+3.00,116.50509119180832
20211019,133.0,141.5,132.5,141.5,84087527,11664411035,33835,+12.50,127.79434421427034
20211020,142.5,151.0,141.0,145.5,121515513,17695260379,63546,+4.00,131.40690518145823
20211021,145.5,147.5,140.0,142.0,50600813,7262502509,28045,-3.50,128.2459143351688
20211022,145.0,147.0,141.5,143.5,43985793,6355223757,22899,+1.50,129.60062469786428
20211025,143.0,153.0,142.5,150.5,56328253,8367560043,32680,+7.00,135.922606390443
20211026,157.0,160.5,152.5,156.0,83852359,13077237189,42222,+5.50,140.88987772032633
20211027,171.0,171.5,167.0,171.5,52290164,8903558621,21858,+15.50,154.8885514681793
20211028,176.0,181.5,173.0,178.5,133831775,23781704896,69668,+7.00,161.21053316075802
20211029,179.5,191.0,176.5,190.0,98455838,18129792577,62491,+11.50,171.5966459414231
20211101,197.5,198.5,188.5,189.0,71674191,13825420105,54258,-1.00,170.69350569962614
20211102,192.5,200.5,189.0,196.0,91361986,17820574964,55084,+7.00,177.01548739220488
20211103,197.5,198.0,182.5,187.5,72174925,13498744557,50062,-8.50,169.33879533693067
20211104,192.0,195.5,189.0,190.0,48998741,9416654974,29331,+2.50,171.5966459414231
20211105,190.5,196.0,182.5,195.0,54345348,10336782798,34927,+5.00,176.11234715040794
20211108,191.5,192.0,187.0,190.0,27862898,5275327346,23221,-5.00,171.5966459414231
20211109,193.0,199.0,192.5,192.5,48392224,9467290907,26978,+2.50,173.85449654591554
20211110,191.0,201.5,191.0,199.5,42275213,8344688576,24842,+7.00,180.17647823849427
20211111,196.0,203.0,194.0,195.0,44492246,8777491177,30608,-4.50,176.11234715040794
20211112,198.5,206.0,195.5,202.0,52134122,10499001534,30145,+7.00,182.43432884298664
20211115,205.0,206.5,195.0,196.0,53708476,10751091459,34064,-6.00,177.01548739220488
20211116,197.5,199.5,192.5,195.0,31333097,6115403790,19144,-1.00,176.11234715040794
20211117,196.0,198.0,193.0,198.0,18149099,3554170511,11981,+3.00,178.82176787579886
20211118,196.5,197.0,189.0,192.5,30431351,5851128989,20767,-5.50,173.85449654591554
20211119,194.5,197.0,193.0,195.5,17127361,3342450647,10620,+3.00,176.56391727130642
20211122,193.5,196.5,189.5,196.0,16318433,3152014243,12331,+0.50,177.01548739220488
20211123,194.0,199.0,192.5,197.0,19989666,3925866135,11852,+1.00,177.91862763400184
20211124,196.5,203.5,194.5,198.5,37299187,7444257475,24297,+1.50,179.2733379966973
20211125,200.0,212.0,199.5,210.5,65189877,13491703204,40213,+12.00,190.11102089826088
20211126,210.0,212.5,201.5,207.5,60771251,12604822841,39019,-3.00,187.40160017287
20211129,206.5,214.0,202.0,213.0,49109183,10259740820,30268,+5.50,192.36887150275328
20211130,217.0,229.5,214.5,228.0,69052834,15528373019,40654,+15.00,205.91597512970773
20211201,225.0,226.5,221.0,223.5,33173026,7411481814,23449,-4.50,201.85184404162138
20211202,224.0,228.0,213.0,213.0,51805463,11320943008,33505,-10.50,192.36887150275328
20211203,215.0,218.0,212.0,217.5,28237593,6095521023,16177,+4.50,196.4330025908396
20211206,218.5,220.5,214.5,219.0,21679589,4727094969,13562,+1.50,197.78771295353505
20211207,220.0,227.0,215.0,216.5,31057496,6868405130,23790,-2.50,195.52986234904265
20211208,222.0,225.0,219.0,221.0,26337755,5861343525,17775,+4.50,199.59399343712894
20211209,224.5,228.0,217.5,218.0,32434346,7215688029,23908,-3.00,196.8845727117381
20211210,217.0,225.0,215.0,224.5,28312448,6279410820,16709,+6.50,202.75498428341837
20211213,226.0,227.0,219.0,220.5,22632226,5035126827,17426,-4.00,199.1424233162305
20211214,220.0,222.0,215.5,216.0,16757113,3643235801,12529,-4.50,195.07829222814416
20211215,218.0,224.0,216.0,221.5,22989240,5064523973,11008,+5.50,200.04556355802748
20211216,225.0,226.0,220.0,225.0,20857562,4664852654,17103,+3.50,203.20655440431682
20211217,225.5,231.5,218.0,222.0,55442100,12402338730,30880,-3.00,200.49713367892596
20211220,221.0,225.0,217.5,218.0,19801504,4364385805,15174,-4.00,196.8845727117381
20211221,219.5,222.5,215.0,222.5,18310122,4010587761,11312,+4.50,200.94870379982444
20211222,224.0,229.0,222.0,227.5,28680902,6485640360,18663,+5.00,205.46440500880922
20211223,230.0,240.0,229.0,240.0,55627208,13137932639,39081,+12.50,216.75365803127127
20211224,241.0,243.0,236.5,239.0,26940670,6437845825,16908,-1.00,215.85051778947437
20211227,240.5,247.5,236.0,236.0,34465337,8323543432,23128,-3.00,213.14109706408343
20211228,239.5,240.0,236.0,239.0,13274826,3163933497,9205,+3.00,215.85051778947437
20211229,239.0,240.0,233.0,233.0,15250800,3587923089,11607,-6.00,210.43167633869254
20211230,232.0,236.0,229.0,231.0,18284580,4243287373,11819,-2.00,208.62539585509865
20220103,235.0,240.5,231.0,231.0,30680600,7218335430,18316, 0.00,208.62539585509865
20220104,234.5,238.0,231.5,237.0,23913232,5617108847,15879,+6.00,214.04423730588044
20220105,237.0,239.0,230.0,230.0,20977602,4893444978,14784,-7.00,207.72225561330166
20220106,228.0,228.0,220.0,221.0,32633746,7278805896,21531,-9.00,199.59399343712894
20220107,222.0,223.5,212.5,217.5,34146702,7413089373,20575,-3.50,196.4330025908396
20220110,213.0,216.0,207.0,209.5,33270618,7013408674,21218,-8.00,189.20788065646389
20220111,206.5,212.0,206.0,208.5,25479110,5332212282,14892,-1.00,188.30474041466692
20220112,215.5,217.5,212.0,216.0,31060917,6679790005,17613,+7.50,195.07829222814416
20220113,215.5,220.0,212.5,218.0,22506242,4886132549,13825,+2.00,196.8845727117381
20220114,216.5,220.5,211.5,220.0,20733222,4477665321,13056,+2.00,198.690853195332
20220117,222.5,225.5,221.0,221.5,23283703,5184314946,14504,+1.50,200.04556355802748
20220118,222.5,227.5,220.5,222.0,19261255,4324603567,11967,+0.50,200.49713367892596
20220119,217.0,219.5,213.5,215.5,20382178,4405027062,14136,-6.50,194.6267221072457
20220120,215.0,222.0,213.5,222.0,17642065,3838271786,12077,+6.50,200.49713367892596
20220121,215.0,216.0,200.5,201.0,45271304,9453186892,38698,-21.00,181.5311886011897
20220124,196.5,208.0,194.0,207.0,36189629,7297912970,20216,+6.00,186.95003005197148
20220125,202.0,205.5,199.0,200.5,27785984,5608182363,19267,-6.50,181.07961848029123
20220126,200.5,204.0,199.0,200.0,17876927,3599270842,15433,-0.50,180.62804835939272
20220207,204.0,206.0,198.0,203.0,19851394,4009150053,17207,+3.00,183.33746908478363
20220208,203.5,209.0,203.0,205.5,26548764,5462776542,19033,+2.50,185.59531968927604
20220209,209.0,222.0,208.5,221.5,44888729,9686344971,33905,+16.00,200.04556355802748
20220210,223.5,225.0,216.0,217.5,30957800,6806478715,29350,-4.00,196.4330025908396
20220211,215.0,224.5,215.0,222.0,27542874,6106106311,16147,+4.50,200.49713367892596
20220214,217.5,219.5,215.0,217.5,13712914,2979072380,18659,-4.50,196.4330025908396
20220215,220.0,227.0,219.5,222.5,23078039,5169383456,18047,+5.00,200.94870379982444
20220216,230.0,237.0,229.0,233.5,38530990,8991540396,31647,+11.00,210.88324645959102
20220217,234.5,238.0,231.0,234.5,27431289,6442932264,21692,+1.00,211.786386701388
20220218,233.0,247.5,231.5,242.0,58539601,14159649877,42420,+7.50,218.55993851486522
20220221,239.5,244.5,235.5,237.5,32745720,7834998088,32741,-4.50,214.49580742677887
20220223,233.0,241.0,232.5,240.5,38012664,8999629842,31530,X0.00,217.20522815216978
20220224,238.5,254.0,234.5,243.0,90931264,22328964535,55561,+2.50,219.46307875666218
20220225,254.0,261.0,252.5,254.0,66414114,17067065331,55505,+11.00,229.39762141642882
20220301,257.5,260.5,246.5,246.5,53817420,13604408287,38856,-7.50,222.62406960295155
20220302,248.5,251.0,241.0,250.0,31846269,7858897246,29180,+3.50,225.7850604492409
20220303,253.0,255.5,246.0,246.0,26160990,6533391036,28192,-4.00,222.17249948205307
20220304,246.0,253.0,243.5,245.0,30244189,7496591343,25615,-1.00,221.26935924025614
20220307,237.0,237.5,221.0,222.0,45140523,10222231192,37407,-23.00,200.49713367892596
20220308,214.0,229.5,213.0,216.0,41909884,9306879194,38424,-6.00,195.07829222814416
20220309,224.5,227.5,219.0,227.0,35910725,8040527705,35218,+11.00,205.01283488791074
20220310,238.5,241.5,234.5,241.0,38470621,9192133017,36702,+14.00,217.65679827306823
20220311,241.0,241.0,233.5,235.5,25146480,5942764853,30294,-5.50,212.68952694318492
20220314,236.0,239.5,222.0,225.0,47316192,10728583918,30353,-10.50,203.20655440431682
20220315,223.5,225.0,213.5,217.5,37435065,8176092948,37849,-7.50,196.4330025908396
20220316,224.5,225.0,210.0,212.5,30353132,6541887200,21652,-5.00,191.91730138185477
20220317,223.0,228.0,219.5,225.5,34118151,7629584982,31587,+13.00,203.65812452521533
20220318,222.0,222.5,217.0,219.5,23171057,5086622339,17894,-6.00,198.2392830744335
20220321,222.5,230.0,222.5,226.0,21527280,4863197534,28341,+6.50,204.10969464611378
20220322,224.0,232.0,223.5,232.0,19900973,4553049059,13045,+6.00,209.52853609689558
20220323,238.5,240.5,235.0,239.0,26922762,6414524578,18658,+7.00,215.85051778947437
20220324,236.5,241.0,235.5,238.5,20258673,4825466672,29560,-0.50,215.39894766857583
20220325,241.0,246.0,237.5,246.0,33893819,8218746094,32835,+7.50,222.17249948205307
20220328,241.0,243.0,238.5,241.0,19124406,4604375074,23076,-5.00,217.65679827306823
20220329,245.5,249.0,240.0,244.0,23542476,5755933069,30273,+3.00,220.36621899845912
20220330,248.0,252.0,246.0,248.5,30475509,7604507902,26521,+4.50,224.43035008654547
20220331,249.0,250.0,243.0,249.0,19364756,4789787524,20046,+0.50,224.88192020744395
20220401,246.0,246.0,241.0,243.5,23064446,5616189015,25867,-5.50,219.91464887756064
20220406,234.0,236.5,230.0,230.5,31197099,7257239316,37843,-13.00,208.17382573420016
20220407,228.0,236.0,227.0,227.0,29447577,6813894902,35651,-3.50,205.01283488791074
20220408,231.5,233.0,226.0,231.0,17229951,3954272728,27799,+4.00,208.62539585509865
20220411,227.5,227.5,213.0,213.5,30127354,6555195706,39847,-17.50,192.82044162365176
20220412,211.0,221.0,210.5,215.0,18348533,3978114361,14042,+1.50,194.17515198634717
20220413,219.0,220.0,213.0,216.5,18162086,3923408879,20433,+1.50,195.52986234904265
20220414,219.5,222.0,217.0,217.5,11081751,2426247427,8747,+1.00,196.4330025908396
20220415,213.0,213.5,205.0,205.0,20742040,4314759173,19225,-12.50,185.14374956837756
20220418,199.0,210.0,198.0,206.5,20116477,4137479023,14509,+1.50,186.498459931073
20220419,211.0,213.0,209.0,210.5,15334107,3236561391,17706,+4.00,190.11102089826088
20220420,214.0,220.0,214.0,220.0,23840852,5201796341,15982,+9.50,198.690853195332
20220421,216.0,221.0,215.5,220.0,22552339,4938420772,20799, 0.00,198.690853195332
20220422,213.0,216.5,209.0,210.0,25506149,5384910537,16069,-10.00,189.6594507773624
20220425,202.0,208.0,199.0,202.0,24244616,4920151300,17895,-8.00,182.43432884298664
20220426,207.5,208.0,197.0,199.5,24161136,4859094639,18225,-2.50,180.17647823849427
20220427,195.0,219.0,192.0,216.5,63792152,13166781986,36058,+17.00,195.52986234904265
20220428,213.0,215.5,205.0,205.5,47221179,9896500128,64504,-11.00,185.59531968927604
20220429,210.5,216.0,207.5,213.0,40325577,8552139164,24770,+7.50,192.36887150275328
20220503,213.0,216.5,211.5,213.5,19738296,4222670000,17063,+0.50,192.82044162365176
20220504,216.0,222.0,214.5,217.5,26541775,5792121640,24142,+4.00,196.4330025908396
20220505,225.0,227.0,218.0,218.0,35672578,7944269171,32222,+0.50,196.8845727117381
20220506,210.5,213.0,207.0,208.0,24375308,5104526477,47379,-10.00,187.85317029376847
20220509,208.5,215.5,208.0,211.0,28043442,5952460171,18302,+3.00,190.56259101915933
20220510,205.0,216.5,203.0,216.5,27654668,5826617670,30703,+5.50,195.52986234904265
20220511,216.5,217.0,211.0,212.0,17428516,3717417756,18687,-4.50,191.4657312609563
20220512,210.0,215.5,208.5,208.5,18903320,4004573189,16729,-3.50,188.30474041466692
20220513,213.5,216.0,211.0,215.0,19892245,4258600188,12736,+6.50,194.17515198634717
20220516,220.0,223.5,214.0,214.5,23945454,5240263162,19223,-0.50,193.7235818654487
20220517,218.0,220.5,214.5,219.5,20817850,4538091753,16843,+5.00,198.2392830744335
20220518,226.0,228.0,222.0,222.5,25628681,5744265072,17883,+3.00,200.94870379982444
20220519,217.0,219.5,214.0,219.0,20266191,4398127143,29226,-3.50,197.78771295353505
20220520,221.0,221.5,217.0,217.0,12439441,2726014828,13035,-2.00,195.9814324699411
20220523,218.0,220.0,215.0,216.0,11025244,2395183687,17484,-1.00,195.07829222814416
20220524,216.5,217.0,204.0,204.0,27926948,5834528669,29539,-12.00,184.2406093265806
20220525,207.0,213.5,202.5,213.0,29249758,6081573383,21415,+9.00,192.36887150275328
20220526,212.0,213.0,201.0,201.5,37810666,7775892215,52627,-11.50,181.98275872208822
20220527,205.0,207.0,201.0,201.5,26809571,5466670090,17594, 0.00,181.98275872208822
20220530,206.0,216.0,205.5,213.0,37682547,7989095009,25777,+11.50,192.36887150275328
20220531,214.0,217.0,212.0,215.5,23224059,4991990147,13410,+2.50,194.6267221072457
20220601,210.0,211.5,205.0,205.5,38507930,7979712835,49807,-10.00,185.59531968927604
20220602,202.5,206.5,202.0,203.5,27299492,5559444927,20228,-2.00,183.7890392056821
20220606,205.5,207.5,202.5,203.5,18922506,3877473047,10054, 0.00,183.7890392056821
20220607,204.5,205.5,199.0,200.0,19735346,3966463942,16495,-3.50,180.62804835939272
20220608,203.0,206.0,201.0,204.5,19618751,3994967221,12545,+4.50,184.69217944747905
20220609,206.0,209.5,205.0,206.5,22830348,4729299552,19123,+2.00,186.498459931073
20220610,204.5,207.5,203.0,206.5,12078408,2478702206,16979, 0.00,186.498459931073
20220613,200.5,202.5,199.0,200.0,19853263,3979247993,14173,-6.50,180.62804835939272
20220614,199.5,202.5,197.0,201.5,18938842,3775700979,13173,+1.50,181.98275872208822
20220615,201.0,203.0,182.0,183.0,51421524,9804059112,42218,-18.50,165.27466424884435
20220616,182.5,184.5,165.5,165.5,126625079,22122983504,76419,-17.50,149.46971001739746
20220617,165.0,167.5,158.0,166.0,92286949,15060099554,51082,+0.50,149.921280138296
20220620,166.5,167.0,156.5,157.5,38596252,6227658481,27686,-8.50,142.2445880830218
20220621,164.0,170.0,162.5,169.5,49578687,8232168428,31721,+12.00,153.08227098458536
20220622,168.0,168.0,157.5,158.0,42796843,6899320949,32070,-11.50,142.69615820392025
20220623,162.0,162.0,155.0,159.0,30103882,4778212144,19914,+1.00,143.5992984457172
20220624,161.5,164.5,158.5,160.5,27606324,4455042507,21779,+1.50,144.95400880841268
20220627,164.5,170.5,164.5,167.5,30111669,5055130598,23238,+7.00,151.27599050099144
20220628,165.5,166.0,157.0,161.0,32833377,5271831573,24209,-6.50,145.40557892931116
20220629,159.0,164.0,157.5,162.5,22726752,3662143153,13400,+1.50,146.76028929200658
20220630,161.0,161.5,156.5,158.5,22700123,3605316630,17253,-4.00,143.14772832481873
20220701,158.5,159.5,144.5,146.0,49603536,7431097037,30932,-12.50,131.8584753023567
20220704,151.0,154.0,147.5,149.0,38497356,5800614352,25674,+3.00,134.56789602774762
20220705,152.5,156.5,149.0,153.5,42046494,6431115739,21709,+4.50,138.63202711583395
20220706,152.0,155.5,147.5,147.5,30716027,4654318954,18189,-6.00,133.21318566505212
20220707,152.5,160.0,147.5,156.5,41524857,6420827162,25111,+9.00,141.3414478412248
20220708,159.5,163.0,155.0,157.5,43913917,6969669733,30514,+1.00,142.2445880830218
20220711,159.5,160.0,152.5,153.0,26993165,4207500124,18495,-4.50,138.18045699493544
20220712,150.5,155.5,148.0,148.5,23303603,3523203432,12521,-4.50,134.1163259068491
20220713,156.5,159.5,149.5,149.5,24732538,3822354186,13814,+1.00,135.01946614864607
20220714,149.0,155.5,147.0,153.5,26236949,3998125946,12255,+4.00,138.63202711583395
20220715,154.5,159.5,150.5,156.5,35880346,5568056810,20024,X0.00,144.5430529222386
20220718,158.0,167.0,155.0,163.5,38850375,6295273450,31530,+7.00,151.00823739799367
20220719,163.0,167.5,162.5,164.0,30590470,5045968259,30095,+0.50,151.47003628911904
20220720,169.0,173.0,166.5,170.5,46418692,7875337389,25958,+6.50,157.47342187374872
20220721,172.0,178.5,170.5,177.5,40678637,7132245796,28402,+7.00,163.93860634950383
20220722,177.5,180.5,175.0,177.0,30874792,5484414584,24646,-0.50,163.47680745837846
20220725,176.0,179.0,172.5,176.0,24035992,4224310709,22249,-1.00,162.55320967612775
20220726,176.0,176.5,166.5,170.0,36843484,6262051570,36278,-6.00,157.01162298262338
20220727,173.0,180.0,169.5,179.5,64743620,11331823989,46057,+9.50,165.78580191400528
20220728,173.5,173.5,162.0,162.0,85102439,14161326765,65622,-17.50,149.6228407246176
20220729,158.0,162.0,156.5,158.5,75510359,11999144806,46419,-3.50,146.39024848674006
20220801,157.0,159.0,152.5,155.0,58963721,9131946352,37239,-3.50,143.15765624886248
20220802,153.5,153.5,145.0,148.0,55600095,8263612641,35783,-7.00,136.69247177310743
20220803,150.0,151.0,145.5,147.5,44478699,6569038348,25620,-0.50,136.23067288198206
20220804,148.0,149.5,142.5,146.0,44073209,6432345405,26497,-1.50,134.84527620860595
20220805,148.5,154.0,147.5,150.5,40722271,6156324890,25108,+4.50,139.00146622873422
20220808,149.5,153.0,147.0,153.0,19441112,2915522066,11699,+2.50,141.31046068436106
20220809,152.5,156.0,151.0,154.0,28053267,4315852286,15648,+1.00,142.2340584666118
20220810,153.0,155.5,150.0,150.0,22673681,3456421660,15531,-4.00,138.53966733760888
20220811,154.5,155.5,152.0,152.5,28892731,4448897239,14674,+2.50,140.8486617932357
20220812,154.0,159.0,154.0,158.0,33673271,5283706146,19717,+5.50,145.92844959561467
20220815,160.0,166.0,160.0,163.5,51091803,8351098826,31380,+5.50,151.00823739799367
20220816,164.0,164.5,161.0,162.5,21086020,3426074747,14048,-1.00,150.08463961574296
20220817,162.5,163.5,158.0,159.0,26526867,4243671569,25694,-3.50,146.8520473778654
20220818,156.0,160.5,153.0,160.0,33019003,5165335330,19848,+1.00,147.77564516011608
20220819,159.0,165.0,159.0,163.5,28289820,4601790718,17418,+3.50,151.00823739799367
20220822,160.5,168.0,160.5,163.5,36133264,5965808808,22663, 0.00,151.00823739799367
20220823,160.5,161.5,154.0,154.5,40641865,6392179636,29114,-9.00,142.6958573577371
20220824,154.0,156.0,151.0,154.5,27773548,4277182517,17755, 0.00,142.6958573577371
20220825,155.5,157.5,154.0,154.5,17472289,2718207043,12537, 0.00,142.6958573577371
20220826,157.0,158.5,156.0,156.5,15993575,2514818574,9102,+2.00,144.5430529222386
20220829,150.0,152.5,148.0,151.5,25869325,3887891074,14946,-5.00,139.92506401098493
20220830,153.0,154.0,151.0,153.0,13804040,2106285027,8025,+1.50,141.31046068436106
20220831,150.5,152.5,150.0,151.5,15998238,2419623174,9849,-1.50,139.92506401098493
20220901,147.0,147.5,137.0,138.0,63058363,8916025292,43646,-13.50,127.45649395060016
20220902,140.0,141.5,136.5,138.5,41118853,5714755114,23544,+0.50,127.91829284172552
20220905,140.5,143.0,137.5,138.0,25151484,3524279887,14089,-0.50,127.45649395060016
20220906,140.0,142.0,138.0,139.0,16489371,2305510667,9597,+1.00,128.3800917328509
20220907,137.5,140.0,131.0,139.0,41292410,5593973414,19973, 0.00,128.3800917328509
20220908,141.0,142.5,136.5,139.5,23707157,3306545242,13535,+0.50,128.84189062397624
20220912,143.5,146.0,141.5,142.5,21545220,3090024226,11794,+3.00,131.61268397072843
20220913,144.5,145.5,138.0,139.0,30204271,4247131874,16715,-3.50,128.3800917328509
20220914,132.5,136.5,132.0,135.5,33925376,4560108995,18924,-3.50,125.14749949497333
20220915,136.0,137.0,132.5,133.0,18887696,2544287593,11508,-2.50,122.83850503934653
20220916,132.0,134.0,130.0,130.0,23884350,3143247048,11073,-3.00,120.06771169259436
20220919,131.0,134.0,128.5,131.5,21017202,2770162437,11101,+1.50,121.45310836597044
20220920,133.5,134.0,128.5,129.0,26447449,3434779942,16456,-2.50,119.14411391034362
20220921,128.5,130.5,126.0,127.5,18460660,2355411740,10864,-1.50,117.75871723696754
20220922,124.5,126.5,122.0,124.0,25278707,3134582337,13830,-3.50,114.52612499909
20220923,123.5,125.5,123.0,123.0,16751615,2077794861,9923,-1.00,113.60252721683925
20220926,121.0,123.0,117.0,118.0,32414097,3879286814,16509,-5.00,108.98453830558564
20220927,120.5,123.5,118.0,123.5,28987525,3511383587,15305,+5.50,114.06432610796463
20220928,123.0,123.5,114.5,115.0,36556638,4306536391,19623,-8.50,106.21374495883347
20220929,118.5,119.5,112.0,113.0,28869802,3316679664,14874,-2.00,104.36654939433201
20220930,109.0,117.5,108.0,117.5,35184538,3993397076,15641,+4.50,108.52273941446029
20221003,114.5,120.0,113.0,117.5,25316748,2958467887,14561, 0.00,108.52273941446029
20221004,123.0,124.0,118.0,122.5,37535292,4541562429,17634,+5.00,113.14072832571391
20221005,125.0,126.0,120.0,121.5,36088639,4435690449,19113,-1.00,112.21713054346318
20221006,121.5,124.5,120.5,123.5,19843589,2434930942,10244,+2.00,114.06432610796463
20221007,121.5,124.0,119.0,120.0,26506108,3206386118,14327,-3.50,110.8317338700871
20221011,114.5,117.0,111.0,112.0,30180021,3424489530,15643,-8.00,103.44295161208129
20221012,112.5,114.5,111.0,113.0,29374531,3316318791,14765,+1.00,104.36654939433201
20221013,113.0,114.0,106.5,107.5,25063143,2757690710,13632,-5.50,99.28676159195302
20221014,113.5,118.0,112.5,118.0,24245527,2818494672,13061,+10.50,108.98453830558564
20221017,117.0,120.0,112.5,119.5,54968650,6358652867,24475,+1.50,110.36993497896174
20221018,123.5,124.5,118.0,121.0,45724453,5549915334,23723,+1.50,111.75533165233782
20221019,120.5,126.0,120.0,122.5,45760490,5658811872,25930,+1.50,113.14072832571391
20221020,120.5,121.0,113.0,116.5,61289138,7148136006,33174,-6.00,107.59914163220955
20221021,116.5,120.0,115.5,116.5,37835632,4464841524,20775, 0.00,107.59914163220955
20221024,121.5,127.5,121.5,122.0,70814073,8775919476,36208,+5.50,112.67892943458854
20221025,123.0,123.5,120.0,121.5,45841508,5592131770,23713,-0.50,112.21713054346318
20221026,123.5,124.0,115.5,118.5,67815296,8080727177,36098,-3.00,109.44633719671101
20221027,120.5,122.5,118.5,120.5,42012221,5060028186,21769,+2.00,111.29353276121246
20221028,118.5,124.5,118.5,122.5,46972152,5734226239,21253,+2.00,113.14072832571391
20221031,126.5,127.5,122.5,124.5,45228502,5637567945,23154,+2.00,114.98792389021536
20221101,124.0,126.0,123.5,125.0,23587355,2942353991,13044,+0.50,115.44972278134072
20221102,125.0,128.5,124.0,127.5,37431359,4754474768,19613,+2.50,117.75871723696754
20221103,125.0,128.5,124.5,127.5,28177152,3579834417,13610, 0.00,117.75871723696754
20221104,126.5,129.0,124.0,129.0,36710195,4636865197,18209,+1.50,119.14411391034362
20221107,130.5,131.0,125.5,128.0,34886031,4469697166,18578,-1.00,118.2205161280929
20221108,130.5,137.0,130.0,133.0,62842988,8411599991,34764,+5.00,122.83850503934653
20221109,137.0,145.5,136.5,145.0,97390805,13818248202,52018,+12.00,133.92167842635524
20221110,142.5,147.0,142.0,147.0,53541663,7769765416,30231,+2.00,135.7688739908567
20221111,161.0,161.5,157.0,158.0,106436993,17043566211,41443,+11.00,145.92844959561467
20221114,159.5,163.5,156.5,158.5,68128385,10897303660,38465,+0.50,146.39024848674006
20221115,158.5,162.0,156.5,161.0,45159257,7193362046,30083,+2.50,148.69924294236682
20221116,161.0,162.0,157.5,161.5,38714964,6204775743,22320,+0.50,149.16104183349222
20221117,161.5,163.5,158.0,158.5,36531472,5839966932,23510,-3.00,146.39024848674006
20221118,158.5,160.0,153.0,154.0,42573832,6660947655,25924,-4.50,142.2340584666118
20221121,154.5,158.5,153.0,157.0,21474706,3358222334,13007,+3.00,145.00485181336393
20221122,157.5,159.0,155.0,156.0,23328228,3657840946,13716,-1.00,144.08125403111325
20221123,157.5,158.0,153.0,153.5,24279798,3771611287,14008,-2.50,141.77225957548643
20221124,154.0,157.5,152.5,157.5,23096676,3585354654,14246,+4.00,145.4666507044893
20221125,157.5,161.0,156.0,156.5,31719780,5018116803,17118,-1.00,144.5430529222386
20221128,154.0,158.0,153.0,155.5,16512540,2569859151,9813,-1.00,143.61945513998785
20221129,154.5,155.0,150.0,151.0,32350319,4915656072,21910,-4.50,139.4632651198596
20221130,151.0,155.5,150.5,155.5,18927937,2909552288,11120,+4.50,143.61945513998785
20221201,161.0,167.5,159.0,159.5,92007576,14952889402,51632,+4.00,147.31384626899077
20221202,158.5,161.5,158.0,160.5,24128229,3865281308,15096,+1.00,148.23744405124148
20221205,162.0,168.5,162.0,166.0,53535719,8878400132,32284,+5.50,153.31723185362046
20221206,164.5,167.5,163.0,163.0,32406655,5357133816,27406,-3.00,150.5464385068683
20221207,161.5,161.5,149.5,150.0,66480202,10234302741,42885,-13.00,138.53966733760888
20221208,149.0,151.5,146.5,149.5,35187186,5240940501,20224,-0.50,138.07786844648348
20221209,151.5,152.5,147.5,149.5,27939235,4188972223,16561, 0.00,138.07786844648348
20221212,148.0,151.0,146.5,150.0,12951038,1929698853,7807,+0.50,138.53966733760888
20221213,151.5,152.0,145.0,146.0,31777207,4706410371,15735,-4.00,134.84527620860595
20221214,146.5,148.0,145.0,147.5,22681124,3330022019,12724,+1.50,136.23067288198206
20221215,146.5,149.0,146.5,149.0,12139160,1799279919,7590,+1.50,137.61606955535814
20221216,144.5,144.5,142.0,142.0,28186938,4031800243,18133,-7.00,131.15088507960306
20221219,140.5,143.5,139.0,140.5,19176462,2702453441,10386,-1.50,129.76548840622698
20221220,132.5,134.5,126.5,126.5,64996939,8400645064,42720,-14.00,116.83511945471682
20221221,123.0,126.0,120.0,120.5,68104058,8338437931,35258,-6.00,111.29353276121246
20221222,123.0,124.5,120.5,122.0,35434853,4330077586,19819,+1.50,112.67892943458854
20221223,120.0,125.0,118.0,125.0,35224321,4325560606,20437,+3.00,115.44972278134072
20221226,124.5,124.5,122.0,123.0,13749850,1690588065,8872,-2.00,113.60252721683925
20221227,123.5,125.0,122.0,122.5,12820649,1581810010,7786,-0.50,113.14072832571391
20221228,121.0,123.5,119.5,120.0,16239219,1964402832,9955,-2.50,110.8317338700871
20221229,118.5,122.0,118.5,121.5,16172402,1951330460,9275,+1.50,112.21713054346318
20221230,123.5,124.0,120.0,120.0,16703854,2026486476,10171,-1.50,110.8317338700871
20230103,119.5,122.5,119.0,122.0,11471114,1391074626,6905,+2.00,112.67892943458854
20230104,121.5,122.5,118.0,120.0,23101170,2758350882,15416,-2.00,110.8317338700871
20230105,120.5,122.0,117.5,119.0,24089852,2875686036,14369,-1.00,109.90813608783637
20230106,119.0,124.0,118.5,123.0,26640579,3247265223,15482,+4.00,113.60252721683925
20230109,125.0,127.5,124.0,127.5,31998441,4034205831,18434,+4.50,117.75871723696754
20230110,126.0,127.0,125.0,126.5,16631624,2097972406,9883,-1.00,116.83511945471682
20230111,127.0,128.5,126.0,128.0,13343594,1700714296,8501,+1.50,118.2205161280929
20230112,128.5,129.0,125.0,125.0,17048328,2156185382,10135,-3.00,115.44972278134072
20230113,127.0,130.0,125.5,126.0,29226567,3728307867,17375,+1.00,116.37332056359143
20230116,126.0,131.0,126.0,128.0,26225351,3384549078,16285,+2.00,118.2205161280929
20230117,128.0,128.5,126.0,127.0,18085899,2296831167,12096,-1.00,117.29691834584219
20230130,131.0,136.0,129.0,136.0,43181475,5754737832,24724,+9.00,125.60929838609869
20230131,135.5,138.0,135.0,136.5,24953006,3402241730,14451,+0.50,126.07109727722407
20230201,139.0,142.5,138.0,141.5,35751997,5032400874,20883,+5.00,130.68908618847772
20230202,144.0,145.0,140.5,143.5,40037391,5720570224,20189,+2.00,132.53628175297914
20230203,143.0,143.0,136.5,137.0,32488040,4537502077,21030,-6.50,126.53289616834942
20230206,132.5,133.0,129.0,129.0,32183965,4196921692,22482,-8.00,119.14411391034362
20230207,128.5,131.5,128.5,130.0,21779279,2830720283,12706,+1.00,120.06771169259436
20230208,131.5,132.0,130.0,131.5,18094327,2370946655,11829,+1.50,121.45310836597044
20230209,130.5,133.0,130.0,132.5,16136503,2131653609,9404,+1.00,122.37670614822117
20230210,132.0,132.5,129.0,129.0,17324690,2255123470,11399,-3.50,119.14411391034362
20230213,129.0,130.5,128.0,128.5,9258396,1193389097,6524,-0.50,118.68231501921825
20230214,130.5,133.0,130.0,131.5,15927555,2095339825,9944,+3.00,121.45310836597044
20230215,131.0,137.5,130.5,137.5,28379119,3814977172,18268,+6.00,126.99469505947481
20230216,139.5,140.5,135.5,138.5,34635533,4785113570,21627,+1.00,127.91829284172552
20230217,136.5,138.0,135.0,136.0,19483745,2654980784,11572,-2.50,125.60929838609869
20230220,137.0,138.5,136.0,136.5,11724345,1606472445,7882,+0.50,126.07109727722407
20230221,137.0,138.5,135.0,137.5,14877279,2035759673,9987,+1.00,126.99469505947481
20230222,135.0,136.0,133.5,133.5,27076853,3636705253,18518,-4.00,123.3003039304719
20230223,133.0,135.5,133.0,134.0,25471038,3413583017,15533,+0.50,123.76210282159727
20230224,133.0,133.5,128.0,128.0,50247832,6500861610,36348,-6.00,118.2205161280929
20230301,126.0,131.5,124.0,131.5,32915316,4243973647,17543,+3.50,121.45310836597044
20230302,130.0,135.0,129.0,134.0,26518986,3482590307,14809,+2.50,123.76210282159727
20230303,136.0,139.5,135.5,136.5,43647690,5986220068,28446,+2.50,126.07109727722407
20230306,139.0,139.5,137.0,138.5,22111957,3057993789,13640,+2.00,127.91829284172552
20230307,138.0,138.0,135.0,136.5,17618847,2398856116,12290,-2.00,126.07109727722407
20230308,135.0,138.5,134.0,137.0,20125450,2755622061,11009,+0.50,126.53289616834942
20230309,138.5,138.5,135.5,136.0,20469765,2801354716,11827,-1.00,125.60929838609869
20230310,134.0,135.5,131.0,131.5,20235055,2691261061,14860,-4.50,121.45310836597044
20230313,130.0,134.0,129.0,133.5,17671130,2325179788,10615,+2.00,123.3003039304719
20230314,131.0,133.0,130.0,130.5,14530118,1906254042,9393,-3.00,120.52951058371971
20230315,132.5,133.0,131.0,131.0,9348109,1234072325,6753,+0.50,120.99130947484508
20230316,130.5,132.0,129.0,129.5,11662400,1519962094,8473,-1.50,119.60591280146899
20230317,131.5,134.0,131.0,134.0,15386124,2042705388,7407,+4.50,123.76210282159727
20230320,134.5,136.0,133.5,135.5,14501789,1958924043,9538,+1.50,125.14749949497333
20230321,137.0,139.5,136.0,138.5,30443954,4207855696,18932,+3.00,127.91829284172552
20230322,141.0,143.0,139.5,140.0,32564239,4601035359,21813,+1.50,129.3036895151016
20230323,140.0,146.0,139.0,146.0,42478671,6093359142,27711,+6.00,134.84527620860595
20230324,149.0,151.0,146.5,148.0,56380224,8389428830,35424,+2.00,136.69247177310743
20230327,149.0,149.5,144.0,145.5,27097680,3962696373,18964,-2.50,134.38347731748058
20230328,145.0,145.5,138.0,138.5,43994366,6182402835,27726,-7.00,127.91829284172552
20230329,139.5,142.0,139.5,140.5,16463572,2313788328,11534,+2.00,129.76548840622698
20230330,143.5,148.5,143.0,147.5,44885160,6586182160,28961,+7.00,136.23067288198206
20230331,149.0,151.0,147.0,147.5,34816965,5178281557,20792, 0.00,136.23067288198206
20230406,145.5,146.0,142.0,144.0,20838541,2994073860,14480,-3.50,132.99808064410453
20230407,145.0,146.0,144.0,144.5,10989646,1591612979,7255,+0.50,133.45987953522985
20230410,144.5,145.5,143.0,144.5,7736579,1116921909,5564, 0.00,133.45987953522985
20230411,145.0,146.0,143.0,143.0,11189512,1615637248,7931,-1.50,132.0744828618538
20230412,144.0,144.0,141.0,142.0,13408173,1904664601,9632,-1.00,131.15088507960306
20230413,141.0,142.5,139.0,139.5,18223957,2552089208,13446,-2.50,128.84189062397624
20230414,141.0,141.0,138.5,139.0,11189595,1559981636,8538,-0.50,128.3800917328509
20230417,139.0,140.0,137.0,139.0,11789493,1636549086,8747, 0.00,128.3800917328509
20230418,139.5,140.0,136.0,136.5,15503960,2131932943,12362,-2.50,126.07109727722407
20230419,136.0,136.5,132.0,132.5,22654980,3036218043,18351,-4.00,122.37670614822117
20230420,131.5,137.5,131.5,135.5,21483855,2906363106,13647,+3.00,125.14749949497333
20230421,136.0,139.0,135.5,136.5,22921703,3143725411,15044,+1.00,126.07109727722407
20230424,136.0,139.5,135.5,139.5,17762119,2456559177,11283,+3.00,128.84189062397624
20230425,140.5,141.5,135.0,135.0,26407417,3629862518,16023,-4.50,124.68570060384798
20230426,133.5,140.5,133.5,139.0,37295764,5149974064,22001,+4.00,128.3800917328509
20230427,137.5,138.5,135.0,136.5,21899467,2991675545,13434,-2.50,126.07109727722407
20230428,140.5,146.0,140.0,145.0,60170857,8655997941,34898,+8.50,133.92167842635524
20230502,144.0,148.5,142.5,143.5,40388802,5872040937,30292,-1.50,132.53628175297914
20230503,143.0,148.0,141.5,147.0,32763115,4780680511,19535,+3.50,135.7688739908567
20230504,146.0,148.5,144.0,148.5,29408649,4325293891,19121,+1.50,137.1542706642328
20230505,147.5,153.0,147.0,152.5,42508290,6426322300,28769,+4.00,140.8486617932357
20230508,158.0,162.0,157.0,161.0,65659935,10506231895,39266,+8.50,148.69924294236682
20230509,161.5,162.0,157.0,160.5,33185695,5296098758,23658,-0.50,148.23744405124148
20230510,159.0,159.5,155.5,158.0,21744933,3427687428,17191,-2.50,145.92844959561467
20230511,159.0,161.0,156.0,156.0,22690723,3580555913,17740,-2.00,144.08125403111325
20230512,155.5,160.5,154.0,160.0,26970485,4254381427,17901,+4.00,147.77564516011608
20230515,158.5,159.5,156.0,156.0,17746921,2796172520,13147,-4.00,144.08125403111325
20230516,158.5,162.0,158.0,161.0,26735418,4290867244,16171,+5.00,148.69924294236682
20230517,161.0,166.5,160.5,165.0,44718152,7350011695,28521,+4.00,152.39363407136975
20230518,169.5,171.5,166.5,167.5,43513728,7347742844,29878,+2.50,154.7026285269966
20230519,169.5,170.0,166.0,170.0,25978866,4371935807,23502,+2.50,157.01162298262338
20230522,168.5,168.5,160.5,161.0,40936004,6669559821,37213,-9.00,148.69924294236682
20230523,163.5,167.0,162.5,167.0,30372941,5023626065,18851,+6.00,154.2408296358712
20230524,166.0,168.5,164.0,167.5,18797075,3127050235,15575,+0.50,154.7026285269966
20230525,175.0,183.5,172.0,180.5,77703032,13813789815,46773,+13.00,166.70939969625599
20230526,190.0,193.0,182.0,185.5,56200678,10542598652,50976,+5.00,171.32738860750962
20230529,189.0,190.0,179.5,182.5,47420338,8696242065,46257,-3.00,168.55659526075743
20230530,181.5,182.0,178.0,180.0,26880218,4831031628,21358,-2.50,166.24760080513065
20230531,181.5,183.5,178.5,180.5,34483316,6220931518,17496,+0.50,166.70939969625599
20230601,178.5,182.5,178.0,181.0,20647240,3726361688,11462,+0.50,167.17119858738138
20230602,182.0,184.0,180.0,182.0,24032856,4378914725,15376,+1.00,168.0947963696321
20230605,182.0,184.5,179.5,181.0,21131486,3840311181,13314,-1.00,167.17119858738138
20230606,183.0,183.0,176.0,177.0,20515391,3662883727,17077,-4.00,163.47680745837846
20230607,176.0,179.0,173.5,176.0,32379093,5672387744,21178,-1.00,162.55320967612775
20230608,174.0,174.0,165.5,167.0,54272756,9156113716,41385,-9.00,154.2408296358712
20230609,164.5,172.0,164.5,171.5,27924895,4728579147,18712,+4.50,158.39701965599946
20230612,171.5,174.5,168.0,172.5,20002926,3437798272,17212,+1.00,159.3206174382502
20230613,174.5,181.0,174.5,180.0,37124818,6634911239,25067,+7.50,166.24760080513065
20230614,179.5,181.0,177.0,180.5,18705098,3360222266,20202,+0.50,166.70939969625599
20230615,181.5,186.5,180.5,186.5,29464168,5437047013,23344,+6.00,172.25098638976036
20230616,186.0,189.5,183.5,189.5,26681270,5000722703,22603,+3.00,175.02177973651257
20230619,189.0,190.5,185.0,185.5,16652000,3120699424,22401,-4.00,171.32738860750962
20230620,186.0,188.5,183.0,188.5,21360189,3982633116,14179,+3.00,174.0981819542618
20230621,188.5,190.0,186.5,187.0,14466201,2711578969,10754,-1.50,172.71278528088573
20230626,181.5,184.0,179.5,180.0,19934467,3611935089,38773,-7.00,166.24760080513065
20230627,178.5,181.0,174.0,177.0,21831011,3868613027,14221,-3.00,163.47680745837846
20230628,179.0,180.5,172.0,173.0,18236753,3186199694,14857,-4.00,159.78241632937556
20230629,174.5,176.5,172.0,174.0,15191663,2647112646,10399,+1.00,160.7060141116263
20230630,173.0,176.0,171.0,176.0,12395912,2157283766,7403,+2.00,162.55320967612775
20230703,177.5,181.0,173.5,179.5,17003405,3033450458,11336,+3.50,165.78580191400528
20230704,179.5,180.5,176.5,180.0,13063588,2335819103,9235,+0.50,166.24760080513065
20230705,180.0,184.5,177.0,178.0,21064725,3804245873,14489,-2.00,164.4004052406292
20230706,175.0,175.5,168.0,169.0,34382340,5892020058,29911,-9.00,156.08802520037267
20230707,168.0,172.0,166.5,170.0,21214744,3584887168,14888,+1.00,157.01162298262338
20230710,171.5,172.0,167.0,167.0,12532614,2117722777,9283,-3.00,154.2408296358712
20230711,169.0,171.0,168.5,169.0,11280445,1913110278,7251,+2.00,156.08802520037267
20230712,170.5,171.5,168.5,171.0,23527395,4014659585,12225,+2.00,157.9352207648741
20230713,168.0,179.0,168.0,175.5,60499951,10530429294,33834,X0.00,170.03950144237214
20230714,185.0,188.5,181.0,187.0,57474832,10659528133,37721,+11.50,181.181690995576
20230717,189.0,191.0,182.0,182.0,37582146,6959222251,51676,-5.00,176.33726075505257
20230718,184.0,200.0,183.0,200.0,92145431,17848816430,64744,+18.00,193.77720962093693
20230719,206.0,208.0,197.0,203.0,97121697,19714844981,67104,+3.00,196.68386776525094
20230720,203.0,205.5,195.0,196.5,48554009,9690091066,37922,-6.50,190.3861084525705
20230721,189.5,193.5,188.0,190.5,41209005,7859232153,34233,-6.00,184.57279216394238
20230724,192.0,201.5,190.5,199.5,46989376,9296341400,34285,+9.00,193.29276659688455
20230725,202.5,208.0,195.0,195.5,74145236,14952789059,52033,-4.00,189.4172224044658
20230726,200.0,204.5,195.5,197.5,60888446,12197980079,41909,+2.00,191.3549945006752
20230727,190.0,196.5,189.5,190.5,50246010,9644690170,44773,-7.00,184.57279216394238
20230728,191.5,193.0,188.0,191.0,30428913,5791407212,28693,+0.50,185.05723518799476
20230731,193.0,194.0,183.5,184.5,32636315,6110139181,25880,-6.50,178.75947587531428
20230801,186.0,189.5,184.5,186.0,17729209,3301759417,12316,+1.50,180.21280494747134
20230802,186.0,191.0,177.0,180.0,43572876,7977118930,30990,-6.00,174.3994886588432
20230804,177.0,179.5,174.0,177.5,25448365,4496157691,17064,-2.50,171.9772735385815
20230807,178.5,182.5,176.5,182.0,17449221,3141084776,11214,+4.50,176.33726075505257
20230808,183.0,183.5,177.0,178.5,17637278,3160357817,11528,-3.50,172.94615958668618
20230809,179.5,187.5,179.0,184.0,32276441,5961655992,20909,+5.50,178.27503285126195
20230810,181.5,182.5,175.0,177.0,22522840,4026064883,31221,-7.00,171.49283051452917
20230811,179.5,180.0,174.0,174.5,14513277,2559595914,11290,-2.50,169.07061539426746
20230814,173.0,173.5,167.5,170.5,16199171,2756272220,13594,-4.00,165.19507120184872
20230815,175.0,177.5,173.5,175.5,15112471,2653233922,10973,+5.00,170.03950144237214
20230816,176.0,180.5,175.0,178.0,21851738,3893594944,16379,+2.50,172.46171656263382
20230817,178.0,181.0,176.0,180.5,18171534,3250309006,14015,+2.50,174.88393168289556
20230818,179.5,180.5,173.0,174.5,13375297,2359119565,12021,-6.00,169.07061539426746
20230821,174.5,177.0,172.5,172.5,8745932,1520187853,6546,-2.00,167.13284329805808
20230822,174.0,177.0,170.0,176.0,16823993,2927637126,11863,+3.50,170.52394446642447
20230823,176.0,177.5,174.5,177.0,12258623,2159547489,8438,+1.00,171.49283051452917
20230824,183.0,191.5,180.0,189.0,50438808,9389233697,35144,+12.00,183.11946309178535
20230825,185.0,185.5,179.0,179.5,30569229,5550539590,28044,-9.50,173.91504563479089
20230828,181.0,181.5,176.0,176.0,14105586,2507523068,10810,-3.50,170.52394446642447
20230829,179.5,186.5,179.0,184.0,28205559,5169621969,20555,+8.00,178.27503285126195
20230830,187.0,188.0,183.0,184.0,18126748,3358479744,21119, 0.00,178.27503285126195
20230831,184.5,186.5,182.5,185.5,14308414,2650154622,12024,+1.50,179.72836192341896
20230901,186.5,187.0,182.0,182.0,11009899,2019618782,9029,-3.50,176.33726075505257
20230904,184.0,185.0,181.0,185.0,10602840,1947844545,7152,+3.00,179.24391889936663
20230905,184.5,186.5,183.0,186.5,10147400,1881792882,7141,+1.50,180.69724797152364
20230906,187.5,188.0,184.5,187.0,10698559,1990046593,8376,+0.50,181.181690995576
20230907,185.5,186.5,184.0,184.5,7586057,1404273821,6134,-2.50,178.75947587531428
20230908,183.5,183.5,180.5,181.0,8878149,1614987509,7643,-3.50,175.3683747069479
20230911,182.0,183.5,179.5,179.5,9966145,1807159933,7986,-1.50,173.91504563479089
20230912,180.5,186.0,177.5,185.0,13622138,2492545240,12624,+5.50,179.24391889936663
20230913,186.0,186.5,181.0,181.5,12895252,2361526183,11601,-3.50,175.85281773100024
20230914,183.5,188.0,183.0,186.0,14608398,2715872606,10114,+4.50,180.21280494747134
20230915,186.5,191.5,186.5,190.5,35666576,6750901344,25493,+4.50,184.57279216394238
20230918,188.0,189.5,184.0,184.5,19375861,3603692617,19494,-6.00,178.75947587531428
20230919,184.5,191.0,184.0,188.5,26096584,4915914370,17587,+4.00,182.63502006773302
20230920,189.0,189.0,183.0,183.5,21114147,3916339302,20854,-5.00,177.79058982720957
20230921,182.5,182.5,180.0,180.5,14722698,2663529854,12273,-3.00,174.88393168289556
20230922,177.5,181.0,175.0,181.0,20052043,3563984755,15276,+0.50,175.3683747069479
20230925,179.5,180.5,177.0,178.5,13238100,2362009128,10116,-2.50,172.94615958668618
20230926,178.0,180.0,176.0,176.0,8917521,1582030079,7310,-2.50,170.52394446642447
20230927,174.0,175.5,172.5,173.5,15876664,2755580571,12188,-2.50,168.10172934616278
20230928,174.5,177.0,173.0,173.5,15126355,2637042027,8820, 0.00,168.10172934616278
20231002,175.5,180.5,175.0,178.5,16207443,2895593697,10192,+5.00,172.94615958668618
20231003,178.0,180.0,175.5,175.5,9054034,1606609826,9803,-3.00,170.03950144237214
20231004,173.5,174.5,172.0,174.0,10699159,1853440966,8123,-1.50,168.5861723702151
20231005,175.5,175.5,172.5,172.5,10518224,1823433202,8967,-1.50,167.13284329805808
20231006,174.0,174.0,171.0,172.5,9782239,1683187301,8267, 0.00,167.13284329805808
20231011,174.0,177.5,171.0,171.5,21771996,3771443810,12692,-1.00,166.1639572499534
20231012,172.5,173.0,170.5,171.5,10593814,1818846456,8734, 0.00,166.1639572499534
20231013,171.0,171.5,168.0,169.0,14342570,2430792254,12730,-2.50,163.74174212969166
20231016,167.5,168.0,162.0,164.5,20908824,3436361701,16641,-4.50,159.3817549132206
20231017,167.5,170.0,166.0,166.5,13419112,2254485082,9692,+2.00,161.31952700942998
20231018,165.5,166.0,159.5,160.0,20955512,3381998937,14598,-6.50,155.02176769674955
20231019,157.5,161.5,156.0,160.0,14288296,2277554715,9263, 0.00,155.02176769674955
20231020,157.5,161.0,155.5,161.0,11634691,1839419056,9063,+1.00,155.9906537448542
20231023,158.5,162.5,158.5,158.5,8938001,1429464459,6232,-2.50,153.5684386245925
20231024,157.5,157.5,152.0,157.0,24650279,3819986150,17153,-1.50,152.11510955243548
20231025,159.0,161.5,156.5,157.0,14277867,2263521447,9586, 0.00,152.11510955243548
20231026,152.5,154.0,148.0,149.0,30317210,4556316613,20493,-8.00,144.36402116759797
20231027,150.5,152.0,146.5,147.0,24471368,3638425057,12921,-2.00,142.4262490713886
20231030,146.5,149.0,145.0,145.5,14694342,2149291317,9819,-1.50,140.9729199992316
20231031,147.0,148.0,143.0,143.0,13317456,1930750840,8971,-2.50,138.55070487896987
20231101,144.5,146.5,142.0,144.5,9639032,1388729204,6730,+1.50,140.00403395112693
20231102,147.0,151.0,147.0,151.0,17285483,2584728303,10465,+6.50,146.30179326380738
20231103,152.0,156.0,151.0,155.5,18386764,2831680639,11692,+4.50,150.66178048027842
20231106,157.0,159.0,155.0,158.0,10811875,1702050123,7747,+2.50,153.08399560054016
20231107,156.5,157.0,153.0,153.5,10586091,1634841418,8373,-4.50,148.72400838406907
20231108,153.5,156.0,153.0,154.5,9345000,1443651320,6425,+1.00,149.69289443217374
20231109,154.5,155.0,152.0,154.5,7868155,1206852694,5390, 0.00,149.69289443217374
20231110,152.5,152.5,149.5,151.0,13158509,1982092680,7852,-3.50,146.30179326380738
20231113,153.5,157.5,153.0,156.0,14349072,2234171517,9206,+5.00,151.14622350433078
20231114,155.0,156.0,152.0,153.0,10822414,1659903074,7170,-3.00,148.23956536001674
20231115,156.5,157.5,154.0,154.5,15819172,2458892936,8920,+1.50,149.69289443217374
20231116,156.0,157.5,153.5,155.0,9759640,1511229816,5240,+0.50,150.1773374562261
20231117,156.0,159.5,155.5,159.0,15207587,2401319819,10388,+4.00,154.05288164864484
20231120,159.0,163.0,158.5,160.0,18008723,2898787166,10868,+1.00,155.02176769674955
20231121,163.0,169.5,162.5,168.5,36285578,6075541560,23389,+8.50,163.25729910563936
20231122,167.5,172.0,165.5,171.0,25515667,4337074789,17552,+2.50,165.67951422590104
20231123,171.0,171.5,167.0,168.0,14616776,2464211696,13217,-3.00,162.77285608158698
20231124,168.0,169.5,166.5,167.0,7930327,1327688702,5729,-1.00,161.8039700334823
20231127,168.0,168.5,164.5,164.5,7345933,1217046911,5924,-2.50,159.3817549132206
20231128,166.0,171.0,164.5,170.0,16163333,2734210424,12257,+5.50,164.71062817779637
20231129,171.5,175.5,170.0,175.0,21887517,3805541353,23166,+5.00,169.55505841831976
20231130,176.5,177.0,173.0,177.0,19955801,3504076921,11410,+2.00,171.49283051452917
20231201,174.5,178.0,174.0,176.0,12617170,2223915125,9102,-1.00,170.52394446642447
20231204,176.0,177.5,173.0,177.0,10883858,1910587872,9894,+1.00,171.49283051452917
20231205,175.0,176.0,171.5,171.5,15262990,2643962555,10261,-5.50,166.1639572499534
20231206,172.5,173.0,170.0,170.0,7225525,1236638234,5874,-1.50,164.71062817779637
20231207,170.0,172.5,168.5,168.5,5937548,1010227174,4533,-1.50,163.25729910563936
20231208,171.5,175.0,171.5,174.5,9656174,1677096687,7414,+6.00,169.07061539426746
20231211,181.5,182.0,176.5,178.0,27852654,4993332521,18367,+3.50,172.46171656263382
20231212,179.5,180.0,175.5,176.0,12921296,2293459679,19921,-2.00,170.52394446642447
20231213,176.5,178.0,175.0,177.0,7579040,1337999426,5013,+1.00,171.49283051452917
20231214,177.5,180.5,177.0,180.5,17287318,3103007138,11556,+3.50,174.88393168289556
20231215,183.0,183.0,179.0,182.0,23727794,4310292326,14783,+1.50,176.33726075505257
20231218,182.0,182.5,176.0,176.0,14087305,2507462593,9574,-6.00,170.52394446642447
20231219,176.5,178.0,173.5,174.5,10653632,1866418141,6707,-1.50,169.07061539426746
20231220,174.5,177.0,173.0,173.0,12609492,2198362470,8331,-1.50,167.6172863221104
20231221,170.5,180.0,170.5,179.0,16808474,2980543652,11051,+6.00,173.43060261073853
20231222,178.0,179.0,175.0,175.0,9369791,1653095057,9894,-4.00,169.55505841831976
20231225,175.5,177.5,174.5,175.0,4296239,756810985,2824, 0.00,169.55505841831976
20231226,176.0,178.5,175.0,177.5,7210903,1279503842,4458,+2.50,171.9772735385815
20231227,177.5,179.0,177.0,178.0,5558936,989617908,3726,+0.50,172.46171656263382
20231228,178.5,179.0,175.5,175.5,4981720,878565515,4389,-2.50,170.03950144237214
20231229,175.5,176.5,174.0,176.0,6756637,1186254435,4060,+0.50,170.52394446642447
20240102,176.0,177.0,172.0,173.0,9013542,1566161139,6287,-3.00,167.6172863221104
20240103,171.0,171.5,168.0,170.0,11153830,1894368716,9184,-3.00,164.71062817779637
20240104,169.5,170.0,164.0,164.5,13673171,2272767932,12444,-5.50,159.3817549132206
20240105,163.5,164.5,160.0,160.0,16668127,2699795776,12861,-4.50,155.02176769674955
20240108,160.5,163.5,160.5,161.0,5854776,947430005,4993,+1.00,155.9906537448542
20240109,162.5,166.0,161.5,162.5,10107950,1652530279,6122,+1.50,157.44398281701123
20240110,162.0,163.5,160.0,162.5,12740176,2056409338,5626, 0.00,157.44398281701123
20240111,163.0,163.5,160.0,160.5,9845657,1587326785,6815,-2.00,155.50621072080185
20240112,160.5,161.5,158.5,159.0,8960393,1430755160,7098,-1.50,154.05288164864484
20240115,160.5,161.5,157.0,159.5,10172949,1623159841,7004,+0.50,154.53732467269717
20240116,159.0,163.0,158.5,162.0,7822434,1262250567,5449,+2.50,156.9595397929589
20240117,161.0,162.5,158.5,158.5,12869384,2055233272,7189,-3.50,153.5684386245925
20240118,159.5,160.0,155.5,157.0,10629094,1672907778,6103,-1.50,152.11510955243548
20240119,160.0,169.5,160.0,169.5,24771545,4113768659,16328,+12.50,164.226185153744
20240122,172.5,175.0,171.5,175.0,22326058,3873735437,18453,+5.50,169.55505841831976
20240123,175.0,175.5,171.0,174.5,13715791,2372630763,15722,-0.50,169.07061539426746
20240124,173.0,173.0,169.0,169.5,19091021,3257623724,12664,-5.00,164.226185153744
20240125,174.0,176.5,173.0,175.5,31784360,5559902734,19353,+6.00,170.03950144237214
20240126,175.0,175.5,171.5,171.5,16660862,2880465850,15315,-4.00,166.1639572499534
20240129,172.0,178.5,171.5,178.0,21122300,3738463145,15082,+6.50,172.46171656263382
20240130,180.0,180.5,177.0,178.0,14695174,2624581729,13464, 0.00,172.46171656263382
20240131,177.0,178.0,175.5,176.0,8167384,1440925454,6110,-2.00,170.52394446642447
20240201,175.0,177.5,174.5,177.5,7836487,1381760655,4718,+1.50,171.9772735385815
20240202,178.5,180.0,177.5,180.0,10036500,1799380246,7545,+2.50,174.3994886588432
20240205,179.0,179.5,176.0,176.5,8801528,1557024750,7403,-3.50,171.00838749047682
20240215,183.0,183.0,176.0,180.5,14862958,2669432067,10858,+4.00,174.88393168289556
20240216,182.0,183.0,180.0,182.0,10622840,1928013342,7421,+1.50,176.33726075505257
20240219,183.0,195.5,181.5,192.5,46875252,8943374444,36562,+10.50,186.51056426015174
20240220,193.5,193.5,188.0,190.5,23405199,4453539785,36736,-2.00,184.57279216394238
20240221,191.0,192.5,188.0,189.5,14128082,2684236508,13369,-1.00,183.6039061158377
20240222,192.5,193.5,186.0,189.0,15943782,3006732542,12944,-0.50,183.11946309178535
20240223,191.0,192.5,187.0,188.0,16253709,3081296319,11310,-1.00,182.1505770436807
20240226,189.0,196.5,188.5,196.0,38275984,7431443038,26284,+8.00,189.90166542851816
20240227,191.5,191.5,177.0,179.0,66445709,12117263922,55989,-17.00,173.43060261073853
20240229,175.0,179.5,172.5,179.5,30093048,5310612630,18860,+0.50,173.91504563479089
20240301,179.5,181.0,177.5,178.0,10886995,1947992858,8758,-1.50,172.46171656263382
20240304,180.0,182.0,179.5,180.5,10036591,1816141868,7731,+2.50,174.88393168289556
20240305,182.0,183.5,178.0,178.0,8770394,1575075988,10117,-2.50,172.46171656263382
20240306,175.0,176.0,173.0,174.0,16762450,2919734791,16222,-4.00,168.5861723702151
20240307,175.0,176.0,172.5,172.5,14873677,2585831603,9970,-1.50,167.13284329805808
20240308,173.0,177.0,171.5,173.5,16563951,2882177347,11498,+1.00,168.10172934616278
20240311,172.5,178.0,172.5,177.0,10271837,1806996828,7382,+3.50,171.49283051452917
20240312,177.0,182.0,177.0,182.0,15583300,2818068426,11592,+5.00,176.33726075505257
20240313,183.5,184.0,177.0,177.5,11377597,2041697296,9298,-4.50,171.9772735385815
20240314,177.5,181.0,176.0,177.5,8823809,1576260826,6070, 0.00,171.9772735385815
20240315,176.0,177.5,172.0,172.0,16935361,2938502763,10347,-5.50,166.64840027400572
20240318,174.5,187.5,174.5,187.0,36261881,6661395876,25959,+15.00,181.181690995576
20240319,189.0,194.5,187.0,192.5,42743307,8213290687,45136,+5.50,186.51056426015174
20240320,194.5,199.0,193.0,196.5,39497945,7748448519,29330,+4.00,190.3861084525705
20240321,199.5,204.0,198.0,200.0,34134378,6855111703,40996,+3.50,193.77720962093693
20240322,200.0,200.5,195.0,200.0,18315746,3625587499,25470, 0.00,193.77720962093693
20240325,199.5,199.5,195.0,198.0,11699499,2313620954,18259,-2.00,191.83943752472754
20240326,200.0,203.0,189.5,190.0,24935395,4853657026,26074,-8.00,184.08834913989006
20240327,190.0,193.0,188.5,191.5,11972341,2285282576,10903,+1.50,185.5416782120471
20240328,191.5,193.0,188.5,190.0,9080876,1728145468,7126,-1.50,184.08834913989006
20240329,190.0,195.0,189.0,191.0,11593546,2231690473,8814,+1.00,185.05723518799476
20240401,192.5,199.0,192.5,193.0,13532269,2644123925,13274,+2.00,186.99500728420412
20240402,194.0,196.5,192.0,193.5,8067131,1565255965,6870,+0.50,187.47945030825645
20240403,191.5,194.0,189.0,192.0,7896198,1515687127,5938,-1.50,186.0261212360994
20240408,195.5,200.0,195.0,199.0,22897423,4539157358,14660,+7.00,192.80832357283222
20240409,200.0,200.0,192.0,193.5,12046951,2349457971,22951,-5.50,187.47945030825645
20240410,193.0,195.0,191.5,191.5,6908224,1331106755,5755,-2.00,185.5416782120471
20240411,190.5,193.0,189.0,192.5,6146382,1174949153,4747,+1.00,186.51056426015174
20240412,191.0,195.0,189.5,194.0,8218058,1581579183,5983,+1.50,187.9638933323088
20240415,190.0,190.0,182.0,182.5,21881940,4025419836,17995,-11.50,176.82170377910495
20240416,179.5,184.0,176.0,177.0,15974229,2850411328,12643,-5.50,171.49283051452917
20240417,176.0,180.5,174.0,179.0,16431795,2917299247,12189,+2.00,173.43060261073853
20240418,177.0,180.5,176.0,178.5,7840510,1399420141,5211,-0.50,172.94615958668618
20240419,177.0,178.5,168.0,170.0,21435045,3692305034,15492,-8.50,164.71062817779637
20240422,170.0,171.5,166.5,167.5,11506829,1940431809,8507,-2.50,162.28841305753465
20240423,170.5,172.5,169.0,170.0,9496286,1617347108,8235,+2.50,164.71062817779637
20240424,178.0,187.0,177.5,187.0,21799894,4029000374,13508,+17.00,181.181690995576
20240425,190.0,194.0,183.0,184.0,39120321,7377276727,21697,-3.00,178.27503285126195
20240426,186.5,187.0,180.0,182.5,17397398,3183346603,16347,-1.50,176.82170377910495
20240429,183.0,185.0,181.5,184.0,7272506,1333227705,5707,+1.50,178.27503285126195
20240430,183.0,187.0,182.0,182.0,7778389,1429346637,5821,-2.00,176.33726075505257
20240502,180.5,183.5,178.0,178.0,10608843,1910172988,9450,-4.00,172.46171656263382
20240503,180.5,181.5,176.0,176.0,8413678,1499473926,7127,-2.00,170.52394446642447
20240506,179.0,185.5,178.5,184.0,13453829,2461947605,10000,+8.00,178.27503285126195
20240507,186.0,186.5,180.5,182.0,7694579,1403306008,9106,-2.00,176.33726075505257
20240508,181.0,190.0,179.0,189.0,20229589,3790868120,14372,+7.00,183.11946309178535
20240509,188.5,194.0,187.0,190.5,18397019,3526660533,17964,+1.50,184.57279216394238
20240510,189.5,191.5,187.0,190.0,8744163,1659136790,12763,-0.50,184.08834913989006
20240513,189.0,190.0,185.0,186.5,9040137,1685535737,22206,-3.50,180.69724797152364
20240514,185.0,186.0,183.0,183.5,7121326,1310937902,9528,-3.00,177.79058982720957
20240515,184.0,185.0,182.0,182.5,8164974,1497990880,5452,-1.00,176.82170377910495
20240516,186.0,188.5,183.0,183.0,9899320,1827895182,6383,+0.50,177.30614680315728
20240517,183.0,184.5,181.5,183.5,4947718,906090045,3583,+0.50,177.79058982720957
20240520,182.0,183.0,179.0,180.5,10359911,1871237828,7290,-3.00,174.88393168289556
20240521,181.0,183.0,179.5,182.0,5687752,1033054862,3915,+1.50,176.33726075505257
20240522,181.0,184.0,180.5,182.5,5995452,1092868122,5445,+0.50,176.82170377910495
20240523,182.0,191.0,182.0,191.0,21295291,4028214017,15839,+8.50,185.05723518799476
20240524,188.5,190.0,187.0,189.0,6951272,1310797750,19100,-2.00,183.11946309178535
20240527,189.5,193.0,188.0,192.0,12160037,2322417968,12144,+3.00,186.0261212360994
20240528,191.0,193.0,188.0,192.0,7264835,1386206495,13094, 0.00,186.0261212360994
20240529,194.0,202.5,191.0,191.0,35818918,7048870506,24240,-1.00,185.05723518799476
20240530,190.5,190.5,186.0,187.5,10607080,1993467291,25871,-3.50,181.66613401962834
20240531,189.0,190.5,182.5,182.5,16978462,3138486621,9417,-5.00,176.82170377910495
20240603,187.0,193.0,187.0,188.5,12463479,2371770236,11627,+6.00,182.63502006773302
20240604,189.0,190.5,186.5,187.5,10223222,1924583115,12016,-1.00,181.66613401962834
20240605,188.0,189.0,184.0,185.5,5690018,1057566725,5113,-2.00,179.72836192341896
20240606,187.5,192.0,187.5,187.5,8552045,1619148248,6669,+2.00,181.66613401962834
20240607,190.0,191.0,183.5,184.0,11161515,2071414549,11668,-3.50,178.27503285126195
20240611,184.0,185.0,182.0,182.5,6573330,1204819200,5768,-1.50,176.82170377910495
20240612,183.5,189.5,183.5,185.5,10499501,1950371464,7201,+3.00,179.72836192341896
20240613,188.0,189.0,184.0,184.0,10276681,1906791991,11821,-1.50,178.27503285126195
20240614,185.0,185.5,182.0,182.5,10690208,1957661824,8280,-1.50,176.82170377910495
20240617,183.5,185.0,182.0,184.0,5102429,937561348,4292,+1.50,178.27503285126195
20240618,186.0,191.5,185.0,190.0,14937465,2820250018,11939,+6.00,184.08834913989006
20240619,193.0,195.0,188.5,189.0,12196083,2336819306,17463,-1.00,183.11946309178535
20240620,190.5,193.0,188.5,190.5,5901220,1126298912,10345,+1.50,184.57279216394238
20240621,188.5,189.0,185.0,187.0,11870229,2220027689,12896,-3.50,181.181690995576
20240624,186.5,188.0,184.0,186.0,6957806,1293649374,5233,-1.00,180.21280494747134
20240625,184.5,184.5,179.5,180.0,27195348,4924335622,19143,-6.00,174.3994886588432
20240626,181.0,183.0,179.5,180.0,13898484,2514242356,7835, 0.00,174.3994886588432
20240627,178.5,180.5,175.5,178.5,12210436,2177854058,10996,-1.50,172.94615958668618
20240628,179.0,181.0,178.0,180.0,15060615,2708597383,5591,+1.50,174.3994886588432
20240701,181.0,181.5,178.0,179.5,5934245,1067868736,4865,-0.50,173.91504563479089
20240702,178.5,181.0,177.0,178.5,9714090,1735419773,6680,-1.00,172.94615958668618
20240703,179.5,183.0,179.0,183.0,8801842,1599324784,5847,+4.50,177.30614680315728
20240704,186.0,187.5,180.5,181.5,20718995,3794400689,12100,-1.50,175.85281773100024
20240705,182.5,183.5,178.5,178.5,14629696,2625056828,11914,-3.00,172.94615958668618
20240708,179.5,181.5,178.0,181.0,8232071,1484946967,6534,+2.50,175.3683747069479
20240709,181.0,182.0,177.0,177.0,13867416,2470417260,10638,-4.00,171.49283051452917
20240710,175.5,177.0,173.5,175.5,23885639,4173531628,17802,-1.50,170.03950144237214
20240711,175.5,189.5,175.0,189.5,68014604,12637811711,39097,X0.00,186.79701964899525
20240712,188.0,198.5,186.5,190.0,73670633,14169921370,45470,+0.50,187.28988777471815
20240715,193.5,194.0,187.5,191.0,25703227,4919279586,26655,+1.00,188.27562402616405
20240716,192.5,199.5,192.0,198.0,39618712,7818367143,29510,+7.00,195.17577778628524
20240717,198.0,217.0,196.5,215.5,76796020,16139448646,71931,+17.50,212.42616218658824
20240718,208.5,218.0,202.5,205.0,59562763,12441567416,63433,-10.50,202.07593154640645
20240719,205.5,207.0,191.0,192.5,51796320,10173663132,38089,-12.50,189.7542284033329
20240722,195.0,197.0,188.0,190.5,34895625,6716329562,24063,-2.00,187.78275590044112
20240723,196.0,202.5,193.0,194.5,42980251,8476667394,26986,+4.00,191.72570090622466
20240726,186.5,193.5,185.5,191.0,25977001,4915435566,20303,-3.50,188.27562402616405
20240729,194.0,195.5,181.0,181.0,27088248,5053275271,20443,-10.00,178.41826151170523
20240730,181.0,185.0,175.5,183.5,24170098,4348390197,17658,+2.50,180.88260214031993
20240731,178.5,182.0,173.0,179.5,35950172,6385851988,24744,-4.00,176.9396571345364
20240801,184.0,190.5,180.5,183.0,36654587,6795459131,24593,+3.50,180.38973401459697
20240802,173.5,176.5,165.5,166.0,55829257,9514180730,47266,-17.00,163.63221774001693
20240805,151.5,153.5,149.5,149.5,29213539,4388004531,23003,-16.50,147.36756959115982
20240806,151.0,153.0,135.5,140.5,57902603,8210786739,36020,-9.00,138.49594332814686
20240807,142.5,150.5,141.5,148.5,41217887,6057060910,27205,+8.00,146.38183333971392
20240808,143.0,146.0,141.5,144.0,22189762,3186858151,15840,-4.50,141.94602020820744
20240809,150.5,151.5,146.5,148.0,47799871,7136975338,25286,+4.00,145.88896521399099
20240812,150.0,161.5,150.0,158.0,30661255,4836438207,21485,+10.00,155.74632772844984
20240813,160.5,162.5,157.0,157.5,19613827,3116251548,17277,-0.50,155.2534596027269
20240814,160.5,162.0,157.0,159.5,20052732,3194596393,13276,+2.00,157.22493210561868
20240815,159.0,161.0,156.0,157.0,10819258,1708584584,8057,-2.50,154.76059147700397
20240816,161.0,163.5,159.0,159.5,15870156,2552107698,10844,+2.50,157.22493210561868
20240819,159.5,160.0,156.5,158.5,12801263,2025328814,9000,-1.00,156.23919585417278
20240820,160.0,161.0,158.0,158.0,8919185,1420021223,6728,-0.50,155.74632772844984
20240821,157.0,158.0,152.0,153.0,19536509,3019047820,13848,-5.00,150.81764647122043
20240822,154.5,164.5,154.0,161.5,33537640,5394406429,23452,+8.50,159.19640460851045
20240823,161.0,163.5,157.0,162.5,18978011,3043038448,18931,+1.00,160.18214085995632
20240826,163.0,164.0,160.0,160.5,10207687,1651493641,9235,-2.00,158.21066835706455
20240827,159.0,160.5,157.0,160.0,8226652,1306073491,6067,-0.50,157.7178002313416
20240828,161.0,161.5,157.5,159.0,7163922,1137292930,5843,-1.00,156.73206397989574
20240829,156.5,166.0,155.5,164.5,22630332,3679450594,16690,+5.50,162.1536133628481
20240830,167.0,170.5,162.5,163.5,28757772,4777297903,19191,-1.00,161.16787711140222
20240902,164.5,166.0,160.5,162.5,13456830,2194999806,8276,-1.00,160.18214085995632
20240903,162.5,164.5,156.0,156.5,20844557,3314560530,15042,-6.00,154.267723351281
20240904,145.5,147.5,142.0,143.0,39366857,5700886833,33140,-13.50,140.96028395676157
20240905,144.0,145.5,142.0,142.0,20257850,2904119996,13857,-1.00,139.97454770531567
20240906,142.5,144.5,141.5,142.5,11313474,1616366240,6706,+0.50,140.46741583103864
20240909,139.0,143.5,139.0,142.0,9589130,1360087288,7157,-0.50,139.97454770531567
20240910,143.0,144.5,138.0,139.5,17557431,2475221562,13978,-2.50,137.510207076701
20240911,140.5,140.5,137.5,138.0,9729893,1349628755,7594,-1.50,136.03160269953213
20240912,143.0,147.0,142.5,146.0,14073679,2042438792,10507,+8.00,143.91749271109921
20240913,147.5,150.0,145.0,147.5,12352823,1823362569,10062,+1.50,145.39609708826805
20240916,148.0,149.5,145.5,146.5,8305754,1219801732,6516,-1.00,144.41036083682215
20240918,147.0,147.0,142.0,143.0,11602819,1674999068,7314,-3.50,140.96028395676157
20240919,144.0,148.0,141.5,147.0,14102717,2043420609,8023,+4.00,144.9032289625451
20240920,150.0,152.5,147.0,147.0,14811802,2206568727,8719, 0.00,144.9032289625451
20240923,149.0,149.5,146.5,149.5,7394737,1097937631,5756,+2.50,147.36756959115982
20240924,148.0,148.0,144.0,145.0,12260100,1785421268,9537,-4.50,142.93175645965334
20240925,148.0,149.5,146.5,146.5,13199155,1949980315,9069,+1.50,144.41036083682215
20240926,148.5,151.0,145.5,146.5,18713565,2765070887,10692, 0.00,144.41036083682215
20240927,148.5,155.5,148.5,149.0,35877459,5439482897,21628,+2.50,146.87470146543689
20240930,147.0,149.5,144.0,144.0,18645012,2724222906,12706,-5.00,141.94602020820744
20241001,145.0,146.0,143.0,144.5,9207091,1330052954,6621,+0.50,142.4388883339304
20241004,144.0,144.0,140.0,140.5,17255588,2442332877,10609,-4.00,138.49594332814686
20241007,141.5,142.0,140.0,141.5,14518172,2045194023,9356,+1.00,139.48167957959276
20241008,140.0,141.0,137.0,137.0,19032166,2623604629,16874,-4.50,135.04586644808626
20241009,139.5,146.0,139.5,142.5,21627178,3095531448,14680,+5.50,140.46741583103864
20241011,142.5,144.0,140.5,141.0,13304794,1887528471,9151,-1.50,138.9888114538698
20241014,142.0,144.0,140.5,143.5,8012894,1142798358,5346,+2.50,141.45315208248454
20241015,144.5,145.5,143.0,145.0,11120383,1604446906,7693,+1.50,142.93175645965334
20241016,142.5,145.0,141.5,142.5,13235973,1893306417,6855,-2.50,140.46741583103864
20241017,144.5,150.5,144.0,147.0,24954940,3684227276,16566,+4.50,144.9032289625451
20241018,149.5,150.0,143.5,144.5,16944153,2479524876,11832,-2.50,142.4388883339304
20241021,146.0,154.0,145.5,151.5,39756360,6005906719,25822,+7.00,149.3390420940516
20241022,156.5,166.0,155.5,163.5,78605238,12769540760,47037,+12.00,161.16787711140222
20241023,166.5,169.0,164.0,167.5,68085499,11363158864,47417,+4.00,165.11082211718576
20241024,168.0,168.0,161.0,161.5,33665183,5528965264,20550,-6.00,159.19640460851045
20241025,164.5,167.5,162.0,166.0,25735547,4230771674,17596,+4.50,163.63221774001693
20241028,167.0,167.5,161.5,166.0,29840148,4908270593,26313, 0.00,163.63221774001693
20241029,165.0,165.0,160.5,163.5,24513540,3981939757,15853,-2.50,161.16787711140222
20241030,160.0,166.5,156.0,161.5,44861891,7244382362,29186,-2.00,159.19640460851045
20241101,156.0,166.5,155.5,166.0,32368477,5243839606,21109,+4.50,163.63221774001693
20241104,167.0,167.5,162.5,163.5,19924160,3272350771,19124,-2.50,161.16787711140222
20241105,163.5,168.0,163.5,165.0,18447293,3056962065,11186,+1.50,162.64648148857106
20241106,165.5,168.0,164.5,166.0,11714727,1948415604,11417,+1.00,163.63221774001693
20241107,167.0,177.0,166.0,176.5,53432051,9271554404,36927,+10.50,173.98244838019872
20241108,179.0,179.0,173.0,174.0,35813759,6308352928,34764,-2.50,171.518107751584
20241111,174.5,175.0,169.5,170.5,16041328,2743984990,12473,-3.50,168.0680308715234
20241112,167.5,171.5,166.5,167.5,18870472,3183595187,12437,-3.00,165.11082211718576
20241113,168.5,171.0,165.0,169.5,20879154,3516581261,15070,+2.00,167.08229462007753
20241114,168.5,170.0,164.0,166.0,14952350,2489731673,11281,-3.50,163.63221774001693
20241115,166.5,167.5,162.0,163.5,12161909,1999328018,10478,-2.50,161.16787711140222
20241118,163.0,163.0,156.5,159.0,18093908,2867911951,13353,-4.50,156.73206397989574
20241119,161.0,162.5,159.0,159.5,9143710,1463665998,6485,+0.50,157.22493210561868
20241120,160.0,161.0,156.5,157.5,9946676,1576659801,7371,-2.00,155.2534596027269
20241121,156.0,162.5,155.5,160.5,10808296,1723673897,7860,+3.00,158.21066835706455
20241122,162.0,163.0,160.0,161.0,9591254,1547712961,7044,+0.50,158.7035364827875
20241125,162.0,164.5,159.0,159.0,12937092,2087670972,8440,-2.00,156.73206397989574
20241126,158.5,162.5,157.5,158.5,10666019,1700074928,8020,-0.50,156.23919585417278
20241127,159.0,159.0,150.0,150.0,21475353,3301005540,17564,-8.50,147.86043771688276
20241128,150.0,150.5,144.0,147.0,25955354,3808081175,16559,-3.00,144.9032289625451
20241129,145.0,151.0,144.0,149.0,10490704,1556528730,7778,+2.00,146.87470146543689
20241202,151.0,151.5,148.5,148.5,8955742,1339046985,7136,-0.50,146.38183333971392
20241203,151.0,153.0,148.5,149.0,12007460,1802774977,8145,+0.50,146.87470146543689
20241204,150.5,152.0,149.0,150.0,10924695,1645769184,7016,+1.00,147.86043771688276
20241205,151.0,156.0,149.0,153.5,20272480,3103667362,13662,+3.50,151.31051459694336
20241206,154.0,155.5,151.0,151.5,11072765,1697873980,8649,-2.00,149.3390420940516
20241209,150.0,151.0,147.0,148.5,12496512,1859865968,9152,-3.00,146.38183333971392
20241210,149.5,151.5,148.0,148.0,6819107,1016307581,5420,-0.50,145.88896521399099
20241211,147.5,150.5,146.5,148.0,6203098,920897873,6241, 0.00,145.88896521399099
20241212,150.0,153.0,147.0,147.0,12392903,1852164600,8467,-1.00,144.9032289625451
20241213,146.5,147.5,140.0,141.5,23241873,3311192281,20098,-5.50,139.48167957959276
20241216,142.0,142.5,137.0,137.5,18665386,2599878877,16432,-4.00,135.53873457380922
20241217,138.5,143.5,138.5,141.5,12941601,1833267912,8595,+4.00,139.48167957959276
20241218,142.0,144.0,140.5,143.0,10009796,1427079339,7153,+1.50,140.96028395676157
20241219,140.0,142.5,139.0,141.5,12258798,1722355567,8274,-1.50,139.48167957959276
20241220,141.5,144.0,140.5,141.0,9444036,1339367801,5709,-0.50,138.9888114538698
20241223,143.5,147.5,142.5,145.5,15387617,2243300575,10611,+4.50,143.42462458537628
20241224,147.5,151.5,145.0,145.5,20492468,3030691624,17003, 0.00,143.42462458537628
20241225,147.5,148.0,144.0,145.0,10150136,1477917893,7767,-0.50,142.93175645965334
20241226,147.0,147.5,145.0,145.5,8253911,1205768328,6236,+0.50,143.42462458537628
20241227,145.5,148.0,145.0,145.0,7264425,1060705358,6110,-0.50,142.93175645965334
20241230,144.5,144.5,141.0,141.5,8208464,1167538621,8077,-3.50,139.48167957959276
20241231,140.5,142.0,139.5,141.0,8225126,1157338355,6067,-0.50,138.9888114538698
20250102,142.0,149.5,141.0,147.0,23662265,3481273241,16008,+6.00,144.9032289625451
20250103,150.0,151.5,146.5,149.5,23601062,3527186253,21809,+2.50,147.36756959115982
20250106,151.5,153.5,149.5,151.5,17611508,2672453762,16578,+2.00,149.3390420940516
20250107,155.0,156.0,153.0,154.0,19438368,3002051549,16170,+2.50,151.8033827226663
20250108,153.0,154.5,152.5,153.0,9635253,1479075905,9672,-1.00,150.81764647122043
20250109,151.5,152.0,145.5,145.5,15474945,2298941211,17475,-7.50,143.42462458537628
20250110,145.5,148.0,144.5,145.0,6873156,1002409278,5186,-0.50,142.93175645965334
20250113,144.0,144.0,137.5,140.0,14729939,2059771322,12893,-5.00,138.0030752024239
20250114,140.0,141.5,139.5,140.5,7594769,1067097687,5156,+0.50,138.49594332814686
20250115,139.5,141.0,138.0,138.5,8373775,1166324913,6631,-2.00,136.5244708252551
20250116,141.5,143.5,141.5,142.0,6829116,973593152,4785,+3.50,139.97454770531567
20250117,143.0,143.5,141.0,142.0,3867528,548936193,4650, 0.00,139.97454770531567
20250120,143.5,144.0,140.5,141.0,9395111,1329397601,7296,-1.00,138.9888114538698
20250121,141.0,141.0,138.5,139.5,15671189,2181789842,12223,-1.50,137.510207076701
20250122,139.0,140.0,137.0,139.0,21541442,2988871229,14205,-0.50,137.01733895097803
20250203,135.0,136.0,125.5,126.5,42372518,5420569620,34851,-12.50,124.69563580790448
20250204,127.0,127.5,121.5,121.5,32050404,3938418191,23177,-5.00,119.76695455067505
20250205,122.0,125.0,120.5,123.0,18573840,2280985980,12919,+1.50,121.24555892784387
20250206,123.5,125.0,123.0,123.5,11631963,1443825982,8704,+0.50,121.73842705356682
20250207,123.5,125.5,123.0,125.0,10376117,1292927644,7963,+1.50,123.21703143073564
20250210,125.5,126.0,123.5,123.5,10442026,1302958042,8553,-1.50,121.73842705356682
20250211,124.5,127.0,124.0,124.5,9656695,1210883776,8116,+1.00,122.72416330501271
20250212,125.5,127.0,122.0,122.0,14365378,1779382979,11979,-2.50,120.25982267639799
20250213,122.5,128.0,122.0,128.0,18484287,2323386767,11861,+6.00,126.17424018507329
20250214,128.5,128.5,125.5,126.5,12917354,1634904844,9280,-1.50,124.69563580790448
20250217,125.5,126.5,124.0,125.0,21050144,2637051572,15761,-1.50,123.21703143073564
20250218,125.5,128.5,125.0,128.0,13749305,1747614830,10025,+3.00,126.17424018507329
20250219,129.0,134.0,128.5,130.0,32826030,4320155239,25232,+2.00,128.14571268796504
20250220,131.5,132.0,127.0,127.5,20451148,2625272845,17379,-2.50,125.68137205935035
20250221,127.5,133.5,127.0,131.5,30653217,4023673887,18098,+4.00,129.6243170651339
20250224,129.0,132.0,128.5,130.5,15619617,2034680880,11641,-1.00,128.638580813688
20250225,129.0,131.5,129.0,129.5,14615685,1905740994,10056,-1.00,127.65284456224211
20250226,126.5,127.0,124.0,125.5,24594723,3087306571,20561,-4.00,123.7098995564586
20250227,124.0,125.0,117.5,118.0,48884472,5878464487,46300,-7.50,116.31687767061445
20250303,114.0,117.0,113.0,114.0,23385297,2677835167,17278,-4.00,112.3739326648309
20250304,111.5,114.0,110.5,113.5,27221360,3063276975,16347,-0.50,111.88106453910797
20250305,115.0,116.5,113.5,116.0,15317030,1765918666,11343,+2.50,114.34540516772267
20250306,116.5,116.5,113.5,113.5,11822586,1353982446,10651,-2.50,111.88106453910797
20250307,112.0,114.5,111.5,112.0,14395533,1621938597,9808,-1.50,110.40246016193913
20250310,114.0,115.5,113.0,113.0,11730492,1338026126,7505,+1.00,111.38819641338502
20250311,109.0,109.5,106.0,109.5,23006242,2488514940,15192,-3.50,107.93811953332442
20250312,110.0,113.0,109.5,112.0,9461612,1054276801,6918,+2.50,110.40246016193913
20250313,113.5,114.5,107.5,107.5,18285159,2013014908,14717,-4.50,105.96664703043265
20250314,107.0,107.5,103.5,106.0,30754863,3242243136,17711,-1.50,104.48804265326382
20250317,107.0,108.5,105.5,107.5,20912192,2232885600,9638,+1.50,105.96664703043265
20250318,107.5,109.0,107.5,108.0,7220231,781250932,5275,+0.50,106.45951515615559
20250319,107.0,108.5,104.0,104.5,15478599,1637894535,10900,-3.50,103.009438276095
20250320,106.5,109.5,106.0,109.5,11968322,1295657569,7396,+5.00,107.93811953332442
20250321,109.5,111.0,108.0,110.0,12050588,1320573321,6866,+0.50,108.43098765904736
20250324,111.0,111.5,106.5,106.5,8092120,874669580,6293,-3.50,104.98091077898677
20250325,108.5,109.5,106.0,106.0,9140092,977821070,5766,-0.50,104.48804265326382
20250326,107.0,108.5,107.0,107.0,5758890,618748300,3958,+1.00,105.4737789047097
20250327,105.5,105.5,103.5,104.5,8408689,878208100,6780,-2.50,103.009438276095
20250328,103.5,103.5,98.0,99.0,32220348,3213923331,24729,-5.50,97.58788889314262
20250331,94.5,96.6,92.0,92.5,29117227,2740538131,20336,-6.50,91.18060325874437
20250401,94.6,95.8,92.2,95.4,19448435,1829684386,13614,+2.90,94.03923838793744
20250402,94.5,96.4,93.0,96.4,14472394,1370653614,10438,+1.00,95.02497463938333
20250407,86.8,86.8,86.8,86.8,1726645,149872184,2863,-9.60,85.56190662550283
20250408,78.5,80.5,78.2,78.2,16644192,1306725246,10296,-8.60,77.08457486306823
20250409,71.5,74.4,70.4,70.4,27967371,1995753984,18294,-7.80,69.39583210179032
20250410,77.4,77.4,76.8,77.4,15838720,1225588592,9292,+7.00,76.2959858619115
20250411,76.0,80.8,73.4,78.3,37134104,2882752321,59997,+0.90,77.1831484882128
20250414,84.6,86.1,83.4,84.7,27575720,2346041044,23045,+6.40,83.49186049746646
20250415,87.0,90.3,86.7,88.8,29483850,2619911725,23486,+4.10,87.5333791283946
20250416,86.4,87.8,85.2,85.2,18142075,1563415592,15767,-3.60,83.98472862318941
20250417,83.7,85.1,82.7,84.7,12533638,1052773539,8909,-0.50,83.49186049746646
20250418,84.7,86.4,84.3,85.2,8575323,730537119,6126,+0.50,83.98472862318941
20250421,84.5,84.9,81.0,81.2,10509509,864828996,7822,-4.00,80.04178361740588
20250422,79.4,83.5,79.3,81.0,11446338,933060744,8068,-0.20,79.84463636711669
20250423,86.3,89.1,86.2,88.8,31939800,2826416098,19830,+7.80,87.5333791283946
20250424,88.8,89.3,85.8,86.5,23310943,2035311128,18071,-2.30,85.26618575006907
20250425,90.8,94.4,90.6,92.6,37166508,3440069036,22502,+6.10,91.27917688388895
20250428,93.5,96.0,92.8,95.3,28567775,2704517348,25650,+2.70,93.94066476279285
20250429,95.5,96.4,94.6,96.0,23188041,2221593716,22924,+0.70,94.63068013880496
20250430,95.2,96.7,93.6,93.9,17472137,1657752024,24727,-2.10,92.56063401076862
20250502,95.0,96.4,94.2,94.6,16011366,1524289307,11505,+0.70,93.25064938678072
20250505,95.5,96.2,90.6,92.5,24571382,2286927944,17470,-2.10,91.18060325874437
20250506,91.0,93.2,91.0,92.3,8914894,821141566,11193,-0.20,90.98345600845519
20250507,92.6,93.2,90.5,90.9,9800618,894623640,7680,-1.40,89.60342525643097
20250508,91.6,93.2,91.3,92.6,9222086,854707627,6544,+1.70,91.27917688388895
20250509,93.6,94.4,91.9,93.9,9669770,900959691,6420,+1.30,92.56063401076862
20250512,95.2,102.0,95.1,101.0,28936862,2873714484,20585,+7.10,99.55936139603439
20250513,104.0,106.0,99.4,99.8,31457143,3198528590,23397,-1.20,98.37647789429933
20250514,101.5,103.5,100.0,102.5,19040392,1941752363,11514,+2.70,101.03796577320323
20250515,102.0,102.0,100.0,101.0,10258210,1035786776,6301,-1.50,99.55936139603439
20250516,102.5,103.5,101.0,102.0,12034887,1231300769,8416,+1.00,100.54509764748028
20250519,102.0,102.5,99.0,99.0,9640226,966633467,7443,-3.00,97.58788889314262
20250520,100.5,103.5,99.9,100.5,13218867,1340248269,7361,+1.50,99.06649327031145
20250521,101.0,103.0,100.0,102.5,10029451,1020291876,5746,+2.00,101.03796577320323
20250522,101.5,102.5,100.5,102.0,8702429,881752501,5316,-0.50,100.54509764748028
20250523,102.0,108.5,101.5,106.0,37781246,4015177987,23366,+4.00,104.48804265326382
20250526,106.0,106.5,103.5,104.0,18075343,1891349093,11602,-2.00,102.51657015037205
20250527,106.0,112.5,104.5,110.5,68253739,7492798745,36458,+6.50,108.92385578477031
20250528,112.0,115.0,105.5,109.5,74406490,8222139681,38171,-1.00,107.93811953332442
20250529,111.5,111.5,106.0,106.0,31984482,3422064106,16767,-3.50,104.48804265326382
20250602,104.0,104.5,100.5,101.0,18463321,1878496181,11529,-5.00,99.55936139603439
20250603,103.0,103.5,101.5,102.0,10973551,1122925437,6829,+1.00,100.54509764748028
20250604,103.5,105.5,101.5,103.0,22324577,2302605214,11294,+1.00,101.53083389892616
20250605,103.0,104.0,102.0,103.0,11706643,1206342869,6027, 0.00,101.53083389892616
20250606,102.5,104.5,102.0,103.0,6846921,704400987,4370, 0.00,101.53083389892616
20250609,103.0,103.0,98.1,100.0,19438772,1943868127,13954,-3.00,98.5736251445885
20250610,101.5,107.5,101.5,107.0,25944396,2731644617,16669,+7.00,105.4737789047097
20250611,107.0,110.0,105.5,109.0,24252468,2615205646,14834,+2.00,107.44525140760148
20250612,108.5,108.5,106.5,107.0,10436870,1118567101,7226,-2.00,105.4737789047097
20250613,105.5,106.0,102.5,102.5,14132424,1462018411,10422,-4.50,101.03796577320323
20250616,102.0,103.0,101.0,103.0,8617800,881206346,5206,+0.50,101.53083389892616
20250617,104.0,105.0,100.0,101.5,15853641,1616797031,10353,-1.50,100.05222952175734
20250618,101.5,104.0,101.0,103.5,11830229,1216565850,8427,+2.00,102.02370202464911
20250619,103.0,103.5,100.5,100.5,9799692,992049525,7467,-3.00,99.06649327031145
20250620,101.5,103.0,100.0,100.0,37735671,3783640297,8952,-0.50,98.5736251445885
20250623,99.0,110.0,98.3,110.0,61005719,6535969551,32360,+10.00,108.43098765904736
20250624,113.0,116.5,110.5,111.5,83917118,9501890799,49238,+1.50,109.9095920362162
20250625,114.0,116.0,112.5,114.0,36948650,4222147340,22015,+2.50,112.3739326648309
20250626,114.0,115.5,112.5,114.0,18058164,2059273489,9664, 0.00,112.3739326648309
20250627,114.0,115.0,110.5,113.0,21443953,2419369859,12586,-1.00,111.38819641338502
20250630,113.5,115.0,111.5,114.0,14542516,1652115252,8485,+1.00,112.3739326648309
20250701,114.0,116.0,112.0,112.0,22898420,2612999500,13612,-2.00,110.40246016193913
20250702,112.0,113.5,111.5,112.0,9382986,1053827596,6071, 0.00,110.40246016193913
20250703,114.0,119.5,113.5,117.0,73400740,8576499081,39393,+5.00,115.33114141916856
20250704,118.5,121.0,116.0,118.0,56011863,6649748091,30396,+1.00,116.31687767061445
20250707,120.0,120.5,115.0,115.0,25206718,2949171727,19137,-3.00,113.35966891627679
20250708,114.0,116.5,113.0,116.0,11351711,1306731123,8003,+1.00,114.34540516772267
20250709,116.5,124.0,115.5,122.5,55036327,6682986946,36235,+6.50,120.75269080212094
20250710,124.0,128.0,122.0,125.5,68131403,8541243904,37977,X0.00,125.24354054148091
20250711,126.5,127.5,123.5,124.0,24649337,3090740469,18207,-1.50,123.74660579397317
20250714,123.5,124.0,119.5,120.0,24231920,2920681718,16092,-4.00,119.7547798006192
20250715,120.0,132.0,120.0,132.0,96095745,12329661568,60462,+12.00,131.73025778068111
20250716,133.5,141.5,130.0,135.5,178875421,24331661055,103636,+3.50,135.22310552486584
20250717,137.0,138.5,132.0,133.5,59690609,8029013095,41540,-2.00,133.22719252818885
20250718,134.5,135.0,131.5,133.0,33368863,4443029225,21036,-0.50,132.72821427901962
20250721,133.0,135.5,131.5,133.5,28460895,3799043065,18588,+0.50,133.22719252818885
20250722,134.0,135.0,127.5,128.5,46116170,6003205308,30934,-5.00,128.23741003649639
20250723,130.0,134.5,128.5,131.5,45854043,6044207124,29169,+3.00,131.23127953151186
20250724,133.0,133.5,131.0,132.5,26492014,3496365778,16211,+1.00,132.22923602985037
20250725,132.0,135.0,131.0,131.0,34519854,4580601178,22620,-1.50,130.73230128234263
20250728,132.5,134.5,131.5,133.0,22930853,3053342994,13395,+2.00,132.72821427901962
20250729,138.0,145.0,137.5,140.0,114489321,16209698627,65550,+7.00,139.71390976738905
20250730,142.0,142.5,136.5,142.0,58375228,8157830617,47943,+2.00,141.70982276406605
20250731,139.0,139.5,136.5,137.5,45007870,6210349052,32937,-4.50,137.21901852154284
20250801,133.5,141.0,133.0,138.5,33207731,4597938356,20094,+1.00,138.21697501988132
20250804,136.5,137.0,135.0,135.0,19078120,2590181640,13963,-3.50,134.7241272756966
20250805,136.5,139.0,135.5,135.5,17520906,2400177739,11441,+0.50,135.22310552486584
20250806,135.5,136.0,133.5,134.0,17282085,2323204000,11349,-1.50,133.7261707773581
20250807,136.5,139.0,135.5,136.0,20357713,2793705816,14145,+2.00,135.7220837740351
20250808,136.5,138.5,136.5,137.0,15522714,2134257500,11036,+1.00,136.72004027237358
20250811,138.0,143.0,137.5,142.5,38683959,5464447778,26425,+5.50,142.2088010132353
20250812,142.5,142.5,138.0,138.5,21474806,3001616296,18670,-4.00,138.21697501988132
20250813,140.5,142.0,136.0,138.0,28204237,3912991637,18077,-0.50,137.7179967707121
20250814,140.0,144.5,137.5,138.0,31770415,4452405393,19735, 0.00,137.7179967707121
20250815,139.5,142.0,135.0,135.5,29696432,4083487227,24120,-2.50,135.22310552486584
20250818,134.0,142.5,134.0,142.0,53936215,7574437608,32322,+6.50,141.70982276406605
20250819,144.0,145.5,138.5,139.0,32549940,4593900092,22136,-3.00,138.71595326905057
20250820,137.0,139.0,133.0,133.5,28473773,3827471511,22467,-5.50,133.22719252818885
20250821,132.5,135.5,132.5,133.5,18224912,2433474148,13657, 0.00,133.22719252818885
20250822,134.0,135.5,132.5,135.0,12823238,1721682365,8342,+1.50,134.7241272756966
20250825,138.0,140.5,138.0,140.0,26238917,3654659467,15413,+5.00,139.71390976738905
20250826,141.0,146.0,140.0,142.0,55622392,7959019429,40535,+2.00,141.70982276406605
20250827,145.5,152.0,145.0,152.0,78875832,11789645368,59419,+10.00,151.68938774745098
20250828,151.5,153.5,147.0,150.0,56299084,8470728082,41173,-2.00,149.693474750774
20250829,152.5,153.5,144.5,144.5,45478963,6708378023,35629,-5.50,144.2047140099123
20250901,143.5,144.0,133.0,134.5,45628424,6254103471,36917,-10.00,134.22514902652736
20250902,135.0,135.5,129.5,131.0,30783090,4052191315,22881,-3.50,130.73230128234263
20250903,132.0,133.0,131.0,132.5,15310351,2023298585,10399,+1.50,132.22923602985037
20250904,134.5,135.5,132.0,133.5,18638543,2495704171,10090,+1.00,133.22719252818885
20250905,136.0,137.5,133.0,134.0,16038706,2165387955,10941,+0.50,133.7261707773581
20250908,135.0,135.5,130.5,133.5,18119903,2405409652,10723,-0.50,133.22719252818885
20250909,135.0,136.0,133.5,135.0,9786778,1318074189,6933,+1.50,134.7241272756966
20250910,137.0,143.0,135.0,141.5,34188146,4791424832,25443,+6.50,141.2108445148968
20250911,144.5,146.5,141.5,142.5,36645537,5266746810,24520,+1.00,142.2088010132353
20250912,145.5,147.5,143.5,144.5,29762268,4334928702,20737,+2.00,144.2047140099123
20250915,145.5,145.5,141.5,142.0,12585488,1797955212,18488,-2.50,141.70982276406605
20250916,144.0,153.0,142.5,152.0,64156759,9637894536,48349,+10.00,151.68938774745098
20250917,152.0,152.0,147.0,147.5,22731939,3380043305,21105,-4.50,147.19858350492777
20250918,150.0,150.0,145.0,148.5,27918539,4117125181,15798,+1.00,148.19654000326625
20250919,155.0,161.5,154.5,157.5,77040318,12200466205,49617,+9.00,157.1781484883127
20250922,159.0,159.5,156.5,158.5,28067760,4443463202,22322,+1.00,158.17610498665118
20250923,160.0,165.0,159.0,159.0,49227532,7945299387,31890,+0.50,158.67508323582044
20250924,159.5,160.0,154.5,157.0,22247841,3484307091,16812,-2.00,156.67917023914345
20250925,156.5,159.5,155.0,157.0,18732551,2961091356,13466, 0.00,156.67917023914345
20250926,155.5,156.5,148.0,149.0,22663847,3410415677,19897,-8.00,148.6955182524355
20250930,152.5,153.0,150.5,151.5,12365063,1878042155,7949,+2.50,151.19040949828172
20251001,153.0,159.5,152.0,155.0,19127217,2990874851,14969,+3.50,154.68325724246645
20251002,157.0,157.5,151.0,153.0,19461486,2995806856,14253,-2.00,152.6873442457895
20251003,154.0,157.0,153.0,156.0,18510051,2874675054,13176,+3.00,155.68121374080496
20251007,160.0,161.0,157.0,158.0,18875133,2997952639,13578,+2.00,157.67712673748196
20251008,156.0,160.5,154.0,160.0,15608289,2463487412,11343,+2.00,159.67303973415892
20251009,161.0,167.5,160.5,161.0,49101285,8034358806,45790,+1.00,160.67099623249743
20251013,151.0,154.5,150.5,153.5,31538717,4804565433,32285,-7.50,153.18632249495872
20251014,155.5,157.5,146.0,146.0,24470429,3678576049,21927,-7.50,145.70164875742003
20251015,148.5,159.5,148.5,158.5,40885807,6376197883,29131,+12.50,158.17610498665118
20251016,160.0,168.0,160.0,165.5,66717955,10991406942,43552,+7.00,165.16180047502064
20251017,165.5,166.0,160.5,160.5,24087543,3914258679,29746,-5.00,160.17201798332817
20251020,163.0,163.5,158.5,160.0,16913013,2705889411,13840,-0.50,159.67303973415892
20251021,161.0,163.0,159.5,160.0,18055061,2911149526,11892, 0.00,159.67303973415892
20251022,160.5,162.0,157.5,159.0,13392749,2133051521,10447,-1.00,158.67508323582044
20251023,157.5,160.0,155.0,156.0,14103945,2215362271,10609,-3.00,155.68121374080496
20251027,161.5,165.5,161.0,163.5,27029263,4418624099,18464,+7.50,163.16588747834365
20251028,163.0,163.5,158.0,162.5,17893084,2892094181,14325,-1.00,162.16793098000517
20251029,164.5,167.0,162.0,166.0,22661349,3741596686,16618,+3.50,165.6607787241899
20251030,168.0,169.0,159.0,160.0,23973575,3906371967,33058,-6.00,159.67303973415892
20251031,161.5,169.0,160.5,163.5,20577763,3394480399,16895,+3.50,163.16588747834365
20251103,168.0,179.5,167.0,178.5,90228850,16035362900,52710,+15.00,178.13523495342105
20251104,177.0,177.5,168.0,168.5,52986700,9091073428,45166,-10.00,168.15566997003612
20251105,163.5,166.0,161.0,164.0,31267721,5102446020,19997,-4.50,163.6648657275129
20251106,167.5,167.5,162.0,165.5,20317290,3337827695,13459,+1.50,165.16180047502064
20251107,164.0,166.0,160.0,161.5,13676701,2210800335,12192,-4.00,161.16997448166666
20251110,162.5,166.5,158.0,164.5,23211420,3783489670,15237,+3.00,164.16384397668216
20251111,166.0,170.0,164.0,166.5,17169427,2872577992,13520,+2.00,166.15975697335912
20251112,168.0,173.0,167.0,167.5,16832699,2852168941,12879,+1.00,167.15771347169763
20251113,170.5,180.0,170.0,178.5,48910447,8642509828,42829,+11.00,178.13523495342105
20251114,172.5,175.5,168.5,171.5,23311749,4012685807,46947,X0.00,171.14953946505162
20251117,174.0,177.0,167.5,167.5,19686741,3373685243,14868,-4.00,167.15771347169763
20251118,167.5,179.0,167.5,170.0,50213238,8704208412,34355,+2.50,169.65260471754385
20251119,164.0,165.5,160.0,160.5,38610127,6253983493,45712,-9.50,160.17201798332817
20251120,166.5,175.0,166.5,171.5,28955332,4947113698,20243,+11.00,171.14953946505162
20251121,163.5,165.5,158.0,160.0,34009078,5489237539,29177,-11.50,159.67303973415892
20251124,163.0,164.0,157.5,164.0,25032463,4028919678,14927,+4.00,163.6648657275129
20251125,168.0,178.0,166.5,176.0,45898480,7903196471,31272,+12.00,175.64034370757483
20251126,175.0,183.0,174.0,178.5,51502697,9212451740,40794,+2.50,178.13523495342105
20251127,179.0,189.5,178.0,187.0,55318867,10234037588,43710,+8.50,186.61786518929824
20251128,187.5,188.0,184.0,186.5,20954146,3908562399,16605,-0.50,186.11888694012902
20251201,190.0,201.0,190.0,197.0,71599696,14128614878,46636,+10.50,196.59743017268318
20251202,200.0,204.0,194.5,196.0,43927581,8710090470,55670,-1.00,195.5994736743447
20251203,197.0,203.0,195.0,196.5,30774294,6097637645,26021,+0.50,196.09845192351395
20251204,197.0,204.0,197.0,198.5,34051059,6821047461,33038,+2.00,198.0943649201909
20251205,202.5,218.0,201.5,215.0,80682253,16961287903,64638,+16.50,214.56064714277608
20251208,215.5,224.0,212.0,220.5,53880320,11831028350,44594,+5.50,220.04940788363777
20251209,221.5,234.0,221.5,226.0,72841341,16590598407,105619,+5.50,225.5381686244995
20251210,227.5,230.0,222.5,227.5,36724769,8312517077,35004,+1.50,227.03510337200723
20251211,230.0,235.0,224.5,225.0,36200499,8301432226,68153,-2.50,224.540212126161
20251212,228.0,229.5,222.0,225.0,19839313,4448099543,18650, 0.00,224.540212126161
20251215,220.0,224.5,219.5,221.5,12347665,2737570043,16498,-3.50,221.04736438197628
20251216,220.0,221.0,211.5,214.0,23424436,5046312816,20383,-7.50,213.56269064443757
20251217,220.0,221.0,211.5,212.0,21114961,4530457125,30201,-2.00,211.56677764776057
20251218,209.0,213.0,204.5,207.0,18715861,3894940717,16772,-5.00,206.5769951560681
20251219,211.0,216.5,209.0,215.0,26149364,5602903283,16180,+8.00,214.56064714277608
20251222,219.5,221.0,213.0,220.5,25048848,5461851038,21729,+5.50,220.04940788363777
20251223,220.0,220.0,214.5,215.5,15591482,3378245402,13547,-5.00,215.0596253919453
20251224,218.5,220.5,215.0,217.0,13473338,2931584972,10742,+1.50,216.55656013945304
20251226,218.5,224.0,216.5,220.5,16204155,3592520636,13977,+3.50,220.04940788363777
20251229,222.5,222.5,217.5,220.5,11127246,2451322795,11383, 0.00,220.04940788363777
20251230,221.5,224.0,218.0,219.5,11167785,2465359124,10087,-1.00,219.0514513852993
20251231,220.0,223.5,219.0,220.0,12816555,2836771368,11851,+0.50,219.55042963446854
20260102,222.5,225.0,216.0,219.0,21511262,4726739953,18119,-1.00,218.55247313613003
20260105,223.0,233.0,221.0,230.0,49165233,11196657621,37209,+11.00,229.52999461785348
20260106,231.0,235.5,228.0,230.5,26340552,6079675485,36003,+0.50,230.0289728670227
20260107,232.5,244.5,225.5,226.0,59270632,13876517690,54396,-4.50,225.5381686244995
20260108,224.0,230.0,219.5,227.5,23871079,5379232098,42021,+1.50,227.03510337200723
20260109,229.0,229.5,221.5,225.5,19385893,4371176729,16455,-2.00,225.03919037533024
20260112,234.5,246.0,234.5,243.5,41637350,10057501060,38584,+18.00,243.0024073454231
20260113,246.5,257.0,242.5,254.0,56504691,14291711010,63266,+10.50,253.4809505779773
20260114,255.5,256.0,245.5,250.0,30300387,7576347013,57787,-4.00,249.48912458462334
20260115,250.0,257.5,245.5,249.5,30354323,7611576766,25165,-0.50,248.99014633545409
20260116,253.0,274.0,247.0,274.0,74016521,19744966398,63779,+24.50,273.44008054474716
20260119,278.0,301.0,274.5,301.0,76308584,22278788257,73355,+27.00,300.3849059998865
20260120,297.0,318.0,295.5,308.0,117003208,35976422887,86998,+7.00,307.37060148825594
20260121,312.5,328.0,310.5,321.0,78717699,25318088011,86133,+13.00,320.34403596665635
20260122,335.5,343.0,325.0,327.0,63875536,21255292074,79374,+6.00,326.3317749566873
20260123,327.5,340.0,327.5,339.0,45013468,15058722684,37939,+12.00,338.30725293674925
20260126,333.5,335.0,318.0,333.0,43059381,14140887299,36248,-6.00,332.31951394671825
20260127,333.5,363.0,329.0,354.0,68458449,23979177154,54734,+21.00,353.2766004118266
20260128,356.5,370.0,355.0,367.5,45778289,16681544728,39686,+13.50,366.7490131393963
20260129,365.0,365.0,334.5,344.5,59291180,20558311006,60443,-23.00,343.796013677611
20260130,347.5,378.5,343.0,378.5,76990794,27899931914,62123,+34.00,377.7265346211197
20260202,375.0,377.0,355.0,365.0,88667655,32539246108,73332,-13.50,364.25412189355006
20260203,384.5,397.5,375.0,385.0,68774219,26583878608,56816,+20.00,384.21325186031993
20260204,371.0,401.0,370.0,388.0,101586634,39526273869,83757,+3.00,387.2071213553354
20260205,380.5,385.0,361.5,365.5,72224131,26690231921,73585,-22.50,364.7531001427193
20260206,336.0,347.5,329.0,340.0,68395699,23108673645,59527,-25.50,339.3052094350877
20260209,355.0,358.0,332.5,347.5,80608982,27937954139,64340,+7.50,346.78988317262645
20260210,356.0,381.5,351.0,371.5,63529136,23525775708,57989,+24.00,370.74083913275024
20260211,371.5,379.5,366.5,369.0,46907630,17472837638,48037,-2.50,368.24594788690405
20260223,387.0,405.5,387.0,405.5,51972076,20820021118,43075,+36.50,404.671360076259
20260224,410.5,446.0,408.0,446.0,85969566,37149068836,77643,+40.50,445.08859825896803
20260225,454.5,463.0,438.0,458.5,77302412,34967478755,73091,+12.50,457.56305448819916
20260226,458.0,484.5,436.0,481.5,85576984,39594012727,81281,+23.00,480.51605394998455
20260302,463.5,504.0,463.5,481.0,77111368,37734973723,82710,-0.50,480.01707570081527
20260303,477.0,493.5,457.0,463.0,18315957,8616516849,30132,-18.00,462.0538587307224
20260304,440.0,440.0,417.0,417.0,27313108,11540775053,50538,-46.00,416.1478598071517
20260305,450.5,450.5,417.0,450.0,18583555,8181236415,25137,+33.00,449.080424252322
20260306,442.5,450.5,430.5,432.0,13951006,6170695813,21752,-18.00,431.1172072822291
20260309,389.0,391.5,389.0,389.0,16081708,6262042015,28370,-43.00,388.2050778536739
20260310,410.0,427.5,410.0,424.0,15566596,6503278882,21716,+35.00,423.13355529552115
20260311,446.5,466.0,445.0,466.0,15139938,6960170987,19506,+42.00,465.0477282257379
20260312,466.5,486.0,461.0,480.0,15311434,7254506344,20407,+14.00,479.0191192024768
20260313,468.0,509.0,468.0,508.0,21131674,10464396608,30022,+28.00,506.9619011559546
20260316,519.0,550.0,505.0,549.0,17800019,9432426957,29117,+41.00,547.8781175878328
20260317,571.0,594.0,524.0,543.0,62525249,35122752902,80355,-6.00,541.8903785978018
20260318,550.0,591.0,539.0,580.0,50602935,28791915833,57575,+37.00,578.8147690363261
20260319,564.0,590.0,564.0,581.0,9690719,5625598454,11979,+1.00,579.8127255346647
20260320,577.0,577.0,533.0,554.0,9060263,4982862056,15539,-27.00,552.8679000795253
20260323,501.0,512.0,499.0,499.0,8936699,4490977273,20239,-55.00,497.98029267090817
20260324,510.0,510.0,449.5,460.0,10317920,4698217989,17101,-39.00,459.05998923570695
20260325,487.5,506.0,487.5,506.0,5286906,2662414821,7364,+46.00,504.96598815927763
20260326,510.0,538.0,500.0,502.0,8065176,4192122388,10460,-4.00,500.97416216592364
20260327,473.0,505.0,473.0,505.0,5779396,2854458954,8463,+3.00,503.9680316609391
20260330,485.0,496.0,473.5,493.5,5105202,2471505338,8416,-11.50,492.49153193004645
20260331,479.0,479.0,444.5,444.5,10008247,4517844016,20754,-49.00,443.5916635114603
20260401,484.0,488.5,477.0,488.5,8025819,3866123805,6854,+44.00,487.501749438354
20260402,535.0,537.0,515.0,519.0,49200504,25957223443,53185,+30.50,517.939422637678
20260407,546.0,570.0,545.0,564.0,36593469,20578244270,39532,+45.00,562.8474650629103
20260408,606.0,620.0,597.0,620.0,40382195,24845450055,47153,+56.00,618.7330289698658
20260409,624.0,655.0,614.0,625.0,43182032,27286524321,55690,+5.00,623.7228114615583
20260410,641.0,660.0,620.0,638.0,31035746,19850214896,38139,+13.00,636.6962459399588
20260413,635.0,648.0,624.0,626.0,58280942,36817752043,38343,-12.00,624.7207679598968
20260414,630.0,630.0,592.0,597.0,10850371,6487125650,16141,-29.00,595.7800295080805
20260415,600.0,629.0,600.0,618.0,8044362,4959383226,7814,+21.00,616.7371159731889
20260416,620.0,646.0,606.0,645.0,7013959,4424156452,9447,+27.00,643.6819414283282
20260417,640.0,645.0,633.0,643.0,4620642,2959844554,7528,-2.00,641.6860284316512
20260420,644.0,707.0,644.0,678.0,9523328,6496382489,13971,+35.00,676.6145058734985
20260421,710.0,715.0,700.0,710.0,8275747,5860676791,10796,+32.00,708.5491138203303
20260422,718.0,730.0,711.0,716.0,4691666,3377916051,8715,+6.00,714.5368528103612
20260423,726.0,749.0,660.0,728.0,8318815,5847705139,16907,+12.00,726.5123307904231
20260424,775.0,790.0,760.0,790.0,9904455,7675808875,13226,+62.00,788.3856336874097
20260427,835.0,839.0,790.0,839.0,8268907,6751863127,13710,+49.00,837.2855021059959
20260428,864.0,886.0,822.0,825.0,40694123,34547379624,71613,-14.00,823.314111129257
20260429,805.0,832.0,782.0,803.0,33105424,26652560274,73684,-22.00,801.3590681658102
20260430,828.0,883.0,815.0,883.0,34452546,29614041091,45831,+80.00,881.1955880328896
20260504,912.0,920.0,862.0,911.0,43775340,39497726439,71957,+28.00,909.1383699863674
20260505,899.0,948.0,893.0,903.0,28445776,25874777531,65348,-8.00,901.1547179996595
20260506,908.0,928.0,846.0,858.0,44744339,39239638752,136126,-45.00,856.2466755744273
20260507,875.0,905.0,862.0,896.0,26519253,23480157201,49505,+38.00,894.16902251129
20260508,871.0,872.0,808.0,818.0,36009716,30174708339,146881,-78.00,816.3284156408876
20260511,830.0,889.0,822.0,861.0,28324275,24465278249,52140,+43.00,859.2405450694428
20260512,904.0,926.0,872.0,875.0,30082205,27022593227,53121,+14.00,873.2119360461817
20260513,853.0,903.0,853.0,892.0,26722633,23585004447,46772,+17.00,890.1771965179361
20260514,910.0,918.0,879.0,881.0,29924774,26917151496,55186,-11.00,879.1996750362126
20260515,901.0,902.0,814.0,821.0,31599903,26663513670,114841,-60.00,819.322285135903
20260518,791.0,818.0,776.0,816.0,21413916,17082703515,53556,-5.00,814.3325026442105
20260519,821.0,860.0,808.0,818.0,23542123,19571985601,40072,+2.00,816.3284156408876
20260520,819.0,830.0,793.0,823.0,21306136,17369003147,38706,+5.00,821.31819813258
20260521,870.0,905.0,868.0,905.0,32618917,29096835325,67133,+82.00,903.1506309963364
20260522,932.0,986.0,931.0,970.0,42132962,40442520937,71312,+65.00,968.0178033883385
20260525,1020.0,1030.0,978.0,990.0,24465071,24456623396,57239,+20.00,987.9769333551084
20260526,992.0,1085.0,989.0,1085.0,34270461,35601565654,61629,+95.00,1082.7828006972652
20260527,1105.0,1110.0,1045.0,1080.0,27365393,29657618700,54807,-5.00,1077.7930182055727
20260528,1125.0,1130.0,1000.0,1025.0,25166670,26587310350,67997,-55.00,1022.9054107969556
20260529,1090.0,1095.0,1035.0,1055.0,21107426,22254481820,30957,+30.00,1052.8441057471105
20260601,1070.0,1100.0,1025.0,1050.0,19127603,20296944890,47414,-5.00,1047.854323255418
20260602,1050.0,1050.0,950.0,975.0,29360754,28868330930,131838,-75.00,973.007585880031
20260603,976.0,1010.0,964.0,1000.0,19513439,19361840646,40459,+25.00,997.9564983384934
20260604,977.0,1005.0,970.0,971.0,13760914,13512444185,37977,-29.00,969.015759886677
20260605,950.0,969.0,890.0,933.0,26076886,24310073021,75382,-38.00,931.0934129498143
20260608,840.0,925.0,840.0,911.0,25312312,22448427090,58811,-22.00,909.1383699863674
20260609,950.0,972.0,920.0,969.0,23269699,22061351573,40005,+58.00,967.01984689
20260610,938.0,960.0,875.0,884.0,26494510,24254872478,91157,-85.00,882.1935445312281
20260611,884.0,906.0,811.0,854.0,27061060,23150990370,75836,-30.00,852.2548495810732
20260612,922.0,930.0,890.0,902.0,15944333,14483510452,34817,+48.00,900.156761501321
20260615,948.0,961.0,920.0,960.0,16599358,15714632593,40070,+58.00,958.0382384049536
20260616,986.0,1005.0,965.0,981.0,20022281,19708659466,39287,+21.00,978.995324870062
20260617,970.0,1010.0,965.0,988.0,18169059,17925592335,35617,+7.00,985.9810203584314
20260618,1000.0,1005.0,965.0,968.0,21005907,20530868464,44472,-20.00,966.0218903916615
20260622,999.0,1055.0,992.0,1005.0,27784024,28372129986,51653,+37.00,1002.9462808301857
20260623,1000.0,1075.0,974.0,974.0,26622491,27014092542,59666,-31.00,972.0096293816924
20260624,938.0,952.0,916.0,931.0,27122991,25331936392,81152,-43.00,929.0974999531372
20260625,949.0,1020.0,944.0,1020.0,34425108,34370433684,68757,+89.00,1017.9156283052632
20260626,1000.0,1090.0,964.0,975.0,77949761,79987126939,114069,-45.00,973.007585880031
20260629,999.0,1010.0,950.0,976.0,28369251,27874514236,55285,+1.00,974.0055423783695
20260630,1015.0,1070.0,1010.0,1070.0,33861853,35592947330,65505,+94.00,1067.813453222188
20260701,1085.0,1115.0,1035.0,1040.0,33357506,35847226820,54963,-30.00,1037.874758272033
20260702,998.0,1015.0,978.0,979.0,28769154,28417819003,84881,-61.00,976.9994118733849
20260703,945.0,982.0,926.0,969.0,19183211,18347324938,59621,-10.00,967.01984689
20260706,972.0,972.0,897.0,917.0,24878605,23192638949,105368,X0.00,917.0
20260707,880.0,901.0,836.0,840.0,44703256,38987206344,157478,-77.00,840.0
20260708,856.0,882.0,843.0,863.0,33631297,29049388987,55973,+23.00,863.0
20260709,890.0,925.0,867.0,875.0,33401581,29937100512,53708,+12.00,875.0
20260713,921.0,948.0,892.0,903.0,33722307,31045938081,57702,+28.00,903.0
20260714,896.0,914.0,826.0,874.0,28345812,24564291887,72524,-29.00,874.0
20260715,882.0,960.0,870.0,936.0,37778377,34922841146,65238,+62.00,936.0
20260716,911.0,915.0,872.0,882.0,27974533,24944119715,65720,-54.00,882.0
20260717,809.0,842.0,794.0,794.0,30076422,24294663987,112491,-88.00,794.0
20260720,778.0,812.0,747.0,750.0,30661875,23514772172,60412,-44.00,750.0
20260721,785.0,825.0,775.0,825.0,18816207,15329025836,24387,+75.00,825.0
20260722,876.0,907.0,876.0,907.0,25034100,22400818846,37806,+82.00,907.0
20260723,915.0,918.0,872.0,896.0,27135078,24307499577,48237,-11.00,896.0
20260724,880.0,892.0,825.0,839.0,19813146,16955119117,43593,-57.00,839.0
20260727,850.0,854.0,804.0,848.0,15654238,12979383023,26543,+9.00,848.0
20260728,791.0,792.0,764.0,764.0,18182748,14066037522,65200,-84.00,764.0
20260729,785.0,786.0,688.0,688.0,30987156,22089347984,65470,-76.00,688.0
20260730,670.0,756.0,653.0,716.0,51045032,37220306886,54610,+28.00,716.0
20260731,787.0,787.0,787.0,787.0,3163252,2489479324,6183,+71.00,787.0
20260803,842.0,865.0,842.0,865.0,22551444,19358717389,24626,+78.00,865.0
20260804,878.0,948.0,873.0,924.0,54032638,49201314756,77203,+59.00,924.0
20260805,1005.0,1010.0,962.0,969.0,44514982,44121921383,91640,+45.00,969.0
20260806,958.0,995.0,928.0,973.0,25817573,24887136585,49439,+4.00,973.0
20260807,986.0,999.0,942.0,955.0,21596279,20870585514,36856,-18.00,955.0
20260810,979.0,995.0,976.0,992.0,7464140,7369228586,20747,+37.00,992.0
20260811,988.0,995.0,972.0,992.0,5181158,5101288235,15092, 0.00,992.0
20260812,999.0,1010.0,990.0,1000.0,8196771,8189973594,25438,+8.00,1000.0
20260813,1045.0,1045.0,976.0,1000.0,8899504,8945352110,21757, 0.00,1000.0
20260814,1020.0,1025.0,995.0,1020.0,9634898,9773002661,33599,+20.00,1020.0
20260817,1045.0,1120.0,1035.0,1120.0,53834958,59850940025,102614,+100.00,1120.0
20260818,1130.0,1200.0,1115.0,1145.0,38561591,44334899895,63468,+25.00,1145.0
