date,open,high,low,close,volume,turnover,transactions,price_change,close_adj
2011-04-21,65.0,69.0,63.1,67.6,2867797,187526377,1589,X0.00,67.6
2011-04-22,67.0,67.0,64.2,64.6,1931603,126709995,894,-3.00,64.6
2011-04-25,65.0,65.5,63.0,63.0,1414260,90407100,533,-1.60,63.0
2011-04-26,63.0,63.5,61.7,61.7,578015,36178437,334,-1.30,61.7
2011-04-27,61.8,62.0,59.1,59.1,992000,60295700,560,-2.60,59.1
2011-04-28,57.4,58.7,56.7,57.1,1081408,62116049,628,-2.00,57.1
2011-04-29,57.5,58.9,57.0,57.9,628352,36470779,400,+0.80,57.9
2011-05-03,58.2,58.7,54.2,55.1,859229,48662517,391,-2.80,55.1
2011-05-04,55.1,56.3,54.6,56.0,176410,9832760,127,+0.90,56.0
2011-05-05,55.0,55.0,52.5,53.2,604000,32258500,343,-2.80,53.2
2011-05-06,52.6,53.2,51.2,51.7,329000,17063600,233,-1.50,51.7
2011-05-09,51.7,53.5,51.3,52.4,165060,8643674,126,+0.70,52.4
2011-05-10,52.4,52.4,50.6,50.7,197285,10122234,148,-1.70,50.7
2011-05-11,50.7,51.6,50.7,51.0,253200,12911100,143,+0.30,51.0
2011-05-12,51.9,54.5,51.7,54.5,436228,23373126,229,+3.50,54.5
2011-05-13,55.0,57.4,54.8,57.4,1112408,62524474,677,+2.90,57.4
2011-05-16,57.4,57.7,56.0,56.6,349058,19824248,223,-0.80,56.6
2011-05-17,56.7,56.7,54.5,54.5,337206,18671465,219,-2.10,54.5
2011-05-18,54.6,56.5,54.6,56.2,238020,13327334,150,+1.70,56.2
2011-05-19,55.9,55.9,54.7,55.0,198000,10952900,121,-1.20,55.0
2011-05-20,54.6,55.0,53.0,53.1,128300,6885378,107,-1.90,53.1
2011-05-23,52.0,52.5,51.5,52.5,66000,3426500,50,-0.60,52.5
2011-05-24,52.5,52.9,51.5,51.9,62000,3211800,54,-0.60,51.9
2011-05-25,52.4,52.4,51.5,51.7,94000,4869800,61,-0.20,51.7
2011-05-26,51.7,53.9,51.7,53.4,135710,7140359,97,+1.70,53.4
2011-05-27,53.4,54.3,53.2,53.4,141076,7570795,102, 0.00,53.4
2011-05-30,53.4,53.6,52.9,53.4,111000,5914300,60, 0.00,53.4
2011-05-31,53.5,55.9,53.5,55.2,284410,15687367,200,+1.80,55.2
2011-06-01,55.2,55.9,55.1,55.3,163019,9050852,112,+0.10,55.3
2011-06-02,54.2,54.5,53.6,54.2,120019,6481929,73,-1.10,54.2
2011-06-03,54.9,54.9,54.2,54.3,79300,4315759,59,+0.10,54.3
2011-06-07,54.1,54.7,54.0,54.7,65000,3538400,44,+0.40,54.7
2011-06-08,55.0,57.2,55.0,55.6,400000,22453600,248,+0.90,55.6
2011-06-09,56.0,56.9,55.1,55.1,301347,16887958,208,-0.50,55.1
2011-06-10,55.2,55.4,53.5,53.5,205050,11170700,135,-1.60,53.5
2011-06-13,53.1,53.5,52.6,53.1,92103,4887417,64,-0.40,53.1
2011-06-14,52.7,53.5,52.7,53.2,51000,2708100,40,+0.10,53.2
2011-06-15,53.2,53.3,52.3,52.6,61000,3217100,51,-0.60,52.6
2011-06-16,51.6,52.1,51.3,51.4,101000,5211600,73,-1.20,51.4
2011-06-17,51.4,51.7,51.1,51.5,103000,5292900,68,+0.10,51.5
2011-06-20,51.5,52.2,50.1,50.1,112000,5717300,78,-1.40,50.1
2011-06-21,50.0,50.0,48.2,48.55,148300,7244450,117,-1.55,48.55
2011-06-22,49.1,50.0,48.5,49.2,87000,4284450,63,+0.65,49.2
2011-06-23,48.6,48.8,46.6,47.0,224000,10645950,138,-2.20,47.0
2011-06-24,47.0,49.2,46.6,49.2,106018,5062093,76,+2.20,49.2
2011-06-27,49.5,51.8,49.2,51.8,382497,19425343,204,+2.60,51.8
2011-06-28,51.8,52.1,51.5,52.0,268000,13883500,130,+0.20,52.0
2011-06-29,52.5,52.8,51.3,51.5,431234,22448234,187,-0.50,51.5
2011-06-30,51.5,51.8,51.0,51.8,477300,24578390,242,+0.30,51.8
2011-07-01,48.3,48.6,46.6,46.6,368000,17564700,263,X0.00,46.6
2011-07-04,46.6,46.7,44.8,44.8,189100,8597620,165,-1.80,44.8
2011-07-05,44.3,45.5,44.0,45.5,105000,4677600,81,+0.70,45.5
2011-07-06,45.2,45.4,44.5,44.5,75503,3385682,57,-1.00,44.5
2011-07-07,44.5,45.0,44.15,44.8,64097,2849934,39,+0.30,44.8
2011-07-08,45.45,45.45,44.1,44.1,23000,1025300,23,-0.70,44.1
2011-07-11,44.1,44.1,41.05,41.05,232009,9641473,137,-3.05,41.05
2011-07-12,38.3,40.85,38.2,40.85,520006,20062097,228,-0.20,40.85
2011-07-13,40.0,40.3,38.9,40.0,124000,4921200,67,-0.85,40.0
2011-07-14,40.0,40.0,38.3,38.35,170003,6598616,101,-1.65,38.35
2011-07-15,37.9,37.9,36.15,36.65,238000,8713150,151,-1.70,36.65
2011-07-18,36.8,36.8,34.6,34.7,261795,9320984,144,-1.95,34.7
2011-07-19,34.1,35.0,33.8,33.9,264751,9052281,142,-0.80,33.9
2011-07-20,34.3,34.8,34.2,34.35,274100,9438665,141,+0.45,34.35
2011-07-21,34.4,34.45,33.5,33.65,203141,6881843,114,-0.70,33.65
2011-07-22,33.75,35.6,33.7,34.8,266000,9165400,168,+1.15,34.8
2011-07-25,34.8,34.8,33.5,33.7,105000,3564350,64,-1.10,33.7
2011-07-26,33.7,34.25,33.7,33.95,136000,4606350,64,+0.25,33.95
2011-07-27,33.9,34.2,33.9,34.0,157000,5344150,58,+0.05,34.0
2011-07-28,34.0,34.0,33.7,33.8,49000,1659700,34,-0.20,33.8
2011-07-29,33.8,34.1,32.5,33.8,164844,5524873,100, 0.00,33.8
2011-08-01,34.0,34.0,33.0,33.6,126001,4235483,65,-0.20,33.6
2011-08-02,33.6,33.6,32.9,33.55,91100,3032485,52,-0.05,33.55
2011-08-03,33.25,33.25,31.8,32.95,95141,3049595,71,-0.60,32.95
2011-08-04,32.9,33.15,31.55,32.4,131003,4250148,66,-0.55,32.4
2011-08-05,30.3,31.0,30.15,30.15,221008,6699943,84,-2.25,30.15
2011-08-08,28.6,29.4,28.05,28.05,160008,4511224,63,-2.10,28.05
2011-08-09,26.1,26.8,26.1,26.1,198008,5172560,96,-1.95,26.1
2011-08-10,26.6,27.6,26.25,26.9,151000,4063550,93,+0.80,26.9
2011-08-11,25.2,27.2,25.1,27.2,211000,5408800,62,+0.30,27.2
2011-08-12,28.9,29.1,28.5,29.0,268000,7784500,121,+1.80,29.0
2011-08-15,28.5,29.5,28.5,28.7,88001,2550628,61,-0.30,28.7
2011-08-16,28.8,29.4,28.7,29.4,104000,2998300,56,+0.70,29.4
2011-08-17,29.4,29.4,28.55,29.0,94000,2699800,58,-0.40,29.0
2011-08-18,29.0,29.1,28.6,28.95,65000,1877100,31,-0.05,28.95
2011-08-19,28.5,29.2,27.4,29.2,56000,1575500,38,+0.25,29.2
2011-08-22,29.0,29.0,28.0,28.0,35000,1003200,21,-1.20,28.0
2011-08-23,28.2,28.9,28.0,28.15,94001,2663378,58,+0.15,28.15
2011-08-24,28.05,28.5,28.0,28.0,68001,1908528,40,-0.15,28.0
2011-08-25,28.4,28.4,28.1,28.1,10000,282250,9,+0.10,28.1
2011-08-26,28.75,28.75,28.1,28.6,31000,884450,21,+0.50,28.6
2011-08-29,28.6,28.75,28.4,28.4,37020,1056712,31,-0.20,28.4
2011-08-30,28.4,28.5,27.5,27.6,88400,2472940,62,-0.80,27.6
2011-08-31,27.5,28.3,26.15,28.3,157000,4251350,109,+0.70,28.3
2011-09-01,28.4,29.0,28.2,28.2,108300,3087385,67,-0.10,28.2
2011-09-02,28.4,28.4,27.7,28.0,65300,1836010,18,-0.20,28.0
2011-09-05,27.5,27.85,27.35,27.35,22400,614890,20,-0.65,27.35
2011-09-06,27.0,27.0,25.7,26.2,104100,2733345,47,-1.15,26.2
2011-09-07,26.8,27.5,26.8,27.0,81100,2201900,29,+0.80,27.0
2011-09-08,27.0,27.05,26.5,26.55,40000,1073700,22,-0.45,26.55
2011-09-09,26.55,27.0,26.5,26.8,34001,909377,20,+0.25,26.8
2011-09-13,26.1,26.9,26.1,26.9,41100,1099415,31,+0.10,26.9
2011-09-14,26.9,27.2,26.2,26.7,46000,1235600,33,-0.20,26.7
2011-09-15,26.9,27.4,26.9,27.4,48392,1312123,29,+0.70,27.4
2011-09-16,27.0,27.25,26.6,27.2,101000,2720300,54,-0.20,27.2
2011-09-19,27.15,27.15,26.3,26.5,14000,371700,14,-0.70,26.5
2011-09-20,26.5,26.85,26.4,26.7,13000,347100,11,+0.20,26.7
2011-09-21,26.8,26.8,26.45,26.8,24600,655600,22,+0.10,26.8
2011-09-22,26.5,26.95,26.5,26.8,36000,960000,31, 0.00,26.8
2011-09-23,26.5,26.9,25.75,26.9,51000,1345350,42,+0.10,26.9
2011-09-26,26.9,26.95,26.05,26.9,98000,2619800,52, 0.00,26.9
2011-09-27,26.5,26.9,26.5,26.6,77260,2059938,36,-0.30,26.6
2011-09-28,26.6,26.6,26.1,26.6,22000,583050,14, 0.00,26.6
2011-09-29,26.6,26.65,26.1,26.6,46000,1222500,22, 0.00,26.6
2011-09-30,26.55,28.45,26.55,28.45,512000,14467100,187,+1.85,28.45
2011-10-03,28.25,28.25,26.5,27.0,282000,7596500,163,-1.45,27.0
2011-10-04,26.5,27.1,26.05,27.0,39047,1044423,36, 0.00,27.0
2011-10-05,27.0,27.0,26.4,26.9,32000,854050,29,-0.10,26.9
2011-10-06,27.0,27.2,25.3,26.7,116000,3075750,70,-0.20,26.7
2011-10-07,26.7,26.9,26.4,26.8,36000,962700,29,+0.10,26.8
2011-10-11,26.9,27.3,26.6,27.3,42000,1134250,30,+0.50,27.3
2011-10-12,26.7,27.3,26.7,26.9,34037,916999,30,-0.40,26.9
2011-10-13,27.1,27.1,26.5,26.9,54000,1444600,44, 0.00,26.9
2011-10-14,26.9,26.9,26.6,26.7,23035,615838,17,-0.20,26.7
2011-10-17,26.7,26.85,26.55,26.55,58046,1549425,29,-0.15,26.55
2011-10-18,26.5,27.3,26.35,26.6,73000,1962550,47,+0.05,26.6
2011-10-19,26.6,26.95,26.6,26.8,191000,5115750,35,+0.20,26.8
2011-10-20,27.1,27.1,26.4,26.5,46000,1223700,22,-0.30,26.5
2011-10-21,26.5,26.55,26.3,26.3,26000,687150,15,-0.20,26.3
2011-10-24,26.8,26.85,26.5,26.8,47000,1256500,31,+0.50,26.8
2011-10-25,26.95,26.95,26.55,26.9,44564,1193202,33,+0.10,26.9
2011-10-26,26.85,27.3,26.7,27.0,85000,2299700,59,+0.10,27.0
2011-10-27,27.05,27.2,26.85,26.9,27000,729500,20,-0.10,26.9
2011-10-28,27.5,27.5,26.95,26.95,78000,2117250,35,+0.05,26.95
2011-10-31,27.25,27.4,26.7,27.0,73000,1975200,48,+0.05,27.0
2011-11-01,26.8,27.0,26.65,26.7,134007,3592437,36,-0.30,26.7
2011-11-02,26.95,27.0,26.7,26.95,12000,323000,12,+0.25,26.95
2011-11-03,26.9,27.0,26.4,26.95,72000,1935800,33, 0.00,26.95
2011-11-04,27.0,28.75,27.0,27.7,277100,7769280,128,+0.75,27.7
2011-11-07,27.7,27.7,27.0,27.0,83118,2261347,50,-0.70,27.0
2011-11-08,27.3,27.4,26.9,27.3,107009,2909546,62,+0.30,27.3
2011-11-09,27.1,27.25,26.7,26.7,57008,1533814,39,-0.60,26.7
2011-11-10,26.7,27.4,26.7,26.9,77000,2078200,47,+0.20,26.9
2011-11-11,27.0,27.6,26.8,26.8,74000,2010150,42,-0.10,26.8
2011-11-14,27.0,27.1,26.95,27.1,31040,838022,22,+0.30,27.1
2011-11-15,27.15,27.5,26.95,26.95,158050,4286134,75,-0.15,26.95
2011-11-16,27.0,27.2,27.0,27.0,82000,2220100,34,+0.05,27.0
2011-11-17,26.9,27.2,26.8,27.0,82000,2209050,38, 0.00,27.0
2011-11-18,27.1,27.1,26.6,26.6,43000,1152450,30,-0.40,26.6
2011-11-21,26.9,26.95,24.75,26.6,155060,4024878,93, 0.00,26.6
2011-11-22,24.8,26.55,24.8,26.0,136000,3537000,66,-0.60,26.0
2011-11-23,25.4,25.8,24.4,25.8,60000,1518500,42,-0.20,25.8
2011-11-24,25.1,25.7,24.9,25.3,61000,1539450,30,-0.50,25.3
2011-11-25,25.3,25.6,24.2,25.6,184000,4631500,70,+0.30,25.6
2011-11-28,25.25,25.8,24.7,25.8,78100,1980690,46,+0.20,25.8
2011-11-29,25.5,26.0,25.5,26.0,81000,2069950,17,+0.20,26.0
2011-11-30,25.5,25.85,25.3,25.5,12000,306350,10,-0.50,25.5
2011-12-01,26.0,26.2,25.0,26.0,122000,3125050,66,+0.50,26.0
2011-12-02,25.3,26.1,25.3,25.95,15000,386950,15,-0.05,25.95
2011-12-05,25.7,25.9,25.4,25.6,19030,488368,10,-0.35,25.6
2011-12-06,25.5,25.5,24.8,24.8,43045,1079916,33,-0.80,24.8
2011-12-07,25.1,25.1,24.8,24.95,33000,824150,19,+0.15,24.95
2011-12-08,24.55,24.9,24.3,24.85,29000,713900,16,-0.10,24.85
2011-12-09,24.05,24.6,24.0,24.0,57919,1396897,22,-0.85,24.0
2011-12-12,24.6,25.0,24.1,25.0,98020,2443763,37,+1.00,25.0
2011-12-13,24.1,24.7,24.1,24.6,31000,759150,18,-0.40,24.6
2011-12-14,24.6,24.6,24.4,24.55,13000,318000,8,-0.05,24.55
2011-12-15,24.05,24.5,23.8,24.4,30000,727050,22,-0.15,24.4
2011-12-16,24.45,24.5,24.3,24.4,28000,684000,7, 0.00,24.4
2011-12-19,24.1,24.1,22.8,23.0,98000,2278350,51,-1.40,23.0
2011-12-20,23.4,23.4,22.35,23.0,59000,1353650,33, 0.00,23.0
2011-12-21,23.5,23.7,23.1,23.2,104000,2422100,64,+0.20,23.2
2011-12-22,23.2,23.2,22.7,22.7,16000,367100,12,-0.50,22.7
2011-12-23,23.0,23.05,22.5,22.75,54000,1226100,29,+0.05,22.75
2011-12-26,23.0,23.0,22.5,22.55,107000,2434200,49,-0.20,22.55
2011-12-27,22.85,23.8,22.6,23.1,176176,4054665,63,+0.55,23.1
2011-12-28,23.5,23.5,22.65,22.95,39100,898685,31,-0.15,22.95
2011-12-29,22.95,23.95,22.95,23.3,102041,2392252,63,+0.35,23.3
2011-12-30,23.45,23.8,23.25,23.7,81000,1904200,44,+0.40,23.7
2012-01-02,23.55,23.55,22.85,22.85,33000,763000,17,-0.85,22.85
2012-01-03,23.35,23.35,23.0,23.2,17180,399156,12,+0.35,23.2
2012-01-04,23.2,23.6,23.05,23.05,29000,676250,21,-0.15,23.05
2012-01-05,23.5,23.5,23.05,23.15,48000,1122650,23,+0.10,23.15
2012-01-06,23.4,23.55,23.1,23.3,58000,1357600,30,+0.15,23.3
2012-01-09,23.1,23.4,23.1,23.3,11000,256250,8, 0.00,23.3
2012-01-10,23.15,23.45,23.15,23.25,15000,349700,9,-0.05,23.25
2012-01-11,23.2,23.4,23.2,23.25,29000,674350,18, 0.00,23.25
2012-01-12,23.2,23.35,23.15,23.25,11000,255450,9, 0.00,23.25
2012-01-13,23.3,23.3,22.55,23.05,19000,435200,17,-0.20,23.05
2012-01-16,23.8,23.8,22.9,23.15,41004,950242,29,+0.10,23.15
2012-01-17,23.0,23.35,22.9,23.25,273200,6361469,78,+0.10,23.25
2012-01-18,23.3,23.65,23.0,23.2,159029,3713024,63,-0.05,23.2
2012-01-30,24.8,24.8,23.8,23.95,92000,2229750,56,+0.75,23.95
2012-01-31,23.95,25.0,23.95,24.45,77045,1883000,47,+0.50,24.45
2012-02-01,24.6,26.1,24.5,26.05,135000,3392650,70,+1.60,26.05
2012-02-02,26.3,26.5,25.6,26.05,135001,3538727,73, 0.00,26.05
2012-02-03,26.0,26.3,25.8,26.15,87135,2268155,55,+0.10,26.15
2012-02-04,26.4,27.4,26.3,27.0,156000,4184650,88,+0.85,27.0
2012-02-06,27.0,27.2,26.4,26.55,104004,2785913,54,-0.45,26.55
2012-02-07,26.1,26.8,26.1,26.6,28000,740100,24,+0.05,26.6
2012-02-08,26.6,28.45,26.6,28.4,327000,9118350,164,+1.80,28.4
2012-02-09,28.4,30.35,28.0,30.35,509080,15027028,255,+1.95,30.35
2012-02-10,31.1,31.25,29.25,29.55,313039,9518933,169,-0.80,29.55
2012-02-13,29.25,30.3,29.25,30.05,182015,5432509,90,+0.50,30.05
2012-02-14,30.15,30.4,29.4,29.95,138000,4101900,73,-0.10,29.95
2012-02-15,29.9,30.4,29.9,30.1,184300,5550965,71,+0.15,30.1
2012-02-16,30.4,30.4,28.7,28.7,108170,3189478,65,-1.40,28.7
2012-02-17,29.0,29.6,28.75,29.0,105000,3055750,61,+0.30,29.0
2012-02-20,29.5,29.75,29.5,29.7,41333,1223640,29,+0.70,29.7
2012-02-21,29.7,29.7,28.85,29.0,97107,2842229,56,-0.70,29.0
2012-02-22,29.5,31.0,29.5,31.0,371581,11433961,139,+2.00,31.0
2012-02-23,32.5,33.15,32.45,33.15,997047,32900008,409,+2.15,33.15
2012-02-24,33.0,33.35,32.15,32.3,500628,16360646,282,-0.85,32.3
2012-02-29,33.55,33.8,32.3,32.35,457000,15105300,211,+0.05,32.35
2012-03-01,32.4,32.8,31.9,32.8,192000,6216500,107,+0.45,32.8
2012-03-02,33.2,35.05,32.8,35.05,548286,18816560,260,+2.25,35.05
2012-03-03,35.0,37.0,34.5,36.0,612100,21971050,358,+0.95,36.0
2012-03-05,36.5,36.5,34.2,34.5,286486,10016420,168,-1.50,34.5
2012-03-06,33.85,33.85,32.1,32.3,369212,11910803,196,-2.20,32.3
2012-03-07,30.55,33.0,30.55,32.0,250244,7972120,157,-0.30,32.0
2012-03-08,32.05,32.7,31.55,32.25,161004,5152629,105,+0.25,32.25
2012-03-09,32.5,34.0,32.3,33.85,213080,7015082,136,+1.60,33.85
2012-03-12,33.5,33.7,32.05,32.05,199194,6533954,131,-1.80,32.05
2012-03-13,32.05,32.85,31.3,31.3,159050,5070017,109,-0.75,31.3
2012-03-14,31.95,32.8,31.7,32.0,123000,3961850,81,+0.70,32.0
2012-03-15,32.8,34.2,32.3,34.2,464253,15552551,251,+2.20,34.2
2012-03-16,34.9,36.55,34.9,35.2,1348075,48583875,653,+1.00,35.2
2012-03-19,34.6,35.0,32.9,33.25,443000,14895100,261,-1.95,33.25
2012-03-20,33.0,33.75,33.0,33.5,174000,5791500,119,+0.25,33.5
2012-03-21,33.2,33.5,32.3,33.0,240020,7877761,144,-0.50,33.0
2012-03-22,33.0,34.0,33.0,33.6,213000,7149800,108,+0.60,33.6
2012-03-23,33.5,33.5,32.8,33.1,77005,2546715,51,-0.50,33.1
2012-03-26,33.0,34.0,33.0,33.5,96000,3217900,54,+0.40,33.5
2012-03-27,33.4,33.6,32.5,32.7,163000,5393000,91,-0.80,32.7
2012-03-28,32.4,32.9,32.4,32.6,106000,3450600,62,-0.10,32.6
2012-03-29,32.3,32.3,30.8,30.85,303100,9492425,140,-1.75,30.85
2012-03-30,30.55,31.8,30.5,31.3,106000,3300050,66,+0.45,31.3
2012-04-02,31.0,32.0,30.5,30.8,87000,2690500,49,-0.50,30.8
2012-04-03,30.8,30.9,29.4,29.55,168001,5065832,108,-1.25,29.55
2012-04-05,29.3,29.3,28.7,28.9,84000,2430650,64,-0.65,28.9
2012-04-06,28.9,30.8,28.9,30.8,109000,3268400,65,+1.90,30.8
2012-04-09,30.0,30.05,29.55,29.7,88000,2624250,43,-1.10,29.7
2012-04-10,30.5,30.6,29.85,29.85,36000,1090200,15,+0.15,29.85
2012-04-11,29.4,30.3,29.4,29.9,21001,629581,15,+0.05,29.9
2012-04-12,30.1,30.4,30.0,30.4,99100,2999070,53,+0.50,30.4
2012-04-13,30.4,31.3,30.25,30.65,169000,5196550,88,+0.25,30.65
2012-04-16,30.5,30.5,29.7,29.9,52000,1559000,31,-0.75,29.9
2012-04-17,30.4,30.4,29.1,29.1,93000,2741750,60,-0.80,29.1
2012-04-18,29.2,29.45,29.1,29.2,55100,1612820,36,+0.10,29.2
2012-04-19,29.1,29.5,29.05,29.1,49001,1427280,33,-0.10,29.1
2012-04-20,29.1,29.45,29.05,29.15,51000,1486900,24,+0.05,29.15
2012-04-23,29.1,29.1,28.55,28.75,84000,2421250,48,-0.40,28.75
2012-04-24,28.75,28.9,28.45,28.45,51030,1459203,33,-0.30,28.45
2012-04-25,28.9,29.3,28.8,29.15,31000,903650,15,+0.70,29.15
2012-04-26,29.35,29.4,28.85,28.85,29000,844900,20,-0.30,28.85
2012-04-27,28.85,29.0,28.65,28.75,73000,2105950,43,-0.10,28.75
2012-04-30,28.8,29.35,28.8,29.25,37001,1081730,18,+0.50,29.25
2012-05-02,29.2,30.85,29.2,30.45,113000,3399450,72,+1.20,30.45
2012-05-03,30.8,30.8,30.25,30.5,97000,2967900,68,+0.05,30.5
2012-05-04,30.5,30.8,30.2,30.25,60001,1827880,39,-0.25,30.25
2012-05-07,30.2,30.2,30.0,30.0,63000,1896000,41,-0.25,30.0
2012-05-08,31.0,31.0,29.95,30.0,50000,1502400,30, 0.00,30.0
2012-05-09,29.7,30.0,29.6,29.7,23000,682750,16,-0.30,29.7
2012-05-10,29.7,29.75,29.55,29.55,22000,653300,16,-0.15,29.55
2012-05-11,29.6,29.6,29.0,29.05,54000,1578800,42,-0.50,29.05
2012-05-14,29.05,29.1,28.9,29.1,37001,1073230,28,+0.05,29.1
2012-05-15,29.0,29.3,28.95,29.3,50000,1452850,27,+0.20,29.3
2012-05-16,29.35,29.35,28.6,28.8,35000,1013600,22,-0.50,28.8
2012-05-17,28.8,29.5,28.8,28.95,31300,909505,24,+0.15,28.95
2012-05-18,28.95,28.95,28.75,28.75,57001,1642680,36,-0.20,28.75
2012-05-21,28.9,28.95,28.5,28.5,78000,2232700,40,-0.25,28.5
2012-05-22,28.75,29.15,28.6,28.75,26000,749200,17,+0.25,28.75
2012-05-23,28.7,28.95,28.65,28.65,35000,1006100,24,-0.10,28.65
2012-05-24,28.55,28.7,28.45,28.5,100943,2879675,37,-0.15,28.5
2012-05-25,28.7,28.7,28.0,28.0,18010,512998,17,-0.50,28.0
2012-05-28,28.3,28.3,28.0,28.15,42006,1182724,29,+0.15,28.15
2012-05-29,28.5,29.65,28.4,28.85,45000,1306150,30,+0.70,28.85
2012-05-30,29.05,29.05,28.9,29.0,13000,376900,8,+0.15,29.0
2012-05-31,28.8,28.8,28.1,28.6,35000,994200,32,-0.40,28.6
2012-06-01,28.5,28.6,28.25,28.3,36000,1019200,23,-0.30,28.3
2012-06-04,28.1,28.1,27.5,27.6,85000,2367150,55,-0.70,27.6
2012-06-05,27.6,28.25,27.6,27.75,20001,560577,19,+0.15,27.75
2012-06-06,27.75,28.05,27.75,28.0,10000,279400,8,+0.25,28.0
2012-06-07,28.2,28.2,28.05,28.05,13000,365050,12,+0.05,28.05
2012-06-08,28.05,28.4,28.0,28.05,10000,280650,8, 0.00,28.05
2012-06-11,28.3,28.3,28.0,28.25,36000,1014400,23,+0.20,28.25
2012-06-12,27.8,28.0,27.8,28.0,13000,362800,7,-0.25,28.0
2012-06-13,28.0,28.3,28.0,28.15,22000,617750,14,+0.15,28.15
2012-06-14,28.15,28.25,28.0,28.0,15001,421878,10,-0.15,28.0
2012-06-15,28.0,28.6,28.0,28.6,92000,2590550,55,+0.60,28.6
2012-06-18,29.0,29.7,29.0,29.2,76000,2227400,57,+0.60,29.2
2012-06-19,29.15,29.5,29.0,29.1,53000,1544150,31,-0.10,29.1
2012-06-20,29.2,30.0,29.2,29.4,92051,2731602,52,+0.30,29.4
2012-06-21,29.6,30.3,29.6,30.3,75007,2243818,50,+0.90,30.3
2012-06-22,29.8,30.35,29.8,30.3,47000,1418450,23, 0.00,30.3
2012-06-25,30.2,30.35,29.75,29.8,70792,2126210,42,-0.50,29.8
2012-06-26,29.8,30.2,29.8,30.05,81500,2448275,53,+0.25,30.05
2012-06-27,27.5,27.7,27.1,27.7,86001,2364879,58,X0.00,27.7
2012-06-28,27.8,27.8,27.25,27.55,73001,2004029,45,-0.15,27.55
2012-06-29,27.5,27.55,27.35,27.55,51000,1403750,17, 0.00,27.55
2012-07-02,27.65,27.65,27.45,27.5,27000,744450,15,-0.05,27.5
2012-07-03,27.45,27.5,27.45,27.5,18000,494500,14, 0.00,27.5
2012-07-04,27.5,27.7,27.35,27.5,121000,3327300,47, 0.00,27.5
2012-07-05,27.5,28.25,27.3,27.6,119000,3304450,62,+0.10,27.6
2012-07-06,27.6,28.15,27.45,28.05,169000,4720500,71,+0.45,28.05
2012-07-09,28.0,28.9,28.0,28.2,176200,4985790,99,+0.15,28.2
2012-07-10,28.2,28.2,27.5,27.8,186000,5159100,72,-0.40,27.8
2012-07-11,27.8,28.25,27.7,27.95,99000,2761150,36,+0.15,27.95
2012-07-12,27.35,27.7,27.3,27.3,36052,984854,21,-0.65,27.3
2012-07-13,26.35,27.3,26.35,26.6,29000,781850,16,-0.70,26.6
2012-07-16,26.7,27.0,26.5,26.5,47000,1254800,22,-0.10,26.5
2012-07-17,26.4,27.2,26.4,26.9,13000,350500,11,+0.40,26.9
2012-07-18,26.9,27.2,26.8,27.05,15030,406904,12,+0.15,27.05
2012-07-19,27.05,27.45,27.0,27.45,33000,894200,19,+0.40,27.45
2012-07-20,27.1,27.45,27.1,27.45,27092,740402,19, 0.00,27.45
2012-07-23,26.85,27.0,26.85,27.0,29000,782000,13,-0.45,27.0
2012-07-24,26.95,26.95,26.0,26.75,28000,740050,24,-0.25,26.75
2012-07-25,26.75,26.8,26.75,26.8,15000,401450,11,+0.05,26.8
2012-07-26,27.0,27.2,26.9,27.0,14000,378400,11,+0.20,27.0
2012-07-27,27.0,27.3,27.0,27.3,57000,1545000,40,+0.30,27.3
2012-07-30,27.1,27.5,27.1,27.5,38174,1044909,24,+0.20,27.5
2012-07-31,27.5,27.5,27.0,27.5,43000,1168050,22, 0.00,27.5
2012-08-01,27.5,27.5,27.15,27.15,10000,274650,7,-0.35,27.15
2012-08-03,27.05,27.1,26.9,26.9,12000,323850,10,-0.25,26.9
2012-08-06,27.0,27.15,27.0,27.0,18000,487100,11,+0.10,27.0
2012-08-07,27.1,27.1,26.6,26.65,25000,671050,14,-0.35,26.65
2012-08-08,26.6,28.3,26.6,27.9,165000,4569500,87,+1.25,27.9
2012-08-09,27.9,28.4,27.3,27.55,105103,2947031,59,-0.35,27.55
2012-08-10,27.55,27.9,27.35,27.9,71620,1976224,51,+0.35,27.9
2012-08-13,28.1,28.3,28.0,28.05,107020,3011960,72,+0.15,28.05
2012-08-14,28.1,28.35,27.7,27.8,334360,9410480,116,-0.25,27.8
2012-08-15,27.9,28.1,27.9,28.1,58320,1635124,39,+0.30,28.1
2012-08-16,28.1,28.1,27.7,28.05,142900,3988645,64,-0.05,28.05
2012-08-17,28.0,28.0,27.5,27.9,79192,2206360,43,-0.15,27.9
2012-08-20,27.7,27.9,27.7,27.8,36620,1019878,32,-0.10,27.8
2012-08-21,27.8,28.25,27.8,28.25,80307,2255356,61,+0.45,28.25
2012-08-22,28.0,28.2,28.0,28.15,85053,2389863,35,-0.10,28.15
2012-08-23,30.1,30.1,30.1,30.1,317880,9568188,158,+1.95,30.1
2012-08-24,32.2,32.2,32.05,32.2,1473460,47444511,497,+2.10,32.2
2012-08-27,32.5,33.4,32.0,32.4,2322724,75749208,1002,+0.20,32.4
2012-08-28,32.4,32.4,31.6,31.75,815597,26142302,379,-0.65,31.75
2012-08-29,31.75,32.7,31.75,32.35,988345,31972211,428,+0.60,32.35
2012-08-30,32.35,32.8,31.85,32.05,781556,25243546,385,-0.30,32.05
2012-08-31,32.05,34.25,32.05,34.25,2139536,71539057,1025,+2.20,34.25
2012-09-03,34.4,34.55,33.4,34.0,2236794,76241746,943,-0.25,34.0
2012-09-04,34.0,34.0,33.3,33.4,813097,27262688,394,-0.60,33.4
2012-09-05,33.2,34.0,33.2,33.5,1001881,33730793,498,+0.10,33.5
2012-09-06,33.4,33.7,32.9,32.9,793385,26386755,390,-0.60,32.9
2012-09-07,33.4,33.4,32.6,32.8,504762,16675493,269,-0.10,32.8
2012-09-10,33.5,34.5,33.4,33.8,2001046,68067203,845,+1.00,33.8
2012-09-11,34.1,34.2,33.55,33.9,936683,31757872,421,+0.10,33.9
2012-09-12,33.9,34.9,33.9,34.25,1872832,64514877,741,+0.35,34.25
2012-09-13,34.65,36.55,34.65,35.6,3468134,124349060,1407,+1.35,35.6
2012-09-14,36.2,36.25,35.2,35.65,1208528,43341060,555,+0.05,35.65
2012-09-17,36.0,36.0,35.2,35.4,581236,20598593,272,-0.25,35.4
2012-09-18,35.2,35.55,34.65,34.7,518331,18098685,299,-0.70,34.7
2012-09-19,34.95,35.25,34.35,34.55,682575,23729527,306,-0.15,34.55
2012-09-20,34.85,34.95,34.3,34.7,409723,14216671,195,+0.15,34.7
2012-09-21,34.8,36.0,34.8,36.0,869220,30887420,483,+1.30,36.0
2012-09-24,36.3,37.0,35.4,35.4,1539042,55711536,654,-0.60,35.4
2012-09-25,35.2,35.5,34.4,34.7,573981,20010639,276,-0.70,34.7
2012-09-26,34.5,34.9,33.05,33.3,726031,24565938,315,-1.40,33.3
2012-09-27,33.5,33.95,32.85,33.45,555750,18569574,215,+0.15,33.45
2012-09-28,33.5,33.8,33.2,33.45,343020,11469821,133, 0.00,33.45
2012-10-01,33.7,33.7,33.05,33.35,164280,5464790,79,-0.10,33.35
2012-10-02,33.45,33.75,33.35,33.65,254000,8538950,138,+0.30,33.65
2012-10-03,33.75,33.85,33.0,33.0,268300,8958485,144,-0.65,33.0
2012-10-04,33.05,33.5,32.5,33.35,362000,11963850,191,+0.35,33.35
2012-10-05,33.35,33.6,33.0,33.1,158000,5256900,84,-0.25,33.1
2012-10-08,33.5,33.6,33.0,33.0,226000,7534350,122,-0.10,33.0
2012-10-09,33.0,33.0,31.05,31.5,741982,23532433,343,-1.50,31.5
2012-10-11,31.0,31.35,30.7,31.0,144000,4455400,80,-0.50,31.0
2012-10-12,30.7,31.75,30.7,31.2,137000,4300150,94,+0.20,31.2
2012-10-15,31.0,32.0,31.0,31.8,265120,8353540,132,+0.60,31.8
2012-10-16,32.3,32.3,31.5,31.95,95235,3034367,57,+0.15,31.95
2012-10-17,32.3,32.7,32.0,32.0,185040,5970522,111,+0.05,32.0
2012-10-18,32.0,32.3,31.65,31.8,112600,3589650,48,-0.20,31.8
2012-10-19,31.8,32.3,31.6,32.3,104320,3338440,58,+0.50,32.3
2012-10-22,31.8,32.4,31.55,32.3,72000,2306950,40, 0.00,32.3
2012-10-23,32.3,32.3,31.6,31.8,67000,2127300,47,-0.50,31.8
2012-10-24,31.7,32.0,31.5,31.85,61000,1935950,34,+0.05,31.85
2012-10-25,32.0,32.2,31.35,31.55,110120,3493536,60,-0.30,31.55
2012-10-26,31.5,31.75,29.35,29.35,947000,28109950,284,-2.20,29.35
2012-10-29,29.1,29.2,27.45,27.75,444122,12458605,185,-1.60,27.75
2012-10-30,27.8,28.85,27.8,28.65,190250,5410750,113,+0.90,28.65
2012-10-31,29.0,30.0,28.8,29.8,269190,7916212,170,+1.15,29.8
2012-11-01,29.8,30.55,29.0,30.55,288160,8589288,169,+0.75,30.55
2012-11-02,31.0,32.65,31.0,32.1,1228200,39183570,573,+1.55,32.1
2012-11-05,31.95,32.35,31.55,31.55,212000,6753450,134,-0.55,31.55
2012-11-06,31.55,31.85,31.55,31.8,74500,2363125,52,+0.25,31.8
2012-11-07,32.3,32.3,31.8,32.0,194280,6233554,117,+0.20,32.0
2012-11-08,31.3,31.8,31.3,31.65,115170,3638705,74,-0.35,31.65
2012-11-09,31.6,32.35,31.3,32.2,203020,6473540,122,+0.55,32.2
2012-11-12,32.2,32.5,31.75,31.75,135100,4330225,83,-0.45,31.75
2012-11-13,32.0,32.0,31.25,31.25,97140,3053738,62,-0.50,31.25
2012-11-14,31.25,31.4,31.0,31.0,102000,3179350,71,-0.25,31.0
2012-11-15,30.75,31.2,30.75,30.9,72000,2226150,54,-0.10,30.9
2012-11-16,30.9,32.0,30.9,31.45,133000,4203650,75,+0.55,31.45
2012-11-19,29.7,30.45,29.5,29.9,621840,18576264,247,-1.55,29.9
2012-11-20,30.0,30.25,29.5,29.85,170000,5058400,123,-0.05,29.85
2012-11-21,29.95,30.3,29.8,29.85,141060,4232850,80, 0.00,29.85
2012-11-22,30.3,30.3,30.0,30.0,95001,2865380,57,+0.15,30.0
2012-11-23,30.45,31.1,30.3,30.95,197095,6070268,115,+0.95,30.95
2012-11-26,31.45,31.45,31.2,31.3,119100,3728539,73,+0.35,31.3
2012-11-27,31.5,31.8,31.3,31.7,93040,2946105,70,+0.40,31.7
2012-11-28,31.7,32.05,31.65,31.75,106050,3379000,61,+0.05,31.75
2012-11-29,31.95,33.3,31.95,33.0,849600,27810850,389,+1.25,33.0
2012-11-30,33.5,33.9,33.2,33.55,1242030,41778850,611,+0.55,33.55
2012-12-03,33.7,33.7,33.15,33.55,400243,13378078,223, 0.00,33.55
2012-12-04,33.55,33.7,33.25,33.7,442609,14824861,184,+0.15,33.7
2012-12-05,33.7,34.35,33.35,33.95,611010,20746289,315,+0.25,33.95
2012-12-06,34.3,34.3,33.3,33.35,493610,16671474,203,-0.60,33.35
2012-12-07,33.8,33.8,33.25,33.5,268353,8969293,151,+0.15,33.5
2012-12-10,33.0,33.15,32.35,32.35,387173,12636995,208,-1.15,32.35
2012-12-11,32.35,32.55,31.85,32.1,206484,6628036,125,-0.25,32.1
2012-12-12,32.0,32.5,32.0,32.25,133020,4292345,85,+0.15,32.25
2012-12-13,32.25,33.1,32.25,33.0,258558,8493546,161,+0.75,33.0
2012-12-14,33.0,33.2,32.7,32.9,78000,2569000,58,-0.10,32.9
2012-12-17,32.9,32.9,32.35,32.55,148080,4810762,72,-0.35,32.55
2012-12-18,32.55,32.6,32.2,32.3,188319,6089103,97,-0.25,32.3
2012-12-19,32.7,32.7,32.35,32.5,129000,4190600,68,+0.20,32.5
2012-12-20,32.5,32.65,32.1,32.1,110961,3585459,74,-0.40,32.1
2012-12-21,32.2,32.7,32.2,32.7,186428,6027217,92,+0.60,32.7
2012-12-22,32.7,32.85,32.5,32.85,183508,6011014,82,+0.15,32.85
2012-12-24,32.85,33.1,32.6,32.6,89236,2928901,64,-0.25,32.6
2012-12-25,32.75,33.1,32.6,33.0,153039,5028348,86,+0.40,33.0
2012-12-26,33.1,33.75,33.1,33.3,382679,12799563,222,+0.30,33.3
2012-12-27,33.45,33.6,33.05,33.05,231780,7715178,105,-0.25,33.05
2012-12-28,33.3,33.65,33.1,33.5,173000,5786200,94,+0.45,33.5
2013-01-02,33.95,33.95,33.35,33.35,289031,9735842,108,-0.15,33.35
2013-01-03,33.85,33.85,33.35,33.5,241180,8073825,113,+0.15,33.5
2013-01-04,33.6,33.75,33.5,33.5,121029,4062180,57, 0.00,33.5
2013-01-07,33.6,33.65,33.1,33.5,161029,5393474,74, 0.00,33.5
2013-01-08,33.5,33.8,33.5,33.8,200992,6760429,107,+0.30,33.8
2013-01-09,33.85,33.9,33.3,33.3,421500,14145800,163,-0.50,33.3
2013-01-10,33.45,33.65,33.4,33.45,205291,6879347,89,+0.15,33.45
2013-01-11,33.5,35.75,33.3,35.75,1914042,67176151,749,+2.30,35.75
2013-01-14,35.8,36.5,35.45,35.8,1670156,60039983,795,+0.05,35.8
2013-01-15,36.5,36.8,35.1,35.1,834331,30069631,415,-0.70,35.1
2013-01-16,35.45,35.9,34.8,35.2,414521,14632389,241,+0.10,35.2
2013-01-17,35.7,36.6,35.0,35.1,1111100,39650660,570,-0.10,35.1
2013-01-18,35.6,36.15,35.25,35.35,291592,10375826,173,+0.25,35.35
2013-01-21,35.8,35.8,35.2,35.4,279254,9910591,180,+0.05,35.4
2013-01-22,35.65,37.85,35.5,37.85,2017341,75915904,705,+2.45,37.85
2013-01-23,38.3,38.7,37.25,37.85,2027331,77204478,1053, 0.00,37.85
2013-01-24,38.0,40.3,37.6,37.9,2828787,110369083,1563,+0.05,37.9
2013-01-25,37.8,38.35,37.0,37.8,940309,35376988,533,-0.10,37.8
2013-01-28,38.15,38.15,37.25,37.75,487311,18346954,308,-0.05,37.75
2013-01-29,37.95,39.2,37.95,38.45,869755,33622928,544,+0.70,38.45
2013-01-30,39.0,39.6,38.5,38.5,717922,27962297,379,+0.05,38.5
2013-01-31,38.8,38.8,38.0,38.0,507160,19488588,275,-0.50,38.0
2013-02-01,38.15,38.25,37.7,37.7,375040,14202570,212,-0.30,37.7
2013-02-04,38.05,38.2,37.6,37.7,258600,9787568,164, 0.00,37.7
2013-02-05,37.65,38.95,37.5,38.95,966307,37120693,513,+1.25,38.95
2013-02-06,39.2,39.3,38.0,38.0,574277,22103966,355,-0.95,38.0
2013-02-18,38.35,38.4,37.25,37.85,301020,11418860,154,-0.15,37.85
2013-02-19,38.0,38.7,37.25,38.7,797380,30308432,312,+0.85,38.7
2013-02-20,38.95,39.5,38.85,39.3,1009541,39526369,543,+0.60,39.3
2013-02-21,40.0,40.7,39.3,39.45,1972220,78758234,1012,+0.15,39.45
2013-02-22,39.9,41.0,39.7,40.0,3139820,126945301,1639,+0.55,40.0
2013-02-23,40.2,40.75,39.8,40.0,1100915,44331700,636, 0.00,40.0
2013-02-25,40.2,40.3,39.6,39.6,504140,20122290,317,-0.40,39.6
2013-02-26,39.3,40.4,39.2,39.6,949020,37804502,568, 0.00,39.6
2013-02-27,39.65,40.25,39.6,39.75,455906,18186831,302,+0.15,39.75
2013-03-01,40.05,40.15,39.25,39.3,571732,22661266,371,-0.45,39.3
2013-03-04,39.4,39.7,38.5,38.55,623480,24225783,344,-0.75,38.55
2013-03-05,38.6,39.6,38.6,39.15,742202,28944487,356,+0.60,39.15
2013-03-06,41.0,41.0,40.2,40.3,1858100,75438490,923,+1.15,40.3
2013-03-07,40.8,41.8,40.5,41.0,1905509,78783295,933,+0.70,41.0
2013-03-08,41.5,42.35,41.4,41.5,1162140,48591580,598,+0.50,41.5
2013-03-11,41.5,42.0,41.05,41.2,660140,27403910,375,-0.30,41.2
2013-03-12,41.3,41.6,40.6,40.7,829180,33912466,448,-0.50,40.7
2013-03-13,40.85,41.75,40.75,40.9,932130,38363580,414,+0.20,40.9
2013-03-14,41.05,41.1,40.65,40.9,259480,10590432,159, 0.00,40.9
2013-03-15,41.0,41.1,40.3,40.7,290800,11848130,165,-0.20,40.7
2013-03-18,41.7,42.7,41.25,42.4,1934377,81261961,1120,+1.70,42.4
2013-03-19,43.0,43.1,42.4,42.6,878300,37454140,477,+0.20,42.6
2013-03-20,42.8,42.9,42.5,42.55,418812,17860903,246,-0.05,42.55
2013-03-21,42.65,42.85,42.5,42.85,406842,17359360,218,+0.30,42.85
2013-03-22,42.8,43.0,42.65,43.0,380240,16269216,193,+0.15,43.0
2013-03-25,43.5,44.7,43.3,44.3,1034940,45503044,540,+1.30,44.3
2013-03-26,44.9,45.0,44.3,44.5,573601,25646094,361,+0.20,44.5
2013-03-27,44.6,44.8,44.0,44.1,554640,24539766,338,-0.40,44.1
2013-03-28,44.1,44.2,43.5,44.1,741180,32447964,361, 0.00,44.1
2013-03-29,44.5,45.95,44.4,45.4,1632615,73950098,834,+1.30,45.4
2013-04-01,45.85,46.7,45.1,46.5,882960,40483701,470,+1.10,46.5
2013-04-02,46.0,46.7,46.0,46.2,561454,26028524,346,-0.30,46.2
2013-04-03,46.4,46.55,45.7,46.3,661975,30495850,339,+0.10,46.3
2013-04-08,45.8,45.8,44.15,44.4,886446,39510996,502,-1.90,44.4
2013-04-09,44.5,45.35,43.85,44.35,620249,27517380,366,-0.05,44.35
2013-04-10,44.35,44.85,44.0,44.1,317120,14024302,171,-0.25,44.1
2013-04-11,44.3,44.95,44.3,44.35,352000,15694650,255,+0.25,44.35
2013-04-12,44.4,44.4,43.95,44.0,453809,20006746,253,-0.35,44.0
2013-04-15,43.5,43.55,41.85,41.9,1723900,73213250,897,-2.10,41.9
2013-04-16,41.0,43.15,41.0,42.8,657273,27697289,409,+0.90,42.8
2013-04-17,43.5,43.5,42.85,42.9,283020,12199510,193,+0.10,42.9
2013-04-18,42.8,43.45,42.5,42.9,282640,12174749,160, 0.00,42.9
2013-04-19,43.1,43.4,42.9,43.2,191054,8240154,128,+0.30,43.2
2013-04-22,43.2,43.85,43.2,43.3,237080,10311730,163,+0.10,43.3
2013-04-23,43.6,43.6,42.85,42.85,229150,9858376,166,-0.45,42.85
2013-04-24,43.1,43.35,43.1,43.1,239040,10324158,143,+0.25,43.1
2013-04-25,43.1,43.25,42.9,43.1,179000,7705400,103, 0.00,43.1
2013-04-26,42.9,43.3,42.9,42.9,260050,11178375,158,-0.20,42.9
2013-04-29,43.1,43.1,42.3,42.3,214000,9117050,148,-0.60,42.3
2013-04-30,42.5,42.85,42.5,42.85,183000,7794800,107,+0.55,42.85
2013-05-02,42.7,43.2,42.6,43.1,96125,4127575,76,+0.25,43.1
2013-05-03,43.15,43.25,43.0,43.0,210000,9052300,130,-0.10,43.0
2013-05-06,43.25,43.4,42.95,43.4,322020,13932180,168,+0.40,43.4
2013-05-07,43.3,43.95,43.3,43.6,256030,11181811,171,+0.20,43.6
2013-05-08,43.8,43.9,43.4,43.5,339000,14798150,163,-0.10,43.5
2013-05-09,45.4,46.5,45.15,46.5,1697148,78658532,718,+3.00,46.5
2013-05-10,47.65,47.9,46.65,47.1,1517452,71583052,784,+0.60,47.1
2013-05-13,47.5,47.65,46.7,47.5,661450,31191775,361,+0.40,47.5
2013-05-14,47.75,47.75,47.1,47.2,424020,20076196,234,-0.30,47.2
2013-05-15,47.25,50.4,47.25,49.65,1209290,59448446,738,+2.45,49.65
2013-05-16,50.0,50.8,49.45,49.8,656154,32760053,412,+0.15,49.8
2013-05-17,49.8,49.8,48.8,49.3,462106,22733825,324,-0.50,49.3
2013-05-20,49.3,49.3,48.65,49.0,388260,19022690,228,-0.30,49.0
2013-05-21,49.0,49.3,48.7,49.3,378000,18540400,210,+0.30,49.3
2013-05-22,49.4,50.7,49.4,50.3,730420,36618750,441,+1.00,50.3
2013-05-23,50.0,50.4,49.5,50.0,821787,40981205,369,-0.30,50.0
2013-05-24,50.0,50.0,49.05,49.3,417040,20675840,210,-0.70,49.3
2013-05-27,49.0,50.7,49.0,50.3,734250,36834200,409,+1.00,50.3
2013-05-28,50.8,53.2,50.8,52.9,1121472,58729150,716,+2.60,52.9
2013-05-29,54.0,55.0,53.5,54.2,1280545,69566420,797,+1.30,54.2
2013-05-30,54.1,54.1,52.7,53.2,565610,30194435,399,-1.00,53.2
2013-05-31,54.0,56.5,54.0,55.5,1273480,70796240,722,+2.30,55.5
2013-06-03,54.9,56.6,54.9,55.5,1583976,88677065,871, 0.00,55.5
2013-06-04,55.5,56.2,54.8,54.8,787215,43658325,483,-0.70,54.8
2013-06-05,54.8,55.4,54.5,54.8,407350,22391225,234, 0.00,54.8
2013-06-06,54.4,54.4,53.4,53.7,640450,34479600,408,-1.10,53.7
2013-06-07,55.4,57.2,54.1,55.0,1935620,108060462,1074,+1.30,55.0
2013-06-10,57.0,57.0,55.6,55.7,838040,47008640,470,+0.70,55.7
2013-06-11,55.7,56.5,55.0,55.2,751445,41933475,412,-0.50,55.2
2013-06-13,55.0,55.4,52.9,53.5,1008145,54467056,564,-1.70,53.5
2013-06-14,54.3,57.2,53.5,57.2,1761880,98762148,915,+3.70,57.2
2013-06-17,57.4,59.8,56.0,59.6,2561691,148016511,1374,+2.40,59.6
2013-06-18,59.8,61.9,59.8,60.2,2245950,137035400,1362,+0.60,60.2
2013-06-19,60.9,61.9,60.1,60.3,912225,55415617,605,+0.10,60.3
2013-06-20,59.4,59.9,58.8,59.2,971170,57512030,568,-1.10,59.2
2013-06-21,57.1,58.1,55.7,57.8,1199854,68429503,701,-1.40,57.8
2013-06-24,57.8,58.3,57.4,57.6,450393,26041357,287,-0.20,57.6
2013-06-25,57.5,57.8,53.7,54.0,1409420,77683522,801,-3.60,54.0
2013-06-26,55.9,56.1,55.0,56.0,662171,36838676,428,+2.00,56.0
2013-06-27,56.8,58.8,56.5,58.5,1012291,58735794,589,+2.50,58.5
2013-06-28,59.3,59.3,57.0,57.9,732400,42498399,446,-0.60,57.9
2013-07-01,57.7,59.4,57.3,58.8,911186,53588236,471,+0.90,58.8
2013-07-02,59.3,61.5,59.3,60.0,1264510,76500606,718,+1.20,60.0
2013-07-03,61.0,61.3,59.9,60.5,892460,54012729,497,+0.50,60.5
2013-07-04,60.8,60.9,59.3,60.0,577150,34758009,389,-0.50,60.0
2013-07-05,61.5,62.5,60.6,62.1,1635909,100980745,860,+2.10,62.1
2013-07-08,63.0,66.4,62.6,66.4,4175734,273366634,1585,+4.30,66.4
2013-07-09,66.9,71.0,66.5,71.0,4847999,339137729,1663,+4.60,71.0
2013-07-10,69.8,70.5,68.5,69.3,3468379,241079951,1834,X0.00,69.3
2013-07-11,70.0,70.6,68.0,68.9,2351655,162399595,1185,-0.40,68.9
2013-07-12,69.0,73.7,68.0,73.7,4262000,304947600,2227,+4.80,73.7
2013-07-15,75.0,78.8,75.0,76.3,4242417,326512044,2346,+2.60,76.3
2013-07-16,76.3,81.6,75.0,81.6,4572509,360335625,2707,+5.30,81.6
2013-07-17,79.0,86.0,79.0,82.6,6580271,541806247,4117,+1.00,82.6
2013-07-18,83.2,85.8,80.7,83.6,3798239,317314851,2581,+1.00,83.6
2013-07-19,83.7,85.3,80.0,80.0,2998698,248837889,1973,-3.60,80.0
2013-07-22,80.2,83.9,80.2,83.6,2701767,224020519,1596,+3.60,83.6
2013-07-23,85.5,89.4,85.0,89.4,3920670,347618795,1541,+5.80,89.4
2013-07-24,95.0,95.6,94.1,95.6,3284107,312393527,1076,+6.20,95.6
2013-07-25,99.9,102.0,97.3,99.6,8025872,803655492,4562,+4.00,99.6
2013-07-26,102.5,106.5,102.0,106.5,4597641,483386264,2380,+6.90,106.5
2013-07-29,110.0,113.5,109.0,113.5,4049240,453522739,2179,+7.00,113.5
2013-07-30,117.0,117.0,106.5,114.0,5556736,623307668,3529,+0.50,114.0
2013-07-31,111.5,113.5,106.5,106.5,2867402,314237810,1608,-7.50,106.5
2013-08-01,107.0,113.5,107.0,113.5,3943061,439255919,2105,+7.00,113.5
2013-08-02,115.0,120.0,112.0,116.5,3326457,383767736,1932,+3.00,116.5
2013-08-05,119.0,124.5,117.5,124.5,2998273,365215488,1613,+8.00,124.5
2013-08-06,127.5,130.0,123.0,127.0,3807512,484545036,2331,+2.50,127.0
2013-08-07,125.0,129.5,118.5,118.5,4029543,499794340,2639,-8.50,118.5
2013-08-08,126.5,126.5,125.5,126.5,2810243,355210237,1155,+8.00,126.5
2013-08-09,133.0,135.0,133.0,135.0,1448942,194757170,568,+8.50,135.0
2013-08-12,137.0,137.0,130.0,133.0,4660611,625560652,2995,-2.00,133.0
2013-08-13,134.0,142.0,132.0,142.0,4723240,655084580,2704,+9.00,142.0
2013-08-14,148.0,151.5,140.5,149.0,8203045,1207373250,5422,+7.00,149.0
2013-08-15,143.5,155.5,143.5,154.0,4032416,609608564,2806,+5.00,154.0
2013-08-16,154.0,157.5,148.0,151.5,3398714,520221666,2502,-2.50,151.5
2013-08-19,151.0,151.5,141.0,141.0,4807496,690345436,2856,-10.50,141.0
2013-08-20,141.0,142.5,132.5,134.0,5218585,714021390,3411,-7.00,134.0
2013-08-22,134.5,138.5,131.0,137.0,4662756,632546072,3356,+3.00,137.0
2013-08-23,143.0,144.0,139.0,139.0,4337238,614222320,2969,+2.00,139.0
2013-08-26,142.0,148.0,138.5,144.5,4203131,604783126,3037,+5.50,144.5
2013-08-27,145.0,146.5,134.5,135.0,2873146,401565002,2198,-9.50,135.0
2013-08-28,132.0,138.0,132.0,135.0,2535320,343765200,1889, 0.00,135.0
2013-08-29,138.0,143.5,136.0,142.0,3744944,527241548,2653,+7.00,142.0
2013-08-30,144.0,148.0,139.0,139.5,3880425,559259850,2834,-2.50,139.5
2013-09-02,143.0,144.5,139.5,140.0,2742956,388774340,1823,+0.50,140.0
2013-09-03,141.0,142.5,136.5,140.0,3425124,481942360,2076, 0.00,140.0
2013-09-04,140.0,141.5,136.5,137.0,2080269,289017353,1334,-3.00,137.0
2013-09-05,137.0,139.0,133.0,134.0,3400859,462257747,2368,-3.00,134.0
2013-09-06,127.0,132.0,125.5,126.0,4626895,593892270,3193,-8.00,126.0
2013-09-09,126.0,128.5,118.5,120.5,4797256,588118346,3017,-5.50,120.5
2013-09-10,120.5,122.0,112.5,112.5,4303031,499800482,2728,-8.00,112.5
2013-09-11,112.5,120.0,112.5,120.0,5267653,621701860,3167,+7.50,120.0
2013-09-12,122.5,125.5,120.0,124.0,4103321,506191804,2860,+4.00,124.0
2013-09-13,124.0,126.0,121.0,123.0,2217653,274203144,1658,-1.00,123.0
2013-09-14,123.5,125.5,122.5,123.5,1233632,153082051,845,+0.50,123.5
2013-09-16,124.0,130.0,123.0,128.0,2862390,364043723,2154,+4.50,128.0
2013-09-17,128.0,128.5,124.0,124.0,1585172,199966412,1012,-4.00,124.0
2013-09-18,124.5,128.0,123.0,127.0,1581588,200034176,1152,+3.00,127.0
2013-09-23,130.5,135.5,129.0,135.5,3474766,462760792,2097,+8.50,135.5
2013-09-24,135.0,137.0,132.5,132.5,2760605,372335070,1590,-3.00,132.5
2013-09-25,134.0,134.5,130.5,134.5,1092460,144781869,757,+2.00,134.5
2013-09-26,134.5,136.5,130.0,131.0,1227187,162803997,797,-3.50,131.0
2013-09-27,133.0,138.0,132.0,135.0,2405973,325807339,1470,+4.00,135.0
2013-09-30,133.5,138.0,133.5,137.5,1143645,155871187,692,+2.50,137.5
2013-10-01,138.0,139.0,131.0,132.5,2981861,401426513,1957,-5.00,132.5
2013-10-02,134.0,135.5,131.0,133.0,1734517,230891278,1129,+0.50,133.0
2013-10-03,128.0,128.0,124.0,124.0,3097306,386579750,1745,-9.00,124.0
2013-10-04,124.0,128.5,121.0,121.0,3820911,476644595,2620,-3.00,121.0
2013-10-07,122.0,124.5,121.0,124.5,1943360,239014500,1303,+3.50,124.5
2013-10-08,126.0,126.0,121.0,125.5,1557518,192732509,1105,+1.00,125.5
2013-10-09,123.0,123.5,117.5,118.0,2520850,301373574,1744,-7.50,118.0
2013-10-11,120.0,120.5,115.0,119.0,2435094,287394186,1683,+1.00,119.0
2013-10-14,120.0,127.0,118.5,127.0,3698843,461409561,2334,+8.00,127.0
2013-10-15,130.5,131.5,127.0,127.0,3479292,449915520,2347, 0.00,127.0
2013-10-16,128.0,130.0,126.5,127.0,1619284,207109210,1103, 0.00,127.0
2013-10-17,128.0,128.5,120.5,123.0,2342515,287168845,1647,-4.00,123.0
2013-10-18,123.5,125.5,121.5,125.0,1375295,170359875,996,+2.00,125.0
2013-10-21,125.0,133.5,125.0,133.5,2656936,348802954,1415,+8.50,133.5
2013-10-22,130.5,131.5,128.5,130.5,2679270,349036640,1672,-3.00,130.5
2013-10-23,132.0,136.0,131.5,135.0,3622186,486234610,2321,+4.50,135.0
2013-10-24,135.0,143.5,133.0,140.0,5493528,762855420,3539,+5.00,140.0
2013-10-25,141.0,144.0,135.0,136.0,3900424,546766798,2498,-4.00,136.0
2013-10-28,137.0,138.0,132.0,133.0,1994048,267896980,1412,-3.00,133.0
2013-10-29,132.0,137.0,131.5,134.0,1858100,251120100,1320,+1.00,134.0
2013-10-30,136.5,138.5,135.0,135.5,1627075,222240661,1099,+1.50,135.5
2013-10-31,135.5,135.5,132.5,133.0,852672,114261040,651,-2.50,133.0
2013-11-01,134.0,137.0,133.5,134.0,1453615,196290410,991,+1.00,134.0
2013-11-04,134.0,134.5,125.0,125.0,2493586,315995024,1577,-9.00,125.0
2013-11-05,127.0,128.0,122.0,124.0,2099232,261536000,1355,-1.00,124.0
2013-11-06,117.0,118.0,115.5,115.5,1135107,131523356,650,-8.50,115.5
2013-11-07,113.0,118.0,113.0,114.0,2930302,338027428,1874,-1.50,114.0
2013-11-08,115.0,118.0,106.5,106.5,6031424,667678580,3802,-7.50,106.5
2013-11-11,106.5,109.0,105.5,108.5,2435714,260646183,1624,+2.00,108.5
2013-11-12,110.5,111.5,101.0,107.0,4196765,446061237,2874,-1.50,107.0
2013-11-13,105.0,108.5,103.0,108.0,2590254,274576432,1785,+1.00,108.0
2013-11-14,110.0,110.0,105.5,108.0,2559210,275247785,1752, 0.00,108.0
2013-11-15,107.0,109.0,103.5,108.0,2679608,285326488,1790, 0.00,108.0
2013-11-18,108.5,110.5,105.5,110.0,2259840,245777478,1502,+2.00,110.0
2013-11-19,107.5,111.5,106.0,111.0,3427907,372807177,2347,+1.00,111.0
2013-11-20,111.5,118.0,109.0,116.5,4165823,480247468,2685,+5.50,116.5
2013-11-21,115.5,118.0,114.5,115.0,2399376,278645740,1776,-1.50,115.0
2013-11-22,116.5,120.0,115.0,115.0,3327747,391342158,2212, 0.00,115.0
2013-11-25,117.0,117.5,114.5,115.5,1133348,131004345,840,+0.50,115.5
2013-11-26,115.5,121.0,115.0,121.0,4199423,500974760,2699,+5.50,121.0
2013-11-27,121.0,122.0,119.0,121.5,1980783,239099350,1383,+0.50,121.5
2013-11-28,124.0,127.0,123.5,124.0,2376630,298035990,1603,+2.50,124.0
2013-11-29,124.0,125.0,121.0,123.0,1500150,183764300,1070,-1.00,123.0
2013-12-02,123.0,124.0,120.5,121.5,1162030,141836612,792,-1.50,121.5
2013-12-03,122.0,124.0,120.5,121.5,1595955,195370075,1106, 0.00,121.5
2013-12-04,128.0,130.0,127.0,130.0,1917077,247693010,1060,+8.50,130.0
2013-12-05,134.0,134.0,127.5,128.0,4663709,612305752,2722,-2.00,128.0
2013-12-06,128.0,129.5,123.0,124.0,2816293,353052832,1689,-4.00,124.0
2013-12-09,125.0,125.5,119.5,119.5,2231087,274485353,1363,-4.50,119.5
2013-12-10,121.5,121.5,117.0,121.0,1792300,215061300,1178,+1.50,121.0
2013-12-11,121.5,121.5,116.5,116.5,1833549,217712958,1186,-4.50,116.5
2013-12-12,115.5,115.5,110.0,112.5,2948674,331573499,1794,-4.00,112.5
2013-12-13,114.5,115.5,110.5,112.0,2777495,313164935,1791,-0.50,112.0
2013-12-16,112.0,112.0,109.0,109.5,1539725,169608475,914,-2.50,109.5
2013-12-17,111.0,114.5,109.0,113.5,3066030,344091375,1790,+4.00,113.5
2013-12-18,114.0,115.0,111.5,112.0,1442200,163129800,991,-1.50,112.0
2013-12-19,113.0,114.5,112.0,112.0,1165326,132120501,776, 0.00,112.0
2013-12-20,112.5,119.5,112.5,119.5,4815554,568904926,2752,+7.50,119.5
2013-12-23,119.5,127.0,118.5,125.0,6121960,753704016,3724,+5.50,125.0
2013-12-24,128.0,129.5,125.0,125.0,3454250,438635000,2270, 0.00,125.0
2013-12-25,128.5,130.0,126.0,126.0,3069515,393679875,1921,+1.00,126.0
2013-12-26,128.0,129.0,125.5,126.5,2019189,256668408,1260,+0.50,126.5
2013-12-27,127.0,131.5,124.0,124.0,3615826,464408424,2334,-2.50,124.0
2013-12-30,125.5,127.0,124.0,125.0,2096635,263184740,1330,+1.00,125.0
2013-12-31,126.5,128.5,126.0,127.5,1969806,250934568,1144,+2.50,127.5
2014-01-02,128.5,129.0,123.5,124.5,1828441,228981066,1107,-3.00,124.5
2014-01-03,124.0,125.0,118.5,119.5,2381247,287130640,1529,-5.00,119.5
2014-01-06,120.5,124.5,119.0,123.0,3274202,397170048,1893,+3.50,123.0
2014-01-07,123.0,123.0,117.0,119.5,2934255,350851610,1760,-3.50,119.5
2014-01-08,121.0,123.0,118.0,118.0,2756167,332438206,1577,-1.50,118.0
2014-01-09,119.5,120.5,117.5,118.0,1925110,228503920,1172, 0.00,118.0
2014-01-10,120.0,120.0,113.0,115.5,2489629,290039593,1631,-2.50,115.5
2014-01-13,117.0,117.0,112.0,113.0,2279579,258831873,1625,-2.50,113.0
2014-01-14,111.5,113.5,111.0,111.5,2728194,304496310,1309,-1.50,111.5
2014-01-15,115.0,119.0,115.0,119.0,4133000,484083000,2148,+7.50,119.0
2014-01-16,121.0,121.5,118.0,120.0,5145607,618002661,3029,+1.00,120.0
2014-01-17,122.0,122.5,119.0,120.0,2327605,281045705,1506, 0.00,120.0
2014-01-20,120.5,121.0,118.0,118.0,1369460,163589200,838,-2.00,118.0
2014-01-21,118.0,119.5,115.5,116.0,1561235,182534230,1111,-2.00,116.0
2014-01-22,118.0,118.0,115.5,117.5,1260322,147240140,867,+1.50,117.5
2014-01-23,118.5,124.5,118.0,121.5,4338088,530607776,2733,+4.00,121.5
2014-01-24,123.5,126.5,123.0,124.5,4462401,558561421,2722,+3.00,124.5
2014-01-27,124.5,127.0,124.5,127.0,3695129,465376883,2340,+2.50,127.0
2014-02-05,127.0,132.5,127.0,128.0,4592035,596974445,2989,+1.00,128.0
2014-02-06,128.0,128.0,122.0,122.0,4163345,518332935,2619,-6.00,122.0
2014-02-07,124.0,125.5,122.5,124.5,2329901,289843674,1670,+2.50,124.5
2014-02-10,128.0,131.0,128.0,128.0,3753402,485650956,2367,+3.50,128.0
2014-02-11,132.5,133.0,128.0,128.5,3298204,429414418,1989,+0.50,128.5
2014-02-12,129.0,137.0,127.5,137.0,7027795,940445915,3944,+8.50,137.0
2014-02-13,141.0,146.5,139.0,144.5,8222029,1186305205,4794,+7.50,144.5
2014-02-14,146.0,151.5,143.5,149.0,7545640,1116132031,4725,+4.50,149.0
2014-02-17,151.0,152.5,148.0,150.0,3491333,523037116,2228,+1.00,150.0
2014-02-18,149.0,149.5,144.0,149.5,3729850,546587050,2513,-0.50,149.5
2014-02-19,151.0,159.5,151.0,159.5,4576232,715878004,2584,+10.00,159.5
2014-02-20,163.0,169.5,159.0,162.0,9173507,1514200134,5665,+2.50,162.0
2014-02-21,166.0,168.5,161.5,168.0,5561801,918827068,3409,+6.00,168.0
2014-02-24,170.5,179.5,170.0,178.0,6817079,1198060677,4517,+10.00,178.0
2014-02-25,178.0,178.0,171.0,174.0,3580380,625729564,2374,-4.00,174.0
2014-02-26,186.0,186.0,186.0,186.0,1693920,315069120,840,+12.00,186.0
2014-02-27,192.0,194.0,188.0,192.0,6320959,1207946399,4094,+6.00,192.0
2014-03-03,182.0,187.0,179.5,182.5,4314393,790059205,3182,-9.50,182.5
2014-03-04,185.0,190.0,183.5,183.5,3826007,714332795,2782,+1.00,183.5
2014-03-05,187.0,189.5,181.5,187.5,3933465,730532885,2900,+4.00,187.5
2014-03-06,186.5,186.5,179.5,184.0,4124558,755149730,2862,-3.50,184.0
2014-03-07,185.0,193.0,181.0,182.5,5893921,1104282075,4169,-1.50,182.5
2014-03-10,180.0,180.0,170.0,171.0,4339334,752445948,3222,-11.50,171.0
2014-03-11,171.0,175.5,170.5,173.0,2833440,490361500,2091,+2.00,173.0
2014-03-12,170.5,175.5,170.5,174.5,2438560,422988218,1641,+1.50,174.5
2014-03-13,178.0,180.5,175.0,175.0,2759687,490962941,1996,+0.50,175.0
2014-03-14,174.0,174.0,164.0,166.0,5460085,912396320,3878,-9.00,166.0
2014-03-17,166.0,168.0,164.0,166.0,2154809,358005912,1558, 0.00,166.0
2014-03-18,169.5,171.0,166.0,167.5,3176823,532917764,2070,+1.50,167.5
2014-03-19,169.5,169.5,158.0,163.0,5027710,812436940,3312,-4.50,163.0
2014-03-20,159.5,167.0,158.0,167.0,2795781,455073708,2034,+4.00,167.0
2014-03-21,168.5,168.5,161.0,163.0,2602155,427741030,1750,-4.00,163.0
2014-03-24,162.0,162.0,154.0,156.5,2465911,386784849,1778,-6.50,156.5
2014-03-25,155.5,167.0,154.0,167.0,4608270,756896590,2746,+10.50,167.0
2014-03-26,167.0,170.0,163.0,167.0,3226861,538186648,2364, 0.00,167.0
2014-03-27,167.0,169.5,164.0,164.0,2256099,375181934,1640,-3.00,164.0
2014-03-28,164.0,167.0,159.0,159.0,2256581,367012168,1683,-5.00,159.0
2014-03-31,162.0,164.0,159.0,161.5,1851500,298773000,1312,+2.50,161.5
2014-04-01,161.5,161.5,156.0,158.0,3400432,535141256,2405,-3.50,158.0
2014-04-02,160.5,169.0,159.5,169.0,4049492,669578148,2886,+11.00,169.0
2014-04-03,171.0,175.0,169.0,171.0,4140551,713581721,2982,+2.00,171.0
2014-04-07,165.0,168.0,160.0,163.5,2196485,360722480,1628,-7.50,163.5
2014-04-08,160.0,162.0,157.5,159.0,1882860,299664320,1453,-4.50,159.0
2014-04-09,160.5,163.5,160.5,163.5,1074198,173978371,852,+4.50,163.5
2014-04-10,165.0,169.0,160.0,160.0,3479602,573940820,2535,-3.50,160.0
2014-04-11,157.0,157.5,149.0,150.5,6315770,958688540,4363,-9.50,150.5
2014-04-14,148.0,148.0,142.5,142.5,4127896,595924524,2621,-8.00,142.5
2014-04-15,142.5,148.0,138.5,148.0,4329206,620813488,3144,+5.50,148.0
2014-04-16,148.0,148.0,143.5,147.0,2220199,323628054,1685,-1.00,147.0
2014-04-17,148.5,152.5,147.0,147.0,3589300,538285200,2371, 0.00,147.0
2014-04-18,148.0,149.5,145.0,145.5,1507649,221111903,1130,-1.50,145.5
2014-04-21,147.0,154.0,145.0,154.0,3626905,546276870,2572,+8.50,154.0
2014-04-22,154.0,159.5,153.5,155.0,6315477,989554435,4311,+1.00,155.0
2014-04-23,160.0,165.0,158.5,161.0,7828801,1264940160,5068,+6.00,161.0
2014-04-24,161.0,161.5,156.0,158.5,3208151,508650858,2298,-2.50,158.5
2014-04-25,159.0,162.5,147.5,150.0,6273509,961460886,4037,-8.50,150.0
2014-04-28,145.0,150.0,144.0,150.0,2146501,315883651,1538, 0.00,150.0
2014-04-29,156.0,160.5,156.0,160.5,1902072,303653554,985,+10.50,160.5
2014-04-30,163.5,164.5,158.0,158.0,6744199,1092289544,4448,-2.50,158.0
2014-05-02,158.0,163.5,158.0,160.0,3117580,504195800,2494,+2.00,160.0
2014-05-05,162.5,170.5,162.5,170.5,5615571,940783347,3828,+10.50,170.5
2014-05-06,172.0,172.5,166.0,169.0,4196216,708709178,2879,-1.50,169.0
2014-05-07,167.0,173.0,165.0,171.0,4823841,817343811,3491,+2.00,171.0
2014-05-08,163.0,163.5,159.5,160.0,5424801,875019665,3660,-11.00,160.0
2014-05-09,150.0,153.0,149.0,149.0,5964621,897446771,3875,-11.00,149.0
2014-05-12,149.0,151.0,141.5,142.5,3146680,462233240,2206,-6.50,142.5
2014-05-13,145.5,146.0,138.0,144.5,2747801,391192946,2117,+2.00,144.5
2014-05-14,145.0,148.0,142.5,145.0,2004178,291935988,1542,+0.50,145.0
2014-05-15,144.5,149.5,144.5,149.5,1553714,230101737,1149,+4.50,149.5
2014-05-16,149.0,149.0,146.0,148.0,1291393,190478271,999,-1.50,148.0
2014-05-19,150.0,152.0,147.5,147.5,1491332,222935633,1026,-0.50,147.5
2014-05-20,149.5,151.0,147.0,147.5,1315660,195991670,917, 0.00,147.5
2014-05-21,148.0,148.5,143.0,143.0,1853655,270032299,1333,-4.50,143.0
2014-05-22,145.0,150.5,144.5,150.5,2684501,398807650,2067,+7.50,150.5
2014-05-23,152.0,153.0,150.5,150.5,2015420,304852209,1445, 0.00,150.5
2014-05-26,152.0,152.5,149.0,149.5,1627550,245049274,1199,-1.00,149.5
2014-05-27,151.0,157.0,150.0,152.0,3602850,555058700,2540,+2.50,152.0
2014-05-28,154.0,155.5,152.0,152.0,1848604,283713516,1438, 0.00,152.0
2014-05-29,152.0,153.0,152.0,152.0,1222414,186083134,916, 0.00,152.0
2014-05-30,153.5,154.0,148.0,149.0,1604800,241873900,1091,-3.00,149.0
2014-06-03,148.0,150.5,145.5,146.0,1466750,216892250,1089,-3.00,146.0
2014-06-04,145.0,150.0,145.0,147.5,1823623,269307581,1242,+1.50,147.5
2014-06-05,147.5,150.0,146.0,146.5,1589422,234875244,1191,-1.00,146.5
2014-06-06,145.0,145.5,136.5,136.5,4873637,674151445,3171,-10.00,136.5
2014-06-09,135.0,135.0,128.5,132.0,3491208,457332248,2447,-4.50,132.0
2014-06-10,132.0,135.5,130.5,134.0,1821315,243928867,1336,+2.00,134.0
2014-06-11,135.0,143.0,134.5,143.0,4098471,574777614,2832,+9.00,143.0
2014-06-12,144.0,146.0,139.0,139.0,2724930,387453630,2031,-4.00,139.0
2014-06-13,139.0,141.5,137.5,141.0,1297657,181276980,986,+2.00,141.0
2014-06-16,142.5,147.0,140.0,143.0,3110402,450018486,2187,+2.00,143.0
2014-06-17,150.0,153.0,150.0,153.0,2232841,340320673,1207,+10.00,153.0
2014-06-18,155.0,158.0,148.5,150.0,6716284,1032916600,4214,-3.00,150.0
2014-06-19,152.0,153.0,149.0,149.5,1734057,260451550,1292,-0.50,149.5
2014-06-20,151.0,151.5,148.5,148.5,1238545,185519160,879,-1.00,148.5
2014-06-23,149.5,150.5,141.0,142.0,2057374,298956730,1487,-6.50,142.0
2014-06-24,144.0,147.0,142.5,144.5,1768135,255716075,1477,+2.50,144.5
2014-06-25,144.0,144.0,142.0,143.0,832436,118722848,655,-1.50,143.0
2014-06-26,144.0,148.5,143.5,145.5,1928882,282562830,1552,+2.50,145.5
2014-06-27,147.5,147.5,143.5,145.5,685369,99202318,520, 0.00,145.5
2014-06-30,146.5,148.0,142.5,143.5,925837,134343443,700,-2.00,143.5
2014-07-01,145.5,146.0,143.0,145.0,1248460,180633700,833,+1.50,145.0
2014-07-02,147.0,147.0,141.0,142.0,1546400,222372200,1166,-3.00,142.0
2014-07-03,141.0,143.5,140.5,142.0,1026541,145942822,713, 0.00,142.0
2014-07-04,142.0,146.5,140.5,145.5,1422137,205230931,1004,+3.50,145.5
2014-07-07,146.0,147.0,143.5,145.5,701378,102135375,512, 0.00,145.5
2014-07-08,145.5,145.5,142.5,143.5,699450,100491750,510,-2.00,143.5
2014-07-09,143.5,144.5,140.5,141.0,1194253,169083679,844,-2.50,141.0
2014-07-10,131.0,134.0,130.5,133.0,1918635,253962090,1407,X0.00,133.0
2014-07-11,133.5,133.5,125.5,131.0,1573811,203933552,1090,-2.00,131.0
2014-07-14,132.5,140.0,132.0,140.0,3917650,540114500,2230,+9.00,140.0
2014-07-15,140.5,140.5,136.0,136.0,2247100,310068200,1568,-4.00,136.0
2014-07-16,136.0,137.5,128.0,130.5,3114190,410467080,2008,-5.50,130.5
2014-07-17,130.5,132.0,128.0,130.5,1509019,196888998,1144, 0.00,130.5
2014-07-18,130.0,135.5,130.0,133.0,2097225,279595650,1442,+2.50,133.0
2014-07-21,135.0,135.5,131.5,132.5,981071,130795443,656,-0.50,132.5
2014-07-22,133.0,133.5,131.5,133.5,1000750,132594125,622,+1.00,133.5
2014-07-24,135.0,136.5,133.5,134.5,1094650,147766424,748,+1.00,134.5
2014-07-25,135.5,136.0,125.5,131.0,1853394,239252508,1319,-3.50,131.0
2014-07-28,129.0,130.0,127.0,128.0,572374,73496620,474,-3.00,128.0
2014-07-29,128.0,130.0,119.5,120.0,2303972,281048084,1462,-8.00,120.0
2014-07-30,120.0,122.0,115.5,120.5,2032710,240561120,1470,X0.00,120.5
2014-07-31,122.0,122.5,119.0,122.0,858102,103731546,679,+1.50,122.0
2014-08-01,120.0,122.0,118.0,122.0,627800,75551800,479, 0.00,122.0
2014-08-04,123.0,128.0,122.5,124.5,1316656,164932156,1000,+2.50,124.5
2014-08-05,124.5,125.5,122.5,123.0,685401,84734423,546,-1.50,123.0
2014-08-06,124.5,124.5,117.0,121.5,1384393,166671247,982,-1.50,121.5
2014-08-07,123.5,129.5,123.5,124.5,3373350,426439250,2373,+3.00,124.5
2014-08-08,124.5,127.5,120.0,126.0,2092270,257872520,1521,+1.50,126.0
2014-08-11,127.0,127.5,124.0,125.5,979343,122750061,767,-0.50,125.5
2014-08-12,129.5,132.5,127.5,127.5,2505615,325449835,1805,+2.00,127.5
2014-08-13,129.0,133.0,127.5,131.0,2728797,355977907,1834,+3.50,131.0
2014-08-14,132.0,132.5,128.0,128.0,1252075,162464750,966,-3.00,128.0
2014-08-15,129.0,130.5,127.5,130.0,1090325,141259075,777,+2.00,130.0
2014-08-18,131.0,133.0,128.5,130.0,1527320,199447760,998, 0.00,130.0
2014-08-19,132.0,132.0,129.5,129.5,811010,105853310,576,-0.50,129.5
2014-08-20,129.5,129.5,127.0,128.0,933021,119709709,728,-1.50,128.0
2014-08-21,128.0,128.0,121.0,124.0,1693050,209969324,1247,-4.00,124.0
2014-08-22,124.0,127.5,123.5,127.0,1219479,153771270,837,+3.00,127.0
2014-08-25,127.0,128.0,125.5,127.5,589219,74861813,579,+0.50,127.5
2014-08-26,128.5,136.0,128.5,136.0,2890609,387553824,1792,+8.50,136.0
2014-08-27,137.0,140.0,137.0,137.0,5703663,788669668,3631,+1.00,137.0
2014-08-28,140.0,143.0,139.0,140.0,3502890,494497210,2669,+3.00,140.0
2014-08-29,140.0,147.0,139.0,146.5,3689403,528934006,2772,+6.50,146.5
2014-09-01,151.0,153.5,148.5,151.0,4937397,746279050,3562,+4.50,151.0
2014-09-02,151.0,151.0,145.5,145.5,2668921,395626045,2116,-5.50,145.5
2014-09-03,152.5,155.5,149.0,149.0,6368730,973383270,3908,+3.50,149.0
2014-09-04,149.0,150.5,146.0,146.0,2028144,299058524,1735,-3.00,146.0
2014-09-05,148.0,149.0,143.5,144.5,1845228,268204428,1442,-1.50,144.5
2014-09-09,146.0,148.5,143.0,146.0,2853922,418780112,2021,+1.50,146.0
2014-09-10,145.0,147.0,143.5,147.0,1703356,246903634,1231,+1.00,147.0
2014-09-11,147.5,152.0,145.0,145.0,2988730,445609350,2210,-2.00,145.0
2014-09-12,146.0,148.5,143.5,147.5,2252826,329057922,1747,+2.50,147.5
2014-09-15,147.0,150.5,146.5,147.5,2021879,301025131,1483, 0.00,147.5
2014-09-16,138.0,142.0,137.5,138.5,4918585,680971468,3365,-9.00,138.5
2014-09-17,140.0,140.5,137.0,137.0,1803098,250179926,1437,-1.50,137.0
2014-09-18,137.5,143.0,137.5,138.5,3497783,490894416,2494,+1.50,138.5
2014-09-19,139.5,141.0,137.5,139.0,1893256,263296584,1257,+0.50,139.0
2014-09-22,137.0,138.0,134.5,135.0,1716298,233229361,1269,-4.00,135.0
2014-09-23,133.0,135.0,130.0,133.5,1471743,195042922,1169,-1.50,133.5
2014-09-24,134.0,136.5,134.0,135.0,1154779,156344165,870,+1.50,135.0
2014-09-25,137.0,137.0,126.0,128.5,4792338,611841423,3043,-6.50,128.5
2014-09-26,127.5,129.5,125.0,126.5,1867132,237828396,1335,-2.00,126.5
2014-09-29,127.0,129.0,126.5,127.5,810585,103716666,653,+1.00,127.5
2014-09-30,126.0,128.0,123.5,126.0,1292082,162179414,1024,-1.50,126.0
2014-10-01,125.5,130.5,125.0,130.0,1365455,175870650,1132,+4.00,130.0
2014-10-02,130.0,131.0,128.0,128.5,933362,121098698,682,-1.50,128.5
2014-10-03,133.0,133.5,131.5,132.0,1418611,187922836,1097,+3.50,132.0
2014-10-06,134.0,138.0,133.0,135.5,2254759,306431329,1616,+3.50,135.5
2014-10-07,134.5,136.5,132.5,132.5,1250209,167739680,940,-3.00,132.5
2014-10-08,131.5,134.5,127.0,129.0,1169616,152551964,868,-3.50,129.0
2014-10-09,130.5,131.5,121.0,123.0,3137629,392384625,2232,-6.00,123.0
2014-10-13,115.0,117.5,114.5,115.5,2526793,292092988,1565,-7.50,115.5
2014-10-14,115.5,117.0,113.0,116.5,1977076,227704392,1214,+1.00,116.5
2014-10-15,115.5,117.0,109.0,109.0,2348267,263820705,1570,-7.50,109.0
2014-10-16,108.0,113.0,103.0,112.5,2682560,290155780,1765,+3.50,112.5
2014-10-17,113.0,113.5,105.0,106.5,2028034,220620109,1516,-6.00,106.5
2014-10-20,111.0,111.0,108.0,110.5,1555273,170434661,923,+4.00,110.5
2014-10-21,111.0,114.0,111.0,113.0,1369546,154573698,1119,+2.50,113.0
2014-10-22,115.0,116.0,111.0,111.0,1664003,188952328,1179,-2.00,111.0
2014-10-23,111.0,111.0,106.0,107.5,1733981,187131429,1209,-3.50,107.5
2014-10-24,108.0,109.0,102.0,102.0,3122388,326033464,2063,-5.50,102.0
2014-10-27,102.5,103.5,94.9,94.9,3892335,376272768,2776,-7.10,94.9
2014-10-28,94.9,97.6,93.7,96.5,4462383,426937247,3095,+1.60,96.5
2014-10-29,100.0,103.0,99.5,103.0,2428283,247251049,1322,+6.50,103.0
2014-10-30,104.0,106.0,101.5,106.0,2548625,263579431,1796,+3.00,106.0
2014-10-31,107.0,108.0,103.5,107.0,2467992,261997144,1503,+1.00,107.0
2014-11-03,108.0,111.5,107.0,110.5,2257942,247735120,1414,+3.50,110.5
2014-11-04,110.5,112.0,110.0,111.0,1272340,141193240,917,+0.50,111.0
2014-11-05,110.0,112.0,104.5,106.0,2591245,278303970,1727,-5.00,106.0
2014-11-06,107.0,107.0,102.5,104.5,1989790,207964547,1482,-1.50,104.5
2014-11-07,106.0,108.5,105.5,107.0,1893225,203066075,1309,+2.50,107.0
2014-11-10,108.5,110.0,107.0,107.5,1072994,116267858,772,+0.50,107.5
2014-11-11,108.5,108.5,104.0,104.0,1178917,123713285,943,-3.50,104.0
2014-11-12,104.0,106.5,102.0,103.0,1151997,120037185,839,-1.00,103.0
2014-11-13,103.5,105.5,102.0,105.5,809449,84041594,623,+2.50,105.5
2014-11-14,106.0,106.0,103.5,105.5,732820,76897420,531, 0.00,105.5
2014-11-17,107.0,108.5,104.0,104.0,1342458,143591632,1010,-1.50,104.0
2014-11-18,104.5,105.0,99.3,99.8,2008662,203177748,1412,-4.20,99.8
2014-11-19,98.0,101.0,98.0,101.0,1216781,121318281,889,+1.20,101.0
2014-11-20,100.0,105.0,99.2,104.0,1598361,164619544,1123,+3.00,104.0
2014-11-21,104.0,105.0,102.5,105.0,1243889,129247392,832,+1.00,105.0
2014-11-24,105.5,108.0,105.0,106.5,1408137,150119022,1009,+1.50,106.5
2014-11-25,107.5,113.0,106.5,112.0,4129025,457508800,2841,+5.50,112.0
2014-11-26,114.0,116.0,113.5,113.5,3637774,417391462,2449,+1.50,113.5
2014-11-27,114.0,115.0,111.5,111.5,1592329,179779348,1128,-2.00,111.5
2014-11-28,112.0,114.0,110.5,111.5,1453007,163164777,919, 0.00,111.5
2014-12-01,106.5,113.0,106.5,112.0,1626887,179837844,1125,+0.50,112.0
2014-12-02,108.5,112.0,108.5,110.5,1188451,131090061,801,-1.50,110.5
2014-12-03,112.0,118.0,111.0,117.0,3980954,463471618,2339,+6.50,117.0
2014-12-04,117.0,119.0,115.0,115.5,2753002,321697721,1814,-1.50,115.5
2014-12-05,114.0,116.5,113.0,114.5,1767567,203010915,1129,-1.00,114.5
2014-12-08,114.5,116.5,113.5,114.5,1318743,151215202,884, 0.00,114.5
2014-12-09,113.0,114.5,110.0,110.5,1746353,195014330,1196,-4.00,110.5
2014-12-10,110.0,113.5,109.0,110.0,1902869,211732018,1233,-0.50,110.0
2014-12-11,109.0,111.5,107.5,111.5,1807256,198346541,1105,+1.50,111.5
2014-12-12,112.5,112.5,110.0,110.0,957371,106271310,679,-1.50,110.0
2014-12-15,107.0,110.0,106.5,110.0,1161845,125759024,751, 0.00,110.0
2014-12-16,109.0,113.5,109.0,111.5,1859211,208660421,1305,+1.50,111.5
2014-12-17,112.0,112.5,110.0,111.0,1102495,122795450,800,-0.50,111.0
2014-12-18,113.0,115.5,111.0,111.0,2353046,267650606,1388, 0.00,111.0
2014-12-19,113.5,114.0,106.0,107.0,2663158,292421979,1846,-4.00,107.0
2014-12-22,107.0,109.5,107.0,109.5,665501,72144355,520,+2.50,109.5
2014-12-23,110.5,111.0,108.5,109.0,399591,43848419,304,-0.50,109.0
2014-12-24,109.0,110.5,108.5,109.5,679387,74165369,481,+0.50,109.5
2014-12-25,110.0,110.0,107.5,108.0,468143,50736368,377,-1.50,108.0
2014-12-26,108.0,109.0,107.5,108.5,370023,40072991,278,+0.50,108.5
2014-12-27,109.5,111.0,109.0,109.5,830094,91326746,524,+1.00,109.5
2014-12-29,110.0,110.5,107.5,107.5,765529,83196632,555,-2.00,107.5
2014-12-30,108.0,109.0,107.5,108.5,343841,37208328,278,+1.00,108.5
2014-12-31,109.0,109.0,106.0,108.0,1389647,149044876,807,-0.50,108.0
2015-01-05,106.0,109.0,106.0,108.0,559291,60331428,359, 0.00,108.0
2015-01-06,106.0,108.5,106.0,108.5,601619,64476852,485,+0.50,108.5
2015-01-07,108.0,109.5,107.5,109.0,548462,59539358,412,+0.50,109.0
2015-01-08,110.0,112.5,109.5,111.0,1817362,202418320,1209,+2.00,111.0
2015-01-09,112.0,113.0,110.0,111.0,856679,95252869,570, 0.00,111.0
2015-01-12,111.0,111.0,107.0,109.0,824663,89653104,596,-2.00,109.0
2015-01-13,108.5,112.0,108.0,109.5,1101210,121761390,832,+0.50,109.5
2015-01-14,110.0,111.0,107.0,107.5,1193586,129074983,909,-2.00,107.5
2015-01-15,107.0,108.5,107.0,107.5,492939,53039438,352, 0.00,107.5
2015-01-16,107.5,108.5,104.0,104.0,1032612,109184372,806,-3.50,104.0
2015-01-19,105.5,106.0,101.0,101.0,1092700,112790800,724,-3.00,101.0
2015-01-20,102.0,105.5,97.8,104.0,1981112,200240648,1446,+3.00,104.0
2015-01-21,104.0,106.0,103.0,104.0,705727,73943968,564, 0.00,104.0
2015-01-22,105.0,105.5,103.5,104.5,359218,37457775,307,+0.50,104.5
2015-01-23,106.0,107.5,105.5,106.0,1097841,117092723,755,+1.50,106.0
2015-01-26,106.0,106.5,105.0,105.5,268973,28507149,215,-0.50,105.5
2015-01-27,106.5,108.0,106.0,106.0,689021,73904247,543,+0.50,106.0
2015-01-28,105.5,108.5,105.5,107.0,834678,89805546,579,+1.00,107.0
2015-01-29,106.5,107.5,105.0,105.5,381850,40448000,275,-1.50,105.5
2015-01-30,107.0,107.5,105.5,105.5,324363,34554478,268, 0.00,105.5
2015-02-02,106.0,107.0,105.0,105.0,201211,21289655,172,-0.50,105.0
2015-02-03,106.0,107.5,105.5,105.5,336417,35778991,275,+0.50,105.5
2015-02-04,107.5,108.0,106.5,107.5,549476,58963432,438,+2.00,107.5
2015-02-05,107.5,108.0,105.0,105.5,706238,75045490,588,-2.00,105.5
2015-02-06,107.0,108.5,106.5,108.5,1154127,124498216,814,+3.00,108.5
2015-02-09,108.5,113.0,108.0,112.5,2611473,290219476,1860,+4.00,112.5
2015-02-10,113.5,114.0,111.0,111.0,1316639,147753106,951,-1.50,111.0
2015-02-11,112.0,112.5,110.0,110.5,767882,85233957,602,-0.50,110.5
2015-02-12,110.0,110.5,108.5,109.0,850927,92824576,593,-1.50,109.0
2015-02-13,109.5,109.5,107.0,107.0,780455,84258685,632,-2.00,107.0
2015-02-24,108.5,108.5,107.0,108.0,578462,62351396,475,+1.00,108.0
2015-02-25,109.0,112.5,108.0,112.0,2100488,233966905,1328,+4.00,112.0
2015-02-26,112.0,113.5,111.0,113.0,887143,99746516,707,+1.00,113.0
2015-03-02,113.0,113.0,110.5,111.5,694271,77657581,477,-1.50,111.5
2015-03-03,111.5,119.0,111.5,119.0,4969483,578495215,3332,+7.50,119.0
2015-03-04,118.5,120.0,117.0,120.0,2641442,312643598,1885,+1.00,120.0
2015-03-05,120.0,122.5,118.5,119.0,2809804,338589767,2003,-1.00,119.0
2015-03-06,120.0,122.0,119.0,121.0,2088889,251981111,1448,+2.00,121.0
2015-03-09,120.0,125.0,119.5,122.0,2738694,334816168,1811,+1.00,122.0
2015-03-10,122.0,123.5,117.5,118.0,2296796,273774928,1662,-4.00,118.0
2015-03-11,116.5,119.0,115.5,117.5,1027118,120482306,719,-0.50,117.5
2015-03-12,118.0,121.5,118.0,118.5,1557814,186107052,1024,+1.00,118.5
2015-03-13,119.0,120.0,118.0,118.0,730848,86895216,550,-0.50,118.0
2015-03-16,117.0,119.0,114.0,118.0,1702216,198408988,1243, 0.00,118.0
2015-03-17,119.0,120.0,116.0,117.0,1275613,150536221,869,-1.00,117.0
2015-03-18,117.5,119.0,116.0,116.0,1422044,166583104,938,-1.00,116.0
2015-03-19,118.0,119.5,116.5,117.5,1746284,205434728,1222,+1.50,117.5
2015-03-20,117.0,122.0,116.5,122.0,4038234,482378048,2649,+4.50,122.0
2015-03-23,124.0,125.0,122.0,122.5,5730102,709503487,3309,+0.50,122.5
2015-03-24,124.0,131.0,123.5,131.0,6583071,847395301,4028,+8.50,131.0
2015-03-25,135.0,136.5,131.5,132.0,6150089,824542248,3690,+1.00,132.0
2015-03-26,131.0,134.0,128.5,131.0,2989526,392363406,2064,-1.00,131.0
2015-03-27,132.0,133.0,127.0,127.0,2578359,332696904,1799,-4.00,127.0
2015-03-30,127.0,128.5,122.0,122.5,2285090,283460020,1468,-4.50,122.5
2015-03-31,125.0,130.0,124.0,129.0,2432207,308563203,1519,+6.50,129.0
2015-04-01,127.5,129.0,126.5,128.0,1606982,205613702,972,-1.00,128.0
2015-04-02,129.5,136.0,129.0,134.0,3962998,528206718,2652,+6.00,134.0
2015-04-07,137.0,143.0,136.5,139.5,4175804,586099126,2953,+5.50,139.5
2015-04-08,138.0,140.0,135.0,135.5,2000947,273763811,1494,-4.00,135.5
2015-04-09,135.5,139.0,131.0,131.0,2604892,350997352,1818,-4.50,131.0
2015-04-10,132.0,134.0,130.0,131.5,1484152,195225985,1010,+0.50,131.5
2015-04-13,133.0,136.5,131.5,134.0,1810564,243628576,1524,+2.50,134.0
2015-04-14,135.0,137.5,134.0,135.0,1076397,146528595,870,+1.00,135.0
2015-04-15,135.0,137.0,134.0,135.5,1204576,162839538,921,+0.50,135.5
2015-04-16,137.5,141.0,136.5,137.0,3273068,454736816,2213,+1.50,137.0
2015-04-17,137.5,138.0,136.0,137.0,1077398,147489526,683, 0.00,137.0
2015-04-20,139.0,139.0,135.5,137.5,910965,125049182,599,+0.50,137.5
2015-04-21,137.0,137.5,128.0,128.5,2664971,347082259,1688,-9.00,128.5
2015-04-22,129.0,133.0,129.0,130.5,1234691,161253172,785,+2.00,130.5
2015-04-23,133.0,134.5,131.5,131.5,894606,118821685,668,+1.00,131.5
2015-04-24,133.0,134.0,126.0,130.0,1999941,257415830,1478,-1.50,130.0
2015-04-27,132.5,132.5,126.5,129.0,1637919,210323051,1127,-1.00,129.0
2015-04-28,132.0,135.0,130.5,130.5,3213911,426574379,2261,+1.50,130.5
2015-04-29,130.0,130.0,128.0,128.5,1473002,189899758,1058,-2.00,128.5
2015-04-30,129.5,132.0,127.0,132.0,1542213,199927616,1204,+3.50,132.0
2015-05-04,133.0,133.5,129.0,130.0,1104446,144553480,779,-2.00,130.0
2015-05-05,131.5,136.0,130.5,136.0,3520314,473831704,2588,+6.00,136.0
2015-05-06,136.0,138.5,133.5,137.5,2426004,330253548,1695,+1.50,137.5
2015-05-07,138.0,139.0,133.5,133.5,1978355,270331889,1305,-4.00,133.5
2015-05-08,136.0,136.0,133.0,133.0,1278600,172201800,930,-0.50,133.0
2015-05-11,135.0,135.0,127.5,130.0,1760901,228653078,1292,-3.00,130.0
2015-05-12,131.0,131.5,128.5,130.0,864637,112126810,703, 0.00,130.0
2015-05-13,131.0,134.5,130.0,133.5,1460522,193395682,1100,+3.50,133.5
2015-05-14,134.0,134.5,132.0,133.0,845091,112692146,690,-0.50,133.0
2015-05-15,134.0,136.5,133.0,136.0,1699580,229329880,1244,+3.00,136.0
2015-05-18,137.0,137.5,131.5,132.0,1534565,205560145,1157,-4.00,132.0
2015-05-19,132.0,138.0,132.0,138.0,2743199,374002462,1859,+6.00,138.0
2015-05-20,138.0,145.0,135.5,144.0,5597697,793983991,4027,+6.00,144.0
2015-05-21,144.0,148.0,141.0,141.5,5489655,795101173,3875,-2.50,141.5
2015-05-22,142.0,145.0,142.0,142.5,2052223,294274268,1543,+1.00,142.5
2015-05-25,144.0,147.0,143.0,144.0,2142931,310956064,1483,+1.50,144.0
2015-05-26,145.0,145.5,141.5,142.0,1403993,200765506,1066,-2.00,142.0
2015-05-27,143.0,146.0,142.0,146.0,2157482,311202372,1592,+4.00,146.0
2015-05-28,147.0,147.0,143.0,143.5,1726062,249831884,1315,-2.50,143.5
2015-05-29,144.5,150.5,144.0,146.5,4825196,715555696,3332,+3.00,146.5
2015-06-01,148.0,152.5,143.5,151.0,2982769,444064222,2313,+4.50,151.0
2015-06-02,151.5,158.5,151.0,151.5,6383331,988708481,4284,+0.50,151.5
2015-06-03,154.0,154.5,148.5,148.5,2607181,394266872,1828,-3.00,148.5
2015-06-04,147.5,150.5,144.0,146.0,3106430,455608780,2139,-2.50,146.0
2015-06-05,148.0,151.5,146.5,151.5,2497223,372400268,1859,+5.50,151.5
2015-06-08,150.5,153.5,148.5,150.0,2080963,314437450,1591,-1.50,150.0
2015-06-09,152.0,157.5,151.0,151.0,5772499,893251849,3806,+1.00,151.0
2015-06-10,156.0,158.5,153.0,155.0,3444511,536134194,2411,+4.00,155.0
2015-06-11,155.0,162.0,152.5,160.0,4225115,666016285,3156,+5.00,160.0
2015-06-12,160.0,161.0,156.0,156.5,2317803,367016159,1721,-3.50,156.5
2015-06-15,157.0,158.0,152.5,153.0,1337841,206986083,1046,-3.50,153.0
2015-06-16,154.5,154.5,149.0,151.5,1229867,185860346,942,-1.50,151.5
2015-06-17,153.0,153.5,149.0,149.0,1077899,162929951,840,-2.50,149.0
2015-06-18,151.0,157.5,151.0,157.0,2820511,437146957,2030,+8.00,157.0
2015-06-22,161.0,161.0,156.5,157.5,2041113,323526786,1568,+0.50,157.5
2015-06-23,159.0,163.0,158.0,160.0,2725503,437754977,1960,+2.50,160.0
2015-06-24,162.0,165.0,161.5,163.5,3086357,504684191,2273,+3.50,163.5
2015-06-25,164.5,165.5,161.5,164.0,1916293,313714052,1479,+0.50,164.0
2015-06-26,165.0,167.0,163.0,163.0,1428527,236067401,1107,-1.00,163.0
2015-06-29,162.0,162.0,156.5,159.0,1533414,244452526,1139,-4.00,159.0
2015-06-30,159.5,166.0,158.5,166.0,1537152,250961639,1280,+7.00,166.0
2015-07-01,168.5,182.0,168.5,177.0,4852201,856565077,3611,+11.00,177.0
2015-07-02,181.0,187.5,177.5,186.0,4801719,880650234,3625,+9.00,186.0
2015-07-03,192.0,193.5,186.0,186.5,4315485,819890919,3326,+0.50,186.5
2015-07-06,187.0,191.5,186.0,186.5,2122423,399646376,1548, 0.00,186.5
2015-07-07,192.0,194.0,185.0,187.0,2886618,547618566,2210,+0.50,187.0
2015-07-08,183.0,183.5,168.5,169.0,4543694,785252286,3263,-18.00,169.0
2015-07-09,159.0,173.0,152.5,172.0,3885389,634545908,2945,+3.00,172.0
2015-07-13,175.5,180.0,173.0,176.0,2282201,403504376,1718,+4.00,176.0
2015-07-14,178.5,182.0,175.0,175.0,1728382,309289850,1373,-1.00,175.0
2015-07-15,178.0,179.0,175.0,177.0,1108808,196049516,875,+2.00,177.0
2015-07-16,176.0,184.0,173.5,184.0,2613674,471038342,2058,+7.00,184.0
2015-07-17,187.0,189.5,180.5,180.5,2607670,481851430,2008,-3.50,180.5
2015-07-20,184.0,184.5,170.0,175.0,2442084,431106700,1864,-5.50,175.0
2015-07-21,177.0,177.0,165.5,168.0,2468236,416212648,1888,-7.00,168.0
2015-07-22,165.5,166.5,154.0,154.5,3694425,583797450,2595,-13.50,154.5
2015-07-23,156.5,160.0,152.5,156.5,2521611,393416816,1796,+2.00,156.5
2015-07-24,159.0,159.0,150.5,150.5,1300319,200999506,954,-6.00,150.5
2015-07-27,148.0,149.0,135.5,135.5,3099424,434483164,1976,-15.00,135.5
2015-07-28,135.0,146.0,128.0,144.0,3058558,422978852,2257,+8.50,144.0
2015-07-29,138.0,142.5,136.0,138.0,3427489,476456647,2331,X0.00,138.0
2015-07-30,139.0,146.5,139.0,144.0,3346207,480203808,2326,+6.00,144.0
2015-07-31,144.0,145.5,139.0,142.0,2203970,313499133,1672,-2.00,142.0
2015-08-03,140.0,140.5,131.5,132.0,2309679,312983665,1816,-10.00,132.0
2015-08-04,134.0,138.0,129.0,134.0,2519289,337718015,1920,+2.00,134.0
2015-08-05,136.0,145.0,135.5,145.0,3499274,493112230,2458,+11.00,145.0
2015-08-06,140.5,140.5,130.5,130.5,4478070,602212128,3141,-14.50,130.5
2015-08-07,123.0,130.0,120.0,128.0,2753059,345416580,2068,-2.50,128.0
2015-08-10,128.0,134.0,124.0,131.5,2883727,374787145,2291,+3.50,131.5
2015-08-11,133.5,137.0,124.0,124.0,3449346,451529404,2635,-7.50,124.0
2015-08-12,124.0,130.5,122.5,130.0,3895494,497096720,2697,+6.00,130.0
2015-08-13,132.5,134.5,129.0,132.0,2072143,273345376,1516,+2.00,132.0
2015-08-14,133.5,135.5,131.5,135.0,1484481,198577416,1161,+3.00,135.0
2015-08-17,133.0,133.0,128.0,128.0,2512658,325798540,1853,-7.00,128.0
2015-08-18,131.5,140.5,131.5,140.5,5454895,749756242,3980,+12.50,140.5
2015-08-19,144.0,149.0,142.0,144.5,5721816,831976820,4106,+4.00,144.5
2015-08-20,142.0,145.0,138.5,140.0,3371995,476458795,2628,-4.50,140.0
2015-08-21,135.0,136.5,128.5,128.5,3277337,434072310,2462,-11.50,128.5
2015-08-24,125.0,126.0,116.0,116.0,3829510,454601680,2442,-12.50,116.0
2015-08-25,111.0,121.0,111.0,119.5,3900581,456077801,2855,+3.50,119.5
2015-08-26,119.0,123.0,116.5,120.5,2848260,342543720,2070,+1.00,120.5
2015-08-27,124.0,127.5,123.5,123.5,3079206,386804044,2298,+3.00,123.5
2015-08-28,131.5,135.5,130.0,135.5,5099886,684554048,2931,+12.00,135.5
2015-08-31,137.0,137.5,134.5,137.0,2764513,375699268,2018,+1.50,137.0
2015-09-01,136.0,139.0,134.0,137.0,1988779,272674444,1634, 0.00,137.0
2015-09-02,132.0,137.0,132.0,136.5,2061751,276983734,1611,-0.50,136.5
2015-09-03,141.0,144.0,138.0,138.0,3414339,481082943,2673,+1.50,138.0
2015-09-04,140.0,140.5,135.0,135.0,1761446,243485264,1457,-3.00,135.0
2015-09-07,133.0,136.5,133.0,136.5,1037703,140247608,797,+1.50,136.5
2015-09-08,137.5,142.5,137.0,140.0,1995642,280269380,1568,+3.50,140.0
2015-09-09,144.0,145.5,141.5,141.5,2187666,313379712,1583,+1.50,141.5
2015-09-10,141.0,146.5,140.5,146.0,2359651,340258546,1909,+4.50,146.0
2015-09-11,147.0,148.0,144.5,144.5,2180459,319212810,1519,-1.50,144.5
2015-09-14,147.0,150.5,146.0,147.0,2722726,403745496,2120,+2.50,147.0
2015-09-15,149.0,152.0,143.0,145.0,2154944,317431395,1714,-2.00,145.0
2015-09-16,147.0,147.5,141.0,142.0,1639538,234858396,1251,-3.00,142.0
2015-09-17,145.0,146.5,141.5,142.0,1900636,273053812,1371, 0.00,142.0
2015-09-18,144.0,149.5,142.0,147.0,3594285,525855895,2480,+5.00,147.0
2015-09-21,145.5,146.0,143.5,143.5,1228297,177146412,964,-3.50,143.5
2015-09-22,145.5,147.0,143.5,144.5,980346,142350990,760,+1.00,144.5
2015-09-23,142.5,144.0,138.0,138.5,1081902,152361878,896,-6.00,138.5
2015-09-24,140.0,143.0,136.0,138.0,1789504,248844552,1360,-0.50,138.0
2015-09-25,140.0,140.0,136.0,138.5,1003394,138602562,736,+0.50,138.5
2015-09-30,136.0,143.0,135.0,142.5,1479455,207524610,1252,+4.00,142.5
2015-10-01,144.5,156.0,144.5,153.5,5780490,876797178,4101,+11.00,153.5
2015-10-02,153.0,156.0,150.5,152.5,2943991,451773609,2175,-1.00,152.5
2015-10-05,157.0,161.5,155.5,159.5,3515981,558925940,2518,+7.00,159.5
2015-10-06,169.5,173.0,158.0,158.0,4282230,703942340,3254,-1.50,158.0
2015-10-07,159.0,162.0,157.0,161.0,2308455,368360755,1820,+3.00,161.0
2015-10-08,160.0,160.0,149.0,152.0,3061883,471053645,2394,-9.00,152.0
2015-10-12,151.5,155.0,148.5,155.0,1821706,276999930,1553,+3.00,155.0
2015-10-13,154.0,154.5,152.0,152.5,1045873,160181069,833,-2.50,152.5
2015-10-14,155.0,157.5,151.0,151.5,1786053,275701556,1423,-1.00,151.5
2015-10-15,152.5,154.5,150.5,153.5,1372449,210375197,1055,+2.00,153.5
2015-10-16,154.5,158.0,153.5,153.5,2155319,334655958,1739, 0.00,153.5
2015-10-19,154.5,157.0,152.0,152.5,1391789,214833319,1092,-1.00,152.5
2015-10-20,154.0,154.5,152.5,153.5,559083,85768235,492,+1.00,153.5
2015-10-21,151.0,152.0,147.0,148.5,2255370,336404434,1773,-5.00,148.5
2015-10-22,147.0,147.0,140.5,146.5,3413399,491180653,2649,-2.00,146.5
2015-10-23,148.0,149.0,143.5,144.0,2046370,298567280,1630,-2.50,144.0
2015-10-26,146.0,150.0,144.0,150.0,2063113,304866337,1703,+6.00,150.0
2015-10-27,152.0,154.0,149.5,150.0,1851736,280299900,1503, 0.00,150.0
2015-10-28,150.0,152.0,148.0,150.5,1251047,188225521,945,+0.50,150.5
2015-10-29,152.5,153.0,150.5,151.0,1333636,202218536,1100,+0.50,151.0
2015-10-30,152.0,152.5,144.0,147.0,1536744,225540868,1303,-4.00,147.0
2015-11-02,147.0,148.0,143.0,147.0,1226863,179264861,975, 0.00,147.0
2015-11-03,149.5,153.0,148.5,150.0,2156987,325172550,1740,+3.00,150.0
2015-11-04,153.5,157.0,151.5,157.0,4299801,669289757,3109,+7.00,157.0
2015-11-05,157.5,159.0,153.0,154.0,2355644,367065176,1769,-3.00,154.0
2015-11-06,153.0,155.0,150.0,150.5,1269880,193180500,1020,-3.50,150.5
2015-11-09,150.5,150.5,140.5,141.5,5217321,749670416,4042,-9.00,141.5
2015-11-10,138.5,143.5,137.5,138.5,2996209,417101438,2387,-3.00,138.5
2015-11-11,138.0,139.5,131.5,132.0,2530996,343263968,2023,-6.50,132.0
2015-11-12,134.0,137.0,132.5,137.0,2211303,299160617,1801,+5.00,137.0
2015-11-13,134.0,137.5,133.0,136.0,1009076,136543372,843,-1.00,136.0
2015-11-16,133.5,136.0,132.0,135.0,1039330,139633050,878,-1.00,135.0
2015-11-17,139.0,141.0,138.5,139.0,1324615,184864985,1136,+4.00,139.0
2015-11-18,139.5,144.5,137.5,142.0,2306083,325175786,1829,+3.00,142.0
2015-11-19,145.5,146.0,142.0,142.0,2250805,323857810,1810, 0.00,142.0
2015-11-20,143.5,144.0,141.0,141.0,1391613,197727125,1124,-1.00,141.0
2015-11-23,142.5,143.5,140.5,141.5,1353307,191524630,1081,+0.50,141.5
2015-11-24,142.0,142.5,135.5,136.0,1602001,221211137,1269,-5.50,136.0
2015-11-25,137.0,138.0,135.0,138.0,852213,116568181,729,+2.00,138.0
2015-11-26,142.0,143.0,139.5,139.5,1608663,227312157,1269,+1.50,139.5
2015-11-27,140.5,141.0,137.0,137.5,812987,112433219,673,-2.00,137.5
2015-11-30,137.0,141.0,135.5,139.5,906823,125788303,702,+2.00,139.5
2015-12-01,139.5,141.5,138.5,139.5,1400652,195584628,1135, 0.00,139.5
2015-12-02,142.0,142.0,136.0,136.0,2393537,330238532,1837,-3.50,136.0
2015-12-03,136.0,141.0,135.0,139.5,2252272,312957440,1791,+3.50,139.5
2015-12-04,139.5,140.5,137.5,140.0,870217,121091762,713,+0.50,140.0
2015-12-07,142.0,147.5,140.5,145.0,4761586,688478470,3365,+5.00,145.0
2015-12-08,146.0,146.5,141.0,141.0,1991464,284815690,1545,-4.00,141.0
2015-12-09,140.5,141.5,137.0,138.0,1346360,186840180,1062,-3.00,138.0
2015-12-10,138.5,141.5,137.0,139.5,808749,112602982,643,+1.50,139.5
2015-12-11,140.0,142.0,136.0,137.0,1292516,180054676,954,-2.50,137.0
2015-12-14,135.0,135.5,130.0,135.0,1677565,224179710,1258,-2.00,135.0
2015-12-15,136.0,139.5,136.0,137.0,1019138,140166044,762,+2.00,137.0
2015-12-16,139.0,141.0,136.0,141.0,1543716,215413240,1141,+4.00,141.0
2015-12-17,144.0,146.0,143.0,144.0,3450034,499198869,2513,+3.00,144.0
2015-12-18,144.0,145.5,142.0,144.0,1168972,168573468,943, 0.00,144.0
2015-12-21,144.0,149.0,143.0,147.5,2389920,351432687,1839,+3.50,147.5
2015-12-22,148.5,149.0,145.0,145.0,1473440,215430800,1159,-2.50,145.0
2015-12-23,147.0,147.0,143.0,143.0,904544,131350292,672,-2.00,143.0
2015-12-24,143.0,144.5,140.0,140.0,842683,119276937,623,-3.00,140.0
2015-12-25,140.0,143.5,139.5,143.5,528699,74911303,398,+3.50,143.5
2015-12-28,145.0,146.5,144.0,144.5,1046049,151973577,806,+1.00,144.5
2015-12-29,146.0,146.0,143.5,144.5,689011,99487588,526, 0.00,144.5
2015-12-30,146.0,146.5,144.5,145.5,974047,141680285,793,+1.00,145.5
2015-12-31,145.5,148.0,145.5,146.0,1360361,199629345,1002,+0.50,146.0
2016-01-04,146.5,154.5,145.0,148.5,5105866,766454591,3363,+2.50,148.5
2016-01-05,149.0,150.0,145.5,146.0,2895281,427117026,1922,-2.50,146.0
2016-01-06,150.0,151.0,147.0,148.5,3947480,588651772,2586,+2.50,148.5
2016-01-07,148.5,149.5,142.0,144.5,2683073,391462544,1915,-4.00,144.5
2016-01-08,145.0,151.5,144.0,150.0,3126294,465122100,2225,+5.50,150.0
2016-01-11,148.5,152.5,145.5,151.0,2523417,376922467,1805,+1.00,151.0
2016-01-12,152.0,158.0,143.5,145.5,6159092,942225380,4393,-5.50,145.5
2016-01-13,149.0,150.5,147.0,149.0,2176697,324278853,1617,+3.50,149.0
2016-01-14,145.0,147.5,141.0,145.0,2344880,339010155,1877,-4.00,145.0
2016-01-15,147.0,148.0,139.0,140.5,2018059,288332781,1573,-4.50,140.5
2016-01-18,137.5,145.0,135.0,145.0,2580965,365156460,1735,+4.50,145.0
2016-01-19,145.0,148.5,143.0,146.0,1865141,272017586,1327,+1.00,146.0
2016-01-20,143.5,145.0,139.0,139.0,1577052,224134698,1353,-7.00,139.0
2016-01-21,139.0,142.0,137.0,138.0,2497893,347685234,1592,-1.00,138.0
2016-01-22,142.0,144.0,140.5,144.0,1884998,267815712,1459,+6.00,144.0
2016-01-25,146.0,153.0,145.5,151.0,4495093,676534543,3273,+7.00,151.0
2016-01-26,150.0,158.5,150.0,155.0,4651872,723906660,3227,+4.00,155.0
2016-01-27,158.0,162.0,155.5,156.0,4119552,652928612,3037,+1.00,156.0
2016-01-28,157.0,160.5,157.0,157.5,2666370,423152260,2093,+1.50,157.5
2016-01-29,161.0,162.5,157.5,159.5,2892744,463158149,2164,+2.00,159.5
2016-01-30,161.0,161.5,155.5,156.5,1848478,290822301,1427,-3.00,156.5
2016-02-01,157.5,158.0,154.0,155.5,1143404,178848620,853,-1.00,155.5
2016-02-02,156.0,158.5,155.0,157.0,1073239,168738023,828,+1.50,157.0
2016-02-03,157.0,159.0,156.0,158.5,1590961,250948338,1247,+1.50,158.5
2016-02-15,155.5,159.0,155.5,157.0,1560168,245374708,1111,-1.50,157.0
2016-02-16,157.0,168.0,157.0,166.5,4262527,695205982,3223,+9.50,166.5
2016-02-17,168.0,168.5,163.0,164.5,2642326,436736111,2025,-2.00,164.5
2016-02-18,169.0,169.0,164.0,166.5,2571019,427514154,2080,+2.00,166.5
2016-02-19,166.5,167.0,164.0,166.5,1224902,202707777,980, 0.00,166.5
2016-02-22,168.0,168.0,162.0,164.0,1457088,240685932,1018,-2.50,164.0
2016-02-23,166.0,167.5,163.0,163.0,1114139,183792657,843,-1.00,163.0
2016-02-24,163.0,167.0,161.0,167.0,1432407,234864062,1102,+4.00,167.0
2016-02-25,169.0,169.5,161.5,161.5,2023041,335175615,1479,-5.50,161.5
2016-02-26,162.5,163.5,160.5,161.5,730621,118301284,588, 0.00,161.5
2016-03-01,162.0,167.0,161.5,164.5,1743983,288362694,1162,+3.00,164.5
2016-03-02,163.5,165.5,162.5,162.5,797815,130290434,660,-2.00,162.5
2016-03-03,163.0,164.5,157.0,159.0,1364128,218567852,1158,-3.50,159.0
2016-03-04,160.0,161.0,157.5,159.5,972088,154750532,727,+0.50,159.5
2016-03-07,160.0,160.5,153.0,153.0,1937959,301541658,1557,-6.50,153.0
2016-03-08,153.5,158.5,153.0,156.5,1435359,224017321,1080,+3.50,156.5
2016-03-09,156.5,157.0,154.5,156.0,999557,155372392,692,-0.50,156.0
2016-03-10,157.0,157.5,154.0,154.0,889354,138046516,636,-2.00,154.0
2016-03-11,154.0,158.0,152.5,157.0,1044713,162392728,829,+3.00,157.0
2016-03-14,158.0,164.5,157.5,162.5,2947602,478353524,1992,+5.50,162.5
2016-03-15,162.5,162.5,158.0,158.5,1445893,231621540,1043,-4.00,158.5
2016-03-16,159.5,162.5,158.5,162.5,1263266,202975955,910,+4.00,162.5
2016-03-17,163.5,164.5,161.0,163.0,1804056,293915072,1383,+0.50,163.0
2016-03-18,163.0,163.5,160.0,161.0,1369196,220822556,1048,-2.00,161.0
2016-03-21,162.5,167.0,161.0,165.5,2891300,477980000,2077,+4.50,165.5
2016-03-22,167.0,169.5,165.0,165.0,3008103,502987995,2079,-0.50,165.0
2016-03-23,166.0,166.0,162.0,162.0,1063767,174157754,808,-3.00,162.0
2016-03-24,161.0,162.5,158.5,160.5,926596,148595360,658,-1.50,160.5
2016-03-25,162.0,163.0,160.0,160.5,347800,56040000,270, 0.00,160.5
2016-03-28,162.0,165.5,160.5,164.5,961877,157266828,733,+4.00,164.5
2016-03-29,164.0,167.0,160.0,160.0,1407897,230512520,1103,-4.50,160.0
2016-03-30,162.0,164.5,160.5,163.0,677230,110082490,549,+3.00,163.0
2016-03-31,165.0,171.0,164.5,171.0,4418712,746437540,3047,+8.00,171.0
2016-04-01,171.0,181.5,169.0,177.0,5868282,1031142414,4200,+6.00,177.0
2016-04-06,190.0,194.5,190.0,194.5,5950492,1152496626,2581,+17.50,194.5
2016-04-07,195.0,201.0,186.0,188.0,9355928,1828067536,5767,-6.50,188.0
2016-04-08,187.5,205.0,186.5,205.0,6534959,1276967122,4515,+17.00,205.0
2016-04-11,202.0,204.0,197.0,198.5,2697473,539586871,2205,-6.50,198.5
2016-04-12,204.0,217.0,186.0,191.0,7708680,1561154880,5961,-7.50,191.0
2016-04-13,197.5,206.0,187.5,201.0,4661610,919673610,3589,+10.00,201.0
2016-04-14,202.5,205.0,194.5,196.0,3517038,705028448,2807,-5.00,196.0
2016-04-15,197.5,215.5,196.5,215.5,7747753,1611539895,5671,+19.50,215.5
2016-04-18,213.0,227.0,210.5,212.0,10596638,2295260256,8067,-3.50,212.0
2016-04-19,213.5,217.0,208.0,208.5,6264325,1328783247,4835,-3.50,208.5
2016-04-20,209.5,210.5,198.0,204.0,6105387,1244592948,4500,-4.50,204.0
2016-04-21,206.0,211.0,202.5,205.0,4867690,1009139950,3810,+1.00,205.0
2016-04-22,206.5,212.0,197.0,199.0,6289970,1287951530,4824,-6.00,199.0
2016-04-25,200.0,203.0,196.0,198.5,3138663,626437274,2448,-0.50,198.5
2016-04-26,201.0,205.0,200.0,202.0,2802199,567167198,2193,+3.50,202.0
2016-04-27,203.0,207.0,197.0,198.0,3611583,728888934,2810,-4.00,198.0
2016-04-28,199.5,200.5,195.0,199.0,3030133,600681967,2173,+1.00,199.0
2016-04-29,195.5,196.0,180.0,184.0,6477014,1217271590,4614,-15.00,184.0
2016-05-03,182.5,187.0,178.0,187.0,4177093,763338891,3092,+3.00,187.0
2016-05-04,183.5,187.0,181.5,184.0,2537035,466234953,1812,-3.00,184.0
2016-05-05,187.0,190.5,185.0,185.5,5049818,949162735,3426,+1.50,185.5
2016-05-06,184.5,184.5,179.0,184.0,3627299,658076815,2632,-1.50,184.0
2016-05-09,184.5,187.0,173.0,173.5,3144126,562959853,2421,-10.50,173.5
2016-05-10,174.5,179.5,172.0,179.5,2592220,458068487,1990,+6.00,179.5
2016-05-11,180.5,181.5,174.0,174.5,1869876,330600676,1410,-5.00,174.5
2016-05-12,173.5,176.0,166.0,169.5,3303610,560443389,2423,-5.00,169.5
2016-05-13,172.0,177.5,170.0,176.0,2485520,431824520,1964,+6.50,176.0
2016-05-16,174.0,177.5,171.5,173.5,1391649,243069426,1087,-2.50,173.5
2016-05-17,173.5,179.0,172.5,179.0,1760057,309123703,1283,+5.50,179.0
2016-05-18,176.5,178.5,175.0,175.5,1757580,310424785,1253,-3.50,175.5
2016-05-19,179.0,184.5,178.0,178.0,3977017,721502033,3009,+2.50,178.0
2016-05-20,181.0,182.0,176.5,181.0,1604700,287769900,1303,+3.00,181.0
2016-05-23,183.5,193.0,183.0,189.0,3998159,749659051,3099,+8.00,189.0
2016-05-24,188.0,190.0,186.0,186.0,1582940,296487280,1179,-3.00,186.0
2016-05-25,188.0,189.0,186.0,188.0,1225962,229985356,970,+2.00,188.0
2016-05-26,189.0,189.5,185.0,186.5,1007017,188289168,817,-1.50,186.5
2016-05-27,189.0,191.5,187.5,187.5,1536797,291389242,1237,+1.00,187.5
2016-05-30,188.5,194.0,186.5,191.0,2574044,490362404,2012,+3.50,191.0
2016-05-31,190.0,191.5,186.5,188.5,1331110,251017229,987,-2.50,188.5
2016-06-01,188.0,191.5,185.0,187.0,1659820,312927429,1265,-1.50,187.0
2016-06-02,187.0,187.5,180.5,182.0,1826235,335175505,1451,-5.00,182.0
2016-06-03,183.0,183.5,177.0,179.0,1339461,240442209,992,-3.00,179.0
2016-06-04,179.5,180.5,178.5,180.0,281932,50657760,263,+1.00,180.0
2016-06-06,181.5,184.0,181.0,183.5,1085057,198150513,897,+3.50,183.5
2016-06-07,184.5,186.0,181.0,181.0,993389,182526298,768,-2.50,181.0
2016-06-08,186.0,190.0,185.0,188.0,3246632,609294816,2409,+7.00,188.0
2016-06-13,183.5,184.0,178.0,180.0,1843807,332423067,1529,-8.00,180.0
2016-06-14,178.5,183.5,178.5,181.5,962320,174430560,769,+1.50,181.5
2016-06-15,183.0,183.0,179.5,181.0,618608,111797156,480,-0.50,181.0
2016-06-16,184.0,186.0,181.5,181.5,1416322,259716604,1178,+0.50,181.5
2016-06-17,183.0,184.0,181.5,183.5,568025,103954085,502,+2.00,183.5
2016-06-20,185.0,185.5,182.5,184.5,628958,115834230,561,+1.00,184.5
2016-06-21,188.5,191.5,188.5,189.5,2758522,524034388,2209,+5.00,189.5
2016-06-22,187.0,189.5,186.5,189.0,1053036,198018268,876,-0.50,189.0
2016-06-23,187.0,188.0,186.0,187.5,654225,122437300,524,-1.50,187.5
2016-06-24,187.5,188.0,176.0,179.5,1819193,329340833,1416,-8.00,179.5
2016-06-27,179.5,181.5,178.5,181.5,832381,150007961,669,+2.00,181.5
2016-06-28,183.0,186.0,182.5,186.0,1297228,239556680,954,+4.50,186.0
2016-06-29,186.5,188.5,185.5,187.5,1034603,193675457,811,+1.50,187.5
2016-06-30,190.0,199.0,190.0,197.0,4232407,826870679,3138,+9.50,197.0
2016-07-01,196.5,197.0,193.5,196.5,1788656,349062732,1445,-0.50,196.5
2016-07-04,196.5,196.5,193.0,196.0,1188343,231199228,944,-0.50,196.0
2016-07-05,195.5,197.0,191.5,193.0,1017967,197338631,813,-3.00,193.0
2016-07-06,193.0,196.0,191.5,193.0,1537251,297203313,1226, 0.00,193.0
2016-07-07,195.0,195.5,188.0,188.0,2158726,411478714,1687,-5.00,188.0
2016-07-11,188.0,188.0,181.5,183.0,2148249,394287067,1637,-5.00,183.0
2016-07-12,185.0,187.0,184.0,185.0,1611325,298980125,1230,+2.00,185.0
2016-07-13,185.5,187.0,185.0,185.0,791147,146875548,648, 0.00,185.0
2016-07-14,185.0,185.5,182.0,182.0,1062777,194464076,877,-3.00,182.0
2016-07-15,183.0,185.0,182.5,184.5,733196,134794659,583,+2.50,184.5
2016-07-18,186.0,188.5,183.5,187.0,1091885,203472495,865,+2.50,187.0
2016-07-19,190.0,192.5,188.5,191.0,1946669,370980279,1483,+4.00,191.0
2016-07-20,190.0,190.0,186.0,187.0,872631,164148366,706,-4.00,187.0
2016-07-21,189.0,190.5,188.0,189.5,844437,159780371,691,+2.50,189.5
2016-07-22,188.5,189.5,187.0,189.5,466712,87984921,368, 0.00,189.5
2016-07-25,189.5,195.0,189.5,190.0,1200008,230446012,947,+0.50,190.0
2016-07-26,192.0,192.5,190.5,192.5,748561,143439930,587,+2.50,192.5
2016-07-27,193.0,198.0,192.5,195.5,2447801,479626587,1746,+3.00,195.5
2016-07-28,197.0,197.5,194.0,195.0,948992,185607440,743,-0.50,195.0
2016-07-29,195.5,196.5,194.0,196.0,952238,186051148,690,+1.00,196.0
2016-08-01,198.0,198.5,195.0,195.5,783441,153855210,567,-0.50,195.5
2016-08-02,196.5,203.0,193.0,203.0,2376450,470335350,1727,+7.50,203.0
2016-08-03,200.0,202.0,198.0,198.5,2297402,458499998,1555,-4.50,198.5
2016-08-04,185.0,191.0,185.0,189.0,3590868,673311479,2490,X0.00,189.0
2016-08-05,191.5,192.5,189.0,191.5,1199118,229080656,932,+2.50,191.5
2016-08-08,189.0,190.5,187.5,187.5,1567170,295328960,1109,-4.00,187.5
2016-08-09,186.5,186.5,182.0,182.0,1209559,222289797,986,-5.50,182.0
2016-08-10,183.0,186.0,182.0,182.0,876538,160751416,712, 0.00,182.0
2016-08-11,183.0,183.5,179.0,181.0,950133,171487771,693,-1.00,181.0
2016-08-12,182.5,184.5,181.0,184.0,642702,117614370,488,+3.00,184.0
2016-08-15,185.5,188.0,184.0,184.0,1253723,232531614,980, 0.00,184.0
2016-08-16,185.5,186.0,183.0,184.0,973596,179659260,728, 0.00,184.0
2016-08-17,184.0,188.0,183.0,186.0,1340019,249894534,919,+2.00,186.0
2016-08-18,186.0,189.0,186.0,189.0,1642021,308287976,1170,+3.00,189.0
2016-08-19,190.0,190.5,187.0,187.0,970895,183012470,629,-2.00,187.0
2016-08-22,187.5,189.0,183.0,188.0,1137319,212323972,862,+1.00,188.0
2016-08-23,188.0,189.5,187.0,189.0,944619,178179991,585,+1.00,189.0
2016-08-24,190.0,191.0,187.0,187.0,1323527,251032130,790,-2.00,187.0
2016-08-25,186.5,188.0,185.5,186.5,1130930,210746410,811,-0.50,186.5
2016-08-26,187.0,187.5,182.5,182.5,1553447,287197758,1116,-4.00,182.5
2016-08-29,182.5,186.0,181.0,185.5,1269508,233628972,918,+3.00,185.5
2016-08-30,186.0,186.5,183.5,185.5,1270887,235763036,844, 0.00,185.5
2016-08-31,185.5,187.0,183.5,186.0,1353400,251196000,731,+0.50,186.0
2016-09-01,185.0,186.0,182.5,184.5,956401,175810898,620,-1.50,184.5
2016-09-02,183.5,183.5,179.5,183.5,1227654,222969490,767,-1.00,183.5
2016-09-05,184.0,184.0,181.0,183.0,438928,80143785,356,-0.50,183.0
2016-09-06,183.0,185.5,182.5,183.5,1028915,189213397,755,+0.50,183.5
2016-09-07,184.0,185.0,183.0,184.5,757560,139197600,560,+1.00,184.5
2016-09-08,184.0,187.5,184.0,185.0,797365,148389025,849,+0.50,185.0
2016-09-09,184.0,184.0,181.5,182.5,425590,77693790,461,-2.50,182.5
2016-09-10,180.0,181.5,178.0,181.5,679197,122214038,613,-1.00,181.5
2016-09-12,180.0,182.0,179.0,179.0,559925,100806575,493,-2.50,179.0
2016-09-13,179.0,179.0,163.5,166.0,4640897,786665826,3407,-13.00,166.0
2016-09-14,165.0,167.5,163.5,167.5,2026584,335488112,1435,+1.50,167.5
2016-09-19,169.0,173.0,169.0,171.0,2087533,356113643,1266,+3.50,171.0
2016-09-20,171.0,172.5,168.5,172.5,976579,166377509,796,+1.50,172.5
2016-09-21,171.0,174.0,170.5,172.5,770896,132870658,617, 0.00,172.5
2016-09-22,174.0,174.0,165.0,168.0,2607732,435783744,2049,-4.50,168.0
2016-09-23,168.0,170.5,166.5,169.0,1070163,180516884,853,+1.00,169.0
2016-09-26,168.0,170.0,167.5,168.0,368200,62037100,340,-1.00,168.0
2016-09-29,168.5,169.5,164.0,164.5,1253467,207505313,910,-3.50,164.5
2016-09-30,162.0,163.5,159.0,163.5,1943488,313601544,1460,-1.00,163.5
2016-10-03,166.0,169.5,164.5,168.0,1504836,252049612,1120,+4.50,168.0
2016-10-04,172.0,174.0,168.5,168.5,2286241,392234594,1692,+0.50,168.5
2016-10-05,168.5,169.5,168.0,168.5,879913,148529971,727, 0.00,168.5
2016-10-06,168.5,169.0,166.5,167.0,1492341,249900447,658,-1.50,167.0
2016-10-07,167.0,168.0,165.5,167.0,949316,158729772,632, 0.00,167.0
2016-10-11,168.5,169.0,163.5,164.5,849494,140704266,627,-2.50,164.5
2016-10-12,164.5,166.5,162.5,162.5,658722,107954464,541,-2.00,162.5
2016-10-13,163.0,165.0,159.5,159.5,870106,140432354,719,-3.00,159.5
2016-10-14,160.0,164.5,159.5,161.0,1117232,181028229,908,+1.50,161.0
2016-10-17,163.0,164.5,161.0,163.0,909292,148208596,704,+2.00,163.0
2016-10-18,162.5,162.5,154.0,157.5,3513211,549257878,2485,-5.50,157.5
2016-10-19,158.0,158.5,153.0,155.0,1695504,263390616,1279,-2.50,155.0
2016-10-20,155.5,157.0,151.5,153.0,1418270,217682040,1104,-2.00,153.0
2016-10-21,152.5,155.5,152.5,155.0,863504,133586120,672,+2.00,155.0
2016-10-24,156.5,157.0,155.0,157.0,407387,63599372,351,+2.00,157.0
2016-10-25,154.5,155.0,153.0,155.0,1044804,160910120,783,-2.00,155.0
2016-10-26,154.0,156.0,153.5,156.0,565169,87671695,455,+1.00,156.0
2016-10-27,161.0,164.5,159.0,160.5,2782080,450080834,2103,+4.50,160.5
2016-10-28,159.0,159.0,156.5,158.0,951403,150170674,761,-2.50,158.0
2016-10-31,156.0,161.0,156.0,160.0,651768,103248880,506,+2.00,160.0
2016-11-01,159.0,159.0,157.5,158.0,297246,47077368,269,-2.00,158.0
2016-11-02,152.0,154.5,148.5,148.5,1748571,264751787,1295,-9.50,148.5
2016-11-03,147.5,149.5,140.5,144.5,1733550,249995150,1210,-4.00,144.5
2016-11-04,143.0,146.5,142.0,143.5,1093990,157991561,787,-1.00,143.5
2016-11-07,145.0,146.5,142.5,144.5,667383,95968454,534,+1.00,144.5
2016-11-08,145.0,145.5,136.5,145.0,2369283,334161035,1675,+0.50,145.0
2016-11-09,144.5,146.0,131.0,134.0,2158191,296046094,1508,-11.00,134.0
2016-11-10,141.0,145.5,139.5,144.5,1798506,256018110,1261,+10.50,144.5
2016-11-11,140.0,144.0,140.0,142.0,864607,122476694,666,-2.50,142.0
2016-11-14,142.0,148.0,140.0,146.0,929943,134345678,679,+4.00,146.0
2016-11-15,143.0,146.0,143.0,145.5,642598,92785210,481,-0.50,145.5
2016-11-16,146.5,148.0,144.0,145.0,528726,77027902,422,-0.50,145.0
2016-11-17,145.0,145.5,142.5,144.0,497547,71765492,378,-1.00,144.0
2016-11-18,145.0,147.5,143.5,147.5,788911,115046870,609,+3.50,147.5
2016-11-21,147.0,148.0,146.0,147.0,344059,50609673,307,-0.50,147.0
2016-11-22,148.0,154.0,147.0,154.0,1530711,231142494,1157,+7.00,154.0
2016-11-23,155.0,156.5,152.0,152.5,1220743,188138436,903,-1.50,152.5
2016-11-24,152.0,153.5,151.5,152.5,368767,56281084,315, 0.00,152.5
2016-11-25,153.5,154.5,152.0,153.5,582709,89166977,446,+1.00,153.5
2016-11-28,156.0,157.5,153.5,153.5,857855,133070815,661, 0.00,153.5
2016-11-29,154.5,156.0,153.5,154.0,441199,68174545,307,+0.50,154.0
2016-11-30,154.0,155.0,153.0,153.5,471963,72633339,375,-0.50,153.5
2016-12-01,154.0,155.0,151.5,153.5,462837,70844735,312, 0.00,153.5
2016-12-02,151.5,153.0,150.5,153.0,377199,57359248,274,-0.50,153.0
2016-12-05,154.0,158.0,153.0,157.0,842247,131400032,658,+4.00,157.0
2016-12-06,157.0,159.5,155.5,159.0,957368,150922644,745,+2.00,159.0
2016-12-07,159.0,160.5,158.0,158.0,593896,94314172,455,-1.00,158.0
2016-12-08,160.0,160.5,157.0,157.0,596688,94619328,453,-1.00,157.0
2016-12-09,157.0,161.0,157.0,160.5,636898,101284226,451,+3.50,160.5
2016-12-12,161.0,170.0,161.0,166.0,2576493,428730085,1974,+5.50,166.0
2016-12-13,166.0,167.0,163.0,167.0,1298300,214653800,903,+1.00,167.0
2016-12-14,167.0,169.0,165.0,167.0,1157023,193893318,904, 0.00,167.0
2016-12-15,166.0,168.0,163.5,168.0,762344,126736448,633,+1.00,168.0
2016-12-16,166.0,167.5,165.0,165.0,684065,113541725,468,-3.00,165.0
2016-12-19,165.0,170.0,164.5,168.0,1197519,201379927,899,+3.00,168.0
2016-12-20,167.5,169.0,166.0,168.5,623247,104480124,460,+0.50,168.5
2016-12-21,168.5,172.5,166.5,166.5,1643502,279044832,1184,-2.00,166.5
2016-12-22,167.0,168.5,166.0,166.5,567938,94913239,447, 0.00,166.5
2016-12-23,166.0,167.0,164.0,165.0,642400,106217100,484,-1.50,165.0
2016-12-26,165.5,167.0,163.5,165.0,369507,61081148,316, 0.00,165.0
2016-12-27,165.5,165.5,164.5,164.5,197927,32674488,177,-0.50,164.5
2016-12-28,166.0,168.0,166.0,167.5,463657,77614062,355,+3.00,167.5
2016-12-29,166.5,167.5,165.5,165.5,554769,92073885,458,-2.00,165.5
2016-12-30,166.5,168.0,165.5,166.5,393880,65636138,286,+1.00,166.5
2017-01-03,167.0,170.5,166.5,168.5,974825,164987100,650,+2.00,168.5
2017-01-04,168.0,170.5,168.0,169.5,473302,80285038,404,+1.00,169.5
2017-01-05,171.5,174.0,171.5,172.5,1768438,306147336,1275,+3.00,172.5
2017-01-06,175.0,178.0,174.5,175.5,2213825,389875875,1489,+3.00,175.5
2017-01-09,178.0,179.5,171.5,171.5,1663770,292049670,1190,-4.00,171.5
2017-01-10,173.0,174.0,171.5,172.5,583348,100595008,434,+1.00,172.5
2017-01-11,175.0,175.5,170.5,170.5,1314406,226839020,926,-2.00,170.5
2017-01-12,170.5,171.5,169.0,170.5,677749,115284454,570, 0.00,170.5
2017-01-13,170.5,171.0,168.5,168.5,503543,85289991,339,-2.00,168.5
2017-01-16,171.0,171.0,168.5,169.5,408696,69542820,342,+1.00,169.5
2017-01-17,170.0,170.5,168.5,170.0,295749,50195581,242,+0.50,170.0
2017-01-18,169.0,169.5,166.5,168.0,829527,139048509,679,-2.00,168.0
2017-01-19,167.5,168.0,164.5,164.5,910443,151015095,736,-3.50,164.5
2017-01-20,165.0,167.5,165.0,166.0,908492,151235672,670,+1.50,166.0
2017-01-23,166.5,168.0,163.0,163.0,1062983,175481216,767,-3.00,163.0
2017-01-24,166.0,166.0,163.5,165.0,747314,123382996,626,+2.00,165.0
2017-02-02,165.5,168.5,165.0,168.0,1050812,175706506,821,+3.00,168.0
2017-02-03,169.0,173.5,168.0,170.0,1571846,268302974,1155,+2.00,170.0
2017-02-06,170.0,171.0,169.0,170.0,756918,128704560,655, 0.00,170.0
2017-02-07,166.0,168.0,166.0,166.5,1218964,203424500,905,-3.50,166.5
2017-02-08,166.0,170.0,166.0,168.5,854399,144195329,602,+2.00,168.5
2017-02-09,169.5,174.5,169.5,173.0,1830334,316771782,1285,+4.50,173.0
2017-02-10,177.0,177.5,171.0,171.5,1378135,241522146,1041,-1.50,171.5
2017-02-13,173.0,181.0,171.5,177.5,2374674,421844798,1770,+6.00,177.5
2017-02-14,183.0,193.0,183.0,185.0,7789907,1463159824,4913,+7.50,185.0
2017-02-15,189.0,189.0,182.5,183.0,2365743,439807226,1670,-2.00,183.0
2017-02-16,183.0,183.0,179.0,179.5,1634630,295258074,1219,-3.50,179.5
2017-02-17,179.5,179.5,176.5,177.5,1284289,228215789,972,-2.00,177.5
2017-02-18,180.0,186.0,179.0,184.0,2262231,416198504,1604,+6.50,184.0
2017-02-20,183.5,187.0,179.5,179.5,1202102,218851306,1024,-4.50,179.5
2017-02-21,179.0,182.5,179.0,182.0,963252,174084612,688,+2.50,182.0
2017-02-22,183.5,184.0,180.5,182.0,824100,149717200,600, 0.00,182.0
2017-02-23,187.0,195.0,187.0,187.0,7918312,1509217344,4921,+5.00,187.0
2017-02-24,184.0,190.0,182.5,189.0,3183236,588830368,2065,+2.00,189.0
2017-03-01,187.0,188.5,185.0,187.0,2185238,407023768,1742,-2.00,187.0
2017-03-02,192.5,193.0,184.5,188.0,3004582,568095334,2257,+1.00,188.0
2017-03-03,187.5,189.5,183.0,183.0,3231451,600363233,1879,-5.00,183.0
2017-03-06,184.0,184.5,181.0,181.0,1106550,201484050,872,-2.00,181.0
2017-03-07,183.0,183.0,179.5,180.0,1115537,202119160,914,-1.00,180.0
2017-03-08,177.5,182.5,177.5,182.0,1014384,182337189,859,+2.00,182.0
2017-03-09,180.0,180.5,175.0,175.5,2395093,423055910,1853,-6.50,175.5
2017-03-10,175.0,175.0,171.0,172.0,1844354,317291417,1461,-3.50,172.0
2017-03-13,172.5,175.0,172.5,173.0,784125,136305683,670,+1.00,173.0
2017-03-14,175.0,179.5,173.5,176.0,1303033,231037308,1034,+3.00,176.0
2017-03-15,178.5,179.0,175.0,176.0,841458,148995108,677, 0.00,176.0
2017-03-16,177.5,178.5,174.5,176.5,739493,130684513,540,+0.50,176.5
2017-03-17,178.0,182.0,177.0,182.0,1515897,272397254,1072,+5.50,182.0
2017-03-20,181.0,181.0,179.0,179.5,802745,144462600,595,-2.50,179.5
2017-03-21,180.5,180.5,177.0,177.5,575648,102559344,499,-2.00,177.5
2017-03-22,175.0,176.0,172.0,175.0,996904,173989149,784,-2.50,175.0
2017-03-23,177.5,178.0,176.0,176.5,508450,89890150,409,+1.50,176.5
2017-03-24,176.0,176.0,172.0,172.5,855893,148400882,670,-4.00,172.5
2017-03-27,173.0,175.5,173.0,174.0,591484,103249716,440,+1.50,174.0
2017-03-28,175.0,176.5,173.0,174.5,820500,143403246,561,+0.50,174.5
2017-03-29,176.5,177.0,173.5,174.0,469458,82249418,375,-0.50,174.0
2017-03-30,173.5,175.5,173.5,173.5,681242,118357982,260,-0.50,173.5
2017-03-31,175.0,175.0,172.5,172.5,740912,128225317,623,-1.00,172.5
2017-04-05,176.5,182.5,176.5,178.5,2960603,531371834,2037,+6.00,178.5
2017-04-06,184.0,184.5,178.5,179.0,1955495,354191105,1355,+0.50,179.0
2017-04-07,182.5,186.0,181.0,185.0,3703334,680099790,2609,+6.00,185.0
2017-04-10,187.5,189.0,184.0,185.0,1937282,360876670,1425, 0.00,185.0
2017-04-11,187.0,187.5,181.0,181.0,1142954,209992674,953,-4.00,181.0
2017-04-12,181.5,186.0,178.5,186.0,1087381,199124866,934,+5.00,186.0
2017-04-13,183.5,184.5,181.5,182.0,1102979,201499278,726,-4.00,182.0
2017-04-14,181.0,182.5,176.0,177.0,1113842,198808876,865,-5.00,177.0
2017-04-17,177.0,184.5,176.5,184.0,1314239,237613737,1017,+7.00,184.0
2017-04-18,184.5,185.0,181.0,183.0,906972,166134883,730,-1.00,183.0
2017-04-19,180.5,182.0,179.0,180.5,654979,118195708,505,-2.50,180.5
2017-04-20,182.0,182.5,179.0,179.5,477329,86257720,408,-1.00,179.5
2017-04-21,180.5,183.0,180.0,180.5,795385,144653259,599,+1.00,180.5
2017-04-24,180.5,183.0,179.5,183.0,681629,123434790,568,+2.50,183.0
2017-04-25,183.5,187.0,182.0,186.5,1891563,350353155,1331,+3.50,186.5
2017-04-26,186.0,186.5,183.0,184.0,1428199,263357917,1158,-2.50,184.0
2017-04-27,184.0,185.0,182.5,182.5,721910,132576073,594,-1.50,182.5
2017-04-28,183.0,184.0,180.5,180.5,847368,154528921,663,-2.00,180.5
2017-05-02,183.5,192.0,182.0,191.0,5622694,1065440000,3852,+10.50,191.0
2017-05-03,190.0,198.0,188.0,192.0,4947652,956000032,3718,+1.00,192.0
2017-05-04,191.5,192.5,189.0,189.5,1333888,253904444,990,-2.50,189.5
2017-05-05,189.0,196.5,189.0,193.0,3550882,687820390,2589,+3.50,193.0
2017-05-08,196.5,197.0,192.5,192.5,2031230,395899537,1449,-0.50,192.5
2017-05-09,193.0,194.0,188.0,190.0,1297500,246819000,1105,-2.50,190.0
2017-05-10,191.5,209.0,191.5,209.0,6791596,1391595064,4143,+19.00,209.0
2017-05-11,213.0,216.0,202.0,202.0,8367875,1761911500,5682,-7.00,202.0
2017-05-12,205.5,222.0,205.0,222.0,11060168,2385635296,7466,+20.00,222.0
2017-05-15,221.0,223.0,216.5,221.0,5901582,1298083040,4248,-1.00,221.0
2017-05-16,224.5,237.0,213.5,215.0,10527393,2363633995,8215,-6.00,215.0
2017-05-17,218.0,223.0,213.0,219.5,5207343,1136436776,4061,+4.50,219.5
2017-05-18,214.5,218.0,210.0,217.0,3517397,754684149,2796,-2.50,217.0
2017-05-19,219.0,219.5,213.0,213.0,2505719,538457781,1942,-4.00,213.0
2017-05-22,219.0,223.5,216.0,216.5,4626583,1013392209,3567,+3.50,216.5
2017-05-23,217.5,226.0,215.5,223.5,3435865,761902815,2808,+7.00,223.5
2017-05-24,221.5,227.5,220.0,222.5,2973723,665207862,2373,-1.00,222.5
2017-05-25,229.0,231.0,221.0,222.0,3100576,699334872,2412,-0.50,222.0
2017-05-26,224.0,224.0,217.0,217.5,1692190,371740702,1392,-4.50,217.5
2017-05-31,221.0,225.0,220.5,222.0,2564782,570974104,1918,+4.50,222.0
2017-06-01,224.5,224.5,221.5,223.0,1691543,377176546,1421,+1.00,223.0
2017-06-02,223.5,223.5,220.5,221.5,1199119,265721680,924,-1.50,221.5
2017-06-03,222.0,237.5,222.0,233.0,4756896,1098386768,3823,+11.50,233.0
2017-06-05,231.5,232.0,227.5,232.0,2477557,570451936,1979,-1.00,232.0
2017-06-06,243.5,245.0,227.0,227.0,8685969,2048835432,6379,-5.00,227.0
2017-06-07,230.5,232.5,223.5,226.0,2796873,637645298,2273,-1.00,226.0
2017-06-08,230.5,234.0,228.5,229.0,2416768,557464872,1980,+3.00,229.0
2017-06-09,232.5,233.0,227.0,227.0,1728858,395569690,1479,-2.00,227.0
2017-06-12,223.0,226.5,222.0,223.5,1137485,254839125,955,-3.50,223.5
2017-06-13,225.0,225.0,216.0,216.5,3132265,685074367,2601,-7.00,216.5
2017-06-14,221.0,221.5,212.0,216.5,3177238,691143908,2409, 0.00,216.5
2017-06-15,217.5,220.0,214.0,217.5,1590486,345765703,1350,+1.00,217.5
2017-06-16,218.0,218.5,214.5,217.5,1231397,266977844,1035, 0.00,217.5
2017-06-19,218.5,225.5,217.0,221.5,3368072,750307441,2347,+4.00,221.5
2017-06-20,222.5,224.0,217.0,217.5,2502773,548964897,2021,-4.00,217.5
2017-06-21,216.5,221.5,215.0,220.0,1913657,418662040,1526,+2.50,220.0
2017-06-22,220.0,221.5,218.5,219.0,1533153,337303507,1151,-1.00,219.0
2017-06-23,221.0,223.0,217.0,217.5,1951987,427452166,1499,-1.50,217.5
2017-06-26,216.0,219.5,216.0,218.0,1120759,244212462,891,+0.50,218.0
2017-06-27,217.5,218.5,214.0,215.0,1729010,372796150,1431,-3.00,215.0
2017-06-28,214.0,219.5,214.0,217.5,2465939,536170245,1630,+2.50,217.5
2017-06-29,220.0,220.0,215.5,218.0,1983937,433033734,1456,+0.50,218.0
2017-06-30,216.5,216.5,213.0,215.0,1663062,356907330,1300,-3.00,215.0
2017-07-03,216.0,216.5,210.0,210.0,1458213,308980943,1157,-5.00,210.0
2017-07-04,210.5,213.0,207.5,207.5,2369604,495440632,1890,-2.50,207.5
2017-07-05,209.0,209.5,204.5,206.0,3182280,657743537,2055,-1.50,206.0
2017-07-06,207.5,210.5,206.0,208.0,3028234,629314672,2283,+2.00,208.0
2017-07-07,205.5,207.0,196.0,199.0,4821102,967373298,3891,-9.00,199.0
2017-07-10,202.5,203.0,199.0,201.0,1300631,261418831,1095,+2.00,201.0
2017-07-11,202.0,206.0,200.5,205.5,1749111,356199301,1353,+4.50,205.5
2017-07-12,208.0,209.0,206.5,207.0,2407480,499753360,1923,+1.50,207.0
2017-07-13,207.5,209.0,205.5,207.5,1475463,306089608,1222,+0.50,207.5
2017-07-14,207.5,208.5,205.0,208.0,1422779,294756032,1199,+0.50,208.0
2017-07-17,208.5,210.5,207.0,207.5,2274133,474684094,1755,-0.50,207.5
2017-07-18,206.5,209.5,201.5,209.5,2351897,482224870,1869,+2.00,209.5
2017-07-19,212.0,222.5,212.0,218.5,6421185,1405942911,4752,+9.00,218.5
2017-07-20,222.0,223.0,216.5,217.0,2040370,447490920,1684,-1.50,217.0
2017-07-21,220.0,220.0,216.0,217.0,1010764,220548402,810, 0.00,217.0
2017-07-24,218.0,224.0,216.0,221.0,2980758,658935518,2143,+4.00,221.0
2017-07-25,225.5,226.0,222.0,222.0,2426660,543171522,1925,+1.00,222.0
2017-07-26,223.5,224.0,221.5,223.0,1343951,299477573,1070,+1.00,223.0
2017-07-27,225.0,231.0,224.0,228.0,3744797,856600216,2827,+5.00,228.0
2017-07-28,226.5,228.0,221.5,221.5,3021014,676814595,2379,-6.50,221.5
2017-07-31,224.0,227.5,223.0,225.0,1579815,355860962,1283,+3.50,225.0
2017-08-01,223.0,229.5,223.0,225.0,1795503,405165675,1450, 0.00,225.0
2017-08-02,227.0,227.5,222.5,225.5,2070323,466226175,1599,+0.50,225.5
2017-08-03,224.0,230.5,219.0,219.0,4782293,1071862310,3467,X0.00,219.0
2017-08-04,225.0,225.0,219.5,220.5,1990182,441009222,1564,+1.50,220.5
2017-08-07,222.0,223.0,219.0,220.5,1353651,298820220,1059, 0.00,220.5
2017-08-08,222.5,222.5,215.0,215.5,1225759,268206444,1031,-5.00,215.5
2017-08-09,215.0,218.5,213.5,214.5,1033497,222841600,818,-1.00,214.5
2017-08-10,215.0,215.5,205.0,205.0,1741177,363043962,1346,-9.50,205.0
2017-08-11,200.5,218.5,200.5,218.0,2292142,482507956,1846,+13.00,218.0
2017-08-14,224.5,230.5,221.5,224.0,6742677,1523585971,5121,+6.00,224.0
2017-08-15,230.0,238.0,226.0,238.0,6495636,1512394868,5014,+14.00,238.0
2017-08-16,234.5,238.5,232.5,234.5,3496813,822616742,2626,-3.50,234.5
2017-08-17,238.0,250.0,236.5,249.0,5257207,1290288919,4135,+14.50,249.0
2017-08-18,242.0,247.5,241.0,247.0,2474397,603964559,2065,-2.00,247.0
2017-08-21,247.0,247.0,232.0,233.5,3583085,851565390,2759,-13.50,233.5
2017-08-22,237.0,238.0,232.5,237.5,1752374,412733318,1403,+4.00,237.5
2017-08-23,241.0,241.5,232.5,232.5,1612357,380687824,1283,-5.00,232.5
2017-08-24,236.0,238.0,234.0,234.5,902060,212852540,763,+2.00,234.5
2017-08-25,235.5,237.0,234.0,236.0,845101,199014683,712,+1.50,236.0
2017-08-28,238.0,238.0,232.0,236.0,931885,218774475,739, 0.00,236.0
2017-08-29,235.0,241.0,233.0,235.0,1944605,461661675,1374,-1.00,235.0
2017-08-30,237.0,240.5,234.0,239.5,1871490,445332100,1501,+4.50,239.5
2017-08-31,242.0,263.0,242.0,263.0,9213528,2327193364,6225,+23.50,263.0
2017-09-01,269.0,274.0,263.5,264.0,6413018,1721160252,4778,+1.00,264.0
2017-09-04,266.5,288.0,265.5,269.0,7261890,2007852910,6039,+5.00,269.0
2017-09-05,275.0,278.5,271.0,275.0,2913496,800753900,2407,+6.00,275.0
2017-09-06,280.0,284.0,269.0,273.0,3717480,1031669540,3068,-2.00,273.0
2017-09-07,280.0,290.0,273.0,273.0,5948554,1680357742,4752, 0.00,273.0
2017-09-08,279.0,283.0,273.5,278.0,2403066,666445241,2042,+5.00,278.0
2017-09-11,285.0,285.0,270.0,270.5,2090501,576106271,1722,-7.50,270.5
2017-09-12,278.0,287.5,277.0,281.0,5452153,1526596969,3906,+10.50,281.0
2017-09-13,280.0,280.5,272.0,278.0,2025291,559061039,1707,-3.00,278.0
2017-09-14,280.0,289.0,276.0,282.5,3549695,1007133185,2821,+4.50,282.5
2017-09-15,287.0,292.0,283.5,286.0,3417736,980972496,2503,+3.50,286.0
2017-09-18,289.5,289.5,282.5,286.0,1206359,344035174,983, 0.00,286.0
2017-09-19,290.0,301.0,288.0,289.5,4836431,1424719265,3873,+3.50,289.5
2017-09-20,286.5,294.5,283.0,294.5,2232790,642437071,1897,+5.00,294.5
2017-09-21,288.0,288.0,283.0,283.0,2818317,802969179,2275,-11.50,283.0
2017-09-22,280.0,282.5,274.5,281.0,2383000,665635500,1923,-2.00,281.0
2017-09-25,278.0,278.0,271.0,274.0,1686928,462498301,1386,-7.00,274.0
2017-09-26,273.0,279.5,271.0,274.5,1384126,381192398,1137,+0.50,274.5
2017-09-27,279.0,284.5,278.0,284.0,1889991,532649444,1522,+9.50,284.0
2017-09-28,285.0,285.0,277.0,280.0,1285322,359683982,998,-4.00,280.0
2017-09-29,282.0,282.0,274.0,277.0,1002728,278397656,848,-3.00,277.0
2017-09-30,281.0,281.5,279.5,281.5,417375,117144558,373,+4.50,281.5
2017-10-02,282.5,292.5,282.0,286.0,2106975,608698850,1658,+4.50,286.0
2017-10-03,287.0,291.0,284.5,286.5,1284147,369018689,1009,+0.50,286.5
2017-10-05,287.0,294.0,287.0,294.0,2382203,694381073,1961,+7.50,294.0
2017-10-06,293.0,296.0,288.5,288.5,1405461,410255457,1170,-5.50,288.5
2017-10-11,292.0,292.0,287.0,291.0,1033255,299183317,871,+2.50,291.0
2017-10-12,291.0,305.5,291.0,297.5,3669366,1096903512,2767,+6.50,297.5
2017-10-13,296.5,300.0,292.5,296.5,1964906,582665176,1626,-1.00,296.5
2017-10-16,294.0,296.5,289.0,290.5,1709730,499717058,1272,-6.00,290.5
2017-10-17,290.0,301.5,290.0,300.0,2935747,871047606,2228,+9.50,300.0
2017-10-18,307.0,319.0,305.0,308.5,6424154,2008941999,5245,+8.50,308.5
2017-10-19,308.5,323.0,305.0,322.0,3189398,1008403758,2595,+13.50,322.0
2017-10-20,320.0,321.0,310.0,316.5,2194116,692615204,1730,-5.50,316.5
2017-10-23,316.5,316.5,311.0,313.0,1018061,318930093,794,-3.50,313.0
2017-10-24,317.0,327.5,307.0,307.0,2732468,870056369,2372,-6.00,307.0
2017-10-25,310.0,312.0,307.0,307.5,1018367,315024349,841,+0.50,307.5
2017-10-26,305.5,311.5,299.0,310.5,1142258,348899864,976,+3.00,310.5
2017-10-27,298.5,301.5,292.0,292.5,4197652,1253698698,3178,-18.00,292.5
2017-10-30,295.0,304.0,293.0,303.0,1997559,596208818,1561,+10.50,303.0
2017-10-31,304.0,309.0,300.0,302.0,904690,274081880,814,-1.00,302.0
2017-11-01,307.0,308.5,301.0,301.0,990142,301095742,823,-1.00,301.0
2017-11-02,292.5,295.0,284.5,287.5,3354918,969759884,2733,-13.50,287.5
2017-11-03,282.0,284.0,275.5,277.5,2809020,783078060,2263,-10.00,277.5
2017-11-06,281.5,296.0,281.0,291.5,2915707,842708080,2390,+14.00,291.5
2017-11-07,287.0,289.0,283.0,287.5,1132125,324653500,1018,-4.00,287.5
2017-11-08,290.5,295.0,286.0,286.0,1027083,298465738,914,-1.50,286.0
2017-11-09,286.0,289.5,277.0,280.5,1038793,293264333,893,-5.50,280.5
2017-11-10,274.0,275.0,268.0,270.5,2665661,725470953,1964,-10.00,270.5
2017-11-13,263.5,265.0,250.0,252.0,4493403,1142068056,3453,-18.50,252.0
2017-11-14,257.0,259.0,247.5,247.5,2870454,724351860,2071,-4.50,247.5
2017-11-15,244.0,258.0,244.0,258.0,2817670,714723690,2122,+10.50,258.0
2017-11-16,258.0,270.0,255.5,265.0,2905713,770388445,2395,+7.00,265.0
2017-11-17,274.0,282.0,274.0,278.5,4016748,1114962696,3071,+13.50,278.5
2017-11-20,280.5,281.5,270.5,273.0,1467992,403578816,1199,-5.50,273.0
2017-11-21,272.5,275.5,269.0,272.0,941996,256721905,829,-1.00,272.0
2017-11-22,276.0,277.5,268.0,268.5,728704,198290376,664,-3.50,268.5
2017-11-23,266.0,272.0,261.5,271.0,1100148,292857608,968,+2.50,271.0
2017-11-24,273.5,275.0,269.0,270.0,718492,195167340,613,-1.00,270.0
2017-11-27,272.0,273.5,270.0,270.5,483164,131264023,449,+0.50,270.5
2017-11-28,270.5,272.5,265.5,266.5,545999,146282730,485,-4.00,266.5
2017-11-29,269.0,273.0,268.0,273.0,784010,212094220,722,+6.50,273.0
2017-11-30,268.5,269.5,264.0,269.5,1113295,297839060,856,-3.50,269.5
2017-12-01,268.0,268.0,254.0,256.5,2035741,525521160,1692,-13.00,256.5
2017-12-04,256.0,258.0,246.0,246.0,1841296,462602612,1648,-10.50,246.0
2017-12-05,246.0,252.5,245.0,250.0,1738717,434181750,1439,+4.00,250.0
2017-12-06,261.0,266.5,257.0,258.5,3900212,1018249696,3101,+8.50,258.5
2017-12-07,262.0,262.0,252.5,252.5,1306784,335506957,1180,-6.00,252.5
2017-12-08,255.5,263.0,252.0,260.0,1342655,346090300,1101,+7.50,260.0
2017-12-11,260.0,273.0,256.0,265.5,1790526,473567416,1441,+5.50,265.5
2017-12-12,273.0,279.0,270.0,270.0,2323855,637259205,1846,+4.50,270.0
2017-12-13,278.5,283.5,275.5,276.5,1863491,520017755,1618,+6.50,276.5
2017-12-14,281.5,291.5,280.5,280.5,1775629,507081749,1518,+4.00,280.5
2017-12-15,280.5,282.5,272.5,275.0,973746,268277650,865,-5.50,275.0
2017-12-18,280.0,290.5,278.0,288.5,2409919,691309253,1819,+13.50,288.5
2017-12-19,285.5,285.5,279.0,281.0,1482539,417639959,1209,X0.00,281.0
2017-12-20,280.0,287.5,279.0,287.0,877869,250276165,766,+6.00,287.0
2017-12-21,286.5,291.5,283.5,287.0,864803,248766057,774, 0.00,287.0
2017-12-22,289.5,292.0,286.5,287.0,828028,238487008,682, 0.00,287.0
2017-12-25,290.0,302.0,289.5,290.5,2329155,686858523,1946,+3.50,290.5
2017-12-26,291.5,293.0,278.0,278.0,1417842,401570760,1178,-12.50,278.0
2017-12-27,277.0,282.0,276.5,278.0,516805,144009095,466, 0.00,278.0
2017-12-28,277.0,281.5,276.5,279.0,574963,160245693,497,+1.00,279.0
2017-12-29,282.0,284.5,278.5,278.5,701496,197173132,564,-0.50,278.5
2018-01-02,278.5,282.0,276.5,282.0,292892,81993044,282,+3.50,282.0
2018-01-03,285.0,285.5,282.5,285.0,488907,138863632,450,+3.00,285.0
2018-01-04,281.5,283.0,267.0,273.5,3188469,871518234,2760,-11.50,273.5
2018-01-05,275.5,276.0,268.5,269.5,1610035,436125998,1411,-4.00,269.5
2018-01-08,280.0,282.0,271.0,272.0,1681915,464784795,1385,+2.50,272.0
2018-01-09,278.0,278.5,271.5,272.5,1198990,329145263,1036,+0.50,272.5
2018-01-10,270.0,271.0,261.0,262.5,1644431,434071928,1446,-10.00,262.5
2018-01-11,262.5,265.5,260.0,263.0,731023,192024463,666,+0.50,263.0
2018-01-12,266.0,267.0,264.0,266.0,660453,175689951,517,+3.00,266.0
2018-01-15,266.0,267.5,264.0,266.0,416030,110702993,394, 0.00,266.0
2018-01-16,266.0,267.0,262.0,265.0,621958,164936370,561,-1.00,265.0
2018-01-17,265.0,273.5,264.5,271.0,1833078,495812095,1400,+6.00,271.0
2018-01-18,271.0,272.0,267.5,269.0,1150231,310263139,1025,-2.00,269.0
2018-01-19,269.0,270.5,260.0,261.0,1492510,395243120,1161,-8.00,261.0
2018-01-22,261.0,261.0,251.0,259.0,1607421,410643539,1351,-2.00,259.0
2018-01-23,260.0,264.0,259.5,260.0,671989,175401640,617,+1.00,260.0
2018-01-24,261.0,277.5,261.0,275.5,2728015,740243625,2376,+15.50,275.5
2018-01-25,274.0,276.5,271.0,276.0,1155517,316433192,1079,+0.50,276.0
2018-01-26,273.0,277.5,271.5,275.0,964873,264712575,802,-1.00,275.0
2018-01-29,277.0,279.5,275.0,279.0,992366,276025114,923,+4.00,279.0
2018-01-30,280.0,282.5,276.0,278.0,977701,272184878,806,-1.00,278.0
2018-01-31,275.5,280.0,272.0,277.5,558997,154254166,481,-0.50,277.5
2018-02-01,280.0,280.5,274.0,274.0,509486,140968664,420,-3.50,274.0
2018-02-02,276.0,277.0,268.0,270.5,489368,132869412,451,-3.50,270.5
2018-02-05,262.0,268.0,260.5,265.0,637873,168532779,523,-5.50,265.0
2018-02-06,259.0,261.0,238.5,242.0,1985335,491794675,1478,-23.00,242.0
2018-02-07,252.0,254.5,249.0,251.0,1015327,254600910,816,+9.00,251.0
2018-02-08,253.5,254.5,247.0,247.0,754220,188501667,627,-4.00,247.0
2018-02-09,226.0,234.0,226.0,231.0,1821160,419319100,1525,-16.00,231.0
2018-02-12,233.5,240.0,231.0,239.0,987146,232467540,852,+8.00,239.0
2018-02-21,246.0,258.0,244.0,253.0,1264858,318976501,1046,+14.00,253.0
2018-02-22,249.0,260.0,249.0,258.0,844574,215636444,759,+5.00,258.0
2018-02-23,262.0,267.5,258.5,265.0,1027195,271656285,876,+7.00,265.0
2018-02-26,268.0,270.0,263.0,268.5,973401,260938165,911,+3.50,268.5
2018-02-27,271.0,272.0,264.5,266.0,968848,258658372,827,-2.50,266.0
2018-03-01,263.0,265.0,259.0,263.0,962453,252077686,740,-3.00,263.0
2018-03-02,259.0,261.5,257.0,259.0,709871,183562648,586,-4.00,259.0
2018-03-05,260.0,263.0,250.5,251.0,847444,215471522,660,-8.00,251.0
2018-03-06,255.0,264.0,254.5,262.0,1748140,454207400,1498,+11.00,262.0
2018-03-07,260.0,267.5,259.0,265.0,1260748,333762224,1073,+3.00,265.0
2018-03-08,268.0,282.0,267.5,277.5,2689534,743379384,2136,+12.50,277.5
2018-03-09,280.0,285.0,277.5,285.0,1978186,558952219,1582,+7.50,285.0
2018-03-12,289.0,290.0,281.5,285.0,1005992,287083236,903, 0.00,285.0
2018-03-13,288.0,295.5,286.0,290.0,2050443,596891141,1683,+5.00,290.0
2018-03-14,287.5,294.5,283.0,294.5,2198773,633174216,1651,+4.50,294.5
2018-03-15,294.0,294.0,286.5,289.0,1010369,293072772,920,-5.50,289.0
2018-03-16,287.0,289.0,281.0,281.0,1179745,334794845,962,-8.00,281.0
2018-03-19,282.5,293.5,282.0,285.0,1550531,445407565,1160,+4.00,285.0
2018-03-20,281.5,290.0,281.5,287.0,1125689,321701865,915,+2.00,287.0
2018-03-21,286.0,288.0,282.0,282.0,947632,269574092,845,-5.00,282.0
2018-03-22,285.0,286.5,277.0,277.0,832792,233542384,721,-5.00,277.0
2018-03-23,268.5,276.5,263.0,276.0,1090720,295658280,922,-1.00,276.0
2018-03-26,277.0,279.5,274.0,278.5,390331,108239850,361,+2.50,278.5
2018-03-27,284.0,284.0,275.5,276.0,498792,139198592,443,-2.50,276.0
2018-03-28,269.0,269.0,256.0,258.0,3204420,836445903,2707,-18.00,258.0
2018-03-29,254.0,254.0,242.0,242.0,3833468,943760224,2967,-16.00,242.0
2018-03-30,246.0,249.0,234.0,235.0,4138829,995792144,3348,-7.00,235.0
2018-03-31,237.0,242.0,236.5,240.0,1618825,387781000,1180,+5.00,240.0
2018-04-02,240.0,241.0,231.0,231.0,2473840,579543880,2051,-9.00,231.0
2018-04-03,226.5,226.5,219.0,220.5,3765094,834019774,3068,-10.50,220.5
2018-04-09,242.5,242.5,239.0,242.5,4156818,1006691363,1685,+22.00,242.5
2018-04-10,242.5,245.0,237.5,242.0,4963763,1200643915,3306,-0.50,242.0
2018-04-11,250.0,251.5,240.0,240.0,3500540,859230600,2627,-2.00,240.0
2018-04-12,245.0,252.5,243.5,251.5,2578979,640407215,2108,+11.50,251.5
2018-04-13,251.0,256.0,247.0,256.0,1724497,434949732,1416,+4.50,256.0
2018-04-16,258.0,258.0,251.5,252.5,893985,226686711,771,-3.50,252.5
2018-04-17,250.0,251.5,241.0,242.5,1321643,322373425,1061,-10.00,242.5
2018-04-18,247.0,260.0,246.0,250.0,1993890,505137941,1714,+7.50,250.0
2018-04-19,254.0,257.0,251.5,252.0,980231,249030822,800,+2.00,252.0
2018-04-20,252.0,252.0,242.5,246.0,1079840,266370140,864,-6.00,246.0
2018-04-23,242.0,244.5,233.0,236.5,1360153,324516761,1036,-9.50,236.5
2018-04-24,236.5,236.5,218.5,220.0,2807919,629991937,2202,-16.50,220.0
2018-04-25,220.0,226.0,215.0,220.5,2016958,448090176,1665,+0.50,220.5
2018-04-26,223.5,226.0,216.0,217.0,1173542,259563614,936,-3.50,217.0
2018-04-27,222.0,224.0,209.0,222.0,1687309,366234407,1344,+5.00,222.0
2018-04-30,222.0,226.0,220.0,221.0,1502100,334927800,1086,-1.00,221.0
2018-05-02,225.0,225.0,220.0,221.5,852544,189508068,717,+0.50,221.5
2018-05-03,214.5,214.5,202.5,206.0,3047017,636504536,2414,-15.50,206.0
2018-05-04,206.0,210.0,197.0,208.0,4232720,858346260,3462,+2.00,208.0
2018-05-07,213.0,213.0,207.0,212.0,1360960,286933980,1079,+4.00,212.0
2018-05-08,221.0,227.5,221.0,223.0,3095814,692012522,2512,+11.00,223.0
2018-05-09,220.0,221.0,214.5,216.5,2065688,449066296,1824,-6.50,216.5
2018-05-10,220.0,224.5,218.0,221.5,1505958,334317176,1201,+5.00,221.5
2018-05-11,224.0,224.5,218.0,218.5,1296888,286836360,951,-3.00,218.5
2018-05-14,210.0,212.5,206.0,209.0,3065637,643434044,2391,-9.50,209.0
2018-05-15,209.5,212.0,206.0,206.0,1693518,353248002,1427,-3.00,206.0
2018-05-16,206.0,209.0,200.5,202.5,1374533,280380765,1138,-3.50,202.5
2018-05-17,206.0,213.5,204.0,210.5,1729595,364044746,1465,+8.00,210.5
2018-05-18,210.5,211.5,203.5,204.5,1347570,277548920,1144,-6.00,204.5
2018-05-21,206.0,209.5,204.5,207.5,873275,181002060,705,+3.00,207.5
2018-05-22,216.0,218.5,208.5,208.5,2997546,640522930,2428,+1.00,208.5
2018-05-23,208.5,211.0,206.5,209.0,1281306,267097454,955,+0.50,209.0
2018-05-24,210.0,211.5,207.0,207.5,1047777,218951616,833,-1.50,207.5
2018-05-25,205.5,212.5,203.5,210.0,1068443,222995750,894,+2.50,210.0
2018-05-28,212.0,214.0,209.0,210.0,1171157,246895700,802, 0.00,210.0
2018-05-29,210.0,210.0,206.0,206.5,691472,143458935,589,-3.50,206.5
2018-05-30,204.5,212.5,204.0,212.0,1665569,349495628,1346,+5.50,212.0
2018-05-31,215.0,216.0,206.5,211.0,1743456,370309716,1381,-1.00,211.0
2018-06-01,211.0,211.0,207.0,209.0,818961,170919803,659,-2.00,209.0
2018-06-04,212.0,227.0,210.0,225.0,3399380,745188240,2700,+16.00,225.0
2018-06-05,232.0,233.5,219.0,221.0,3122361,708025281,2412,-4.00,221.0
2018-06-06,224.5,228.0,222.5,227.5,2148598,485077746,1776,+6.50,227.5
2018-06-07,244.0,250.0,244.0,250.0,2529558,627256000,1290,+22.50,250.0
2018-06-08,251.0,256.0,230.0,237.5,6620407,1616009654,4942,-12.50,237.5
2018-06-11,238.0,241.0,231.5,235.0,1949303,458873551,1467,-2.50,235.0
2018-06-12,241.0,244.0,235.0,235.5,2794053,668216086,2183,+0.50,235.5
2018-06-13,241.5,243.0,237.0,238.0,2341846,561982540,1640,+2.50,238.0
2018-06-14,236.0,237.0,230.0,232.0,1233531,287842638,1042,-6.00,232.0
2018-06-15,236.0,242.5,234.5,238.5,1620562,386983032,1303,+6.50,238.5
2018-06-19,240.0,241.5,233.5,234.0,1099689,261288226,979,-4.50,234.0
2018-06-20,231.0,233.0,217.0,217.0,2551968,566445960,1956,-17.00,217.0
2018-06-21,220.0,228.0,219.0,227.0,1673670,374653920,1356,+10.00,227.0
2018-06-22,227.5,230.0,222.0,230.0,1827302,414043460,1443,+3.00,230.0
2018-06-25,227.5,227.5,221.5,221.5,707222,158322393,631,-8.50,221.5
2018-06-26,219.0,225.0,216.0,224.5,978202,214990847,847,+3.00,224.5
2018-06-27,224.5,227.0,220.0,220.0,691639,154397080,613,-4.50,220.0
2018-06-28,219.0,220.0,211.0,211.0,1132600,244022300,1005,-9.00,211.0
2018-06-29,215.0,217.0,214.0,214.5,1288920,277372800,1077,+3.50,214.5
2018-07-02,217.0,227.0,216.5,225.0,2060844,458156056,1662,+10.50,225.0
2018-07-03,221.5,223.0,218.5,219.5,1948978,430113632,1436,-5.50,219.5
2018-07-04,213.0,213.0,198.0,198.0,4691122,954101766,3642,-21.50,198.0
2018-07-05,196.0,203.0,192.5,197.5,2605404,514531002,2041,-0.50,197.5
2018-07-06,202.0,202.5,188.0,191.5,2526532,487945708,2175,-6.00,191.5
2018-07-09,192.5,195.0,190.0,192.5,950813,183301722,854,+1.00,192.5
2018-07-10,199.0,211.0,197.5,206.0,3034424,622438344,2478,+13.50,206.0
2018-07-11,203.5,213.0,202.0,209.5,1896452,394207046,1553,+3.50,209.5
2018-07-12,208.0,212.0,206.0,211.0,782739,163515907,701,+1.50,211.0
2018-07-13,212.0,218.5,209.0,214.0,1264632,269780880,1015,+3.00,214.0
2018-07-16,212.5,216.5,211.5,211.5,638100,136780400,536,-2.50,211.5
2018-07-17,210.0,210.5,205.0,205.0,822017,170549570,671,-6.50,205.0
2018-07-18,210.0,210.0,202.0,205.0,1868300,384739900,1522, 0.00,205.0
2018-07-19,207.5,211.5,205.0,205.0,2847526,593378196,2306, 0.00,205.0
2018-07-20,208.0,208.0,201.0,201.5,946402,192603305,801,-3.50,201.5
2018-07-23,198.0,199.0,193.5,198.5,2276275,445095500,1828,-3.00,198.5
2018-07-24,195.5,197.5,193.0,194.0,2629213,512188718,1955,-4.50,194.0
2018-07-25,193.0,196.5,192.0,195.5,1287815,250866870,1043,+1.50,195.5
2018-07-26,198.0,198.5,194.0,194.0,816622,160184721,712,-1.50,194.0
2018-07-27,194.0,202.0,193.0,200.5,1098615,217007535,932,+6.50,200.5
2018-07-30,200.0,200.0,194.0,194.0,1039646,204296730,848,-6.50,194.0
2018-07-31,192.5,197.0,192.5,195.0,581874,113933678,484,+1.00,195.0
2018-08-01,198.0,203.0,196.5,203.0,1859632,372124373,1471,+8.00,203.0
2018-08-02,207.5,207.5,198.0,200.0,3511496,710894688,2640,X0.00,200.0
2018-08-03,209.0,213.0,207.5,210.0,3694026,776365038,2844,+10.00,210.0
2018-08-06,211.0,220.0,207.5,217.5,3004187,649615666,2420,+7.50,217.5
2018-08-07,214.5,216.5,213.0,216.0,1169703,251109199,1040,-1.50,216.0
2018-08-08,224.5,226.0,215.0,215.0,2728726,599525179,2189,-1.00,215.0
2018-08-09,212.5,213.5,207.5,213.0,1379730,290830490,1252,-2.00,213.0
2018-08-10,208.5,214.5,208.0,211.0,1214207,257096485,1041,-2.00,211.0
2018-08-13,200.0,202.0,190.0,191.0,4630562,895794090,3458,-20.00,191.0
2018-08-14,191.0,193.5,180.5,184.0,3165592,590599112,2631,-7.00,184.0
2018-08-15,183.5,188.5,178.0,178.0,2607846,477235818,2137,-6.00,178.0
2018-08-16,173.0,177.0,164.0,169.5,4497776,762074696,3543,-8.50,169.5
2018-08-17,172.5,177.0,170.0,170.0,2250149,389181777,1746,+0.50,170.0
2018-08-20,166.5,170.0,162.0,170.0,2168754,360113309,1840, 0.00,170.0
2018-08-21,172.0,173.5,165.5,166.0,1973379,330487051,1658,-4.00,166.0
2018-08-22,169.0,169.5,164.0,164.0,1439773,239336545,1301,-2.00,164.0
2018-08-23,163.0,164.0,157.5,158.0,2284175,365505825,1852,-6.00,158.0
2018-08-24,156.5,157.0,142.5,144.5,6471584,951150180,5151,-13.50,144.5
2018-08-27,147.5,151.5,147.0,150.0,3940684,586978600,3035,+5.50,150.0
2018-08-28,151.0,152.5,147.0,150.5,3729455,559738474,2603,+0.50,150.5
2018-08-29,149.0,154.0,145.5,154.0,3960199,597130242,2975,+3.50,154.0
2018-08-30,158.0,158.5,153.0,155.0,2709655,420544180,2171,+1.00,155.0
2018-08-31,155.5,162.0,153.5,159.5,4323216,686012060,3380,+4.50,159.5
2018-09-03,160.0,160.5,155.0,155.0,2344922,368030286,1866,-4.50,155.0
2018-09-04,157.0,162.0,157.0,159.0,2635190,421041900,2058,+4.00,159.0
2018-09-05,160.0,171.5,159.5,165.5,6654197,1113231094,5065,+6.50,165.5
2018-09-06,165.0,169.5,163.0,169.5,3306904,551030180,2743,+4.00,169.5
2018-09-07,165.5,167.5,153.5,156.5,3484670,560361530,2738,-13.00,156.5
2018-09-10,153.0,153.0,141.0,141.0,4058854,587072830,2922,-15.50,141.0
2018-09-11,144.5,149.0,140.5,142.5,4012921,577437124,3078,+1.50,142.5
2018-09-12,143.5,147.0,139.5,145.5,3923500,561848500,2939,+3.00,145.5
2018-09-13,147.5,149.5,146.0,147.0,1388329,204877692,1160,+1.50,147.0
2018-09-14,149.0,153.5,146.5,153.0,1683084,253921936,1425,+6.00,153.0
2018-09-17,150.5,158.5,150.5,157.0,2390544,371985408,1871,+4.00,157.0
2018-09-18,153.0,155.5,150.5,151.0,1763363,269687265,1464,-6.00,151.0
2018-09-19,152.5,156.0,151.0,155.5,1707890,263302903,1295,+4.50,155.5
2018-09-20,158.5,159.0,150.5,150.5,2183426,336901533,1763,-5.00,150.5
2018-09-21,151.5,155.5,151.5,155.0,1940421,298134676,1242,+4.50,155.0
2018-09-25,153.0,157.5,152.0,155.5,1144011,177785716,1003,+0.50,155.5
2018-09-26,153.5,157.0,152.5,152.5,1151273,177980769,924,-3.00,152.5
2018-09-27,152.5,155.0,150.5,150.5,1093374,166777033,873,-2.00,150.5
2018-09-28,145.0,146.5,139.5,145.0,5091503,726668184,3842,-5.50,145.0
2018-10-01,149.0,159.5,146.0,159.5,4781652,741552992,3304,+14.50,159.5
2018-10-02,163.0,172.5,162.5,167.0,10925064,1818684252,7505,+7.50,167.0
2018-10-03,165.0,167.0,162.5,167.0,3485624,574440832,2616, 0.00,167.0
2018-10-04,166.0,171.0,164.5,166.0,3616511,606998826,2783,-1.00,166.0
2018-10-05,161.0,161.5,149.5,149.5,5934535,913487820,4431,-16.50,149.5
2018-10-08,145.0,149.0,142.0,149.0,2869305,416254860,2222,-0.50,149.0
2018-10-09,148.0,148.5,136.0,137.0,4463752,627189796,3456,-12.00,137.0
2018-10-11,125.0,126.5,123.5,123.5,2800849,348862194,2009,-13.50,123.5
2018-10-12,125.5,135.5,124.0,135.5,3912754,507226163,2855,+12.00,135.5
2018-10-15,132.0,149.0,130.0,140.5,7247660,1020710680,5674,+5.00,140.5
2018-10-16,137.5,144.5,136.5,139.0,2840770,398402723,2295,-1.50,139.0
2018-10-17,150.0,152.5,146.0,150.0,6286736,939623900,4595,+11.00,150.0
2018-10-18,148.0,156.0,147.0,153.0,4435794,676322874,3566,+3.00,153.0
2018-10-19,148.5,152.0,147.5,152.0,2430600,364269100,1961,-1.00,152.0
2018-10-22,150.0,155.5,150.0,151.5,2446233,374790916,1959,-0.50,151.5
2018-10-23,149.5,152.5,144.0,144.0,1857135,274098940,1613,-7.50,144.0
2018-10-24,153.5,154.5,148.5,148.5,4748447,719102603,3716,+4.50,148.5
2018-10-25,150.0,157.5,149.0,157.5,9579778,1479655146,6988,+9.00,157.5
2018-10-26,162.0,165.0,148.0,149.0,9175654,1426882254,6751,-8.50,149.0
2018-10-29,152.5,159.0,151.5,156.0,5215182,811316892,3970,+7.00,156.0
2018-10-30,153.5,158.0,153.0,158.0,2668922,414815176,2055,+2.00,158.0
2018-10-31,159.0,169.0,154.5,165.0,9422965,1536062730,7171,+7.00,165.0
2018-11-01,163.0,168.5,162.0,163.5,7364604,1216942251,5536,-1.50,163.5
2018-11-02,165.0,179.5,164.5,179.5,11770680,2036966055,7735,+16.00,179.5
2018-11-05,182.5,183.5,174.0,176.0,7852994,1393971932,5572,-3.50,176.0
2018-11-06,176.0,179.0,163.0,165.0,6395223,1087851072,4611,-11.00,165.0
2018-11-07,168.5,181.0,167.0,177.5,7214653,1260800902,5370,+12.50,177.5
2018-11-08,181.0,185.0,175.5,181.0,8163633,1473078751,6297,+3.50,181.0
2018-11-09,181.0,183.5,177.0,181.0,3789724,682918180,3045, 0.00,181.0
2018-11-12,184.0,186.5,175.5,175.5,6156305,1114318026,4723,-5.50,175.5
2018-11-13,167.0,185.0,165.0,185.0,6882567,1214412895,5506,+9.50,185.0
2018-11-14,183.5,188.0,181.0,183.0,5744680,1060200456,4444,-2.00,183.0
2018-11-15,186.0,189.0,181.5,182.5,5900294,1090905149,4451,-0.50,182.5
2018-11-16,183.0,189.5,182.0,185.0,5366254,998236736,4066,+2.50,185.0
2018-11-19,188.0,194.5,185.0,194.5,6054383,1147141802,4357,+9.50,194.5
2018-11-20,191.0,194.5,188.5,189.5,4744185,908208554,3652,-5.00,189.5
2018-11-21,187.0,192.0,183.0,185.0,4861226,907470536,3750,-4.50,185.0
2018-11-22,187.5,189.5,181.0,181.0,3677161,677550802,2901,-4.00,181.0
2018-11-23,182.0,184.0,176.5,176.5,3223492,578834084,2588,-4.50,176.5
2018-11-26,182.0,186.5,180.0,184.0,3996722,733879348,3016,+7.50,184.0
2018-11-27,186.5,193.5,185.5,190.0,5829916,1106981040,4409,+6.00,190.0
2018-11-28,190.0,195.5,187.5,194.0,3952661,759257897,3094,+4.00,194.0
2018-11-29,197.0,199.0,191.0,191.0,2914839,570569663,2311,-3.00,191.0
2018-11-30,191.0,197.0,191.0,196.0,2435509,474671255,1920,+5.00,196.0
2018-12-03,202.0,215.0,201.0,212.0,5302485,1110472320,4027,+16.00,212.0
2018-12-04,213.0,216.0,198.5,198.5,5009004,1033079300,4082,-13.50,198.5
2018-12-05,194.0,204.0,192.0,198.5,4145305,823364500,3357, 0.00,198.5
2018-12-06,201.0,202.5,187.0,189.0,4968485,960118857,3973,-9.50,189.0
2018-12-07,193.5,197.0,193.0,196.0,2768835,539584330,2220,+7.00,196.0
2018-12-10,191.0,196.5,191.0,196.5,1493265,289010601,1170,+0.50,196.5
2018-12-11,199.0,204.5,198.0,201.0,2650444,534022962,2161,+4.50,201.0
2018-12-12,204.5,207.5,202.5,203.0,2521999,517276797,2034,+2.00,203.0
2018-12-13,206.0,210.5,205.0,205.0,2361031,489252855,1900,+2.00,205.0
2018-12-14,210.0,211.0,205.0,206.0,2699935,561234610,2298,+1.00,206.0
2018-12-17,206.0,208.5,203.0,203.0,1476106,303371568,1305,-3.00,203.0
2018-12-18,199.5,205.5,197.5,205.5,2223375,449195184,1789,+2.50,205.5
2018-12-19,203.5,206.0,200.0,200.0,1607345,324865690,1345,-5.50,200.0
2018-12-20,199.5,203.5,195.5,199.0,1597083,318997517,1369,-1.00,199.0
2018-12-21,194.5,204.5,194.5,204.5,2880228,575642454,2115,+5.50,204.5
2018-12-22,203.5,204.0,201.5,202.0,524523,106225906,457,-2.50,202.0
2018-12-24,204.5,206.0,201.5,206.0,869409,177930754,734,+4.00,206.0
2018-12-25,201.0,204.5,199.0,204.5,1652036,332900344,1396,-1.50,204.5
2018-12-26,208.0,209.0,202.5,204.5,1602195,329391874,1307, 0.00,204.5
2018-12-27,212.5,217.0,212.0,215.0,5290441,1136014374,4094,+10.50,215.0
2018-12-28,215.5,224.0,213.5,224.0,3414621,745188983,2598,+9.00,224.0
2019-01-02,227.5,227.5,216.0,219.5,2681133,592753393,2167,-4.50,219.5
2019-01-03,213.0,215.0,203.0,206.5,5817928,1211363031,4194,-13.00,206.5
2019-01-04,200.0,200.0,193.0,194.5,3227185,632838260,2500,-12.00,194.5
2019-01-07,202.0,202.0,195.0,195.0,2378332,472687237,1891,+0.50,195.0
2019-01-08,200.0,201.5,195.5,197.5,2302519,457082020,1849,+2.50,197.5
2019-01-09,198.5,201.0,198.0,198.5,1501120,299149316,1206,+1.00,198.5
2019-01-10,198.5,202.0,197.5,202.0,1201900,240514300,984,+3.50,202.0
2019-01-11,206.0,213.5,204.5,210.5,3731607,782986970,2986,+8.50,210.5
2019-01-14,210.5,212.5,209.5,212.0,1666436,351151208,1299,+1.50,212.0
2019-01-15,210.0,212.0,207.0,212.0,1847736,387220296,1451, 0.00,212.0
2019-01-16,215.5,218.0,212.0,212.0,1752935,376548185,1452, 0.00,212.0
2019-01-17,213.0,215.0,208.0,208.0,1030841,216705428,939,-4.00,208.0
2019-01-18,209.5,213.0,208.5,212.5,729966,154177326,623,+4.50,212.5
2019-01-21,204.0,204.0,194.5,194.5,4758284,944867164,3913,-18.00,194.5
2019-01-22,193.0,193.5,185.0,187.0,5751240,1080469232,4542,-7.50,187.0
2019-01-23,188.5,191.5,187.5,189.5,2613756,495676018,2180,+2.50,189.5
2019-01-24,187.0,187.0,181.0,185.5,4759131,874038997,3807,-4.00,185.5
2019-01-25,186.0,187.5,183.5,185.0,1936395,358315470,1580,-0.50,185.0
2019-01-28,186.0,188.5,184.5,185.5,2315658,432735374,1801,+0.50,185.5
2019-01-29,184.0,185.5,179.5,181.0,2282782,415297096,1648,-4.50,181.0
2019-01-30,181.0,184.0,179.0,179.0,2105823,381027046,1670,-2.00,179.0
2019-02-11,183.0,187.5,182.0,187.5,2983353,552281186,2262,+8.50,187.5
2019-02-12,189.0,192.0,188.0,190.0,2175649,413352810,1685,+2.50,190.0
2019-02-13,190.5,191.0,187.0,189.0,1351287,254902743,1080,-1.00,189.0
2019-02-14,189.5,195.0,189.0,190.5,2229452,428915332,1824,+1.50,190.5
2019-02-15,190.0,192.5,188.0,190.0,1073865,203741850,865,-0.50,190.0
2019-02-18,192.5,200.0,192.5,198.5,4621026,911397648,3352,+8.50,198.5
2019-02-19,199.0,201.0,196.0,199.5,2194546,435478425,1771,+1.00,199.5
2019-02-20,201.5,201.5,197.0,198.5,1784338,355078262,1417,-1.00,198.5
2019-02-21,199.5,204.5,199.0,203.5,2810326,568976007,2315,+5.00,203.5
2019-02-22,201.0,201.0,195.5,196.5,2530046,499934029,2052,-7.00,196.5
2019-02-25,197.5,198.5,193.0,197.0,2200107,429602329,1303,+0.50,197.0
2019-02-26,198.0,200.0,196.0,197.0,1078512,213409626,882, 0.00,197.0
2019-02-27,197.0,199.0,195.0,199.0,977960,193172080,833,+2.00,199.0
2019-03-04,195.0,196.0,191.5,195.0,2557260,494679440,2125,-4.00,195.0
2019-03-05,194.0,194.0,190.0,191.0,1661867,318499464,1406,-4.00,191.0
2019-03-06,192.5,202.0,192.5,200.0,3740072,742778786,2869,+9.00,200.0
2019-03-07,198.5,199.5,193.5,195.5,1297116,254770120,1087,-4.50,195.5
2019-03-08,195.5,198.0,193.5,197.5,955978,187563144,761,+2.00,197.5
2019-03-11,199.0,205.5,196.5,204.5,3232107,656231828,2418,+7.00,204.5
2019-03-12,208.5,211.5,202.5,206.0,3883014,804002884,2679,+1.50,206.0
2019-03-13,207.5,210.5,205.5,210.0,1932188,403303980,1421,+4.00,210.0
2019-03-14,212.0,215.0,208.5,209.0,2557745,539326573,1720,-1.00,209.0
2019-03-15,212.0,219.5,212.0,214.5,4840790,1042910161,3461,+5.50,214.5
2019-03-18,212.0,219.0,212.0,216.0,1744055,375678849,1374,+1.50,216.0
2019-03-19,216.0,218.0,214.0,218.0,1437253,310721654,907,+2.00,218.0
2019-03-20,220.0,223.5,215.0,215.5,1670911,365156815,1340,-2.50,215.5
2019-03-21,218.0,218.0,215.0,216.5,839984,181628048,669,+1.00,216.5
2019-03-22,218.0,218.5,209.0,210.0,1739431,368384220,1364,-6.50,210.0
2019-03-25,204.5,213.5,204.0,213.0,1499196,313373748,1107,+3.00,213.0
2019-03-26,214.0,215.0,204.0,206.5,2008158,417375180,1632,-6.50,206.5
2019-03-27,208.0,210.5,207.0,210.5,819525,171133250,658,+4.00,210.5
2019-03-28,212.5,212.5,207.0,208.0,874415,182808437,701,-2.50,208.0
2019-03-29,209.0,214.0,208.5,211.5,1256419,266123115,1013,+3.50,211.5
2019-04-01,214.0,217.0,210.0,216.5,1870468,401920588,1554,+5.00,216.5
2019-04-02,217.0,221.0,215.0,216.0,1962684,426797744,1637,-0.50,216.0
2019-04-03,216.0,217.0,213.5,216.0,921471,198008265,772, 0.00,216.0
2019-04-08,214.5,218.0,213.0,213.5,1233861,265183115,1049,-2.50,213.5
2019-04-09,214.5,218.5,214.5,214.5,863749,186735037,649,+1.00,214.5
2019-04-10,216.0,219.5,214.5,217.0,1695559,369047803,1130,+2.50,217.0
2019-04-11,219.0,221.0,216.5,217.5,1289103,282002351,932,+0.50,217.5
2019-04-12,217.5,217.5,205.0,207.5,2781867,581335203,2235,-10.00,207.5
2019-04-15,210.0,210.0,203.5,207.0,1356078,279350146,1071,-0.50,207.0
2019-04-16,207.0,209.0,204.0,206.5,1555020,319417140,1126,-0.50,206.5
2019-04-17,208.0,208.5,205.0,206.0,1157365,238469735,922,-0.50,206.0
2019-04-18,207.0,208.0,203.0,203.5,1155748,237300855,921,-2.50,203.5
2019-04-19,205.0,206.5,200.5,202.5,1133870,229630610,942,-1.00,202.5
2019-04-22,201.5,204.0,198.5,199.0,1294396,258900700,1077,-3.50,199.0
2019-04-23,198.5,198.5,194.0,197.0,2155739,422357447,1602,-2.00,197.0
2019-04-24,198.5,202.0,198.0,200.5,1375578,275533506,937,+3.50,200.5
2019-04-25,201.5,202.5,199.0,202.0,2796596,563213892,544,+1.50,202.0
2019-04-26,200.0,202.0,197.5,199.5,1116072,222800861,766,-2.50,199.5
2019-04-29,197.0,200.0,195.5,196.0,926429,182239084,687,-3.50,196.0
2019-04-30,199.0,199.5,195.5,199.0,827555,164046945,470,+3.00,199.0
2019-05-02,202.0,203.0,199.5,201.5,1327295,266916500,532,+2.50,201.5
2019-05-03,204.0,208.0,203.5,206.5,1515633,311707209,1155,+5.00,206.5
2019-05-06,200.0,205.0,200.0,204.0,1187956,240480024,851,-2.50,204.0
2019-05-07,210.0,214.5,207.0,207.0,4404779,929122753,3131,+3.00,207.0
2019-05-08,202.5,211.0,202.5,210.5,1678582,348408138,1334,+3.50,210.5
2019-05-09,212.0,216.0,207.5,211.5,2865559,609075164,2182,+1.00,211.5
2019-05-10,215.5,218.0,202.0,207.5,3644334,767076302,2418,-4.00,207.5
2019-05-13,209.5,217.0,208.0,210.0,4519334,959983970,3315,+2.50,210.0
2019-05-14,207.5,218.0,205.0,218.0,2452395,522507215,2005,+8.00,218.0
2019-05-15,217.0,218.5,213.5,216.0,2062285,445838060,1507,-2.00,216.0
2019-05-16,217.0,218.0,212.0,212.0,1824984,392161612,1396,-4.00,212.0
2019-05-17,215.5,216.5,208.0,208.0,1118443,235500861,936,-4.00,208.0
2019-05-20,206.0,206.5,188.0,190.5,3367456,658741552,2676,-17.50,190.5
2019-05-21,185.5,199.0,183.5,198.0,2089973,402582181,1636,+7.50,198.0
2019-05-22,196.0,200.0,194.0,194.5,950182,186817672,796,-3.50,194.5
2019-05-23,190.0,194.0,187.0,194.0,989639,188978466,799,-0.50,194.0
2019-05-24,196.5,203.5,195.5,198.0,2264237,453437900,1731,+4.00,198.0
2019-05-27,199.0,199.5,194.5,195.0,819466,160527336,655,-3.00,195.0
2019-05-28,196.0,198.0,193.5,198.0,653370,128032260,486,+3.00,198.0
2019-05-29,195.0,197.0,194.0,194.5,400581,78214002,356,-3.50,194.5
2019-05-30,195.0,197.5,193.0,193.5,582064,113394044,485,-1.00,193.5
2019-05-31,192.0,197.5,192.0,195.5,622940,121741768,545,+2.00,195.5
2019-06-03,195.0,196.5,193.0,195.0,320166,62381536,286,-0.50,195.0
2019-06-04,195.0,198.0,194.0,195.0,686216,134249620,521, 0.00,195.0
2019-06-05,200.5,200.5,194.5,194.5,794345,156896099,672,-0.50,194.5
2019-06-06,194.5,196.5,189.0,190.0,935259,179766210,747,-4.50,190.0
2019-06-10,194.5,198.0,194.0,198.0,785853,154242041,629,+8.00,198.0
2019-06-11,199.5,201.5,198.0,201.0,915344,183329126,694,+3.00,201.0
2019-06-12,201.0,210.0,201.0,208.5,1756665,362911148,1461,+7.50,208.5
2019-06-13,206.5,209.5,205.5,208.5,731742,151942704,586, 0.00,208.5
2019-06-14,210.0,212.0,209.5,210.0,857047,180621797,675,+1.50,210.0
2019-06-17,210.0,212.5,206.5,207.5,614686,128355002,519,-2.50,207.5
2019-06-18,209.5,210.0,208.5,209.0,458810,96059290,377,+1.50,209.0
2019-06-19,212.0,213.0,210.0,212.0,766542,162469631,582,+3.00,212.0
2019-06-20,212.0,213.5,211.5,213.5,580557,123466860,467,+1.50,213.5
2019-06-21,215.0,216.0,212.0,214.5,577592,123513891,420,+1.00,214.5
2019-06-24,213.0,214.5,211.0,212.0,385108,81697731,355,-2.50,212.0
2019-06-25,211.5,213.5,211.0,212.5,470147,99786017,375,+0.50,212.5
2019-06-26,212.5,217.5,212.0,217.0,775958,167237428,635,+4.50,217.0
2019-06-27,218.0,219.0,215.0,215.5,555750,120325625,458,-1.50,215.5
2019-06-28,214.0,217.0,214.0,215.0,399814,86045196,314,-0.50,215.0
2019-07-01,218.5,228.0,217.0,227.0,2460524,550590160,1873,+12.00,227.0
2019-07-02,227.0,234.0,224.5,231.0,1377337,316739168,1190,+4.00,231.0
2019-07-03,235.0,242.0,232.5,238.5,3608224,858164812,2790,+7.50,238.5
2019-07-04,241.5,243.0,235.5,238.5,1752527,418488399,1334, 0.00,238.5
2019-07-05,237.0,237.0,233.0,234.5,762963,179127342,611,-4.00,234.5
2019-07-08,235.0,237.5,232.5,235.0,623442,146441928,475,+0.50,235.0
2019-07-09,235.0,235.0,230.0,234.0,703341,163429623,547,-1.00,234.0
2019-07-10,235.0,238.0,234.0,235.0,1297052,305643193,707,+1.00,235.0
2019-07-11,237.5,243.0,236.0,240.5,1054677,253544980,886,+5.50,240.5
2019-07-12,242.5,242.5,237.5,239.5,564114,134919911,347,-1.00,239.5
2019-07-15,241.0,241.0,234.5,235.0,679160,160311100,529,-4.50,235.0
2019-07-16,238.0,241.0,235.0,238.0,1235698,294208773,868,+3.00,238.0
2019-07-17,238.5,239.0,232.0,233.5,908585,213687092,675,-4.50,233.5
2019-07-18,234.0,236.0,230.0,232.0,844514,196636248,550,-1.50,232.0
2019-07-19,235.0,237.0,233.0,236.5,719994,169473584,514,+4.50,236.5
2019-07-22,236.5,238.0,232.5,233.0,1042088,244563004,780,-3.50,233.0
2019-07-23,234.5,238.0,231.0,233.5,1416355,331863035,1092,+0.50,233.5
2019-07-24,235.5,244.0,234.0,243.5,2109562,505862281,1724,+10.00,243.5
2019-07-25,236.0,238.5,233.5,236.0,2453486,579055434,1947,-7.50,236.0
2019-07-26,233.5,244.5,231.0,244.5,2136692,512340156,1678,+8.50,244.5
2019-07-29,247.0,249.0,239.5,241.5,1440226,350218075,1136,-3.00,241.5
2019-07-30,241.5,243.0,235.0,236.5,942937,224195096,740,-5.00,236.5
2019-07-31,239.0,240.0,236.5,239.0,578344,137787872,475,+2.50,239.0
2019-08-01,241.0,248.0,238.5,248.0,1870234,458099798,1445,+9.00,248.0
2019-08-02,232.0,232.0,222.0,227.5,2634474,601634572,2051,X0.00,227.5
2019-08-05,228.5,235.0,221.0,221.0,1615941,367488343,1332,-6.50,221.0
2019-08-06,209.0,220.0,209.0,218.5,1890821,408173620,1519,-2.50,218.5
2019-08-07,222.5,224.0,218.5,220.0,690566,152535086,549,+1.50,220.0
2019-08-08,220.0,223.5,217.0,219.5,1031644,226758324,807,-0.50,219.5
2019-08-12,219.5,230.5,219.5,228.5,2237691,509557888,1659,+9.00,228.5
2019-08-13,227.5,227.5,216.5,217.5,3085936,679344184,2456,-11.00,217.5
2019-08-14,220.5,222.0,205.0,205.0,4903711,1041133310,3773,-12.50,205.0
2019-08-15,199.0,203.5,197.5,199.0,2420118,484974272,2015,-6.00,199.0
2019-08-16,202.0,209.0,200.5,208.5,2696947,555041446,1908,+9.50,208.5
2019-08-19,208.5,213.5,205.0,212.0,1798540,378318880,1441,+3.50,212.0
2019-08-20,212.0,214.5,211.0,214.5,1562849,333705035,1266,+2.50,214.5
2019-08-21,214.0,219.5,213.0,219.5,2020720,437573600,1460,+5.00,219.5
2019-08-22,219.5,222.0,219.0,220.5,1073720,236416840,907,+1.00,220.5
2019-08-23,220.5,221.0,215.0,216.5,1002214,217452080,812,-4.00,216.5
2019-08-26,210.0,213.5,208.0,210.0,827391,174136610,711,-6.50,210.0
2019-08-27,213.0,215.0,210.0,210.0,675382,143408026,558, 0.00,210.0
2019-08-28,212.0,214.0,212.0,213.5,313306,66706984,274,+3.50,213.5
2019-08-29,215.0,217.5,214.0,214.5,748417,161585821,603,+1.00,214.5
2019-08-30,218.0,218.5,215.0,215.5,736595,159620115,615,+1.00,215.5
2019-09-02,217.5,222.5,217.0,222.5,1217803,268190569,937,+7.00,222.5
2019-09-03,222.5,225.5,221.0,222.5,1251736,279720518,1057, 0.00,222.5
2019-09-04,224.5,225.0,222.5,224.0,762925,170741775,643,+1.50,224.0
2019-09-05,225.5,225.5,221.5,221.5,695355,155185955,588,-2.50,221.5
2019-09-06,220.5,220.5,209.0,211.0,2888982,617076166,2312,-10.50,211.0
2019-09-09,214.0,214.5,208.0,211.0,1278345,268939795,1076, 0.00,211.0
2019-09-10,213.5,216.5,212.0,216.0,1722441,369436535,1071,+5.00,216.0
2019-09-11,219.5,227.0,217.0,227.0,3463983,775691141,2624,+11.00,227.0
2019-09-12,229.0,230.0,223.0,224.5,1722070,389874713,1419,-2.50,224.5
2019-09-16,224.5,224.5,219.0,220.0,1470726,324136958,974,-4.50,220.0
2019-09-17,221.0,222.5,217.5,218.0,835331,183117989,693,-2.00,218.0
2019-09-18,218.5,221.5,218.0,219.0,663316,145671704,598,+1.00,219.0
2019-09-19,218.5,220.5,218.0,219.5,393697,86282840,335,+0.50,219.5
2019-09-20,221.0,222.5,220.0,221.0,678984,150438438,550,+1.50,221.0
2019-09-23,222.0,224.0,220.0,220.0,559331,123904482,456,-1.00,220.0
2019-09-24,220.5,224.0,220.5,222.5,815315,181489586,679,+2.50,222.5
2019-09-25,219.0,219.0,214.5,215.5,1466140,316410160,1168,-7.00,215.5
2019-09-26,217.5,218.0,211.0,212.5,1013448,216705372,837,-3.00,212.5
2019-09-27,217.0,218.5,212.0,214.5,1563606,335097290,1216,+2.00,214.5
2019-10-01,215.5,216.0,211.0,211.5,1070698,227989540,853,-3.00,211.5
2019-10-02,210.0,213.0,206.5,208.0,2621140,546052450,2167,-3.50,208.0
2019-10-03,206.0,210.0,205.0,208.0,1234380,257009367,951, 0.00,208.0
2019-10-04,208.0,209.5,203.0,206.5,1905960,393011652,1432,-1.50,206.5
2019-10-07,209.0,211.0,208.5,210.0,1326357,278195357,1097,+3.50,210.0
2019-10-08,211.5,212.0,208.5,208.5,678354,142226016,566,-1.50,208.5
2019-10-09,207.5,210.0,205.0,205.5,1030055,212574409,963,-3.00,205.5
2019-10-14,208.0,209.0,206.5,209.0,944543,196364798,714,+3.50,209.0
2019-10-15,211.0,212.5,210.0,211.0,1121110,236763930,927,+2.00,211.0
2019-10-16,212.0,214.0,206.0,206.0,1349286,282239843,1044,-5.00,206.0
2019-10-17,207.0,209.0,206.5,208.0,765532,158694720,695,+2.00,208.0
2019-10-18,209.5,209.5,206.5,207.0,883782,183556156,584,-1.00,207.0
2019-10-21,207.0,207.5,205.0,205.0,858000,176359000,749,-2.00,205.0
2019-10-22,206.5,207.5,204.0,206.5,1051470,216450730,872,+1.50,206.5
2019-10-23,207.5,213.0,207.0,212.0,2761115,581705933,2079,+5.50,212.0
2019-10-24,223.0,224.0,216.0,218.0,6865950,1506931000,4896,+6.00,218.0
2019-10-25,219.0,219.0,213.0,213.0,2335266,503152424,1896,-5.00,213.0
2019-10-28,215.5,216.0,212.0,212.5,1419767,302863247,1186,-0.50,212.5
2019-10-29,214.0,216.5,212.0,213.0,1650742,354057917,1245,+0.50,213.0
2019-10-30,212.5,213.0,210.0,211.0,1219533,257437996,968,-2.00,211.0
2019-10-31,212.0,213.0,207.5,207.5,1312374,274804666,1024,-3.50,207.5
2019-11-01,208.5,211.0,207.5,208.5,998630,209074170,709,+1.00,208.5
2019-11-04,209.0,210.0,208.5,209.0,702723,146988499,595,+0.50,209.0
2019-11-05,210.0,214.0,210.0,212.0,1451553,307893007,995,+3.00,212.0
2019-11-06,214.0,215.0,210.0,211.0,1598666,339578692,1121,-1.00,211.0
2019-11-07,211.0,213.0,210.0,211.0,1000600,211505200,813, 0.00,211.0
2019-11-08,213.0,215.0,211.5,215.0,1558073,333040695,1190,+4.00,215.0
2019-11-11,216.5,216.5,208.0,208.0,1837548,389966532,1409,-7.00,208.0
2019-11-12,209.5,212.0,209.5,210.0,604285,127186486,509,+2.00,210.0
2019-11-13,210.0,213.5,208.5,212.0,1043057,221193226,735,+2.00,212.0
2019-11-14,214.5,217.0,213.0,215.0,3386148,729503320,2489,+3.00,215.0
2019-11-15,217.0,223.0,215.5,222.5,5380028,1182758712,4039,+7.50,222.5
2019-11-18,226.0,227.0,220.0,222.0,4202786,936649992,3135,-0.50,222.0
2019-11-19,221.0,229.0,220.5,228.0,4458064,1005224592,3371,+6.00,228.0
2019-11-20,228.5,230.0,225.5,227.0,4001628,909636684,3023,-1.00,227.0
2019-11-21,224.5,225.5,222.0,224.5,2641301,591504675,2178,-2.50,224.5
2019-11-22,226.0,227.0,222.5,223.0,2245763,503996675,1568,-1.50,223.0
2019-11-25,222.0,223.0,218.0,218.0,2897049,636119198,2257,-5.00,218.0
2019-11-26,219.5,223.0,219.5,223.0,1920121,425363483,1410,+5.00,223.0
2019-11-27,223.0,225.5,222.5,225.5,2247129,504545525,1683,+2.50,225.5
2019-11-28,226.5,230.5,226.0,226.0,3375607,771445682,2466,+0.50,226.0
2019-11-29,228.0,230.5,226.5,227.5,3161612,722668036,2317,+1.50,227.5
2019-12-02,228.5,229.0,219.5,221.0,2987515,666146330,1962,-6.50,221.0
2019-12-03,222.0,225.0,221.5,223.0,2137799,476855575,1219,+2.00,223.0
2019-12-04,223.0,224.0,219.5,221.5,2322719,514597837,1251,-1.50,221.5
2019-12-05,223.0,224.0,222.0,222.5,1308586,291686382,744,+1.00,222.5
2019-12-06,220.5,222.0,217.5,217.5,3652535,801807630,2097,-5.00,217.5
2019-12-09,214.5,215.5,212.0,213.0,5169470,1107053612,2551,-4.50,213.0
2019-12-10,213.0,215.0,210.0,211.5,2771300,588629900,1546,-1.50,211.5
2019-12-11,212.0,212.0,208.5,208.5,2995860,628431527,2136,-3.00,208.5
2019-12-12,208.5,213.0,208.5,209.0,2644242,557061862,1877,+0.50,209.0
2019-12-13,210.0,211.5,207.0,207.0,2420778,505996985,1773,-2.00,207.0
2019-12-16,208.0,211.5,208.0,210.5,1498298,314620176,1179,+3.50,210.5
2019-12-17,213.0,216.0,212.5,213.5,3958190,848186211,2773,+3.00,213.5
2019-12-18,214.0,215.5,212.5,213.5,1775108,379923612,1342, 0.00,213.5
2019-12-19,215.5,217.5,214.5,215.5,2297696,496101532,1796,+2.00,215.5
2019-12-20,216.5,218.0,215.0,215.5,1881321,409186992,1411, 0.00,215.5
2019-12-23,217.0,217.5,214.5,214.5,886476,193015340,644,-1.00,214.5
2019-12-24,215.5,219.5,214.0,217.0,3320141,723253803,2507,+2.50,217.0
2019-12-25,221.0,228.0,220.5,224.5,7219394,1622591650,5211,+7.50,224.5
2019-12-26,226.0,227.0,221.0,222.0,3071309,689090798,1897,-2.50,222.0
2019-12-27,223.5,227.5,222.0,226.0,2550677,574226325,1855,+4.00,226.0
2019-12-30,228.0,229.0,224.5,224.5,2722823,604954175,1391,-1.50,224.5
2019-12-31,224.0,227.0,223.0,225.5,1723720,388306353,1336,+1.00,225.5
2020-01-02,228.0,235.0,226.5,227.5,5900468,1361499704,4310,+2.00,227.5
2020-01-03,231.0,232.5,223.0,224.0,4408809,999242716,3169,-3.50,224.0
2020-01-06,223.0,228.5,223.0,224.5,2503473,566350898,1759,+0.50,224.5
2020-01-07,227.0,232.0,225.0,231.0,5073556,1160986880,3710,+6.50,231.0
2020-01-08,231.0,240.0,229.0,237.0,8954460,2103475020,6432,+6.00,237.0
2020-01-09,242.0,244.5,234.0,235.0,5691749,1357921264,4358,-2.00,235.0
2020-01-10,235.0,237.0,232.5,235.5,2586639,608277804,1813,+0.50,235.5
2020-01-13,238.5,240.0,236.5,238.0,2958471,704175098,2041,+2.50,238.0
2020-01-14,243.0,245.0,237.0,237.0,4205379,1011946507,3181,-1.00,237.0
2020-01-15,238.5,240.5,234.5,235.0,3043771,720456062,2364,-2.00,235.0
2020-01-16,235.0,236.5,232.0,234.5,2453733,574162384,1711,-0.50,234.5
2020-01-17,236.0,237.5,233.5,234.0,1513415,355929314,1175,-0.50,234.0
2020-01-20,234.5,235.0,231.5,232.0,1747016,406551209,1384,-2.00,232.0
2020-01-30,221.0,227.0,220.0,222.0,3904640,869115580,2765,-10.00,222.0
2020-01-31,229.0,229.0,222.0,224.0,2378523,535840198,1909,+2.00,224.0
2020-02-03,218.5,220.0,212.0,219.0,2381580,517489340,1636,-5.00,219.0
2020-02-04,226.0,228.0,223.5,223.5,3810712,858281836,2720,+4.50,223.5
2020-02-05,227.0,228.5,223.0,225.0,3452952,780606960,2461,+1.50,225.0
2020-02-06,224.5,225.0,218.5,220.0,4317066,954315652,3258,-5.00,220.0
2020-02-07,217.0,219.0,209.0,209.5,4904610,1043357005,3684,-10.50,209.5
2020-02-10,203.5,208.5,200.5,205.0,3161342,647041320,2466,-4.50,205.0
2020-02-11,208.5,209.5,206.0,206.5,2191413,454479519,1753,+1.50,206.5
2020-02-12,207.5,214.5,207.5,214.5,2281675,482745810,1859,+8.00,214.5
2020-02-13,215.0,215.5,209.5,209.5,2389080,506726880,1841,-5.00,209.5
2020-02-14,210.5,215.0,210.5,215.0,1630995,348196920,1342,+5.50,215.0
2020-02-17,213.0,213.0,211.0,212.5,1111464,235679559,910,-2.50,212.5
2020-02-18,213.0,216.0,211.0,211.0,1532293,326464202,1196,-1.50,211.0
2020-02-19,215.0,215.5,213.0,214.5,1569150,336441666,1202,+3.50,214.5
2020-02-20,217.0,218.5,214.5,215.0,1843245,398462420,1375,+0.50,215.0
2020-02-21,215.5,216.0,211.0,211.0,1511570,321739410,1179,-4.00,211.0
2020-02-24,208.0,209.5,205.0,208.5,1204551,250401932,1034,-2.50,208.5
2020-02-25,205.0,209.0,204.5,207.5,1226282,253600791,973,-1.00,207.5
2020-02-26,205.5,207.5,203.0,204.0,1856073,380766038,1541,-3.50,204.0
2020-02-27,205.0,206.0,191.0,191.5,4494270,882600150,3397,-12.50,191.5
2020-03-02,185.0,194.0,181.5,189.0,2731857,514024544,1922,-2.50,189.0
2020-03-03,195.0,195.5,192.0,193.5,1506834,292677298,1094,+4.50,193.5
2020-03-04,192.5,193.5,189.0,192.0,1112688,212865472,828,-1.50,192.0
2020-03-05,195.5,197.0,194.0,196.5,1173845,229561465,979,+4.50,196.5
2020-03-06,195.0,196.5,193.5,195.5,663215,129300028,518,-1.00,195.5
2020-03-09,191.5,193.0,183.5,183.5,1902778,356524486,1565,-12.00,183.5
2020-03-10,178.0,189.0,178.0,187.5,1849798,339224322,1481,+4.00,187.5
2020-03-11,190.5,193.0,186.5,188.0,1494817,284908001,1236,+0.50,188.0
2020-03-12,187.0,187.0,172.5,175.0,2873825,511795850,2220,-13.00,175.0
2020-03-13,159.5,165.0,157.5,163.5,5202322,831916630,3460,-11.50,163.5
2020-03-16,164.5,166.5,151.5,153.5,2516835,400846666,1951,-10.00,153.5
2020-03-17,142.0,157.0,141.5,147.0,2802169,417647012,2206,-6.50,147.0
2020-03-18,152.0,156.0,147.5,148.0,3372593,511393450,2653,+1.00,148.0
2020-03-19,145.0,147.0,133.5,133.5,3844144,529635440,2610,-14.50,133.5
2020-03-20,140.0,145.0,138.5,141.5,3858557,547342426,2636,+8.00,141.5
2020-03-23,133.5,134.0,127.5,128.5,3022470,391897600,2308,-13.00,128.5
2020-03-24,133.0,137.0,132.0,134.5,3802180,510652480,2772,+6.00,134.5
2020-03-25,141.5,147.5,140.5,147.5,4359694,631749860,3083,+13.00,147.5
2020-03-26,151.0,153.5,145.5,153.0,4053601,609011857,3005,+5.50,153.0
2020-03-27,157.5,160.0,151.0,151.0,3737642,580591254,2852,-2.00,151.0
2020-03-30,150.0,160.0,147.5,160.0,3176645,489473700,2286,+9.00,160.0
2020-03-31,163.0,166.0,157.0,164.0,4572645,743938425,3300,+4.00,164.0
2020-04-01,163.5,167.0,161.0,164.5,2455275,403574700,1938,+0.50,164.5
2020-04-06,166.0,166.5,162.5,166.0,1787806,294788308,1425,+1.50,166.0
2020-04-07,167.5,171.0,165.5,169.5,3222752,541744844,2382,+3.50,169.5
2020-04-08,168.5,176.5,168.0,175.0,2995866,517797148,2181,+5.50,175.0
2020-04-09,176.5,177.5,165.0,168.0,4420816,752428984,3027,-7.00,168.0
2020-04-10,168.0,173.5,168.0,171.5,1829594,312890555,1479,+3.50,171.5
2020-04-13,172.0,172.5,168.0,169.0,1267986,215625119,983,-2.50,169.0
2020-04-14,171.5,174.0,171.0,173.5,1286190,222086250,972,+4.50,173.5
2020-04-15,177.0,184.5,176.5,183.0,3974778,720980033,3018,+9.50,183.0
2020-04-16,182.0,187.5,179.5,183.5,3533497,651215193,2808,+0.50,183.5
2020-04-17,186.0,187.5,178.5,179.5,3416110,624612462,2563,-4.00,179.5
2020-04-20,180.0,181.0,176.5,177.5,1489033,265444407,1181,-2.00,177.5
2020-04-21,178.0,180.0,173.5,174.0,2171931,381159494,1425,-3.50,174.0
2020-04-22,173.0,178.0,169.0,176.5,1293191,225371207,946,+2.50,176.5
2020-04-23,180.0,180.0,175.0,175.0,1118974,198302898,851,-1.50,175.0
2020-04-24,176.0,177.0,174.0,176.0,628764,110486843,466,+1.00,176.0
2020-04-27,179.0,181.0,177.5,180.0,1507587,270645747,1052,+4.00,180.0
2020-04-28,183.0,183.0,180.0,181.5,1354162,245595065,1045,+1.50,181.5
2020-04-29,182.5,185.0,181.5,183.5,1462365,268092835,1196,+2.00,183.5
2020-04-30,187.0,198.5,186.5,196.5,6040860,1163853200,4723,+13.00,196.5
2020-05-04,187.5,190.0,187.0,187.5,2583138,485935220,2049,-9.00,187.5
2020-05-05,190.0,192.5,187.5,190.0,2184805,415181060,1649,+2.50,190.0
2020-05-06,188.0,189.5,185.5,186.5,1406001,263164688,1077,-3.50,186.5
2020-05-07,187.0,189.5,187.0,188.5,863040,162715100,713,+2.00,188.5
2020-05-08,189.5,191.5,187.0,189.5,1303807,247055039,956,+1.00,189.5
2020-05-11,192.5,192.5,189.0,190.0,1240504,236120013,896,+0.50,190.0
2020-05-12,189.0,194.0,188.0,188.0,1584258,301800262,1287,-2.00,188.0
2020-05-13,185.5,189.0,185.5,187.5,689555,129144340,556,-0.50,187.5
2020-05-14,186.0,188.0,180.5,181.5,1283828,236728106,1101,-6.00,181.5
2020-05-15,183.5,185.0,178.0,181.0,1199448,218220984,852,-0.50,181.0
2020-05-18,181.0,184.5,179.0,181.5,913748,165906762,775,+0.50,181.5
2020-05-19,185.0,189.0,183.5,186.5,1478066,275781908,1186,+5.00,186.5
2020-05-20,188.5,190.0,185.5,189.0,1147520,215716820,922,+2.50,189.0
2020-05-21,190.0,191.0,186.5,186.5,1283199,242106912,1015,-2.50,186.5
2020-05-22,187.0,188.5,184.5,184.5,815871,151887564,663,-2.00,184.5
2020-05-25,186.0,188.0,183.0,188.0,519697,96912880,475,+3.50,188.0
2020-05-26,189.0,191.0,188.5,189.0,1152914,218771160,895,+1.00,189.0
2020-05-27,191.5,197.0,191.0,194.5,3864115,750909475,2834,+5.50,194.5
2020-05-28,195.5,198.0,192.5,193.5,2682402,524911488,1881,-1.00,193.5
2020-05-29,193.0,196.5,192.5,196.5,1324387,258660042,1016,+3.00,196.5
2020-06-01,202.0,206.0,199.0,204.5,3272000,664305500,2469,+8.00,204.5
2020-06-02,206.0,206.5,201.5,202.0,1815212,369300824,1417,-2.50,202.0
2020-06-03,204.0,208.5,203.0,208.0,2186711,451883388,1734,+6.00,208.0
2020-06-04,209.5,211.0,205.0,206.0,1513346,313495622,1229,-2.00,206.0
2020-06-05,207.5,209.5,206.0,209.0,1224285,254681205,984,+3.00,209.0
2020-06-08,209.0,209.0,206.0,207.0,1354353,280621424,936,-2.00,207.0
2020-06-09,209.5,214.5,209.0,210.0,3607105,764139550,2714,+3.00,210.0
2020-06-10,209.5,214.5,209.0,214.5,2550902,542548028,2132,+4.50,214.5
2020-06-11,217.5,218.0,207.5,207.5,2354070,499419560,1873,-7.00,207.5
2020-06-12,202.0,209.5,199.0,209.5,1753669,358283490,1261,+2.00,209.5
2020-06-15,209.0,212.0,204.5,205.0,1663106,344533230,1285,-4.50,205.0
2020-06-16,207.5,211.0,205.5,210.5,1801718,376216631,1351,+5.50,210.5
2020-06-17,211.0,211.5,208.0,208.5,777810,162554290,637,-2.00,208.5
2020-06-18,209.0,211.0,207.5,210.0,834723,175046968,617,+1.50,210.0
2020-06-19,211.0,216.0,211.0,211.5,1703946,363259106,1237,+1.50,211.5
2020-06-22,210.5,215.5,210.5,215.0,1406526,300730064,1066,+3.50,215.0
2020-06-23,217.0,219.0,213.0,216.0,1905007,412411505,1378,+1.00,216.0
2020-06-24,217.0,217.5,215.0,215.5,825559,178208685,618,-0.50,215.5
2020-06-29,213.0,215.0,209.5,210.5,1065591,225507396,896,-5.00,210.5
2020-06-30,212.0,212.5,210.0,210.0,803773,169427557,635,-0.50,210.0
2020-07-01,212.5,216.0,212.5,213.0,1522306,325665178,1183,+3.00,213.0
2020-07-02,216.0,224.0,215.5,219.0,4304026,947033194,3167,+6.00,219.0
2020-07-03,223.5,226.5,222.0,224.0,3517283,788522743,2671,+5.00,224.0
2020-07-06,227.0,229.5,225.5,229.5,2670341,608563089,2024,+5.50,229.5
2020-07-07,232.0,232.0,219.0,221.5,4334799,968314269,3394,-8.00,221.5
2020-07-08,222.5,225.0,219.0,220.5,2121139,468687219,1615,-1.00,220.5
2020-07-09,222.0,222.5,214.5,215.5,3366478,729699481,2450,-5.00,215.5
2020-07-10,216.5,217.0,210.0,210.0,1394446,295308606,1183,-5.50,210.0
2020-07-13,212.0,216.5,211.0,216.5,1437645,307734630,1126,+6.50,216.5
2020-07-14,218.0,218.5,215.0,217.5,2689371,584324878,2127,+1.00,217.5
2020-07-15,212.5,212.5,202.0,202.0,2839486,586660158,2232,X0.00,202.0
2020-07-16,203.5,206.5,202.0,202.5,1119376,227905828,790,+0.50,202.5
2020-07-17,203.0,207.0,203.0,203.5,1223650,250838771,913,+1.00,203.5
2020-07-20,205.0,206.0,202.0,204.5,503520,102666100,430,+1.00,204.5
2020-07-21,207.0,209.0,206.5,208.0,1064210,221151470,844,+3.50,208.0
2020-07-22,208.5,209.0,205.0,205.0,1178681,243180320,944,-3.00,205.0
2020-07-23,207.0,208.0,203.0,204.0,1022987,209798335,817,-1.00,204.0
2020-07-24,203.0,205.5,199.0,199.0,1491638,300449962,1193,-5.00,199.0
2020-07-27,199.5,202.0,193.5,195.0,1666146,326446185,1257,-4.00,195.0
2020-07-28,198.0,198.5,189.0,190.0,1734620,334141420,1280,-5.00,190.0
2020-07-29,190.5,194.5,189.5,193.0,1279765,245751675,962,+3.00,193.0
2020-07-30,195.0,199.0,193.0,199.0,939738,184147838,662,+6.00,199.0
2020-07-31,196.5,198.0,193.5,195.5,1062585,207333363,880,-3.50,195.5
2020-08-03,194.5,197.0,194.5,196.0,406200,79438400,334,+0.50,196.0
2020-08-04,197.5,198.5,195.5,197.5,530610,104451280,421,+1.50,197.5
2020-08-05,198.5,199.5,196.0,196.5,927591,182932609,691,-1.00,196.5
2020-08-06,199.0,209.5,199.0,208.0,4298248,880984084,3155,+11.50,208.0
2020-08-07,207.5,210.5,205.0,208.5,2298869,478898621,1718,+0.50,208.5
2020-08-10,208.5,210.0,205.0,205.5,863406,178722136,655,-3.00,205.5
2020-08-11,208.0,213.0,207.5,208.5,1823290,382961961,1367,+3.00,208.5
2020-08-12,210.0,210.5,207.0,209.0,975853,203868848,717,+0.50,209.0
2020-08-13,211.5,217.0,210.0,210.0,3130456,669313304,2199,+1.00,210.0
2020-08-14,217.0,221.5,214.5,217.5,6651949,1449960397,4534,+7.50,217.5
2020-08-17,220.0,222.5,217.5,220.5,2621774,577216780,1943,+3.00,220.5
2020-08-18,227.0,229.5,223.0,225.0,4997043,1131826632,3548,+4.50,225.0
2020-08-19,226.5,234.0,226.5,230.0,5712231,1316168899,3761,+5.00,230.0
2020-08-20,230.5,232.0,214.0,220.0,4501808,995343760,3038,-10.00,220.0
2020-08-21,228.5,242.0,228.5,242.0,9371447,2221139227,6263,+22.00,242.0
2020-08-24,242.0,243.0,233.5,241.0,6668563,1592656557,4600,-1.00,241.0
2020-08-25,242.0,243.0,236.5,239.0,2474452,590802076,1821,-2.00,239.0
2020-08-26,239.0,245.0,238.0,238.5,3915035,941560806,2874,-0.50,238.5
2020-08-27,243.0,252.0,240.0,246.0,6469032,1599160840,4438,+7.50,246.0
2020-08-28,246.0,251.5,244.0,245.0,3515549,870002175,2444,-1.00,245.0
2020-08-31,244.0,250.5,240.5,247.0,2364612,582657052,1907,+2.00,247.0
2020-09-01,250.5,261.0,249.0,256.0,8189363,2103649428,6073,+9.00,256.0
2020-09-02,258.5,258.5,251.5,257.5,1982080,505090584,1653,+1.50,257.5
2020-09-03,257.5,260.5,254.0,256.0,3002031,774594905,2350,-1.50,256.0
2020-09-04,248.0,253.5,244.0,251.5,2076672,519649162,1517,-4.50,251.5
2020-09-07,251.0,252.0,238.5,242.5,2615018,638861838,1985,-9.00,242.5
2020-09-08,245.0,248.5,243.0,245.5,935255,230062220,815,+3.00,245.5
2020-09-09,238.0,246.0,236.0,244.0,1734974,421324656,1371,-1.50,244.0
2020-09-10,246.0,247.5,239.0,239.0,1080837,261332952,930,-5.00,239.0
2020-09-11,240.5,242.5,232.0,238.0,2332886,550126368,1778,-1.00,238.0
2020-09-14,238.5,239.0,231.5,232.5,1450218,338094176,1204,-5.50,232.5
2020-09-15,235.0,236.5,233.0,235.0,1527028,358576080,1170,+2.50,235.0
2020-09-16,237.5,241.5,235.5,236.0,1678579,399647644,1337,+1.00,236.0
2020-09-17,236.5,239.5,235.5,238.0,788987,187669906,682,+2.00,238.0
2020-09-18,240.5,248.0,240.0,246.0,2598532,638052372,2189,+8.00,246.0
2020-09-21,244.5,256.0,244.5,251.0,2535755,639294505,2171,+5.00,251.0
2020-09-22,251.0,252.0,247.0,249.0,1193773,297841477,1055,-2.00,249.0
2020-09-23,247.5,250.0,245.0,245.0,1082363,267119216,926,-4.00,245.0
2020-09-24,240.0,243.0,231.5,231.5,2675060,629120874,1933,-13.50,231.5
2020-09-25,235.5,236.5,223.0,225.5,2727697,623100862,1751,-6.00,225.5
2020-09-28,227.5,230.0,219.5,219.5,2374459,527900398,1702,-6.00,219.5
2020-09-29,223.5,226.5,220.5,222.5,2251631,502276213,1613,+3.00,222.5
2020-09-30,221.0,225.5,220.5,225.5,1517126,338624110,1092,+3.00,225.5
2020-10-05,222.5,231.0,222.5,230.0,961540,218991700,777,+4.50,230.0
2020-10-06,233.5,234.0,228.0,229.0,963187,221435697,702,-1.00,229.0
2020-10-07,228.0,228.0,223.0,224.0,1479734,332366384,1209,-5.00,224.0
2020-10-08,226.0,226.0,218.5,219.0,2134423,470197983,1845,-5.00,219.0
2020-10-12,219.5,221.0,216.5,219.5,988665,216414800,820,+0.50,219.5
2020-10-13,221.0,223.5,218.0,218.5,1256059,276843948,1077,-1.00,218.5
2020-10-14,219.5,221.0,216.5,217.5,1288291,281121081,986,-1.00,217.5
2020-10-15,218.0,219.5,215.0,217.5,895290,194278300,732, 0.00,217.5
2020-10-16,216.5,218.5,214.0,214.0,1478083,318446428,1127,-3.50,214.0
2020-10-19,216.0,218.0,215.0,216.5,956604,206883577,778,+2.50,216.5
2020-10-20,215.0,220.0,215.0,220.0,996224,218024780,769,+3.50,220.0
2020-10-21,222.0,223.0,219.0,220.0,954470,210456340,740, 0.00,220.0
2020-10-22,222.0,222.0,217.5,218.0,970523,212405560,794,-2.00,218.0
2020-10-23,219.5,220.5,218.5,219.5,441353,96881160,380,+1.50,219.5
2020-10-26,219.5,221.0,218.5,220.0,502635,110590927,439,+0.50,220.0
2020-10-27,218.0,218.0,216.0,217.0,850329,184671387,621,-3.00,217.0
2020-10-28,217.5,220.0,217.0,220.0,684980,149824125,558,+3.00,220.0
2020-10-29,216.0,220.0,215.5,220.0,860175,186973426,679, 0.00,220.0
2020-10-30,219.5,219.5,216.5,219.5,1129486,247444895,471,-0.50,219.5
2020-11-02,218.5,220.0,214.0,215.0,903269,194766968,707,-4.50,215.0
2020-11-03,216.5,224.5,216.5,224.0,1530711,340016949,1293,+9.00,224.0
2020-11-04,224.0,231.5,221.0,229.5,2073331,472195968,1645,+5.50,229.5
2020-11-05,230.0,232.5,227.0,228.0,823976,188263881,725,-1.50,228.0
2020-11-06,231.0,231.5,228.0,230.0,1757241,403680023,1304,+2.00,230.0
2020-11-09,234.0,249.5,233.0,243.5,4547387,1102638478,3442,+13.50,243.5
2020-11-10,240.0,249.0,239.0,243.0,1919865,467223112,1558,-0.50,243.0
2020-11-11,241.5,248.0,240.0,241.0,2326568,565736430,1853,-2.00,241.0
2020-11-12,241.5,243.5,234.0,234.5,1894503,450742302,1405,-6.50,234.5
2020-11-13,234.5,241.5,234.5,238.5,1444863,343787452,1033,+4.00,238.5
2020-11-16,236.0,236.0,227.0,232.5,3480833,802880522,2880,-6.00,232.5
2020-11-17,236.5,240.0,235.5,238.0,1903538,452246303,1466,+5.50,238.0
2020-11-18,239.5,240.5,235.0,235.0,1419610,336267205,1183,-3.00,235.0
2020-11-19,237.5,241.5,235.5,238.0,1713182,408560411,1240,+3.00,238.0
2020-11-20,239.5,245.0,237.0,242.5,2238879,542038291,1909,+4.50,242.5
2020-11-23,241.5,244.0,240.0,243.5,1247818,301753727,981,+1.00,243.5
2020-11-24,245.5,247.5,240.5,246.5,2050992,500843243,1693,+3.00,246.5
2020-11-25,247.5,259.5,245.0,245.0,4469038,1119314992,3598,-1.50,245.0
2020-11-26,248.5,252.0,246.0,248.0,1240784,308143545,1105,+3.00,248.0
2020-11-27,249.0,252.5,248.0,250.0,1037560,259672595,947,+2.00,250.0
2020-11-30,251.0,253.0,245.0,245.0,1271553,316465369,1061,-5.00,245.0
2020-12-01,249.5,251.0,243.5,247.0,1831286,451897791,1156,+2.00,247.0
2020-12-02,248.0,248.0,243.0,245.5,1261377,308812825,1032,-1.50,245.5
2020-12-03,245.5,247.5,244.0,244.0,1109225,272497714,872,-1.50,244.0
2020-12-04,246.0,246.5,240.0,243.0,1245966,303000664,1021,-1.00,243.0
2020-12-07,245.0,247.0,237.0,239.5,1979433,475332131,1652,-3.50,239.5
2020-12-08,239.5,244.0,239.5,242.5,1373380,331476480,1124,+3.00,242.5
2020-12-09,243.5,246.0,242.0,245.0,1649428,402549921,1258,+2.50,245.0
2020-12-10,243.5,245.0,239.0,244.0,1571596,380288903,1267,-1.00,244.0
2020-12-11,244.5,249.5,242.5,244.5,1793275,441297388,1525,+0.50,244.5
2020-12-14,246.0,248.5,241.5,242.5,1251917,304874312,1076,-2.00,242.5
2020-12-15,243.5,247.0,238.0,238.0,1312526,316981022,1076,-4.50,238.0
2020-12-16,241.0,250.0,240.5,248.0,2417667,594666167,2045,+10.00,248.0
2020-12-17,250.0,251.5,246.0,250.5,1722502,429069880,1443,+2.50,250.5
2020-12-18,252.0,252.0,242.5,242.5,1244583,305868059,1028,-8.00,242.5
2020-12-21,243.5,245.0,239.0,241.0,920901,222831491,763,-1.50,241.0
2020-12-22,238.0,242.0,236.0,236.5,1466867,351125549,1542,-4.50,236.5
2020-12-23,236.5,239.5,233.5,234.5,1022136,240046715,933,-2.00,234.5
2020-12-24,236.0,242.0,236.0,240.5,1308776,313118377,1201,+6.00,240.5
2020-12-25,244.0,246.0,242.5,246.0,1240105,302522401,1063,+5.50,246.0
2020-12-28,247.5,248.5,243.5,244.0,938740,230655943,866,-2.00,244.0
2020-12-29,244.0,246.5,243.5,245.5,588059,143836581,509,+1.50,245.5
2020-12-30,244.5,246.0,243.5,243.5,404800,98797822,381,-2.00,243.5
2020-12-31,245.0,247.5,243.5,243.5,1014202,249012661,797, 0.00,243.5
2021-01-04,246.0,267.5,246.0,267.5,6854317,1805568290,4791,+24.00,267.5
2021-01-05,270.0,277.5,264.0,265.5,7422349,2018613909,5716,-2.00,265.5
2021-01-06,267.5,272.0,257.5,267.0,4783195,1273681768,3910,+1.50,267.0
2021-01-07,270.0,271.0,263.5,268.5,2965623,790219933,2448,+1.50,268.5
2021-01-08,274.0,280.0,264.0,264.0,4085222,1103940476,3291,-4.50,264.0
2021-01-11,266.5,271.5,263.0,267.5,2026116,541810544,1826,+3.50,267.5
2021-01-12,266.0,267.5,260.0,261.0,1728189,453832260,1682,-6.50,261.0
2021-01-13,264.0,266.5,263.0,266.0,938491,248422022,851,+5.00,266.0
2021-01-14,268.5,282.0,268.0,274.0,4990464,1370134912,4066,+8.00,274.0
2021-01-15,279.0,285.0,270.0,275.0,4788493,1327286324,3868,+1.00,275.0
2021-01-18,280.0,288.0,271.5,281.0,5816484,1639458394,4828,+6.00,281.0
2021-01-19,282.5,288.5,282.0,283.5,3110529,886007313,2666,+2.50,283.5
2021-01-20,285.5,286.0,275.0,278.5,2924527,809125135,2206,-5.00,278.5
2021-01-21,284.0,288.5,281.5,286.0,2492547,711731152,2247,+7.50,286.0
2021-01-22,289.0,305.0,287.0,298.0,5365681,1583017925,4473,+12.00,298.0
2021-01-25,296.0,296.0,289.5,292.0,2321901,678717131,2086,-6.00,292.0
2021-01-26,295.0,307.0,294.0,298.5,5891916,1775588635,5018,+6.50,298.5
2021-01-27,303.0,325.0,303.0,312.5,9536188,3006558153,7617,+14.00,312.5
2021-01-28,301.0,315.0,298.0,306.0,5922295,1812801803,5036,-6.50,306.0
2021-01-29,315.0,315.5,305.5,310.5,4078951,1265227965,3253,+4.50,310.5
2021-02-01,314.5,314.5,294.5,295.0,4050471,1222366049,3756,-15.50,295.0
2021-02-02,299.0,303.0,295.0,301.0,3460185,1036016699,2761,+6.00,301.0
2021-02-03,305.0,307.5,298.5,300.0,2292706,695072466,1923,-1.00,300.0
2021-02-04,299.0,303.0,296.0,298.5,1469768,439860517,1269,-1.50,298.5
2021-02-05,299.0,300.5,295.0,295.0,1278767,380044180,1227,-3.50,295.0
2021-02-17,303.0,307.5,297.0,307.0,2529620,768238061,2209,+12.00,307.0
2021-02-18,307.0,314.5,303.0,312.5,2025459,628492056,1928,+5.50,312.5
2021-02-19,310.0,312.0,303.5,305.0,1789552,548149539,1666,-7.50,305.0
2021-02-22,306.5,308.5,303.0,306.0,1989078,608116377,1747,+1.00,306.0
2021-02-23,302.0,306.5,301.5,301.5,1213757,368213523,1208,-4.50,301.5
2021-02-24,301.0,307.0,298.5,300.5,1924893,580915302,1587,-1.00,300.5
2021-02-25,305.0,308.5,302.0,305.0,1413954,431078051,1272,+4.50,305.0
2021-02-26,299.0,301.0,296.0,298.0,1612657,480780626,1514,-7.00,298.0
2021-03-02,300.5,301.0,287.0,287.5,3268861,949565556,1967,-10.50,287.5
2021-03-03,285.5,288.5,274.0,278.0,3801511,1061957568,3341,-9.50,278.0
2021-03-04,278.0,282.0,275.5,275.5,1557499,434090894,1504,-2.50,275.5
2021-03-05,273.5,284.0,272.0,280.0,2125685,593573505,1772,+4.50,280.0
2021-03-08,280.5,283.5,274.0,274.0,1327127,368102981,1288,-6.00,274.0
2021-03-09,272.0,274.5,268.0,270.5,1796039,486197872,1528,-3.50,270.5
2021-03-10,278.0,283.5,272.5,273.0,1851638,514354844,1719,+2.50,273.0
2021-03-11,277.0,280.0,276.5,279.5,944580,262629297,902,+6.50,279.5
2021-03-12,282.5,283.0,274.5,276.5,1616527,448423935,1366,-3.00,276.5
2021-03-15,276.0,278.0,273.5,275.5,1044678,287390617,1076,-1.00,275.5
2021-03-16,277.0,281.0,277.0,278.0,1024583,285290969,1055,+2.50,278.0
2021-03-17,278.0,280.0,274.5,275.5,1314439,362907740,1237,-2.50,275.5
2021-03-18,279.0,280.0,276.0,280.0,1083784,301779686,947,+4.50,280.0
2021-03-19,277.5,278.5,273.5,274.0,1301060,358692043,1168,-6.00,274.0
2021-03-22,274.0,274.5,268.0,270.0,1078353,291548805,1047,-4.00,270.0
2021-03-23,272.0,273.5,268.0,270.0,1284290,346882243,1145, 0.00,270.0
2021-03-24,271.0,272.0,267.0,268.5,995706,267787510,903,-1.50,268.5
2021-03-25,271.0,271.0,263.5,263.5,2331934,620687623,2243,-5.00,263.5
2021-03-26,264.0,269.5,263.5,268.0,1623214,433250513,1493,+4.50,268.0
2021-03-29,268.5,270.0,267.0,269.0,1016509,273432482,985,+1.00,269.0
2021-03-30,272.5,273.5,270.0,271.5,1150472,312181984,1074,+2.50,271.5
2021-03-31,272.5,273.5,266.0,266.0,1944206,524080604,1718,-5.50,266.0
2021-04-01,271.0,275.5,269.0,270.5,2124999,577020216,1820,+4.50,270.5
2021-04-06,273.0,274.0,270.5,273.5,1405738,382581472,1162,+3.00,273.5
2021-04-07,276.5,283.0,276.0,283.0,3243537,908638641,2779,+9.50,283.0
2021-04-08,282.5,284.0,280.0,284.0,1589226,449253496,1490,+1.00,284.0
2021-04-09,287.0,287.0,280.0,281.0,1697583,478987869,1468,-3.00,281.0
2021-04-12,281.0,284.0,276.0,276.5,988513,275282263,993,-4.50,276.5
2021-04-13,276.5,279.0,269.0,269.5,1858093,507346791,1673,-7.00,269.5
2021-04-14,272.5,273.5,259.0,270.0,2400379,639414877,2082,+0.50,270.0
2021-04-15,269.5,271.0,266.0,267.0,1165926,312155785,1179,-3.00,267.0
2021-04-16,268.0,270.5,266.5,269.5,944269,253938712,923,+2.50,269.5
2021-04-19,268.5,269.0,266.0,266.5,1093825,292041326,1093,-3.00,266.5
2021-04-20,266.0,269.0,265.0,266.0,1699388,453494705,1408,-0.50,266.0
2021-04-21,268.0,269.5,267.0,268.0,747012,200480944,680,+2.00,268.0
2021-04-22,270.0,271.5,268.0,269.0,1213536,326468531,1017,+1.00,269.0
2021-04-23,268.5,271.5,268.0,270.5,927546,250416585,869,+1.50,270.5
2021-04-26,272.0,273.0,269.0,271.5,576608,156111748,530,+1.00,271.5
2021-04-27,272.0,272.5,268.5,268.5,543048,146290134,540,-3.00,268.5
2021-04-28,268.5,269.5,264.0,264.5,1063165,282177446,1004,-4.00,264.5
2021-04-29,265.5,267.0,261.0,261.0,1591394,417265355,1517,-3.50,261.0
2021-05-03,260.5,265.5,258.0,258.0,745611,194502853,785,-3.00,258.0
2021-05-04,260.0,260.0,241.5,251.0,1971236,491873842,1890,-7.00,251.0
2021-05-05,250.0,252.5,242.0,242.0,1094518,269759146,1199,-9.00,242.0
2021-05-06,248.0,255.0,247.5,252.0,1067465,267839071,1127,+10.00,252.0
2021-05-07,254.5,263.5,252.5,262.0,878845,227606527,862,+10.00,262.0
2021-05-10,260.5,261.0,254.0,255.0,688638,176546051,1011,-7.00,255.0
2021-05-11,250.0,252.0,243.0,244.5,940072,232153956,895,-10.50,244.5
2021-05-12,243.5,249.0,234.0,240.0,1182478,284124540,1152,-4.50,240.0
2021-05-13,236.5,242.5,232.0,238.0,825889,196772013,1809,-2.00,238.0
2021-05-14,242.0,245.0,237.0,237.0,1214418,291301585,919,-1.00,237.0
2021-05-17,213.5,218.5,213.5,213.5,3643306,780976581,2336,-23.50,213.5
2021-05-18,218.0,218.0,206.0,214.5,4294942,906705491,3739,+1.00,214.5
2021-05-19,210.0,213.5,207.0,209.0,2422447,507576404,2083,-5.50,209.0
2021-05-20,212.5,218.5,210.0,215.5,2770838,597236375,1865,+6.50,215.5
2021-05-21,220.0,221.0,213.0,218.0,2132395,461547933,1729,+2.50,218.0
2021-05-24,216.0,239.5,215.0,235.0,3783345,864099951,2992,+17.00,235.0
2021-05-25,233.0,240.5,230.5,232.0,3618469,847698146,2673,-3.00,232.0
2021-05-26,233.0,238.0,232.0,233.0,1800072,422945379,1180,+1.00,233.0
2021-05-27,232.0,237.0,232.0,234.5,1407510,331140173,1229,+1.50,234.5
2021-05-28,238.0,242.0,236.5,241.0,1600779,383319432,1367,+6.50,241.0
2021-05-31,240.0,245.0,238.5,243.5,1016549,244930736,919,+2.50,243.5
2021-06-01,240.5,246.5,240.5,246.0,702742,171937918,655,+2.50,246.0
2021-06-02,244.5,247.0,237.0,240.0,973301,235252344,938,-6.00,240.0
2021-06-03,240.5,242.0,238.0,238.0,862433,206202714,768,-2.00,238.0
2021-06-04,238.5,243.0,236.0,236.5,918094,218636342,827,-1.50,236.5
2021-06-07,236.5,239.0,233.0,237.0,752205,177678946,709,+0.50,237.0
2021-06-08,236.0,238.5,231.5,231.5,1126649,262653201,1068,-5.50,231.5
2021-06-09,231.5,237.5,230.5,235.0,945382,222357613,790,+3.50,235.0
2021-06-10,235.0,241.5,234.0,240.0,1163412,278864059,1036,+5.00,240.0
2021-06-11,240.0,241.5,237.0,237.0,733613,175232508,680,-3.00,237.0
2021-06-15,237.5,239.5,236.0,238.5,380079,90492489,401,+1.50,238.5
2021-06-16,238.5,240.5,237.5,239.0,509924,121866218,522,+0.50,239.0
2021-06-17,238.5,245.5,238.5,242.5,937043,227454238,836,+3.50,242.5
2021-06-18,242.0,248.0,241.5,245.5,1064923,261944647,961,+3.00,245.5
2021-06-21,242.5,245.5,240.5,245.0,992674,241453566,937,-0.50,245.0
2021-06-22,247.0,261.0,247.0,254.0,3295808,846488122,2821,+9.00,254.0
2021-06-23,258.0,276.5,258.0,273.5,5126889,1386304411,4347,+19.50,273.5
2021-06-24,275.5,278.5,264.0,266.0,4009176,1080175557,3155,-7.50,266.0
2021-06-25,267.0,272.0,264.0,264.0,1718732,460768187,1501,-2.00,264.0
2021-06-28,265.0,267.0,262.5,265.0,926265,245576994,900,+1.00,265.0
2021-06-29,266.0,268.0,262.0,262.5,1146056,303244990,1084,-2.50,262.5
2021-06-30,262.5,265.0,258.0,259.0,1647904,429183947,1467,-3.50,259.0
2021-07-01,261.0,261.0,252.0,252.5,997966,255273268,897,-6.50,252.5
2021-07-02,252.5,258.0,248.0,257.0,2199539,559117772,1720,+4.50,257.0
2021-07-05,259.5,261.0,253.0,259.0,1483475,381340423,1287,+2.00,259.0
2021-07-06,266.0,267.5,261.5,265.0,2395566,634558085,2128,+6.00,265.0
2021-07-07,263.0,272.5,263.0,272.0,3408843,918604665,2611,+7.00,272.0
2021-07-08,264.5,265.5,258.0,258.0,2447190,639711497,2048,X0.00,258.0
2021-07-09,258.0,259.5,255.5,256.0,984713,253276763,792,-2.00,256.0
2021-07-12,258.0,260.0,257.0,259.0,873170,225371234,772,+3.00,259.0
2021-07-13,262.0,263.0,255.0,255.0,1223319,318127880,1124,-4.00,255.0
2021-07-14,255.5,258.5,250.5,252.5,1192966,303780760,1034,-2.50,252.5
2021-07-15,253.5,255.5,251.5,251.5,752798,190389729,642,-1.00,251.5
2021-07-16,252.5,253.0,250.0,252.0,714331,179640974,638,+0.50,252.0
2021-07-19,251.5,251.5,248.0,249.0,803976,200196388,744,-3.00,249.0
2021-07-20,247.0,247.0,239.0,239.0,1554808,376430940,1407,-10.00,239.0
2021-07-21,240.0,245.5,240.0,242.0,939813,228746086,884,+3.00,242.0
2021-07-22,242.5,246.5,242.5,245.0,774968,189500985,781,+3.00,245.0
2021-07-23,246.0,251.0,245.0,247.5,1034495,257095245,880,+2.50,247.5
2021-07-26,252.0,258.0,251.0,254.0,1224316,311175833,1111,+6.50,254.0
2021-07-27,262.0,262.0,248.0,248.0,1458699,371614277,1220,-6.00,248.0
2021-07-28,248.0,253.0,242.0,250.0,842370,209499440,805,+2.00,250.0
2021-07-29,255.0,255.0,247.5,251.0,671407,168053888,567,+1.00,251.0
2021-07-30,254.5,259.5,253.5,257.0,1641966,421692712,1167,+6.00,257.0
2021-08-02,259.5,259.5,253.5,256.0,792903,202675462,791,-1.00,256.0
2021-08-03,258.0,262.5,251.0,251.0,1465791,376764118,1221,-5.00,251.0
2021-08-04,253.5,254.5,250.0,250.0,577873,145020328,559,-1.00,250.0
2021-08-05,251.0,254.0,250.0,251.5,480832,121307648,425,+1.50,251.5
2021-08-06,251.5,251.5,247.5,247.5,401737,100179733,385,-4.00,247.5
2021-08-09,247.0,250.0,247.0,247.5,349966,86832214,326, 0.00,247.5
2021-08-10,248.0,249.0,240.5,241.0,470487,114385200,507,-6.50,241.0
2021-08-11,241.0,243.0,237.5,238.5,549243,131428013,532,-2.50,238.5
2021-08-12,239.0,243.0,238.5,238.5,384219,92343729,362, 0.00,238.5
2021-08-13,239.5,240.0,233.0,233.0,425819,100644205,423,-5.50,233.0
2021-08-16,231.0,234.5,225.0,230.5,683791,157111814,590,-2.50,230.5
2021-08-17,231.0,231.5,216.5,218.0,1160275,259963563,1069,-12.50,218.0
2021-08-18,211.0,221.0,208.0,220.0,3341464,716371190,2731,+2.00,220.0
2021-08-19,218.0,220.5,210.0,216.5,1753157,378560195,1557,-3.50,216.5
2021-08-20,218.0,220.0,210.0,214.0,1575515,341154854,1189,-2.50,214.0
2021-08-23,216.5,222.0,213.0,217.0,1196880,259727279,854,+3.00,217.0
2021-08-24,220.0,231.5,219.5,230.5,1474098,334857217,1203,+13.50,230.5
2021-08-25,227.0,235.5,227.0,234.0,866725,201414316,720,+3.50,234.0
2021-08-26,233.0,233.0,221.0,221.5,1854353,417159441,1538,-12.50,221.5
2021-08-27,223.0,223.5,215.5,217.5,1025673,224689839,1007,-4.00,217.5
2021-08-30,222.0,222.5,216.0,221.0,787544,173850641,596,+3.50,221.0
2021-08-31,223.0,228.5,221.0,227.5,1087329,243804743,847,+6.50,227.5
2021-09-01,236.0,240.0,234.5,235.5,2005285,476325766,1775,+8.00,235.5
2021-09-02,237.0,237.0,231.0,235.5,1113048,261413749,776, 0.00,235.5
2021-09-03,238.0,242.0,235.0,236.5,979868,232586233,797,+1.00,236.5
2021-09-06,236.5,237.0,231.0,231.0,802215,187768871,696,-5.50,231.0
2021-09-07,233.0,238.0,229.5,234.0,1038345,242111376,912,+3.00,234.0
2021-09-08,235.0,243.0,235.0,239.5,2442589,585294944,2081,+5.50,239.5
2021-09-09,238.0,239.5,235.0,238.0,431785,102565593,421,-1.50,238.0
2021-09-10,236.5,238.0,232.5,237.0,1158857,272549968,938,-1.00,237.0
2021-09-13,236.0,239.5,235.5,238.0,368302,87524244,347,+1.00,238.0
2021-09-14,238.5,243.0,238.0,238.0,1163759,280376542,1027, 0.00,238.0
2021-09-15,239.5,240.0,232.0,238.0,502634,118969901,482, 0.00,238.0
2021-09-16,239.5,241.5,239.0,240.0,373193,89587816,626,+2.00,240.0
2021-09-17,241.5,250.0,240.0,248.5,1710512,421845539,1803,+8.50,248.5
2021-09-22,243.5,248.5,241.0,247.5,824653,202788556,1386,-1.00,247.5
2021-09-23,250.5,251.0,248.0,248.0,585822,146123045,2134,+0.50,248.0
2021-09-24,253.0,253.0,248.5,250.0,673888,168715779,1015,+2.00,250.0
2021-09-27,248.0,249.5,243.0,243.0,710194,173678009,685,-7.00,243.0
2021-09-28,240.5,241.0,229.0,229.5,1424979,332359342,1474,-13.50,229.5
2021-09-29,225.0,228.0,221.0,222.0,1566526,351257116,1162,-7.50,222.0
2021-09-30,224.5,227.0,222.5,223.5,829355,186168102,998,+1.50,223.5
2021-10-04,245.5,245.5,245.5,245.5,1227047,301240021,768,X0.00,245.5
2021-10-05,245.0,248.0,229.0,244.5,4144933,995354762,3498,-1.00,244.5
2021-10-06,248.0,252.0,243.5,247.5,1943222,480449815,1947,+3.00,247.5
2021-10-07,250.0,254.5,246.0,254.5,1926259,483251255,1947,+7.00,254.5
2021-10-08,256.0,258.0,252.5,255.5,1099460,281256244,1290,+1.00,255.5
2021-10-12,250.0,253.0,247.0,248.5,1013044,252439062,1811,-7.00,248.5
2021-10-13,251.5,254.0,246.0,253.0,1081184,270890821,1120,+4.50,253.0
2021-10-14,256.0,256.0,246.5,246.5,1422140,357301287,1543,-6.50,246.5
2021-10-15,250.0,267.0,250.0,264.0,4923014,1283218553,4512,+17.50,264.0
2021-10-18,260.5,262.5,256.5,258.5,1748060,452817710,4291,-5.50,258.5
2021-10-19,258.5,266.0,257.5,259.5,1795413,467806377,4973,+1.00,259.5
2021-10-20,263.0,269.0,259.5,265.5,2373823,627215931,2193,+6.00,265.5
2021-10-21,264.5,264.5,258.0,258.0,1829741,477346994,1514,-7.50,258.0
2021-10-22,256.0,262.0,254.0,260.0,1309552,338688685,1121,+2.00,260.0
2021-10-25,260.0,268.5,259.5,265.0,2250708,597084635,2680,+5.00,265.0
2021-10-26,272.0,276.5,265.0,269.0,4024771,1084313269,3070,+4.00,269.0
2021-10-27,266.0,268.5,260.5,263.5,2002674,526702025,1687,-5.50,263.5
2021-10-28,263.5,265.5,258.5,259.5,1392455,363280024,1129,-4.00,259.5
2021-10-29,263.0,264.5,256.5,256.5,1113633,289247024,1229,-3.00,256.5
2021-11-01,258.0,268.5,258.0,267.0,2231010,591409230,1824,+10.50,267.0
2021-11-02,269.5,269.5,261.0,262.0,1867323,492821633,3636,-5.00,262.0
2021-11-03,262.0,267.5,261.5,266.0,1350575,358261782,1439,+4.00,266.0
2021-11-04,267.0,274.0,266.0,266.0,2295233,619933162,2479, 0.00,266.0
2021-11-05,268.0,272.5,265.0,271.0,1200881,323964869,2133,+5.00,271.0
2021-11-08,270.0,275.0,266.5,266.5,1109168,299464859,1384,-4.50,266.5
2021-11-09,266.0,268.0,262.0,262.0,1345622,354875807,2660,-4.50,262.0
2021-11-10,260.5,262.5,256.0,260.0,1747232,450981322,1797,-2.00,260.0
2021-11-11,257.0,261.0,257.0,257.5,426179,110248621,510,-2.50,257.5
2021-11-12,261.5,262.0,257.5,257.5,442058,114561318,1109, 0.00,257.5
2021-11-15,262.0,262.0,259.0,259.5,533154,138687237,1298,+2.00,259.5
2021-11-16,263.5,273.0,260.0,260.0,3834083,1022051759,4133,+0.50,260.0
2021-11-17,263.0,268.5,262.0,262.0,1634165,432759407,2324,+2.00,262.0
2021-11-18,265.5,265.5,257.0,257.0,1508775,391216428,3149,-5.00,257.0
2021-11-19,253.0,258.5,253.0,253.5,1801677,458009234,1505,-3.50,253.5
2021-11-22,255.0,265.0,252.5,258.5,2448491,634276145,1633,+5.00,258.5
2021-11-23,257.0,259.0,256.5,258.5,1073420,276619439,572, 0.00,258.5
2021-11-24,256.5,264.0,256.0,262.5,923831,240498227,753,+4.00,262.5
2021-11-25,266.0,266.0,257.5,257.5,715300,185725527,1160,-5.00,257.5
2021-11-26,257.5,258.5,253.0,256.0,897751,228550775,794,-1.50,256.0
2021-11-29,249.5,255.5,247.0,253.0,780937,196466456,688,-3.00,253.0
2021-11-30,256.0,258.5,253.5,258.5,491253,125945802,840,+5.50,258.5
2021-12-01,255.5,256.0,251.0,255.0,743549,188746737,733,-3.50,255.0
2021-12-02,253.5,256.0,250.0,250.0,756876,190870314,721,-5.00,250.0
2021-12-03,253.0,253.0,250.5,250.5,323194,81309694,326,+0.50,250.5
2021-12-06,250.5,254.0,248.5,248.5,492183,122692702,508,-2.00,248.5
2021-12-07,255.0,255.0,253.0,253.5,724374,184032237,643,+5.00,253.5
2021-12-08,254.0,255.5,252.5,253.5,722741,183738755,1478, 0.00,253.5
2021-12-09,255.0,256.5,253.5,255.5,485013,123738172,434,+2.00,255.5
2021-12-10,255.0,255.0,251.0,253.0,451045,114320856,855,-2.50,253.0
2021-12-13,250.5,255.0,247.5,247.5,852529,212804043,1114,-5.50,247.5
2021-12-14,247.5,247.5,244.0,245.0,557645,136829576,581,-2.50,245.0
2021-12-15,245.0,246.5,241.5,241.5,832153,202144949,695,-3.50,241.5
2021-12-16,243.0,246.0,242.0,243.0,663298,159550573,617,+1.50,243.0
2021-12-17,241.0,243.0,240.0,242.0,607396,146973994,322,-1.00,242.0
2021-12-20,241.0,246.5,240.0,245.5,564446,137633882,474,+3.50,245.5
2021-12-21,246.5,249.0,244.0,248.0,487303,120251064,789,+2.50,248.0
2021-12-22,249.5,252.0,247.0,251.0,552310,137101226,755,+3.00,251.0
2021-12-23,252.5,253.5,251.0,252.5,737907,184621386,689,+1.50,252.5
2021-12-24,254.0,255.0,253.5,254.0,754345,190246265,390,+1.50,254.0
2021-12-27,255.5,255.5,253.0,255.5,280192,71343987,402,+1.50,255.5
2021-12-28,255.5,256.0,254.0,255.0,428909,109118811,307,-0.50,255.0
2021-12-29,256.0,260.0,256.0,258.5,1049183,271309683,914,+3.50,258.5
2021-12-30,260.0,261.0,258.5,261.0,506850,131884345,921,+2.50,261.0
2022-01-03,263.0,265.5,262.0,263.5,1024227,270072909,976,+2.50,263.5
2022-01-04,265.0,266.0,263.0,265.0,1517305,401755141,2166,+1.50,265.0
2022-01-05,265.0,267.5,261.0,262.0,1456702,385509138,1822,-3.00,262.0
2022-01-06,256.5,258.5,248.0,252.5,3881798,983991386,8721,-9.50,252.5
2022-01-07,252.0,257.0,251.5,253.5,1519339,387167430,1135,+1.00,253.5
2022-01-10,255.5,261.0,249.5,259.0,2569596,658007360,1914,+5.50,259.0
2022-01-11,255.0,262.0,255.0,261.5,1772487,461589558,2318,+2.50,261.5
2022-01-12,265.0,269.0,262.0,263.0,3449155,913141768,4118,+1.50,263.0
2022-01-13,263.0,264.0,254.0,254.0,1936417,500004419,6721,-9.00,254.0
2022-01-14,252.5,253.0,242.0,247.0,1938669,479059593,1502,-7.00,247.0
2022-01-17,252.0,252.0,247.0,250.0,1284846,320303897,936,+3.00,250.0
2022-01-18,248.5,255.0,246.0,252.0,780119,195004196,654,+2.00,252.0
2022-01-19,249.5,261.5,249.5,258.0,2930146,746246909,1435,+6.00,258.0
2022-01-20,253.0,262.0,250.5,261.5,3817908,978986414,3401,+3.50,261.5
2022-01-21,252.0,268.0,252.0,264.5,5068319,1339202902,4241,+3.00,264.5
2022-01-24,266.5,277.5,264.0,277.5,7620503,2074897790,6826,+13.00,277.5
2022-01-25,276.0,291.5,274.5,291.5,11949992,3404793963,9044,+14.00,291.5
2022-01-26,291.0,297.0,284.5,295.0,9360599,2723534477,7344,+3.50,295.0
2022-02-07,299.5,306.0,296.5,306.0,7071143,2132149733,5358,+11.00,306.0
2022-02-08,308.0,317.5,295.0,306.5,10564395,3232018097,13126,+0.50,306.5
2022-02-09,305.0,305.0,296.5,304.5,4625713,1389877449,4483,-2.00,304.5
2022-02-10,300.0,303.5,290.0,292.0,4157994,1227382659,15396,-12.50,292.0
2022-02-11,294.0,309.5,292.5,309.0,6827930,2057405459,6703,+17.00,309.0
2022-02-14,303.0,306.0,296.0,296.5,4449496,1337702972,10212,-12.50,296.5
2022-02-15,298.0,303.5,294.5,295.5,2859949,852273945,4533,-1.00,295.5
2022-02-16,302.0,303.5,293.5,294.5,2232984,663620284,2832,-1.00,294.5
2022-02-17,297.5,302.5,292.5,298.0,3241510,964199776,2471,+3.50,298.0
2022-02-18,292.0,296.0,283.0,283.5,5273903,1515039267,4583,-14.50,283.5
2022-02-21,283.5,289.0,283.0,287.0,2256655,645573783,1796,+3.50,287.0
2022-02-22,286.0,287.0,276.0,280.0,2713840,759161846,2274,-7.00,280.0
2022-02-23,283.0,294.0,282.0,293.0,3325488,966358527,3492,+13.00,293.0
2022-02-24,289.0,296.0,287.0,292.5,2873815,836953494,2968,-0.50,292.5
2022-02-25,298.5,303.0,291.5,299.0,3618332,1073601130,3483,+6.50,299.0
2022-03-01,296.5,303.0,296.0,296.5,2263554,674888686,2235,-2.50,296.5
2022-03-02,297.5,302.0,296.0,297.5,1728547,514690688,1504,+1.00,297.5
2022-03-03,299.0,299.5,284.0,289.0,3419489,992284745,6038,-8.50,289.0
2022-03-04,290.0,293.5,287.0,291.0,948591,275782778,966,+2.00,291.0
2022-03-07,297.0,302.5,291.5,291.5,5575733,1652555874,5171,+0.50,291.5
2022-03-08,289.5,292.5,273.0,281.0,4095898,1157940388,3323,-10.50,281.0
2022-03-09,289.0,294.5,285.5,292.0,2589545,752671648,2219,+11.00,292.0
2022-03-10,299.5,317.0,295.5,309.0,6136739,1871654908,5522,+17.00,309.0
2022-03-11,313.0,324.5,304.0,312.0,8165033,2560502249,8132,+3.00,312.0
2022-03-14,310.0,311.0,301.0,304.5,2309923,705102887,3407,-7.50,304.5
2022-03-15,301.0,301.5,293.5,297.5,2717481,806767626,1998,-7.00,297.5
2022-03-16,300.0,310.0,295.5,309.5,2558119,775348682,2108,+12.00,309.5
2022-03-17,313.5,322.0,310.0,321.5,5188244,1647274554,4463,+12.00,321.5
2022-03-18,326.0,326.5,314.0,318.0,2834967,901611867,2767,-3.50,318.0
2022-03-21,323.0,329.0,316.5,316.5,3691491,1189827808,3092,-1.50,316.5
2022-03-22,319.5,325.0,316.0,320.0,3094148,990480941,2175,+3.50,320.0
2022-03-23,323.0,326.0,314.0,318.0,2929581,936634663,2435,-2.00,318.0
2022-03-24,319.0,322.0,315.0,321.5,1639581,523035103,1411,+3.50,321.5
2022-03-25,328.5,328.5,315.5,318.0,1568521,502512169,1296,-3.50,318.0
2022-03-28,312.0,314.0,290.5,294.0,5259892,1568250153,4621,-24.00,294.0
2022-03-29,298.5,305.5,295.5,304.5,3998649,1202071211,3234,+10.50,304.5
2022-03-30,307.0,313.0,305.0,309.5,2265613,699784126,2244,+5.00,309.5
2022-03-31,308.0,308.0,296.0,296.5,2462055,737225908,2305,-13.00,296.5
2022-04-01,290.5,299.5,290.5,299.5,1241365,367888470,1107,+3.00,299.5
2022-04-06,297.5,301.0,293.5,301.0,1404328,417278943,1506,+1.50,301.0
2022-04-07,300.0,301.0,297.0,299.5,1580704,472641513,1788,-1.50,299.5
2022-04-08,301.0,302.0,297.5,301.0,1120303,336574814,1010,+1.50,301.0
2022-04-11,300.0,300.0,285.0,287.5,2475223,715021542,2876,-13.50,287.5
2022-04-12,283.0,289.5,283.0,286.5,1983241,567148374,1522,-1.00,286.5
2022-04-13,286.0,298.0,286.0,298.0,2442513,717530957,1787,+11.50,298.0
2022-04-14,299.0,301.0,297.0,299.5,1091457,326436459,1062,+1.50,299.5
2022-04-15,298.0,300.5,292.5,299.0,1036373,308027983,923,-0.50,299.0
2022-04-18,300.0,303.5,298.0,300.0,891037,268096634,715,+1.00,300.0
2022-04-19,304.0,313.5,302.5,310.0,2239755,694401951,1952,+10.00,310.0
2022-04-20,315.0,318.5,312.0,315.0,1789806,564386918,1673,+5.00,315.0
2022-04-21,317.5,318.5,314.0,317.5,1155904,365996941,949,+2.50,317.5
2022-04-22,315.5,320.5,307.5,308.5,2044938,639053536,2229,-9.00,308.5
2022-04-25,302.0,306.0,298.5,299.0,1175332,354105314,1032,-9.50,299.0
2022-04-26,305.0,308.5,301.0,305.0,973680,296844168,879,+6.00,305.0
2022-04-27,295.0,298.5,288.0,294.5,1792003,526718307,1867,-10.50,294.5
2022-04-28,297.5,299.0,294.0,294.0,784807,232475798,1576,-0.50,294.0
2022-04-29,297.5,305.0,297.5,300.5,844813,254464461,689,+6.50,300.5
2022-05-03,301.0,305.5,296.5,302.5,1037344,310918461,2149,+2.00,302.5
2022-05-04,307.5,315.0,306.0,313.0,1767594,551677515,1706,+10.50,313.0
2022-05-05,320.0,344.0,315.0,344.0,7630313,2524862765,7039,+31.00,344.0
2022-05-06,331.5,340.5,330.0,335.0,4964300,1656708252,4124,-9.00,335.0
2022-05-09,330.0,338.0,321.0,335.0,3076261,1015360456,2471, 0.00,335.0
2022-05-10,326.0,328.0,310.0,318.5,5808535,1848450469,4543,-16.50,318.5
2022-05-11,316.5,325.0,312.5,313.0,2414496,766255854,2090,-5.50,313.0
2022-05-12,312.5,315.5,308.5,310.0,1915328,597589475,1494,-3.00,310.0
2022-05-13,313.0,319.0,312.5,318.0,1362921,430537793,1015,+8.00,318.0
2022-05-16,324.0,327.5,300.0,303.5,4399944,1371828879,3658,-14.50,303.5
2022-05-17,303.5,316.0,303.5,316.0,1828653,567360233,1766,+12.50,316.0
2022-05-18,316.0,318.5,311.5,312.0,1704782,535878047,1586,-4.00,312.0
2022-05-19,307.0,311.5,304.0,310.5,1237183,380505393,1139,-1.50,310.5
2022-05-20,311.0,315.5,308.5,311.0,751680,234699547,714,+0.50,311.0
2022-05-23,313.0,319.5,310.0,316.5,1389438,438675735,1263,+5.50,316.5
2022-05-24,316.5,317.5,300.0,300.0,2624910,803034314,2393,-16.50,300.0
2022-05-25,300.0,303.0,295.0,300.0,1903244,570980012,1719, 0.00,300.0
2022-05-26,301.0,302.0,295.5,297.0,1305308,388623642,1308,-3.00,297.0
2022-05-27,303.0,307.0,301.0,304.5,1060902,322976077,999,+7.50,304.5
2022-05-30,309.0,316.5,308.0,315.0,1509693,472243907,1351,+10.50,315.0
2022-05-31,318.0,319.0,311.5,311.5,1228504,386255222,1096,-3.50,311.5
2022-06-01,311.5,324.5,311.5,315.0,1919831,612630711,1755,+3.50,315.0
2022-06-02,312.5,313.0,301.0,301.0,3302979,1008171170,2975,-14.00,301.0
2022-06-06,301.0,303.0,296.5,298.5,1700995,508375473,1483,-2.50,298.5
2022-06-07,307.5,316.0,303.0,313.5,4293796,1332917798,3707,+15.00,313.5
2022-06-08,315.0,319.5,310.5,313.5,1883143,593403941,1666, 0.00,313.5
2022-06-09,312.5,317.5,312.0,315.0,823604,259197738,964,+1.50,315.0
2022-06-10,315.0,317.5,312.0,316.0,1251133,394670305,1017,+1.00,316.0
2022-06-13,309.0,311.5,307.0,309.0,767540,237130138,775,-7.00,309.0
2022-06-14,308.5,310.0,303.0,309.0,838658,257219383,780, 0.00,309.0
2022-06-15,309.0,309.0,301.5,306.0,1277587,389282102,1192,-3.00,306.0
2022-06-16,310.0,314.0,301.0,301.0,1217772,375514477,1109,-5.00,301.0
2022-06-17,300.0,303.5,295.0,298.0,1766294,527044663,1406,-3.00,298.0
2022-06-20,302.0,302.0,283.5,283.5,2105512,609457387,2079,-14.50,283.5
2022-06-21,287.0,299.5,285.0,298.5,1286438,377132013,1237,+15.00,298.5
2022-06-22,300.0,300.5,292.5,294.0,1019193,301955056,1279,-4.50,294.0
2022-06-23,297.5,301.5,290.5,293.5,743736,219873567,752,-0.50,293.5
2022-06-24,296.5,307.0,295.5,305.0,1566431,476113319,1411,+11.50,305.0
2022-06-27,309.0,315.0,306.0,312.0,1643187,512452536,1554,+7.00,312.0
2022-06-28,310.5,315.0,310.5,314.0,1033189,323340306,1634,+2.00,314.0
2022-06-29,313.5,313.5,303.0,306.5,1306527,400565797,1588,-7.50,306.5
2022-06-30,308.5,312.5,305.0,308.5,1516960,467447449,1314,+2.00,308.5
2022-07-01,307.5,308.5,291.0,291.0,1537275,457923626,1402,-17.50,291.0
2022-07-04,296.0,302.0,291.0,294.0,1223599,361522001,1032,+3.00,294.0
2022-07-05,299.5,300.0,289.0,297.5,1183433,348396722,1007,+3.50,297.5
2022-07-06,301.0,317.5,301.0,315.5,5033776,1566452211,4544,+18.00,315.5
2022-07-07,311.0,330.0,309.5,329.0,5418283,1747201459,4817,+13.50,329.0
2022-07-08,332.0,337.0,321.5,330.5,3193588,1051872836,2883,+1.50,330.5
2022-07-11,330.0,330.0,321.5,326.0,1467714,478561959,1215,-4.50,326.0
2022-07-12,322.5,323.0,315.5,315.5,1669271,531055369,1524,-10.50,315.5
2022-07-13,324.0,325.5,315.5,315.5,1509880,480423326,1231, 0.00,315.5
2022-07-14,308.5,314.0,300.0,309.0,2624918,804482004,2084,X0.00,309.0
2022-07-15,312.5,320.5,303.5,320.0,2657792,838494209,2386,+11.00,320.0
2022-07-18,324.0,335.0,322.0,334.5,4302694,1420040282,4071,+14.50,334.5
2022-07-19,328.0,330.0,311.0,315.0,3644471,1157749101,4475,-19.50,315.0
2022-07-20,318.5,319.0,312.0,312.0,2855243,898384690,2311,-3.00,312.0
2022-07-21,313.0,317.0,312.5,314.0,1877735,590984121,1330,+2.00,314.0
2022-07-22,319.0,329.0,307.0,310.0,4658517,1475947474,3842,-4.00,310.0
2022-07-25,309.0,311.5,306.5,310.0,881969,273649354,766, 0.00,310.0
2022-07-26,310.0,310.0,301.5,301.5,1566927,477006596,1642,-8.50,301.5
2022-07-27,302.0,315.0,301.0,314.5,2764981,857355631,2424,+13.00,314.5
2022-07-28,316.5,322.0,310.5,312.5,2944835,930905111,2587,-2.00,312.5
2022-07-29,317.0,321.5,314.0,321.0,3184959,1017681140,2211,+8.50,321.0
2022-08-01,321.0,321.0,310.0,311.5,1798615,564311566,5174,-9.50,311.5
2022-08-02,306.0,308.5,302.0,306.0,2060755,628300696,1903,-5.50,306.0
2022-08-03,305.5,307.5,301.5,302.5,1319520,401583863,1196,-3.50,302.5
2022-08-04,303.5,308.5,303.0,306.5,2558696,783055558,1958,+4.00,306.5
2022-08-05,308.0,316.0,306.5,315.0,2022943,634194744,1718,+8.50,315.0
2022-08-08,311.0,312.0,307.0,311.5,1632389,506230202,1828,-3.50,311.5
2022-08-09,312.0,316.5,309.5,316.0,1356787,426682741,1616,+4.50,316.0
2022-08-10,312.5,316.0,312.5,315.5,640712,201752632,1094,-0.50,315.5
2022-08-11,320.5,322.5,309.5,311.0,2339332,736903560,1995,-4.50,311.0
2022-08-12,309.0,315.0,307.0,307.0,1654106,511709355,1543,-4.00,307.0
2022-08-15,308.5,311.5,307.0,310.0,1123912,347979876,948,+3.00,310.0
2022-08-16,310.5,315.0,309.0,314.5,1714577,535855027,1344,+4.50,314.5
2022-08-17,313.5,315.0,310.0,311.0,1085103,339050781,974,-3.50,311.0
2022-08-18,309.5,312.0,304.5,306.0,1626872,500419728,1425,-5.00,306.0
2022-08-19,306.5,308.0,301.0,303.5,2196079,666592765,2022,-2.50,303.5
2022-08-22,301.0,302.5,296.0,296.5,1957306,584420184,1951,-7.00,296.5
2022-08-23,295.0,305.0,292.5,302.0,2095356,630054231,1851,+5.50,302.0
2022-08-24,304.0,309.5,299.0,299.5,2048171,623160146,2507,-2.50,299.5
2022-08-25,301.0,303.0,297.0,298.0,1424501,426492596,1459,-1.50,298.0
2022-08-26,299.0,302.5,297.5,300.5,1713343,513966389,1503,+2.50,300.5
2022-08-29,306.0,329.0,305.0,328.0,10921731,3481578186,8927,+27.50,328.0
2022-08-30,332.0,345.0,328.5,340.5,12121761,4095739188,10679,+12.50,340.5
2022-08-31,342.5,343.0,330.5,340.0,6138343,2069275661,4987,-0.50,340.0
2022-09-01,335.0,339.5,333.0,335.5,2207427,741539982,1996,-4.50,335.5
2022-09-02,339.0,343.0,328.5,330.5,3438631,1154340032,4114,-5.00,330.5
2022-09-05,334.0,334.0,321.0,323.0,2047196,667372248,4021,-7.50,323.0
2022-09-06,319.5,321.0,312.0,315.0,3248952,1028523113,2756,-8.00,315.0
2022-09-07,311.0,311.0,303.0,303.5,2425908,743199980,3161,-11.50,303.5
2022-09-08,305.5,309.0,299.5,303.0,2632100,802044251,2184,-0.50,303.0
2022-09-12,309.0,311.0,305.0,305.5,1281929,395129191,1189,+2.50,305.5
2022-09-13,315.0,326.5,314.0,323.0,5902990,1892434297,4866,+17.50,323.0
2022-09-14,316.0,323.0,316.0,321.5,2175967,694727004,2402,-1.50,321.5
2022-09-15,323.0,335.0,319.5,320.0,3546139,1159137066,3299,-1.50,320.0
2022-09-16,321.0,328.5,317.0,318.0,2580777,832268018,2321,-2.00,318.0
2022-09-19,318.0,318.0,307.5,310.5,1833074,570265459,1726,-7.50,310.5
2022-09-20,314.0,316.0,308.0,310.0,2133777,661725753,1992,-0.50,310.0
2022-09-21,307.5,308.5,302.0,304.5,1963430,598273400,1810,-5.50,304.5
2022-09-22,302.0,312.5,301.0,312.5,2503469,771479912,2059,+8.00,312.5
2022-09-23,311.0,313.5,297.0,300.0,2851131,865435047,2568,-12.50,300.0
2022-09-26,296.0,296.5,283.5,286.0,2516481,728941727,2598,-14.00,286.0
2022-09-27,288.0,295.0,286.0,293.5,1969623,573354476,1739,+7.50,293.5
2022-09-28,293.5,295.0,277.0,277.0,2566501,721764760,2243,-16.50,277.0
2022-09-29,282.0,288.5,277.5,277.5,2104061,593897713,2021,+0.50,277.5
2022-09-30,272.0,280.5,268.5,280.5,2116396,583791143,1768,+3.00,280.5
2022-10-03,275.0,281.0,275.0,275.5,980324,271766099,929,-5.00,275.5
2022-10-04,280.5,284.0,278.0,283.0,1499025,421534642,1325,+7.50,283.0
2022-10-05,289.0,289.5,284.0,285.5,1587780,455330208,1404,+2.50,285.5
2022-10-06,291.0,291.0,284.0,289.0,1288906,371303471,1207,+3.50,289.0
2022-10-07,286.5,290.0,285.5,287.0,1168532,335687142,969,-2.00,287.0
2022-10-11,281.5,281.5,270.5,275.5,1805414,497541700,1680,-11.50,275.5
2022-10-12,277.0,282.0,271.0,281.5,1388121,384842143,1255,+6.00,281.5
2022-10-13,278.0,280.0,253.5,253.5,3023124,797105446,3037,-28.00,253.5
2022-10-14,261.0,263.0,252.5,253.5,5022600,1296393902,3983, 0.00,253.5
2022-10-17,246.0,259.5,243.5,259.5,2934987,738647908,2455,+6.00,259.5
2022-10-18,263.0,266.0,259.0,264.5,1770603,465589832,1623,+5.00,264.5
2022-10-19,264.5,275.5,263.5,272.0,2673764,722994672,2232,+7.50,272.0
2022-10-20,265.0,266.0,259.0,265.0,2445245,642006008,2012,-7.00,265.0
2022-10-21,265.0,268.0,262.5,264.0,1042885,275557378,928,-1.00,264.0
2022-10-24,270.0,277.5,270.0,273.0,1828654,501217291,1647,+9.00,273.0
2022-10-25,271.0,273.0,256.0,261.0,3071088,806053951,2719,-12.00,261.0
2022-10-26,259.5,261.0,246.0,246.5,3099010,777724130,2921,-14.50,246.5
2022-10-27,248.0,253.0,244.5,252.5,2851051,711069189,2259,+6.00,252.5
2022-10-28,248.5,250.0,239.0,242.0,2611166,636181381,2354,-10.50,242.0
2022-10-31,244.5,248.5,244.5,246.5,1595799,389471207,1204,+4.50,246.5
2022-11-01,248.0,253.0,246.0,250.0,1311585,328125976,1169,+3.50,250.0
2022-11-02,252.5,257.0,249.0,255.5,1244203,316566035,1132,+5.50,255.5
2022-11-03,251.0,255.5,250.0,255.0,673765,170580188,670,-0.50,255.0
2022-11-04,254.5,261.5,253.5,260.0,1644314,426231280,1407,+5.00,260.0
2022-11-07,264.0,268.5,261.5,263.0,2484018,658962472,1772,+3.00,263.0
2022-11-08,265.0,268.0,263.0,263.0,1411849,374472900,1292, 0.00,263.0
2022-11-09,266.5,269.0,264.5,268.5,1123835,300824790,1156,+5.50,268.5
2022-11-10,265.0,268.0,262.5,266.0,1157487,306632582,1241,-2.50,266.0
2022-11-11,270.0,271.0,248.5,250.5,7983982,2033997217,7745,-15.50,250.5
2022-11-14,250.5,256.0,243.0,253.5,6096562,1517555936,4948,+3.00,253.5
2022-11-15,253.5,255.0,248.5,254.0,2803588,707047834,2532,+0.50,254.0
2022-11-16,253.0,255.5,251.0,253.0,3465741,876659500,2895,-1.00,253.0
2022-11-17,252.5,257.5,251.5,256.0,3547201,902874316,3165,+3.00,256.0
2022-11-18,254.5,262.5,251.5,252.0,4462788,1146465910,3778,-4.00,252.0
2022-11-21,252.0,252.0,239.5,240.5,5343288,1301850797,5362,-11.50,240.5
2022-11-22,240.5,244.0,237.0,244.0,3984936,961160670,3564,+3.50,244.0
2022-11-23,245.5,252.5,244.5,248.0,3678350,915965271,2994,+4.00,248.0
2022-11-24,254.0,256.5,252.0,253.0,2711218,688976519,2913,+5.00,253.0
2022-11-25,253.0,255.0,249.0,249.0,1448169,363764397,1490,-4.00,249.0
2022-11-28,247.5,253.0,246.0,251.0,1031352,258432125,1028,+2.00,251.0
2022-11-29,248.5,252.5,248.5,248.5,1984242,496053870,1939,-2.50,248.5
2022-11-30,248.0,252.0,248.0,250.5,1956237,489672742,1794,+2.00,250.5
2022-12-01,254.0,258.0,253.0,253.5,3425839,872848249,2881,+3.00,253.5
2022-12-02,254.0,266.0,254.0,259.5,5254566,1370201204,4586,+6.00,259.5
2022-12-05,262.5,267.5,260.0,265.5,4112204,1087427985,3721,+6.00,265.5
2022-12-06,266.0,270.0,263.5,265.5,5157092,1377153474,4169, 0.00,265.5
2022-12-07,264.5,267.0,257.5,259.5,3345553,875875503,2845,-6.00,259.5
2022-12-08,259.0,259.5,257.0,258.5,1998314,516757715,1555,-1.00,258.5
2022-12-09,260.0,263.5,258.0,258.5,1473565,382654699,1363, 0.00,258.5
2022-12-12,259.0,263.0,258.5,263.0,1620246,423837786,1727,+4.50,263.0
2022-12-13,263.0,263.5,260.0,261.5,2159073,564583278,1708,-1.50,261.5
2022-12-14,262.0,265.5,261.5,262.5,1788534,470219772,1369,+1.00,262.5
2022-12-15,263.5,265.5,261.0,263.0,1970562,519207165,1384,+0.50,263.0
2022-12-16,260.0,261.5,255.5,255.5,3683357,950153195,2267,-7.50,255.5
2022-12-19,256.0,257.0,249.0,251.5,3330321,838489662,2419,-4.00,251.5
2022-12-20,251.5,252.0,241.5,247.0,3330687,821133291,2515,-4.50,247.0
2022-12-21,248.0,250.0,244.0,250.0,2554255,633382941,1515,+3.00,250.0
2022-12-22,252.5,257.0,251.0,257.0,3096020,787842630,1737,+7.00,257.0
2022-12-23,252.0,254.0,251.0,251.0,1391429,350483669,1321,-6.00,251.0
2022-12-26,252.0,252.0,245.5,245.5,754567,186704785,898,-5.50,245.5
2022-12-27,248.5,249.5,246.5,246.5,523039,129579637,573,+1.00,246.5
2022-12-28,243.0,244.0,237.5,237.5,1821233,436771398,2132,-9.00,237.5
2022-12-29,236.0,237.5,231.5,236.5,1488859,348772851,1648,-1.00,236.5
2022-12-30,243.0,243.0,236.5,236.5,1134868,271412802,1131, 0.00,236.5
2023-01-03,236.5,240.0,236.5,239.0,512429,122054308,604,+2.50,239.0
2023-01-04,237.0,239.0,234.0,235.0,1133749,267654652,1309,-4.00,235.0
2023-01-05,237.5,243.0,237.5,241.0,1866677,450390990,1648,+6.00,241.0
2023-01-06,239.5,247.5,239.0,245.0,1632828,399561177,1657,+4.00,245.0
2023-01-09,248.5,249.0,243.5,244.0,1064400,260835053,1118,-1.00,244.0
2023-01-10,246.0,249.5,245.0,245.0,1494853,369236565,1435,+1.00,245.0
2023-01-11,245.5,246.5,241.5,242.0,2061585,501880090,1665,-3.00,242.0
2023-01-12,243.0,251.0,243.0,250.0,2779134,689714362,2563,+8.00,250.0
2023-01-13,251.0,252.0,246.0,247.0,2173467,540668817,1981,-3.00,247.0
2023-01-16,247.5,251.0,247.5,248.0,990061,246725049,876,+1.00,248.0
2023-01-17,250.0,253.0,248.0,251.0,1582452,397648704,1518,+3.00,251.0
2023-01-30,264.0,271.5,261.5,266.0,7111239,1893166924,5803,+15.00,266.0
2023-01-31,264.0,266.5,260.5,261.5,4070276,1070620609,4766,-4.50,261.5
2023-02-01,264.0,269.0,261.5,263.5,3290738,869786564,2530,+2.00,263.5
2023-02-02,267.0,275.5,266.5,274.5,6183405,1678001752,5456,+11.00,274.5
2023-02-03,272.0,272.5,269.5,272.0,2547317,690813563,2782,-2.50,272.0
2023-02-06,276.5,278.0,271.5,272.5,3335150,913985637,3028,+0.50,272.5
2023-02-07,273.0,275.0,271.5,271.5,1896211,517030500,1920,-1.00,271.5
2023-02-08,274.0,276.5,271.5,272.0,2294344,626813620,2186,+0.50,272.0
2023-02-09,272.5,274.5,265.5,265.5,4111895,1104532877,3997,-6.50,265.5
2023-02-10,267.0,269.0,265.5,266.5,1795954,479893356,1643,+1.00,266.5
2023-02-13,266.5,268.5,266.0,267.5,710137,189933211,820,+1.00,267.5
2023-02-14,269.0,271.5,268.5,271.0,1256579,339587162,1230,+3.50,271.0
2023-02-15,272.5,276.5,272.5,273.5,3571383,980706805,3066,+2.50,273.5
2023-02-16,278.0,283.5,277.5,280.5,5063940,1421779138,4549,+7.00,280.5
2023-02-17,278.0,280.0,276.5,279.0,1925986,536166542,2813,-1.50,279.0
2023-02-20,286.0,291.0,281.0,281.0,5340730,1527312580,4344,+2.00,281.0
2023-02-21,282.0,284.0,278.5,279.0,2049908,573715188,2797,-2.00,279.0
2023-02-22,276.5,279.0,273.0,274.0,2163628,594457522,2471,-5.00,274.0
2023-02-23,275.5,281.0,275.5,280.5,1856449,516656261,1791,+6.50,280.5
2023-02-24,280.5,283.0,276.0,277.0,1630892,454670135,1757,-3.50,277.0
2023-03-01,277.0,280.5,276.5,279.5,1002487,279481620,1068,+2.50,279.5
2023-03-02,279.5,283.0,279.5,283.0,2061827,580586089,2106,+3.50,283.0
2023-03-03,283.5,285.0,280.5,280.5,1090663,308029700,1218,-2.50,280.5
2023-03-06,283.5,288.0,281.5,287.5,2359427,674203567,2225,+7.00,287.5
2023-03-07,286.0,286.0,283.5,284.0,1500189,427169521,1634,-3.50,284.0
2023-03-08,283.0,284.5,281.0,282.0,1494150,421878615,1594,-2.00,282.0
2023-03-09,281.0,281.5,275.5,276.5,3077512,854030677,3151,-5.50,276.5
2023-03-10,273.0,276.5,270.0,271.5,1993240,543079903,2429,-5.00,271.5
2023-03-13,271.5,272.5,267.5,270.5,1534758,414262849,1637,-1.00,270.5
2023-03-14,269.5,271.0,267.5,268.0,797686,214729225,1148,-2.50,268.0
2023-03-15,270.5,272.5,270.0,270.0,761145,206311649,815,+2.00,270.0
2023-03-16,268.5,270.0,262.0,263.5,1353111,359487645,1728,-6.50,263.5
2023-03-17,266.5,271.0,266.5,268.0,776248,208433795,1040,+4.50,268.0
2023-03-20,270.0,275.0,269.5,273.0,950711,259723237,1646,+5.00,273.0
2023-03-21,275.5,277.0,272.5,272.5,511543,140183741,2504,-0.50,272.5
2023-03-22,274.5,277.5,274.5,276.0,1207951,333477618,1146,+3.50,276.0
2023-03-23,275.0,276.0,273.5,275.0,545129,149976304,716,-1.00,275.0
2023-03-24,277.0,279.5,276.5,277.5,798234,221891171,937,+2.50,277.5
2023-03-27,279.0,279.5,273.5,274.0,814498,223947045,1080,-3.50,274.0
2023-03-28,274.0,275.0,269.0,269.0,1113732,301549513,2085,-5.00,269.0
2023-03-29,270.5,275.5,270.5,275.0,1232403,337869999,1296,+6.00,275.0
2023-03-30,276.0,279.0,276.0,278.0,1089367,302353269,1115,+3.00,278.0
2023-03-31,280.0,289.0,278.5,279.0,4592967,1302713940,4211,+1.00,279.0
2023-04-06,276.0,276.0,270.0,271.0,2003659,544003788,3352,-8.00,271.0
2023-04-07,271.5,274.5,271.0,272.0,801527,218115333,906,+1.00,272.0
2023-04-10,274.5,275.0,270.5,274.5,615182,168173886,706,+2.50,274.5
2023-04-11,276.0,278.0,274.5,277.5,1898997,526425298,834,+3.00,277.5
2023-04-12,278.5,282.0,277.5,278.5,1167739,326796294,1809,+1.00,278.5
2023-04-13,280.0,280.5,277.0,277.0,745056,207074073,1928,-1.50,277.0
2023-04-14,279.5,279.5,277.0,277.0,1090120,303154627,2697, 0.00,277.0
2023-04-17,277.5,277.5,272.0,272.5,1164735,318512344,1383,-4.50,272.5
2023-04-18,274.0,275.5,272.0,272.5,603014,165070208,791, 0.00,272.5
2023-04-19,274.0,275.0,272.5,273.0,627892,171937899,820,+0.50,273.0
2023-04-20,271.5,274.5,268.5,273.0,1290122,349675696,1531,X0.00,273.0
2023-04-21,273.5,273.5,262.5,263.0,1710975,455841674,2505,-10.00,263.0
2023-04-24,263.5,264.5,253.5,255.0,2247677,576535683,2715,-8.00,255.0
2023-04-25,256.5,258.5,250.0,250.5,1182108,299281375,1503,-4.50,250.5
2023-04-26,252.0,256.0,251.0,255.5,539341,136864945,577,+5.00,255.5
2023-04-27,258.0,262.0,256.0,260.0,642919,166939210,796,+4.50,260.0
2023-04-28,265.0,265.0,261.0,263.0,651304,171031092,886,+3.00,263.0
2023-05-02,263.5,265.5,261.0,261.0,494546,129557773,924,-2.00,261.0
2023-05-03,261.0,262.0,254.5,258.5,700198,180589868,985,-2.50,258.5
2023-05-04,258.5,259.5,256.0,257.5,332338,85591019,437,-1.00,257.5
2023-05-05,258.5,260.0,258.0,258.0,280513,72566755,391,+0.50,258.0
2023-05-08,259.5,261.5,259.0,260.0,354322,92121722,419,+2.00,260.0
2023-05-09,260.0,260.0,255.5,257.0,412673,106382119,512,-3.00,257.0
2023-05-10,258.0,259.5,256.5,257.5,348715,89845513,389,+0.50,257.5
2023-05-11,258.0,259.0,255.0,257.5,522627,134490756,551, 0.00,257.5
2023-05-12,257.5,261.5,257.5,258.5,770192,199483077,864,+1.00,258.5
2023-05-15,258.0,258.0,252.5,254.5,542058,138331210,622,-4.00,254.5
2023-05-16,256.5,260.5,256.0,259.5,420672,108830496,468,+5.00,259.5
2023-05-17,258.0,262.5,257.5,261.5,939141,244115651,1056,+2.00,261.5
2023-05-18,263.5,264.0,261.0,262.0,611838,160405668,1318,+0.50,262.0
2023-05-19,263.5,264.0,261.0,261.0,398021,104426394,598,-1.00,261.0
2023-05-22,260.0,265.0,259.5,265.0,638992,167984222,772,+4.00,265.0
2023-05-23,265.0,269.0,265.0,266.0,760160,203117613,964,+1.00,266.0
2023-05-24,267.0,268.0,264.0,267.5,556039,148373998,1499,+1.50,267.5
2023-05-25,268.0,268.0,265.5,266.5,385833,102883002,1421,-1.00,266.5
2023-05-26,267.5,268.5,266.5,267.0,580921,155377014,1478,+0.50,267.0
2023-05-29,268.5,271.0,268.5,270.5,729923,197000966,1420,+3.50,270.5
2023-05-30,271.5,271.5,268.5,268.5,570116,153552463,955,-2.00,268.5
2023-05-31,270.0,277.5,270.0,276.5,1922515,528911441,2168,+8.00,276.5
2023-06-01,277.5,278.0,274.5,275.5,722577,199633701,3461,-1.00,275.5
2023-06-02,275.5,276.5,271.5,272.0,1041291,284632215,5089,-3.50,272.0
2023-06-05,273.0,275.0,271.0,271.0,753885,205292639,1645,-1.00,271.0
2023-06-06,270.0,272.0,268.5,269.5,640222,172706590,1742,-1.50,269.5
2023-06-07,269.5,272.5,269.5,272.5,340886,92525660,874,+3.00,272.5
2023-06-08,272.5,275.0,271.0,275.0,687311,187943917,1037,+2.50,275.0
2023-06-09,278.0,282.5,277.5,281.0,2338372,655307992,2534,+6.00,281.0
2023-06-12,284.0,293.5,282.5,289.5,4043666,1168930934,5113,+8.50,289.5
2023-06-13,292.0,292.5,286.0,286.0,1955135,563038639,9439,-3.50,286.0
2023-06-14,286.5,290.5,284.5,285.5,1244209,356933808,2415,-0.50,285.5
2023-06-15,287.0,287.5,282.0,285.0,1468273,416659298,6507,-0.50,285.0
2023-06-16,286.5,288.5,281.5,281.5,1246479,353699999,6622,-3.50,281.5
2023-06-19,284.0,292.0,284.0,288.5,2601642,750927166,3769,+7.00,288.5
2023-06-20,291.0,296.0,289.5,292.5,2496969,729581763,2154,+4.00,292.5
2023-06-21,295.5,321.5,295.5,319.0,13827402,4300198063,14600,+26.50,319.0
2023-06-26,313.0,318.5,307.5,316.0,5655416,1774437036,11602,-3.00,316.0
2023-06-27,310.0,314.5,305.5,309.0,4160929,1288387396,8904,-7.00,309.0
2023-06-28,312.0,313.0,301.0,301.0,4361328,1332320017,4339,-8.00,301.0
2023-06-29,311.0,328.0,309.0,324.5,9325162,2962537079,8281,+23.50,324.5
2023-06-30,319.0,326.5,316.5,322.0,5007201,1609666001,5815,-2.50,322.0
2023-07-03,327.5,332.0,317.0,325.5,6776248,2209263490,7517,+3.50,325.5
2023-07-04,334.5,340.0,325.5,327.0,6422850,2128201789,7263,+1.50,327.0
2023-07-05,332.0,332.0,322.5,322.5,2580088,842305504,2647,-4.50,322.5
2023-07-06,320.0,325.5,318.0,320.0,2926485,938359364,2836,-2.50,320.0
2023-07-07,319.0,322.0,313.0,313.0,2293870,723262941,4122,-7.00,313.0
2023-07-10,313.0,318.0,311.5,312.0,1248884,391329324,3051,-1.00,312.0
2023-07-11,315.0,321.5,313.0,317.5,1499030,477148185,1496,+5.50,317.5
2023-07-12,319.5,322.0,314.0,316.0,1301546,412317817,1149,-1.50,316.0
2023-07-13,317.5,325.5,314.0,322.5,3071818,985795793,2670,+6.50,322.5
2023-07-14,329.5,331.0,323.0,326.0,3017461,989584210,2709,+3.50,326.0
2023-07-17,329.0,329.0,317.0,317.5,2357264,754146136,2256,-8.50,317.5
2023-07-18,320.5,320.5,313.0,315.0,1686280,533967381,1768,-2.50,315.0
2023-07-19,317.0,318.0,304.0,305.0,2844272,878969221,3095,-10.00,305.0
2023-07-20,305.0,310.0,303.0,307.5,2166931,663303860,1994,+2.50,307.5
2023-07-21,306.0,307.0,300.0,305.0,1538924,467279228,1567,-2.50,305.0
2023-07-24,305.5,312.0,301.5,309.5,1908186,587983945,1713,+4.50,309.5
2023-07-25,300.5,306.5,298.5,301.5,1662274,502648029,1535,X0.00,301.5
2023-07-26,302.5,306.0,300.5,303.0,998860,303450494,908,+1.50,303.0
2023-07-27,303.0,308.5,301.5,306.0,1311640,401250449,1394,+3.00,306.0
2023-07-28,306.0,310.5,301.5,309.0,2686555,821455510,2715,+3.00,309.0
2023-07-31,310.0,310.0,302.5,302.5,2059715,629847888,1819,-6.50,302.5
2023-08-01,305.0,311.5,304.0,304.0,1433822,440907561,1461,+1.50,304.0
2023-08-02,306.0,309.0,297.5,298.5,1251050,377998129,2562,-5.50,298.5
2023-08-04,300.5,301.0,290.0,292.0,1868037,550456813,2142,-6.50,292.0
2023-08-07,295.5,297.5,291.0,296.5,528500,155880334,658,+4.50,296.5
2023-08-08,295.0,296.5,292.0,293.5,493604,144996880,943,-3.00,293.5
2023-08-09,292.0,293.5,282.5,284.0,2893920,828032528,3072,-9.50,284.0
2023-08-10,284.0,286.0,274.0,276.0,3495543,971167233,3139,-8.00,276.0
2023-08-11,281.0,281.0,270.0,271.0,2581391,704947320,2748,-5.00,271.0
2023-08-14,270.0,270.0,263.5,269.0,2164720,576921722,1827,-2.00,269.0
2023-08-15,267.0,270.0,266.0,267.0,1488039,398048353,1769,-2.00,267.0
2023-08-16,267.0,271.0,266.0,269.5,506133,136339014,568,+2.50,269.5
2023-08-17,267.0,271.5,263.5,269.0,1178177,315313724,1102,-0.50,269.0
2023-08-18,268.0,271.0,263.0,264.0,1205728,320582369,1560,-5.00,264.0
2023-08-21,266.0,266.0,260.5,262.5,1155526,303188681,1319,-1.50,262.5
2023-08-22,268.5,268.5,261.5,263.0,1358937,357786885,1363,+0.50,263.0
2023-08-23,265.0,270.5,260.5,268.0,1451701,384852506,1532,+5.00,268.0
2023-08-24,268.0,272.5,266.5,271.0,1160015,313238080,1636,+3.00,271.0
2023-08-25,266.5,271.0,266.5,267.0,654241,175499077,789,-4.00,267.0
2023-08-28,253.0,254.0,240.5,240.5,7126243,1728548946,6148,-26.50,240.5
2023-08-29,240.0,245.0,234.0,243.0,3056920,730691200,3099,+2.50,243.0
2023-08-30,243.5,251.0,243.5,248.5,1875924,465387576,2227,+5.50,248.5
2023-08-31,247.5,251.5,247.0,249.5,938493,233973330,1942,+1.00,249.5
2023-09-01,251.0,256.5,250.0,254.0,1232109,312424149,1367,+4.50,254.0
2023-09-04,251.5,254.5,249.5,252.5,1022544,257144029,1127,-1.50,252.5
2023-09-05,252.5,259.0,251.0,256.0,877516,224002211,1001,+3.50,256.0
2023-09-06,256.0,257.0,250.5,252.0,1084852,275426569,1238,-4.00,252.0
2023-09-07,250.0,254.5,250.0,252.0,592048,149121201,667, 0.00,252.0
2023-09-08,250.0,252.5,249.0,251.5,913575,229140892,830,-0.50,251.5
2023-09-11,250.5,251.0,246.5,248.5,896616,223181711,970,-3.00,248.5
2023-09-12,252.0,254.5,251.0,254.5,845730,214245977,932,+6.00,254.5
2023-09-13,254.5,266.5,254.5,258.5,2676651,700216216,2847,+4.00,258.5
2023-09-14,259.5,262.0,258.0,258.5,761725,197900935,1149, 0.00,258.5
2023-09-15,260.5,263.0,258.0,260.0,752554,195633016,834,+1.50,260.0
2023-09-18,257.5,259.5,255.5,259.5,732391,188536768,848,-0.50,259.5
2023-09-19,259.0,259.5,257.0,259.5,445994,115435501,492, 0.00,259.5
2023-09-20,260.5,275.0,258.5,274.0,3943250,1065124864,3763,+14.50,274.0
2023-09-21,271.0,274.0,265.5,268.0,2301313,618748748,7289,-6.00,268.0
2023-09-22,265.5,276.0,265.0,273.5,2006959,547747578,3020,+5.50,273.5
2023-09-25,273.0,275.5,271.5,274.0,820133,224326490,1506,+0.50,274.0
2023-09-26,274.0,274.0,267.0,273.0,909106,246708107,2455,-1.00,273.0
2023-09-27,272.5,272.5,267.5,269.5,668961,180180670,1279,-3.50,269.5
2023-09-28,270.0,271.0,267.0,270.0,595949,160523097,808,+0.50,270.0
2023-10-02,268.5,269.5,266.5,268.0,1219756,327285195,1161,-2.00,268.0
2023-10-03,268.0,272.5,267.5,268.0,539681,145521360,771, 0.00,268.0
2023-10-04,266.5,270.5,264.0,270.5,597330,159965956,658,+2.50,270.5
2023-10-05,271.5,272.0,266.0,266.0,675368,181227916,1288,-4.50,266.0
2023-10-06,266.0,266.0,257.0,260.0,1397127,363104825,1865,-6.00,260.0
2023-10-11,260.0,262.0,254.0,256.5,996387,255754298,1171,-3.50,256.5
2023-10-12,258.5,260.5,254.5,260.0,540311,138887516,647,+3.50,260.0
2023-10-13,256.5,258.5,255.0,255.5,618989,158555134,777,-4.50,255.5
2023-10-16,253.0,259.0,253.0,257.0,443010,113995297,537,+1.50,257.0
2023-10-17,261.0,269.0,259.5,268.0,1579843,419932448,1787,+11.00,268.0
2023-10-18,270.0,270.0,263.5,264.5,1025863,272969339,2641,-3.50,264.5
2023-10-19,264.0,272.5,263.5,265.0,1118582,299673014,1490,+0.50,265.0
2023-10-20,260.0,261.0,256.0,258.5,992267,256944413,5268,-6.50,258.5
2023-10-23,256.5,263.5,256.5,259.0,449640,117092891,851,+0.50,259.0
2023-10-24,263.5,266.0,258.0,265.5,555159,146401837,1605,+6.50,265.5
2023-10-25,266.0,266.5,261.5,261.5,376587,99032640,2228,-4.00,261.5
2023-10-26,259.0,264.5,258.0,258.0,488909,127806783,844,-3.50,258.0
2023-10-27,261.0,264.0,257.5,257.5,391300,101811411,432,-0.50,257.5
2023-10-30,259.0,260.0,256.0,258.0,1041383,268677325,836,+0.50,258.0
2023-10-31,259.0,259.0,250.5,251.5,1043480,263731356,1335,-6.50,251.5
2023-11-01,251.5,253.0,248.5,251.5,400405,100245451,1221, 0.00,251.5
2023-11-02,254.0,256.0,253.0,254.0,302044,76729164,417,+2.50,254.0
2023-11-03,255.0,257.0,250.5,250.5,484274,122439681,790,-3.50,250.5
2023-11-06,252.5,257.0,252.0,256.0,456296,116427297,730,+5.50,256.0
2023-11-07,257.0,258.5,254.5,257.0,262716,67378215,330,+1.00,257.0
2023-11-08,258.5,263.5,258.0,263.5,622349,162818432,787,+6.50,263.5
2023-11-09,263.5,263.5,259.5,261.0,515895,135194478,991,-2.50,261.0
2023-11-10,259.0,262.0,255.0,257.0,475352,122397551,1166,-4.00,257.0
2023-11-13,256.0,258.0,253.0,254.0,756655,193023226,1030,-3.00,254.0
2023-11-14,252.5,256.5,252.5,255.0,274839,69901849,437,+1.00,255.0
2023-11-15,258.0,261.0,257.0,259.5,594826,154163732,826,+4.50,259.5
2023-11-16,261.0,262.0,258.5,260.0,407408,105981857,963,+0.50,260.0
2023-11-17,260.0,263.0,259.5,262.0,390941,102149276,483,+2.00,262.0
2023-11-20,262.0,264.0,258.0,261.0,387389,101040845,432,-1.00,261.0
2023-11-21,263.5,267.5,259.0,266.5,1655894,436528147,1425,+5.50,266.5
2023-11-22,267.5,270.0,266.0,270.0,2653478,711700643,3006,+3.50,270.0
2023-11-23,270.0,273.0,269.0,270.5,1792599,484964762,1899,+0.50,270.5
2023-11-24,270.5,271.5,264.5,266.5,1262323,336997954,2102,-4.00,266.5
2023-11-27,267.0,267.0,263.0,264.5,525678,138897244,961,-2.00,264.5
2023-11-28,265.5,266.0,264.5,266.0,310141,82308198,711,+1.50,266.0
2023-11-29,267.0,269.0,265.5,266.5,584997,156232473,662,+0.50,266.5
2023-11-30,268.0,268.5,263.5,264.0,1215083,321926560,1412,-2.50,264.0
2023-12-01,266.0,274.0,264.5,272.0,1918447,519445805,1978,+8.00,272.0
2023-12-04,276.0,279.0,274.5,276.0,2289138,632560462,2443,+4.00,276.0
2023-12-05,275.0,275.0,270.5,271.0,856774,232947483,1911,-5.00,271.0
2023-12-06,271.0,272.0,268.0,270.5,709454,191866680,825,-0.50,270.5
2023-12-07,271.0,274.5,269.0,269.0,430499,116837125,607,-1.50,269.0
2023-12-08,271.0,272.0,266.5,266.5,623122,167167065,1333,-2.50,266.5
2023-12-11,269.0,273.0,268.5,271.5,623252,169139756,693,+5.00,271.5
2023-12-12,272.0,272.5,268.0,269.0,388657,104948674,1865,-2.50,269.0
2023-12-13,269.0,270.5,264.0,264.5,818849,217476385,1207,-4.50,264.5
2023-12-14,267.0,269.5,265.0,267.5,781359,208431551,874,+3.00,267.5
2023-12-15,269.5,275.0,269.0,272.0,1555096,423760774,1621,+4.50,272.0
2023-12-18,271.5,271.5,266.5,266.5,665857,178638801,1375,-5.50,266.5
2023-12-19,268.5,268.5,264.0,264.0,511355,135381657,881,-2.50,264.0
2023-12-20,266.0,267.0,264.5,264.5,438610,116278554,512,+0.50,264.5
2023-12-21,263.0,263.5,260.0,260.0,898594,234891219,1133,-4.50,260.0
2023-12-22,262.0,262.0,258.0,258.0,680305,176477623,952,-2.00,258.0
2023-12-25,260.5,262.5,258.5,260.0,326081,84773989,447,+2.00,260.0
2023-12-26,261.0,262.5,260.0,262.5,326116,85250547,429,+2.50,262.5
2023-12-27,263.0,265.5,263.0,265.0,470780,124346739,606,+2.50,265.0
2023-12-28,265.0,266.0,263.5,265.5,278272,73627281,370,+0.50,265.5
2023-12-29,266.5,268.5,266.5,267.0,396767,105964544,526,+1.50,267.0
2024-01-02,267.0,268.0,263.5,265.0,387851,102689514,1326,-2.00,265.0
2024-01-03,263.0,265.0,262.0,262.5,258189,67893184,375,-2.50,262.5
2024-01-04,262.0,264.0,259.0,259.0,409491,106784873,535,-3.50,259.0
2024-01-05,259.0,259.0,256.0,256.0,668894,171880515,955,-3.00,256.0
2024-01-08,255.0,257.0,252.0,252.0,739131,187570106,1073,-4.00,252.0
2024-01-09,253.0,256.0,252.0,254.0,633258,160871617,700,+2.00,254.0
2024-01-10,253.5,253.5,247.5,249.0,1007765,251878902,1648,-5.00,249.0
2024-01-11,250.0,250.0,245.5,246.5,1069326,264017503,1230,-2.50,246.5
2024-01-12,246.5,246.5,243.5,246.5,850792,208135770,1213, 0.00,246.5
2024-01-15,247.5,247.5,245.0,245.5,474097,116565380,622,-1.00,245.5
2024-01-16,245.5,247.0,244.0,244.0,716347,175608695,799,-1.50,244.0
2024-01-17,244.0,246.5,240.0,241.0,603449,146312680,794,-3.00,241.0
2024-01-18,241.5,241.5,236.5,240.0,957516,228359231,1215,-1.00,240.0
2024-01-19,240.0,241.5,238.0,240.0,922878,220955299,1140, 0.00,240.0
2024-01-22,240.5,242.5,240.0,240.5,956062,230096256,1072,+0.50,240.5
2024-01-23,244.0,248.0,242.5,245.5,1248679,306062572,1277,+5.00,245.5
2024-01-24,246.0,247.5,245.0,245.5,393673,96914302,765, 0.00,245.5
2024-01-25,245.5,245.5,242.0,242.0,435909,105959502,669,-3.50,242.0
2024-01-26,241.0,243.5,230.0,232.5,4443442,1047336013,4649,-9.50,232.5
2024-01-29,235.0,237.0,233.0,235.5,920589,216726829,931,+3.00,235.5
2024-01-30,238.5,239.0,234.5,235.0,638158,150493187,707,-0.50,235.0
2024-01-31,236.0,236.5,231.0,231.0,1344476,312768417,1803,-4.00,231.0
2024-02-01,233.5,234.5,232.0,233.0,539632,126038584,643,+2.00,233.0
2024-02-02,233.0,235.0,232.0,232.5,532946,124187382,967,-0.50,232.5
2024-02-05,231.5,231.5,222.5,228.5,2269731,514470088,2885,-4.00,228.5
2024-02-15,229.5,234.0,227.5,232.5,1419484,327235468,1509,+4.00,232.5
2024-02-16,234.0,238.0,231.5,237.0,1258768,295782508,1350,+4.50,237.0
2024-02-19,239.0,247.5,237.5,245.5,2502017,611467574,2764,+8.50,245.5
2024-02-20,246.0,246.5,242.5,244.5,1300475,317459628,2822,-1.00,244.5
2024-02-21,244.5,244.5,241.0,243.0,754182,183326644,870,-1.50,243.0
2024-02-22,246.5,246.5,243.0,243.5,856636,209300207,757,+0.50,243.5
2024-02-23,245.5,247.5,242.5,244.0,1393412,341448026,1747,+0.50,244.0
2024-02-26,243.5,245.5,239.0,241.0,1784325,429979234,1637,-3.00,241.0
2024-02-27,243.5,245.5,239.0,241.0,1178870,283874351,1091, 0.00,241.0
2024-02-29,244.5,247.0,240.0,242.5,1242143,301736907,1213,+1.50,242.5
2024-03-01,243.5,243.5,236.0,238.5,1382299,330017062,1406,-4.00,238.5
2024-03-04,244.0,252.5,244.0,247.5,3136324,777911203,2775,+9.00,247.5
2024-03-05,247.5,250.0,244.0,249.0,1089714,270317411,3832,+1.50,249.0
2024-03-06,251.0,251.0,248.0,248.0,740441,184525357,2176,-1.00,248.0
2024-03-07,248.5,249.0,242.5,243.0,902110,220234145,5931,-5.00,243.0
2024-03-08,245.0,246.5,241.5,243.0,691341,168415090,3241, 0.00,243.0
2024-03-11,248.5,251.5,239.5,240.5,1789143,438153837,2609,-2.50,240.5
2024-03-12,243.0,246.5,241.5,244.5,1067635,260217944,1514,+4.00,244.5
2024-03-13,244.0,246.5,243.0,244.5,708214,173244899,1526, 0.00,244.5
2024-03-14,244.0,245.5,241.0,244.5,685484,167097871,971, 0.00,244.5
2024-03-15,244.5,247.0,243.0,245.0,639708,157072187,1211,+0.50,245.0
2024-03-18,247.5,248.5,244.0,245.5,555726,137014815,875,+0.50,245.5
2024-03-19,247.0,253.5,246.5,252.5,1412650,354994722,1600,+7.00,252.5
2024-03-20,254.5,258.0,251.5,253.5,1040254,264212402,4229,+1.00,253.5
2024-03-21,255.5,259.5,254.0,258.0,1993653,513490309,5169,+4.50,258.0
2024-03-22,258.0,263.5,257.0,262.5,2201803,575768247,3087,+4.50,262.5
2024-03-25,262.5,263.5,258.5,260.5,1202255,313775067,2859,-2.00,260.5
2024-03-26,259.0,260.5,253.5,256.0,1697556,434825077,3938,-4.50,256.0
2024-03-27,257.0,259.0,251.0,252.0,905082,229372982,3791,-4.00,252.0
2024-03-28,253.0,259.5,253.0,257.0,944585,243179479,1101,+5.00,257.0
2024-03-29,256.0,259.0,256.0,259.0,801675,206306594,1399,+2.00,259.0
2024-04-01,256.0,257.0,251.5,254.0,995896,253502680,2297,-5.00,254.0
2024-04-02,256.0,258.0,250.5,256.5,633846,161903135,835,+2.50,256.5
2024-04-03,254.5,259.0,254.0,256.5,404940,104216187,1708, 0.00,256.5
2024-04-08,259.0,259.0,253.0,255.0,658732,167644468,1034,-1.50,255.0
2024-04-09,253.5,256.5,252.5,254.0,535079,136018425,608,-1.00,254.0
2024-04-10,255.5,259.5,254.5,255.5,671173,172249724,1303,+1.50,255.5
2024-04-11,254.5,254.5,250.5,250.5,627801,157903901,1836,-5.00,250.5
2024-04-12,250.5,251.0,247.5,247.5,698784,173639716,872,-3.00,247.5
2024-04-15,247.0,252.0,243.0,243.0,1705253,419954033,1827,-4.50,243.0
2024-04-16,241.0,241.0,231.5,233.0,2130749,501319937,3284,-10.00,233.0
2024-04-17,234.0,237.0,232.5,235.5,1877650,440353952,1501,+2.50,235.5
2024-04-18,235.5,237.0,232.5,233.5,1358816,318201940,1261,-2.00,233.5
2024-04-19,231.0,232.5,223.0,226.5,1460696,332233240,1676,-7.00,226.5
2024-04-22,225.0,228.0,224.0,226.0,1410231,318369257,1237,-0.50,226.0
2024-04-23,227.5,228.5,224.5,227.0,1022927,231247431,912,+1.00,227.0
2024-04-24,232.0,235.5,227.5,235.5,1439038,333697602,1421,+8.50,235.5
2024-04-25,233.0,237.0,233.0,233.5,463223,108481647,974,-2.00,233.5
2024-04-26,235.0,235.0,231.0,232.0,1154015,269088598,798,-1.50,232.0
2024-04-29,232.0,232.5,229.5,231.0,1007618,232475076,1100,-1.00,231.0
2024-04-30,236.0,237.5,230.5,230.5,1262213,294514589,1296,-0.50,230.5
2024-05-02,230.0,230.0,226.0,226.0,1192359,270796766,1420,-4.50,226.0
2024-05-03,227.5,229.0,225.0,225.0,1496617,338353762,1258,-1.00,225.0
2024-05-06,225.5,229.5,225.0,227.0,806348,183344800,860,+2.00,227.0
2024-05-07,229.0,230.5,227.0,228.5,823758,188283323,863,+1.50,228.5
2024-05-08,228.0,230.0,227.0,229.0,533628,122087063,594,+0.50,229.0
2024-05-09,229.0,230.5,224.0,224.0,837279,189413947,985,-5.00,224.0
2024-05-10,226.0,228.5,224.5,228.0,500977,113832974,530,+4.00,228.0
2024-05-13,228.5,231.0,228.0,230.0,484538,111374002,557,+2.00,230.0
2024-05-14,230.5,233.0,230.5,232.5,611475,141877997,657,+2.50,232.5
2024-05-15,235.5,236.0,233.0,233.0,1251791,293639279,1081,+0.50,233.0
2024-05-16,234.0,235.0,230.0,232.0,1088944,252538004,1324,-1.00,232.0
2024-05-17,231.5,245.0,231.5,240.5,2975254,713722443,2386,+8.50,240.5
2024-05-20,243.5,247.0,241.0,241.0,1689052,411729569,3364,+0.50,241.0
2024-05-21,244.0,263.0,242.0,259.0,5262262,1350826316,5026,+18.00,259.0
2024-05-22,258.0,262.0,253.5,260.0,4128217,1070329447,6045,+1.00,260.0
2024-05-23,260.0,269.0,256.0,266.0,4307511,1136181334,6319,+6.00,266.0
2024-05-24,265.5,269.5,263.0,263.5,2435391,647690018,3566,-2.50,263.5
2024-05-27,267.0,268.5,263.0,264.0,1770879,469673497,4825,+0.50,264.0
2024-05-28,265.0,269.5,258.5,266.0,4718231,1243954789,4494,+2.00,266.0
2024-05-29,264.5,264.5,257.5,261.5,2379146,620739925,6410,-4.50,261.5
2024-05-30,260.0,272.0,259.5,268.0,4009619,1067772720,5246,+6.50,268.0
2024-05-31,269.0,281.0,265.0,277.0,9737228,2688863363,10484,+9.00,277.0
2024-06-03,281.0,281.0,268.5,277.0,3694821,1018399227,10291, 0.00,277.0
2024-06-04,278.0,289.0,277.0,287.0,5512333,1571741146,9603,+10.00,287.0
2024-06-05,289.5,292.0,279.0,285.5,5461268,1557810994,13470,-1.50,285.5
2024-06-06,285.5,285.5,273.0,275.5,3565128,990338415,15399,-10.00,275.5
2024-06-07,276.5,292.0,273.5,288.0,5486231,1575514520,5059,+12.50,288.0
2024-06-11,292.5,301.0,291.0,291.0,9886723,2934872460,12280,+3.00,291.0
2024-06-12,291.0,291.0,278.0,283.0,5818599,1650682244,26358,-8.00,283.0
2024-06-13,293.0,311.0,291.0,304.0,9649325,2911710725,9495,+21.00,304.0
2024-06-14,312.0,330.0,304.0,323.5,9716247,3107300932,13872,+19.50,323.5
2024-06-17,330.0,352.0,322.0,351.0,9868049,3351981234,9769,+27.50,351.0
2024-06-18,350.0,350.0,325.0,333.5,8738582,2935424187,8360,-17.50,333.5
2024-06-19,345.0,357.0,338.0,341.0,12652705,4391417194,11367,+7.50,341.0
2024-06-20,336.0,341.0,330.5,340.0,6426999,2152107010,5718,-1.00,340.0
2024-06-21,335.5,339.0,327.5,332.0,7917586,2619686912,5962,-8.00,332.0
2024-06-24,335.0,336.5,330.0,330.0,4145310,1377017846,2945,-2.00,330.0
2024-06-25,332.5,340.0,320.0,338.0,7210505,2402668576,6162,+8.00,338.0
2024-06-26,346.0,370.5,342.0,360.5,14598039,5237673266,10764,+22.50,360.5
2024-06-27,357.5,365.5,355.0,360.0,6314289,2278409891,5007,-0.50,360.0
2024-06-28,380.0,388.0,371.5,374.0,7068802,2683948378,7508,+14.00,374.0
2024-07-01,376.5,378.0,364.0,365.5,3275665,1210040902,3582,-8.50,365.5
2024-07-02,366.0,377.5,365.5,367.0,4087543,1514601156,4090,+1.50,367.0
2024-07-03,372.5,395.0,372.5,388.5,9307548,3590826104,8737,+21.50,388.5
2024-07-04,392.5,392.5,383.0,383.5,4224945,1635757477,4745,-5.00,383.5
2024-07-05,384.0,388.5,380.5,385.0,3937601,1513539205,2960,+1.50,385.0
2024-07-08,380.5,387.0,373.0,383.5,3696901,1410124189,3441,-1.50,383.5
2024-07-09,384.5,385.0,373.5,379.0,3769090,1431052034,3122,-4.50,379.0
2024-07-10,380.5,388.0,379.0,386.0,3260398,1251028222,2987,+7.00,386.0
2024-07-11,390.0,408.5,384.5,402.0,7791556,3122016792,7006,+16.00,402.0
2024-07-12,389.0,397.0,386.0,386.0,4564590,1778032331,4630,-16.00,386.0
2024-07-15,397.0,424.5,390.0,420.0,7610124,3142155101,7266,+34.00,420.0
2024-07-16,413.5,422.5,409.5,411.5,2953198,1224583864,4219,-8.50,411.5
2024-07-17,411.0,411.0,388.0,389.0,5966595,2367794540,7449,-22.50,389.0
2024-07-18,376.0,392.5,374.5,390.0,6149514,2374336124,5683,+1.00,390.0
2024-07-19,389.5,406.0,384.5,392.0,6372379,2540655176,5661,+2.00,392.0
2024-07-22,389.5,399.0,378.5,388.0,3078829,1196910625,3638,-4.00,388.0
2024-07-23,397.0,405.0,395.0,397.5,4983378,1994648415,4539,X0.00,397.5
2024-07-26,370.0,392.0,370.0,382.0,6011839,2307627125,5491,-15.50,382.0
2024-07-29,386.0,396.5,378.5,378.5,3150704,1221978673,2823,-3.50,378.5
2024-07-30,381.0,395.0,378.5,391.5,3802312,1470780687,3545,+13.00,391.5
2024-07-31,386.0,391.0,379.0,379.0,2676832,1026544504,2695,-12.50,379.0
2024-08-01,390.0,416.5,390.0,415.0,7994723,3263341424,6538,+36.00,415.0
2024-08-02,393.0,406.0,378.0,378.0,7087834,2773323625,7523,-37.00,378.0
2024-08-05,352.5,360.0,340.5,346.0,4938186,1721880937,4706,-32.00,346.0
2024-08-06,373.0,378.0,338.0,356.0,5539944,1972771300,4913,+10.00,356.0
2024-08-07,360.5,379.5,359.0,371.5,4825776,1795988210,4351,+15.50,371.5
2024-08-08,364.0,372.0,360.0,367.0,2902320,1065334052,2368,-4.50,367.0
2024-08-09,378.0,393.0,378.0,383.5,4117289,1593176720,3649,+16.50,383.5
2024-08-12,383.5,390.0,380.0,386.0,1816095,698754341,1869,+2.50,386.0
2024-08-13,388.0,390.5,381.0,388.5,1625372,628866679,1947,+2.50,388.5
2024-08-14,396.0,397.5,387.0,391.0,1847716,725050583,1873,+2.50,391.0
2024-08-15,388.0,396.5,382.5,383.5,1479970,575022600,1948,-7.50,383.5
2024-08-16,388.5,410.0,386.5,404.5,5105761,2051070142,4774,+21.00,404.5
2024-08-19,408.5,424.0,405.0,420.5,5198887,2179419712,4808,+16.00,420.5
2024-08-20,427.0,443.5,422.0,425.5,5571765,2407305440,6557,+5.00,425.5
2024-08-21,422.0,427.0,417.0,417.0,2222243,935402797,2311,-8.50,417.0
2024-08-22,418.0,434.5,413.0,424.0,3532955,1493083221,3620,+7.00,424.0
2024-08-23,417.5,439.0,417.5,429.5,4148760,1775084247,4264,+5.50,429.5
2024-08-26,439.0,446.5,427.0,431.5,4350708,1896298650,4096,+2.00,431.5
2024-08-27,441.5,472.5,419.5,469.5,11768214,5357052271,10160,+38.00,469.5
2024-08-28,477.0,477.5,447.0,451.0,6764980,3091610907,6917,-18.50,451.0
2024-08-29,444.0,446.0,431.0,441.5,6980880,3066095507,5969,-9.50,441.5
2024-08-30,443.0,455.5,437.5,455.5,3577018,1599955904,3103,+14.00,455.5
2024-09-02,454.5,454.5,437.5,438.5,3367053,1490485503,3400,-17.00,438.5
2024-09-03,445.0,448.5,432.0,433.0,3514744,1538638381,3591,-5.50,433.0
2024-09-04,407.0,423.5,399.5,416.0,5182568,2162247369,4761,-17.00,416.0
2024-09-05,419.0,421.0,408.5,412.0,4633522,1914854074,4107,-4.00,412.0
2024-09-06,410.5,424.0,400.5,420.0,2652213,1103224291,2415,+8.00,420.0
2024-09-09,409.0,418.0,405.0,413.0,2430575,996763228,2351,-7.00,413.0
2024-09-10,416.0,417.5,394.0,397.5,2855572,1149124355,3250,-15.50,397.5
2024-09-11,410.0,417.0,398.5,401.5,3380919,1371403055,3140,+4.00,401.5
2024-09-12,413.5,431.0,413.5,421.0,5358762,2264563239,5115,+19.50,421.0
2024-09-13,420.0,424.0,411.5,412.5,2196039,912478953,2305,-8.50,412.5
2024-09-16,413.0,416.5,403.0,413.0,1719936,705940011,1794,+0.50,413.0
2024-09-18,410.5,423.0,408.0,409.5,1430338,591733467,1530,-3.50,409.5
2024-09-19,412.5,421.0,410.0,416.5,1445931,603011093,1427,+7.00,416.5
2024-09-20,421.0,442.0,417.0,435.0,6333651,2754786084,5925,+18.50,435.0
2024-09-23,440.0,454.0,436.5,451.0,4678795,2098993257,5049,+16.00,451.0
2024-09-24,448.0,477.0,447.5,461.0,6874597,3201062390,7082,+10.00,461.0
2024-09-25,469.0,470.0,450.0,460.0,4480564,2047071045,6371,-1.00,460.0
2024-09-26,460.0,470.0,456.5,463.0,2511744,1165212270,2649,+3.00,463.0
2024-09-27,466.5,479.0,460.0,463.5,3392538,1592573145,3489,+0.50,463.5
2024-09-30,461.0,474.0,457.0,461.0,2500732,1164429126,2615,-2.50,461.0
2024-10-01,467.5,479.0,451.5,479.0,4105007,1918910177,4814,+18.00,479.0
2024-10-04,473.5,473.5,431.5,431.5,6632538,2930743910,7441,-47.50,431.5
2024-10-07,436.0,459.0,436.0,455.0,4579810,2061155943,3978,+23.50,455.0
2024-10-08,452.0,454.5,437.5,444.5,2519713,1117029633,2597,-10.50,444.5
2024-10-09,445.0,448.0,433.5,444.0,3351871,1480033913,3213,-0.50,444.0
2024-10-11,444.0,459.5,444.0,456.0,2185451,996718212,2307,+12.00,456.0
2024-10-14,456.0,457.5,442.5,457.5,2211269,998621753,2167,+1.50,457.5
2024-10-15,456.5,475.0,456.5,467.0,2462230,1153411792,2761,+9.50,467.0
2024-10-16,466.5,472.0,454.0,467.5,3077589,1428859320,3079,+0.50,467.5
2024-10-17,470.5,473.5,458.0,465.0,2023652,941202659,2123,-2.50,465.0
2024-10-18,470.0,484.5,460.5,471.0,3462236,1644458680,3687,+6.00,471.0
2024-10-21,476.0,484.0,468.5,480.0,3250592,1554804180,3382,+9.00,480.0
2024-10-22,490.0,510.0,483.5,495.0,5416863,2701883259,5001,+15.00,495.0
2024-10-23,499.0,501.0,486.5,488.5,2259896,1112589791,2694,-6.50,488.5
2024-10-24,500.0,507.0,476.5,476.5,3583058,1751542643,3517,-12.00,476.5
2024-10-25,490.0,494.0,466.0,469.5,3640886,1730197531,3924,-7.00,469.5
2024-10-28,473.0,481.0,452.0,470.0,2632477,1227510454,2935,+0.50,470.0
2024-10-29,467.0,469.0,451.0,452.0,2353056,1072221075,2974,-18.00,452.0
2024-10-30,453.5,478.0,452.0,471.5,2434251,1142587916,2879,+19.50,471.5
2024-11-01,460.5,481.0,460.5,469.0,1908072,900904854,1940,-2.50,469.0
2024-11-04,473.5,485.0,467.5,481.0,2679948,1286604139,2715,+12.00,481.0
2024-11-05,481.0,489.5,479.5,483.0,1302684,631158109,1493,+2.00,483.0
2024-11-06,493.0,495.0,483.5,489.5,2278487,1116067817,2314,+6.50,489.5
2024-11-07,490.0,508.0,490.0,494.0,4410005,2201303733,4249,+4.50,494.0
2024-11-08,542.0,542.0,515.0,521.0,5347231,2806607131,5209,+27.00,521.0
2024-11-11,537.0,573.0,526.0,573.0,7104447,3941267655,7272,+52.00,573.0
2024-11-12,582.0,594.0,564.0,571.0,8607950,4959112223,10564,-2.00,571.0
2024-11-13,573.0,579.0,562.0,566.0,3319346,1893815355,3619,-5.00,566.0
2024-11-14,574.0,579.0,568.0,574.0,3273030,1875231465,3361,+8.00,574.0
2024-11-15,565.0,600.0,548.0,596.0,7463020,4340368705,8521,+22.00,596.0
2024-11-18,596.0,596.0,561.0,561.0,5097704,2916855722,4947,-35.00,561.0
2024-11-19,573.0,606.0,563.0,601.0,4693234,2762590824,5240,+40.00,601.0
2024-11-20,596.0,615.0,585.0,599.0,4501599,2702434543,4601,-2.00,599.0
2024-11-21,599.0,653.0,594.0,642.0,5445718,3428660280,6304,+43.00,642.0
2024-11-22,644.0,661.0,628.0,633.0,4232821,2718678644,5071,-9.00,633.0
2024-11-25,642.0,642.0,623.0,628.0,2324731,1462635572,3762,-5.00,628.0
2024-11-26,622.0,632.0,607.0,620.0,2696703,1664890766,3139,-8.00,620.0
2024-11-27,620.0,638.0,618.0,619.0,2667213,1672851765,2870,-1.00,619.0
2024-11-28,623.0,628.0,594.0,604.0,3814043,2310637047,4055,-15.00,604.0
2024-11-29,602.0,658.0,601.0,647.0,5523237,3533540317,5851,+43.00,647.0
2024-12-02,650.0,675.0,642.0,657.0,4227193,2780412511,4636,+10.00,657.0
2024-12-03,682.0,705.0,662.0,673.0,4924441,3353342690,5015,+16.00,673.0
2024-12-04,694.0,735.0,682.0,729.0,6655449,4745629124,7533,+56.00,729.0
2024-12-05,722.0,728.0,703.0,721.0,4048305,2896724473,4806,-8.00,721.0
2024-12-06,730.0,738.0,705.0,710.0,3155345,2253789037,3784,-11.00,710.0
2024-12-09,718.0,724.0,697.0,704.0,2662084,1886995371,3227,-6.00,704.0
2024-12-10,693.0,703.0,663.0,682.0,4864063,3303263303,6184,-22.00,682.0
2024-12-11,670.0,693.0,665.0,686.0,3903914,2656904875,4439,+4.00,686.0
2024-12-12,697.0,708.0,689.0,696.0,3725224,2602002113,4226,+10.00,696.0
2024-12-13,691.0,714.0,686.0,703.0,3018131,2125880353,3586,+7.00,703.0
2024-12-16,710.0,734.0,671.0,682.0,5241401,3642412815,6098,-21.00,682.0
2024-12-17,686.0,688.0,669.0,676.0,3168968,2141982997,3925,-6.00,676.0
2024-12-18,663.0,665.0,609.0,609.0,9528929,5921741643,12141,-67.00,609.0
2024-12-19,609.0,631.0,606.0,631.0,7581510,4700069319,8023,+22.00,631.0
2024-12-20,628.0,643.0,616.0,620.0,3519224,2200298070,3966,-11.00,620.0
2024-12-23,623.0,629.0,612.0,613.0,2048926,1264316582,2512,-7.00,613.0
2024-12-24,616.0,623.0,601.0,601.0,2579923,1568926152,4125,-12.00,601.0
2024-12-25,612.0,617.0,591.0,591.0,3268174,1958761827,4467,-10.00,591.0
2024-12-26,599.0,609.0,591.0,602.0,1797297,1077215751,2255,+11.00,602.0
2024-12-27,602.0,615.0,598.0,601.0,1951509,1177784467,2323,-1.00,601.0
2024-12-30,603.0,612.0,591.0,602.0,1872305,1126292341,2458,+1.00,602.0
2024-12-31,600.0,624.0,594.0,612.0,2943129,1799039607,3319,+10.00,612.0
2025-01-02,610.0,635.0,599.0,605.0,5168114,3169903365,5524,-7.00,605.0
2025-01-03,612.0,622.0,601.0,605.0,3512896,2143342344,3814, 0.00,605.0
2025-01-06,614.0,631.0,606.0,628.0,3246750,2017920664,4021,+23.00,628.0
2025-01-07,636.0,647.0,625.0,625.0,3390846,2145512883,5260,-3.00,625.0
2025-01-08,624.0,646.0,622.0,640.0,3009879,1914217893,3554,+15.00,640.0
2025-01-09,640.0,661.0,637.0,643.0,4367758,2831255551,6022,+3.00,643.0
2025-01-10,640.0,656.0,612.0,620.0,3485684,2195148838,8741,-23.00,620.0
2025-01-13,619.0,619.0,578.0,593.0,4832051,2858402597,5570,-27.00,593.0
2025-01-14,600.0,600.0,578.0,584.0,2567674,1504710693,3287,-9.00,584.0
2025-01-15,586.0,588.0,535.0,542.0,7890695,4351727763,8448,-42.00,542.0
2025-01-16,554.0,563.0,544.0,556.0,3609426,2005071131,3858,+14.00,556.0
2025-01-17,550.0,569.0,540.0,561.0,5166770,2883625237,4919,+5.00,561.0
2025-01-20,570.0,617.0,569.0,617.0,4529705,2725670915,4899,+56.00,617.0
2025-01-21,617.0,628.0,601.0,612.0,4952748,3047289806,4879,-5.00,612.0
2025-01-22,620.0,642.0,618.0,637.0,4285416,2713746584,5130,+25.00,637.0
2025-02-03,576.0,590.0,574.0,583.0,6061977,3494736321,6273,-54.00,583.0
2025-02-04,592.0,611.0,571.0,571.0,5060546,2954923562,4968,-12.00,571.0
2025-02-05,578.0,607.0,576.0,600.0,2715622,1611799130,2948,+29.00,600.0
2025-02-06,625.0,647.0,620.0,620.0,5836794,3681046958,6278,+20.00,620.0
2025-02-07,628.0,648.0,620.0,646.0,3246374,2068278289,3783,+26.00,646.0
2025-02-10,648.0,659.0,640.0,656.0,4030523,2625753298,4805,+10.00,656.0
2025-02-11,661.0,706.0,657.0,706.0,7513456,5201628364,8537,+50.00,706.0
2025-02-12,710.0,724.0,688.0,699.0,4557547,3203629827,5136,-7.00,699.0
2025-02-13,705.0,713.0,691.0,693.0,2388014,1670082654,2795,-6.00,693.0
2025-02-14,700.0,708.0,687.0,698.0,2731690,1902697360,2903,+5.00,698.0
2025-02-17,698.0,703.0,651.0,658.0,4373607,2910683725,7368,-40.00,658.0
2025-02-18,664.0,688.0,664.0,686.0,3999410,2718819425,4602,+28.00,686.0
2025-02-19,676.0,693.0,673.0,682.0,2317952,1579293168,2752,-4.00,682.0
2025-02-20,686.0,702.0,676.0,694.0,3538484,2446874029,4076,+12.00,694.0
2025-02-21,690.0,695.0,677.0,692.0,2023518,1389767024,2406,-2.00,692.0
2025-02-24,685.0,685.0,651.0,654.0,4729905,3112598431,8384,-38.00,654.0
2025-02-25,644.0,654.0,633.0,634.0,2807674,1795470371,5672,-20.00,634.0
2025-02-26,625.0,638.0,621.0,628.0,3160707,1987585245,4224,-6.00,628.0
2025-02-27,628.0,633.0,592.0,595.0,4562120,2763682136,7759,-33.00,595.0
2025-03-03,590.0,599.0,585.0,591.0,1851054,1096834994,2513,-4.00,591.0
2025-03-04,578.0,593.0,571.0,586.0,2456454,1431400498,3136,-5.00,586.0
2025-03-05,600.0,616.0,597.0,602.0,3589339,2172524123,3938,+16.00,602.0
2025-03-06,600.0,605.0,580.0,600.0,4105745,2435540695,4741,-2.00,600.0
2025-03-07,596.0,605.0,567.0,568.0,4037364,2346559406,5978,-32.00,568.0
2025-03-10,585.0,596.0,575.0,584.0,2867676,1677646571,3046,+16.00,584.0
2025-03-11,557.0,561.0,533.0,541.0,4363144,2359070385,6842,-43.00,541.0
2025-03-12,550.0,552.0,528.0,531.0,3324211,1794728451,4194,-10.00,531.0
2025-03-13,549.0,563.0,538.0,539.0,4127836,2263764669,4196,+8.00,539.0
2025-03-14,541.0,548.0,528.0,539.0,1632131,877633708,2175, 0.00,539.0
2025-03-17,547.0,564.0,542.0,558.0,3659566,2034473291,3544,+19.00,558.0
2025-03-18,568.0,583.0,559.0,579.0,4970233,2852690736,4953,+21.00,579.0
2025-03-19,575.0,575.0,550.0,560.0,3153365,1764432418,4702,-19.00,560.0
2025-03-20,570.0,572.0,556.0,559.0,1561551,879196708,1844,-1.00,559.0
2025-03-21,564.0,601.0,557.0,599.0,4819886,2838014517,5593,+40.00,599.0
2025-03-24,600.0,604.0,580.0,580.0,3836830,2266295410,4141,-19.00,580.0
2025-03-25,598.0,603.0,583.0,588.0,4487231,2660584726,3996,+8.00,588.0
2025-03-26,597.0,597.0,580.0,580.0,1401922,819238555,1941,-8.00,580.0
2025-03-27,564.0,565.0,552.0,552.0,2088451,1161301539,2955,-28.00,552.0
2025-03-28,551.0,564.0,540.0,542.0,2095679,1150547621,2521,-10.00,542.0
2025-03-31,515.0,529.0,502.0,504.0,3035857,1550187845,3843,-38.00,504.0
2025-04-01,511.0,527.0,503.0,525.0,2038510,1058776566,2342,+21.00,525.0
2025-04-02,520.0,525.0,506.0,514.0,1611337,827703913,2333,-11.00,514.0
2025-04-07,463.0,463.0,463.0,463.0,138144,63960672,454,-51.00,463.0
2025-04-08,417.0,417.0,417.0,417.0,1193533,497712856,1629,-46.00,417.0
2025-04-09,380.5,405.5,375.5,375.5,5436949,2117863657,5428,-41.50,375.5
2025-04-10,413.0,413.0,413.0,413.0,1207456,498679328,422,+37.50,413.0
2025-04-11,381.0,454.0,381.0,454.0,7023920,3032157278,6668,+41.00,454.0
2025-04-14,476.0,490.0,461.0,484.0,5510163,2646521309,5470,+30.00,484.0
2025-04-15,486.5,509.0,478.0,506.0,3702736,1842784302,3752,+22.00,506.0
2025-04-16,496.0,512.0,486.0,486.0,2433342,1205833502,6748,-20.00,486.0
2025-04-17,475.0,505.0,475.0,496.5,3234700,1591675217,3233,+10.50,496.5
2025-04-18,499.0,523.0,494.0,517.0,4397128,2260426605,4683,+20.50,517.0
2025-04-21,512.0,513.0,483.0,483.0,3851135,1894153939,4703,-34.00,483.0
2025-04-22,475.0,507.0,472.0,481.5,3288170,1621382030,3587,-1.50,481.5
2025-04-23,504.0,527.0,500.0,511.0,4001402,2057809719,4896,+29.50,511.0
2025-04-24,518.0,543.0,515.0,532.0,5913491,3137143724,6464,+21.00,532.0
2025-04-25,545.0,553.0,538.0,540.0,4129907,2252728131,4398,+8.00,540.0
2025-04-28,549.0,551.0,530.0,535.0,2695602,1446854941,3211,-5.00,535.0
2025-04-29,533.0,542.0,531.0,536.0,1366540,732944592,1684,+1.00,536.0
2025-04-30,539.0,551.0,533.0,537.0,1958927,1061046346,2284,+1.00,537.0
2025-05-02,551.0,590.0,550.0,590.0,5062764,2927273093,7888,+53.00,590.0
2025-05-05,593.0,613.0,578.0,603.0,5734685,3417247865,6713,+13.00,603.0
2025-05-06,592.0,618.0,590.0,597.0,4566603,2747733829,6310,-6.00,597.0
2025-05-07,601.0,603.0,581.0,589.0,2563708,1515573067,3467,-8.00,589.0
2025-05-08,598.0,605.0,592.0,605.0,2481007,1489291626,3031,+16.00,605.0
2025-05-09,608.0,621.0,598.0,614.0,3908565,2389519494,4283,+9.00,614.0
2025-05-12,622.0,624.0,608.0,612.0,2061073,1268233954,2962,-2.00,612.0
2025-05-13,626.0,631.0,608.0,612.0,2756012,1700701878,3694, 0.00,612.0
2025-05-14,620.0,653.0,613.0,643.0,6580657,4181135836,7891,+31.00,643.0
2025-05-15,626.0,627.0,609.0,615.0,5256389,3235065651,7445,-28.00,615.0
2025-05-16,610.0,622.0,608.0,621.0,2489013,1537122104,2819,+6.00,621.0
2025-05-19,621.0,626.0,597.0,598.0,3171168,1925000931,4583,-23.00,598.0
2025-05-20,610.0,614.0,598.0,600.0,2587524,1562859484,2528,+2.00,600.0
2025-05-21,604.0,620.0,595.0,617.0,4548154,2769359988,4806,+17.00,617.0
2025-05-22,613.0,632.0,608.0,617.0,5130388,3171741624,5408, 0.00,617.0
2025-05-23,625.0,636.0,621.0,625.0,3954630,2484666123,4481,+8.00,625.0
2025-05-26,626.0,645.0,617.0,630.0,4566269,2896304675,6183,+5.00,630.0
2025-05-27,627.0,634.0,621.0,622.0,2241236,1404308608,2615,-8.00,622.0
2025-05-28,632.0,635.0,613.0,617.0,2549671,1589675434,2844,-5.00,617.0
2025-05-29,627.0,650.0,626.0,645.0,5667931,3620062281,6702,+28.00,645.0
2025-06-02,633.0,650.0,629.0,638.0,2992053,1904614198,4581,-7.00,638.0
2025-06-03,660.0,688.0,649.0,649.0,10281663,6860714496,9814,+11.00,649.0
2025-06-04,663.0,678.0,630.0,630.0,6171236,4033139358,8791,-19.00,630.0
2025-06-05,637.0,647.0,628.0,643.0,2679684,1714267294,3244,+13.00,643.0
2025-06-06,630.0,633.0,611.0,617.0,5638337,3503033148,6779,-26.00,617.0
2025-06-09,629.0,635.0,618.0,624.0,2876617,1796813361,2912,+7.00,624.0
2025-06-10,630.0,659.0,628.0,655.0,4846571,3134925179,5676,+31.00,655.0
2025-06-11,660.0,685.0,657.0,668.0,6039541,4039500899,6404,+13.00,668.0
2025-06-12,663.0,697.0,663.0,692.0,4857778,3313874329,5806,+24.00,692.0
2025-06-13,695.0,756.0,687.0,752.0,13504971,9838220199,15730,+60.00,752.0
2025-06-16,739.0,769.0,738.0,766.0,5750126,4358388673,6374,+14.00,766.0
2025-06-17,775.0,796.0,768.0,781.0,6029672,4708219328,6455,+15.00,781.0
2025-06-18,773.0,800.0,773.0,785.0,6358924,4994462421,8672,+4.00,785.0
2025-06-19,784.0,792.0,762.0,770.0,4757605,3683808302,5824,-15.00,770.0
2025-06-20,770.0,775.0,743.0,765.0,4903245,3718110920,5323,-5.00,765.0
2025-06-23,754.0,793.0,754.0,784.0,4844599,3774896178,5704,+19.00,784.0
2025-06-24,804.0,820.0,790.0,797.0,5494859,4416442560,6144,+13.00,797.0
2025-06-25,810.0,817.0,791.0,810.0,3958065,3190734998,4464,+13.00,810.0
2025-06-26,815.0,816.0,782.0,803.0,3892948,3109277466,4849,-7.00,803.0
2025-06-27,815.0,816.0,799.0,809.0,2078159,1679525529,2554,+6.00,809.0
2025-06-30,815.0,858.0,814.0,848.0,5474490,4616079246,6768,+39.00,848.0
2025-07-01,844.0,874.0,843.0,848.0,4442312,3814747757,5107, 0.00,848.0
2025-07-02,841.0,858.0,829.0,835.0,3618139,3035421785,4912,-13.00,835.0
2025-07-03,846.0,873.0,830.0,868.0,3426168,2921612327,4099,+33.00,868.0
2025-07-04,864.0,901.0,861.0,886.0,4314151,3819108220,5431,+18.00,886.0
2025-07-07,879.0,892.0,860.0,861.0,4082046,3565016655,6311,-25.00,861.0
2025-07-08,855.0,883.0,848.0,879.0,3791252,3281698553,4522,+18.00,879.0
2025-07-09,876.0,936.0,876.0,934.0,6909388,6323103811,7125,+55.00,934.0
2025-07-10,922.0,927.0,900.0,911.0,4583064,4188072236,6363,-23.00,911.0
2025-07-11,911.0,919.0,888.0,896.0,4225107,3804229796,5226,-15.00,896.0
2025-07-14,905.0,914.0,872.0,874.0,3303602,2932901774,4427,-22.00,874.0
2025-07-15,888.0,895.0,871.0,885.0,2706702,2388724889,3588,+11.00,885.0
2025-07-16,894.0,906.0,881.0,882.0,2950721,2636315747,4134,-3.00,882.0
2025-07-17,878.0,888.0,855.0,862.0,4112114,3563931405,5115,X0.00,862.0
2025-07-18,874.0,895.0,864.0,871.0,4416950,3866353387,5038,+9.00,871.0
2025-07-21,874.0,876.0,854.0,868.0,2639643,2290062438,3337,-3.00,868.0
2025-07-22,869.0,878.0,811.0,818.0,5581930,4675988104,8938,-50.00,818.0
2025-07-23,832.0,838.0,808.0,826.0,4428950,3643760427,5345,+8.00,826.0
2025-07-24,836.0,865.0,832.0,850.0,3731054,3173714185,4859,+24.00,850.0
2025-07-25,851.0,851.0,821.0,833.0,3110271,2586475706,4452,-17.00,833.0
2025-07-28,833.0,883.0,833.0,876.0,4662778,4038343639,5988,+43.00,876.0
2025-07-29,885.0,893.0,870.0,888.0,3756018,3317731254,5034,+12.00,888.0
2025-07-30,891.0,900.0,866.0,878.0,2866296,2520603848,6145,-10.00,878.0
2025-07-31,888.0,916.0,888.0,911.0,4048720,3663955487,5668,+33.00,911.0
2025-08-01,896.0,911.0,892.0,895.0,2720444,2447025363,6409,-16.00,895.0
2025-08-04,885.0,885.0,849.0,850.0,3907489,3367323988,9014,-45.00,850.0
2025-08-05,872.0,887.0,871.0,885.0,3085987,2716933316,3900,+35.00,885.0
2025-08-06,885.0,894.0,863.0,878.0,3516606,3081745992,4940,-7.00,878.0
2025-08-07,896.0,932.0,890.0,930.0,5506641,5049941684,7191,+52.00,930.0
2025-08-08,936.0,978.0,931.0,973.0,5357725,5124546597,8551,+43.00,973.0
2025-08-11,973.0,983.0,936.0,981.0,3841631,3703756620,8681,+8.00,981.0
2025-08-12,985.0,989.0,954.0,964.0,3902898,3777278180,5742,-17.00,964.0
2025-08-13,980.0,1010.0,967.0,989.0,5247675,5205631915,7363,+25.00,989.0
2025-08-14,999.0,1005.0,984.0,989.0,2702789,2687849698,3734, 0.00,989.0
2025-08-15,989.0,1005.0,980.0,985.0,3284759,3248211866,4665,-4.00,985.0
2025-08-18,981.0,990.0,954.0,977.0,4719851,4574772003,6779,-8.00,977.0
2025-08-19,985.0,996.0,943.0,944.0,4581001,4395898837,7484,-33.00,944.0
2025-08-20,935.0,976.0,925.0,925.0,4821994,4564943258,6818,-19.00,925.0
2025-08-21,972.0,1000.0,960.0,977.0,7888567,7729891326,9609,+52.00,977.0
2025-08-22,985.0,992.0,939.0,942.0,5234111,4998722952,10666,-35.00,942.0
2025-08-25,968.0,979.0,929.0,929.0,5083059,4817357949,9369,-13.00,929.0
2025-08-26,939.0,941.0,912.0,935.0,4006111,3713559591,5816,+6.00,935.0
2025-08-27,940.0,967.0,930.0,961.0,5014553,4775207513,7011,+26.00,961.0
2025-08-28,959.0,1005.0,957.0,981.0,5767146,5686055466,8546,+20.00,981.0
2025-08-29,1000.0,1075.0,995.0,1075.0,7010395,7335174745,11360,+94.00,1075.0
2025-09-01,1045.0,1055.0,968.0,976.0,6212785,6192653083,14696,-99.00,976.0
2025-09-02,980.0,982.0,946.0,959.0,4703381,4553789987,7463,-17.00,959.0
2025-09-03,965.0,985.0,958.0,967.0,3072643,2980666575,3725,+8.00,967.0
2025-09-04,1005.0,1060.0,998.0,1060.0,8311736,8634315525,14806,+93.00,1060.0
2025-09-05,1085.0,1100.0,1040.0,1075.0,6145247,6573926940,9924,+15.00,1075.0
2025-09-08,1070.0,1090.0,1055.0,1085.0,2147597,2312563735,3809,+10.00,1085.0
2025-09-09,1110.0,1120.0,1070.0,1090.0,3072461,3368585970,4787,+5.00,1090.0
2025-09-10,1100.0,1160.0,1100.0,1135.0,2925689,3336811645,5106,+45.00,1135.0
2025-09-11,1170.0,1185.0,1120.0,1125.0,2791275,3222945690,4829,-10.00,1125.0
2025-09-12,1120.0,1140.0,1080.0,1100.0,2435811,2707035670,4424,-25.00,1100.0
2025-09-15,1120.0,1130.0,1085.0,1095.0,2718872,2994252865,2987,-5.00,1095.0
2025-09-16,1080.0,1160.0,1075.0,1115.0,4765601,5377700010,5478,+20.00,1115.0
2025-09-17,1110.0,1120.0,1090.0,1100.0,1884503,2079203175,2611,-15.00,1100.0
2025-09-18,1110.0,1135.0,1100.0,1125.0,1464774,1640864610,2374,+25.00,1125.0
2025-09-19,1140.0,1145.0,1095.0,1115.0,4609066,5129574755,3589,-10.00,1115.0
2025-09-22,1115.0,1125.0,1100.0,1120.0,1228286,1369386210,1982,+5.00,1120.0
2025-09-23,1135.0,1145.0,1085.0,1085.0,2281366,2507910110,5020,-35.00,1085.0
2025-09-24,1095.0,1110.0,1065.0,1095.0,1390764,1518155890,2586,+10.00,1095.0
2025-09-25,1085.0,1110.0,997.0,998.0,4378722,4535914040,11139,-97.00,998.0
2025-09-26,981.0,997.0,971.0,984.0,2753445,2711900604,5466,-14.00,984.0
2025-09-30,1000.0,1040.0,992.0,1030.0,2752503,2824621685,3411,+46.00,1030.0
2025-10-01,1035.0,1050.0,1020.0,1040.0,1658620,1716818555,2289,+10.00,1040.0
2025-10-02,1060.0,1060.0,1015.0,1025.0,1872972,1930466960,2997,-15.00,1025.0
2025-10-03,1035.0,1095.0,1025.0,1060.0,2841434,3032596350,3800,+35.00,1060.0
2025-10-07,1095.0,1105.0,1005.0,1030.0,2374162,2485905775,5024,-30.00,1030.0
2025-10-08,1010.0,1065.0,1000.0,1055.0,2834799,2958677910,3446,+25.00,1055.0
2025-10-09,1080.0,1115.0,1080.0,1105.0,3210909,3528252800,5106,+50.00,1105.0
2025-10-13,1070.0,1120.0,1065.0,1095.0,2711844,2971182685,4001,-10.00,1095.0
2025-10-14,1155.0,1200.0,1115.0,1125.0,6050203,7050931570,8517,+30.00,1125.0
2025-10-15,1145.0,1200.0,1105.0,1185.0,5604386,6560884480,7332,+60.00,1185.0
2025-10-16,1195.0,1245.0,1175.0,1220.0,3835479,4645729530,5601,+35.00,1220.0
2025-10-17,1220.0,1315.0,1215.0,1295.0,5865227,7484828195,7443,+75.00,1295.0
2025-10-20,1295.0,1320.0,1265.0,1290.0,3093266,4008112225,4198,-5.00,1290.0
2025-10-21,1300.0,1320.0,1280.0,1290.0,2624783,3414518474,3409, 0.00,1290.0
2025-10-22,1300.0,1385.0,1300.0,1320.0,4967146,6664613710,6994,+30.00,1320.0
2025-10-23,1300.0,1345.0,1290.0,1330.0,2322840,3061565025,3743,+10.00,1330.0
2025-10-27,1395.0,1410.0,1360.0,1370.0,2747797,3790110720,3934,+40.00,1370.0
2025-10-28,1395.0,1460.0,1395.0,1445.0,3296297,4732153755,5023,+75.00,1445.0
2025-10-29,1455.0,1460.0,1400.0,1460.0,2490384,3579097665,4338,+15.00,1460.0
2025-10-30,1445.0,1455.0,1385.0,1400.0,3056106,4299174135,6781,-60.00,1400.0
2025-10-31,1410.0,1415.0,1380.0,1395.0,1862848,2598160040,3419,-5.00,1395.0
2025-11-03,1395.0,1460.0,1390.0,1455.0,2935174,4200817015,4485,+60.00,1455.0
2025-11-04,1460.0,1475.0,1370.0,1380.0,2836857,4015346075,5954,-75.00,1380.0
2025-11-05,1325.0,1380.0,1305.0,1375.0,3542319,4756471540,5695,-5.00,1375.0
2025-11-06,1405.0,1415.0,1365.0,1370.0,2518821,3492665710,3985,-5.00,1370.0
2025-11-07,1340.0,1420.0,1320.0,1415.0,2982006,4139747035,4704,+45.00,1415.0
2025-11-10,1480.0,1550.0,1465.0,1535.0,4251598,6433228230,7793,+120.00,1535.0
2025-11-11,1540.0,1620.0,1530.0,1550.0,4057257,6389727785,7048,+15.00,1550.0
2025-11-12,1555.0,1600.0,1500.0,1500.0,3324510,5097772945,5712,-50.00,1500.0
2025-11-13,1500.0,1615.0,1500.0,1605.0,3653026,5718008605,5820,+105.00,1605.0
2025-11-14,1535.0,1570.0,1490.0,1520.0,3842078,5837858428,7083,-85.00,1520.0
2025-11-17,1560.0,1665.0,1555.0,1625.0,3635466,5890460639,6565,+105.00,1625.0
2025-11-18,1570.0,1660.0,1535.0,1570.0,3910623,6246387825,7667,-55.00,1570.0
2025-11-19,1560.0,1630.0,1540.0,1580.0,3077767,4897054665,4102,+10.00,1580.0
2025-11-20,1680.0,1730.0,1665.0,1680.0,3199793,5437512946,5537,+100.00,1680.0
2025-11-21,1590.0,1645.0,1560.0,1605.0,3843320,6169714440,7165,-75.00,1605.0
2025-11-24,1660.0,1660.0,1530.0,1560.0,18371964,28742044615,7771,-45.00,1560.0
2025-11-25,1605.0,1630.0,1430.0,1545.0,9397198,14268998085,12684,-15.00,1545.0
2025-11-26,1550.0,1560.0,1480.0,1500.0,5740524,8660559640,9375,-45.00,1500.0
2025-11-27,1530.0,1610.0,1520.0,1540.0,4911686,7684583375,8281,+40.00,1540.0
2025-11-28,1580.0,1620.0,1565.0,1610.0,3987016,6358654565,6959,+70.00,1610.0
2025-12-01,1610.0,1640.0,1580.0,1600.0,2995344,4806572310,5110,-10.00,1600.0
2025-12-02,1710.0,1740.0,1535.0,1535.0,7156759,11586992845,12232,-65.00,1535.0
2025-12-03,1555.0,1580.0,1510.0,1525.0,3610533,5559783865,6247,-10.00,1525.0
2025-12-04,1545.0,1585.0,1515.0,1530.0,3901514,6026942540,5409,+5.00,1530.0
2025-12-05,1535.0,1540.0,1500.0,1525.0,1918326,2923420315,3539,-5.00,1525.0
2025-12-08,1530.0,1555.0,1500.0,1515.0,2280922,3468604565,4289,-10.00,1515.0
2025-12-09,1520.0,1565.0,1460.0,1470.0,3841127,5793227640,9686,-45.00,1470.0
2025-12-10,1480.0,1540.0,1470.0,1525.0,3207205,4839524060,5029,+55.00,1525.0
2025-12-11,1540.0,1565.0,1525.0,1535.0,2741880,4238069685,4672,+10.00,1535.0
2025-12-12,1550.0,1580.0,1530.0,1535.0,1858161,2868137585,4170, 0.00,1535.0
2025-12-15,1490.0,1510.0,1475.0,1475.0,2819175,4192466688,6546,-60.00,1475.0
2025-12-16,1455.0,1475.0,1410.0,1440.0,3965251,5710251895,7733,-35.00,1440.0
2025-12-17,1465.0,1470.0,1430.0,1435.0,1799975,2602485010,3210,-5.00,1435.0
2025-12-18,1430.0,1465.0,1425.0,1440.0,2470924,3578804365,2951,+5.00,1440.0
2025-12-19,1455.0,1480.0,1415.0,1440.0,8162912,11806013545,5386, 0.00,1440.0
2025-12-22,1460.0,1495.0,1440.0,1475.0,2659490,3915543845,4111,+35.00,1475.0
2025-12-23,1490.0,1490.0,1450.0,1460.0,1671269,2454423995,3426,-15.00,1460.0
2025-12-24,1480.0,1560.0,1480.0,1550.0,3547704,5443204980,7162,+90.00,1550.0
2025-12-26,1565.0,1570.0,1530.0,1545.0,1926230,2982329085,3595,-5.00,1545.0
2025-12-29,1555.0,1555.0,1490.0,1505.0,2312229,3489145925,7510,-40.00,1505.0
2025-12-30,1505.0,1520.0,1490.0,1505.0,1095245,1650552190,2358, 0.00,1505.0
2025-12-31,1510.0,1550.0,1500.0,1520.0,1981302,3023380755,3643,+15.00,1520.0
2026-01-02,1525.0,1570.0,1510.0,1525.0,2346102,3600745270,3900,+5.00,1525.0
2026-01-05,1540.0,1590.0,1525.0,1575.0,3216890,5028105505,6022,+50.00,1575.0
2026-01-06,1595.0,1640.0,1520.0,1575.0,3549142,5597757255,6631, 0.00,1575.0
2026-01-07,1585.0,1595.0,1420.0,1430.0,7886165,11474636020,20510,-145.00,1430.0
2026-01-08,1435.0,1475.0,1385.0,1410.0,4936606,7004677050,9747,-20.00,1410.0
2026-01-09,1410.0,1475.0,1410.0,1425.0,3161947,4552067660,5155,+15.00,1425.0
2026-01-12,1450.0,1450.0,1380.0,1395.0,2527551,3538281241,9129,-30.00,1395.0
2026-01-13,1415.0,1440.0,1405.0,1420.0,1817114,2585989055,3684,+25.00,1420.0
2026-01-14,1435.0,1500.0,1430.0,1495.0,3040312,4497891980,6856,+75.00,1495.0
2026-01-15,1495.0,1525.0,1450.0,1470.0,1866109,2763378440,4519,-25.00,1470.0
2026-01-16,1495.0,1495.0,1385.0,1400.0,3737952,5273327600,11919,-70.00,1400.0
2026-01-19,1380.0,1400.0,1310.0,1315.0,5049560,6716473865,14213,-85.00,1315.0
2026-01-20,1315.0,1355.0,1310.0,1340.0,2286555,3052441830,4552,+25.00,1340.0
2026-01-21,1330.0,1330.0,1275.0,1300.0,3821730,4952588447,9632,-40.00,1300.0
2026-01-22,1330.0,1420.0,1285.0,1420.0,4681219,6381708550,9502,+120.00,1420.0
2026-01-23,1425.0,1440.0,1365.0,1390.0,3310345,4601282005,6792,-30.00,1390.0
2026-01-26,1395.0,1435.0,1385.0,1430.0,1925319,2725693385,4623,+40.00,1430.0
2026-01-27,1440.0,1460.0,1420.0,1420.0,2174291,3119664585,5742,-10.00,1420.0
2026-01-28,1435.0,1455.0,1415.0,1440.0,1738108,2502062110,4069,+20.00,1440.0
2026-01-29,1455.0,1475.0,1350.0,1365.0,3901808,5409201420,9638,-75.00,1365.0
2026-01-30,1365.0,1370.0,1280.0,1300.0,4140150,5405028175,10478,-65.00,1300.0
2026-02-02,1270.0,1355.0,1270.0,1325.0,2715843,3585111855,4539,+25.00,1325.0
2026-02-03,1365.0,1425.0,1345.0,1410.0,3698095,5132904615,6727,+85.00,1410.0
2026-02-04,1400.0,1410.0,1315.0,1340.0,3552020,4774806770,11885,-70.00,1340.0
2026-02-05,1315.0,1320.0,1250.0,1260.0,3767966,4819377775,13695,-80.00,1260.0
2026-02-06,1265.0,1315.0,1245.0,1285.0,4883757,6282552380,6563,+25.00,1285.0
2026-02-09,1350.0,1365.0,1255.0,1255.0,3897651,5012890565,9108,-30.00,1255.0
2026-02-10,1345.0,1380.0,1345.0,1380.0,2952078,4051127640,4399,+125.00,1380.0
2026-02-11,1390.0,1460.0,1355.0,1365.0,7166486,10027732950,11339,-15.00,1365.0
2026-02-23,1375.0,1385.0,1285.0,1290.0,5183148,6800173860,13082,-75.00,1290.0
2026-02-24,1290.0,1315.0,1285.0,1295.0,3935045,5099279625,6782,+5.00,1295.0
2026-02-25,1325.0,1365.0,1295.0,1345.0,5819147,7730538680,9480,+50.00,1345.0
2026-02-26,1390.0,1440.0,1375.0,1410.0,5632601,7899669790,10043,+65.00,1410.0
2026-03-02,1380.0,1540.0,1370.0,1505.0,6222750,9202322785,14844,+95.00,1505.0
2026-03-03,1640.0,1655.0,1595.0,1645.0,11188315,18330671405,21587,+140.00,1645.0
2026-03-04,1580.0,1630.0,1545.0,1610.0,7665313,12242129805,13291,-35.00,1610.0
2026-03-05,1745.0,1770.0,1690.0,1725.0,6533492,11381108730,13714,+115.00,1725.0
2026-03-06,1735.0,1785.0,1710.0,1770.0,4644045,8159164275,9402,+45.00,1770.0
2026-03-09,1595.0,1595.0,1595.0,1595.0,1066927,1701786310,5073,-175.00,1595.0
2026-03-10,1605.0,1615.0,1490.0,1565.0,8917592,13892187505,14718,-30.00,1565.0
2026-03-11,1600.0,1685.0,1590.0,1655.0,3686279,6056448635,7602,+90.00,1655.0
2026-03-12,1635.0,1655.0,1590.0,1635.0,3153825,5119397135,6744,-20.00,1635.0
2026-03-13,1590.0,1620.0,1560.0,1590.0,3091233,4922201965,8038,-45.00,1590.0
2026-03-16,1625.0,1675.0,1590.0,1645.0,5050854,8316413615,8598,+55.00,1645.0
2026-03-17,1715.0,1770.0,1670.0,1740.0,4265843,7400075800,9082,+95.00,1740.0
2026-03-18,1730.0,1760.0,1675.0,1690.0,4173946,7107970730,9993,-50.00,1690.0
2026-03-19,1715.0,1745.0,1690.0,1720.0,4771017,8180038146,8599,+30.00,1720.0
2026-03-20,1760.0,1835.0,1720.0,1825.0,9965833,18030409290,12006,+105.00,1825.0
2026-03-23,1755.0,1810.0,1700.0,1770.0,3317461,5817798935,7667,-55.00,1770.0
2026-03-24,1830.0,1840.0,1710.0,1730.0,2637197,4675024635,6584,-40.00,1730.0
2026-03-25,1770.0,1840.0,1735.0,1805.0,4309048,7704159940,8036,+75.00,1805.0
2026-03-26,1850.0,1930.0,1810.0,1815.0,3437183,6416338840,6622,+10.00,1815.0
2026-03-27,1790.0,1905.0,1765.0,1860.0,2600079,4818396555,5625,+45.00,1860.0
2026-03-30,1775.0,1895.0,1775.0,1880.0,2378953,4391304320,5063,+20.00,1880.0
2026-03-31,1865.0,1865.0,1725.0,1740.0,3854731,6839361615,9584,-140.00,1740.0
2026-04-01,1865.0,1910.0,1860.0,1910.0,2718701,5157420475,6519,+170.00,1910.0
2026-04-02,1980.0,2075.0,1900.0,1915.0,4922718,9730963570,9243,+5.00,1915.0
2026-04-07,2015.0,2070.0,1980.0,1990.0,2812049,5711085790,6552,+75.00,1990.0
2026-04-08,2100.0,2105.0,1995.0,2015.0,2700249,5537658340,5940,+25.00,2015.0
2026-04-09,2010.0,2165.0,1995.0,2130.0,3770175,7903265585,7419,+115.00,2130.0
2026-04-10,2200.0,2225.0,2115.0,2200.0,2355912,5121509255,4713,+70.00,2200.0
2026-04-13,2200.0,2235.0,2165.0,2225.0,1991121,4385987965,4501,+25.00,2225.0
2026-04-14,2345.0,2380.0,2250.0,2295.0,2970579,6851035270,5465,+70.00,2295.0
2026-04-15,2330.0,2410.0,2300.0,2350.0,2474167,5823108150,5386,+55.00,2350.0
2026-04-16,2430.0,2490.0,2385.0,2395.0,2756549,6701721235,5554,+45.00,2395.0
2026-04-17,2405.0,2475.0,2335.0,2365.0,2330543,5579168965,5756,-30.00,2365.0
2026-04-20,2395.0,2515.0,2365.0,2460.0,2601327,6408898390,5325,+95.00,2460.0
2026-04-21,2570.0,2600.0,2400.0,2425.0,2722946,6717603005,6618,-35.00,2425.0
2026-04-22,2465.0,2560.0,2435.0,2555.0,3292244,8261048685,5711,+130.00,2555.0
2026-04-23,2785.0,2810.0,2590.0,2755.0,6727175,18420049705,11992,+200.00,2755.0
2026-04-24,2800.0,2910.0,2720.0,2765.0,3511772,9885561115,9167,+10.00,2765.0
2026-04-27,2820.0,2820.0,2630.0,2630.0,3100898,8347693850,9626,-135.00,2630.0
2026-04-28,2660.0,2745.0,2605.0,2630.0,2406516,6369462745,5793, 0.00,2630.0
2026-04-29,2620.0,2820.0,2605.0,2780.0,2748760,7497408037,6394,+150.00,2780.0
2026-04-30,2760.0,2815.0,2715.0,2770.0,2725883,7562069015,5659,-10.00,2770.0
2026-05-04,2950.0,2970.0,2860.0,2940.0,2964568,8655044425,5806,+170.00,2940.0
2026-05-05,2945.0,2950.0,2825.0,2875.0,2106864,6049064160,6167,-65.00,2875.0
2026-05-06,2885.0,2885.0,2590.0,2745.0,6251547,16712058565,16643,-130.00,2745.0
2026-05-07,2770.0,2810.0,2690.0,2780.0,2547615,6992248420,6524,+35.00,2780.0
2026-05-08,2760.0,2800.0,2710.0,2750.0,1930030,5312966295,5099,-30.00,2750.0
2026-05-11,2650.0,2925.0,2645.0,2905.0,2750212,7827402470,7351,+155.00,2905.0
2026-05-12,3000.0,3010.0,2775.0,2775.0,3445090,9958093055,10831,-130.00,2775.0
2026-05-13,2500.0,2500.0,2500.0,2500.0,1079450,2698625000,12993,-275.00,2500.0
2026-05-14,2250.0,2300.0,2250.0,2250.0,5373818,12102164800,17966,-250.00,2250.0
2026-05-15,2335.0,2335.0,2060.0,2095.0,10273858,22019028710,32388,-155.00,2095.0
2026-05-18,2070.0,2085.0,1990.0,2025.0,5228017,10574019885,17368,-70.00,2025.0
2026-05-19,2060.0,2065.0,1940.0,1990.0,3675024,7296326035,16325,-35.00,1990.0
