date,open,high,low,close,volume,turnover,transactions,price_change,close_adj
20180430,80.1,84.6,80.1,80.3,38764382,3142662482,14350,X0.00,56.33917385070856
20180502,80.8,82.2,75.1,75.7,33905428,2633718191,15220,-4.60,53.111774103345425
20180503,75.6,77.1,73.6,75.1,19858281,1500098202,9280,-0.60,52.690808918906754
20180504,77.5,82.3,76.7,80.2,23633024,1867243913,11796,+5.10,56.26901298663545
20180507,82.0,82.5,78.9,79.0,18888326,1527123775,9652,-1.20,55.42708261775813
20180508,78.5,78.5,77.6,77.7,11173106,871312168,5309,-1.30,54.514991384807665
20180509,77.2,78.4,76.5,77.2,10160314,785204072,4293,-0.50,54.16418706444211
20180510,77.9,78.6,77.7,78.5,10025939,785052392,4980,+1.30,55.07627829739256
20180511,80.0,80.3,78.9,79.8,9076769,723963076,4731,+1.30,55.98836953034301
20180514,80.8,80.8,79.8,79.8,6449451,516709530,3228, 0.00,55.98836953034301
20180515,79.8,80.7,79.7,79.7,7220833,577389275,3556,-0.10,55.918208666269905
20180516,80.4,80.4,79.4,79.5,6215484,496568876,3271,-0.20,55.77788693812367
20180517,79.8,79.9,77.5,77.8,7272278,572091362,3456,-1.70,54.58515224888079
20180518,78.0,79.8,78.0,78.7,5081011,401131695,3052,+0.90,55.216600025538774
20180521,79.0,80.5,78.9,79.8,7042916,562560573,2967,+1.10,55.98836953034301
20180522,80.2,80.2,79.0,79.0,5977443,476910397,3534,-0.80,55.42708261775813
20180523,79.0,79.5,78.5,78.5,4136888,326360970,2642,-0.50,55.07627829739256
20180524,78.8,79.0,78.1,78.1,4720107,370147159,2685,-0.40,54.795634841100096
20180525,78.5,79.4,77.8,79.0,3465884,272639532,1956,+0.90,55.42708261775813
20180528,79.0,79.0,78.1,78.2,4222072,330745378,2395,-0.80,54.86579570517321
20180529,78.2,78.7,78.0,78.1,2951022,230666882,1664,-0.10,54.795634841100096
20180530,77.2,77.6,74.9,75.3,14277626,1082022410,6731,-2.80,52.83113064705299
20180531,75.7,76.0,75.2,76.0,14426661,1093745236,4225,+0.70,53.32225669556477
20180601,75.4,76.2,75.2,76.0,5744263,434797973,3514, 0.00,53.32225669556477
20180604,76.0,76.9,75.8,76.8,7866428,601346939,4045,+0.80,53.88354360814966
20180605,76.6,77.4,76.2,76.8,5882702,452567979,2701, 0.00,53.88354360814966
20180606,77.0,78.2,76.9,77.6,6719952,521769027,2987,+0.80,54.44483052073454
20180607,78.1,79.2,78.1,78.4,11469649,903251730,3899,+0.80,55.006117433319446
20180608,78.0,78.1,77.3,77.5,6106594,474348394,2432,-0.90,54.37466965666144
20180611,77.6,77.7,76.1,76.1,10303724,789611034,5292,-1.40,53.39241755963788
20180612,75.4,75.8,74.8,75.6,15104384,1137291395,6254,-0.50,53.041613239272316
20180613,75.6,76.1,75.3,75.6,7792383,590169096,3631, 0.00,53.041613239272316
20180614,75.0,75.2,74.5,74.5,11536033,863935631,3876,-1.10,52.26984373446809
20180615,74.5,74.6,73.7,74.4,18409431,1365862026,4569,-0.10,52.19968287039499
20180619,73.5,73.7,72.0,72.1,14943238,1085814660,6747,-2.30,50.58598299671341
20180620,71.9,72.9,70.9,72.1,14841766,1067028427,6927, 0.00,50.58598299671341
20180621,72.3,72.8,72.1,72.6,8254330,598416436,3492,+0.50,50.93678731707898
20180622,71.6,72.3,71.3,72.3,8179996,588944881,2510,-0.30,50.726304724859624
20180625,71.7,72.9,71.6,72.4,5165174,373589370,2359,+0.10,50.796465588932755
20180626,71.9,72.1,70.6,71.5,7477434,534346610,3319,-0.90,50.165017812274755
20180627,71.8,72.3,70.8,70.8,7939441,568517811,3749,-0.70,49.67389176376297
20180628,70.7,72.6,70.1,70.9,8849302,630985381,4634,+0.10,49.74405262783609
20180629,70.9,71.7,70.5,71.6,9363286,666261835,3644,+0.70,50.23517867634785
20180702,71.4,72.5,70.9,70.9,6062119,432469849,2546,-0.70,49.74405262783609
20180703,70.9,71.3,68.9,69.5,9674388,676021170,5197,-1.40,48.761800530812515
20180704,69.5,70.5,69.4,70.0,5267851,369130570,2431,+0.50,49.11260485117808
20180705,69.6,70.0,69.3,69.6,4993180,347637405,2717,-0.40,48.83196139488561
20180706,69.6,70.2,68.4,68.8,5883845,406685818,2968,-0.80,48.270674482300734
20180709,69.3,70.9,69.1,70.0,4449601,312127970,2670,+1.20,49.11260485117808
20180710,70.8,70.9,69.6,69.6,4510445,315119555,2597,-0.40,48.83196139488561
20180711,69.2,70.0,68.9,69.4,5531492,383477828,2879,-0.20,48.6916396667394
20180712,69.1,71.8,69.1,70.7,7576597,535739732,3954,+1.30,49.60373089968985
20180713,71.2,72.4,70.9,72.1,7078101,508392612,3202,+1.40,50.58598299671341
20180716,72.1,72.4,71.1,71.1,3615742,258099115,1729,-1.00,49.884374355982295
20180717,71.6,71.7,70.7,71.4,5781581,411425659,2877,+0.30,50.094856948201645
20180718,72.0,73.5,71.8,72.6,9009402,655898044,5438,+1.20,50.93678731707898
20180719,73.0,73.6,72.3,72.3,6085449,444487942,2969,-0.30,50.726304724859624
20180720,73.0,73.7,69.8,70.6,12786355,907605892,6012,-1.70,49.53357003561674
20180723,70.2,71.1,69.8,70.0,10378691,727906620,5239,-0.60,49.11260485117808
20180724,69.8,70.7,69.8,70.7,6021007,423860311,2751,+0.70,49.60373089968985
20180725,70.8,70.9,70.2,70.2,7396659,520978641,4537,-0.50,49.2529265793243
20180726,70.7,71.8,70.3,71.2,7100580,505727568,4078,+1.00,49.954535220055405
20180727,71.7,74.7,71.2,74.6,12436150,916322705,6106,+3.40,52.3400045985412
20180730,78.4,79.2,77.8,78.5,23894677,1880356039,10406,+3.90,55.07627829739256
20180731,77.8,78.4,76.5,78.4,20663255,1599321250,6398,-0.10,55.006117433319446
20180801,77.7,78.2,77.5,78.0,8898527,693000086,3579,-0.40,54.72547397702699
20180802,77.9,78.4,76.4,76.6,8164868,630873543,3825,-1.40,53.743221880003425
20180803,76.8,77.4,76.8,77.3,3831077,295522711,2209,+0.70,54.23434792851521
20180806,77.4,78.0,77.0,77.6,4101322,318232408,1568,+0.30,54.44483052073454
20180807,77.7,77.9,77.3,77.4,8962734,694323462,2556,-0.20,54.30450879258833
20180808,77.5,78.5,77.5,78.4,7762568,606419874,3551,+1.00,55.006117433319446
20180809,78.3,78.7,77.5,78.5,7693769,602954930,2557,+0.10,55.07627829739256
20180810,76.0,76.7,76.0,76.7,5847589,445830878,2678,X0.00,55.58301700329763
20180813,76.5,76.5,73.1,74.6,9213754,690651808,3356,-2.10,54.06118733306393
20180814,74.6,75.0,74.0,74.9,6721371,500575886,2892,+0.30,54.27859157166874
20180815,74.5,74.6,72.8,73.1,8545091,627538176,3815,-1.80,52.97416614003984
20180816,72.2,73.9,72.1,73.1,4850031,353951284,2240, 0.00,52.97416614003984
20180817,73.6,73.9,73.2,73.7,2901826,213328527,1849,+0.60,53.40897461724947
20180820,73.1,73.9,72.7,73.2,5005124,366688058,2198,-0.50,53.0466342195748
20180821,73.5,73.9,73.0,73.0,3486058,255821522,2024,-0.20,52.901698060504906
20180822,73.1,74.0,73.1,74.0,3607009,265748844,2004,+1.00,53.6263788558543
20180823,73.9,74.5,73.1,73.9,4213575,310327608,2199,-0.10,53.55391077631936
20180824,73.3,73.6,72.9,73.3,3195816,233693695,1628,-0.60,53.119102299109706
20180827,73.8,73.8,73.0,73.1,2001469,146692163,1230,-0.20,52.97416614003984
20180828,73.3,74.2,73.2,73.9,3580083,263744218,1958,+0.80,53.55391077631936
20180829,73.9,74.8,73.9,74.8,3995845,297744134,1974,+0.90,54.20612349213379
20180830,75.0,75.5,74.1,74.3,3617234,269751465,2052,-0.50,53.84378309445909
20180831,74.0,75.3,73.4,75.3,7601345,568967252,2702,+1.00,54.568463889808484
20180903,74.8,75.2,73.8,74.3,2163346,160581019,1418,-1.00,53.84378309445909
20180904,74.5,74.5,73.7,73.9,2411492,178265031,1154,-0.40,53.55391077631936
20180905,73.7,74.8,73.7,73.8,5273374,391293881,2528,-0.10,53.4814426967844
20180906,73.1,73.8,72.5,72.5,6063538,443553487,2466,-1.30,52.539357662830206
20180907,72.5,72.9,71.7,71.7,6380842,460417941,3516,-0.80,51.959613026550706
20180910,71.5,71.6,69.0,69.6,6840584,479795180,3773,-2.10,50.437783356317
20180911,70.5,70.9,69.9,70.9,7486831,526682798,3426,+1.30,51.3798683902712
20180912,70.7,70.8,70.1,70.6,6786148,478426027,3210,-0.30,51.162464151666384
20180913,70.5,71.5,70.1,71.4,8270605,583914775,3288,+0.80,51.7422087879459
20180914,71.8,73.0,71.6,72.7,6708288,486200348,3703,+1.30,52.6842938219001
20180917,72.9,73.0,72.3,72.5,4332720,315207588,2544,-0.20,52.539357662830206
20180918,71.9,72.6,71.5,72.0,4253899,306917028,1947,-0.50,52.17701726515553
20180919,72.5,73.0,71.8,73.0,6603124,479132486,3171,+1.00,52.901698060504906
20180920,73.4,73.4,72.1,72.7,4873964,354746217,1774,-0.30,52.6842938219001
20180921,73.4,74.1,72.5,73.5,8932619,655380650,3513,+0.80,53.2640384581796
20180925,73.6,75.3,72.7,74.3,6864162,510999588,3123,+0.80,53.84378309445909
20180926,74.0,74.6,74.0,74.1,2427302,180110995,1186,-0.20,53.698846935389234
20180927,74.1,74.8,73.4,74.1,5869387,434161445,2883, 0.00,53.698846935389234
20180928,75.2,75.8,74.1,74.5,10890071,816274161,4047,+0.40,53.98871925352897
20181001,75.6,76.6,74.9,74.9,8092747,612153411,4587,+0.40,54.27859157166874
20181002,75.3,75.6,73.8,74.9,6999654,521275775,3910, 0.00,54.27859157166874
20181003,75.4,75.8,75.0,75.4,6479769,489377083,3648,+0.50,54.640931969343434
20181004,75.1,75.2,73.0,73.1,9288355,683008773,5570,-2.30,52.97416614003984
20181005,72.7,72.7,70.2,70.7,8040054,573828426,4375,-2.40,51.234932231201334
20181008,70.4,71.2,69.6,69.7,8206460,574701000,4714,-1.00,50.510251435851956
20181009,69.9,70.0,68.6,68.6,9104937,629195320,4923,-1.10,49.71310256096762
20181011,63.6,64.8,61.8,61.8,29295979,1833858472,10143,-6.80,44.78527315259183
20181012,62.4,63.8,61.3,63.7,10045414,629753596,5208,+1.90,46.162166663755656
20181015,63.3,64.2,62.7,63.3,8575902,544867816,3838,-0.40,45.8722943456159
20181016,64.4,64.8,62.8,64.0,6751872,430454657,3693,+0.70,46.37957090236047
20181017,65.0,65.1,64.1,65.0,4365338,282577296,2934,+1.00,47.10425169770985
20181018,64.8,64.8,63.1,63.2,5223490,332377501,2869,-1.80,45.79982626608097
20181019,61.9,62.4,60.9,62.4,13749320,849177885,5928,-0.80,45.220081629801456
20181022,61.3,63.4,61.2,62.2,5883143,366142233,2965,-0.20,45.075145470731584
20181023,61.7,62.4,61.3,61.9,5553424,342991020,2918,-0.30,44.857741232126756
20181024,61.5,62.8,60.8,62.2,8275015,512165874,4422,+0.30,45.075145470731584
20181025,60.4,61.5,60.1,60.6,7681320,467114167,4336,-1.60,43.91565619817256
20181026,60.9,62.0,60.7,61.7,7678627,471166161,4038,+1.10,44.712805073056884
20181029,62.3,62.5,61.1,61.2,6919061,427627313,3002,-0.50,44.350464675382206
20181030,60.9,61.9,60.8,61.3,6214437,380503570,2528,+0.10,44.422932754917134
20181031,61.1,62.4,60.6,62.4,10887503,668665816,4800,+1.10,45.220081629801456
20181101,61.6,62.9,61.5,62.6,5847744,364069252,3589,+0.20,45.365017788871334
20181102,63.4,63.6,62.1,62.6,5103098,320988333,2630, 0.00,45.365017788871334
20181105,61.6,62.4,61.3,62.4,66170047,4126588218,2161,-0.20,45.220081629801456
20181106,62.3,62.4,61.0,61.6,4176216,256802813,2377,-0.80,44.64033699352195
20181107,61.6,61.7,60.9,61.2,6536002,399819703,3373,-0.40,44.350464675382206
20181108,61.9,62.0,61.6,61.8,5328453,329512876,2596,+0.60,44.78527315259183
20181109,61.6,61.6,60.5,60.6,4155793,252690801,2259,-1.20,43.91565619817256
20181112,60.8,62.0,60.7,61.0,5880199,360406901,3173,+0.40,44.20552851631232
20181113,59.4,60.0,59.3,59.5,8481603,505668800,4341,-1.50,43.11850732328825
20181114,59.7,59.9,59.2,59.5,5498162,327051046,2644, 0.00,43.11850732328825
20181115,59.9,59.9,59.2,59.5,5711222,339791268,2429, 0.00,43.11850732328825
20181116,60.5,60.5,59.8,60.3,5448745,327852928,2349,+0.80,43.698251959567756
20181119,60.0,60.3,59.3,59.7,5158365,308381600,2735,-0.60,43.26344348235812
20181120,58.8,59.2,57.6,57.6,10999139,640606462,4951,-2.10,41.74161381212443
20181121,57.0,57.1,56.2,56.6,15076140,852712342,4765,-1.00,41.01693301677504
20181122,56.5,56.9,56.3,56.5,6291193,355915722,2961,-0.10,40.944464937240106
20181123,56.6,56.8,56.1,56.4,4530641,255902859,2471,-0.10,40.87199685770516
20181126,56.6,58.4,56.6,57.4,6970761,400704349,3010,+1.00,41.59667765305455
20181127,57.4,58.7,56.8,58.0,7224399,418642409,3321,+0.60,42.03148613026418
20181128,58.9,63.3,58.5,62.5,18444288,1122930774,8449,+4.50,45.2925497093364
20181129,63.2,63.8,62.0,62.0,14760938,933029326,7497,-0.50,44.930209311661706
20181130,62.2,62.4,61.4,62.4,16410287,1020170793,3744,+0.40,45.220081629801456
20181203,63.2,65.2,62.8,64.5,14514866,932959541,5352,+2.10,46.74191130003516
20181204,64.6,65.0,64.0,64.6,8139156,525479734,3819,+0.10,46.81437937957009
20181205,62.5,63.3,62.4,62.8,8422097,529712376,3087,-1.80,45.5099539479412
20181206,61.5,61.6,59.5,59.7,17538564,1062158057,6740,-3.10,43.26344348235812
20181207,60.2,60.5,59.8,60.2,4921657,295698331,2598,+0.50,43.62578388003282
20181210,58.8,60.1,58.8,59.4,5403400,322591627,2842,-0.80,43.04603924375331
20181211,59.5,59.9,58.8,58.8,3673480,217539656,2129,-0.60,42.61123076654368
20181212,59.2,60.7,58.6,60.0,7693141,460992417,3364,+1.20,43.48084772096294
20181213,60.3,60.8,60.1,60.5,4042349,244634002,2007,+0.50,43.84318811863763
20181214,60.0,60.8,59.6,60.3,5564091,335044775,3005,-0.20,43.698251959567756
20181217,61.1,61.1,60.3,60.3,2991149,181352771,1552, 0.00,43.698251959567756
20181218,60.0,60.4,59.7,59.8,5506239,330059377,2058,-0.50,43.335911561893056
20181219,60.2,60.8,59.8,60.3,3550997,214000102,1708,+0.50,43.698251959567756
20181220,60.0,60.3,59.6,59.8,4998686,299464192,1764,-0.50,43.335911561893056
20181221,59.6,59.6,58.3,58.7,10395566,611276466,2884,-1.10,42.53876268700874
20181222,58.5,58.6,58.1,58.2,750076,43728918,568,-0.50,42.17642228933406
20181224,58.8,59.3,58.1,58.1,6312355,369524144,2478,-0.10,42.10395420979911
20181225,56.9,58.1,56.8,57.3,5147365,295899576,1773,-0.80,41.524209573519606
20181226,57.6,58.1,57.0,57.0,2644937,151926584,1469,-0.30,41.30680533491479
20181227,58.0,58.6,57.6,57.9,5468309,317763863,2965,+0.90,41.95901805072923
20181228,57.8,58.4,57.6,58.3,4117797,239374297,1631,+0.40,42.24889036886899
20190102,57.7,57.7,56.5,56.5,11621170,660446839,4994,-1.80,40.944464937240106
20190103,54.8,56.6,54.0,56.0,14270437,790941595,5171,-0.50,40.582124539565406
20190104,55.0,55.5,54.6,55.2,6542754,360335804,3015,-0.80,40.002379903285906
20190107,55.7,55.7,55.0,55.0,8979815,496166346,4332,-0.20,39.85744374421603
20190108,55.4,55.5,55.1,55.2,3775871,208624061,2314,+0.20,40.002379903285906
20190109,55.5,56.6,55.3,56.3,8833251,496045514,4253,+1.10,40.79952877817022
20190110,56.5,57.0,56.3,57.0,3647816,207147312,1886,+0.70,41.30680533491479
20190111,57.2,57.7,56.8,57.6,5031521,288697448,2455,+0.60,41.74161381212443
20190114,57.8,58.2,57.0,57.3,3483333,200018733,1690,-0.30,41.524209573519606
20190115,57.4,58.6,57.3,58.6,7951325,463008261,3661,+1.30,42.466294607473806
20190116,58.6,59.0,58.1,58.6,5289744,309957631,2904, 0.00,42.466294607473806
20190117,58.7,59.1,57.6,58.1,4185744,243918552,2227,-0.50,42.10395420979911
20190118,58.8,59.0,58.4,58.8,4046007,237569398,2009,+0.70,42.61123076654368
20190121,59.3,60.0,58.8,58.8,4121143,244482579,2152, 0.00,42.61123076654368
20190122,58.5,59.0,58.2,58.5,4758407,279161525,1408,-0.30,42.39382652793886
20190123,58.4,58.9,58.0,58.3,2861067,167092841,1585,-0.20,42.24889036886899
20190124,58.6,58.8,58.3,58.7,2080699,121891778,1272,+0.40,42.53876268700874
20190125,59.8,60.6,59.4,60.5,9302191,560494976,4265,+1.80,43.84318811863763
20190128,60.5,60.8,60.1,60.5,2286889,138102204,1349, 0.00,43.84318811863763
20190129,60.2,60.2,59.0,59.9,4743095,282571771,2362,-0.60,43.408379641428
20190130,60.1,60.4,59.2,60.0,6035231,361484954,2339,+0.10,43.48084772096294
20190211,60.1,60.3,58.5,58.8,7591657,449406765,4280,-1.20,42.61123076654368
20190212,58.5,60.5,58.4,60.3,4034739,240537640,2635,+1.50,43.698251959567756
20190213,60.2,60.4,59.0,59.6,4747235,283163266,3067,-0.70,43.19097540282319
20190214,58.6,59.3,58.6,58.8,4753969,280191535,2686,-0.80,42.61123076654368
20190215,58.5,59.5,58.5,58.9,2785198,164116019,1728,+0.10,42.683698846078606
20190218,59.4,59.7,58.6,58.6,3706944,218831483,2419,-0.30,42.466294607473806
20190219,58.7,59.1,58.6,58.6,2062938,121165837,1211, 0.00,42.466294607473806
20190220,59.1,60.5,59.0,60.4,6873623,411531633,3868,+1.80,43.7707200391027
20190221,60.4,60.4,59.4,59.9,4264777,254703536,2145,-0.50,43.408379641428
20190222,59.7,60.1,59.5,59.8,3849000,230345179,1993,-0.10,43.335911561893056
20190225,60.1,62.3,60.0,62.0,7047763,432809124,3572,+2.20,44.930209311661706
20190226,62.0,65.3,61.9,64.5,17048933,1099858259,7718,+2.50,46.74191130003516
20190227,65.0,65.1,62.5,62.9,16706676,1056453671,6717,-1.60,45.58242202747614
20190304,62.1,64.5,61.8,63.8,12309135,774697976,5060,+0.90,46.234634743290584
20190305,63.0,63.8,62.8,63.5,8251344,523301274,3537,-0.30,46.01723050468578
20190306,64.5,65.4,63.4,64.0,8562383,550347414,3896,+0.50,46.37957090236047
20190307,64.4,64.7,63.0,63.1,6097643,388805609,3467,-0.90,45.72735818654603
20190308,63.3,64.4,62.3,63.5,8877195,563372808,4418,+0.40,46.01723050468578
20190311,63.0,63.2,62.2,62.2,8768609,549011566,3466,-1.30,45.075145470731584
20190312,62.9,63.4,62.6,62.9,7275256,458163494,2130,+0.70,45.58242202747614
20190313,62.5,63.2,62.3,63.0,5744379,360312030,2634,+0.10,45.65489010701109
20190314,62.7,63.2,62.6,63.0,6690545,420474453,1745, 0.00,45.65489010701109
20190315,63.0,63.3,62.1,62.1,13498557,841721414,2525,-0.90,45.00267739119664
20190318,62.3,62.9,61.8,62.7,9182262,573998947,3033,+0.60,45.43748586840626
20190319,62.8,63.1,62.2,62.6,9656984,605139976,2883,-0.10,45.365017788871334
20190320,62.9,63.8,62.6,63.0,12968052,818968476,5262,+0.40,45.65489010701109
20190321,63.5,63.9,62.9,63.7,7464672,473048457,3420,+0.70,46.162166663755656
20190322,64.4,66.3,64.0,65.9,19681862,1290784983,8450,+2.20,47.756464413524306
20190325,64.8,65.2,64.2,65.0,6117577,396504505,2961,-0.90,47.10425169770985
20190326,65.5,68.2,65.2,67.5,15544023,1040659716,7254,+2.50,48.9159536860833
20190327,68.0,69.7,67.8,68.4,20554759,1417555534,10190,+0.90,49.56816640189775
20190328,68.2,68.5,67.3,67.7,6248973,424035853,2921,-0.70,49.06088984515318
20190329,68.2,68.2,66.6,67.5,10339498,695868142,4086,-0.20,48.9159536860833
20190401,68.0,69.5,67.6,68.7,15028710,1032408643,6583,+1.20,49.78557064050256
20190402,71.0,71.9,69.2,70.6,27083245,1908578028,11467,+1.90,51.162464151666384
20190403,71.2,71.5,70.2,70.8,12154708,860992609,5822,+0.20,51.30740031073628
20190408,71.6,71.6,70.2,70.6,8944204,634466459,5147,-0.20,51.162464151666384
20190409,70.7,71.3,70.2,70.8,6490110,459172846,3619,+0.20,51.30740031073628
20190410,70.9,71.8,70.6,71.8,7086961,505743355,3728,+1.00,52.03208110608565
20190411,71.6,71.8,70.7,71.4,5081437,362899807,2794,-0.40,51.7422087879459
20190412,70.6,70.9,69.7,69.7,8746770,614045391,4675,-1.70,50.510251435851956
20190415,70.3,71.0,69.8,71.0,5008835,353984436,2730,+1.30,51.452336469806156
20190416,70.3,71.3,70.0,71.0,4689182,331549997,2773, 0.00,51.452336469806156
20190417,71.6,77.2,71.6,75.2,29499991,2214448533,12955,+4.20,54.49599581027356
20190418,75.0,76.4,73.4,74.1,21088288,1584553589,7563,-1.10,53.698846935389234
20190419,73.8,75.5,73.2,75.5,12760268,950425500,5155,+1.40,54.713400048878356
20190422,75.5,75.7,74.6,75.0,7749558,583945846,4491,-0.50,54.35105965120367
20190423,74.8,75.0,73.6,74.3,7121812,530323288,3475,-0.70,53.84378309445909
20190424,74.3,74.4,72.6,73.1,20188469,1476227397,6844,-1.20,52.97416614003984
20190425,71.7,74.7,71.7,73.6,10671571,788843062,5579,+0.50,53.33650653771454
20190426,73.0,74.0,72.5,73.1,7675232,562317943,4041,-0.50,52.97416614003984
20190429,72.5,73.0,71.2,71.6,13315307,956880333,5469,-1.50,51.88714494701577
20190430,71.6,72.3,71.2,71.7,9621768,691702391,4224,+0.10,51.959613026550706
20190502,70.7,72.5,70.7,70.7,11465827,817846218,4570,-1.00,51.234932231201334
20190503,70.5,72.3,70.2,72.0,10893860,782987020,4303,+1.30,52.17701726515553
20190506,70.7,71.7,69.5,71.4,8169734,576090442,4128,-0.60,51.7422087879459
20190507,71.0,71.6,70.7,71.0,5640001,401382647,2767,-0.40,51.452336469806156
20190508,69.5,70.6,69.2,70.0,8485344,594948480,4440,-1.00,50.72765567445676
20190509,69.2,70.1,68.8,69.4,9310091,646117697,4026,-0.60,50.292847197247134
20190510,69.5,70.3,68.8,68.8,5809758,404201016,3092,-0.60,49.8580387200375
20190513,68.6,69.4,67.9,68.0,3515063,240330384,1715,-0.80,49.27829408375799
20190514,66.8,67.7,66.0,66.8,9534115,638039303,4083,-1.20,48.408677129338734
20190515,66.5,68.6,66.5,68.0,6389866,434488288,3673,+1.20,49.27829408375799
20190516,67.5,69.6,67.0,68.5,8258516,567419480,4179,+0.50,49.640634481432684
20190517,68.4,68.8,65.6,65.6,9806836,653520776,4806,-2.90,47.53906017491947
20190520,65.6,65.6,64.4,64.5,8651497,561359846,4444,-1.10,46.74191130003516
20190521,64.5,64.5,61.5,62.6,16820130,1048815090,8732,-1.90,45.365017788871334
20190522,62.7,63.7,62.5,62.9,7366802,465634626,3294,+0.30,45.58242202747614
20190523,61.8,61.9,58.3,58.3,20120431,1190891040,8969,-4.60,42.24889036886899
20190524,58.3,59.1,58.3,58.6,10160249,596756841,3969,+0.30,42.466294607473806
20190527,58.6,58.7,58.2,58.7,6440757,376962763,2630,+0.10,42.53876268700874
20190528,58.8,59.2,58.4,58.4,21892271,1281607134,3775,-0.30,42.32135844840393
20190529,58.0,58.6,57.6,58.4,7888895,459140913,3434, 0.00,42.32135844840393
20190530,58.4,59.2,58.4,58.6,7754963,456324117,3765,+0.20,42.466294607473806
20190531,58.4,60.5,58.4,59.8,17213061,1030237260,5935,+1.20,43.335911561893056
20190603,59.1,60.5,58.6,60.0,10809985,646320900,4368,+0.20,43.48084772096294
20190604,59.8,60.0,58.8,59.0,8730653,517920473,3833,-1.00,42.756166925613556
20190605,59.7,60.2,59.5,60.0,6478019,388113140,2835,+1.00,43.48084772096294
20190606,59.7,59.7,58.6,58.7,5427682,320478691,2715,-1.30,42.53876268700874
20190610,59.5,60.1,59.1,59.9,5270282,315192957,2346,+1.20,43.408379641428
20190611,60.0,60.8,59.5,60.5,6988026,421290054,3634,+0.60,43.84318811863763
20190612,60.3,60.8,59.6,60.5,5392824,325824839,2947, 0.00,43.84318811863763
20190613,60.0,60.8,60.0,60.6,5189461,313417918,2080,+0.10,43.91565619817256
20190614,60.1,60.3,59.9,60.0,8877250,533126552,3729,-0.60,43.48084772096294
20190617,59.2,59.9,58.4,58.4,7275826,429244925,3805,-1.60,42.32135844840393
20190618,58.4,58.9,58.4,58.4,6920406,405900610,3040, 0.00,42.32135844840393
20190619,59.4,62.5,59.1,62.3,18824990,1153722740,8722,+3.90,45.14761355026651
20190620,62.0,63.3,61.6,62.5,9200784,576084705,5513,+0.20,45.2925497093364
20190621,62.8,63.7,62.7,63.2,8702845,550300635,3552,+0.70,45.79982626608097
20190624,62.5,63.3,61.7,63.0,8340391,523900133,3978,-0.20,45.65489010701109
20190625,62.0,62.5,61.0,61.3,9411373,580643137,4036,-1.70,44.422932754917134
20190626,60.6,61.8,60.3,60.5,6452955,392711348,2914,-0.80,43.84318811863763
20190627,61.2,63.3,61.1,62.8,9713161,609457375,4281,+2.30,45.5099539479412
20190628,62.5,62.7,61.5,61.5,6076704,377280725,2660,-1.30,44.567868913987006
20190701,64.0,67.5,64.0,66.1,15340017,1015475091,7389,+4.60,47.90140057259416
20190702,66.0,66.5,64.6,64.6,11481577,751706852,5068,-1.50,46.81437937957009
20190703,64.4,65.1,63.8,64.4,8922250,572296110,3733,-0.20,46.66944322050023
20190704,65.6,67.6,65.0,65.3,12255329,808182059,5547,+0.90,47.32165593631467
20190705,66.2,67.3,65.3,66.2,9852635,650513319,4920,+0.90,47.973868652129106
20190708,65.3,65.8,64.2,64.5,6956194,450347909,3877,-1.70,46.74191130003516
20190709,65.2,65.3,64.0,64.1,5195076,334796255,2708,-0.40,46.452038981895406
20190710,64.6,66.5,64.4,66.1,9186866,605149551,4824,+2.00,47.90140057259416
20190711,66.6,69.4,66.5,68.4,18592306,1267253611,8249,+2.30,49.56816640189775
20190712,67.6,68.4,67.3,67.5,4519887,306375754,2749,-0.90,48.9159536860833
20190715,68.3,69.4,67.5,69.1,11127694,764925895,5302,+1.60,50.07544295864231
20190716,69.3,70.1,68.7,69.1,10783351,747789428,4249, 0.00,50.07544295864231
20190717,68.2,68.7,67.0,67.5,12019953,813670318,5538,-1.60,48.9159536860833
20190718,67.0,68.2,67.0,67.6,5998252,406139715,3530,+0.10,48.98842176561824
20190719,69.0,70.9,69.0,70.4,16372876,1148935420,7668,+2.80,51.01752799259651
20190722,70.5,70.7,70.0,70.5,7887635,555600216,3422,+0.10,51.089996072131456
20190723,70.6,71.9,70.6,71.0,8011331,570971512,3747,+0.50,51.452336469806156
20190724,71.0,71.5,70.4,70.9,6887637,489539100,3868,-0.10,51.3798683902712
20190725,71.0,71.1,70.0,71.0,4949062,350081060,2714,+0.10,51.452336469806156
20190726,70.2,70.3,69.1,69.6,7340084,510402522,3778,-1.40,50.437783356317
20190729,69.0,70.3,69.0,69.9,5679015,396030129,2640,+0.30,50.65518759492182
20190730,70.0,70.8,69.3,69.7,5541178,387149141,2593,-0.20,50.510251435851956
20190731,69.2,70.6,68.8,69.9,8870311,619739491,3636,+0.20,50.65518759492182
20190801,69.0,70.8,68.9,69.4,9746021,680148336,4790,-0.50,50.292847197247134
20190802,68.9,70.0,67.0,68.8,16208884,1108940903,8165,-0.60,49.8580387200375
20190805,68.0,69.4,68.0,68.8,9768948,672436711,5596, 0.00,49.8580387200375
20190806,67.6,69.0,66.7,68.3,13866285,938850447,7480,-0.50,49.49569832236281
20190807,69.0,69.2,68.6,68.8,9146180,630641550,4353,+0.50,49.8580387200375
20190808,69.4,69.4,68.6,68.9,6297662,434010228,2960,+0.10,49.93050679957244
20190812,68.1,69.4,68.1,68.9,10033392,695141702,4414, 0.00,49.93050679957244
20190813,66.7,67.4,66.4,66.6,10660251,711893401,4830,X0.00,50.07990603247212
20190814,67.1,69.4,67.0,68.3,9873897,675042866,4512,+1.70,51.35822195221991
20190815,67.5,67.6,66.7,67.0,7761913,520115071,3849,-1.30,50.380686248883364
20190816,66.6,67.5,66.4,67.1,5737890,384314930,2991,+0.10,50.45588130298617
20190819,67.5,69.2,67.3,68.7,8344707,572212067,4855,+1.60,51.659002168631154
20190820,68.4,69.7,68.4,69.3,10448323,720483224,5411,+0.60,52.110172493248015
20190821,69.2,70.1,68.9,69.3,5188877,360379675,3053, 0.00,52.110172493248015
20190822,69.8,71.0,69.5,70.7,12060797,849342301,5430,+1.40,53.162903250687386
20190823,71.0,71.2,70.0,70.7,6617521,467900764,3059, 0.00,53.162903250687386
20190826,69.0,69.4,68.1,68.4,5802402,398271972,2772,-2.30,51.43341700632273
20190827,69.1,69.1,68.5,69.0,11028993,759722612,3255,+0.60,51.88458733093958
20190828,69.0,69.4,68.3,69.0,4493006,308584594,1977, 0.00,51.88458733093958
20190829,69.0,69.9,68.4,69.9,3307307,229080991,1995,+0.90,52.5613428178649
20190830,70.0,71.8,70.0,71.4,10074740,716553840,3996,+1.50,53.68926862940706
20190902,71.8,71.8,70.2,71.5,4149088,294172636,2572,+0.10,53.76446368350987
20190903,71.2,71.2,69.3,69.5,6789155,475094952,3041,-2.00,52.260562601453636
20190904,69.5,71.5,69.5,71.3,10091368,713032663,4670,+1.80,53.614073575304246
20190905,72.4,72.4,70.7,72.0,13030424,931931573,5144,+0.70,54.140438954023914
20190906,72.0,72.6,71.8,71.9,7092703,511569313,3347,-0.10,54.065243899921114
20190909,72.4,72.5,71.4,71.6,4228760,304109145,2035,-0.30,53.83965873761267
20190910,72.0,72.0,70.1,70.7,6444395,455364933,2880,-0.90,53.162903250687386
20190911,71.4,71.7,70.3,71.0,6094087,431848424,3586,+0.30,53.388488412995805
20190912,72.1,72.2,71.7,72.0,7420834,534075289,3049,+1.00,54.140438954023914
20190916,72.2,72.5,71.8,72.1,5454681,393229897,2456,+0.10,54.21563400812673
20190917,72.4,73.4,72.0,73.1,8104876,591577649,3692,+1.00,54.967584549154836
20190918,72.7,73.3,72.5,73.0,6166193,450328337,3306,-0.10,54.89238949505202
20190919,73.0,73.3,72.7,73.2,6477092,473500416,2982,+0.20,55.04277960325766
20190920,73.0,73.4,72.2,73.3,10312808,754669979,2110,+0.10,55.117974657360456
20190923,72.9,73.7,72.6,73.1,7786153,569416010,3809,-0.20,54.967584549154836
20190924,73.0,73.7,72.7,73.3,5401547,395612781,2314,+0.20,55.117974657360456
20190925,72.8,72.9,70.3,71.3,11694796,831339431,5217,-2.00,53.614073575304246
20190926,71.4,71.7,70.9,71.4,6610031,470932701,3156,+0.10,53.68926862940706
20190927,71.5,71.7,70.5,70.8,6038347,429444909,2268,-0.60,53.238098304790185
20191001,71.0,73.5,71.0,73.5,16758410,1217515293,7400,+2.70,55.26836476556607
20191002,72.4,73.3,72.4,73.3,6597748,480554808,3902,-0.20,55.117974657360456
20191003,71.6,73.1,71.4,72.3,6377576,461505405,2935,-1.00,54.36602411633234
20191004,72.5,73.4,72.2,72.8,8510353,618693747,3064,+0.50,54.741999386846395
20191007,73.4,73.7,73.0,73.4,4552721,333817733,2258,+0.60,55.193169711463284
20191008,73.0,74.6,73.0,74.0,7882443,583374436,3535,+0.60,55.64434003608014
20191009,73.5,74.0,72.3,72.4,4620807,337240959,2659,-1.60,54.44121917043516
20191014,74.0,77.6,73.7,76.8,20919134,1597420255,9475,+4.40,57.749801550958836
20191015,77.7,78.2,76.3,76.8,10225851,787267578,5854, 0.00,57.749801550958836
20191016,77.5,77.7,76.0,77.0,9117187,700696701,4224,+0.20,57.90019165916446
20191017,77.4,77.4,76.6,77.4,7362877,566965229,3219,+0.40,58.20097187557572
20191018,78.0,78.3,77.2,78.0,10361825,806377367,4491,+0.60,58.65214220019258
20191021,78.0,78.3,77.4,77.7,6402120,497810581,3025,-0.30,58.426557037884145
20191022,78.1,78.4,77.6,78.0,4471032,348530755,2471,+0.30,58.65214220019258
20191023,78.0,79.4,78.0,78.6,8304704,653686352,5081,+0.60,59.10331252480944
20191024,78.7,79.5,78.6,79.2,6220214,491605053,2908,+0.60,59.554482849426314
20191025,79.6,79.6,79.0,79.4,8414424,667422097,3772,+0.20,59.704872957631935
20191028,79.1,79.4,77.6,78.1,10511500,822502800,4484,-1.30,58.727337254295385
20191029,78.8,78.8,77.9,78.3,5398078,422950560,2394,+0.20,58.87772736250101
20191030,78.3,78.8,77.3,77.6,7138489,555656681,3325,-0.70,58.351361983781345
20191031,79.4,80.7,79.1,79.5,28500814,2277610332,10869,+1.90,59.78006801173475
20191101,79.8,80.3,79.4,80.0,9045814,722655927,3945,+0.50,60.15604328224879
20191104,80.1,81.4,79.7,80.5,10925606,877543680,5362,+0.50,60.53201855276284
20191105,80.7,80.8,79.6,80.0,7041264,563096087,3742,-0.50,60.15604328224879
20191106,80.2,80.3,79.3,79.6,7831484,623152503,3038,-0.40,59.855263065837555
20191107,79.9,80.2,79.4,79.7,6655445,531633350,3316,+0.10,59.93045811994036
20191108,80.0,80.1,78.2,78.3,8847364,696375740,4016,-1.40,58.87772736250101
20191111,77.7,78.9,77.5,78.0,6149722,479478243,2858,-0.30,58.65214220019258
20191112,78.5,78.5,78.0,78.3,3308849,258918265,1943,+0.30,58.87772736250101
20191113,77.8,78.7,77.7,78.0,3439905,268954476,1763,-0.30,58.65214220019258
20191114,77.7,78.1,77.2,78.0,4387766,340828595,2173, 0.00,58.65214220019258
20191115,78.8,79.3,78.2,78.2,4644236,365050308,2204,+0.20,58.8025323083982
20191118,78.2,79.7,78.2,79.7,6123418,485794817,3175,+1.50,59.93045811994036
20191119,78.6,79.5,78.6,79.0,4518912,356714347,2554,-0.70,59.40409274122069
20191120,79.5,80.5,78.8,79.7,9137589,728460278,4012,+0.70,59.93045811994036
20191121,78.3,78.6,76.8,77.6,8391849,650199156,4641,-2.10,58.351361983781345
20191122,77.8,78.5,77.3,77.8,6063148,472119677,2692,+0.20,58.50175209198695
20191125,77.8,77.9,77.0,77.0,5150471,398693867,2732,-0.80,57.90019165916446
20191126,77.4,78.0,76.9,77.3,15382455,1190385346,4047,+0.30,58.125776821472904
20191127,77.8,78.3,77.1,77.1,5459080,423091436,2448,-0.20,57.97538671326728
20191128,77.3,77.7,77.0,77.0,3291731,254005187,1933,-0.10,57.90019165916446
20191129,77.0,77.2,75.0,75.6,8882618,672010994,3670,-1.40,56.847460901725114
20191202,75.2,76.0,75.2,75.8,3769959,285318097,2040,+0.20,56.997851009930734
20191203,75.2,75.7,75.0,75.5,8001692,603367505,2165,-0.30,56.77226584762229
20191204,75.7,76.2,74.5,75.0,8241052,617530534,3153,-0.50,56.396290577108246
20191205,75.7,76.8,75.4,76.8,8450011,646097058,2878,+1.80,57.749801550958836
20191206,80.1,82.5,79.1,79.7,33983265,2754392162,13990,+2.90,59.93045811994036
20191209,80.5,80.7,79.2,80.0,11214481,897425900,3777,+0.30,60.15604328224879
20191210,80.0,80.4,79.8,80.1,7344075,587770904,2717,+0.10,60.231238336351595
20191211,80.1,80.4,79.9,80.4,8024490,643069070,2994,+0.30,60.45682349866005
20191212,81.3,84.6,81.2,84.6,29176838,2431144938,12595,+4.20,63.6150157709781
20191213,87.0,87.6,84.2,85.2,28552490,2444116636,13616,+0.60,64.06618609559499
20191216,85.0,86.0,84.1,84.1,8159149,692576939,4580,-1.10,63.23904050046404
20191217,84.4,85.3,84.1,85.0,9093605,769424037,5211,+0.90,63.915795987389345
20191218,84.9,85.7,84.5,85.4,8582853,730302055,3354,+0.40,64.2165762038006
20191219,85.5,85.5,83.8,84.3,9086227,767613168,3758,-1.10,63.38943060866968
20191220,85.0,85.0,83.8,84.6,10959585,925425810,3651,+0.30,63.6150157709781
20191223,84.7,85.4,84.7,85.4,6321418,538098630,2964,+0.80,64.2165762038006
20191224,85.4,85.5,84.5,84.8,3630772,308827530,1898,-0.60,63.76540587918373
20191225,84.6,84.8,83.8,83.9,2748064,231078132,1436,-0.90,63.08865039225844
20191226,84.0,84.7,83.0,83.5,4269419,356148694,2161,-0.40,62.787870175847175
20191227,84.5,85.3,84.1,85.2,7806037,662820491,3528,+1.70,64.06618609559499
20191230,84.9,84.9,84.2,84.4,3678409,310921556,1483,-0.80,63.46462566277249
20191231,84.0,84.3,83.2,83.2,4653610,388625321,2664,-1.20,62.56228501353877
20200102,83.8,83.8,82.5,82.8,7381334,611742781,4304,-0.40,62.2615047971275
20200103,83.8,83.8,80.8,81.8,11206834,917638679,5403,-1.00,61.50955425609939
20200106,80.8,80.8,78.2,78.7,15008274,1184292769,7060,-3.10,59.178507578912246
20200107,79.0,79.4,78.0,78.7,8119366,637414380,3636, 0.00,59.178507578912246
20200108,78.0,78.6,77.4,77.4,8384294,652886493,4337,-1.30,58.20097187557572
20200109,78.8,80.3,78.3,79.8,9771414,778269259,4673,+2.40,60.00565317404318
20200110,80.0,80.3,78.7,79.6,5780955,458116302,3319,-0.20,59.855263065837555
20200113,79.9,80.7,79.3,80.7,7143559,571017086,3159,+1.10,60.68240866096846
20200114,81.0,81.4,80.7,81.2,7691161,623212589,3875,+0.50,61.05838393148253
20200115,81.5,82.2,80.9,81.1,8096612,658259732,3713,-0.10,60.98318887737972
20200116,80.0,80.0,78.7,79.3,10366247,821612815,5431,-1.80,59.62967790352913
20200117,79.4,79.7,78.6,79.3,8246547,652202105,3404, 0.00,59.62967790352913
20200120,79.7,79.7,78.9,79.0,5678179,449028041,2635,-0.30,59.40409274122069
20200130,77.0,77.1,73.6,74.1,17419693,1303661864,7520,-4.90,55.71953509018293
20200131,73.7,75.0,73.6,74.6,11150348,828531737,5365,+0.50,56.09551036069701
20200203,72.8,73.0,70.9,72.8,25164563,1817741453,8579,-1.80,54.741999386846395
20200204,72.0,74.5,72.0,73.7,11487904,842933004,4190,+0.90,55.418754873771704
20200205,74.1,75.7,73.7,74.8,10396521,778573375,5423,+1.10,56.24590046890262
20200206,75.5,78.1,75.5,77.9,10110570,780811362,4565,+3.10,58.57694714608977
20200207,75.3,75.9,74.6,74.8,10288433,773416203,4887,-3.10,56.24590046890262
20200210,73.3,75.2,73.1,74.9,10454750,778285036,4538,+0.10,56.32109552300543
20200211,75.2,76.6,75.2,76.2,7238632,551187033,3466,+1.30,57.29863122634197
20200212,76.5,78.5,76.5,77.5,11489747,893418717,5623,+1.30,58.27616692967852
20200213,77.6,78.4,77.4,77.5,5902461,458461310,2988, 0.00,58.27616692967852
20200214,77.2,77.9,77.0,77.4,5193063,401717747,2268,-0.10,58.20097187557572
20200217,76.4,77.0,76.2,76.7,3146653,241138861,1855,-0.70,57.674606496856036
20200218,76.0,76.3,74.9,75.6,13861219,1045498422,4904,-1.10,56.847460901725114
20200219,74.7,77.9,74.7,76.4,8606956,658992530,3905,+0.80,57.44902133454761
20200220,77.4,77.4,75.3,75.6,4447323,337996101,2367,-0.80,56.847460901725114
20200221,75.2,76.1,75.1,75.2,3462318,261397592,1967,-0.40,56.546680685313866
20200224,74.0,75.0,73.6,73.9,8906650,660388217,4086,-1.30,55.56914498197734
20200225,73.1,74.5,72.9,73.5,8066451,595475965,4224,-0.40,55.26836476556607
20200226,72.3,73.5,72.3,72.8,10070670,733646624,4987,-0.70,54.741999386846395
20200227,72.4,72.7,71.3,71.3,15272886,1096641732,4406,-1.50,53.614073575304246
20200302,69.0,71.2,69.0,70.1,11854795,831868179,5287,-1.20,52.7117329260705
20200303,71.0,72.9,71.0,72.5,12997366,938739134,5300,+2.40,54.516414224537975
20200304,71.9,72.7,71.8,72.5,5401197,390499342,2561, 0.00,54.516414224537975
20200305,73.0,73.9,72.2,73.6,8593073,630003448,4016,+1.10,55.3435598196689
20200306,72.6,72.7,71.1,71.5,8366556,598314057,4096,-2.10,53.76446368350987
20200309,69.1,69.8,68.3,68.9,14316092,990338527,5871,-2.60,51.80939227683678
20200310,67.4,68.8,66.6,68.0,10227702,693521067,4762,-0.90,51.13263678991147
20200311,68.2,69.3,67.3,67.3,10755001,735752647,4969,-0.70,50.6062714111918
20200312,66.7,66.7,61.9,62.7,20674114,1315205782,9022,-4.60,47.1472989224625
20200313,61.6,61.6,57.4,61.0,25759738,1526693676,9644,-1.70,45.86898300271471
20200316,60.5,61.0,59.3,59.3,18705449,1122436610,7183,-1.70,44.59066708296692
20200317,56.4,59.3,56.1,57.7,18659225,1079958450,6703,-1.60,43.38754621732195
20200318,57.4,57.6,55.5,55.5,16818524,952401002,6482,-2.20,41.7332550270601
20200319,53.0,53.3,49.95,50.2,26286247,1331509146,10280,-5.30,37.74791715961111
20200320,51.0,54.5,51.0,54.2,29118488,1548968108,11964,+4.00,40.755719323723554
20200323,50.8,52.0,50.5,51.0,13606722,696843120,7232,-3.20,38.34947759243361
20200324,52.1,55.1,52.1,54.3,12069975,654750021,5616,+3.30,40.830914377826375
20200325,56.9,59.7,56.5,58.9,16201712,954074275,8192,+4.60,44.289886866555676
20200326,61.0,61.0,58.1,59.8,14965462,892612795,5619,+0.90,44.96664235348097
20200327,61.1,61.9,59.2,59.8,12558792,757031105,5682, 0.00,44.96664235348097
20200330,57.5,60.3,57.0,59.2,11957676,705993808,4945,-0.60,44.51547202886411
20200331,60.2,60.8,58.0,58.6,12423676,732119110,5140,-0.60,44.06430170424725
20200401,58.1,58.3,57.0,57.2,7873333,452858310,3716,-1.40,43.01157094680789
20200406,58.8,58.9,56.9,58.8,10854175,629785608,5778,+1.60,44.21469181245286
20200407,59.8,61.7,59.6,61.7,12625275,768850073,6204,+2.90,46.395348381434395
20200408,61.8,62.7,61.3,62.0,9766755,606638862,5339,+0.30,46.62093354374282
20200409,62.1,63.3,62.0,62.2,8241205,516889791,4128,+0.20,46.77132365194844
20200410,62.2,62.6,61.0,61.5,10010313,616543106,4310,-0.70,46.24495827322876
20200413,61.0,62.4,61.0,62.0,4241615,263009942,2488,+0.50,46.62093354374282
20200414,62.7,66.4,62.3,65.0,12603316,817917840,6006,+3.00,48.876785166827155
20200415,66.0,66.3,65.0,65.5,11597097,762534409,5539,+0.50,49.2527604373412
20200416,65.3,65.9,64.6,64.7,7627650,496494795,3380,-0.80,48.65120000451872
20200417,66.0,67.6,65.6,66.8,16882757,1119975203,6838,+2.10,50.230296140677744
20200420,66.2,66.3,64.7,65.5,10488858,686814308,4752,-1.30,49.2527604373412
20200421,64.7,65.1,63.1,63.1,9641505,615582921,4858,-2.40,47.44807913887374
20200422,62.2,63.4,61.2,62.6,10070177,626996556,4827,-0.50,47.07210386835968
20200423,62.8,63.9,62.3,63.3,8164287,515129642,4100,+0.70,47.598469247079365
20200424,62.7,63.7,62.5,63.1,3456917,218524841,1358,-0.20,47.44807913887374
20200427,64.0,65.7,63.8,65.3,8751829,569991431,3894,+2.20,49.10237032913558
20200428,65.3,65.5,64.2,64.8,5950472,385193158,2573,-0.50,48.72639505862152
20200429,65.0,66.0,64.8,65.3,4864725,318554823,2396,+0.50,49.10237032913558
20200430,65.9,67.5,65.7,67.1,11778763,785136613,5296,+1.80,50.45588130298617
20200504,63.1,65.0,63.1,64.4,14482850,927124514,6384,-2.70,48.42561484221029
20200505,64.6,65.7,64.6,65.0,8474433,552420545,4679,+0.60,48.876785166827155
20200506,64.6,65.4,64.0,64.4,13182731,853544181,5834,-0.60,48.42561484221029
20200507,65.0,66.8,64.6,66.2,8343473,552163295,4639,+1.80,49.77912581606088
20200508,67.0,68.4,67.0,67.6,6710812,454203564,3367,+1.40,50.831856573500225
20200511,69.0,69.3,68.4,68.9,6928000,476977473,3594,+1.30,51.80939227683678
20200512,67.8,68.8,67.5,68.1,7010713,477053333,3476,-0.80,51.20783184401429
20200513,66.6,68.3,66.6,68.0,6986851,471597468,3397,-0.10,51.13263678991147
20200514,67.1,68.0,66.5,66.5,8139890,544629144,3794,-1.50,50.00471097836932
20200515,67.6,67.6,65.3,66.4,4163160,276099613,2310,-0.10,49.92951592426651
20200518,65.2,65.3,62.5,62.6,15781774,1001398462,10011,-3.80,47.07210386835968
20200519,64.2,64.3,61.5,62.2,11905690,743258839,6866,-0.40,46.77132365194844
20200520,61.8,62.7,61.0,61.7,11055536,680474532,5646,-0.50,46.395348381434395
20200521,62.4,63.3,61.7,63.0,19529996,1218132948,6986,+1.30,47.37288408477093
20200522,62.4,62.4,61.2,61.3,10516294,649003703,4762,-1.70,46.09456816502314
20200525,61.3,61.8,60.1,61.1,9468227,577006450,3846,-0.20,45.94417805681751
20200526,61.3,62.3,60.8,61.4,9475074,582762532,4295,+0.30,46.169763219125954
20200527,61.6,61.9,60.9,61.0,11281945,691113204,4425,-0.40,45.86898300271471
20200528,61.6,61.9,60.9,61.3,7231552,444086476,3209,+0.30,46.09456816502314
20200529,60.5,62.5,60.5,61.8,27554174,1701721688,3536,+0.50,46.470543435537195
20200601,62.6,63.0,62.4,62.8,7814028,489983626,3894,+1.00,47.2224939765653
20200602,63.0,63.6,62.8,63.5,7591468,479890994,4169,+0.70,47.74885935528498
20200603,64.9,67.1,64.7,66.5,19835616,1309787404,9792,+3.00,50.00471097836932
20200604,67.3,67.5,66.0,66.8,7425114,495603864,3619,+0.30,50.230296140677744
20200605,66.7,68.4,66.2,68.2,13734861,933889500,5533,+1.40,51.2830268981171
20200608,68.5,68.9,67.2,68.0,13370237,909385816,5497,-0.20,51.13263678991147
20200609,67.9,67.9,66.2,66.2,12240469,816840425,4841,-1.80,49.77912581606088
20200610,66.3,68.0,66.3,68.0,13284820,899033847,5373,+1.80,51.13263678991147
20200611,67.3,67.9,65.8,66.5,12374357,825824356,5015,-1.50,50.00471097836932
20200612,64.6,66.7,64.4,66.3,8496420,559077930,3590,-0.20,49.85432087016368
20200615,66.1,66.7,65.4,65.6,6742574,446607239,2487,-0.70,49.327955491444
20200616,66.8,68.4,66.7,67.3,8762236,592203012,3953,+1.70,50.6062714111918
20200617,67.5,68.0,67.1,68.0,7990720,540201286,3373,+0.70,51.13263678991147
20200618,68.0,68.4,66.5,67.5,5142872,345748147,2097,-0.50,50.756661519397426
20200619,67.3,68.5,67.1,68.2,13415108,913339781,3801,+0.70,51.2830268981171
20200622,67.7,68.6,67.4,68.2,6003657,409276076,1963, 0.00,51.2830268981171
20200623,68.5,68.8,67.0,67.8,6564051,444844620,2961,-0.40,50.98224668170586
20200624,68.0,68.5,67.4,68.0,6605188,448965583,2745,+0.20,51.13263678991147
20200629,67.2,68.5,66.8,67.3,6206782,419379889,2910,-0.70,50.6062714111918
20200630,67.6,68.0,66.8,67.6,8433207,568284001,2754,+0.30,50.831856573500225
20200701,67.2,68.3,66.8,68.0,6306210,426794175,3519,+0.40,51.13263678991147
20200702,68.3,72.8,68.0,72.7,24142867,1714218222,11163,+4.70,54.6668043327436
20200703,73.7,74.5,71.3,71.9,19272900,1394612947,8773,-0.80,54.065243899921114
20200706,72.0,72.2,71.0,71.6,15261016,1092226299,6640,-0.30,53.83965873761267
20200707,71.6,72.1,70.0,70.5,18798717,1327512646,6573,-1.10,53.01251314248176
20200708,70.1,70.2,68.9,69.5,18966991,1314647456,7383,-1.00,52.260562601453636
20200709,70.1,72.2,70.1,70.4,19088830,1350270021,7006,+0.90,52.93731808837894
20200710,71.1,72.0,70.4,71.6,15252212,1088595265,7045,+1.20,53.83965873761267
20200713,72.3,72.8,71.5,72.4,12159638,875335236,5787,+0.80,54.44121917043516
20200714,72.4,72.9,70.7,70.7,10711555,765185206,4633,-1.70,53.162903250687386
20200715,71.5,71.9,70.7,70.7,6857926,487699472,3349, 0.00,53.162903250687386
20200716,71.2,71.3,69.5,69.7,9255347,648855462,4321,-1.00,52.41095270965926
20200717,70.3,70.4,69.1,69.3,9702906,675395858,4604,-0.40,52.110172493248015
20200720,69.8,70.7,69.3,70.6,7336963,514578776,3505,+1.30,53.08770819658456
20200721,71.0,72.7,71.0,72.0,14091614,1015393753,6215,+1.40,54.140438954023914
20200722,72.2,73.4,71.3,71.8,11100889,800764025,5462,-0.20,53.99004884581829
20200723,71.5,71.8,70.9,71.8,10358538,739325050,4198, 0.00,53.99004884581829
20200724,71.2,72.7,69.5,69.9,16911802,1199507940,7775,-1.90,52.5613428178649
20200727,70.7,76.0,70.7,73.0,38316368,2839857664,18588,+3.10,54.89238949505202
20200728,75.8,77.6,70.5,70.7,49796496,3666657039,24249,-2.30,53.162903250687386
20200729,72.0,73.8,71.5,72.5,21341123,1550064885,10854,+1.80,54.516414224537975
20200730,74.5,76.0,73.5,75.5,26169370,1960248978,13991,+3.00,56.77226584762229
20200731,75.5,76.6,74.2,75.6,21262520,1605149648,10612,+0.10,56.847460901725114
20200803,73.5,74.1,71.4,71.6,48954775,3552438428,25056,-4.00,53.83965873761267
20200804,71.7,72.3,70.5,70.6,33013865,2344956015,17481,-1.00,53.08770819658456
20200805,70.8,71.2,70.2,70.3,22628244,1595816387,12130,-0.30,52.862123034276124
20200806,70.9,71.4,70.3,70.9,16277323,1152663533,8777,+0.60,53.313293358893
20200807,71.5,71.5,70.1,70.3,13740153,971007372,7845,-0.60,52.862123034276124
20200810,70.5,71.2,70.2,70.4,9250676,653848053,4740,+0.10,52.93731808837894
20200811,70.4,71.0,70.4,70.4,10226320,722285036,6040, 0.00,52.93731808837894
20200812,70.3,70.7,69.4,69.9,18989393,1325036510,9425,-0.50,52.5613428178649
20200813,68.4,69.0,67.9,68.0,13642915,930946680,7219,X0.00,52.63722543160547
20200814,67.7,67.8,66.7,66.8,16360373,1096294173,9420,-1.20,51.708333218106546
20200817,67.2,68.4,66.6,68.4,11668310,790976965,5845,+1.60,52.94685616943845
20200818,68.5,68.5,66.8,67.0,19240437,1293442571,9356,-1.40,51.86314858702304
20200819,66.9,67.2,64.7,64.8,26083012,1705121580,14780,-2.20,50.160179528941676
20200820,64.2,64.2,59.5,61.1,33794495,2072422613,19239,-3.70,47.29609520398668
20200821,61.5,62.4,61.0,61.9,14733651,908146098,9069,+0.80,47.915356679652625
20200824,62.0,62.1,61.0,61.3,7737469,474994648,4617,-0.60,47.45091057290316
20200825,61.8,63.0,61.6,62.1,9087461,566130894,4555,+0.80,48.07017204856912
20200826,62.1,62.5,61.6,61.9,7669319,474764375,3842,-0.20,47.915356679652625
20200827,62.3,62.5,61.3,61.6,8078935,499263941,4196,-0.30,47.6831336262779
20200828,61.1,61.5,61.0,61.1,9296237,568365857,4853,-0.50,47.29609520398668
20200831,61.7,62.5,61.0,61.2,14892755,917228212,5975,+0.10,47.373502888444925
20200901,61.0,61.5,60.4,61.3,10921914,667322191,4409,+0.10,47.45091057290316
20200902,61.6,61.7,59.6,60.2,22333216,1348346140,10760,-1.10,46.59942604386249
20200903,60.6,60.8,60.0,60.3,13339890,804971530,7678,+0.10,46.67683372832074
20200904,59.1,59.8,59.0,59.5,15113626,897950753,8275,-0.80,46.05757225265478
20200907,59.6,61.3,59.6,61.0,12077184,733808642,5820,+1.50,47.21868751952844
20200908,61.4,61.8,60.7,61.4,8308283,508896788,4605,+0.40,47.528318257361406
20200909,60.8,62.0,60.5,62.0,7879453,483313445,4264,+0.60,47.99276436411087
20200910,62.4,62.6,61.1,61.2,9704557,598578936,5485,-0.80,47.373502888444925
20200911,61.4,61.7,61.0,61.3,4608942,282601811,2169,+0.10,47.45091057290316
20200914,61.3,62.0,61.3,61.6,6663014,410665936,2788,+0.30,47.6831336262779
20200915,61.8,62.4,61.7,62.0,8085546,501498474,3840,+0.40,47.99276436411087
20200916,62.7,63.0,62.3,62.4,11401535,712906821,5618,+0.40,48.302395101943844
20200917,62.4,62.8,62.1,62.3,5853376,365504785,3138,-0.10,48.2249874174856
20200918,62.4,62.8,62.0,62.4,9205981,574924396,3269,+0.10,48.302395101943844
20200921,62.2,62.7,61.7,61.7,5110478,318027924,2625,-0.70,47.760541310736144
20200922,61.2,61.3,60.4,60.4,9328188,566143975,4856,-1.30,46.754241412778974
20200923,60.5,60.7,59.7,59.9,8895755,533521583,5100,-0.50,46.36720299048776
20200924,59.1,59.5,58.2,58.2,14636792,859144357,7547,-1.70,45.05127235469763
20200925,58.4,59.2,58.2,58.9,11568108,677454172,4695,+0.70,45.59312614590533
20200928,59.4,60.7,59.0,60.2,14664996,878601637,6178,+1.30,46.59942604386249
20200929,60.3,60.5,58.5,58.6,17577583,1038568197,8007,-1.60,45.3609030925306
20200930,59.0,59.7,58.7,59.2,10667279,631962991,4497,+0.60,45.825349199280055
20201005,60.1,61.5,59.8,60.5,21291110,1289326910,10114,1.30,46.831649097237225
20201006,61.2,61.5,60.1,60.2,17884861,1085604572,9503,-0.30,46.59942604386249
20201007,59.9,60.5,59.7,60.1,9633536,578917759,5212,-0.10,46.52201835940425
20201008,60.7,61.6,60.4,61.5,18425504,1127637677,9728,1.40,47.60572594181966
20201012,62.4,62.8,61.3,62.1,30702234,1906271002,13844,0.60,48.07017204856912
20201013,62.3,62.4,61.1,61.8,14942175,920608491,7246,-0.30,47.83794899519438
20201014,61.4,62.2,60.8,60.9,20082439,1228034606,9494,-0.90,47.14127983507019
20201015,61.0,61.7,60.6,61.3,16342985,1000399949,8148,0.40,47.45091057290316
20201016,61.5,62.2,61.1,61.2,18866600,1164978859,9108,-0.10,47.373502888444925
20201019,61.9,62.2,61.5,61.9,17165237,1063534042,6663,0.70,47.915356679652625
20201020,62.0,63.0,61.7,61.9,17049915,1061340730,8851,0.00,47.915356679652625
20201021,62.6,64.7,62.3,64.1,46096923,2938552312,20725,2.20,49.61832573773398
20201022,64.0,64.8,63.5,64.4,25908706,1662310034,11629,0.30,49.850548791108714
20201023,64.5,65.4,64.5,65.2,22853651,1486025406,9587,0.80,50.469810266774665
20201026,66.5,67.5,65.8,66.3,39371590,2615017759,17380,1.10,51.321294795815334
20201027,65.5,65.6,64.2,64.4,23586377,1528851328,12853,-1.90,49.850548791108714
20201028,64.4,64.4,63.0,63.1,18990810,1204696176,10274,-1.30,48.84424889315155
20201029,61.8,62.6,61.5,62.5,16517058,1025952845,8028,-0.60,48.37980278640209
20201030,62.5,63.6,62.5,63.2,16418358,1038143071,6362,0.70,48.92165657760979
20201102,65.9,67.7,65.4,66.8,85636999,5715063366,35235,+3.60,51.708333218106546
20201103,67.6,68.1,66.2,66.8,31202960,2092188584,13613, 0.00,51.708333218106546
20201104,67.1,68.0,66.7,68.0,26605359,1793245675,11035,+1.20,52.63722543160547
20201105,68.5,68.5,67.5,68.2,22215078,1510360334,9654,+0.20,52.79204080052196
20201106,68.6,68.8,67.9,68.7,22024403,1507074393,9595,+0.50,53.179079222813186
20201109,69.2,70.2,68.9,70.2,30757777,2144056729,15204,+1.50,54.34019448968682
20201110,71.0,71.5,70.6,71.5,40313853,2865338475,15211,+1.30,55.34649438764399
20201111,71.5,71.8,70.9,71.5,25148988,1794339961,11854, 0.00,55.34649438764399
20201112,71.7,72.5,71.1,72.0,21047478,1511936684,9144,+0.50,55.73353280993521
20201113,71.3,71.5,70.0,70.5,13971091,984480538,8159,-1.50,54.57241754306156
20201116,71.0,71.9,70.8,71.9,15396900,1101752056,7941,+1.40,55.65612512547697
20201117,72.7,73.5,71.8,72.0,20226344,1466277120,10305,+0.10,55.73353280993521
20201118,72.5,73.5,72.2,73.0,20470152,1491900774,10098,+1.00,56.50760965451764
20201119,72.5,73.2,72.2,72.9,11904250,866386046,6142,-0.10,56.430201970059414
20201120,73.2,73.4,72.2,72.9,14563414,1058761744,6855, 0.00,56.430201970059414
20201123,73.6,74.9,73.4,73.9,22856570,1694238735,11148,+1.00,57.204278814641825
20201124,74.8,74.9,73.4,73.4,15859115,1172838025,8038,-0.50,56.81724039235062
20201125,73.8,74.2,72.2,72.5,15688975,1147531087,7076,-0.90,56.12057123222642
20201126,72.5,73.8,72.3,73.5,12755045,934376065,6934,+1.00,56.89464807680885
20201127,73.8,75.2,73.6,74.4,16124295,1196442329,7228,+0.90,57.59131723693304
20201130,78.0,81.8,76.4,76.6,74501570,5834463786,25714,+2.20,59.29428629501439
20201201,77.7,78.0,75.8,76.7,24146280,1849980360,11186,+0.10,59.37169397947264
20201202,76.9,77.4,75.3,77.3,24400988,1868022170,10899,+0.60,59.836140086222095
20201203,77.5,78.1,76.3,77.9,21392380,1652673850,10542,+0.60,60.30058619297156
20201204,80.0,80.0,78.3,79.6,26294080,2084731884,11909,+1.70,61.616516828761696
20201207,82.0,82.0,78.3,78.8,34287003,2737410461,15551,-0.80,60.997255353095746
20201208,78.9,79.5,78.1,79.5,14025329,1105918907,6876,+0.70,61.53910914430346
20201209,80.0,80.5,79.3,79.5,22372327,1783923708,8854, 0.00,61.53910914430346
20201210,79.5,81.1,79.4,80.6,34944362,2800408960,14368,+1.10,62.39059367334415
20201211,80.8,81.6,77.2,78.8,34084312,2697264296,15518,-1.80,60.997255353095746
20201214,78.2,78.4,77.0,77.0,19922591,1544397863,10877,-1.80,59.60391703284738
20201215,77.3,78.7,76.8,77.6,19061667,1476590343,8691,+0.60,60.06836313959683
20201216,79.0,79.4,78.3,78.7,16587741,1307061382,8034,+1.10,60.91984766863752
20201217,79.7,80.7,79.0,79.5,23131606,1839783369,9521,+0.80,61.53910914430346
20201218,79.5,80.0,78.9,78.9,16824008,1335133547,6224,-0.60,61.074663037554
20201221,79.5,79.8,78.4,79.5,16604305,1317956275,6635,+0.60,61.53910914430346
20201222,79.2,80.1,77.8,78.2,18462681,1459530377,7636,-1.30,60.5328092463463
20201223,77.9,78.6,76.8,77.2,21820899,1691419649,7948,-1.00,59.75873240176386
20201224,78.0,81.7,77.8,80.5,48749187,3906314708,18563,+3.30,62.31318598888589
20201225,81.3,83.0,80.6,80.9,35679482,2909616374,17129,+0.40,62.62281672671887
20201228,81.8,82.7,81.3,81.7,21042577,1722074135,9869,+0.80,63.242078202384796
20201229,82.0,82.5,80.0,80.7,22678567,1836182848,9896,-1.00,62.46800135780236
20201230,80.7,81.8,80.2,81.7,15627472,1264904122,7390,+1.00,63.242078202384796
20201231,82.1,82.5,80.7,81.3,16470945,1343905518,7074,-0.40,62.932447464551835
20210104,82.0,84.5,81.8,83.9,33994375,2821416878,16653,+2.60,64.94504726046617
20210105,83.9,87.0,83.6,86.6,45299069,3874688967,20760,+2.70,67.03505474083873
20210106,88.0,90.5,87.0,88.5,66853975,5926400377,33263,+1.90,68.50580074554536
20210107,90.0,91.0,89.0,89.4,35177023,3166260724,16938,+0.90,69.20246990566955
20210108,90.6,90.6,87.5,88.0,41704167,3693821775,19993,-1.40,68.11876232325415
20210111,88.2,90.5,88.2,90.4,32732104,2931108960,14047,+2.40,69.97654675025198
20210112,93.0,96.3,91.2,92.2,68233277,6361368482,32069,+1.80,71.36988507050036
20210113,93.6,99.6,93.6,99.6,59992743,5815524118,30459,+7.40,77.09805372041036
20210114,101.5,102.0,98.1,99.0,50512403,5047338126,23839,-0.60,76.63360761366091
20210115,102.0,103.0,97.4,98.0,41562871,4160039077,20136,-1.00,75.85953076907848
20210118,99.0,101.5,94.0,100.5,48184594,4746837812,22837,+2.50,77.79472288053455
20210119,101.5,109.5,101.5,105.5,63842393,6739644930,30538,+5.00,81.66510710344673
20210120,107.0,108.0,103.0,104.5,53094677,5597761798,25762,-1.00,80.89103025886429
20210121,106.0,107.0,103.5,105.5,30284994,3184055469,15158,+1.00,81.66510710344673
20210122,105.5,106.5,104.0,105.0,29842619,3135127324,13617,-0.50,81.27806868115549
20210125,106.0,108.0,101.0,102.0,40704739,4215218959,20682,-3.00,78.95583814740822
20210126,102.0,103.0,98.2,98.4,45503298,4532131083,23602,-3.60,76.16916150691145
20210127,100.0,101.0,97.5,98.3,31909913,3116645805,15281,-0.10,76.0917538224532
20210128,95.1,96.5,94.0,94.5,34931281,3312843156,20241,-3.80,73.15026181303996
20210129,97.6,97.6,92.0,92.0,37501350,3545364325,18134,-2.50,71.21506970158386
20210201,92.5,95.0,91.7,94.9,31020015,2898082186,16018,+2.90,73.45989255087292
20210202,96.5,99.6,96.0,98.6,46658112,4583982769,24355,+3.70,76.32397687582792
20210203,100.0,100.5,97.1,98.1,26923377,2644599741,14483,-0.50,75.93693845353671
20210204,97.0,99.5,96.2,97.7,25123231,2461536677,13932,-0.40,75.62730771570374
20210205,100.0,106.0,99.1,105.5,90654389,9426862183,42645,+7.80,81.66510710344673
20210217,116.0,116.0,116.0,116.0,29430318,3413916888,7556,+10.50,89.79291397156229
20210218,118.0,119.0,115.0,117.5,88834276,10388341920,37343,+1.50,90.95402923843592
20210219,115.0,115.0,111.0,113.5,53642240,6052487307,25444,-4.00,87.85772186010618
20210222,114.5,115.0,110.0,112.0,44979374,5040214249,23814,-1.50,86.69660659323254
20210223,108.5,110.5,107.0,110.0,35944859,3897945789,17430,-2.00,85.14845290406767
20210224,108.0,109.5,105.5,106.0,28665655,3076912675,15868,-4.00,82.05214552573793
20210225,108.5,109.5,106.0,107.5,25269957,2716325622,12722,+1.50,83.21326079261159
20210226,104.0,106.0,103.5,103.5,33891932,3536700388,15536,-4.00,80.11695341428187
20210302,107.5,109.0,105.5,106.0,28371232,3042432013,12390,+2.50,82.05214552573793
20210303,106.0,108.0,103.0,107.0,23891249,2536062785,10758,+1.00,82.82622237032038
20210304,106.5,106.5,102.5,103.0,30003083,3110986579,14877,-4.00,79.72991499199065
20210305,100.5,104.0,99.8,102.0,33512611,3409433579,16345,-1.00,78.95583814740822
20210308,104.0,105.0,102.0,102.5,14610797,1507224549,7430,+0.50,79.34287656969943
20210309,101.5,102.0,98.8,101.0,31119392,3109327668,15393,-1.50,78.18176130282578
20210310,103.0,103.5,100.0,101.0,18337320,1868830851,8787, 0.00,78.18176130282578
20210311,101.5,105.5,101.5,105.0,22080881,2293215828,10496,+4.00,81.27806868115549
20210312,107.0,108.0,103.5,105.0,23597413,2483374614,11417, 0.00,81.27806868115549
20210315,104.0,104.0,102.0,102.5,24115233,2475199395,13529,-2.50,79.34287656969943
20210316,103.0,104.5,102.0,104.0,23781353,2457105066,9285,+1.50,80.50399183657308
20210317,104.5,104.5,102.5,103.0,21220412,2193846192,8835,-1.00,79.72991499199065
20210318,104.0,107.0,103.5,106.5,28547896,3026147554,13913,+3.50,82.43918394802915
20210319,107.5,108.0,104.0,108.0,28660685,3045331077,10025,+1.50,83.60029921490282
20210322,107.0,108.5,105.5,108.0,18319056,1967702223,9781, 0.00,83.60029921490282
20210323,109.0,109.5,107.0,108.0,21970617,2383248202,12444, 0.00,83.60029921490282
20210324,108.0,109.0,106.0,107.0,15557546,1649625381,7980,-1.00,82.82622237032038
20210325,105.5,107.0,104.0,106.0,14138017,1490090550,7846,-1.00,82.05214552573793
20210326,106.0,107.5,104.5,107.0,18419629,1956265855,7999,+1.00,82.82622237032038
20210329,108.5,109.5,108.0,109.0,17434977,1897193762,10950,+2.00,84.37437605948524
20210330,109.5,111.0,108.5,111.0,26586785,2924315591,13041,+2.00,85.9225297486501
20210331,110.5,111.0,107.0,107.5,18755075,2034999056,10396,-3.50,83.21326079261159
20210401,108.0,109.0,106.5,107.5,17022372,1829164203,8855, 0.00,83.21326079261159
20210406,110.0,111.5,110.0,111.5,22144194,2456583295,12812,+4.00,86.30956817094132
20210407,112.5,113.0,110.0,111.5,15823978,1761751920,7859, 0.00,86.30956817094132
20210408,112.0,112.0,110.0,111.5,13956658,1548393470,7145, 0.00,86.30956817094132
20210409,112.5,114.0,111.0,112.0,22206412,2492734811,10079,+0.50,86.69660659323254
20210412,115.0,116.0,112.5,112.5,34403151,3911398571,13585,+0.50,87.08364501552376
20210413,113.0,114.5,111.5,112.5,19030969,2151540126,7978, 0.00,87.08364501552376
20210414,113.0,114.0,107.0,110.0,19963459,2193754270,10796,-2.50,85.14845290406767
20210415,108.0,109.0,107.0,109.0,14055862,1521239130,7499,-1.00,84.37437605948524
20210416,110.5,114.0,110.0,113.0,20003067,2248091105,9735,+4.00,87.47068343781497
20210419,114.5,114.5,111.5,111.5,9409856,1061082975,6702,-1.50,86.30956817094132
20210420,110.5,113.0,110.5,113.0,9872487,1106807502,6226,+1.50,87.47068343781497
20210421,111.5,112.5,110.0,110.0,12511886,1384641869,9424,-3.00,85.14845290406767
20210422,112.0,112.5,107.5,108.0,20960928,2302500286,9984,-2.00,83.60029921490282
20210423,108.5,111.0,108.5,111.0,12034655,1322302153,5992,+3.00,85.9225297486501
20210426,111.5,118.0,111.0,118.0,44738362,5160813582,22866,+7.00,91.34106766072712
20210427,117.0,119.5,115.5,118.0,31019291,3661431643,13156, 0.00,91.34106766072712
20210428,118.0,124.0,117.5,123.0,38199512,4642989313,20695,+5.00,95.21145188363931
20210429,122.0,122.5,116.5,118.0,34122825,4070950835,15719,-5.00,91.34106766072712
20210503,117.0,118.0,111.5,112.5,27875958,3164463640,13887,-5.50,87.08364501552376
20210504,111.5,113.0,107.0,111.5,26860105,2954299682,12200,-1.00,86.30956817094132
20210505,111.0,111.5,106.0,106.5,19883504,2161311266,9930,-5.00,82.43918394802915
20210506,107.0,110.0,105.0,107.5,17652644,1895205252,7874,+1.00,83.21326079261159
20210507,110.0,113.0,108.5,113.0,17171663,1917006020,8126,+5.50,87.47068343781497
20210510,115.0,115.0,109.0,110.0,12490464,1388721753,6685,-3.00,85.14845290406767
20210511,107.5,108.0,102.0,103.5,24200408,2537886035,13292,-6.50,80.11695341428187
20210512,101.0,102.5,93.3,97.0,39819226,3863045245,20169,-6.50,75.08545392449604
20210513,94.5,102.0,93.0,100.0,29081470,2882607000,13027,+3.00,77.40768445824334
20210514,102.0,106.0,101.5,105.0,30292846,3158084459,10967,+5.00,81.27806868115549
20210517,100.5,105.0,99.1,103.0,24034617,2463341766,10630,-2.00,79.72991499199065
20210518,104.5,106.5,103.5,106.5,18853765,1985509129,8465,+3.50,82.43918394802915
20210519,105.0,107.0,104.0,105.5,10457109,1104578088,5229,-1.00,81.66510710344673
20210520,106.0,107.0,104.5,106.5,11634627,1231612622,4955,+1.00,82.43918394802915
20210521,108.0,110.5,104.0,105.5,21623172,2299356634,9773,-1.00,81.66510710344673
20210524,105.0,108.0,103.5,106.5,8776821,932125363,3804,+1.00,82.43918394802915
20210525,108.0,109.0,107.0,108.5,17820029,1927895274,7393,+2.00,83.98733763719403
20210526,110.0,111.5,107.0,107.5,18572231,2025742907,10058,-1.00,83.21326079261159
20210527,107.0,109.0,104.0,109.0,20535841,2205808731,6920,+1.50,84.37437605948524
20210528,109.0,111.0,108.5,110.5,15977107,1757731589,7947,+1.50,85.5354913263589
20210531,110.5,112.0,109.5,111.5,13840491,1538810515,8840,+1.00,86.30956817094132
20210601,112.0,114.0,111.5,113.0,10557976,1192481717,6405,+1.50,87.47068343781497
20210602,113.5,114.0,109.5,111.0,12761612,1419815128,8919,-2.00,85.9225297486501
20210603,112.0,112.5,110.5,112.0,8171305,910714328,4296,+1.00,86.69660659323254
20210604,111.0,111.5,110.0,111.0,5524477,612060452,3682,-1.00,85.9225297486501
20210607,112.5,116.0,110.5,115.5,20731291,2361930269,10934,+4.50,89.40587554927106
20210608,116.5,117.5,115.0,115.5,10271550,1190461672,6581, 0.00,89.40587554927106
20210609,115.5,115.5,113.0,114.0,9963512,1133466388,4014,-1.50,88.24476028239741
20210610,115.5,116.5,114.5,116.5,11658065,1348733633,5899,+2.50,90.1799523938535
20210611,118.0,120.0,117.0,118.5,30003825,3559616671,12395,+2.00,91.72810608301836
20210615,119.0,119.5,117.0,118.0,19091890,2252228990,6605,-0.50,91.34106766072712
20210616,117.0,118.0,115.5,115.5,10860891,1265599072,5946,-2.50,89.40587554927106
20210617,115.0,118.0,114.5,118.0,9854478,1144061546,5676,+2.50,91.34106766072712
20210618,118.0,119.0,116.5,116.5,10889750,1274742752,4197,-1.50,90.1799523938535
20210621,115.0,115.0,111.5,113.0,11584582,1308874853,7230,-3.50,87.47068343781497
20210622,114.5,115.0,111.5,113.0,8063487,911892897,4735, 0.00,87.47068343781497
20210623,114.0,116.0,113.5,116.0,10806231,1241890248,6449,+3.00,89.79291397156229
20210624,116.0,116.0,114.0,115.5,6139835,707083894,2852,-0.50,89.40587554927106
20210625,116.5,118.0,115.5,117.5,11023950,1289951569,5720,+2.00,90.95402923843592
20210628,113.0,114.5,112.0,112.5,20538221,2323034087,11901,-5.00,87.08364501552376
20210629,112.5,113.5,109.5,113.0,17706634,1969548864,9265,+0.50,87.47068343781497
20210630,112.5,113.0,111.0,112.0,13374032,1496449616,5305,-1.00,86.69660659323254
20210701,111.5,112.0,110.5,111.0,7542245,839529541,4011,-1.00,85.9225297486501
20210702,112.0,113.0,111.5,112.0,5083222,569753716,3219,+1.00,86.69660659323254
20210705,112.5,114.0,112.5,114.0,10925515,1237303626,5049,+2.00,88.24476028239741
20210706,114.0,114.5,113.0,113.0,5113366,581846191,3160,-1.00,87.47068343781497
20210707,113.5,115.5,113.0,114.5,6932192,794365638,4017,+1.50,88.63179870468862
20210708,114.0,114.5,112.0,112.0,10578861,1192894024,5763,-2.50,86.69660659323254
20210709,110.5,112.5,110.5,111.0,9552553,1061903110,4697,-1.00,85.9225297486501
20210712,113.0,113.5,111.0,112.5,10131849,1137532636,5189,+1.50,87.08364501552376
20210713,113.5,117.0,113.5,115.5,16712232,1934103390,8911,+3.00,89.40587554927106
20210714,116.0,116.5,113.5,114.5,11410874,1309867857,4984,-1.00,88.63179870468862
20210715,113.5,120.0,113.5,120.0,26856909,3168061147,13433,+5.50,92.88922134989201
20210716,115.5,117.0,114.5,116.5,17024888,1972841323,7995,-3.50,90.1799523938535
20210719,116.0,119.5,115.0,117.5,13722155,1608906968,5544,+1.00,90.95402923843592
20210720,117.0,119.5,117.0,118.0,12710911,1502590927,7308,+0.50,91.34106766072712
20210721,120.0,120.5,117.5,119.5,18024888,2146164511,9152,+1.50,92.5021829276008
20210722,120.0,120.5,117.0,117.5,14269024,1696391543,6341,-2.00,90.95402923843592
20210723,119.0,119.0,115.0,115.0,9671103,1125773134,5103,-2.50,89.01883712697986
20210726,115.5,117.0,115.0,115.0,8010927,927224454,3302, 0.00,89.01883712697986
20210727,116.0,117.0,114.5,115.0,6320493,730808936,2910, 0.00,89.01883712697986
20210728,114.5,114.5,110.0,112.5,10501804,1175445669,5623,-2.50,87.08364501552376
20210729,114.0,116.0,112.5,115.0,6964900,797704611,3062,+2.50,89.01883712697986
20210730,118.5,124.5,118.5,122.5,48108151,5883840734,23998,+7.50,94.8244134613481
20210802,124.0,126.0,120.5,125.5,20937994,2601434216,11275,+3.00,97.14664399509539
20210803,125.5,127.0,123.5,127.0,13044662,1635254296,6676,+1.50,98.30775926196904
20210804,127.0,131.0,126.5,131.0,17285267,2239973193,9182,+4.00,101.40406664029877
20210805,131.0,133.5,130.0,132.0,15598780,2054111099,7251,+1.00,102.1781434848812
20210806,131.5,133.0,128.0,129.0,13774212,1793616033,6829,-3.00,99.85591295113393
20210809,127.5,130.5,126.0,128.0,10004304,1284863211,4860,-1.00,99.08183610655149
20210810,128.0,128.5,124.5,126.5,9092341,1149525074,5341,-1.50,97.92072083967783
20210811,126.0,129.5,124.5,127.0,13594440,1727989140,6931,+0.50,98.30775926196904
20210812,127.0,127.5,124.5,125.5,8481170,1067452463,4185,-1.50,97.14664399509539
20210813,126.0,126.0,119.5,120.0,16606362,2020704432,9708,-5.50,92.88922134989201
20210816,119.5,122.5,119.0,122.0,13792776,1670218588,5796,+2.00,94.43737503905687
20210817,122.5,123.0,116.0,117.0,17125240,2020080318,6911,-5.00,90.5669908161447
20210818,115.5,119.5,114.0,119.0,12547116,1474080990,5934,+2.00,92.11514450530956
20210819,117.5,118.5,114.5,115.5,15450627,1792706863,5774,-3.50,89.40587554927106
20210820,117.5,118.0,114.0,116.0,13280011,1544805358,5746,+0.50,89.79291397156229
20210823,117.5,123.0,117.0,121.0,11734019,1416298117,4984,+5.00,93.66329819447445
20210824,123.0,123.0,119.0,120.0,7691933,929186846,4017,-1.00,92.88922134989201
20210825,121.5,123.5,120.5,122.5,7420188,904587230,3413,+2.50,94.8244134613481
20210826,124.5,124.5,121.0,123.5,8057344,986509656,3727,+1.00,95.59849030593053
20210827,123.5,127.0,121.5,127.0,10194582,1278512411,5695,+3.50,98.30775926196904
20210830,129.0,130.0,126.5,129.0,10948124,1403030779,6101,+2.00,99.85591295113393
20210831,127.5,128.5,124.0,128.5,11520422,1462613993,5029,-0.50,99.46887452884269
20210901,126.5,127.5,125.0,126.5,8980725,1134466948,4827,-2.00,97.92072083967783
20210902,126.5,127.0,125.0,125.5,8723156,1098522483,4665,-1.00,97.14664399509539
20210903,126.0,129.0,125.5,128.5,13581338,1734940543,6491,+3.00,99.46887452884269
20210906,125.0,128.0,124.0,124.5,13965570,1755501996,6569,X0.00,99.6221078379168
20210907,124.0,124.5,119.0,121.5,13864539,1678906332,7517,-3.00,97.22157511893084
20210908,119.5,120.5,116.5,119.5,12525808,1488345896,5409,-2.00,95.62121997294021
20210909,119.0,123.5,118.0,122.0,12456052,1496453872,3782,+2.50,97.62166390542852
20210910,123.5,128.0,122.5,128.0,18856844,2358461042,7463,+6.00,102.42272934340042
20210913,126.0,127.5,124.0,124.0,10725763,1351360685,4079,-4.00,99.22201905141915
20210914,125.5,126.0,124.0,124.5,8844735,1101834864,3058,+0.50,99.6221078379168
20210915,125.0,125.5,123.5,124.0,12958007,1611924713,4158,-0.50,99.22201905141915
20210916,123.5,124.5,121.0,121.5,8759446,1069022580,4498,-2.50,97.22157511893084
20210917,120.5,121.0,117.5,118.0,24933777,2965174673,10498,-3.50,94.42095361344725
20210922,115.0,116.0,113.0,116.0,24741219,2828492831,9559,-2.00,92.82059846745662
20210923,117.0,118.5,116.0,116.5,12919489,1510969405,5164,+0.50,93.22068725395427
20210924,117.5,118.5,116.0,117.5,8507790,997923471,3762,+1.00,94.0208648269496
20210927,116.0,117.0,114.0,115.5,11648863,1344889648,5662,-2.00,92.42050968095897
20210928,114.0,114.0,111.5,112.5,20452041,2298383505,8081,-3.00,90.01997696197301
20210929,109.0,110.0,105.0,106.0,26484649,2827611345,14924,-6.50,84.81882273750347
20210930,106.5,110.0,106.0,109.0,17187842,1863856385,6288,+3.00,87.21935545648942
20211001,107.5,108.0,105.5,108.0,11221463,1198154755,5115,-1.00,86.41917788349409
20211004,108.5,108.5,102.0,103.5,24035991,2500350560,8582,-4.50,82.81837880501517
20211005,100.0,101.5,99.1,100.5,32436659,3256218345,12095,-3.00,80.41784608602923
20211006,101.0,102.5,99.2,100.0,19900516,1994396641,9949,-0.50,80.01775729953155
20211007,101.0,102.0,99.4,101.0,23211449,2338437113,9607,+1.00,80.81793487252689
20211008,98.8,99.3,95.4,96.2,32699962,3188822819,20615,-4.80,76.97708252214936
20211012,95.2,95.3,93.5,93.5,36890871,3470663495,19505,-2.70,74.816603075062
20211013,94.6,95.1,92.2,92.4,22465548,2088583625,11580,-1.10,73.93640774476718
20211014,93.6,94.0,92.5,93.6,17878811,1665367905,11533,+1.20,74.89662083236155
20211015,96.0,96.5,94.9,96.2,22876456,2191493543,13161,+2.60,76.97708252214936
20211018,96.2,96.7,94.3,94.6,15287930,1453996874,8490,-1.60,75.69679840535686
20211019,95.5,98.5,95.0,98.4,16938605,1648759403,8429,+3.80,78.73747318273907
20211020,99.8,99.8,97.3,97.7,15091737,1480134092,9073,-0.70,78.17734888164235
20211021,96.9,98.1,95.7,95.9,14987827,1449982974,9654,-1.80,76.73702925025079
20211022,95.5,96.3,94.8,96.0,13217493,1262210274,7099,+0.10,76.8170470075503
20211025,95.8,97.3,95.2,96.4,11210985,1079690928,7097,+0.40,77.13711803674843
20211026,97.4,98.3,97.1,98.0,10079187,986306775,6046,+1.60,78.41740215354093
20211027,98.2,98.4,96.7,97.2,9221643,897717333,5848,-0.80,77.77726009514468
20211028,97.3,101.5,97.0,99.8,18235863,1814880121,11452,+2.60,79.8577217849325
20211029,103.5,103.5,99.8,99.8,32184785,3245829755,15204, 0.00,79.8577217849325
20211101,99.7,100.5,97.8,98.2,15443891,1522824234,9918,-1.60,78.57743766814
20211102,99.5,100.5,98.3,98.8,10968225,1089828674,6981,+0.60,79.0575442119372
20211103,99.1,99.3,97.6,98.3,8413769,826740226,5529,-0.50,78.65745542543954
20211104,99.1,99.5,98.1,98.1,6908121,681107585,4331,-0.20,78.49741991084046
20211105,98.8,99.9,98.0,99.7,7521430,745670052,6049,+1.60,79.77770402763298
20211108,104.0,106.0,103.0,105.5,28893007,3025813312,17799,+5.80,84.4187339510058
20211109,107.5,109.0,105.0,105.0,27382778,2908049207,14167,-0.50,84.01864516450814
20211110,104.5,105.0,103.0,104.0,13722516,1421139316,7854,-1.00,83.21846759151283
20211111,102.5,103.0,101.5,102.5,17317318,1770012452,8133,-1.50,82.01820123201985
20211112,103.5,105.5,101.5,104.0,18812060,1944061813,8014,+1.50,83.21846759151283
20211115,104.5,105.5,104.0,105.5,11945094,1252137171,6643,+1.50,84.4187339510058
20211116,105.5,106.0,105.0,105.5,11496955,1211726015,6156, 0.00,84.4187339510058
20211117,106.0,106.5,105.0,106.5,10787077,1141934698,5946,+1.00,85.21891152400113
20211118,106.5,106.5,105.5,106.0,9890598,1047512901,4958,-0.50,84.81882273750347
20211119,107.0,107.5,105.5,106.0,10475832,1114766136,5332, 0.00,84.81882273750347
20211122,106.5,107.5,106.0,106.5,13156909,1405527112,5536,+0.50,85.21891152400113
20211123,106.0,106.0,104.5,105.0,11493858,1208600742,5446,-1.50,84.01864516450814
20211124,104.5,105.5,103.0,103.0,11944020,1237435755,7058,-2.00,82.41829001851752
20211125,103.5,105.0,102.0,104.0,12612987,1299539751,7006,+1.00,83.21846759151283
20211126,103.0,104.0,101.5,101.5,9638565,984851733,5918,-2.50,81.21802365902454
20211129,100.0,102.5,99.5,101.0,11545585,1165568946,6263,-0.50,80.81793487252689
20211130,102.5,103.5,102.0,102.0,18993936,1945471610,5314,+1.00,81.61811244552221
20211201,101.0,104.5,100.5,104.0,14130066,1453835361,6361,+2.00,83.21846759151283
20211202,105.0,106.5,103.5,105.0,20591668,2164804741,10349,+1.00,84.01864516450814
20211203,107.0,110.0,106.0,109.0,26853221,2901553246,12647,+4.00,87.21935545648942
20211206,108.5,108.5,106.0,106.0,17670869,1882246474,10342,-3.00,84.81882273750347
20211207,106.5,107.0,103.5,104.0,16026710,1676180407,9944,-2.00,83.21846759151283
20211208,108.0,109.0,106.0,107.0,18826875,2020415570,8594,+3.00,85.61900031049876
20211209,105.0,105.5,104.0,104.5,22312053,2334204231,10477,-2.50,83.6185563780105
20211210,104.0,105.0,103.0,103.0,13168212,1367650195,7329,-1.50,82.41829001851752
20211213,104.0,104.5,102.0,102.5,9928466,1021866658,5963,-0.50,82.01820123201985
20211214,101.5,103.0,101.0,102.0,11642615,1187736003,5736,-0.50,81.61811244552221
20211215,102.0,102.5,101.5,101.5,10867739,1107729402,5008,-0.50,81.21802365902454
20211216,103.0,103.5,101.0,103.5,16479549,1689385803,7065,+2.00,82.81837880501517
20211217,101.5,103.5,101.5,102.0,17312447,1769129183,5746,-1.50,81.61811244552221
20211220,102.0,103.0,101.0,101.5,7986258,812739604,4298,-0.50,81.21802365902454
20211221,102.0,103.0,101.5,102.0,7894940,807311592,4014,+0.50,81.61811244552221
20211222,103.0,103.5,102.5,103.0,4022820,414613453,2723,+1.00,82.41829001851752
20211223,104.0,105.5,103.5,103.5,10213398,1064194079,5276,+0.50,82.81837880501517
20211224,104.0,105.5,103.5,105.0,10515224,1102694231,6856,+1.50,84.01864516450814
20211227,105.0,105.5,104.0,105.0,7274768,763105902,4489, 0.00,84.01864516450814
20211228,106.5,106.5,105.5,105.5,7925423,838742795,4393,+0.50,84.4187339510058
20211229,106.5,107.0,106.0,106.0,6550574,696758658,4160,+0.50,84.81882273750347
20211230,106.0,107.0,105.5,106.5,7619542,809947244,4158,+0.50,85.21891152400113
20220103,107.0,107.5,105.0,105.5,9976670,1060091862,4314,-1.00,84.4187339510058
20220104,106.0,107.5,105.5,107.0,14057802,1499210557,6906,+1.50,85.61900031049876
20220105,107.0,112.0,106.5,111.0,32174103,3520470284,18304,+4.00,88.81971060248006
20220106,110.0,110.0,107.5,108.5,18197295,1979848314,13377,-2.50,86.81926666999175
20220107,109.5,110.0,105.0,106.5,14917419,1593759531,9630,-2.00,85.21891152400113
20220110,105.5,106.5,105.0,106.0,8353791,882063175,4796,-0.50,84.81882273750347
20220111,107.0,107.5,105.5,106.5,12542932,1336277458,4457,+0.50,85.21891152400113
20220112,107.0,107.5,106.5,107.0,8740831,934258890,4161,+0.50,85.61900031049876
20220113,107.0,107.0,104.0,105.0,9893785,1041063409,7098,-2.00,84.01864516450814
20220114,105.5,106.0,104.0,105.5,13436976,1412139877,5555,+0.50,84.4187339510058
20220117,106.5,108.5,106.0,108.0,14083416,1509558843,6882,+2.50,86.41917788349409
20220118,109.5,110.5,107.0,107.5,13613301,1477219473,6703,-0.50,86.01908909699644
20220119,106.0,107.0,104.5,105.0,14161160,1492781818,8122,-2.50,84.01864516450814
20220120,104.0,106.0,103.5,105.5,9052864,951465783,3689,+0.50,84.4187339510058
20220121,104.0,104.5,101.0,101.5,24833579,2536156907,12875,-4.00,81.21802365902454
20220124,101.0,103.0,100.5,101.5,12239583,1245449197,6173, 0.00,81.21802365902454
20220125,99.5,100.5,98.3,100.0,23643224,2352103465,13220,-1.50,80.01775729953155
20220126,98.9,99.7,98.6,98.8,14082085,1394752283,11394,-1.20,79.0575442119372
20220207,100.5,102.5,99.1,100.0,22852579,2292532135,9912,+1.20,80.01775729953155
20220208,99.6,101.0,99.3,100.0,18352921,1834271508,6945, 0.00,80.01775729953155
20220209,101.0,102.5,100.0,102.0,17134646,1739162820,7197,+2.00,81.61811244552221
20220210,103.5,104.5,102.5,103.5,18157309,1877667514,6814,+1.50,82.81837880501517
20220211,104.5,106.0,102.0,103.0,33631329,3497201197,12940,-0.50,82.41829001851752
20220214,101.0,101.0,99.8,100.0,16199323,1622181926,8437,-3.00,80.01775729953155
20220215,100.5,101.0,99.8,100.0,8819311,884679878,4422, 0.00,80.01775729953155
20220216,102.5,103.5,102.0,102.5,15851176,1627569081,6391,+2.50,82.01820123201985
20220217,103.0,105.0,103.0,104.0,14310087,1486336914,8017,+1.50,83.21846759151283
20220218,102.0,104.5,102.0,104.0,12537011,1298928556,5101, 0.00,83.21846759151283
20220221,103.0,105.5,103.0,105.0,11990686,1253075116,5516,+1.00,84.01864516450814
20220222,103.5,105.0,102.0,103.0,15371604,1581700515,6220,-2.00,82.41829001851752
20220223,103.5,103.5,101.5,102.0,12309510,1258069210,5602,-1.00,81.61811244552221
20220224,100.0,101.5,99.1,99.7,25869789,2586719854,12773,-2.30,79.77770402763298
20220225,101.0,101.0,99.1,99.3,20163734,2011076598,8747,-0.40,79.45763299843483
20220301,100.5,103.5,100.0,103.0,16494690,1688659809,7521,+3.70,82.41829001851752
20220302,102.5,103.0,101.5,102.5,8131723,831562344,3950,-0.50,82.01820123201985
20220303,103.5,104.0,102.0,103.5,13152007,1356815299,6816,+1.00,82.81837880501517
20220304,101.5,103.0,101.5,102.0,9535509,974089545,4526,-1.50,81.61811244552221
20220307,99.9,99.9,96.5,97.6,34672998,3385298113,21347,-4.40,78.09733112434282
20220308,96.0,97.5,95.5,96.1,21368493,2059174859,15375,-1.50,76.89706476484983
20220309,97.1,98.6,97.0,98.2,11166025,1094174806,9288,+2.10,78.57743766814
20220310,100.5,101.0,99.9,100.5,11197606,1123341898,6203,+2.30,80.41784608602923
20220311,100.5,101.5,100.0,100.5,13761444,1385445221,8697, 0.00,80.41784608602923
20220314,101.5,102.5,101.0,102.0,12839933,1307700296,5562,+1.50,81.61811244552221
20220315,101.0,101.0,98.6,98.9,12013252,1196158780,9660,-3.10,79.13756196923674
20220316,100.0,100.5,99.0,99.8,10845471,1080173824,6185,+0.90,79.8577217849325
20220317,102.0,104.0,101.5,103.5,22679484,2337034461,11101,+3.70,82.81837880501517
20220318,103.5,105.0,103.5,104.5,16948252,1772751991,8567,+1.00,83.6185563780105
20220321,105.0,106.0,104.0,105.0,8008511,843427177,5292,+0.50,84.01864516450814
20220322,105.0,105.5,103.5,104.5,8264246,862058297,4493,-0.50,83.6185563780105
20220323,105.0,105.5,104.5,105.5,10196337,1071498218,5606,+1.00,84.4187339510058
20220324,104.0,105.5,103.5,105.0,13556451,1419258520,6244,-0.50,84.01864516450814
20220325,105.5,105.5,104.0,104.5,13581018,1420845538,4348,-0.50,83.6185563780105
20220328,103.5,103.5,101.5,103.5,14150900,1452583788,5949,-1.00,82.81837880501517
20220329,103.0,103.5,102.0,103.5,6328063,651289938,4200, 0.00,82.81837880501517
20220330,104.5,105.0,103.5,104.5,11912508,1241500984,5935,+1.00,83.6185563780105
20220331,104.5,104.5,103.0,103.5,7372804,765174838,2813,-1.00,82.81837880501517
20220401,102.5,103.5,101.5,103.5,10519709,1078912253,5702, 0.00,82.81837880501517
20220406,101.0,102.0,100.5,102.0,15220847,1543634103,7160,-1.50,81.61811244552221
20220407,101.0,102.0,99.8,99.8,15990700,1608302725,13310,-2.20,79.8577217849325
20220408,100.5,100.5,99.7,100.5,10841757,1084862023,5860,+0.70,80.41784608602923
20220411,100.5,100.5,97.5,97.9,14481389,1428060230,14272,-2.60,78.3373843962414
20220412,97.1,97.9,96.4,96.6,16374437,1584756523,12626,-1.30,77.29715355134749
20220413,97.7,99.1,97.4,99.1,8138988,800975996,8875,+2.50,79.29759748383579
20220414,100.0,100.5,99.5,99.5,7530005,752432011,5380,+0.40,79.61766851303392
20220415,98.2,98.4,97.5,97.9,5944583,582073723,6334,-1.60,78.3373843962414
20220418,97.7,98.1,97.1,97.9,4616767,451438388,4093, 0.00,78.3373843962414
20220419,98.7,99.4,98.1,98.1,6575376,647633962,4628,+0.20,78.49741991084046
20220420,98.4,99.4,97.9,99.2,9117448,898444640,7182,+1.10,79.3776152411353
20220421,99.0,99.7,98.8,99.5,6179462,613706072,4918,+0.30,79.61766851303392
20220422,98.6,99.4,97.9,99.1,6188288,610740549,5277,-0.40,79.29759748383579
20220425,97.3,97.3,94.5,94.6,17472081,1667501274,13970,-4.50,75.69679840535686
20220426,95.3,95.5,94.8,95.0,7463969,710074021,4694,+0.40,76.01686943455499
20220427,91.8,92.3,90.7,91.8,15624430,1431220914,9885,-3.20,73.45630120096999
20220428,92.5,94.8,91.9,93.0,16503005,1537228668,8392,+1.20,74.41651428856436
20220429,97.7,98.9,95.1,95.6,26688490,2582940048,14309,+2.60,76.49697597835218
20220503,95.8,96.1,95.2,95.9,8344945,798285665,6189,+0.30,76.73702925025079
20220504,96.1,96.7,95.7,96.6,6042765,582465689,3703,+0.70,77.29715355134749
20220505,97.8,99.0,97.7,98.6,13783180,1356238841,8119,+2.00,78.89750869733811
20220506,95.8,96.3,95.4,95.9,9473597,908066437,12725,-2.70,76.73702925025079
20220509,94.4,94.8,93.8,94.1,10613332,1000954420,7449,-1.80,75.2967096188592
20220510,93.4,95.4,92.6,95.4,7579012,714988259,4955,+1.30,76.33694046375312
20220511,94.2,96.2,94.2,96.2,6459449,617562545,4475,+0.80,76.97708252214936
20220512,94.6,95.0,93.0,93.0,10585572,993571385,10919,-3.20,74.41651428856436
20220513,93.5,94.5,93.5,94.3,8494339,798929911,4702,+1.30,75.45674513345826
20220516,95.7,96.2,94.0,94.7,6016282,572072753,5192,+0.40,75.77681616265639
20220517,95.5,97.9,95.0,97.3,13277751,1285374450,7709,+2.60,77.85727785244423
20220518,98.4,98.9,96.5,96.9,18795730,1829868233,14019,-0.40,77.53720682324611
20220519,95.5,96.2,95.1,95.7,10835035,1037797172,9591,-1.20,76.57699373565171
20220520,96.6,97.5,96.1,97.5,8051493,781435136,5232,+1.80,78.01731336704329
20220523,98.5,98.7,97.0,97.5,6493889,633868175,4193, 0.00,78.01731336704329
20220524,97.7,97.9,96.5,96.6,7577275,736780042,5986,-0.90,77.29715355134749
20220525,96.6,98.8,96.4,98.2,10779589,1056942635,6654,+1.60,78.57743766814
20220526,98.8,99.3,97.9,98.6,10679595,1053767185,6226,+0.40,78.89750869733811
20220527,99.5,101.5,98.9,101.0,15900641,1595815612,9613,+2.40,80.81793487252689
20220530,102.0,103.0,101.0,103.0,12221463,1251330476,7969,+2.00,82.41829001851752
20220531,103.0,104.5,101.5,104.5,31069400,3227495309,7516,+1.50,83.6185563780105
20220601,103.5,104.5,102.5,103.0,9936046,1028256174,5117,-1.50,82.41829001851752
20220602,102.5,105.0,102.0,104.0,10940013,1137228120,5997,+1.00,83.21846759151283
20220606,105.0,105.0,103.0,104.5,10831994,1129178191,4767,+0.50,83.6185563780105
20220607,105.0,105.0,102.5,102.5,10548971,1088024435,7553,-2.00,82.01820123201985
20220608,103.5,105.0,102.5,104.0,13187652,1373037371,6570,+1.50,83.21846759151283
20220609,103.5,105.0,103.0,105.0,11034964,1152151772,5527,+1.00,84.01864516450814
20220610,104.0,106.0,103.0,105.0,10728022,1127021872,6919, 0.00,84.01864516450814
20220613,102.5,103.0,101.0,102.0,13730337,1401322393,6930,-3.00,81.61811244552221
20220614,100.0,102.5,100.0,102.0,11343476,1148056788,6485, 0.00,81.61811244552221
20220615,101.5,102.5,100.0,100.0,14551119,1464643630,12820,-2.00,80.01775729953155
20220616,102.5,103.5,100.5,101.0,11268697,1150673869,4417,+1.00,80.81793487252689
20220617,98.8,99.4,97.1,97.5,21133797,2067805500,16649,-3.50,78.01731336704329
20220620,97.5,98.2,96.2,96.2,9193002,892928011,4935,-1.30,76.97708252214936
20220621,97.8,99.5,97.0,99.4,9463039,935098992,5136,+3.20,79.53765075573438
20220622,100.0,100.0,96.1,96.4,13467560,1313226025,11633,-3.00,77.13711803674843
20220623,97.6,97.7,94.8,95.4,10562932,1012823495,7325,-1.00,76.33694046375312
20220624,94.1,95.0,90.7,92.0,39116372,3638999399,22269,-3.40,73.61633671556905
20220627,93.5,94.6,93.1,94.3,16934800,1591119317,7051,+2.30,75.45674513345826
20220628,94.8,94.8,90.7,91.0,34040569,3110476779,15017,-3.30,72.81615914257372
20220629,82.9,82.9,79.0,79.1,68271993,5533686319,29729,X0.00,68.56527080680591
20220630,79.1,79.4,75.6,76.4,42232159,3246017572,18506,-2.70,66.22486333299587
20220701,77.0,77.8,74.4,74.5,19976993,1510814362,12515,-1.90,64.57790992549988
20220704,74.1,74.7,73.2,74.0,20039725,1479684386,9274,-0.50,64.14450113405358
20220705,75.7,76.3,73.0,74.8,12753560,947665015,8216,+0.80,64.83795520036767
20220706,75.5,75.6,72.9,73.1,12043969,886937709,8404,-1.70,63.36436530945023
20220707,73.6,75.2,71.4,74.6,14746512,1086330966,9143,+1.50,64.66459168378915
20220708,75.7,76.7,75.2,76.1,9419265,715788376,8141,+1.50,65.96481805812807
20220711,76.8,77.0,75.4,75.8,6307559,479178394,5608,-0.30,65.70477278326028
20220712,74.6,74.7,73.1,73.8,7963606,587426540,5354,-2.00,63.971137617475065
20220713,75.7,76.4,75.2,76.2,9595875,727887355,5057,+2.40,66.05149981641735
20220714,75.9,78.9,75.4,78.4,13239180,1030744363,8582,+2.20,67.9584984987811
20220715,78.5,79.5,78.0,79.2,11478822,907178365,8794,+0.80,68.6519525650952
20220718,79.4,81.6,79.0,81.1,13342698,1074592632,9189,+1.90,70.29890597259114
20220719,80.4,82.7,80.1,82.6,9767642,802239014,8912,+1.50,71.59913234693008
20220720,83.5,84.5,82.8,83.4,12256005,1026661182,12669,+0.80,72.29258641324418
20220721,83.7,85.7,83.7,85.7,12165644,1031025882,7366,+2.30,74.2862668538972
20220722,85.8,85.9,84.6,85.2,10999315,936730871,12343,-0.50,73.85285806245088
20220725,84.9,85.4,84.2,84.6,5856762,496712336,5489,-0.60,73.33276751271531
20220726,84.9,84.9,83.5,83.7,6574917,552583953,6274,-0.90,72.55263168811196
20220727,84.1,85.1,82.6,85.1,8081504,678104763,7577,+1.40,73.76617630416162
20220728,86.6,87.8,85.6,87.8,19829985,1723078300,10771,+2.70,76.10658377797168
20220729,86.8,87.3,86.0,86.4,18911994,1635906358,18550,-1.40,74.89303916192203
20220801,86.2,86.5,85.1,86.3,6663254,572065089,4002,-0.10,74.80635740363276
20220802,85.7,85.8,84.1,84.5,8331317,705886055,6482,-1.80,73.24608575442603
20220803,84.4,86.0,83.6,86.0,9529216,810975429,6312,+1.50,74.54631212876498
20220804,87.4,87.7,86.1,87.4,14449321,1260736634,9046,+1.40,75.75985674481463
20220805,88.3,88.5,87.5,88.2,7221452,635789368,6314,+0.80,76.45331081112873
20220808,88.0,88.0,87.3,87.9,4485429,393446518,6644,-0.30,76.19326553626095
20220809,88.0,88.1,86.8,87.7,6597921,576973496,8182,-0.20,76.01990201968243
20220810,86.6,87.1,86.2,87.0,12050874,1045200409,8853,-0.70,75.41312971165759
20220811,89.2,89.7,88.8,89.5,9577329,855310367,5710,+2.50,77.58017366888915
20220812,89.5,89.8,89.1,89.5,7459109,667597625,5091, 0.00,77.58017366888915
20220815,90.0,91.0,90.0,90.5,8789627,795241836,5720,+1.00,78.44699125178174
20220816,90.9,90.9,90.2,90.7,4784850,433308616,3091,+0.20,78.62035476836027
20220817,90.2,90.7,90.1,90.6,6056024,547641092,4383,-0.10,78.53367301007101
20220818,89.8,89.8,88.7,89.4,6963397,621827515,8521,-1.20,77.49349191059987
20220819,89.4,90.0,89.1,90.0,7189032,644935941,4991,+0.60,78.01358246033544
20220822,89.1,89.1,88.3,88.7,5597507,496746450,4698,-1.30,76.88671960257504
20220823,88.0,88.0,86.1,86.6,11724594,1015609249,6603,-2.10,75.06640267850055
20220824,87.0,87.3,85.7,86.2,6720823,581577812,3906,-0.40,74.7196756453435
20220825,86.6,86.8,86.1,86.4,5339344,461848374,2980,+0.20,74.89303916192203
20220826,87.4,88.2,87.3,87.5,7215090,633167355,4123,+1.10,75.8465385031039
20220829,85.0,85.1,83.7,84.4,10432299,879676333,6407,-3.10,73.1594039961368
20220830,84.0,85.4,84.0,84.6,7962295,674033784,4593,+0.20,73.33276751271531
20220831,84.2,85.6,84.1,85.4,12852439,1093442369,4097,+0.80,74.0262215790294
20220901,83.9,84.8,83.1,83.9,10593491,886233160,6433,-1.50,72.72599520469048
20220902,83.7,83.7,82.7,82.7,8437396,701362741,4745,-1.20,71.68581410521935
20220905,82.8,83.4,82.0,82.3,5467058,450650014,3133,-0.40,71.3390870720623
20220906,83.2,83.3,82.2,82.4,4374772,360852974,2906,+0.10,71.42576883035156
20220907,81.3,81.4,79.5,80.2,9461114,758691018,6635,-2.20,69.5187701479878
20220908,81.2,82.5,81.0,82.1,9327792,763599950,5342,+1.90,71.16572355548378
20220912,83.5,83.6,81.9,83.0,11822915,982505973,4855,+0.90,71.94585938008711
20220913,84.0,86.7,84.0,85.9,16333016,1399632099,9595,+2.90,74.45963037047571
20220914,83.0,83.1,82.2,82.7,22898426,1892838581,13753,-3.20,71.68581410521935
20220915,82.8,83.7,82.3,83.2,12337247,1026624528,6947,+0.50,72.11922289666565
20220916,82.6,84.2,82.6,83.6,20596364,1720323702,8717,+0.40,72.4659499298227
20220919,84.5,85.1,84.0,84.3,14602790,1233533435,8356,+0.70,73.07272223784753
20220920,85.0,85.4,84.4,85.4,9892801,840314428,5328,+1.10,74.0262215790294
20220921,84.8,85.6,84.7,84.9,8042107,683691233,5346,-0.50,73.59281278758311
20220922,84.3,84.9,83.7,84.6,8701719,733884576,5600,-0.30,73.33276751271531
20220923,84.6,85.5,84.0,84.0,6869292,581164179,4790,-0.60,72.81267696297975
20220926,82.8,84.1,80.5,81.3,15395211,1259015146,8984,-2.70,70.47226948916968
20220927,82.0,82.1,80.7,81.1,9131574,741733122,4810,-0.20,70.29890597259114
20220928,81.5,81.8,78.2,78.2,12632177,1001684799,7942,-2.90,67.78513498220256
20220929,80.0,80.7,78.5,78.9,11878455,943373757,6449,+0.70,68.39190729022741
20220930,78.1,80.4,77.7,80.1,13604012,1080493885,5469,+1.20,69.43208838969854
20221003,78.9,79.3,77.1,77.1,16185666,1262411947,9676,-3.00,66.83163564102068
20221004,78.7,80.0,78.3,79.8,13458695,1066336162,6418,+2.70,69.17204311483076
20221005,82.0,83.5,81.3,81.9,21662993,1781644489,10795,+2.10,70.99236003890525
20221006,82.6,83.0,82.0,82.8,12345798,1019935192,5901,+0.90,71.7724958635086
20221007,82.1,82.7,81.3,82.0,9985575,818795089,6071,-0.80,71.07904179719452
20221011,78.0,78.0,74.6,74.6,30297562,2291966632,18874,-7.40,64.66459168378915
20221012,73.7,74.6,72.5,73.2,20976848,1538717398,13208,-1.40,63.45104706773949
20221013,73.3,74.1,71.5,72.4,17183778,1246456266,9715,-0.80,62.757593001425406
20221014,74.4,76.2,74.4,75.8,16191423,1221234411,9466,+3.40,65.70477278326028
20221017,74.6,76.3,74.2,76.2,12957210,975072394,6450,+0.40,66.05149981641735
20221018,77.5,77.8,75.0,76.1,22542582,1712825497,10139,-0.10,65.96481805812807
20221019,75.3,76.1,74.7,74.9,12228866,921553817,6711,-1.20,64.92463695865695
20221020,73.9,76.2,73.8,76.0,19824975,1493350592,6089,+1.10,65.87813629983881
20221021,76.0,77.4,75.5,76.3,11259389,862561776,5649,+0.30,66.1381815747066
20221024,77.9,78.4,77.5,77.7,10772045,839358204,5855,+1.40,67.35172619075627
20221025,78.0,78.0,75.9,77.3,14580513,1121888477,6209,-0.40,67.00499915759922
20221026,77.6,77.9,76.6,76.9,9378531,724924782,4971,-0.40,66.65827212444218
20221027,77.4,78.8,77.1,78.7,10921788,854136261,5467,+1.80,68.21854377364888
20221028,79.0,80.7,78.3,80.7,17573476,1404621750,9170,+2.00,69.95217893943412
20221031,81.0,81.2,78.7,80.4,13695554,1095724369,8981,-0.30,69.69213366456633
20221101,79.9,80.5,79.2,80.0,7941201,634932629,4908,-0.40,69.34540663140929
20221102,80.6,80.6,79.4,80.0,7624453,610482026,4215, 0.00,69.34540663140929
20221103,78.3,79.7,78.3,79.5,10077517,797478721,4999,-0.50,68.91199783996296
20221104,79.0,80.9,78.8,80.5,8023250,641958366,4060,+1.00,69.77881542285559
20221107,82.5,84.5,81.9,84.5,19519511,1628876051,10386,+4.00,73.24608575442603
20221108,85.0,85.0,83.9,84.4,11643952,982490755,7545,-0.10,73.1594039961368
20221109,85.3,86.8,85.3,86.8,16103251,1390053937,8733,+2.40,75.23976619507906
20221110,85.8,86.7,85.5,86.5,7384370,635568014,5461,-0.30,74.97972092021128
20221111,90.8,91.7,88.8,90.4,24810026,2245896403,14896,+3.90,78.36030949349248
20221114,91.5,92.3,91.1,91.7,16350682,1498976904,13059,+1.30,79.4871723512529
20221115,91.1,93.3,91.0,92.8,20371160,1882075057,11041,+1.10,80.44067169243475
20221116,92.6,94.2,92.3,93.6,17692153,1652680401,11371,+0.80,81.13412575874885
20221117,92.5,93.5,92.0,93.5,9168665,851459380,6510,-0.10,81.04744400045959
20221118,94.4,94.9,93.7,94.9,12535502,1185087426,7322,+1.40,82.26098861650927
20221121,95.5,95.5,93.6,94.2,8263351,779854447,5444,-0.70,81.65421630848442
20221122,94.3,94.8,93.2,94.8,8025294,756941160,4750,+0.60,82.17430685821998
20221123,95.5,96.0,95.3,95.8,9040282,865420137,5960,+1.00,83.04112444111261
20221124,96.5,96.7,95.4,96.4,7076106,679703558,8463,+0.60,83.56121499084819
20221125,96.0,96.6,95.3,96.1,10453961,1005338237,6927,-0.30,83.3011697159804
20221128,94.4,95.4,94.1,94.6,5952811,564139843,4785,-1.50,82.00094334164147
20221129,94.7,95.5,93.6,95.4,6227824,590227099,4487,+0.80,82.69439740795558
20221130,96.4,97.2,95.1,97.2,13641627,1320148184,5986,+1.80,84.25466905716227
20221201,99.0,102.0,98.7,101.5,25638964,2571493463,14275,+4.30,87.98198466360053
20221202,100.0,101.0,99.8,101.0,11929118,1199012408,5244,-0.50,87.54857587215422
20221205,101.5,102.5,100.0,101.0,12260584,1243800849,6602, 0.00,87.54857587215422
20221206,100.5,101.0,99.1,99.7,8735192,874377253,5760,-1.30,86.42171301439383
20221207,99.7,100.5,98.4,99.0,16323419,1622314242,7901,-0.70,85.81494070636899
20221208,99.0,99.3,96.1,97.0,11521712,1118718178,21780,-2.00,84.08130554058374
20221209,98.3,99.6,98.1,99.5,13184909,1305875458,8190,+2.50,86.2483494978153
20221212,99.0,99.2,97.3,98.1,11332812,1110270001,11973,-1.40,85.03480488176562
20221213,98.5,98.7,95.8,96.3,16942887,1638271612,31893,-1.80,83.47453323255891
20221214,96.7,98.0,96.2,98.0,16460360,1598674979,12555,+1.70,84.94812312347638
20221215,97.0,98.5,96.3,98.2,13009727,1271887018,6979,+0.20,85.1214866400549
20221216,96.4,97.5,96.1,96.2,26614188,2567632026,15420,-2.00,83.38785147426965
20221219,95.1,96.3,94.9,95.8,22989494,2197369298,10975,-0.40,83.04112444111261
20221220,94.6,95.2,93.3,93.5,24962587,2345162920,11261,-2.30,81.04744400045959
20221221,93.5,95.5,93.5,95.3,21833740,2076683700,8137,+1.80,82.6077156496663
20221222,95.9,97.3,95.4,97.3,23120001,2233662707,10470,+2.00,84.34135081545153
20221223,95.3,95.3,93.4,93.8,11869641,1114083301,8822,-3.50,81.30748927532738
20221226,93.8,94.0,93.0,94.0,3654377,342256331,2357,+0.20,81.4808527919059
20221227,94.5,94.9,94.2,94.5,3642219,344435527,2436,+0.50,81.91426158335221
20221228,93.7,94.3,93.2,93.5,5060834,473628963,3292,-1.00,81.04744400045959
20221229,92.6,93.8,92.1,93.8,4744988,440912266,2931,+0.30,81.30748927532738
20221230,94.6,94.8,93.8,93.9,4331987,407658718,2101,+0.10,81.39417103361664
20230103,93.3,94.8,92.3,94.6,7290490,684130154,4431,+0.70,82.00094334164147
20230104,94.0,94.5,93.7,93.7,4799326,450846381,3540,-0.90,81.22080751703812
20230105,94.5,95.9,94.2,94.6,9171903,869166075,4629,+0.90,82.00094334164147
20230106,95.0,97.0,94.6,96.8,15827922,1520917040,8379,+2.20,83.90794202400522
20230109,99.4,101.0,98.5,101.0,19969817,1994271181,13309,+4.20,87.54857587215422
20230110,101.0,101.5,100.5,101.5,13759427,1391507951,8103,+0.50,87.98198466360053
20230111,101.5,102.0,100.5,100.5,11623546,1174470626,5275,-1.00,87.1151670807079
20230112,101.0,101.5,100.0,101.0,8909848,898378122,7180,+0.50,87.54857587215422
20230113,101.5,102.0,100.5,101.0,10443305,1056918890,5724, 0.00,87.54857587215422
20230116,101.5,101.5,100.5,101.0,5054884,510929991,3040, 0.00,87.54857587215422
20230117,101.0,101.5,100.5,101.5,9199931,932516026,4589,+0.50,87.98198466360053
20230130,106.0,106.0,103.5,105.0,26417108,2766238869,12380,+3.50,91.01584620372466
20230131,104.0,104.0,100.0,100.0,19693328,1987782417,15375,-5.00,86.6817582892616
20230201,101.0,102.0,99.3,102.0,14739283,1485812606,8448,+2.00,88.41539345504683
20230202,103.0,104.5,102.0,103.0,19590341,2025008655,7898,+1.00,89.28221103793945
20230203,103.5,106.0,102.5,106.0,27897010,2936207371,12603,+3.00,91.8826637866173
20230206,104.5,105.0,102.5,103.5,10555691,1094507317,5515,-2.50,89.71561982938574
20230207,104.0,104.5,103.0,103.5,9382779,972119733,4367, 0.00,89.71561982938574
20230208,104.0,106.0,104.0,106.0,10833699,1141591849,5619,+2.50,91.8826637866173
20230209,104.5,107.0,104.5,106.0,17813034,1891688171,7560, 0.00,91.8826637866173
20230210,106.5,107.5,104.0,106.0,20085819,2120263906,7087, 0.00,91.8826637866173
20230213,105.0,105.5,103.0,104.0,10890587,1130203043,5332,-2.00,90.14902862083207
20230214,104.5,105.0,102.5,104.5,14474710,1501320174,5340,+0.50,90.58243741227837
20230215,104.0,105.0,103.5,104.5,12560725,1309760261,5618, 0.00,90.58243741227837
20230216,105.0,105.5,104.0,104.0,11023824,1151326784,4925,-0.50,90.14902862083207
20230217,103.5,104.0,102.0,102.0,11149698,1141306216,4151,-2.00,88.41539345504683
20230220,101.5,103.0,101.5,103.0,9596780,982801074,5136,+1.00,89.28221103793945
20230221,103.0,103.0,102.0,102.5,5530215,566379436,3342,-0.50,88.84880224649314
20230222,101.5,103.0,101.0,102.5,8309714,848290298,3724, 0.00,88.84880224649314
20230223,103.0,104.5,102.0,103.5,12007622,1243222518,5093,+1.00,89.71561982938574
20230224,104.5,107.5,104.0,106.0,26117843,2773176539,11133,+2.50,91.8826637866173
20230301,104.5,106.5,104.5,106.0,9510377,1004798570,5519, 0.00,91.8826637866173
20230302,106.0,108.5,105.5,108.0,13995710,1503657101,7671,+2.00,93.61629895240253
20230303,108.0,109.0,107.0,108.0,7394559,798263036,3836, 0.00,93.61629895240253
20230306,109.0,109.0,108.0,109.0,6938581,754240798,5112,+1.00,94.48311653529514
20230307,109.0,111.0,108.0,110.5,14411314,1586521437,6886,+1.50,95.78334290963406
20230308,109.5,110.0,108.5,109.5,7886534,861885596,3823,-1.00,94.91652532674145
20230309,110.0,110.5,108.0,109.0,6514005,711792055,3374,-0.50,94.48311653529514
20230310,107.5,107.5,106.0,107.0,9975784,1066242243,5856,-2.00,92.74948136950991
20230313,106.0,109.0,106.0,108.5,10397040,1118381678,4954,+1.50,94.04970774384883
20230314,108.0,110.0,106.5,107.0,17203402,1856946631,8160,-1.50,92.74948136950991
20230315,108.5,110.0,107.5,108.5,14883730,1613175638,6488,+1.50,94.04970774384883
20230316,108.0,108.5,106.5,108.0,9365443,1005043905,4063,-0.50,93.61629895240253
20230317,109.5,110.0,107.5,109.5,18700902,2037784772,4506,+1.50,94.91652532674145
20230320,109.0,109.5,108.0,109.5,10686224,1163088989,4148, 0.00,94.91652532674145
20230321,110.0,110.5,106.5,107.0,10377253,1116880008,5726,-2.50,92.74948136950991
20230322,108.0,109.0,107.0,109.0,12485009,1351756976,6820,+2.00,94.48311653529514
20230323,109.0,111.0,108.5,110.5,12381422,1360237163,6400,+1.50,95.78334290963406
20230324,111.0,111.5,110.0,111.0,12924350,1432101882,5859,+0.50,96.21675170108037
20230327,111.0,111.0,108.5,109.0,12035207,1319158652,7042,-2.00,94.48311653529514
20230328,109.0,110.0,108.5,109.5,12220446,1338649477,5004,+0.50,94.91652532674145
20230329,110.0,112.5,109.5,111.5,16802078,1872192937,8758,+2.00,96.65016049252668
20230330,113.0,113.0,111.5,112.5,13796791,1550769874,6367,+1.00,97.5169780754193
20230331,113.5,114.5,111.5,112.5,19517221,2201446472,9873, 0.00,97.5169780754193
20230406,113.0,113.0,112.0,112.5,11188358,1257335889,6607, 0.00,97.5169780754193
20230407,113.0,113.0,110.0,110.5,9549199,1058804947,5996,-2.00,95.78334290963406
20230410,110.0,110.5,108.0,109.0,12766099,1389881491,8384,-1.50,94.48311653529514
20230411,109.0,109.5,108.0,109.0,11051528,1202653421,5102, 0.00,94.48311653529514
20230412,109.0,110.0,107.5,109.0,15803458,1718295758,6759, 0.00,94.48311653529514
20230413,107.0,107.5,103.0,103.5,39740560,4152871743,21365,-5.50,89.71561982938574
20230414,104.5,106.0,103.5,105.5,14230173,1497709106,7528,+2.00,91.44925499517099
20230417,105.5,106.5,104.5,106.0,6549994,692494193,3515,+0.50,91.8826637866173
20230418,106.0,106.5,105.0,105.5,5967014,630313381,3483,-0.50,91.44925499517099
20230419,105.5,105.5,103.0,103.5,11251951,1169705446,7646,-2.00,89.71561982938574
20230420,102.5,104.5,102.5,103.5,11745035,1217895467,4627, 0.00,89.71561982938574
20230421,102.5,104.0,102.5,102.5,19738692,2030414469,8469,-1.00,88.84880224649314
20230424,102.0,103.0,102.0,102.0,10552850,1079691783,5058,-0.50,88.41539345504683
20230425,103.0,103.0,101.0,101.5,10444150,1063208331,7201,-0.50,87.98198466360053
20230426,100.5,101.0,99.2,100.5,18181769,1820104581,11675,-1.00,87.1151670807079
20230427,100.0,102.0,99.8,101.0,11117510,1121415670,5640,+0.50,87.54857587215422
20230428,100.0,101.5,99.9,101.0,15262375,1536115100,6882, 0.00,87.54857587215422
20230502,101.0,102.0,99.5,100.5,13169531,1325924398,7238,-0.50,87.1151670807079
20230503,101.0,102.0,100.0,101.5,12102383,1220994490,5693,+1.00,87.98198466360053
20230504,101.5,103.5,101.0,103.0,9845614,1010580467,4686,+1.50,89.28221103793945
20230505,103.5,104.0,103.0,103.0,3634424,375296786,2334, 0.00,89.28221103793945
20230508,103.5,104.5,103.0,104.0,5299823,550851526,3049,+1.00,90.14902862083207
20230509,104.0,105.0,103.0,104.5,6401427,667091729,3700,+0.50,90.58243741227837
20230510,104.0,104.0,102.0,102.5,10108345,1037250031,5936,-2.00,88.84880224649314
20230511,103.0,104.0,102.5,103.5,5165418,533836126,3047,+1.00,89.71561982938574
20230512,102.5,103.5,102.0,103.0,10708388,1100197353,4485,-0.50,89.28221103793945
20230515,102.5,103.5,102.5,103.0,6834240,704195571,3570, 0.00,89.28221103793945
20230516,104.0,105.0,103.5,104.0,11984824,1249706468,6205,+1.00,90.14902862083207
20230517,104.5,106.5,104.0,105.5,17347476,1834646098,8894,+1.50,91.44925499517099
20230518,107.0,110.0,107.0,109.0,21736309,2357698424,12453,+3.50,94.48311653529514
20230519,109.5,109.5,108.0,109.0,9749021,1063352231,5691, 0.00,94.48311653529514
20230522,109.5,110.5,108.5,110.0,16689505,1834728615,8276,+1.00,95.34993411818778
20230523,110.0,111.0,108.0,110.0,13643989,1501308151,5651, 0.00,95.34993411818778
20230524,109.0,109.5,108.0,108.5,17089121,1856630945,9386,-1.50,94.04970774384883
20230525,110.0,112.0,108.5,108.5,39489844,4332945104,9454, 0.00,94.04970774384883
20230526,109.0,111.5,109.0,110.5,42183475,4662480379,14102,+2.00,95.78334290963406
20230529,112.0,112.0,108.5,109.0,35991828,3943385469,13402,-1.50,94.48311653529514
20230530,109.5,113.0,109.0,111.5,36148027,4031019604,12555,+2.50,96.65016049252668
20230531,110.5,112.5,110.5,111.5,42194485,4706679449,6330, 0.00,96.65016049252668
20230601,111.5,112.5,111.0,112.0,12924520,1446538554,5471,+0.50,97.08356928397299
20230602,114.0,117.0,113.5,116.5,36343170,4208527788,14723,+4.50,100.98424840698978
20230605,118.0,119.0,115.5,116.5,21796969,2541043767,9376, 0.00,100.98424840698978
20230606,117.0,122.0,116.0,121.5,41303758,4956100833,17346,+5.00,105.31833632145285
20230607,124.0,127.5,123.0,125.0,43029977,5379978057,20804,+3.50,108.352197861577
20230608,123.5,125.0,122.0,122.5,18537880,2284234976,10301,-2.50,106.18515390434546
20230609,124.5,126.5,123.0,126.0,20404110,2548544596,9685,+3.50,109.21901544446962
20230612,127.0,127.0,124.5,125.5,18984185,2385950607,8649,-0.50,108.7856066530233
20230613,127.0,128.0,126.0,128.0,22003234,2804718392,10617,+2.50,110.95265061025485
20230614,126.5,127.0,124.5,124.5,18074145,2263939962,11183,-3.50,107.9187890701307
20230615,125.0,127.5,125.0,126.5,13960906,1759761188,6974,+2.00,109.65242423591593
20230616,125.0,126.0,124.0,125.5,14470505,1811216674,6291,-1.00,108.7856066530233
20230619,125.0,127.0,124.5,126.5,9263980,1169684348,5536,+1.00,109.65242423591593
20230620,126.5,127.5,125.0,126.5,10051982,1270835556,4767, 0.00,109.65242423591593
20230621,125.5,127.0,125.5,126.5,11745793,1484392178,6193, 0.00,109.65242423591593
20230626,125.5,127.0,124.0,126.0,21322724,2681169023,7424,-0.50,109.21901544446962
20230627,126.0,126.0,122.0,124.0,33110538,4118465576,8760,-2.00,107.48538027868437
20230628,122.5,124.5,121.5,124.0,23979355,2957180217,7382, 0.00,107.48538027868437
20230629,124.0,124.0,121.5,122.5,24174883,2962360306,8814,-1.50,106.18515390434546
20230630,113.5,113.5,109.0,110.5,43832361,4931135977,12540,X0.00,103.1904544797704
20230703,111.0,112.0,109.5,111.0,20227829,2230468063,11681,+0.50,103.65737961316303
20230704,110.5,111.5,109.5,111.0,16598637,1835491909,7275, 0.00,103.65737961316303
20230705,110.5,112.5,110.5,111.5,12598383,1402788910,6556,+0.50,104.12430474655565
20230706,110.5,111.0,108.0,108.5,16720512,1825643992,9567,-3.00,101.3227539461999
20230707,109.0,109.5,108.0,109.0,20322070,2215622785,8572,+0.50,101.78967907959252
20230710,109.0,111.0,107.5,108.0,17434182,1891771968,8231,-1.00,100.85582881280726
20230711,109.5,111.0,108.5,109.5,15952565,1747229883,6740,+1.50,102.25660421298515
20230712,109.5,110.0,107.0,110.0,18198728,1977742618,8016,+0.50,102.72352934637776
20230713,112.0,112.0,110.0,110.0,14108179,1562245048,7884, 0.00,102.72352934637776
20230714,111.0,116.0,111.0,115.0,20258640,2314630992,12155,+5.00,107.39278068030403
20230717,116.5,116.5,114.0,115.0,19330700,2225935375,11413, 0.00,107.39278068030403
20230718,117.0,118.0,113.0,116.0,23143059,2666530875,12918,+1.00,108.32663094708928
20230719,116.0,116.5,112.5,112.5,16730252,1906025266,10680,-3.50,105.0581550133409
20230720,112.5,114.0,111.5,113.5,10713825,1209410969,6753,+1.00,105.99200528012615
20230721,110.0,111.5,109.0,110.5,19571553,2159481864,11494,-3.00,103.1904544797704
20230724,111.0,111.5,110.0,110.5,10047335,1112441423,4501, 0.00,103.1904544797704
20230725,112.0,116.5,111.5,114.5,16262667,1862775894,8557,+4.00,106.9258555469114
20230726,115.5,116.0,113.0,113.5,8171382,930833409,4697,-1.00,105.99200528012615
20230727,112.5,114.0,111.5,114.0,11871077,1342669290,5959,+0.50,106.45893041351879
20230728,116.0,119.0,115.5,117.5,28371729,3332301556,16742,+3.50,109.72740634726716
20230731,118.0,118.5,114.0,114.5,23313210,2692462543,10766,-3.00,106.9258555469114
20230801,114.5,115.5,112.0,114.0,19842630,2254040245,11109,-0.50,106.45893041351879
20230802,112.5,113.0,109.5,110.5,24601863,2726566498,13831,-3.50,103.1904544797704
20230804,109.5,111.0,108.5,109.0,12509330,1368564281,7560,-1.50,101.78967907959252
20230807,109.0,111.5,108.5,111.5,5088307,562353257,3183,+2.50,104.12430474655565
20230808,111.5,111.5,108.5,109.0,10041596,1097429638,6046,-2.50,101.78967907959252
20230809,109.0,111.5,109.0,111.0,11429727,1261801723,5027,+2.00,103.65737961316303
20230810,110.5,111.0,109.0,111.0,19747314,2176058907,4969, 0.00,103.65737961316303
20230811,110.5,112.0,110.0,110.5,8392456,929105899,3647,-0.50,103.1904544797704
20230814,110.0,111.0,109.0,109.5,8657107,949672929,3826,-1.00,102.25660421298515
20230815,110.5,111.5,109.0,110.0,11101013,1223626513,5489,+0.50,102.72352934637776
20230816,109.0,109.5,107.0,108.0,11566210,1247462808,7639,-2.00,100.85582881280726
20230817,106.0,109.0,104.0,108.5,14322782,1527951257,7391,+0.50,101.3227539461999
20230818,108.0,108.5,106.5,107.0,8135184,872707966,4765,-1.50,99.92197854602202
20230821,107.5,108.0,106.5,108.0,5196161,557452510,4053,+1.00,100.85582881280726
20230822,108.5,109.5,107.5,108.5,6431141,697174952,3219,+0.50,101.3227539461999
20230823,107.5,109.5,107.5,109.5,4366110,476444481,3028,+1.00,102.25660421298515
20230824,111.0,114.0,111.0,113.0,16810682,1895290130,8832,+3.50,105.52508014673353
20230825,111.0,118.0,111.0,116.5,39232639,4561917303,18161,+3.50,108.79355608048192
20230828,121.0,124.5,117.0,119.0,37165127,4484758582,22084,+2.50,111.12818174744504
20230829,119.0,119.5,116.0,117.5,19687306,2310729975,11802,-1.50,109.72740634726716
20230830,119.0,121.0,118.0,120.0,18359728,2187521277,8649,+2.50,112.0620320142303
20230831,119.0,119.5,116.5,118.0,19007667,2240664996,7308,-2.00,110.19433148065978
20230901,118.0,118.5,117.5,118.5,4294060,507314887,3124,+0.50,110.66125661405242
20230904,118.5,118.5,116.0,118.0,8537020,1002105657,5403,-0.50,110.19433148065978
20230905,117.0,119.0,115.5,118.5,9916916,1164033466,5256,+0.50,110.66125661405242
20230906,118.5,119.5,117.0,118.0,11349761,1343830234,5774,-0.50,110.19433148065978
20230907,117.0,119.5,117.0,118.5,8898465,1054483360,4209,+0.50,110.66125661405242
20230908,117.0,117.5,114.0,116.5,13351696,1544491311,6565,-2.00,108.79355608048192
20230911,116.0,116.5,113.0,113.5,15969459,1821861255,7683,-3.00,105.99200528012615
20230912,114.5,116.0,114.0,115.5,13364085,1540435627,5798,+2.00,107.85970581369666
20230913,115.5,115.5,111.5,112.5,20217408,2281934748,10348,-3.00,105.0581550133409
20230914,113.5,116.0,113.5,115.5,10224966,1175939982,5516,+3.00,107.85970581369666
20230915,115.5,117.5,115.0,116.0,14514782,1690870620,5238,+0.50,108.32663094708928
20230918,114.0,115.5,113.5,113.5,8967051,1023496599,5139,-2.50,105.99200528012615
20230919,113.5,115.5,113.5,114.0,6323243,725021461,4299,+0.50,106.45893041351879
20230920,115.0,116.0,113.5,114.5,10826818,1241447572,4768,+0.50,106.9258555469114
20230921,113.5,114.0,111.5,112.0,12231216,1376530160,6761,-2.50,104.59122987994827
20230922,111.0,113.0,110.5,112.0,9049171,1012463741,4878, 0.00,104.59122987994827
20230925,112.5,114.0,111.5,112.5,9411882,1060021715,5407,+0.50,105.0581550133409
20230926,111.5,111.5,108.5,109.0,16530308,1815206591,11660,-3.50,101.78967907959252
20230927,107.5,110.0,107.5,109.5,12112716,1318717320,6604,+0.50,102.25660421298515
20230928,109.5,110.0,109.0,109.5,8856747,969353166,4239, 0.00,102.25660421298515
20231002,110.5,111.5,110.0,111.0,5348234,593484958,3603,+1.50,103.65737961316303
20231003,110.5,111.5,110.0,110.5,4598381,508912872,3132,-0.50,103.1904544797704
20231004,109.0,110.5,108.5,109.5,8610714,942653115,5092,-1.00,102.25660421298515
20231005,110.0,112.0,109.5,112.0,9622467,1067039390,4920,+2.50,104.59122987994827
20231006,112.0,112.0,110.5,110.5,5232169,580728541,3624,-1.50,103.1904544797704
20231011,113.0,116.0,112.5,115.5,23041202,2643123645,11674,+5.00,107.85970581369666
20231012,116.0,118.0,114.5,116.5,15615147,1814613442,6952,+1.00,108.79355608048192
20231013,115.5,117.0,114.5,116.5,10496012,1220009155,6086, 0.00,108.79355608048192
20231016,115.0,116.0,114.0,116.0,9270787,1069471109,3933,-0.50,108.32663094708928
20231017,117.0,117.5,116.0,116.0,12562645,1467260542,5481, 0.00,108.32663094708928
20231018,116.0,117.5,114.5,116.0,20795721,2420585953,7275, 0.00,108.32663094708928
20231019,115.5,116.0,113.5,116.0,13187402,1516446232,4918, 0.00,108.32663094708928
20231020,115.0,118.5,115.0,118.5,20815894,2445064976,9468,+2.50,110.66125661405242
20231023,117.5,117.5,115.0,115.0,9923830,1152510367,4802,-3.50,107.39278068030403
20231024,114.5,114.5,113.0,114.0,10705176,1217138508,6192,-1.00,106.45893041351879
20231025,113.0,114.5,112.0,114.0,15404064,1748279308,6801, 0.00,106.45893041351879
20231026,111.0,113.5,110.0,112.0,16476619,1848364639,7276,-2.00,104.59122987994827
20231027,111.0,114.5,111.0,113.5,13488055,1531265670,5511,+1.50,105.99200528012615
20231030,113.0,113.5,111.0,112.0,15678303,1759774460,5897,-1.50,104.59122987994827
20231031,112.0,114.0,112.0,113.5,12503136,1415547567,4524,+1.50,105.99200528012615
20231101,113.0,115.0,113.0,114.5,7736360,883379261,3829,+1.00,106.9258555469114
20231102,115.0,116.0,114.5,116.0,8352773,965538317,4951,+1.50,108.32663094708928
20231103,116.5,117.5,116.0,117.5,9529354,1113050125,4340,+1.50,109.72740634726716
20231106,118.5,119.5,117.5,118.5,13806296,1637903280,7327,+1.00,110.66125661405242
20231107,118.0,118.5,116.5,117.5,6978576,818317880,3241,-1.00,109.72740634726716
20231108,117.0,118.5,116.5,117.5,4908665,576864725,2439, 0.00,109.72740634726716
20231109,117.0,118.5,117.0,118.0,5936369,699831470,2624,+0.50,110.19433148065978
20231110,117.5,118.0,116.5,117.5,4999302,587015943,2998,-0.50,109.72740634726716
20231113,120.5,123.5,120.0,122.5,26087351,3183109916,13368,+5.00,114.39665768119342
20231114,123.5,124.0,122.0,123.5,13626723,1681243372,7053,+1.00,115.33050794797867
20231115,125.0,127.0,124.5,126.0,22806686,2865741511,11638,+2.50,117.66513361494181
20231116,126.0,126.0,124.0,125.0,10675265,1335132893,6066,-1.00,116.73128334815655
20231117,124.5,126.0,124.0,125.5,6858583,858266275,3907,+0.50,117.19820848154919
20231120,125.0,125.0,123.0,124.0,7344950,910055933,4198,-1.50,115.79743308137131
20231121,124.5,128.0,124.0,127.0,20869365,2645589621,9817,+3.00,118.59898388172705
20231122,125.5,127.0,125.5,126.5,7870143,995514765,5958,-0.50,118.13205874833444
20231123,126.0,127.5,126.0,127.0,6524393,828327111,3379,+0.50,118.59898388172705
20231124,127.0,128.0,126.5,126.5,6825180,866983681,3184,-0.50,118.13205874833444
20231127,126.5,128.0,126.0,126.0,8090362,1024789902,4141,-0.50,117.66513361494181
20231128,126.0,126.5,125.0,125.5,10784284,1355161387,4773,-0.50,117.19820848154919
20231129,125.5,128.0,125.0,127.0,13711845,1741560133,5456,+1.50,118.59898388172705
20231130,127.0,128.0,126.0,128.0,19196027,2449038870,5693,+1.00,119.53283414851231
20231201,127.0,128.5,126.5,128.0,9913888,1266726599,4884, 0.00,119.53283414851231
20231204,129.0,131.0,129.0,130.0,12762171,1657946265,6551,+2.00,121.40053468208282
20231205,129.0,130.0,128.0,129.5,11959111,1544707825,4702,-0.50,120.93360954869019
20231206,128.5,129.0,127.0,129.0,8223323,1057158325,4587,-0.50,120.46668441529758
20231207,129.0,129.0,125.5,126.5,9652737,1221808969,4741,-2.50,118.13205874833444
20231208,128.0,130.5,127.5,129.5,14457055,1870620054,6024,+3.00,120.93360954869019
20231211,130.0,131.5,129.0,131.0,10308034,1343233696,4440,+1.50,122.33438494886808
20231212,131.0,131.5,129.0,129.5,9137338,1188695013,3840,-1.50,120.93360954869019
20231213,129.5,131.0,129.0,130.0,7058633,917116915,3039,+0.50,121.40053468208282
20231214,132.0,133.5,131.0,133.5,13735853,1825545290,7446,+3.50,124.6690106158312
20231215,133.5,134.0,131.0,131.0,15429867,2035310895,5646,-2.50,122.33438494886808
20231218,129.0,133.0,129.0,131.5,9756798,1282463442,4459,+0.50,122.8013100822607
20231219,131.5,132.0,130.0,131.5,10788553,1411151765,5591, 0.00,122.8013100822607
20231220,133.0,133.5,130.5,131.5,15216866,2005702527,5751, 0.00,122.8013100822607
20231221,129.5,131.0,128.5,130.0,11802905,1533743593,4360,-1.50,121.40053468208282
20231222,130.5,132.0,129.5,131.5,8935416,1168712283,3345,+1.50,122.8013100822607
20231225,131.5,132.0,130.0,131.0,5178664,677972347,2840,-0.50,122.33438494886808
20231226,132.0,133.5,132.0,132.5,5268272,697317358,2756,+1.50,123.73516034904596
20231227,133.0,134.0,132.5,133.5,7427383,990771380,3950,+1.00,124.6690106158312
20231228,134.0,135.5,134.0,135.5,6918912,932916030,4177,+2.00,126.53671114940171
20231229,136.0,136.5,133.0,135.0,8366075,1124699570,3799,-0.50,126.06978601600909
20240102,134.5,135.0,132.0,133.5,12019110,1601195172,4510,-1.50,124.6690106158312
20240103,130.5,130.5,125.5,126.5,25860847,3278358187,14047,-7.00,118.13205874833444
20240104,126.5,128.0,126.0,127.0,8411551,1067838819,4548,+0.50,118.59898388172705
20240105,127.0,127.5,125.0,126.5,12260548,1548164796,6355,-0.50,118.13205874833444
20240108,126.5,128.0,125.5,126.0,8384360,1059101480,3880,-0.50,117.66513361494181
20240109,128.0,128.0,125.5,126.5,12994852,1641701014,4482,+0.50,118.13205874833444
20240110,126.0,126.5,124.0,126.5,9430462,1181506117,5615, 0.00,118.13205874833444
20240111,126.5,126.5,125.0,125.5,6357339,797646581,3987,-1.00,117.19820848154919
20240112,126.0,126.0,125.0,126.0,5057703,634965474,3241,+0.50,117.66513361494181
20240115,128.0,128.0,125.0,125.5,6009656,757331965,2952,-0.50,117.19820848154919
20240116,124.5,126.5,123.0,125.5,10910099,1362946921,5159, 0.00,117.19820848154919
20240117,124.0,126.0,123.5,125.0,14052084,1753668592,5732,-0.50,116.73128334815655
20240118,125.0,128.5,123.0,127.0,12981022,1643098101,6050,+2.00,118.59898388172705
20240119,131.0,131.5,129.0,131.0,21835527,2845390044,7989,+4.00,122.33438494886808
20240122,131.5,134.5,131.0,134.5,16701370,2223735636,8572,+3.50,125.60286088261645
20240123,135.5,135.5,134.0,134.5,9511051,1281763985,5719, 0.00,125.60286088261645
20240124,135.0,135.5,133.5,134.0,5075759,680751878,3521,-0.50,125.13593574922383
20240125,134.5,137.0,134.0,137.0,8724990,1187299879,5904,+3.00,127.93748654957959
20240126,137.0,138.0,136.0,137.0,6023550,824386230,3450, 0.00,127.93748654957959
20240129,137.0,137.5,136.5,137.0,3413937,467449120,2560, 0.00,127.93748654957959
20240130,137.0,137.0,135.0,136.0,6893913,938854703,3612,-1.00,127.00363628279432
20240131,135.0,136.5,134.5,136.0,8079753,1096794079,3793, 0.00,127.00363628279432
20240201,135.0,135.0,132.0,133.0,13577327,1806455965,6436,-3.00,124.20208548243858
20240202,132.0,132.5,129.0,129.5,16768274,2180708224,9670,-3.50,120.93360954869019
20240205,128.0,130.5,126.5,130.0,11087795,1427842809,6009,+0.50,121.40053468208282
20240215,136.5,137.0,134.0,135.5,15478578,2099552241,8652,+5.50,126.53671114940171
20240216,140.0,144.0,135.5,137.0,20623924,2876703700,12373,+1.50,127.93748654957959
20240219,137.0,138.0,135.5,136.0,7086840,966673075,4346,-1.00,127.00363628279432
20240220,135.5,137.5,135.0,137.0,9486788,1294700263,5297,+1.00,127.93748654957959
20240221,136.5,138.0,136.0,137.5,8458363,1161021439,3788,+0.50,128.40441168297224
20240222,138.0,140.5,138.0,138.5,8756502,1216122616,4883,+1.00,129.33826194975745
20240223,140.0,143.0,139.0,141.5,14529747,2053436961,8916,+3.00,132.13981275011324
20240226,141.0,142.0,140.0,141.5,8066268,1139129826,4922, 0.00,132.13981275011324
20240227,140.5,141.0,138.0,138.0,9964087,1382709663,5941,-3.50,128.87133681636485
20240229,135.5,140.0,135.5,139.0,12239939,1692216482,4908,+1.00,129.8051870831501
20240301,139.0,140.0,137.5,138.0,8617355,1195650395,4408,-1.00,128.87133681636485
20240304,139.0,142.5,139.0,141.5,13246671,1874157199,7885,+3.50,132.13981275011324
20240305,141.5,145.0,141.5,144.5,13825064,1988928811,7357,+3.00,134.94136355046896
20240306,144.5,149.5,144.0,149.0,16828102,2477953871,9292,+4.50,139.14368975100263
20240307,155.0,163.5,152.5,163.5,45000014,7074230070,19777,+14.50,152.68451861938877
20240308,177.0,177.0,157.0,159.5,74505531,12446975260,44874,-4.00,148.94911755224777
20240311,159.0,159.0,152.0,154.0,26235961,4046230229,16886,-5.50,143.8129410849289
20240312,154.0,158.0,153.0,157.5,14017278,2188976014,8414,+3.50,147.08141701867729
20240313,158.5,160.0,155.5,158.5,18553200,2927571039,10099,+1.00,148.0152672854625
20240314,156.5,157.0,152.0,154.0,15313367,2353423453,9738,-4.50,143.8129410849289
20240315,150.5,154.5,149.0,153.0,23988333,3662058069,8617,-1.00,142.87909081814362
20240318,153.5,158.5,153.5,158.0,15685745,2456412511,8227,+5.00,147.5483421520699
20240319,158.0,160.5,155.5,160.0,19427660,3080019343,10371,+2.00,149.4160426856404
20240320,158.5,161.0,156.0,156.5,15452841,2442499829,8998,-3.50,146.14756675189201
20240321,157.5,161.0,156.5,160.0,16675102,2648301269,7465,+3.50,149.4160426856404
20240322,160.0,160.0,157.5,159.0,10993503,1744739870,5950,-1.00,148.48219241885513
20240325,159.0,159.0,155.5,157.5,11869094,1862733076,5846,-1.50,147.08141701867729
20240326,157.5,159.0,153.0,157.0,12618089,1969046351,6102,-0.50,146.61449188528462
20240327,155.0,156.0,152.5,154.0,18508769,2849082107,8983,-3.00,143.8129410849289
20240328,155.0,156.0,152.5,155.0,17817174,2748139703,9834,+1.00,144.74679135171414
20240329,154.0,163.0,152.0,161.0,32110306,5102679004,16264,+6.00,150.34989295242565
20240401,159.5,160.0,150.0,150.0,26235319,3994826449,26079,-11.00,140.07754001778787
20240402,151.5,155.5,151.0,153.5,17175803,2631105852,8821,+3.50,143.34601595153623
20240403,154.0,155.0,152.0,154.5,14631687,2248103413,6119,+1.00,144.2798662183215
20240408,157.0,157.0,151.5,153.0,15550071,2386021398,6935,-1.50,142.87909081814362
20240409,154.0,157.0,152.5,156.0,12511039,1936948924,6648,+3.00,145.68064161849938
20240410,157.5,159.0,156.5,158.5,18823083,2973830944,8674,+2.50,148.0152672854625
20240411,156.0,159.0,156.0,159.0,14976639,2361685445,5789,+0.50,148.48219241885513
20240412,158.0,161.0,158.0,160.5,15093493,2413976677,6619,+1.50,149.882967819033
20240415,157.0,162.0,155.5,160.0,15814033,2507667157,8261,-0.50,149.4160426856404
20240416,156.5,158.5,152.5,153.0,21541037,3322467429,12584,-7.00,142.87909081814362
20240417,153.0,156.0,152.0,156.0,10789929,1666395989,6134,+3.00,145.68064161849938
20240418,155.0,155.0,151.0,151.0,19873050,3023501395,9797,-5.00,141.0113902845731
20240419,148.5,150.0,143.5,146.0,36366490,5318299921,16425,-5.00,136.34213895064684
20240422,145.5,146.0,141.5,144.5,15790307,2281410796,9166,-1.50,134.94136355046896
20240423,151.0,151.0,144.5,145.0,12863839,1888318384,6762,+0.50,135.40828868386163
20240424,147.0,151.0,147.0,148.0,12613213,1872909857,6117,+3.00,138.20983948421735
20240425,146.0,147.0,143.0,145.0,12781034,1855623417,5817,-3.00,135.40828868386163
20240426,144.0,145.5,142.0,142.5,15489714,2222182134,8455,-2.50,133.07366301689848
20240429,143.5,147.5,143.5,147.0,9734617,1426021489,6219,+4.50,137.2759892174321
20240430,146.0,149.0,146.0,148.0,11555621,1705667617,6557,+1.00,138.20983948421735
20240502,144.5,145.5,142.0,144.5,15655077,2254722417,8770,-3.50,134.94136355046896
20240503,146.0,148.5,145.5,148.0,10252738,1514104330,5797,+3.50,138.20983948421735
20240506,150.0,150.0,146.5,148.0,9382134,1391513944,6143, 0.00,138.20983948421735
20240507,149.5,151.5,149.0,151.0,10506863,1581317577,6560,+3.00,141.0113902845731
20240508,150.0,150.5,148.0,150.5,9802721,1464632167,5305,-0.50,140.5444651511805
20240509,149.0,150.0,147.0,148.0,8600178,1276704456,4400,-2.50,138.20983948421735
20240510,149.5,153.5,148.5,151.5,15084420,2278422230,7717,+3.50,141.47831541796575
20240513,151.5,153.0,147.5,148.0,12683599,1891309291,8060,-3.50,138.20983948421735
20240514,148.0,150.5,148.0,149.0,6956875,1040428260,3612,+1.00,139.14368975100263
20240515,150.0,153.5,150.0,151.0,10717256,1630054231,6924,+2.00,141.0113902845731
20240516,153.0,154.0,150.0,150.0,8757215,1327517781,5192,-1.00,140.07754001778787
20240517,148.5,152.5,148.5,151.5,6697814,1012842930,3898,+1.50,141.47831541796575
20240520,151.5,152.5,150.0,152.0,6328823,959739205,3875,+0.50,141.94524055135838
20240521,152.0,154.5,152.0,154.0,8439878,1296609703,5599,+2.00,143.8129410849289
20240522,155.0,156.5,154.0,155.5,8605655,1337165364,6084,+1.50,145.21371648510677
20240523,155.5,161.5,155.5,161.5,17583352,2810400780,11226,+6.00,150.81681808581828
20240524,159.5,161.5,158.0,159.5,10455024,1673905789,5638,-2.00,148.94911755224777
20240527,162.0,166.0,161.5,165.5,16398953,2696627677,15589,+6.00,154.55221915295928
20240528,167.0,167.5,163.0,164.0,9848407,1620051954,8466,-1.50,153.1514437527814
20240529,164.0,165.5,162.0,163.0,9932469,1624502830,5757,-1.00,152.21759348599616
20240530,159.5,161.0,157.0,158.5,15086352,2395043270,9127,-4.50,148.0152672854625
20240531,159.0,161.0,156.0,157.0,37533215,5906161260,9266,-1.50,146.61449188528462
20240603,158.0,162.0,157.5,161.0,12915604,2072094499,7133,+4.00,150.34989295242565
20240604,160.0,161.0,158.0,159.5,13467313,2146671622,7930,-1.50,148.94911755224777
20240605,158.5,159.0,156.5,157.0,13837743,2179629050,6640,-2.50,146.61449188528462
20240606,159.0,162.0,158.5,160.0,11518779,1843146687,6628,+3.00,149.4160426856404
20240607,160.0,160.5,158.0,159.5,7689711,1225012934,4359,-0.50,148.94911755224777
20240611,158.0,161.0,157.0,160.0,13404998,2136192916,5700,+0.50,149.4160426856404
20240612,160.0,163.0,159.5,162.5,9000759,1460349645,5777,+2.50,151.7506683526035
20240613,166.0,167.5,164.0,164.0,11673571,1931040473,7084,+1.50,153.1514437527814
20240614,164.5,166.0,163.0,166.0,6823929,1125082518,6258,+2.00,155.0191442863519
20240617,166.0,169.0,165.0,167.0,8526997,1422478835,13138,+1.00,155.95299455313716
20240618,166.5,171.5,166.0,171.0,13697295,2321242019,13831,+4.00,159.68839562027816
20240619,174.0,181.0,173.5,179.0,18881244,3370951556,21460,+8.00,167.1591977545602
20240620,180.0,180.0,177.0,178.0,9248619,1646670908,6840,-1.00,166.22534748777494
20240621,174.5,176.5,173.0,174.5,16811016,2933745902,7596,-3.50,162.95687155402655
20240624,173.0,175.0,171.5,172.5,12009997,2076745328,7117,-2.00,161.08917102045604
20240625,166.0,170.0,163.0,169.0,20782417,3484602940,10864,-3.50,157.82069508670767
20240626,167.5,175.0,167.5,172.5,15170640,2614705013,9735,+3.50,161.08917102045604
20240627,169.0,173.0,169.0,172.0,15225314,2608422073,6649,-0.50,160.62224588706343
20240628,169.0,171.0,167.5,168.5,18670371,3156029649,9501,-3.50,157.35376995331504
20240701,162.0,166.0,161.5,164.5,21560822,3540301176,12306,X0.00,158.5122900962543
20240702,165.0,166.0,159.0,159.0,24936380,4010880382,14307,-5.50,153.21248708391752
20240703,161.5,163.0,159.5,160.5,13917568,2235426035,7358,+1.50,154.65788790546392
20240704,162.5,166.0,162.5,166.0,11225528,1848070210,6906,+5.50,159.95769091780068
20240705,167.5,169.0,165.0,168.5,7482565,1252512528,6137,+2.50,162.36669228704469
20240708,168.5,173.0,167.5,172.5,10165520,1746442988,7742,+4.00,166.22109447783507
20240709,174.0,180.0,172.5,180.0,25649324,4551703206,16376,+7.50,173.448098585567
20240710,181.0,183.0,176.5,179.5,14120718,2536936906,10671,-0.50,172.96629831171822
20240711,182.5,193.5,180.0,193.5,26272926,4960863270,18153,+14.00,186.45670597948452
20240712,188.0,188.0,175.0,177.5,43836748,7879820889,52073,-16.00,171.03909721632303
20240715,180.0,181.5,177.0,179.5,17614412,3154893494,9105,+2.00,172.96629831171822
20240716,177.5,180.0,176.0,179.0,16730545,2986383096,8743,-0.50,172.48449803786943
20240717,177.5,188.0,176.5,182.5,28254613,5163514805,15203,+3.50,175.857099954811
20240718,175.5,179.0,170.5,176.0,24777818,4324251894,23644,-6.50,169.59369639477663
20240719,172.5,174.5,168.0,171.0,27132503,4632748512,13666,-5.00,164.77569365628867
20240722,168.5,169.0,163.0,164.0,20661394,3411664056,11792,-7.00,158.0304898224055
20240723,168.0,175.0,167.5,172.5,17567531,3024605891,10077,+8.50,166.22109447783507
20240726,155.5,157.0,155.5,155.5,50516812,7862558869,31839,-17.00,149.83988516697593
20240729,156.0,157.0,152.0,153.5,22441599,3461508461,13001,-2.00,147.91268407158077
20240730,151.0,157.0,149.0,155.5,20009854,3049592529,10317,+2.00,149.83988516697593
20240731,152.5,154.0,149.5,150.0,20559941,3102731895,11880,-5.50,144.54008215463918
20240801,154.0,155.5,152.0,153.5,14799693,2274577177,8568,+3.50,147.91268407158077
20240802,147.5,150.0,143.0,143.5,27006613,3927420597,20498,-10.00,138.27667859460482
20240805,133.5,135.0,129.5,130.0,30934642,4059003649,18753,-13.50,125.26807120068729
20240806,136.5,138.5,129.0,137.5,29208207,3947082425,15643,+7.50,132.49507530841925
20240807,141.5,146.0,139.0,145.5,27262392,3915398863,19063,+8.00,140.20387969
20240808,139.0,140.5,136.0,138.0,22538326,3120866918,16590,-7.50,132.97687558226804
20240809,142.5,148.5,141.0,145.5,21953997,3184098773,14717,+7.50,140.20387969
20240812,145.5,152.0,145.5,148.5,20648117,3099319124,14227,+3.00,143.09468133309278
20240813,148.5,151.5,147.0,149.0,13211632,1978598507,8674,+0.50,143.57648160694157
20240814,151.0,157.0,151.0,156.0,22804769,3546322965,13574,+7.00,150.32168544082475
20240815,154.5,155.0,151.0,151.0,17050576,2594113941,12398,-5.00,145.50368270233676
20240816,155.5,157.0,153.5,153.5,15008133,2321660522,7916,+2.50,147.91268407158077
20240819,154.5,154.5,151.5,154.0,12376211,1896127486,6625,+0.50,148.39448434542956
20240820,156.0,156.0,154.0,155.0,10454899,1621348811,6100,+1.00,149.35808489312714
20240821,153.0,154.5,151.5,152.5,14873492,2266160096,9424,-2.50,146.94908352388316
20240822,152.5,152.5,148.5,150.0,13296266,1992696246,8523,-2.50,144.54008215463918
20240823,147.5,150.5,146.5,150.5,15667186,2324880878,8623,+0.50,145.02188242848797
20240826,151.0,152.0,147.5,148.0,13577362,2034214926,7672,-2.50,142.612881059244
20240827,147.0,148.5,146.0,147.0,8908619,1310245662,5420,-1.00,141.64928051154638
20240828,148.0,153.0,147.0,152.0,10209101,1540058270,6449,+5.00,146.46728325003437
20240829,149.5,153.5,149.0,152.0,10691541,1624158233,6054, 0.00,146.46728325003437
20240830,152.5,155.0,152.0,153.5,13091557,2007498143,6507,+1.50,147.91268407158077
20240902,155.5,156.5,152.0,153.0,8500099,1303115745,5267,-0.50,147.43088379773195
20240903,152.5,153.5,151.0,151.5,7064674,1073915165,4491,-1.50,145.98548297618558
20240904,142.5,146.0,140.5,143.5,20267352,2914348942,12511,-8.00,138.27667859460482
20240905,145.0,146.0,143.5,143.5,7399656,1070420362,4883, 0.00,138.27667859460482
20240906,144.0,145.0,141.5,141.5,7403372,1059583291,3967,-2.00,136.34947749920963
20240909,138.0,143.0,137.5,142.0,12456487,1762859624,5759,+0.50,136.83127777305842
20240910,143.0,146.0,142.5,144.5,9582301,1383151716,5416,+2.50,139.2402791423024
20240911,143.5,144.0,141.0,142.0,11482771,1629663264,5684,-2.50,136.83127777305842
20240912,146.0,149.5,146.0,147.5,15082196,2228213084,7890,+5.50,142.1310807853952
20240913,147.5,148.0,146.0,147.0,9239184,1358870926,5496,-0.50,141.64928051154638
20240916,153.0,156.0,151.5,154.0,21579299,3323846319,13019,+7.00,148.39448434542956
20240918,152.5,155.5,149.0,152.5,32408356,4913922812,15884,-1.50,146.94908352388316
20240919,150.5,152.5,148.0,152.0,26227934,3945850238,11145,-0.50,146.46728325003437
20240920,156.0,157.0,152.5,154.5,35560956,5487106093,11131,+2.50,148.87628461927835
20240923,155.0,157.0,153.0,157.0,17546019,2731973932,7493,+2.50,151.28528598852233
20240924,155.0,157.0,152.0,157.0,19958563,3099783991,7399, 0.00,151.28528598852233
20240925,158.0,159.0,156.0,158.5,24871084,3918611565,11933,+1.50,152.73068681006873
20240926,158.0,162.5,158.0,162.5,25492960,4092820439,14707,+4.00,156.5850890008591
20240927,163.0,163.5,159.0,159.0,26717769,4280778448,13118,-3.50,153.21248708391752
20240930,155.0,156.5,151.0,151.0,18567667,2841712091,13241,-8.00,145.50368270233676
20241001,150.5,154.5,150.5,151.5,10581957,1613154820,5955,+0.50,145.98548297618558
20241004,150.0,153.5,149.0,151.0,18726163,2830526352,9117,-0.50,145.50368270233676
20241007,153.0,155.0,152.0,155.0,14192404,2185155542,6710,+4.00,149.35808489312714
20241008,152.5,153.0,151.5,153.0,12059586,1838529784,5480,-2.00,147.43088379773195
20241009,153.0,155.5,153.0,154.0,10363308,1595411010,5471,+1.00,148.39448434542956
20241011,155.0,157.0,153.5,155.0,12079296,1878256051,7007,+1.00,149.35808489312714
20241014,156.0,160.5,155.0,158.0,18333189,2899573093,8601,+3.00,152.24888653621994
20241015,159.5,169.0,158.5,168.5,35033115,5784878276,24014,+10.50,162.36669228704469
20241016,163.5,169.0,163.0,165.0,34622911,5734312622,20582,-3.50,158.9940903701031
20241017,166.0,166.5,163.0,165.5,14981316,2466127763,11128,+0.50,159.47589064395189
20241018,173.0,173.0,161.0,163.5,35763630,5939126513,21378,-2.00,157.5486895485567
20241021,164.0,164.5,161.0,161.5,17040956,2762066802,17710,-2.00,155.6214884531615
20241022,161.5,164.5,161.0,164.0,15332720,2501643154,7361,+2.50,158.0304898224055
20241023,164.0,164.5,161.0,161.5,11816761,1916304909,7141,-2.50,155.6214884531615
20241024,161.0,162.5,159.0,159.0,9582797,1536159946,7187,-2.50,153.21248708391752
20241025,159.0,163.0,159.0,162.0,9439424,1525006806,5863,+3.00,156.10328872701032
20241028,162.5,163.5,159.5,161.0,10599930,1704904561,6415,-1.00,155.1396881793127
20241029,159.5,159.5,155.5,158.5,17401397,2737637420,9336,-2.50,152.73068681006873
20241030,158.5,160.0,157.0,157.0,14852374,2348755580,7406,-1.50,151.28528598852233
20241101,145.5,155.0,145.0,154.0,31210216,4701897731,16433,-3.00,148.39448434542956
20241104,154.5,155.5,151.5,152.5,12753341,1951856249,8519,-1.50,146.94908352388316
20241105,150.0,150.5,148.0,150.0,17713580,2646352206,12454,-2.50,144.54008215463918
20241106,151.0,154.5,150.5,152.0,13491251,2057773528,7392,+2.00,146.46728325003437
20241107,151.5,158.0,151.0,156.0,15701217,2449581370,8717,+4.00,150.32168544082475
20241108,158.0,159.5,155.0,155.5,13412479,2105394691,8179,-0.50,149.83988516697593
20241111,155.0,159.0,153.5,157.5,8077521,1264819438,5295,+2.00,151.76708626237112
20241112,154.0,155.0,152.5,152.5,15428832,2371717241,9272,-5.00,146.94908352388316
20241113,152.5,162.5,152.5,157.0,28179875,4473409488,14975,+4.50,151.28528598852233
20241114,156.0,156.5,152.0,154.0,20519971,3159969655,14641,-3.00,148.39448434542956
20241115,154.0,159.5,153.5,155.0,20817673,3265001217,9641,+1.00,149.35808489312714
20241118,155.0,155.5,150.5,151.5,17860620,2723094989,10552,-3.50,145.98548297618558
20241119,158.0,159.5,153.0,154.5,25193141,3920966762,10136,+3.00,148.87628461927835
20241120,155.5,157.0,154.5,155.0,15599226,2426551408,7718,+0.50,149.35808489312714
20241121,153.0,154.0,150.0,153.5,13432508,2051199409,7113,-1.50,147.91268407158077
20241122,155.5,158.0,155.5,156.5,12232117,1916288379,6713,+3.00,150.80348571467354
20241125,158.0,158.5,156.0,156.0,11487835,1802034668,6791,-0.50,150.32168544082475
20241126,155.0,156.0,154.5,155.0,7976775,1237485625,4413,-1.00,149.35808489312714
20241127,154.5,155.0,150.5,150.5,13087074,1989161810,8569,-4.50,145.02188242848797
20241128,151.0,151.5,146.0,147.0,17410032,2572468473,10882,-3.50,141.64928051154638
20241129,146.5,152.5,146.0,151.5,11717231,1764559901,5672,+4.50,145.98548297618558
20241202,152.5,155.5,152.5,154.5,11201667,1726771838,5714,+3.00,148.87628461927835
20241203,157.0,159.0,154.5,155.0,17881943,2794088629,11324,+0.50,149.35808489312714
20241204,155.0,158.0,153.5,158.0,18060698,2817057121,7621,+3.00,152.24888653621994
20241205,158.5,159.0,156.0,157.5,16654443,2621899667,7808,-0.50,151.76708626237112
20241206,158.5,162.0,158.0,159.5,21024420,3375498988,13375,+2.00,153.6942873577663
20241209,160.0,161.0,158.5,160.0,6697941,1069148052,6848,+0.50,154.17608763161513
20241210,159.0,159.0,157.5,158.0,9895247,1565998521,5570,-2.00,152.24888653621994
20241211,155.5,158.0,155.0,156.0,11412013,1789761872,5042,-2.00,150.32168544082475
20241212,155.0,159.5,155.0,157.0,14233171,2237762810,6523,+1.00,151.28528598852233
20241213,156.5,160.0,156.5,158.5,10552004,1674626832,6056,+1.50,152.73068681006873
20241216,160.0,163.0,159.5,160.5,18192040,2932949911,8936,+2.00,154.65788790546392
20241217,159.0,160.5,157.0,158.0,14559779,2308817644,7677,-2.50,152.24888653621994
20241218,159.0,162.0,159.0,161.0,11571033,1862414920,6699,+3.00,155.1396881793127
20241219,158.0,161.0,157.5,161.0,10891916,1742283714,6525, 0.00,155.1396881793127
20241220,159.5,161.5,157.5,157.5,24344757,3860417024,7302,-3.50,151.76708626237112
20241223,158.5,162.5,158.5,160.5,9870942,1591217105,5410,+3.00,154.65788790546392
20241224,162.0,166.5,162.0,164.5,15136250,2496371405,10341,+4.00,158.5122900962543
20241225,165.5,167.0,165.0,165.5,7896462,1310773471,6139,+1.00,159.47589064395189
20241226,165.5,166.0,163.5,165.0,5287633,872280808,4289,-0.50,158.9940903701031
20241227,164.5,166.5,164.5,165.0,6215148,1030379801,3994, 0.00,158.9940903701031
20241230,164.0,166.0,163.5,163.5,8547285,1407445616,17277,-1.50,157.5486895485567
20241231,162.0,163.0,161.0,162.0,5569469,901501596,4783,-1.50,156.10328872701032
20250102,161.5,163.0,160.0,160.5,7539709,1214066539,4528,-1.50,154.65788790546392
20250103,163.0,164.0,160.5,161.0,6091629,985946882,4139,+0.50,155.1396881793127
20250106,163.5,167.5,163.5,166.0,13633360,2271369227,8949,+5.00,159.95769091780068
20250107,169.5,178.0,168.0,175.0,33766821,5872892314,19487,+9.00,168.63009584707905
20250108,175.0,175.0,171.0,171.5,18188901,3143845840,13359,-3.50,165.25749393013746
20250109,172.5,174.0,165.5,166.0,13116195,2207736334,12421,-5.50,159.95769091780068
20250110,165.0,170.0,165.0,168.5,10794988,1812746452,6658,+2.50,162.36669228704469
20250113,166.0,167.5,161.5,162.5,15674224,2559933138,12067,-6.00,156.5850890008591
20250114,160.5,163.5,160.0,161.0,13553076,2190083694,6951,-1.50,155.1396881793127
20250115,161.0,164.0,159.5,161.5,12483220,2009363303,7665,+0.50,155.6214884531615
20250116,166.5,169.0,165.0,165.0,16764372,2794793676,14586,+3.50,158.9940903701031
20250117,166.5,167.0,163.5,166.0,13290615,2198652041,14449,+1.00,159.95769091780068
20250120,166.5,173.0,166.5,172.0,15868606,2715284405,11134,+6.00,165.73929420398625
20250121,171.0,173.0,170.5,172.0,9983273,1715577435,7157, 0.00,165.73929420398625
20250122,175.0,178.5,172.0,177.0,24592967,4336313948,25000,+5.00,170.55729694247424
20250203,161.0,166.0,160.0,161.0,38085027,6165330201,33915,-16.00,155.1396881793127
20250204,161.5,163.0,157.0,157.5,20365409,3236325000,13155,-3.50,151.76708626237112
20250205,159.5,163.0,159.5,161.5,16100978,2598102617,8451,+4.00,155.6214884531615
20250206,161.5,164.5,161.0,161.0,8723500,1414804236,5505,-0.50,155.1396881793127
20250207,161.0,165.5,161.0,164.5,16082502,2643622996,8361,+3.50,158.5122900962543
20250210,163.0,168.0,162.0,166.5,20326706,3373505306,12101,+2.00,160.4394911916495
20250211,165.5,169.0,165.5,167.5,14454374,2423630640,12481,+1.00,161.40309173934708
20250212,167.0,168.0,165.5,165.5,9277224,1543474275,5881,-2.00,159.47589064395189
20250213,164.5,172.0,164.5,170.5,21569937,3652521736,10332,+5.00,164.29389338243988
20250214,173.0,176.0,171.0,175.0,29872962,5190016650,14060,+4.50,168.63009584707905
20250217,174.0,179.5,173.5,178.0,18177793,3224319557,17049,+3.00,171.52089749017182
20250218,177.0,181.0,177.0,179.0,11486533,2051659937,8660,+1.00,172.48449803786943
20250219,178.5,186.0,178.5,183.5,25009033,4593590401,29048,+4.50,176.8207005025086
20250220,184.0,185.0,177.5,179.5,23976297,4314295142,32059,-4.00,172.96629831171822
20250221,178.5,182.5,176.5,181.0,18621112,3348165289,9544,+1.50,174.41169913326462
20250224,177.5,178.0,174.0,176.0,19227150,3376446781,13874,-5.00,169.59369639477663
20250225,171.5,177.5,171.0,176.5,20640502,3617723060,9326,+0.50,170.07549666862542
20250226,173.5,176.0,172.0,175.5,21997617,3828437723,11567,-1.00,169.11189612092784
20250227,175.0,175.5,169.0,171.0,25604789,4392078427,13075,-4.50,164.77569365628867
20250303,164.0,167.5,163.5,165.5,16892605,2800942492,10448,-5.50,159.47589064395189
20250304,161.0,166.0,160.0,164.0,23185996,3782628549,13383,-1.50,158.0304898224055
20250305,166.0,169.0,165.0,166.0,18334501,3064904633,10094,+2.00,159.95769091780068
20250306,168.0,169.5,165.5,166.0,10776336,1796366813,5962, 0.00,159.95769091780068
20250307,163.0,165.5,162.5,162.5,9563346,1562247578,6593,-3.50,156.5850890008591
20250310,162.5,163.5,160.5,161.0,8738897,1411849570,5956,-1.50,155.1396881793127
20250311,155.0,158.5,153.0,156.0,20412803,3174349813,14756,-5.00,150.32168544082475
20250312,156.5,162.0,156.0,159.0,17381498,2771981892,9102,+3.00,153.21248708391752
20250313,162.5,164.0,157.5,157.5,14070022,2242328789,8578,-1.50,151.76708626237112
20250314,158.5,160.0,155.0,155.0,12773625,1993741167,7738,-2.50,149.35808489312714
20250317,157.5,159.5,157.0,157.5,11021933,1743132299,6491,+2.50,151.76708626237112
20250318,159.5,161.0,159.0,160.5,11501944,1843326975,5857,+3.00,154.65788790546392
20250319,160.0,161.5,158.0,158.0,8946301,1423921027,6103,-2.50,152.24888653621994
20250320,159.0,164.0,159.0,162.5,10781170,1749820447,6907,+4.50,156.5850890008591
20250321,164.0,164.0,160.0,161.0,17022585,2747378931,5568,-1.50,155.1396881793127
20250324,162.5,163.0,159.5,160.5,7679904,1235068776,3758,-0.50,154.65788790546392
20250325,162.0,163.0,159.5,160.5,7552074,1215684381,4907, 0.00,154.65788790546392
20250326,161.5,162.5,160.5,161.5,4763585,769044144,2523,+1.00,155.6214884531615
20250327,158.0,158.5,154.5,156.5,16531059,2576823142,10184,-5.00,150.80348571467354
20250328,153.5,154.0,149.0,150.5,19750467,2981134932,13990,-6.00,145.02188242848797
20250331,143.5,147.5,143.0,143.0,20413953,2948379776,12487,-7.50,137.79487832075603
20250401,144.0,151.0,143.5,149.5,18797217,2776776829,8257,+6.50,144.0582818807904
20250402,148.5,151.0,148.5,149.0,10464997,1565591790,5652,-0.50,143.57648160694157
20250407,134.5,134.5,134.5,134.5,3495914,470200054,2973,-14.50,129.60427366532647
20250408,122.5,130.5,122.5,127.5,38948626,4898321171,17305,-7.00,122.8590698314433
20250409,122.0,123.0,115.0,115.0,29069206,3416076117,16024,-12.50,110.81406298522337
20250410,126.5,126.5,126.5,126.5,4118754,521022306,1638,+11.50,121.89546928374571
20250411,123.0,136.0,121.5,134.5,37478264,4808059445,24416,+8.00,129.60427366532647
20250414,132.5,138.0,131.5,132.5,25882885,3472657760,14840,-2.00,127.67707256993127
20250415,133.5,137.5,132.0,135.5,12295841,1663224514,7261,+3.00,130.56787421302406
20250416,133.5,135.0,132.0,133.5,7901054,1054860456,5626,-2.00,128.64067311762886
20250417,130.0,131.5,127.0,129.5,14506307,1875868520,8988,-4.00,124.78627092683848
20250418,130.5,131.5,128.5,129.0,8670469,1126413872,5200,-0.50,124.30447065298969
20250421,128.5,130.0,128.0,128.5,4236679,546561231,3814,-0.50,123.82267037914089
20250422,128.0,131.5,127.0,127.5,7457057,962235414,5521,-1.00,122.8590698314433
20250423,132.5,137.5,132.0,137.5,10645862,1443627588,6756,+10.00,132.49507530841925
20250424,136.5,136.5,132.5,132.5,12638340,1697628480,6096,-5.00,127.67707256993127
20250425,139.0,141.5,137.0,137.5,16148130,2237934846,7787,+5.00,132.49507530841925
20250428,138.0,138.5,136.0,137.0,7185184,986619410,4180,-0.50,132.01327503457046
20250429,137.0,138.5,135.5,138.5,10476042,1440897118,5200,+1.50,133.45867585611683
20250430,137.0,137.5,135.5,135.5,8460839,1151848241,5317,-3.00,130.56787421302406
20250502,138.0,139.5,137.0,139.0,10541198,1460782325,6071,+3.50,133.94047612996565
20250505,139.0,140.5,134.0,134.0,9589642,1307752390,7539,-5.00,129.12247339147766
20250506,135.0,141.0,134.5,136.5,18349347,2524769168,10449,+2.50,131.53147476072166
20250507,137.0,138.0,134.5,135.5,13344006,1809527863,5817,-1.00,130.56787421302406
20250508,135.5,138.5,135.5,137.5,7339324,1008075221,3933,+2.00,132.49507530841925
20250509,137.5,139.0,136.0,137.5,6530062,899873243,3670, 0.00,132.49507530841925
20250512,139.0,142.5,138.5,142.0,7840342,1105451611,5431,+4.50,136.83127777305842
20250513,147.0,147.0,144.0,145.0,11159890,1621583970,5580,+3.00,139.72207941615122
20250514,148.0,150.0,147.5,150.0,12235602,1823270574,6544,+5.00,144.54008215463918
20250515,150.0,151.0,147.5,150.5,9665900,1445764009,5379,+0.50,145.02188242848797
20250516,148.5,149.0,145.5,147.0,10461519,1535378483,8905,-3.50,141.64928051154638
20250519,145.0,146.0,141.5,142.0,14806043,2114863282,8806,-5.00,136.83127777305842
20250520,144.0,146.0,144.0,144.0,8445898,1221048733,4709,+2.00,138.7584788684536
20250521,144.5,146.0,144.0,144.5,7328934,1062067262,4948,+0.50,139.2402791423024
20250522,145.0,147.0,144.0,145.0,6933166,1005923852,3952,+0.50,139.72207941615122
20250523,145.0,145.5,142.0,142.5,6866997,981723391,4145,-2.50,137.3130780469072
20250526,142.0,144.5,141.0,144.0,4279141,613676296,3501,+1.50,138.7584788684536
20250527,143.5,143.5,141.0,141.5,8204156,1163132941,4834,-2.50,136.34947749920963
20250528,145.0,145.0,141.0,142.0,8948194,1275730565,4530,+0.50,136.83127777305842
20250529,141.5,142.5,138.0,138.0,31149090,4344487723,12480,-4.00,132.97687558226804
20250602,136.5,138.5,133.0,134.5,15766550,2126760721,9428,-3.50,129.60427366532647
20250603,136.0,137.0,133.5,133.5,21396786,2881838548,9403,-1.00,128.64067311762886
20250604,136.5,140.5,136.5,140.0,17117347,2381534549,8530,+6.50,134.90407667766323
20250605,139.0,142.5,139.0,139.5,11826503,1669258783,6525,-0.50,134.42227640381444
20250606,139.0,141.0,138.0,139.0,7049419,980216538,5976,-0.50,133.94047612996565
20250609,140.0,141.5,139.0,140.0,8035448,1125880921,4695,+1.00,134.90407667766323
20250610,141.5,143.5,141.5,142.5,15797976,2252549550,6736,+2.50,137.3130780469072
20250611,145.0,147.0,144.0,145.5,16593825,2410867152,7826,+3.00,140.20387969
20250612,147.0,147.0,142.5,145.0,13187580,1904007685,6802,-0.50,139.72207941615122
20250613,142.5,145.5,141.0,143.5,13759259,1973814473,6544,-1.50,138.27667859460482
20250616,143.0,146.0,143.0,145.0,10005171,1450593688,4266,+1.50,139.72207941615122
20250617,146.0,149.0,146.0,148.0,12563993,1857080295,6791,+3.00,142.612881059244
20250618,147.0,150.0,146.5,148.0,11059800,1643831297,7276, 0.00,142.612881059244
20250619,147.5,149.5,145.0,146.0,8570802,1255340823,5218,-2.00,140.6856799638488
20250620,145.5,147.0,143.5,144.5,11364281,1642726595,4083,-1.50,139.2402791423024
20250623,142.5,147.0,142.0,147.0,13172978,1915534544,6572,+2.50,141.64928051154638
20250624,149.5,150.0,148.0,149.5,14908375,2223800978,6463,+2.50,144.0582818807904
20250625,150.5,153.0,150.0,153.0,12437991,1892575976,7947,+3.50,147.43088379773195
20250626,151.5,153.0,150.0,152.5,16379418,2486897785,8183,-0.50,146.94908352388316
20250627,151.0,152.0,148.5,150.0,20832642,3125622540,9175,-2.50,144.54008215463918
20250630,150.0,150.0,147.5,147.5,19277350,2858022253,7224,-2.50,142.1310807853952
20250701,147.0,149.0,145.0,145.5,22081037,3238711345,11959,-2.00,140.20387969
20250702,140.5,144.0,138.0,141.5,54051499,7624577002,17053,X0.00,141.5
20250703,147.5,148.0,143.0,144.0,35655750,5155269263,13749,+2.50,144.0
20250704,145.0,148.0,144.0,147.0,25515571,3739090228,10062,+3.00,147.0
20250707,146.5,148.5,143.0,144.0,15172004,2200907159,7955,-3.00,144.0
20250708,142.5,144.0,141.5,143.0,8246115,1176680073,4789,-1.00,143.0
20250709,143.0,146.5,142.5,146.5,14002364,2031107027,6117,+3.50,146.5
20250710,145.5,151.5,145.5,150.0,16429244,2463569474,8405,+3.50,150.0
20250711,148.5,151.0,148.0,150.0,11800194,1768659574,4805, 0.00,150.0
20250714,149.0,150.5,148.0,148.5,7679584,1147216952,3824,-1.50,148.5
20250715,147.0,150.5,146.5,150.5,9133908,1365605346,4449,+2.00,150.5
20250716,150.0,153.0,149.0,151.0,12261347,1858502209,6061,+0.50,151.0
20250717,151.5,153.0,151.0,151.5,9574170,1455457730,4301,+0.50,151.5
20250718,153.5,155.0,153.0,154.0,14682168,2261777214,7345,+2.50,154.0
20250721,153.0,153.5,151.5,152.5,10711764,1633853618,6022,-1.50,152.5
20250722,151.0,154.5,150.0,151.0,12041401,1835094220,6459,-1.50,151.0
20250723,152.0,154.5,152.0,153.5,12179890,1869010514,5058,+2.50,153.5
20250724,154.0,155.5,152.5,155.5,11211190,1731959840,5481,+2.00,155.5
20250725,154.5,155.0,152.0,153.5,8223788,1263229049,5151,-2.00,153.5
20250728,154.0,155.5,153.0,154.5,10584646,1636670333,4450,+1.00,154.5
20250729,154.0,155.0,153.5,153.5,5103625,785997500,3291,-1.00,153.5
20250730,154.0,155.0,151.0,152.0,11434456,1738164513,7619,-1.50,152.0
20250731,150.5,154.0,149.5,152.5,12413007,1889581322,5255,+0.50,152.5
20250801,143.5,152.5,141.5,152.5,41643134,6096121834,20942, 0.00,152.5
20250804,148.5,148.5,146.0,147.5,18382020,2710586357,11966,-5.00,147.5
20250805,148.0,149.0,146.0,146.5,16238931,2387834514,10988,-1.00,146.5
20250806,145.0,146.0,144.0,145.0,9936452,1442316731,8092,-1.50,145.0
20250807,147.5,149.5,147.0,148.0,13007310,1929370971,8261,+3.00,148.0
20250808,150.0,152.0,149.0,149.0,13956901,2096134274,10091,+1.00,149.0
20250811,150.5,154.5,149.5,151.0,21029184,3193284430,12899,+2.00,151.0
20250812,152.5,152.5,148.0,148.0,13628980,2039808773,8719,-3.00,148.0
20250813,150.0,150.5,147.0,148.5,14965181,2223024609,7031,+0.50,148.5
20250814,147.5,149.0,147.0,148.0,9006189,1332908655,5519,-0.50,148.0
20250815,148.5,149.0,148.0,148.0,7370441,1093957142,4186, 0.00,148.0
20250818,149.0,151.0,148.5,150.5,12992053,1943381906,5584,+2.50,150.5
20250819,151.0,151.5,148.0,148.5,11423760,1701663087,6670,-2.00,148.5
20250820,148.0,148.5,144.0,145.0,13288900,1927790157,11143,-3.50,145.0
20250821,144.0,145.5,143.5,144.0,9998809,1441082816,7893,-1.00,144.0
20250822,144.0,145.0,143.0,143.5,6626054,953429175,4054,-0.50,143.5
20250825,146.5,149.0,146.5,148.5,9338119,1378809063,5444,+5.00,148.5
20250826,148.0,149.5,147.5,149.0,14089287,2098192637,3113,+0.50,149.0
20250827,150.0,151.5,150.0,150.5,9205320,1386243743,5211,+1.50,150.5
20250828,149.5,150.0,147.0,147.5,10402892,1541518525,6711,-3.00,147.5
20250829,149.0,153.5,149.0,151.0,18217103,2764139168,9831,+3.50,151.0
20250901,152.0,157.0,151.0,156.0,21915571,3385943306,15632,+5.00,156.0
20250902,156.5,160.5,156.0,157.0,29904783,4726705970,18879,+1.00,157.0
20250903,156.5,157.0,154.0,157.0,8823983,1375850109,16040, 0.00,157.0
20250904,156.5,157.0,153.5,154.0,10227356,1585818202,6901,-3.00,154.0
20250905,155.0,156.5,154.5,156.0,6327710,984283951,3656,+2.00,156.0
20250908,166.0,171.5,162.0,171.5,45515535,7624959530,28888,+15.50,171.5
20250909,170.0,170.0,164.0,167.0,53554441,8912196790,41301,-4.50,167.0
20250910,169.5,172.0,168.5,169.0,26755403,4541532913,14788,+2.00,169.0
20250911,170.0,172.0,166.0,166.5,16367032,2758528958,10449,-2.50,166.5
20250912,168.0,168.5,165.0,167.0,10981447,1828390085,8443,+0.50,167.0
20250915,167.5,168.0,165.0,166.5,8720930,1452935387,6392,-0.50,166.5
20250916,168.5,170.5,167.5,169.5,14161573,2395570022,10246,+3.00,169.5
20250917,170.0,170.0,167.5,169.0,8848743,1493756453,7654,-0.50,169.0
20250918,170.5,173.5,169.0,170.0,20541736,3504195694,9267,+1.00,170.0
20250919,171.5,172.5,169.5,170.0,17710680,3019648552,8084, 0.00,170.0
20250922,171.5,173.5,169.0,172.5,19848632,3395837638,11417,+2.50,172.5
20250923,177.5,177.5,173.5,174.5,26525378,4640518997,11820,+2.00,174.5
20250924,175.0,175.5,171.0,172.0,17175394,2955457491,9313,-2.50,172.0
20250925,173.0,173.5,170.0,172.0,14660779,2514166482,6956, 0.00,172.0
20250926,170.5,170.5,165.5,165.5,17434303,2907166808,11129,-6.50,165.5
20250930,166.0,166.5,163.0,164.0,27435998,4512242012,13507,-1.50,164.0
20251001,166.0,166.5,162.5,163.0,14445819,2368678727,8975,-1.00,163.0
20251002,165.5,166.5,163.5,164.5,16420365,2713159696,8194,+1.50,164.5
20251003,166.0,169.0,165.0,165.5,21196448,3536489489,8950,+1.00,165.5
20251007,169.0,176.5,168.5,173.5,37598260,6522071687,18597,+8.00,173.5
20251008,173.0,175.5,171.0,174.5,22202991,3864934702,14300,+1.00,174.5
20251009,180.0,181.5,176.0,179.0,26056899,4654777601,21523,+4.50,179.0
20251013,173.5,174.5,171.0,173.0,23359719,4026505971,25329,-6.00,173.0
20251014,175.0,176.5,168.5,169.5,26312905,4544215029,13426,-3.50,169.5
20251015,172.0,178.0,170.0,178.0,21690968,3796777502,12006,+8.50,178.0
20251016,180.0,191.5,180.0,191.5,53001009,9963266158,31396,+13.50,191.5
20251017,191.5,199.5,189.5,196.0,43134582,8460371168,27309,+4.50,196.0
20251020,193.5,200.5,191.0,200.0,24539310,4846189177,21159,+4.00,200.0
20251021,200.0,200.0,194.0,195.0,25981186,5102846204,31616,-5.00,195.0
20251022,191.5,193.5,190.5,193.0,18468497,3546532160,10561,-2.00,193.0
20251023,191.5,196.5,190.0,196.0,18906201,3679418637,9977,+3.00,196.0
20251027,202.0,205.0,198.0,202.5,31093761,6273392811,17403,+6.50,202.5
20251028,199.5,203.0,198.0,203.0,21533507,4329934617,10993,+0.50,203.0
20251029,205.0,222.5,204.5,221.0,43197354,9306544526,30358,+18.00,221.0
20251030,220.0,227.5,219.0,225.0,46443915,10386573530,49882,+4.00,225.0
20251031,225.5,247.5,225.0,247.5,54452771,13230329914,43550,+22.50,247.5
20251103,248.5,251.0,242.5,246.0,40987691,10095477504,26587,-1.50,246.0
20251104,248.5,251.5,237.0,239.0,38818042,9423822762,38041,-7.00,239.0
20251105,230.0,238.5,230.0,235.0,33504726,7828068488,26501,-4.00,235.0
20251106,239.5,241.5,233.5,234.0,25136478,5932599302,21056,-1.00,234.0
20251107,231.0,233.0,226.5,228.5,20331388,4655994967,15378,-5.50,228.5
20251110,229.0,232.0,227.0,228.5,22657022,5190294138,11936, 0.00,228.5
20251111,230.0,232.0,226.0,228.0,18882037,4308535484,13344,-0.50,228.0
20251112,227.0,229.5,225.0,227.0,16586706,3770104195,10978,-1.00,227.0
20251113,227.0,233.5,225.5,231.5,20996920,4818443634,13288,+4.50,231.5
20251114,224.5,225.0,220.5,222.5,21031089,4690521900,18186,-9.00,222.5
20251117,224.0,225.5,219.5,220.0,24986658,5544102630,14488,-2.50,220.0
20251118,220.0,222.5,212.0,215.0,27179570,5857417808,18472,-5.00,215.0
20251119,211.0,212.5,206.0,209.5,42363137,8865144735,21874,-5.50,209.5
20251120,213.0,222.5,210.5,222.5,39495694,8600656018,21646,+13.00,222.5
20251121,210.0,212.0,206.0,209.0,33914940,7068364435,22419,-13.50,209.0
20251124,212.0,215.0,210.0,210.5,33678009,7120402934,13240,+1.50,210.5
20251125,216.5,218.0,209.5,212.0,23999776,5102637789,13720,+1.50,212.0
20251126,217.0,221.5,214.5,217.5,20380365,4446419239,14051,+5.50,217.5
20251127,223.5,234.5,223.5,230.5,37855605,8683056166,25650,+13.00,230.5
20251128,229.0,230.5,225.0,229.5,25774907,5873994672,16307,-1.00,229.5
20251201,227.0,230.0,223.0,224.5,28174890,6373952083,16669,-5.00,224.5
20251202,228.5,233.5,227.0,228.5,23665451,5434750129,14318,+4.00,228.5
20251203,233.0,233.0,226.5,229.0,16274697,3723470375,10560,+0.50,229.0
20251204,231.0,231.0,225.0,228.0,17856159,4057962087,10088,-1.00,228.0
20251205,227.5,231.0,224.5,231.0,13666668,3124829766,8790,+3.00,231.0
20251208,233.0,238.5,233.0,237.5,23767419,5623489955,16770,+6.50,237.5
20251209,238.5,245.0,236.5,240.0,25895726,6242062656,21857,+2.50,240.0
20251210,240.5,246.5,239.0,244.5,19559684,4765068860,15834,+4.50,244.5
20251211,247.0,247.5,243.0,244.5,17621624,4312833603,15227, 0.00,244.5
20251212,245.5,248.0,241.5,243.5,13651605,3326840639,23163,-1.00,243.5
20251215,237.5,237.5,232.5,234.0,18212287,4272427990,24946,-9.50,234.0
20251216,231.0,234.5,226.0,229.0,23224868,5325947969,16029,-5.00,229.0
20251217,226.0,230.5,226.0,228.5,14265332,3252279794,9732,-0.50,228.5
20251218,223.0,224.5,219.5,222.0,16464087,3649207496,14517,-6.50,222.0
20251219,227.5,229.5,224.5,229.5,23088421,5263190040,8880,+7.50,229.5
20251222,234.0,235.0,231.0,232.0,16911163,3932249458,8761,+2.50,232.0
20251223,232.0,236.0,231.5,234.5,16419720,3849579679,8958,+2.50,234.5
20251224,237.0,237.5,230.5,234.5,19221744,4509194741,12125, 0.00,234.5
20251226,235.0,240.5,233.5,240.5,17100843,4074468275,10079,+6.00,240.5
20251229,245.0,253.0,240.0,251.0,25589500,6340784791,27933,+10.50,251.0
20251230,249.5,251.0,244.0,249.0,15115627,3756065314,21553,-2.00,249.0
20251231,247.5,255.0,246.0,250.5,18701048,4694730581,22383,+1.50,250.5
20260102,253.0,264.0,250.0,258.0,24219119,6227577620,43799,+7.50,258.0
20260105,263.5,264.0,251.5,263.5,22769643,5921223185,24203,+5.50,263.5
20260106,270.5,273.5,267.0,271.5,29433817,7967863551,22574,+8.00,271.5
20260107,277.5,281.5,273.5,275.0,29114025,8055491884,32098,+3.50,275.0
20260108,275.5,276.5,268.0,273.5,21053115,5726661926,27325,-1.50,273.5
20260109,273.0,274.0,261.5,272.0,17928197,4831620413,23528,-1.50,272.0
20260112,280.0,296.0,275.0,283.0,24777955,7029714853,24188,+11.00,283.0
20260113,289.0,294.5,287.0,289.5,28537797,8292625525,37683,+6.50,289.5
20260114,290.5,295.0,287.0,294.5,18621487,5441089032,22032,+5.00,294.5
20260115,294.5,298.5,288.5,298.5,15934987,4669771907,15977,+4.00,298.5
20260116,301.5,308.5,298.0,303.5,29088654,8779918811,22449,+5.00,303.5
20260119,303.5,306.0,296.5,299.0,18992941,5705715867,19364,-4.50,299.0
20260120,292.5,299.0,292.0,296.0,15394474,4544087543,12905,-3.00,296.0
20260121,295.0,298.0,290.0,291.0,20850621,6118441121,14016,-5.00,291.0
20260122,300.0,305.5,294.0,298.0,20996469,6297969987,13781,+7.00,298.0
20260123,303.0,313.0,298.5,307.5,25150591,7704235370,27767,+9.50,307.5
20260126,308.5,315.0,306.0,312.0,15664949,4870658108,16714,+4.50,312.0
20260127,314.5,314.5,306.5,306.5,12417082,3837613802,12893,-5.50,306.5
20260128,312.5,317.0,310.5,314.0,21034864,6599466031,11960,+7.50,314.0
20260129,314.0,317.5,308.5,310.0,20052932,6239675066,16318,-4.00,310.0
20260130,305.0,305.5,295.5,297.0,25945896,7742982144,19898,-13.00,297.0
20260202,294.0,298.0,288.5,292.0,13901958,4061005832,14836,-5.00,292.0
20260203,303.5,306.5,296.5,302.0,20529840,6192231437,21936,+10.00,302.0
20260204,302.0,304.0,299.5,302.5,12752984,3853629144,15490,+0.50,302.5
20260205,294.0,296.0,279.0,284.0,39739328,11278734850,39501,-18.50,284.0
20260206,303.0,309.0,298.0,304.5,53071048,16138450140,34923,+20.50,304.5
20260209,319.5,330.0,316.5,327.0,35712116,11625601480,46636,+22.50,327.0
20260210,358.0,359.0,341.5,344.0,34343709,11956446883,26681,+17.00,344.0
20260211,350.0,356.5,345.0,354.5,21200491,7434683043,17610,+10.50,354.5
20260223,376.0,376.0,348.0,349.0,41310197,14769572898,31050,-5.50,349.0
20260224,360.0,383.0,358.5,381.5,34632289,12927642109,25764,+32.50,381.5
20260225,385.0,392.0,378.5,389.0,29544065,11403083229,21584,+7.50,389.0
20260226,388.0,394.0,381.0,387.5,40211654,15587210616,19112,-1.50,387.5
20260302,358.5,382.0,358.5,370.5,26177963,9735168997,29085,-17.00,370.5
20260303,366.0,377.5,354.5,359.5,30596470,11088855855,33302,-11.00,359.5
20260304,341.0,347.0,325.5,327.5,34857620,11578386721,36474,-32.00,327.5
20260305,343.5,357.0,342.5,353.5,34618546,12146378693,24641,+26.00,353.5
20260306,346.0,349.5,339.0,342.0,13941486,4786847811,18767,-11.50,342.0
20260309,308.0,320.0,308.0,320.0,31312536,9776621007,27675,-22.00,320.0
20260310,336.0,348.0,332.5,335.5,25037912,8517467685,20339,+15.50,335.5
20260311,346.0,347.0,340.5,345.5,16983297,5853063388,15319,+10.00,345.5
20260312,341.0,348.0,331.0,335.0,17240300,5804270338,19381,-10.50,335.0
20260313,334.0,343.0,326.5,341.5,14244185,4810664187,11627,+6.50,341.5
20260316,343.5,347.0,335.0,337.5,12359954,4192049340,14315,-4.00,337.5
20260317,343.0,345.5,339.0,342.0,12206096,4171070167,10214,+4.50,342.0
20260318,348.0,363.0,348.0,357.5,27008427,9645833321,25020,+15.50,357.5
20260319,347.5,353.0,340.5,347.0,18102299,6305209188,19623,-10.50,347.0
20260320,348.0,352.0,340.5,344.0,22723737,7838784228,14115,-3.00,344.0
20260323,319.0,331.0,318.5,329.5,15488450,5071613808,16051,-14.50,329.5
20260324,338.0,341.0,329.0,332.5,10933076,3660863435,9703,+3.00,332.5
20260325,349.5,357.5,347.0,352.0,16820631,5929024139,15986,+19.50,352.0
20260326,353.0,366.0,352.5,359.0,19941819,7191078917,19454,+7.00,359.0
20260327,347.5,354.0,342.5,353.5,17087472,5942922234,15599,-5.50,353.5
20260330,343.0,355.0,342.0,353.5,16289398,5671455629,12798, 0.00,353.5
20260331,342.0,345.0,328.5,328.5,27274107,9105007764,22695,-25.00,328.5
20260401,345.0,361.0,344.5,361.0,18680325,6642583373,20707,+32.50,361.0
20260402,375.5,375.5,356.0,361.0,24470659,8925309806,21446, 0.00,361.0
20260407,361.5,366.0,348.5,352.0,14027586,4962953492,17148,-9.00,352.0
20260408,364.0,385.0,364.0,383.0,25746033,9745870611,25565,+31.00,383.0
20260409,387.0,394.5,381.0,392.0,21207383,8273304369,18901,+9.00,392.0
20260410,390.0,397.5,385.0,393.0,17172884,6718399520,15614,+1.00,393.0
20260413,415.5,428.0,403.0,417.5,25890114,10798205189,27451,+24.50,417.5
20260414,430.0,437.0,421.0,424.0,19084721,8165679444,22391,+6.50,424.0
20260415,431.5,460.0,431.0,446.5,30888147,13815468711,28950,+22.50,446.5
20260416,450.0,453.0,436.0,450.5,23542998,10494365423,25880,+4.00,450.5
20260417,441.0,463.0,437.5,442.0,25602127,11510459299,28290,-8.50,442.0
20260420,457.0,473.0,454.5,461.5,21746591,10098525129,22337,+19.50,461.5
20260421,467.0,476.0,461.0,472.0,17685768,8318708410,18643,+10.50,472.0
20260422,462.0,473.0,460.5,465.0,17019631,7953811065,21660,-7.00,465.0
20260423,474.5,497.5,456.0,464.5,26843992,12728191619,31770,-0.50,464.5
20260424,467.5,500.0,467.5,496.0,27271879,13306567559,32926,+31.50,496.0
20260427,517.0,523.0,495.5,495.5,30165500,15215417653,35994,-0.50,495.5
20260428,489.0,510.0,483.5,495.5,22748609,11276179093,25861, 0.00,495.5
20260429,487.0,492.0,472.5,488.5,22424827,10813591596,38781,-7.00,488.5
20260430,490.5,512.0,478.0,478.0,36584546,18048556588,41278,-10.50,478.0
20260504,497.0,525.0,497.0,525.0,27594760,14320863146,26941,+47.00,525.0
20260505,525.0,544.0,519.0,520.0,38106905,20078034386,54584,-5.00,520.0
20260506,541.0,544.0,514.0,524.0,31498923,16598707124,34671,+4.00,524.0
20260507,548.0,558.0,534.0,540.0,24883728,13544812207,30873,+16.00,540.0
20260508,524.0,529.0,511.0,516.0,23722301,12355793802,48029,-24.00,516.0
20260511,526.0,546.0,513.0,537.0,22625012,12026456309,26831,+21.00,537.0
20260512,537.0,579.0,533.0,555.0,30939967,17308709039,36657,+18.00,555.0
20260513,535.0,557.0,534.0,548.0,24676716,13487001314,29835,-7.00,548.0
20260514,555.0,564.0,548.0,548.0,14595546,8075575087,19929, 0.00,548.0
20260515,555.0,564.0,537.0,547.0,18822126,10366558361,25267,-1.00,547.0
20260518,529.0,529.0,500.0,510.0,26645271,13555518566,58935,-37.00,510.0
20260519,490.0,495.5,472.0,472.0,36960604,17726412015,73579,-38.00,472.0
20260520,465.0,481.5,465.0,476.0,25742575,12196107276,28693,+4.00,476.0
20260521,499.0,511.0,496.5,510.0,19822547,10040987143,23695,+34.00,510.0
