date,open,high,low,close,volume,turnover,transactions,price_change,close_adj
2010-09-27,65.0,65.0,57.6,59.0,7328920,444606499,3974,X0.00,59.0
2010-09-28,58.7,58.7,55.4,56.0,2331364,131938084,1478,-3.00,56.0
2010-09-29,55.7,59.5,55.7,57.9,2166807,124639680,1356,+1.90,57.9
2010-09-30,57.9,60.2,57.4,59.5,3045749,179614464,1448,+1.60,59.5
2010-10-01,59.5,61.9,58.5,60.0,2941358,177551004,1390,+0.50,60.0
2010-10-04,59.9,60.0,56.7,58.7,3010156,176221025,1056,-1.30,58.7
2010-10-05,58.0,58.0,56.1,56.5,879826,49929256,590,-2.20,56.5
2010-10-06,56.8,57.5,55.4,56.0,911800,51140459,530,-0.50,56.0
2010-10-07,55.7,55.9,54.6,54.8,857020,47121490,478,-1.20,54.8
2010-10-08,54.8,55.9,54.0,54.0,801792,43935347,491,-0.80,54.0
2010-10-11,54.2,54.6,50.6,51.4,1131025,59003767,764,-2.60,51.4
2010-10-12,51.1,52.4,50.8,52.4,626450,32434255,416,+1.00,52.4
2010-10-13,52.6,53.2,52.0,52.0,399561,20907072,265,-0.40,52.0
2010-10-14,52.2,52.4,51.0,51.0,623393,32243543,338,-1.00,51.0
2010-10-15,50.6,51.0,50.0,50.3,419954,21254200,306,-0.70,50.3
2010-10-18,50.3,50.3,48.0,48.0,497768,24335764,390,-2.30,48.0
2010-10-19,48.0,51.3,48.0,51.3,1780802,87287152,574,+3.30,51.3
2010-10-20,51.3,54.8,51.3,54.5,2328699,125090919,1063,+3.20,54.5
2010-10-21,54.5,55.0,53.3,53.4,1388197,74893641,619,-1.10,53.4
2010-10-22,54.6,57.1,53.4,57.1,4422550,249988150,1949,+3.70,57.1
2010-10-25,58.4,58.4,56.3,57.0,2492889,142814273,1396,-0.10,57.0
2010-10-26,57.0,57.5,55.8,56.1,1238805,69675258,737,-0.90,56.1
2010-10-27,56.6,57.5,56.3,56.8,1321238,75230714,781,+0.70,56.8
2010-10-28,57.0,57.0,55.0,55.8,1033842,57696602,591,-1.00,55.8
2010-10-29,56.7,56.7,55.5,56.0,868600,48674500,472,+0.20,56.0
2010-11-01,57.0,59.0,56.9,58.0,2987953,173301181,1474,+2.00,58.0
2010-11-02,58.4,58.6,55.7,56.2,2290900,131636740,1206,-1.80,56.2
2010-11-03,56.4,56.7,54.1,54.3,1214531,67247667,690,-1.90,54.3
2010-11-04,55.0,55.9,54.3,54.7,923113,50921400,504,+0.40,54.7
2010-11-05,55.7,56.5,54.7,55.3,1517000,84316500,849,+0.60,55.3
2010-11-08,55.3,55.3,51.6,51.7,1752406,92299309,989,-3.60,51.7
2010-11-09,52.5,52.6,51.6,52.0,749758,39026088,496,+0.30,52.0
2010-11-10,52.0,52.1,51.0,51.2,594219,30623588,366,-0.80,51.2
2010-11-11,51.9,53.5,51.5,52.5,628142,32871326,405,+1.30,52.5
2010-11-12,52.5,52.5,51.2,51.3,536600,27647580,327,-1.20,51.3
2010-11-15,51.5,53.0,51.3,52.1,424140,22169152,320,+0.80,52.1
2010-11-16,52.1,53.5,51.8,53.0,750880,39591276,459,+0.90,53.0
2010-11-17,53.0,56.5,53.0,56.0,2412084,133072483,1445,+3.00,56.0
2010-11-18,56.0,56.5,54.7,55.4,1541674,85419736,906,-0.60,55.4
2010-11-19,56.3,58.5,56.3,56.7,2225516,127219856,1346,+1.30,56.7
2010-11-22,58.6,60.0,57.6,60.0,3712524,218390183,2070,+3.30,60.0
2010-11-23,60.3,60.3,58.7,58.8,2442333,144674179,1505,-1.20,58.8
2010-11-24,57.4,61.5,57.4,60.3,2726277,163862144,1701,+1.50,60.3
2010-11-25,60.5,62.0,59.7,61.5,2847763,173544495,1725,+1.20,61.5
2010-11-26,62.0,62.0,58.7,58.9,2494838,150750275,1559,-2.60,58.9
2010-11-29,59.8,60.5,58.0,59.1,1677293,99382014,1043,+0.20,59.1
2010-11-30,59.2,60.5,58.6,58.6,1369060,81615416,954,-0.50,58.6
2010-12-01,59.1,59.8,58.5,59.4,1206978,71221192,752,+0.80,59.4
2010-12-02,60.3,60.4,58.8,59.4,1923030,114737811,1053, 0.00,59.4
2010-12-03,60.0,60.3,58.8,59.0,1068221,63408339,620,-0.40,59.0
2010-12-06,60.5,60.9,59.0,59.0,1735012,104003903,968, 0.00,59.0
2010-12-07,59.3,59.5,57.4,59.1,1343780,78505163,790,+0.10,59.1
2010-12-08,59.2,59.3,58.5,58.7,1115205,65635836,619,-0.40,58.7
2010-12-09,59.4,62.8,59.4,62.8,3650152,222475941,1943,+4.10,62.8
2010-12-10,63.7,66.5,63.5,64.9,5216705,337498637,2860,+2.10,64.9
2010-12-13,65.0,65.4,63.5,64.0,2412439,154507796,1489,-0.90,64.0
2010-12-14,64.5,64.5,61.7,61.7,2442138,153014928,1423,-2.30,61.7
2010-12-15,61.0,61.6,59.0,59.3,2442713,146081667,1402,-2.40,59.3
2010-12-16,59.3,60.5,59.3,59.8,1119412,67111736,714,+0.50,59.8
2010-12-17,60.1,60.5,58.5,58.6,1515213,89541980,939,-1.20,58.6
2010-12-20,59.0,59.2,57.0,57.0,1837439,105997680,1241,-1.60,57.0
2010-12-21,57.1,58.8,57.1,58.1,1265050,73362305,801,+1.10,58.1
2010-12-22,58.7,59.5,58.3,59.0,1673360,98557540,948,+0.90,59.0
2010-12-23,59.9,59.9,58.0,58.1,1551630,91211770,925,-0.90,58.1
2010-12-24,58.2,59.2,57.5,57.6,1089070,63374946,701,-0.50,57.6
2010-12-27,57.6,58.1,56.9,56.9,1025100,58640300,642,-0.70,56.9
2010-12-28,57.0,57.5,55.3,55.6,1419331,79420903,889,-1.30,55.6
2010-12-29,55.6,56.8,54.9,55.0,1150828,64125434,666,-0.60,55.0
2010-12-30,54.2,55.6,54.2,54.8,530505,29028975,379,-0.20,54.8
2010-12-31,54.8,55.8,54.5,54.8,1282005,70500276,622, 0.00,54.8
2011-01-03,55.1,55.4,53.6,53.8,722937,39194227,509,-1.00,53.8
2011-01-04,54.0,54.7,53.8,54.0,799100,43276519,464,+0.20,54.0
2011-01-05,54.1,54.5,52.5,52.8,958175,50818272,696,-1.20,52.8
2011-01-06,53.1,54.5,52.5,54.1,831662,44510448,569,+1.30,54.1
2011-01-07,55.2,55.2,53.0,53.9,626106,33947455,443,-0.20,53.9
2011-01-10,54.4,54.4,52.6,53.0,546015,28964499,369,-0.90,53.0
2011-01-11,52.7,54.8,52.6,54.1,703190,37810179,479,+1.10,54.1
2011-01-12,54.1,55.2,54.0,54.1,819805,44744103,563, 0.00,54.1
2011-01-13,54.5,54.7,52.8,53.2,687700,36786100,436,-0.90,53.2
2011-01-14,53.0,53.6,52.9,53.0,428000,22730500,330,-0.20,53.0
2011-01-17,53.6,53.6,52.8,52.8,421000,22340500,289,-0.20,52.8
2011-01-18,53.6,56.4,53.6,56.4,1883767,104756758,879,+3.60,56.4
2011-01-19,57.0,57.4,55.7,56.2,2244720,126784636,1127,-0.20,56.2
2011-01-20,56.0,56.5,55.1,55.8,930520,52103502,467,-0.40,55.8
2011-01-21,55.4,57.2,55.4,57.2,1328010,75167770,721,+1.40,57.2
2011-01-24,57.5,57.6,56.5,57.0,1115837,63538190,488,-0.20,57.0
2011-01-25,57.1,57.2,55.6,55.7,818200,45962100,442,-1.30,55.7
2011-01-26,56.0,56.5,55.5,56.4,503563,28176284,306,+0.70,56.4
2011-01-27,57.0,58.2,56.7,57.0,2547483,146288731,1294,+0.60,57.0
2011-01-28,56.9,57.7,56.5,56.5,1236040,70603600,606,-0.50,56.5
2011-02-08,56.8,57.5,56.5,56.6,789400,44944520,501,+0.10,56.6
2011-02-09,57.5,60.1,57.1,57.8,3095400,180996799,1450,+1.20,57.8
2011-02-10,58.4,58.6,57.2,57.2,1312200,76012440,797,-0.60,57.2
2011-02-11,57.2,57.2,53.9,54.2,1045020,57934024,676,-3.00,54.2
2011-02-14,54.7,55.3,54.7,54.9,555000,30503800,348,+0.70,54.9
2011-02-15,54.9,57.9,54.9,56.8,1083480,61544976,702,+1.90,56.8
2011-02-16,57.9,59.0,57.1,57.3,1873010,108831470,1086,+0.50,57.3
2011-02-17,57.2,57.2,55.5,55.8,927100,52084219,579,-1.50,55.8
2011-02-18,56.5,56.6,55.5,55.9,433059,24224197,275,+0.10,55.9
2011-02-21,55.5,55.8,54.2,54.2,1024000,56035600,606,-1.70,54.2
2011-02-22,54.0,54.0,52.3,52.4,1149100,60596340,691,-1.80,52.4
2011-02-23,51.2,52.5,50.8,50.8,740000,38133200,486,-1.60,50.8
2011-02-24,50.5,52.2,50.5,51.0,472000,24203500,315,+0.20,51.0
2011-02-25,51.5,53.0,51.0,52.5,456070,23684560,318,+1.50,52.5
2011-03-01,52.6,53.3,52.0,52.8,438100,23103690,274,+0.30,52.8
2011-03-02,52.8,53.9,52.3,52.8,509120,27076075,330, 0.00,52.8
2011-03-03,52.9,53.5,52.5,52.9,339447,17971686,213,+0.10,52.9
2011-03-04,53.8,53.8,52.5,52.5,328000,17332600,176,-0.40,52.5
2011-03-07,52.4,52.4,51.7,51.7,326020,16938108,206,-0.80,51.7
2011-03-08,51.1,52.3,51.1,51.8,280060,14463568,172,+0.10,51.8
2011-03-09,52.0,52.5,51.5,52.1,249056,12946034,171,+0.30,52.1
2011-03-10,52.1,52.1,51.0,51.3,314023,16106907,217,-0.80,51.3
2011-03-11,50.5,51.9,50.5,51.4,687100,35013180,335,+0.10,51.4
2011-03-14,50.9,51.4,50.2,50.8,481228,24422713,292,-0.60,50.8
2011-03-15,50.4,50.5,47.25,47.3,690000,33278400,440,-3.50,47.3
2011-03-16,46.9,48.2,44.9,45.9,756500,34786450,452,-1.40,45.9
2011-03-17,45.8,45.9,44.2,45.1,391063,17673298,280,-0.80,45.1
2011-03-18,45.1,48.1,45.1,48.0,418042,19620152,294,+2.90,48.0
2011-03-21,48.0,48.8,47.5,48.8,364390,17705381,234,+0.80,48.8
2011-03-22,49.0,49.5,48.9,49.4,189551,9338763,142,+0.60,49.4
2011-03-23,49.4,49.65,48.55,48.65,214437,10485437,132,-0.75,48.65
2011-03-24,48.8,49.1,48.65,48.7,209000,10208900,167,+0.05,48.7
2011-03-25,49.0,49.0,47.8,48.1,355200,17148430,232,-0.60,48.1
2011-03-28,49.0,49.0,46.95,47.15,313009,14814390,221,-0.95,47.15
2011-03-29,46.65,47.15,46.55,46.95,298109,13951094,193,-0.20,46.95
2011-03-30,47.0,47.1,46.8,46.95,244200,11464740,131, 0.00,46.95
2011-03-31,47.0,47.3,46.95,47.0,164010,7718926,126,+0.05,47.0
2011-04-01,47.0,47.5,46.9,47.3,251001,11839847,154,+0.30,47.3
2011-04-06,47.35,47.6,46.9,47.05,367023,17317035,214,-0.25,47.05
2011-04-07,47.25,48.45,47.1,48.35,419371,20030083,269,+1.30,48.35
2011-04-08,48.2,48.2,47.4,47.65,208100,9931450,145,-0.70,47.65
2011-04-11,47.05,47.05,45.65,46.0,592200,27282840,357,-1.65,46.0
2011-04-12,46.0,46.0,45.05,45.25,253599,11518234,142,-0.75,45.25
2011-04-13,45.0,45.4,44.55,45.4,585244,26235840,296,+0.15,45.4
2011-04-14,45.3,46.3,45.1,46.0,222241,10111415,153,+0.60,46.0
2011-04-15,46.1,46.1,44.6,44.9,280232,12697870,168,-1.10,44.9
2011-04-18,44.6,45.2,44.5,44.5,203020,9074697,126,-0.40,44.5
2011-04-19,44.25,45.0,43.65,43.65,407400,17888700,223,-0.85,43.65
2011-04-20,43.8,44.4,43.7,43.7,416618,18290805,259,+0.05,43.7
2011-04-21,43.8,44.8,43.8,44.0,386152,17088983,234,+0.30,44.0
2011-04-22,44.3,46.1,44.0,45.4,558154,25279074,335,+1.40,45.4
2011-04-25,45.4,45.4,44.6,44.7,268015,11997774,161,-0.70,44.7
2011-04-26,44.2,45.8,44.2,45.4,417365,18872860,273,+0.70,45.4
2011-04-27,45.8,46.5,45.6,46.2,710422,32818846,435,+0.80,46.2
2011-04-28,46.0,46.0,44.9,45.6,827003,37482685,492,-0.60,45.6
2011-04-29,45.4,46.1,44.8,45.0,465352,21164640,279,-0.60,45.0
2011-05-03,44.4,44.45,43.8,44.3,512015,22569017,234,-0.70,44.3
2011-05-04,44.3,44.3,43.35,44.0,233210,10170952,158,-0.30,44.0
2011-05-05,43.85,44.8,43.6,44.5,191020,8439238,139,+0.50,44.5
2011-05-06,44.8,46.1,44.8,45.3,391151,17661707,273,+0.80,45.3
2011-05-09,46.0,46.3,45.1,45.1,393450,18004215,227,-0.20,45.1
2011-05-10,45.5,45.5,44.6,45.1,153101,6882414,101, 0.00,45.1
2011-05-11,45.3,45.7,44.3,44.3,238275,10654937,135,-0.80,44.3
2011-05-12,44.1,45.2,44.0,44.6,235000,10468450,159,+0.30,44.6
2011-05-13,45.0,47.55,45.0,46.9,1341689,62569857,830,+2.30,46.9
2011-05-16,47.5,48.5,47.3,47.3,1113544,53297818,680,+0.40,47.3
2011-05-17,47.0,47.4,46.5,46.9,350100,16417250,221,-0.40,46.9
2011-05-18,47.35,48.0,46.8,47.8,514090,24447675,322,+0.90,47.8
2011-05-19,48.2,48.4,46.9,46.9,584434,27757928,346,-0.90,46.9
2011-05-20,47.3,47.9,46.55,46.9,621052,29356388,383, 0.00,46.9
2011-05-23,46.9,46.9,45.65,45.75,315000,14495400,210,-1.15,45.75
2011-05-24,45.1,45.65,44.1,45.15,500002,22462691,267,-0.60,45.15
2011-05-25,46.0,46.0,44.75,44.75,513100,23272250,278,-0.40,44.75
2011-05-26,44.8,45.3,44.8,44.8,264100,11865130,184,+0.05,44.8
2011-05-27,45.0,47.3,45.0,46.9,832198,38717406,522,+2.10,46.9
2011-05-30,47.0,47.8,46.55,46.9,528100,24922910,342, 0.00,46.9
2011-05-31,47.15,47.4,46.4,46.8,343137,16078861,221,-0.10,46.8
2011-06-01,47.0,50.0,47.0,50.0,2024346,98268494,1058,+3.20,50.0
2011-06-02,49.35,51.9,49.2,50.5,4632404,235160212,2318,+0.50,50.5
2011-06-03,50.5,51.3,50.1,50.8,1643291,83401593,879,+0.30,50.8
2011-06-07,50.0,50.5,49.05,50.4,760001,37834451,488,-0.40,50.4
2011-06-08,50.4,50.9,49.1,49.1,721199,35985759,450,-1.30,49.1
2011-06-09,49.1,49.65,48.2,48.6,545400,26594259,359,-0.50,48.6
2011-06-10,49.5,49.5,47.65,47.7,672000,32371850,416,-0.90,47.7
2011-06-13,47.2,47.2,45.5,46.0,746136,34654263,450,-1.70,46.0
2011-06-14,46.0,46.85,46.0,46.7,385656,17930183,251,+0.70,46.7
2011-06-15,46.8,47.5,46.05,47.4,668020,31291289,447,+0.70,47.4
2011-06-16,47.2,47.2,46.0,46.0,441641,20483491,274,-1.40,46.0
2011-06-17,46.5,48.8,45.2,48.6,1077145,50401401,688,+2.60,48.6
2011-06-20,48.5,48.5,46.1,46.1,660806,31151005,428,-2.50,46.1
2011-06-21,46.7,46.7,44.65,46.05,417272,18955416,276,-0.05,46.05
2011-06-22,46.2,47.35,46.1,46.5,469120,21879193,289,+0.45,46.5
2011-06-23,46.5,46.5,45.5,45.8,256699,11793313,183,-0.70,45.8
2011-06-24,45.5,46.5,45.15,45.9,328000,14958950,221,+0.10,45.9
2011-06-27,45.3,45.9,45.1,45.3,258315,11736540,165,-0.60,45.3
2011-06-28,45.55,46.3,45.25,45.3,355000,16164000,200, 0.00,45.3
2011-06-29,46.0,46.0,45.25,45.35,487000,22093900,306,+0.05,45.35
2011-06-30,45.8,45.8,45.0,45.2,337025,15230995,218,-0.15,45.2
2011-07-01,45.5,45.75,45.0,45.0,450592,20428848,317,-0.20,45.0
2011-07-04,45.45,45.45,43.5,44.4,987125,43798800,628,-0.60,44.4
2011-07-05,44.5,44.9,43.55,44.0,546498,24078112,377,-0.40,44.0
2011-07-06,44.9,44.9,43.5,43.5,554017,24365395,388,-0.50,43.5
2011-07-07,43.55,44.0,42.3,42.35,779760,33663810,558,-1.15,42.35
2011-07-08,42.35,43.3,41.25,41.3,1414086,59715140,697,-1.05,41.3
2011-07-11,41.3,41.3,38.55,39.2,748280,29400570,451,-2.10,39.2
2011-07-12,38.0,38.8,37.0,37.55,828328,31262963,448,-1.65,37.55
2011-07-13,38.3,39.8,37.8,37.9,903340,34985338,580,+0.35,37.9
2011-07-14,38.05,38.95,36.0,37.2,769500,28878249,439,-0.70,37.2
2011-07-15,37.2,38.5,37.0,38.2,638080,24148240,401,+1.00,38.2
2011-07-18,38.5,38.5,36.55,36.9,567614,21160768,401,-1.30,36.9
2011-07-19,36.5,36.95,36.15,36.5,508167,18499195,375,-0.40,36.5
2011-07-20,36.9,38.1,36.9,37.75,710101,26617012,437,+1.25,37.75
2011-07-21,37.9,37.9,37.1,37.4,204840,7638341,153,-0.35,37.4
2011-07-22,37.5,38.75,37.5,38.4,588430,22502174,365,+1.00,38.4
2011-07-25,38.1,38.75,37.55,38.0,330182,12589016,192,-0.40,38.0
2011-07-26,37.9,39.0,37.9,38.8,626926,24122193,358,+0.80,38.8
2011-07-27,38.8,41.5,38.8,40.95,4734720,194729024,1448,+2.15,40.95
2011-07-28,40.8,40.8,39.5,40.3,1246110,50020087,716,-0.65,40.3
2011-07-29,40.6,40.6,38.3,38.5,831010,32518641,523,-1.80,38.5
2011-08-01,38.2,38.95,38.0,38.15,418789,16060632,291,-0.35,38.15
2011-08-02,38.0,38.0,37.5,37.8,386000,14549550,212,-0.35,37.8
2011-08-03,36.5,37.1,36.0,36.8,566612,20701320,320,-1.00,36.8
2011-08-04,37.1,38.5,36.8,37.7,1383920,52138200,637,+0.90,37.7
2011-08-05,35.1,35.7,35.1,35.1,918045,32330744,446,-2.60,35.1
2011-08-08,33.0,34.3,32.65,32.65,607106,19910309,319,-2.45,32.65
2011-08-09,30.4,31.3,30.4,30.7,1357670,41470814,580,-1.95,30.7
2011-08-10,31.9,31.9,30.6,31.0,1730400,53751169,816,+0.30,31.0
2011-08-11,29.1,30.0,28.85,29.95,1335308,39183320,632,-1.05,29.95
2011-08-12,30.6,31.45,30.4,30.7,1399520,43380709,679,+0.75,30.7
2011-08-15,31.4,32.75,31.4,32.75,1106520,35660028,635,+2.05,32.75
2011-08-16,33.8,33.8,32.8,33.2,926522,30760687,506,+0.45,33.2
2011-08-17,33.0,33.2,32.05,32.2,531053,17272822,330,-1.00,32.2
2011-08-18,31.55,32.2,31.5,31.5,618500,19649799,369,-0.70,31.5
2011-08-19,30.0,30.9,29.35,29.35,1151568,34502125,599,-2.15,29.35
2011-08-22,26.0,27.0,25.1,25.25,610799,15846961,375,X0.00,25.25
2011-08-23,25.8,27.0,25.55,27.0,726115,19003837,399,+1.75,27.0
2011-08-24,27.25,28.3,27.25,27.25,764056,21150620,447,+0.25,27.25
2011-08-25,28.0,28.0,25.8,26.1,833038,22356785,427,-1.15,26.1
2011-08-26,26.2,26.95,26.0,26.8,446000,11776950,290,+0.70,26.8
2011-08-29,26.95,27.5,26.9,27.15,402836,10977307,256,+0.35,27.15
2011-08-30,27.95,28.3,27.7,28.0,837200,23438600,428,+0.85,28.0
2011-08-31,28.0,29.0,27.7,28.4,818560,23212969,443,+0.40,28.4
2011-09-01,28.8,29.3,27.95,28.0,876400,25084530,430,-0.40,28.0
2011-09-02,27.8,28.2,27.5,28.2,391026,10886783,209,+0.20,28.2
2011-09-05,27.0,28.0,27.0,27.7,550100,15063430,250,-0.50,27.7
2011-09-06,27.3,27.8,27.0,27.65,711500,19462800,325,-0.05,27.65
2011-09-07,28.0,29.1,28.0,28.75,872500,25033125,546,+1.10,28.75
2011-09-08,28.75,29.35,28.35,28.8,1579793,45659817,742,+0.05,28.8
2011-09-09,28.75,29.0,28.55,28.65,463378,13310812,223,-0.15,28.65
2011-09-13,28.35,28.35,27.2,27.3,515000,14231250,267,-1.35,27.3
2011-09-14,27.5,28.0,26.0,26.6,857400,23162930,367,-0.70,26.6
2011-09-15,27.3,27.6,27.05,27.25,454012,12403278,217,+0.65,27.25
2011-09-16,27.8,29.15,27.5,29.15,1281519,36813628,606,+1.90,29.15
2011-09-19,29.15,29.6,28.45,28.6,718120,20866391,414,-0.55,28.6
2011-09-20,28.6,29.8,28.5,29.65,938970,27350659,541,+1.05,29.65
2011-09-21,29.6,29.7,29.0,29.45,1069530,31446778,534,-0.20,29.45
2011-09-22,29.0,29.0,28.25,28.35,745499,21234096,446,-1.10,28.35
2011-09-23,26.4,27.15,26.4,26.65,983579,26175327,492,-1.70,26.65
2011-09-26,26.9,26.9,25.15,25.15,680000,17654650,288,-1.50,25.15
2011-09-27,25.65,26.4,25.65,26.1,585000,15266650,342,+0.95,26.1
2011-09-28,26.3,26.3,25.2,26.05,532600,13777379,285,-0.05,26.05
2011-09-29,25.1,26.05,25.1,26.0,329046,8450000,207,-0.05,26.0
2011-09-30,25.9,26.2,25.6,26.0,401095,10376520,245, 0.00,26.0
2011-10-03,25.8,25.8,24.9,25.1,425000,10695500,260,-0.90,25.1
2011-10-04,25.0,25.5,24.7,25.5,574549,14372554,267,+0.40,25.5
2011-10-05,26.0,26.5,25.6,26.0,320195,8312870,187,+0.50,26.0
2011-10-06,26.8,26.8,25.65,25.8,347000,9063100,203,-0.20,25.8
2011-10-07,26.05,26.2,25.45,25.5,325130,8377878,209,-0.30,25.5
2011-10-11,26.0,26.0,25.65,25.85,252005,6505679,154,+0.35,25.85
2011-10-12,25.8,26.4,25.4,26.0,569020,14743472,312,+0.15,26.0
2011-10-13,26.3,26.35,25.75,25.8,581185,15090091,304,-0.20,25.8
2011-10-14,25.95,26.8,25.8,26.0,927116,24318076,533,+0.20,26.0
2011-10-17,26.3,26.7,26.15,26.3,458039,12082529,227,+0.30,26.3
2011-10-18,25.9,26.1,25.7,26.0,172004,4445805,104,-0.30,26.0
2011-10-19,25.8,26.2,25.7,25.8,254030,6578680,149,-0.20,25.8
2011-10-20,25.8,25.8,25.3,25.6,212569,5442729,119,-0.20,25.6
2011-10-21,25.6,25.6,25.2,25.3,249000,6305250,116,-0.30,25.3
2011-10-24,25.7,25.9,25.5,25.65,211058,5425084,142,+0.35,25.65
2011-10-25,25.8,26.55,25.8,26.25,485550,12758124,277,+0.60,26.25
2011-10-26,26.25,26.25,26.0,26.15,250074,6521192,132,-0.10,26.15
2011-10-27,26.15,26.5,26.0,26.15,389000,10232850,236, 0.00,26.15
2011-10-28,26.45,26.6,25.5,25.75,684000,17885150,341,-0.40,25.75
2011-10-31,25.9,25.95,25.35,25.35,305760,7812226,179,-0.40,25.35
2011-11-01,25.35,25.6,25.15,25.3,259013,6554582,165,-0.05,25.3
2011-11-02,25.0,25.45,25.0,25.4,172500,4339000,110,+0.10,25.4
2011-11-03,25.5,25.5,25.05,25.1,167247,4218498,111,-0.30,25.1
2011-11-04,25.3,25.8,25.3,25.65,272600,6977160,187,+0.55,25.65
2011-11-07,25.6,25.9,25.45,25.8,187701,4820905,121,+0.15,25.8
2011-11-08,26.1,26.8,25.6,26.45,693322,18200100,327,+0.65,26.45
2011-11-09,26.8,28.3,26.75,28.3,4050921,113081724,1792,+1.85,28.3
2011-11-10,27.8,28.0,26.85,27.4,1575277,43118356,802,-0.90,27.4
2011-11-11,27.6,28.1,26.9,27.75,967003,26686583,541,+0.35,27.75
2011-11-14,28.5,28.7,27.3,27.3,864630,24182298,476,-0.45,27.3
2011-11-15,27.3,28.65,27.3,27.95,1178194,33051093,628,+0.65,27.95
2011-11-16,28.1,28.4,27.4,28.1,1175000,32900750,595,+0.15,28.1
2011-11-17,28.1,28.3,27.6,27.7,609650,16979170,318,-0.40,27.7
2011-11-18,27.5,29.0,27.5,28.5,2823749,80484330,1556,+0.80,28.5
2011-11-21,28.9,29.6,27.8,28.0,2495456,71739125,1289,-0.50,28.0
2011-11-22,28.2,28.6,26.05,26.05,2010263,54684099,1065,-1.95,26.05
2011-11-23,25.8,25.8,24.25,24.25,1096081,26857714,557,-1.80,24.25
2011-11-24,22.6,24.3,22.6,23.25,1554370,35930438,734,-1.00,23.25
2011-11-25,23.85,23.85,22.1,22.3,775460,17608350,421,-0.95,22.3
2011-11-28,22.55,22.9,22.3,22.5,404055,9121904,227,+0.20,22.5
2011-11-29,22.8,23.5,22.8,23.4,606662,14058973,336,+0.90,23.4
2011-11-30,23.4,23.5,22.0,22.1,408011,9244697,235,-1.30,22.1
2011-12-01,22.9,23.2,22.7,22.8,741070,16971145,366,+0.70,22.8
2011-12-02,23.2,24.35,23.2,24.35,1117342,27048377,560,+1.55,24.35
2011-12-05,24.85,24.85,24.1,24.25,1240200,30430100,658,-0.10,24.25
2011-12-06,24.25,24.25,23.0,23.05,577013,13470245,325,-1.20,23.05
2011-12-07,23.45,23.6,22.2,22.35,593266,13468057,337,-0.70,22.35
2011-12-08,22.35,22.45,21.65,21.65,445180,9773214,234,-0.70,21.65
2011-12-09,21.0,21.45,20.5,20.9,417251,8740671,236,-0.75,20.9
2011-12-12,21.35,21.4,20.75,20.9,450010,9468358,211, 0.00,20.9
2011-12-13,20.55,20.65,20.0,20.4,404000,8218750,192,-0.50,20.4
2011-12-14,20.4,21.35,20.2,21.35,334048,6982829,217,+0.95,21.35
2011-12-15,21.3,21.3,20.5,20.55,278527,5769577,166,-0.80,20.55
2011-12-16,20.9,20.9,20.2,20.4,196025,4011912,142,-0.15,20.4
2011-12-19,20.4,20.4,19.0,19.05,594310,11685671,354,-1.35,19.05
2011-12-20,19.2,19.95,19.2,19.7,343100,6760635,196,+0.65,19.7
2011-12-21,20.35,21.05,20.25,21.05,404025,8396176,257,+1.35,21.05
2011-12-22,21.2,21.2,20.5,20.6,303179,6265151,189,-0.45,20.6
2011-12-23,20.9,21.8,20.8,21.7,783693,16773233,407,+1.10,21.7
2011-12-26,21.9,21.9,21.5,21.7,323858,7007288,151, 0.00,21.7
2011-12-27,21.7,22.45,21.6,21.9,280343,6147480,164,+0.20,21.9
2011-12-28,21.9,22.0,21.3,21.45,348745,7498679,169,-0.45,21.45
2011-12-29,21.45,21.45,20.9,21.4,339061,7178666,183,-0.05,21.4
2011-12-30,21.25,21.6,21.05,21.05,210250,4471462,136,-0.35,21.05
2012-01-02,21.05,21.05,20.3,20.3,273600,5606778,163,-0.75,20.3
2012-01-03,20.5,20.65,20.4,20.45,277300,5691149,152,+0.15,20.45
2012-01-04,20.5,21.1,20.5,20.7,359000,7476750,198,+0.25,20.7
2012-01-05,20.8,21.2,20.6,20.85,332100,6936870,189,+0.15,20.85
2012-01-06,21.05,22.05,20.9,21.95,1401220,30353068,719,+1.10,21.95
2012-01-09,21.95,22.15,21.05,21.15,700330,15114945,335,-0.80,21.15
2012-01-10,21.3,21.6,21.2,21.2,490020,10466079,244,+0.05,21.2
2012-01-11,21.3,22.25,21.3,21.8,836333,18324258,471,+0.60,21.8
2012-01-12,21.8,21.8,21.3,21.35,405019,8725658,227,-0.45,21.35
2012-01-13,21.6,21.8,21.2,21.35,571000,12223500,290, 0.00,21.35
2012-01-16,21.5,21.55,21.0,21.2,370560,7884960,209,-0.15,21.2
2012-01-17,21.4,22.65,21.4,22.65,1317870,29247104,611,+1.45,22.65
2012-01-18,23.0,24.2,22.8,24.0,2123820,50579554,991,+1.35,24.0
2012-01-30,25.0,25.65,24.8,25.65,1806226,45853713,779,+1.65,25.65
2012-01-31,26.0,26.65,25.1,25.5,1544694,39892647,694,-0.15,25.5
2012-02-01,25.65,26.2,25.0,26.0,1024778,26429771,463,+0.50,26.0
2012-02-02,26.5,27.8,26.5,27.8,2298865,62868946,923,+1.80,27.8
2012-02-03,28.0,29.5,27.8,28.95,3604768,103283591,1353,+1.15,28.95
2012-02-04,29.6,30.2,28.65,29.3,2463139,72558951,995,+0.35,29.3
2012-02-06,30.0,30.0,28.6,29.3,2016081,59112631,823, 0.00,29.3
2012-02-07,28.8,29.3,27.85,28.65,1444000,41186250,717,-0.65,28.65
2012-02-08,28.95,30.15,28.8,29.7,2059295,60606866,946,+1.05,29.7
2012-02-09,29.5,29.9,28.8,29.25,1248478,36542907,648,-0.45,29.25
2012-02-10,29.8,31.25,29.0,30.6,3413718,103559960,1518,+1.35,30.6
2012-02-13,30.6,30.6,29.6,30.3,1678615,50617501,718,-0.30,30.3
2012-02-14,31.5,32.1,30.9,31.2,2520371,79269768,1295,+0.90,31.2
2012-02-15,31.2,31.9,31.05,31.55,1464139,46053932,799,+0.35,31.55
2012-02-16,31.2,32.5,29.55,29.8,1477980,45930259,875,-1.75,29.8
2012-02-17,30.0,30.8,29.0,29.4,1605000,47561600,787,-0.40,29.4
2012-02-20,29.6,30.4,29.2,29.8,985851,29384504,517,+0.40,29.8
2012-02-21,29.8,30.4,29.5,30.0,466500,13966800,269,+0.20,30.0
2012-02-22,29.25,30.1,29.25,29.6,707300,21074615,370,-0.40,29.6
2012-02-23,30.3,30.8,29.65,29.7,998750,30249373,503,+0.10,29.7
2012-02-24,30.2,30.4,29.25,29.5,485506,14462902,312,-0.20,29.5
2012-02-29,29.6,29.8,28.9,29.05,1800844,52676228,450,-0.45,29.05
2012-03-01,29.2,29.2,28.6,29.0,1186200,34246909,600,-0.05,29.0
2012-03-02,29.55,31.0,29.3,31.0,3567193,109726833,1426,+2.00,31.0
2012-03-03,30.85,30.85,30.0,30.7,1520955,46332855,773,-0.30,30.7
2012-03-05,30.65,30.7,29.0,29.5,1493747,44196433,752,-1.20,29.5
2012-03-06,29.1,29.75,27.5,28.5,1177000,33592750,681,-1.00,28.5
2012-03-07,27.0,28.4,27.0,27.95,526328,14659396,325,-0.55,27.95
2012-03-08,28.2,28.6,28.0,28.15,615500,17421074,366,+0.20,28.15
2012-03-09,28.4,28.95,28.1,28.8,566340,16231975,320,+0.65,28.8
2012-03-12,28.7,28.7,28.05,28.05,462488,13077402,253,-0.75,28.05
2012-03-13,28.05,28.3,27.75,28.1,387277,10838344,239,+0.05,28.1
2012-03-14,28.65,29.0,28.5,28.8,631430,18113997,374,+0.70,28.8
2012-03-15,29.6,30.8,29.35,30.8,2201105,67080031,834,+2.00,30.8
2012-03-16,31.8,32.2,30.9,31.3,6524368,206426810,2897,+0.50,31.3
2012-03-19,31.6,31.7,30.3,30.4,1521257,46783387,835,-0.90,30.4
2012-03-20,30.55,30.8,29.7,29.75,1034500,31044074,600,-0.65,29.75
2012-03-21,30.0,31.8,29.8,31.8,3275425,102352414,1591,+2.05,31.8
2012-03-22,33.0,34.0,32.8,33.7,8095686,270467424,3407,+1.90,33.7
2012-03-23,33.7,35.55,33.2,34.5,5830921,200737394,2979,+0.80,34.5
2012-03-26,34.5,34.5,33.4,33.85,3006400,101898350,1374,-0.65,33.85
2012-03-27,34.9,36.2,34.8,36.2,2634350,94638670,891,+2.35,36.2
2012-03-28,36.4,36.85,35.05,36.05,3882425,139549736,1910,-0.15,36.05
2012-03-29,35.55,35.85,33.55,34.0,3258830,111119270,1626,-2.05,34.0
2012-03-30,32.85,34.4,32.5,34.3,1533508,51614573,858,+0.30,34.3
2012-04-02,34.3,34.55,33.1,33.15,981017,32920811,586,-1.15,33.15
2012-04-03,33.5,33.7,30.85,30.85,1923351,60596394,1051,-2.30,30.85
2012-04-05,29.7,30.2,28.7,29.5,2307707,67651339,1120,-1.35,29.5
2012-04-06,29.7,31.3,29.7,31.15,2394130,73485101,1284,+1.65,31.15
2012-04-09,30.0,31.15,29.7,31.15,1266250,38686400,747, 0.00,31.15
2012-04-10,31.8,32.7,31.1,31.6,2296201,73570452,1320,+0.45,31.6
2012-04-11,30.7,31.55,30.6,31.55,1210100,37661474,646,-0.05,31.55
2012-04-12,32.15,32.85,31.35,31.95,2256000,72567600,1245,+0.40,31.95
2012-04-13,32.5,32.9,31.85,31.9,1812550,58565971,1015,-0.05,31.9
2012-04-16,31.7,31.7,30.8,30.9,946100,29532629,542,-1.00,30.9
2012-04-17,31.2,31.4,29.0,29.6,1339999,40314817,818,-1.30,29.6
2012-04-18,30.0,30.35,29.75,30.0,1108345,33283900,601,+0.40,30.0
2012-04-19,30.3,30.3,29.2,29.7,818001,24249331,434,-0.30,29.7
2012-04-20,29.7,29.85,28.65,28.65,987000,28850800,492,-1.05,28.65
2012-04-23,29.0,29.5,28.5,28.75,1150030,33249113,658,+0.10,28.75
2012-04-24,29.2,30.75,29.2,30.4,4128319,124979498,1717,+1.65,30.4
2012-04-25,30.7,32.5,30.5,32.05,5755144,181685342,2763,+1.65,32.05
2012-04-26,32.9,33.8,32.5,32.6,5904185,195500280,3013,+0.55,32.6
2012-04-27,33.45,33.45,31.75,32.3,2227554,72073782,1234,-0.30,32.3
2012-04-30,32.1,32.75,31.8,32.35,1413000,45607400,756,+0.05,32.35
2012-05-02,33.0,33.95,32.6,33.65,2859250,95230950,1554,+1.30,33.65
2012-05-03,33.65,34.45,32.7,32.9,1924050,64472350,1135,-0.75,32.9
2012-05-04,32.0,33.2,32.0,32.8,1398820,45788546,759,-0.10,32.8
2012-05-07,32.0,32.8,32.0,32.8,865500,28032299,511, 0.00,32.8
2012-05-08,34.5,35.05,34.0,35.05,1801705,63040359,675,+2.25,35.05
2012-05-09,35.2,35.4,32.9,33.7,5523630,191059229,2586,-1.35,33.7
2012-05-10,33.1,33.85,32.5,32.6,2711000,90067150,1288,-1.10,32.6
2012-05-11,32.8,32.95,32.1,32.3,966105,31454959,616,-0.30,32.3
2012-05-14,32.9,32.9,31.5,31.9,1029000,33165050,545,-0.40,31.9
2012-05-15,31.25,33.15,31.2,33.15,1852101,59771198,981,+1.25,33.15
2012-05-16,32.8,33.25,31.8,32.45,1855200,60771189,958,-0.70,32.45
2012-05-17,32.25,32.75,31.8,32.2,2894000,93752000,1306,-0.25,32.2
2012-05-18,31.3,31.7,29.95,29.95,2226005,67680554,1225,-2.25,29.95
2012-05-21,29.95,30.15,29.1,29.1,1248315,37079378,664,-0.85,29.1
2012-05-22,29.4,30.5,29.4,30.1,2409060,72340424,1193,+1.00,30.1
2012-05-23,29.5,29.55,28.9,29.3,1113451,32645384,680,-0.80,29.3
2012-05-24,29.4,29.7,29.05,29.1,1026850,30155484,549,-0.20,29.1
2012-05-25,29.7,29.7,28.6,28.65,706010,20525949,426,-0.45,28.65
2012-05-28,28.7,29.25,28.2,29.0,536167,15430325,370,+0.35,29.0
2012-05-29,29.5,30.8,29.45,30.6,1484280,44951168,819,+1.60,30.6
2012-05-30,30.8,30.8,30.2,30.5,917370,28017060,568,-0.10,30.5
2012-05-31,30.0,30.7,29.8,30.5,505165,15294965,320, 0.00,30.5
2012-06-01,30.1,30.4,29.3,29.6,545463,16302154,340,-0.90,29.6
2012-06-04,28.0,28.2,27.55,27.55,1172587,32446069,501,-2.05,27.55
2012-06-05,28.05,28.65,27.55,27.9,869150,24507274,563,+0.35,27.9
2012-06-06,28.1,29.1,28.1,28.65,587150,16823250,372,+0.75,28.65
2012-06-07,30.2,30.65,29.7,30.65,1769121,53557706,896,+2.00,30.65
2012-06-08,30.6,30.95,30.0,30.2,4580350,140497360,1645,-0.45,30.2
2012-06-11,30.6,30.9,30.2,30.45,2329172,71250446,808,+0.25,30.45
2012-06-12,29.8,30.2,29.7,29.85,883000,26417250,329,-0.60,29.85
2012-06-13,30.1,30.35,29.5,29.85,2080060,62388868,791, 0.00,29.85
2012-06-14,29.6,30.2,29.6,29.7,534586,15967335,351,-0.15,29.7
2012-06-15,30.0,30.35,28.5,28.5,1787182,52679592,783,-1.20,28.5
2012-06-18,29.9,30.1,29.5,29.65,1251001,37266029,651,+1.15,29.65
2012-06-19,29.8,30.65,29.35,29.9,1407005,42543603,819,+0.25,29.9
2012-06-20,30.4,30.5,29.85,30.15,724275,21833005,454,+0.25,30.15
2012-06-21,30.2,30.25,29.6,29.6,553864,16536740,340,-0.55,29.6
2012-06-22,29.6,29.85,29.1,29.8,489005,14451700,350,+0.20,29.8
2012-06-25,29.75,30.0,29.45,29.65,354000,10534600,179,-0.15,29.65
2012-06-26,29.75,29.85,29.3,29.4,432000,12765300,227,-0.25,29.4
2012-06-27,29.4,29.8,29.4,29.8,241146,7148986,172,+0.40,29.8
2012-06-28,30.45,30.45,29.8,30.0,479001,14376930,260,+0.20,30.0
2012-06-29,29.6,30.15,29.55,30.15,516330,15464116,324,+0.15,30.15
2012-07-02,30.8,30.9,30.4,30.6,1007000,30850450,523,+0.45,30.6
2012-07-03,30.6,30.9,30.4,30.45,1028175,31452054,505,-0.15,30.45
2012-07-04,30.6,31.5,30.5,31.1,1923670,60010754,1033,+0.65,31.1
2012-07-05,31.3,31.75,30.8,30.85,1006200,31490329,480,-0.25,30.85
2012-07-06,30.85,31.2,30.4,30.85,630341,19350969,327, 0.00,30.85
2012-07-09,30.8,30.85,30.5,30.85,439060,13454035,247, 0.00,30.85
2012-07-10,30.85,30.9,30.2,30.5,576001,17602280,370,-0.35,30.5
2012-07-11,30.9,31.9,30.75,31.75,2275151,71874471,1182,+1.25,31.75
2012-07-12,32.2,32.2,31.5,31.75,2221205,70831261,1123, 0.00,31.75
2012-07-13,31.75,32.4,31.75,32.4,2298544,73708390,1243,+0.65,32.4
2012-07-16,33.3,33.3,31.95,31.95,1609000,52101250,824,-0.45,31.95
2012-07-17,31.9,32.35,30.1,31.3,1223100,38322950,696,-0.65,31.3
2012-07-18,31.0,31.2,30.7,30.8,523100,16154130,329,-0.50,30.8
2012-07-19,31.4,32.25,31.15,31.9,1500752,47773238,723,+1.10,31.9
2012-07-20,32.0,32.2,31.5,31.5,725264,23007613,395,-0.40,31.5
2012-07-23,31.05,31.1,30.2,30.9,768118,23575152,397,-0.60,30.9
2012-07-24,30.9,32.2,30.6,31.95,1000957,31563782,695,+1.05,31.95
2012-07-25,31.7,33.4,31.4,32.7,2225270,72984688,1307,+0.75,32.7
2012-07-26,33.2,33.2,32.2,32.7,926310,30240185,527, 0.00,32.7
2012-07-27,33.2,34.95,33.0,34.95,5242544,181124856,2253,+2.25,34.95
2012-07-30,35.9,37.35,35.8,37.35,8438201,312063004,3220,+2.40,37.35
2012-07-31,38.1,39.0,36.8,39.0,9575459,360729575,3694,+1.65,39.0
2012-08-01,37.8,38.25,36.9,37.8,5173954,193632602,2229,-1.20,37.8
2012-08-03,37.2,38.35,36.9,38.3,4977205,188517209,2480,+0.50,38.3
2012-08-06,39.2,39.5,37.2,37.5,3339610,127810198,1714,-0.80,37.5
2012-08-07,37.5,37.8,36.35,36.5,2365263,87133425,1332,-1.00,36.5
2012-08-08,36.9,38.8,36.8,38.8,4624046,175565379,2586,+2.30,38.8
2012-08-09,39.1,41.0,38.2,40.4,3456795,136614746,1877,+1.60,40.4
2012-08-10,40.4,41.6,39.2,39.55,3821500,154653922,2387,-0.85,39.55
2012-08-13,39.55,40.2,38.8,40.1,1530582,60617985,994,+0.55,40.1
2012-08-14,40.1,40.6,39.8,39.85,1673250,67012461,1109,-0.25,39.85
2012-08-15,39.85,40.85,39.85,40.7,2322197,93801635,1350,+0.85,40.7
2012-08-16,39.5,39.7,38.7,39.3,3126143,122589282,1886,X0.00,39.3
2012-08-17,39.5,39.75,38.9,39.0,1678230,65795610,1028,-0.30,39.0
2012-08-20,38.8,39.5,38.35,38.5,1659380,64478135,992,-0.50,38.5
2012-08-21,38.6,39.15,38.4,38.4,1560202,60317166,1043,-0.10,38.4
2012-08-22,38.4,40.9,38.4,40.35,4279450,171153807,2390,+1.95,40.35
2012-08-23,40.4,40.5,39.6,39.8,2433589,97116191,1186,-0.55,39.8
2012-08-24,39.6,41.0,39.5,40.35,2343811,94780811,1418,+0.55,40.35
2012-08-27,41.0,41.0,39.8,40.0,1428651,57331494,695,-0.35,40.0
2012-08-28,39.8,39.8,37.6,38.0,1840026,71179088,1047,-2.00,38.0
2012-08-29,38.0,38.8,37.8,38.3,946110,36314635,573,+0.30,38.3
2012-08-30,38.3,39.2,38.3,38.65,1045092,40642357,697,+0.35,38.65
2012-08-31,39.7,40.75,39.2,40.45,2722066,108890078,1501,+1.80,40.45
2012-09-03,40.75,41.25,40.2,40.45,2829825,115482511,1624, 0.00,40.45
2012-09-04,41.0,42.5,40.8,41.2,3974130,165726630,2163,+0.75,41.2
2012-09-05,40.95,41.15,40.0,40.15,1804320,73250700,1067,-1.05,40.15
2012-09-06,40.4,40.4,38.6,38.85,2188820,86326232,1298,-1.30,38.85
2012-09-07,39.8,39.8,39.1,39.3,1189391,46815487,688,+0.45,39.3
2012-09-10,38.6,38.95,37.75,38.1,2596350,99105257,1431,-1.20,38.1
2012-09-11,38.1,39.0,38.0,38.35,1193125,46025368,719,+0.25,38.35
2012-09-12,38.9,39.15,38.55,38.65,1126164,43671855,604,+0.30,38.65
2012-09-13,39.05,39.95,38.8,39.3,1943479,76597698,1145,+0.65,39.3
2012-09-14,39.9,39.95,38.7,38.75,1431100,55975380,933,-0.55,38.75
2012-09-17,38.95,38.95,37.85,38.05,1095327,41814592,695,-0.70,38.05
2012-09-18,38.05,38.7,38.0,38.5,665965,25536852,425,+0.45,38.5
2012-09-19,39.5,39.8,38.9,38.95,2523190,99468460,1336,+0.45,38.95
2012-09-20,38.95,39.2,38.2,38.35,963100,37066300,542,-0.60,38.35
2012-09-21,38.6,39.2,38.4,38.5,958250,37116725,439,+0.15,38.5
2012-09-24,38.5,38.5,36.9,37.7,1876486,70433520,908,-0.80,37.7
2012-09-25,37.8,38.1,37.2,37.4,1188350,44407440,614,-0.30,37.4
2012-09-26,37.0,37.6,37.0,37.3,628760,23467647,328,-0.10,37.3
2012-09-27,37.7,38.25,37.55,37.6,2282378,86817731,947,+0.30,37.6
2012-09-28,37.5,37.9,37.1,37.2,603104,22523395,379,-0.40,37.2
2012-10-01,37.2,37.6,37.2,37.25,381100,14244180,229,+0.05,37.25
2012-10-02,37.9,37.9,37.4,37.7,443200,16668780,237,+0.45,37.7
2012-10-03,38.2,38.7,37.75,38.1,2526577,97173260,1130,+0.40,38.1
2012-10-04,38.2,38.2,37.25,37.4,752000,28253350,460,-0.70,37.4
2012-10-05,37.35,37.9,37.1,37.1,770835,28827414,463,-0.30,37.1
2012-10-08,37.1,37.4,34.65,34.7,1903020,67042368,991,-2.40,34.7
2012-10-09,34.55,34.6,32.3,32.4,2055317,67282402,1134,-2.30,32.4
2012-10-11,31.5,32.4,31.05,32.15,983382,31319380,558,-0.25,32.15
2012-10-12,32.0,32.7,32.0,32.3,562878,18206927,344,+0.15,32.3
2012-10-15,32.5,32.65,31.8,32.3,714000,23012800,391, 0.00,32.3
2012-10-16,33.0,33.0,32.4,32.9,663100,21709184,387,+0.60,32.9
2012-10-17,33.1,33.5,32.7,33.5,754020,24937830,438,+0.60,33.5
2012-10-18,33.7,34.35,33.65,33.95,1639500,55810850,1071,+0.45,33.95
2012-10-19,33.85,33.85,33.0,33.0,674000,22416400,489,-0.95,33.0
2012-10-22,31.85,32.95,31.8,32.5,749048,24174045,491,-0.50,32.5
2012-10-23,32.5,32.7,32.15,32.2,614663,19918266,377,-0.30,32.2
2012-10-24,31.9,32.5,31.6,32.2,408000,13148700,246, 0.00,32.2
2012-10-25,32.25,32.5,31.55,31.55,680000,21866550,526,-0.65,31.55
2012-10-26,31.9,32.5,29.4,30.3,1337000,41651150,770,-1.25,30.3
2012-10-29,30.5,30.7,28.6,28.75,1203051,35707429,605,-1.55,28.75
2012-10-30,29.1,29.6,29.1,29.5,1000000,29386600,586,+0.75,29.5
2012-10-31,30.0,30.0,28.3,28.3,1820612,52309248,1034,-1.20,28.3
2012-11-01,28.15,28.95,27.5,28.45,1137602,32223397,687,+0.15,28.45
2012-11-02,29.3,29.3,28.65,28.65,1673000,48359450,866,+0.20,28.65
2012-11-05,28.5,28.65,27.95,28.05,577835,16286815,325,-0.60,28.05
2012-11-06,28.2,28.6,28.1,28.6,630000,17863800,341,+0.55,28.6
2012-11-07,28.6,29.1,28.4,28.9,1049199,30193320,598,+0.30,28.9
2012-11-08,28.2,28.65,28.05,28.5,661750,18782536,351,-0.40,28.5
2012-11-09,28.45,29.4,28.4,29.3,1010366,29398373,607,+0.80,29.3
2012-11-12,29.4,29.45,28.8,29.0,556170,16170177,328,-0.30,29.0
2012-11-13,29.1,29.1,28.3,28.4,603600,17191560,346,-0.60,28.4
2012-11-14,28.3,28.75,28.3,28.6,378861,10841944,219,+0.20,28.6
2012-11-15,28.3,28.7,28.25,28.7,376639,10745649,168,+0.10,28.7
2012-11-16,28.6,29.0,28.4,28.5,335050,9603340,171,-0.20,28.5
2012-11-19,28.6,28.7,28.0,28.0,369200,10442180,201,-0.50,28.0
2012-11-20,28.3,28.4,27.9,27.9,311390,8754259,192,-0.10,27.9
2012-11-21,27.9,28.2,27.25,27.45,491168,13573786,275,-0.45,27.45
2012-11-22,27.6,27.95,27.5,27.75,356700,9871019,184,+0.30,27.75
2012-11-23,28.0,29.2,28.0,29.15,1054501,30306879,625,+1.40,29.15
2012-11-26,29.8,30.8,29.55,30.35,1611518,48670073,922,+1.20,30.35
2012-11-27,30.3,30.45,29.9,30.3,580503,17495090,382,-0.05,30.3
2012-11-28,30.25,30.45,30.05,30.25,596000,18060600,321,-0.05,30.25
2012-11-29,30.45,30.7,30.15,30.3,916163,27882888,585,+0.05,30.3
2012-11-30,30.3,31.3,30.3,30.8,1923100,59248850,962,+0.50,30.8
2012-12-03,31.0,31.2,30.35,30.35,949100,29244970,541,-0.45,30.35
2012-12-04,30.35,31.0,30.2,30.95,849000,26048000,421,+0.60,30.95
2012-12-05,30.95,32.2,30.75,31.6,1900344,60293869,970,+0.65,31.6
2012-12-06,31.8,31.9,30.8,30.85,948610,29579317,521,-0.75,30.85
2012-12-07,31.0,31.2,30.6,30.6,624500,19274000,305,-0.25,30.6
2012-12-10,31.0,31.15,30.65,30.65,578000,17851050,308,+0.05,30.65
2012-12-11,30.8,30.9,28.6,30.1,655000,19627800,403,-0.55,30.1
2012-12-12,30.1,30.6,30.1,30.2,423166,12825613,224,+0.10,30.2
2012-12-13,30.35,30.8,30.35,30.55,483000,14793200,292,+0.35,30.55
2012-12-14,30.55,31.5,30.55,31.2,1420000,44318750,716,+0.65,31.2
2012-12-17,31.5,31.5,30.8,30.9,478000,14837300,306,-0.30,30.9
2012-12-18,31.1,31.15,30.6,30.75,349200,10786470,223,-0.15,30.75
2012-12-19,30.95,31.25,30.75,31.05,366200,11334230,187,+0.30,31.05
2012-12-20,31.05,31.2,30.3,30.75,369507,11411674,238,-0.30,30.75
2012-12-21,30.9,30.95,30.3,30.35,518000,15789100,232,-0.40,30.35
2012-12-22,30.45,30.6,30.35,30.5,272001,8290331,122,+0.15,30.5
2012-12-24,30.5,30.75,30.5,30.5,308907,9443031,159, 0.00,30.5
2012-12-25,30.6,31.3,30.6,31.1,696269,21624339,370,+0.60,31.1
2012-12-26,31.3,31.5,30.9,30.9,360100,11241690,259,-0.20,30.9
2012-12-27,31.2,31.4,30.95,31.2,346339,10787125,174,+0.30,31.2
2012-12-28,31.5,32.35,31.3,31.8,1685479,53859810,845,+0.60,31.8
2013-01-02,32.3,33.6,32.1,33.35,2366900,78327750,1468,+1.55,33.35
2013-01-03,34.1,35.2,33.0,34.7,3861480,132153679,2002,+1.35,34.7
2013-01-04,34.5,34.6,33.8,34.0,1864210,63593804,1075,-0.70,34.0
2013-01-07,34.0,34.35,33.55,34.35,771035,26200369,482,+0.35,34.35
2013-01-08,34.35,34.6,33.65,33.7,612690,20843170,405,-0.65,33.7
2013-01-09,33.5,33.9,33.1,33.2,748000,25038200,436,-0.50,33.2
2013-01-10,33.3,34.15,33.3,33.45,1094100,36994474,554,+0.25,33.45
2013-01-11,33.95,34.0,33.7,33.75,630000,21325000,339,+0.30,33.75
2013-01-14,33.5,33.95,33.45,33.7,417000,14017100,238,-0.05,33.7
2013-01-15,33.8,34.2,33.6,34.0,722400,24488500,405,+0.30,34.0
2013-01-16,35.6,35.8,35.0,35.0,3499355,123731366,1959,+1.00,35.0
2013-01-17,35.1,35.35,32.7,33.05,1564520,53324033,858,-1.95,33.05
2013-01-18,33.8,34.2,33.4,34.0,795983,26946124,497,+0.95,34.0
2013-01-21,34.0,34.4,33.4,34.2,390270,13268884,226,+0.20,34.2
2013-01-22,34.7,34.7,34.05,34.5,540960,18574628,300,+0.30,34.5
2013-01-23,34.7,34.95,34.35,34.5,738550,25627280,446, 0.00,34.5
2013-01-24,34.3,35.85,34.15,35.85,2820724,99844459,1389,+1.35,35.85
2013-01-25,35.95,36.45,34.7,35.05,2316934,82272780,1202,-0.80,35.05
2013-01-28,35.15,36.2,35.0,36.0,1999474,71325441,1010,+0.95,36.0
2013-01-29,36.2,37.2,35.6,35.6,2907180,105812357,1528,-0.40,35.6
2013-01-30,35.65,36.1,35.4,35.8,1092131,39077716,570,+0.20,35.8
2013-01-31,36.2,36.85,35.5,36.8,1773920,64356672,1002,+1.00,36.8
2013-02-01,37.2,37.4,36.2,36.2,1955480,72082572,928,-0.60,36.2
2013-02-04,36.2,36.45,35.6,35.7,1595100,57415774,707,-0.50,35.7
2013-02-05,35.4,35.85,35.25,35.7,490000,17399500,295, 0.00,35.7
2013-02-06,36.2,36.2,34.65,34.9,843740,29825859,526,-0.80,34.9
2013-02-18,35.3,35.4,34.7,34.7,604341,21126348,315,-0.20,34.7
2013-02-19,34.5,34.95,33.8,34.15,1367375,46729640,769,-0.55,34.15
2013-02-20,34.5,34.5,34.0,34.3,708761,24239499,383,+0.15,34.3
2013-02-21,34.3,34.3,33.7,34.0,641779,21791150,377,-0.30,34.0
2013-02-22,33.95,34.7,33.85,34.6,1129100,38834169,637,+0.60,34.6
2013-02-23,34.85,34.85,34.1,34.7,584000,20211600,320,+0.10,34.7
2013-02-25,34.9,36.1,34.6,35.55,2410350,85692764,1260,+0.85,35.55
2013-02-26,35.1,35.35,34.55,34.55,747216,26117407,464,-1.00,34.55
2013-02-27,34.8,35.2,34.2,34.95,866629,30197906,525,+0.40,34.95
2013-03-01,35.75,35.75,34.9,34.9,1308137,46242729,791,-0.05,34.9
2013-03-04,34.55,34.7,33.95,34.0,1100792,37618504,610,-0.90,34.0
2013-03-05,34.0,34.45,33.8,34.3,624331,21346481,318,+0.30,34.3
2013-03-06,34.6,34.7,34.1,34.15,737834,25365413,349,-0.15,34.15
2013-03-07,34.2,35.4,34.2,35.35,2006138,69992883,898,+1.20,35.35
2013-03-08,35.5,37.5,35.0,37.3,5786362,211200645,2825,+1.95,37.3
2013-03-11,38.0,39.9,38.0,39.9,2874661,113346770,1110,+2.60,39.9
2013-03-12,40.3,40.3,37.25,37.6,4579440,177226934,2474,-2.30,37.6
2013-03-13,37.25,38.2,36.7,36.95,3013000,112981400,1477,-0.65,36.95
2013-03-14,37.0,37.5,36.2,36.45,1420000,52215200,852,-0.50,36.45
2013-03-15,36.95,37.0,35.85,36.0,1106000,40182450,695,-0.45,36.0
2013-03-18,36.0,36.4,35.4,35.65,916000,32720350,560,-0.35,35.65
2013-03-19,35.9,36.7,35.7,36.2,1241000,45030900,702,+0.55,36.2
2013-03-20,36.2,36.4,35.9,36.0,591388,21324718,345,-0.20,36.0
2013-03-21,36.2,36.45,35.7,35.75,750000,27016600,446,-0.25,35.75
2013-03-22,35.7,36.35,35.55,36.2,797000,28626600,469,+0.45,36.2
2013-03-25,38.2,38.65,36.55,36.7,4393000,163850300,1737,+0.50,36.7
2013-03-26,36.7,36.7,35.9,36.0,1135000,41082050,723,-0.70,36.0
2013-03-27,36.5,36.5,36.05,36.4,872410,31687906,460,+0.40,36.4
2013-03-28,36.1,36.45,36.05,36.2,544000,19733700,311,-0.20,36.2
2013-03-29,36.4,37.0,36.2,36.8,1285200,47156230,641,+0.60,36.8
2013-04-01,37.3,37.9,36.8,36.8,3303000,123499650,1431, 0.00,36.8
2013-04-02,36.75,37.0,36.55,36.65,657086,24095488,420,-0.15,36.65
2013-04-03,37.0,37.0,36.05,36.3,894469,32542796,593,-0.35,36.3
2013-04-08,35.0,35.2,33.8,34.0,1491000,50917750,780,-2.30,34.0
2013-04-09,34.0,34.35,32.7,33.0,1014100,33709654,694,-1.00,33.0
2013-04-10,33.3,33.5,33.0,33.3,415150,13820045,284,+0.30,33.3
2013-04-11,34.0,34.0,33.6,33.6,486000,16406350,350,+0.30,33.6
2013-04-12,33.7,34.1,33.0,33.0,651000,21728450,401,-0.60,33.0
2013-04-15,33.5,34.4,33.3,33.35,1203020,40579219,793,+0.35,33.35
2013-04-16,33.0,33.7,33.0,33.7,666000,22171800,513,+0.35,33.7
2013-04-17,33.9,33.9,33.5,33.6,753000,25373500,447,-0.10,33.6
2013-04-18,33.0,33.7,33.0,33.3,749000,24988350,473,-0.30,33.3
2013-04-19,33.4,34.8,33.4,34.8,2033801,69435912,1191,+1.50,34.8
2013-04-22,35.2,37.0,34.6,37.0,5421527,194168252,2746,+2.20,37.0
2013-04-23,37.0,37.0,35.9,36.0,3007100,109583180,1530,-1.00,36.0
2013-04-24,36.2,36.7,35.55,35.6,3946050,143284618,1991,-0.40,35.6
2013-04-25,35.35,35.9,35.25,35.25,1510686,53586293,956,-0.35,35.25
2013-04-26,35.35,36.7,35.35,36.05,4197140,151716790,1864,+0.80,36.05
2013-04-29,35.75,35.75,33.55,33.55,3597278,121805402,1811,-2.50,33.55
2013-04-30,33.55,34.0,33.1,33.2,1596505,53544412,884,-0.35,33.2
2013-05-02,33.2,33.65,33.2,33.65,738770,24734006,485,+0.45,33.65
2013-05-03,33.9,33.9,33.1,33.2,994300,33265510,548,-0.45,33.2
2013-05-06,33.4,33.45,33.2,33.25,563250,18749837,353,+0.05,33.25
2013-05-07,33.35,33.35,32.15,32.2,2390040,77542252,1290,-1.05,32.2
2013-05-08,32.2,32.6,31.7,31.8,1330010,42690676,785,-0.40,31.8
2013-05-09,32.0,32.2,31.8,31.9,866391,27691820,688,+0.10,31.9
2013-05-10,31.9,32.05,31.6,31.6,785900,24985439,567,-0.30,31.6
2013-05-13,31.6,32.0,31.6,31.8,477000,15139950,295,+0.20,31.8
2013-05-14,31.6,31.95,31.3,31.35,740003,23328899,503,-0.45,31.35
2013-05-15,31.5,31.85,31.45,31.8,474650,15034487,366,+0.45,31.8
2013-05-16,32.1,32.4,31.9,32.4,1356000,43645050,846,+0.60,32.4
2013-05-17,32.6,32.6,32.05,32.15,825009,26652296,434,-0.25,32.15
2013-05-20,32.4,33.1,31.8,32.75,2043550,66803212,1050,+0.60,32.75
2013-05-21,33.45,34.0,33.3,33.6,3389232,114098556,1753,+0.85,33.6
2013-05-22,34.1,34.45,33.75,33.8,2059750,70086324,1084,+0.20,33.8
2013-05-23,34.0,34.0,32.95,32.95,1487001,49444183,957,-0.85,32.95
2013-05-24,33.0,33.6,32.4,32.45,868000,28480400,531,-0.50,32.45
2013-05-27,32.7,34.0,32.7,33.7,1252582,41918990,744,+1.25,33.7
2013-05-28,34.2,35.35,33.8,34.7,4651700,161979273,2509,+1.00,34.7
2013-05-29,35.35,35.5,34.3,34.55,2420600,84406358,1354,-0.15,34.55
2013-05-30,34.25,34.4,33.8,33.8,1156474,39342668,622,-0.75,33.8
2013-05-31,34.0,34.4,33.6,33.6,1147000,38804298,699,-0.20,33.6
2013-06-03,33.2,34.2,33.2,34.0,867023,29252829,559,+0.40,34.0
2013-06-04,34.5,34.5,33.5,33.5,803010,27155688,566,-0.50,33.5
2013-06-05,33.9,34.25,33.6,33.75,1024200,34772750,605,+0.25,33.75
2013-06-06,34.0,34.1,33.45,33.8,681150,22964555,431,+0.05,33.8
2013-06-07,34.0,34.2,32.7,32.7,1496000,49976550,761,-1.10,32.7
2013-06-10,33.0,33.0,32.4,32.6,638720,20843700,391,-0.10,32.6
2013-06-11,32.95,32.95,32.3,32.3,476500,15476675,315,-0.30,32.3
2013-06-13,32.3,32.4,31.6,31.6,669623,21340197,390,-0.70,31.6
2013-06-14,31.8,31.8,30.7,30.85,656200,20549139,401,-0.75,30.85
2013-06-17,30.95,31.4,30.95,31.25,350000,10918700,262,+0.40,31.25
2013-06-18,31.65,32.35,31.6,31.95,574000,18419550,419,+0.70,31.95
2013-06-19,32.3,32.35,31.6,31.7,599227,19057597,403,-0.25,31.7
2013-06-20,31.2,31.65,31.05,31.25,579000,18068600,393,-0.45,31.25
2013-06-21,30.7,31.2,30.7,30.75,512000,15799600,238,-0.50,30.75
2013-06-24,30.8,31.45,30.8,30.8,386000,11987300,228,+0.05,30.8
2013-06-25,30.85,31.0,29.7,29.75,584001,17643280,352,-1.05,29.75
2013-06-26,30.2,30.8,29.9,30.0,517202,15600929,428,+0.25,30.0
2013-06-27,30.5,30.6,30.05,30.1,457010,13859412,300,+0.10,30.1
2013-06-28,30.2,30.3,29.8,29.8,552500,16583400,359,-0.30,29.8
2013-07-01,31.15,31.85,30.65,31.85,1848250,58213762,910,+2.05,31.85
2013-07-02,32.0,32.05,31.35,31.65,1480105,47029573,764,-0.20,31.65
2013-07-03,31.65,31.8,31.0,31.1,628000,19632400,385,-0.55,31.1
2013-07-04,31.15,31.3,30.45,30.55,663000,20401400,384,-0.55,30.55
2013-07-05,30.8,31.2,30.75,30.85,482145,14915745,300,+0.30,30.85
2013-07-08,30.95,31.2,30.55,30.55,401200,12317040,235,-0.30,30.55
2013-07-09,30.3,30.4,30.1,30.3,459800,13896560,278,-0.25,30.3
2013-07-10,30.5,30.5,29.9,30.0,447105,13477297,290,-0.30,30.0
2013-07-11,30.3,30.5,29.1,29.3,1338473,39626457,700,-0.70,29.3
2013-07-12,29.3,29.6,29.0,29.2,1152000,33682650,624,-0.10,29.2
2013-07-15,29.4,29.8,29.3,29.6,610350,18074010,353,+0.40,29.6
2013-07-16,29.7,30.3,29.6,30.1,1393050,41943630,618,+0.50,30.1
2013-07-17,30.1,30.2,29.35,29.6,560168,16633790,320,-0.50,29.6
2013-07-18,29.6,29.7,29.35,29.4,378080,11136468,246,-0.20,29.4
2013-07-19,29.4,29.4,28.75,28.85,735320,21349180,395,-0.55,28.85
2013-07-22,28.85,29.2,28.85,29.0,186250,5410075,110,+0.15,29.0
2013-07-23,29.0,29.7,29.0,29.45,420000,12355550,286,+0.45,29.45
2013-07-24,29.5,29.8,29.3,29.7,478000,14136600,269,+0.25,29.7
2013-07-25,29.8,29.8,29.5,29.65,355000,10508800,209,-0.05,29.65
2013-07-26,29.65,29.85,29.5,29.6,419750,12426249,266,-0.05,29.6
2013-07-29,29.6,29.75,29.2,29.4,851320,25034453,475,-0.20,29.4
2013-07-30,27.8,27.9,27.55,27.7,1200660,33250232,445,X0.00,27.7
2013-07-31,27.8,27.8,27.6,27.7,1898311,52515317,417, 0.00,27.7
2013-08-01,27.7,27.7,25.85,26.25,1334610,35559660,815,-1.45,26.25
2013-08-02,26.7,26.7,26.1,26.15,869000,22895000,541,-0.10,26.15
2013-08-05,26.15,26.4,26.0,26.25,433300,11389804,246,+0.10,26.25
2013-08-06,26.25,26.5,26.25,26.4,278150,7341312,174,+0.15,26.4
2013-08-07,26.3,27.05,26.2,26.65,714100,19102745,445,+0.25,26.65
2013-08-08,26.6,26.9,26.6,26.75,276810,7400855,187,+0.10,26.75
2013-08-09,26.75,26.75,26.4,26.45,398840,10584869,165,-0.30,26.45
2013-08-12,26.6,26.6,26.1,26.2,210100,5510960,150,-0.25,26.2
2013-08-13,26.3,26.45,26.1,26.2,395100,10366685,279, 0.00,26.2
2013-08-14,26.5,26.55,26.25,26.3,355200,9357339,175,+0.10,26.3
2013-08-15,26.3,26.6,26.25,26.5,347400,9185970,198,+0.20,26.5
2013-08-16,26.3,26.7,26.3,26.4,290000,7686400,143,-0.10,26.4
2013-08-19,26.6,26.7,26.4,26.6,216350,5739612,124,+0.20,26.6
2013-08-20,26.7,26.7,25.8,26.0,369211,9669662,207,-0.60,26.0
2013-08-22,25.8,25.8,25.05,25.2,633250,16052087,396,-0.80,25.2
2013-08-23,25.6,25.95,25.35,25.6,503030,12901413,269,+0.40,25.6
2013-08-26,26.0,26.4,25.85,26.35,480320,12579747,305,+0.75,26.35
2013-08-27,26.45,26.45,25.6,25.85,292800,7626130,171,-0.50,25.85
2013-08-28,25.5,25.8,25.5,25.6,229000,5863850,143,-0.25,25.6
2013-08-29,25.8,26.15,25.7,26.1,231020,5985773,140,+0.50,26.1
2013-08-30,26.1,26.15,25.85,26.1,180000,4684600,115, 0.00,26.1
2013-09-02,25.8,26.3,25.8,26.3,294000,7701250,157,+0.20,26.3
2013-09-03,26.45,26.7,26.2,26.65,462500,12224450,237,+0.35,26.65
2013-09-04,26.7,26.75,26.1,26.45,313110,8300781,218,-0.20,26.45
2013-09-05,26.55,27.4,26.5,26.9,878100,23694740,524,+0.45,26.9
2013-09-06,27.1,27.95,27.0,27.85,986665,27006585,539,+0.95,27.85
2013-09-09,27.8,27.8,26.9,27.0,705500,19186724,375,-0.85,27.0
2013-09-10,27.5,27.5,26.4,26.5,430098,11538251,241,-0.50,26.5
2013-09-11,26.7,26.7,26.1,26.6,189000,4998400,111,+0.10,26.6
2013-09-12,26.6,26.7,26.4,26.6,230100,6116410,141, 0.00,26.6
2013-09-13,26.7,26.7,26.25,26.25,213038,5630460,114,-0.35,26.25
2013-09-14,26.35,26.55,26.3,26.3,188000,4957600,104,+0.05,26.3
2013-09-16,26.6,26.65,26.4,26.45,129284,3423976,84,+0.15,26.45
2013-09-17,26.45,26.65,26.4,26.5,133115,3525355,90,+0.05,26.5
2013-09-18,26.6,26.6,26.25,26.35,162000,4272300,122,-0.15,26.35
2013-09-23,26.55,26.55,26.4,26.5,242000,6401600,144,+0.15,26.5
2013-09-24,26.5,27.35,26.5,27.3,877000,23716100,510,+0.80,27.3
2013-09-25,27.5,28.7,27.4,28.6,3242890,91108013,1641,+1.30,28.6
2013-09-26,28.6,28.6,27.65,27.7,1317216,36907254,708,-0.90,27.7
2013-09-27,27.9,27.9,27.3,27.6,599000,16503200,351,-0.10,27.6
2013-09-30,27.9,28.2,27.4,27.9,613000,17116750,327,+0.30,27.9
2013-10-01,27.5,27.9,27.5,27.65,557000,15468800,221,-0.25,27.65
2013-10-02,27.9,28.6,27.85,28.15,1374001,38836678,686,+0.50,28.15
2013-10-03,28.25,28.25,27.7,27.75,570075,15917300,306,-0.40,27.75
2013-10-04,27.8,28.2,27.7,27.8,348400,9711100,226,+0.05,27.8
2013-10-07,28.05,28.1,27.2,27.3,426000,11770850,265,-0.50,27.3
2013-10-08,27.3,27.3,25.8,25.85,1642481,42980344,944,-1.45,25.85
2013-10-09,25.6,25.6,25.05,25.15,1073869,27102057,609,-0.70,25.15
2013-10-11,25.45,25.6,23.65,23.85,1249215,30881018,660,-1.30,23.85
2013-10-14,23.9,23.9,22.2,22.3,2524465,57044029,1302,-1.55,22.3
2013-10-15,22.55,23.0,22.5,22.65,1515160,34415112,810,+0.35,22.65
2013-10-16,22.6,23.1,22.4,22.75,668870,15276601,398,+0.10,22.75
2013-10-17,23.05,23.4,22.9,23.35,600686,13929867,352,+0.60,23.35
2013-10-18,23.4,23.65,23.15,23.65,510200,11944430,294,+0.30,23.65
2013-10-21,23.8,24.15,23.7,23.85,613839,14663316,363,+0.20,23.85
2013-10-22,23.85,24.05,23.55,23.6,316139,7497099,217,-0.25,23.6
2013-10-23,23.6,24.2,23.6,23.8,647005,15484369,387,+0.20,23.8
2013-10-24,23.75,23.75,23.25,23.55,920000,21552400,391,-0.25,23.55
2013-10-25,22.8,23.45,22.6,23.3,858650,19904240,409,-0.25,23.3
2013-10-28,23.6,23.6,23.2,23.2,215724,5036995,141,-0.10,23.2
2013-10-29,23.6,23.6,22.8,22.95,654000,15108400,294,-0.25,22.95
2013-10-30,23.1,23.2,22.75,22.95,510000,11669300,270, 0.00,22.95
2013-10-31,22.8,23.4,22.8,23.05,758545,17610561,305,+0.10,23.05
2013-11-01,23.3,23.3,22.85,23.0,291350,6688616,156,-0.05,23.0
2013-11-04,23.0,23.25,22.8,23.1,288000,6610900,135,+0.10,23.1
2013-11-05,23.15,23.4,23.0,23.0,304082,7056993,173,-0.10,23.0
2013-11-06,23.0,23.0,22.85,22.85,233169,5342587,122,-0.15,22.85
2013-11-07,22.8,23.0,22.7,22.8,243000,5556550,139,-0.05,22.8
2013-11-08,22.6,22.95,22.5,22.55,259000,5858000,125,-0.25,22.55
2013-11-11,22.6,22.8,22.45,22.6,144000,3257300,96,+0.05,22.6
2013-11-12,22.6,22.75,21.05,21.4,752505,16295061,422,-1.20,21.4
2013-11-13,21.0,21.3,20.9,20.95,591476,12445736,356,-0.45,20.95
2013-11-14,21.0,21.55,21.0,21.5,274075,5850557,194,+0.55,21.5
2013-11-15,21.5,23.0,21.45,23.0,1230000,28064400,648,+1.50,23.0
2013-11-18,23.8,24.3,23.15,23.7,2686823,63835737,1396,+0.70,23.7
2013-11-19,23.7,23.95,23.45,23.75,624005,14758069,385,+0.05,23.75
2013-11-20,23.8,24.35,23.6,24.25,1093500,26280325,600,+0.50,24.25
2013-11-21,24.25,24.25,23.8,24.0,753000,18043050,402,-0.25,24.0
2013-11-22,23.85,24.15,23.85,24.0,517136,12396614,280, 0.00,24.0
2013-11-25,24.2,24.35,23.75,23.9,626025,15025295,349,-0.10,23.9
2013-11-26,23.9,24.1,23.6,23.75,790025,18822393,374,-0.15,23.75
2013-11-27,23.7,24.25,23.7,23.9,593260,14235575,314,+0.15,23.9
2013-11-28,24.0,24.15,23.75,23.75,469160,11192290,254,-0.15,23.75
2013-11-29,23.85,24.3,23.75,23.9,472201,11345924,253,+0.15,23.9
2013-12-02,23.9,25.1,23.9,24.8,1430972,35393908,836,+0.90,24.8
2013-12-03,24.75,25.5,24.55,25.3,1058061,26518229,558,+0.50,25.3
2013-12-04,25.25,25.25,24.8,24.85,488253,12172424,313,-0.45,24.85
2013-12-05,25.1,25.2,24.4,24.4,522000,12852450,324,-0.45,24.4
2013-12-06,24.4,24.8,24.4,24.4,343410,8418342,176, 0.00,24.4
2013-12-09,24.4,24.75,24.05,24.05,505314,12333916,317,-0.35,24.05
2013-12-10,24.1,24.2,23.85,24.15,377500,9067600,233,+0.10,24.15
2013-12-11,24.3,24.5,23.85,23.85,387000,9302050,189,-0.30,23.85
2013-12-12,23.6,24.15,23.6,23.8,278000,6636750,174,-0.05,23.8
2013-12-13,23.8,24.3,23.8,24.3,365092,8788686,189,+0.50,24.3
2013-12-16,24.4,25.3,24.35,25.3,1415130,35403864,725,+1.00,25.3
2013-12-17,25.5,25.8,25.0,25.0,940416,23833000,527,-0.30,25.0
2013-12-18,25.2,25.2,24.6,24.65,385600,9605309,236,-0.35,24.65
2013-12-19,24.8,25.0,24.6,24.6,394436,9756531,217,-0.05,24.6
2013-12-20,24.65,25.0,24.65,24.75,401785,9978708,214,+0.15,24.75
2013-12-23,24.8,25.25,24.8,24.9,647464,16207522,318,+0.15,24.9
2013-12-24,24.9,25.35,24.8,24.85,417001,10420475,222,-0.05,24.85
2013-12-25,25.0,25.6,24.7,25.45,1216993,30735671,602,+0.60,25.45
2013-12-26,25.6,25.65,25.2,25.25,670147,16986019,289,-0.20,25.25
2013-12-27,25.45,25.6,25.2,25.25,867400,21979788,352, 0.00,25.25
2013-12-30,25.3,26.1,25.3,25.8,1108070,28580744,508,+0.55,25.8
2013-12-31,26.0,26.15,25.6,25.8,723338,18653819,335, 0.00,25.8
2014-01-02,26.2,26.6,26.0,26.35,928338,24390904,545,+0.55,26.35
2014-01-03,26.3,26.35,26.05,26.2,665164,17397414,359,-0.15,26.2
2014-01-06,26.2,26.35,25.9,26.05,744047,19412222,367,-0.15,26.05
2014-01-07,26.05,27.45,26.05,27.3,2259670,60780040,1122,+1.25,27.3
2014-01-08,27.3,28.25,26.9,27.4,3126728,86547596,1467,+0.10,27.4
2014-01-09,27.5,27.8,26.5,26.55,1280179,34665838,694,-0.85,26.55
2014-01-10,26.6,27.35,26.6,26.8,861404,23118265,441,+0.25,26.8
2014-01-13,27.0,27.2,26.3,26.3,802526,21316681,462,-0.50,26.3
2014-01-14,26.2,26.65,26.0,26.1,590035,15416513,342,-0.20,26.1
2014-01-15,26.15,26.55,26.15,26.3,467248,12306684,276,+0.20,26.3
2014-01-16,26.5,27.15,26.45,26.9,1048636,28179411,505,+0.60,26.9
2014-01-17,27.1,27.1,26.6,26.85,419020,11220636,242,-0.05,26.85
2014-01-20,26.95,28.7,26.95,28.7,3775175,106312368,1610,+1.85,28.7
2014-01-21,28.9,28.9,28.05,28.05,2275485,64571901,1139,-0.65,28.05
2014-01-22,28.3,28.75,28.05,28.25,1956200,55790160,905,+0.20,28.25
2014-01-23,28.5,28.5,27.75,27.75,1214240,34079970,588,-0.50,27.75
2014-01-24,27.7,28.3,26.9,27.2,1723600,47311168,892,-0.55,27.2
2014-01-27,26.8,26.8,26.05,26.2,945216,24861740,512,-1.00,26.2
2014-02-05,25.6,25.85,25.5,25.55,688000,17618550,387,-0.65,25.55
2014-02-06,25.6,25.95,25.6,25.75,749001,19284526,388,+0.20,25.75
2014-02-07,26.15,27.0,25.95,26.7,1124100,29873253,595,+0.95,26.7
2014-02-10,26.8,26.8,26.05,26.05,589099,15466393,360,-0.65,26.05
2014-02-11,26.3,27.0,26.25,26.95,1047710,27892683,541,+0.90,26.95
2014-02-12,27.05,27.95,27.0,27.3,2074545,57088377,1074,+0.35,27.3
2014-02-13,27.3,27.75,27.15,27.25,858220,23541356,413,-0.05,27.25
2014-02-14,27.45,27.65,26.9,27.25,910060,24744826,365, 0.00,27.25
2014-02-17,27.35,27.6,26.9,27.4,1723540,47190464,572,+0.15,27.4
2014-02-18,27.4,27.8,27.1,27.8,891429,24523704,397,+0.40,27.8
2014-02-19,28.1,29.7,28.1,29.7,7591205,222858635,2763,+1.90,29.7
2014-02-20,29.9,29.9,28.9,29.0,5328811,156218224,2269,-0.70,29.0
2014-02-21,29.65,29.65,29.1,29.15,1419185,41650633,859,+0.15,29.15
2014-02-24,29.6,30.8,29.35,29.8,3713840,112267085,1893,+0.65,29.8
2014-02-25,29.8,30.05,29.4,29.45,1526969,45190035,850,-0.35,29.45
2014-02-26,29.45,29.9,29.3,29.3,1194000,35336050,662,-0.15,29.3
2014-02-27,29.3,29.85,28.85,28.85,1393600,40739689,728,-0.45,28.85
2014-03-03,28.5,29.1,28.35,29.1,879100,25217920,566,+0.25,29.1
2014-03-04,28.65,29.35,28.65,29.1,707050,20578356,457, 0.00,29.1
2014-03-05,29.75,29.8,29.15,29.15,930350,27309487,511,+0.05,29.15
2014-03-06,29.15,29.45,29.1,29.15,725000,21204750,398, 0.00,29.15
2014-03-07,29.3,29.75,28.5,28.55,1658100,48435662,781,-0.60,28.55
2014-03-10,28.55,28.7,28.0,28.1,655170,18542567,382,-0.45,28.1
2014-03-11,28.3,28.75,28.3,28.7,573125,16330962,371,+0.60,28.7
2014-03-12,28.7,28.9,28.65,28.7,495000,14238100,317, 0.00,28.7
2014-03-13,28.95,29.35,28.8,28.9,562000,16339900,323,+0.20,28.9
2014-03-14,28.75,28.75,28.4,28.45,471000,13434150,289,-0.45,28.45
2014-03-17,28.5,29.55,28.45,29.55,1279450,37483695,711,+1.10,29.55
2014-03-18,30.5,31.0,29.75,30.1,5343821,163498669,2607,+0.55,30.1
2014-03-19,30.15,30.9,29.6,30.8,2816753,85260050,1177,+0.70,30.8
2014-03-20,30.8,31.8,30.4,31.5,9023397,279986900,3746,+0.70,31.5
2014-03-21,31.55,31.6,30.6,30.6,2340126,72610043,1094,-0.90,30.6
2014-03-24,30.0,30.0,28.9,29.65,1401500,41438249,777,-0.95,29.65
2014-03-25,29.65,30.5,29.65,30.5,964040,29146068,615,+0.85,30.5
2014-03-26,30.8,30.9,30.15,30.2,780181,23692534,567,-0.30,30.2
2014-03-27,30.0,31.75,30.0,30.8,2993317,93328327,1581,+0.60,30.8
2014-03-28,30.8,31.0,29.9,29.95,1248038,37861047,695,-0.85,29.95
2014-03-31,30.0,30.8,30.0,30.4,562500,17111150,332,+0.45,30.4
2014-04-01,30.4,31.0,30.4,30.55,881190,27090264,478,+0.15,30.55
2014-04-02,30.8,30.95,30.6,30.75,1038017,31968469,471,+0.20,30.75
2014-04-03,30.8,31.1,30.55,30.55,900300,27669165,442,-0.20,30.55
2014-04-07,30.0,30.3,29.8,30.0,539300,16189950,272,-0.55,30.0
2014-04-08,29.8,30.15,29.7,30.15,666118,19899893,426,+0.15,30.15
2014-04-09,30.15,30.2,29.95,30.0,543020,16313952,316,-0.15,30.0
2014-04-10,30.15,30.3,29.55,29.55,823090,24588477,431,-0.45,29.55
2014-04-11,28.5,29.25,28.5,28.8,1273363,36589021,694,-0.75,28.8
2014-04-14,28.8,28.9,28.1,28.2,437064,12454970,305,-0.60,28.2
2014-04-15,28.3,28.75,28.3,28.65,372080,10641696,260,+0.45,28.65
2014-04-16,28.8,30.65,28.8,30.65,4081286,122635613,1668,+2.00,30.65
2014-04-17,31.25,32.65,31.05,31.9,10633846,339929222,5000,+1.25,31.9
2014-04-18,32.4,32.4,31.1,31.95,3862345,122732040,1909,+0.05,31.95
2014-04-21,32.65,33.25,32.1,32.65,7114631,232973549,3183,+0.70,32.65
2014-04-22,32.65,32.8,32.1,32.3,2381050,77297525,1300,-0.35,32.3
2014-04-23,32.45,33.3,32.05,32.1,3097130,101284048,1634,-0.20,32.1
2014-04-24,33.0,33.2,32.05,32.3,2520081,82200382,1363,+0.20,32.3
2014-04-25,32.3,32.3,30.2,31.4,2471175,76659697,1299,-0.90,31.4
2014-04-28,30.6,31.0,30.0,30.6,2258200,69038579,1028,-0.80,30.6
2014-04-29,30.95,31.75,30.85,31.35,1490059,46819158,884,+0.75,31.35
2014-04-30,32.2,32.2,31.1,31.45,1394030,44050451,768,+0.10,31.45
2014-05-02,32.0,32.8,31.9,32.6,2596133,83975112,1448,+1.15,32.6
2014-05-05,33.2,34.5,33.2,33.3,4717281,159263704,2371,+0.70,33.3
2014-05-06,33.35,33.65,32.55,32.75,1802595,59314385,887,-0.55,32.75
2014-05-07,32.9,33.45,32.65,32.8,1833873,60620108,1127,+0.05,32.8
2014-05-08,33.0,33.4,32.55,32.9,1348530,44416195,877,+0.10,32.9
2014-05-09,33.0,33.0,32.4,32.4,871000,28438750,599,-0.50,32.4
2014-05-12,32.4,33.1,31.8,31.9,1047700,33867020,588,-0.50,31.9
2014-05-13,32.3,32.6,30.6,31.2,2557080,80201200,1137,-0.70,31.2
2014-05-14,31.4,31.4,30.2,30.8,1722204,52709553,875,-0.40,30.8
2014-05-15,30.8,31.25,30.8,31.2,709019,22041276,416,+0.40,31.2
2014-05-16,31.25,31.3,30.7,31.25,692900,21508544,483,+0.05,31.25
2014-05-19,31.45,31.95,31.45,31.6,994101,31462695,617,+0.35,31.6
2014-05-20,31.7,32.8,31.7,32.8,1970670,63772795,992,+1.20,32.8
2014-05-21,33.0,33.3,32.35,32.5,2972640,97557631,1413,-0.30,32.5
2014-05-22,33.1,33.2,32.5,32.6,1841500,60572949,919,+0.10,32.6
2014-05-23,32.6,33.3,32.6,32.7,1539150,50690254,836,+0.10,32.7
2014-05-26,33.0,33.6,32.85,32.95,1923500,63849999,1037,+0.25,32.95
2014-05-27,33.2,33.4,32.1,32.15,1351100,43947905,756,-0.80,32.15
2014-05-28,32.25,33.5,32.25,33.3,3100974,102942231,1627,+1.15,33.3
2014-05-29,34.1,34.3,33.3,33.3,3271080,110662052,1520, 0.00,33.3
2014-05-30,33.95,33.95,33.25,33.3,1693084,56804290,924, 0.00,33.3
2014-06-03,33.6,34.25,33.5,34.25,2228110,75510149,1160,+0.95,34.25
2014-06-04,34.4,35.0,34.3,34.3,2860565,98946528,1500,+0.05,34.3
2014-06-05,34.45,35.3,34.4,34.6,2544250,88656050,1413,+0.30,34.6
2014-06-06,35.0,35.2,33.0,33.05,2581649,88022030,1389,-1.55,33.05
2014-06-09,33.05,33.25,32.35,32.75,1649200,53813620,864,-0.30,32.75
2014-06-10,32.85,33.0,32.5,32.55,802147,26216895,419,-0.20,32.55
2014-06-11,33.0,33.35,32.7,32.9,1090640,35947451,606,+0.35,32.9
2014-06-12,32.7,33.15,32.6,32.6,680104,22294080,374,-0.30,32.6
2014-06-13,32.6,32.9,32.45,32.85,581000,18977100,454,+0.25,32.85
2014-06-16,33.0,33.05,32.6,32.9,506498,16613634,340,+0.05,32.9
2014-06-17,33.1,33.3,32.7,32.75,1030798,33927824,573,-0.15,32.75
2014-06-18,32.75,33.3,32.1,32.65,1603000,52723600,834,-0.10,32.65
2014-06-19,32.65,33.0,32.6,32.6,428500,14011200,260,-0.05,32.6
2014-06-20,32.6,32.7,32.2,32.2,561000,18155650,310,-0.40,32.2
2014-06-23,32.2,32.25,30.45,30.55,1392602,43339380,838,-1.65,30.55
2014-06-24,30.7,30.85,30.6,30.7,492200,15115700,281,+0.15,30.7
2014-06-25,30.7,30.95,30.5,30.9,420256,12885709,290,+0.20,30.9
2014-06-26,31.05,31.5,30.9,31.2,350044,10912781,258,+0.30,31.2
2014-06-27,31.2,31.3,30.55,30.7,549020,16915370,335,-0.50,30.7
2014-06-30,30.7,30.9,30.55,30.55,428001,13095880,270,-0.15,30.55
2014-07-01,30.55,31.2,30.5,31.0,546760,16901660,303,+0.45,31.0
2014-07-02,31.4,32.4,31.05,31.9,1380000,43786750,774,+0.90,31.9
2014-07-03,32.35,34.1,32.35,34.05,10735744,360824168,3259,+2.15,34.05
2014-07-04,33.95,34.55,33.7,34.0,9764837,334297357,3522,-0.05,34.0
2014-07-07,33.95,34.0,32.7,33.05,1321115,43789183,713,-0.95,33.05
2014-07-08,33.2,33.85,33.1,33.4,741218,24796756,471,+0.35,33.4
2014-07-09,33.05,34.2,32.4,34.1,2938446,98198808,1017,+0.70,34.1
2014-07-10,34.1,34.85,34.0,34.7,7497341,258568728,2775,+0.60,34.7
2014-07-11,34.7,34.7,33.65,34.4,4706100,161236840,1912,-0.30,34.4
2014-07-14,34.4,35.1,33.95,35.1,3995357,137792066,1550,+0.70,35.1
2014-07-15,35.45,36.75,35.2,36.0,11538718,413633501,4455,+0.90,36.0
2014-07-16,36.15,36.35,35.3,35.55,6053144,216749594,2730,-0.45,35.55
2014-07-17,35.75,35.75,34.5,34.55,2887730,100870206,1321,-1.00,34.55
2014-07-18,34.3,35.25,34.1,34.7,1128050,39314680,662,+0.15,34.7
2014-07-21,35.55,35.55,35.0,35.1,1514001,53338635,780,+0.40,35.1
2014-07-22,35.0,35.2,34.5,34.65,1088000,37837300,652,-0.45,34.65
2014-07-24,34.9,35.15,34.5,34.7,763800,26515439,441,+0.05,34.7
2014-07-25,34.75,34.8,34.1,34.15,1008044,34567958,515,-0.55,34.15
2014-07-28,34.2,34.45,33.95,34.4,887719,30386188,524,+0.25,34.4
2014-07-29,34.5,34.5,32.0,32.25,2164858,70849645,1141,-2.15,32.25
2014-07-30,32.25,32.85,32.25,32.75,538534,17548714,357,+0.50,32.75
2014-07-31,32.75,32.9,32.3,32.5,436000,14226800,299,-0.25,32.5
2014-08-01,31.8,33.9,31.8,33.7,1336040,44404254,873,+1.20,33.7
2014-08-04,33.9,34.2,33.7,33.8,922001,31279134,546,+0.10,33.8
2014-08-05,33.95,33.95,33.2,33.25,586131,19576088,352,-0.55,33.25
2014-08-06,33.25,33.8,31.8,32.85,818000,26984400,520,-0.40,32.85
2014-08-07,32.9,33.55,32.3,32.4,694346,22882427,428,-0.45,32.4
2014-08-08,31.9,32.6,31.6,31.8,1004283,32037705,556,-0.60,31.8
2014-08-11,32.1,32.45,32.05,32.4,825253,26679096,411,+0.60,32.4
2014-08-12,32.4,32.5,32.0,32.05,661412,21264590,410,-0.35,32.05
2014-08-13,32.0,32.45,32.0,32.3,426270,13762015,326,+0.25,32.3
2014-08-14,32.3,32.7,32.1,32.5,644800,20936939,408,+0.20,32.5
2014-08-15,32.45,33.6,32.1,33.2,1828344,60012685,866,+0.70,33.2
2014-08-18,32.0,32.5,31.3,31.3,2044516,65378795,1089,X0.00,31.3
2014-08-19,31.35,31.95,31.35,31.85,574100,18209779,360,+0.55,31.85
2014-08-20,32.2,32.95,32.1,32.4,1331100,43370225,796,+0.55,32.4
2014-08-21,32.4,32.55,31.7,31.8,492100,15698484,348,-0.60,31.8
2014-08-22,32.0,32.5,31.95,32.4,652000,21044900,370,+0.60,32.4
2014-08-25,32.7,33.0,32.35,33.0,1032018,33746844,540,+0.60,33.0
2014-08-26,33.0,33.4,32.8,33.1,2147332,70990839,1036,+0.10,33.1
2014-08-27,33.3,33.45,33.1,33.3,1083620,36076970,609,+0.20,33.3
2014-08-28,33.4,34.15,33.35,33.8,1621355,54868976,851,+0.50,33.8
2014-08-29,33.8,34.3,33.5,33.75,835100,28281520,468,-0.05,33.75
2014-09-01,33.8,34.1,33.5,33.5,606210,20431183,378,-0.25,33.5
2014-09-02,33.5,33.5,32.8,32.95,675043,22347015,396,-0.55,32.95
2014-09-03,33.0,33.1,32.5,32.55,534000,17489400,336,-0.40,32.55
2014-09-04,32.65,32.9,32.6,32.75,317000,10371850,171,+0.20,32.75
2014-09-05,32.75,32.75,32.55,32.6,287000,9358800,156,-0.15,32.6
2014-09-09,32.0,32.05,31.3,31.75,1044587,33049307,584,-0.85,31.75
2014-09-10,31.6,31.9,31.3,31.5,645500,20345924,325,-0.25,31.5
2014-09-11,31.8,31.8,31.3,31.3,423100,13318450,262,-0.20,31.3
2014-09-12,31.3,31.45,30.6,30.7,832100,25762640,400,-0.60,30.7
2014-09-15,31.0,31.35,30.9,31.05,524016,16287650,288,+0.35,31.05
2014-09-16,31.2,32.25,31.1,32.1,1487350,47300835,730,+1.05,32.1
2014-09-17,32.0,33.45,31.55,33.25,4509685,148374028,1798,+1.15,33.25
2014-09-18,33.45,33.55,33.05,33.25,4743200,158310429,2137, 0.00,33.25
2014-09-19,33.3,34.0,33.05,33.4,2228170,74635061,1146,+0.15,33.4
2014-09-22,33.4,33.4,32.85,32.95,1111900,36686050,556,-0.45,32.95
2014-09-23,32.9,33.0,32.25,32.25,859000,28082600,396,-0.70,32.25
2014-09-24,32.25,32.6,31.95,32.15,546669,17598624,367,-0.10,32.15
2014-09-25,32.2,32.35,31.0,31.45,765463,24223680,436,-0.70,31.45
2014-09-26,31.2,31.5,30.5,31.45,403398,12572715,261, 0.00,31.45
2014-09-29,31.4,31.55,31.15,31.2,243400,7615630,164,-0.25,31.2
2014-09-30,31.1,31.75,30.4,31.35,516010,15986362,346,+0.15,31.35
2014-10-01,31.25,31.6,31.1,31.15,333600,10445430,209,-0.20,31.15
2014-10-02,31.1,33.0,30.85,32.6,1153760,37327626,638,+1.45,32.6
2014-10-03,32.6,33.0,32.35,32.45,684000,22330150,384,-0.15,32.45
2014-10-06,32.5,32.5,32.0,32.05,376361,12131764,222,-0.40,32.05
2014-10-07,31.8,31.9,31.2,31.35,506760,15950025,324,-0.70,31.35
2014-10-08,30.85,30.95,30.4,30.45,1039007,31832014,560,-0.90,30.45
2014-10-09,30.75,30.9,29.55,29.8,891214,26812630,479,-0.65,29.8
2014-10-13,27.85,28.6,27.75,27.75,920700,25720708,544,-2.05,27.75
2014-10-14,27.85,28.15,27.45,28.0,369802,10287856,238,+0.25,28.0
2014-10-15,28.0,28.2,27.2,27.2,446117,12297469,272,-0.80,27.2
2014-10-16,26.0,27.2,25.4,26.95,610660,16027436,341,-0.25,26.95
2014-10-17,27.1,28.8,26.6,28.8,676020,18755272,335,+1.85,28.8
2014-10-20,28.4,28.6,27.95,28.2,560051,15803133,362,-0.60,28.2
2014-10-21,28.2,28.35,27.55,27.75,223165,6239228,168,-0.45,27.75
2014-10-22,28.05,28.3,28.0,28.0,319000,8973150,210,+0.25,28.0
2014-10-23,28.0,28.3,27.8,27.8,176200,4933920,134,-0.20,27.8
2014-10-24,27.8,27.9,26.4,26.5,664020,17929741,438,-1.30,26.5
2014-10-27,26.6,26.7,25.05,25.2,702250,18061524,405,-1.30,25.2
2014-10-28,25.45,26.5,25.4,26.1,427000,11040650,286,+0.90,26.1
2014-10-29,26.3,26.95,26.3,26.8,413050,11014582,249,+0.70,26.8
2014-10-30,26.8,26.8,26.35,26.45,225000,5962200,146,-0.35,26.45
2014-10-31,26.55,26.8,26.3,26.65,348279,9249850,232,+0.20,26.65
2014-11-03,26.75,27.2,26.5,26.9,432000,11615450,284,+0.25,26.9
2014-11-04,26.85,26.95,26.4,26.45,286000,7621750,202,-0.45,26.45
2014-11-05,26.6,26.9,26.45,26.8,249000,6642050,189,+0.35,26.8
2014-11-06,27.2,27.3,26.55,26.55,502000,13560150,333,-0.25,26.55
2014-11-07,26.45,26.65,26.4,26.5,346000,9167750,249,-0.05,26.5
2014-11-10,26.5,26.7,26.15,26.45,345100,9133810,215,-0.05,26.45
2014-11-11,26.6,26.6,26.25,26.45,255000,6728200,150, 0.00,26.45
2014-11-12,26.2,26.45,25.65,25.65,293150,7597104,209,-0.80,25.65
2014-11-13,25.85,25.95,25.65,25.7,222489,5731368,156,+0.05,25.7
2014-11-14,25.7,26.05,25.5,25.75,273000,7027300,170,+0.05,25.75
2014-11-17,25.85,25.95,25.3,25.3,277100,7052729,196,-0.45,25.3
2014-11-18,25.3,25.55,24.05,24.2,453869,11180227,322,-1.10,24.2
2014-11-19,24.8,25.0,24.3,24.5,419545,10368898,292,+0.30,24.5
2014-11-20,24.5,25.5,24.5,25.35,320050,8075515,220,+0.85,25.35
2014-11-21,25.2,25.65,25.2,25.2,274000,6957350,169,-0.15,25.2
2014-11-24,25.4,25.6,25.35,25.4,244438,6226784,146,+0.20,25.4
2014-11-25,25.6,25.6,25.4,25.5,202010,5154805,128,+0.10,25.5
2014-11-26,25.3,25.95,25.3,25.7,216150,5561482,170,+0.20,25.7
2014-11-27,25.85,26.9,25.7,26.4,995380,26080982,522,+0.70,26.4
2014-11-28,26.6,26.6,26.0,26.3,525000,13763200,272,-0.10,26.3
2014-12-01,25.0,26.0,25.0,25.6,370000,9494650,273,-0.70,25.6
2014-12-02,25.5,26.3,25.35,26.3,315000,8149000,239,+0.70,26.3
2014-12-03,26.4,27.2,26.0,26.7,827000,22146000,495,+0.40,26.7
2014-12-04,26.9,27.1,26.5,26.85,529100,14189985,336,+0.15,26.85
2014-12-05,26.85,27.2,26.75,27.0,493000,13295950,287,+0.15,27.0
2014-12-08,27.45,27.55,27.0,27.15,491000,13418000,317,+0.15,27.15
2014-12-09,27.15,27.45,27.15,27.35,466500,12758449,291,+0.20,27.35
2014-12-10,28.2,29.1,27.85,28.95,2520425,71797195,1356,+1.60,28.95
2014-12-11,28.6,28.85,28.1,28.3,908345,25885942,562,-0.65,28.3
2014-12-12,28.6,28.6,28.0,28.15,582300,16451180,341,-0.15,28.15
2014-12-15,27.65,28.15,27.65,28.15,467230,13046590,311, 0.00,28.15
2014-12-16,28.2,28.5,28.05,28.2,572300,16180709,368,+0.05,28.2
2014-12-17,28.1,28.5,27.05,27.25,676400,18782800,468,-0.95,27.25
2014-12-18,27.55,27.9,27.45,27.45,295000,8149100,236,+0.20,27.45
2014-12-19,28.0,28.0,27.0,27.15,481400,13223620,316,-0.30,27.15
2014-12-22,27.25,27.85,27.2,27.7,304150,8408350,205,+0.55,27.7
2014-12-23,27.7,28.15,27.6,28.15,405500,11314950,249,+0.45,28.15
2014-12-24,28.2,28.95,28.2,28.6,1305500,37324274,611,+0.45,28.6
2014-12-25,28.6,28.8,28.35,28.35,577000,16461350,346,-0.25,28.35
2014-12-26,28.3,28.8,28.3,28.6,445030,12711808,226,+0.25,28.6
2014-12-27,28.9,28.9,28.6,28.85,359343,10339311,209,+0.25,28.85
2014-12-29,29.0,29.2,28.8,28.8,621000,17999900,346,-0.05,28.8
2014-12-30,28.8,29.1,28.5,28.6,349000,10006700,221,-0.20,28.6
2014-12-31,28.6,28.7,28.35,28.5,302002,8598857,175,-0.10,28.5
2015-01-05,28.55,29.3,28.4,29.0,626735,18145115,366,+0.50,29.0
2015-01-06,28.8,28.8,28.15,28.5,572000,16288600,327,-0.50,28.5
2015-01-07,28.5,28.75,28.35,28.7,332010,9484339,206,+0.20,28.7
2015-01-08,29.0,29.1,28.6,28.6,489310,14140612,308,-0.10,28.6
2015-01-09,28.7,29.5,28.6,29.45,1393860,40737446,762,+0.85,29.45
2015-01-12,29.3,29.4,28.7,28.9,509370,14769586,314,-0.55,28.9
2015-01-13,28.9,29.2,28.75,28.75,328035,9462406,198,-0.15,28.75
2015-01-14,28.8,29.0,28.7,28.85,244000,7036000,128,+0.10,28.85
2015-01-15,29.1,29.8,28.95,29.15,1199124,35219308,521,+0.30,29.15
2015-01-16,29.15,29.15,28.4,28.5,493010,14137584,332,-0.65,28.5
2015-01-19,28.7,28.75,27.85,27.85,314004,8857664,211,-0.65,27.85
2015-01-20,27.85,28.35,27.85,28.2,252532,7102001,157,+0.35,28.2
2015-01-21,28.3,28.5,28.05,28.1,164000,4619100,101,-0.10,28.1
2015-01-22,28.2,28.4,28.15,28.3,209000,5899450,129,+0.20,28.3
2015-01-23,28.5,28.65,28.4,28.5,347500,9917050,191,+0.20,28.5
2015-01-26,28.5,28.65,28.4,28.55,224035,6395099,110,+0.05,28.55
2015-01-27,28.65,28.9,28.55,28.6,664000,19086300,321,+0.05,28.6
2015-01-28,28.5,28.8,28.45,28.65,228135,6517017,125,+0.05,28.65
2015-01-29,28.7,28.7,28.45,28.65,212000,6065350,108, 0.00,28.65
2015-01-30,28.95,28.95,28.6,28.6,211006,6049921,105,-0.05,28.6
2015-02-02,28.5,28.6,28.1,28.2,322000,9098300,152,-0.40,28.2
2015-02-03,28.3,28.3,28.1,28.25,204000,5748900,123,+0.05,28.25
2015-02-04,28.5,28.75,28.15,28.2,942500,26886550,356,-0.05,28.2
2015-02-05,28.3,28.4,27.8,27.9,397000,11120400,260,-0.30,27.9
2015-02-06,28.0,28.0,27.65,27.9,319562,8901595,147, 0.00,27.9
2015-02-09,28.15,28.75,28.0,28.25,381462,10833831,248,+0.35,28.25
2015-02-10,28.3,28.55,28.2,28.2,179397,5079885,132,-0.05,28.2
2015-02-11,28.4,28.4,28.1,28.2,183070,5179038,115, 0.00,28.2
2015-02-12,28.25,28.25,27.85,27.85,236300,6602254,163,-0.35,27.85
2015-02-13,28.0,28.1,27.9,28.1,259500,7270650,144,+0.25,28.1
2015-02-24,28.2,28.35,28.15,28.25,208000,5873800,149,+0.15,28.25
2015-02-25,28.25,28.8,28.2,28.55,431000,12240350,253,+0.30,28.55
2015-02-26,28.55,28.65,28.35,28.55,212201,6047078,136, 0.00,28.55
2015-03-02,28.7,29.05,28.6,28.8,557400,16084570,355,+0.25,28.8
2015-03-03,29.0,29.7,29.0,29.3,1519251,44654365,797,+0.50,29.3
2015-03-04,29.25,29.6,29.0,29.0,1201400,35203449,506,-0.30,29.0
2015-03-05,29.25,29.25,29.0,29.15,239000,6950700,160,+0.15,29.15
2015-03-06,29.15,29.3,29.0,29.0,413000,12024000,239,-0.15,29.0
2015-03-09,29.0,29.0,28.7,28.85,363000,10443050,193,-0.15,28.85
2015-03-10,28.85,29.05,28.7,28.7,226000,6523300,134,-0.15,28.7
2015-03-11,28.6,28.6,28.4,28.5,218006,6211072,145,-0.20,28.5
2015-03-12,28.5,29.1,28.5,28.85,423000,12216800,225,+0.35,28.85
2015-03-13,29.65,29.65,29.15,29.15,920080,27108581,510,+0.30,29.15
2015-03-16,29.4,29.65,29.15,29.15,551000,16190550,303, 0.00,29.15
2015-03-17,29.5,29.5,29.05,29.05,295555,8627821,183,-0.10,29.05
2015-03-18,29.15,29.2,28.75,28.8,279000,8081400,192,-0.25,28.8
2015-03-19,29.0,29.15,28.8,28.9,329100,9530655,207,+0.10,28.9
2015-03-20,29.0,30.45,28.8,30.1,2418835,72202406,1119,+1.20,30.1
2015-03-23,30.7,30.7,29.75,30.05,1069813,32330977,517,-0.05,30.05
2015-03-24,30.05,31.2,30.0,31.0,2945089,90817109,1376,+0.95,31.0
2015-03-25,31.0,31.45,30.35,30.45,1037200,31896209,541,-0.55,30.45
2015-03-26,30.0,30.4,29.9,30.15,512100,15440714,310,-0.30,30.15
2015-03-27,30.2,30.2,29.2,29.3,1072477,31693474,520,-0.85,29.3
2015-03-30,29.4,29.6,29.3,29.35,348200,10238020,205,+0.05,29.35
2015-03-31,29.4,29.55,28.8,28.85,1017000,29437550,658,-0.50,28.85
2015-04-01,28.85,28.95,28.5,28.6,339455,9729457,230,-0.25,28.6
2015-04-02,28.8,29.0,28.45,28.7,587000,16838850,284,+0.10,28.7
2015-04-07,29.0,29.4,29.0,29.3,579000,16957750,321,+0.60,29.3
2015-04-08,29.35,29.95,29.35,29.85,796033,23638343,348,+0.55,29.85
2015-04-09,29.95,30.6,29.95,30.6,1960000,59463800,937,+0.75,30.6
2015-04-10,30.85,30.85,29.6,29.95,2322377,70417840,1103,-0.65,29.95
2015-04-13,29.95,30.1,29.75,30.0,418100,12504344,208,+0.05,30.0
2015-04-14,29.95,30.4,29.95,30.3,1308026,39507085,563,+0.30,30.3
2015-04-15,30.3,30.3,29.5,29.5,500329,14898121,353,-0.80,29.5
2015-04-16,29.55,29.7,29.35,29.35,478001,14101579,287,-0.15,29.35
2015-04-17,29.5,29.5,28.9,28.95,750033,21850507,359,-0.40,28.95
2015-04-20,28.6,29.1,28.6,28.8,257000,7413850,152,-0.15,28.8
2015-04-21,29.0,29.05,28.4,28.45,492000,14052100,295,-0.35,28.45
2015-04-22,28.45,28.8,28.45,28.75,251000,7191250,146,+0.30,28.75
2015-04-23,28.8,29.45,28.7,29.45,1173000,34066350,459,+0.70,29.45
2015-04-24,29.6,29.9,29.5,29.5,2121500,62973625,1019,+0.05,29.5
2015-04-27,29.5,29.5,29.1,29.2,464001,13571679,253,-0.30,29.2
2015-04-28,29.2,29.35,29.15,29.15,362000,10574650,195,-0.05,29.15
2015-04-29,29.15,29.35,28.8,28.9,312275,9067583,242,-0.25,28.9
2015-04-30,29.2,30.2,28.9,30.2,1148791,34096088,664,+1.30,30.2
2015-05-04,30.6,30.7,29.8,29.95,1781329,53974020,877,-0.25,29.95
2015-05-05,30.0,30.2,29.6,29.8,410000,12227350,244,-0.15,29.8
2015-05-06,29.7,30.0,29.6,29.9,557400,16650700,334,+0.10,29.9
2015-05-07,30.0,30.25,29.7,29.7,528000,15830150,326,-0.20,29.7
2015-05-08,29.8,30.25,29.8,29.9,625350,18751550,388,+0.20,29.9
2015-05-11,30.2,30.25,28.4,28.8,1038835,30170247,531,-1.10,28.8
2015-05-12,28.8,29.25,28.8,29.0,494020,14325833,314,+0.20,29.0
2015-05-13,28.8,29.4,28.8,29.3,428000,12480700,191,+0.30,29.3
2015-05-14,29.6,29.6,29.05,29.3,284000,8299900,173, 0.00,29.3
2015-05-15,29.4,29.5,28.85,28.85,256000,7440200,145,-0.45,28.85
2015-05-18,29.2,29.3,28.5,28.95,381500,11007100,224,+0.10,28.95
2015-05-19,28.95,29.2,28.85,29.0,537618,15593378,205,+0.05,29.0
2015-05-20,29.1,29.2,28.7,28.85,533317,15367444,315,-0.15,28.85
2015-05-21,28.7,28.7,28.2,28.25,605000,17162800,349,-0.60,28.25
2015-05-22,28.25,28.4,27.8,28.2,445000,12534400,282,-0.05,28.2
2015-05-25,28.0,28.1,27.85,28.0,308353,8618442,188,-0.20,28.0
2015-05-26,28.0,28.3,28.0,28.2,206000,5803700,135,+0.20,28.2
2015-05-27,28.3,28.9,28.3,28.6,410800,11748310,225,+0.40,28.6
2015-05-28,28.8,28.9,28.6,28.7,321000,9224950,177,+0.10,28.7
2015-05-29,28.85,28.9,28.35,28.35,280400,8004329,133,-0.35,28.35
2015-06-01,28.35,28.4,27.7,27.9,483000,13536850,272,-0.45,27.9
2015-06-02,27.8,28.25,27.8,27.9,229000,6410600,137, 0.00,27.9
2015-06-03,27.9,28.1,27.3,27.55,353299,9795151,205,-0.35,27.55
2015-06-04,27.55,27.7,26.7,26.85,559000,15143650,292,-0.70,26.85
2015-06-05,26.85,27.0,25.15,25.85,587155,15216853,347,-1.00,25.85
2015-06-08,26.5,26.9,25.95,26.6,312500,8261949,223,+0.75,26.6
2015-06-09,26.4,26.5,24.85,25.25,462997,11885673,312,-1.35,25.25
2015-06-10,25.6,26.3,25.6,26.15,327000,8470500,197,+0.90,26.15
2015-06-11,26.45,26.5,26.0,26.15,238000,6229250,165, 0.00,26.15
2015-06-12,26.1,26.45,26.0,26.2,116000,3034250,85,+0.05,26.2
2015-06-15,26.1,26.35,26.1,26.2,176200,4625310,88, 0.00,26.2
2015-06-16,26.2,26.35,25.8,25.95,230018,5987528,105,-0.25,25.95
2015-06-17,25.9,26.1,25.8,26.05,229000,5947850,168,+0.10,26.05
2015-06-18,26.05,26.5,26.0,26.5,242000,6374500,148,+0.45,26.5
2015-06-22,26.7,26.7,26.35,26.5,292000,7729100,153, 0.00,26.5
2015-06-23,26.6,26.85,26.6,26.85,209000,5583650,134,+0.35,26.85
2015-06-24,26.85,27.15,26.85,26.9,244030,6589085,151,+0.05,26.9
2015-06-25,26.9,27.8,26.9,27.3,626000,17131350,366,+0.40,27.3
2015-06-26,27.55,27.55,27.15,27.15,352000,9605600,223,-0.15,27.15
2015-06-29,26.8,26.85,26.3,26.4,237000,6295400,191,-0.75,26.4
2015-06-30,26.1,26.25,25.9,26.05,424000,11037100,256,-0.35,26.05
2015-07-01,26.05,26.6,26.05,26.35,230000,6087600,147,+0.30,26.35
2015-07-02,26.6,27.05,26.6,26.65,251270,6726145,198,+0.30,26.65
2015-07-03,26.85,27.1,26.3,26.95,225000,6001050,153,+0.30,26.95
2015-07-06,26.75,27.0,26.4,26.4,159000,4236300,128,-0.55,26.4
2015-07-07,26.35,26.8,26.3,26.5,96000,2542850,73,+0.10,26.5
2015-07-08,26.5,26.55,25.5,25.9,321275,8351577,200,-0.60,25.9
2015-07-09,25.4,25.8,24.9,25.7,272100,6923695,156,-0.20,25.7
2015-07-13,26.95,26.95,26.1,26.3,157000,4137150,106,+0.60,26.3
2015-07-14,26.55,27.4,26.55,26.65,292000,7853250,203,+0.35,26.65
2015-07-15,26.85,26.9,26.4,26.5,217020,5776720,124,-0.15,26.5
2015-07-16,26.65,26.75,26.45,26.5,136000,3620700,86, 0.00,26.5
2015-07-17,26.65,26.65,26.2,26.2,149001,3922777,116,-0.30,26.2
2015-07-20,26.4,26.45,25.9,25.9,143000,3733400,88,-0.30,25.9
2015-07-21,26.2,26.2,25.65,25.65,101000,2606400,70,-0.25,25.65
2015-07-22,25.65,25.75,25.0,25.0,261000,6564400,137,-0.65,25.0
2015-07-23,24.95,25.15,24.0,24.6,378873,9330388,225,-0.40,24.6
2015-07-24,24.1,24.5,24.1,24.25,141007,3425921,96,-0.35,24.25
2015-07-27,24.0,24.1,21.85,21.9,1255394,28292306,583,-2.35,21.9
2015-07-28,21.9,23.5,21.9,23.15,429129,9804562,274,+1.25,23.15
2015-07-29,23.15,23.15,22.3,22.65,362600,8192729,217,-0.50,22.65
2015-07-30,22.85,23.7,22.85,23.3,228810,5345700,147,+0.65,23.3
2015-07-31,24.75,24.75,23.55,23.8,1022200,24539950,552,+0.50,23.8
2015-08-03,24.1,24.25,23.6,23.9,472222,11302699,262,+0.10,23.9
2015-08-04,24.1,24.15,22.7,22.85,539140,12657576,284,-1.05,22.85
2015-08-05,22.9,23.7,22.85,23.7,386000,9015400,214,+0.85,23.7
2015-08-06,24.0,24.15,23.5,23.8,893000,21318800,294,+0.10,23.8
2015-08-07,23.85,24.15,23.7,23.95,429067,10306514,264,+0.15,23.95
2015-08-10,24.1,24.55,23.95,24.45,394040,9552584,219,+0.50,24.45
2015-08-11,25.0,25.0,24.05,24.05,545005,13351671,289,-0.40,24.05
2015-08-12,24.15,24.15,23.5,23.65,313005,7402869,205,-0.40,23.65
2015-08-13,23.65,24.05,23.65,24.0,493040,11746968,269,+0.35,24.0
2015-08-14,23.9,24.3,23.85,24.0,773042,18562658,401, 0.00,24.0
2015-08-17,22.95,23.0,22.8,22.85,557000,12754000,286,X0.00,22.85
2015-08-18,22.95,23.15,22.8,22.9,369000,8456150,185,+0.05,22.9
2015-08-19,22.8,22.85,21.6,22.0,690300,15187850,370,-0.90,22.0
2015-08-20,22.0,22.7,21.9,22.5,437000,9780250,229,+0.50,22.5
2015-08-21,22.2,22.2,21.5,21.65,423000,9222750,262,-0.85,21.65
2015-08-24,20.95,21.0,19.5,19.55,1514000,29939350,698,-2.10,19.55
2015-08-25,17.7,19.7,17.7,19.6,1338000,25281750,527,+0.05,19.6
2015-08-26,19.6,19.95,19.2,19.85,615100,12000260,271,+0.25,19.85
2015-08-27,20.1,21.15,20.1,20.8,865000,17825300,467,+0.95,20.8
2015-08-28,21.8,21.85,21.0,21.2,606000,13015100,345,+0.40,21.2
2015-08-31,21.4,21.85,21.1,21.6,252000,5447350,167,+0.40,21.6
2015-09-01,21.6,21.85,21.5,21.75,243000,5261800,144,+0.15,21.75
2015-09-02,21.05,22.05,21.05,21.9,277000,6037200,163,+0.15,21.9
2015-09-03,22.25,22.85,21.9,22.5,593001,13339924,332,+0.60,22.5
2015-09-04,22.6,22.8,22.1,22.15,327000,7327450,177,-0.35,22.15
2015-09-07,22.05,22.35,22.0,22.25,177000,3921450,113,+0.10,22.25
2015-09-08,22.4,22.45,22.1,22.3,238005,5302520,163,+0.05,22.3
2015-09-09,22.65,22.9,22.6,22.85,638000,14499200,316,+0.55,22.85
2015-09-10,22.85,22.9,22.65,22.9,320000,7290550,174,+0.05,22.9
2015-09-11,23.0,23.65,22.9,23.5,652000,15265850,366,+0.60,23.5
2015-09-14,23.9,23.95,23.55,23.65,598381,14218438,261,+0.15,23.65
2015-09-15,23.65,23.85,23.1,23.35,282000,6594050,156,-0.30,23.35
2015-09-16,23.4,23.7,23.4,23.6,316000,7446150,150,+0.25,23.6
2015-09-17,23.95,24.1,23.8,23.9,469400,11213110,259,+0.30,23.9
2015-09-18,24.1,24.8,23.75,24.5,595310,14508645,315,+0.60,24.5
2015-09-21,24.3,24.45,24.1,24.25,404002,9787153,232,-0.25,24.25
2015-09-22,24.5,24.9,24.3,24.9,460620,11394476,268,+0.65,24.9
2015-09-23,24.75,24.75,24.3,24.4,321414,7864950,206,-0.50,24.4
2015-09-24,24.3,24.6,23.7,23.8,380140,9126532,220,-0.60,23.8
2015-09-25,23.85,23.85,23.35,23.85,179000,4220850,129,+0.05,23.85
2015-09-30,23.5,23.6,23.3,23.6,166300,3902839,107,-0.25,23.6
2015-10-01,23.8,24.2,23.6,23.9,380000,9071550,210,+0.30,23.9
2015-10-02,23.9,24.3,23.9,24.05,378000,9110600,195,+0.15,24.05
2015-10-05,24.5,26.2,24.4,26.15,1886507,48260007,907,+2.10,26.15
2015-10-06,26.85,27.45,25.85,26.2,1627000,43439650,800,+0.05,26.2
2015-10-07,26.15,26.4,25.75,26.25,384001,10059776,208,+0.05,26.25
2015-10-08,26.45,26.45,25.35,25.4,698000,17986250,391,-0.85,25.4
2015-10-12,25.4,25.85,25.3,25.45,333000,8491550,174,+0.05,25.45
2015-10-13,25.45,25.6,25.2,25.4,295000,7496550,177,-0.05,25.4
2015-10-14,25.4,25.9,25.3,25.6,401242,10316395,198,+0.20,25.6
2015-10-15,25.8,26.4,25.65,26.2,1059200,27747640,510,+0.60,26.2
2015-10-16,26.4,26.6,25.3,25.3,754635,19548404,366,-0.90,25.3
2015-10-19,25.5,26.3,25.5,26.05,666170,17373420,367,+0.75,26.05
2015-10-20,26.25,26.55,26.05,26.45,477000,12544100,272,+0.40,26.45
2015-10-21,26.5,26.8,26.3,26.45,398522,10532378,233, 0.00,26.45
2015-10-22,26.6,27.8,26.6,27.25,1663161,45385663,987,+0.80,27.25
2015-10-23,27.7,27.8,27.15,27.8,1152741,31742187,551,+0.55,27.8
2015-10-26,28.2,29.05,28.2,28.25,1774783,50508900,961,+0.45,28.25
2015-10-27,28.25,28.25,27.45,27.8,1134352,31475560,606,-0.45,27.8
2015-10-28,28.95,29.0,28.0,28.05,1514700,42983685,822,+0.25,28.05
2015-10-29,28.5,28.5,27.7,28.0,714467,19970746,475,-0.05,28.0
2015-10-30,28.15,28.2,27.35,28.1,734500,20398675,505,+0.10,28.1
2015-11-02,28.15,28.9,27.95,28.55,1162510,33233959,706,+0.45,28.55
2015-11-03,29.2,29.2,28.7,28.7,673100,19423110,392,+0.15,28.7
2015-11-04,29.0,29.15,28.75,29.15,1035000,29958000,612,+0.45,29.15
2015-11-05,29.4,29.4,28.8,28.8,783163,22766710,531,-0.35,28.8
2015-11-06,28.9,29.25,28.75,28.85,701000,20325050,460,+0.05,28.85
2015-11-09,29.1,29.7,28.8,28.85,1110050,32386990,640, 0.00,28.85
2015-11-10,28.65,28.8,28.25,28.4,498000,14206100,328,-0.45,28.4
2015-11-11,28.5,28.9,28.05,28.45,471074,13421959,359,+0.05,28.45
2015-11-12,28.6,28.95,28.2,28.6,519471,14844023,334,+0.15,28.6
2015-11-13,28.4,28.85,28.2,28.25,363367,10309761,226,-0.35,28.25
2015-11-16,28.2,28.2,27.5,27.9,381000,10638550,260,-0.35,27.9
2015-11-17,28.5,28.95,28.4,28.9,712280,20482892,463,+1.00,28.9
2015-11-18,28.8,29.4,28.7,28.8,408160,11823958,246,-0.10,28.8
2015-11-19,29.0,29.4,28.8,29.2,885000,25818100,540,+0.40,29.2
2015-11-20,29.5,30.35,29.3,30.0,1390808,41701440,754,+0.80,30.0
2015-11-23,30.5,30.85,30.05,30.05,771260,23441713,469,+0.05,30.05
2015-11-24,30.45,30.45,29.05,29.15,612999,18151619,401,-0.90,29.15
2015-11-25,29.3,29.7,28.35,28.75,669153,19276087,336,-0.40,28.75
2015-11-26,29.15,29.2,28.6,28.9,378000,10937300,221,+0.15,28.9
2015-11-27,29.1,29.15,28.7,28.8,221900,6399839,142,-0.10,28.8
2015-11-30,28.85,28.85,28.15,28.25,412453,11693651,266,-0.55,28.25
2015-12-01,28.3,29.2,28.3,29.2,386980,11188716,280,+0.95,29.2
2015-12-02,29.55,30.1,29.3,29.7,843433,25084295,555,+0.50,29.7
2015-12-03,30.2,32.6,30.1,32.0,5406711,172419902,2627,+2.30,32.0
2015-12-04,33.35,35.2,33.35,35.2,10568178,363442209,4102,+3.20,35.2
2015-12-07,38.7,38.7,38.7,38.7,3806027,147293242,1339,+3.50,38.7
2015-12-08,38.8,40.4,37.35,37.7,10049416,389158496,5522,-1.00,37.7
2015-12-09,37.7,39.25,35.8,38.9,7982453,301823735,4461,+1.20,38.9
2015-12-10,36.0,36.65,35.05,35.05,2459495,87265246,1039,-3.85,35.05
2015-12-11,35.0,35.0,31.8,33.0,5903373,198469493,3005,-2.05,33.0
2015-12-14,32.4,32.45,30.4,30.9,4264973,133928215,2365,-2.10,30.9
2015-12-15,32.0,32.2,31.2,31.7,2885400,91681709,1564,+0.80,31.7
2015-12-16,31.85,32.1,30.65,31.3,2013300,62975704,1239,-0.40,31.3
2015-12-17,31.45,32.7,31.45,31.7,2602800,83468210,1337,+0.40,31.7
2015-12-18,31.65,32.35,30.85,31.6,2236277,70739664,1301,-0.10,31.6
2015-12-21,31.25,31.8,31.0,31.5,1188000,37358200,690,-0.10,31.5
2015-12-22,31.5,31.8,29.2,29.45,2813000,85056050,1589,-2.05,29.45
2015-12-23,29.85,30.65,29.55,30.3,1846000,55806000,1178,+0.85,30.3
2015-12-24,31.0,33.3,30.9,33.3,7038023,227560712,3891,+3.00,33.3
2015-12-25,31.55,32.5,31.25,32.1,3568000,113802050,2277,-1.20,32.1
2015-12-28,32.15,32.15,30.8,31.05,1890800,59162190,1217,-1.05,31.05
2015-12-29,31.0,31.4,30.9,31.35,760200,23703460,477,+0.30,31.35
2015-12-30,31.3,31.5,30.65,30.75,1145350,35367837,770,-0.60,30.75
2015-12-31,31.15,31.3,30.75,30.75,517050,16008192,372, 0.00,30.75
2016-01-04,30.75,31.0,29.7,29.8,1142000,34338750,724,-0.95,29.8
2016-01-05,28.95,30.45,28.95,30.1,1175162,34964034,786,+0.30,30.1
2016-01-06,30.3,31.25,30.25,30.7,2607000,80425950,1759,+0.60,30.7
2016-01-07,31.2,31.25,29.1,29.35,2147300,64357104,1578,-1.35,29.35
2016-01-08,29.0,30.25,28.7,30.15,828000,24628150,535,+0.80,30.15
2016-01-11,30.0,30.45,29.55,29.7,972030,29091053,708,-0.45,29.7
2016-01-12,30.0,30.2,27.25,27.3,1608350,45864774,960,-2.40,27.3
2016-01-13,28.0,29.0,27.4,28.45,1556000,44092050,1004,+1.15,28.45
2016-01-14,27.9,28.25,25.65,25.9,4393887,116161465,2178,-2.55,25.9
2016-01-15,26.1,26.85,26.05,26.05,1911234,50420084,1107,+0.15,26.05
2016-01-18,25.45,27.1,25.45,27.0,1159001,30673527,723,+0.95,27.0
2016-01-19,26.5,27.8,26.5,27.6,921200,25021610,542,+0.60,27.6
2016-01-20,27.5,27.5,26.2,26.5,1193200,32042419,597,-1.10,26.5
2016-01-21,26.65,27.2,26.6,26.65,796100,21371350,429,+0.15,26.65
2016-01-22,27.2,27.4,26.7,26.8,574000,15452750,317,+0.15,26.8
2016-01-25,27.05,27.35,27.0,27.2,667100,18116770,378,+0.40,27.2
2016-01-26,26.8,27.45,26.8,27.1,340000,9237150,219,-0.10,27.1
2016-01-27,27.65,27.65,27.05,27.1,475000,12950150,250, 0.00,27.1
2016-01-28,27.1,29.8,27.0,29.8,4424894,129250140,2227,+2.70,29.8
2016-01-29,30.0,30.55,29.25,30.4,3787544,113499113,2174,+0.60,30.4
2016-01-30,31.5,32.35,31.4,31.5,3123500,99523773,1665,+1.10,31.5
2016-02-01,32.0,32.0,30.8,30.9,1499200,47015459,912,-0.60,30.9
2016-02-02,30.55,30.9,30.05,30.1,1068081,32457911,675,-0.80,30.1
2016-02-03,29.85,31.2,29.75,30.5,1383020,42291112,876,+0.40,30.5
2016-02-15,30.7,31.4,30.35,31.1,1005100,31163018,656,+0.60,31.1
2016-02-16,31.15,32.2,30.85,31.55,1801000,57059450,1021,+0.45,31.55
2016-02-17,32.3,32.75,31.85,32.0,2135367,68845098,1178,+0.45,32.0
2016-02-18,32.6,32.6,31.7,31.85,1134200,36303050,662,-0.15,31.85
2016-02-19,31.5,32.2,31.5,31.95,870261,27757178,547,+0.10,31.95
2016-02-22,32.5,35.1,32.5,35.1,6005372,206207606,3268,+3.15,35.1
2016-02-23,35.5,35.65,33.8,34.2,4605678,158328084,2592,-0.90,34.2
2016-02-24,34.2,34.5,32.8,33.35,2271000,76160900,1282,-0.85,33.35
2016-02-25,33.7,34.0,33.1,33.1,1488723,49904331,864,-0.25,33.1
2016-02-26,33.3,33.8,32.8,33.25,1408655,46712496,797,+0.15,33.25
2016-03-01,33.0,34.25,32.85,33.8,1230415,41211633,806,+0.55,33.8
2016-03-02,34.5,34.55,33.25,33.4,1729000,58296800,967,-0.40,33.4
2016-03-03,33.5,33.55,32.4,32.65,1228400,40410260,801,-0.75,32.65
2016-03-04,32.8,33.25,32.4,33.1,903380,29763717,658,+0.45,33.1
2016-03-07,33.55,33.6,33.0,33.15,844654,28078597,565,+0.05,33.15
2016-03-08,33.55,34.35,33.25,34.3,3340700,113686400,1829,+1.15,34.3
2016-03-09,34.3,34.5,33.8,33.9,1752023,59642432,778,-0.40,33.9
2016-03-10,35.0,35.55,34.55,34.55,4607040,161491090,2441,+0.65,34.55
2016-03-11,34.55,34.8,33.8,34.55,1489100,51227360,701, 0.00,34.55
2016-03-14,35.5,35.5,34.05,34.2,2548848,88919046,1329,-0.35,34.2
2016-03-15,34.2,34.4,32.0,32.3,2344020,77735352,1275,-1.90,32.3
2016-03-16,32.85,33.7,32.3,33.2,1461500,48200600,855,+0.90,33.2
2016-03-17,33.6,34.05,32.6,32.75,1407380,46831657,830,-0.45,32.75
2016-03-18,33.0,33.65,32.9,33.1,1481050,49287450,856,+0.35,33.1
2016-03-21,33.1,33.3,32.3,33.3,667131,21912095,496,+0.20,33.3
2016-03-22,33.05,33.7,33.05,33.15,649100,21594915,401,-0.15,33.15
2016-03-23,33.15,33.25,32.8,33.05,463100,15302155,293,-0.10,33.05
2016-03-24,32.85,33.1,32.6,32.9,773100,25427890,353,-0.15,32.9
2016-03-25,33.2,33.2,32.4,32.7,648310,21252024,379,-0.20,32.7
2016-03-28,32.8,33.0,32.6,32.6,259000,8496350,186,-0.10,32.6
2016-03-29,32.6,32.7,31.0,31.4,987090,31305453,597,-1.20,31.4
2016-03-30,31.7,32.35,31.6,32.25,822413,26339256,504,+0.85,32.25
2016-03-31,32.25,33.2,32.25,32.8,983100,32291565,512,+0.55,32.8
2016-04-01,32.45,33.4,32.45,33.15,885160,29290162,555,+0.35,33.15
2016-04-06,33.2,33.3,32.7,33.2,392600,12967990,281,+0.05,33.2
2016-04-07,33.3,33.3,32.65,32.75,501100,16467655,330,-0.45,32.75
2016-04-08,32.7,34.1,32.25,33.8,1798497,60313923,1018,+1.05,33.8
2016-04-11,34.3,34.3,33.7,34.0,2159031,73443204,1016,+0.20,34.0
2016-04-12,33.8,34.25,32.8,33.0,1668101,55982363,995,-1.00,33.0
2016-04-13,33.3,33.35,32.15,32.25,2525087,82064608,1619,-0.75,32.25
2016-04-14,32.25,33.1,32.15,32.95,995020,32452657,613,+0.70,32.95
2016-04-15,33.05,33.1,32.65,32.75,750074,24655502,408,-0.20,32.75
2016-04-18,32.6,33.35,32.3,32.8,796170,26267276,513,+0.05,32.8
2016-04-19,33.0,33.5,32.75,33.05,1305800,43268189,769,+0.25,33.05
2016-04-20,33.5,35.35,33.4,33.6,8662000,299270900,4564,+0.55,33.6
2016-04-21,34.2,34.25,33.0,33.25,3080215,103556737,1670,-0.35,33.25
2016-04-22,33.15,33.4,31.65,32.0,2645334,85677502,1643,-1.25,32.0
2016-04-25,31.9,31.9,30.35,30.6,2370300,73052200,1381,-1.40,30.6
2016-04-26,30.85,31.1,30.55,31.0,755000,23326150,539,+0.40,31.0
2016-04-27,31.0,31.55,30.7,30.7,776144,24121364,526,-0.30,30.7
2016-04-28,30.9,31.2,30.4,30.5,862000,26329600,493,-0.20,30.5
2016-04-29,30.3,30.3,29.8,30.0,1011376,30303580,610,-0.50,30.0
2016-05-03,29.8,29.9,28.6,29.2,1237827,35946845,705,-0.80,29.2
2016-05-04,29.2,29.6,28.8,29.1,517010,15094293,402,-0.10,29.1
2016-05-05,29.1,30.25,28.85,30.05,831574,24551360,590,+0.95,30.05
2016-05-06,29.9,30.25,29.5,29.75,421010,12563450,280,-0.30,29.75
2016-05-09,30.1,30.15,29.6,29.65,468000,13975750,274,-0.10,29.65
2016-05-10,29.65,30.5,29.65,30.4,397212,11980914,287,+0.75,30.4
2016-05-11,30.9,30.9,30.3,30.4,491500,15048050,293, 0.00,30.4
2016-05-12,30.15,30.2,29.4,29.4,449010,13350501,294,-1.00,29.4
2016-05-13,29.5,29.75,28.75,28.9,531000,15440850,301,-0.50,28.9
2016-05-16,28.8,29.15,28.05,28.75,519630,14928561,308,-0.15,28.75
2016-05-17,28.9,29.8,28.45,29.6,657400,19219450,474,+0.85,29.6
2016-05-18,29.35,30.0,29.3,29.4,514518,15298647,329,-0.20,29.4
2016-05-19,29.85,30.25,29.6,29.65,1006110,30022272,548,+0.25,29.65
2016-05-20,29.65,30.1,29.05,29.85,727130,21598930,439,+0.20,29.85
2016-05-23,30.1,30.75,29.8,30.4,976740,29639287,574,+0.55,30.4
2016-05-24,30.4,31.15,30.4,30.8,718100,22138879,419,+0.40,30.8
2016-05-25,31.1,31.6,30.9,31.25,852100,26595910,471,+0.45,31.25
2016-05-26,31.3,31.6,31.15,31.4,524090,16424591,320,+0.15,31.4
2016-05-27,31.55,31.7,31.3,31.35,306169,9634406,196,-0.05,31.35
2016-05-30,31.4,32.25,31.35,31.9,793000,25268800,444,+0.55,31.9
2016-05-31,32.15,32.2,31.65,31.8,483404,15450378,299,-0.10,31.8
2016-06-01,31.65,32.1,31.65,31.85,485210,15493008,248,+0.05,31.85
2016-06-02,31.9,32.0,31.05,31.1,565000,17770200,335,-0.75,31.1
2016-06-03,31.15,31.4,30.65,30.7,395501,12228179,281,-0.40,30.7
2016-06-04,30.9,31.2,30.7,30.95,346000,10711300,180,+0.25,30.95
2016-06-06,31.1,31.35,30.95,31.3,376580,11736287,267,+0.35,31.3
2016-06-07,31.3,31.8,31.15,31.65,411731,12943111,303,+0.35,31.65
2016-06-08,32.0,32.2,31.5,31.5,849001,27077131,455,-0.15,31.5
2016-06-13,31.2,31.2,30.25,30.65,503099,15420197,359,-0.85,30.65
2016-06-14,30.8,31.3,30.5,30.8,516000,16023800,267,+0.15,30.8
2016-06-15,31.15,32.4,31.05,32.05,1897768,60704926,958,+1.25,32.05
2016-06-16,32.3,32.4,31.7,32.35,1179537,37865521,643,+0.30,32.35
2016-06-17,32.4,32.8,32.05,32.1,604318,19547656,362,-0.25,32.1
2016-06-20,32.3,32.6,32.1,32.6,868300,28191580,442,+0.50,32.6
2016-06-21,32.8,32.95,32.6,32.8,983250,32240212,448,+0.20,32.8
2016-06-22,32.8,32.8,32.4,32.4,354000,11525350,210,-0.40,32.4
2016-06-23,32.55,32.55,31.8,32.0,402004,12869079,231,-0.40,32.0
2016-06-24,32.1,32.1,29.9,30.55,1153086,35534380,683,-1.45,30.55
2016-06-27,30.5,31.0,30.1,30.85,396000,12127450,264,+0.30,30.85
2016-06-28,31.0,31.65,30.9,31.4,473000,14820450,258,+0.55,31.4
2016-06-29,31.9,32.2,31.6,31.9,1110102,35533084,542,+0.50,31.9
2016-06-30,32.2,32.5,32.05,32.1,1369205,44182380,583,+0.20,32.1
2016-07-01,32.0,32.1,31.65,31.95,455000,14490750,239,-0.15,31.95
2016-07-04,32.4,32.45,31.8,32.0,415500,13358799,227,+0.05,32.0
2016-07-05,32.0,32.05,31.75,32.0,263300,8405090,176, 0.00,32.0
2016-07-06,32.0,32.0,31.5,31.7,387000,12263850,227,-0.30,31.7
2016-07-07,32.1,32.7,32.1,32.2,661850,21419000,362,+0.50,32.2
2016-07-11,32.6,33.6,32.4,33.6,1936124,63946690,973,+1.40,33.6
2016-07-12,34.0,34.0,33.0,33.3,1554126,51990214,683,-0.30,33.3
2016-07-13,33.4,33.8,33.4,33.7,1215900,40820044,540,+0.40,33.7
2016-07-14,33.7,33.9,33.55,33.65,979093,33007379,446,-0.05,33.65
2016-07-15,33.9,34.4,33.5,33.5,1492577,50563678,677,-0.15,33.5
2016-07-18,33.75,33.8,33.3,33.5,909250,30497424,397, 0.00,33.5
2016-07-19,33.6,34.2,33.4,34.0,1468358,49854436,690,+0.50,34.0
2016-07-20,34.0,34.8,33.65,34.5,1724184,59382861,835,+0.50,34.5
2016-07-21,34.5,34.8,33.9,34.15,1238060,42444948,617,-0.35,34.15
2016-07-22,34.2,34.55,34.05,34.1,770000,26385850,346,-0.05,34.1
2016-07-25,34.5,35.2,33.75,35.0,2571351,89100185,1112,+0.90,35.0
2016-07-26,35.2,35.3,34.35,34.95,3888800,135904600,1762,-0.05,34.95
2016-07-27,35.25,35.5,35.0,35.3,3154201,111240464,1442,+0.35,35.3
2016-07-28,37.35,37.65,35.8,36.25,9478552,348677744,4556,+0.95,36.25
2016-07-29,36.55,36.7,36.15,36.7,3563398,129828745,1774,+0.45,36.7
2016-08-01,37.2,37.2,36.7,36.8,3444245,127199377,1752,+0.10,36.8
2016-08-02,37.0,38.7,36.85,38.1,6162435,233766008,3308,+1.30,38.1
2016-08-03,37.7,38.7,37.55,37.85,3361100,127939800,1866,-0.25,37.85
2016-08-04,38.2,39.35,37.9,39.0,4042447,156331426,2221,+1.15,39.0
2016-08-05,39.15,39.35,38.4,38.6,2376500,92084500,1404,-0.40,38.6
2016-08-08,39.0,39.2,38.5,38.8,1695484,65583981,1093,+0.20,38.8
2016-08-09,38.8,38.85,37.6,37.95,2676314,102187091,1527,-0.85,37.95
2016-08-10,38.35,39.2,38.05,39.15,2500653,96573696,1374,+1.20,39.15
2016-08-11,39.25,39.45,38.65,38.85,3570413,138912913,1707,-0.30,38.85
2016-08-12,37.6,38.45,37.25,37.85,3487336,131801681,1788,X0.00,37.85
2016-08-15,38.15,38.5,37.9,38.1,1814478,69321061,853,+0.25,38.1
2016-08-16,38.4,39.25,38.2,39.25,3267550,126589459,1633,+1.15,39.25
2016-08-17,38.8,38.8,37.55,37.6,3599237,136561751,1882,-1.65,37.6
2016-08-18,37.65,37.95,37.05,37.85,1982000,74547150,1127,+0.25,37.85
2016-08-19,38.0,38.4,37.65,37.7,1032924,39254549,677,-0.15,37.7
2016-08-22,37.8,37.8,37.2,37.75,859000,32275950,537,+0.05,37.75
2016-08-23,37.8,38.3,37.55,38.3,1138100,43123830,708,+0.55,38.3
2016-08-24,38.25,38.3,37.85,37.9,867000,33015750,528,-0.40,37.9
2016-08-25,37.9,38.6,37.65,38.4,1869060,71549698,975,+0.50,38.4
2016-08-26,38.5,38.55,38.15,38.3,819000,31442200,508,-0.10,38.3
2016-08-29,38.2,38.4,37.1,37.6,1107073,41671398,693,-0.70,37.6
2016-08-30,37.8,39.3,37.65,39.1,3472188,134954287,1740,+1.50,39.1
2016-08-31,40.1,42.0,39.0,39.0,7384010,297525841,4019,-0.10,39.0
2016-09-01,38.55,39.6,38.55,39.05,1954570,76352723,1212,+0.05,39.05
2016-09-02,39.5,40.35,39.2,39.4,2928450,116324230,1715,+0.35,39.4
2016-09-05,39.7,40.15,39.45,39.9,1555607,61902946,966,+0.50,39.9
2016-09-06,40.4,40.85,40.0,40.0,2162350,87383050,1224,+0.10,40.0
2016-09-07,40.05,40.35,39.3,39.45,1846632,73114336,1017,-0.55,39.45
2016-09-08,39.3,39.4,38.15,38.85,3630238,140108546,1881,-0.60,38.85
2016-09-09,39.0,40.0,38.45,39.55,8164105,319530541,3214,+0.70,39.55
2016-09-10,38.6,39.0,38.55,38.85,1392102,53952028,722,-0.70,38.85
2016-09-12,39.0,39.4,38.6,39.4,8252615,322501995,2176,+0.55,39.4
2016-09-13,39.8,40.35,39.1,40.35,13407746,532876997,3124,+0.95,40.35
2016-09-14,40.35,40.7,36.95,36.95,21005241,823502950,6389,-3.40,36.95
2016-09-19,37.4,37.9,37.25,37.9,2061325,77536885,1319,+0.95,37.9
2016-09-20,38.05,38.4,37.6,37.75,1495100,56714400,946,-0.15,37.75
2016-09-21,37.6,37.9,37.3,37.35,1498550,56127390,1010,-0.40,37.35
2016-09-22,37.5,37.7,37.2,37.2,913025,34151837,564,-0.15,37.2
2016-09-23,37.4,37.65,37.25,37.25,1370130,51230068,875,+0.05,37.25
2016-09-26,37.3,37.6,37.3,37.45,728300,27278909,544,+0.20,37.45
2016-09-29,37.7,37.7,37.25,37.25,852000,31883200,536,-0.20,37.25
2016-09-30,37.25,37.5,36.5,36.75,1259690,46507235,889,-0.50,36.75
2016-10-03,37.1,37.4,37.0,37.25,910100,33853125,585,+0.50,37.25
2016-10-04,37.5,37.5,37.25,37.4,436000,16297750,341,+0.15,37.4
2016-10-05,37.3,37.3,36.75,36.9,1103061,40767807,678,-0.50,36.9
2016-10-06,37.1,37.1,36.85,36.9,630000,23285750,442, 0.00,36.9
2016-10-07,37.0,37.15,36.8,36.85,728050,26894150,527,-0.05,36.85
2016-10-11,37.3,37.3,35.1,35.85,1460500,52814123,967,-1.00,35.85
2016-10-12,35.9,36.5,35.9,36.35,797340,28951274,536,+0.50,36.35
2016-10-13,36.5,36.9,36.25,36.5,930280,33998184,656,+0.15,36.5
2016-10-14,36.5,36.85,35.8,36.0,776000,28068900,579,-0.50,36.0
2016-10-17,36.15,36.45,35.5,35.9,815000,29324200,480,-0.10,35.9
2016-10-18,35.7,36.55,35.7,36.55,854000,31028800,660,+0.65,36.55
2016-10-19,36.75,37.8,36.75,37.8,2443050,91321095,1358,+1.25,37.8
2016-10-20,38.75,38.75,38.0,38.1,2855521,109705398,1781,+0.30,38.1
2016-10-21,38.3,38.65,37.9,38.45,3047713,117006236,1556,+0.35,38.45
2016-10-24,38.45,38.5,37.65,37.65,1789100,68132800,1037,-0.80,37.65
2016-10-25,37.9,37.9,37.2,37.25,846468,31707653,534,-0.40,37.25
2016-10-26,37.25,37.55,37.2,37.2,443250,16546487,292,-0.05,37.2
2016-10-27,37.5,37.5,36.8,36.85,696105,25751019,421,-0.35,36.85
2016-10-28,36.85,37.4,36.8,36.9,603020,22386989,442,+0.05,36.9
2016-10-31,36.95,36.95,36.5,36.55,453000,16609150,311,-0.35,36.55
2016-11-01,36.5,37.8,36.5,37.75,1015050,37882392,730,+1.20,37.75
2016-11-02,37.9,37.9,36.95,37.0,715200,26679500,528,-0.75,37.0
2016-11-03,36.8,37.05,35.55,35.7,936100,33716850,610,-1.30,35.7
2016-11-04,35.3,36.1,35.3,35.6,448859,16024878,316,-0.10,35.6
2016-11-07,36.35,36.85,36.05,36.55,469580,17156083,359,+0.95,36.55
2016-11-08,36.6,37.1,36.35,36.65,274069,10024268,193,+0.10,36.65
2016-11-09,36.4,36.85,34.5,34.95,1275500,44987874,613,-1.70,34.95
2016-11-10,35.75,36.25,35.7,35.8,447960,16099575,307,+0.85,35.8
2016-11-11,35.7,35.8,35.15,35.35,321000,11353900,200,-0.45,35.35
2016-11-14,35.2,35.3,34.5,35.1,629156,21981103,296,-0.25,35.1
2016-11-15,34.85,35.3,34.85,35.0,341125,11948206,215,-0.10,35.0
2016-11-16,35.15,35.35,35.0,35.0,321100,11279200,228, 0.00,35.0
2016-11-17,35.0,35.1,34.8,34.85,202000,7056000,137,-0.15,34.85
2016-11-18,35.0,35.35,34.9,35.2,320000,11243800,208,+0.35,35.2
2016-11-21,35.25,36.2,35.25,36.1,431650,15498614,340,+0.90,36.1
2016-11-22,36.45,36.5,36.0,36.0,478450,17365447,354,-0.10,36.0
2016-11-23,36.1,36.35,35.55,35.7,300001,10784235,201,-0.30,35.7
2016-11-24,35.7,36.6,35.7,36.55,731107,26565809,322,+0.85,36.55
2016-11-25,36.55,36.75,35.9,36.3,969600,35294350,535,-0.25,36.3
2016-11-28,36.2,36.7,36.0,36.15,451000,16360850,232,-0.15,36.15
2016-11-29,36.3,37.7,36.3,37.55,2560507,95410385,1218,+1.40,37.55
2016-11-30,37.7,38.25,37.3,37.8,3061096,115953164,1511,+0.25,37.8
2016-12-01,37.85,37.85,37.05,37.35,861204,32249159,576,-0.45,37.35
2016-12-02,36.95,37.3,36.85,37.0,359000,13309550,247,-0.35,37.0
2016-12-05,36.8,37.2,36.7,36.9,404000,14946700,258,-0.10,36.9
2016-12-06,37.0,37.35,36.8,36.9,286000,10596100,192, 0.00,36.9
2016-12-07,37.5,37.5,37.05,37.05,347000,12898300,274,+0.15,37.05
2016-12-08,37.25,37.45,36.9,36.9,754000,27986700,558,-0.15,36.9
2016-12-09,37.15,37.45,36.95,37.35,584450,21743509,391,+0.45,37.35
2016-12-12,37.4,37.6,37.0,37.2,583000,21702500,415,-0.15,37.2
2016-12-13,37.3,37.35,37.0,37.15,546018,20304428,343,-0.05,37.15
2016-12-14,37.45,38.1,37.3,37.8,1707410,64475214,1017,+0.65,37.8
2016-12-15,38.0,38.4,37.7,38.4,1395552,53207295,855,+0.60,38.4
2016-12-16,38.6,39.3,38.35,38.35,2114500,82070599,1288,-0.05,38.35
2016-12-19,39.0,39.0,38.15,38.2,913001,35145888,647,-0.15,38.2
2016-12-20,38.4,38.7,38.05,38.65,667300,25662695,517,+0.45,38.65
2016-12-21,38.65,39.2,38.2,38.2,828100,32104239,514,-0.45,38.2
2016-12-22,38.3,38.45,37.6,37.65,749005,28327588,441,-0.55,37.65
2016-12-23,38.0,38.4,37.8,37.8,293055,11154629,228,+0.15,37.8
2016-12-26,38.15,38.35,37.65,37.8,170038,6442386,137, 0.00,37.8
2016-12-27,37.8,38.2,37.65,37.75,355000,13459850,309,-0.05,37.75
2016-12-28,38.1,38.2,37.75,38.2,407000,15476050,320,+0.45,38.2
2016-12-29,38.05,38.15,37.8,37.85,280253,10650570,229,-0.35,37.85
2016-12-30,38.0,38.8,37.85,38.7,545071,20899837,329,+0.85,38.7
2017-01-03,38.95,39.1,38.7,38.7,578955,22484250,439, 0.00,38.7
2017-01-04,39.0,39.8,38.9,39.2,1637844,64513233,1055,+0.50,39.2
2017-01-05,39.5,39.65,39.2,39.35,776000,30550350,526,+0.15,39.35
2017-01-06,39.35,40.15,39.15,39.7,1351000,53748250,730,+0.35,39.7
2017-01-09,39.9,40.4,39.2,39.2,1139316,45334524,729,-0.50,39.2
2017-01-10,39.45,39.45,38.65,39.0,554050,21604640,396,-0.20,39.0
2017-01-11,39.3,39.5,38.75,39.2,557000,21796850,361,+0.20,39.2
2017-01-12,39.4,39.6,39.0,39.15,405153,15928489,279,-0.05,39.15
2017-01-13,39.25,39.3,38.7,38.7,479000,18611650,364,-0.45,38.7
2017-01-16,38.7,38.7,37.7,37.8,581471,22142602,396,-0.90,37.8
2017-01-17,38.0,39.7,38.0,39.55,2512722,98632537,1550,+1.75,39.55
2017-01-18,39.55,40.25,38.95,39.8,2016800,80365400,1226,+0.25,39.8
2017-01-19,39.8,40.2,39.35,39.95,1029059,41054991,561,+0.15,39.95
2017-01-20,40.1,42.3,40.1,41.3,3183756,132344221,1952,+1.35,41.3
2017-01-23,42.0,43.15,41.1,41.3,2801219,117686086,1831, 0.00,41.3
2017-01-24,41.15,42.1,41.0,41.4,1237295,51437287,821,+0.10,41.4
2017-02-02,41.8,41.9,40.8,41.45,950562,39233537,661,+0.05,41.45
2017-02-03,41.0,42.4,40.7,41.5,1483025,61654486,919,+0.05,41.5
2017-02-06,42.9,44.5,42.0,42.2,4221062,182245212,2565,+0.70,42.2
2017-02-07,43.0,44.3,42.4,43.95,3126518,136640860,1935,+1.75,43.95
2017-02-08,45.6,48.3,45.25,47.15,12214423,570045655,5663,+3.20,47.15
2017-02-09,47.0,47.5,46.2,47.1,4015735,188007813,2772,-0.05,47.1
2017-02-10,47.45,48.2,46.65,48.0,3638610,172848835,2420,+0.90,48.0
2017-02-13,49.8,50.5,47.2,48.0,5392190,262097395,3501, 0.00,48.0
2017-02-14,48.3,48.5,47.05,47.2,2150702,102354546,1473,-0.80,47.2
2017-02-15,47.7,47.7,47.0,47.2,1837137,86977133,1184, 0.00,47.2
2017-02-16,48.3,48.85,47.2,48.0,2531464,121206960,1810,+0.80,48.0
2017-02-17,47.8,48.0,47.15,47.95,1676100,79730640,938,-0.05,47.95
2017-02-18,48.4,48.6,47.45,48.1,1555000,74712800,1065,+0.15,48.1
2017-02-20,48.35,48.4,46.35,46.75,2137272,101089384,1284,-1.35,46.75
2017-02-21,46.6,46.75,45.3,45.75,2146020,98469163,1299,-1.00,45.75
2017-02-22,45.7,47.6,45.7,46.75,1638594,76730399,1132,+1.00,46.75
2017-02-23,47.0,47.6,46.75,46.75,1536000,72327000,1020, 0.00,46.75
2017-02-24,47.1,47.3,46.05,46.3,1216478,56474129,870,-0.45,46.3
2017-03-01,46.5,47.15,46.0,46.75,803034,37342642,576,+0.45,46.75
2017-03-02,47.05,47.1,45.45,45.5,1744034,80145632,1206,-1.25,45.5
2017-03-03,45.5,46.35,44.3,45.5,1450087,65799743,1064, 0.00,45.5
2017-03-06,45.6,46.25,45.45,46.1,686100,31501139,515,+0.60,46.1
2017-03-07,46.7,46.75,46.1,46.45,656000,30441550,524,+0.35,46.45
2017-03-08,46.45,46.55,45.7,46.0,965286,44344033,730,-0.45,46.0
2017-03-09,46.0,46.15,45.5,45.55,733724,33531558,551,-0.45,45.55
2017-03-10,45.35,45.5,44.6,45.1,900828,40511737,666,-0.45,45.1
2017-03-13,45.4,46.0,44.7,45.4,497943,22627985,358,+0.30,45.4
2017-03-14,45.5,45.95,45.5,45.55,548185,25061972,380,+0.15,45.55
2017-03-15,45.55,45.9,45.4,45.4,383000,17471050,273,-0.15,45.4
2017-03-16,45.7,46.5,45.55,46.0,837600,38650519,548,+0.60,46.0
2017-03-17,46.25,46.45,45.7,45.95,616500,28405773,399,-0.05,45.95
2017-03-20,46.05,46.05,45.45,45.6,506225,23100259,288,-0.35,45.6
2017-03-21,45.6,45.7,44.5,44.85,1298200,58275590,791,-0.75,44.85
2017-03-22,44.7,45.0,43.85,45.0,825500,36813000,573,+0.15,45.0
2017-03-23,45.55,47.3,45.25,46.95,2437593,113502879,1665,+1.95,46.95
2017-03-24,47.2,47.2,46.1,46.2,1276308,59449530,827,-0.75,46.2
2017-03-27,45.9,45.9,44.2,44.2,1792454,80365603,1233,-2.00,44.2
2017-03-28,44.5,44.9,43.25,43.8,1418150,61904402,918,-0.40,43.8
2017-03-29,43.8,44.35,42.9,43.05,1082144,46701920,795,-0.75,43.05
2017-03-30,43.0,43.25,42.5,43.15,1098759,47003258,672,+0.10,43.15
2017-03-31,43.4,43.55,42.95,43.45,565711,24531607,376,+0.30,43.45
2017-04-05,43.9,43.95,43.5,43.8,578020,25253270,418,+0.35,43.8
2017-04-06,43.8,43.8,43.5,43.7,319337,13946226,206,-0.10,43.7
2017-04-07,43.8,43.8,42.85,43.3,529000,22919600,368,-0.40,43.3
2017-04-10,44.0,44.15,43.8,43.9,698116,30687537,468,+0.60,43.9
2017-04-11,43.9,43.9,42.55,42.6,1047201,44973971,753,-1.30,42.6
2017-04-12,42.6,42.6,41.6,42.0,1226500,51481900,774,-0.60,42.0
2017-04-13,42.05,42.7,41.9,42.35,925500,39104999,573,+0.35,42.35
2017-04-14,42.2,42.2,40.4,40.4,1600128,65887422,862,-1.95,40.4
2017-04-17,40.7,41.85,40.4,41.85,882398,36345615,644,+1.45,41.85
2017-04-18,42.25,42.25,41.25,41.8,838302,34910254,529,-0.05,41.8
2017-04-19,41.5,41.5,41.0,41.0,374000,15432950,239,-0.80,41.0
2017-04-20,41.0,41.9,41.0,41.0,464014,19192931,313, 0.00,41.0
2017-04-21,42.1,42.85,40.9,42.85,1806557,75399113,1199,+1.85,42.85
2017-04-24,42.45,42.6,41.55,41.55,2389440,100629908,1355,-1.30,41.55
2017-04-25,41.8,42.45,41.6,42.1,1627100,68410150,991,+0.55,42.1
2017-04-26,42.35,42.8,42.05,42.4,1269020,53841626,856,+0.30,42.4
2017-04-27,42.9,43.45,42.75,42.85,2289610,98672038,1152,+0.45,42.85
2017-04-28,42.9,43.35,42.75,42.75,1858816,79992374,851,-0.10,42.75
2017-05-02,43.6,44.2,43.6,43.8,2370208,103953909,1266,+1.05,43.8
2017-05-03,44.2,44.25,42.95,43.65,994005,43336670,705,-0.15,43.65
2017-05-04,43.7,44.0,43.65,43.9,664195,29099448,486,+0.25,43.9
2017-05-05,44.0,44.45,43.1,43.1,855100,37350100,543,-0.80,43.1
2017-05-08,43.1,43.2,42.1,42.3,646060,27524062,432,-0.80,42.3
2017-05-09,42.3,42.35,41.0,41.2,1112122,46086675,777,-1.10,41.2
2017-05-10,40.85,41.75,40.85,41.2,481001,19850941,361, 0.00,41.2
2017-05-11,40.95,41.2,40.8,40.95,721328,29561298,475,-0.25,40.95
2017-05-12,41.0,41.45,40.8,40.8,683005,27961206,468,-0.15,40.8
2017-05-15,41.2,41.85,40.85,41.2,936025,38621021,621,+0.40,41.2
2017-05-16,41.3,41.75,41.05,41.5,802000,33306950,551,+0.30,41.5
2017-05-17,42.1,42.95,42.05,42.75,1423000,60373000,880,+1.25,42.75
2017-05-18,42.7,43.15,42.1,42.9,1398000,59815150,881,+0.15,42.9
2017-05-19,43.1,43.25,42.6,42.6,1210000,51883500,780,-0.30,42.6
2017-05-22,43.0,43.7,42.3,43.7,1960816,84973494,1348,+1.10,43.7
2017-05-23,43.7,43.7,42.9,42.9,1541430,66753190,1122,-0.80,42.9
2017-05-24,43.2,43.6,42.8,43.2,867100,37425170,526,+0.30,43.2
2017-05-25,43.3,43.3,42.8,42.8,584001,25061294,399,-0.40,42.8
2017-05-26,43.05,43.05,42.55,42.7,332062,14206059,226,-0.10,42.7
2017-05-31,43.3,44.35,43.0,44.0,2198630,96538300,1250,+1.30,44.0
2017-06-01,44.6,44.6,43.75,44.05,1267100,55970050,960,+0.05,44.05
2017-06-02,44.05,45.7,43.8,45.6,3110643,140193716,1911,+1.55,45.6
2017-06-03,45.7,47.4,45.7,45.85,3892063,181727275,2292,+0.25,45.85
2017-06-05,46.1,46.85,45.4,45.5,2313260,106614442,1452,-0.35,45.5
2017-06-06,45.55,45.65,45.05,45.5,1548000,70200050,917, 0.00,45.5
2017-06-07,45.55,47.4,44.5,46.85,3545713,164824711,2086,+1.35,46.85
2017-06-08,46.9,47.1,45.8,46.3,3161833,146928265,2074,-0.55,46.3
2017-06-09,47.0,47.75,46.2,46.2,2181567,102431293,1335,-0.10,46.2
2017-06-12,45.5,46.2,45.5,45.6,831208,38057068,550,-0.60,45.6
2017-06-13,45.75,45.8,44.8,44.85,1220170,55035201,834,-0.75,44.85
2017-06-14,45.25,45.25,42.85,43.5,1546200,67713150,1033,-1.35,43.5
2017-06-15,43.75,44.75,43.4,44.5,978170,43289868,708,+1.00,44.5
2017-06-16,44.55,45.15,44.5,44.7,514120,23040034,323,+0.20,44.7
2017-06-19,44.95,45.1,44.05,45.0,895010,40037705,593,+0.30,45.0
2017-06-20,45.85,46.15,44.7,44.8,1446250,65884850,874,-0.20,44.8
2017-06-21,44.8,45.4,44.2,45.05,947030,42505715,610,+0.25,45.05
2017-06-22,45.6,45.7,44.85,44.85,1166520,52707538,734,-0.20,44.85
2017-06-23,44.85,44.85,44.0,44.15,1057100,46788450,682,-0.70,44.15
2017-06-26,44.2,44.8,43.55,44.6,716000,31628600,472,+0.45,44.6
2017-06-27,44.6,44.75,44.1,44.2,682000,30181750,479,-0.40,44.2
2017-06-28,44.15,44.4,43.6,43.7,748000,32832300,524,-0.50,43.7
2017-06-29,44.1,44.2,43.6,43.65,644038,28259427,354,-0.05,43.65
2017-06-30,43.6,44.2,43.3,44.1,620760,27092890,359,+0.45,44.1
2017-07-03,44.1,44.25,43.9,43.95,413100,18203920,294,-0.15,43.95
2017-07-04,44.05,44.5,44.05,44.2,717204,31785680,507,+0.25,44.2
2017-07-05,44.45,45.4,44.15,45.05,1071600,48080928,636,+0.85,45.05
2017-07-06,45.4,46.4,45.05,46.2,2681140,122980065,1808,+1.15,46.2
2017-07-07,46.2,46.35,45.5,46.35,1221071,56261358,666,+0.15,46.35
2017-07-10,46.7,46.7,44.7,44.7,2169253,98710709,1349,-1.65,44.7
2017-07-11,45.2,45.2,44.2,44.3,867731,38744681,609,-0.40,44.3
2017-07-12,44.7,46.2,44.55,46.2,2342828,107073976,1356,+1.90,46.2
2017-07-13,46.5,46.5,45.8,46.2,2787943,128962524,1419, 0.00,46.2
2017-07-14,46.5,47.5,46.3,46.95,4001687,188110132,2307,+0.75,46.95
2017-07-17,47.5,47.7,46.8,46.8,1670126,78874696,1024,-0.15,46.8
2017-07-18,47.0,47.65,46.85,47.5,1518326,71818697,897,+0.70,47.5
2017-07-19,48.1,52.2,48.1,52.2,9450846,480454959,4097,+4.70,52.2
2017-07-20,54.9,56.1,52.9,54.1,21390159,1170281312,10937,+1.90,54.1
2017-07-21,53.2,57.3,52.8,57.2,9545328,526668857,5592,+3.10,57.2
2017-07-24,58.0,58.1,55.5,57.0,7692633,436780605,4552,-0.20,57.0
2017-07-25,56.3,57.3,55.6,56.5,4830991,273110286,2851,-0.50,56.5
2017-07-26,57.4,59.1,56.2,56.2,7238300,415840249,4343,-0.30,56.2
2017-07-27,56.6,58.2,55.6,57.2,4866400,276757900,3002,+1.00,57.2
2017-07-28,57.2,59.1,56.9,57.7,5982258,346319636,3458,+0.50,57.7
2017-07-31,57.7,59.2,57.0,57.0,5933400,343647399,3299,-0.70,57.0
2017-08-01,57.5,58.2,56.6,56.8,2764969,157907132,1819,-0.20,56.8
2017-08-02,57.0,57.5,56.0,56.4,3583077,202600142,2115,-0.40,56.4
2017-08-03,56.7,57.4,55.7,55.7,2271233,128020492,1343,-0.70,55.7
2017-08-04,55.8,56.3,55.0,55.8,2263705,126034437,1384,+0.10,55.8
2017-08-07,56.3,58.0,55.6,57.0,3236337,184432189,1908,+1.20,57.0
2017-08-08,57.0,57.0,55.3,55.3,2191400,122751419,1238,-1.70,55.3
2017-08-09,55.7,55.9,53.8,53.9,2119903,115718931,1258,-1.40,53.9
2017-08-10,54.0,54.5,51.5,51.7,3125400,163646620,1608,-2.20,51.7
2017-08-11,50.9,52.8,50.8,52.4,2846012,147288332,1452,+0.70,52.4
2017-08-14,50.5,51.2,48.5,48.5,2669100,132952280,1430,X0.00,48.5
2017-08-15,49.8,52.6,49.2,52.4,3879010,198971533,1992,+3.90,52.4
2017-08-16,52.1,52.1,50.8,51.0,3469559,178439190,1990,-1.40,51.0
2017-08-17,51.3,52.7,51.2,52.3,3624325,189035425,1772,+1.30,52.3
2017-08-18,51.7,54.7,51.2,53.4,5127934,273216788,2951,+1.10,53.4
2017-08-21,53.3,54.3,52.5,53.3,2363084,126312274,1418,-0.10,53.3
2017-08-22,53.3,53.9,52.6,52.6,1722350,91352980,1023,-0.70,52.6
2017-08-23,53.3,54.2,53.2,53.4,3069203,164934439,1478,+0.80,53.4
2017-08-24,53.7,54.5,53.6,53.7,2504167,135352267,1291,+0.30,53.7
2017-08-25,54.1,54.3,53.5,53.8,1157412,62273348,673,+0.10,53.8
2017-08-28,54.0,54.2,52.9,53.0,1312486,69929852,863,-0.80,53.0
2017-08-29,53.0,54.0,52.8,53.1,1487183,79430090,865,+0.10,53.1
2017-08-30,53.2,55.5,53.2,55.0,4451654,243608201,2622,+1.90,55.0
2017-08-31,56.8,58.3,55.0,55.1,7391323,419602625,4622,+0.10,55.1
2017-09-01,55.6,56.3,54.6,54.7,2362234,130313244,1582,-0.40,54.7
2017-09-04,54.8,55.4,53.8,55.4,1855743,101364961,1101,+0.70,55.4
2017-09-05,55.8,57.2,55.2,56.2,4452510,250634258,2662,+0.80,56.2
2017-09-06,56.0,56.2,54.0,54.5,2618100,143702720,1791,-1.70,54.5
2017-09-07,55.3,55.3,53.8,54.0,1661296,90481761,1068,-0.50,54.0
2017-09-08,54.6,55.2,54.1,54.1,1616903,88338741,950,+0.10,54.1
2017-09-11,55.3,59.5,55.1,59.5,11827212,684511412,5556,+5.40,59.5
2017-09-12,62.4,63.0,60.0,60.9,13683092,846427277,7191,+1.40,60.9
2017-09-13,61.6,62.7,60.4,62.0,6178624,380362918,3792,+1.10,62.0
2017-09-14,62.6,63.5,60.2,60.2,4946890,302844976,2940,-1.80,60.2
2017-09-15,60.5,61.2,57.6,58.1,4989040,293781129,2779,-2.10,58.1
2017-09-18,58.1,58.9,57.3,57.3,2018517,117357186,1308,-0.80,57.3
2017-09-19,57.7,59.3,57.7,59.1,3671350,215331978,1961,+1.80,59.1
2017-09-20,58.7,58.7,56.5,57.0,4696434,270133950,2879,-2.10,57.0
2017-09-21,57.3,59.0,57.3,58.3,2898350,168484875,1617,+1.30,58.3
2017-09-22,59.2,59.5,57.7,58.4,4128158,242441925,2460,+0.10,58.4
2017-09-25,59.0,59.0,56.0,56.0,2812450,160748958,1747,-2.40,56.0
2017-09-26,55.7,56.8,54.6,54.7,2200303,122413207,1397,-1.30,54.7
2017-09-27,55.6,58.5,55.6,57.9,2828961,162436065,1997,+3.20,57.9
2017-09-28,59.5,61.9,59.5,60.6,9252294,561823673,5725,+2.70,60.6
2017-09-29,60.8,61.3,58.3,61.3,4523634,271011534,3022,+0.70,61.3
2017-09-30,61.1,62.9,61.0,61.5,4897696,303421263,3019,+0.20,61.5
2017-10-02,62.0,62.5,60.6,60.8,3149642,193600862,2142,-0.70,60.8
2017-10-03,61.3,61.5,58.8,59.0,3110100,186314890,1878,-1.80,59.0
2017-10-05,59.5,61.7,59.0,61.3,4145564,251354857,2668,+2.30,61.3
2017-10-06,60.0,60.9,59.0,59.2,3070600,182796239,2032,-2.10,59.2
2017-10-11,59.2,59.6,58.2,58.4,1699758,99677822,1193,-0.80,58.4
2017-10-12,58.8,62.5,58.7,61.8,5342482,325838084,3336,+3.40,61.8
2017-10-13,63.0,67.9,62.7,66.6,15108309,993910803,9049,+4.80,66.6
2017-10-16,67.1,72.2,65.1,70.1,12074898,832063660,8134,+3.50,70.1
2017-10-17,70.5,73.9,67.5,67.5,9907191,700921891,6736,-2.60,67.5
2017-10-18,67.7,74.2,67.1,74.2,11420278,809564315,7695,+6.70,74.2
2017-10-19,74.9,79.7,73.3,77.5,16909383,1305450552,11450,+3.30,77.5
2017-10-20,78.0,79.7,76.5,76.6,9367920,730321968,5977,-0.90,76.6
2017-10-23,76.7,78.3,74.7,76.0,5291886,405216022,3242,-0.60,76.0
2017-10-24,76.7,79.0,76.4,78.5,7272006,566569870,4542,+2.50,78.5
2017-10-25,80.5,82.1,76.3,76.3,8776215,694712844,5749,-2.20,76.3
2017-10-26,75.7,78.0,75.5,76.6,3564028,274056156,2398,+0.30,76.6
2017-10-27,76.2,77.6,72.1,72.3,5275115,394049361,3362,-4.30,72.3
2017-10-30,74.5,77.5,71.5,76.7,7323849,551337913,4896,+4.40,76.7
2017-10-31,76.3,77.9,75.0,76.0,4343446,331085826,2903,-0.70,76.0
2017-11-01,76.6,79.2,76.3,76.6,6880360,535508063,4466,+0.60,76.6
2017-11-02,77.7,79.5,76.3,76.4,6351650,493943690,4287,-0.20,76.4
2017-11-03,77.0,77.7,74.5,75.0,3595521,270868626,2419,-1.40,75.0
2017-11-06,76.0,79.2,74.3,77.6,7148920,553881689,4641,+2.60,77.6
2017-11-07,80.0,84.7,79.7,80.6,18374292,1508959328,11905,+3.00,80.6
2017-11-08,79.8,81.5,78.5,79.5,5379548,428959526,3747,-1.10,79.5
2017-11-09,80.0,80.1,75.4,76.5,5329647,412455649,3478,-3.00,76.5
2017-11-10,75.5,77.4,74.5,76.1,3013439,228807658,1933,-0.40,76.1
2017-11-13,76.1,76.5,71.6,72.1,4042323,296214647,2824,-4.00,72.1
2017-11-14,73.8,74.8,72.1,72.7,2660634,195164457,2063,+0.60,72.7
2017-11-15,72.0,74.4,71.4,73.3,2491600,181701299,1815,+0.60,73.3
2017-11-16,73.2,73.6,72.0,72.4,1360749,99011823,996,-0.90,72.4
2017-11-17,73.5,75.2,73.5,73.7,1980126,146897236,1337,+1.30,73.7
2017-11-20,73.8,73.9,72.0,72.1,1824708,132109715,1320,-1.60,72.1
2017-11-21,72.3,75.2,72.0,74.4,5375920,399520531,3088,+2.30,74.4
2017-11-22,75.5,75.6,72.1,72.7,3693059,272390536,2456,-1.70,72.7
2017-11-23,73.0,73.6,71.2,71.6,3176707,228204104,2223,-1.10,71.6
2017-11-24,72.2,74.9,71.7,74.9,6350905,470683064,3591,+3.30,74.9
2017-11-27,75.2,75.3,73.2,73.4,3661670,271376345,2233,-1.50,73.4
2017-11-28,73.4,74.7,72.1,73.1,2197100,160514250,1386,-0.30,73.1
2017-11-29,73.7,75.0,73.0,73.0,3149162,232962206,2029,-0.10,73.0
2017-11-30,72.7,73.1,71.7,72.1,2085201,150538971,1209,-0.90,72.1
2017-12-01,72.9,72.9,67.1,69.2,4098274,285022960,2705,-2.90,69.2
2017-12-04,69.6,70.3,67.8,69.5,1443200,99312240,941,+0.30,69.5
2017-12-05,68.8,68.8,64.0,64.0,3723790,246426732,2761,-5.50,64.0
2017-12-06,64.3,65.8,61.6,63.0,2896134,183605742,1980,-1.00,63.0
2017-12-07,63.5,64.0,59.4,59.8,3818137,231717488,2651,-3.20,59.8
2017-12-08,61.8,64.0,60.1,63.2,2979630,184875120,2192,+3.40,63.2
2017-12-11,64.0,64.9,62.4,64.7,1734325,110639322,1097,+1.50,64.7
2017-12-12,64.6,64.7,62.8,62.9,1123711,71578661,822,-1.80,62.9
2017-12-13,63.8,65.6,63.2,64.4,2186190,140774950,1512,+1.50,64.4
2017-12-14,65.3,66.1,64.0,64.0,2665830,173885267,1692,-0.40,64.0
2017-12-15,64.0,64.3,62.7,63.7,1241900,78569079,847,-0.30,63.7
2017-12-18,64.1,64.4,62.4,62.4,1902201,120219022,1469,-1.30,62.4
2017-12-19,63.1,64.4,62.1,62.5,1528783,96542729,1102,+0.10,62.5
2017-12-20,62.5,63.0,61.6,62.9,1734100,108033579,1123,+0.40,62.9
2017-12-21,63.0,65.5,62.2,62.7,3851348,245651424,2528,-0.20,62.7
2017-12-22,64.3,65.6,63.4,63.4,4021600,258918780,2617,+0.70,63.4
2017-12-25,63.1,63.4,62.2,62.2,1186200,74159440,854,-1.20,62.2
2017-12-26,62.2,62.4,58.6,59.1,2605750,156081550,1783,-3.10,59.1
2017-12-27,58.8,60.5,58.8,59.2,1158290,68910471,827,+0.10,59.2
2017-12-28,59.2,60.9,59.2,60.4,1164820,70240792,860,+1.20,60.4
2017-12-29,61.4,64.0,60.9,64.0,2917775,182661400,1977,+3.60,64.0
2018-01-02,64.0,64.4,62.5,64.1,1798847,114314511,1254,+0.10,64.1
2018-01-03,65.0,65.6,64.0,64.5,1904570,123301563,1234,+0.40,64.5
2018-01-04,65.2,69.9,64.9,67.7,6342195,429113360,4148,+3.20,67.7
2018-01-05,68.0,68.5,65.6,67.4,2470110,166259767,1678,-0.30,67.4
2018-01-08,68.5,68.5,65.0,65.0,1905113,126397713,1325,-2.40,65.0
2018-01-09,65.0,65.9,64.5,65.0,1116500,72701147,785, 0.00,65.0
2018-01-10,64.8,65.5,63.0,63.4,1671330,106571520,1076,-1.60,63.4
2018-01-11,64.3,64.3,63.3,64.2,656845,41945549,470,+0.80,64.2
2018-01-12,64.7,67.2,64.7,65.9,2182940,144008432,1388,+1.70,65.9
2018-01-15,66.2,68.3,66.0,67.3,1995898,133896966,1369,+1.40,67.3
2018-01-16,66.9,67.4,66.1,66.8,1441480,96130007,1033,-0.50,66.8
2018-01-17,66.8,67.3,66.0,66.2,1003150,66775950,754,-0.60,66.2
2018-01-18,66.8,68.1,66.2,68.1,2354404,157898888,1549,+1.90,68.1
2018-01-19,69.0,70.9,67.2,67.2,6418483,445140903,4292,-0.90,67.2
2018-01-22,67.0,67.6,65.5,66.2,2120526,140555725,1562,-1.00,66.2
2018-01-23,66.9,67.5,65.6,65.8,1969000,131132900,1418,-0.40,65.8
2018-01-24,66.0,66.6,65.4,65.7,1349300,88807349,1003,-0.10,65.7
2018-01-25,66.0,66.9,65.5,65.5,1004273,66333818,759,-0.20,65.5
2018-01-26,66.1,70.5,65.0,68.9,5486742,376021442,3641,+3.40,68.9
2018-01-29,70.1,75.7,70.1,75.7,15669031,1156968243,8905,+6.80,75.7
2018-01-30,77.3,79.2,74.1,75.3,22969406,1773154267,13650,-0.40,75.3
2018-01-31,74.4,76.8,72.5,76.1,7267968,545649268,4909,+0.80,76.1
2018-02-01,76.1,77.8,74.3,74.3,4603574,348303135,3048,-1.80,74.3
2018-02-02,74.3,75.4,71.0,71.6,5122197,371740121,3379,-2.70,71.6
2018-02-05,68.2,74.4,68.1,73.7,6215369,445867492,4144,+2.10,73.7
2018-02-06,71.2,73.5,66.4,67.4,7839251,545521592,4944,-6.30,67.4
2018-02-07,71.0,71.7,69.5,70.0,5569637,393894180,3484,+2.60,70.0
2018-02-08,71.5,71.7,69.3,70.3,3911250,275997250,2667,+0.30,70.3
2018-02-09,65.5,70.7,65.5,70.2,4160200,285752898,2585,-0.10,70.2
2018-02-12,71.5,71.9,67.8,67.8,3378991,234420280,2234,-2.40,67.8
2018-02-21,69.6,72.5,69.5,70.9,4175757,296261647,2925,+3.10,70.9
2018-02-22,70.3,73.7,70.3,72.0,5530700,400119438,3348,+1.10,72.0
2018-02-23,72.3,74.2,72.2,72.5,4384500,320910800,2907,+0.50,72.5
2018-02-26,73.6,78.2,73.3,74.3,16034700,1222324286,10083,+1.80,74.3
2018-02-27,75.7,76.7,72.8,73.0,5026080,374905340,3352,-1.30,73.0
2018-03-01,72.5,74.3,72.5,73.5,3261428,239285157,2136,+0.50,73.5
2018-03-02,72.8,73.7,72.0,72.6,2206800,160332040,1446,-0.90,72.6
2018-03-05,73.1,73.5,71.8,71.8,2416225,175121276,1679,-0.80,71.8
2018-03-06,73.0,73.3,71.6,72.0,1658800,119856620,1263,+0.20,72.0
2018-03-07,71.6,72.0,69.8,69.8,2881500,203624000,1975,-2.20,69.8
2018-03-08,69.8,70.4,69.3,70.1,2110827,147598003,1547,+0.30,70.1
2018-03-09,70.5,71.4,69.5,71.0,2206500,155173450,1520,+0.90,71.0
2018-03-12,72.0,74.0,71.6,72.9,5954064,436129537,3892,+1.90,72.9
2018-03-13,73.2,74.3,72.3,74.0,3744366,275854436,2459,+1.10,74.0
2018-03-14,75.0,75.2,72.9,72.9,4152492,307267065,2742,-1.10,72.9
2018-03-15,73.4,76.9,72.8,76.7,12204927,924964491,7439,+3.80,76.7
2018-03-16,76.9,78.0,75.0,75.1,7539423,575205259,4992,-1.60,75.1
2018-03-19,74.5,75.7,74.2,75.4,2567476,192294488,1640,+0.30,75.4
2018-03-20,74.8,74.8,73.9,74.1,1457180,108190600,1120,-1.30,74.1
2018-03-21,74.4,75.6,74.4,74.5,2226201,166951794,1467,+0.40,74.5
2018-03-22,75.8,76.5,74.0,74.0,3012464,226655259,2133,-0.50,74.0
2018-03-23,71.7,73.2,71.5,72.0,2805010,202234224,1839,-2.00,72.0
2018-03-26,71.6,72.7,71.0,71.3,1977517,141540267,1391,-0.70,71.3
2018-03-27,72.5,72.7,71.7,71.9,1705767,122900347,1067,+0.60,71.9
2018-03-28,71.5,72.4,71.3,71.3,1146100,82175080,784,-0.60,71.3
2018-03-29,72.3,72.7,70.1,70.7,1933550,137341700,1272,-0.60,70.7
2018-03-30,71.0,72.4,71.0,71.2,2268200,162892360,1204,+0.50,71.2
2018-03-31,71.5,72.4,71.2,71.4,997185,71587920,677,+0.20,71.4
2018-04-02,71.4,71.6,69.2,69.6,1966050,137985350,1353,-1.80,69.6
2018-04-03,69.0,69.3,68.0,69.3,1401594,96107541,990,-0.30,69.3
2018-04-09,69.8,71.4,69.2,71.4,964521,67847198,711,+2.10,71.4
2018-04-10,71.4,71.6,69.6,69.6,1345060,95080429,936,-1.80,69.6
2018-04-11,70.3,70.4,67.8,69.0,1901627,130799081,1365,-0.60,69.0
2018-04-12,68.7,68.7,67.5,68.0,1614519,109987494,1334,-1.00,68.0
2018-04-13,68.4,68.8,67.0,67.0,1382099,93391651,1075,-1.00,67.0
2018-04-16,67.5,67.5,65.5,66.4,2070001,137093468,1555,-0.60,66.4
2018-04-17,67.2,67.4,66.1,66.4,1190143,79466152,861, 0.00,66.4
2018-04-18,66.6,67.7,63.7,63.9,2569300,167330720,1803,-2.50,63.9
2018-04-19,63.7,65.0,63.2,63.2,2537091,162057224,1868,-0.70,63.2
2018-04-20,63.3,63.5,60.5,60.6,3314000,204077200,2104,-2.60,60.6
2018-04-23,60.6,61.3,56.9,57.0,4856459,283838928,3435,-3.60,57.0
2018-04-24,57.3,57.5,54.0,54.7,3456520,191121603,2106,-2.30,54.7
2018-04-25,55.1,58.4,55.1,58.0,4310430,248002655,2782,+3.30,58.0
2018-04-26,58.5,59.5,55.6,55.6,3054370,175565605,2305,-2.40,55.6
2018-04-27,56.2,56.7,54.2,55.7,2121895,117240488,1650,+0.10,55.7
2018-04-30,55.8,56.5,55.1,55.2,1205534,67038304,945,-0.50,55.2
2018-05-02,55.2,55.8,54.0,54.1,2704913,147589115,2100,-1.10,54.1
2018-05-03,54.1,56.7,54.1,56.1,3233520,180178826,2275,+2.00,56.1
2018-05-04,55.7,56.1,54.4,55.3,2623000,144939000,1732,-0.80,55.3
2018-05-07,56.0,57.6,55.6,57.3,1603460,91052110,1152,+2.00,57.3
2018-05-08,57.5,58.8,56.6,58.1,2507300,145407320,1683,+0.80,58.1
2018-05-09,58.6,59.0,56.7,56.9,2949800,170347719,2114,-1.20,56.9
2018-05-10,57.3,58.8,57.3,58.8,2067661,120267328,1455,+1.90,58.8
2018-05-11,59.4,59.6,58.3,59.3,3129130,184931909,1790,+0.50,59.3
2018-05-14,59.7,61.3,59.0,60.2,3414521,205660960,2139,+0.90,60.2
2018-05-15,60.0,60.3,58.5,58.9,2652300,157145130,1758,-1.30,58.9
2018-05-16,59.0,62.0,58.6,61.9,3776063,229809806,2524,+3.00,61.9
2018-05-17,61.8,61.8,60.0,60.0,3187760,193296150,2163,-1.90,60.0
2018-05-18,60.5,60.5,59.1,59.5,1287750,76816000,975,-0.50,59.5
2018-05-21,59.6,61.7,59.6,61.2,1962650,119214000,1187,+1.70,61.2
2018-05-22,61.5,61.8,60.0,60.2,2360100,143869740,1549,-1.00,60.2
2018-05-23,60.3,60.7,59.5,59.5,1059050,63387900,780,-0.70,59.5
2018-05-24,60.5,61.8,60.3,60.3,1704370,103931855,1238,+0.80,60.3
2018-05-25,60.2,61.8,60.1,61.2,1498270,91509550,1143,+0.90,61.2
2018-05-28,61.5,64.7,61.5,64.0,4247206,269061684,2874,+2.80,64.0
2018-05-29,64.5,66.9,63.3,65.2,5404929,353566169,3650,+1.20,65.2
2018-05-30,64.0,65.9,62.5,65.2,3115029,200690301,1972, 0.00,65.2
2018-05-31,66.2,69.7,65.2,66.6,6020850,405933280,3807,+1.40,66.6
2018-06-01,66.0,67.5,64.7,65.4,2029780,133406911,1456,-1.20,65.4
2018-06-04,66.3,68.5,65.7,67.4,2923700,196864279,1994,+2.00,67.4
2018-06-05,67.9,69.6,67.4,67.7,4805615,330260995,3140,+0.30,67.7
2018-06-06,68.5,70.7,67.3,68.5,3772554,260525548,2381,+0.80,68.5
2018-06-07,68.6,69.4,67.6,68.6,2580825,176839212,1669,+0.10,68.6
2018-06-08,69.7,70.5,68.3,69.0,4402540,305401144,2905,+0.40,69.0
2018-06-11,69.6,71.0,68.4,71.0,3089362,216073202,2088,+2.00,71.0
2018-06-12,71.4,73.5,70.2,70.7,5006107,359735019,3360,-0.30,70.7
2018-06-13,71.6,72.4,69.1,69.1,3195401,224548468,2121,-1.60,69.1
2018-06-14,69.3,70.5,68.4,68.5,1790310,123823411,1234,-0.60,68.5
2018-06-15,69.4,69.4,66.7,66.9,2010360,135492892,1395,-1.60,66.9
2018-06-19,66.6,66.6,65.0,65.0,950300,62442500,764,-1.90,65.0
2018-06-20,65.2,66.0,63.1,64.5,1331632,86101980,926,-0.50,64.5
2018-06-21,65.0,67.7,64.7,66.8,1191499,78938833,890,+2.30,66.8
2018-06-22,66.6,66.6,65.0,65.4,919796,60318458,649,-1.40,65.4
2018-06-25,65.5,65.6,62.9,63.0,1335450,84988319,928,-2.40,63.0
2018-06-26,62.5,63.0,61.2,61.8,1323400,81939400,876,-1.20,61.8
2018-06-27,62.0,62.8,61.3,61.3,1325864,82107963,897,-0.50,61.3
2018-06-28,60.9,61.4,60.0,60.0,1114064,67386814,811,-1.30,60.0
2018-06-29,60.6,63.6,60.5,63.0,1829619,114196556,1384,+3.00,63.0
2018-07-02,62.0,64.1,61.6,62.9,1106300,69710100,792,-0.10,62.9
2018-07-03,62.3,63.4,59.9,60.2,1468267,89525232,1133,-2.70,60.2
2018-07-04,60.2,61.1,58.8,59.4,1327210,79407379,911,-0.80,59.4
2018-07-05,60.0,60.2,59.4,59.5,578200,34513800,432,+0.10,59.5
2018-07-06,60.4,61.5,58.2,60.6,1108330,66248366,770,+1.10,60.6
2018-07-09,61.3,61.4,60.0,60.4,506734,30717680,363,-0.20,60.4
2018-07-10,60.9,62.5,60.8,61.3,862400,53168860,643,+0.90,61.3
2018-07-11,61.0,61.0,59.7,59.9,797698,48052729,556,-1.40,59.9
2018-07-12,60.4,60.9,59.8,60.4,795200,47948140,517,+0.50,60.4
2018-07-13,61.3,62.5,60.4,60.5,1678600,102642419,1260,+0.10,60.5
2018-07-16,60.6,61.3,60.3,60.5,943270,57348224,710, 0.00,60.5
2018-07-17,61.0,61.5,60.4,60.6,722060,43896896,508,+0.10,60.6
2018-07-18,61.0,61.4,60.3,61.0,733360,44659360,532,+0.40,61.0
2018-07-19,61.6,63.8,61.4,61.5,2257804,140845025,1572,+0.50,61.5
2018-07-20,61.5,62.2,60.6,61.2,799050,48883114,578,-0.30,61.2
2018-07-23,61.5,61.5,59.8,59.9,731150,43989830,556,-1.30,59.9
2018-07-24,60.0,60.8,60.0,60.6,259768,15701710,229,+0.70,60.6
2018-07-25,60.6,61.8,60.6,61.4,448150,27483009,364,+0.80,61.4
2018-07-26,61.9,61.9,61.3,61.8,512100,31557349,343,+0.40,61.8
2018-07-27,62.3,63.8,61.9,63.4,2869157,181148066,1828,+1.60,63.4
2018-07-30,63.7,64.6,63.0,63.0,2641330,168323188,1702,-0.40,63.0
2018-07-31,63.2,63.6,61.5,61.7,1663500,103634398,1053,-1.30,61.7
2018-08-01,62.0,64.2,61.9,64.0,2002100,126736900,1338,+2.30,64.0
2018-08-02,64.6,65.1,62.3,62.3,1446200,91784960,1034,-1.70,62.3
2018-08-03,63.1,63.7,62.1,63.3,770500,48491800,530,+1.00,63.3
2018-08-06,63.7,63.8,62.5,62.9,738000,46442400,570,-0.40,62.9
2018-08-07,63.2,63.3,62.1,62.5,956019,59803698,573,-0.40,62.5
2018-08-08,62.8,63.7,62.6,63.2,963350,60714530,582,+0.70,63.2
2018-08-09,63.4,63.4,62.3,62.4,853959,53456863,598,-0.80,62.4
2018-08-10,62.4,62.5,61.9,62.5,1397643,86896609,911,+0.10,62.5
2018-08-13,59.4,59.4,55.9,57.4,1712625,99192350,1222,X0.00,57.4
2018-08-14,57.3,59.7,57.1,59.0,1261182,73864947,957,+1.60,59.0
2018-08-15,59.0,60.0,58.1,59.2,969200,57441300,707,+0.20,59.2
2018-08-16,58.5,59.4,58.2,58.7,521888,30660969,391,-0.50,58.7
2018-08-17,59.0,59.3,57.2,57.3,626250,36409049,465,-1.40,57.3
2018-08-20,56.8,56.9,51.8,51.8,3801660,203020820,2469,-5.50,51.8
2018-08-21,51.0,51.5,49.45,51.2,3918582,197434431,2707,-0.60,51.2
2018-08-22,51.3,52.3,50.6,51.5,1743458,89978724,1169,+0.30,51.5
2018-08-23,51.7,52.3,51.5,52.0,870435,45170007,570,+0.50,52.0
2018-08-24,52.0,52.6,51.1,52.4,774643,40201192,501,+0.40,52.4
2018-08-27,52.8,53.8,52.7,53.5,784200,41831959,579,+1.10,53.5
2018-08-28,54.2,55.2,54.0,54.8,1190300,65125288,854,+1.30,54.8
2018-08-29,55.3,55.5,54.1,54.4,826300,45139708,571,-0.40,54.4
2018-08-30,54.8,54.8,54.0,54.6,410300,22366750,306,+0.20,54.6
2018-08-31,54.8,56.3,54.2,56.2,973900,53997839,795,+1.60,56.2
2018-09-03,56.3,56.4,54.3,54.6,699500,38532149,459,-1.60,54.6
2018-09-04,54.6,55.1,53.8,54.7,665423,36091465,499,+0.10,54.7
2018-09-05,54.7,55.5,53.6,53.6,975888,53063595,730,-1.10,53.6
2018-09-06,53.6,53.8,51.4,51.5,1772003,92202256,1145,-2.10,51.5
2018-09-07,51.0,51.5,49.0,49.6,1612000,80932850,971,-1.90,49.6
2018-09-10,50.0,50.2,46.8,47.2,1064995,51145912,763,-2.40,47.2
2018-09-11,47.65,48.3,47.0,47.2,1011380,48010823,716, 0.00,47.2
2018-09-12,47.7,47.7,44.0,44.35,2140140,96680112,1370,-2.85,44.35
2018-09-13,45.1,45.85,44.35,45.0,1406655,63301592,1096,+0.65,45.0
2018-09-14,45.4,46.0,44.8,45.75,2201560,99671520,1454,+0.75,45.75
2018-09-17,45.8,45.8,44.55,45.0,1559072,70193126,998,-0.75,45.0
2018-09-18,44.7,44.75,43.15,43.4,1567300,68635200,1138,-1.60,43.4
2018-09-19,44.0,45.05,43.85,44.65,1544954,68681452,1059,+1.25,44.65
2018-09-20,44.7,44.9,43.5,43.8,1229525,54123243,892,-0.85,43.8
2018-09-21,43.85,44.25,43.25,44.2,860285,37631840,641,+0.40,44.2
2018-09-25,44.45,45.65,44.2,45.35,1119410,50604054,790,+1.15,45.35
2018-09-26,45.25,45.75,44.7,44.8,710075,32017975,450,-0.55,44.8
2018-09-27,44.5,45.2,44.1,44.6,523006,23368518,376,-0.20,44.6
2018-09-28,45.1,45.35,44.0,44.35,728447,32510715,455,-0.25,44.35
2018-10-01,44.35,45.1,44.3,44.85,367030,16386627,287,+0.50,44.85
2018-10-02,44.95,45.15,44.6,44.6,400220,17953966,277,-0.25,44.6
2018-10-03,44.4,44.5,42.7,42.8,1102083,47956501,715,-1.80,42.8
2018-10-04,42.45,42.55,41.0,41.2,1435000,59633150,1009,-1.60,41.2
2018-10-05,40.9,41.15,38.5,39.3,1512100,59993470,1002,-1.90,39.3
2018-10-08,38.4,40.1,38.4,40.1,1054371,41795458,678,+0.80,40.1
2018-10-09,40.2,40.2,37.95,38.3,1322500,51191650,885,-1.80,38.3
2018-10-11,34.85,35.0,34.5,34.5,1783273,61678776,893,-3.80,34.5
2018-10-12,33.3,34.9,33.3,34.85,2858200,97466590,2222,+0.35,34.85
2018-10-15,34.85,36.4,34.35,35.75,1934550,69013017,1311,+0.90,35.75
2018-10-16,35.75,37.15,35.65,35.8,1156388,41935159,799,+0.05,35.8
2018-10-17,36.8,37.05,35.4,36.1,973577,35260529,715,+0.30,36.1
2018-10-18,36.1,37.1,36.1,37.0,903300,33136740,688,+0.90,37.0
2018-10-19,36.7,39.5,35.4,39.5,1465850,54634202,990,+2.50,39.5
2018-10-22,38.6,40.3,38.0,39.2,1999307,77994270,1416,-0.30,39.2
2018-10-23,38.5,38.9,36.85,36.85,1103073,41579458,842,-2.35,36.85
2018-10-24,36.55,36.7,35.55,36.25,1124100,40719050,782,-0.60,36.25
2018-10-25,34.3,35.2,34.2,34.45,829403,28707234,586,-1.80,34.45
2018-10-26,35.2,35.4,33.4,33.6,896200,30497639,605,-0.85,33.6
2018-10-29,34.0,34.65,32.75,34.6,960370,32379231,676,+1.00,34.6
2018-10-30,34.7,34.7,33.6,33.85,907100,30886800,594,-0.75,33.85
2018-10-31,34.2,36.45,34.2,36.45,1679120,59887190,1220,+2.60,36.45
2018-11-01,36.5,38.4,35.8,37.7,1366201,51158517,942,+1.25,37.7
2018-11-02,38.8,39.1,37.85,38.25,1914654,73877832,1178,+0.55,38.25
2018-11-05,38.3,38.85,37.75,38.3,879050,33780340,536,+0.05,38.3
2018-11-06,38.9,38.9,36.1,36.1,1244410,46455819,844,-2.20,36.1
2018-11-07,36.45,38.2,36.45,37.9,859105,32237745,650,+1.80,37.9
2018-11-08,38.5,38.7,37.25,37.4,915450,34679310,606,-0.50,37.4
2018-11-09,37.7,37.7,36.8,37.1,367100,13608280,249,-0.30,37.1
2018-11-12,36.9,37.2,36.15,36.25,668100,24407440,463,-0.85,36.25
2018-11-13,35.4,36.25,34.95,36.25,414100,14734000,369, 0.00,36.25
2018-11-14,36.5,37.2,36.35,36.55,512250,18834974,454,+0.30,36.55
2018-11-15,36.55,36.65,35.8,36.1,431200,15568850,391,-0.45,36.1
2018-11-16,36.5,37.25,36.1,37.0,766200,28210390,573,+0.90,37.0
2018-11-19,37.4,38.45,37.4,38.4,953420,36312088,664,+1.40,38.4
2018-11-20,38.3,38.45,37.4,37.9,881129,33505768,681,-0.50,37.9
2018-11-21,37.5,38.55,37.2,38.0,1149050,43820050,795,+0.10,38.0
2018-11-22,38.6,40.7,38.6,39.25,3348400,132767750,2322,+1.25,39.25
2018-11-23,39.8,40.0,37.95,38.25,1912000,73953150,1305,-1.00,38.25
2018-11-26,38.8,39.9,38.55,39.7,1294200,50756209,957,+1.45,39.7
2018-11-27,40.0,41.6,39.2,41.55,2976904,121695468,2086,+1.85,41.55
2018-11-28,42.1,45.7,42.0,45.4,6765546,299274099,4663,+3.85,45.4
2018-11-29,46.6,49.2,46.4,49.2,8900747,426349699,6123,+3.80,49.2
2018-11-30,49.0,49.0,47.3,48.45,4779561,229923658,3031,-0.75,48.45
2018-12-03,50.0,50.0,48.45,48.45,3871900,189385701,2645, 0.00,48.45
2018-12-04,49.0,49.35,47.85,48.3,1877520,91398216,1371,-0.15,48.3
2018-12-05,47.15,47.4,45.6,45.9,2691150,124724600,1876,-2.40,45.9
2018-12-06,46.5,46.5,42.7,43.8,2137789,94214193,1524,-2.10,43.8
2018-12-07,44.25,44.6,42.4,42.8,2160617,93591883,1579,-1.00,42.8
2018-12-10,42.35,42.35,40.2,41.0,1953500,80474850,1332,-1.80,41.0
2018-12-11,41.25,42.35,41.25,42.05,881100,36980890,671,+1.05,42.05
2018-12-12,42.9,44.15,42.55,42.9,2237500,96857050,1669,+0.85,42.9
2018-12-13,43.0,43.2,42.0,42.5,839001,35560243,611,-0.40,42.5
2018-12-14,42.25,42.25,41.2,41.4,806204,33499646,643,-1.10,41.4
2018-12-17,41.4,41.4,40.55,41.1,549200,22495110,402,-0.30,41.1
2018-12-18,40.8,41.3,40.5,41.0,577500,23606950,423,-0.10,41.0
2018-12-19,41.45,41.7,40.8,40.9,583200,24004450,411,-0.10,40.9
2018-12-20,40.45,40.55,39.1,39.2,720560,28671894,565,-1.70,39.2
2018-12-21,39.05,39.9,38.8,39.9,665000,26205050,492,+0.70,39.9
2018-12-22,39.7,40.35,39.35,40.35,324450,12998736,218,+0.45,40.35
2018-12-24,40.65,41.4,40.5,41.4,811550,33311845,594,+1.05,41.4
2018-12-25,40.55,40.75,39.6,40.5,709500,28579274,546,-0.90,40.5
2018-12-26,40.5,41.2,39.6,39.6,713200,28839760,550,-0.90,39.6
2018-12-27,40.65,40.65,39.8,39.8,545300,21945660,414,+0.20,39.8
2018-12-28,40.0,40.1,39.7,39.7,506100,20170930,412,-0.10,39.7
2019-01-02,40.45,40.45,39.35,39.35,505302,20068719,384,-0.35,39.35
2019-01-03,39.4,39.45,37.75,37.8,1333102,51157807,1046,-1.55,37.8
2019-01-04,37.4,38.95,36.8,38.75,1138164,43099775,878,+0.95,38.75
2019-01-07,39.3,39.8,39.3,39.3,732385,28925991,534,+0.55,39.3
2019-01-08,39.6,40.65,39.5,40.65,1182200,47386527,860,+1.35,40.65
2019-01-09,41.25,43.0,41.0,42.2,2415850,101021902,1661,+1.55,42.2
2019-01-10,42.1,42.8,41.6,41.95,1000600,42060269,721,-0.25,41.95
2019-01-11,42.3,42.45,41.4,41.75,861050,36036187,534,-0.20,41.75
2019-01-14,41.9,42.45,40.9,41.05,693000,28786600,517,-0.70,41.05
2019-01-15,41.25,42.2,41.0,41.85,1052300,43946314,736,+0.80,41.85
2019-01-16,42.0,45.3,42.0,45.2,5007878,221082339,3434,+3.35,45.2
2019-01-17,46.9,47.15,44.0,44.0,5875300,268109283,4071,-1.20,44.0
2019-01-18,44.9,46.95,44.4,46.8,5060844,232363743,3363,+2.80,46.8
2019-01-21,48.5,50.6,47.55,48.15,15053623,740404200,9083,+1.35,48.15
2019-01-22,48.15,48.7,47.0,47.5,3340115,158763616,2356,-0.65,47.5
2019-01-23,47.0,47.2,46.3,46.9,1984050,92851465,1366,-0.60,46.9
2019-01-24,47.3,48.4,47.3,47.5,3259748,156128101,2363,+0.60,47.5
2019-01-25,48.3,48.55,47.5,47.5,2506406,120531376,1726, 0.00,47.5
2019-01-28,47.9,48.25,47.55,47.75,1189731,56871103,841,+0.25,47.75
2019-01-29,47.7,47.7,46.5,46.5,1359200,63707399,1012,-1.25,46.5
2019-01-30,46.7,47.15,46.1,46.1,991138,46069175,733,-0.40,46.1
2019-02-11,46.5,46.75,45.55,45.6,2240080,103412700,1293,-0.50,45.6
2019-02-12,45.1,47.45,44.5,47.45,3743001,174105250,2619,+1.85,47.45
2019-02-13,47.65,49.2,47.2,48.6,5068921,244510229,3230,+1.15,48.6
2019-02-14,48.15,49.35,47.4,48.35,3839250,185588937,2691,-0.25,48.35
2019-02-15,48.75,49.65,47.35,47.35,4221407,204613446,2829,-1.00,47.35
2019-02-18,47.8,48.0,46.5,46.6,1883200,88539169,1251,-0.75,46.6
2019-02-19,46.6,47.55,46.45,46.8,1375000,64623150,962,+0.20,46.8
2019-02-20,47.0,47.75,47.0,47.6,1459640,69204442,1012,+0.80,47.6
2019-02-21,47.85,49.8,46.85,49.8,6992642,341485688,4407,+2.20,49.8
2019-02-22,50.1,50.1,48.35,48.45,5217850,255836565,3455,-1.35,48.45
2019-02-25,48.75,48.95,47.85,48.15,1858065,89643358,1233,-0.30,48.15
2019-02-26,48.8,49.7,48.05,48.1,3699205,180127333,2469,-0.05,48.1
2019-02-27,48.0,48.45,47.25,47.35,1603150,76090272,1106,-0.75,47.35
2019-03-04,47.45,48.1,47.4,47.9,813225,38802295,618,+0.55,47.9
2019-03-05,47.9,48.7,47.9,48.3,2290500,110858650,1635,+0.40,48.3
2019-03-06,48.3,48.45,47.9,48.1,1173600,56422018,856,-0.20,48.1
2019-03-07,48.25,48.45,47.4,47.4,1078339,51613152,822,-0.70,47.4
2019-03-08,47.05,47.4,46.3,46.9,1261217,58870099,974,-0.50,46.9
2019-03-11,46.9,47.65,46.9,47.35,571100,27044900,426,+0.45,47.35
2019-03-12,48.25,49.0,47.85,48.1,3088150,149616225,2031,+0.75,48.1
2019-03-13,48.1,48.45,47.8,48.3,822650,39658595,624,+0.20,48.3
2019-03-14,48.75,48.95,48.0,48.0,1162250,56127800,790,-0.30,48.0
2019-03-15,48.2,49.25,48.2,48.25,2481000,120823350,1590,+0.25,48.25
2019-03-18,48.5,49.5,48.2,49.2,2802101,137153528,1878,+0.95,49.2
2019-03-19,50.5,52.7,49.95,51.9,14182658,731151766,8470,+2.70,51.9
2019-03-20,51.9,53.0,51.0,53.0,4967105,258806685,3340,+1.10,53.0
2019-03-21,53.3,54.7,52.6,53.6,6662214,357180762,4361,+0.60,53.6
2019-03-22,55.0,55.8,52.2,52.5,7894354,427122324,5198,-1.10,52.5
2019-03-25,51.5,51.9,50.7,51.0,2335281,119721158,1624,-1.50,51.0
2019-03-26,51.5,53.5,51.4,52.0,4017291,210425676,2920,+1.00,52.0
2019-03-27,52.0,52.0,50.9,51.9,1725300,88967650,1098,-0.10,51.9
2019-03-28,52.2,53.1,51.3,51.4,2717600,141505660,2122,-0.50,51.4
2019-03-29,52.2,52.3,51.6,51.8,1233050,64047750,859,+0.40,51.8
2019-04-01,52.1,52.5,51.3,51.9,1871300,96951739,1151,+0.10,51.9
2019-04-02,52.3,52.6,51.8,51.8,1710371,89159492,1037,-0.10,51.8
2019-04-03,52.0,53.0,51.8,52.7,1846100,96963130,1234,+0.90,52.7
2019-04-08,53.6,54.4,52.8,53.4,2906161,155753094,1928,+0.70,53.4
2019-04-09,53.6,54.0,53.0,53.9,1649402,88401514,1291,+0.50,53.9
2019-04-10,54.2,55.7,53.9,54.0,4521305,247539579,2914,+0.10,54.0
2019-04-11,53.9,53.9,51.9,52.3,2313598,121954396,1688,-1.70,52.3
2019-04-12,52.1,52.4,50.8,50.9,1956403,100482772,1437,-1.40,50.9
2019-04-15,51.2,51.7,51.0,51.0,966254,49524008,674,+0.10,51.0
2019-04-16,50.8,51.6,50.1,51.0,1862400,94218600,1245, 0.00,51.0
2019-04-17,51.5,52.1,51.1,51.4,1710100,88254250,1320,+0.40,51.4
2019-04-18,52.0,52.0,50.0,50.4,1570255,80007805,1169,-1.00,50.4
2019-04-19,50.7,51.7,50.5,50.8,1477170,75313006,1114,+0.40,50.8
2019-04-22,51.2,52.7,51.0,52.7,2043369,106512246,1393,+1.90,52.7
2019-04-23,53.0,53.1,51.5,51.9,1198450,62426789,859,-0.80,51.9
2019-04-24,52.2,52.4,51.2,51.2,843000,43533200,591,-0.70,51.2
2019-04-25,51.4,52.4,51.2,51.4,1208100,62505890,914,+0.20,51.4
2019-04-26,51.4,51.5,50.7,50.8,818225,41592542,585,-0.60,50.8
2019-04-29,50.8,51.0,48.05,48.1,2141263,104553126,1450,-2.70,48.1
2019-04-30,48.5,49.2,48.15,49.0,853000,41480500,682,+0.90,49.0
2019-05-02,48.7,49.5,48.7,49.25,343100,16889384,255,+0.25,49.25
2019-05-03,49.25,50.4,49.0,50.2,1000200,49678020,692,+0.95,50.2
2019-05-06,49.0,49.45,47.9,48.0,1908400,92238938,1345,-2.20,48.0
2019-05-07,48.0,49.45,48.0,48.95,1021204,49918438,708,+0.95,48.95
2019-05-08,47.9,48.3,47.55,48.3,1326642,63565306,869,-0.65,48.3
2019-05-09,48.0,48.5,47.05,47.15,1119010,53158675,744,-1.15,47.15
2019-05-10,47.2,48.2,47.0,47.95,932586,44318047,688,+0.80,47.95
2019-05-13,48.7,48.7,46.5,46.6,1232306,58646550,892,-1.35,46.6
2019-05-14,46.0,46.8,45.0,46.6,1217101,56054197,693, 0.00,46.6
2019-05-15,46.85,47.25,46.7,46.8,524000,24619800,412,+0.20,46.8
2019-05-16,46.45,46.8,44.85,45.0,872542,39945640,585,-1.80,45.0
2019-05-17,45.5,45.8,44.8,45.0,806000,36288500,447, 0.00,45.0
2019-05-20,45.0,45.45,44.0,44.2,602100,26806260,400,-0.80,44.2
2019-05-21,43.8,46.1,43.8,45.75,1109010,50128720,674,+1.55,45.75
2019-05-22,45.5,46.0,44.9,45.95,784125,35804662,493,+0.20,45.95
2019-05-23,46.2,47.05,44.5,44.5,1714300,78972990,1295,-1.45,44.5
2019-05-24,44.65,45.6,44.6,45.6,497851,22524397,386,+1.10,45.6
2019-05-27,45.5,45.65,44.0,44.05,638210,28404100,507,-1.55,44.05
2019-05-28,44.25,44.55,43.9,44.05,360500,15930600,301, 0.00,44.05
2019-05-29,43.85,43.85,42.0,42.6,876250,37600600,716,-1.45,42.6
2019-05-30,42.5,43.2,42.35,43.0,824000,35249100,676,+0.40,43.0
2019-05-31,43.0,44.9,43.0,44.35,772100,34054300,573,+1.35,44.35
2019-06-03,44.05,44.25,43.1,44.15,328000,14401750,254,-0.20,44.15
2019-06-04,44.2,44.85,43.5,43.6,548150,24202130,418,-0.55,43.6
2019-06-05,44.5,44.65,44.05,44.1,476173,21093870,390,+0.50,44.1
2019-06-06,44.1,44.5,42.8,42.85,679260,29381790,519,-1.25,42.85
2019-06-10,43.45,43.65,43.1,43.25,441000,19152950,337,+0.40,43.25
2019-06-11,43.65,45.15,43.6,44.25,1125915,49913625,915,+1.00,44.25
2019-06-12,44.4,44.65,43.8,44.35,404146,17834328,352,+0.10,44.35
2019-06-13,44.5,44.6,44.0,44.2,307100,13596340,253,-0.15,44.2
2019-06-14,45.1,45.4,44.1,44.1,1119000,50117700,855,-0.10,44.1
2019-06-17,43.8,43.9,43.3,43.4,714187,31042878,552,-0.70,43.4
2019-06-18,43.7,43.8,43.3,43.3,268204,11648964,216,-0.10,43.3
2019-06-19,43.9,44.15,43.5,44.0,896000,39236750,741,+0.70,44.0
2019-06-20,44.1,45.8,44.1,45.6,1649400,74727079,1196,+1.60,45.6
2019-06-21,45.95,46.95,45.35,45.65,2668488,123349753,1690,+0.05,45.65
2019-06-24,45.65,46.0,45.0,45.8,570100,25960979,424,+0.15,45.8
2019-06-25,45.7,47.0,45.45,45.45,646333,29733434,462,-0.35,45.45
2019-06-26,45.15,45.7,44.8,45.65,341809,15490250,260,+0.20,45.65
2019-06-27,45.95,46.25,45.65,45.85,582478,26772414,384,+0.20,45.85
2019-06-28,45.9,46.0,44.85,45.15,574500,26043074,412,-0.70,45.15
2019-07-01,45.9,48.25,45.9,48.0,2274462,107400025,1615,+2.85,48.0
2019-07-02,48.2,48.2,47.5,48.2,996582,47772492,774,+0.20,48.2
2019-07-03,48.05,48.05,46.95,47.0,1201002,56741794,871,-1.20,47.0
2019-07-04,47.95,48.8,47.75,48.5,3003601,145205597,1702,+1.50,48.5
2019-07-05,49.2,49.3,48.0,48.2,1978757,95856037,1229,-0.30,48.2
2019-07-08,48.2,48.5,47.85,47.95,852300,40958380,498,-0.25,47.95
2019-07-09,48.0,48.6,47.2,47.2,1180480,56341356,759,-0.75,47.2
2019-07-10,48.0,49.7,47.6,49.6,3107459,152447448,2097,+2.40,49.6
2019-07-11,50.3,50.7,49.4,50.3,3463695,173575053,2283,+0.70,50.3
2019-07-12,50.4,50.6,49.85,50.1,1256772,63045200,918,-0.20,50.1
2019-07-15,50.5,50.9,49.9,50.6,954268,48150179,703,+0.50,50.6
2019-07-16,50.6,50.7,49.7,49.95,1029222,51469234,710,-0.65,49.95
2019-07-17,49.95,50.1,49.45,49.55,876258,43538395,613,-0.40,49.55
2019-07-18,49.5,49.75,48.75,49.2,803492,39509278,635,-0.35,49.2
2019-07-19,50.0,51.3,49.7,51.2,3959040,200760791,2444,+2.00,51.2
2019-07-22,51.2,51.8,50.7,51.0,1923080,98206964,1212,-0.20,51.0
2019-07-23,51.5,51.5,50.3,50.4,1374200,69615080,901,-0.60,50.4
2019-07-24,50.8,52.0,50.6,51.7,1960473,100795758,1365,+1.30,51.7
2019-07-25,52.1,52.2,51.4,51.9,1301596,67395132,898,+0.20,51.9
2019-07-26,51.8,51.8,50.6,51.3,1802200,92041580,1121,-0.60,51.3
2019-07-29,51.5,52.1,50.5,51.8,1880614,96583886,1222,+0.50,51.8
2019-07-30,53.3,54.6,51.6,52.0,9257539,490594814,6105,+0.20,52.0
2019-07-31,51.3,51.4,49.7,49.7,5663166,283925550,4147,-2.30,49.7
2019-08-01,49.1,49.45,48.7,49.45,1517113,74598700,1142,-0.25,49.45
2019-08-02,49.1,49.2,47.3,47.3,2858600,137123758,2124,-2.15,47.3
2019-08-05,47.4,48.1,47.3,47.3,945182,44998577,740, 0.00,47.3
2019-08-06,45.8,47.8,45.5,47.8,1076000,50110000,771,+0.50,47.8
2019-08-07,48.0,48.4,47.0,47.0,1024286,48813721,766,-0.80,47.0
2019-08-08,47.5,48.3,47.5,48.3,1375127,65902297,862,+1.30,48.3
2019-08-12,46.55,46.85,46.3,46.3,1664610,77531070,1089,X0.00,46.3
2019-08-13,46.05,46.6,45.75,45.8,846865,38936217,622,-0.50,45.8
2019-08-14,46.6,47.15,46.45,46.95,1411350,66053950,1025,+1.15,46.95
2019-08-15,46.0,46.85,46.0,46.2,1093744,50822506,716,-0.75,46.2
2019-08-16,46.7,47.65,46.45,47.5,1614700,76413350,1175,+1.30,47.5
2019-08-19,48.0,48.25,47.65,47.9,1285204,61585712,896,+0.40,47.9
2019-08-20,49.1,49.8,49.05,49.5,4412482,217995352,2899,+1.60,49.5
2019-08-21,49.35,49.85,49.15,49.3,1469350,72618004,1085,-0.20,49.3
2019-08-22,49.8,49.9,48.8,49.3,1556586,76850729,1114, 0.00,49.3
2019-08-23,49.35,51.4,49.35,50.8,6773648,342951961,4170,+1.50,50.8
2019-08-26,50.2,50.7,49.7,49.9,4196660,210205848,2509,-0.90,49.9
2019-08-27,50.9,51.3,49.85,49.95,2534130,128169938,1726,+0.05,49.95
2019-08-28,50.1,50.4,49.5,49.6,1222221,60779310,845,-0.35,49.6
2019-08-29,50.1,51.5,49.75,51.3,3570537,181607602,2255,+1.70,51.3
2019-08-30,51.8,52.8,50.7,50.9,5578782,288066700,3635,-0.40,50.9
2019-09-02,50.9,52.0,50.9,51.5,2477451,127145597,1507,+0.60,51.5
2019-09-03,51.7,51.7,50.5,50.8,1769616,90251088,1175,-0.70,50.8
2019-09-04,51.1,52.0,50.9,51.7,2608325,134481900,1752,+0.90,51.7
2019-09-05,52.4,52.5,51.6,51.8,2461115,128015262,1585,+0.10,51.8
2019-09-06,52.2,53.0,51.8,51.8,4320670,226282940,2757, 0.00,51.8
2019-09-09,53.0,53.8,52.3,52.8,7258989,385775312,4467,+1.00,52.8
2019-09-10,51.8,52.6,51.2,51.3,3210555,165679470,2007,X0.00,51.3
2019-09-11,51.3,52.3,51.3,51.8,1727364,89608598,1193,+0.50,51.8
2019-09-12,52.3,52.8,51.3,51.4,1824108,94875772,1219,-0.40,51.4
2019-09-16,51.5,51.5,50.1,50.4,1235917,62432399,902,-1.00,50.4
2019-09-17,50.7,51.0,50.3,50.5,970766,49135759,672,+0.10,50.5
2019-09-18,50.6,51.0,50.0,50.1,1330429,66905931,965,-0.40,50.1
2019-09-19,50.1,50.4,49.65,50.4,1894857,94618862,1140,+0.30,50.4
2019-09-20,50.7,51.5,50.7,51.0,2408789,123148571,1669,+0.60,51.0
2019-09-23,51.1,51.3,50.7,50.8,1081068,55107655,701,-0.20,50.8
2019-09-24,50.8,51.1,50.3,50.5,1027828,52093672,703,-0.30,50.5
2019-09-25,50.5,50.6,49.85,50.4,1093908,54830542,679,-0.10,50.4
2019-09-26,50.4,50.6,49.85,49.95,732891,36722129,499,-0.45,49.95
2019-09-27,50.0,50.0,47.8,48.6,2293441,111299480,1601,-1.35,48.6
2019-10-01,49.1,49.9,48.9,49.8,831710,41166100,602,+1.20,49.8
2019-10-02,49.7,50.2,49.4,49.6,719000,35783246,523,-0.20,49.6
2019-10-03,49.35,50.1,49.1,50.1,745781,37018722,512,+0.50,50.1
2019-10-04,50.2,50.8,50.1,50.4,2167977,109474735,1381,+0.30,50.4
2019-10-07,50.6,50.9,50.0,50.0,889739,44842017,651,-0.40,50.0
2019-10-08,49.9,50.0,49.2,49.2,1097896,54283100,781,-0.80,49.2
2019-10-09,49.75,50.2,49.5,49.6,1601816,79722650,963,+0.40,49.6
2019-10-14,50.2,50.8,50.0,50.4,2367142,119297849,1481,+0.80,50.4
2019-10-15,51.0,51.7,50.6,51.1,4132542,211330674,2641,+0.70,51.1
2019-10-16,51.2,51.4,50.3,50.3,2097081,106401511,1350,-0.80,50.3
2019-10-17,50.5,50.9,50.2,50.4,1212483,61187983,804,+0.10,50.4
2019-10-18,50.2,50.5,48.55,48.85,5079790,249473646,3426,-1.55,48.85
2019-10-21,48.6,49.2,48.25,49.2,1454506,70690593,1068,+0.35,49.2
2019-10-22,49.6,49.75,49.2,49.4,1895819,93745507,1305,+0.20,49.4
2019-10-23,49.4,49.75,48.85,49.15,1288500,63567347,967,-0.25,49.15
2019-10-24,49.2,49.7,48.95,49.6,1274500,62931347,916,+0.45,49.6
2019-10-25,49.8,50.7,49.4,49.85,2609381,130485200,1807,+0.25,49.85
2019-10-28,49.2,49.2,47.7,48.35,8478636,410910336,6250,-1.50,48.35
2019-10-29,48.55,48.65,47.2,47.25,3582860,171763863,2782,-1.10,47.25
2019-10-30,47.25,47.65,46.8,47.5,1834326,86701717,1526,+0.25,47.5
2019-10-31,47.5,47.7,46.5,46.5,2529741,118483323,1934,-1.00,46.5
2019-11-01,46.5,46.9,46.25,46.7,1225958,57132018,919,+0.20,46.7
2019-11-04,46.85,47.4,46.85,47.15,1106755,52188511,898,+0.45,47.15
2019-11-05,47.4,47.45,47.15,47.2,944390,44622737,753,+0.05,47.2
2019-11-06,47.45,47.45,46.5,46.6,1069006,50082018,834,-0.60,46.6
2019-11-07,46.6,46.8,45.8,45.95,1348436,62199276,1002,-0.65,45.95
2019-11-08,46.5,47.25,46.45,47.05,2194976,103032645,1615,+1.10,47.05
2019-11-11,47.15,47.25,46.05,46.3,1532013,71265849,1067,-0.75,46.3
2019-11-12,46.8,46.8,46.05,46.65,725281,33706491,530,+0.35,46.65
2019-11-13,46.65,46.95,46.65,46.65,709904,33202157,553, 0.00,46.65
2019-11-14,46.95,47.25,46.75,46.75,887634,41659516,696,+0.10,46.75
2019-11-15,47.0,47.45,47.0,47.45,1853987,87643609,1241,+0.70,47.45
2019-11-18,47.75,48.1,47.4,47.95,2510634,120132682,1566,+0.50,47.95
2019-11-19,48.0,48.25,47.3,47.45,1248065,59547924,851,-0.50,47.45
2019-11-20,47.5,47.8,46.5,46.75,1057908,49586328,798,-0.70,46.75
2019-11-21,46.25,46.6,46.05,46.6,820872,38038409,626,-0.15,46.6
2019-11-22,46.5,46.85,46.5,46.75,618242,28885856,460,+0.15,46.75
2019-11-25,47.0,48.0,47.0,47.7,2892820,137549599,1570,+0.95,47.7
2019-11-26,47.6,47.85,47.25,47.25,2466227,116941977,1097,-0.45,47.25
2019-11-27,47.6,47.95,47.4,47.5,1087722,51747342,742,+0.25,47.5
2019-11-29,49.5,51.1,48.35,48.35,15576290,773450475,9954,X0.00,48.35
2019-12-02,47.75,47.8,46.35,46.4,4336760,203463542,2938,-1.95,46.4
2019-12-03,46.05,47.1,45.95,46.65,1389601,64734755,998,+0.25,46.65
2019-12-04,46.65,46.7,46.0,46.35,861605,39889467,667,-0.30,46.35
2019-12-05,46.55,47.3,46.55,46.7,1088693,51090653,788,+0.35,46.7
2019-12-06,47.0,47.65,46.85,47.1,1408423,66628181,949,+0.40,47.1
2019-12-09,47.65,47.85,47.15,47.3,2172475,103391609,1268,+0.20,47.3
2019-12-10,47.3,47.5,46.65,47.0,957135,44990395,650,-0.30,47.0
2019-12-11,47.15,47.15,46.55,46.6,835040,38994406,637,-0.40,46.6
2019-12-12,46.8,47.2,46.55,46.55,1026523,48083667,663,-0.05,46.55
2019-12-13,46.55,46.85,46.15,46.15,1275969,59155809,815,-0.40,46.15
2019-12-16,46.25,46.95,46.2,46.8,1078564,50329491,668,+0.65,46.8
2019-12-17,47.0,47.2,46.7,46.85,822556,38589738,582,+0.05,46.85
2019-12-18,46.85,47.15,46.75,47.0,792208,37208176,531,+0.15,47.0
2019-12-19,47.0,47.05,46.5,46.5,730231,34074817,536,-0.50,46.5
2019-12-20,46.7,46.9,46.5,46.6,606108,28253228,394,+0.10,46.6
2019-12-23,46.6,46.9,46.1,46.55,991833,45990968,616,-0.05,46.55
2019-12-24,47.2,47.6,47.0,47.0,3456040,163454628,2083,+0.45,47.0
2019-12-25,47.0,47.15,46.9,47.0,974580,45831160,639, 0.00,47.0
2019-12-26,47.1,47.3,47.1,47.25,1070514,50543582,633,+0.25,47.25
2019-12-27,47.4,47.75,47.4,47.55,1574100,74938644,985,+0.30,47.55
2019-12-30,47.8,47.8,47.1,47.1,935606,44245568,644,-0.45,47.1
2019-12-31,47.1,47.25,46.75,46.75,674687,31716630,469,-0.35,46.75
2020-01-02,47.15,48.4,47.0,48.4,4090236,196138957,2423,+1.65,48.4
2020-01-03,48.45,48.45,47.05,47.2,3318525,158326030,2088,-1.20,47.2
2020-01-06,47.0,47.0,46.4,46.5,1140866,53168002,760,-0.70,46.5
2020-01-07,46.7,46.85,46.1,46.25,1049783,48728088,679,-0.25,46.25
2020-01-08,46.05,46.4,46.0,46.1,716410,33122389,484,-0.15,46.1
2020-01-09,46.4,46.5,46.1,46.1,646998,29924451,456, 0.00,46.1
2020-01-10,46.6,46.6,46.0,46.1,590140,27226798,420, 0.00,46.1
2020-01-13,46.35,46.4,45.85,46.2,921055,42465436,597,+0.10,46.2
2020-01-14,46.2,46.5,46.15,46.2,851837,39460664,627, 0.00,46.2
2020-01-15,46.2,46.4,46.0,46.1,956584,44175357,614,-0.10,46.1
2020-01-16,46.1,46.3,46.1,46.2,773672,35715092,458,+0.10,46.2
2020-01-17,46.2,46.3,46.1,46.1,811565,37460113,474,-0.10,46.1
2020-01-20,46.15,46.2,45.8,45.85,1465425,67274900,924,-0.25,45.85
2020-01-30,44.65,44.65,41.3,41.45,3102572,130801574,1968,-4.40,41.45
2020-01-31,41.45,42.2,40.4,41.2,1263076,52118032,823,-0.25,41.2
2020-02-03,39.2,40.2,38.1,40.0,2045339,80028432,1290,-1.20,40.0
2020-02-04,40.7,41.6,40.1,41.45,787691,32426280,599,+1.45,41.45
2020-02-05,41.75,41.95,41.15,41.65,754790,31424817,494,+0.20,41.65
2020-02-06,41.8,42.7,41.8,42.6,789983,33458270,543,+0.95,42.6
2020-02-07,42.65,42.65,41.8,41.8,965516,40625117,562,-0.80,41.8
2020-02-10,40.95,41.35,40.2,40.6,893210,36380263,625,-1.20,40.6
2020-02-11,40.65,41.2,40.65,40.95,420967,17244240,291,+0.35,40.95
2020-02-12,41.25,41.7,40.95,41.55,615480,25454064,439,+0.60,41.55
2020-02-13,41.65,42.2,41.5,41.5,725315,30283080,484,-0.05,41.5
2020-02-14,41.3,41.75,41.25,41.6,470168,19537526,278,+0.10,41.6
2020-02-17,41.3,41.4,41.0,41.05,605165,24903075,394,-0.55,41.05
2020-02-18,41.25,41.3,41.0,41.05,385417,15859597,272, 0.00,41.05
2020-02-19,41.05,42.45,41.05,42.2,1047957,43894281,708,+1.15,42.2
2020-02-20,44.0,45.25,43.95,44.1,4101507,181824152,2827,+1.90,44.1
2020-02-21,44.0,44.05,43.2,43.3,1346371,58537615,954,-0.80,43.3
2020-02-24,42.9,42.95,42.5,42.8,838997,35757320,580,-0.50,42.8
2020-02-25,41.8,43.0,41.7,42.9,865266,36601238,622,+0.10,42.9
2020-02-26,42.7,42.7,42.1,42.1,845768,35935601,573,-0.80,42.1
2020-02-27,42.2,42.5,41.0,41.45,974250,40433761,645,-0.65,41.45
2020-03-02,40.25,41.95,40.25,41.15,743485,30611877,488,-0.30,41.15
2020-03-03,42.2,42.2,41.4,41.4,752332,31387625,491,+0.25,41.4
2020-03-04,41.75,41.75,41.0,41.45,464507,19182088,295,+0.05,41.45
2020-03-05,42.0,42.3,41.75,42.0,821302,34492734,557,+0.55,42.0
2020-03-06,42.1,43.35,41.95,42.9,3135902,134283286,2130,+0.90,42.9
2020-03-09,45.5,45.5,43.4,43.4,8372415,374771252,5421,+0.50,43.4
2020-03-10,42.5,42.8,41.45,42.2,2106541,88627842,1482,-1.20,42.2
2020-03-11,42.65,42.85,41.3,41.4,1330924,56008546,808,-0.80,41.4
2020-03-12,40.75,40.75,38.05,38.2,2597192,101859756,1793,-3.20,38.2
2020-03-13,34.4,35.35,34.4,35.0,3060782,105632478,1830,-3.20,35.0
2020-03-16,35.8,35.8,32.25,32.25,1630446,55314368,1075,-2.75,32.25
2020-03-17,29.75,31.5,29.75,30.2,1888582,57567636,1177,-2.05,30.2
2020-03-18,30.25,31.3,30.2,30.2,1250085,38329963,958, 0.00,30.2
2020-03-19,30.0,30.0,27.2,27.2,2025836,56390385,1284,-3.00,27.2
2020-03-20,27.6,29.5,27.6,29.15,1594544,45952114,1111,+1.95,29.15
2020-03-23,28.15,28.8,27.5,28.1,764104,21567713,538,-1.05,28.1
2020-03-24,29.05,29.95,29.05,29.8,885441,26214431,630,+1.70,29.8
2020-03-25,31.65,31.65,30.55,30.6,1697411,52578321,1215,+0.80,30.6
2020-03-26,30.6,30.95,29.8,30.8,866794,26429011,586,+0.20,30.8
2020-03-27,31.65,32.0,30.6,30.75,1409365,44134189,819,-0.05,30.75
2020-03-30,30.1,31.05,29.8,31.05,501390,15275690,361,+0.30,31.05
2020-03-31,31.4,31.8,30.9,31.1,752821,23582714,463,+0.05,31.1
2020-04-01,31.1,33.2,30.85,33.05,2745443,89306401,1713,+1.95,33.05
2020-04-06,33.2,33.7,32.7,33.65,1994814,66483236,1276,+0.60,33.65
2020-04-07,34.2,34.8,34.15,34.35,1770165,60804664,1074,+0.70,34.35
2020-04-08,34.5,35.0,34.05,34.95,1756057,60969145,1108,+0.60,34.95
2020-04-09,35.1,35.3,34.0,34.15,1959141,67530976,1194,-0.80,34.15
2020-04-10,34.05,34.4,33.7,34.0,1012050,34367550,645,-0.15,34.0
2020-04-13,34.15,35.1,33.6,34.0,1275050,43949824,863, 0.00,34.0
2020-04-14,34.05,34.75,34.05,34.75,1357174,46822341,868,+0.75,34.75
2020-04-15,35.1,35.9,35.1,35.6,2419802,85831529,1551,+0.85,35.6
2020-04-16,34.75,36.95,34.75,36.9,2454824,88762357,1411,+1.30,36.9
2020-04-17,37.5,38.45,36.8,37.25,5868864,222151346,3479,+0.35,37.25
2020-04-20,36.9,37.15,36.25,36.8,1234069,45270393,802,-0.45,36.8
2020-04-21,36.5,37.0,35.1,35.15,1551650,55676843,997,-1.65,35.15
2020-04-22,34.6,35.95,33.9,35.6,1046200,36531440,769,+0.45,35.6
2020-04-23,35.65,36.25,35.65,36.0,774138,27821845,493,+0.40,36.0
2020-04-24,36.0,36.2,35.5,36.0,588217,21135762,395, 0.00,36.0
2020-04-27,36.35,37.1,36.3,36.95,1218657,44798437,747,+0.95,36.95
2020-04-28,37.45,37.5,36.65,36.85,1279358,47318656,810,-0.10,36.85
2020-04-29,37.35,37.6,37.1,37.3,1067077,39827359,686,+0.45,37.3
2020-04-30,37.65,37.95,37.4,37.7,1595683,60040825,878,+0.40,37.7
2020-05-04,36.4,36.6,35.9,36.25,1615836,58685646,947,-1.45,36.25
2020-05-05,36.7,36.8,36.1,36.3,1067924,38889536,622,+0.05,36.3
2020-05-06,36.5,37.85,36.1,37.4,2675219,99844614,1611,+1.10,37.4
2020-05-07,37.85,40.5,37.45,39.15,5890201,229509088,3313,+1.75,39.15
2020-05-08,39.35,39.65,38.4,39.15,5186686,203068650,3132, 0.00,39.15
2020-05-11,39.15,39.15,38.1,38.3,3003174,116307216,1625,-0.85,38.3
2020-05-12,38.35,38.7,37.85,38.15,1150524,44042633,754,-0.15,38.15
2020-05-13,38.0,38.05,37.45,37.95,1367557,51597766,826,-0.20,37.95
2020-05-14,37.8,37.8,36.7,36.85,1411186,52523718,892,-1.10,36.85
2020-05-15,37.1,37.35,35.75,36.0,1684300,61118913,920,-0.85,36.0
2020-05-18,35.2,35.8,35.05,35.05,1314296,46456291,724,-0.95,35.05
2020-05-19,35.95,35.95,35.15,35.5,974086,34592251,649,+0.45,35.5
2020-05-20,35.85,36.25,35.6,35.85,1263964,45445103,813,+0.35,35.85
2020-05-21,36.05,37.15,36.0,36.95,1185958,43496846,839,+1.10,36.95
2020-05-22,37.0,37.75,36.2,37.3,1942448,71938857,1177,+0.35,37.3
2020-05-25,37.35,38.1,36.5,38.1,2403628,90477822,1558,+0.80,38.1
2020-05-26,38.6,38.9,37.9,38.05,2093174,80322869,1405,-0.05,38.05
2020-05-27,38.05,38.3,37.6,38.15,1014967,38588137,646,+0.10,38.15
2020-05-28,38.5,39.6,38.3,38.95,5915893,230892851,3281,+0.80,38.95
2020-05-29,39.05,39.5,38.7,39.05,2627985,102789661,1588,+0.10,39.05
2020-06-01,39.45,39.7,38.2,38.4,2818415,109193766,1723,-0.65,38.4
2020-06-02,38.7,38.8,38.3,38.3,1525217,58697167,1004,-0.10,38.3
2020-06-03,38.5,38.9,38.45,38.75,2301112,89072635,1178,+0.45,38.75
2020-06-04,39.35,39.4,38.85,38.95,2126356,83137768,1152,+0.20,38.95
2020-06-05,39.0,40.25,39.0,40.1,4532948,180809620,2557,+1.15,40.1
2020-06-08,40.5,40.95,39.5,39.55,2419069,96783521,1447,-0.55,39.55
2020-06-09,39.95,40.0,39.35,39.4,1616400,64074879,943,-0.15,39.4
2020-06-10,39.4,39.65,39.1,39.35,1144468,44905013,716,-0.05,39.35
2020-06-11,39.5,39.65,38.15,38.2,1613288,62592696,957,-1.15,38.2
2020-06-12,37.0,38.0,36.65,38.0,1218157,45596971,715,-0.20,38.0
2020-06-15,38.15,38.35,37.6,37.65,1110575,42113595,769,-0.35,37.65
2020-06-16,38.05,38.4,37.9,38.2,699636,26682142,392,+0.55,38.2
2020-06-17,38.35,39.0,38.25,38.45,791940,30542184,506,+0.25,38.45
2020-06-18,38.6,38.7,38.2,38.35,793206,30483342,514,-0.10,38.35
2020-06-19,38.55,39.45,38.5,39.2,1437619,56109691,908,+0.85,39.2
2020-06-22,39.55,40.1,38.7,38.7,4033392,159338934,2492,-0.50,38.7
2020-06-23,39.0,39.2,38.25,38.35,1389925,53590918,855,-0.35,38.35
2020-06-24,38.65,39.5,38.65,38.75,1556561,60777679,948,+0.40,38.75
2020-06-29,38.8,38.85,38.1,38.35,945308,36436477,579,-0.40,38.35
2020-06-30,38.65,38.85,38.45,38.7,539894,20858945,353,+0.35,38.7
2020-07-01,38.9,39.9,38.9,39.3,1755701,69374781,1111,+0.60,39.3
2020-07-02,39.55,40.45,39.5,40.4,2874958,115203056,1752,+1.10,40.4
2020-07-03,40.9,41.25,40.1,40.85,6066467,247922016,3677,+0.45,40.85
2020-07-06,41.0,41.3,40.2,41.25,3655115,149287970,2056,+0.40,41.25
2020-07-07,42.8,45.35,42.8,45.35,14737115,656569493,6124,+4.10,45.35
2020-07-08,48.0,49.35,46.8,47.45,25850790,1244158629,14476,+2.10,47.45
2020-07-09,48.6,48.6,45.45,45.55,11195031,521424451,6884,-1.90,45.55
2020-07-10,45.55,46.2,43.1,43.7,6205508,274059441,3872,-1.85,43.7
2020-07-13,44.1,44.5,43.2,43.8,3090997,135211706,1910,+0.10,43.8
2020-07-14,43.8,44.35,43.05,43.3,2221997,96884066,1377,-0.50,43.3
2020-07-15,43.55,43.8,41.6,41.7,3400684,144466387,2228,-1.60,41.7
2020-07-16,42.1,42.6,41.85,42.3,1533193,64597111,954,+0.60,42.3
2020-07-17,42.55,43.35,42.5,43.0,2813434,120994912,1642,+0.70,43.0
2020-07-20,43.15,43.45,42.75,43.25,3526833,152151366,1950,+0.25,43.25
2020-07-21,43.3,43.7,43.0,43.2,1529043,66204454,1008,-0.05,43.2
2020-07-22,43.5,44.85,43.2,44.6,2791937,123085136,1853,+1.40,44.6
2020-07-23,45.0,45.15,43.8,44.2,2528302,112207078,1552,-0.40,44.2
2020-07-24,44.0,44.0,42.6,42.7,1931240,83590269,1271,-1.50,42.7
2020-07-27,42.7,44.3,42.7,44.0,3296330,143761950,1914,+1.30,44.0
2020-07-28,45.1,45.45,42.35,42.7,4923923,216795573,2916,-1.30,42.7
2020-07-29,42.8,44.95,42.8,44.95,3576079,158393944,2291,+2.25,44.95
2020-07-30,45.2,46.0,44.65,46.0,5577171,253068116,3413,+1.05,46.0
2020-07-31,46.3,46.7,45.35,46.3,5359180,246530171,3309,+0.30,46.3
2020-08-03,46.3,46.85,45.7,46.4,4158996,192284261,2367,+0.10,46.4
2020-08-04,48.5,48.7,46.7,47.0,8736768,417616434,5274,+0.60,47.0
2020-08-05,47.5,47.65,46.7,47.0,2875915,135419905,1771, 0.00,47.0
2020-08-06,47.5,47.6,46.0,46.0,3434221,159804716,2137,-1.00,46.0
2020-08-07,46.35,47.3,45.7,47.1,3323616,154982832,2009,+1.10,47.1
2020-08-10,47.5,47.95,47.0,47.3,7736378,367105516,4428,+0.20,47.3
2020-08-11,45.85,46.0,44.8,44.95,5083152,231284440,2751,X0.00,44.95
2020-08-12,45.0,45.8,45.0,45.15,3382993,153233378,1782,+0.20,45.15
2020-08-13,45.9,46.8,45.5,45.95,5619414,259539314,3241,+0.80,45.95
2020-08-14,45.6,45.85,45.0,45.6,2535498,115077951,1555,-0.35,45.6
2020-08-17,45.65,46.8,44.85,46.65,5180524,238893034,2991,+1.05,46.65
2020-08-18,46.95,47.2,45.3,45.65,4681849,215491939,2796,-1.00,45.65
2020-08-19,45.45,45.6,43.9,44.0,4942964,220052958,2967,-1.65,44.0
2020-08-20,43.95,43.95,41.3,42.55,4634287,196426885,2581,-1.45,42.55
2020-08-21,42.7,43.3,42.35,43.05,1527865,65533466,1016,+0.50,43.05
2020-08-24,43.35,43.5,42.6,42.85,1283781,55144239,762,-0.20,42.85
2020-08-25,43.1,43.95,43.0,43.8,1354042,59002392,790,+0.95,43.8
2020-08-26,44.0,44.0,43.5,43.6,951016,41544000,620,-0.20,43.6
2020-08-27,43.9,44.2,43.15,43.15,1194731,52070126,678,-0.45,43.15
2020-08-28,43.4,43.45,42.6,43.1,916066,39431799,549,-0.05,43.1
2020-08-31,43.25,43.4,42.75,42.8,837732,36007426,518,-0.30,42.8
2020-09-01,42.85,43.4,42.3,43.2,1122779,48220549,688,+0.40,43.2
2020-09-02,43.9,47.5,43.85,46.6,19274299,897557669,10191,+3.40,46.6
2020-09-03,46.6,46.85,44.85,45.5,9847614,450712810,5617,-1.10,45.5
2020-09-04,44.3,45.15,43.9,44.9,3337473,148779926,2024,-0.60,44.9
2020-09-07,45.0,45.95,44.7,44.75,3653034,165335439,1969,-0.15,44.75
2020-09-08,45.25,45.65,44.7,44.75,2729956,123191220,1504, 0.00,44.75
2020-09-09,44.2,44.4,43.4,44.35,1885735,83064204,1175,-0.40,44.35
2020-09-10,44.8,44.8,43.9,43.95,1738456,76814164,1035,-0.40,43.95
2020-09-11,43.6,43.8,43.0,43.1,2233875,96648995,1337,-0.85,43.1
2020-09-14,43.3,44.95,42.7,44.8,3499672,154933900,2025,+1.70,44.8
2020-09-15,45.2,46.0,44.75,45.0,6561309,298192855,3788,+0.20,45.0
2020-09-16,45.3,45.85,45.15,45.3,3020599,137298303,1717,+0.30,45.3
2020-09-17,45.4,45.8,44.95,45.25,2551131,115745981,1428,-0.05,45.25
2020-09-18,45.5,45.75,45.05,45.2,1645345,74532059,936,-0.05,45.2
2020-09-21,45.4,45.95,44.9,45.05,3266283,148495461,1841,-0.15,45.05
2020-09-22,45.3,45.35,43.3,44.0,2908521,128287876,1979,-1.05,44.0
2020-09-23,44.2,44.4,43.55,43.75,1458513,63904591,861,-0.25,43.75
2020-09-24,43.0,43.3,42.0,42.05,2993380,127120581,1875,-1.70,42.05
2020-09-25,42.2,42.3,40.0,40.9,2777450,114094650,1679,-1.15,40.9
2020-09-28,41.1,41.85,40.6,41.7,1343716,55688042,834,+0.80,41.7
2020-09-29,41.8,42.15,41.1,41.2,1266616,52666451,733,-0.50,41.2
2020-09-30,41.2,41.85,40.95,41.8,667291,27703422,395,+0.60,41.8
2020-10-05,41.95,43.0,41.7,42.8,2169816,92147952,1084,+1.00,42.8
2020-10-06,43.45,44.2,43.4,44.1,3607316,158293947,1902,+1.30,44.1
2020-10-07,44.5,45.15,44.25,44.55,5583769,249783700,2979,+0.45,44.55
2020-10-08,44.8,45.35,44.6,45.15,3978409,179206556,2107,+0.60,45.15
2020-10-12,46.9,47.25,45.4,45.5,9749718,449598766,5187,+0.35,45.5
2020-10-13,45.85,46.35,44.7,45.85,4591812,209779270,2658,+0.35,45.85
2020-10-14,46.55,47.2,46.25,46.5,7303653,341282129,4043,+0.65,46.5
2020-10-15,46.5,46.8,46.05,46.1,3295640,152786615,1786,-0.40,46.1
2020-10-16,46.1,46.15,45.15,45.3,2480658,113030832,1556,-0.80,45.3
2020-10-19,45.55,46.0,45.55,45.65,2121973,97103358,1025,+0.35,45.65
2020-10-20,45.65,45.85,45.4,45.75,1392108,63619644,697,+0.10,45.75
2020-10-21,46.1,46.15,45.4,45.6,1575532,71915654,933,-0.15,45.6
2020-10-22,45.1,45.15,42.75,43.5,5889411,256877092,3834,-2.10,43.5
2020-10-23,43.45,44.2,43.45,43.95,1595854,70034503,982,+0.45,43.95
2020-10-26,44.3,44.45,43.8,43.9,1122362,49456365,694,-0.05,43.9
2020-10-27,43.7,44.0,43.05,43.85,1265913,55200220,679,-0.05,43.85
2020-10-28,42.6,43.3,42.0,42.1,4774874,203090350,2306,X0.00,42.1
2020-10-29,41.2,42.5,41.0,42.2,1967558,82102431,1046,+0.10,42.2
2020-10-30,42.1,42.1,41.4,41.4,1836868,76572865,1109,-0.80,41.4
2020-11-02,41.4,41.7,40.75,40.9,1589517,65207928,1003,-0.50,40.9
2020-11-03,41.1,41.85,41.1,41.65,1103879,45952484,730,+0.75,41.65
2020-11-04,41.8,41.9,41.3,41.7,1773357,73909050,1028,+0.05,41.7
2020-11-05,41.9,42.0,41.55,41.8,1246913,52167133,759,+0.10,41.8
2020-11-06,42.0,42.35,41.7,41.9,1648799,69376149,1037,+0.10,41.9
2020-11-09,42.15,42.4,42.0,42.35,1881082,79443901,1080,+0.45,42.35
2020-11-10,42.65,43.3,42.3,42.5,3046344,130329252,1831,+0.15,42.5
2020-11-11,42.2,42.9,42.15,42.8,1490147,63561686,970,+0.30,42.8
2020-11-12,42.9,43.1,42.5,42.55,1531390,65574655,885,-0.25,42.55
2020-11-13,42.05,42.35,41.25,41.9,2804326,117027716,1808,-0.65,41.9
2020-11-16,41.85,42.2,41.8,42.05,2160268,90653709,1229,+0.15,42.05
2020-11-17,42.05,42.75,41.9,42.35,1872589,79431417,1153,+0.30,42.35
2020-11-18,42.3,42.75,42.15,42.65,1763787,75053564,963,+0.30,42.65
2020-11-19,42.65,42.9,42.35,42.5,1460113,62201339,863,-0.15,42.5
2020-11-20,42.6,43.7,42.5,43.7,4428453,191685189,2563,+1.20,43.7
2020-11-23,44.25,45.4,43.7,44.8,10048675,449134375,5864,+1.10,44.8
2020-11-24,44.7,44.95,43.85,43.9,4504726,199482528,2632,-0.90,43.9
2020-11-25,44.45,44.55,43.35,43.75,2880339,126258978,1677,-0.15,43.75
2020-11-26,43.85,44.45,43.8,44.35,2425167,107105941,1333,+0.60,44.35
2020-11-27,45.3,47.4,45.3,45.75,20372298,943122438,11754,+1.40,45.75
2020-11-30,45.75,46.0,45.1,45.2,4495973,204095396,2819,-0.55,45.2
2020-12-01,45.4,45.6,44.5,45.5,3812401,172023781,2244,+0.30,45.5
2020-12-02,45.65,46.8,45.2,46.45,7841265,361708846,4181,+0.95,46.45
2020-12-03,46.9,49.8,46.65,47.5,26320494,1259633723,14514,+1.05,47.5
2020-12-04,48.2,49.45,48.15,48.75,16626611,812553367,9586,+1.25,48.75
2020-12-07,50.0,52.5,49.35,50.8,26418649,1345227681,15275,+2.05,50.8
2020-12-08,50.8,50.8,49.15,50.2,11102526,553751226,6224,-0.60,50.2
2020-12-09,50.9,52.2,50.2,51.0,12691646,648052675,7244,+0.80,51.0
2020-12-10,50.3,50.5,47.5,48.25,11671591,572304885,7005,-2.75,48.25
2020-12-11,48.7,49.1,46.0,46.95,9789156,464598627,5265,-1.30,46.95
2020-12-14,47.35,48.3,47.0,47.4,4870228,231993618,2813,+0.45,47.4
2020-12-15,47.2,47.2,44.85,45.15,16801839,771380687,10043,-2.25,45.15
2020-12-16,45.5,45.95,45.25,45.3,4843838,220410168,3553,+0.15,45.3
2020-12-17,45.35,45.5,44.85,45.0,3537094,159242479,2441,-0.30,45.0
2020-12-18,45.05,45.45,44.55,44.75,3995189,179633626,2635,-0.25,44.75
2020-12-21,44.75,45.05,43.35,45.05,6104874,269504411,4045,+0.30,45.05
2020-12-22,45.0,46.4,44.65,44.9,10504890,478997118,6318,-0.15,44.9
2020-12-23,45.5,46.75,45.45,46.2,12450595,574955667,7455,+1.30,46.2
2020-12-24,47.0,47.25,46.5,46.75,7241457,339015134,4592,+0.55,46.75
2020-12-25,46.6,47.1,45.9,46.4,5594801,259497765,3541,-0.35,46.4
2020-12-28,46.5,46.85,46.3,46.65,4197873,195694666,2524,+0.25,46.65
2020-12-29,46.65,46.85,46.0,46.2,3959544,183267859,2639,-0.45,46.2
2020-12-30,46.3,46.75,46.0,46.7,3582518,166393525,2186,+0.50,46.7
2020-12-31,47.15,48.0,46.85,47.45,9256502,439905217,6037,+0.75,47.45
2021-01-04,47.8,48.85,47.45,47.65,10954196,524528405,6585,+0.20,47.65
2021-01-05,47.5,47.5,46.55,46.85,4749148,222507539,3249,-0.80,46.85
2021-01-06,46.9,47.3,45.1,45.65,5944095,272879094,4044,-1.20,45.65
2021-01-07,45.9,46.4,45.2,45.8,2909905,133353509,1849,+0.15,45.8
2021-01-08,46.1,46.2,45.3,45.35,2803383,127712351,1801,-0.45,45.35
2021-01-11,46.1,48.0,45.7,47.5,11705314,552166148,7203,+2.15,47.5
2021-01-12,48.0,48.1,46.0,46.15,7074947,332165299,4417,-1.35,46.15
2021-01-13,46.5,47.2,46.4,46.55,5232055,244534428,3178,+0.40,46.55
2021-01-14,47.1,48.3,46.75,48.2,14012415,669711292,8441,+1.65,48.2
2021-01-15,49.35,49.45,47.05,47.3,13562965,650891250,8024,-0.90,47.3
2021-01-18,47.05,47.05,45.3,46.1,5923790,273024312,3693,-1.20,46.1
2021-01-19,46.3,47.15,46.05,46.1,3787424,176470127,2214, 0.00,46.1
2021-01-20,46.5,47.25,45.05,45.1,8376768,386238258,4752,-1.00,45.1
2021-01-21,45.65,45.7,43.8,44.05,6836864,304838278,3998,-1.05,44.05
2021-01-22,44.0,44.85,43.4,44.65,3553352,157553833,2071,+0.60,44.65
2021-01-25,44.65,45.15,44.0,44.9,2936045,131039553,1737,+0.25,44.9
2021-01-26,45.0,45.85,44.55,44.7,3308477,149475545,2010,-0.20,44.7
2021-01-27,45.0,45.7,44.75,45.45,3185553,144062865,1834,+0.75,45.45
2021-01-28,44.85,45.0,44.2,44.35,2810366,125333466,1659,-1.10,44.35
2021-01-29,44.55,44.9,43.0,43.1,4309094,188740998,2724,-1.25,43.1
2021-02-01,43.0,43.0,41.7,42.55,3305182,139629125,2012,-0.55,42.55
2021-02-02,43.25,43.95,43.2,43.75,3008414,131204850,1873,+1.20,43.75
2021-02-03,44.3,44.6,43.55,43.7,2104432,92680302,1359,-0.05,43.7
2021-02-04,43.5,44.05,43.3,43.9,1354061,59248243,793,+0.20,43.9
2021-02-05,44.45,44.5,44.05,44.2,1962285,86863292,1197,+0.30,44.2
2021-02-17,45.7,46.4,45.0,46.15,6279850,286936007,3482,+1.95,46.15
2021-02-18,46.45,47.9,46.15,46.85,8909068,418113234,4603,+0.70,46.85
2021-02-19,46.15,47.8,45.4,47.45,11580664,543461609,6072,+0.60,47.45
2021-02-22,48.1,49.0,46.8,47.45,17038664,813120807,9097, 0.00,47.45
2021-02-23,46.8,47.05,46.3,46.65,5148978,240128571,2912,-0.80,46.65
2021-02-24,46.5,47.55,46.5,46.7,5498247,258931516,3121,+0.05,46.7
2021-02-25,47.25,47.8,46.9,46.9,4135508,195431550,2568,+0.20,46.9
2021-02-26,46.55,47.75,46.3,47.35,6148689,290612473,3665,+0.45,47.35
2021-03-02,48.05,48.15,46.1,46.3,6194467,291421613,3434,-1.05,46.3
2021-03-03,46.2,46.5,44.35,46.2,5539033,251800454,3456,-0.10,46.2
2021-03-04,45.3,46.0,44.8,45.0,3720565,168072711,2477,-1.20,45.0
2021-03-05,44.2,44.9,44.05,44.3,2712019,120588646,1856,-0.70,44.3
2021-03-08,44.75,44.95,43.8,43.95,2544886,112724499,1623,-0.35,43.95
2021-03-09,44.45,44.45,43.3,43.8,2281410,99965166,1627,-0.15,43.8
2021-03-10,44.15,44.45,43.8,43.9,1715618,75568622,1156,+0.10,43.9
2021-03-11,44.2,44.9,44.1,44.6,3045942,135422074,1636,+0.70,44.6
2021-03-12,45.15,45.15,44.55,44.6,1825498,81731429,1120, 0.00,44.6
2021-03-15,44.65,45.65,44.65,45.5,3783826,171116087,2220,+0.90,45.5
2021-03-16,45.6,46.5,45.55,46.5,4335248,199471420,2879,+1.00,46.5
2021-03-17,46.3,47.05,45.05,45.15,7492998,343553431,4858,-1.35,45.15
2021-03-18,45.2,45.55,44.85,45.0,3501014,157930920,2202,-0.15,45.0
2021-03-19,44.8,44.8,44.2,44.5,2801879,124550011,1956,-0.50,44.5
2021-03-22,44.8,45.25,44.25,45.1,2089765,93811062,1416,+0.60,45.1
2021-03-23,45.5,45.7,44.65,44.65,2505711,112810591,1508,-0.45,44.65
2021-03-24,44.65,44.8,44.4,44.45,1590680,70814145,1039,-0.20,44.45
2021-03-25,44.9,47.5,44.9,47.0,21610847,1009781452,12356,+2.55,47.0
2021-03-26,47.3,48.0,46.8,47.45,15839010,751341302,9030,+0.45,47.45
2021-03-29,47.65,48.5,47.45,47.5,13941952,667864815,7490,+0.05,47.5
2021-03-30,48.0,52.2,47.95,52.2,53515722,2681281675,26061,+4.70,52.2
2021-03-31,53.7,57.4,52.7,57.4,138125339,7776003261,53752,+5.20,57.4
2021-04-01,58.2,60.8,57.4,58.2,109035092,6405034457,53876,+0.80,58.2
2021-04-06,58.2,60.3,56.5,58.4,37984467,2230728206,19439,+0.20,58.4
2021-04-07,59.9,64.2,59.3,64.2,39851752,2528402204,13873,+5.80,64.2
2021-04-08,65.0,68.5,64.0,64.0,48613834,3222279970,26472,-0.20,64.0
2021-04-09,64.8,65.9,59.0,60.7,34831761,2162846840,18364,-3.30,60.7
2021-04-12,66.3,66.7,65.9,66.7,15378738,1024371117,4940,+6.00,66.7
2021-04-13,68.8,69.2,64.2,65.6,43825449,2931222818,21609,-1.10,65.6
2021-04-14,65.5,66.0,59.1,63.7,31684486,1969116858,16626,-1.90,63.7
2021-04-15,64.0,65.6,62.3,64.7,19385450,1245184489,11271,+1.00,64.7
2021-04-16,64.5,71.1,64.5,71.1,54732415,3811668843,23200,+6.40,71.1
2021-04-19,72.4,74.5,69.2,70.0,70645238,5046466372,34662,-1.10,70.0
2021-04-20,70.0,75.8,69.0,73.0,49382548,3603998800,26214,+3.00,73.0
2021-04-21,73.0,74.6,72.2,73.4,22450664,1648680098,12657,+0.40,73.4
2021-04-22,75.3,78.6,71.4,72.6,44373358,3349785781,24446,-0.80,72.6
2021-04-23,73.8,76.4,72.6,74.4,35491070,2649004621,19263,+1.80,74.4
2021-04-26,75.3,78.4,74.7,75.4,28589023,2177637818,14605,+1.00,75.4
2021-04-27,75.6,75.9,72.0,72.1,21509669,1574041036,12453,-3.30,72.1
2021-04-28,71.0,72.0,69.1,69.6,22907363,1612119255,12744,-2.50,69.6
2021-04-29,70.1,71.5,68.5,69.0,13385841,936712385,7431,-0.60,69.0
2021-05-03,69.2,69.4,66.0,67.0,13259827,894672172,6752,-2.00,67.0
2021-05-04,68.0,68.5,60.3,64.4,21469251,1365247178,10686,-2.60,64.4
2021-05-05,65.1,67.7,62.8,62.8,13563895,886350529,7275,-1.60,62.8
2021-05-06,62.1,64.8,60.5,61.2,10918244,683464970,5870,-1.60,61.2
2021-05-07,66.3,67.3,66.2,67.3,4999723,335239726,2141,+6.10,67.3
2021-05-10,72.5,74.0,70.6,74.0,38355876,2783789444,17789,+6.70,74.0
2021-05-11,72.0,72.0,66.6,67.0,33372017,2295028757,17075,-7.00,67.0
2021-05-12,67.2,72.0,60.3,63.5,46014543,3031087894,23349,-3.50,63.5
2021-05-13,62.0,65.9,59.9,62.9,24474619,1555077875,13574,-0.60,62.9
2021-05-14,65.0,67.7,62.0,63.5,21629236,1408210807,11952,+0.60,63.5
2021-05-17,58.6,63.0,57.2,57.2,21305571,1268626562,10168,-6.30,57.2
2021-05-18,59.0,62.9,58.2,62.9,21178341,1295226075,9932,+5.70,62.9
2021-05-19,63.3,67.5,62.3,66.0,25574853,1658859191,13901,+3.10,66.0
2021-05-20,65.0,66.6,62.7,62.9,16025553,1032130983,9017,-3.10,62.9
2021-05-21,64.8,65.6,63.5,64.0,10208720,657050556,5743,+1.10,64.0
2021-05-24,63.2,68.2,63.1,66.8,18573070,1226392453,10459,+2.80,66.8
2021-05-25,68.0,71.3,67.5,68.2,35462566,2468050348,20834,+1.40,68.2
2021-05-26,69.1,70.4,67.8,68.5,13425599,923646108,7376,+0.30,68.5
2021-05-27,68.2,72.0,67.9,72.0,26563071,1873033682,14963,+3.50,72.0
2021-05-28,74.1,79.2,73.6,79.2,82554851,6449260029,36615,+7.20,79.2
2021-05-31,82.3,86.6,80.2,81.9,77444245,6487751388,44097,+2.70,81.9
2021-06-01,82.9,86.3,81.8,86.1,46617904,3925614665,26895,+4.20,86.1
2021-06-02,87.0,88.0,82.2,83.0,35499652,3019362474,21380,-3.10,83.0
2021-06-03,84.5,88.3,83.8,85.7,38628951,3330032444,23966,+2.70,85.7
2021-06-04,85.1,90.0,84.3,86.0,44062273,3851828547,28108,+0.30,86.0
2021-06-07,86.4,87.8,81.9,83.1,28399863,2409768476,17522,-2.90,83.1
2021-06-08,75.7,79.0,75.4,77.0,45244549,3499245436,25590,-6.10,77.0
2021-06-09,79.9,81.0,78.3,78.6,37436297,2979193692,22055,+1.60,78.6
2021-06-10,80.0,85.2,79.1,83.1,56946363,4727979033,35011,+4.50,83.1
2021-06-11,85.5,86.6,82.2,83.0,37158890,3145944916,22926,-0.10,83.0
2021-06-15,84.4,84.9,82.2,82.3,15333714,1274770832,9437,-0.70,82.3
2021-06-16,82.9,83.5,79.4,79.9,15520587,1262394085,9989,-2.40,79.9
2021-06-17,79.9,81.6,78.4,81.5,13732342,1097699770,8151,+1.60,81.5
2021-06-18,81.5,81.9,79.6,79.6,12133523,974532046,7893,-1.90,79.6
2021-06-21,78.6,81.5,77.8,79.9,16970450,1353247796,10919,+0.30,79.9
2021-06-22,83.0,83.8,79.2,79.2,20568153,1677169786,12232,-0.70,79.2
2021-06-23,80.7,82.8,79.2,82.4,16848680,1373782789,10634,+3.20,82.4
2021-06-24,83.2,84.7,81.8,83.5,25346001,2117279393,15655,+1.10,83.5
2021-06-25,83.9,86.4,83.5,84.3,27505333,2332759194,16045,+0.80,84.3
2021-06-28,84.5,86.2,83.4,84.9,16745272,1426285351,10754,+0.60,84.9
2021-06-29,85.9,86.2,81.0,81.1,16417825,1368015251,10587,-3.80,81.1
2021-06-30,81.6,82.6,79.9,80.3,11818000,957694914,7489,-0.80,80.3
2021-07-01,80.8,81.6,78.7,78.9,9810650,783475800,6456,-1.40,78.9
2021-07-02,79.0,86.0,78.5,86.0,20380509,1683142454,11919,+7.10,86.0
2021-07-05,87.3,90.0,86.0,86.2,35313117,3107646096,21736,+0.20,86.2
2021-07-06,88.0,89.5,86.1,86.9,19629391,1716347187,12053,+0.70,86.9
2021-07-07,87.7,95.5,87.7,95.5,51286851,4803322228,22902,+8.60,95.5
2021-07-08,96.6,98.3,91.8,96.2,62199259,5930205512,34985,+0.70,96.2
2021-07-09,97.0,105.5,94.2,105.5,57166656,5858935413,31656,+9.30,105.5
2021-07-12,108.5,115.5,107.0,112.0,76827868,8593126354,42636,+6.50,112.0
2021-07-13,119.0,123.0,116.5,123.0,33135712,4018765785,14765,+11.00,123.0
2021-07-14,128.0,131.0,118.0,124.5,80450631,10114578159,48389,+1.50,124.5
2021-07-15,126.5,130.0,120.5,130.0,41045667,5167660213,25413,+5.50,130.0
2021-07-16,126.0,142.0,125.0,137.0,59422942,8049409639,37977,+7.00,137.0
2021-07-19,135.0,142.5,132.0,134.0,48621024,6642992924,29673,-3.00,134.0
2021-07-20,135.5,140.5,133.0,134.5,44358931,6074053735,28808,+0.50,134.5
2021-07-21,142.0,147.5,139.5,147.5,35473874,5161128790,17376,+13.00,147.5
2021-07-22,154.5,159.5,146.5,153.0,70103275,10735365849,44227,+5.50,153.0
2021-07-23,150.0,158.5,138.0,141.0,60714163,8972262592,37888,-12.00,141.0
2021-07-26,145.0,155.0,142.5,155.0,60262076,9077541656,35601,+14.00,155.0
2021-07-27,157.0,162.0,142.5,147.0,68220842,10380508423,43885,-8.00,147.0
2021-07-28,143.0,144.0,132.5,132.5,24382461,3314662109,15019,-14.50,132.5
2021-07-29,134.0,139.5,124.0,136.5,80989484,10662267118,50035,+4.00,136.5
2021-07-30,138.0,145.0,133.0,135.0,51199812,7163830757,35105,-1.50,135.0
2021-08-02,138.0,141.0,132.0,135.0,30885990,4207365274,20277, 0.00,135.0
2021-08-03,139.0,145.0,137.0,142.0,44326885,6242023003,29029,+7.00,142.0
2021-08-04,149.0,155.0,147.0,149.5,84436064,12745955959,51524,+7.50,149.5
2021-08-05,151.0,152.0,142.5,144.5,48832759,7140930759,32725,-5.00,144.5
2021-08-06,146.0,151.0,143.5,150.0,37373007,5521170376,24388,+5.50,150.0
2021-08-09,148.0,150.5,136.0,138.5,39683391,5678506670,26249,-11.50,138.5
2021-08-10,138.5,138.5,129.0,135.0,37123579,4970467605,24975,-3.50,135.0
2021-08-11,136.0,140.0,127.5,128.0,25186307,3382488040,17845,-7.00,128.0
2021-08-12,130.5,139.0,130.0,136.5,22717673,3068622076,14892,+8.50,136.5
2021-08-13,137.5,141.0,130.0,130.5,26878287,3679319579,18691,-6.00,130.5
2021-08-16,132.0,139.0,131.5,135.5,32394852,4392391003,20086,X0.00,135.5
2021-08-17,138.5,145.0,135.0,137.5,62397922,8774649684,39086,+2.00,137.5
2021-08-18,134.5,151.0,130.0,150.0,85732609,11983492156,55270,+12.50,150.0
2021-08-19,146.0,154.5,135.0,135.0,90925022,13371598153,59531,-15.00,135.0
2021-08-20,139.0,148.0,138.0,144.0,86741845,12388073033,49521,+9.00,144.0
2021-08-23,151.0,153.0,148.0,149.0,69784887,10494954830,39619,+5.00,149.0
2021-08-24,153.0,163.5,153.0,163.5,102165986,16213815576,57877,+14.50,163.5
2021-08-25,165.0,172.0,152.0,158.5,174982886,28677415785,102407,-5.00,158.5
2021-08-26,161.0,164.5,155.5,158.0,86573207,13842105548,52201,-0.50,158.0
2021-08-27,156.0,157.0,148.5,150.0,54515979,8272606646,34375,-8.00,150.0
2021-08-30,152.0,154.5,149.0,150.0,24907681,3773526014,15958, 0.00,150.0
2021-08-31,152.0,155.0,150.0,155.0,33991000,5217065758,20778,+5.00,155.0
2021-09-01,155.5,170.0,155.0,167.0,90264553,14765570746,59313,+12.00,167.0
2021-09-02,168.0,175.0,159.0,159.0,113913254,19059786214,70196,-8.00,159.0
2021-09-03,164.0,169.5,160.5,165.5,71130776,11702414063,42605,+6.50,165.5
2021-09-06,163.0,163.5,150.0,153.5,50761046,7960873256,33670,-12.00,153.5
2021-09-07,148.5,149.0,138.5,138.5,36107650,5128923911,23546,-15.00,138.5
2021-09-08,132.5,136.5,128.0,130.5,76928349,10139360658,44582,-8.00,130.5
2021-09-09,129.5,136.5,128.5,133.0,45007344,6022878180,27941,+2.50,133.0
2021-09-10,133.0,135.0,128.0,133.0,39504827,5162515787,23788, 0.00,133.0
2021-09-13,133.0,137.0,128.5,129.0,34736811,4599541591,20954,-4.00,129.0
2021-09-14,129.5,131.0,121.0,121.5,62472665,7731288217,35662,-7.50,121.5
2021-09-15,122.0,125.5,119.0,120.0,41705583,5062410847,24354,-1.50,120.0
2021-09-16,121.0,123.0,119.0,121.5,21440160,2591544810,12832,+1.50,121.5
2021-09-17,122.5,126.5,121.5,126.5,26863957,3344349549,17305,+5.00,126.5
2021-09-22,121.5,125.0,121.0,125.0,14147304,1743603334,8462,-1.50,125.0
2021-09-23,127.5,128.5,124.0,124.5,13490058,1703495899,9049,-0.50,124.5
2021-09-24,126.5,136.5,126.5,135.0,42825523,5687561350,26487,+10.50,135.0
2021-09-27,136.5,138.5,134.0,138.0,49718655,6785026008,29365,+3.00,138.0
2021-09-28,135.0,139.0,132.0,139.0,19582532,2648679917,12861,+1.00,139.0
2021-09-29,135.0,137.5,134.0,134.0,22428861,3038415522,13642,-5.00,134.0
2021-09-30,135.0,136.5,133.5,134.0,14359409,1935926730,8977, 0.00,134.0
2021-10-01,132.0,132.5,121.5,124.0,25395668,3185962495,15271,-10.00,124.0
2021-10-04,127.0,129.0,120.5,121.5,26296792,3277689502,15786,-2.50,121.5
2021-10-05,120.0,128.5,115.0,126.5,32411912,3989736893,18860,+5.00,126.5
2021-10-06,128.0,130.5,123.0,130.5,31961231,4081909311,19074,+4.00,130.5
2021-10-07,129.5,134.5,129.0,133.5,31495027,4157794279,19665,+3.00,133.5
2021-10-08,136.0,140.0,130.0,131.0,41948611,5681731843,27580,-2.50,131.0
2021-10-12,131.0,132.5,128.0,128.5,14500706,1891936306,8868,-2.50,128.5
2021-10-13,130.5,131.5,119.0,120.5,23243538,2882856336,14084,-8.00,120.5
2021-10-14,123.5,124.5,116.0,118.0,22043550,2632785727,14953,-2.50,118.0
2021-10-15,122.0,125.0,120.0,122.0,17786796,2171554030,10757,+4.00,122.0
2021-10-18,123.0,125.0,121.0,123.0,12464171,1531662597,8213,+1.00,123.0
2021-10-19,123.0,130.0,123.0,128.5,18614753,2362630176,12114,+5.50,128.5
2021-10-20,129.5,136.0,128.5,135.0,27445118,3658460508,18177,+6.50,135.0
2021-10-21,136.0,144.0,135.0,136.0,52977994,7393176238,36449,+1.00,136.0
2021-10-22,138.0,144.0,137.5,144.0,50815862,7178439585,34144,+8.00,144.0
2021-10-25,142.0,142.5,138.5,139.5,24427779,3426010329,16865,-4.50,139.5
2021-10-26,135.0,135.0,126.5,127.0,43131593,5626408190,30176,-12.50,127.0
2021-10-27,127.0,133.0,124.0,132.0,23295290,3023546100,15829,+5.00,132.0
2021-10-28,131.0,133.0,129.0,129.0,11724082,1533317901,7881,-3.00,129.0
2021-10-29,130.5,131.5,126.5,128.0,12270740,1581581180,8850,-1.00,128.0
2021-11-01,129.0,133.0,129.0,131.0,11625377,1526207275,8045,+3.00,131.0
2021-11-02,133.5,136.0,126.5,128.0,16086364,2107892930,11349,-3.00,128.0
2021-11-03,129.5,131.5,126.5,130.0,8162196,1054385896,6106,+2.00,130.0
2021-11-04,126.0,129.5,125.5,126.0,15517167,1969346539,10686,-4.00,126.0
2021-11-05,126.5,128.0,123.5,124.0,8268531,1030168731,6099,-2.00,124.0
2021-11-08,125.5,125.5,120.0,122.0,10402876,1268124462,8273,-2.00,122.0
2021-11-09,124.5,131.5,124.0,130.0,20666940,2664370867,14664,+8.00,130.0
2021-11-10,132.0,135.0,130.5,131.0,22380833,2971131919,15184,+1.00,131.0
2021-11-11,130.0,134.0,129.0,130.5,9362646,1233843924,7301,-0.50,130.5
2021-11-12,132.5,136.5,131.5,133.0,21185127,2846951619,15500,+2.50,133.0
2021-11-15,136.0,140.5,134.5,138.5,24312856,3355682134,19391,+5.50,138.5
2021-11-16,140.5,143.0,135.5,136.0,26871795,3755038279,20555,-2.50,136.0
2021-11-17,138.5,143.0,136.0,143.0,24835819,3496794532,17990,+7.00,143.0
2021-11-18,144.0,145.5,138.5,139.5,22105149,3121060144,19800,-3.50,139.5
2021-11-19,141.0,142.0,135.0,135.5,13690622,1890434581,10725,-4.00,135.5
2021-11-22,135.0,140.0,134.0,137.5,9889796,1360466778,6550,+2.00,137.5
2021-11-23,138.5,148.5,137.5,143.0,55999450,8066117975,34170,+5.50,143.0
2021-11-24,142.0,143.0,134.0,138.0,31073431,4295226021,24811,-5.00,138.0
2021-11-25,141.5,146.0,139.0,139.0,45755947,6539943028,28611,+1.00,139.0
2021-11-26,141.0,145.0,137.0,143.5,45641529,6487105883,29848,+4.50,143.5
2021-11-29,144.0,157.5,139.5,156.0,104143275,15676323109,63008,+12.50,156.0
2021-11-30,158.0,164.5,155.0,155.5,83274509,13361467889,53986,-0.50,155.5
2021-12-01,158.0,162.5,156.0,162.5,59848932,9567946393,36175,+7.00,162.5
2021-12-02,161.0,161.5,151.0,152.0,35825021,5615729827,33097,-10.50,152.0
2021-12-03,155.0,158.0,152.0,154.0,28307566,4377158665,19022,+2.00,154.0
2021-12-06,155.0,156.0,149.0,149.0,16392309,2502657695,13726,-5.00,149.0
2021-12-07,151.0,151.5,143.0,144.0,24853127,3619761965,18545,-5.00,144.0
2021-12-08,146.5,147.0,141.0,144.5,16688796,2405929117,12019,+0.50,144.5
2021-12-09,145.5,145.5,141.0,141.0,10112962,1439623246,7851,-3.50,141.0
2021-12-10,138.5,142.5,137.0,140.0,10777790,1508577484,8029,-1.00,140.0
2021-12-13,140.0,140.5,137.0,138.0,7061158,978770026,5625,-2.00,138.0
2021-12-14,138.0,143.0,138.0,142.0,16883036,2387942347,11499,+4.00,142.0
2021-12-15,141.0,144.0,138.0,143.0,13336900,1885830371,10332,+1.00,143.0
2021-12-16,145.5,149.0,143.5,147.0,18928600,2779053490,14566,+4.00,147.0
2021-12-17,145.5,146.0,142.5,144.5,8270805,1191487269,6369,-2.50,144.5
2021-12-20,143.5,146.5,138.5,139.0,8936040,1262968898,6829,-5.50,139.0
2021-12-21,141.0,142.0,139.5,139.5,5289039,742339303,4226,+0.50,139.5
2021-12-22,144.0,153.0,144.0,145.5,44230897,6599826034,26642,+6.00,145.5
2021-12-23,149.0,151.0,143.5,145.0,25567782,3776520359,19628,-0.50,145.0
2021-12-24,146.5,147.0,143.0,143.0,8236005,1190284569,6019,-2.00,143.0
2021-12-27,144.5,144.5,142.0,142.5,4995265,715299511,4141,-0.50,142.5
2021-12-28,143.0,144.0,140.5,143.5,6786553,968999089,5165,+1.00,143.5
2021-12-29,143.0,146.0,141.5,142.0,7321198,1052828899,5304,-1.50,142.0
2021-12-30,142.5,143.5,140.0,141.0,6098636,860907989,4681,-1.00,141.0
2022-01-03,141.0,143.0,139.5,141.0,3772756,531767658,2989, 0.00,141.0
2022-01-04,142.5,147.5,141.5,143.5,12784133,1847073437,9318,+2.50,143.5
2022-01-05,143.0,143.5,139.5,139.5,6053566,851163567,4528,-4.00,139.5
2022-01-06,137.5,140.0,135.0,138.0,6244472,858674914,4771,-1.50,138.0
2022-01-07,138.0,139.5,130.5,131.0,11060013,1468318156,8954,-7.00,131.0
2022-01-10,128.5,137.0,127.0,137.0,9810724,1308519269,6696,+6.00,137.0
2022-01-11,136.0,136.5,130.0,130.5,11100330,1476406157,9074,-6.50,130.5
2022-01-12,131.5,133.0,125.5,126.5,12162754,1550279846,9494,-4.00,126.5
2022-01-13,126.5,128.5,123.0,126.0,9981793,1257066086,6889,-0.50,126.0
2022-01-14,126.5,126.5,120.5,124.0,8657330,1064984601,6316,-2.00,124.0
2022-01-17,126.0,133.0,122.5,131.0,18619650,2398773227,12881,+7.00,131.0
2022-01-18,129.5,143.5,129.0,139.0,37185538,5133028852,25219,+8.00,139.0
2022-01-19,136.0,142.5,135.5,140.5,33028340,4628727164,23641,+1.50,140.5
2022-01-20,139.0,143.0,138.5,142.0,15587077,2194315669,10024,+1.50,142.0
2022-01-21,140.5,142.5,135.0,135.0,15975254,2219400525,10371,-7.00,135.0
2022-01-24,133.0,138.5,132.0,138.5,11594409,1572278427,7835,+3.50,138.5
2022-01-25,136.5,143.5,136.0,140.5,24621435,3472002733,16439,+2.00,140.5
2022-01-26,140.5,143.5,139.5,143.0,20549856,2920413612,13105,+2.50,143.0
2022-02-07,148.5,151.0,143.0,144.0,22600187,3307310490,17785,+1.00,144.0
2022-02-08,144.5,147.0,143.5,145.0,10570043,1529361869,8221,+1.00,145.0
2022-02-09,146.5,150.0,143.0,143.0,22683825,3314139918,14330,-2.00,143.0
2022-02-10,146.0,153.5,145.0,147.5,52323381,7813554001,38395,+4.50,147.5
2022-02-11,147.0,152.0,145.5,152.0,30403664,4556976021,18974,+4.50,152.0
2022-02-14,149.5,151.0,143.0,143.5,27580617,4027815440,17953,-8.50,143.5
2022-02-15,146.0,150.0,144.0,145.5,18731995,2754549345,17270,+2.00,145.5
2022-02-16,150.5,153.5,147.0,147.5,27177912,4077254598,23111,+2.00,147.5
2022-02-17,148.0,149.0,141.5,143.0,16197007,2342390068,16178,-4.50,143.0
2022-02-18,139.0,144.5,138.5,144.5,11394804,1621464169,7745,+1.50,144.5
2022-02-21,142.0,144.5,141.0,142.0,6159367,876082210,4670,-2.50,142.0
2022-02-22,140.5,142.0,135.0,136.5,9066505,1251243469,10275,-5.50,136.5
2022-02-23,138.0,141.0,137.5,140.0,5048311,704762050,3666,+3.50,140.0
2022-02-24,138.0,139.0,133.5,133.5,8413541,1144153516,7085,-6.50,133.5
2022-02-25,137.0,139.5,135.0,136.5,6689690,917471204,5512,+3.00,136.5
2022-03-01,139.0,141.5,138.0,139.5,5457112,762927143,3817,+3.00,139.5
2022-03-02,138.5,143.5,138.5,143.0,7961820,1127653445,5774,+3.50,143.0
2022-03-03,145.0,147.5,144.0,145.5,11060271,1610654646,10015,+2.50,145.5
2022-03-04,144.0,147.0,143.5,144.5,6406232,929623810,6318,-1.00,144.5
2022-03-07,144.0,144.5,136.0,138.0,6394560,886020892,9311,-6.50,138.0
2022-03-08,138.0,146.0,138.0,140.0,17991402,2547670366,14530,+2.00,140.0
2022-03-09,144.0,146.0,140.5,143.5,17423187,2502696637,15455,+3.50,143.5
2022-03-10,147.5,148.0,142.5,143.0,19999938,2905727179,18055,-0.50,143.0
2022-03-11,143.5,146.0,142.0,143.0,6406660,920192881,7479, 0.00,143.0
2022-03-14,144.0,146.5,143.0,145.0,6850408,990980102,4983,+2.00,145.0
2022-03-15,146.5,147.0,138.5,138.5,17733317,2532702484,12332,-6.50,138.5
2022-03-16,142.0,142.5,135.5,137.0,8665591,1198589193,8096,-1.50,137.0
2022-03-17,141.5,150.0,140.0,148.5,26003147,3768131500,15352,+11.50,148.5
2022-03-18,149.0,155.0,146.5,149.0,44077185,6624762958,29882,+0.50,149.0
2022-03-21,151.5,156.0,151.5,153.5,29537856,4540340767,22265,+4.50,153.5
2022-03-22,153.5,160.0,150.5,160.0,35195607,5516607180,24349,+6.50,160.0
2022-03-23,163.5,175.5,162.5,175.5,81792550,13964359764,52470,+15.50,175.5
2022-03-24,174.0,180.0,173.0,179.0,61946445,10955424226,36628,+3.50,179.0
2022-03-25,182.0,183.5,175.0,179.5,42866430,7683399554,25170,+0.50,179.5
2022-03-28,179.5,192.0,175.0,177.0,43302360,7897533743,27970,-2.50,177.0
2022-03-29,180.5,194.5,180.0,194.5,42488844,8038462960,26005,+17.50,194.5
2022-03-30,199.0,205.0,188.0,190.5,44892286,8882148968,31970,-4.00,190.5
2022-03-31,195.0,198.5,191.0,191.0,28497029,5556068998,24362,+0.50,191.0
2022-04-01,188.5,189.0,178.5,183.0,32967234,6041329296,20635,-8.00,183.0
2022-04-06,182.0,184.5,176.5,180.0,24404139,4407022592,14411,-3.00,180.0
2022-04-07,178.0,179.5,167.5,172.5,44922954,7720502481,26439,-7.50,172.5
2022-04-08,176.0,176.0,168.5,173.0,35181833,6059389226,21589,+0.50,173.0
2022-04-11,169.0,171.0,160.5,160.5,30575859,5042905042,19456,-12.50,160.5
2022-04-12,160.5,163.5,157.5,159.0,30826199,4940841267,17408,-1.50,159.0
2022-04-13,162.5,165.5,161.5,163.5,21961322,3593188019,14013,+4.50,163.5
2022-04-14,165.0,168.5,164.0,167.0,21032568,3501838786,13387,+3.50,167.0
2022-04-15,165.5,165.5,153.0,156.5,30949337,4884945654,20526,-10.50,156.5
2022-04-18,151.0,157.5,150.5,156.0,20053793,3103342445,11510,-0.50,156.0
2022-04-19,159.0,161.5,157.5,158.0,16163757,2572914628,10965,+2.00,158.0
2022-04-20,161.0,161.5,157.0,159.5,13841657,2204395047,7846,+1.50,159.5
2022-04-21,161.0,171.5,161.0,166.5,41497792,6914061524,25274,+7.00,166.5
2022-04-22,162.0,163.5,158.0,159.5,20192670,3244482625,13862,-7.00,159.5
2022-04-25,153.0,155.0,148.5,149.0,15142438,2297010986,11184,-10.50,149.0
2022-04-26,151.0,153.0,143.5,143.5,16339497,2409635981,10635,-5.50,143.5
2022-04-27,135.5,146.5,135.0,145.0,20863651,2950421609,12422,+1.50,145.0
2022-04-28,145.0,149.0,139.0,143.5,21207970,3057548119,14477,-1.50,143.5
2022-04-29,148.0,151.0,145.0,146.0,16451636,2421187206,10597,+2.50,146.0
2022-05-03,145.5,151.5,145.0,151.5,13389325,1998175129,8691,+5.50,151.5
2022-05-04,156.0,163.0,154.0,162.5,38423431,6112749735,24903,+11.00,162.5
2022-05-05,168.5,171.0,166.0,168.0,44421700,7464943679,31294,+5.50,168.0
2022-05-06,161.5,172.0,161.5,171.5,44174409,7438045264,27852,+3.50,171.5
2022-05-09,170.0,170.0,162.0,163.0,25656786,4252669931,17672,-8.50,163.0
2022-05-10,159.0,170.0,159.0,168.0,35462927,5891144109,21855,+5.00,168.0
2022-05-11,167.0,167.5,162.5,163.5,21024117,3462845595,17402,-4.50,163.5
2022-05-12,164.0,169.0,163.0,163.0,28074306,4653514493,18580,-0.50,163.0
2022-05-13,167.0,170.5,165.5,166.5,32369790,5435097869,20720,+3.50,166.5
2022-05-16,170.0,175.5,167.0,167.5,38864720,6640909232,26967,+1.00,167.5
2022-05-17,169.0,171.5,167.0,171.5,20755722,3520370651,14750,+4.00,171.5
2022-05-18,174.5,175.0,171.0,171.5,25336355,4383642032,16476, 0.00,171.5
2022-05-19,167.0,174.0,166.0,173.5,19964360,3409764301,12885,+2.00,173.5
2022-05-20,175.0,179.0,171.0,175.0,30711806,5384279512,22067,+1.50,175.0
2022-05-23,176.5,178.5,171.5,172.0,22763826,3972768376,17255,-3.00,172.0
2022-05-24,172.0,172.5,160.5,160.5,25984342,4300846019,25506,-11.50,160.5
2022-05-25,162.0,164.5,158.0,164.0,19964210,3236616923,13843,+3.50,164.0
2022-05-26,164.0,164.5,160.0,160.5,11735453,1903405224,8332,-3.50,160.5
2022-05-27,164.5,167.0,161.5,162.5,13034663,2139881228,8772,+2.00,162.5
2022-05-30,166.5,171.0,165.5,169.0,16370201,2761760696,11441,+6.50,169.0
2022-05-31,170.5,175.0,170.5,173.5,28634836,4955248294,18651,+4.50,173.5
2022-06-01,175.0,175.0,171.5,171.5,12695864,2201546241,9150,-2.00,171.5
2022-06-02,170.5,174.0,169.5,173.0,9138965,1574346451,7355,+1.50,173.0
2022-06-06,175.0,179.0,173.0,176.5,26933107,4745085148,18627,+3.50,176.5
2022-06-07,177.5,184.5,177.0,182.0,45559577,8248293501,30698,+5.50,182.0
2022-06-08,183.0,184.0,174.5,175.0,32788560,5852995641,33683,-7.00,175.0
2022-06-09,174.0,177.0,172.5,176.5,11845207,2077019669,8473,+1.50,176.5
2022-06-10,173.0,175.0,171.0,172.5,12237122,2113399361,8517,-4.00,172.5
2022-06-13,166.0,169.0,165.5,166.5,7571412,1264521498,6218,-6.00,166.5
2022-06-14,166.5,168.5,162.5,168.0,10559670,1751448255,7432,+1.50,168.0
2022-06-15,168.0,172.5,167.5,170.5,12503571,2132213733,8007,+2.50,170.5
2022-06-16,174.0,177.0,166.0,166.0,20614590,3562554088,17626,-4.50,166.0
2022-06-17,165.0,167.5,160.5,167.5,15883157,2601655418,15516,+1.50,167.5
2022-06-20,167.5,167.5,154.0,154.0,14250102,2275057858,12123,-13.50,154.0
2022-06-21,157.0,158.0,152.5,156.5,11630982,1810145543,8272,+2.50,156.5
2022-06-22,156.0,156.5,142.5,144.0,17345385,2566106894,13090,-12.50,144.0
2022-06-23,146.0,147.5,141.5,144.0,11762567,1699491545,8096, 0.00,144.0
2022-06-24,145.5,146.0,138.0,140.0,15571473,2201171654,11492,-4.00,140.0
2022-06-27,144.0,153.5,142.5,147.5,18398438,2720886457,12163,+7.50,147.5
2022-06-28,144.5,145.5,138.5,140.5,13480494,1905069193,9474,-7.00,140.5
2022-06-29,137.0,143.0,134.5,143.0,14348224,1995228972,9326,+2.50,143.0
2022-06-30,141.0,141.0,135.0,136.0,14711855,2017677124,10557,-7.00,136.0
2022-07-01,132.0,132.0,122.5,122.5,28874114,3641509478,17554,-13.50,122.5
2022-07-04,119.0,123.0,116.0,122.0,32797994,3918895032,17290,-0.50,122.0
2022-07-05,124.0,124.5,113.0,118.0,34341258,4028892211,21555,-4.00,118.0
2022-07-06,116.0,120.5,112.0,112.5,20094783,2326371557,11546,-5.50,112.5
2022-07-07,114.0,118.5,110.5,117.0,17915470,2057929887,11203,+4.50,117.0
2022-07-08,119.5,121.5,114.5,117.0,20351322,2402147763,13828, 0.00,117.0
2022-07-11,118.5,120.5,116.5,117.5,12511960,1476915106,7173,+0.50,117.5
2022-07-12,115.0,115.0,109.5,112.5,18839094,2112799696,10810,-5.00,112.5
2022-07-13,117.0,118.5,110.0,110.0,20935104,2370547229,13094,-2.50,110.0
2022-07-14,107.5,116.0,106.0,114.5,28499860,3198874776,16218,+4.50,114.5
2022-07-15,114.0,117.0,112.5,116.0,18749746,2156290722,10588,+1.50,116.0
2022-07-18,117.0,120.0,115.5,117.0,15479277,1818447237,9367,+1.00,117.0
2022-07-19,115.0,117.0,113.5,114.0,10484816,1205395406,6475,-3.00,114.0
2022-07-20,117.0,119.0,116.5,118.0,13550052,1598951088,8566,+4.00,118.0
2022-07-21,120.5,129.5,120.5,129.5,40502814,5104204217,24045,+11.50,129.5
2022-07-22,131.0,138.0,128.0,130.0,68280091,9058099921,44433,+0.50,130.0
2022-07-25,126.5,129.5,125.5,127.5,14513598,1843688215,9686,-2.50,127.5
2022-07-26,125.0,125.5,119.0,119.5,21462266,2601321154,14332,-8.00,119.5
2022-07-27,118.5,121.5,118.0,120.0,7459660,894880820,5267,+0.50,120.0
2022-07-28,123.5,124.5,118.0,118.0,8568699,1034539705,6178,-2.00,118.0
2022-07-29,120.0,120.5,117.5,119.5,7305340,870019359,4843,+1.50,119.5
2022-08-01,116.0,116.0,112.0,112.5,6265908,715038620,4493,X0.00,112.5
2022-08-02,110.5,111.5,108.0,109.0,7598508,830450495,6012,-3.50,109.0
2022-08-03,109.5,110.0,107.5,108.0,6583492,714210249,4677,-1.00,108.0
2022-08-04,108.0,108.0,102.5,106.5,13707319,1438948244,8604,-1.50,106.5
2022-08-05,109.5,114.0,109.5,114.0,14816090,1655963900,9935,+7.50,114.0
2022-08-08,112.0,116.0,111.5,114.0,12062802,1376151479,7059, 0.00,114.0
2022-08-09,112.5,115.0,112.0,113.5,8225991,934436160,4774,-0.50,113.5
2022-08-10,111.5,113.0,111.0,111.0,4096459,458181741,3121,-2.50,111.0
2022-08-11,114.5,115.0,113.0,113.0,7242395,824670950,4188,+2.00,113.0
2022-08-12,113.0,123.5,113.0,121.5,21639196,2579741389,14709,+8.50,121.5
2022-08-15,123.0,127.0,122.5,124.0,23499586,2929889339,15150,+2.50,124.0
2022-08-16,125.0,127.0,121.5,122.5,12145740,1507090127,9485,-1.50,122.5
2022-08-17,122.5,123.5,119.5,119.5,11118953,1344804851,7178,-3.00,119.5
2022-08-18,117.5,126.0,117.0,124.5,23828926,2915089349,15430,+5.00,124.5
2022-08-19,125.0,129.0,124.0,125.5,26988889,3421777448,17322,+1.00,125.5
2022-08-22,124.0,127.0,123.5,123.5,7672773,956655268,6083,-2.00,123.5
2022-08-23,122.0,122.5,120.0,121.5,8273727,1001846713,5716,-2.00,121.5
2022-08-24,124.0,124.0,121.0,123.0,7829217,957750025,4909,+1.50,123.0
2022-08-25,125.0,130.0,124.5,127.5,21912553,2799745740,14814,+4.50,127.5
2022-08-26,131.0,132.5,126.5,126.5,19181772,2477720518,13044,-1.00,126.5
2022-08-29,119.5,123.0,119.5,123.0,8540150,1038164026,6090,-3.50,123.0
2022-08-30,123.0,124.0,121.5,122.5,6108367,750466477,4245,-0.50,122.5
2022-08-31,122.0,126.0,121.5,125.5,7854808,980874277,5500,+3.00,125.5
2022-09-01,123.5,124.5,121.0,121.0,7306712,895075012,4957,-4.50,121.0
2022-09-02,122.0,124.0,121.0,122.0,4836632,592943089,3527,+1.00,122.0
2022-09-05,123.5,124.5,118.0,118.5,7097015,858305286,4996,-3.50,118.5
2022-09-06,120.5,121.0,110.0,113.0,15280143,1740145965,10398,-5.50,113.0
2022-09-07,111.5,116.0,110.0,115.0,8294700,943136378,5333,+2.00,115.0
2022-09-08,117.5,117.5,114.0,117.5,6840944,793381692,4709,+2.50,117.5
2022-09-12,119.5,121.0,118.0,118.5,4978870,593704714,3502,+1.00,118.5
2022-09-13,122.5,127.5,121.5,122.5,27300870,3398832425,16426,+4.00,122.5
2022-09-14,118.0,124.0,117.0,123.5,9225247,1114579464,8651,+1.00,123.5
2022-09-15,123.5,125.0,120.0,120.0,8064411,985933539,5292,-3.50,120.0
2022-09-16,120.0,122.0,119.0,120.0,6719929,808482180,4793, 0.00,120.0
2022-09-19,120.5,122.5,119.0,120.5,4735002,571634034,3292,+0.50,120.5
2022-09-20,123.5,125.5,121.5,122.5,12685536,1562370061,8495,+2.00,122.5
2022-09-21,122.0,125.0,121.5,124.0,7963883,984166709,5111,+1.50,124.0
2022-09-22,123.5,126.0,122.5,124.0,12097118,1504388990,8962, 0.00,124.0
2022-09-23,124.0,125.0,116.5,117.0,12456260,1493280891,9139,-7.00,117.0
2022-09-26,115.0,116.5,108.0,108.5,11393580,1275316282,7405,-8.50,108.5
2022-09-27,111.0,114.0,108.5,113.5,8276866,913152426,5189,+5.00,113.5
2022-09-28,112.0,113.0,105.0,105.0,9246667,997443664,6150,-8.50,105.0
2022-09-29,108.0,109.0,103.5,104.5,8307494,882740840,5532,-0.50,104.5
2022-09-30,102.0,109.0,101.0,108.0,10730727,1121320799,6356,+3.50,108.0
2022-10-03,106.0,108.5,104.0,107.5,8737354,928823533,5894,-0.50,107.5
2022-10-04,111.5,111.5,108.5,110.0,7185218,789260246,4549,+2.50,110.0
2022-10-05,114.0,117.0,112.0,113.0,14896556,1706097837,9437,+3.00,113.0
2022-10-06,115.5,116.0,112.5,115.5,6935369,793159329,4899,+2.50,115.5
2022-10-07,114.5,114.5,112.0,113.0,3993713,452672294,2811,-2.50,113.0
2022-10-11,109.0,110.0,106.5,107.0,7110432,771208868,4272,-6.00,107.0
2022-10-12,107.0,108.0,102.5,104.0,8078436,845913049,5565,-3.00,104.0
2022-10-13,104.5,105.0,94.1,94.1,12781970,1270558910,8070,-9.90,94.1
2022-10-14,100.0,103.5,98.1,103.5,11549632,1172213291,7392,+9.40,103.5
2022-10-17,99.3,103.0,97.3,103.0,11716220,1171180707,8199,-0.50,103.0
2022-10-18,105.0,105.5,99.7,100.5,11073716,1127607405,7312,-2.50,100.5
2022-10-19,101.5,103.0,99.8,99.8,7106307,719089931,4200,-0.70,99.8
2022-10-20,98.1,99.1,95.5,98.4,9148979,892445284,6654,-1.40,98.4
2022-10-21,97.8,98.5,95.0,95.0,5746198,554843132,4300,-3.40,95.0
2022-10-24,98.5,101.5,97.9,97.9,9472567,944567895,6362,+2.90,97.9
2022-10-25,99.2,99.3,96.2,97.3,7136321,697027026,5693,-0.60,97.3
2022-10-26,97.5,97.5,94.1,95.7,8505027,812603026,6327,-1.60,95.7
2022-10-27,96.2,102.0,96.2,101.5,11468963,1144910616,7647,+5.80,101.5
2022-10-28,100.5,104.0,100.5,102.5,10183849,1044724360,8034,+1.00,102.5
2022-10-31,105.0,106.0,102.0,102.5,9007769,931777188,6749, 0.00,102.5
2022-11-01,102.0,105.0,102.0,104.0,6051343,628013699,3740,+1.50,104.0
2022-11-02,105.0,109.0,104.0,107.0,12294295,1318127264,8641,+3.00,107.0
2022-11-03,105.0,111.5,104.5,110.5,13431067,1469045281,8994,+3.50,110.5
2022-11-04,110.5,112.0,108.0,111.0,10741796,1182936454,7682,+0.50,111.0
2022-11-07,108.0,109.0,104.0,107.5,17312277,1846291155,12527,-3.50,107.5
2022-11-08,109.0,112.0,106.5,107.5,12669683,1388647349,7973, 0.00,107.5
2022-11-09,109.0,111.0,108.0,109.5,8144540,891200677,5289,+2.00,109.5
2022-11-10,108.0,110.5,107.5,110.0,5025479,549186619,3296,+0.50,110.0
2022-11-11,115.5,117.0,109.5,109.5,15697445,1765955538,9034,-0.50,109.5
2022-11-14,109.5,111.5,108.5,111.0,7066969,779551782,4097,+1.50,111.0
2022-11-15,111.0,116.0,110.0,116.0,12426443,1411890069,7895,+5.00,116.0
2022-11-16,119.0,123.5,116.0,123.0,33510959,4017376804,20248,+7.00,123.0
2022-11-17,122.0,123.5,119.0,121.0,17029371,2062731678,11569,-2.00,121.0
2022-11-18,121.0,121.0,115.0,115.5,13178755,1554087904,9273,-5.50,115.5
2022-11-21,116.0,119.5,115.5,118.0,9042591,1069302827,5725,+2.50,118.0
2022-11-22,120.0,123.0,119.5,122.0,19627153,2390792316,13326,+4.00,122.0
2022-11-23,123.0,124.5,121.0,122.5,16939948,2086418884,11982,+0.50,122.5
2022-11-24,125.0,129.0,123.0,123.5,28673083,3607441855,19032,+1.00,123.5
2022-11-25,124.0,124.5,120.0,120.0,9880234,1201140735,7472,-3.50,120.0
2022-11-28,118.5,122.0,118.0,122.0,6658596,802403920,4425,+2.00,122.0
2022-11-29,121.0,123.5,119.0,120.5,9946525,1204860075,6939,-1.50,120.5
2022-11-30,120.5,121.5,120.0,121.0,3274052,395246671,2487,+0.50,121.0
2022-12-01,124.0,125.5,123.0,123.5,11316662,1405240240,7388,+2.50,123.5
2022-12-02,124.5,125.5,123.5,124.5,5772907,718537807,4675,+1.00,124.5
2022-12-05,125.5,128.5,125.0,127.0,11359037,1439742314,7945,+2.50,127.0
2022-12-06,127.5,128.5,123.0,124.0,8350169,1047737894,6310,-3.00,124.0
2022-12-07,123.5,123.5,118.0,118.5,7555568,909929936,6019,-5.50,118.5
2022-12-08,119.5,124.5,119.5,124.0,11282897,1388919596,7425,+5.50,124.0
2022-12-09,125.5,127.5,121.0,121.5,11801691,1465296957,8549,-2.50,121.5
2022-12-12,121.0,123.0,120.5,122.0,3184072,387201567,2472,+0.50,122.0
2022-12-13,123.5,124.0,119.5,120.0,4174694,506326100,3561,-2.00,120.0
2022-12-14,122.0,125.5,121.0,125.0,7428340,919642007,5175,+5.00,125.0
2022-12-15,124.0,125.5,122.5,123.5,5860064,725019480,4832,-1.50,123.5
2022-12-16,120.5,121.5,119.0,121.0,5075990,611226245,3771,-2.50,121.0
2022-12-19,119.5,121.5,119.0,120.0,2297967,275931382,1709,-1.00,120.0
2022-12-20,121.0,125.5,118.0,118.5,17096404,2093271978,11077,-1.50,118.5
2022-12-21,121.0,122.5,118.0,120.0,5911504,709256420,4627,+1.50,120.0
2022-12-22,122.5,123.0,119.0,119.5,4330213,521380985,3059,-0.50,119.5
2022-12-23,118.5,118.5,115.5,117.0,4501790,525074047,3895,-2.50,117.0
2022-12-26,117.5,118.5,116.0,116.0,3125425,365314953,1940,-1.00,116.0
2022-12-27,117.0,119.0,117.0,118.0,2199899,259697986,1654,+2.00,118.0
2022-12-28,117.0,117.0,114.0,114.0,3262725,376375854,2630,-4.00,114.0
2022-12-29,113.5,116.5,111.5,116.5,3211062,366660980,2288,+2.50,116.5
2022-12-30,118.0,118.5,115.0,115.0,2933917,341292928,2510,-1.50,115.0
2023-01-03,115.0,118.0,115.0,118.0,2872989,336350104,1986,+3.00,118.0
2023-01-04,117.0,118.5,116.5,117.5,2248870,264166811,1630,-0.50,117.5
2023-01-05,118.5,119.0,115.0,115.5,3357433,391575746,2714,-2.00,115.5
2023-01-06,115.0,118.0,115.0,118.0,2569299,300307807,1870,+2.50,118.0
2023-01-09,120.0,123.5,118.5,123.5,9338811,1136190772,6863,+5.50,123.5
2023-01-10,124.0,125.0,122.5,123.5,6677110,826182074,4775, 0.00,123.5
2023-01-11,123.5,126.0,122.0,125.5,8445235,1052573648,5862,+2.00,125.5
2023-01-12,126.5,127.5,125.0,125.5,8125387,1026580864,6144, 0.00,125.5
2023-01-13,127.5,127.5,123.5,124.0,5252545,659131057,3647,-1.50,124.0
2023-01-16,125.0,126.5,123.5,125.5,4160535,521427888,2785,+1.50,125.5
2023-01-17,125.5,126.5,124.0,126.0,2849101,357751167,2479,+0.50,126.0
2023-01-30,130.0,131.0,128.0,130.5,10220278,1327949196,7580,+4.50,130.5
2023-01-31,129.0,131.0,128.5,129.5,5464140,709216395,4782,-1.00,129.5
2023-02-01,131.5,142.0,130.0,142.0,25602327,3536851697,17014,+12.50,142.0
2023-02-02,143.0,149.5,143.0,147.0,37126268,5472887323,27645,+5.00,147.0
2023-02-03,147.0,151.5,145.0,151.5,17318462,2581767423,11823,+4.50,151.5
2023-02-06,150.0,151.5,146.0,148.5,11961908,1773300290,8832,-3.00,148.5
2023-02-07,146.5,149.0,145.5,148.5,10535476,1549791553,7771, 0.00,148.5
2023-02-08,148.5,156.0,148.0,154.0,18800697,2877897692,12725,+5.50,154.0
2023-02-09,153.0,155.0,150.0,150.5,9161074,1394297995,8138,-3.50,150.5
2023-02-10,150.5,152.5,147.0,147.5,8623040,1286304651,5875,-3.00,147.5
2023-02-13,148.0,150.0,146.5,147.5,6417367,949872841,4030, 0.00,147.5
2023-02-14,149.0,150.0,145.5,145.5,5970764,880753099,4696,-2.00,145.5
2023-02-15,144.5,149.5,144.0,145.0,10366491,1516961140,7125,-0.50,145.0
2023-02-16,146.5,149.0,145.0,149.0,5623138,827383281,4124,+4.00,149.0
2023-02-17,146.0,146.5,142.0,144.5,11939804,1715607780,9741,-4.50,144.5
2023-02-20,145.5,147.5,143.0,143.5,13149961,1897083147,8348,-1.00,143.5
2023-02-21,144.5,146.5,143.0,145.5,9398227,1359034340,6600,+2.00,145.5
2023-02-22,144.0,144.5,139.0,142.5,9945324,1410762359,7469,-3.00,142.5
2023-02-23,143.0,150.0,142.5,149.5,14058710,2075144615,11214,+7.00,149.5
2023-02-24,152.0,153.5,147.5,147.5,12571000,1885309490,9733,-2.00,147.5
2023-03-01,146.0,150.5,146.0,149.5,5602278,833487008,4372,+2.00,149.5
2023-03-02,149.5,150.5,147.0,148.0,5373888,795459162,4276,-1.50,148.0
2023-03-03,149.5,152.0,148.5,150.5,9096703,1369947741,6811,+2.50,150.5
2023-03-06,153.0,158.5,150.5,151.5,19791435,3049872181,14380,+1.00,151.5
2023-03-07,149.5,150.0,147.0,148.5,8451283,1253425839,6690,-3.00,148.5
2023-03-08,147.5,150.0,146.0,150.0,4611980,684538225,3412,+1.50,150.0
2023-03-09,151.0,152.0,148.0,148.5,4631093,692163080,3482,-1.50,148.5
2023-03-10,146.0,147.0,144.0,145.0,5355053,779160316,4390,-3.50,145.0
2023-03-13,143.5,146.0,141.5,145.5,4138751,594570886,3338,+0.50,145.5
2023-03-14,143.5,147.5,143.0,147.0,3489490,510184476,2838,+1.50,147.0
2023-03-15,148.5,151.0,147.0,147.0,5371336,800072966,4125, 0.00,147.0
2023-03-16,146.5,149.0,143.5,144.5,4170996,607049791,3352,-2.50,144.5
2023-03-17,147.0,148.5,145.5,148.0,4850109,715051528,3482,+3.50,148.0
2023-03-20,149.0,149.0,145.5,148.0,7164252,1057235859,4853, 0.00,148.0
2023-03-21,150.0,150.0,147.0,147.0,3149063,466810785,2319,-1.00,147.0
2023-03-22,148.5,151.0,148.0,150.0,5317639,795596802,4185,+3.00,150.0
2023-03-23,150.5,162.5,150.5,159.5,27657200,4365036326,21640,+9.50,159.5
2023-03-24,160.0,160.5,155.0,155.5,10202400,1606964430,9268,-4.00,155.5
2023-03-27,156.5,157.5,151.0,151.5,6342462,970556340,5567,-4.00,151.5
2023-03-28,150.0,150.5,145.5,146.0,9324225,1373619139,7442,-5.50,146.0
2023-03-29,146.0,146.5,141.5,143.0,8788777,1260616561,7218,-3.00,143.0
2023-03-30,145.0,149.0,144.5,148.5,7348858,1082961653,5764,+5.50,148.5
2023-03-31,148.5,152.5,148.5,149.5,6894587,1034661542,5463,+1.00,149.5
2023-04-06,148.5,148.5,145.5,148.0,2733094,401365896,2384,-1.50,148.0
2023-04-07,149.0,149.5,147.0,147.5,2483822,367971317,1988,-0.50,147.5
2023-04-10,149.0,150.5,148.0,149.0,4482519,669266423,2939,+1.50,149.0
2023-04-11,150.0,151.5,148.5,150.0,3742814,562141813,2786,+1.00,150.0
2023-04-12,151.0,152.0,149.5,150.0,2780374,418602755,2230, 0.00,150.0
2023-04-13,150.0,150.5,146.0,147.0,3816200,563902739,3203,-3.00,147.0
2023-04-14,147.5,149.5,147.5,148.5,2013573,298895827,1625,+1.50,148.5
2023-04-17,149.0,151.0,148.0,149.0,2574988,385039672,1985,+0.50,149.0
2023-04-18,150.5,151.5,147.0,147.0,4302919,643038132,3388,-2.00,147.0
2023-04-19,148.5,149.0,143.0,143.5,5387284,780431823,4817,-3.50,143.5
2023-04-20,143.0,144.0,140.5,142.5,2830907,403044148,2575,-1.00,142.5
2023-04-21,142.0,143.0,138.0,139.0,5006131,700009975,4405,-3.50,139.0
2023-04-24,138.0,140.0,137.0,139.0,2704607,374025534,2488, 0.00,139.0
2023-04-25,137.5,137.5,128.0,130.0,11328973,1491350865,9307,-9.00,130.0
2023-04-26,128.0,130.5,125.0,130.5,9795445,1251295152,6652,+0.50,130.5
2023-04-27,128.0,131.5,126.5,129.5,3166719,409375636,2678,-1.00,129.5
2023-04-28,131.5,133.0,130.0,133.0,4476106,588487929,3684,+3.50,133.0
2023-05-02,132.0,133.0,130.0,131.0,5249078,688894238,4378,-2.00,131.0
2023-05-03,129.5,133.5,128.5,133.5,3924815,515593628,3131,+2.50,133.5
2023-05-04,132.5,135.0,130.0,131.5,6636080,873286851,5550,-2.00,131.5
2023-05-05,131.0,134.5,131.0,133.5,4240244,565219251,3385,+2.00,133.5
2023-05-08,135.0,138.0,133.0,133.5,6389809,861627940,4875, 0.00,133.5
2023-05-09,131.0,132.0,126.0,126.5,11588267,1481061460,9312,-7.00,126.5
2023-05-10,125.0,129.5,125.0,129.5,4937972,628255911,3561,+3.00,129.5
2023-05-11,128.0,128.0,122.5,124.0,7200954,900926525,5881,-5.50,124.0
2023-05-12,122.5,125.5,122.5,125.5,6907301,857121166,4720,+1.50,125.5
2023-05-15,124.0,124.5,122.0,122.5,3856760,474148942,2534,-3.00,122.5
2023-05-16,123.5,125.0,121.0,121.5,7398210,904748225,5200,-1.00,121.5
2023-05-17,122.5,124.0,122.0,123.0,3903090,480122330,2786,+1.50,123.0
2023-05-18,125.0,128.0,123.0,125.5,8357182,1049235963,5378,+2.50,125.5
2023-05-19,129.0,130.0,125.5,126.0,7128362,905969399,5052,+0.50,126.0
2023-05-22,126.5,127.5,125.0,127.0,2851892,360674815,2224,+1.00,127.0
2023-05-23,127.0,128.5,126.0,127.5,2978091,380384952,2261,+0.50,127.5
2023-05-24,126.5,126.5,124.0,124.5,4709232,587779588,3807,-3.00,124.5
2023-05-25,125.5,127.0,124.5,125.5,4658146,585005345,2882,+1.00,125.5
2023-05-26,126.0,127.0,125.5,125.5,3523840,443461442,2653, 0.00,125.5
2023-05-29,127.5,131.0,127.0,130.5,7361946,955581968,5732,+5.00,130.5
2023-05-30,131.0,131.5,126.0,129.0,6663885,856245642,5130,-1.50,129.0
2023-05-31,129.0,130.0,127.5,129.0,2861988,368783571,2230, 0.00,129.0
2023-06-01,128.5,129.0,126.5,127.0,3782183,481833641,2942,-2.00,127.0
2023-06-02,128.0,128.5,126.0,127.0,4047289,513901972,3298, 0.00,127.0
2023-06-05,127.5,130.5,127.0,130.0,5944702,768252695,4527,+3.00,130.0
2023-06-06,130.5,130.5,127.0,127.0,2893674,370152592,2437,-3.00,127.0
2023-06-07,128.0,129.0,127.5,129.0,1780923,228733786,1442,+2.00,129.0
2023-06-08,128.0,128.5,126.0,126.0,2603722,330702364,2267,-3.00,126.0
2023-06-09,127.0,128.5,127.0,128.0,1888924,241523265,1565,+2.00,128.0
2023-06-12,129.0,131.0,128.0,130.5,4828808,626830846,3634,+2.50,130.5
2023-06-13,132.5,136.0,131.5,135.0,11129192,1496661999,8630,+4.50,135.0
2023-06-14,135.0,135.0,130.5,130.5,7531195,991744253,5927,-4.50,130.5
2023-06-15,131.0,135.0,130.5,134.0,7573656,1011172236,5293,+3.50,134.0
2023-06-16,134.5,135.0,131.0,131.5,4531251,598430897,3402,-2.50,131.5
2023-06-19,134.5,134.5,130.5,130.5,3378472,446214170,2580,-1.00,130.5
2023-06-20,131.5,132.0,129.0,129.5,2376009,308965434,2104,-1.00,129.5
2023-06-21,129.0,129.0,127.0,128.0,3360503,429786085,2904,-1.50,128.0
2023-06-26,128.0,131.5,125.5,131.0,4482720,581130214,3179,+3.00,131.0
2023-06-27,130.5,132.0,128.0,128.0,3949746,513703533,3096,-3.00,128.0
2023-06-28,130.0,130.5,127.0,127.0,2429353,311069763,2027,-1.00,127.0
2023-06-29,128.0,130.0,127.0,128.0,1575833,202344532,1355,+1.00,128.0
2023-06-30,128.0,129.0,127.0,128.5,1049766,134471237,975,+0.50,128.5
2023-07-03,129.5,130.0,128.0,129.0,2343441,302182219,1850,+0.50,129.0
2023-07-04,131.0,135.5,130.5,135.5,9739613,1300578334,7684,+6.50,135.5
2023-07-05,137.0,141.5,134.0,136.0,16006662,2206007431,12562,+0.50,136.0
2023-07-06,136.0,138.5,133.5,134.0,8325035,1129927845,7635,-2.00,134.0
2023-07-07,133.0,133.0,130.0,131.0,5268947,690090718,4471,-3.00,131.0
2023-07-10,132.0,132.0,130.0,131.0,2623170,343636809,2009, 0.00,131.0
2023-07-11,132.5,135.0,132.0,133.5,3460794,461908755,2901,+2.50,133.5
2023-07-12,134.5,135.0,131.5,131.5,2899062,384436522,2518,-2.00,131.5
2023-07-13,133.5,135.0,132.0,133.0,5177535,691512039,3654,+1.50,133.0
2023-07-14,136.0,138.0,135.0,137.0,7254529,991701617,5404,+4.00,137.0
2023-07-17,138.5,139.0,136.0,138.0,5653443,777056061,5109,+1.00,138.0
2023-07-18,140.0,142.5,136.5,141.0,13087934,1829434540,9498,+3.00,141.0
2023-07-19,143.0,144.5,141.0,141.5,12931235,1849305268,9680,+0.50,141.5
2023-07-20,143.0,147.5,141.0,142.0,14610514,2102657971,11268,+0.50,142.0
2023-07-21,139.0,141.5,137.5,140.0,8690952,1214125083,5799,-2.00,140.0
2023-07-24,142.5,142.5,139.0,140.0,7074233,991246354,4825, 0.00,140.0
2023-07-25,142.0,142.5,139.0,139.0,5192679,727842230,3842,-1.00,139.0
2023-07-26,140.0,140.5,136.5,136.5,5096217,703288144,4117,-2.50,136.5
2023-07-27,138.0,140.0,137.0,139.5,4556079,633050923,3368,+3.00,139.5
2023-07-28,141.0,143.0,140.5,142.0,8862204,1255017654,6620,+2.50,142.0
2023-07-31,138.5,140.0,137.0,140.0,14991250,2078882660,10163,X0.00,140.0
2023-08-01,140.5,142.0,132.5,133.0,14177929,1945796880,11758,-7.00,133.0
2023-08-02,133.0,133.0,125.5,126.5,9994246,1284329077,8854,-6.50,126.5
2023-08-04,125.0,127.0,124.0,126.5,4605412,578536262,3493, 0.00,126.5
2023-08-07,127.5,130.0,125.5,129.0,3252347,416142180,2617,+2.50,129.0
2023-08-08,129.5,131.5,128.0,130.0,4049679,524802767,3262,+1.00,130.0
2023-08-09,129.0,129.5,127.0,127.5,2915709,372713303,2467,-2.50,127.5
2023-08-10,126.5,126.5,123.0,124.5,4241069,528266116,3233,-3.00,124.5
2023-08-11,125.5,126.0,124.0,124.0,1726704,215286990,1436,-0.50,124.0
2023-08-14,123.0,125.5,120.5,125.5,3150619,386110878,2545,+1.50,125.5
2023-08-15,126.5,127.0,124.5,125.0,2506163,314387822,1922,-0.50,125.0
2023-08-16,123.0,126.0,123.0,125.5,1780221,222285648,1441,+0.50,125.5
2023-08-17,123.0,128.5,123.0,127.0,2915102,367565464,2125,+1.50,127.0
2023-08-18,126.5,127.5,124.5,125.0,1928565,242262412,1632,-2.00,125.0
2023-08-21,125.5,126.5,121.5,121.5,3345245,411456300,2773,-3.50,121.5
2023-08-22,123.0,123.0,120.0,120.0,3221373,388735340,2898,-1.50,120.0
2023-08-23,120.0,122.0,117.0,121.5,4048699,482262497,3564,+1.50,121.5
2023-08-24,122.5,122.5,119.0,120.5,2981021,360024683,2454,-1.00,120.5
2023-08-25,118.5,121.0,118.5,120.5,2218734,265787231,1715, 0.00,120.5
2023-08-28,120.0,121.0,119.0,120.0,1817368,218292260,1337,-0.50,120.0
2023-08-29,121.0,121.0,117.5,120.0,3263843,388103705,2869, 0.00,120.0
2023-08-30,121.0,123.5,121.0,123.0,2418548,296053507,2035,+3.00,123.0
2023-08-31,123.5,124.5,122.0,123.5,1900472,234160782,1468,+0.50,123.5
2023-09-01,123.5,124.5,122.5,123.5,1791524,221091255,1564, 0.00,123.5
2023-09-04,123.5,123.5,121.5,123.5,1628832,199877629,1259, 0.00,123.5
2023-09-05,124.0,129.0,124.0,128.5,4664393,592619460,3910,+5.00,128.5
2023-09-06,129.5,130.0,127.0,129.0,3692667,475802291,2910,+0.50,129.0
2023-09-07,128.5,130.0,127.5,127.5,2605041,334905090,2222,-1.50,127.5
2023-09-08,127.5,129.0,126.5,127.0,1632748,208505931,1458,-0.50,127.0
2023-09-11,128.5,129.0,126.0,126.5,3076194,392340489,1979,-0.50,126.5
2023-09-12,128.5,129.5,127.0,128.5,2735374,351883856,2413,+2.00,128.5
2023-09-13,131.5,134.5,129.5,130.0,9711199,1277877364,7335,+1.50,130.0
2023-09-14,132.0,133.0,131.0,132.0,4494849,593321292,4066,+2.00,132.0
2023-09-15,133.5,134.0,132.0,132.5,3184055,422323884,2768,+0.50,132.5
2023-09-18,132.5,134.5,131.0,134.0,3407176,455014429,3062,+1.50,134.0
2023-09-19,135.5,137.0,132.5,132.5,7007429,941687788,5235,-1.50,132.5
2023-09-20,133.0,133.0,129.5,130.5,3123799,408714733,2585,-2.00,130.5
2023-09-21,130.0,131.0,127.0,127.5,2746119,352700900,2300,-3.00,127.5
2023-09-22,126.5,128.0,125.0,128.0,3294739,415868946,2588,+0.50,128.0
2023-09-25,128.0,129.5,126.0,126.5,2956335,376674214,1854,-1.50,126.5
2023-09-26,127.0,127.0,125.0,125.5,1522822,191171698,1339,-1.00,125.5
2023-09-27,124.5,125.0,123.0,124.5,1380240,171123755,1342,-1.00,124.5
2023-09-28,125.5,126.0,123.5,125.0,1310328,163550301,989,+0.50,125.0
2023-10-02,127.0,127.0,125.0,126.0,1566221,197182279,1127,+1.00,126.0
2023-10-03,125.5,127.0,125.0,125.0,880314,110501397,748,-1.00,125.0
2023-10-04,123.0,125.0,123.0,125.0,1134034,140571151,895, 0.00,125.0
2023-10-05,125.0,126.5,124.5,126.5,1898203,237934331,1410,+1.50,126.5
2023-10-06,126.5,129.0,125.0,128.0,2591834,330433241,2226,+1.50,128.0
2023-10-11,129.0,129.0,126.0,126.0,2371836,301662289,1689,-2.00,126.0
2023-10-12,126.0,128.5,124.5,128.5,2131682,270636755,1569,+2.50,128.5
2023-10-13,127.5,131.5,126.5,131.0,4272126,555022510,3119,+2.50,131.0
2023-10-16,131.0,132.5,129.5,130.5,4365918,571517943,2926,-0.50,130.5
2023-10-17,132.0,132.5,130.0,130.0,2298921,300878040,1551,-0.50,130.0
2023-10-18,130.5,134.5,130.0,130.0,6283955,827426657,4201, 0.00,130.0
2023-10-19,130.0,132.5,129.0,132.5,3167479,416265279,2494,+2.50,132.5
2023-10-20,131.5,132.5,130.5,132.5,2413970,318124649,2105, 0.00,132.5
2023-10-23,132.0,133.5,127.5,128.0,3128499,406101372,2580,-4.50,128.0
2023-10-24,128.5,130.0,127.5,130.0,1700555,218980483,1464,+2.00,130.0
2023-10-25,131.5,131.5,129.0,129.0,1775554,231061615,1302,-1.00,129.0
2023-10-26,127.5,128.5,126.0,127.0,1939925,246775003,1748,-2.00,127.0
2023-10-27,127.5,127.5,125.0,125.5,1612639,203059820,1381,-1.50,125.5
2023-10-30,126.0,128.5,125.5,128.0,1178210,150148626,885,+2.50,128.0
2023-10-31,128.5,130.5,126.0,127.0,2221007,284986554,1648,-1.00,127.0
2023-11-01,128.0,130.0,127.0,128.5,1816991,233392827,1410,+1.50,128.5
2023-11-02,130.0,131.5,128.5,131.0,2728533,355325979,2050,+2.50,131.0
2023-11-03,132.0,132.0,125.5,127.5,5075505,648871260,4372,-3.50,127.5
2023-11-06,127.5,130.5,127.5,128.5,2263735,291112610,1790,+1.00,128.5
2023-11-07,128.5,130.5,128.0,130.5,2020990,262101577,1673,+2.00,130.5
2023-11-08,130.0,131.5,129.5,131.0,2003107,261756773,1643,+0.50,131.0
2023-11-09,131.0,131.0,129.0,129.5,1414062,183435281,1056,-1.50,129.5
2023-11-10,129.0,131.5,128.0,131.0,2011044,262403136,1565,+1.50,131.0
2023-11-13,132.0,133.0,131.0,132.5,3055050,403655070,2299,+1.50,132.5
2023-11-14,133.0,133.0,132.0,133.0,1706073,226126668,1618,+0.50,133.0
2023-11-15,134.5,141.0,132.5,138.0,18008469,2481637203,12446,+5.00,138.0
2023-11-16,138.0,140.0,136.5,136.5,4868501,669675938,4204,-1.50,136.5
2023-11-17,137.0,140.0,136.0,138.5,4146565,573868542,3064,+2.00,138.5
2023-11-20,138.5,140.5,137.5,138.5,2883609,400628346,2427, 0.00,138.5
2023-11-21,140.0,140.0,137.5,138.0,2899232,400739450,2207,-0.50,138.0
2023-11-22,138.0,142.0,137.0,140.5,7309037,1025011780,4934,+2.50,140.5
2023-11-23,141.5,143.0,139.5,139.5,5910519,833678580,3860,-1.00,139.5
2023-11-24,140.5,143.0,139.0,139.0,4967363,698530692,3442,-0.50,139.0
2023-11-27,141.0,145.0,140.5,141.5,10428986,1494704727,7347,+2.50,141.5
2023-11-28,144.0,144.5,141.0,144.0,7421760,1062061450,5039,+2.50,144.0
2023-11-29,150.5,151.5,146.0,149.5,16976132,2527916513,12038,+5.50,149.5
2023-11-30,150.5,152.0,147.0,148.5,8213344,1226598192,7107,-1.00,148.5
2023-12-01,149.0,151.0,148.0,149.5,4486149,671458075,3804,+1.00,149.5
2023-12-04,151.0,152.0,149.0,149.5,4117036,617443604,3094, 0.00,149.5
2023-12-05,148.5,148.5,145.0,146.0,4602713,673438025,3878,-3.50,146.0
2023-12-06,148.5,148.5,144.0,145.5,2703228,393988870,3172,-0.50,145.5
2023-12-07,145.5,146.0,141.5,142.0,4876193,696532292,4285,-3.50,142.0
2023-12-08,143.5,145.5,142.0,143.0,2941253,423022124,3251,+1.00,143.0
2023-12-11,145.0,145.5,143.0,145.5,1750237,253063916,1498,+2.50,145.5
2023-12-12,146.0,146.0,144.0,145.0,1663705,241293465,1188,-0.50,145.0
2023-12-13,146.0,146.0,143.0,143.5,2636443,379367284,2175,-1.50,143.5
2023-12-14,145.0,148.5,145.0,148.5,5960566,878431074,4677,+5.00,148.5
2023-12-15,148.5,149.0,141.0,141.0,6073978,871652574,5382,-7.50,141.0
2023-12-18,141.0,141.5,137.0,137.5,4765208,658974754,3863,-3.50,137.5
2023-12-19,138.0,140.0,137.5,139.0,2928235,406607628,2091,+1.50,139.0
2023-12-20,139.0,139.5,137.5,137.5,2284483,315845210,1748,-1.50,137.5
2023-12-21,137.5,139.0,136.0,137.5,2458602,338046669,1779, 0.00,137.5
2023-12-22,138.5,140.0,138.0,139.5,1929918,268441786,1249,+2.00,139.5
2023-12-25,139.5,140.0,138.0,140.0,913346,127340785,842,+0.50,140.0
2023-12-26,140.5,141.0,138.5,140.0,1505294,209643755,1292, 0.00,140.0
2023-12-27,140.5,140.5,139.0,139.5,1331077,185655290,1081,-0.50,139.5
2023-12-28,141.0,144.5,141.0,142.0,4542541,648711905,4161,+2.50,142.0
2023-12-29,141.0,142.5,139.5,142.0,1645703,232489010,1644, 0.00,142.0
2024-01-02,142.0,143.5,140.5,141.5,2066935,293074092,1718,-0.50,141.5
2024-01-03,140.5,143.0,138.0,142.0,2975232,420320308,2375,+0.50,142.0
2024-01-04,142.5,143.0,140.0,141.0,3309372,466680275,2415,-1.00,141.0
2024-01-05,141.5,143.0,139.0,139.5,3266428,457855285,2593,-1.50,139.5
2024-01-08,140.0,140.5,138.0,138.0,1670433,232533812,1435,-1.50,138.0
2024-01-09,140.0,140.0,133.0,135.0,4898471,661315956,4651,-3.00,135.0
2024-01-10,135.5,135.5,134.0,134.5,1114636,150232634,982,-0.50,134.5
2024-01-11,135.0,137.0,135.0,136.0,1336186,181807982,1179,+1.50,136.0
2024-01-12,135.5,136.5,133.5,134.5,1559151,210111863,1473,-1.50,134.5
2024-01-15,136.0,136.5,134.0,135.0,1332162,179982210,1120,+0.50,135.0
2024-01-16,135.0,135.5,133.0,135.5,1572643,211753519,1419,+0.50,135.5
2024-01-17,135.0,135.0,130.0,130.0,3165626,416154858,3199,-5.50,130.0
2024-01-18,130.0,131.5,128.0,130.0,1809846,235420393,1552, 0.00,130.0
2024-01-19,131.5,133.0,131.5,132.5,1652929,218883229,1424,+2.50,132.5
2024-01-22,134.0,135.0,133.0,133.5,1154176,154642847,1088,+1.00,133.5
2024-01-23,134.5,134.5,132.5,133.0,735512,97847469,844,-0.50,133.0
2024-01-24,133.5,133.5,130.5,131.0,1592172,209416144,1608,-2.00,131.0
2024-01-25,132.0,132.0,130.5,131.0,837660,109850567,911, 0.00,131.0
2024-01-26,131.0,131.0,129.5,129.5,777722,101081382,845,-1.50,129.5
2024-01-29,131.0,131.0,129.0,130.5,965989,125535981,900,+1.00,130.5
2024-01-30,130.5,131.0,129.0,129.0,729158,94386508,900,-1.50,129.0
2024-01-31,129.0,129.5,128.5,128.5,927347,119552107,810,-0.50,128.5
2024-02-01,129.0,129.5,127.5,129.0,1571550,202072997,1262,+0.50,129.0
2024-02-02,129.0,130.0,128.5,129.0,1325208,170977367,1115, 0.00,129.0
2024-02-05,130.0,130.0,127.0,127.0,1728566,220378266,1634,-2.00,127.0
2024-02-15,128.0,129.5,125.5,128.5,2377053,303438312,2233,+1.50,128.5
2024-02-16,129.0,130.0,127.5,128.5,1364774,175305053,1374, 0.00,128.5
2024-02-19,129.5,133.0,129.0,132.5,3595207,474744253,3096,+4.00,132.5
2024-02-20,132.5,133.0,130.5,131.5,1811127,238463949,1732,-1.00,131.5
2024-02-21,131.5,132.0,130.5,131.0,1067627,139928183,1005,-0.50,131.0
2024-02-22,131.5,133.0,130.5,131.0,1180995,155077614,1091, 0.00,131.0
2024-02-23,132.0,133.5,131.0,131.0,1929287,255047321,1754, 0.00,131.0
2024-02-26,131.0,131.5,129.0,129.5,1254857,162789553,1389,-1.50,129.5
2024-02-27,130.0,133.0,128.5,128.5,2270565,296571338,2091,-1.00,128.5
2024-02-29,128.5,129.0,127.0,129.0,1477782,189338496,1483,+0.50,129.0
2024-03-01,130.0,130.0,128.0,128.5,905351,116616305,1006,-0.50,128.5
2024-03-04,129.0,132.0,128.5,129.5,2081886,271197799,1887,+1.00,129.5
2024-03-05,129.5,131.0,128.0,128.5,1234579,159194447,1327,-1.00,128.5
2024-03-06,128.0,128.5,127.0,127.0,1747091,222717647,1719,-1.50,127.0
2024-03-07,126.5,127.5,125.0,125.5,2492114,313360404,2724,-1.50,125.5
2024-03-08,125.5,127.0,121.5,122.0,3362835,416377115,3396,-3.50,122.0
2024-03-11,122.5,126.5,122.5,125.0,1911413,239500634,2637,+3.00,125.0
2024-03-12,125.5,126.5,123.5,124.0,1402100,174578683,1544,-1.00,124.0
2024-03-13,124.0,125.5,121.5,122.0,1984262,242886488,2031,-2.00,122.0
2024-03-14,122.5,123.0,120.5,122.5,873929,106593442,890,+0.50,122.5
2024-03-15,122.5,122.5,120.0,120.0,1528633,184990517,1402,-2.50,120.0
2024-03-18,120.5,122.0,119.0,121.5,1540310,186180177,1386,+1.50,121.5
2024-03-19,121.5,123.5,120.5,121.5,2465567,301381598,1852, 0.00,121.5
2024-03-20,122.0,125.0,122.0,123.0,2685063,332124731,2136,+1.50,123.0
2024-03-21,124.5,125.0,122.0,122.0,2443271,299389831,2062,-1.00,122.0
2024-03-22,122.0,124.5,122.0,123.5,1809913,223244519,1231,+1.50,123.5
2024-03-25,124.0,125.0,122.5,123.0,2128583,263023928,1551,-0.50,123.0
2024-03-26,123.5,124.5,122.0,122.0,2144354,263205998,1642,-1.00,122.0
2024-03-27,122.0,125.5,122.0,123.5,3269943,406091488,2241,+1.50,123.5
2024-03-28,124.5,125.0,122.5,124.0,1693268,209445916,1376,+0.50,124.0
2024-03-29,125.5,126.0,122.5,122.5,1983835,245176556,1671,-1.50,122.5
2024-04-01,123.5,125.0,123.0,124.5,1627928,202421824,1295,+2.00,124.5
2024-04-02,124.5,127.0,124.5,126.5,2754821,347526960,2195,+2.00,126.5
2024-04-03,126.5,127.5,125.0,127.0,1585840,200727389,1487,+0.50,127.0
2024-04-08,128.0,128.0,125.5,126.0,1628740,205438348,1436,-1.00,126.0
2024-04-09,127.5,128.0,125.5,127.0,1312515,166203934,1233,+1.00,127.0
2024-04-10,129.0,131.0,127.5,127.5,3118553,401413097,2566,+0.50,127.5
2024-04-11,127.0,128.0,125.5,127.5,1542445,195427684,1235, 0.00,127.5
2024-04-12,128.0,129.5,127.5,129.5,1854870,239061500,1700,+2.00,129.5
2024-04-15,130.0,131.0,128.0,129.0,2846070,368974417,2257,-0.50,129.0
2024-04-16,128.0,128.5,125.0,127.5,2565299,325210004,2024,-1.50,127.5
2024-04-17,128.0,130.5,127.5,129.0,2327070,299857710,1843,+1.50,129.0
2024-04-18,129.0,133.0,128.0,132.5,4679302,615032452,3746,+3.50,132.5
2024-04-19,132.5,132.5,124.0,127.0,5592890,715679112,4305,-5.50,127.0
2024-04-22,127.5,129.5,127.0,127.5,2297505,294316071,1854,+0.50,127.5
2024-04-23,128.5,130.5,127.5,128.0,1267459,162953700,1088,+0.50,128.0
2024-04-24,129.5,132.0,128.5,131.5,3291806,430102651,2726,+3.50,131.5
2024-04-25,131.5,132.0,127.0,127.5,1987690,255779732,2021,-4.00,127.5
2024-04-26,128.5,130.5,128.0,130.5,1488995,193066764,1125,+3.00,130.5
2024-04-29,132.5,134.0,129.5,130.5,3537683,465789301,3017, 0.00,130.5
2024-04-30,131.0,131.5,128.5,129.5,1430454,185007333,1294,-1.00,129.5
2024-05-02,129.5,131.5,128.5,131.5,1989724,260243371,1698,+2.00,131.5
2024-05-03,133.0,133.5,130.0,130.0,1881952,247984647,1717,-1.50,130.0
2024-05-06,130.0,130.0,123.0,123.5,5657758,710396453,5494,-6.50,123.5
2024-05-07,124.0,126.0,124.0,126.0,1921128,240379567,1736,+2.50,126.0
2024-05-08,126.0,126.0,123.5,124.0,1576082,195611223,1531,-2.00,124.0
2024-05-09,124.0,124.5,121.0,122.5,1827167,224168375,1820,-1.50,122.5
2024-05-10,122.5,124.5,121.5,123.0,1807855,222332352,1399,+0.50,123.0
2024-05-13,122.0,123.5,121.0,122.5,1316714,160853779,1240,-0.50,122.5
2024-05-14,124.0,124.0,122.0,123.0,841600,103489159,831,+0.50,123.0
2024-05-15,124.0,125.0,123.5,125.0,744502,92600984,729,+2.00,125.0
2024-05-16,125.5,125.5,124.0,124.5,825031,102729280,850,-0.50,124.5
2024-05-17,124.0,125.5,122.5,123.0,1801997,222786469,1385,-1.50,123.0
2024-05-20,124.5,125.5,123.0,124.5,1856117,230962127,1241,+1.50,124.5
2024-05-21,124.5,128.0,124.5,127.0,2722724,345550244,2187,+2.50,127.0
2024-05-22,128.0,128.5,127.0,128.0,1584911,202434279,1387,+1.00,128.0
2024-05-23,128.0,128.0,126.0,126.0,866737,109619667,902,-2.00,126.0
2024-05-24,125.5,126.5,124.0,124.5,892142,111342946,998,-1.50,124.5
2024-05-27,125.0,125.5,123.0,123.0,1835691,226795001,1741,-1.50,123.0
2024-05-28,124.0,132.0,123.0,131.5,7602574,983291954,5660,+8.50,131.5
2024-05-29,133.0,133.0,128.0,128.5,3041865,395146964,3265,-3.00,128.5
2024-05-30,127.0,129.0,125.5,129.0,1230624,157489142,1531,+0.50,129.0
2024-05-31,130.0,130.5,127.5,128.0,1218396,157010181,1095,-1.00,128.0
2024-06-03,129.0,129.0,125.0,125.5,2019589,254462053,1826,-2.50,125.5
2024-06-04,125.5,126.0,124.5,124.5,918898,114748021,1016,-1.00,124.5
2024-06-05,125.5,126.5,124.5,124.5,736628,92205986,816, 0.00,124.5
2024-06-06,126.5,126.5,123.0,123.5,1393657,172596034,1431,-1.00,123.5
2024-06-07,124.5,125.0,123.0,123.5,1442897,178746567,1181, 0.00,123.5
2024-06-11,125.5,127.5,124.0,125.0,2002660,250709197,1587,+1.50,125.0
2024-06-12,125.0,126.5,124.0,125.0,1902448,238042816,1595, 0.00,125.0
2024-06-13,126.0,126.0,124.0,124.5,1817263,226619031,1664,-0.50,124.5
2024-06-14,125.0,125.5,123.5,124.0,1631084,202628575,1533,-0.50,124.0
2024-06-17,125.0,128.0,125.0,127.0,3458858,439757203,2737,+3.00,127.0
2024-06-18,129.0,129.0,127.0,128.0,2432032,310614789,2338,+1.00,128.0
2024-06-19,128.0,128.0,125.5,125.5,2044080,258484288,1892,-2.50,125.5
2024-06-20,126.0,128.5,125.5,127.5,2229738,284632016,1787,+2.00,127.5
2024-06-21,127.5,130.0,126.5,128.5,6744420,867251152,2681,+1.00,128.5
2024-06-24,130.0,130.0,126.0,129.0,7785048,1000778594,4026,+0.50,129.0
2024-06-25,129.5,132.0,127.5,131.0,10048342,1304395324,4566,+2.00,131.0
2024-06-26,132.5,133.0,129.0,130.0,7832488,1024213450,4468,-1.00,130.0
2024-06-27,129.5,132.0,127.0,132.0,4757034,614260452,3259,+2.00,132.0
2024-06-28,129.5,131.5,126.5,128.0,13886176,1777272323,9008,-4.00,128.0
2024-07-01,128.0,128.0,123.0,124.5,10541197,1317151036,6234,-3.50,124.5
2024-07-02,124.0,126.5,123.5,126.5,9956371,1243029559,4285,+2.00,126.5
2024-07-03,126.0,127.0,125.0,126.5,7560851,952515352,3723, 0.00,126.5
2024-07-04,126.5,127.0,125.0,126.0,5078513,638021744,2520,-0.50,126.0
2024-07-05,126.5,128.5,125.0,128.5,6718454,853996076,3345,+2.50,128.5
2024-07-08,127.5,127.5,124.0,124.0,5108894,636361625,3925,-4.50,124.0
2024-07-09,124.5,125.0,123.0,124.0,3577179,442564127,2461, 0.00,124.0
2024-07-10,124.0,124.5,123.5,123.5,1511940,187319193,1211,-0.50,123.5
2024-07-11,124.0,124.5,123.0,123.5,1256549,155551450,1230, 0.00,123.5
2024-07-12,123.5,124.0,123.0,123.5,1292357,159638829,1185, 0.00,123.5
2024-07-15,124.0,124.5,123.0,123.0,1379223,170045540,1195,-0.50,123.0
2024-07-16,124.0,124.5,123.0,124.0,1161546,143711140,1131,+1.00,124.0
2024-07-17,124.0,124.5,122.5,122.5,1855026,228792542,1641,-1.50,122.5
2024-07-18,122.0,122.0,119.0,121.0,3063317,369398515,2683,-1.50,121.0
2024-07-19,120.5,121.5,118.5,118.5,4366224,522648161,3194,-2.50,118.5
2024-07-22,119.0,119.0,113.5,115.0,3838899,444859001,3051,-3.50,115.0
2024-07-23,116.0,119.0,116.0,118.0,1922823,226714441,1496,+3.00,118.0
2024-07-26,115.5,117.5,113.5,115.5,2814110,326955082,2035,-2.50,115.5
2024-07-29,114.5,115.0,113.0,113.0,1529562,174249092,1327,X0.00,113.0
2024-07-30,114.0,114.0,109.0,109.5,2302597,253958685,1963,-3.50,109.5
2024-07-31,108.0,108.0,104.0,105.0,4636228,488236694,3451,-4.50,105.0
2024-08-01,107.0,108.5,105.0,108.0,1569486,168869313,1374,+3.00,108.0
2024-08-02,106.0,106.0,100.0,100.5,5725594,584256336,4406,-7.50,100.5
2024-08-05,90.5,90.5,90.5,90.5,1853760,167766816,1902,-10.00,90.5
2024-08-06,88.1,89.4,81.5,81.5,10829736,891712944,6019,-9.00,81.5
2024-08-07,81.5,88.4,80.6,87.0,8381331,716974287,6626,+5.50,87.0
2024-08-08,85.9,86.5,80.7,81.2,5828785,481103060,5149,-5.80,81.2
2024-08-09,83.0,84.5,81.2,81.2,5969080,494359946,3942, 0.00,81.2
2024-08-12,82.0,84.6,81.8,83.8,3124894,261284232,2743,+2.60,83.8
2024-08-13,83.8,85.0,83.1,83.2,2671579,224222236,2043,-0.60,83.2
2024-08-14,85.4,86.7,84.4,85.7,2669383,228041674,2353,+2.50,85.7
2024-08-15,85.8,87.0,85.3,85.3,1921076,165495236,1995,-0.40,85.3
2024-08-16,87.0,87.1,85.7,86.0,1438076,123795424,1556,+0.70,86.0
2024-08-19,86.0,88.6,85.4,87.6,2046402,178273207,1803,+1.60,87.6
2024-08-20,88.4,88.7,87.3,87.7,1760678,154713836,1711,+0.10,87.7
2024-08-21,87.7,88.0,85.8,87.2,2014748,175760757,1778,-0.50,87.2
2024-08-22,88.1,89.5,87.1,87.9,1652670,145926596,1542,+0.70,87.9
2024-08-23,87.0,88.0,86.4,88.0,1143543,99511293,1077,+0.10,88.0
2024-08-26,88.1,91.6,88.1,89.2,2173486,195351984,2104,+1.20,89.2
2024-08-27,89.9,90.2,88.4,88.8,1423649,126592996,1279,-0.40,88.8
2024-08-28,89.2,89.2,87.2,88.7,1369795,120597738,1336,-0.10,88.7
2024-08-29,88.0,88.0,87.1,87.8,915631,80223049,968,-0.90,87.8
2024-08-30,88.3,89.4,88.2,89.1,1491916,132517148,1262,+1.30,89.1
2024-09-02,89.8,90.0,88.9,89.2,1395676,124728724,1273,+0.10,89.2
2024-09-03,88.7,88.7,85.2,85.2,3083922,267475217,2949,-4.00,85.2
2024-09-04,81.5,82.9,80.2,81.8,2462944,201414933,2387,-3.40,81.8
2024-09-05,82.3,84.3,80.8,81.1,1505421,123796874,1527,-0.70,81.1
2024-09-06,81.1,82.2,80.4,82.1,1140277,92519465,1180,+1.00,82.1
2024-09-09,78.2,80.9,77.5,80.9,2682747,212101618,2352,-1.20,80.9
2024-09-10,80.9,81.1,77.5,78.4,2406439,189967302,2216,-2.50,78.4
2024-09-11,79.5,79.5,77.8,78.5,963525,75417843,975,+0.10,78.5
2024-09-12,80.5,80.5,78.5,80.0,1295977,102759764,1150,+1.50,80.0
2024-09-13,80.5,80.9,79.6,80.8,1125736,90419208,992,+0.80,80.8
2024-09-16,81.0,81.5,80.5,81.1,1146226,92873712,1124,+0.30,81.1
2024-09-18,81.5,81.5,78.7,78.9,1522681,121567418,1517,-2.20,78.9
2024-09-19,79.4,80.3,78.7,80.3,1103946,87880667,945,+1.40,80.3
2024-09-20,80.8,82.6,80.5,81.8,6885261,561408106,2691,+1.50,81.8
2024-09-23,82.0,83.3,80.6,80.8,6374982,517704391,2817,-1.00,80.8
2024-09-24,81.3,81.4,79.1,79.6,5558151,442076125,2539,-1.20,79.6
2024-09-25,80.9,82.6,80.5,82.0,7204478,590617671,3423,+2.40,82.0
2024-09-26,83.3,84.6,82.2,82.2,7748093,643045462,5141,+0.20,82.2
2024-09-27,83.5,88.5,83.0,87.6,7777240,672418474,6321,+5.40,87.6
2024-09-30,88.1,89.8,85.7,85.7,8938319,784437573,7253,-1.90,85.7
2024-10-01,86.9,86.9,84.0,85.2,3020799,256396329,2552,-0.50,85.2
2024-10-04,85.4,85.4,83.0,83.0,2274468,190436630,1679,-2.20,83.0
2024-10-07,84.5,84.5,83.4,84.0,1048279,87953737,952,+1.00,84.0
2024-10-08,84.4,84.4,82.3,83.4,1337946,111276568,1443,-0.60,83.4
2024-10-09,83.8,84.7,81.3,81.5,2013881,165636302,1788,-1.90,81.5
2024-10-11,81.6,82.1,80.5,82.0,1357020,110626986,1400,+0.50,82.0
2024-10-14,82.0,85.9,81.5,85.8,2815839,237975759,2615,+3.80,85.8
2024-10-15,87.4,87.5,84.6,84.6,5172405,445586601,4678,-1.20,84.6
2024-10-16,83.3,84.9,83.3,83.8,1995574,167686086,1551,-0.80,83.8
2024-10-17,85.0,87.4,84.9,85.6,2449294,210885513,2061,+1.80,85.6
2024-10-18,86.1,86.4,83.0,83.2,2299328,193627552,2231,-2.40,83.2
2024-10-21,84.1,85.8,84.0,85.2,1687651,143565645,1408,+2.00,85.2
2024-10-22,85.2,85.9,84.2,85.7,1290781,110235689,1129,+0.50,85.7
2024-10-23,86.2,86.2,84.9,85.6,1587365,135702169,1287,-0.10,85.6
2024-10-24,85.3,94.1,84.9,94.1,17907032,1659202790,10703,+8.50,94.1
2024-10-25,96.0,102.5,90.4,97.7,55716323,5353902246,36744,+3.60,97.7
2024-10-28,97.6,98.8,94.0,94.0,21155653,2036071232,15122,-3.70,94.0
2024-10-29,98.8,103.0,96.8,103.0,49000100,4911839003,29182,+9.00,103.0
2024-10-30,106.0,108.5,101.0,101.0,58931638,6211297128,36804,-2.00,101.0
2024-11-01,99.6,103.0,97.7,102.5,18971812,1921218603,11750,+1.50,102.5
2024-11-04,101.5,102.0,94.5,94.8,16953885,1650133657,12816,-7.70,94.8
2024-11-05,94.8,99.8,93.5,96.1,17016226,1647341218,12921,+1.30,96.1
2024-11-06,95.8,95.8,90.4,92.1,19892051,1838430114,15197,-4.00,92.1
2024-11-07,92.6,93.4,91.7,92.1,6833064,632079487,5200, 0.00,92.1
2024-11-08,92.7,95.3,92.7,93.4,10541865,991154837,7375,+1.30,93.4
2024-11-11,93.2,93.2,91.4,91.6,5046349,464090408,3978,-1.80,91.6
2024-11-12,90.5,91.2,88.0,88.0,5413518,480931673,4467,-3.60,88.0
2024-11-13,88.0,95.9,87.9,95.9,10854278,1011641240,7982,+7.90,95.9
2024-11-14,96.2,100.5,95.2,98.5,26551541,2620682683,19270,+2.60,98.5
2024-11-15,97.8,98.4,96.2,96.6,6730469,652280474,8220,-1.90,96.6
2024-11-18,98.0,98.6,93.5,93.6,6180972,589327373,5288,-3.00,93.6
2024-11-19,93.6,95.1,92.6,93.7,2744631,256663272,2527,+0.10,93.7
2024-11-20,94.3,95.7,92.0,92.9,4001500,372842927,3566,-0.80,92.9
2024-11-21,94.3,97.5,93.2,94.8,7940506,759149050,6347,+1.90,94.8
2024-11-22,95.0,96.0,93.8,93.9,2965052,281070192,3342,-0.90,93.9
2024-11-25,95.3,95.9,93.4,93.4,2879292,271527985,2718,-0.50,93.4
2024-11-26,93.5,93.9,92.6,93.0,1396767,130287488,1455,-0.40,93.0
2024-11-27,92.9,93.5,89.3,90.0,3190373,289411016,3454,-3.00,90.0
2024-11-28,89.9,90.5,89.1,89.4,1535043,137753544,1442,-0.60,89.4
2024-11-29,89.0,90.8,88.3,90.8,993043,89336161,986,+1.40,90.8
2024-12-02,91.7,91.7,90.2,90.3,1026749,93029356,947,-0.50,90.3
2024-12-03,90.6,93.0,90.6,92.7,1764640,162721460,1533,+2.40,92.7
2024-12-04,92.5,94.6,92.5,94.6,2543606,238656732,2544,+1.90,94.6
2024-12-05,95.0,104.0,94.0,104.0,17077477,1735003895,11668,+9.40,104.0
2024-12-06,105.5,107.5,98.4,99.0,24434709,2517970709,18382,-5.00,99.0
2024-12-09,99.9,101.0,95.7,95.9,7851044,768701424,6141,-3.10,95.9
2024-12-10,95.8,97.3,94.4,96.0,3685940,353342098,3332,+0.10,96.0
2024-12-11,95.9,96.4,94.5,94.5,1991834,189492918,1857,-1.50,94.5
2024-12-12,95.5,96.3,92.7,92.8,2320906,218118864,2243,-1.70,92.8
2024-12-13,92.5,93.7,92.1,92.4,1768495,164024640,1599,-0.40,92.4
2024-12-16,92.6,92.9,90.5,90.6,1838152,168281363,1953,-1.80,90.6
2024-12-17,91.0,94.0,90.6,91.0,4863093,447702295,3933,+0.40,91.0
2024-12-18,91.1,92.8,90.1,91.6,2178013,199181563,1986,+0.60,91.6
2024-12-19,90.3,91.3,89.6,91.0,1627820,147423027,1535,-0.60,91.0
2024-12-20,90.8,90.9,88.0,88.0,3957902,353139931,3523,-3.00,88.0
2024-12-23,89.8,90.5,88.8,89.1,1598658,143134548,1503,+1.10,89.1
2024-12-24,89.9,92.2,89.9,90.6,2121244,193271434,2760,+1.50,90.6
2024-12-25,91.3,91.5,90.1,90.6,1042169,94393449,1215, 0.00,90.6
2024-12-26,91.0,91.2,90.0,90.1,968331,87648430,918,-0.50,90.1
2024-12-27,90.5,91.4,89.5,90.8,1275482,115314576,1312,+0.70,90.8
2024-12-30,90.8,90.8,89.2,89.5,1420600,127574449,1274,-1.30,89.5
2024-12-31,89.5,89.5,88.3,89.0,1192595,105861160,1203,-0.50,89.0
2025-01-02,89.6,92.0,89.5,89.8,2669789,241877341,2305,+0.80,89.8
2025-01-03,90.2,90.8,88.4,88.4,1870811,166901849,1870,-1.40,88.4
2025-01-06,89.6,94.0,89.3,92.7,4788724,440875173,4028,+4.30,92.7
2025-01-07,92.6,95.5,92.6,93.0,4427086,414860969,3783,+0.30,93.0
2025-01-08,93.1,95.0,93.0,93.8,2329305,218273505,3183,+0.80,93.8
2025-01-09,96.8,103.0,96.7,98.9,23586340,2377736665,16617,+5.10,98.9
2025-01-10,99.4,99.7,94.8,97.9,14083813,1369115659,13353,-1.00,97.9
2025-01-13,95.5,96.3,88.2,88.5,9779397,887515909,9473,-9.40,88.5
2025-01-14,88.8,92.7,88.6,88.6,5469374,492591150,4669,+0.10,88.6
2025-01-15,89.4,90.3,88.8,89.8,2230302,199911981,2056,+1.20,89.8
2025-01-16,90.7,92.4,90.2,91.0,2556254,232772048,2642,+1.20,91.0
2025-01-17,92.6,92.9,89.6,89.9,2687020,244105073,2468,-1.10,89.9
2025-01-20,90.5,92.8,90.2,92.3,2063095,188762771,1785,+2.40,92.3
2025-01-21,92.5,93.8,90.7,90.8,2832473,260321418,3024,-1.50,90.8
2025-01-22,91.3,91.8,90.5,91.8,1189113,108439658,1166,+1.00,91.8
2025-02-03,88.5,90.0,87.7,90.0,2153197,190708500,3076,-1.80,90.0
2025-02-04,90.3,90.9,89.7,90.4,1098347,99196149,1309,+0.40,90.4
2025-02-05,91.0,92.4,91.0,92.3,1405606,129076848,1812,+1.90,92.3
2025-02-06,93.3,94.4,92.6,93.9,2078687,194743799,2326,+1.60,93.9
2025-02-07,94.0,94.9,93.2,94.9,1482843,139750958,2226,+1.00,94.9
2025-02-10,94.9,96.4,93.4,96.3,2229642,212266418,2515,+1.40,96.3
2025-02-11,96.6,97.7,93.8,94.0,2826299,269321195,7512,-2.30,94.0
2025-02-12,93.4,94.4,92.5,92.7,1430497,133456755,2732,-1.30,92.7
2025-02-13,92.9,95.9,92.9,95.5,2471541,234864091,2726,+2.80,95.5
2025-02-14,95.5,96.3,94.2,96.0,1661987,158716890,2445,+0.50,96.0
2025-02-17,96.0,97.0,95.4,97.0,1485541,143157366,2257,+1.00,97.0
2025-02-18,97.5,101.0,95.7,96.1,4773330,466223443,7358,-0.90,96.1
2025-02-19,96.9,99.0,96.6,97.0,4260483,415755620,4675,+0.90,97.0
2025-02-20,98.0,98.7,96.6,97.7,1880493,183669459,3135,+0.70,97.7
2025-02-21,99.4,100.0,97.2,97.2,5519799,542960018,7897,-0.50,97.2
2025-02-24,96.0,97.9,95.6,95.8,1541886,148427313,3423,-1.40,95.8
2025-02-25,95.2,95.5,94.5,95.2,1205678,114520038,2264,-0.60,95.2
2025-02-26,95.2,95.9,94.6,94.6,1107999,105348147,1829,-0.60,94.6
2025-02-27,94.7,95.5,91.7,92.0,1940677,180301897,2702,-2.60,92.0
2025-03-03,90.6,91.6,90.3,90.8,1058141,96081034,1502,-1.20,90.8
2025-03-04,90.0,91.4,88.3,91.4,1508487,135468180,1437,+0.60,91.4
2025-03-05,91.4,92.8,90.6,92.0,876179,80553235,879,+0.60,92.0
2025-03-06,92.3,92.7,91.6,92.0,509509,46869479,888, 0.00,92.0
2025-03-07,92.0,92.2,89.7,89.8,1482253,134113369,1498,-2.20,89.8
2025-03-10,89.8,91.3,89.8,91.0,868493,78795751,730,+1.20,91.0
2025-03-11,88.5,91.0,87.5,91.0,1602112,142561854,1487, 0.00,91.0
2025-03-12,91.0,92.9,90.5,92.5,1231024,113381065,1244,+1.50,92.5
2025-03-13,92.9,93.3,90.3,90.3,1050924,96402452,1195,-2.20,90.3
2025-03-14,90.9,91.5,89.7,91.3,675760,61294274,720,+1.00,91.3
2025-03-17,91.8,92.5,91.0,91.9,607062,55737450,841,+0.60,91.9
2025-03-18,92.1,92.7,91.4,92.4,586551,53967161,894,+0.50,92.4
2025-03-19,92.3,92.7,90.0,90.1,1407379,128101732,1288,-2.30,90.1
2025-03-20,91.1,95.0,91.1,94.0,3299140,308593183,2960,+3.90,94.0
2025-03-21,95.0,95.0,93.1,93.8,809432,75975292,1243,-0.20,93.8
2025-03-24,94.1,94.5,91.7,92.4,743338,69107973,880,-1.40,92.4
2025-03-25,93.0,93.6,90.3,90.7,1122522,102449336,1838,-1.70,90.7
2025-03-26,91.1,92.0,89.8,89.8,1001824,90264948,963,-0.90,89.8
2025-03-27,89.1,89.1,88.1,88.6,870911,77220414,934,-1.20,88.6
2025-03-28,88.4,88.5,82.0,82.9,3540345,298963534,3532,-5.70,82.9
2025-03-31,78.1,81.0,77.2,77.4,2349686,185006191,2226,-5.50,77.4
2025-04-01,78.4,81.5,77.8,81.0,1170281,93357187,1088,+3.60,81.0
2025-04-02,80.0,82.2,79.9,81.6,1054220,85789830,888,+0.60,81.6
2025-04-07,73.5,73.5,73.5,73.5,300935,22118685,364,-8.10,73.5
2025-04-08,66.2,68.5,66.2,66.2,2862532,190516045,1994,-7.30,66.2
2025-04-09,59.7,61.9,59.6,59.6,5860396,350563479,2819,-6.60,59.6
2025-04-10,65.4,65.5,65.0,65.5,1639232,107306284,1061,+5.90,65.5
2025-04-11,60.2,65.9,59.7,65.6,3066537,194780469,5603,+0.10,65.6
2025-04-14,66.3,68.0,64.8,65.9,3385188,223553303,9794,+0.30,65.9
2025-04-15,66.7,69.8,66.2,69.4,2406029,164604457,2857,+3.50,69.4
2025-04-16,67.3,68.7,66.9,67.1,1915010,129479547,3249,-2.30,67.1
2025-04-17,66.4,67.1,65.1,67.1,2020147,134266151,1568, 0.00,67.1
2025-04-18,67.2,67.2,65.9,66.8,1363204,90468263,1313,-0.30,66.8
2025-04-21,66.6,66.6,63.9,64.0,918155,59611853,2311,-2.80,64.0
2025-04-22,63.2,65.6,62.9,63.3,1482749,94719560,2372,-0.70,63.3
2025-04-23,65.0,67.5,65.0,66.9,1403880,93552624,1230,+3.60,66.9
2025-04-24,67.8,67.8,65.8,66.1,594702,39594444,1185,-0.80,66.1
2025-04-25,68.0,68.5,67.0,67.4,824537,55676529,908,+1.30,67.4
2025-04-28,67.7,68.3,67.2,67.7,911470,61674496,1224,+0.30,67.7
2025-04-29,67.9,68.8,67.5,68.4,1365827,93319308,1350,+0.70,68.4
2025-04-30,69.0,71.5,68.5,68.5,2182068,152269306,4318,+0.10,68.5
2025-05-02,69.6,70.3,68.7,68.8,1009163,70013357,1549,+0.30,68.8
2025-05-05,69.1,71.8,67.3,71.0,2620864,183322047,3313,+2.20,71.0
2025-05-06,70.2,72.9,70.2,72.9,1656471,118917762,1398,+1.90,72.9
2025-05-07,72.2,72.4,70.6,70.9,1163871,83135665,1356,-2.00,70.9
2025-05-08,71.1,72.1,71.1,71.8,637168,45594685,804,+0.90,71.8
2025-05-09,72.3,72.7,70.7,71.4,857394,61279120,1080,-0.40,71.4
2025-05-12,71.9,73.1,71.5,73.0,783443,56764081,707,+1.60,73.0
2025-05-13,75.0,76.2,73.6,73.8,1137126,84953399,1562,+0.80,73.8
2025-05-14,73.9,75.0,73.9,74.7,748937,55856802,1330,+0.90,74.7
2025-05-15,75.1,75.5,73.8,73.8,592719,44064892,729,-0.90,73.8
2025-05-16,73.8,74.0,73.1,73.5,614278,45145391,834,-0.30,73.5
2025-05-19,74.0,74.0,71.2,71.2,725073,52438696,810,-2.30,71.2
2025-05-20,72.1,72.6,70.7,71.5,458455,32702961,469,+0.30,71.5
2025-05-21,71.6,73.3,70.9,73.3,597891,43450984,647,+1.80,73.3
2025-05-22,72.4,72.8,71.2,71.7,509038,36468927,547,-1.60,71.7
2025-05-23,72.3,72.6,71.6,72.1,339656,24463000,319,+0.40,72.1
2025-05-26,72.1,72.5,71.1,71.9,441635,31797944,453,-0.20,71.9
2025-05-27,72.2,72.9,70.7,71.5,633060,45277940,606,-0.40,71.5
2025-05-28,72.3,74.4,70.6,70.9,1529583,110874021,1342,-0.60,70.9
2025-05-29,71.5,73.8,70.8,73.2,1260652,91464684,1124,+2.30,73.2
2025-06-02,72.6,72.7,69.5,69.8,1201218,85281930,1271,-3.40,69.8
2025-06-03,70.6,70.8,69.1,69.5,1098469,76840874,1008,-0.30,69.5
2025-06-04,70.0,71.4,70.0,71.3,1023608,72584565,876,+1.80,71.3
2025-06-05,71.3,72.6,70.9,71.3,890201,63652219,743, 0.00,71.3
2025-06-06,71.5,73.3,71.2,72.6,1068454,77096312,992,+1.30,72.6
2025-06-09,73.0,73.0,71.6,72.1,480205,34701193,568,-0.50,72.1
2025-06-10,72.1,73.9,72.1,73.8,992546,72842828,931,+1.70,73.8
2025-06-11,75.5,77.3,74.9,75.9,2939572,223192105,2878,+2.10,75.9
2025-06-12,75.3,76.8,75.2,76.0,919691,69966089,1149,+0.10,76.0
2025-06-13,75.1,75.7,72.7,73.0,1355232,100196881,2296,-3.00,73.0
2025-06-16,72.9,74.7,72.3,74.2,680634,50326587,836,+1.20,74.2
2025-06-17,74.3,75.7,73.8,74.0,573486,42857259,844,-0.20,74.0
2025-06-18,74.0,75.0,73.8,73.9,545992,40475894,520,-0.10,73.9
2025-06-19,73.2,74.3,72.5,73.3,1113065,81294012,861,-0.60,73.3
2025-06-20,73.4,73.5,71.6,71.7,1376984,99066436,818,-1.60,71.7
2025-06-23,70.3,72.2,69.4,72.0,749610,53073789,735,+0.30,72.0
2025-06-24,72.2,75.5,72.0,73.2,3483254,255879118,2787,+1.20,73.2
2025-06-25,73.8,74.5,73.0,74.1,1518461,112131844,1284,+0.90,74.1
2025-06-26,74.2,75.7,74.1,74.4,1402971,105110932,1127,+0.30,74.4
2025-06-27,74.7,75.5,74.1,75.2,1021545,76620158,898,+0.80,75.2
2025-06-30,76.0,76.0,72.3,72.3,1254236,92313813,1421,-2.90,72.3
2025-07-01,72.5,73.3,71.8,72.7,992482,72075722,962,+0.40,72.7
2025-07-02,73.1,74.9,72.8,74.6,1671427,123700293,1399,+1.90,74.6
2025-07-03,74.8,75.1,74.1,74.1,1004144,74854284,1053,-0.50,74.1
2025-07-04,74.8,74.9,71.7,71.9,1054871,76485886,1043,-2.20,71.9
2025-07-07,71.6,71.9,70.3,71.7,510091,36376845,527,-0.20,71.7
2025-07-08,71.5,71.5,70.1,70.6,586100,41411718,658,-1.10,70.6
2025-07-09,70.4,70.6,69.8,69.8,1019758,71513107,973,-0.80,69.8
2025-07-10,70.1,70.7,69.8,69.9,824471,57812732,674,+0.10,69.9
2025-07-11,70.4,72.2,70.4,71.3,750998,53646833,771,+1.40,71.3
2025-07-14,71.8,71.8,70.7,70.7,344921,24485427,531,-0.60,70.7
2025-07-15,70.7,71.5,70.6,70.8,468361,33212596,453,+0.10,70.8
2025-07-16,70.8,72.9,70.8,71.2,1936403,139239149,1664,+0.40,71.2
2025-07-17,71.4,72.7,71.4,72.6,1000435,72343759,1300,+1.40,72.6
2025-07-18,73.2,73.4,70.8,71.2,1172842,84157107,1152,-1.40,71.2
2025-07-21,72.0,72.2,70.8,71.1,528743,37699348,672,-0.10,71.1
2025-07-22,71.7,71.7,67.5,67.9,1583009,109604051,1617,-3.20,67.9
2025-07-23,68.5,70.3,68.5,70.0,1175661,81879221,1081,+2.10,70.0
2025-07-24,70.0,71.0,69.3,70.5,866226,60905491,796,+0.50,70.5
2025-07-25,70.6,72.6,70.2,70.2,1391394,98974996,1173,-0.30,70.2
2025-07-28,70.3,72.4,69.4,71.8,1663404,118738405,1333,X0.00,71.8
2025-07-29,71.7,73.3,70.4,70.4,1255709,90040333,1218,-1.40,70.4
2025-07-30,70.8,71.2,69.8,71.1,682956,48345312,769,+0.70,71.1
2025-07-31,70.8,71.1,69.0,69.0,1454381,101254174,1653,-2.10,69.0
2025-08-01,68.5,70.0,66.8,69.2,1017942,70131050,1000,+0.20,69.2
2025-08-04,68.0,68.0,63.0,65.0,3789374,245249619,3531,-4.20,65.0
2025-08-05,65.6,65.9,64.9,65.2,1674876,109471236,1589,+0.20,65.2
2025-08-06,64.8,64.8,60.7,60.9,5390018,332877929,5185,-4.30,60.9
2025-08-07,61.0,61.1,59.1,59.5,4768927,285083527,4010,-1.40,59.5
2025-08-08,59.6,60.9,59.1,59.2,2079588,123845941,1988,-0.30,59.2
2025-08-11,58.4,59.2,58.1,58.6,1775534,103963443,1486,-0.60,58.6
2025-08-12,59.2,60.5,59.1,60.1,2048723,123036567,1852,+1.50,60.1
2025-08-13,60.5,61.6,60.1,60.2,2259632,137371342,1931,+0.10,60.2
2025-08-14,60.7,61.7,60.5,60.9,1567105,95825013,1667,+0.70,60.9
2025-08-15,60.9,61.3,60.2,60.9,1560416,94510299,1386, 0.00,60.9
2025-08-18,60.5,61.4,59.9,60.5,1425514,86573073,1377,-0.40,60.5
2025-08-19,60.7,60.7,59.6,59.8,1459876,87811106,1179,-0.70,59.8
2025-08-20,59.8,60.3,58.6,58.6,1607540,94947978,1500,-1.20,58.6
2025-08-21,58.8,60.1,58.8,59.9,1001689,59761838,926,+1.30,59.9
2025-08-22,59.8,60.2,58.6,58.9,1065710,63033343,1168,-1.00,58.9
2025-08-25,59.3,60.7,59.3,59.9,1328748,79777838,1041,+1.00,59.9
2025-08-26,59.9,60.5,59.6,60.2,1201825,72358518,1189,+0.30,60.2
2025-08-27,60.8,61.2,60.5,61.2,1301471,79393193,1464,+1.00,61.2
2025-08-28,61.2,62.1,60.7,61.7,1636971,100819960,1530,+0.50,61.7
2025-08-29,62.1,63.1,60.2,62.7,3997392,247466468,2759,+1.00,62.7
2025-09-01,61.5,61.5,58.1,58.9,3714351,222467171,3136,-3.80,58.9
2025-09-02,59.0,59.9,58.1,58.6,1500093,88210248,1243,-0.30,58.6
2025-09-03,58.6,63.2,58.6,61.2,3414307,208575723,2619,+2.60,61.2
2025-09-04,63.5,64.4,61.5,62.5,7980712,503198984,5975,+1.30,62.5
2025-09-05,63.5,63.7,61.2,61.5,6996458,436438311,5528,-1.00,61.5
2025-09-08,61.5,64.2,61.5,62.2,6614934,415531416,4513,+0.70,62.2
2025-09-09,65.5,68.4,64.3,64.5,13691509,902652207,10432,+2.30,64.5
2025-09-10,63.8,63.9,61.5,61.6,5854704,363505817,5538,-2.90,61.6
2025-09-11,62.0,62.0,59.0,59.0,4133141,248453446,3550,-2.60,59.0
2025-09-12,59.1,62.5,59.1,61.9,4109033,251847149,3050,+2.90,61.9
2025-09-15,63.5,65.2,62.8,64.1,13048134,836757809,10183,+2.20,64.1
2025-09-16,64.1,64.3,63.1,63.6,3365090,213778107,3456,-0.50,63.6
2025-09-17,63.5,64.7,63.0,63.6,2985558,190740783,2514, 0.00,63.6
2025-09-18,64.3,67.5,64.0,66.1,8259110,547389252,5977,+2.50,66.1
2025-09-19,67.8,67.8,65.7,66.6,5544224,370228390,6225,+0.50,66.6
2025-09-22,66.6,67.5,65.9,66.3,3425117,228188723,3688,-0.30,66.3
2025-09-23,66.3,66.8,64.6,64.6,3290672,214632876,3089,-1.70,64.6
2025-09-24,64.4,64.8,63.2,63.8,1997250,127817572,1601,-0.80,63.8
2025-09-25,64.3,65.0,63.6,64.0,1758729,113099075,1345,+0.20,64.0
2025-09-26,64.0,64.0,61.3,61.8,2193410,136093829,1919,-2.20,61.8
2025-09-30,62.8,63.1,61.2,63.0,1291238,80577549,1525,+1.20,63.0
2025-10-01,63.0,63.3,61.7,61.7,1028519,64048699,1382,-1.30,61.7
2025-10-02,62.0,62.7,61.2,61.4,1238456,76377385,1379,-0.30,61.4
2025-10-03,61.9,62.1,61.4,61.8,820672,50720377,834,+0.40,61.8
2025-10-07,62.3,64.2,62.1,63.0,2561880,161995722,2327,+1.20,63.0
2025-10-08,62.7,62.9,61.4,62.4,1510161,93646643,2256,-0.60,62.4
2025-10-09,62.9,63.5,62.0,62.8,1524891,95949625,1408,+0.40,62.8
2025-10-13,60.0,61.1,58.5,61.1,2189587,131025756,2766,-1.70,61.1
2025-10-14,61.5,62.8,59.8,60.2,1944836,118985466,2184,-0.90,60.2
2025-10-15,60.8,60.8,59.6,60.0,1642669,98726823,1189,-0.20,60.0
2025-10-16,60.7,62.7,60.7,62.1,1542278,95435638,1432,+2.10,62.1
2025-10-17,61.7,62.5,61.6,62.1,830212,51511614,997, 0.00,62.1
2025-10-20,62.4,64.7,62.3,64.0,3043926,194845939,2695,+1.90,64.0
2025-10-21,64.6,65.5,63.6,64.0,1908406,123122303,3267, 0.00,64.0
2025-10-22,64.5,65.0,63.9,64.9,1349561,86898289,1717,+0.90,64.9
2025-10-23,64.5,64.5,63.0,63.0,1280729,81214326,1788,-1.90,63.0
2025-10-27,64.0,64.3,62.6,63.7,1188293,75314745,970,+0.70,63.7
2025-10-28,64.1,66.5,63.2,65.0,2745613,178579726,3186,+1.30,65.0
2025-10-29,65.0,65.8,64.1,64.2,1283606,82840736,1878,-0.80,64.2
2025-10-30,64.2,64.4,62.4,62.9,1324110,83619735,1487,-1.30,62.9
2025-10-31,63.0,63.3,60.7,61.6,2006930,123560691,2366,-1.30,61.6
2025-11-03,61.1,61.6,60.5,60.6,1301881,79161626,1295,-1.00,60.6
2025-11-04,60.6,60.7,58.2,58.2,3643489,215502294,3058,-2.40,58.2
2025-11-05,56.8,56.8,53.4,54.0,5536409,300941278,4618,-4.20,54.0
2025-11-06,54.2,54.7,53.2,53.8,2449507,131739285,1941,-0.20,53.8
2025-11-07,54.0,54.5,52.5,52.7,3345386,177559032,2767,-1.10,52.7
2025-11-10,52.7,52.8,51.2,52.0,2346390,121655382,1891,-0.70,52.0
2025-11-11,51.1,54.3,51.1,53.7,3182804,169823242,2592,+1.70,53.7
2025-11-12,53.5,54.9,53.2,54.3,1653281,90005653,2206,+0.60,54.3
2025-11-13,54.4,55.0,53.5,55.0,1418440,77005343,1243,+0.70,55.0
2025-11-14,53.8,54.9,53.7,53.7,1082668,58565785,1126,-1.30,53.7
2025-11-17,53.7,53.7,52.5,52.8,761157,40330291,914,-0.90,52.8
2025-11-18,52.3,52.3,50.5,51.1,1426693,73190107,1375,-1.70,51.1
2025-11-19,50.7,51.2,49.8,50.3,1365121,68656540,1242,-0.80,50.3
2025-11-20,51.0,51.9,50.7,51.9,937454,48135331,887,+1.60,51.9
2025-11-21,51.4,51.4,50.1,50.5,835591,42400454,1140,-1.40,50.5
2025-11-24,51.2,51.4,49.8,49.8,1476544,74166427,1332,-0.70,49.8
2025-11-25,50.5,51.8,50.2,51.8,1163328,59649834,994,+2.00,51.8
2025-11-26,52.1,53.4,52.0,53.3,1350896,71602907,1342,+1.50,53.3
2025-11-27,54.0,54.0,52.4,53.0,725201,38381646,1054,-0.30,53.0
2025-11-28,53.0,53.4,52.5,53.4,373270,19833134,639,+0.40,53.4
2025-12-01,53.1,53.8,52.4,52.5,1085340,57324444,859,-0.90,52.5
2025-12-02,52.9,53.4,52.5,52.9,908798,48006149,870,+0.40,52.9
2025-12-03,53.3,53.7,52.5,53.3,1265584,67329109,1134,+0.40,53.3
2025-12-04,53.2,53.5,52.3,52.9,1028093,54389708,1170,-0.40,52.9
2025-12-05,52.6,53.2,51.5,52.5,1268729,66041803,1224,-0.40,52.5
2025-12-08,52.7,53.5,52.0,53.1,1621902,85611612,1249,+0.60,53.1
2025-12-09,53.3,54.1,52.8,53.9,1959902,104712630,1604,+0.80,53.9
2025-12-10,54.5,54.5,52.5,52.7,2092645,111376603,2324,-1.20,52.7
2025-12-11,53.0,54.0,51.8,53.0,1975891,104021316,1316,+0.30,53.0
2025-12-12,53.0,53.1,52.5,53.1,1720516,90933159,1243,+0.10,53.1
2025-12-15,52.1,52.7,51.2,52.3,2070869,107591143,1399,-0.80,52.3
2025-12-16,52.0,52.2,50.6,51.0,2076108,106641392,1625,-1.30,51.0
2025-12-17,51.7,52.4,50.3,50.6,2318052,118302129,1572,-0.40,50.6
2025-12-18,50.6,50.8,49.95,50.2,2208587,110905046,1505,-0.40,50.2
2025-12-19,50.8,51.0,50.2,50.3,1788877,90414474,1337,+0.10,50.3
2025-12-22,50.9,53.1,50.9,52.6,3016990,157356026,2126,+2.30,52.6
2025-12-23,52.6,52.8,51.2,51.7,2040011,105915839,1664,-0.90,51.7
2025-12-24,51.8,52.2,51.1,51.4,872285,44967308,757,-0.30,51.4
2025-12-26,51.6,52.0,51.0,51.9,1298521,66882647,825,+0.50,51.9
2025-12-29,52.1,52.3,50.6,50.9,2036186,104075186,1778,-1.00,50.9
2025-12-30,50.6,50.7,50.0,50.7,1212710,61026223,960,-0.20,50.7
2025-12-31,50.8,51.6,50.8,51.0,1103251,56391544,879,+0.30,51.0
2026-01-02,51.0,52.3,50.6,51.2,2130382,109623052,1673,+0.20,51.2
2026-01-05,51.8,51.8,50.2,50.8,2099560,106581739,1787,-0.40,50.8
2026-01-06,51.0,53.7,51.0,53.6,4873632,256425326,3485,+2.80,53.6
2026-01-07,53.8,54.8,53.2,54.7,4714401,255789798,3994,+1.10,54.7
2026-01-08,57.9,59.4,55.3,55.5,13298823,763499690,9368,+0.80,55.5
2026-01-09,55.2,55.3,52.2,53.0,5632480,299277994,4922,-2.50,53.0
2026-01-12,53.1,55.0,52.5,55.0,2985206,161570414,2546,+2.00,55.0
2026-01-13,54.7,56.5,53.1,53.5,3327179,180327179,2866,-1.50,53.5
2026-01-14,53.7,57.8,53.7,57.5,6432552,362512799,4892,+4.00,57.5
2026-01-15,57.0,57.0,54.4,55.2,4811906,266083093,5148,-2.30,55.2
2026-01-16,55.7,57.8,54.5,56.7,4336122,244628605,3278,+1.50,56.7
2026-01-19,56.7,61.1,56.0,60.2,8581732,508453379,6257,+3.50,60.2
2026-01-20,59.6,60.5,58.0,59.4,4992957,296108542,4433,-0.80,59.4
2026-01-21,58.5,59.2,57.0,57.2,3970470,229665550,3419,-2.20,57.2
2026-01-22,58.3,59.5,57.4,58.0,3335733,194677615,3040,+0.80,58.0
2026-01-23,58.7,59.7,57.3,58.5,2915841,169610202,2320,+0.50,58.5
2026-01-26,58.7,60.6,58.3,59.5,4774967,285171935,3403,+1.00,59.5
2026-01-27,60.8,62.6,60.3,60.3,8431698,516054614,6253,+0.80,60.3
2026-01-28,65.0,66.3,64.9,66.3,8780945,580509921,3499,+6.00,66.3
2026-01-29,69.2,69.8,60.6,60.7,25182082,1615033046,17149,-5.60,60.7
2026-01-30,60.5,63.5,60.5,62.5,9323950,578470909,6990,+1.80,62.5
2026-02-02,61.0,61.3,58.1,59.2,5558220,331426361,4709,-3.30,59.2
2026-02-03,60.0,60.9,58.1,59.7,2894425,171968786,2464,+0.50,59.7
2026-02-04,59.1,60.3,58.5,59.5,2072232,122789961,1657,-0.20,59.5
2026-02-05,59.8,61.9,59.5,59.6,4074784,246805765,3170,+0.10,59.6
2026-02-06,59.0,59.0,56.4,56.7,3527810,201528040,2755,-2.90,56.7
2026-02-09,58.0,59.0,57.9,58.5,2071389,121050474,1769,+1.80,58.5
2026-02-10,59.0,62.6,58.7,61.0,6595026,401877550,5196,+2.50,61.0
2026-02-11,60.9,63.6,60.3,60.3,5516565,339159860,4654,-0.70,60.3
2026-02-23,60.6,66.3,60.4,66.3,16298621,1060420982,8804,+6.00,66.3
2026-02-24,68.2,72.9,68.2,72.9,13065389,942371848,7342,+6.60,72.9
2026-02-25,76.4,79.0,70.5,70.7,32097014,2385216468,20729,-2.20,70.7
2026-02-26,70.8,74.3,70.6,72.7,13915914,1009690705,10384,+2.00,72.7
2026-03-02,71.2,79.9,71.2,79.9,17518578,1344703912,12235,+7.20,79.9
2026-03-03,83.5,87.7,79.8,80.7,35291443,2922657308,25450,+0.80,80.7
2026-03-04,78.8,79.1,72.8,74.5,14344335,1089173227,10747,-6.20,74.5
2026-03-05,78.2,80.1,73.0,73.0,13014823,991199660,10069,-1.50,73.0
2026-03-06,72.9,80.3,72.1,80.3,15031462,1164280941,11424,+7.30,80.3
2026-03-09,72.6,83.8,72.6,81.8,33020054,2635557309,22668,+1.50,81.8
2026-03-10,84.8,89.8,82.0,85.7,37178157,3187091650,25321,+3.90,85.7
2026-03-11,86.3,91.9,86.1,88.7,37130597,3294286280,31230,+3.00,88.7
2026-03-12,87.7,89.3,82.1,83.7,19322050,1643161524,17585,-5.00,83.7
2026-03-13,82.8,85.3,82.4,83.8,11318291,946685645,8789,+0.10,83.8
2026-03-16,84.6,86.5,82.9,84.5,10222747,864203219,9066,+0.70,84.5
2026-03-17,83.6,85.3,81.6,82.2,8163788,679835690,7350,-2.30,82.2
2026-03-18,85.0,90.4,84.7,90.4,19919340,1773054225,13621,+8.20,90.4
2026-03-19,93.7,99.4,92.4,99.4,20272521,1969286278,12376,+9.00,99.4
2026-03-20,109.0,109.0,102.0,109.0,36291487,3900521758,22604,+9.60,109.0
2026-03-23,105.5,111.5,100.5,102.0,32316711,3429950747,22528,-7.00,102.0
2026-03-24,109.0,112.0,99.5,99.6,39883029,4240082267,25814,-2.40,99.6
2026-03-25,104.0,107.5,100.0,101.0,16955982,1751203048,12597,+1.40,101.0
2026-03-26,103.0,103.0,93.2,93.2,17559988,1710304837,14683,-7.80,93.2
2026-03-27,94.4,102.5,94.3,102.5,28648372,2846775910,19248,+9.30,102.5
2026-03-30,100.0,101.5,93.1,94.9,22203806,2147884851,16491,-7.60,94.9
2026-03-31,93.6,94.1,88.0,89.0,11700976,1058812935,9819,-5.90,89.0
2026-04-01,93.5,96.9,90.8,94.5,14187393,1322940263,12002,+5.50,94.5
2026-04-02,94.5,97.0,91.6,92.4,11710588,1097344472,9267,-2.10,92.4
2026-04-07,92.4,93.3,87.7,87.8,9163543,823176426,10307,-4.60,87.8
2026-04-08,89.6,91.8,89.4,91.4,6952444,630881626,6142,+3.60,91.4
2026-04-09,92.0,92.0,86.0,90.0,10715385,945704828,9491,-1.40,90.0
2026-04-10,90.8,94.0,89.0,91.6,10169371,931409145,8935,+1.60,91.6
2026-04-13,90.5,100.5,90.0,100.5,18120557,1743117561,14899,+8.90,100.5
2026-04-14,105.0,110.5,97.5,110.5,46944220,5023983820,29434,+10.00,110.5
2026-04-15,112.5,116.5,107.0,107.0,39929054,4443097828,26238,-3.50,107.0
2026-04-16,105.5,117.5,101.0,117.5,25551456,2784940892,19776,+10.50,117.5
2026-04-17,129.0,129.0,129.0,129.0,10417863,1343904327,5954,+11.50,129.0
2026-04-20,141.5,141.5,141.5,141.5,4114342,582179227,2838,+12.50,141.5
2026-04-21,150.5,155.5,142.0,144.5,79756172,12083886182,42726,+3.00,144.5
2026-04-22,148.0,158.5,148.0,154.0,13881472,2149758431,13415,+9.50,154.0
2026-04-23,159.0,161.0,139.0,147.0,13398362,1976428261,12845,-7.00,147.0
2026-04-24,151.0,151.0,136.5,145.0,6697669,965041771,7388,-2.00,145.0
2026-04-27,146.0,146.0,131.5,136.0,6931443,952535278,7108,-9.00,136.0
2026-04-28,142.0,149.5,138.5,149.0,6968477,1027558791,7161,+13.00,149.0
2026-04-29,143.5,148.0,143.0,144.5,4424469,641320966,4401,-4.50,144.5
2026-04-30,147.0,150.5,144.0,147.5,5565647,823613004,5285,+3.00,147.5
2026-05-04,151.0,162.0,148.0,162.0,11152111,1736828308,10712,+14.50,162.0
2026-05-05,162.5,167.5,160.0,165.0,8289820,1358806818,8400,+3.00,165.0
2026-05-06,172.0,172.0,153.0,161.0,9011178,1450552857,8735,-4.00,161.0
2026-05-07,162.0,177.0,151.5,177.0,49800900,8358807531,33270,+16.00,177.0
2026-05-08,172.5,179.0,164.0,167.5,39775866,6829799228,33097,-9.50,167.5
2026-05-11,163.0,184.0,156.0,184.0,50067134,8804578506,40113,+16.50,184.0
2026-05-12,186.0,197.0,179.5,181.0,48844528,9116274146,47327,-3.00,181.0
2026-05-13,170.0,175.0,163.0,166.0,29760494,4979617218,30352,-15.00,166.0
2026-05-14,167.0,171.5,159.5,160.0,24176313,3989604088,21952,-6.00,160.0
2026-05-15,162.0,167.5,152.5,154.5,22939147,3653682083,19974,-5.50,154.5
2026-05-18,150.0,150.5,140.5,148.5,17041628,2471157194,14444,-6.00,148.5
2026-05-19,148.0,153.0,141.0,150.0,19187467,2837516611,15778,+1.50,150.0
