date,open,high,low,close,volume,turnover,transactions,price_change,close_adj
20150714,66.5,69.9,66.5,66.5,4615028,313564548,3011,X0.00,43.77451762338103
20150715,65.8,68.7,65.3,68.5,2696563,181627128,1650,+2.00,45.091044469197
20150716,68.3,78.0,68.2,75.8,3653718,263272220,2298,+7.30,49.89636745642531
20150717,74.0,75.2,72.6,72.7,1763591,130003366,1212,-3.10,47.85575084541055
20150720,72.9,74.0,67.7,68.8,1931626,135360541,1030,-3.90,45.2885234960694
20150721,68.9,71.0,66.0,71.0,1806183,125163816,1084,+2.20,46.73670302646698
20150722,68.7,71.0,67.5,68.1,1101668,75802919,715,-2.90,44.8277391000338
20150723,68.0,69.2,65.3,67.5,874263,58859898,648,-0.60,44.43278104628902
20150724,67.5,69.5,65.5,69.5,754522,51032077,534,+2.00,45.749307892104994
20150727,68.5,68.5,66.0,66.0,443225,29778250,319,-3.50,43.44538591192705
20150728,65.3,66.7,63.0,66.5,778600,50666060,529,+0.50,43.77451762338103
20150729,66.7,71.6,66.7,71.1,1927287,133361317,1179,+4.60,46.80252936875777
20150730,69.5,71.8,68.8,70.0,1361445,95755461,866,-1.10,46.07843960355899
20150731,70.0,73.4,69.0,71.2,1520068,108771828,1047,+1.20,46.86835571104857
20150803,69.7,69.7,64.1,64.4,1614395,106968117,980,-6.80,42.39216443527426
20150804,64.0,66.5,63.0,63.5,855550,55376670,646,-0.90,41.79972735465709
20150805,64.5,68.0,64.0,68.0,1096883,72838278,723,+4.50,44.761912757743005
20150806,68.0,68.0,65.2,65.4,513698,33993170,411,-2.60,43.05042785818226
20150807,65.0,68.0,63.9,68.0,767064,51389890,438,+2.60,44.761912757743005
20150810,66.4,68.4,66.4,67.2,655619,44221348,456,-0.80,44.23530201941662
20150811,67.5,68.1,64.5,64.5,1151624,75194960,489,-2.70,42.457990777565065
20150812,64.5,65.5,62.8,63.8,446732,28550598,323,-0.70,41.99720638152947
20150813,65.0,65.0,63.1,64.3,627069,40295336,399,+0.50,42.32633809298346
20150814,63.8,63.9,59.5,59.5,885148,53669606,603,-4.80,39.16667366302514
20150817,59.2,59.2,53.6,53.6,1274342,68831829,591,-5.90,35.28291946786801
20150818,50.8,53.4,49.7,51.4,858667,44163983,634,-2.20,33.83473993747045
20150819,51.7,51.8,46.3,47.0,1303263,62101011,753,-4.40,30.93838087667532
20150820,47.0,48.65,47.0,47.45,797223,38230179,593,+0.45,31.23459941698392
20150821,48.05,49.35,46.0,46.1,1295200,61770390,828,-1.35,30.345943796058133
20150824,44.0,44.0,41.5,41.5,1001153,41745048,507,-4.60,27.317932050681403
20150825,40.0,42.9,38.3,42.3,926630,37812525,623,+0.80,27.84454278900779
20150826,41.5,41.6,39.8,40.8,481003,19574623,387,-1.50,26.857147654645807
20150827,41.8,43.8,41.7,42.6,805850,34332110,608,+1.80,28.042021815880187
20150828,43.6,44.6,42.2,42.65,589000,25633400,430,+0.05,28.074934987025586
20150831,42.65,42.9,41.9,42.2,340000,14384999,225,-0.45,27.778716446716988
20150901,42.3,46.4,42.3,46.4,950250,42982750,585,+4.20,30.54342282293053
20150902,46.0,50.5,46.0,50.0,1666380,80030974,1204,+3.60,32.913171145399275
20150903,48.7,49.5,47.7,48.6,1052400,51235990,761,-1.40,31.9916023533281
20150904,48.0,49.35,46.45,46.5,795050,38130985,537,-2.10,30.60924916522133
20150907,45.7,49.4,45.7,48.7,601034,28688099,402,+2.20,32.057428695618896
20150908,47.85,48.6,47.5,47.8,447056,21473679,339,-0.90,31.46499161500171
20150909,48.75,49.55,48.15,49.4,705000,34587200,524,+1.60,32.51821309165448
20150910,47.8,48.8,47.5,48.4,1119000,54002000,447,-1.00,31.859949668746502
20150911,48.3,49.85,48.3,49.3,551000,27077100,419,+0.90,32.45238674936368
20150914,49.5,49.55,48.2,48.5,413090,20148377,301,-0.80,31.925776011037293
20150915,48.35,48.95,48.0,48.3,292100,14138854,202,-0.20,31.7941233264557
20150916,48.9,48.9,47.7,47.8,294000,14132950,206,-0.50,31.46499161500171
20150917,48.0,52.5,48.0,52.5,1258529,64125972,728,+4.70,34.55882970266924
20150918,52.6,56.8,52.0,54.0,1752264,94882349,1236,+1.50,35.54622483703121
20150921,52.0,54.0,51.5,53.8,730100,38684169,487,-0.20,35.414572152449615
20150922,54.3,58.8,54.3,57.6,1251914,71611167,866,+3.80,37.915973159499956
20150923,57.0,58.1,56.1,57.2,892150,50910319,585,-0.40,37.65266779033677
20150924,58.0,60.5,57.2,59.8,1349601,79603639,934,+2.60,39.36415268989753
20150925,59.5,59.6,56.9,58.0,701085,40871637,510,-1.80,38.179278528663154
20150930,56.4,58.2,56.4,57.3,504250,28877750,345,-0.70,37.71849413262757
20151001,57.8,59.5,57.8,58.6,683100,40029870,392,+1.30,38.57423658240794
20151002,58.3,60.8,58.3,59.6,742100,44412029,514,+1.00,39.232500005315934
20151005,59.9,60.3,58.3,59.0,620500,36725344,462,-0.60,38.83754195157115
20151006,60.0,63.5,59.9,60.5,1734607,107413140,1154,+1.50,39.82493708593312
20151007,61.0,61.0,59.3,60.6,933180,56267800,643,+0.10,39.89076342822391
20151008,61.0,61.1,57.8,58.0,678122,39848551,491,-2.60,38.179278528663154
20151012,58.1,58.8,55.0,58.2,601480,34716087,464,+0.20,38.31093121324476
20151013,58.0,59.5,57.5,58.3,327000,19179700,271,+0.10,38.376757555535555
20151014,57.7,58.7,57.0,57.0,323162,18631234,260,-1.30,37.521015105755176
20151015,58.4,58.4,56.3,56.4,330102,18889573,289,-0.60,37.126057052010374
20151016,56.5,57.4,56.4,57.0,266000,15103400,196,+0.60,37.521015105755176
20151019,57.2,59.2,56.9,58.0,373000,21696700,297,+1.00,38.179278528663154
20151020,58.3,59.2,57.0,57.3,309192,17832701,245,-0.70,37.71849413262757
20151021,57.0,57.3,56.6,56.8,237052,13495553,191,-0.50,37.38936242117357
20151022,56.7,57.3,55.7,55.9,382500,21456699,287,-0.90,36.796925340556385
20151023,56.6,56.9,55.6,55.9,335140,18818826,256, 0.00,36.796925340556385
20151026,55.6,56.8,55.5,56.3,373150,20944660,186,+0.40,37.06023070971958
20151027,57.0,59.5,57.0,58.5,1199385,69481515,564,+2.20,38.50841024011714
20151028,57.8,58.4,57.1,57.6,392905,22624954,282,-0.90,37.915973159499956
20151029,58.0,59.8,57.7,59.3,987175,58384907,701,+1.70,39.03502097844353
20151030,59.2,59.3,57.2,57.8,365085,21151255,264,-1.50,38.04762584408156
20151102,58.0,58.2,57.5,57.9,177000,10236600,122,+0.10,38.11345218637235
20151103,58.8,60.1,58.5,58.5,745300,44226400,469,+0.60,38.50841024011714
20151104,58.8,59.1,58.0,58.3,422200,24742060,299,-0.20,38.376757555535555
20151105,58.8,61.5,58.8,60.4,1049110,63329532,667,+2.10,39.759110743642324
20151106,59.8,60.5,59.2,59.4,474400,28277000,352,-1.00,39.100847320734324
20151109,59.6,60.4,57.5,57.9,388500,22653500,286,-1.50,38.11345218637235
20151110,57.9,62.8,57.8,60.7,881900,52809568,628,+2.80,39.95658977051472
20151111,60.7,61.0,58.0,58.2,864650,51430629,607,-2.50,38.31093121324476
20151112,58.5,59.3,55.0,57.5,858500,49027050,623,-0.70,37.85014681720917
20151113,56.4,57.8,56.4,57.0,320140,18249708,215,-0.50,37.521015105755176
20151116,56.0,57.7,55.6,56.9,248040,14046792,175,-0.10,37.455188763464356
20151117,57.9,58.3,57.1,57.2,458030,26462931,308,+0.30,37.65266779033677
20151118,57.6,58.5,56.7,56.7,302000,17333700,218,-0.50,37.32353607888278
20151119,57.5,57.5,56.5,56.8,380030,21588619,275,+0.10,37.38936242117357
20151120,56.9,57.6,56.7,56.8,223035,12709495,168, 0.00,37.38936242117357
20151123,57.0,57.8,56.9,57.1,301100,17223660,192,+0.30,37.586841448045966
20151124,57.5,58.1,56.7,56.7,397055,22769635,266,-0.40,37.32353607888278
20151125,57.0,57.2,54.3,54.8,378050,21016164,269,-1.90,36.07283557535761
20151126,55.1,56.0,54.8,55.3,272230,15071211,197,+0.50,36.4019672868116
20151127,55.5,55.6,54.7,55.3,180000,9960900,140, 0.00,36.4019672868116
20151130,55.3,55.3,52.7,52.9,316000,16979200,241,-2.40,34.82213507183243
20151201,53.5,54.8,53.5,54.2,245000,13274600,203,+1.30,35.677877521612814
20151202,54.7,56.7,54.6,55.6,471000,26312400,327,+1.40,36.59944631368399
20151203,55.0,56.9,55.0,55.4,331010,18552970,223,-0.20,36.467793629102395
20151204,55.1,55.6,54.6,54.8,236000,12997600,174,-0.60,36.07283557535761
20151207,55.5,55.5,54.3,54.3,240000,13144300,167,-0.50,35.74370386390361
20151208,54.9,55.5,54.0,54.0,213100,11657060,161,-0.30,35.54622483703121
20151209,53.1,53.9,50.5,50.5,457500,23592000,356,-3.50,33.24230285685327
20151210,51.0,51.6,50.0,51.6,240050,12183380,181,+1.10,33.966392622052055
20151211,51.6,52.7,49.5,49.5,278002,14081099,223,-2.10,32.58403943394529
20151214,48.0,49.3,48.0,48.1,132184,6398627,109,-1.40,31.662470641874105
20151215,48.7,49.25,47.6,48.0,201100,9684365,163,-0.10,31.596644299583303
20151216,49.0,49.0,48.1,48.2,161000,7792700,134,+0.20,31.7282969841649
20151217,49.0,50.8,48.5,50.0,277358,13809858,220,+1.80,32.913171145399275
20151218,49.25,50.8,49.25,49.6,127000,6344050,98,-0.40,32.64986577623608
20151221,49.2,50.3,49.2,49.85,117020,5843746,96,+0.25,32.81443163196309
20151222,49.85,50.1,49.05,49.05,122000,6047100,89,-0.80,32.28782089363669
20151223,49.05,49.2,47.85,48.0,276000,13346900,211,-1.05,31.596644299583303
20151224,49.6,51.8,49.5,51.6,567494,28947942,459,+3.60,33.966392622052055
20151225,51.6,51.6,50.4,50.8,323100,16481030,244,-0.80,33.43978188372566
20151228,50.2,50.8,50.0,50.0,126485,6359404,98,-0.80,32.913171145399275
20151229,50.1,50.1,48.65,49.1,177290,8708538,138,-0.90,32.32073406478209
20151230,49.4,49.45,48.6,49.2,83000,4084000,67,+0.10,32.38656040707289
20151231,48.85,49.2,48.85,49.0,118000,5783100,76,-0.20,32.254907722491296
20160104,49.6,49.95,48.95,49.5,144397,7140330,121,+0.50,32.58403943394529
20160105,49.1,49.9,49.0,49.2,72000,3557450,60,-0.30,32.38656040707289
20160106,49.1,49.55,48.45,48.8,155537,7587116,114,-0.40,32.1232550379097
20160107,49.5,49.9,47.5,48.5,293252,14240921,205,-0.30,31.925776011037293
20160108,48.4,49.5,48.4,49.4,132000,6468850,89,+0.90,32.51821309165448
20160111,48.45,48.7,47.55,48.45,148002,7116546,119,-0.95,31.8928628398919
20160112,48.45,48.55,45.05,45.1,402112,18622796,312,-3.35,29.687680373150148
20160113,45.45,45.9,45.1,45.25,128500,5840548,95,+0.15,29.786419886586344
20160114,44.55,44.85,42.8,44.85,172000,7551350,135,-0.40,29.523114517423156
20160115,45.2,45.5,44.0,44.05,106256,4739907,78,-0.80,28.99650377909676
20160118,42.9,46.4,42.9,46.4,132150,5891900,113,+2.35,30.54342282293053
20160119,46.25,47.3,45.45,47.3,94250,4374975,74,+0.90,31.135859903547715
20160120,46.5,46.95,45.5,46.45,110288,5080462,90,-0.85,30.576335994075922
20160121,46.4,46.4,45.25,46.3,131000,5998450,110,-0.15,30.477596480639733
20160122,47.5,48.7,46.7,46.8,417000,19887900,339,+0.50,30.806728192093708
20160125,47.05,47.7,46.8,46.85,156000,7353250,121,+0.05,30.839641363239128
20160126,46.2,47.05,46.2,46.25,75000,3495900,56,-0.60,30.44468330949434
20160127,46.3,46.95,46.0,46.0,101000,4686450,68,-0.25,30.280117453767332
20160128,46.0,46.35,45.7,45.8,91000,4184550,70,-0.20,30.14846476918574
20160129,45.6,46.5,45.6,46.0,102000,4704050,73,+0.20,30.280117453767332
20160130,46.7,47.4,46.45,47.2,142000,6680750,101,+1.20,31.070033561256924
20160201,47.2,48.65,46.9,48.1,243000,11665750,180,+0.90,31.662470641874105
20160202,47.85,48.35,47.2,47.45,66200,3154950,60,-0.65,31.23459941698392
20160203,47.1,47.55,46.25,47.0,113000,5289950,79,-0.45,30.93838087667532
20160215,47.3,49.9,47.3,48.8,255045,12302196,174,+1.80,32.1232550379097
20160216,49.5,51.0,49.2,49.7,380100,19034150,259,+0.90,32.71569211852688
20160217,50.3,51.2,49.4,50.6,543238,27389823,383,+0.90,33.30812919914406
20160218,52.0,52.9,50.9,51.3,661050,34303580,467,+0.70,33.76891359517967
20160219,51.3,51.7,50.5,51.1,256010,13056016,188,-0.20,33.63726091059805
20160222,51.0,51.9,50.7,51.3,277005,14210458,185,+0.20,33.76891359517967
20160223,51.9,52.7,51.5,51.9,452142,23550098,286,+0.60,34.16387164892445
20160224,52.0,55.8,51.9,54.4,1491355,81284075,918,+2.50,35.8095302061944
20160225,55.3,55.4,53.8,54.2,765550,41816045,458,-0.20,35.677877521612814
20160226,54.7,55.5,54.0,54.4,425000,23256200,290,+0.20,35.8095302061944
20160301,54.5,56.0,54.0,55.6,522000,28728800,355,+1.20,36.59944631368399
20160302,56.0,59.4,55.5,55.5,1387100,79374700,914,-0.10,36.5336199713932
20160303,55.7,56.2,54.5,54.5,831030,45884450,457,-1.00,35.875356548485215
20160304,55.3,58.3,54.6,57.4,2028202,116408573,1081,+2.90,37.78432047491837
20160307,58.1,62.0,58.1,60.1,2926478,177248882,1607,+2.70,39.56163171676993
20160308,60.1,64.6,60.1,63.8,4533049,284887209,2586,+3.70,41.99720638152947
20160309,64.4,65.3,62.5,62.5,2936531,186995187,1743,-1.30,41.141463931749094
20160310,63.2,67.3,61.6,66.1,4747600,309498980,2761,+3.60,43.51121225421784
20160311,65.6,68.2,65.5,66.6,3333159,223418523,1981,+0.50,43.84034396567183
20160314,67.5,67.9,65.6,65.9,2408780,160139699,1521,-0.70,43.37955956963625
20160315,66.4,67.2,62.0,62.0,2530847,163769095,1515,-3.90,40.8123322202951
20160316,62.6,65.5,62.6,64.6,1875756,120452909,1216,+2.60,42.52381711985586
20160317,65.1,65.9,61.9,62.1,1792771,113559845,1140,-2.50,40.878158562585895
20160318,62.8,63.3,61.6,62.4,757247,47343037,462,+0.30,41.07563758945828
20160321,63.4,65.0,62.6,64.8,1998220,127809556,1156,+2.40,42.65546980443745
20160322,64.8,64.8,63.2,63.5,1373481,87899187,887,-1.30,41.79972735465709
20160323,64.1,64.4,61.8,61.8,1351102,84467513,824,-1.70,40.6806795357135
20160324,62.0,63.4,60.8,61.0,1515007,93659227,1034,-0.80,40.15406879738712
20160325,61.2,61.5,58.1,58.1,1659484,98417465,999,-2.90,38.24510487095395
20160328,58.5,59.2,57.2,57.2,912205,52822587,638,-0.90,37.65266779033677
20160329,57.5,58.0,54.9,57.2,1321095,74858610,784, 0.00,37.65266779033677
20160330,57.7,58.5,57.2,57.4,701050,40542200,513,+0.20,37.78432047491837
20160331,58.6,59.2,56.6,59.0,1302200,75747060,704,+1.60,38.83754195157115
20160401,58.6,58.7,57.4,57.7,496100,28757260,351,-1.30,37.98179950179077
20160406,57.5,57.5,56.2,56.8,350000,19890700,257,-0.90,37.38936242117357
20160407,57.0,57.8,56.2,56.3,474010,26966205,342,-0.50,37.06023070971958
20160408,56.7,57.2,56.1,56.4,295050,16694910,221,+0.10,37.126057052010374
20160411,56.2,56.5,54.0,54.3,761000,41690800,546,-2.10,35.74370386390361
20160412,54.6,55.3,52.1,52.1,691000,37048000,494,-2.20,34.29552433350605
20160413,52.7,53.5,51.1,53.0,1314200,69431639,385,+0.90,34.88796141412323
20160414,53.8,56.9,53.5,56.3,1717200,95551260,1146,+3.30,37.06023070971958
20160415,56.5,56.8,55.8,55.9,509111,28623393,375,-0.40,36.796925340556385
20160418,55.0,55.4,54.4,54.4,375100,20537100,269,-1.50,35.8095302061944
20160419,54.6,55.6,54.4,54.5,292001,16007856,209,+0.10,35.875356548485215
20160420,54.9,55.0,53.0,53.0,350001,18777357,255,-1.50,34.88796141412323
20160421,53.2,53.3,51.8,52.4,417020,21880260,280,-0.60,34.49300336037844
20160422,52.7,53.2,51.1,51.2,431000,22394000,308,-1.20,33.70308725288886
20160425,51.2,51.2,50.2,50.3,294300,14871789,226,-0.90,33.11065017227168
20160426,50.6,51.7,50.5,51.6,368000,18885400,237,+1.30,33.966392622052055
20160427,51.9,52.0,51.2,51.2,120000,6182000,93,-0.40,33.70308725288886
20160428,51.9,51.9,50.5,50.6,207006,10534822,156,-0.60,33.30812919914406
20160429,50.5,50.5,48.6,48.65,620200,30395508,398,-1.95,32.02451552447349
20160503,49.2,49.35,48.2,48.2,250000,12148650,176,-0.45,31.7282969841649
20160504,48.2,48.7,47.4,47.45,224306,10738168,179,-0.75,31.23459941698392
20160505,47.35,49.5,47.3,48.9,403500,19414575,269,+1.45,32.18908138020049
20160506,48.9,48.9,47.9,48.0,276000,13310350,181,-0.90,31.596644299583303
20160509,48.25,48.25,46.1,46.1,383677,18027244,286,-1.90,30.345943796058133
20160510,46.0,47.3,45.65,47.1,234000,10924450,166,+1.00,31.004207218966126
20160511,47.3,47.8,46.3,46.5,303000,14257450,196,-0.60,30.60924916522133
20160512,46.05,46.6,44.05,44.1,412010,18698197,289,-2.40,29.02941695024216
20160513,44.1,45.4,44.0,44.7,252010,11249498,182,+0.60,29.424375003986952
20160516,44.7,45.0,44.1,44.9,135000,6015250,96,+0.20,29.55602768856855
20160517,45.0,46.85,44.9,46.15,301010,13842240,224,+1.25,30.378856967203532
20160518,45.75,46.6,45.4,45.5,142000,6528800,118,-0.65,29.95098574231335
20160519,46.2,46.25,45.6,45.7,127000,5818450,97,+0.20,30.08263842689494
20160520,45.3,46.3,44.8,45.45,158000,7168900,119,-0.25,29.91807257116795
20160523,45.95,47.45,45.65,47.1,355121,16662849,249,+1.65,31.004207218966126
20160524,47.1,47.9,47.0,47.0,163000,7714850,124,-0.10,30.93838087667532
20160525,47.5,48.65,47.5,48.0,412061,19845346,301,+1.00,31.596644299583303
20160526,48.35,49.0,48.1,48.1,241000,11688150,156,+0.10,31.662470641874105
20160527,48.5,48.75,47.7,47.7,233010,11204058,180,-0.40,31.39916527271091
20160530,48.05,48.05,47.35,47.55,170000,8091950,125,-0.15,31.30042575927471
20160531,47.55,50.5,47.55,50.5,1127477,56093288,847,+2.95,33.24230285685327
20160601,51.0,52.1,50.7,50.9,865085,44315426,568,+0.40,33.50560822601646
20160602,50.5,51.0,49.5,49.5,424934,21338250,303,-1.40,32.58403943394529
20160603,49.7,50.0,49.0,49.5,185000,9130550,132, 0.00,32.58403943394529
20160604,49.65,51.0,49.65,50.2,263300,13280219,180,+0.70,33.04482382998088
20160606,50.5,50.8,49.7,49.7,172060,8595257,125,-0.50,32.71569211852688
20160607,50.0,50.6,49.5,49.6,201000,10073400,138,-0.10,32.64986577623608
20160608,49.75,50.5,49.35,49.65,168300,8379645,114,+0.05,32.682778947381486
20160613,50.5,50.5,49.65,49.7,338100,16911090,234,+0.05,32.71569211852688
20160614,50.0,50.1,49.45,49.6,136100,6765030,107,-0.10,32.64986577623608
20160615,49.8,49.95,49.25,49.65,208010,10325902,166,+0.05,32.682778947381486
20160616,49.9,50.7,49.5,50.6,301290,15150258,228,+0.95,33.30812919914406
20160617,51.0,51.7,50.3,50.4,295010,14998605,238,-0.20,33.17647651456246
20160620,50.6,51.0,50.2,51.0,273345,13842795,180,+0.60,33.57143456830727
20160621,51.3,52.7,50.7,51.8,1105100,57333300,709,+0.80,34.098045306633644
20160622,51.8,52.3,51.2,51.2,337000,17393000,257,-0.60,33.70308725288886
20160623,51.3,51.3,50.0,50.2,296000,14937800,236,-1.00,33.04482382998088
20160624,50.2,50.2,45.95,46.45,872000,41480950,613,-3.75,30.576335994075922
20160627,46.1,48.0,46.1,47.8,252000,11894400,199,+1.35,31.46499161500171
20160628,47.8,48.3,46.75,48.0,253000,12034300,181,+0.20,31.596644299583303
20160629,48.3,49.65,48.3,49.1,509200,25110599,378,+1.10,32.32073406478209
20160630,49.6,49.6,48.6,48.7,227000,11112800,163,-0.40,32.057428695618896
20160701,49.2,49.2,48.5,48.75,177089,8640924,128,+0.05,32.0903418667643
20160704,48.95,49.25,48.75,48.75,151000,7390550,121, 0.00,32.0903418667643
20160705,48.8,49.25,48.5,49.15,216000,10550950,159,+0.40,32.35364723592749
20160706,48.6,48.85,47.8,48.25,275000,13290550,193,-0.90,31.761210155310312
20160707,48.25,48.75,48.25,48.6,155000,7517950,103,+0.35,31.9916023533281
20160711,48.75,48.75,47.9,48.1,290000,13962050,180,-0.50,31.662470641874105
20160712,48.0,48.3,47.75,47.85,192000,9188950,122,-0.25,31.49790478614711
20160713,47.85,49.2,47.85,48.85,211000,10218950,157,+1.00,32.1561682090551
20160714,49.05,49.75,49.0,49.7,220200,10882860,174,+0.85,32.71569211852688
20160715,50.0,50.0,49.3,49.65,340010,16887649,208,-0.05,32.682778947381486
20160718,50.0,50.4,49.9,50.1,332225,16649722,237,+0.45,32.97899748769008
20160719,50.4,50.9,50.3,50.9,722010,36533709,354,+0.80,33.50560822601646
20160720,51.3,51.4,50.5,50.7,824150,41841695,481,-0.20,33.37395554143488
20160721,47.7,47.7,47.05,47.45,538000,25436300,389,X0.00,33.19903963188856
20160722,47.4,47.4,47.0,47.05,170000,8003950,131,-0.40,32.91917417661446
20160725,47.0,47.05,46.0,46.05,283000,13105900,206,-1.00,32.219510538429255
20160726,46.05,46.4,45.8,46.3,137000,6327700,114,+0.25,32.394426447975555
20160727,46.4,46.95,46.4,46.45,136373,6371094,109,+0.15,32.499375993703346
20160728,46.9,47.0,46.55,46.6,119151,5573235,88,+0.15,32.60432553943112
20160729,46.95,46.95,45.8,46.0,121324,5595636,97,-0.60,32.18452735652
20160801,45.85,47.7,45.85,47.6,434602,20565043,299,+1.60,33.303989177616344
20160802,47.8,47.95,47.05,47.35,219000,10390150,126,-0.25,33.12907326807004
20160803,47.35,48.3,46.8,48.3,388626,18520098,274,+0.95,33.79375372434599
20160804,48.9,51.0,48.9,50.6,1749194,88230027,1123,+2.30,35.402980092171994
20160805,50.6,54.4,50.6,52.4,2038187,107125424,1325,+1.80,36.66237464090537
20160808,52.5,53.0,51.9,52.4,708800,37162037,406, 0.00,36.66237464090537
20160809,52.2,53.4,50.9,51.5,887074,46141717,507,-0.90,36.03267736653869
20160810,52.7,54.3,52.6,53.0,2331327,124082431,1395,+1.50,37.08217282381651
20160811,53.2,53.5,51.0,52.2,1036000,54343700,641,-0.80,36.522441913268345
20160812,53.2,55.4,52.4,54.5,2206633,119104843,1330,+2.30,38.13166828109434
20160815,55.7,57.3,54.5,55.0,3139470,175303900,1941,+0.50,38.48150010018695
20160816,55.0,56.0,54.5,55.9,1097860,60572188,642,+0.90,39.11119737455365
20160817,56.7,57.8,55.3,55.5,1960763,110763520,1274,-0.40,38.831331919279556
20160818,55.1,55.6,54.6,54.6,969200,53137279,607,-0.90,38.20163464491287
20160819,55.1,55.4,54.0,54.0,689213,37712837,458,-0.60,37.78183646200173
20160822,54.0,54.0,52.4,52.8,829602,43918644,542,-1.20,36.94224009617946
20160823,52.8,54.2,52.8,53.6,566000,30371700,390,+0.80,37.50197100672764
20160824,53.6,56.5,53.6,55.3,1518300,84246100,987,+1.70,38.69139919164252
20160825,55.1,57.0,55.0,56.0,1000200,56209440,699,+0.70,39.18116373837218
20160826,56.6,56.6,54.7,55.0,752190,41836150,541,-1.00,38.48150010018695
20160829,55.6,58.7,55.6,57.9,3017038,174491599,1956,+2.90,40.51052465092408
20160830,57.4,58.5,57.1,58.0,1130660,65256980,739,+0.10,40.5804910147426
20160831,58.0,58.5,56.5,56.5,856400,48881000,630,-1.50,39.53099555746478
20160901,56.6,56.7,55.5,55.7,478000,26729000,326,-0.80,38.97126464691661
20160902,56.0,56.1,53.9,54.2,752100,41011129,533,-1.50,37.92176918963877
20160905,54.3,55.7,54.3,55.2,414000,22876600,244,+1.00,38.621432827823995
20160906,55.6,55.6,54.4,54.8,415000,22829400,263,-0.40,38.3415673725499
20160907,55.5,55.6,54.7,54.8,300000,16525900,184, 0.00,38.3415673725499
20160908,55.7,58.4,55.6,58.4,1991244,114035198,1461,+3.60,40.86035647001669
20160909,57.6,58.7,57.6,57.9,1166000,67656000,763,-0.50,40.51052465092408
20160910,56.9,56.9,56.0,56.5,519200,29284740,361,-1.40,39.53099555746478
20160912,56.4,57.2,55.6,56.4,445250,25160200,320,-0.10,39.461029193646254
20160913,57.3,59.8,56.2,56.3,1860250,107904400,1314,-0.10,39.39106282982773
20160914,56.3,57.0,54.8,55.9,682200,37935240,479,-0.40,39.11119737455365
20160919,56.9,57.4,56.1,56.3,551300,31250200,393,+0.40,39.39106282982773
20160920,57.0,57.6,55.8,55.8,605100,34225100,438,-0.50,39.04123101073512
20160921,56.4,56.4,55.0,56.1,479100,26650310,359,+0.30,39.25113010219069
20160922,56.5,56.9,55.5,55.7,264001,14789255,197,-0.40,38.97126464691661
20160923,55.9,56.2,55.2,55.5,351563,19526020,242,-0.20,38.831331919279556
20160926,55.4,55.8,54.3,54.4,299100,16393740,218,-1.10,38.06170191727581
20160929,54.9,54.9,52.7,53.0,763777,40650981,538,-1.40,37.08217282381651
20160930,52.5,53.4,52.2,53.0,331100,17465600,262, 0.00,37.08217282381651
20161003,53.5,53.7,52.7,53.0,282100,14968910,195, 0.00,37.08217282381651
20161004,52.9,53.2,52.8,52.8,216000,11434900,154,-0.20,36.94224009617946
20161005,53.1,53.9,52.9,53.5,424100,22626760,255,+0.70,37.43200464290913
20161006,53.7,54.3,53.5,53.8,407320,21949115,296,+0.30,37.641903734364696
20161007,54.0,54.0,50.7,50.7,1147300,59469400,799,-3.10,35.47294645599052
20161011,50.0,50.0,47.25,47.45,1050162,50653935,732,-3.25,33.19903963188856
20161012,47.0,48.6,47.0,48.6,403271,19388174,295,+1.15,34.00365281580156
20161013,49.0,49.15,48.05,48.45,225000,10918200,140,-0.15,33.89870327007379
20161014,48.4,48.4,47.5,47.6,198056,9481796,151,-0.85,33.303989177616344
20161017,47.55,48.25,47.3,48.1,99760,4779863,87,+0.50,33.65382099670896
20161018,48.0,48.05,47.7,48.05,85100,4076960,61,-0.05,33.6188378147997
20161019,47.9,48.6,47.9,48.45,112000,5418200,88,+0.40,33.89870327007379
20161020,48.7,48.7,48.0,48.0,157000,7565800,110,-0.45,33.58385463289043
20161021,48.3,48.3,47.6,47.85,126000,6034750,115,-0.15,33.478905087162644
20161024,48.3,48.3,47.85,47.85,112000,5377500,76, 0.00,33.478905087162644
20161025,48.0,48.2,48.0,48.15,67003,3226244,60,+0.30,33.688804178618206
20161026,48.35,48.4,48.15,48.3,97081,4686862,80,+0.15,33.79375372434599
20161027,48.15,48.5,48.15,48.15,115110,5560746,83,-0.15,33.688804178618206
20161028,48.3,48.3,48.05,48.2,77020,3708404,68,+0.05,33.72378736052747
20161031,48.3,48.3,47.6,47.75,126000,6029450,101,-0.45,33.40893872334413
20161101,48.0,48.95,47.9,48.45,175003,8504295,148,+0.70,33.89870327007379
20161102,48.4,48.4,47.25,47.3,183000,8704550,129,-1.15,33.09409008616076
20161103,47.85,47.85,45.9,46.3,265000,12292450,184,-1.00,32.394426447975555
20161104,46.0,46.35,45.85,45.9,188000,8663750,117,-0.40,32.11456099270146
20161107,46.05,46.7,46.0,46.05,95100,4390250,73,+0.15,32.219510538429255
20161108,46.3,46.3,44.6,45.1,274000,12389850,186,-0.95,31.55483008215329
20161109,45.15,45.15,43.55,43.55,396000,17462100,278,-1.55,30.470351442966212
20161110,43.6,44.3,42.0,43.1,640405,27376396,441,-0.45,30.155502805782863
20161111,43.1,43.25,42.05,42.4,206000,8754300,145,-0.70,29.665738259053214
20161114,42.15,42.15,40.5,41.1,364000,14946800,230,-1.30,28.756175529412424
20161115,41.55,41.85,41.3,41.85,116020,4824395,85,+0.75,29.28092325805134
20161116,41.9,42.4,41.9,41.95,147222,6199413,102,+0.10,29.350889621869857
20161117,42.3,42.3,41.65,42.25,67030,2808179,57,+0.30,29.56078871332543
20161118,42.25,42.55,41.95,42.4,47070,1993196,43,+0.15,29.665738259053214
20161121,42.4,42.5,42.05,42.5,74000,3130450,51,+0.10,29.73570462287173
20161122,42.65,43.95,42.65,43.45,220000,9576250,173,+0.95,30.400385079147696
20161123,43.45,43.65,43.0,43.0,90000,3900700,71,-0.45,30.085536441964344
20161124,43.0,43.1,42.6,42.6,52000,2231000,46,-0.40,29.80567098669026
20161125,42.1,45.5,42.1,45.3,449099,19849484,334,+2.70,31.694762809790348
20161128,45.5,47.3,45.5,46.3,675072,31524719,482,+1.00,32.394426447975555
20161129,46.3,47.45,46.2,46.95,401100,18856495,283,+0.65,32.84920781279595
20161130,47.0,47.0,46.2,46.35,212000,9854500,132,-0.60,32.42940962988482
20161201,46.85,46.85,46.3,46.4,105000,4875200,73,+0.05,32.46439281179409
20161202,46.45,46.9,46.15,46.15,114000,5301350,93,-0.25,32.28947690224778
20161205,46.1,46.75,46.1,46.4,134000,6209400,102,+0.25,32.46439281179409
20161206,46.75,47.1,46.4,47.0,401342,18803304,251,+0.60,32.8841909947052
20161207,47.3,47.6,46.6,47.05,257672,12176165,180,+0.05,32.91917417661446
20161208,47.4,49.7,47.4,48.4,1179050,57580955,801,+1.35,33.86372008816452
20161209,48.6,48.6,47.5,47.7,393038,18793098,281,-0.70,33.37395554143488
20161212,47.65,47.65,46.0,46.0,413000,19241750,275,-1.70,32.18452735652
20161213,45.8,46.65,45.8,46.25,222304,10288186,134,+0.25,32.3594432660663
20161214,46.6,46.7,46.25,46.5,116000,5394200,81,+0.25,32.5343591756126
20161215,46.7,47.1,46.5,46.9,138001,6447796,92,+0.40,32.8142246308867
20161216,47.3,48.8,47.3,47.7,468101,22474498,332,+0.80,33.37395554143488
20161219,48.5,48.7,47.8,48.2,315030,15204435,204,+0.50,33.72378736052747
20161220,48.45,48.45,47.7,47.7,201000,9642250,134,-0.50,33.37395554143488
20161221,48.0,48.2,47.8,48.1,134000,6435350,90,+0.40,33.65382099670896
20161222,48.1,48.1,46.8,46.8,200000,9472750,141,-1.30,32.74425826706816
20161223,47.0,47.45,46.65,46.95,152000,7140000,78,+0.15,32.84920781279595
20161226,46.8,47.1,46.3,46.5,132030,6154345,82,-0.45,32.5343591756126
20161227,46.5,47.05,46.5,46.8,73000,3407400,37,+0.30,32.74425826706816
20161228,46.8,47.6,46.8,47.1,158000,7464800,90,+0.30,32.95415735852373
20161229,47.0,47.5,47.0,47.05,84000,3962350,60,-0.05,32.91917417661446
20161230,47.05,47.4,47.05,47.2,67050,3168857,54,+0.15,33.02412372234227
20170103,47.1,47.55,47.0,47.4,66000,3119750,58,+0.20,33.1640564499793
20170104,47.45,48.15,47.35,48.05,221003,10578994,151,+0.65,33.6188378147997
20170105,48.5,49.1,48.2,48.85,439052,21368924,276,+0.80,34.17856872534786
20170106,49.0,49.05,48.3,48.55,173000,8397600,122,-0.30,33.9686696338923
20170109,48.55,48.7,47.2,47.5,156000,7443900,125,-1.05,33.234022813797814
20170110,47.55,47.8,47.3,47.55,96000,4559050,68,+0.05,33.26900599570708
20170111,47.55,47.55,46.8,46.9,205052,9645649,129,-0.65,32.8142246308867
20170112,46.7,47.3,46.5,46.85,84000,3934950,59,-0.05,32.77924144897743
20170113,46.85,47.0,46.5,46.6,100005,4659932,68,-0.25,32.60432553943112
20170116,46.8,46.8,46.25,46.4,81580,3786620,65,-0.20,32.46439281179409
20170117,46.8,46.8,46.35,46.4,52000,2413350,32, 0.00,32.46439281179409
20170118,46.2,46.6,46.15,46.6,95094,4404780,56,+0.20,32.60432553943112
20170119,46.6,46.6,46.25,46.35,89000,4129550,56,-0.25,32.42940962988482
20170120,46.2,46.35,46.0,46.0,158000,7290600,104,-0.35,32.18452735652
20170123,46.05,46.05,45.3,45.4,227001,10361195,133,-0.60,31.764729173608867
20170124,45.4,45.8,45.15,45.45,183000,8303350,89,+0.05,31.79971235551813
20170202,45.65,45.65,45.2,45.2,48000,2176250,45,-0.25,31.624796445971835
20170203,45.4,46.45,45.4,46.2,255000,11736150,181,+1.00,32.32446008415704
20170206,46.4,46.8,46.4,46.5,191000,8908050,119,+0.30,32.5343591756126
20170207,47.05,47.05,46.15,46.8,93000,4343050,72,+0.30,32.74425826706816
20170208,46.75,46.75,46.3,46.45,89000,4136050,63,-0.35,32.499375993703346
20170209,46.65,46.65,45.1,45.1,240222,11066750,167,-1.35,31.55483008215329
20170210,45.2,45.95,45.2,45.3,171000,7792350,127,+0.20,31.694762809790348
20170213,45.3,45.85,45.3,45.55,79000,3603350,59,+0.25,31.869678719336648
20170214,46.0,46.4,45.3,45.5,164200,7517140,92,-0.05,31.834695537427397
20170215,45.4,46.1,45.4,45.85,136557,6250937,118,+0.35,32.079577810792216
20170216,46.2,46.2,45.7,45.7,119500,5486350,73,-0.15,31.974628265064435
20170217,46.3,46.3,45.9,46.15,90000,4139750,68,+0.45,32.28947690224778
20170218,46.3,47.0,46.2,46.95,198100,9265390,156,+0.80,32.84920781279595
20170220,47.5,47.6,46.85,46.85,174056,8204748,133,-0.10,32.77924144897743
20170221,47.15,47.15,46.5,46.65,86000,4021450,51,-0.20,32.639308721340385
20170222,47.3,47.3,46.4,46.5,179000,8341550,104,-0.15,32.5343591756126
20170223,46.2,46.75,46.2,46.3,98450,4569710,60,-0.20,32.394426447975555
20170224,46.3,46.5,46.05,46.3,83000,3841800,48, 0.00,32.394426447975555
20170301,46.8,46.9,46.3,46.9,180600,8397050,79,+0.60,32.8142246308867
20170302,47.65,49.5,47.65,48.4,1750700,85283913,1168,+1.50,33.86372008816452
20170303,48.4,48.4,47.0,48.1,490493,23423266,319,-0.30,33.65382099670896
20170306,48.0,48.55,47.95,48.0,229000,11058650,158,-0.10,33.58385463289043
20170307,48.05,48.2,47.55,47.7,142000,6792050,102,-0.30,33.37395554143488
20170308,47.7,48.05,47.3,47.8,120000,5720050,92,+0.10,33.44392190525338
20170309,47.0,47.0,45.85,45.9,525207,24346012,372,-1.90,32.11456099270146
20170310,45.9,45.9,44.4,45.2,428000,19181250,264,-0.70,31.624796445971835
20170313,44.15,45.35,44.15,45.2,137100,6161520,101, 0.00,31.624796445971835
20170314,45.2,47.4,45.1,46.6,427010,19848418,286,+1.40,32.60432553943112
20170315,46.7,47.4,46.4,46.6,246000,11500200,170, 0.00,32.60432553943112
20170316,46.2,46.6,45.9,46.0,200000,9225600,128,-0.60,32.18452735652
20170317,46.4,46.4,45.95,45.95,103000,4742050,75,-0.05,32.14954417461074
20170320,46.4,46.4,45.6,45.6,173000,7939100,116,-0.35,31.904661901245902
20170321,46.6,46.6,45.85,46.0,128000,5916350,99,+0.40,32.18452735652
20170322,45.95,46.5,45.65,46.1,87500,4031550,71,+0.10,32.254493720338516
20170323,46.35,46.4,45.7,45.8,142000,6534800,105,-0.30,32.04459462888293
20170324,46.8,47.8,46.45,47.5,981450,46434175,668,+1.70,33.234022813797814
20170327,47.95,48.7,47.6,47.7,713000,34264150,510,+0.20,33.37395554143488
20170328,47.8,47.9,45.75,46.35,440058,20532820,274,-1.35,32.42940962988482
20170329,46.45,46.6,46.0,46.35,131000,6054850,97, 0.00,32.42940962988482
20170330,47.6,49.15,47.25,48.35,1595650,77446775,1062,+2.00,33.82873690625525
20170331,48.6,48.9,48.2,48.5,605500,29388549,408,+0.15,33.93368645198303
20170405,48.6,48.6,47.75,48.05,373000,17957800,251,-0.45,33.6188378147997
20170406,48.3,52.6,48.3,50.7,2947704,149659292,1864,+2.65,35.47294645599052
20170407,50.7,52.1,49.8,51.3,1589315,80772372,1062,+0.60,35.89274463890164
20170410,51.5,51.7,49.5,50.5,715140,36036220,535,-0.80,35.33301372835348
20170411,52.0,53.5,50.6,50.6,2411452,125473222,1511,+0.10,35.402980092171994
20170412,55.6,55.6,55.6,55.6,2361882,131320639,1031,+5.00,38.90129828309808
20170413,61.1,61.1,60.3,61.1,6809921,415802670,3156,+5.50,42.74944829311678
20170414,61.4,65.0,60.3,60.5,10008027,625885008,6225,-0.60,42.32965011020565
20170417,62.5,62.8,55.4,57.0,5734156,333647692,3532,-3.50,39.88082737655737
20170418,58.3,61.2,57.8,59.0,3622851,216061209,2530,+2.00,41.28015465292781
20170419,58.6,58.6,56.3,56.4,1771815,101138901,1255,-2.60,39.461029193646254
20170420,57.5,58.7,52.2,53.6,2750300,153808070,1942,-2.80,37.50197100672764
20170421,55.4,56.2,54.3,55.3,1738450,95788636,1247,+1.70,38.69139919164252
20170424,55.3,55.3,52.1,52.1,1501373,79802745,1090,-3.20,36.452475549449815
20170425,53.0,53.1,51.8,52.2,1009500,52866950,711,+0.10,36.522441913268345
20170426,52.5,54.9,52.3,53.6,1489600,80239960,1133,+1.40,37.50197100672764
20170427,54.5,55.0,53.1,53.1,1157262,62551743,826,-0.50,37.152139187635036
20170428,53.9,57.3,53.6,55.8,3007090,168261367,2135,+2.70,39.04123101073512
20170502,55.8,61.3,54.4,61.3,5005848,294779481,3037,+5.50,42.88938102075382
20170503,66.0,66.5,58.1,59.4,11706112,751562420,7182,-1.90,41.56002010820191
20170504,59.5,60.2,58.2,58.6,2316080,137359995,1761,-0.80,41.00028919765373
20170505,58.5,59.6,56.0,56.1,2614099,151000883,1863,-2.50,39.25113010219069
20170508,57.0,57.0,55.6,55.6,1113000,62508000,807,-0.50,38.90129828309808
20170509,55.7,56.5,53.1,53.1,1680270,91117945,1195,-2.50,37.152139187635036
20170510,53.3,54.6,53.3,53.9,938100,50585120,722,+0.80,37.711870098183205
20170511,54.1,54.4,53.2,53.2,704122,37826539,501,-0.70,37.222105551453566
20170512,53.2,53.8,52.0,52.9,664160,35171972,496,-0.30,37.01220645999799
20170515,52.9,53.6,52.5,52.5,527000,27854000,382,-0.40,36.7323410047239
20170516,53.0,54.3,52.5,53.2,817050,43757995,633,+0.70,37.222105551453566
20170517,53.2,58.2,53.2,57.6,2685817,151391894,1915,+4.40,40.30062555946852
20170518,58.0,59.0,55.7,55.8,5038400,290096740,3318,-1.80,39.04123101073512
20170519,55.8,58.1,55.7,56.5,1565000,88686500,1186,+0.70,39.53099555746478
20170522,57.2,58.9,57.1,57.4,1734030,100537840,1289,+0.90,40.160692831831476
20170523,57.4,58.3,55.5,56.3,1164100,66058490,919,-1.10,39.39106282982773
20170524,56.6,57.1,55.8,55.9,523200,29418200,405,-0.40,39.11119737455365
20170525,56.0,56.3,54.9,55.0,654030,36179159,477,-0.90,38.48150010018695
20170526,55.5,56.0,54.1,54.1,495100,27186020,400,-0.90,37.85180282582025
20170531,54.4,54.6,53.0,53.0,603100,32140170,416,-1.10,37.08217282381651
20170601,53.3,53.7,53.0,53.4,409000,21801400,296,+0.40,37.362038279090605
20170602,54.9,56.0,54.4,54.4,1378000,76141700,960,+1.00,38.06170191727581
20170603,54.4,55.3,54.4,54.7,418355,22918347,309,+0.30,38.27160100873138
20170605,55.2,55.4,54.2,54.2,355050,19418619,276,-0.50,37.92176918963877
20170606,54.6,54.6,54.1,54.2,212100,11512210,170, 0.00,37.92176918963877
20170607,54.5,54.6,54.1,54.2,271070,14718987,199, 0.00,37.92176918963877
20170608,54.2,55.8,54.2,54.5,639300,35148130,498,+0.30,38.13166828109434
20170609,55.3,55.9,54.0,54.0,559000,30653900,412,-0.50,37.78183646200173
20170612,53.8,53.8,52.8,53.0,332100,17633480,254,-1.00,37.08217282381651
20170613,53.3,53.6,52.8,52.8,240000,12737400,188,-0.20,36.94224009617946
20170614,53.2,53.4,48.9,48.9,1274150,63776250,911,-3.90,34.21355190725712
20170615,48.75,49.3,48.55,49.25,380100,18607210,292,+0.35,34.45843418062196
20170616,49.25,50.0,48.9,49.75,308150,15269670,211,+0.50,34.808265999714564
20170619,49.9,50.6,49.8,49.9,212009,10617396,165,+0.15,34.913215545442334
20170620,50.0,51.0,49.7,49.7,319000,16069350,238,-0.20,34.77328281780529
20170621,49.6,49.95,49.5,49.7,159001,7900549,133, 0.00,34.77328281780529
20170622,50.1,50.4,49.9,50.0,200050,10016150,152,+0.30,34.983181909260864
20170623,50.4,50.4,49.35,49.35,210000,10416500,170,-0.65,34.52840054444047
20170626,49.5,50.2,49.15,49.25,188000,9296200,137,-0.10,34.45843418062196
20170627,49.35,49.9,49.3,49.55,165000,8175000,120,+0.30,34.66833327207752
20170628,49.55,49.55,49.1,49.45,258000,12731900,147,-0.10,34.598366908259
20170629,50.0,50.2,49.35,49.5,207150,10327775,172,+0.05,34.633350090168264
20170630,49.5,49.5,48.7,49.2,148000,7254450,109,-0.30,34.423450998712696
20170703,49.7,50.0,49.5,49.9,139170,6936433,116,+0.70,34.913215545442334
20170704,50.0,50.0,49.5,49.5,108008,5366896,88,-0.40,34.633350090168264
20170705,49.5,49.9,49.5,49.8,130000,6460150,93,+0.30,34.84324918162382
20170706,49.7,49.9,49.5,49.55,163100,8095300,109,-0.25,34.66833327207752
20170707,49.55,49.55,48.6,48.8,307000,15043400,220,-0.75,34.1435855434386
20170710,48.9,49.25,48.6,48.6,194127,9502985,118,-0.20,34.00365281580156
20170711,48.6,49.1,48.6,48.95,215460,10527116,156,+0.35,34.24853508916638
20170712,49.05,49.15,48.95,49.1,491100,24074140,307,+0.15,34.353484634894166
20170713,45.65,45.65,45.0,45.15,521003,23570500,393,X0.00,33.865935180468824
20170714,45.4,45.65,45.1,45.4,222831,10125743,164,+0.25,34.05345420140164
20170717,45.4,45.4,44.8,44.8,248000,11177500,148,-0.60,33.60340855116285
20170718,45.0,45.0,44.1,44.1,303000,13448800,207,-0.70,33.07835529255094
20170719,44.25,44.6,44.1,44.2,334200,14791500,164,+0.10,33.15336290092405
20170720,44.4,44.55,44.0,44.0,156050,6903055,128,-0.20,33.00334768417781
20170721,44.05,44.05,43.55,43.55,173000,7576000,140,-0.45,32.6658134464987
20170724,43.55,43.55,42.8,42.8,255000,10949800,210,-0.75,32.10325638370023
20170725,42.8,44.5,42.8,44.5,323135,14125148,255,+1.70,33.37838572604345
20170726,44.75,44.9,44.05,44.05,227000,10070250,185,-0.45,33.04085148836437
20170727,44.05,45.5,43.7,44.9,314000,14019800,272,+0.85,33.67841615953598
20170728,45.3,45.7,44.6,44.7,330000,14888300,253,-0.20,33.52840094278973
20170731,44.7,44.7,44.3,44.4,91100,4050090,69,-0.30,33.30337811767033
20170801,44.8,45.1,44.5,44.7,129000,5778150,105,+0.30,33.52840094278973
20170802,44.7,44.8,44.3,44.3,205000,9114650,123,-0.40,33.2283705092972
20170803,44.35,44.6,43.8,43.8,107114,4727604,87,-0.50,32.85333246743153
20170804,44.25,44.95,43.65,44.55,208000,9221550,163,+0.75,33.41588953023003
20170807,44.75,44.95,43.9,43.9,233210,10296397,192,-0.65,32.92834007580466
20170808,44.0,47.8,43.2,47.5,1806150,83315786,1148,+3.60,35.6286139772374
20170809,49.45,49.85,48.55,48.7,4389333,216143232,2732,+1.20,36.52870527771498
20170810,48.05,48.55,45.6,45.8,865650,40478775,584,-2.90,34.35348463489416
20170811,44.4,45.0,41.5,43.0,1796201,77596103,1170,-2.80,32.25327160044648
20170814,43.7,43.7,41.5,41.5,554300,23349815,384,-1.50,31.128157474849512
20170815,42.4,42.4,40.6,40.8,430019,17705230,321,-0.70,30.60310421623759
20170816,40.7,40.7,39.55,40.0,651100,26090920,445,-0.80,30.00304334925255
20170817,41.0,42.3,40.05,41.45,380000,15699450,326,+1.45,31.090653670662945
20170818,41.8,44.1,41.8,42.6,1201000,51757700,855,+1.15,31.953241166953962
20170821,43.05,43.05,41.5,41.75,364050,15295450,236,-0.85,31.31567649578235
20170822,41.9,42.85,41.9,42.05,242000,10239000,200,+0.30,31.54069932090174
20170823,42.7,46.0,41.8,45.8,1756000,78318200,1166,+3.75,34.35348463489416
20170824,47.6,48.8,47.6,48.1,4455400,214480820,2576,+2.30,36.07865962747619
20170825,49.05,49.05,45.85,45.85,1350150,63450415,890,-2.25,34.390988439080736
20170828,46.0,47.3,45.9,46.05,647000,30055000,447,+0.20,34.54100365582699
20170829,47.0,47.0,45.5,45.5,389000,17933700,257,-0.55,34.12846180977478
20170830,46.7,46.7,44.6,44.6,537200,24442900,397,-0.90,33.45339333441659
20170831,45.5,46.0,44.75,44.85,489000,22081500,358,+0.25,33.64091235534942
20170901,47.0,47.3,46.1,46.1,957511,44809109,662,+1.25,34.578507460013554
20170904,47.95,48.5,46.5,46.6,1044001,49686850,770,+0.50,34.953545501879226
20170905,47.5,49.4,45.8,48.8,2208569,106353086,1417,+2.20,36.603712886088104
20170906,48.75,49.7,47.8,48.2,3123042,152766383,1889,-0.60,36.153667235849326
20170907,48.2,48.5,46.2,46.6,1103300,52161380,738,-1.60,34.953545501879226
20170908,47.0,47.0,45.65,45.95,646110,29749721,439,-0.65,34.465996047453864
20170911,47.0,47.0,44.9,44.9,870000,39443150,549,-1.05,33.67841615953598
20170912,46.3,46.3,45.05,45.3,492060,22475160,348,+0.40,33.9784465930285
20170913,45.7,45.8,45.0,45.15,294090,13314850,199,-0.15,33.865935180468824
20170914,45.15,45.35,44.55,44.55,509100,22929220,339,-0.60,33.41588953023003
20170915,44.6,45.8,44.6,45.0,435000,19643900,318,+0.45,33.75342376790911
20170918,45.2,46.8,45.1,45.25,376000,17200500,276,+0.25,33.94094278884195
20170919,45.65,45.9,45.25,45.25,248000,11285650,189, 0.00,33.94094278884195
20170920,45.3,45.7,44.7,44.7,300000,13475650,187,-0.55,33.52840094278973
20170921,45.4,45.4,44.7,44.8,199000,8940900,119,+0.10,33.60340855116285
20170922,45.55,45.75,44.65,44.65,337019,15250048,252,-0.15,33.49089713860315
20170925,45.55,45.55,44.15,44.7,273000,12151850,174,+0.05,33.52840094278973
20170926,44.7,45.3,44.65,44.7,206000,9248300,130, 0.00,33.52840094278973
20170927,44.7,44.7,44.25,44.35,298082,13231099,184,-0.35,33.26587431348376
20170928,44.25,44.9,44.25,44.5,323000,14394100,178,+0.15,33.37838572604345
20170929,44.5,44.8,44.3,44.35,216594,9626764,111,-0.15,33.26587431348376
20170930,44.45,44.9,44.45,44.6,109010,4869695,75,+0.25,33.45339333441659
20171002,44.85,45.7,44.85,45.5,216090,9797122,167,+0.90,34.12846180977478
20171003,46.0,46.2,45.5,45.5,305008,13994311,225, 0.00,34.12846180977478
20171005,45.5,45.5,44.85,45.0,247000,11116900,123,-0.50,33.75342376790911
20171006,45.0,45.25,44.55,44.85,90100,4053290,73,-0.15,33.64091235534942
20171011,44.2,45.25,43.7,43.8,437000,19300900,248,-1.05,32.85333246743153
20171012,44.45,44.45,43.8,43.85,138000,6064200,75,+0.05,32.890836271618106
20171013,43.85,44.35,43.8,44.0,121348,5338596,87,+0.15,33.00334768417781
20171016,43.95,44.2,43.85,43.85,111150,4881942,79,-0.15,32.890836271618106
20171017,43.8,43.9,43.65,43.7,146000,6383450,93,-0.15,32.77832485905841
20171018,43.8,43.8,43.6,43.7,95074,4152787,57, 0.00,32.77832485905841
20171019,43.5,44.1,43.5,43.75,139000,6096600,82,+0.05,32.81582866324497
20171020,43.7,44.45,43.7,43.8,91110,4014574,73,+0.05,32.85333246743153
20171023,43.8,44.05,43.7,43.7,51400,2255020,46,-0.10,32.77832485905841
20171024,44.1,44.15,43.6,43.7,85000,3712750,45, 0.00,32.77832485905841
20171025,43.7,43.95,43.65,43.65,74100,3239720,55,-0.05,32.740821054871844
20171026,43.7,43.7,43.3,43.35,126000,5484350,71,-0.30,32.515798229752455
20171027,43.9,44.0,42.9,42.9,214100,9238129,131,-0.45,32.178263992073354
20171030,43.05,43.05,42.1,42.1,201129,8501032,129,-0.80,31.578203125088308
20171031,42.15,42.45,42.1,42.1,120200,5071020,87, 0.00,31.578203125088308
20171101,42.15,42.9,42.15,42.5,122100,5199299,106,+0.40,31.878233558580828
20171102,42.5,43.45,42.45,42.5,90000,3856900,72, 0.00,31.878233558580828
20171103,42.8,42.8,42.2,42.2,93000,3949000,80,-0.30,31.653210733461446
20171106,42.8,43.3,42.3,42.85,66000,2829250,59,+0.65,32.14076018788679
20171107,42.85,42.9,42.0,42.4,112000,4767450,77,-0.45,31.803225950207697
20171108,42.4,42.6,42.0,42.05,100000,4220600,81,-0.35,31.54069932090174
20171109,43.4,44.0,41.5,42.05,262000,11205350,190, 0.00,31.54069932090174
20171110,42.1,42.9,41.9,42.5,69332,2949505,54,+0.45,31.878233558580828
20171113,42.15,42.2,41.1,41.1,151000,6289300,121,-1.40,30.828127041356996
20171114,41.2,41.3,40.0,40.6,263000,10684900,175,-0.50,30.453088999491335
20171115,40.5,40.6,40.0,40.4,126000,5070100,89,-0.20,30.30307378274506
20171116,40.8,41.25,40.8,41.05,108000,4428550,82,+0.65,30.790623237170422
20171117,42.0,42.6,41.2,41.8,141000,5915950,102,+0.75,31.353180299968916
20171120,41.3,41.5,41.1,41.15,43000,1774150,34,-0.65,30.865630845543556
20171121,41.15,41.55,40.8,40.8,71000,2922700,52,-0.35,30.60310421623759
20171122,40.6,40.95,40.5,40.85,142000,5772000,90,+0.05,30.640608020424164
20171123,40.6,40.9,40.55,40.85,50000,2034750,42, 0.00,30.640608020424164
20171124,40.55,40.95,40.3,40.95,120000,4877800,79,+0.10,30.7156156287973
20171127,41.5,41.9,40.8,41.65,182041,7530345,140,+0.70,31.240668887409225
20171128,41.7,42.0,41.15,41.15,78000,3237700,57,-0.50,30.865630845543556
20171129,41.8,41.85,41.15,41.55,142000,5888200,82,+0.40,31.165661279036087
20171130,41.1,41.5,40.35,40.7,65050,2662184,54,-0.85,30.528096607864473
20171201,40.75,44.75,40.6,42.8,858000,37072250,602,2.1,32.10325638370023
20171204,43.9,43.9,42.0,42.35,224000,9639850,168,-0.45,31.765722146021144
20171205,42.0,42.6,41.55,41.55,77025,3227313,65,-0.8,31.165661279036087
20171206,41.8,42.0,40.95,40.95,122000,5016500,81,-0.6,30.7156156287973
20171207,42.0,42.0,40.4,40.45,91000,3707350,71,-0.5,30.340577586931648
20171208,41.2,41.2,40.5,40.55,79000,3211100,52,0.1,30.41558519530477
20171211,40.65,41.0,40.35,41.0,119000,4849500,78,0.45,30.75311943298387
20171212,41.0,41.0,40.5,40.55,76000,3089400,55,-0.45,30.41558519530477
20171213,40.55,40.8,40.55,40.55,63000,2557150,39,0.0,30.41558519530477
20171214,40.8,41.3,40.6,40.6,96000,3933300,68,0.05,30.453088999491335
20171215,41.2,41.2,40.7,41.0,150100,6153119,108,0.4,30.75311943298387
20171218,42.5,42.5,41.1,41.3,87000,3608700,78,0.3,30.978142258103254
20171219,41.4,41.4,41.0,41.0,65175,2680362,49,-0.3,30.75311943298387
20171220,40.9,41.2,40.85,40.85,76151,3119341,57,-0.15,30.640608020424164
20171221,40.9,41.5,40.9,41.4,83077,3419260,63,0.55,31.053149866476378
20171222,44.1,44.2,42.8,43.35,753035,32734372,581,1.95,32.515798229752455
20171225,44.1,44.1,43.3,43.3,271000,11809650,189,-0.05,32.478294425565885
20171226,43.8,43.8,42.25,42.3,184032,7872563,131,-1.0,31.728218341834566
20171227,42.3,42.9,42.0,42.1,119000,5027950,82,-0.2,31.578203125088308
20171228,42.6,42.6,41.9,41.95,108000,4548100,76,-0.15,31.46569171252861
20171229,42.3,42.45,41.9,42.2,81000,3412200,62,0.25,31.653210733461446
20180102,42.4,42.4,42.0,42.2,50000,2102050,33, 0.00,31.653210733461446
20180103,42.1,42.5,42.05,42.3,65000,2743500,51,+0.10,31.728218341834566
20180104,42.65,42.65,42.0,42.35,122275,5167437,78,+0.05,31.765722146021144
20180105,42.6,42.6,41.9,42.1,160000,6760050,110,-0.25,31.578203125088308
20180108,42.2,42.45,41.9,42.0,95000,4002450,57,-0.10,31.503195516715174
20180109,41.85,42.15,41.75,41.75,44000,1842850,37,-0.25,31.31567649578235
20180110,42.3,42.3,41.1,41.3,118153,4907822,77,-0.45,30.978142258103254
20180111,41.6,41.7,41.2,41.5,101000,4185000,60,+0.20,31.128157474849512
20180112,42.2,42.6,42.0,42.5,213000,9013150,139,+1.00,31.878233558580828
20180115,42.6,43.25,42.5,42.5,210000,8962050,132, 0.00,31.878233558580828
20180116,42.55,42.8,42.25,42.5,111000,4725750,76, 0.00,31.878233558580828
20180117,42.1,43.4,42.1,43.35,276300,11877100,203,+0.85,32.515798229752455
20180118,43.75,43.8,42.8,42.8,220000,9515150,153,-0.55,32.10325638370023
20180119,42.8,43.15,42.55,42.55,79000,3384850,59,-0.25,31.915737362767388
20180122,42.65,42.65,42.0,42.25,95021,4005490,74,-0.30,31.690714537648
20180123,42.1,42.45,42.0,42.2,90000,3792350,60,-0.05,31.653210733461446
20180124,42.2,42.8,42.0,42.3,123000,5196250,76,+0.10,31.728218341834566
20180125,42.4,42.7,42.05,42.1,96000,4051300,71,-0.20,31.578203125088308
20180126,42.25,42.25,42.0,42.05,81124,3413241,48,-0.05,31.54069932090174
20180129,42.1,42.25,42.1,42.15,40000,1685750,28,+0.10,31.61570692927487
20180130,42.4,42.5,42.2,42.35,131001,5546892,76,+0.20,31.765722146021144
20180131,42.1,42.4,41.8,42.3,46000,1939900,41,-0.05,31.728218341834566
20180201,42.3,42.95,42.3,42.75,110000,4701650,83,+0.45,32.06575257951367
20180202,42.9,43.3,42.65,42.9,100003,4285279,67,+0.15,32.178263992073354
20180205,42.0,42.9,41.9,42.9,84000,3547600,62, 0.00,32.178263992073354
20180206,39.35,40.65,39.1,39.55,481000,19185950,296,-3.35,29.665509111573453
20180207,39.8,40.25,39.7,40.0,133000,5323650,87,+0.45,30.00304334925255
20180208,40.2,40.2,38.85,39.1,155000,6093100,95,-0.90,29.327974873894362
20180209,37.8,37.8,35.55,36.45,409000,14947300,248,-2.65,27.340273252006387
20180212,36.5,37.4,36.5,37.3,85370,3146484,72,+0.85,27.977837923178004
20180221,37.5,38.8,37.5,38.1,62000,2363100,40,+0.80,28.577898790163047
20180222,38.5,38.6,38.2,38.5,52070,2000980,34,+0.40,28.877929223655578
20180223,39.0,39.65,38.6,39.1,58150,2277125,45,+0.60,29.327974873894362
20180226,39.3,39.85,39.1,39.5,53003,2096518,44,+0.40,29.62800530738689
20180227,39.5,39.7,39.1,39.2,42000,1652800,26,-0.30,29.40298248226749
20180301,38.7,39.2,38.7,39.1,22000,855450,13,-0.10,29.327974873894362
20180302,38.75,39.85,38.75,39.2,27000,1062250,27,+0.10,29.40298248226749
20180305,39.25,39.4,38.7,38.85,35000,1364000,27,-0.35,29.140455852961537
20180306,40.3,40.3,38.85,38.85,61000,2378700,38, 0.00,29.140455852961537
20180307,39.1,39.25,38.9,38.9,22000,858950,18,+0.05,29.177959657148097
20180308,39.2,39.2,38.8,38.9,24100,941260,22, 0.00,29.177959657148097
20180309,38.9,39.25,38.9,38.95,22000,858750,22,+0.05,29.21546346133467
20180312,38.9,39.3,38.9,39.0,46000,1794850,35,+0.05,29.25296726552123
20180313,38.9,39.4,38.9,39.15,49000,1923300,33,+0.15,29.36547867808093
20180314,39.15,39.9,39.15,39.5,81280,3210760,76,+0.35,29.62800530738689
20180315,39.65,39.7,39.5,39.5,31258,1238342,28, 0.00,29.62800530738689
20180316,39.8,39.8,39.2,39.35,35150,1380209,35,-0.15,29.5154938948272
20180319,39.35,39.35,39.1,39.15,66020,2588014,40,-0.20,29.36547867808093
20180320,39.15,39.15,38.85,38.85,37000,1440350,27,-0.30,29.140455852961537
20180321,38.85,39.2,38.85,39.1,44010,1716875,31,+0.25,29.327974873894362
20180322,38.85,39.15,38.8,38.85,28000,1089100,25,-0.25,29.140455852961537
20180323,38.6,38.6,38.0,38.3,54000,2065450,42,-0.55,28.72791400690931
20180326,38.3,38.45,38.3,38.45,31000,1189150,27,+0.15,28.840425419469014
20180327,39.65,39.75,38.85,39.0,25000,980500,21,+0.55,29.25296726552123
20180328,38.8,39.1,38.6,38.6,32228,1248670,31,-0.40,28.95293683202871
20180329,38.8,38.85,38.4,38.4,34000,1310450,27,-0.20,28.80292161528245
20180330,38.4,38.75,38.2,38.3,60001,2304089,46,-0.10,28.72791400690931
20180331,39.0,39.45,38.35,38.4,46241,1786391,31,+0.10,28.80292161528245
20180402,38.35,38.9,38.3,38.35,13000,499750,11,-0.05,28.765417811095872
20180403,38.2,38.6,38.0,38.2,50000,1905200,31,-0.15,28.652906398536196
20180409,38.1,38.1,37.65,37.8,64205,2426051,47,-0.40,28.352875965043655
20180410,37.8,38.0,37.45,37.85,61092,2301046,41,+0.05,28.390379769230233
20180411,37.85,37.85,37.5,37.85,47000,1774550,35, 0.00,28.390379769230233
20180412,38.0,38.3,37.6,37.9,116055,4374462,46,+0.05,28.42788357341679
20180413,38.3,38.5,37.75,38.15,43000,1630050,35,+0.25,28.615402594349614
20180416,38.5,38.5,37.75,37.75,53000,2008450,44,-0.40,28.315372160857088
20180417,37.65,37.7,37.4,37.55,92000,3453650,58,-0.20,28.16535694411083
20180418,37.55,37.6,37.05,37.05,85410,3191490,53,-0.50,27.790318902245172
20180419,37.05,37.9,36.6,36.9,108000,3986900,61,-0.15,27.677807489685474
20180420,37.1,37.1,36.6,36.9,39016,1438848,24, 0.00,27.677807489685474
20180423,36.6,36.6,35.55,35.55,111106,3980292,85,-1.35,26.6652047766482
20180424,35.3,35.35,34.0,34.45,86000,2994800,69,-1.10,25.840121084543753
20180425,34.05,34.4,33.05,33.6,139000,4665050,100,-0.85,25.202556413372143
20180426,33.95,33.95,33.35,33.6,69000,2318200,50, 0.00,25.202556413372143
20180427,33.6,33.65,33.5,33.65,41000,1376400,27,+0.05,25.2400602175587
20180430,33.55,34.0,33.5,34.0,25000,843650,17,+0.35,25.502586846864666
20180502,33.5,34.05,33.5,33.95,34000,1146900,27,-0.05,25.465083042678103
20180503,33.9,34.65,33.6,34.15,49000,1671400,35,+0.20,25.61509825942436
20180504,33.7,34.3,33.7,34.15,43100,1461500,31, 0.00,25.61509825942436
20180507,34.65,34.95,33.95,34.15,37004,1267400,30, 0.00,25.61509825942436
20180508,34.5,34.8,34.25,34.8,52000,1801350,37,+0.65,26.10264771384971
20180509,34.4,34.7,34.2,34.2,62000,2125550,33,-0.60,25.65260206361093
20180510,33.95,34.45,33.6,34.35,115003,3901812,58,+0.15,25.765113476170626
20180511,34.05,34.4,33.8,34.35,93000,3160950,42, 0.00,25.765113476170626
20180514,34.45,34.7,33.9,34.05,94058,3208045,52,-0.30,25.540090651051226
20180515,34.05,34.45,34.05,34.45,43000,1471000,30,+0.40,25.840121084543753
20180516,34.05,34.35,34.0,34.2,87000,2967500,35,-0.25,25.65260206361093
20180517,34.3,34.5,34.0,34.35,59000,2018650,38,+0.15,25.765113476170626
20180518,34.4,34.55,34.2,34.35,55000,1892050,32, 0.00,25.765113476170626
20180521,34.3,34.35,34.25,34.35,35000,1200300,26, 0.00,25.765113476170626
20180522,34.15,34.45,33.95,34.45,88000,2997200,42,+0.10,25.840121084543753
20180523,34.4,34.45,34.1,34.3,20000,685350,12,-0.15,25.727609671984055
20180524,34.05,34.25,33.9,34.25,74000,2520500,47,-0.05,25.690105867797495
20180525,34.35,34.35,34.0,34.3,32000,1094550,19,+0.05,25.727609671984055
20180528,34.05,34.9,34.05,34.85,84000,2912450,57,+0.55,26.140151518036287
20180529,34.5,34.85,34.25,34.85,42000,1446800,31, 0.00,26.140151518036287
20180530,34.85,36.0,34.85,35.55,184000,6530800,125,+0.70,26.6652047766482
20180531,35.65,35.65,35.15,35.6,87111,3074412,73,+0.05,26.702708580834766
20180601,35.6,35.9,35.25,35.75,86000,3065150,62,+0.15,26.81521999339446
20180604,35.75,37.2,35.75,36.8,206000,7553500,141,+1.05,27.602799881312333
20180605,37.05,37.1,36.7,36.85,119002,4382423,68,+0.05,27.640303685498914
20180606,36.9,37.25,36.55,37.15,90000,3320150,58,+0.30,27.8653265106183
20180607,36.85,37.1,36.6,37.0,97000,3577800,56,-0.15,27.752815098058615
20180608,37.0,37.15,36.8,36.95,87000,3217650,53,-0.05,27.715311293872034
20180611,37.0,37.1,36.75,37.0,83000,3067900,52,+0.05,27.752815098058615
20180612,36.65,38.05,36.65,37.5,113058,4217575,80,+0.50,28.12785313992426
20180613,37.6,37.75,37.3,37.4,123000,4600650,70,-0.10,28.052845531551124
20180614,37.4,37.4,36.9,37.35,66150,2452130,49,-0.05,28.015341727364564
20180615,36.9,37.35,36.7,37.35,95000,3517100,45, 0.00,28.015341727364564
20180619,37.0,37.3,36.85,37.3,55004,2033798,41,-0.05,27.977837923178004
20180620,37.0,37.3,36.8,37.3,500000,18613650,75, 0.00,27.977837923178004
20180621,37.4,39.9,37.0,38.5,1785098,67640923,358,+1.20,28.877929223655578
20180622,37.75,38.8,37.4,38.15,800000,30725150,184,-0.35,28.615402594349614
20180625,38.4,38.4,36.8,37.95,753030,28518905,202,-0.20,28.465387377603356
20180626,37.3,38.25,37.1,37.8,1291870,50229412,146,-0.15,28.352875965043655
20180627,35.9,35.9,35.7,35.8,98150,3509255,74,X0.00,28.352875965043655
20180628,35.8,36.1,35.3,36.1,40000,1425900,29,+0.30,28.59046989771162
20180629,36.2,36.8,35.6,36.8,52000,1882050,39,+0.70,29.144855740603536
20180702,36.9,37.3,36.5,36.95,69000,2546250,41,+0.15,29.26365270693752
20180703,36.85,36.85,35.1,35.9,65000,2341300,36,-1.05,28.432073942599647
20180704,35.9,36.2,35.3,36.15,58150,2075119,39,+0.25,28.630068886489614
20180705,35.1,36.15,35.1,36.0,68000,2411150,35,-0.15,28.511271920155632
20180706,35.6,36.05,35.3,36.05,27000,968300,20,+0.05,28.550870908933625
20180709,35.6,36.0,35.2,35.8,86060,3053042,53,-0.25,28.352875965043655
20180710,35.8,35.9,35.5,35.9,20000,711850,12,+0.10,28.432073942599647
20180711,35.5,35.65,35.25,35.65,30000,1064250,23,-0.25,28.234078998709677
20180712,35.65,36.15,35.4,36.15,61000,2178300,29,+0.50,28.630068886489614
20180713,35.4,36.15,35.4,36.1,20000,717650,14,-0.05,28.59046989771162
20180716,35.8,36.15,35.8,36.1,12000,432050,10, 0.00,28.59046989771162
20180717,35.6,36.1,35.6,36.0,29088,1042808,20,-0.10,28.511271920155632
20180718,36.1,36.5,36.1,36.15,44100,1600250,35,+0.15,28.630068886489614
20180719,36.2,36.4,36.2,36.4,39585,1435018,27,+0.25,28.82806383037958
20180720,36.9,36.9,36.15,36.4,36000,1311850,26, 0.00,28.82806383037958
20180723,36.25,36.55,36.25,36.4,13010,472411,12, 0.00,28.82806383037958
20180724,36.0,36.15,35.8,36.15,35000,1258550,30,-0.25,28.630068886489614
20180725,35.85,36.0,35.5,36.0,40200,1436070,22,-0.15,28.511271920155632
20180726,36.2,36.2,35.5,36.0,15000,538750,12, 0.00,28.511271920155632
20180727,36.1,36.1,35.5,36.0,27000,962850,23, 0.00,28.511271920155632
20180730,35.95,35.95,35.4,35.55,55000,1957450,36,-0.45,28.154881021153688
20180731,35.55,35.9,35.45,35.9,13000,463650,11,+0.35,28.432073942599647
20180801,35.9,36.05,35.6,35.6,25000,898150,15,-0.30,28.194480009931677
20180802,35.6,35.6,35.0,35.5,72000,2538050,43,-0.10,28.115282032375696
20180803,35.3,35.5,35.15,35.2,33000,1162500,22,-0.30,27.87768809970773
20180806,35.2,35.8,35.2,35.8,22000,779250,15,+0.60,28.352875965043655
20180807,35.8,36.5,35.8,36.5,79000,2856900,52,+0.70,28.90726180793557
20180808,37.0,37.0,36.5,36.8,64000,2344550,43,+0.30,29.144855740603536
20180809,36.6,37.0,36.5,37.0,58000,2137000,39,+0.20,29.30325169571551
20180810,37.0,37.25,37.0,37.15,76120,2825366,57,+0.15,29.422048662049487
20180813,37.15,37.6,37.15,37.5,233000,8704150,140,+0.35,29.699241583495446
20180814,37.5,37.8,37.25,37.7,97000,3635050,65,+0.20,29.85763753860743
20180815,37.7,37.7,37.45,37.7,47000,1765600,41, 0.00,29.85763753860743
20180816,37.5,37.65,37.25,37.3,34086,1273799,25,-0.40,29.540845628383472
20180817,37.35,37.7,37.35,37.65,51407,1925831,30,+0.35,29.81803854982943
20180820,37.65,37.65,36.95,37.5,93000,3463950,64,-0.15,29.699241583495446
20180821,37.7,37.7,37.2,37.5,31635,1182149,24, 0.00,29.699241583495446
20180822,37.5,37.5,37.25,37.5,19000,709550,13, 0.00,29.699241583495446
20180823,37.3,37.5,37.0,37.5,57000,2123350,29, 0.00,29.699241583495446
20180824,37.95,38.0,37.4,37.65,58000,2176000,40,+0.15,29.81803854982943
20180827,37.5,37.7,37.5,37.7,11001,413437,11,+0.05,29.85763753860743
20180828,37.4,38.0,37.4,38.0,21000,792700,18,+0.30,30.095231471275394
20180829,38.0,38.0,37.8,38.0,36000,1365650,28, 0.00,30.095231471275394
20180830,37.8,38.15,37.7,38.15,420000,17418950,24,+0.15,30.21402843760937
20180831,37.95,38.3,37.95,38.15,44115,1684187,34, 0.00,30.21402843760937
20180903,38.15,38.15,37.95,38.1,66000,2510550,37,-0.05,30.174429448831383
20180904,37.9,38.2,37.85,38.2,58000,2201400,22,+0.10,30.253627426387368
20180905,38.2,38.2,37.95,38.15,31000,1179750,18,-0.05,30.21402843760937
20180906,37.95,38.15,37.85,38.1,52566,1996087,33,-0.05,30.174429448831383
20180907,37.8,37.95,37.55,37.9,70000,2640100,46,-0.20,30.0160334937194
20180910,37.7,37.7,36.7,37.4,111100,4132240,67,-0.50,29.620043605939465
20180911,36.65,37.25,36.65,37.25,69100,2554220,49,-0.15,29.501246639605487
20180912,36.95,37.2,36.85,37.0,43100,1594900,31,-0.25,29.30325169571551
20180913,37.0,37.75,36.7,37.75,56000,2069350,33,+0.75,29.897236527385424
20180914,37.2,37.75,37.2,37.75,32000,1203200,20, 0.00,29.897236527385424
20180917,37.35,38.4,37.35,38.0,63000,2401800,44,+0.25,30.095231471275394
20180918,38.2,38.5,38.2,38.3,72000,2762450,48,+0.30,30.332825403943346
20180919,38.35,38.6,38.35,38.4,29000,1115950,24,+0.10,30.41202338149934
20180920,38.1,38.35,38.1,38.35,33761,1288118,21,-0.05,30.37242439272134
20180921,38.0,38.35,37.65,38.3,30000,1139000,15,-0.05,30.332825403943346
20180925,38.0,38.1,38.0,38.1,7000,266500,4,-0.20,30.174429448831383
20180926,38.0,38.0,37.8,37.85,33000,1250000,24,-0.25,29.976434504941405
20180927,37.65,37.9,37.65,37.9,12000,453550,9,+0.05,30.0160334937194
20180928,38.0,38.0,37.6,37.95,52000,1961350,34,+0.05,30.055632482497394
20181001,37.95,38.0,37.95,38.0,6000,227800,6,+0.05,30.095231471275394
20181002,38.0,38.0,37.75,37.75,4000,151250,3,-0.25,29.897236527385424
20181003,37.6,37.6,37.3,37.3,51001,1906337,31,-0.45,29.540845628383472
20181004,37.2,37.2,37.0,37.2,37000,1372250,20,-0.10,29.461647650827487
20181005,37.0,37.0,36.3,36.5,94000,3429750,51,-0.70,28.90726180793557
20181008,37.4,37.4,35.75,36.5,50000,1801750,35, 0.00,28.90726180793557
20181009,35.8,36.5,35.6,36.45,45000,1612850,30,-0.05,28.867662819157587
20181011,33.15,33.35,32.85,32.85,120050,3954707,56,-3.60,26.016535627142016
20181012,31.0,31.45,30.65,30.85,126050,3896107,98,-2.00,24.432576076022258
20181015,31.9,31.9,30.55,31.05,63070,1954394,53,+0.20,24.590972031134232
20181016,31.05,31.7,30.6,31.0,54400,1676150,39,-0.05,24.55137304235624
20181017,30.9,31.05,30.85,31.05,43000,1329450,28,+0.05,24.590972031134232
20181018,30.75,30.9,30.75,30.9,26000,800650,18,-0.15,24.47217506480025
20181019,30.5,30.5,28.5,29.05,193000,5625250,130,-1.85,23.007012480014478
20181022,28.4,29.55,28.4,29.55,39100,1137180,28,+0.50,23.40300236779441
20181023,29.1,29.45,28.95,29.3,11000,321150,11,-0.25,23.20500742390444
20181024,28.8,29.25,28.4,29.0,54000,1549700,41,-0.30,22.96741349123648
20181025,27.0,28.0,27.0,27.8,161000,4414000,110,-1.20,22.017037760564623
20181026,27.35,27.75,27.35,27.45,63000,1733500,44,-0.35,21.73984483911867
20181029,27.45,27.8,27.4,27.7,23000,635450,21,+0.25,21.937839783008634
20181030,27.25,27.7,27.25,27.7,66113,1813758,44, 0.00,21.937839783008634
20181031,27.35,28.15,27.35,27.7,56000,1556300,38, 0.00,21.937839783008634
20181101,27.8,27.95,27.7,27.9,34000,947850,29,+0.20,22.096235738120615
20181102,28.4,28.4,28.1,28.15,38000,1071800,27,+0.25,22.294230682010582
20181105,28.15,28.15,28.0,28.0,24000,673850,17,-0.15,22.175433715676604
20181106,27.5,28.6,27.5,28.55,33040,938402,29,+0.55,22.611022592234534
20181107,28.6,29.9,28.6,29.25,139000,3997950,38,+0.70,23.165408435126455
20181108,29.4,31.6,29.4,31.15,223000,6892550,99,+1.90,24.67017000869022
20181109,31.25,31.9,31.15,31.7,99000,3126450,82,+0.55,25.10575888524815
20181112,32.0,32.0,31.4,31.55,35000,1111200,29,-0.15,24.986961918914172
20181113,31.55,31.55,30.9,31.25,37100,1158704,28,-0.30,24.749367986246202
20181114,32.0,32.0,31.2,31.5,19000,596550,14,+0.25,24.94736293013618
20181115,32.6,32.9,31.9,32.15,39000,1257350,34,+0.65,25.4621497842501
20181116,31.7,32.55,31.7,32.0,33000,1060900,28,-0.15,25.343352817916116
20181119,32.0,32.3,32.0,32.05,18000,578800,12,+0.05,25.382951806694106
20181120,31.8,31.85,31.3,31.85,28000,884400,22,-0.20,25.224555851582135
20181121,31.4,32.05,31.4,31.9,27070,862204,22,+0.05,25.26415484036013
20181122,31.95,33.0,31.95,32.8,96000,3127100,72,+0.90,25.97693663836402
20181123,32.95,34.85,32.85,34.15,595150,20279167,458,+1.35,27.04610933536986
20181126,35.9,35.9,34.15,34.5,142216,4934966,117,+0.35,27.323302256815815
20181127,35.0,35.0,34.3,34.5,83000,2878100,66, 0.00,27.323302256815815
20181128,34.5,35.7,34.5,35.45,192000,6755200,122,+0.95,28.075683043597696
20181129,36.4,36.4,35.65,35.65,66000,2369400,56,+0.20,28.234078998709677
20181130,35.8,36.0,35.25,35.5,96100,3413509,60,-0.15,28.115282032375696
20181203,36.3,37.2,36.1,37.0,145000,5326600,110,+1.50,29.30325169571551
20181204,36.55,37.25,36.25,36.7,619000,24740250,71,-0.30,29.065657763047547
20181205,37.0,39.5,37.0,38.35,288140,11059677,181,+1.65,30.37242439272134
20181206,37.8,37.95,36.05,37.7,266000,9876150,159,-0.65,29.85763753860743
20181207,38.0,38.3,37.05,37.6,89100,3373270,64,-0.10,29.77843956105144
20181210,37.65,38.8,37.5,38.25,195707,7487251,129,+0.65,30.29322641516536
20181211,38.25,38.55,38.0,38.25,575000,23758650,80, 0.00,30.29322641516536
20181212,38.0,39.5,38.0,38.2,134000,5154050,108,-0.05,30.253627426387368
20181213,38.9,38.9,38.25,38.35,90000,3460250,63,+0.15,30.37242439272134
20181214,38.35,38.6,38.1,38.2,76100,2914684,44,-0.15,30.253627426387368
20181217,38.2,38.2,37.6,37.95,108000,4095150,79,-0.25,30.055632482497394
20181218,37.95,37.95,37.15,37.9,106000,3956450,55,-0.05,30.0160334937194
20181219,37.65,38.0,37.55,38.0,23000,866550,18,+0.10,30.095231471275394
20181220,37.6,37.75,37.3,37.75,30000,1123300,22,-0.25,29.897236527385424
20181221,37.7,37.8,37.3,37.8,33000,1237250,27,+0.05,29.936835516163416
20181222,37.65,38.3,37.65,38.3,4150,158235,5,+0.50,30.332825403943346
20181224,38.8,38.8,38.0,38.3,49000,1878600,30, 0.00,30.332825403943346
20181225,38.0,38.0,37.6,37.9,43000,1625900,31,-0.40,30.0160334937194
20181226,37.6,37.6,37.0,37.35,45000,1681950,18,-0.55,29.580444617161472
20181227,37.3,38.6,37.3,37.6,32000,1202750,19,+0.25,29.77843956105144
20181228,37.35,37.7,37.35,37.55,23000,862450,13,-0.05,29.73884057227344
20190102,37.7,37.95,37.55,37.6,19000,716600,17,+0.05,29.77843956105144
20190103,38.6,39.3,37.95,38.05,112110,4334858,95,+0.45,30.134830460053387
20190104,38.05,38.2,37.35,38.05,56150,2118505,35, 0.00,30.134830460053387
20190107,38.35,38.8,38.15,38.6,80000,3083050,63,+0.55,30.570419336611323
20190108,39.0,41.75,39.0,40.7,409010,16684856,329,+2.10,32.233576865287056
20190109,41.2,41.55,41.1,41.1,287167,11832778,216,+0.40,32.55036877551102
20190110,41.75,41.75,40.5,40.9,119580,4898822,73,-0.20,32.39197282039903
20190111,39.9,40.7,39.3,39.7,222186,8828235,133,-1.20,31.441597089727185
20190114,39.7,39.7,39.05,39.5,77000,3026900,52,-0.20,31.283201134615208
20190115,39.65,40.25,39.6,39.65,52000,2074450,35,+0.15,31.401998100949186
20190116,39.35,39.6,39.35,39.45,63000,2484650,50,-0.20,31.24360214583721
20190117,39.7,39.7,38.4,38.5,52620,2042852,39,-0.95,30.491221359055334
20190118,38.5,38.65,38.3,38.4,60000,2307750,40,-0.10,30.41202338149934
20190121,38.2,38.4,38.15,38.4,31000,1184150,27, 0.00,30.41202338149934
20190122,38.0,38.4,37.75,38.25,55186,2092349,31,-0.15,30.29322641516536
20190123,37.3,38.3,37.3,38.3,39000,1477450,19,+0.05,30.332825403943346
20190124,38.0,38.25,37.95,38.2,46000,1749450,23,-0.10,30.253627426387368
20190125,38.3,38.5,38.2,38.3,36100,1380940,17,+0.10,30.332825403943346
20190128,39.0,39.15,38.55,38.8,36004,1400106,30,+0.50,30.728815291723294
20190129,38.9,39.15,38.45,39.0,73000,2838550,40,+0.20,30.887211246835264
20190130,39.0,39.0,38.5,38.8,77220,2988798,63,-0.20,30.728815291723294
20190211,39.2,39.5,38.8,39.0,77104,3013568,56,+0.20,30.887211246835264
20190212,39.0,39.5,38.65,39.25,32400,1265100,28,+0.25,31.08520619072524
20190213,39.3,39.3,39.05,39.25,27000,1056800,23, 0.00,31.08520619072524
20190214,39.25,39.3,38.8,39.3,68000,2654650,37,+0.05,31.12480517950323
20190215,39.35,39.5,39.0,39.1,45600,1785400,34,-0.20,30.966409224391253
20190218,40.1,41.55,40.1,40.75,386313,15845669,271,+1.65,32.27317585406506
20190219,40.8,40.8,40.5,40.75,92188,3746270,69, 0.00,32.27317585406506
20190220,40.75,41.35,40.75,41.1,176700,7251500,130,+0.35,32.55036877551102
20190221,41.35,42.35,40.4,40.4,356249,14766084,272,-0.70,31.995982932619103
20190222,40.95,40.95,40.3,40.4,77356,3131607,67, 0.00,31.995982932619103
20190225,40.6,43.6,40.6,43.4,1559706,66771227,1036,+3.00,34.371922259298735
20190226,43.7,44.25,42.5,43.2,769527,33516369,530,-0.20,34.21352630418676
20190227,43.7,43.7,41.95,43.0,514200,21827290,300,-0.20,34.05513034907479
20190304,43.8,44.8,43.1,43.1,1074080,47148080,732,+0.10,34.13432832663078
20190305,43.0,43.05,42.0,42.0,255276,10806232,181,-1.10,33.2631505735149
20190306,42.25,42.25,41.45,41.5,171650,7141425,131,-0.50,32.867160685734966
20190307,41.6,42.0,39.9,40.0,225080,9157050,185,-1.50,31.679191022395152
20190308,40.3,41.5,40.3,40.8,102000,4165700,89,+0.80,32.31277484284305
20190311,40.15,41.55,40.15,41.0,313138,12788385,234,+0.20,32.47117079795503
20190312,41.0,42.7,40.7,42.5,399153,16663952,286,+1.50,33.65914046129484
20190313,42.95,44.85,42.0,42.0,3488000,156018500,1780,-0.50,33.2631505735149
20190314,42.3,42.65,42.0,42.4,362100,15349489,241,+0.40,33.57994248373885
20190315,42.85,44.1,42.5,43.7,855478,37369940,657,+1.30,34.6095161919667
20190318,44.45,44.45,43.45,43.6,475000,20871350,328,-0.10,34.530318214410705
20190319,43.5,44.5,43.3,44.1,711000,31082900,353,+0.50,34.92630810219065
20190320,44.15,44.8,43.8,43.8,518150,22851355,317,-0.30,34.68871416952268
20190321,43.8,44.1,43.25,43.25,195000,8487150,158,-0.55,34.253125292964754
20190322,43.65,43.75,42.2,42.35,264194,11332664,188,-0.90,33.54034349496086
20190325,41.0,41.7,41.0,41.55,114725,4743978,99,-0.80,32.906759674512955
20190326,42.0,42.55,41.6,42.0,96200,4020150,69,+0.45,33.2631505735149
20190327,42.2,44.75,42.1,43.7,579573,25418887,477,+1.70,34.6095161919667
20190328,43.5,44.95,43.5,43.5,1181168,54458024,412,-0.20,34.45112023685473
20190329,43.2,43.7,42.55,42.9,238000,10215800,174,-0.60,33.975932371518795
20190401,42.7,43.2,42.65,42.8,122515,5251592,93,-0.10,33.8967343939628
20190402,43.4,43.4,41.7,41.95,262010,11008815,198,-0.85,33.22355158473691
20190403,41.95,42.6,41.55,42.2,123000,5175200,85,+0.25,33.421546528626884
20190408,42.5,42.7,42.0,42.15,569000,25921000,86,-0.05,33.381947539848895
20190409,42.3,42.3,41.6,42.0,141000,5901800,90,-0.15,33.2631505735149
20190410,41.7,42.85,41.7,42.5,103032,4354819,80,+0.50,33.65914046129484
20190411,42.2,42.3,41.3,41.6,152000,6341550,119,-0.90,32.94635866329095
20190412,41.45,41.45,40.15,40.5,301000,12264200,206,-1.10,32.075180910175085
20190415,40.6,43.0,40.5,43.0,213000,8943500,141,+2.50,34.05513034907479
20190416,43.5,44.3,42.35,42.35,1023032,44551011,623,-0.65,33.54034349496086
20190417,42.35,42.5,41.6,42.15,184000,7750850,138,-0.20,33.381947539848895
20190418,42.1,42.35,41.2,41.4,128108,5355898,108,-0.75,32.78796270817898
20190419,41.6,41.8,41.25,41.4,64000,2660300,52, 0.00,32.78796270817898
20190422,41.4,42.25,41.4,41.65,59071,2454274,48,+0.25,32.98595765206895
20190423,41.9,41.9,40.8,41.2,47627,1959769,47,-0.45,32.629566753067
20190424,41.35,41.35,40.7,41.05,105071,4291639,90,-0.15,32.510769786733015
20190425,41.05,41.1,40.7,40.9,50000,2042850,44,-0.15,32.39197282039903
20190426,41.5,41.5,40.55,40.75,82000,3339050,65,-0.15,32.27317585406506
20190429,40.55,40.55,39.15,39.2,164275,6511206,127,-1.55,31.04560720194725
20190430,39.15,39.75,39.15,39.7,46000,1812700,42,+0.50,31.441597089727185
20190502,39.7,39.75,39.5,39.6,30320,1200656,27,-0.10,31.362399112171204
20190503,39.6,39.9,39.2,39.8,41000,1624100,36,+0.20,31.520795067283174
20190506,38.8,38.8,37.5,38.0,258199,9794151,158,-1.80,30.095231471275394
20190507,38.3,38.95,38.3,38.6,61100,2360685,43,+0.60,30.570419336611323
20190508,38.0,38.9,38.0,38.55,44000,1695350,35,-0.05,30.53082034783332
20190509,38.8,39.65,38.0,38.15,67200,2582650,52,-0.40,30.21402843760937
20190510,37.95,38.7,37.95,38.1,55200,2113420,47,-0.05,30.174429448831383
20190513,38.05,38.3,37.5,38.1,86080,3258227,55, 0.00,30.174429448831383
20190514,37.55,38.85,37.5,38.5,81050,3079630,54,+0.40,30.491221359055334
20190515,38.2,39.45,38.2,39.35,148427,5754653,71,+0.85,31.164404168281227
20190516,38.9,39.35,38.1,38.8,587250,24872787,56,-0.55,30.728815291723294
20190517,38.8,38.8,37.6,38.35,95100,3606995,71,-0.45,30.37242439272134
20190520,38.35,38.35,37.5,38.2,67180,2540394,46,-0.15,30.253627426387368
20190521,38.5,38.5,37.85,38.2,25002,951475,23, 0.00,30.253627426387368
20190522,38.0,38.3,37.85,38.1,34000,1291800,26,-0.10,30.174429448831383
20190523,37.85,38.1,37.4,37.8,481003,19975714,36,-0.30,29.936835516163416
20190524,37.3,37.3,36.6,37.1,122117,4508331,88,-0.70,29.3824496732715
20190527,37.15,37.3,36.55,36.9,53000,1956600,37,-0.20,29.22405371815952
20190528,36.9,37.3,36.6,37.2,66000,2427150,38,+0.30,29.461647650827487
20190529,36.55,37.3,36.55,37.2,36000,1329250,26, 0.00,29.461647650827487
20190530,37.5,37.9,37.5,37.65,39000,1472000,27,+0.45,29.81803854982943
20190531,37.65,37.7,37.65,37.7,2000,75350,2,+0.05,29.85763753860743
20190603,37.6,38.7,37.55,38.7,76000,2900300,62,+1.00,30.64961731416731
20190604,39.4,39.4,38.6,39.0,16000,623600,16,+0.30,30.887211246835264
20190605,38.6,38.6,38.45,38.5,24000,924050,18,-0.50,30.491221359055334
20190606,38.5,38.8,37.7,38.45,38000,1452950,21,-0.05,30.451622370277338
20190610,38.45,38.5,38.45,38.45,10200,392190,11, 0.00,30.451622370277338
20190611,37.8,38.1,37.55,38.1,38000,1434250,22,-0.35,30.174429448831383
20190612,38.1,38.15,37.85,38.15,25000,949200,17,+0.05,30.21402843760937
20190613,38.15,38.15,37.65,38.15,25000,950700,18, 0.00,30.21402843760937
20190614,37.85,38.15,37.6,38.15,55000,2085250,29, 0.00,30.21402843760937
20190617,37.9,38.2,37.9,38.0,34100,1295600,18,-0.15,30.095231471275394
20190618,38.1,38.1,37.7,38.0,4000,151600,4, 0.00,30.095231471275394
20190619,38.2,38.75,37.75,38.05,52000,1974600,24,+0.05,30.134830460053387
20190620,38.05,38.5,38.05,38.35,11200,427720,12,+0.30,30.37242439272134
20190621,38.35,39.4,38.2,38.45,34000,1305950,30,+0.10,30.451622370277338
20190624,38.45,38.5,38.45,38.5,7013,269797,8,+0.05,30.491221359055334
20190625,38.55,38.55,38.5,38.5,6000,231050,6, 0.00,30.491221359055334
20190626,39.15,39.15,38.1,38.45,24000,920300,18,-0.05,30.451622370277338
20190627,38.45,38.8,38.15,38.45,18000,688750,16, 0.00,30.451622370277338
20190628,38.4,38.4,38.3,38.35,4000,153350,4,-0.10,30.37242439272134
20190701,39.1,39.1,38.6,38.65,18000,696900,17,+0.30,30.610018325389305
20190702,38.6,39.1,38.6,38.85,15594,602876,9,+0.20,30.768414280501286
20190703,40.0,40.0,38.6,38.95,21000,816600,20,+0.10,30.847612258057282
20190704,38.95,39.05,38.7,39.05,33002,1281277,26,+0.10,30.92681023561326
20190705,39.7,39.7,39.1,39.35,37001,1450889,30,+0.30,31.164404168281227
20190708,39.2,39.45,39.0,39.3,30000,1174650,24,-0.05,31.12480517950323
20190709,39.3,39.4,39.1,39.4,22003,863568,15,+0.10,31.20400315705922
20190710,39.85,40.0,39.2,39.8,52000,2058800,36,+0.40,31.520795067283174
20190711,39.8,39.8,39.5,39.5,42000,1665150,33,-0.30,31.283201134615208
20190712,39.1,39.95,39.1,39.5,72436,2879640,39, 0.00,31.283201134615208
20190715,39.55,39.55,39.35,39.35,13000,512950,9,-0.15,31.164404168281227
20190716,39.3,39.4,39.1,39.35,67000,2628750,42, 0.00,31.164404168281227
20190717,39.15,39.2,38.85,39.2,48100,1879950,36,-0.15,31.04560720194725
20190718,39.2,39.4,39.2,39.3,36000,1414700,32,+0.10,31.12480517950323
20190719,39.4,39.85,39.35,39.8,179014,7063917,86,+0.50,31.520795067283174
20190722,36.35,36.5,36.15,36.5,49010,1781370,38,X0.00,31.54136999878923
20190723,36.3,36.5,36.2,36.5,40000,1452350,29, 0.00,31.54136999878923
20190724,36.5,36.5,36.25,36.3,27150,986045,18,-0.20,31.36854057413833
20190725,36.3,37.3,36.3,36.6,43237,1582251,30,+0.30,31.627784711114685
20190726,36.5,36.95,36.35,36.6,22000,803150,19, 0.00,31.627784711114685
20190729,37.3,37.3,36.4,36.85,26000,951100,24,+0.25,31.84382149192831
20190730,37.3,37.3,36.55,36.75,43000,1575250,18,-0.10,31.757406779602857
20190731,36.55,36.9,36.55,36.7,8000,293250,8,-0.05,31.71419942344013
20190801,36.6,36.75,36.6,36.7,16000,586450,15, 0.00,31.71419942344013
20190802,36.65,36.7,36.4,36.65,40000,1461800,27,-0.05,31.670992067277403
20190805,36.65,36.65,36.4,36.6,23000,839500,18,-0.05,31.627784711114685
20190806,36.45,36.45,35.5,35.9,65000,2336100,38,-0.70,31.022881724836527
20190807,36.65,36.65,35.6,36.25,7000,253600,7,+0.35,31.325333217975608
20190808,36.25,36.5,36.1,36.25,31000,1121700,20, 0.00,31.325333217975608
20190812,36.3,37.25,36.3,36.5,4000,146750,4,+0.25,31.54136999878923
20190813,36.05,36.05,35.7,35.7,18000,647600,13,-0.80,30.850052300185638
20190814,35.5,35.7,34.8,35.5,67000,2359400,51,-0.20,30.67722287553474
20190815,34.8,35.5,34.8,35.35,21000,736350,14,-0.15,30.547600807046564
20190816,35.4,35.8,35.25,35.8,18000,637800,13,+0.45,30.936467012511077
20190819,35.6,35.8,35.5,35.8,12000,427500,10, 0.00,30.936467012511077
20190820,35.8,36.9,35.55,35.55,50000,1806800,26,-0.25,30.72043023169745
20190821,35.6,35.95,35.5,35.55,23000,818800,21, 0.00,30.72043023169745
20190822,35.55,35.6,35.35,35.6,28000,994200,23,+0.05,30.763637587860185
20190823,35.55,36.85,35.55,36.05,25044,912519,36,+0.45,31.152503793324705
20190826,35.9,36.3,35.9,36.25,27480,994475,34,+0.20,31.325333217975608
20190827,36.3,37.3,36.3,37.3,18580,684475,29,+1.05,32.23268769739283
20190828,37.3,37.3,36.9,37.2,23926,889295,24,-0.10,32.146272985067384
20190829,36.4,37.25,36.4,37.2,24100,894210,17, 0.00,32.146272985067384
20190830,37.4,37.4,37.25,37.25,57682,2153202,42,+0.05,32.18948034123011
20190902,37.1,37.5,36.95,37.5,21203,786762,16,+0.25,32.405517122043726
20190903,37.7,37.8,37.4,37.4,8380,315626,10,-0.10,32.31910240971828
20190904,37.0,37.7,37.0,37.4,23650,879908,20, 0.00,32.31910240971828
20190905,37.0,37.7,37.0,37.7,25205,940437,19,+0.30,32.578346546694625
20190906,37.3,37.9,37.3,37.9,14293,539504,14,+0.20,32.75117597134553
20190909,37.8,37.8,37.4,37.7,7500,282600,12,-0.20,32.578346546694625
20190910,37.7,37.85,37.4,37.7,488150,20191420,13, 0.00,32.578346546694625
20190911,37.5,37.7,37.0,37.7,22750,849924,16, 0.00,32.578346546694625
20190912,37.2,37.65,37.2,37.6,9648,361764,13,-0.10,32.49193183436918
20190916,37.6,37.6,37.3,37.6,15400,576840,12, 0.00,32.49193183436918
20190917,37.9,37.9,37.3,37.7,21200,794877,17,+0.10,32.578346546694625
20190918,37.6,37.8,37.5,37.5,24457,919037,22,-0.20,32.405517122043726
20190919,37.5,37.8,37.5,37.5,13750,515962,11, 0.00,32.405517122043726
20190920,37.35,37.7,37.35,37.7,3043,114012,4,+0.20,32.578346546694625
20190923,37.5,38.0,37.15,38.0,19501,731587,15,+0.30,32.83759068367098
20190924,38.0,38.8,38.0,38.8,69407,2669935,56,+0.80,33.52890838227459
20190925,39.15,39.15,38.75,39.0,28413,1104722,39,+0.20,33.70173780692548
20190926,39.05,39.05,38.65,39.0,17000,659800,13, 0.00,33.70173780692548
20190927,39.0,39.0,38.4,38.6,16660,643475,18,-0.40,33.35607895762369
20191001,38.4,39.0,38.4,39.0,7350,283510,7,+0.40,33.70173780692548
20191002,38.6,38.95,38.5,38.95,20052,774923,18,-0.05,33.65853045076276
20191003,38.7,39.1,38.7,39.0,19084,743776,16,+0.05,33.70173780692548
20191004,38.7,39.1,38.6,39.1,30570,1183780,27,+0.10,33.788152519250936
20191007,39.15,39.2,38.65,39.2,40250,1562600,28,+0.10,33.874567231576385
20191008,39.15,39.15,38.45,38.8,61050,2354520,27,-0.40,33.52890838227459
20191009,38.45,38.5,38.1,38.5,55100,2112290,31,-0.30,33.26966424529824
20191014,38.2,38.4,38.0,38.4,25250,962200,20,-0.10,33.18324953297278
20191015,38.4,38.5,38.4,38.4,6300,241900,7, 0.00,33.18324953297278
20191016,38.1,38.9,38.1,38.9,9344,360081,12,+0.50,33.61532309460002
20191017,38.25,38.8,38.25,38.8,10060,387178,10,-0.10,33.52890838227459
20191018,38.8,38.85,38.4,38.8,20900,808553,23, 0.00,33.52890838227459
20191021,38.7,38.7,38.45,38.65,11080,427153,13,-0.15,33.399286313786405
20191022,38.5,38.6,38.4,38.55,19540,751236,21,-0.10,33.31287160146094
20191023,38.5,38.5,38.45,38.45,2350,90425,4,-0.10,33.22645688913551
20191024,38.1,38.5,38.0,38.5,29759,1135766,35,+0.05,33.26966424529824
20191025,38.2,38.5,38.2,38.5,14200,543320,13, 0.00,33.26966424529824
20191028,38.0,39.65,38.0,39.2,68450,2677010,47,+0.70,33.874567231576385
20191029,39.9,39.9,39.0,39.3,67716,2670230,49,+0.10,33.96098194390183
20191030,39.15,39.25,38.85,39.25,29098,1136162,25,-0.05,33.9177745877391
20191031,39.55,39.55,38.75,38.95,530800,22778429,31,-0.30,33.65853045076276
20191101,38.8,39.1,38.5,39.1,96550,3726635,28,+0.15,33.788152519250936
20191104,38.55,38.95,38.55,38.95,87700,3393320,25,-0.15,33.65853045076276
20191105,38.9,38.95,38.55,38.65,103375,3991525,48,-0.30,33.399286313786405
20191106,38.55,38.55,38.35,38.5,8250,317325,8,-0.15,33.26966424529824
20191107,38.6,38.6,38.5,38.5,7100,273490,8, 0.00,33.26966424529824
20191108,38.2,38.5,38.2,38.5,7600,291460,9, 0.00,33.26966424529824
20191111,38.05,38.1,38.0,38.1,22000,836250,11,-0.40,32.92400539599644
20191112,38.1,38.1,37.55,37.7,20371,768038,21,-0.40,32.578346546694625
20191113,37.4,37.65,37.4,37.4,5550,208020,7,-0.30,32.31910240971828
20191114,37.4,37.4,36.5,37.2,37500,1382800,24,-0.20,32.146272985067384
20191115,37.0,37.15,37.0,37.15,8400,311460,6,-0.05,32.10306562890465
20191118,36.85,37.1,36.85,37.1,11000,406550,5,-0.05,32.05985827274194
20191119,36.7,36.95,36.55,36.95,29100,1067492,27,-0.15,31.93023620425376
20191120,36.5,36.95,36.5,36.9,5260,193640,7,-0.05,31.887028848091028
20191121,36.6,36.7,36.55,36.6,15214,556632,13,-0.30,31.627784711114685
20191122,36.6,38.1,36.6,37.4,18686,702843,21,+0.80,32.31910240971828
20191125,37.0,37.3,36.7,37.3,12000,445000,10,-0.10,32.23268769739283
20191126,37.65,37.65,36.8,37.2,10900,404093,14,-0.10,32.146272985067384
20191127,36.85,37.2,36.85,37.2,13050,483060,12, 0.00,32.146272985067384
20191128,36.85,36.95,36.6,36.85,27450,1007975,19,-0.35,31.84382149192831
20191129,36.6,36.6,36.05,36.05,8250,299762,11,-0.80,31.152503793324705
20191202,36.05,36.85,36.0,36.0,21261,766780,15,-0.05,31.109296437161987
20191203,36.5,36.5,36.1,36.45,16261,588663,10,+0.45,31.498162642626514
20191204,36.45,36.95,36.35,36.95,15000,548450,9,+0.50,31.93023620425376
20191205,36.5,37.0,36.5,37.0,7000,258000,4,+0.05,31.973443560416477
20191206,36.7,37.0,36.7,36.95,2075000,77167700,31,-0.05,31.93023620425376
20191209,36.8,37.1,36.8,37.1,26500,977400,17,+0.15,32.05985827274194
20191210,37.1,37.1,36.8,36.85,21220,782579,17,-0.25,31.84382149192831
20191211,36.8,37.0,36.55,37.0,832000,30920050,41,+0.15,31.973443560416477
20191212,37.0,37.0,36.55,37.0,38300,1405588,26, 0.00,31.973443560416477
20191213,37.1,37.1,36.9,36.95,19597,725258,16,-0.05,31.93023620425376
20191216,37.0,37.35,36.85,36.9,23200,857950,22,-0.05,31.887028848091028
20191217,36.7,37.1,36.7,36.9,16200,596300,14, 0.00,31.887028848091028
20191218,36.8,37.55,36.8,37.55,610720,22710268,30,+0.65,32.44872447820646
20191219,37.3,37.45,37.0,37.2,17050,633342,13,-0.35,32.146272985067384
20191220,37.2,37.25,37.05,37.2,35000,1299700,15, 0.00,32.146272985067384
20191223,36.8,37.05,36.8,37.05,11000,406600,8,-0.15,32.01665091657921
20191224,36.8,36.8,36.5,36.7,26200,961109,18,-0.35,31.71419942344013
20191225,36.55,36.8,36.5,36.8,20140,738052,21,+0.10,31.80061413576558
20191226,36.6,36.65,36.05,36.45,56200,2038100,33,-0.35,31.498162642626514
20191227,37.2,37.2,36.25,37.0,88800,3249379,33,+0.55,31.973443560416477
20191230,36.8,37.3,36.8,37.3,6360,235428,9,+0.30,32.23268769739283
20191231,36.85,38.0,36.85,38.0,45150,1683340,35,+0.70,32.83759068367098
20200102,37.25,38.25,37.0,37.7,43100,1608545,35,-0.30,32.578346546694625
20200103,37.5,37.95,37.35,37.9,36100,1358450,27,+0.20,32.75117597134553
20200106,37.85,37.85,37.5,37.5,557500,20766549,29,-0.40,32.405517122043726
20200107,37.4,37.6,37.15,37.6,18000,670700,15,+0.10,32.49193183436918
20200108,37.1,37.4,37.1,37.3,17000,631900,13,-0.30,32.23268769739283
20200109,37.4,37.4,37.05,37.2,26350,978580,20,-0.10,32.146272985067384
20200110,37.7,37.7,37.25,37.3,9150,342679,11,+0.10,32.23268769739283
20200113,37.25,37.5,37.25,37.25,8000,298700,8,-0.05,32.18948034123011
20200114,37.3,37.85,37.3,37.85,41000,1542650,30,+0.60,32.7079686151828
20200115,38.05,38.15,37.65,38.1,35950,1361294,29,+0.25,32.92400539599644
20200116,38.2,38.2,37.45,37.85,24603,926422,22,-0.25,32.7079686151828
20200117,37.85,37.9,37.5,37.9,10000,376850,9,+0.05,32.75117597134553
20200120,37.55,38.2,37.55,38.2,16477,624379,18,+0.30,33.010420108321874
20200130,38.2,38.5,36.9,36.9,69240,2611530,54,-1.30,31.887028848091028
20200131,37.0,37.2,36.7,36.7,38360,1417165,16,-0.20,31.71419942344013
20200203,36.65,37.2,34.15,36.75,169500,6189424,81,+0.05,31.757406779602857
20200204,36.75,37.4,36.75,37.15,131100,4893990,56,+0.40,32.10306562890465
20200205,37.3,37.4,37.0,37.1,142140,5303180,46,-0.05,32.05985827274194
20200206,37.25,37.45,37.25,37.3,114740,4289430,51,+0.20,32.23268769739283
20200207,37.3,37.4,37.0,37.3,131000,4892850,56, 0.00,32.23268769739283
20200210,36.85,37.4,36.85,37.4,112080,4188587,30,+0.10,32.31910240971828
20200211,37.35,37.65,36.85,36.85,119050,4430505,21,-0.55,31.84382149192831
20200212,37.0,37.2,37.0,37.0,109050,4055190,11,+0.15,31.973443560416477
20200213,37.05,37.4,37.05,37.3,147002,5494524,51,+0.30,32.23268769739283
20200214,37.3,37.4,37.05,37.05,109050,4076946,42,-0.25,32.01665091657921
20200217,37.2,37.2,37.15,37.15,105080,3908468,19,+0.10,32.10306562890465
20200218,37.15,37.2,37.1,37.1,103200,3838800,29,-0.05,32.05985827274194
20200219,37.05,37.3,37.05,37.2,106313,3955062,23,+0.10,32.146272985067384
20200220,37.25,37.25,37.1,37.1,107050,3982200,26,-0.10,32.05985827274194
20200221,37.05,37.2,37.05,37.05,106100,3946100,35,-0.05,32.01665091657921
20200224,36.9,37.2,36.9,37.2,111150,4132650,30,+0.15,32.146272985067384
20200225,36.8,37.2,36.8,37.2,119100,4425470,36, 0.00,32.146272985067384
20200226,37.1,37.4,37.1,37.2,114000,4242800,26, 0.00,32.146272985067384
20200227,37.2,37.2,37.0,37.0,139300,5174524,44,-0.20,31.973443560416477
20200302,37.0,37.35,37.0,37.0,148301,5513766,65, 0.00,31.973443560416477
20200303,37.2,37.4,37.0,37.0,104150,3874520,29, 0.00,31.973443560416477
20200304,37.2,37.3,37.0,37.0,117200,4357559,42, 0.00,31.973443560416477
20200305,37.1,37.2,37.0,37.0,53150,1976470,20, 0.00,31.973443560416477
20200306,37.0,37.25,37.0,37.2,63950,2377740,30,+0.20,32.146272985067384
20200309,37.2,37.2,36.8,36.8,72750,2700499,44,-0.40,31.80061413576558
20200310,36.8,37.85,36.8,37.1,139150,5185970,86,+0.30,32.05985827274194
20200311,37.5,37.6,37.1,37.15,107175,3991100,44,+0.05,32.10306562890465
20200312,36.9,37.2,36.3,36.6,158625,5845716,89,-0.55,31.627784711114685
20200313,36.0,36.6,32.95,36.6,362800,12784730,184, 0.00,31.627784711114685
20200316,36.9,37.2,35.9,35.9,109450,4022155,66,-0.70,31.022881724836527
20200317,34.05,36.95,34.0,35.0,117928,4229651,82,-0.90,30.245149313907486
20200318,36.25,36.5,34.6,34.6,113712,4089854,77,-0.40,29.899490464605684
20200319,34.1,34.4,31.3,31.3,211250,6914687,142,-3.30,27.04780495786584
20200320,32.05,34.15,32.05,33.95,126000,4240050,60,+2.65,29.337794834490264
20200323,32.1,33.0,31.85,31.9,10000,324750,10,-2.05,27.566293231818534
20200324,30.55,32.15,30.55,31.8,39748,1256535,41,-0.10,27.479878519493084
20200325,31.9,32.5,31.65,31.7,22000,703750,21,-0.10,27.393463807167635
20200326,31.7,31.7,31.35,31.35,9600,302500,13,-0.35,27.09101231402856
20200327,31.5,31.55,31.15,31.15,14120,441811,17,-0.20,26.91818288937766
20200330,31.9,31.95,31.9,31.95,5233,166931,60,+0.80,27.60950058798126
20200331,31.15,31.8,31.15,31.8,5014,156848,16,-0.15,27.479878519493084
20200406,31.8,31.85,31.7,31.7,3366,106827,41,X0.00,27.393463807167635
20200407,31.95,32.5,31.95,32.5,15400,493528,21,+0.80,28.084781505771236
20200408,31.55,31.8,31.45,31.6,12650,399791,24,-0.90,27.307049094842185
20200409,31.45,31.9,31.45,31.5,6065,191215,70,-0.10,27.220634382516735
20200410,31.3,31.45,31.3,31.45,15703,492571,25,-0.05,27.17742702635401
20200413,31.85,31.85,31.45,31.45,12009,378929,21, 0.00,27.17742702635401
20200414,31.3,31.65,31.3,31.5,19017,598379,25,+0.05,27.220634382516735
20200415,31.8,32.5,31.7,32.5,22200,712839,23,+1.00,28.084781505771236
20200416,32.9,33.5,32.65,32.9,38500,1266078,74,+0.40,28.430440355073035
20200417,33.2,33.2,32.6,33.0,26005,857865,28,+0.10,28.516855067398478
20200420,32.75,33.35,32.75,33.35,15133,497824,45,+0.35,28.81930656053756
20200421,35.0,35.0,33.45,33.75,46027,1563995,57,+0.40,29.164965409839354
20200422,33.7,34.95,33.6,34.95,14595,494731,27,+1.20,30.201941957744758
20200423,34.55,34.95,34.1,34.95,16527,569381,19, 0.00,30.201941957744758
20200424,34.4,35.0,34.4,35.0,8073,281132,9,+0.05,30.245149313907486
20200427,35.1,35.3,35.0,35.3,14450,507355,13,+0.30,30.50439345088383
20200428,34.55,35.3,34.55,35.3,4250,148573,14, 0.00,30.50439345088383
20200429,35.3,35.9,35.3,35.9,38050,1355925,20,+0.60,31.022881724836527
20200430,35.4,36.2,35.4,36.2,26000,935450,13,+0.30,31.282125861812887
20200504,35.65,36.9,35.65,35.95,61050,2238330,13,-0.25,31.066089080999262
20200505,35.6,35.8,35.6,35.8,7600,271750,11,-0.15,30.936467012511077
20200506,35.85,36.4,35.8,36.4,44900,1625223,20,+0.60,31.454955286463782
20200507,36.2,36.6,36.2,36.5,29033,1057091,6,+0.10,31.54136999878923
20200508,36.0,36.6,36.0,36.6,27630,1010910,9,+0.10,31.627784711114685
20200511,35.75,36.65,35.75,36.5,11050,399762,11,-0.10,31.54136999878923
20200512,37.0,37.0,36.2,36.2,6000,219100,6,-0.30,31.282125861812887
20200513,36.2,37.0,36.0,36.95,12650,458840,13,+0.75,31.93023620425376
20200515,35.85,36.0,35.7,35.7,21512,769679,20,X0.00,30.850052300185638
20200518,35.7,35.7,35.2,35.7,16004,566140,14, 0.00,30.850052300185638
20200519,35.7,35.7,35.2,35.2,11191,396630,11,-0.50,30.417978738558382
20200520,35.3,35.55,35.2,35.3,19050,672946,13,+0.10,30.50439345088383
20200521,35.0,35.4,35.0,35.4,14300,505290,8,+0.10,30.590808163209285
20200522,35.25,35.4,35.25,35.4,3080,108882,5, 0.00,30.590808163209285
20200525,35.1,35.7,35.1,35.7,8050,285550,9,+0.30,30.850052300185638
20200526,35.4,35.75,35.4,35.75,21500,765800,17,+0.05,30.89325965634836
20200527,34.9,35.8,34.9,35.6,24200,853550,22,-0.15,30.763637587860185
20200528,35.7,36.0,35.4,35.6,53300,1901680,32, 0.00,30.763637587860185
20200529,35.7,36.35,35.7,36.3,14783,534301,19,+0.70,31.36854057413833
20200601,35.65,36.4,35.65,36.2,6100,220320,8,-0.10,31.282125861812887
20200602,36.55,37.3,35.85,35.95,15100,550340,12,-0.25,31.066089080999262
20200603,36.8,37.0,36.4,36.4,19150,700930,19,+0.45,31.454955286463782
20200604,36.4,36.9,36.4,36.5,30000,1095750,7,+0.10,31.54136999878923
20200605,36.5,36.5,36.4,36.4,3100,112900,4,-0.10,31.454955286463782
20200609,36.0,36.4,36.0,36.4,6000,217050,5,X0.00,31.454955286463782
20200610,35.9,36.5,35.9,36.0,8050,290680,9,-0.40,31.109296437161987
20200611,36.0,36.0,35.7,35.75,10350,370290,13,-0.25,30.89325965634836
20200612,35.6,35.75,35.6,35.75,2850,102034,7, 0.00,30.89325965634836
20200616,35.8,36.2,35.7,35.85,36915,1325650,36,X0.00,30.979674368673813
20200617,35.85,35.85,35.8,35.8,11000,393900,10,-0.05,30.936467012511077
20200618,35.8,36.0,35.8,35.9,59200,2124680,21,+0.10,31.022881724836527
20200619,36.0,36.1,35.75,36.1,38455,1384212,14,+0.20,31.195711149487433
20200622,36.1,36.1,36.1,36.1,1050,37905,2, 0.00,31.195711149487433
20200624,35.8,36.1,35.8,36.1,9304,333748,8,X0.00,31.195711149487433
20200629,35.8,36.0,35.7,36.0,7150,256140,9,-0.10,31.109296437161987
20200630,36.0,36.0,36.0,36.0,10200,367119,11, 0.00,31.109296437161987
20200701,35.7,36.1,35.7,36.1,35100,1263120,32,+0.10,31.195711149487433
20200702,35.75,36.6,35.75,36.15,14350,520170,13,+0.05,31.238918505650155
20200703,36.45,37.5,36.25,37.5,112400,4169589,67,+1.35,32.405517122043726
20200706,41.2,41.2,40.0,40.55,271704,11066009,185,+3.05,35.041165847969964
20200707,40.45,40.65,38.5,39.5,90264,3557228,70,-1.05,34.133811368552735
20200708,39.45,39.45,38.9,39.35,17700,692380,23,-0.15,34.00418930006455
20200709,39.0,39.05,38.6,38.6,34850,1355845,33,-0.75,33.35607895762369
20200710,38.3,38.3,37.4,37.7,47843,1800575,48,-0.90,32.578346546694625
20200713,37.15,37.65,37.15,37.65,14038,525332,13,-0.05,32.53513919053191
20200714,37.65,37.65,37.5,37.5,24000,902700,13,-0.15,32.405517122043726
20200715,37.05,37.6,37.05,37.6,25464,953396,18,+0.10,32.49193183436918
20200716,37.6,37.6,37.35,37.5,12000,450400,12,-0.10,32.405517122043726
20200717,38.35,38.35,37.55,37.85,35050,1322775,21,+0.35,32.7079686151828
20200720,37.65,37.85,37.25,37.25,7150,267745,8,-0.60,32.18948034123011
20200721,37.6,37.6,37.1,37.15,13436,500019,14,-0.10,32.10306562890465
20200722,37.0,37.9,37.0,37.5,8650,321775,12,+0.35,32.405517122043726
20200723,37.85,37.85,37.0,37.5,14000,523400,14, 0.00,32.405517122043726
20200724,38.1,39.15,37.55,37.55,55400,2102019,39,+0.05,32.44872447820646
20200727,36.1,36.3,35.0,35.0,48000,1714150,40,-2.55,30.245149313907486
20200728,35.0,36.0,35.0,35.05,9150,323715,11,+0.05,30.288356670070208
20200729,35.15,36.35,35.15,36.35,3850,137250,5,+1.30,31.411747930301058
20200730,36.4,37.0,36.35,37.0,49850,1831852,33,+0.65,31.973443560416477
20200731,37.55,37.55,36.1,36.1,5050,185265,6,-0.90,31.195711149487433
20200803,37.1,37.1,36.2,36.2,15150,552479,19,+0.10,31.282125861812887
20200804,34.85,36.4,34.1,35.2,31203,1106364,33,X0.00,31.605362523990053
20200805,35.2,35.5,35.2,35.3,3303,116694,9,+0.10,31.695150485705923
20200806,35.55,35.55,35.15,35.2,12350,435120,14,-0.10,31.605362523990053
20200807,35.0,36.4,35.0,36.4,13000,465350,7,+1.20,32.68281806458062
20200810,35.6,35.6,35.5,35.55,14050,499177,14,-0.85,31.919620389995632
20200811,35.2,35.2,35.2,35.2,2050,72160,3,-0.35,31.605362523990053
20200812,35.3,35.3,35.3,35.3,5300,187090,6,+0.10,31.695150485705923
20200813,35.4,35.4,35.2,35.3,9590,338527,9, 0.00,31.695150485705923
20200814,32.5,34.8,32.5,34.3,19000,642950,17,-1.00,30.79727086854712
20200817,35.45,35.45,35.45,35.45,2000,70900,1,+1.15,31.829832428279758
20200818,34.5,34.5,34.5,34.5,1310,45288,2,-0.95,30.976846791978886
20200819,34.5,34.5,34.0,34.05,20000,682600,16,-0.45,30.572800964257418
20200820,33.1,33.1,32.8,32.8,16000,528300,14,-1.25,29.45045144280891
20200821,33.0,33.2,33.0,33.2,11050,364860,3,+0.40,29.809603289672435
20200825,33.2,33.2,32.9,32.9,13363,441042,13,X0.00,29.540239404524794
20200826,33.1,33.1,32.6,32.65,26333,861171,27,-0.25,29.315769500235092
20200827,32.65,32.75,32.65,32.75,2000,65400,2,+0.10,29.40555746195097
20200828,32.8,32.8,32.4,32.6,8400,273280,11,-0.15,29.270875519377153
20200831,33.05,33.05,32.0,32.7,12100,394930,13,+0.10,29.36066348109303
20200901,32.3,32.5,32.3,32.3,6600,213439,9,-0.40,29.001511634229505
20200902,32.3,32.55,32.3,32.4,38050,1232600,33,+0.10,29.091299595945387
20200903,32.75,32.8,32.45,32.6,11000,358800,10,+0.20,29.270875519377153
20200904,32.7,32.9,32.65,32.7,33500,1097000,31,+0.10,29.36066348109303
20200907,32.8,32.8,32.25,32.25,27800,905770,22,-0.45,28.95661765337157
20200908,32.25,33.25,32.25,32.65,4250,139374,7,+0.40,29.315769500235092
20200909,31.55,31.9,31.55,31.8,6000,190650,6,-0.85,28.552571825650105
20200910,31.85,31.85,31.4,31.55,19000,602450,15,-0.25,28.328101921360403
20200911,31.55,32.55,31.5,31.7,13000,415650,13,+0.15,28.462783863934227
20200914,32.0,32.0,31.6,31.65,30084,956153,29,-0.05,28.417889883076285
20200915,31.65,31.75,31.6,31.75,13000,411350,13,+0.10,28.507677844792166
20200916,31.7,31.7,31.45,31.6,22127,698144,18,-0.15,28.372995902218342
20200917,31.1,32.05,31.1,32.05,77450,2441022,48,+0.45,28.777041729939807
20200918,32.05,32.05,31.75,31.75,34070,1083912,27,-0.30,28.507677844792166
20200921,31.6,31.85,31.15,31.15,23030,723995,22,-0.60,27.968950074496878
20200922,31.05,31.4,30.7,31.2,10477,324982,14,+0.05,28.013844055354824
20200923,31.15,31.15,31.15,31.15,1050,32725,2,-0.05,27.968950074496878
20200924,31.05,31.05,30.7,30.9,6000,185200,6,-0.25,27.744480170207176
20200925,29.65,30.35,29.65,29.65,44050,1314200,34,-1.25,26.622130648758663
20200928,29.9,30.85,29.9,30.05,12100,365030,13,+0.40,26.981282495622196
20200929,30.1,30.7,30.1,30.2,7000,213150,6,+0.15,27.115964438196013
20200930,30.2,30.2,30.1,30.1,23001,694280,11,-0.10,27.026176476480135
20201005,30.1,30.1,30.1,30.1,1000,30100,1, 0.00,27.026176476480135
20201006,30.1,30.1,30.0,30.0,3600,108100,6,-0.10,26.936388514764253
20201007,29.55,29.6,29.05,29.6,8000,235100,8,-0.40,26.577236667900724
20201008,29.3,29.65,29.3,29.65,16000,471650,10,+0.05,26.622130648758663
20201012,29.65,29.65,29.2,29.2,25250,745124,27,-0.45,26.218084821037206
20201013,29.0,29.0,28.9,28.95,8101,234749,9,-0.25,25.9936149167475
20201014,28.7,28.85,28.7,28.85,15166,435896,16,-0.10,25.903826955031622
20201015,28.8,29.55,28.65,29.55,23149,675260,23,+0.70,26.53234268704279
20201016,29.8,29.8,29.45,29.45,9050,267875,9,-0.10,26.4425547253269
20201019,29.95,30.0,29.55,29.8,24150,717085,16,+0.35,26.756812591332487
20201020,29.95,29.95,29.8,29.8,6100,182150,6, 0.00,26.756812591332487
20201021,29.45,29.5,29.3,29.3,19000,558300,14,-0.50,26.307872782753083
20201022,29.3,29.3,29.0,29.0,11100,322780,12,-0.30,26.03850889760544
20201023,28.7,29.0,28.7,29.0,22514,652554,12, 0.00,26.03850889760544
20201026,29.0,29.0,28.9,28.9,13000,376400,7,-0.10,25.948720935889558
20201027,28.9,28.95,28.9,28.95,6500,187715,8,+0.05,25.9936149167475
20201028,29.55,29.55,28.8,28.8,13300,384750,12,-0.15,25.858932974173683
20201029,28.45,28.8,28.45,28.8,12104,345546,17, 0.00,25.858932974173683
20201030,29.25,29.25,28.7,28.7,42107,1221871,34,-0.10,25.7691450124578
20201102,28.2,28.4,28.2,28.3,7000,198150,7,-0.40,25.40999316559428
20201103,28.55,28.65,28.55,28.65,4027,114913,8,+0.35,25.72425103159986
20201104,28.65,28.65,28.65,28.65,1000,28650,1, 0.00,25.72425103159986
20201105,29.05,29.05,28.5,28.65,40007,1151151,31, 0.00,25.72425103159986
20201106,28.65,28.7,28.65,28.7,5250,150412,6,+0.05,25.7691450124578
20201109,29.4,29.4,28.5,28.9,27415,795569,25,+0.20,25.948720935889558
20201110,28.65,29.0,28.6,28.9,27100,781890,24, 0.00,25.948720935889558
20201111,28.9,29.1,28.8,28.9,11050,320030,12, 0.00,25.948720935889558
20201112,29.0,29.5,29.0,29.35,46400,1358760,42,+0.45,26.352766763611026
20201113,29.35,29.35,29.0,29.3,20000,581800,19,-0.05,26.307872782753083
20201116,29.2,29.2,28.9,29.2,9000,262000,9,-0.10,26.218084821037206
20201117,29.0,29.1,28.9,28.9,16000,463350,15,-0.30,25.948720935889558
20201118,28.8,28.9,28.8,28.9,5300,152935,6, 0.00,25.948720935889558
20201119,28.9,29.0,28.9,29.0,9205,266843,14,+0.10,26.03850889760544
20201120,29.2,31.45,29.2,30.7,109800,3320764,84,+1.70,27.564904246775413
20201123,31.4,31.5,30.7,30.9,77238,2393230,59,+0.20,27.744480170207176
20201124,30.7,30.9,30.7,30.9,37915,1166674,29, 0.00,27.744480170207176
20201125,30.5,30.7,30.5,30.7,19000,580650,11,-0.20,27.564904246775413
20201126,30.7,30.95,30.6,30.8,37000,1136750,18,+0.10,27.6546922084913
20201127,30.9,33.0,30.9,32.15,194638,6278228,85,+1.35,28.866829691655685
20201130,32.0,32.0,31.15,31.6,25145,792991,24,-0.55,28.372995902218342
20201201,31.05,32.0,31.05,32.0,18250,580787,16,+0.40,28.732147749081864
20201202,32.0,32.0,31.85,32.0,5990,190864,15, 0.00,28.732147749081864
20201203,31.8,31.9,31.4,31.4,11214,355101,13,-0.60,28.19341997878658
20201204,31.0,31.7,31.0,31.45,15785,496086,19,+0.05,28.23831395964452
20201207,31.5,31.5,31.05,31.05,21552,675863,19,-0.40,27.879162112781
20201208,30.8,31.8,30.75,31.55,22250,694062,21,+0.50,28.328101921360403
20201209,31.75,31.75,30.55,30.55,35626,1105070,32,-1.00,27.430222304201596
20201210,30.6,30.75,30.5,30.55,7150,218932,9, 0.00,27.430222304201596
20201211,30.75,30.75,29.75,30.1,20390,613290,22,-0.45,27.026176476480135
20201214,30.0,30.15,30.0,30.05,14100,423210,9,-0.05,26.981282495622196
20201215,29.8,29.8,29.5,29.5,10250,303224,11,-0.55,26.487448706184846
20201216,29.55,29.85,29.5,29.8,46153,1366506,27,+0.30,26.756812591332487
20201217,29.55,29.85,29.3,29.85,24203,715369,18,+0.05,26.80170657219043
20201218,29.75,29.75,29.75,29.75,3100,92200,3,-0.10,26.711918610474545
20201221,30.0,30.0,29.05,29.5,45850,1348350,33,-0.25,26.487448706184846
20201222,29.25,29.6,29.25,29.6,2000,58850,2,+0.10,26.577236667900724
20201223,29.8,29.8,29.3,29.65,12300,363774,11,+0.05,26.622130648758663
20201224,29.55,29.55,29.5,29.5,12267,361933,13,-0.15,26.487448706184846
20201225,29.5,29.7,29.45,29.7,7050,208120,8,+0.20,26.667024629616606
20201228,29.6,30.25,29.5,29.7,63250,1889020,61, 0.00,26.667024629616606
20201229,30.0,30.0,29.55,29.75,12492,370730,15,+0.05,26.711918610474545
20201230,30.2,30.2,30.0,30.0,21350,641470,16,+0.25,26.936388514764253
20201231,30.1,30.2,29.5,29.7,31171,928430,33,-0.30,26.667024629616606
20210104,29.7,31.0,29.5,30.55,44300,1342635,43,+0.85,27.430222304201596
20210105,30.55,30.55,30.1,30.1,9250,279910,12,-0.45,27.026176476480135
20210106,29.75,29.75,29.3,29.4,10350,307239,21,-0.70,26.397660744468965
20210107,29.7,29.7,29.45,29.45,6582,195459,11,+0.05,26.4425547253269
20210108,29.55,29.85,29.45,29.5,16694,492565,19,+0.05,26.487448706184846
20210111,29.8,30.6,29.6,30.45,52150,1585705,34,+0.95,27.340434342485718
20210112,30.8,30.8,29.75,29.75,13257,397281,13,-0.70,26.711918610474545
20210113,30.0,30.05,29.95,29.95,26000,779800,24,+0.20,26.891494533906307
20210114,30.0,30.0,29.6,29.8,23151,691731,24,-0.15,26.756812591332487
20210115,29.85,29.85,29.0,29.25,24000,706300,21,-0.55,26.262978801895144
20210118,29.2,29.25,29.1,29.1,21365,622658,19,-0.15,26.128296859321324
20210119,29.1,29.1,29.0,29.0,9150,265605,11,-0.10,26.03850889760544
20210120,28.7,28.85,28.7,28.85,17000,488850,15,-0.15,25.903826955031622
20210121,28.05,29.15,28.05,28.45,29087,832824,26,-0.40,25.544675108168097
20210122,28.3,29.0,28.25,28.85,17351,494007,24,+0.40,25.903826955031622
20210125,28.35,28.85,28.2,28.75,18854,538451,22,-0.10,25.81403899331574
20210126,28.4,28.75,28.3,28.75,18400,523175,17, 0.00,25.81403899331574
20210127,29.0,29.0,29.0,29.0,2000,58000,2,+0.25,26.03850889760544
20210128,29.0,29.0,28.7,28.85,7000,201400,7,-0.15,25.903826955031622
20210129,28.8,29.05,28.65,29.0,27045,783655,19,+0.15,26.03850889760544
20210201,29.75,30.25,29.2,29.45,13120,389835,16,+0.45,26.4425547253269
20210202,30.3,30.3,29.8,29.85,13000,389300,11,+0.40,26.80170657219043
20210203,29.85,29.95,29.75,29.95,12951,386489,11,+0.10,26.891494533906307
20210204,29.8,29.95,29.5,29.5,13500,400300,10,-0.45,26.487448706184846
20210205,29.25,29.75,29.25,29.65,22001,652529,15,+0.15,26.622130648758663
20210217,29.85,30.3,29.8,30.25,56200,1686805,27,+0.60,27.16085841905395
20210218,30.25,30.25,30.0,30.25,63596,1913472,35, 0.00,27.16085841905395
20210219,30.15,31.25,30.15,31.05,44294,1344448,31,+0.80,27.879162112781
20210222,31.5,32.0,31.45,31.65,81825,2600858,56,+0.60,28.417889883076285
20210223,31.55,32.15,31.55,32.0,49049,1561900,39,+0.35,28.732147749081864
20210224,31.7,32.0,31.5,32.0,15250,484075,16, 0.00,28.732147749081864
20210225,32.2,32.2,31.9,32.1,26018,833220,20,+0.10,28.82193571079775
20210226,31.4,32.0,31.4,31.75,34477,1093148,91,-0.35,28.507677844792166
20210302,31.75,32.1,31.55,31.55,10064,319188,14,-0.20,28.328101921360403
20210303,32.0,32.0,31.55,31.55,24153,766173,19, 0.00,28.328101921360403
20210304,31.5,31.65,31.4,31.65,24326,766632,25,+0.10,28.417889883076285
20210305,31.2,31.8,30.8,31.8,22105,691260,19,+0.15,28.552571825650105
20210308,32.75,32.75,31.6,31.8,10784,343160,16, 0.00,28.552571825650105
20210309,31.5,31.9,31.5,31.8,13231,419624,18, 0.00,28.552571825650105
20210310,31.8,31.8,31.5,31.75,24100,765879,12,-0.05,28.507677844792166
20210311,31.85,31.95,31.6,31.9,32250,1025750,25,+0.15,28.642359787365987
20210312,31.5,31.9,31.5,31.9,28000,891000,18, 0.00,28.642359787365987
20210315,31.8,32.0,31.75,31.9,32032,1022540,24, 0.00,28.642359787365987
20210316,31.8,31.9,31.8,31.9,24000,763800,13, 0.00,28.642359787365987
20210317,31.9,32.0,31.9,32.0,20002,638813,15,+0.10,28.732147749081864
20210318,32.0,32.3,32.0,32.05,36000,1155800,24,+0.05,28.777041729939807
20210319,32.0,32.0,31.55,32.0,42000,1338950,29,-0.05,28.732147749081864
20210322,31.0,31.95,31.0,31.95,18154,574864,16,-0.05,28.687253768223922
20210323,31.65,31.75,31.6,31.7,18500,585399,17,-0.25,28.462783863934227
20210324,31.7,31.7,31.4,31.5,32001,1009631,24,-0.20,28.28320794050246
20210325,31.75,31.75,31.6,31.6,3000,94950,3,+0.10,28.372995902218342
20210326,31.4,31.65,31.2,31.6,40050,1256726,15, 0.00,28.372995902218342
20210329,31.25,31.8,31.25,31.7,37100,1174289,23,+0.10,28.462783863934227
20210330,31.7,31.7,31.6,31.7,15052,476852,9, 0.00,28.462783863934227
20210331,32.1,32.1,31.75,31.75,18456,587668,22,+0.05,28.507677844792166
20210401,32.0,32.95,31.8,31.9,19250,617999,11,0.15,28.642359787365987
20210406,31.9,31.9,31.9,31.9,5803,184906,14,0.0,28.642359787365987
20210407,31.9,31.9,31.7,31.9,29052,925673,24,0.0,28.642359787365987
20210408,32.65,32.65,31.95,32.2,26056,837337,22,0.3,28.91172367251363
20210409,32.2,32.6,32.1,32.6,25435,824499,26,0.4,29.270875519377153
20210412,33.15,33.2,32.65,32.75,33525,1102377,35,0.15,29.40555746195097
20210413,32.75,36.0,32.75,36.0,221314,7933202,201,3.25,32.323666217717104
20210414,38.1,39.0,36.2,36.4,393024,14731929,299,0.4,32.68281806458062
20210415,36.4,37.2,35.4,37.2,116825,4265160,81,0.8,33.401121758307674
20210416,37.35,37.35,36.15,36.6,95106,3479913,49,-0.6,32.86239398801239
20210419,36.95,36.95,35.6,36.0,69350,2492609,45,-0.6,32.323666217717104
20210420,36.0,36.8,35.6,35.9,41309,1481908,34,-0.1,32.23387825600122
20210421,35.8,35.85,35.5,35.85,81600,2906097,36,-0.05,32.18898427514328
20210422,35.6,36.0,35.6,35.8,42115,1503721,28,-0.05,32.144090294285334
20210423,36.7,36.7,35.65,35.75,63643,2285167,47,-0.05,32.0991963134274
20210426,35.8,35.8,35.7,35.75,36784,1315025,30,0.0,32.0991963134274
20210427,35.75,35.8,35.5,35.75,56430,2010681,36,0.0,32.0991963134274
20210428,36.0,36.1,35.8,35.8,20651,743067,19,0.05,32.144090294285334
20210429,35.7,36.65,35.7,35.75,25001,896635,22,-0.05,32.0991963134274
20210503,35.75,35.75,35.6,35.65,27310,972777,20,-0.10,32.009408351711514
20210504,36.85,38.0,35.65,36.4,55311,2027634,65,+0.75,32.68281806458062
20210505,37.15,37.2,36.4,36.7,19300,706790,18,+0.30,32.95218194972827
20210506,36.0,38.0,36.0,36.65,166343,6067823,51,-0.05,32.90728796887032
20210507,36.1,36.65,36.1,36.65,6351,230989,12, 0.00,32.90728796887032
20210510,36.1,36.75,36.1,36.5,94822,3446471,40,-0.15,32.77260602629651
20210511,36.1,37.0,36.05,36.1,33001,1195085,26,-0.40,32.41345417943298
20210512,36.0,36.0,32.5,32.5,567103,20137247,36,-3.60,29.18108755766127
20210513,32.05,32.5,31.0,31.2,93416,2929053,38,-1.30,28.013844055354824
20210514,31.2,33.4,30.6,32.05,146000,4656900,55,+0.85,28.777041729939807
20210517,31.05,31.95,30.4,31.7,70320,2195843,34,-0.35,28.462783863934227
20210518,30.9,33.6,30.9,31.8,32048,1020412,24,+0.10,28.552571825650105
20210519,31.7,31.7,31.4,31.7,15057,476229,22,-0.10,28.462783863934227
20210520,31.5,32.75,31.5,31.7,92050,2951220,30, 0.00,28.462783863934227
20210521,32.0,33.35,31.75,32.05,33405,1085536,21,+0.35,28.777041729939807
20210524,32.05,32.65,32.05,32.65,8003,237897,4,+0.60,29.315769500235092
20210525,31.9,33.7,31.9,32.5,33800,1108397,16,-0.15,29.18108755766127
20210526,32.5,35.0,32.5,34.5,7129,238659,11,+2.00,30.976846791978886
20210527,32.8,32.9,32.8,32.9,2000,65700,2,-1.60,29.540239404524794
20210528,32.9,32.9,32.6,32.7,9435,308849,14,-0.20,29.36066348109303
20210531,32.75,32.75,32.75,32.75,24184,792207,15,+0.05,29.40555746195097
20210601,33.8,33.8,32.7,33.4,13800,453629,13,+0.65,29.989179213104194
20210602,33.4,33.4,32.75,32.8,4003,131848,5,-0.60,29.45045144280891
20210603,32.5,33.2,32.0,33.2,32000,1044700,7,+0.40,29.809603289672435
20210604,32.6,34.2,32.6,33.55,58365,1967845,25,+0.35,30.123861155678018
20210607,33.0,33.0,32.95,33.0,8002,263766,6,-0.55,29.630027366240675
20210608,32.85,32.85,32.85,32.85,3000,98550,1,-0.15,29.495345423666855
20210609,32.75,32.75,32.4,32.4,8199,266737,7,-0.45,29.091299595945387
20210610,32.05,33.35,32.05,33.0,73858,2435123,29,+0.60,29.630027366240675
20210611,32.9,33.2,32.9,33.2,25455,843915,15,+0.20,29.809603289672435
20210615,32.9,32.9,32.9,32.9,2102,69149,5,-0.30,29.540239404524794
20210616,32.8,32.8,32.75,32.75,6001,196632,6,-0.15,29.40555746195097
20210617,32.4,32.5,32.3,32.35,18103,586380,23,-0.40,29.04640561508745
20210618,32.25,34.35,32.25,33.35,24251,821157,19,+1.00,29.94428523224626
20210621,32.4,32.9,32.4,32.9,7000,228050,7,-0.45,29.540239404524794
20210622,32.9,35.35,32.7,33.2,36478,1221089,29,+0.30,29.809603289672435
20210623,33.4,33.6,33.4,33.5,10079,337472,15,+0.30,30.07896717482008
20210624,33.6,35.0,33.2,34.25,42600,1449850,24,+0.75,30.752376887689184
20210625,34.25,35.5,33.95,34.35,80000,2750650,44,+0.10,30.84216484940507
20210628,34.4,34.5,33.65,34.2,6100,208874,7,-0.15,30.707482906831245
20210629,34.3,34.95,33.8,34.7,112850,3934468,33,+0.50,31.15642271541065
20210630,34.9,35.5,34.55,34.55,19050,662160,16,-0.15,31.02174077283682
20210701,34.0,34.0,34.0,34.0,3155,107208,6,-0.55,30.52790698339948
20210702,33.9,33.9,33.9,33.9,2006,68001,4,-0.10,30.438119021683598
20210705,34.0,34.35,34.0,34.0,13000,442350,7,+0.10,30.52790698339948
20210706,34.0,34.0,34.0,34.0,5087,172936,5, 0.00,30.52790698339948
20210707,34.1,34.7,33.9,34.65,35400,1220642,13,+0.65,31.11152873455271
20210708,34.1,35.15,34.0,34.1,49253,1690752,27,-0.55,30.617694945115364
20210709,34.0,34.1,33.95,34.1,27150,923170,14, 0.00,30.617694945115364
20210712,34.85,34.85,34.0,34.8,64750,2246405,18,+0.70,31.24621067712653
20210713,34.85,34.85,34.0,34.85,89734,3106509,33,+0.05,31.291104657984466
20210714,35.4,35.4,34.05,35.0,114000,3968650,30,+0.15,31.42578660055829
20210715,34.15,34.45,34.15,34.45,24003,823252,10,-0.55,30.931952811120944
20210716,34.9,34.9,34.35,34.35,11315,392360,9,-0.10,30.84216484940507
20210719,34.25,34.25,34.25,34.25,13284,486719,20,-0.10,30.752376887689184
20210720,34.25,34.25,34.25,34.25,2306,78876,4, 0.00,30.752376887689184
20210721,34.1,34.95,34.0,34.9,139849,4863755,43,+0.65,31.335998638842412
20210722,35.0,35.1,34.4,34.4,15174,528888,14,-0.50,30.887058830263
20210723,35.4,35.4,34.45,34.45,18502,648616,15,+0.05,30.931952811120944
20210726,34.3,34.45,34.0,34.45,24500,836725,18, 0.00,30.931952811120944
20210727,35.0,35.0,34.25,34.25,8100,280545,7,-0.20,30.752376887689184
20210728,34.1,34.1,33.6,33.6,5073,172119,7,-0.65,30.16875513653596
20210729,33.8,33.85,33.8,33.8,23001,777583,13,+0.20,30.348331059967716
20210802,34.4,34.4,33.85,34.15,29240,995019,19,X0.00,30.662588925973303
20210803,34.3,34.3,33.8,34.15,10189,347148,7, 0.00,30.662588925973303
20210806,33.8,34.1,33.7,34.1,14050,480523,12,X0.00,30.617694945115364
20210809,34.1,34.1,34.1,34.1,1150,38704,4, 0.00,30.617694945115364
20210810,33.7,33.95,33.6,33.95,11198,377238,13,-0.15,30.483013002541544
20210811,34.35,34.35,33.6,34.15,23477,793928,18,+0.20,30.662588925973303
20210813,34.3,34.3,33.85,33.85,10002,340166,10,X0.00,30.393225040825662
20210816,34.35,34.5,33.65,34.0,45003,1543449,12,+0.15,30.52790698339948
20210817,33.6,34.05,33.6,34.05,6008,201634,11,+0.05,30.572800964257418
20210818,34.05,34.2,33.9,34.2,24150,823136,18,+0.15,30.707482906831245
20210819,33.6,33.6,32.5,33.25,13453,443003,13,X0.00,30.75372911602828
20210820,33.35,33.35,33.35,33.35,1443,47969,3,+0.10,30.84622153442235
20210823,34.35,34.35,34.1,34.1,3320,113220,8,+0.75,31.539914672377876
20210824,34.05,34.1,34.0,34.1,5492,186689,12, 0.00,31.539914672377876
20210825,34.1,34.1,34.0,34.0,5100,173504,7,-0.10,31.4474222539838
20210826,34.3,34.3,34.05,34.05,18107,617340,13,+0.05,31.493668463180835
20210827,34.35,35.55,34.35,35.55,119212,4179608,84,+1.50,32.88105473909189
20210830,38.4,38.4,35.8,37.05,252018,9427944,179,+1.50,34.26844101500294
20210831,37.15,37.15,36.6,37.1,51370,1894428,41,+0.05,34.31468722419998
20210901,37.2,37.2,36.85,37.2,58249,2159745,36,+0.10,34.407179642594045
20210902,37.0,37.2,36.9,37.1,35358,1309106,27,-0.10,34.31468722419998
20210903,36.9,37.2,36.85,37.2,22350,826647,19,+0.10,34.407179642594045
20210906,36.5,37.2,36.5,37.0,45120,1663468,22,-0.20,34.2221948058059
20210907,35.75,36.35,35.75,36.35,33000,1185650,24,-0.65,33.62099408624445
20210908,35.7,35.9,34.6,35.9,72635,2570854,40,-0.45,33.20477820347113
20210909,34.6,34.6,34.6,34.6,4000,138400,3,-1.30,32.00237676434823
20210910,35.8,35.8,34.2,35.05,104107,3601202,44,+0.45,32.418592647121535
20210913,35.0,35.25,35.0,35.05,13000,456000,9, 0.00,32.418592647121535
20210914,35.4,35.4,35.4,35.4,1000,35400,1,+0.35,32.74231611150078
20210915,35.4,35.4,35.4,35.4,23113,818211,7, 0.00,32.74231611150078
20210916,36.5,36.5,35.35,35.35,16203,578082,22,-0.05,32.696069902303755
20210917,36.0,36.0,35.25,35.3,7248,257015,11,-0.05,32.649823693106704
20210922,35.1,35.25,34.95,34.95,4201,147301,9,-0.35,32.32610022872747
20210923,34.5,35.15,34.5,35.15,7007,244091,6,+0.20,32.51108506551561
20210927,34.65,35.15,34.65,35.15,14200,496500,15,X0.00,32.51108506551561
20210928,35.0,35.1,34.75,35.1,18000,628150,12,-0.05,32.46483885631858
20210929,34.75,35.0,34.75,35.0,20050,700442,14,-0.10,32.3723464379245
20210930,34.9,34.9,34.9,34.9,2250,78449,4,-0.10,32.27985401953043
20211001,34.4,34.9,34.1,34.9,16000,550500,15, 0.00,32.27985401953043
20211004,34.3,34.7,34.2,34.2,21000,720400,18,-0.70,31.632407090771945
20211005,33.1,34.45,33.1,34.15,74000,2488600,25,-0.05,31.586160881574905
20211007,34.15,35.0,34.15,34.5,26200,903485,17,X0.00,31.90988434595415
20211008,34.3,34.3,34.2,34.2,7100,243089,5,-0.30,31.632407090771945
20211013,34.5,34.5,34.0,34.3,10100,344800,8,X0.00,31.724899509166004
20211014,34.3,34.3,33.8,34.15,22150,754477,13,-0.15,31.586160881574905
20211015,36.8,36.8,33.95,34.4,68000,2367750,40,+0.25,31.81739192756008
20211018,34.0,34.25,34.0,34.25,3000,102450,3,-0.15,31.678653299968975
20211019,34.25,34.6,33.9,34.6,11645,398860,11,+0.35,32.00237676434823
20211020,34.85,34.85,34.85,34.85,3000,104550,3,+0.25,32.2336078103334
20211021,34.8,34.8,34.25,34.55,13002,447268,12,-0.30,31.95613055515118
20211025,34.6,34.6,34.1,34.1,4099,141196,4,X0.00,31.539914672377876
20211026,33.9,34.9,33.8,34.85,108850,3756473,42,+0.75,32.2336078103334
20211027,34.75,34.75,34.1,34.75,59389,2058387,30,-0.10,32.14111539193932
20211028,35.4,35.5,35.05,35.05,52150,1840021,21,+0.30,32.418592647121535
20211101,35.05,35.3,34.4,34.7,31967,1123912,20,X0.00,32.09486918274229
20211102,34.3,35.0,34.3,34.3,24050,831905,13,-0.40,31.724899509166004
20211103,34.3,34.5,34.3,34.5,5010,172459,4,+0.20,31.90988434595415
20211104,34.5,34.5,34.2,34.5,6007,206548,9, 0.00,31.90988434595415
20211105,34.4,34.65,34.4,34.6,9188,317027,13,+0.10,32.00237676434823
20211108,34.6,35.15,34.6,34.85,15187,529790,17,+0.25,32.2336078103334
20211109,34.6,35.45,34.6,35.0,8016,280355,9,+0.15,32.3723464379245
20211110,34.6,35.05,34.25,34.85,30353,1048655,28,-0.15,32.2336078103334
20211111,34.1,34.85,34.05,34.55,37119,1270778,41,-0.30,31.95613055515118
20211112,34.2,34.65,34.05,34.65,73151,2504175,36,+0.10,32.04862297354526
20211115,34.25,34.8,34.25,34.7,13050,451122,12,+0.05,32.09486918274229
20211116,34.7,35.5,34.7,35.5,32485,1138920,31,+0.80,32.83480852989484
20211117,35.5,35.5,35.05,35.25,11000,387700,11,-0.25,32.603577483909675
20211118,35.8,36.0,35.4,35.5,68618,2444730,34,+0.25,32.83480852989484
20211119,35.6,35.6,35.1,35.5,46170,1637609,20, 0.00,32.83480852989484
20211122,35.2,35.65,35.2,35.6,14132,502413,13,+0.10,32.927300948288924
20211124,36.75,36.75,35.7,36.1,31095,1134090,13,X0.00,33.389763040259275
20211125,36.0,36.0,36.0,36.0,19000,684000,3,-0.10,33.297270621865195
20211126,35.65,35.7,34.7,35.7,17000,602400,6,-0.30,33.01979336668299
20211129,34.75,35.65,34.6,35.0,23100,808020,14,-0.70,32.3723464379245
20211130,34.65,34.95,34.55,34.9,7600,263749,9,-0.10,32.27985401953043
20211201,34.8,34.8,34.05,34.8,85000,2918350,35,-0.10,32.18736160113636
20211202,34.95,34.95,34.5,34.5,4000,138500,4,-0.30,31.90988434595415
20211203,34.95,34.95,34.45,34.65,7600,262930,9,+0.15,32.04862297354526
20211206,34.15,34.5,34.15,34.5,3294,113124,6,-0.15,31.90988434595415
20211207,34.5,34.7,34.5,34.7,6004,207988,7,+0.20,32.09486918274229
20211209,34.5,34.85,34.25,34.85,43101,1484241,29,X0.00,32.2336078103334
20211210,34.5,35.55,34.4,34.8,39150,1351972,19,-0.05,32.18736160113636
20211213,34.75,35.7,34.75,35.7,10460,367133,11,+0.90,33.01979336668299
20211214,35.5,35.5,35.2,35.2,3000,106200,3,-0.50,32.55733127471264
20211215,35.5,36.0,35.5,35.8,21110,755947,25,+0.60,33.112285785077056
20211216,36.3,36.45,35.7,35.8,42150,1514926,35, 0.00,33.112285785077056
20211217,35.75,36.05,35.6,36.05,13535,482363,10,+0.25,33.34351683106224
20211220,35.3,35.6,35.3,35.35,18053,638605,18,-0.70,32.696069902303755
20211221,35.35,35.35,35.35,35.35,5000,176750,1, 0.00,32.696069902303755
20211222,35.5,35.6,35.0,35.5,26000,915900,15,+0.15,32.83480852989484
20211223,35.5,35.65,35.1,35.3,16000,566100,13,-0.20,32.649823693106704
20211227,35.2,35.45,35.05,35.15,13296,467823,14,X0.00,32.51108506551561
20211228,35.15,35.8,35.15,35.7,10496,371793,17,+0.55,33.01979336668299
20211229,35.7,36.0,35.0,36.0,36050,1277724,16,+0.30,33.297270621865195
20211230,35.9,35.95,35.6,35.95,42108,1504369,17,-0.05,33.25102441266817
20220103,35.35,35.35,35.35,35.35,1005,35530,2,-0.60,32.696069902303755
20220104,35.1,35.95,35.0,35.8,46200,1650886,50,+0.45,33.112285785077056
20220106,35.8,36.1,35.8,36.05,36007,1294255,18,X0.00,33.34351683106224
20220107,36.0,36.0,35.85,35.85,5095,183250,8,-0.20,33.15853199427411
20220110,35.4,36.8,35.4,36.6,58779,2141867,40,+0.75,33.85222513222963
20220111,36.65,36.65,35.45,35.45,11264,406992,15,-1.15,32.78856232069782
20220112,35.5,35.5,35.5,35.5,2250,80150,4,+0.05,32.83480852989484
20220113,35.3,35.6,35.3,35.6,4219,149634,6,+0.10,32.927300948288924
20220114,35.6,35.6,35.6,35.6,6099,217135,6, 0.00,32.927300948288924
20220117,35.35,35.9,35.35,35.9,7001,248635,7,+0.30,33.20477820347113
20220118,36.15,36.15,35.35,35.5,18110,645565,15,-0.40,32.83480852989484
20220119,34.95,35.4,34.95,35.4,19000,669200,10,-0.10,32.74231611150078
20220120,36.2,36.2,35.4,35.4,6445,229538,9, 0.00,32.74231611150078
20220121,35.4,35.5,35.4,35.4,9000,318750,9, 0.00,32.74231611150078
20220124,34.6,35.65,34.6,35.35,5001,175585,5,-0.05,32.696069902303755
20220125,35.45,35.45,35.2,35.35,10001,352435,9, 0.00,32.696069902303755
20220126,35.0,36.0,35.0,35.45,17051,607350,17,+0.10,32.78856232069782
20220207,35.4,35.7,35.35,35.7,7000,248350,7,+0.25,33.01979336668299
20220208,35.5,35.5,35.5,35.5,1050,37275,2,-0.20,32.83480852989484
20220209,36.2,36.5,35.5,35.5,7650,274065,10, 0.00,32.83480852989484
20220210,35.8,35.8,35.45,35.45,4000,142500,2,-0.05,32.78856232069782
20220211,35.45,35.45,35.45,35.45,2000,70900,2, 0.00,32.78856232069782
20220214,35.35,35.35,35.35,35.35,1000,35350,1,-0.10,32.696069902303755
20220215,35.0,35.2,34.9,35.0,36000,1259850,24,-0.35,32.3723464379245
20220216,34.5,35.3,34.5,35.0,59047,2055045,61, 0.00,32.3723464379245
20220217,35.2,35.2,34.9,35.1,9043,316455,9,+0.10,32.46483885631858
20220218,35.4,35.4,34.75,35.3,4000,140450,4,+0.20,32.649823693106704
20220221,34.85,35.3,34.75,35.3,10200,356440,10, 0.00,32.649823693106704
20220222,35.25,35.25,35.25,35.25,1001,35285,2,-0.05,32.603577483909675
20220223,34.85,35.15,34.85,34.95,17050,595791,19,-0.30,32.32610022872747
20220224,34.95,35.0,34.5,34.85,35145,1223022,34,-0.10,32.2336078103334
20220225,34.95,36.0,34.9,34.9,3121,110065,10,+0.05,32.27985401953043
20220301,34.75,35.0,34.7,34.75,35055,1219071,31,-0.15,32.14111539193932
20220302,35.25,35.25,33.85,34.7,65000,2225300,40,-0.05,32.09486918274229
20220304,34.75,34.75,34.7,34.7,10000,347150,7,X0.00,32.09486918274229
20220307,34.0,34.7,34.0,34.7,5000,171400,5, 0.00,32.09486918274229
20220308,34.1,35.1,34.05,34.7,18030,617350,13, 0.00,32.09486918274229
20220309,34.15,34.8,34.1,34.7,29030,998291,17, 0.00,32.09486918274229
20220310,34.6,34.7,34.4,34.7,5072,175498,8, 0.00,32.09486918274229
20220311,34.7,36.4,34.35,34.9,26000,916550,16,+0.20,32.27985401953043
20220314,34.55,35.1,34.1,35.1,32300,1113870,20,+0.20,32.46483885631858
20220315,35.2,35.2,34.6,35.15,5023,175557,4,+0.05,32.51108506551561
20220316,35.3,36.3,34.65,35.45,25151,893202,18,+0.30,32.78856232069782
20220317,35.45,35.7,35.05,35.7,27035,954838,21,+0.25,33.01979336668299
20220318,35.7,35.9,35.7,35.8,10113,362033,11,+0.10,33.112285785077056
20220321,35.4,35.8,35.4,35.8,14000,497200,11, 0.00,33.112285785077056
20220322,35.35,36.0,35.35,35.85,26615,949783,22,+0.05,33.15853199427411
20220323,35.8,35.8,35.8,35.8,2001,71635,3,-0.05,33.112285785077056
20220324,35.6,36.0,35.5,35.9,8001,286032,8,+0.10,33.20477820347113
20220325,35.9,36.45,35.9,36.3,17314,624843,26,+0.40,33.57474787704741
20220328,36.15,36.4,35.5,36.4,19011,687994,21,+0.10,33.66724029544148
20220329,35.9,36.45,35.85,36.4,527350,20963870,29, 0.00,33.66724029544148
20220330,36.15,36.5,36.15,36.5,9250,336125,7,+0.10,33.75973271383555
20220331,36.2,36.5,36.2,36.25,8000,290300,8,-0.25,33.52850166785037
20220401,36.25,36.25,36.0,36.0,5134,185356,8,-0.25,33.297270621865195
20220406,36.0,36.0,36.0,36.0,15071,542556,9, 0.00,33.297270621865195
20220407,36.0,36.0,36.0,36.0,1430,51454,3, 0.00,33.297270621865195
20220408,36.45,36.5,36.15,36.15,4283,155720,11,+0.15,33.43600924945631
20220411,36.4,36.4,35.7,36.1,45190,1630507,30,-0.05,33.389763040259275
20220412,36.4,37.35,35.85,37.0,62300,2289890,50,+0.90,34.2221948058059
20220413,37.4,40.7,37.4,40.7,645497,26033248,451,+3.70,37.64441428638649
20220414,43.0,43.0,40.0,41.25,809172,33754714,646,+0.55,38.15312258755388
20220415,41.0,42.35,40.6,41.7,379603,15816211,311,+0.45,38.56933847032719
20220418,41.45,43.65,41.45,41.55,418747,17716634,342,-0.15,38.430599842736086
20220419,41.6,42.25,40.85,40.85,156451,6520770,138,-0.70,37.7831529139776
20220420,40.9,40.9,40.3,40.4,59500,2412062,58,-0.45,37.36693703120428
20220421,40.55,41.6,40.05,40.05,105780,4322591,78,-0.35,37.04321356682504
20220422,40.05,40.05,38.55,38.85,54651,2123110,56,-1.20,35.9333045460962
20220425,38.85,38.85,36.7,38.3,67200,2548750,45,-0.55,35.424596244928814
20220426,37.65,38.0,37.4,37.45,28001,1054088,22,-0.85,34.63841068857922
20220427,36.3,36.8,36.0,36.3,96819,3508646,62,-1.15,33.57474787704741
20220428,36.3,36.8,36.3,36.45,59523,2167632,42,+0.15,33.71348650463852
20220429,36.45,37.0,36.45,37.0,10028,368370,13,+0.55,34.2221948058059
20220503,36.55,37.8,36.5,37.35,16500,612700,18,+0.35,34.545918270185155
20220504,37.25,37.25,37.25,37.25,4000,149000,4,-0.10,34.453425851791074
20220505,37.1,37.6,37.1,37.6,17501,654161,15,+0.35,34.77714931617032
20220506,37.0,37.0,36.65,36.8,13700,504504,9,-0.80,34.037209969017766
20220509,36.2,36.2,35.1,35.5,194050,6907857,62,-1.30,32.83480852989484
20220510,35.5,36.8,35.5,36.6,17030,615650,20,+1.10,33.85222513222963
20220511,36.8,36.8,35.75,36.4,31000,1127650,23,-0.20,33.66724029544148
20220512,36.4,36.6,35.0,35.95,55002,1963422,37,-0.45,33.25102441266817
20220513,36.05,37.65,36.05,36.7,44290,1627453,29,+0.75,33.94471755062369
20220516,36.8,37.1,36.7,36.7,26000,956950,18, 0.00,33.94471755062369
20220517,37.0,39.75,37.0,38.8,150053,5748336,132,+2.10,35.88705833689916
20220518,38.8,40.75,38.8,40.0,210742,8422933,174,+1.20,36.996967357628
20220519,38.9,40.25,37.4,40.25,169050,6555900,90,+0.25,37.228198403613185
20220520,40.2,40.2,38.55,39.0,50140,1950233,49,-1.25,36.0720431736873
20220523,40.1,40.1,38.75,39.0,102050,4004381,63, 0.00,36.0720431736873
20220524,38.25,39.5,38.25,38.85,17002,661777,12,-0.15,35.9333045460962
20220525,38.85,39.0,38.7,39.0,15200,591730,14,+0.15,36.0720431736873
20220526,39.2,39.2,38.8,39.2,26030,1014311,19,+0.20,36.257028010475445
20220527,39.9,39.9,39.3,39.35,10300,406657,17,+0.15,36.395766638066554
20220530,39.45,40.1,39.35,40.1,24643,979727,22,+0.75,37.089459776022075
20220531,40.1,40.1,39.75,39.75,5670,225587,16,-0.35,36.765736311642826
20220601,39.65,40.2,39.65,39.95,58011,2319486,41,+0.20,36.95072114843097
20220602,40.2,40.95,40.2,40.65,88160,3591488,72,+0.70,37.598168077189456
20220606,41.1,41.1,40.1,40.3,20300,820421,32,-0.35,37.27444461281021
20220607,39.85,40.25,39.6,39.7,13011,518192,14,-0.60,36.71949010244579
20220608,39.65,40.5,39.65,39.9,23491,935469,26,+0.20,36.90447493923393
20220609,39.9,40.0,39.7,39.9,12013,492747,17, 0.00,36.90447493923393
20220610,39.75,40.9,39.75,40.5,63246,2564897,37,+0.60,37.45942944959835
20220613,39.75,40.5,39.75,40.3,39000,1565000,29,-0.20,37.27444461281021
20220614,40.95,40.95,39.8,40.3,69094,2760753,23, 0.00,37.27444461281021
20220615,41.1,41.5,40.5,41.0,83300,3410181,89,+0.70,37.921891541568705
20220616,41.0,41.3,40.65,40.7,34159,1396969,34,-0.30,37.64441428638649
20220617,40.4,41.3,40.4,40.85,64140,2626151,58,+0.15,37.7831529139776
20220620,40.45,41.5,40.0,40.35,128108,5196093,66,-0.50,37.32069082200726
20220621,40.3,41.3,40.15,41.25,115457,4707053,67,+0.90,38.15312258755388
20220622,41.25,41.3,39.4,40.65,102000,4117400,56,-0.60,37.598168077189456
20220623,40.45,40.65,40.35,40.65,107000,4322050,10, 0.00,37.598168077189456
20220624,41.0,41.3,40.55,40.55,28119,1149224,27,-0.10,37.50567565879538
20220627,41.1,41.1,40.55,40.8,11170,454552,10,+0.25,37.73690670478056
20220628,40.6,41.0,40.35,40.75,55050,2250180,23,-0.05,37.69066049558353
20220629,40.85,40.85,40.35,40.85,58003,2365220,27,+0.10,37.7831529139776
20220630,40.5,40.85,40.35,40.85,28000,1132950,20, 0.00,37.7831529139776
20220701,40.5,40.5,40.0,40.1,40298,1621120,36,-0.75,37.089459776022075
20220704,40.4,40.9,40.0,40.7,73407,2984619,43,+0.60,37.64441428638649
20220705,40.7,41.45,40.7,41.2,100139,4126006,82,+0.50,38.106876378356844
20220706,41.2,42.35,41.05,41.45,152428,6329363,87,+0.25,38.33810742434202
20220707,41.95,41.95,40.75,41.6,56227,2329795,38,+0.15,38.47684605193312
20220708,42.15,43.75,41.55,41.55,855076,38254661,65,-0.05,38.430599842736086
20220711,42.7,45.7,42.7,45.7,1827733,82929630,1009,+4.15,42.26903520609
20220712,46.1,47.3,41.15,41.15,1520967,66995582,1339,-4.55,38.06063016915981
20220713,41.6,42.1,39.8,40.9,418246,17172841,328,-0.25,37.82939912317463
20220714,40.9,43.15,40.9,41.2,320033,13497694,229,+0.30,38.106876378356844
20220715,41.35,42.4,41.3,41.5,112353,4691819,80,+0.30,38.38435363353906
20220718,41.2,41.85,41.2,41.5,88550,3673092,66, 0.00,38.38435363353906
20220719,42.5,45.65,42.2,45.55,1691035,76381080,823,+4.05,42.130296578498886
20220720,45.95,46.25,44.15,45.7,1639434,74587361,1141,+0.15,42.26903520609
20220721,45.7,45.7,42.1,43.2,959428,41937916,756,-2.50,39.95672474623825
20220722,43.2,43.2,42.4,42.7,819092,37376702,326,-0.50,39.49426265426789
20220725,43.1,46.95,43.0,46.95,1826797,83921378,1059,+4.25,43.425190436015875
20220726,48.75,49.65,45.9,45.9,1779564,84366197,1299,-1.05,42.45402004287813
20220727,47.05,49.15,45.05,45.35,5390776,259693266,2919,X0.00,43.07136037907211
20220728,45.75,49.85,45.6,49.85,4541364,221437846,2396,+4.50,47.345255014261184
20220729,51.5,54.8,51.5,54.8,8260436,441441048,5020,+4.95,52.046539112969164
20220801,56.5,60.0,56.2,59.0,11355555,661629353,7550,+4.20,56.03550743914564
20220802,60.8,60.8,57.0,59.3,6362630,372538376,4043,+0.30,56.32043374815824
20220803,59.3,60.0,55.6,56.8,4176208,240317349,2987,-2.50,53.94604783971987
20220804,58.2,61.5,56.2,56.2,15751604,925655689,10442,-0.60,53.37619522169466
20220805,55.6,61.8,54.0,61.8,14308674,843164181,9337,+5.60,58.694819656596614
20220808,65.0,66.4,62.9,64.0,27704086,1792472226,17716,+2.20,60.78427925602239
20220809,62.1,62.7,58.8,59.8,8611650,520732127,5884,-4.20,56.79531092984592
20220810,59.4,62.5,58.8,60.3,7501047,458429367,5155,+0.50,57.270188111533585
20220811,64.5,64.7,60.9,61.2,9050750,566862700,6063,+0.90,58.12496703857141
20220812,60.8,62.0,59.5,62.0,3739653,226192617,2686,+0.80,58.884770529271684
20220815,61.6,62.7,60.8,61.2,2882122,177583328,2511,-0.80,58.12496703857141
20220816,60.5,62.7,60.5,60.7,3419630,210550180,2410,-0.50,57.65008985688373
20220817,60.3,62.8,58.8,62.8,5160234,313082863,3788,+2.10,59.64457401997196
20220818,62.7,63.5,62.0,62.8,4469047,280475898,3167, 0.00,59.64457401997196
20220819,64.2,69.0,62.0,62.4,14776771,972082473,8946,-0.40,59.26467227462182
20220822,62.4,62.4,59.5,59.8,3622374,219073453,2428,-2.60,56.79531092984592
20220823,59.7,60.5,59.1,60.2,1532648,91912331,1284,+0.40,57.175212675196065
20220824,60.9,62.8,60.5,61.2,2498927,154036366,1859,+1.00,58.12496703857141
20220825,62.4,67.3,61.5,67.3,12140623,793821092,8033,+6.10,63.91846865516103
20220826,68.5,71.0,65.6,66.6,16592495,1125300037,10415,-0.70,63.2536406007983
20220829,64.6,66.5,63.9,64.1,3981575,258179521,3140,-2.50,60.879254692359915
20220830,64.6,66.3,64.5,65.3,2960913,193414477,2025,+1.20,62.01895992841034
20220831,64.8,66.0,64.4,64.5,2088131,135525623,1612,-0.80,61.25915643771006
20220901,64.1,65.0,62.1,62.6,1964682,124316757,1405,-1.90,59.4546231472969
20220902,62.8,63.5,60.3,61.4,2609405,161204017,1871,-1.20,58.31491791124647
20220905,62.0,65.3,60.2,60.7,3676728,230900418,2930,-0.70,57.65008985688373
20220906,61.9,62.0,57.2,57.6,2604466,153363917,1744,-3.10,54.70585133042015
20220907,58.9,58.9,56.1,56.9,1132025,64896175,1029,-0.70,54.0410232760574
20220908,57.9,58.8,56.9,57.3,1052330,60764841,831,+0.40,54.42092502140754
20220912,57.8,58.0,53.0,56.4,3672805,203188584,2467,-0.90,53.56614609436973
20220913,57.5,57.5,55.3,56.1,1281881,71923990,1160,-0.30,53.28121978535712
20220914,54.1,56.0,54.1,55.8,679766,37548618,551,-0.30,52.99629347634451
20220915,55.2,56.9,54.5,54.6,1252535,69707305,1060,-1.20,51.8565882402941
20220916,54.7,57.5,53.4,56.2,2471933,137694924,1702,+1.60,53.37619522169466
20220919,56.5,57.3,55.0,55.4,1947527,109313694,1415,-0.80,52.61639173099437
20220920,56.2,57.1,55.0,55.0,965794,53935441,687,-0.40,52.23648998564423
20220921,55.1,55.5,52.8,52.8,1295795,69449351,866,-2.20,50.14703038621847
20220922,51.5,52.7,51.2,52.2,1564343,81146258,1104,-0.60,49.57717776819326
20220923,52.1,52.6,49.9,50.0,1136302,57630851,1008,-2.20,47.48771816876749
20220926,48.3,49.75,47.7,47.75,780828,37950059,558,-2.25,45.35077085117295
20220927,48.2,49.2,47.55,48.7,643948,31182569,528,+0.95,46.25303749637954
20220928,49.75,49.75,45.0,45.2,883978,40979412,644,-3.50,42.928897224565816
20220929,48.0,48.45,46.75,46.75,878474,41873840,613,+1.55,44.401016487797605
20220930,44.9,47.5,44.5,46.9,744562,34282757,534,+0.15,44.54347964230391
20221003,45.5,47.35,45.5,46.5,494749,22947490,408,-0.40,44.16357789695377
20221004,47.7,48.45,47.15,48.1,516183,24692581,400,+1.60,45.683184878354325
20221005,48.7,48.95,47.25,47.3,921388,44306529,721,-0.80,44.92338138765404
20221006,47.5,48.1,46.95,47.35,469280,22246626,340,+0.05,44.970869105822814
20221007,47.55,47.65,46.4,46.65,411172,19238604,300,-0.70,44.30604105146006
20221011,44.6,44.6,42.5,42.8,781049,33703598,515,-3.85,40.649486752464966
20221012,42.8,43.2,41.65,41.95,641915,27255031,498,-0.85,39.84219554359592
20221013,42.25,42.45,39.9,40.3,903572,36921686,696,-1.65,38.275100844026596
20221014,41.5,42.15,41.2,41.2,454608,18975321,460,+0.90,39.12987977106441
20221017,40.75,41.2,38.85,41.2,574381,22994259,383, 0.00,39.12987977106441
20221018,41.75,41.75,40.3,40.75,284024,11625137,217,-0.45,38.70249030754551
20221019,40.5,42.55,40.5,40.85,723586,30076948,516,+0.10,38.797465743883045
20221020,40.85,40.85,39.35,39.7,455444,18159587,380,-1.15,37.70524822600139
20221021,40.1,40.2,38.35,38.35,383402,14941604,284,-1.35,36.42307983544467
20221024,39.1,40.25,38.75,39.75,321144,12780557,264,+1.40,37.752735944170155
20221025,39.75,40.1,38.1,38.1,223441,8696807,223,-1.65,36.18564124460082
20221026,38.25,38.95,37.8,38.3,351641,13476792,254,+0.20,36.37559211727589
20221027,38.25,39.75,38.25,39.3,261863,10274981,241,+1.00,37.32534648065125
20221028,39.2,39.2,38.15,38.4,425264,16381800,352,-0.90,36.47056755361343
20221031,38.8,40.5,38.8,39.2,556047,21903693,370,+0.80,37.23037104431371
20221101,39.2,40.7,38.9,40.45,509982,20446309,424,+1.25,38.4175639985329
20221102,40.55,41.5,40.0,40.8,442443,18080555,358,+0.35,38.74997802571427
20221103,40.5,42.85,40.5,42.0,1044307,43676806,827,+1.20,39.889683261764695
20221104,43.0,44.4,42.05,42.2,3701533,159082268,2532,+0.20,40.07963413443976
20221107,42.25,42.95,41.35,42.55,829200,35085761,613,+0.35,40.412048161621136
20221108,42.85,43.7,42.7,42.75,882922,38098535,596,+0.20,40.601999034296206
20221109,43.45,44.0,42.6,43.3,785119,33995831,543,+0.55,41.12436393415264
20221110,43.25,43.7,42.8,43.2,579000,24974650,337,-0.10,41.029388497815106
20221111,44.35,44.75,43.25,44.75,1460426,64189445,843,+1.55,42.5015077610469
20221114,44.75,44.75,43.25,43.6,1603564,70340018,1070,-1.15,41.40929024316525
20221115,43.95,45.25,43.6,44.4,1081604,48105471,810,+0.80,42.16909373386553
20221116,44.45,44.8,43.75,44.2,605319,26708431,461,-0.20,41.97914286119047
20221117,44.1,46.2,44.1,45.1,1105659,50102534,614,+0.90,42.83392178822828
20221118,45.5,46.7,44.95,45.05,981737,44818609,586,-0.05,42.78643407005951
20221121,45.3,45.35,44.65,45.15,294623,13245579,235,+0.10,42.881409506397034
20221122,45.25,45.55,44.8,44.85,280623,12624886,195,-0.30,42.59648319738444
20221123,45.3,46.3,45.05,45.75,657399,29995228,417,+0.90,43.45126212442226
20221124,46.35,46.65,45.1,45.1,799969,36545644,532,-0.65,42.83392178822828
20221125,45.1,45.65,44.8,44.8,252099,11380839,199,-0.30,42.54899547921567
20221128,44.8,47.35,44.65,47.15,1329528,61946146,946,+2.35,44.780918233147744
20221129,46.8,51.0,46.35,50.9,6525276,318457336,3435,+3.75,48.3424970958053
20221130,51.5,54.8,51.4,51.9,8017580,420726067,5608,+1.00,49.292251459180655
20221201,52.6,53.6,52.2,53.0,3608301,190709586,2355,+1.10,50.33698125889354
20221202,52.6,53.0,52.0,52.4,1383454,72594339,945,-0.60,49.76712864086833
20221205,52.8,52.8,51.4,51.7,1018279,52732253,760,-0.70,49.10230058650559
20221206,52.0,52.3,50.6,51.3,1007509,51729803,683,-0.40,48.72239884115544
20221207,51.5,51.8,49.2,49.75,971942,48856766,603,-1.55,47.25027957792365
20221208,50.0,51.4,49.8,51.0,698476,35498692,458,+1.25,48.43747253214284
20221209,51.8,51.8,50.3,50.4,600134,30458056,426,-0.60,47.86761991411763
20221212,50.4,52.4,49.9,51.6,832064,42902234,523,+1.20,49.00732515016805
20221213,51.8,52.3,51.0,51.1,696751,35902025,502,-0.50,48.532447968480376
20221214,51.1,51.7,51.0,51.2,297271,15257911,229,+0.10,48.62742340481791
20221215,51.3,51.7,50.7,51.3,282161,14447051,235,+0.10,48.72239884115544
20221216,49.6,52.2,49.6,50.1,538851,27135850,355,-1.20,47.58269360510503
20221219,50.0,50.3,49.2,50.1,271645,13511531,250, 0.00,47.58269360510503
20221220,49.85,50.4,47.9,48.0,377938,18474413,307,-2.10,45.58820944201679
20221221,48.2,48.7,46.65,46.85,311316,14810053,250,-1.15,44.49599192413513
20221222,47.15,47.45,46.25,46.4,423491,19752845,338,-0.45,44.068602460616226
20221223,45.8,46.15,45.3,45.85,285722,13066295,224,-0.55,43.546237560759785
20221226,45.85,46.75,45.55,46.3,206396,9508010,232,+0.45,43.97362702427869
20221227,46.25,46.45,45.6,45.6,152306,7014906,128,-0.70,43.30879896991595
20221228,45.1,45.15,44.1,44.1,366263,16324151,254,-1.50,41.884167424852926
20221229,43.55,44.1,43.3,43.75,156352,6843312,119,-0.35,41.551753397671554
20221230,44.6,44.6,43.6,43.6,144200,6312850,102,-0.15,41.40929024316525
20230103,43.3,44.35,43.3,44.35,74010,3261290,64,+0.75,42.12160601569676
20230104,44.35,45.15,44.35,44.7,192401,8626994,143,+0.35,42.454020042878135
20230105,44.85,45.3,44.35,44.4,170233,7615795,139,-0.30,42.16909373386553
20230106,44.25,45.45,44.25,45.0,275027,12328826,136,+0.60,42.73894635189074
20230109,45.2,46.15,45.1,45.8,246764,11267201,202,+0.80,43.49874984259102
20230110,45.8,47.15,45.5,46.7,574543,26757702,456,+0.90,44.35352876962884
20230111,46.7,46.7,45.6,45.9,217384,9995528,188,-0.80,43.59372527892855
20230112,45.9,46.3,45.3,45.35,105630,4806738,93,-0.55,43.07136037907211
20230113,45.9,45.9,44.6,44.85,166129,7484855,108,-0.50,42.59648319738444
20230116,44.6,44.95,44.35,44.8,61080,2729134,49,-0.05,42.54899547921567
20230117,45.15,47.0,44.9,46.65,491393,22730021,354,+1.85,44.30604105146006
20230130,47.7,48.4,47.05,47.75,434910,20731669,318,+1.10,45.35077085117295
20230131,47.75,48.7,47.45,47.85,339896,16320827,240,+0.10,45.44574628751049
20230201,48.0,49.4,48.0,48.6,366446,17832494,302,+0.75,46.158062060042
20230202,48.6,49.1,48.2,48.55,285603,13876258,198,-0.05,46.110574341873225
20230203,48.55,49.45,47.7,47.7,575508,27874543,478,-0.85,45.303283133004186
20230206,47.7,48.45,47.35,47.7,505218,24081726,338, 0.00,45.303283133004186
20230207,48.25,49.8,48.1,48.35,720877,35245277,699,+0.65,45.920623469198155
20230208,48.75,48.85,48.25,48.5,291107,14109598,228,+0.15,46.063086623704464
20230209,48.5,49.1,48.35,48.7,218924,10657382,170,+0.20,46.25303749637954
20230210,48.7,48.7,47.35,48.0,422071,20215154,259,-0.70,45.58820944201679
20230213,47.8,47.95,47.5,47.6,72050,3435283,69,-0.40,45.20830769666665
20230214,47.6,48.9,47.6,48.45,203694,9852614,146,+0.85,46.015598905535704
20230215,48.45,49.1,48.05,48.8,199334,9684785,138,+0.35,46.34801293271706
20230216,48.95,49.5,48.3,48.75,223027,10910237,297,-0.05,46.3005252145483
20230217,48.7,48.85,47.85,48.5,239404,11568725,171,-0.25,46.063086623704464
20230220,48.5,50.2,48.5,49.9,467462,23175060,385,+1.40,47.39274273242995
20230221,50.5,50.5,49.5,49.5,341873,17067438,362,-0.40,47.01284098707981
20230222,49.2,50.4,48.7,50.0,517723,25658624,321,+0.50,47.48771816876749
20230223,51.0,51.8,50.0,51.2,1127655,57366142,800,+1.20,48.62742340481791
20230224,50.9,51.4,49.9,50.0,621306,31264742,502,-1.20,47.48771816876749
20230301,50.0,50.6,49.5,50.4,196842,9855406,165,+0.40,47.86761991411763
20230302,50.4,50.6,50.0,50.1,183331,9202020,143,-0.30,47.58269360510503
20230303,50.2,51.2,50.1,50.9,371825,18866270,258,+0.80,48.3424970958053
20230306,51.2,52.0,51.1,51.3,318382,16379650,240,+0.40,48.72239884115544
20230307,51.9,51.9,51.0,51.0,172664,8837924,155,-0.30,48.43747253214284
20230308,50.4,51.6,50.2,51.5,311441,15918709,192,+0.50,48.912349713830515
20230309,51.8,51.9,51.1,51.1,245481,12633125,194,-0.40,48.532447968480376
20230310,50.8,50.8,49.6,49.7,350166,17543984,268,-1.40,47.20279185975489
20230313,50.0,50.7,49.0,50.4,316046,15774632,259,+0.70,47.86761991411763
20230314,50.0,50.1,49.5,49.5,143858,7145383,164,-0.90,47.01284098707981
20230315,49.5,49.7,49.15,49.15,376181,18572829,289,-0.35,46.68042695989845
20230316,48.9,48.9,46.35,46.35,948024,49367454,357,-2.80,44.021114742447466
20230317,46.8,49.75,46.8,49.35,796625,38497415,599,+3.00,46.87037783257351
20230320,49.7,52.5,49.2,52.0,1177493,60491438,976,+2.65,49.38722689551818
20230321,52.5,54.3,52.0,52.6,1098578,58237769,934,+0.60,49.9570795135434
20230322,53.6,53.6,52.3,52.5,464483,24514604,367,-0.10,49.86210407720586
20230323,53.2,55.2,52.5,53.8,1360514,73480702,1005,+1.30,51.09678474959382
20230324,54.0,54.7,53.9,54.3,616769,33442091,463,+0.50,51.57166193128149
20230327,54.4,54.6,53.8,53.9,391150,21150219,266,-0.40,51.19176018593135
20230328,53.8,53.9,52.3,53.4,363849,19408431,271,-0.50,50.71688300424368
20230329,53.7,54.0,52.1,52.7,332671,17584335,227,-0.70,50.05205494988093
20230330,53.3,53.6,52.0,53.2,533194,28201604,293,+0.50,50.526932131568614
20230331,53.7,53.9,52.7,53.9,314761,16777154,203,+0.70,51.19176018593135
20230406,54.0,55.8,53.5,55.6,602469,33107837,444,+1.70,52.80634260366945
20230407,56.3,57.1,54.5,54.9,875895,48737470,667,-0.70,52.141514549306706
20230410,54.9,54.9,53.8,54.5,343394,18642466,276,-0.40,51.76161280395657
20230411,54.4,54.9,54.1,54.6,260337,14169238,767,+0.10,51.8565882402941
20230412,55.0,55.1,53.8,54.5,489124,26690098,484,-0.10,51.76161280395657
20230413,55.1,55.1,53.8,54.3,263193,14285611,273,-0.20,51.57166193128149
20230414,54.1,54.7,53.2,53.5,271262,14635352,317,-0.80,50.81185844058121
20230417,53.8,55.0,53.5,54.8,322055,17489513,342,+1.30,52.046539112969164
20230418,54.9,56.0,54.5,55.3,641696,35484938,527,+0.50,52.521416294656845
20230419,56.0,56.2,54.7,55.2,394685,21884058,483,-0.10,52.42644085831931
20230420,55.2,55.4,53.9,54.2,370538,20111038,391,-1.00,51.47668649494396
20230421,54.2,54.2,51.2,51.2,429111,22335772,551,-3.00,48.62742340481791
20230424,51.1,52.3,50.5,51.4,128545,6620502,189,+0.20,48.81737427749298
20230425,51.8,51.8,48.7,48.9,303458,15083890,320,-2.50,46.44298836905461
20230426,49.0,49.1,48.0,48.85,195321,9453991,208,-0.05,46.395500650885836
20230427,48.45,48.9,47.5,48.6,215770,10423462,189,-0.25,46.158062060042
20230428,49.4,50.3,48.95,50.3,117327,5836159,152,+1.70,47.77264447778009
20230502,50.0,51.7,49.9,51.5,246400,12577675,181,+1.20,48.912349713830515
20230503,51.0,54.3,51.0,54.1,524862,28057495,414,+2.60,51.38171105860642
20230504,54.0,55.4,53.3,54.2,960392,51992672,640,+0.10,51.47668649494396
20230505,54.5,55.6,54.2,55.3,592461,32606737,365,+1.10,52.521416294656845
20230508,56.5,56.5,54.2,54.2,301073,16589853,316,-1.10,51.47668649494396
20230509,54.5,54.6,53.0,53.9,409968,22083235,276,-0.30,51.19176018593135
20230510,53.4,53.4,51.9,52.8,215624,11388025,220,-1.10,50.14703038621847
20230511,52.2,52.2,47.7,47.7,539306,26536968,504,-5.10,45.303283133004186
20230512,46.7,48.5,46.7,47.75,357964,17120131,282,+0.05,45.35077085117295
20230515,48.0,48.0,45.85,46.75,266842,12419106,236,-1.00,44.401016487797605
20230516,47.1,49.15,47.1,48.55,242311,11719663,187,+1.80,46.110574341873225
20230517,49.0,49.8,48.65,49.45,130972,6481207,138,+0.90,46.96535326891105
20230518,49.7,50.7,49.6,50.0,163792,8209626,167,+0.55,47.48771816876749
20230519,50.3,51.0,49.6,50.4,265073,13300457,165,+0.40,47.86761991411763
20230522,50.3,50.7,50.2,50.6,62696,3161299,119,+0.20,48.0575707867927
20230523,50.6,51.5,49.95,51.2,94094,4771170,123,+0.60,48.62742340481791
20230524,50.4,52.0,50.4,51.8,126935,6541024,93,+0.60,49.19727602284311
20230525,51.5,51.7,50.6,51.7,76504,3917571,83,-0.10,49.10230058650559
20230526,51.7,51.7,50.4,51.6,103656,5269926,131,-0.10,49.00732515016805
20230529,51.6,52.2,51.5,51.9,75882,3934213,96,+0.30,49.292251459180655
20230530,51.9,52.3,51.6,51.9,92125,4780482,94, 0.00,49.292251459180655
20230531,51.6,53.2,51.6,52.3,72496,3822201,98,+0.40,49.67215320453079
20230601,52.3,52.7,52.0,52.4,133356,6981361,95,+0.10,49.76712864086833
20230602,52.9,52.9,52.1,52.8,151334,7953923,131,+0.40,50.14703038621847
20230605,52.5,52.6,52.1,52.1,72350,3782651,135,-0.70,49.48220233185573
20230606,52.4,52.4,50.3,51.0,100404,5107445,237,-1.10,48.43747253214284
20230607,51.0,51.8,51.0,51.3,71296,3661585,94,+0.30,48.72239884115544
20230608,50.3,51.2,49.8,50.8,134116,6763876,131,-0.50,48.247521659467765
20230609,51.5,52.4,51.1,51.7,149805,7775124,154,+0.90,49.10230058650559
20230612,50.9,51.5,50.0,51.4,103061,5236648,159,-0.30,48.81737427749298
20230613,51.4,52.7,51.0,52.7,248765,13031402,131,+1.30,50.05205494988093
20230614,52.1,52.4,51.7,52.0,33380,1736571,62,-0.70,49.38722689551818
20230615,52.2,52.2,51.4,51.6,77018,3973726,75,-0.40,49.00732515016805
20230616,51.0,51.6,50.7,51.4,267327,13726101,74,-0.20,48.81737427749298
20230619,51.1,51.4,51.0,51.1,35342,1807410,120,-0.30,48.532447968480376
20230620,51.1,51.1,50.6,50.9,51013,2593872,58,-0.20,48.3424970958053
20230621,50.9,50.9,50.4,50.9,52530,2661991,112, 0.00,48.3424970958053
20230626,50.9,51.3,49.65,50.7,64349,3257717,83,-0.20,48.15254622313024
20230627,50.7,50.7,49.6,49.7,81523,4084269,107,-1.00,47.20279185975489
20230628,50.3,50.3,49.8,49.85,68436,3417010,113,+0.15,47.345255014261184
20230629,50.6,53.8,50.6,53.1,457398,24136036,505,+3.25,50.43195669523108
20230630,53.2,53.2,51.4,51.4,173800,9004240,254,-1.70,48.81737427749298
20230703,51.4,53.2,51.1,52.8,191094,10030116,203,+1.40,50.14703038621847
20230704,53.0,53.8,52.1,53.8,401412,21453182,286,+1.00,51.09678474959382
20230705,55.0,55.0,53.2,53.6,207926,11221952,309,-0.20,50.90683387691875
20230706,53.5,53.7,52.3,53.1,246412,13035511,213,-0.50,50.43195669523108
20230707,52.0,56.2,51.3,54.6,705663,38595175,716,+1.50,51.8565882402941
20230710,54.5,55.6,54.1,54.8,306672,16792751,319,+0.20,52.046539112969164
20230711,54.9,55.2,51.9,54.2,320073,17151502,564,-0.60,51.47668649494396
20230712,54.4,54.5,53.0,53.1,143514,7697295,270,-1.10,50.43195669523108
20230713,53.6,58.4,53.6,58.4,918573,53293848,544,+5.30,55.465654821120424
20230714,63.4,64.2,59.0,64.2,4168032,262475713,2048,+5.80,60.97423012869746
20230717,70.6,70.6,70.6,70.6,1412139,99696995,609,+6.40,67.05265805429968
20230718,77.6,77.6,73.0,77.6,6439818,496560477,3823,+7.00,73.70093859792713
20230719,76.0,81.8,75.0,76.9,4890143,381139061,3644,X0.00,75.06757851894831
20230720,79.0,83.0,74.1,74.1,4501221,354938411,3667,-2.80,72.33429867690596
20230721,73.3,76.5,73.1,75.1,784356,58946068,679,+1.00,73.31047004906394
20230724,76.0,76.8,73.0,75.0,673616,50118742,595,-0.10,73.21285291184815
20230725,75.1,75.1,72.8,72.8,446190,32708055,414,-2.20,71.0652758931006
20230726,73.9,73.9,70.0,70.0,454646,32699570,344,-2.80,68.33199605105827
20230727,70.7,73.0,68.5,72.4,696402,49350004,587,+2.40,70.67480734423742
20230728,72.4,76.9,70.0,76.4,670218,50069498,592,+4.00,74.5794928328693
20230731,78.1,80.2,72.2,74.1,1119215,86584527,896,-2.30,72.33429867690596
20230801,74.0,76.4,72.8,73.8,328151,24314074,306,-0.30,72.04144726525857
20230802,73.4,74.6,66.5,66.8,566581,39500464,533,-7.00,65.20824766015275
20230804,66.1,66.8,64.0,64.4,374138,24368639,356,-2.40,62.86543636697362
20230807,64.5,70.8,64.5,70.8,809751,55412350,567,+6.40,69.11293314878465
20230808,71.4,71.4,65.0,66.5,1159693,78103896,1077,-4.30,64.91539624850536
20230809,67.0,69.3,65.1,65.2,717475,47818195,604,-1.30,63.64637346469999
20230810,63.8,63.8,58.7,59.3,1213147,72749975,835,-5.90,57.886962368967936
20230811,60.3,62.9,60.2,61.4,497047,30516929,392,+2.10,59.936922250499684
20230814,60.6,60.6,58.6,59.9,246219,14674550,268,-1.50,58.47266519226272
20230815,60.8,61.8,59.8,61.0,286596,17470252,263,+1.10,59.546453701636494
20230816,61.0,63.7,59.0,61.5,557651,34228651,383,+0.50,60.03453938771548
20230817,60.7,63.8,60.7,63.4,414197,25985232,369,+1.90,61.88926499481563
20230818,64.3,69.2,63.5,64.2,1222094,80331635,1125,+0.80,62.67020209254202
20230821,64.2,66.3,62.6,64.4,402167,26101606,401,+0.20,62.86543636697362
20230822,66.3,66.3,63.0,63.0,395003,25229354,371,-1.40,61.49879644595244
20230823,63.0,64.0,62.1,62.7,171167,10784691,203,-0.30,61.20594503430506
20230824,63.0,65.1,60.7,61.0,340219,21252997,348,-1.70,59.546453701636494
20230825,61.2,63.5,59.2,61.0,319168,19598944,302, 0.00,59.546453701636494
20230828,61.0,61.1,58.8,60.0,399178,23854178,345,-1.00,58.570282329478516
20230829,60.1,60.9,59.6,60.3,107500,6458543,139,+0.30,58.863133741125914
20230830,60.6,60.7,59.7,60.0,168054,10117037,205,-0.30,58.570282329478516
20230831,60.1,61.9,59.7,60.1,206482,12426267,157,+0.10,58.66789946669432
20230901,60.3,60.5,59.4,59.7,228898,13690285,210,-0.40,58.277430917831126
20230904,59.5,59.6,56.4,56.5,415085,23796009,595,-3.20,55.15368252692561
20230905,56.3,56.9,55.1,56.3,275448,15516564,163,-0.20,54.958448252494
20230906,57.2,60.2,55.8,58.9,627188,36845232,576,+2.60,57.496493820104746
20230907,58.9,59.3,57.6,58.6,167404,9806980,176,-0.30,57.203642408457355
20230908,59.1,59.6,57.9,57.9,212963,12395750,181,-0.70,56.52032244794677
20230911,58.7,58.7,56.0,56.0,173426,9840780,197,-1.90,54.66559684084662
20230912,55.2,56.3,54.1,55.4,159500,8808242,154,-0.60,54.07989401755183
20230913,55.4,58.5,55.4,57.2,310521,17789468,260,+1.80,55.83700248743619
20230914,59.0,62.9,57.4,62.9,1465155,91330486,691,+5.70,61.401179308736644
20230915,65.5,69.1,64.5,67.8,5891773,397291025,3675,+4.90,66.18441903231073
20230918,67.4,74.0,67.4,68.5,4947904,349768144,3672,+0.70,66.86773899282132
20230919,68.9,70.0,64.9,66.5,1996583,136446754,1336,-2.00,64.91539624850536
20230920,65.9,69.8,65.8,67.9,2079113,141946082,1703,+1.40,66.28203616952652
20230921,67.5,67.5,65.2,65.6,830384,54966609,667,-2.30,64.03684201356317
20230922,65.5,72.1,65.1,72.1,3172688,224361386,2352,+6.50,70.38195593259002
20230925,74.9,78.1,70.9,72.8,6787469,509149370,4771,+0.70,71.0652758931006
20230926,72.2,80.0,72.1,80.0,6640533,519831945,4246,+7.20,78.09370977263802
20230927,82.1,83.8,75.4,75.5,15801462,1250760257,10607,-4.50,73.70093859792713
20230928,76.8,79.9,75.7,76.1,4856397,375901986,3717,+0.60,74.28664142122192
20231002,76.8,78.0,73.8,73.8,2681046,202258459,2013,-2.30,72.04144726525857
20231003,74.1,80.7,73.8,78.5,6930190,546365498,4792,+4.70,76.62945271440107
20231004,77.9,78.6,75.5,78.5,2682618,206870654,2315, 0.00,76.62945271440107
20231005,79.3,80.7,76.6,76.8,3122610,244822198,2485,-1.70,74.9699613817325
20231006,77.4,77.4,74.5,74.5,1070815,81540289,886,-2.30,72.72476722576916
20231011,74.5,74.6,67.7,67.7,2028147,142104046,1532,-6.80,66.08680189509492
20231012,69.0,72.0,68.1,69.8,2382781,167128588,1799,+2.10,68.13676177662667
20231013,69.4,76.5,68.8,74.3,5905483,436331418,4467,+4.50,72.52953295133756
20231016,74.9,79.0,74.4,77.0,5070508,387793950,4053,+2.70,75.1651956561641
20231017,77.7,80.9,72.7,73.8,7102987,546194786,5183,-3.20,72.04144726525857
20231018,74.0,79.5,70.4,74.6,3850884,289469710,3171,+0.80,72.82238436298496
20231019,74.3,77.8,74.0,76.0,4328327,326697734,3446,+1.40,74.18902428400612
20231020,75.9,77.6,74.2,74.4,3723086,287897167,2316,-1.60,72.62715008855338
20231023,74.4,75.8,71.3,71.3,1696909,124233125,1445,-3.10,69.60101883486364
20231024,72.0,78.4,71.2,78.4,4839362,366554820,3532,+7.10,76.53183557718526
20231025,79.5,80.5,76.5,78.4,5701405,446621737,4073, 0.00,76.53183557718526
20231026,77.4,86.2,76.6,86.2,9958992,836328384,5801,+7.80,84.14597228001747
20231027,89.5,91.8,79.5,80.3,29199498,2505129442,18880,-5.90,78.38656118428543
20231030,80.6,80.6,76.5,76.7,5999149,466065469,4394,-3.60,74.87234424451671
20231031,77.4,79.5,72.2,72.9,5131633,389469534,3539,-3.80,71.16289303031641
20231101,75.0,78.5,73.4,76.0,5468123,413886075,4467,+3.10,74.18902428400612
20231102,77.6,78.9,75.4,76.1,4134171,316505373,3093,+0.10,74.28664142122192
20231103,77.4,78.0,74.6,74.7,2271119,172245495,1727,-1.40,72.92000150020075
20231106,75.7,77.8,75.1,76.3,2094649,159945498,1661,+1.60,74.48187569565351
20231107,76.0,77.6,75.0,75.0,1729599,131855542,1365,-1.30,73.21285291184815
20231108,75.2,76.1,73.9,74.1,1370090,102357972,1240,-0.90,72.33429867690596
20231109,73.4,74.2,69.2,70.8,2548443,181404153,2030,-3.30,69.11293314878465
20231110,70.4,71.1,69.2,69.5,848680,59172497,749,-1.30,67.84391036497928
20231113,69.8,71.3,69.2,70.4,943992,66381823,829,+0.90,68.72246459992147
20231114,70.8,71.9,70.2,71.2,880789,62625694,817,+0.80,69.50340169764785
20231115,72.2,73.4,71.1,71.8,1538864,110889354,1264,+0.60,70.08910452094263
20231116,71.8,72.6,71.0,71.3,623780,44559928,480,-0.50,69.60101883486364
20231117,71.0,71.4,70.3,71.0,523690,37070877,549,-0.30,69.30816742321625
20231120,71.1,72.3,71.1,71.7,499761,35813074,506,+0.70,69.99148738372683
20231121,71.9,78.2,71.9,76.3,5875782,449190519,4761,+4.60,74.48187569565351
20231122,76.3,77.7,74.6,76.0,3786878,288649844,3041,-0.30,74.18902428400612
20231123,76.0,76.0,72.2,72.2,1539209,113925382,1440,-3.80,70.47957306980582
20231124,72.8,73.2,72.0,72.0,553375,40044868,568,-0.20,70.28433879537423
20231127,72.0,72.3,70.9,71.6,424224,30292930,492,-0.40,69.89387024651103
20231128,71.4,73.2,71.4,72.3,523744,37893118,545,+0.70,70.5771902070216
20231129,72.1,75.8,72.1,73.6,2351578,175213784,1872,+1.30,71.84621299082697
20231130,74.0,75.1,73.0,73.9,659475,48687433,684,+0.30,72.13906440247438
20231201,73.9,75.5,73.5,74.4,766942,57254371,667,+0.50,72.62715008855338
20231204,74.4,75.2,72.9,73.3,599011,44132692,595,-1.10,71.5533615791796
20231205,73.1,73.3,71.0,71.1,563460,40303156,547,-2.20,69.40578456043204
20231206,71.2,72.2,71.2,71.4,444488,31783499,391,+0.30,69.69863597207943
20231207,71.5,72.0,69.5,69.5,723050,50836793,654,-1.90,67.84391036497928
20231208,67.0,68.3,65.6,66.6,1423047,95216964,1249,-2.90,65.01301338572114
20231211,67.4,69.8,66.5,67.5,1456170,99401391,1263,+0.90,65.89156762066332
20231212,68.0,68.4,66.5,67.5,485433,32538599,501, 0.00,65.89156762066332
20231213,67.0,68.1,66.7,66.7,257709,17319483,276,-0.80,65.11063052293696
20231214,67.0,67.9,66.7,66.7,414659,27858639,346, 0.00,65.11063052293696
20231215,67.9,68.0,66.1,66.4,372253,24895744,384,-0.30,64.81777911128957
20231218,65.8,67.4,65.8,66.4,206985,13716174,367, 0.00,64.81777911128957
20231219,66.4,67.0,65.2,65.2,347319,22825224,302,-1.20,63.64637346469999
20231220,66.1,66.6,65.2,65.2,240259,15798434,258, 0.00,63.64637346469999
20231221,66.0,66.0,64.0,64.1,377287,24409998,321,-1.10,62.572584955326214
20231222,64.1,64.8,64.0,64.0,247798,15908628,234,-0.10,62.47496781811042
20231225,64.5,66.0,63.7,65.3,447690,29013237,321,+1.30,63.74399060191579
20231226,65.1,65.7,65.1,65.6,180324,11797617,157,+0.30,64.03684201356317
20231227,65.8,67.5,65.3,66.8,444105,29699464,414,+1.20,65.20824766015275
20231228,67.2,71.8,67.2,68.8,1912841,133641145,1635,+2.00,67.16059040446869
20231229,70.0,71.3,69.3,70.3,1274763,89775881,1177,+1.50,68.62484746270566
20240102,70.1,71.7,70.1,70.1,578880,40920633,627,-0.20,68.42961318827406
20240103,70.5,71.0,69.2,70.5,458381,32094154,474,+0.40,68.82008173713727
20240104,70.5,70.9,68.2,68.2,523234,36197836,817,-2.30,66.57488758117391
20240105,68.8,69.9,68.2,68.6,390992,26989534,433,+0.40,66.9653561300371
20240108,69.6,70.5,69.1,69.2,575973,40147517,501,+0.60,67.5510589533319
20240109,69.9,69.9,66.5,67.2,445649,30072772,690,-2.00,65.59871620901595
20240110,65.0,66.5,64.6,65.0,813135,53044209,684,X0.00,63.45113919026839
20240111,65.6,68.8,65.2,68.2,997492,67168750,844,+3.20,66.57488758117391
20240112,68.0,71.4,67.5,69.0,1573807,109548801,1356,+0.80,67.35582467890029
20240115,69.2,70.0,68.6,69.6,632703,43921958,573,+0.60,67.94152750219509
20240116,69.6,70.3,68.8,69.8,792912,55152898,655,+0.20,68.13676177662667
20240117,70.4,71.4,69.8,70.5,1594538,112795770,1129,+0.70,68.82008173713727
20240118,70.8,71.9,69.6,71.0,1393274,98905356,1677,+0.50,69.30816742321625
20240119,71.5,71.9,70.6,71.2,720236,51228266,588,+0.20,69.50340169764785
20240122,71.1,71.7,70.2,70.9,706372,50140950,583,-0.30,69.21055028600045
20240123,71.4,74.3,71.1,72.9,1920691,139834027,2092,+2.00,71.16289303031641
20240124,72.9,75.8,72.9,74.1,1724757,128774269,1593,+1.20,72.33429867690596
20240125,74.2,74.6,72.6,73.4,541022,39733659,520,-0.70,71.65097871639539
20240126,73.6,75.6,73.2,74.6,1309037,98092180,1040,+1.20,72.82238436298496
20240129,75.3,82.0,73.7,82.0,5715380,453720331,3908,+7.40,80.04605251695398
20240130,81.3,84.9,80.0,83.1,7942261,655420583,6937,+1.10,81.11984102632775
20240131,82.7,91.4,81.9,91.4,8688026,759984314,6487,+8.30,89.22206341523895
20240201,92.5,95.5,90.4,93.3,12657426,1177211974,9441,+1.90,91.0767890223391
20240202,93.6,100.5,90.1,93.0,11458305,1099411519,7756,-0.30,90.7839376106917
20240205,93.9,95.5,91.9,92.9,4243054,398057776,3386,-0.10,90.68632047347592
20240215,94.2,102.0,92.5,102.0,5742999,567687551,3923,+9.10,99.56947996011348
20240216,105.5,112.0,104.0,112.0,5656386,616067735,3338,+10.00,109.33119368169324
20240219,114.5,123.0,105.0,123.0,10218961,1183431075,7922,+11.00,120.06907877543097
20240220,126.0,128.0,118.0,125.0,10225006,1258826936,6805,+2.00,122.02142151974692
20240221,125.5,137.5,123.0,137.5,9867382,1311032030,6623,+12.50,134.22356367172162
20240222,143.5,151.0,143.0,151.0,4785933,706291883,2944,+13.50,147.40187719585427
20240223,158.5,161.5,141.5,145.5,19853290,3027763478,14012,-5.50,142.0329346489854
20240226,145.5,148.0,142.0,146.5,1267831,184751103,1382,+1.00,143.0091060211434
20240227,148.0,148.0,137.0,142.5,1367989,193288829,1343,-4.00,139.10442053251148
20240229,144.0,147.5,144.0,146.5,604060,88090773,755,+4.00,143.0091060211434
20240301,146.5,150.0,143.0,150.0,941273,138313586,999,+3.50,146.4257058236963
20240304,154.5,155.0,148.5,150.0,1164109,178099082,1232, 0.00,146.4257058236963
20240305,149.0,152.0,147.5,147.5,514806,76566737,622,-2.50,143.98527739330137
20240306,144.5,155.0,144.0,155.0,1037306,157851430,1129,+7.50,151.30656268448615
20240307,153.0,154.0,145.0,146.5,1062054,157945322,1057,-8.50,143.0091060211434
20240308,141.5,141.5,132.0,132.0,2598171,348422172,2617,-14.50,128.85462112485274
20240311,128.0,136.5,126.0,134.0,1219473,160823330,1632,+2.00,130.8069638691687
20240312,133.0,142.5,133.0,140.0,1190587,165140960,1457,+6.00,136.66399210211654
20240313,139.5,143.0,130.5,133.0,1030665,139730806,1196,-7.00,129.83079249701072
20240314,129.5,129.5,120.0,120.0,2898274,356581948,2751,-13.00,117.14056465895703
20240315,115.5,132.0,114.5,119.0,7547905,934511081,5688,-1.00,116.16439328679905
20240318,120.5,128.0,120.5,124.0,3501617,436817733,3133,+5.00,121.04525014758893
20240319,122.5,126.5,121.0,121.5,2056613,253780497,2493,-2.50,118.604821717194
20240320,121.5,127.0,121.0,122.0,2679807,322781285,1851,+0.50,119.09290740327299
20240321,125.0,126.5,120.5,123.5,1836241,226862875,2904,+1.50,120.55716446150994
20240322,125.0,135.0,124.0,129.5,7532147,983992397,6015,+6.00,126.4141926944578
20240325,130.5,141.5,129.0,137.0,5841392,797612829,4747,+7.50,133.73547798564263
20240326,142.5,146.0,130.0,132.0,8953554,1241146925,6997,-5.00,128.85462112485274
20240327,131.5,133.0,128.0,129.0,2369704,308789034,2015,-3.00,125.9261070083788
20240328,129.0,141.0,128.5,138.0,5143756,706682143,4096,+9.00,134.71164935780058
20240329,139.0,142.5,135.0,140.5,5650828,787503173,4507,+2.50,137.15207778819553
20240401,141.0,141.5,135.0,138.0,4287830,591440040,3297,-2.50,134.71164935780058
20240402,139.0,144.5,136.0,143.5,3978373,557109258,3145,+5.50,140.08059190466946
20240403,141.0,141.5,135.0,136.0,3091004,426136433,2621,-7.50,132.75930661348465
20240408,136.0,148.5,136.0,142.5,5988446,861877097,4853,+6.50,139.10442053251148
20240409,144.5,148.0,140.0,141.0,6273062,904852549,5143,-1.50,137.64016347427454
20240410,141.0,148.0,137.0,140.5,5627423,802248538,5206,-0.50,137.15207778819553
20240411,141.0,141.5,135.0,135.5,3097547,426484200,2564,-5.00,132.27122092740564
20240412,137.0,145.5,136.5,143.0,3542731,502869267,2952,+7.50,139.59250621859047
20240415,140.0,142.0,136.5,136.5,1680104,232300717,2065,-6.50,133.24739229956364
20240416,136.0,136.0,128.0,130.5,1729811,226788630,1560,-6.00,127.39036406661576
20240417,133.0,140.0,132.0,137.5,1920628,258808523,1672,+7.00,134.22356367172162
20240418,135.5,141.0,135.0,137.5,1503904,208552748,1473, 0.00,134.22356367172162
20240419,139.0,140.0,128.0,128.5,2312103,306110782,1970,-9.00,125.43802132229982
20240422,128.0,129.5,122.0,122.0,1498036,187716414,1317,-6.50,119.09290740327299
20240423,125.0,128.5,122.5,124.0,808365,101213554,769,+2.00,121.04525014758893
20240424,127.0,131.5,127.0,129.0,1047529,136231285,1030,+5.00,125.9261070083788
20240425,129.0,140.0,126.5,134.0,3886844,522007112,3113,+5.00,130.8069638691687
20240426,138.5,144.5,127.0,127.0,8934078,1215713462,6696,-7.00,123.97376426406286
20240429,129.5,133.0,126.0,132.0,3410472,442811550,3566,+5.00,128.85462112485274
20240430,132.5,145.0,129.5,145.0,7650314,1072028760,5721,+13.00,141.5448489629064
20240502,148.5,159.5,141.0,159.5,21617540,3254856567,15087,+14.50,155.69933385919705
20240503,164.0,172.0,153.0,161.0,36073304,5875258329,25178,+1.50,157.16359091743402
20240506,164.5,176.0,160.0,172.0,26420507,4484968491,19123,+11.00,167.90147601117175
20240507,172.0,173.5,167.0,172.5,11257557,1920945257,7929,+0.50,168.38956169725074
20240508,170.5,177.5,167.5,168.5,9258153,1596224941,7117,-4.00,164.48487620861883
20240509,168.5,169.0,162.0,166.0,2003932,332050792,1834,-2.50,162.04444777822388
20240510,168.0,173.5,168.0,169.5,2690266,452927978,2060,+3.50,165.4610475807768
20240513,171.0,173.5,166.0,172.0,1270260,216930446,1349,+2.50,167.90147601117175
20240514,173.5,173.5,169.0,169.0,862427,147265704,721,-3.00,164.97296189469782
20240515,171.5,180.0,170.5,176.0,2475086,435268974,2222,+7.00,171.80616149980364
20240516,179.0,182.5,173.0,180.0,1969202,352724845,1975,+4.00,175.71084698843555
20240517,178.5,181.0,176.0,178.0,706734,125976101,765,-2.00,173.75850424411962
20240520,180.0,182.5,177.0,180.5,778796,140007481,813,+2.50,176.19893267451454
20240521,178.5,181.0,177.5,181.0,689178,123755050,703,+0.50,176.68701836059353
20240522,176.0,178.5,175.5,178.0,487315,86291329,395,-3.00,173.75850424411962
20240523,176.5,176.5,168.0,169.0,853447,145552456,741,-9.00,164.97296189469782
20240524,169.0,171.5,166.5,170.0,597185,100768780,479,+1.00,165.9491332668558
20240527,172.0,179.5,171.5,176.5,426570,74992677,393,+6.50,172.29424718588263
20240528,179.0,180.0,176.5,178.0,319333,56992534,352,+1.50,173.75850424411962
20240529,179.0,179.0,173.0,173.0,285466,50366860,264,-5.00,168.87764738332973
20240530,170.0,175.0,170.0,170.5,237887,40884449,235,-2.50,166.43721895293478
20240531,175.5,181.5,174.0,181.5,633431,112763962,511,+11.00,177.17510404667252
20240603,182.5,191.0,182.5,189.0,614358,115469331,625,+7.50,184.49638933785732
20240604,192.0,196.5,188.0,190.5,733043,140828148,577,+1.50,185.9606463960943
20240605,205.0,209.5,203.0,209.5,1692293,341106330,869,+19.00,204.50790246709582
20240606,230.0,230.0,203.5,230.0,12710503,2785978818,9494,+20.50,224.5194155963343
20240607,230.0,253.0,223.0,246.5,17212780,4155252356,14080,+16.50,240.62624323694092
20240611,262.0,265.0,251.0,255.0,9062757,2324972226,7437,+8.50,248.9236999002837
20240612,246.5,262.0,246.5,256.0,1017040,259557996,871,+1.00,249.8998712724417
20240613,260.0,262.0,251.5,257.5,914544,234661670,755,+1.50,251.36412833067865
20240614,263.0,282.5,263.0,282.5,909413,244424955,843,+25.00,275.768412634628
20240617,296.5,309.0,293.5,309.0,735429,221896793,836,+26.50,301.6369539968144
20240618,307.5,307.5,295.0,297.5,524814,156716533,681,-11.50,290.4109832169977
20240619,304.5,304.5,268.0,268.0,1162599,323556349,1139,-29.50,261.6139277383374
20240620,275.0,294.5,275.0,294.5,473205,135898783,523,+26.50,287.4824691005237
20240621,298.0,316.5,298.0,315.5,865203,265610929,787,+21.00,307.9820679158412
20240624,319.5,319.5,310.5,319.0,408691,129530115,440,+3.50,311.3986677183941
20240625,311.5,323.0,301.0,321.0,370727,116823946,460,+2.00,313.35101046271006
20240626,327.5,330.0,315.5,330.0,234534,76338761,369,+9.00,322.13655281213187
20240627,321.0,346.5,321.0,340.0,411202,137858082,484,+10.00,331.8982665337116
20240628,333.5,353.0,320.0,336.5,4983831,1678387127,7320,-3.50,328.48166673115867
20240701,340.0,370.0,316.0,365.0,7179116,2499134652,6043,+28.50,356.302550837661
20240702,352.5,365.0,340.5,350.0,4329049,1533990780,4461,-15.00,341.6599802552914
20240703,355.5,384.5,345.5,363.0,5726767,2105424166,5620,+13.00,354.35020809334503
20240704,366.5,399.0,366.0,399.0,4348717,1694731787,4026,+36.00,389.49237749103213
20240705,423.0,438.5,410.0,438.5,5907334,2532379474,5715,+39.50,428.05114669127215
20240708,395.5,409.5,395.0,395.0,5113665,2042886217,4285,-43.50,385.5876920024003
20240709,395.0,408.5,369.0,393.0,6455806,2506673270,6061,-2.00,383.63534925808426
20240710,431.5,432.0,416.5,432.0,2422603,1036933088,2078,+39.00,421.70603277224535
20240711,470.0,475.0,456.0,475.0,2559124,1196954532,2355,+43.00,463.68140177503824
20240712,468.5,495.0,452.0,474.5,8214944,3924310258,8428,-0.50,463.1933160889593
20240715,488.5,492.0,465.0,468.0,3357085,1598242887,3898,-6.50,456.84820216993245
20240716,478.0,514.0,470.5,514.0,4223084,2114894996,4449,+46.00,501.7520852891993
20240717,533.0,558.0,515.0,527.0,9800057,5242115883,9443,+13.00,514.442313127253
20240718,511.0,543.0,500.0,543.0,839531,438210868,981,+16.00,530.0610550817806
20240719,541.0,541.0,520.0,535.0,719016,384019255,718,-8.00,522.2516841045168
20240722,500.0,500.0,481.5,481.5,178147,86450956,634,-53.50,470.02651569406515
20240723,481.0,481.5,433.5,433.5,459971,208396097,816,-48.00,423.1702898304823
20240726,388.5,430.0,388.5,430.0,803641,325552113,920,-1.50,421.7969972811947
20240729,430.0,446.5,411.0,411.0,479021,207148945,620,-19.00,403.15945554086284
20240730,397.0,452.0,397.0,452.0,374146,160527349,527,+41.00,443.37730877
20240731,446.5,475.0,446.5,457.5,218918,102043443,404,+5.50,448.77238664220135
20240801,467.5,485.0,467.5,485.0,218261,104606072,355,+27.50,475.747776003208
20240802,470.0,517.0,470.0,480.0,304569,149116757,498,-5.00,470.84315975575225
20240805,436.0,451.0,432.0,432.0,981563,426799992,1381,-48.00,423.758843780177
20240806,446.0,461.0,389.0,396.0,3817002,1529372630,3527,-36.00,388.4456067984956
20240807,364.5,417.0,364.5,384.0,4670788,1856109604,4697,-12.00,376.6745278046018
20240808,374.0,394.5,349.5,380.5,4442850,1640553062,4529,-3.50,373.24129643138275
20240809,392.5,411.0,342.5,342.5,6697471,2515871590,7715,-38.00,335.96621295071907
20240812,343.0,376.5,340.5,376.5,6353242,2289043938,6267,+34.00,369.3176034334182
20240813,380.5,389.0,356.0,367.0,6910906,2554408422,7078,-9.50,359.9988325632522
20240814,378.0,402.0,374.0,387.0,5296354,2058489077,5437,+20.00,379.6172975530752
20240815,384.5,409.0,372.0,402.0,5999640,2365057415,5959,+15.00,394.3311462954425
20240816,415.0,424.0,387.5,400.0,6744703,2727252446,7692,-2.00,392.3692997964602
20240819,400.0,417.0,395.0,405.0,4001271,1632740966,4127,+5.00,397.27391604391596
20240820,410.0,445.5,408.0,445.5,5130716,2233077179,4415,+40.50,437.00130764830755
20240821,448.0,448.0,422.5,437.5,7511993,3272347653,7876,-8.00,429.15392165237836
20240822,445.0,452.0,417.0,419.0,5540103,2386500921,6043,-18.50,411.0068415367921
20240823,412.0,459.0,412.0,450.5,9133044,3998649989,9115,+31.50,441.9059238957633
20240826,461.5,474.0,435.5,442.0,7763142,3503286049,8410,-8.50,433.5680762750885
20240827,445.5,468.5,441.0,454.5,6658196,3029554353,6834,+12.50,445.8296168937279
20240828,457.0,475.0,447.0,451.0,8479864,3895637726,8682,-3.50,442.3963855205089
20240829,446.0,465.0,440.5,449.5,5971348,2694248450,6255,-1.50,440.92500064627217
20240830,455.5,460.0,407.5,408.0,8578760,3670868802,10814,-41.50,400.2166857923894
20240902,414.0,428.0,393.0,399.0,6887206,2816499132,7719,-9.00,391.388376546969
20240903,407.5,407.5,386.0,390.5,4236698,1676226440,5040,-8.50,383.05052892629425
20240904,359.0,385.0,352.0,368.0,4751563,1767084715,5320,-22.50,360.9797558127434
20240905,375.0,384.5,366.0,367.5,4641950,1723263691,4531,-0.50,360.4892941879978
20240906,371.0,383.0,368.0,372.0,3166244,1185982969,3096,+4.50,364.90344881070797
20240909,361.0,374.0,360.0,361.5,2973740,1088243652,3115,-10.50,354.6037546910509
20240910,369.0,372.0,333.0,343.0,6262889,2170121246,6740,-18.50,336.4566745754646
20240911,340.0,346.5,326.5,334.5,5480700,1834022360,5488,-8.50,328.1188269547898
20240912,345.0,359.5,340.5,354.0,4187132,1467679345,4467,+19.50,347.2468303198673
20240913,359.0,361.0,335.5,337.0,4016144,1386208563,4791,-17.00,330.5711350785177
20240916,340.0,350.0,335.0,348.0,3409450,1171354457,3387,+11.00,341.36129082292035
20240918,348.0,380.0,348.0,360.5,8236202,3017909628,8594,+12.50,353.62283144155975
20240919,364.0,369.0,348.5,369.0,5060328,1814933291,5231,+8.50,361.96067906223453
20240920,375.5,378.0,361.0,367.5,6189503,2276946515,4642,-1.50,360.4892941879978
20240923,372.0,376.5,365.0,371.5,2720806,999569989,2646,+4.00,364.41298718596244
20240924,373.0,388.0,361.5,367.0,5493035,2046700891,5433,-4.50,359.9988325632522
20240925,373.0,379.0,367.5,367.5,3071612,1144245863,3140,+0.50,360.4892941879978
20240926,370.5,386.5,360.5,381.5,4197182,1567212250,4741,+14.00,374.22221968087393
20240927,392.0,397.5,368.0,375.0,6539448,2512344655,6861,-6.50,367.84621855918147
20240930,370.0,379.5,365.0,374.0,2281294,849546368,2326,-1.00,366.8652953096903
20241001,372.0,379.5,367.0,369.0,2752526,1023843525,3409,-5.00,361.96067906223453
20241004,369.0,372.5,356.0,361.0,2602001,941460590,3057,-8.00,354.11329306630535
20241007,363.5,397.0,357.0,397.0,5093596,1951859456,5166,+36.00,389.4265300479868
20241008,397.0,404.5,384.0,392.5,6294571,2483534536,6057,-4.50,385.01237542527656
20241009,396.0,422.0,389.5,412.5,10282180,4187902778,11274,+20.00,404.63084041509956
20241011,422.0,451.0,421.5,422.5,9380442,4082896764,12136,+10.00,414.4400729100111
20241014,427.0,464.5,422.0,464.5,11364542,5085700256,11269,+42.00,455.6388493886394
20241015,472.5,484.5,447.0,457.0,15163687,7122832899,14601,-7.50,448.28192501745576
20241016,450.0,464.5,439.0,459.5,7022575,3166788652,7410,+2.50,450.73423314118367
20241017,462.0,462.0,427.0,432.0,7872211,3474534541,9038,-27.50,423.758843780177
20241018,435.0,449.5,428.5,440.5,5142010,2259487620,5158,+8.50,432.0966914008518
20241021,446.0,477.0,445.0,461.0,6990521,3255194897,7631,+20.50,452.2056180154204
20241022,469.0,496.0,460.0,493.5,10544687,5038961790,14190,+32.50,484.0856236238828
20241023,491.5,528.0,482.0,522.0,11570129,5867007311,11995,+28.50,512.0419362343806
20241024,515.0,535.0,500.0,504.0,10209950,5263960466,10416,-18.00,494.3853177435399
20241025,517.0,517.0,485.0,485.0,7553654,3728262044,8149,-19.00,475.747776003208
20241028,485.0,493.0,453.5,454.0,7894804,3695648999,11419,-31.00,445.3391552689823
20241029,454.5,485.0,441.0,479.0,8862965,4095694360,10668,+25.00,469.86223650626107
20241030,483.0,487.5,466.0,469.5,8254800,3924048532,8690,-9.50,460.54346563609516
20241101,456.5,496.0,456.5,491.5,8983376,4360488523,8783,+22.00,482.12377712490047
20241104,491.5,525.0,482.0,520.0,11162000,5660097330,11047,+28.50,510.08008973539825
20241105,520.0,535.0,516.0,525.0,9259986,4861725127,9262,+5.00,514.984705982854
20241106,526.0,526.0,506.0,510.0,1004948,517177277,1823,-15.00,500.27085724048675
20241107,517.0,528.0,511.0,523.0,962447,502609962,1597,+13.00,513.0228594838717
20241108,530.0,530.0,507.0,523.0,890464,462133975,1601, 0.00,513.0228594838717
20241111,529.0,535.0,523.0,534.0,990850,526743597,1658,+11.00,523.8130152282744
20241112,528.0,534.0,523.0,533.0,577404,305170894,1160,-1.00,522.8320919787832
20241113,531.0,531.0,508.0,510.0,719189,371945223,1563,-23.00,500.27085724048675
20241114,515.0,528.0,515.0,515.0,576668,300731258,992,+5.00,505.1754734879425
20241115,521.0,523.0,502.0,508.0,404872,206628807,943,-7.00,498.30901074150444
20241118,502.0,513.0,475.0,475.0,761735,374094970,1635,-33.00,465.9385435082965
20241119,479.0,521.0,479.0,521.0,775670,389684924,1308,+46.00,511.06101298488943
20241120,520.0,542.0,482.0,497.0,6786280,3459306387,8597,-24.00,487.5188549971018
20241121,486.5,513.0,482.5,509.0,3866149,1929244724,4304,+12.00,499.2899339909956
20241122,518.0,520.0,500.0,504.0,2359515,1199397030,3076,-5.00,494.3853177435399
20241125,508.0,542.0,508.0,533.0,4952383,2629635445,5267,+29.00,522.8320919787832
20241126,530.0,532.0,503.0,508.0,3650336,1872052372,4346,-25.00,498.30901074150444
20241127,516.0,528.0,491.0,499.5,5923163,2992636814,18853,-8.50,489.97116312082966
20241128,507.0,510.0,483.0,489.0,3466448,1705522936,4055,-10.50,479.6714690011726
20241129,489.0,508.0,481.0,505.0,2939586,1464922102,3077,+16.00,495.366240993031
20241202,506.0,513.0,495.0,496.5,2718189,1364462623,3127,-8.50,487.0283933723562
20241203,505.0,518.0,492.0,492.0,4217439,2124715684,4752,-4.50,482.61423874964606
20241204,496.5,515.0,495.0,508.0,3670484,1852767843,3801,+16.00,498.30901074150444
20241205,517.0,538.0,503.0,528.0,6176448,3241400555,7628,+20.00,517.9274757313275
20241206,524.0,530.0,505.0,506.0,3729564,1927800852,14695,-22.00,496.3471642425222
20241209,510.0,556.0,505.0,556.0,7429586,4016239519,7019,+50.00,545.3933267170797
20241210,550.0,578.0,541.0,548.0,10467816,5824172714,10423,-8.00,537.5459407211505
20241211,546.0,602.0,538.0,602.0,10616345,6148224012,11201,+54.00,590.5157961936726
20241212,600.0,615.0,593.0,604.0,8656418,5234232288,9119,+2.00,592.4776426926549
20241213,598.0,638.0,598.0,627.0,7394017,4571198055,8103,+23.00,615.0388774309514
20241216,606.0,606.0,565.0,565.0,957156,555695438,1673,-62.00,554.2216359625
20241217,550.0,565.0,546.0,554.0,497015,275138466,914,-11.00,543.4314802180974
20241218,554.0,592.0,540.0,585.0,452572,259223611,706,+31.00,573.840100952323
20241219,570.0,588.0,570.0,575.0,282857,164045388,475,-10.00,564.0308684574115
20241220,580.0,593.0,575.0,578.0,250115,146690089,394,+3.00,566.973638205885
20241223,586.0,630.0,586.0,618.0,559255,344800928,904,+40.00,606.210568185531
20241224,624.0,632.0,605.0,616.0,222418,138145230,431,-2.00,604.2487216865487
20241225,627.0,632.0,625.0,632.0,225923,142024499,501,+16.00,619.9434936784071
20241226,630.0,635.0,622.0,635.0,152045,95920643,311,+3.00,622.8862634268805
20241227,645.0,661.0,641.0,649.0,293419,190419881,704,+14.00,636.6191889197567
20241230,643.0,657.0,643.0,654.0,131331,85690183,310,+5.00,641.5238051672125
20241231,644.0,650.0,631.0,650.0,244243,156725453,563,-4.00,637.6001121692478
20250102,654.0,666.0,599.0,599.0,6196461,3909523691,8771,-51.00,587.5730264451992
20250103,608.0,622.0,565.0,570.0,4621902,2756402711,6296,-29.00,559.1262522099557
20250106,582.0,590.0,552.0,572.0,4720164,2698231244,5575,+2.00,561.0880987089381
20250107,576.0,602.0,567.0,589.0,4133757,2414114551,4728,+17.00,577.7637939502877
20250108,593.0,622.0,580.0,616.0,5537806,3332647573,6127,+27.00,604.2487216865487
20250109,596.0,609.0,585.0,585.0,552230,328152648,768,-31.00,573.840100952323
20250110,623.0,623.0,605.0,606.0,638905,390565125,751,+21.00,594.4394891916372
20250113,590.0,590.0,546.0,546.0,976766,545618675,1327,-60.00,535.5840942221682
20250114,545.0,563.0,545.0,560.0,272830,152788378,470,+14.00,549.3170197150442
20250115,566.0,580.0,566.0,570.0,276024,158380514,461,+10.00,559.1262522099557
20250116,585.0,611.0,580.0,598.0,413031,249043603,644,+28.00,586.592103195708
20250117,585.0,585.0,570.0,584.0,340916,197650222,623,-14.00,572.8591777028319
20250120,585.0,585.0,565.0,576.0,376285,216662476,691,-8.00,565.0117917069027
20250121,577.0,609.0,577.0,609.0,645782,387839401,877,+33.00,597.3822589401107
20250122,612.0,629.0,612.0,629.0,709219,442535290,960,+20.00,617.0007239299337
20250203,567.0,576.0,567.0,567.0,1473967,836999227,3528,-62.00,556.1834824614823
20250204,573.0,584.0,511.0,529.0,4105100,2205882896,5804,-38.00,518.9083989808187
20250205,538.0,546.0,518.0,537.0,2406046,1287760261,3336,+8.00,526.7557849767478
20250206,544.0,560.0,538.0,541.0,1887692,1032251361,2332,+4.00,530.6794779747124
20250207,550.0,570.0,542.0,556.0,2407779,1335988803,3117,+15.00,545.3933267170797
20250210,556.0,556.0,527.0,548.0,1925165,1042024770,2648,-8.00,537.5459407211505
20250211,574.0,602.0,566.0,602.0,5126129,3009489230,7317,+54.00,590.5157961936726
20250212,610.0,619.0,551.0,562.0,6221100,3630997473,8375,-40.00,551.2788662140266
20250213,557.0,574.0,554.0,567.0,2764256,1561370049,3207,+5.00,556.1834824614823
20250214,571.0,583.0,549.0,555.0,3786836,2134906287,6807,-12.00,544.4124034675885
20250217,560.0,566.0,528.0,536.0,3419052,1855762406,5279,-19.00,525.7748617272566
20250218,535.0,542.0,525.0,530.0,2498135,1329054135,3593,-6.00,519.8893222303097
20250219,530.0,541.0,522.0,536.0,1725311,919350005,2197,+6.00,525.7748617272566
20250220,540.0,541.0,512.0,520.0,2985570,1555984983,4752,-16.00,510.08008973539825
20250221,520.0,541.0,513.0,534.0,1715052,907183867,2260,+14.00,523.8130152282744
20250224,522.0,536.0,521.0,533.0,1013523,537119871,1373,-1.00,522.8320919787832
20250225,525.0,529.0,514.0,514.0,1466156,761305724,2548,-19.00,504.19455023845137
20250226,513.0,525.0,502.0,511.0,1193518,612726112,2298,-3.00,501.25178048997793
20250227,517.0,522.0,481.5,489.0,3065704,1512941855,4961,-22.00,479.6714690011726
20250303,477.5,486.0,465.5,473.0,2014555,957133792,2950,-16.00,463.9766970093142
20250304,463.0,493.0,455.0,483.0,3053055,1466496325,3523,+10.00,473.7859295042257
20250305,485.5,503.0,475.0,489.0,2831335,1390963334,3236,+6.00,479.6714690011726
20250306,493.5,499.5,485.0,496.0,1591509,784954178,1909,+7.00,486.5379317476106
20250307,490.0,498.5,482.0,483.0,1542596,753554084,1933,-13.00,473.7859295042257
20250310,480.0,483.0,456.0,473.5,3232012,1517204584,3610,-9.50,464.4671586340598
20250311,456.5,462.0,444.0,449.0,2454508,1112906393,3423,-24.50,440.4345390215266
20250312,457.0,486.0,457.0,476.5,2756213,1305513825,3235,+27.50,467.4099283825332
20250313,484.0,504.0,473.0,492.0,4466687,2196220080,5289,+15.50,482.61423874964606
20250314,505.0,505.0,482.5,489.5,2907030,1427374705,4073,-2.50,480.16193062591816
20250317,495.0,509.0,485.0,485.0,2732989,1351809183,4698,-4.50,475.747776003208
20250318,492.0,495.0,478.0,485.5,1406627,685240724,2130,+0.50,476.2382376279536
20250319,489.0,493.0,470.0,487.0,2185881,1054543207,2734,+1.50,477.7096225021903
20250320,491.0,498.5,483.5,483.5,2037934,998392926,2823,-3.50,474.2763911289713
20250321,488.0,493.0,478.0,484.0,1307464,634472569,1457,+0.50,474.7668527537168
20250324,492.0,500.0,460.0,460.0,1933829,928727949,4254,-24.00,451.22469476592926
20250325,470.0,502.0,469.0,487.5,2458649,1202954485,3914,+27.50,478.20008412693585
20250326,491.0,508.0,482.0,484.5,1914107,945060507,5427,-3.00,475.2573143784624
20250327,477.5,484.0,468.0,468.0,1104929,524165870,4750,-16.50,459.07208076185844
20250328,463.0,472.0,441.5,444.0,1559929,709047645,3799,-24.00,435.5299227740708
20250331,418.0,430.5,405.0,412.5,2407952,1000274497,2934,-31.50,404.63084041509956
20250401,425.0,425.0,402.0,406.5,2776614,1140382991,3058,-6.00,398.7453009181527
20250402,409.5,419.5,403.5,405.5,1850330,758046285,1959,-1.00,397.76437766866155
20250407,365.0,365.0,365.0,365.0,39962,14586130,249,-40.50,358.0369860642699
20250408,328.5,328.5,328.5,328.5,318032,104473437,576,-36.50,322.23328745784295
20250409,296.0,296.0,296.0,296.0,173277,51290833,611,-32.50,290.35328184938055
20250410,322.0,325.5,320.0,325.5,1876716,596905006,1479,+29.50,319.2905177093695
20250411,293.0,319.5,293.0,316.0,2521730,763403554,2824,-9.50,309.97174683920355
20250414,323.0,344.0,317.0,321.0,4640269,1528289478,4327,+5.00,314.8763630866593
20250415,330.0,353.0,328.0,353.0,2524779,866884845,2601,+32.00,346.2659070703761
20250416,354.5,364.5,343.0,343.0,5113148,1816527501,5250,-10.00,336.4566745754646
20250417,342.0,345.0,330.5,335.0,2402265,809431159,2691,-8.00,328.6092885795354
20250418,339.0,349.0,330.0,344.0,3455601,1172276697,3258,+9.00,337.4375978249558
20250421,341.0,345.5,328.5,329.0,2986395,1000673840,2954,-15.00,322.72374908258854
20250422,324.0,354.0,323.0,328.5,6295883,2139751868,5891,-0.50,322.23328745784295
20250423,345.0,352.0,335.5,340.5,3696145,1270414599,3621,+12.00,334.00436645173676
20250424,343.5,344.5,331.5,337.5,2048583,693038235,2213,-3.00,331.0615967032633
20250425,353.0,355.5,343.5,349.0,2940146,1027849695,2940,+11.50,342.34221407241154
20250428,354.0,368.0,353.0,354.5,2915654,1045988832,3247,+5.50,347.7372919446129
20250429,355.0,362.0,348.0,362.0,2405593,855016701,2614,+7.50,355.0942163157965
20250430,363.0,365.5,354.5,355.0,2218814,797476322,2394,-7.00,348.2277535693584
20250502,363.5,383.0,363.0,371.5,3146610,1172954700,3389,+16.50,364.41298718596244
20250505,377.0,377.0,334.5,338.0,3899090,1356549839,4255,-33.50,331.55205832800885
20250506,338.0,349.5,334.5,345.0,2158232,740621641,2209,+7.00,338.4185210744469
20250507,348.0,367.5,335.0,359.5,4747052,1684251410,4690,+14.50,352.6419081920686
20250508,359.5,388.0,358.5,388.0,8534839,3181167989,8384,+28.50,380.5982208025664
20250509,390.0,426.5,384.5,426.5,11768573,4785696362,13651,+38.50,418.3637659079757
20250512,435.5,448.0,423.5,435.5,10519208,4597243560,10574,+9.00,427.19207515339605
20250513,444.0,452.0,430.5,433.0,5907798,2595850709,6106,-2.50,424.73976702966814
20250514,445.5,471.5,442.5,463.5,8378933,3830645968,8797,+30.50,454.6579261391483
20250515,463.0,471.0,457.5,467.5,4962331,2309495622,5182,+4.00,458.58161913711285
20250516,468.5,468.5,451.0,455.0,944283,430260556,1733,-12.50,446.3200785184735
20250519,459.0,459.0,439.0,443.5,516640,230490448,1109,-11.50,435.03946114932523
20250520,449.0,453.0,442.5,443.5,302390,135275672,695, 0.00,435.03946114932523
20250521,444.0,457.5,444.0,456.0,336622,152241001,630,+12.50,447.30100176796464
20250522,452.0,453.5,445.5,450.0,245673,110420965,554,-6.00,441.4154622710177
20250523,455.0,459.5,450.0,453.0,296893,135065408,555,+3.00,444.3582320194912
20250526,455.0,468.0,455.0,462.0,394974,182157918,809,+9.00,453.1865412649115
20250527,462.0,465.0,454.0,455.0,256199,117445774,529,-7.00,446.3200785184735
20250528,464.5,464.5,457.5,462.0,458258,211448253,769,+7.00,453.1865412649115
20250529,470.0,473.0,460.5,463.0,1115814,521733244,1589,+1.00,454.1674645144027
20250602,451.0,453.0,417.0,418.5,3760946,1623549505,8133,-44.50,410.5163799120465
20250603,427.0,430.0,412.5,416.0,2487082,1042750880,2989,-2.50,408.0640717883186
20250604,420.0,445.5,420.0,439.0,3131987,1363061097,3545,+23.00,430.6253065266151
20250605,445.0,460.0,440.5,460.0,3439989,1552251594,3916,+21.00,451.22469476592926
20250606,454.0,495.0,454.0,480.5,7407806,3541320793,8191,+20.50,471.33362138049785
20250609,495.0,507.0,491.0,501.0,6724029,3363629424,7278,+20.50,491.4425479950664
20250610,492.0,500.0,480.5,490.5,3811723,1873558033,5151,-10.50,481.14285387540934
20250611,495.0,504.0,490.5,491.0,4202803,2083237818,11494,+0.50,481.6333155001549
20250612,491.0,499.0,487.0,488.5,2491289,1224816823,4577,-2.50,479.18100737642703
20250613,485.0,485.0,470.0,471.5,2479715,1180095020,3596,-17.00,462.5053121350775
20250616,473.5,504.0,473.5,490.0,5747577,2822977047,6181,+18.50,480.65239225066375
20250617,495.0,501.0,482.5,483.0,3316966,1627338795,3812,-7.00,473.7859295042257
20250618,480.0,488.0,478.0,478.0,1727789,832990585,2305,-5.00,468.88131325676994
20250619,482.0,495.0,473.5,477.5,3583855,1729174274,4013,-0.50,468.39085163202435
20250620,474.0,475.0,453.0,454.5,3922898,1806593233,4639,-23.00,445.8296168937279
20250623,441.5,452.0,440.0,452.0,1699527,759454426,2275,-2.50,443.37730877
20250624,462.0,474.5,456.0,462.0,2628299,1219909096,3052,+10.00,453.1865412649115
20250625,470.0,471.5,457.5,459.0,1451997,672621413,1958,-3.00,450.2437715164381
20250626,460.5,493.0,460.5,481.0,4765356,2292083837,5563,+22.00,471.8240830052434
20250627,492.0,493.0,471.0,477.0,2874175,1380627882,3379,-4.00,467.9003900072788
20250630,478.0,480.5,462.5,464.0,1472267,688751245,2121,-13.00,455.1483877638938
20250701,468.5,485.5,464.5,465.0,2495670,1185352959,2998,+1.00,456.129311013385
20250702,465.0,468.0,461.5,467.5,972369,452372260,1214,+2.50,458.58161913711285
20250703,473.0,476.0,460.5,462.5,1266480,591610998,1905,-5.00,453.6770028896571
20250704,463.0,471.5,445.0,446.0,2241506,1028076336,3319,-16.50,437.49176927305314
20250707,446.5,454.0,429.0,444.5,2079937,916802387,2857,-1.50,436.0203843988164
20250708,445.0,447.5,430.0,447.5,1256809,554516052,1535,+3.00,438.96315414728986
20250709,446.5,467.5,444.0,449.0,2522182,1148682693,2900,+1.50,440.4345390215266
20250710,454.0,466.0,444.0,445.5,3244607,1471278662,3929,-3.50,437.00130764830755
20250711,458.5,462.0,439.0,443.0,3720903,1671459697,4560,-2.50,434.5489995245797
20250714,445.0,446.5,437.5,437.5,746154,330218658,1205,-5.50,429.15392165237836
20250715,444.0,448.0,440.5,445.0,908144,404052852,1228,+7.50,436.51084602356195
20250716,448.0,453.5,445.5,452.0,1184904,533026677,1647,+7.00,443.37730877
20250717,450.0,450.0,441.5,448.0,1054351,470406900,1438,X0.00,448.0
20250718,452.0,492.5,448.5,492.5,5401825,2572399947,7864,+44.50,492.5
20250721,509.0,541.0,508.0,541.0,12251366,6456230288,17472,+48.50,541.0
20250722,551.0,587.0,545.0,566.0,17578144,9960320614,21210,+25.00,566.0
20250723,581.0,585.0,562.0,562.0,6940856,3954760369,7409,-4.00,562.0
20250724,576.0,618.0,573.0,617.0,12195112,7335441685,15814,+55.00,617.0
20250725,614.0,614.0,600.0,602.0,1161919,701219907,2458,-15.00,602.0
20250728,602.0,621.0,602.0,621.0,1323236,813283675,2101,+19.00,621.0
20250729,620.0,620.0,590.0,595.0,1069540,642366516,2501,-26.00,595.0
20250730,594.0,594.0,577.0,590.0,729514,426433812,1684,-5.00,590.0
20250731,600.0,616.0,595.0,610.0,832585,507524096,1646,+20.00,610.0
20250801,596.0,629.0,596.0,611.0,844551,520550929,1692,+1.00,611.0
20250804,600.0,600.0,589.0,592.0,763445,452030954,1607,-19.00,592.0
20250805,604.0,604.0,592.0,593.0,457259,272781848,899,+1.00,593.0
20250806,590.0,605.0,590.0,599.0,469152,281418698,945,+6.00,599.0
20250807,605.0,621.0,605.0,620.0,839645,518460770,1572,+21.00,620.0
20250808,643.0,658.0,611.0,612.0,1876215,1190698814,2826,-8.00,612.0
20250811,597.0,648.0,597.0,648.0,1429902,895023005,2347,+36.00,648.0
20250812,655.0,697.0,641.0,666.0,9115379,6136121527,18589,+18.00,666.0
20250813,685.0,707.0,657.0,688.0,6516242,4462089748,8838,+22.00,688.0
20250814,703.0,739.0,692.0,725.0,8400829,6013235652,12586,+37.00,725.0
20250815,730.0,797.0,730.0,797.0,8695858,6576555734,13459,+72.00,797.0
20250818,804.0,874.0,804.0,850.0,10320362,8669838955,14917,+53.00,850.0
20250819,855.0,873.0,813.0,820.0,8109341,6805546719,12177,-30.00,820.0
20250820,801.0,830.0,795.0,796.0,5339955,4329237105,8049,-24.00,796.0
20250821,819.0,845.0,795.0,811.0,6322216,5202445789,8571,+15.00,811.0
20250822,825.0,834.0,774.0,775.0,5152748,4122334601,8040,-36.00,775.0
20250825,817.0,852.0,812.0,852.0,4701333,3926248939,5538,+77.00,852.0
20250826,862.0,882.0,842.0,872.0,8548830,7383078133,12960,+20.00,872.0
20250827,889.0,925.0,880.0,881.0,7900466,7121031936,11465,+9.00,881.0
20250828,885.0,897.0,861.0,867.0,3626398,3180885294,5501,-14.00,867.0
20250829,900.0,943.0,893.0,924.0,7438107,6805843614,10519,+57.00,924.0
20250901,914.0,979.0,883.0,921.0,10962334,10151241884,14735,-3.00,921.0
20250902,944.0,997.0,928.0,979.0,10337012,9909112443,21171,+58.00,979.0
20250903,986.0,1000.0,953.0,989.0,7496780,7368398933,10058,+10.00,989.0
20250904,1000.0,1020.0,957.0,960.0,6775745,6652077738,10491,-29.00,960.0
20250905,985.0,1010.0,933.0,934.0,8363648,8102085192,13831,-26.00,934.0
20250908,960.0,975.0,935.0,946.0,4615942,4400860473,6433,+12.00,946.0
20250909,956.0,956.0,914.0,917.0,4065191,3788335260,16904,-29.00,917.0
20250910,928.0,931.0,897.0,912.0,3874672,3539891244,7216,-5.00,912.0
20250911,913.0,934.0,904.0,905.0,3963905,3630765952,5984,-7.00,905.0
20250912,917.0,926.0,893.0,901.0,3070622,2785483915,5062,-4.00,901.0
20250915,906.0,906.0,848.0,864.0,4780242,4151068774,8404,-37.00,864.0
20250916,872.0,884.0,851.0,854.0,2516005,2173686296,5556,-10.00,854.0
20250917,856.0,870.0,843.0,844.0,2493160,2131122065,4467,-10.00,844.0
20250918,848.0,848.0,808.0,815.0,4060686,3332645950,8118,-29.00,815.0
20250919,819.0,857.0,813.0,813.0,5620078,4674008177,8351,-2.00,813.0
20250922,820.0,843.0,817.0,840.0,3576955,2971486105,5424,+27.00,840.0
20250923,857.0,862.0,823.0,826.0,3419077,2861419373,6094,-14.00,826.0
20250924,830.0,833.0,811.0,828.0,1914440,1575370360,3594,+2.00,828.0
20250925,824.0,831.0,781.0,781.0,3469498,2773252501,9295,-47.00,781.0
20250926,780.0,786.0,753.0,765.0,2671846,2044416974,6415,-16.00,765.0
20250930,771.0,795.0,758.0,793.0,2084637,1630010934,3535,+28.00,793.0
20251001,797.0,808.0,791.0,800.0,2321383,1859667634,3824,+7.00,800.0
20251002,807.0,816.0,792.0,799.0,2064586,1662258352,4060,-1.00,799.0
20251003,800.0,841.0,794.0,829.0,2852957,2344358708,5133,+30.00,829.0
20251007,836.0,908.0,821.0,878.0,5359348,4626606198,8775,+49.00,878.0
20251008,870.0,928.0,868.0,909.0,7413810,6683658477,13260,+31.00,909.0
20251009,925.0,928.0,884.0,887.0,4485056,4063863664,16114,-22.00,887.0
20251013,840.0,899.0,840.0,885.0,3899625,3423383522,6516,-2.00,885.0
20251014,904.0,915.0,797.0,797.0,6712463,5664892734,17871,-88.00,797.0
20251015,805.0,814.0,775.0,778.0,4017074,3167737911,8550,-19.00,778.0
20251016,779.0,797.0,766.0,771.0,4447467,3467067387,8494,-7.00,771.0
20251017,766.0,807.0,761.0,793.0,3921414,3091777186,6603,+22.00,793.0
20251020,800.0,872.0,798.0,857.0,7307785,6214458932,15111,+64.00,857.0
20251021,872.0,872.0,834.0,834.0,4815339,4106588748,28535,-23.00,834.0
20251022,830.0,841.0,807.0,809.0,3683247,3022923667,8089,-25.00,809.0
20251023,800.0,814.0,792.0,794.0,2238690,1789424442,5115,-15.00,794.0
20251027,815.0,873.0,815.0,873.0,6131707,5209165597,11246,+79.00,873.0
20251028,880.0,958.0,879.0,946.0,13492057,12463471290,27189,+73.00,946.0
20251029,987.0,994.0,964.0,981.0,8701519,8545540187,17114,+35.00,981.0
20251030,995.0,1005.0,920.0,943.0,8261327,7867922561,14735,-38.00,943.0
20251031,952.0,979.0,937.0,939.0,4335525,4127108448,7862,-4.00,939.0
20251103,946.0,960.0,932.0,953.0,3059519,2901530671,16361,+14.00,953.0
20251104,954.0,956.0,890.0,890.0,3695167,3384091718,31225,-63.00,890.0
20251105,865.0,890.0,857.0,881.0,3143403,2745062907,6636,-9.00,881.0
20251106,906.0,923.0,891.0,902.0,3825847,3472427960,6045,+21.00,902.0
20251107,898.0,915.0,888.0,888.0,3273943,2952360228,6250,-14.00,888.0
20251110,896.0,963.0,882.0,934.0,5482693,5083405341,8654,+46.00,934.0
20251111,945.0,959.0,903.0,913.0,6049054,5616479563,20240,-21.00,913.0
20251112,923.0,962.0,920.0,947.0,6168941,5835438593,9820,+34.00,947.0
20251113,950.0,1040.0,940.0,1040.0,9886559,9793518436,16283,+93.00,1040.0
20251114,1010.0,1045.0,976.0,995.0,7225947,7282912692,24754,-45.00,995.0
20251117,1020.0,1090.0,991.0,1090.0,7179162,7560334737,12601,+95.00,1090.0
20251118,1080.0,1085.0,1005.0,1030.0,6294673,6611620550,10308,-60.00,1030.0
20251119,1035.0,1055.0,997.0,1005.0,4322377,4412034341,7428,-25.00,1005.0
20251120,1070.0,1105.0,1065.0,1105.0,4130237,4525369910,8369,+100.00,1105.0
20251121,1055.0,1145.0,1050.0,1120.0,7972476,8817119375,11316,+15.00,1120.0
20251124,1180.0,1230.0,1150.0,1230.0,4878243,5843529380,7615,+110.00,1230.0
20251125,1260.0,1345.0,1230.0,1310.0,8906711,11448297445,12977,+80.00,1310.0
20251126,1315.0,1360.0,1295.0,1315.0,5525268,7337684275,8731,+5.00,1315.0
20251127,1345.0,1365.0,1255.0,1255.0,5636788,7300516990,10967,-60.00,1255.0
20251128,1245.0,1250.0,1185.0,1190.0,5129114,6219157355,13829,-65.00,1190.0
20251201,1200.0,1215.0,1175.0,1180.0,992219,1186748130,3063,-10.00,1180.0
20251202,1200.0,1240.0,1200.0,1230.0,1177669,1441797450,3102,+50.00,1230.0
20251203,1245.0,1300.0,1245.0,1250.0,1006920,1278050525,3004,+20.00,1250.0
20251204,1265.0,1265.0,1200.0,1200.0,784457,951947760,2644,-50.00,1200.0
20251205,1210.0,1230.0,1185.0,1185.0,695673,833939470,2753,-15.00,1185.0
20251208,1200.0,1225.0,1175.0,1200.0,558195,670052385,1906,+15.00,1200.0
20251209,1205.0,1240.0,1185.0,1200.0,652909,794203265,1972, 0.00,1200.0
20251210,1225.0,1250.0,1210.0,1250.0,818172,1009082835,2524,+50.00,1250.0
20251211,1225.0,1310.0,1225.0,1260.0,1257837,1602913335,3655,+10.00,1260.0
20251212,1285.0,1340.0,1260.0,1340.0,1033561,1346020535,3713,+80.00,1340.0
20251215,1310.0,1430.0,1305.0,1410.0,1308075,1809003840,4856,+70.00,1410.0
20251216,1435.0,1435.0,1270.0,1335.0,1680177,2238561535,6014,-75.00,1335.0
20251217,1350.0,1385.0,1215.0,1215.0,5029355,6510487430,11969,-120.00,1215.0
20251218,1205.0,1230.0,1105.0,1110.0,4922663,5697665705,12981,-105.00,1110.0
20251219,1190.0,1220.0,1135.0,1155.0,5431841,6379012980,9851,+45.00,1155.0
20251222,1175.0,1210.0,1175.0,1185.0,2324194,2766629420,4935,+30.00,1185.0
20251223,1205.0,1240.0,1180.0,1205.0,3340694,4032644170,5681,+20.00,1205.0
20251224,1220.0,1315.0,1210.0,1295.0,4928389,6270057120,10785,+90.00,1295.0
20251226,1320.0,1340.0,1290.0,1315.0,3183791,4176772310,6044,+20.00,1315.0
20251229,1320.0,1325.0,1275.0,1280.0,1924252,2496785740,5260,-35.00,1280.0
20251230,1275.0,1395.0,1275.0,1375.0,4710643,6359271785,9937,+95.00,1375.0
20251231,1380.0,1440.0,1345.0,1360.0,4821280,6683372430,9303,-15.00,1360.0
20260102,1385.0,1420.0,1365.0,1380.0,2958883,4116048410,5489,+20.00,1380.0
20260105,1390.0,1395.0,1320.0,1325.0,3013972,4055443585,8486,-55.00,1325.0
20260106,1330.0,1345.0,1265.0,1300.0,3431600,4466624240,10009,-25.00,1300.0
20260107,1325.0,1350.0,1295.0,1295.0,2550639,3370094300,4850,-5.00,1295.0
20260108,1300.0,1380.0,1285.0,1330.0,3421140,4588991185,6679,+35.00,1330.0
20260109,1335.0,1405.0,1300.0,1400.0,3972875,5384021870,8098,+70.00,1400.0
20260112,1390.0,1450.0,1355.0,1415.0,5647614,7944820560,9255,+15.00,1415.0
20260113,1445.0,1455.0,1330.0,1340.0,4525565,6206155840,9986,-75.00,1340.0
20260114,1370.0,1400.0,1320.0,1360.0,3850755,5198285535,6557,+20.00,1360.0
20260115,1355.0,1370.0,1300.0,1320.0,2437570,3235393670,5811,-40.00,1320.0
20260116,1330.0,1355.0,1240.0,1255.0,3743369,4809872150,11977,-65.00,1255.0
20260119,1255.0,1260.0,1200.0,1235.0,2135364,2622631370,6305,-20.00,1235.0
20260120,1235.0,1310.0,1235.0,1270.0,3660686,4672718070,6555,+35.00,1270.0
20260121,1270.0,1355.0,1250.0,1250.0,4650390,6040487150,8443,-20.00,1250.0
20260122,1290.0,1310.0,1270.0,1295.0,2466833,3183807180,4465,+45.00,1295.0
20260123,1325.0,1370.0,1290.0,1355.0,4939200,6611855760,9970,+60.00,1355.0
20260126,1365.0,1375.0,1295.0,1300.0,3290708,4373714040,7482,-55.00,1300.0
20260127,1430.0,1430.0,1430.0,1430.0,2233235,3193526050,4646,+130.00,1430.0
20260128,1570.0,1570.0,1570.0,1570.0,1578363,2478029910,2539,+140.00,1570.0
20260129,1630.0,1725.0,1620.0,1725.0,5913567,10078087870,11718,+155.00,1725.0
20260130,1755.0,1845.0,1705.0,1785.0,8150386,14475800730,18327,+60.00,1785.0
20260202,1745.0,1770.0,1680.0,1710.0,4004910,6929413765,10886,-75.00,1710.0
20260203,1770.0,1860.0,1710.0,1830.0,5927853,10546753505,12240,+120.00,1830.0
20260204,1830.0,1860.0,1780.0,1860.0,1146027,2076653105,4806,+30.00,1860.0
20260205,1850.0,1850.0,1750.0,1755.0,1143362,2045158520,5846,-105.00,1755.0
20260206,1660.0,1710.0,1595.0,1695.0,1159859,1918274685,5696,-60.00,1695.0
20260209,1800.0,1860.0,1755.0,1850.0,1047568,1900958910,4963,+155.00,1850.0
20260210,1900.0,2000.0,1880.0,1985.0,1317996,2567860220,5945,+135.00,1985.0
20260211,1930.0,2000.0,1900.0,1950.0,1008874,1961372490,5371,-35.00,1950.0
20260223,1990.0,2085.0,1990.0,2035.0,984095,2008659405,4277,+85.00,2035.0
20260224,2060.0,2090.0,1985.0,2030.0,918090,1875378545,4373,-5.00,2030.0
20260225,2010.0,2080.0,1980.0,2080.0,985314,1980703680,4542,+50.00,2080.0
20260226,2105.0,2260.0,2065.0,2145.0,1361099,2944372130,5488,+65.00,2145.0
20260302,2030.0,2355.0,2030.0,2355.0,3957769,8940839005,8028,+210.00,2355.0
20260303,2430.0,2540.0,2300.0,2330.0,5486550,13282458290,14608,-25.00,2330.0
20260304,2235.0,2270.0,2100.0,2100.0,3961161,8517691545,14955,-230.00,2100.0
20260305,2220.0,2220.0,1960.0,1985.0,6795417,14098242435,19905,-115.00,1985.0
20260306,1940.0,2075.0,1895.0,1895.0,5169235,10239673920,16692,-90.00,1895.0
20260309,1710.0,1710.0,1710.0,1710.0,221609,378951390,3592,-185.00,1710.0
20260310,1770.0,1770.0,1615.0,1705.0,1309374,2170330350,5044,-5.00,1705.0
20260311,1735.0,1840.0,1735.0,1810.0,932849,1691527990,3301,+105.00,1810.0
20260312,1780.0,1795.0,1685.0,1690.0,1042305,1790425365,6772,-120.00,1690.0
20260313,1625.0,1695.0,1625.0,1690.0,680062,1145319700,4309, 0.00,1690.0
20260316,1710.0,1800.0,1700.0,1735.0,696883,1220275515,3282,+45.00,1735.0
20260317,1740.0,1755.0,1680.0,1685.0,822930,1414267840,4707,-50.00,1685.0
20260318,1725.0,1850.0,1725.0,1850.0,593006,1073631770,2304,+165.00,1850.0
20260319,1850.0,1940.0,1850.0,1930.0,518469,996360200,3201,+80.00,1930.0
20260320,2005.0,2045.0,2005.0,2045.0,804032,1626550235,3987,+115.00,2045.0
20260323,1905.0,2020.0,1850.0,1850.0,3092950,5980908980,13974,-195.00,1850.0
20260324,1960.0,2030.0,1855.0,1935.0,3749691,7353133210,14113,+85.00,1935.0
20260325,2085.0,2125.0,2060.0,2125.0,2312781,4879565360,8310,+190.00,2125.0
20260326,2085.0,2270.0,2070.0,2080.0,4949952,10709047380,14344,-45.00,2080.0
20260327,1990.0,2175.0,1970.0,2115.0,2494783,5147061530,8473,+35.00,2115.0
20260330,2070.0,2135.0,1980.0,2110.0,2405111,4984692320,8227,-5.00,2110.0
20260331,2025.0,2045.0,1900.0,1900.0,2987049,5885494695,12804,-210.00,1900.0
20260401,2030.0,2090.0,2005.0,2030.0,2569243,5259413850,8318,+130.00,2030.0
20260402,2095.0,2180.0,1985.0,2000.0,3799843,7912621595,9599,-30.00,2000.0
20260407,2075.0,2160.0,2045.0,2095.0,2764302,5814913165,7301,+95.00,2095.0
20260408,2235.0,2255.0,2125.0,2165.0,3062535,6704035715,11915,+70.00,2165.0
20260409,2180.0,2245.0,2110.0,2115.0,2783300,6057391550,9819,-50.00,2115.0
20260410,2170.0,2325.0,2120.0,2325.0,3476051,7792352905,9675,+210.00,2325.0
20260413,2380.0,2400.0,2170.0,2230.0,4703895,10602451335,15650,-95.00,2230.0
20260414,2260.0,2275.0,2050.0,2075.0,4265620,9096055885,22416,-155.00,2075.0
20260415,2160.0,2220.0,2080.0,2090.0,4826472,10389641790,13803,+15.00,2090.0
20260416,2115.0,2140.0,2030.0,2075.0,2824413,5867743910,12039,-15.00,2075.0
20260417,2110.0,2215.0,2110.0,2155.0,4883688,10600999715,14851,+80.00,2155.0
20260420,2210.0,2370.0,2190.0,2370.0,4615399,10629280350,14201,+215.00,2370.0
20260421,2405.0,2460.0,2240.0,2340.0,5606423,13144226335,16498,-30.00,2340.0
20260422,2320.0,2320.0,2225.0,2240.0,1104717,2500268870,8394,-100.00,2240.0
20260423,2295.0,2310.0,2020.0,2020.0,2223812,4643371755,15715,-220.00,2020.0
20260424,2020.0,2050.0,1820.0,1880.0,2252058,4275798835,18790,-140.00,1880.0
20260427,1940.0,1940.0,1700.0,1775.0,2688230,4737457515,18434,-105.00,1775.0
20260428,1835.0,1930.0,1835.0,1905.0,1632721,3079024225,7555,+130.00,1905.0
20260429,1870.0,2015.0,1870.0,2005.0,1379743,2731142605,6553,+100.00,2005.0
20260430,2050.0,2115.0,2050.0,2110.0,1415842,2971765230,7028,+105.00,2110.0
20260504,2220.0,2220.0,2060.0,2085.0,1221680,2567018485,7683,-25.00,2085.0
20260505,2115.0,2115.0,2020.0,2060.0,909535,1860245775,7015,-25.00,2060.0
20260506,2070.0,2070.0,1860.0,2060.0,1611505,3166857425,12649, 0.00,2060.0
20260507,2075.0,2125.0,1950.0,2095.0,2671256,5465542965,13559,+35.00,2095.0
20260508,2050.0,2065.0,1965.0,1965.0,2513797,5038554745,13617,-130.00,1965.0
20260511,1935.0,1990.0,1870.0,1950.0,3829499,7360427900,16322,-15.00,1950.0
20260512,2050.0,2120.0,1905.0,1905.0,3778848,7516761830,14902,-45.00,1905.0
20260513,1870.0,1930.0,1725.0,1805.0,4460785,8048849320,29811,-100.00,1805.0
20260514,1860.0,1875.0,1780.0,1855.0,2071352,3816904870,8748,+50.00,1855.0
20260515,1890.0,1890.0,1700.0,1740.0,3264638,5817266655,15390,-115.00,1740.0
20260518,1700.0,1840.0,1690.0,1815.0,2267870,4053947670,8293,+75.00,1815.0
20260519,1830.0,1880.0,1720.0,1740.0,2580599,4606246180,12795,-75.00,1740.0
20260520,1765.0,1840.0,1755.0,1770.0,1859059,3332497855,6313,+30.00,1770.0
20260521,1825.0,1830.0,1730.0,1785.0,2942792,5233280495,11016,+15.00,1785.0
20260522,1830.0,1930.0,1830.0,1875.0,3554761,6672797995,11289,+90.00,1875.0
20260525,1900.0,2060.0,1830.0,2060.0,5251707,10377595465,18499,+185.00,2060.0
20260526,2115.0,2265.0,1990.0,2265.0,7118572,15303711835,25866,+205.00,2265.0
20260527,2280.0,2305.0,2040.0,2040.0,6267822,13638778765,33768,-225.00,2040.0
20260528,2025.0,2025.0,1890.0,1895.0,4531486,8801489060,24575,-145.00,1895.0
20260529,1940.0,1940.0,1845.0,1845.0,3192701,5979486695,17130,-50.00,1845.0
20260601,1855.0,1930.0,1835.0,1885.0,1936621,3667827785,8158,+40.00,1885.0
20260602,1925.0,1960.0,1860.0,1880.0,2488564,4727070480,9203,-5.00,1880.0
20260603,1985.0,2065.0,1985.0,2065.0,2930375,6020458105,11637,+185.00,2065.0
20260604,1950.0,2200.0,1950.0,2145.0,5777112,11959471475,18971,+80.00,2145.0
20260605,2120.0,2170.0,2000.0,2055.0,4582051,9569717865,14180,-90.00,2055.0
20260608,1850.0,1970.0,1850.0,1970.0,1145589,2170467245,5999,-85.00,1970.0
